<?xml version="1.0" encoding="UTF-8"?>

<!-- generated on 2023-04-14 22:04:38 by Eclipse SUMO GUI Version 1.16.0
<configuration xmlns:xsi="http://www.w3.org/2001/XMLSchema-instance" xsi:noNamespaceSchemaLocation="http://sumo.dlr.de/xsd/sumoConfiguration.xsd">

    <input>
        <net-file value="C:\Users\user\github\Graduation-research\Sangidaehakro\cross.net.xml"/>
        <route-files value="C:\Users\user\github\Graduation-research\Sangidaehakro\cross.rou.xml"/>
        <additional-files value="C:\Users\user\github\Graduation-research\Sangidaehakro\cross.det.xml"/>
    </input>

    <time>
        <begin value="0"/>
    </time>

    <report>
        <verbose value="true"/>
        <no-step-log value="true"/>
    </report>

    <gui_only>
        <gui-settings-file value="C:\Users\user\github\Graduation-research\Sangidaehakro\setting.view.xml"/>
    </gui_only>

</configuration>
-->

<detector xmlns:xsi="http://www.w3.org/2001/XMLSchema-instance" xsi:noNamespaceSchemaLocation="http://sumo.dlr.de/xsd/det_e1_file.xsd">
    <interval begin="0.00" end="30.00" id="0" nVehContrib="1" flow="120.00" occupancy="1.14" speed="14.67" harmonicMeanSpeed="14.67" length="5.00" nVehEntered="1"/>
    <interval begin="30.00" end="60.00" id="0" nVehContrib="2" flow="240.00" occupancy="2.26" speed="14.76" harmonicMeanSpeed="14.76" length="5.00" nVehEntered="2"/>
    <interval begin="60.00" end="90.00" id="0" nVehContrib="0" flow="0.00" occupancy="0.00" speed="-1.00" harmonicMeanSpeed="-1.00" length="-1.00" nVehEntered="0"/>
    <interval begin="90.00" end="120.00" id="0" nVehContrib="11" flow="1320.00" occupancy="34.22" speed="6.58" harmonicMeanSpeed="5.36" length="5.00" nVehEntered="11"/>
    <interval begin="120.00" end="150.00" id="0" nVehContrib="6" flow="720.00" occupancy="9.54" speed="10.50" harmonicMeanSpeed="10.48" length="5.00" nVehEntered="6"/>
    <interval begin="150.00" end="180.00" id="0" nVehContrib="0" flow="0.00" occupancy="0.00" speed="-1.00" harmonicMeanSpeed="-1.00" length="-1.00" nVehEntered="0"/>
    <interval begin="180.00" end="210.00" id="0" nVehContrib="11" flow="1320.00" occupancy="35.96" speed="6.45" harmonicMeanSpeed="5.10" length="5.00" nVehEntered="11"/>
    <interval begin="210.00" end="240.00" id="0" nVehContrib="4" flow="480.00" occupancy="6.18" speed="11.14" harmonicMeanSpeed="10.78" length="5.00" nVehEntered="4"/>
    <interval begin="240.00" end="270.00" id="0" nVehContrib="0" flow="0.00" occupancy="0.00" speed="-1.00" harmonicMeanSpeed="-1.00" length="-1.00" nVehEntered="0"/>
    <interval begin="270.00" end="300.00" id="0" nVehContrib="11" flow="1320.00" occupancy="33.99" speed="6.50" harmonicMeanSpeed="5.39" length="5.00" nVehEntered="11"/>
    <interval begin="300.00" end="330.00" id="0" nVehContrib="3" flow="360.00" occupancy="4.40" speed="11.58" harmonicMeanSpeed="11.35" length="5.00" nVehEntered="3"/>
    <interval begin="330.00" end="360.00" id="0" nVehContrib="0" flow="0.00" occupancy="0.00" speed="-1.00" harmonicMeanSpeed="-1.00" length="-1.00" nVehEntered="0"/>
    <interval begin="360.00" end="390.00" id="0" nVehContrib="11" flow="1320.00" occupancy="35.50" speed="6.45" harmonicMeanSpeed="5.16" length="5.00" nVehEntered="11"/>
    <interval begin="390.00" end="420.00" id="0" nVehContrib="3" flow="360.00" occupancy="4.56" speed="11.29" harmonicMeanSpeed="10.97" length="5.00" nVehEntered="3"/>
    <interval begin="420.00" end="450.00" id="0" nVehContrib="0" flow="0.00" occupancy="0.00" speed="-1.00" harmonicMeanSpeed="-1.00" length="-1.00" nVehEntered="0"/>
    <interval begin="450.00" end="480.00" id="0" nVehContrib="11" flow="1320.00" occupancy="34.86" speed="6.74" harmonicMeanSpeed="5.26" length="5.00" nVehEntered="11"/>
    <interval begin="480.00" end="510.00" id="0" nVehContrib="2" flow="240.00" occupancy="2.32" speed="14.42" harmonicMeanSpeed="14.40" length="5.00" nVehEntered="2"/>
    <interval begin="510.00" end="540.00" id="0" nVehContrib="0" flow="0.00" occupancy="0.00" speed="-1.00" harmonicMeanSpeed="-1.00" length="-1.00" nVehEntered="0"/>
    <interval begin="540.00" end="570.00" id="0" nVehContrib="11" flow="1320.00" occupancy="36.41" speed="6.06" harmonicMeanSpeed="5.04" length="5.00" nVehEntered="11"/>
    <interval begin="570.00" end="600.00" id="0" nVehContrib="3" flow="360.00" occupancy="3.99" speed="13.09" harmonicMeanSpeed="12.55" length="5.00" nVehEntered="3"/>
    <interval begin="600.00" end="630.00" id="0" nVehContrib="0" flow="0.00" occupancy="0.00" speed="-1.00" harmonicMeanSpeed="-1.00" length="-1.00" nVehEntered="0"/>
    <interval begin="630.00" end="660.00" id="0" nVehContrib="11" flow="1320.00" occupancy="34.43" speed="6.91" harmonicMeanSpeed="5.32" length="5.00" nVehEntered="11"/>
    <interval begin="660.00" end="690.00" id="0" nVehContrib="2" flow="240.00" occupancy="2.29" speed="14.58" harmonicMeanSpeed="14.57" length="5.00" nVehEntered="2"/>
    <interval begin="690.00" end="720.00" id="0" nVehContrib="0" flow="0.00" occupancy="0.00" speed="-1.00" harmonicMeanSpeed="-1.00" length="-1.00" nVehEntered="0"/>
    <interval begin="720.00" end="750.00" id="0" nVehContrib="11" flow="1320.00" occupancy="36.02" speed="6.40" harmonicMeanSpeed="5.09" length="5.00" nVehEntered="11"/>
    <interval begin="750.00" end="780.00" id="0" nVehContrib="3" flow="360.00" occupancy="3.96" speed="13.14" harmonicMeanSpeed="12.64" length="5.00" nVehEntered="3"/>
    <interval begin="780.00" end="810.00" id="0" nVehContrib="0" flow="0.00" occupancy="0.00" speed="-1.00" harmonicMeanSpeed="-1.00" length="-1.00" nVehEntered="0"/>
    <interval begin="810.00" end="840.00" id="0" nVehContrib="11" flow="1320.00" occupancy="34.63" speed="6.43" harmonicMeanSpeed="5.29" length="5.00" nVehEntered="11"/>
    <interval begin="840.00" end="870.00" id="0" nVehContrib="2" flow="240.00" occupancy="2.26" speed="14.76" harmonicMeanSpeed="14.76" length="5.00" nVehEntered="2"/>
    <interval begin="870.00" end="900.00" id="0" nVehContrib="0" flow="0.00" occupancy="0.00" speed="-1.00" harmonicMeanSpeed="-1.00" length="-1.00" nVehEntered="0"/>
    <interval begin="900.00" end="930.00" id="0" nVehContrib="11" flow="1320.00" occupancy="35.74" speed="6.35" harmonicMeanSpeed="5.13" length="5.00" nVehEntered="11"/>
    <interval begin="930.00" end="960.00" id="0" nVehContrib="4" flow="480.00" occupancy="6.01" speed="11.40" harmonicMeanSpeed="11.10" length="5.00" nVehEntered="4"/>
    <interval begin="960.00" end="990.00" id="0" nVehContrib="0" flow="0.00" occupancy="0.00" speed="-1.00" harmonicMeanSpeed="-1.00" length="-1.00" nVehEntered="0"/>
    <interval begin="990.00" end="1020.00" id="0" nVehContrib="11" flow="1320.00" occupancy="33.97" speed="6.59" harmonicMeanSpeed="5.40" length="5.00" nVehEntered="11"/>
    <interval begin="1020.00" end="1050.00" id="0" nVehContrib="2" flow="240.00" occupancy="2.33" speed="14.34" harmonicMeanSpeed="14.32" length="5.00" nVehEntered="2"/>
    <interval begin="1050.00" end="1080.00" id="0" nVehContrib="0" flow="0.00" occupancy="0.00" speed="-1.00" harmonicMeanSpeed="-1.00" length="-1.00" nVehEntered="0"/>
    <interval begin="1080.00" end="1110.00" id="0" nVehContrib="11" flow="1320.00" occupancy="34.23" speed="6.51" harmonicMeanSpeed="5.36" length="5.00" nVehEntered="11"/>
    <interval begin="1110.00" end="1140.00" id="0" nVehContrib="3" flow="360.00" occupancy="4.66" speed="10.86" harmonicMeanSpeed="10.73" length="5.00" nVehEntered="3"/>
    <interval begin="1140.00" end="1170.00" id="0" nVehContrib="0" flow="0.00" occupancy="0.00" speed="-1.00" harmonicMeanSpeed="-1.00" length="-1.00" nVehEntered="0"/>
    <interval begin="1170.00" end="1200.00" id="0" nVehContrib="11" flow="1320.00" occupancy="34.87" speed="6.38" harmonicMeanSpeed="5.26" length="5.00" nVehEntered="11"/>
    <interval begin="1200.00" end="1230.00" id="0" nVehContrib="3" flow="360.00" occupancy="4.02" speed="12.96" harmonicMeanSpeed="12.44" length="5.00" nVehEntered="3"/>
    <interval begin="1230.00" end="1260.00" id="0" nVehContrib="0" flow="0.00" occupancy="0.00" speed="-1.00" harmonicMeanSpeed="-1.00" length="-1.00" nVehEntered="0"/>
    <interval begin="1260.00" end="1290.00" id="0" nVehContrib="11" flow="1320.00" occupancy="34.70" speed="6.53" harmonicMeanSpeed="5.33" length="5.00" nVehEntered="12"/>
    <interval begin="1290.00" end="1320.00" id="0" nVehContrib="4" flow="480.00" occupancy="6.45" speed="10.31" harmonicMeanSpeed="9.89" length="5.00" nVehEntered="3"/>
    <interval begin="1320.00" end="1350.00" id="0" nVehContrib="0" flow="0.00" occupancy="0.00" speed="-1.00" harmonicMeanSpeed="-1.00" length="-1.00" nVehEntered="0"/>
    <interval begin="1350.00" end="1380.00" id="0" nVehContrib="11" flow="1320.00" occupancy="34.90" speed="6.59" harmonicMeanSpeed="5.25" length="5.00" nVehEntered="11"/>
    <interval begin="1380.00" end="1410.00" id="0" nVehContrib="2" flow="240.00" occupancy="2.26" speed="14.72" harmonicMeanSpeed="14.72" length="5.00" nVehEntered="2"/>
    <interval begin="1410.00" end="1440.00" id="0" nVehContrib="0" flow="0.00" occupancy="0.00" speed="-1.00" harmonicMeanSpeed="-1.00" length="-1.00" nVehEntered="0"/>
    <interval begin="1440.00" end="1470.00" id="0" nVehContrib="11" flow="1320.00" occupancy="37.33" speed="6.10" harmonicMeanSpeed="4.91" length="5.00" nVehEntered="11"/>
    <interval begin="1470.00" end="1500.00" id="0" nVehContrib="3" flow="360.00" occupancy="4.00" speed="12.83" harmonicMeanSpeed="12.51" length="5.00" nVehEntered="3"/>
    <interval begin="1500.00" end="1530.00" id="0" nVehContrib="0" flow="0.00" occupancy="0.00" speed="-1.00" harmonicMeanSpeed="-1.00" length="-1.00" nVehEntered="0"/>
    <interval begin="1530.00" end="1560.00" id="0" nVehContrib="12" flow="1440.00" occupancy="37.22" speed="6.72" harmonicMeanSpeed="5.37" length="5.00" nVehEntered="12"/>
    <interval begin="1560.00" end="1590.00" id="0" nVehContrib="2" flow="240.00" occupancy="2.43" speed="13.77" harmonicMeanSpeed="13.72" length="5.00" nVehEntered="2"/>
    <interval begin="1590.00" end="1620.00" id="0" nVehContrib="0" flow="0.00" occupancy="0.00" speed="-1.00" harmonicMeanSpeed="-1.00" length="-1.00" nVehEntered="0"/>
    <interval begin="1620.00" end="1650.00" id="0" nVehContrib="10" flow="1200.00" occupancy="32.78" speed="6.38" harmonicMeanSpeed="5.08" length="5.00" nVehEntered="10"/>
    <interval begin="1650.00" end="1680.00" id="0" nVehContrib="2" flow="240.00" occupancy="2.27" speed="14.68" harmonicMeanSpeed="14.68" length="5.00" nVehEntered="2"/>
    <interval begin="1680.00" end="1710.00" id="0" nVehContrib="0" flow="0.00" occupancy="0.00" speed="-1.00" harmonicMeanSpeed="-1.00" length="-1.00" nVehEntered="0"/>
    <interval begin="1710.00" end="1740.00" id="0" nVehContrib="11" flow="1320.00" occupancy="36.52" speed="6.37" harmonicMeanSpeed="5.02" length="5.00" nVehEntered="11"/>
    <interval begin="1740.00" end="1770.00" id="0" nVehContrib="6" flow="720.00" occupancy="9.14" speed="11.08" harmonicMeanSpeed="10.94" length="5.00" nVehEntered="6"/>
    <interval begin="1770.00" end="1800.00" id="0" nVehContrib="0" flow="0.00" occupancy="0.00" speed="-1.00" harmonicMeanSpeed="-1.00" length="-1.00" nVehEntered="0"/>
    <interval begin="1800.00" end="1830.00" id="0" nVehContrib="11" flow="1320.00" occupancy="35.52" speed="6.51" harmonicMeanSpeed="5.16" length="5.00" nVehEntered="11"/>
    <interval begin="1830.00" end="1860.00" id="0" nVehContrib="3" flow="360.00" occupancy="3.88" speed="13.18" harmonicMeanSpeed="12.90" length="5.00" nVehEntered="3"/>
    <interval begin="1860.00" end="1890.00" id="0" nVehContrib="0" flow="0.00" occupancy="0.00" speed="-1.00" harmonicMeanSpeed="-1.00" length="-1.00" nVehEntered="0"/>
    <interval begin="1890.00" end="1920.00" id="0" nVehContrib="11" flow="1320.00" occupancy="36.81" speed="6.16" harmonicMeanSpeed="4.98" length="5.00" nVehEntered="11"/>
    <interval begin="1920.00" end="1950.00" id="0" nVehContrib="4" flow="480.00" occupancy="5.98" speed="11.44" harmonicMeanSpeed="11.14" length="5.00" nVehEntered="4"/>
    <interval begin="1950.00" end="1980.00" id="0" nVehContrib="0" flow="0.00" occupancy="0.00" speed="-1.00" harmonicMeanSpeed="-1.00" length="-1.00" nVehEntered="0"/>
    <interval begin="1980.00" end="2010.00" id="0" nVehContrib="11" flow="1320.00" occupancy="35.77" speed="6.25" harmonicMeanSpeed="5.13" length="5.00" nVehEntered="11"/>
    <interval begin="2010.00" end="2040.00" id="0" nVehContrib="3" flow="360.00" occupancy="4.05" speed="12.84" harmonicMeanSpeed="12.35" length="5.00" nVehEntered="3"/>
    <interval begin="2040.00" end="2070.00" id="0" nVehContrib="0" flow="0.00" occupancy="0.00" speed="-1.00" harmonicMeanSpeed="-1.00" length="-1.00" nVehEntered="0"/>
    <interval begin="2070.00" end="2100.00" id="0" nVehContrib="11" flow="1320.00" occupancy="35.90" speed="6.43" harmonicMeanSpeed="5.11" length="5.00" nVehEntered="11"/>
    <interval begin="2100.00" end="2130.00" id="0" nVehContrib="4" flow="480.00" occupancy="5.97" speed="11.40" harmonicMeanSpeed="11.17" length="5.00" nVehEntered="4"/>
    <interval begin="2130.00" end="2160.00" id="0" nVehContrib="0" flow="0.00" occupancy="0.00" speed="-1.00" harmonicMeanSpeed="-1.00" length="-1.00" nVehEntered="0"/>
    <interval begin="2160.00" end="2190.00" id="0" nVehContrib="11" flow="1320.00" occupancy="35.62" speed="6.43" harmonicMeanSpeed="5.15" length="5.00" nVehEntered="11"/>
    <interval begin="2190.00" end="2220.00" id="0" nVehContrib="4" flow="480.00" occupancy="6.67" speed="10.00" harmonicMeanSpeed="9.99" length="5.00" nVehEntered="4"/>
    <interval begin="2220.00" end="2250.00" id="0" nVehContrib="0" flow="0.00" occupancy="0.00" speed="-1.00" harmonicMeanSpeed="-1.00" length="-1.00" nVehEntered="0"/>
    <interval begin="2250.00" end="2280.00" id="0" nVehContrib="11" flow="1320.00" occupancy="35.44" speed="6.28" harmonicMeanSpeed="5.17" length="5.00" nVehEntered="11"/>
    <interval begin="2280.00" end="2310.00" id="0" nVehContrib="4" flow="480.00" occupancy="5.73" speed="12.03" harmonicMeanSpeed="11.63" length="5.00" nVehEntered="4"/>
    <interval begin="2310.00" end="2340.00" id="0" nVehContrib="0" flow="0.00" occupancy="0.00" speed="-1.00" harmonicMeanSpeed="-1.00" length="-1.00" nVehEntered="0"/>
    <interval begin="2340.00" end="2370.00" id="0" nVehContrib="11" flow="1320.00" occupancy="34.87" speed="6.50" harmonicMeanSpeed="5.26" length="5.00" nVehEntered="11"/>
    <interval begin="2370.00" end="2400.00" id="0" nVehContrib="3" flow="360.00" occupancy="3.84" speed="13.23" harmonicMeanSpeed="13.01" length="5.00" nVehEntered="3"/>
    <interval begin="2400.00" end="2430.00" id="0" nVehContrib="0" flow="0.00" occupancy="0.00" speed="-1.00" harmonicMeanSpeed="-1.00" length="-1.00" nVehEntered="0"/>
    <interval begin="2430.00" end="2460.00" id="0" nVehContrib="11" flow="1320.00" occupancy="34.93" speed="6.42" harmonicMeanSpeed="5.25" length="5.00" nVehEntered="11"/>
    <interval begin="2460.00" end="2490.00" id="0" nVehContrib="3" flow="360.00" occupancy="3.96" speed="12.96" harmonicMeanSpeed="12.63" length="5.00" nVehEntered="3"/>
    <interval begin="2490.00" end="2520.00" id="0" nVehContrib="0" flow="0.00" occupancy="0.00" speed="-1.00" harmonicMeanSpeed="-1.00" length="-1.00" nVehEntered="0"/>
    <interval begin="2520.00" end="2550.00" id="0" nVehContrib="11" flow="1320.00" occupancy="35.28" speed="6.57" harmonicMeanSpeed="5.20" length="5.00" nVehEntered="11"/>
    <interval begin="2550.00" end="2580.00" id="0" nVehContrib="3" flow="360.00" occupancy="3.87" speed="13.31" harmonicMeanSpeed="12.92" length="5.00" nVehEntered="3"/>
    <interval begin="2580.00" end="2610.00" id="0" nVehContrib="0" flow="0.00" occupancy="0.00" speed="-1.00" harmonicMeanSpeed="-1.00" length="-1.00" nVehEntered="0"/>
    <interval begin="2610.00" end="2640.00" id="0" nVehContrib="11" flow="1320.00" occupancy="35.78" speed="6.35" harmonicMeanSpeed="5.12" length="5.00" nVehEntered="11"/>
    <interval begin="2640.00" end="2670.00" id="0" nVehContrib="2" flow="240.00" occupancy="2.50" speed="13.42" harmonicMeanSpeed="13.32" length="5.00" nVehEntered="2"/>
    <interval begin="2670.00" end="2700.00" id="0" nVehContrib="0" flow="0.00" occupancy="0.00" speed="-1.00" harmonicMeanSpeed="-1.00" length="-1.00" nVehEntered="0"/>
    <interval begin="2700.00" end="2730.00" id="0" nVehContrib="11" flow="1320.00" occupancy="36.33" speed="6.33" harmonicMeanSpeed="5.05" length="5.00" nVehEntered="11"/>
    <interval begin="2730.00" end="2760.00" id="0" nVehContrib="2" flow="240.00" occupancy="2.65" speed="12.91" harmonicMeanSpeed="12.60" length="5.00" nVehEntered="2"/>
    <interval begin="2760.00" end="2790.00" id="0" nVehContrib="0" flow="0.00" occupancy="0.00" speed="-1.00" harmonicMeanSpeed="-1.00" length="-1.00" nVehEntered="0"/>
    <interval begin="2790.00" end="2820.00" id="0" nVehContrib="11" flow="1320.00" occupancy="34.56" speed="6.48" harmonicMeanSpeed="5.33" length="5.00" nVehEntered="12"/>
    <interval begin="2820.00" end="2850.00" id="0" nVehContrib="3" flow="360.00" occupancy="4.24" speed="11.79" harmonicMeanSpeed="11.42" length="5.00" nVehEntered="2"/>
    <interval begin="2850.00" end="2880.00" id="0" nVehContrib="0" flow="0.00" occupancy="0.00" speed="-1.00" harmonicMeanSpeed="-1.00" length="-1.00" nVehEntered="0"/>
    <interval begin="2880.00" end="2910.00" id="0" nVehContrib="11" flow="1320.00" occupancy="34.80" speed="6.67" harmonicMeanSpeed="5.27" length="5.00" nVehEntered="11"/>
    <interval begin="2910.00" end="2940.00" id="0" nVehContrib="2" flow="240.00" occupancy="2.46" speed="13.54" harmonicMeanSpeed="13.54" length="5.00" nVehEntered="2"/>
    <interval begin="2940.00" end="2970.00" id="0" nVehContrib="0" flow="0.00" occupancy="0.00" speed="-1.00" harmonicMeanSpeed="-1.00" length="-1.00" nVehEntered="0"/>
    <interval begin="2970.00" end="3000.00" id="0" nVehContrib="11" flow="1320.00" occupancy="36.63" speed="6.26" harmonicMeanSpeed="5.01" length="5.00" nVehEntered="11"/>
    <interval begin="3000.00" end="3030.00" id="0" nVehContrib="4" flow="480.00" occupancy="6.18" speed="11.20" harmonicMeanSpeed="10.79" length="5.00" nVehEntered="4"/>
    <interval begin="3030.00" end="3060.00" id="0" nVehContrib="0" flow="0.00" occupancy="0.00" speed="-1.00" harmonicMeanSpeed="-1.00" length="-1.00" nVehEntered="0"/>
    <interval begin="3060.00" end="3090.00" id="0" nVehContrib="11" flow="1320.00" occupancy="36.31" speed="6.45" harmonicMeanSpeed="5.18" length="5.00" nVehEntered="12"/>
    <interval begin="3090.00" end="3120.00" id="0" nVehContrib="4" flow="480.00" occupancy="4.74" speed="12.29" harmonicMeanSpeed="11.86" length="5.00" nVehEntered="3"/>
    <interval begin="3120.00" end="3150.00" id="0" nVehContrib="0" flow="0.00" occupancy="0.00" speed="-1.00" harmonicMeanSpeed="-1.00" length="-1.00" nVehEntered="0"/>
    <interval begin="3150.00" end="3180.00" id="0" nVehContrib="11" flow="1320.00" occupancy="34.87" speed="6.42" harmonicMeanSpeed="5.26" length="5.00" nVehEntered="11"/>
    <interval begin="3180.00" end="3210.00" id="0" nVehContrib="2" flow="240.00" occupancy="2.55" speed="13.07" harmonicMeanSpeed="13.07" length="5.00" nVehEntered="2"/>
    <interval begin="3210.00" end="3240.00" id="0" nVehContrib="0" flow="0.00" occupancy="0.00" speed="-1.00" harmonicMeanSpeed="-1.00" length="-1.00" nVehEntered="0"/>
    <interval begin="3240.00" end="3270.00" id="0" nVehContrib="11" flow="1320.00" occupancy="35.10" speed="6.19" harmonicMeanSpeed="5.22" length="5.00" nVehEntered="11"/>
    <interval begin="3270.00" end="3300.00" id="0" nVehContrib="4" flow="480.00" occupancy="7.18" speed="9.35" harmonicMeanSpeed="9.28" length="5.00" nVehEntered="4"/>
    <interval begin="3300.00" end="3330.00" id="0" nVehContrib="0" flow="0.00" occupancy="0.00" speed="-1.00" harmonicMeanSpeed="-1.00" length="-1.00" nVehEntered="0"/>
    <interval begin="3330.00" end="3360.00" id="0" nVehContrib="11" flow="1320.00" occupancy="35.90" speed="6.21" harmonicMeanSpeed="5.11" length="5.00" nVehEntered="11"/>
    <interval begin="3360.00" end="3390.00" id="0" nVehContrib="4" flow="480.00" occupancy="5.65" speed="12.20" harmonicMeanSpeed="11.79" length="5.00" nVehEntered="4"/>
    <interval begin="3390.00" end="3420.00" id="0" nVehContrib="0" flow="0.00" occupancy="0.00" speed="-1.00" harmonicMeanSpeed="-1.00" length="-1.00" nVehEntered="0"/>
    <interval begin="3420.00" end="3450.00" id="0" nVehContrib="11" flow="1320.00" occupancy="35.10" speed="6.52" harmonicMeanSpeed="5.22" length="5.00" nVehEntered="11"/>
    <interval begin="3450.00" end="3480.00" id="0" nVehContrib="3" flow="360.00" occupancy="4.02" speed="12.65" harmonicMeanSpeed="12.44" length="5.00" nVehEntered="3"/>
    <interval begin="3480.00" end="3510.00" id="0" nVehContrib="0" flow="0.00" occupancy="0.00" speed="-1.00" harmonicMeanSpeed="-1.00" length="-1.00" nVehEntered="0"/>
    <interval begin="3510.00" end="3540.00" id="0" nVehContrib="10" flow="1200.00" occupancy="34.20" speed="6.28" harmonicMeanSpeed="5.09" length="5.00" nVehEntered="11"/>
    <interval begin="3540.00" end="3570.00" id="0" nVehContrib="4" flow="480.00" occupancy="5.01" speed="10.44" harmonicMeanSpeed="10.32" length="5.00" nVehEntered="3"/>
    <interval begin="3570.00" end="3600.00" id="0" nVehContrib="0" flow="0.00" occupancy="0.00" speed="-1.00" harmonicMeanSpeed="-1.00" length="-1.00" nVehEntered="0"/>
    <interval begin="3600.00" end="3630.00" id="0" nVehContrib="11" flow="1320.00" occupancy="36.11" speed="6.47" harmonicMeanSpeed="5.08" length="5.00" nVehEntered="11"/>
    <interval begin="3630.00" end="3660.00" id="0" nVehContrib="2" flow="240.00" occupancy="2.31" speed="14.44" harmonicMeanSpeed="14.44" length="5.00" nVehEntered="2"/>
    <interval begin="3660.00" end="3690.00" id="0" nVehContrib="0" flow="0.00" occupancy="0.00" speed="-1.00" harmonicMeanSpeed="-1.00" length="-1.00" nVehEntered="0"/>
    <interval begin="3690.00" end="3720.00" id="0" nVehContrib="11" flow="1320.00" occupancy="35.47" speed="6.39" harmonicMeanSpeed="5.17" length="5.00" nVehEntered="11"/>
    <interval begin="3720.00" end="3750.00" id="0" nVehContrib="4" flow="480.00" occupancy="6.28" speed="10.76" harmonicMeanSpeed="10.61" length="5.00" nVehEntered="4"/>
    <interval begin="3750.00" end="3780.00" id="0" nVehContrib="0" flow="0.00" occupancy="0.00" speed="-1.00" harmonicMeanSpeed="-1.00" length="-1.00" nVehEntered="0"/>
    <interval begin="3780.00" end="3810.00" id="0" nVehContrib="11" flow="1320.00" occupancy="35.57" speed="6.27" harmonicMeanSpeed="5.15" length="5.00" nVehEntered="11"/>
    <interval begin="3810.00" end="3840.00" id="0" nVehContrib="3" flow="360.00" occupancy="4.24" speed="11.98" harmonicMeanSpeed="11.79" length="5.00" nVehEntered="3"/>
    <interval begin="3840.00" end="3870.00" id="0" nVehContrib="0" flow="0.00" occupancy="0.00" speed="-1.00" harmonicMeanSpeed="-1.00" length="-1.00" nVehEntered="0"/>
    <interval begin="3870.00" end="3900.00" id="0" nVehContrib="11" flow="1320.00" occupancy="36.69" speed="6.20" harmonicMeanSpeed="5.00" length="5.00" nVehEntered="11"/>
    <interval begin="3900.00" end="3930.00" id="0" nVehContrib="3" flow="360.00" occupancy="3.83" speed="13.15" harmonicMeanSpeed="13.07" length="5.00" nVehEntered="3"/>
    <interval begin="3930.00" end="3960.00" id="0" nVehContrib="0" flow="0.00" occupancy="0.00" speed="-1.00" harmonicMeanSpeed="-1.00" length="-1.00" nVehEntered="0"/>
    <interval begin="3960.00" end="3990.00" id="0" nVehContrib="10" flow="1200.00" occupancy="32.82" speed="6.72" harmonicMeanSpeed="5.08" length="5.00" nVehEntered="10"/>
    <interval begin="3990.00" end="4020.00" id="0" nVehContrib="2" flow="240.00" occupancy="2.46" speed="13.59" harmonicMeanSpeed="13.56" length="5.00" nVehEntered="2"/>
    <interval begin="4020.00" end="4050.00" id="0" nVehContrib="0" flow="0.00" occupancy="0.00" speed="-1.00" harmonicMeanSpeed="-1.00" length="-1.00" nVehEntered="0"/>
    <interval begin="4050.00" end="4080.00" id="0" nVehContrib="11" flow="1320.00" occupancy="35.61" speed="6.28" harmonicMeanSpeed="5.15" length="5.00" nVehEntered="11"/>
    <interval begin="4080.00" end="4110.00" id="0" nVehContrib="3" flow="360.00" occupancy="4.20" speed="12.42" harmonicMeanSpeed="11.91" length="5.00" nVehEntered="3"/>
    <interval begin="4110.00" end="4140.00" id="0" nVehContrib="0" flow="0.00" occupancy="0.00" speed="-1.00" harmonicMeanSpeed="-1.00" length="-1.00" nVehEntered="0"/>
    <interval begin="4140.00" end="4170.00" id="0" nVehContrib="10" flow="1200.00" occupancy="32.56" speed="6.54" harmonicMeanSpeed="5.12" length="5.00" nVehEntered="10"/>
    <interval begin="4170.00" end="4200.00" id="0" nVehContrib="3" flow="360.00" occupancy="3.44" speed="14.56" harmonicMeanSpeed="14.55" length="5.00" nVehEntered="3"/>
    <interval begin="4200.00" end="4230.00" id="0" nVehContrib="0" flow="0.00" occupancy="0.00" speed="-1.00" harmonicMeanSpeed="-1.00" length="-1.00" nVehEntered="0"/>
    <interval begin="4230.00" end="4260.00" id="0" nVehContrib="11" flow="1320.00" occupancy="34.24" speed="6.82" harmonicMeanSpeed="5.36" length="5.00" nVehEntered="11"/>
    <interval begin="4260.00" end="4290.00" id="0" nVehContrib="2" flow="240.00" occupancy="2.52" speed="13.31" harmonicMeanSpeed="13.24" length="5.00" nVehEntered="2"/>
    <interval begin="4290.00" end="4320.00" id="0" nVehContrib="0" flow="0.00" occupancy="0.00" speed="-1.00" harmonicMeanSpeed="-1.00" length="-1.00" nVehEntered="0"/>
    <interval begin="4320.00" end="4350.00" id="0" nVehContrib="10" flow="1200.00" occupancy="34.16" speed="6.10" harmonicMeanSpeed="4.88" length="5.00" nVehEntered="10"/>
    <interval begin="4350.00" end="4380.00" id="0" nVehContrib="2" flow="240.00" occupancy="2.40" speed="13.93" harmonicMeanSpeed="13.88" length="5.00" nVehEntered="2"/>
    <interval begin="4380.00" end="4410.00" id="0" nVehContrib="0" flow="0.00" occupancy="0.00" speed="-1.00" harmonicMeanSpeed="-1.00" length="-1.00" nVehEntered="0"/>
    <interval begin="4410.00" end="4440.00" id="0" nVehContrib="11" flow="1320.00" occupancy="36.81" speed="6.24" harmonicMeanSpeed="4.98" length="5.00" nVehEntered="11"/>
    <interval begin="4440.00" end="4470.00" id="0" nVehContrib="2" flow="240.00" occupancy="2.45" speed="13.61" harmonicMeanSpeed="13.61" length="5.00" nVehEntered="2"/>
    <interval begin="4470.00" end="4500.00" id="0" nVehContrib="0" flow="0.00" occupancy="0.00" speed="-1.00" harmonicMeanSpeed="-1.00" length="-1.00" nVehEntered="0"/>
    <interval begin="4500.00" end="4530.00" id="0" nVehContrib="10" flow="1200.00" occupancy="32.73" speed="6.69" harmonicMeanSpeed="5.09" length="5.00" nVehEntered="10"/>
    <interval begin="4530.00" end="4560.00" id="0" nVehContrib="3" flow="360.00" occupancy="3.55" speed="14.09" harmonicMeanSpeed="14.07" length="5.00" nVehEntered="3"/>
    <interval begin="4560.00" end="4590.00" id="0" nVehContrib="0" flow="0.00" occupancy="0.00" speed="-1.00" harmonicMeanSpeed="-1.00" length="-1.00" nVehEntered="0"/>
    <interval begin="4590.00" end="4620.00" id="0" nVehContrib="11" flow="1320.00" occupancy="35.06" speed="6.43" harmonicMeanSpeed="5.23" length="5.00" nVehEntered="11"/>
    <interval begin="4620.00" end="4650.00" id="0" nVehContrib="4" flow="480.00" occupancy="6.08" speed="11.02" harmonicMeanSpeed="10.97" length="5.00" nVehEntered="4"/>
    <interval begin="4650.00" end="4680.00" id="0" nVehContrib="0" flow="0.00" occupancy="0.00" speed="-1.00" harmonicMeanSpeed="-1.00" length="-1.00" nVehEntered="0"/>
    <interval begin="4680.00" end="4710.00" id="0" nVehContrib="11" flow="1320.00" occupancy="34.93" speed="6.35" harmonicMeanSpeed="5.25" length="5.00" nVehEntered="11"/>
    <interval begin="4710.00" end="4740.00" id="0" nVehContrib="2" flow="240.00" occupancy="2.84" speed="11.96" harmonicMeanSpeed="11.75" length="5.00" nVehEntered="2"/>
    <interval begin="4740.00" end="4770.00" id="0" nVehContrib="0" flow="0.00" occupancy="0.00" speed="-1.00" harmonicMeanSpeed="-1.00" length="-1.00" nVehEntered="0"/>
    <interval begin="4770.00" end="4800.00" id="0" nVehContrib="11" flow="1320.00" occupancy="34.89" speed="6.50" harmonicMeanSpeed="5.26" length="5.00" nVehEntered="11"/>
    <interval begin="4800.00" end="4830.00" id="0" nVehContrib="4" flow="480.00" occupancy="5.99" speed="11.47" harmonicMeanSpeed="11.13" length="5.00" nVehEntered="4"/>
    <interval begin="4830.00" end="4860.00" id="0" nVehContrib="0" flow="0.00" occupancy="0.00" speed="-1.00" harmonicMeanSpeed="-1.00" length="-1.00" nVehEntered="0"/>
    <interval begin="4860.00" end="4890.00" id="0" nVehContrib="10" flow="1200.00" occupancy="35.23" speed="6.07" harmonicMeanSpeed="4.88" length="5.00" nVehEntered="11"/>
    <interval begin="4890.00" end="4920.00" id="0" nVehContrib="3" flow="360.00" occupancy="2.41" speed="14.50" harmonicMeanSpeed="14.50" length="5.00" nVehEntered="2"/>
    <interval begin="4920.00" end="4950.00" id="0" nVehContrib="0" flow="0.00" occupancy="0.00" speed="-1.00" harmonicMeanSpeed="-1.00" length="-1.00" nVehEntered="0"/>
    <interval begin="4950.00" end="4980.00" id="0" nVehContrib="11" flow="1320.00" occupancy="34.51" speed="6.65" harmonicMeanSpeed="5.31" length="5.00" nVehEntered="11"/>
    <interval begin="4980.00" end="5010.00" id="0" nVehContrib="2" flow="240.00" occupancy="2.42" speed="13.85" harmonicMeanSpeed="13.78" length="5.00" nVehEntered="2"/>
    <interval begin="5010.00" end="5040.00" id="0" nVehContrib="0" flow="0.00" occupancy="0.00" speed="-1.00" harmonicMeanSpeed="-1.00" length="-1.00" nVehEntered="0"/>
    <interval begin="5040.00" end="5070.00" id="0" nVehContrib="11" flow="1320.00" occupancy="34.52" speed="6.73" harmonicMeanSpeed="5.31" length="5.00" nVehEntered="11"/>
    <interval begin="5070.00" end="5100.00" id="0" nVehContrib="2" flow="240.00" occupancy="2.28" speed="14.60" harmonicMeanSpeed="14.60" length="5.00" nVehEntered="2"/>
    <interval begin="5100.00" end="5130.00" id="0" nVehContrib="0" flow="0.00" occupancy="0.00" speed="-1.00" harmonicMeanSpeed="-1.00" length="-1.00" nVehEntered="0"/>
    <interval begin="5130.00" end="5160.00" id="0" nVehContrib="11" flow="1320.00" occupancy="34.42" speed="6.48" harmonicMeanSpeed="5.33" length="5.00" nVehEntered="11"/>
    <interval begin="5160.00" end="5190.00" id="0" nVehContrib="4" flow="480.00" occupancy="6.38" speed="10.63" harmonicMeanSpeed="10.45" length="5.00" nVehEntered="4"/>
    <interval begin="5190.00" end="5220.00" id="0" nVehContrib="0" flow="0.00" occupancy="0.00" speed="-1.00" harmonicMeanSpeed="-1.00" length="-1.00" nVehEntered="0"/>
    <interval begin="5220.00" end="5250.00" id="0" nVehContrib="11" flow="1320.00" occupancy="36.53" speed="6.39" harmonicMeanSpeed="5.18" length="5.00" nVehEntered="12"/>
    <interval begin="5250.00" end="5280.00" id="0" nVehContrib="4" flow="480.00" occupancy="4.61" speed="12.03" harmonicMeanSpeed="11.66" length="5.00" nVehEntered="3"/>
    <interval begin="5280.00" end="5310.00" id="0" nVehContrib="0" flow="0.00" occupancy="0.00" speed="-1.00" harmonicMeanSpeed="-1.00" length="-1.00" nVehEntered="0"/>
    <interval begin="5310.00" end="5340.00" id="0" nVehContrib="10" flow="1200.00" occupancy="35.42" speed="6.03" harmonicMeanSpeed="4.97" length="5.00" nVehEntered="11"/>
    <interval begin="5340.00" end="5370.00" id="0" nVehContrib="4" flow="480.00" occupancy="4.75" speed="10.25" harmonicMeanSpeed="10.02" length="5.00" nVehEntered="3"/>
    <interval begin="5370.00" end="5400.00" id="0" nVehContrib="0" flow="0.00" occupancy="0.00" speed="-1.00" harmonicMeanSpeed="-1.00" length="-1.00" nVehEntered="0"/>
    <interval begin="5400.00" end="5430.00" id="0" nVehContrib="10" flow="1200.00" occupancy="34.81" speed="6.13" harmonicMeanSpeed="4.79" length="5.00" nVehEntered="10"/>
    <interval begin="5430.00" end="5460.00" id="0" nVehContrib="3" flow="360.00" occupancy="3.58" speed="14.02" harmonicMeanSpeed="13.97" length="5.00" nVehEntered="3"/>
    <interval begin="5460.00" end="5490.00" id="0" nVehContrib="0" flow="0.00" occupancy="0.00" speed="-1.00" harmonicMeanSpeed="-1.00" length="-1.00" nVehEntered="0"/>
    <interval begin="5490.00" end="5520.00" id="0" nVehContrib="11" flow="1320.00" occupancy="37.05" speed="6.12" harmonicMeanSpeed="5.04" length="5.00" nVehEntered="12"/>
    <interval begin="5520.00" end="5550.00" id="0" nVehContrib="3" flow="360.00" occupancy="3.55" speed="12.32" harmonicMeanSpeed="11.84" length="5.00" nVehEntered="2"/>
    <interval begin="5550.00" end="5580.00" id="0" nVehContrib="0" flow="0.00" occupancy="0.00" speed="-1.00" harmonicMeanSpeed="-1.00" length="-1.00" nVehEntered="0"/>
    <interval begin="5580.00" end="5610.00" id="0" nVehContrib="11" flow="1320.00" occupancy="36.45" speed="6.28" harmonicMeanSpeed="5.07" length="5.00" nVehEntered="12"/>
    <interval begin="5610.00" end="5640.00" id="0" nVehContrib="3" flow="360.00" occupancy="3.64" speed="13.22" harmonicMeanSpeed="12.76" length="5.00" nVehEntered="2"/>
    <interval begin="5640.00" end="5670.00" id="0" nVehContrib="0" flow="0.00" occupancy="0.00" speed="-1.00" harmonicMeanSpeed="-1.00" length="-1.00" nVehEntered="0"/>
    <interval begin="5670.00" end="5700.00" id="0" nVehContrib="11" flow="1320.00" occupancy="36.90" speed="6.23" harmonicMeanSpeed="4.97" length="5.00" nVehEntered="11"/>
    <interval begin="5700.00" end="5730.00" id="0" nVehContrib="3" flow="360.00" occupancy="4.20" speed="12.21" harmonicMeanSpeed="11.91" length="5.00" nVehEntered="3"/>
    <interval begin="5730.00" end="5760.00" id="0" nVehContrib="0" flow="0.00" occupancy="0.00" speed="-1.00" harmonicMeanSpeed="-1.00" length="-1.00" nVehEntered="0"/>
    <interval begin="5760.00" end="5790.00" id="0" nVehContrib="11" flow="1320.00" occupancy="35.35" speed="6.39" harmonicMeanSpeed="5.19" length="5.00" nVehEntered="11"/>
    <interval begin="5790.00" end="5820.00" id="0" nVehContrib="4" flow="480.00" occupancy="6.76" speed="9.86" harmonicMeanSpeed="9.86" length="5.00" nVehEntered="4"/>
    <interval begin="5820.00" end="5850.00" id="0" nVehContrib="0" flow="0.00" occupancy="0.00" speed="-1.00" harmonicMeanSpeed="-1.00" length="-1.00" nVehEntered="0"/>
    <interval begin="5850.00" end="5880.00" id="0" nVehContrib="11" flow="1320.00" occupancy="36.88" speed="6.36" harmonicMeanSpeed="4.97" length="5.00" nVehEntered="11"/>
    <interval begin="5880.00" end="5910.00" id="0" nVehContrib="3" flow="360.00" occupancy="4.20" speed="12.30" harmonicMeanSpeed="11.90" length="5.00" nVehEntered="3"/>
    <interval begin="5910.00" end="5940.00" id="0" nVehContrib="0" flow="0.00" occupancy="0.00" speed="-1.00" harmonicMeanSpeed="-1.00" length="-1.00" nVehEntered="0"/>
    <interval begin="5940.00" end="5970.00" id="0" nVehContrib="11" flow="1320.00" occupancy="36.66" speed="6.29" harmonicMeanSpeed="5.00" length="5.00" nVehEntered="11"/>
    <interval begin="5970.00" end="6000.00" id="0" nVehContrib="5" flow="600.00" occupancy="8.34" speed="10.09" harmonicMeanSpeed="9.99" length="5.00" nVehEntered="5"/>
    <interval begin="6000.00" end="6030.00" id="0" nVehContrib="0" flow="0.00" occupancy="0.00" speed="-1.00" harmonicMeanSpeed="-1.00" length="-1.00" nVehEntered="0"/>
    <interval begin="6030.00" end="6060.00" id="0" nVehContrib="11" flow="1320.00" occupancy="37.32" speed="6.10" harmonicMeanSpeed="4.91" length="5.00" nVehEntered="11"/>
    <interval begin="6060.00" end="6090.00" id="0" nVehContrib="4" flow="480.00" occupancy="6.29" speed="10.75" harmonicMeanSpeed="10.60" length="5.00" nVehEntered="4"/>
    <interval begin="6090.00" end="6120.00" id="0" nVehContrib="0" flow="0.00" occupancy="0.00" speed="-1.00" harmonicMeanSpeed="-1.00" length="-1.00" nVehEntered="0"/>
    <interval begin="6120.00" end="6150.00" id="0" nVehContrib="11" flow="1320.00" occupancy="35.58" speed="6.48" harmonicMeanSpeed="5.15" length="5.00" nVehEntered="11"/>
    <interval begin="6150.00" end="6180.00" id="0" nVehContrib="3" flow="360.00" occupancy="4.15" speed="12.12" harmonicMeanSpeed="12.06" length="5.00" nVehEntered="3"/>
    <interval begin="6180.00" end="6210.00" id="0" nVehContrib="0" flow="0.00" occupancy="0.00" speed="-1.00" harmonicMeanSpeed="-1.00" length="-1.00" nVehEntered="0"/>
    <interval begin="6210.00" end="6240.00" id="0" nVehContrib="11" flow="1320.00" occupancy="36.56" speed="6.24" harmonicMeanSpeed="5.01" length="5.00" nVehEntered="11"/>
    <interval begin="6240.00" end="6270.00" id="0" nVehContrib="3" flow="360.00" occupancy="3.64" speed="13.78" harmonicMeanSpeed="13.74" length="5.00" nVehEntered="3"/>
    <interval begin="6270.00" end="6300.00" id="0" nVehContrib="0" flow="0.00" occupancy="0.00" speed="-1.00" harmonicMeanSpeed="-1.00" length="-1.00" nVehEntered="0"/>
    <interval begin="6300.00" end="6330.00" id="0" nVehContrib="10" flow="1200.00" occupancy="32.97" speed="6.23" harmonicMeanSpeed="5.09" length="5.00" nVehEntered="11"/>
    <interval begin="6330.00" end="6360.00" id="0" nVehContrib="3" flow="360.00" occupancy="3.37" speed="13.99" harmonicMeanSpeed="13.96" length="5.00" nVehEntered="2"/>
    <interval begin="6360.00" end="6390.00" id="0" nVehContrib="0" flow="0.00" occupancy="0.00" speed="-1.00" harmonicMeanSpeed="-1.00" length="-1.00" nVehEntered="0"/>
    <interval begin="6390.00" end="6420.00" id="0" nVehContrib="11" flow="1320.00" occupancy="36.22" speed="6.32" harmonicMeanSpeed="5.06" length="5.00" nVehEntered="11"/>
    <interval begin="6420.00" end="6450.00" id="0" nVehContrib="4" flow="480.00" occupancy="5.99" speed="11.44" harmonicMeanSpeed="11.12" length="5.00" nVehEntered="4"/>
    <interval begin="6450.00" end="6480.00" id="0" nVehContrib="0" flow="0.00" occupancy="0.00" speed="-1.00" harmonicMeanSpeed="-1.00" length="-1.00" nVehEntered="0"/>
    <interval begin="6480.00" end="6510.00" id="0" nVehContrib="10" flow="1200.00" occupancy="33.72" speed="6.15" harmonicMeanSpeed="5.02" length="5.00" nVehEntered="11"/>
    <interval begin="6510.00" end="6540.00" id="0" nVehContrib="3" flow="360.00" occupancy="3.08" speed="13.79" harmonicMeanSpeed="13.76" length="5.00" nVehEntered="2"/>
    <interval begin="6540.00" end="6570.00" id="0" nVehContrib="0" flow="0.00" occupancy="0.00" speed="-1.00" harmonicMeanSpeed="-1.00" length="-1.00" nVehEntered="0"/>
    <interval begin="6570.00" end="6600.00" id="0" nVehContrib="11" flow="1320.00" occupancy="36.10" speed="6.39" harmonicMeanSpeed="5.13" length="5.00" nVehEntered="12"/>
    <interval begin="6600.00" end="6630.00" id="0" nVehContrib="3" flow="360.00" occupancy="3.55" speed="12.95" harmonicMeanSpeed="12.72" length="5.00" nVehEntered="2"/>
    <interval begin="6630.00" end="6660.00" id="0" nVehContrib="0" flow="0.00" occupancy="0.00" speed="-1.00" harmonicMeanSpeed="-1.00" length="-1.00" nVehEntered="0"/>
    <interval begin="6660.00" end="6690.00" id="0" nVehContrib="11" flow="1320.00" occupancy="34.93" speed="6.55" harmonicMeanSpeed="5.25" length="5.00" nVehEntered="11"/>
    <interval begin="6690.00" end="6720.00" id="0" nVehContrib="3" flow="360.00" occupancy="4.04" speed="12.82" harmonicMeanSpeed="12.39" length="5.00" nVehEntered="3"/>
    <interval begin="6720.00" end="6750.00" id="0" nVehContrib="0" flow="0.00" occupancy="0.00" speed="-1.00" harmonicMeanSpeed="-1.00" length="-1.00" nVehEntered="0"/>
    <interval begin="6750.00" end="6780.00" id="0" nVehContrib="11" flow="1320.00" occupancy="35.01" speed="6.32" harmonicMeanSpeed="5.24" length="5.00" nVehEntered="11"/>
    <interval begin="6780.00" end="6810.00" id="0" nVehContrib="4" flow="480.00" occupancy="5.95" speed="11.60" harmonicMeanSpeed="11.21" length="5.00" nVehEntered="4"/>
    <interval begin="6810.00" end="6840.00" id="0" nVehContrib="0" flow="0.00" occupancy="0.00" speed="-1.00" harmonicMeanSpeed="-1.00" length="-1.00" nVehEntered="0"/>
    <interval begin="6840.00" end="6870.00" id="0" nVehContrib="11" flow="1320.00" occupancy="36.01" speed="6.46" harmonicMeanSpeed="5.18" length="5.00" nVehEntered="12"/>
    <interval begin="6870.00" end="6900.00" id="0" nVehContrib="3" flow="360.00" occupancy="3.40" speed="12.66" harmonicMeanSpeed="12.33" length="5.00" nVehEntered="2"/>
    <interval begin="6900.00" end="6930.00" id="0" nVehContrib="0" flow="0.00" occupancy="0.00" speed="-1.00" harmonicMeanSpeed="-1.00" length="-1.00" nVehEntered="0"/>
    <interval begin="6930.00" end="6960.00" id="0" nVehContrib="9" flow="1080.00" occupancy="32.21" speed="6.03" harmonicMeanSpeed="4.80" length="5.00" nVehEntered="10"/>
    <interval begin="6960.00" end="6990.00" id="0" nVehContrib="3" flow="360.00" occupancy="2.49" speed="14.62" harmonicMeanSpeed="14.62" length="5.00" nVehEntered="2"/>
    <interval begin="6990.00" end="7020.00" id="0" nVehContrib="0" flow="0.00" occupancy="0.00" speed="-1.00" harmonicMeanSpeed="-1.00" length="-1.00" nVehEntered="0"/>
    <interval begin="7020.00" end="7050.00" id="0" nVehContrib="11" flow="1320.00" occupancy="37.10" speed="6.18" harmonicMeanSpeed="4.94" length="5.00" nVehEntered="11"/>
    <interval begin="7050.00" end="7080.00" id="0" nVehContrib="3" flow="360.00" occupancy="4.17" speed="12.33" harmonicMeanSpeed="11.98" length="5.00" nVehEntered="3"/>
    <interval begin="7080.00" end="7110.00" id="0" nVehContrib="0" flow="0.00" occupancy="0.00" speed="-1.00" harmonicMeanSpeed="-1.00" length="-1.00" nVehEntered="0"/>
    <interval begin="7110.00" end="7140.00" id="0" nVehContrib="11" flow="1320.00" occupancy="34.63" speed="6.50" harmonicMeanSpeed="5.29" length="5.00" nVehEntered="11"/>
    <interval begin="7140.00" end="7170.00" id="0" nVehContrib="2" flow="240.00" occupancy="2.52" speed="13.25" harmonicMeanSpeed="13.22" length="5.00" nVehEntered="2"/>
    <interval begin="7170.00" end="7200.00" id="0" nVehContrib="0" flow="0.00" occupancy="0.00" speed="-1.00" harmonicMeanSpeed="-1.00" length="-1.00" nVehEntered="0"/>
    <interval begin="7200.00" end="7230.00" id="0" nVehContrib="11" flow="1320.00" occupancy="37.25" speed="6.18" harmonicMeanSpeed="4.92" length="5.00" nVehEntered="11"/>
    <interval begin="7230.00" end="7260.00" id="0" nVehContrib="3" flow="360.00" occupancy="4.09" speed="12.70" harmonicMeanSpeed="12.22" length="5.00" nVehEntered="3"/>
    <interval begin="7260.00" end="7290.00" id="0" nVehContrib="0" flow="0.00" occupancy="0.00" speed="-1.00" harmonicMeanSpeed="-1.00" length="-1.00" nVehEntered="0"/>
    <interval begin="7290.00" end="7320.00" id="0" nVehContrib="11" flow="1320.00" occupancy="36.45" speed="6.32" harmonicMeanSpeed="5.03" length="5.00" nVehEntered="11"/>
    <interval begin="7320.00" end="7350.00" id="0" nVehContrib="3" flow="360.00" occupancy="4.46" speed="11.55" harmonicMeanSpeed="11.22" length="5.00" nVehEntered="3"/>
    <interval begin="7350.00" end="7380.00" id="0" nVehContrib="0" flow="0.00" occupancy="0.00" speed="-1.00" harmonicMeanSpeed="-1.00" length="-1.00" nVehEntered="0"/>
    <interval begin="7380.00" end="7410.00" id="0" nVehContrib="11" flow="1320.00" occupancy="36.46" speed="6.29" harmonicMeanSpeed="5.03" length="5.00" nVehEntered="11"/>
    <interval begin="7410.00" end="7440.00" id="0" nVehContrib="5" flow="600.00" occupancy="7.58" speed="11.25" harmonicMeanSpeed="11.00" length="5.00" nVehEntered="5"/>
    <interval begin="7440.00" end="7470.00" id="0" nVehContrib="0" flow="0.00" occupancy="0.00" speed="-1.00" harmonicMeanSpeed="-1.00" length="-1.00" nVehEntered="0"/>
    <interval begin="7470.00" end="7500.00" id="0" nVehContrib="10" flow="1200.00" occupancy="34.31" speed="6.05" harmonicMeanSpeed="4.97" length="5.00" nVehEntered="11"/>
    <interval begin="7500.00" end="7530.00" id="0" nVehContrib="4" flow="480.00" occupancy="5.28" speed="11.46" harmonicMeanSpeed="10.97" length="5.00" nVehEntered="3"/>
    <interval begin="7530.00" end="7560.00" id="0" nVehContrib="0" flow="0.00" occupancy="0.00" speed="-1.00" harmonicMeanSpeed="-1.00" length="-1.00" nVehEntered="0"/>
    <interval begin="7560.00" end="7590.00" id="0" nVehContrib="11" flow="1320.00" occupancy="37.37" speed="6.22" harmonicMeanSpeed="4.91" length="5.00" nVehEntered="11"/>
    <interval begin="7590.00" end="7620.00" id="0" nVehContrib="4" flow="480.00" occupancy="5.75" speed="12.02" harmonicMeanSpeed="11.60" length="5.00" nVehEntered="4"/>
    <interval begin="7620.00" end="7650.00" id="0" nVehContrib="0" flow="0.00" occupancy="0.00" speed="-1.00" harmonicMeanSpeed="-1.00" length="-1.00" nVehEntered="0"/>
    <interval begin="7650.00" end="7680.00" id="0" nVehContrib="11" flow="1320.00" occupancy="33.58" speed="6.86" harmonicMeanSpeed="5.46" length="5.00" nVehEntered="11"/>
    <interval begin="7680.00" end="7710.00" id="0" nVehContrib="2" flow="240.00" occupancy="2.56" speed="13.01" harmonicMeanSpeed="13.01" length="5.00" nVehEntered="2"/>
    <interval begin="7710.00" end="7740.00" id="0" nVehContrib="0" flow="0.00" occupancy="0.00" speed="-1.00" harmonicMeanSpeed="-1.00" length="-1.00" nVehEntered="0"/>
    <interval begin="7740.00" end="7770.00" id="0" nVehContrib="11" flow="1320.00" occupancy="34.82" speed="6.37" harmonicMeanSpeed="5.27" length="5.00" nVehEntered="11"/>
    <interval begin="7770.00" end="7800.00" id="0" nVehContrib="4" flow="480.00" occupancy="6.53" speed="10.56" harmonicMeanSpeed="10.22" length="5.00" nVehEntered="4"/>
    <interval begin="7800.00" end="7830.00" id="0" nVehContrib="0" flow="0.00" occupancy="0.00" speed="-1.00" harmonicMeanSpeed="-1.00" length="-1.00" nVehEntered="0"/>
    <interval begin="7830.00" end="7860.00" id="0" nVehContrib="11" flow="1320.00" occupancy="36.84" speed="6.12" harmonicMeanSpeed="4.98" length="5.00" nVehEntered="11"/>
    <interval begin="7860.00" end="7890.00" id="0" nVehContrib="3" flow="360.00" occupancy="3.70" speed="13.56" harmonicMeanSpeed="13.51" length="5.00" nVehEntered="3"/>
    <interval begin="7890.00" end="7920.00" id="0" nVehContrib="0" flow="0.00" occupancy="0.00" speed="-1.00" harmonicMeanSpeed="-1.00" length="-1.00" nVehEntered="0"/>
    <interval begin="7920.00" end="7950.00" id="0" nVehContrib="11" flow="1320.00" occupancy="35.35" speed="6.24" harmonicMeanSpeed="5.19" length="5.00" nVehEntered="11"/>
    <interval begin="7950.00" end="7980.00" id="0" nVehContrib="3" flow="360.00" occupancy="3.74" speed="13.63" harmonicMeanSpeed="13.37" length="5.00" nVehEntered="3"/>
    <interval begin="7980.00" end="8010.00" id="0" nVehContrib="0" flow="0.00" occupancy="0.00" speed="-1.00" harmonicMeanSpeed="-1.00" length="-1.00" nVehEntered="0"/>
    <interval begin="8010.00" end="8040.00" id="0" nVehContrib="11" flow="1320.00" occupancy="34.98" speed="6.42" harmonicMeanSpeed="5.24" length="5.00" nVehEntered="11"/>
    <interval begin="8040.00" end="8070.00" id="0" nVehContrib="2" flow="240.00" occupancy="2.30" speed="14.52" harmonicMeanSpeed="14.51" length="5.00" nVehEntered="2"/>
    <interval begin="8070.00" end="8100.00" id="0" nVehContrib="0" flow="0.00" occupancy="0.00" speed="-1.00" harmonicMeanSpeed="-1.00" length="-1.00" nVehEntered="0"/>
    <interval begin="8100.00" end="8130.00" id="0" nVehContrib="11" flow="1320.00" occupancy="34.55" speed="6.45" harmonicMeanSpeed="5.31" length="5.00" nVehEntered="11"/>
    <interval begin="8130.00" end="8160.00" id="0" nVehContrib="2" flow="240.00" occupancy="2.50" speed="13.32" harmonicMeanSpeed="13.32" length="5.00" nVehEntered="2"/>
    <interval begin="8160.00" end="8190.00" id="0" nVehContrib="0" flow="0.00" occupancy="0.00" speed="-1.00" harmonicMeanSpeed="-1.00" length="-1.00" nVehEntered="0"/>
    <interval begin="8190.00" end="8220.00" id="0" nVehContrib="11" flow="1320.00" occupancy="36.26" speed="6.36" harmonicMeanSpeed="5.06" length="5.00" nVehEntered="11"/>
    <interval begin="8220.00" end="8250.00" id="0" nVehContrib="4" flow="480.00" occupancy="6.37" speed="10.59" harmonicMeanSpeed="10.47" length="5.00" nVehEntered="4"/>
    <interval begin="8250.00" end="8280.00" id="0" nVehContrib="0" flow="0.00" occupancy="0.00" speed="-1.00" harmonicMeanSpeed="-1.00" length="-1.00" nVehEntered="0"/>
    <interval begin="8280.00" end="8310.00" id="0" nVehContrib="11" flow="1320.00" occupancy="35.76" speed="6.36" harmonicMeanSpeed="5.13" length="5.00" nVehEntered="11"/>
    <interval begin="8310.00" end="8340.00" id="0" nVehContrib="4" flow="480.00" occupancy="5.93" speed="11.87" harmonicMeanSpeed="11.24" length="5.00" nVehEntered="4"/>
    <interval begin="8340.00" end="8370.00" id="0" nVehContrib="0" flow="0.00" occupancy="0.00" speed="-1.00" harmonicMeanSpeed="-1.00" length="-1.00" nVehEntered="0"/>
    <interval begin="8370.00" end="8400.00" id="0" nVehContrib="11" flow="1320.00" occupancy="36.12" speed="6.14" harmonicMeanSpeed="5.08" length="5.00" nVehEntered="11"/>
    <interval begin="8400.00" end="8430.00" id="0" nVehContrib="3" flow="360.00" occupancy="3.70" speed="13.57" harmonicMeanSpeed="13.50" length="5.00" nVehEntered="3"/>
    <interval begin="8430.00" end="8460.00" id="0" nVehContrib="0" flow="0.00" occupancy="0.00" speed="-1.00" harmonicMeanSpeed="-1.00" length="-1.00" nVehEntered="0"/>
    <interval begin="8460.00" end="8490.00" id="0" nVehContrib="11" flow="1320.00" occupancy="34.59" speed="6.45" harmonicMeanSpeed="5.30" length="5.00" nVehEntered="11"/>
    <interval begin="8490.00" end="8520.00" id="0" nVehContrib="2" flow="240.00" occupancy="2.54" speed="13.33" harmonicMeanSpeed="13.14" length="5.00" nVehEntered="2"/>
    <interval begin="8520.00" end="8550.00" id="0" nVehContrib="0" flow="0.00" occupancy="0.00" speed="-1.00" harmonicMeanSpeed="-1.00" length="-1.00" nVehEntered="0"/>
    <interval begin="8550.00" end="8580.00" id="0" nVehContrib="11" flow="1320.00" occupancy="35.65" speed="6.25" harmonicMeanSpeed="5.14" length="5.00" nVehEntered="11"/>
    <interval begin="8580.00" end="8610.00" id="0" nVehContrib="4" flow="480.00" occupancy="6.56" speed="10.61" harmonicMeanSpeed="10.16" length="5.00" nVehEntered="4"/>
    <interval begin="8610.00" end="8640.00" id="0" nVehContrib="0" flow="0.00" occupancy="0.00" speed="-1.00" harmonicMeanSpeed="-1.00" length="-1.00" nVehEntered="0"/>
    <interval begin="8640.00" end="8670.00" id="0" nVehContrib="10" flow="1200.00" occupancy="34.21" speed="6.09" harmonicMeanSpeed="4.87" length="5.00" nVehEntered="10"/>
    <interval begin="8670.00" end="8700.00" id="0" nVehContrib="3" flow="360.00" occupancy="3.48" speed="14.38" harmonicMeanSpeed="14.37" length="5.00" nVehEntered="3"/>
    <interval begin="8700.00" end="8730.00" id="0" nVehContrib="0" flow="0.00" occupancy="0.00" speed="-1.00" harmonicMeanSpeed="-1.00" length="-1.00" nVehEntered="0"/>
    <interval begin="8730.00" end="8760.00" id="0" nVehContrib="10" flow="1200.00" occupancy="32.69" speed="6.62" harmonicMeanSpeed="5.10" length="5.00" nVehEntered="10"/>
    <interval begin="8760.00" end="8790.00" id="0" nVehContrib="2" flow="240.00" occupancy="2.60" speed="13.04" harmonicMeanSpeed="12.82" length="5.00" nVehEntered="2"/>
    <interval begin="8790.00" end="8820.00" id="0" nVehContrib="0" flow="0.00" occupancy="0.00" speed="-1.00" harmonicMeanSpeed="-1.00" length="-1.00" nVehEntered="0"/>
    <interval begin="8820.00" end="8850.00" id="0" nVehContrib="12" flow="1440.00" occupancy="37.33" speed="6.66" harmonicMeanSpeed="5.36" length="5.00" nVehEntered="12"/>
    <interval begin="8850.00" end="8880.00" id="0" nVehContrib="2" flow="240.00" occupancy="2.64" speed="12.67" harmonicMeanSpeed="12.61" length="5.00" nVehEntered="2"/>
    <interval begin="8880.00" end="8910.00" id="0" nVehContrib="0" flow="0.00" occupancy="0.00" speed="-1.00" harmonicMeanSpeed="-1.00" length="-1.00" nVehEntered="0"/>
    <interval begin="8910.00" end="8940.00" id="0" nVehContrib="11" flow="1320.00" occupancy="35.46" speed="6.27" harmonicMeanSpeed="5.17" length="5.00" nVehEntered="11"/>
    <interval begin="8940.00" end="8970.00" id="0" nVehContrib="3" flow="360.00" occupancy="4.33" speed="12.09" harmonicMeanSpeed="11.56" length="5.00" nVehEntered="3"/>
    <interval begin="8970.00" end="9000.00" id="0" nVehContrib="0" flow="0.00" occupancy="0.00" speed="-1.00" harmonicMeanSpeed="-1.00" length="-1.00" nVehEntered="0"/>
    <interval begin="9000.00" end="9030.00" id="0" nVehContrib="11" flow="1320.00" occupancy="34.38" speed="6.40" harmonicMeanSpeed="5.33" length="5.00" nVehEntered="11"/>
    <interval begin="9030.00" end="9060.00" id="0" nVehContrib="2" flow="240.00" occupancy="2.54" speed="13.29" harmonicMeanSpeed="13.12" length="5.00" nVehEntered="2"/>
    <interval begin="9060.00" end="9090.00" id="0" nVehContrib="0" flow="0.00" occupancy="0.00" speed="-1.00" harmonicMeanSpeed="-1.00" length="-1.00" nVehEntered="0"/>
    <interval begin="9090.00" end="9120.00" id="0" nVehContrib="11" flow="1320.00" occupancy="36.05" speed="6.30" harmonicMeanSpeed="5.09" length="5.00" nVehEntered="11"/>
    <interval begin="9120.00" end="9150.00" id="0" nVehContrib="3" flow="360.00" occupancy="4.10" speed="12.44" harmonicMeanSpeed="12.21" length="5.00" nVehEntered="3"/>
    <interval begin="9150.00" end="9180.00" id="0" nVehContrib="0" flow="0.00" occupancy="0.00" speed="-1.00" harmonicMeanSpeed="-1.00" length="-1.00" nVehEntered="0"/>
    <interval begin="9180.00" end="9210.00" id="0" nVehContrib="11" flow="1320.00" occupancy="36.45" speed="6.24" harmonicMeanSpeed="5.03" length="5.00" nVehEntered="11"/>
    <interval begin="9210.00" end="9240.00" id="0" nVehContrib="3" flow="360.00" occupancy="4.52" speed="11.41" harmonicMeanSpeed="11.06" length="5.00" nVehEntered="3"/>
    <interval begin="9240.00" end="9270.00" id="0" nVehContrib="0" flow="0.00" occupancy="0.00" speed="-1.00" harmonicMeanSpeed="-1.00" length="-1.00" nVehEntered="0"/>
    <interval begin="9270.00" end="9300.00" id="0" nVehContrib="11" flow="1320.00" occupancy="35.71" speed="6.37" harmonicMeanSpeed="5.13" length="5.00" nVehEntered="11"/>
    <interval begin="9300.00" end="9330.00" id="0" nVehContrib="3" flow="360.00" occupancy="4.01" speed="12.65" harmonicMeanSpeed="12.46" length="5.00" nVehEntered="3"/>
    <interval begin="9330.00" end="9360.00" id="0" nVehContrib="0" flow="0.00" occupancy="0.00" speed="-1.00" harmonicMeanSpeed="-1.00" length="-1.00" nVehEntered="0"/>
    <interval begin="9360.00" end="9390.00" id="0" nVehContrib="11" flow="1320.00" occupancy="36.68" speed="6.22" harmonicMeanSpeed="5.00" length="5.00" nVehEntered="11"/>
    <interval begin="9390.00" end="9420.00" id="0" nVehContrib="3" flow="360.00" occupancy="3.77" speed="13.37" harmonicMeanSpeed="13.26" length="5.00" nVehEntered="3"/>
    <interval begin="9420.00" end="9450.00" id="0" nVehContrib="0" flow="0.00" occupancy="0.00" speed="-1.00" harmonicMeanSpeed="-1.00" length="-1.00" nVehEntered="0"/>
    <interval begin="9450.00" end="9480.00" id="0" nVehContrib="10" flow="1200.00" occupancy="32.35" speed="6.54" harmonicMeanSpeed="5.15" length="5.00" nVehEntered="10"/>
    <interval begin="9480.00" end="9510.00" id="0" nVehContrib="2" flow="240.00" occupancy="2.48" speed="13.53" harmonicMeanSpeed="13.43" length="5.00" nVehEntered="2"/>
    <interval begin="9510.00" end="9540.00" id="0" nVehContrib="0" flow="0.00" occupancy="0.00" speed="-1.00" harmonicMeanSpeed="-1.00" length="-1.00" nVehEntered="0"/>
    <interval begin="9540.00" end="9570.00" id="0" nVehContrib="11" flow="1320.00" occupancy="35.07" speed="6.42" harmonicMeanSpeed="5.23" length="5.00" nVehEntered="11"/>
    <interval begin="9570.00" end="9600.00" id="0" nVehContrib="5" flow="600.00" occupancy="8.39" speed="10.33" harmonicMeanSpeed="9.93" length="5.00" nVehEntered="5"/>
    <interval begin="9600.00" end="9630.00" id="0" nVehContrib="0" flow="0.00" occupancy="0.00" speed="-1.00" harmonicMeanSpeed="-1.00" length="-1.00" nVehEntered="0"/>
    <interval begin="9630.00" end="9660.00" id="0" nVehContrib="10" flow="1200.00" occupancy="33.70" speed="6.21" harmonicMeanSpeed="4.95" length="5.00" nVehEntered="10"/>
    <interval begin="9660.00" end="9690.00" id="0" nVehContrib="2" flow="240.00" occupancy="2.41" speed="13.90" harmonicMeanSpeed="13.84" length="5.00" nVehEntered="2"/>
    <interval begin="9690.00" end="9720.00" id="0" nVehContrib="0" flow="0.00" occupancy="0.00" speed="-1.00" harmonicMeanSpeed="-1.00" length="-1.00" nVehEntered="0"/>
    <interval begin="9720.00" end="9750.00" id="0" nVehContrib="11" flow="1320.00" occupancy="34.12" speed="6.55" harmonicMeanSpeed="5.37" length="5.00" nVehEntered="11"/>
    <interval begin="9750.00" end="9780.00" id="0" nVehContrib="3" flow="360.00" occupancy="4.34" speed="11.62" harmonicMeanSpeed="11.51" length="5.00" nVehEntered="3"/>
    <interval begin="9780.00" end="9810.00" id="0" nVehContrib="0" flow="0.00" occupancy="0.00" speed="-1.00" harmonicMeanSpeed="-1.00" length="-1.00" nVehEntered="0"/>
    <interval begin="9810.00" end="9840.00" id="0" nVehContrib="11" flow="1320.00" occupancy="34.90" speed="6.36" harmonicMeanSpeed="5.25" length="5.00" nVehEntered="11"/>
    <interval begin="9840.00" end="9870.00" id="0" nVehContrib="2" flow="240.00" occupancy="2.74" speed="12.53" harmonicMeanSpeed="12.15" length="5.00" nVehEntered="2"/>
    <interval begin="9870.00" end="9900.00" id="0" nVehContrib="0" flow="0.00" occupancy="0.00" speed="-1.00" harmonicMeanSpeed="-1.00" length="-1.00" nVehEntered="0"/>
    <interval begin="9900.00" end="9930.00" id="0" nVehContrib="11" flow="1320.00" occupancy="35.00" speed="6.42" harmonicMeanSpeed="5.24" length="5.00" nVehEntered="11"/>
    <interval begin="9930.00" end="9960.00" id="0" nVehContrib="4" flow="480.00" occupancy="6.12" speed="11.21" harmonicMeanSpeed="10.88" length="5.00" nVehEntered="4"/>
    <interval begin="9960.00" end="9990.00" id="0" nVehContrib="0" flow="0.00" occupancy="0.00" speed="-1.00" harmonicMeanSpeed="-1.00" length="-1.00" nVehEntered="0"/>
    <interval begin="9990.00" end="10020.00" id="0" nVehContrib="11" flow="1320.00" occupancy="35.74" speed="6.55" harmonicMeanSpeed="5.13" length="5.00" nVehEntered="11"/>
    <interval begin="10020.00" end="10050.00" id="0" nVehContrib="3" flow="360.00" occupancy="3.90" speed="12.96" harmonicMeanSpeed="12.82" length="5.00" nVehEntered="3"/>
    <interval begin="10050.00" end="10080.00" id="0" nVehContrib="0" flow="0.00" occupancy="0.00" speed="-1.00" harmonicMeanSpeed="-1.00" length="-1.00" nVehEntered="0"/>
    <interval begin="10080.00" end="10110.00" id="0" nVehContrib="11" flow="1320.00" occupancy="34.30" speed="6.36" harmonicMeanSpeed="5.35" length="5.00" nVehEntered="11"/>
    <interval begin="10110.00" end="10140.00" id="0" nVehContrib="3" flow="360.00" occupancy="4.64" speed="10.87" harmonicMeanSpeed="10.77" length="5.00" nVehEntered="3"/>
    <interval begin="10140.00" end="10170.00" id="0" nVehContrib="0" flow="0.00" occupancy="0.00" speed="-1.00" harmonicMeanSpeed="-1.00" length="-1.00" nVehEntered="0"/>
    <interval begin="10170.00" end="10200.00" id="0" nVehContrib="11" flow="1320.00" occupancy="36.57" speed="6.50" harmonicMeanSpeed="5.26" length="5.00" nVehEntered="12"/>
    <interval begin="10200.00" end="10230.00" id="0" nVehContrib="4" flow="480.00" occupancy="4.23" speed="11.73" harmonicMeanSpeed="11.26" length="5.00" nVehEntered="3"/>
    <interval begin="10230.00" end="10260.00" id="0" nVehContrib="0" flow="0.00" occupancy="0.00" speed="-1.00" harmonicMeanSpeed="-1.00" length="-1.00" nVehEntered="0"/>
    <interval begin="10260.00" end="10290.00" id="0" nVehContrib="11" flow="1320.00" occupancy="36.06" speed="6.51" harmonicMeanSpeed="5.33" length="5.00" nVehEntered="12"/>
    <interval begin="10290.00" end="10320.00" id="0" nVehContrib="3" flow="360.00" occupancy="2.46" speed="12.54" harmonicMeanSpeed="12.15" length="5.00" nVehEntered="2"/>
    <interval begin="10320.00" end="10350.00" id="0" nVehContrib="0" flow="0.00" occupancy="0.00" speed="-1.00" harmonicMeanSpeed="-1.00" length="-1.00" nVehEntered="0"/>
    <interval begin="10350.00" end="10380.00" id="0" nVehContrib="10" flow="1200.00" occupancy="33.48" speed="6.05" harmonicMeanSpeed="5.01" length="5.00" nVehEntered="11"/>
    <interval begin="10380.00" end="10410.00" id="0" nVehContrib="2" flow="240.00" occupancy="2.30" speed="13.24" harmonicMeanSpeed="13.24" length="5.00" nVehEntered="1"/>
    <interval begin="10410.00" end="10440.00" id="0" nVehContrib="0" flow="0.00" occupancy="0.00" speed="-1.00" harmonicMeanSpeed="-1.00" length="-1.00" nVehEntered="0"/>
    <interval begin="10440.00" end="10470.00" id="0" nVehContrib="11" flow="1320.00" occupancy="37.34" speed="6.28" harmonicMeanSpeed="4.91" length="5.00" nVehEntered="11"/>
    <interval begin="10470.00" end="10500.00" id="0" nVehContrib="3" flow="360.00" occupancy="4.08" speed="12.70" harmonicMeanSpeed="12.26" length="5.00" nVehEntered="3"/>
    <interval begin="10500.00" end="10530.00" id="0" nVehContrib="0" flow="0.00" occupancy="0.00" speed="-1.00" harmonicMeanSpeed="-1.00" length="-1.00" nVehEntered="0"/>
    <interval begin="10530.00" end="10560.00" id="0" nVehContrib="11" flow="1320.00" occupancy="35.68" speed="6.69" harmonicMeanSpeed="5.14" length="5.00" nVehEntered="11"/>
    <interval begin="10560.00" end="10590.00" id="0" nVehContrib="2" flow="240.00" occupancy="2.26" speed="14.73" harmonicMeanSpeed="14.73" length="5.00" nVehEntered="2"/>
    <interval begin="10590.00" end="10620.00" id="0" nVehContrib="0" flow="0.00" occupancy="0.00" speed="-1.00" harmonicMeanSpeed="-1.00" length="-1.00" nVehEntered="0"/>
    <interval begin="10620.00" end="10650.00" id="0" nVehContrib="11" flow="1320.00" occupancy="35.77" speed="6.20" harmonicMeanSpeed="5.12" length="5.00" nVehEntered="11"/>
    <interval begin="10650.00" end="10680.00" id="0" nVehContrib="2" flow="240.00" occupancy="2.62" speed="12.81" harmonicMeanSpeed="12.72" length="5.00" nVehEntered="2"/>
    <interval begin="10680.00" end="10710.00" id="0" nVehContrib="0" flow="0.00" occupancy="0.00" speed="-1.00" harmonicMeanSpeed="-1.00" length="-1.00" nVehEntered="0"/>
    <interval begin="10710.00" end="10740.00" id="0" nVehContrib="12" flow="1440.00" occupancy="38.14" speed="6.48" harmonicMeanSpeed="5.24" length="5.00" nVehEntered="12"/>
    <interval begin="10740.00" end="10770.00" id="0" nVehContrib="3" flow="360.00" occupancy="4.04" speed="12.70" harmonicMeanSpeed="12.38" length="5.00" nVehEntered="3"/>
    <interval begin="10770.00" end="10800.00" id="0" nVehContrib="0" flow="0.00" occupancy="0.00" speed="-1.00" harmonicMeanSpeed="-1.00" length="-1.00" nVehEntered="0"/>
    <interval begin="10800.00" end="10830.00" id="0" nVehContrib="11" flow="1320.00" occupancy="34.69" speed="6.57" harmonicMeanSpeed="5.28" length="5.00" nVehEntered="11"/>
    <interval begin="10830.00" end="10860.00" id="0" nVehContrib="3" flow="360.00" occupancy="4.52" speed="11.52" harmonicMeanSpeed="11.06" length="5.00" nVehEntered="3"/>
    <interval begin="10860.00" end="10890.00" id="0" nVehContrib="0" flow="0.00" occupancy="0.00" speed="-1.00" harmonicMeanSpeed="-1.00" length="-1.00" nVehEntered="0"/>
    <interval begin="10890.00" end="10920.00" id="0" nVehContrib="10" flow="1200.00" occupancy="34.79" speed="6.01" harmonicMeanSpeed="4.96" length="5.00" nVehEntered="11"/>
    <interval begin="10920.00" end="10950.00" id="0" nVehContrib="3" flow="360.00" occupancy="2.75" speed="12.88" harmonicMeanSpeed="12.74" length="5.00" nVehEntered="2"/>
    <interval begin="10950.00" end="10980.00" id="0" nVehContrib="0" flow="0.00" occupancy="0.00" speed="-1.00" harmonicMeanSpeed="-1.00" length="-1.00" nVehEntered="0"/>
    <interval begin="10980.00" end="11010.00" id="0" nVehContrib="10" flow="1200.00" occupancy="33.75" speed="6.63" harmonicMeanSpeed="4.94" length="5.00" nVehEntered="10"/>
    <interval begin="11010.00" end="11040.00" id="0" nVehContrib="2" flow="240.00" occupancy="2.50" speed="13.36" harmonicMeanSpeed="13.35" length="5.00" nVehEntered="2"/>
    <interval begin="11040.00" end="11070.00" id="0" nVehContrib="0" flow="0.00" occupancy="0.00" speed="-1.00" harmonicMeanSpeed="-1.00" length="-1.00" nVehEntered="0"/>
    <interval begin="11070.00" end="11100.00" id="0" nVehContrib="11" flow="1320.00" occupancy="36.27" speed="6.20" harmonicMeanSpeed="5.05" length="5.00" nVehEntered="11"/>
    <interval begin="11100.00" end="11130.00" id="0" nVehContrib="3" flow="360.00" occupancy="4.70" speed="11.25" harmonicMeanSpeed="10.65" length="5.00" nVehEntered="3"/>
    <interval begin="11130.00" end="11160.00" id="0" nVehContrib="0" flow="0.00" occupancy="0.00" speed="-1.00" harmonicMeanSpeed="-1.00" length="-1.00" nVehEntered="0"/>
    <interval begin="11160.00" end="11190.00" id="0" nVehContrib="11" flow="1320.00" occupancy="37.34" speed="6.15" harmonicMeanSpeed="4.91" length="5.00" nVehEntered="11"/>
    <interval begin="11190.00" end="11220.00" id="0" nVehContrib="4" flow="480.00" occupancy="6.46" speed="10.71" harmonicMeanSpeed="10.32" length="5.00" nVehEntered="4"/>
    <interval begin="11220.00" end="11250.00" id="0" nVehContrib="0" flow="0.00" occupancy="0.00" speed="-1.00" harmonicMeanSpeed="-1.00" length="-1.00" nVehEntered="0"/>
    <interval begin="11250.00" end="11280.00" id="0" nVehContrib="11" flow="1320.00" occupancy="35.35" speed="6.57" harmonicMeanSpeed="5.19" length="5.00" nVehEntered="11"/>
    <interval begin="11280.00" end="11310.00" id="0" nVehContrib="2" flow="240.00" occupancy="2.37" speed="14.11" harmonicMeanSpeed="14.07" length="5.00" nVehEntered="2"/>
    <interval begin="11310.00" end="11340.00" id="0" nVehContrib="0" flow="0.00" occupancy="0.00" speed="-1.00" harmonicMeanSpeed="-1.00" length="-1.00" nVehEntered="0"/>
    <interval begin="11340.00" end="11370.00" id="0" nVehContrib="9" flow="1080.00" occupancy="31.20" speed="6.00" harmonicMeanSpeed="4.83" length="5.00" nVehEntered="10"/>
    <interval begin="11370.00" end="11400.00" id="0" nVehContrib="3" flow="360.00" occupancy="3.51" speed="13.67" harmonicMeanSpeed="13.67" length="5.00" nVehEntered="2"/>
    <interval begin="11400.00" end="11430.00" id="0" nVehContrib="0" flow="0.00" occupancy="0.00" speed="-1.00" harmonicMeanSpeed="-1.00" length="-1.00" nVehEntered="0"/>
    <interval begin="11430.00" end="11460.00" id="0" nVehContrib="11" flow="1320.00" occupancy="36.60" speed="6.16" harmonicMeanSpeed="5.01" length="5.00" nVehEntered="11"/>
    <interval begin="11460.00" end="11490.00" id="0" nVehContrib="3" flow="360.00" occupancy="3.80" speed="13.41" harmonicMeanSpeed="13.15" length="5.00" nVehEntered="3"/>
    <interval begin="11490.00" end="11520.00" id="0" nVehContrib="0" flow="0.00" occupancy="0.00" speed="-1.00" harmonicMeanSpeed="-1.00" length="-1.00" nVehEntered="0"/>
    <interval begin="11520.00" end="11550.00" id="0" nVehContrib="11" flow="1320.00" occupancy="34.91" speed="6.44" harmonicMeanSpeed="5.25" length="5.00" nVehEntered="11"/>
    <interval begin="11550.00" end="11580.00" id="0" nVehContrib="3" flow="360.00" occupancy="4.06" speed="12.45" harmonicMeanSpeed="12.31" length="5.00" nVehEntered="3"/>
    <interval begin="11580.00" end="11610.00" id="0" nVehContrib="0" flow="0.00" occupancy="0.00" speed="-1.00" harmonicMeanSpeed="-1.00" length="-1.00" nVehEntered="0"/>
    <interval begin="11610.00" end="11640.00" id="0" nVehContrib="11" flow="1320.00" occupancy="35.41" speed="6.29" harmonicMeanSpeed="5.18" length="5.00" nVehEntered="11"/>
    <interval begin="11640.00" end="11670.00" id="0" nVehContrib="2" flow="240.00" occupancy="2.42" speed="13.80" harmonicMeanSpeed="13.80" length="5.00" nVehEntered="2"/>
    <interval begin="11670.00" end="11700.00" id="0" nVehContrib="0" flow="0.00" occupancy="0.00" speed="-1.00" harmonicMeanSpeed="-1.00" length="-1.00" nVehEntered="0"/>
    <interval begin="11700.00" end="11730.00" id="0" nVehContrib="11" flow="1320.00" occupancy="37.69" speed="6.15" harmonicMeanSpeed="4.94" length="5.00" nVehEntered="12"/>
    <interval begin="11730.00" end="11760.00" id="0" nVehContrib="3" flow="360.00" occupancy="3.87" speed="11.62" harmonicMeanSpeed="11.31" length="5.00" nVehEntered="2"/>
    <interval begin="11760.00" end="11790.00" id="0" nVehContrib="0" flow="0.00" occupancy="0.00" speed="-1.00" harmonicMeanSpeed="-1.00" length="-1.00" nVehEntered="0"/>
    <interval begin="11790.00" end="11820.00" id="0" nVehContrib="11" flow="1320.00" occupancy="35.78" speed="6.35" harmonicMeanSpeed="5.12" length="5.00" nVehEntered="11"/>
    <interval begin="11820.00" end="11850.00" id="0" nVehContrib="3" flow="360.00" occupancy="3.89" speed="12.97" harmonicMeanSpeed="12.84" length="5.00" nVehEntered="3"/>
    <interval begin="11850.00" end="11880.00" id="0" nVehContrib="0" flow="0.00" occupancy="0.00" speed="-1.00" harmonicMeanSpeed="-1.00" length="-1.00" nVehEntered="0"/>
    <interval begin="11880.00" end="11910.00" id="0" nVehContrib="11" flow="1320.00" occupancy="35.30" speed="6.40" harmonicMeanSpeed="5.19" length="5.00" nVehEntered="11"/>
    <interval begin="11910.00" end="11940.00" id="0" nVehContrib="3" flow="360.00" occupancy="3.67" speed="13.78" harmonicMeanSpeed="13.63" length="5.00" nVehEntered="3"/>
    <interval begin="11940.00" end="11970.00" id="0" nVehContrib="0" flow="0.00" occupancy="0.00" speed="-1.00" harmonicMeanSpeed="-1.00" length="-1.00" nVehEntered="0"/>
    <interval begin="11970.00" end="12000.00" id="0" nVehContrib="10" flow="1200.00" occupancy="34.47" speed="6.21" harmonicMeanSpeed="4.83" length="5.00" nVehEntered="10"/>
    <interval begin="12000.00" end="12030.00" id="0" nVehContrib="3" flow="360.00" occupancy="3.57" speed="14.09" harmonicMeanSpeed="14.02" length="5.00" nVehEntered="3"/>
    <interval begin="12030.00" end="12060.00" id="0" nVehContrib="0" flow="0.00" occupancy="0.00" speed="-1.00" harmonicMeanSpeed="-1.00" length="-1.00" nVehEntered="0"/>
    <interval begin="12060.00" end="12090.00" id="0" nVehContrib="11" flow="1320.00" occupancy="35.07" speed="6.43" harmonicMeanSpeed="5.23" length="5.00" nVehEntered="11"/>
    <interval begin="12090.00" end="12120.00" id="0" nVehContrib="4" flow="480.00" occupancy="5.57" speed="12.29" harmonicMeanSpeed="11.97" length="5.00" nVehEntered="4"/>
    <interval begin="12120.00" end="12150.00" id="0" nVehContrib="0" flow="0.00" occupancy="0.00" speed="-1.00" harmonicMeanSpeed="-1.00" length="-1.00" nVehEntered="0"/>
    <interval begin="12150.00" end="12180.00" id="0" nVehContrib="11" flow="1320.00" occupancy="34.91" speed="6.46" harmonicMeanSpeed="5.25" length="5.00" nVehEntered="11"/>
    <interval begin="12180.00" end="12210.00" id="0" nVehContrib="3" flow="360.00" occupancy="3.92" speed="13.20" harmonicMeanSpeed="12.77" length="5.00" nVehEntered="3"/>
    <interval begin="12210.00" end="12240.00" id="0" nVehContrib="0" flow="0.00" occupancy="0.00" speed="-1.00" harmonicMeanSpeed="-1.00" length="-1.00" nVehEntered="0"/>
    <interval begin="12240.00" end="12270.00" id="0" nVehContrib="10" flow="1200.00" occupancy="32.74" speed="6.65" harmonicMeanSpeed="5.09" length="5.00" nVehEntered="10"/>
    <interval begin="12270.00" end="12300.00" id="0" nVehContrib="2" flow="240.00" occupancy="2.26" speed="14.78" harmonicMeanSpeed="14.78" length="5.00" nVehEntered="2"/>
    <interval begin="12300.00" end="12330.00" id="0" nVehContrib="0" flow="0.00" occupancy="0.00" speed="-1.00" harmonicMeanSpeed="-1.00" length="-1.00" nVehEntered="0"/>
    <interval begin="12330.00" end="12360.00" id="0" nVehContrib="11" flow="1320.00" occupancy="34.80" speed="6.46" harmonicMeanSpeed="5.27" length="5.00" nVehEntered="11"/>
    <interval begin="12360.00" end="12390.00" id="0" nVehContrib="3" flow="360.00" occupancy="3.94" speed="12.97" harmonicMeanSpeed="12.69" length="5.00" nVehEntered="3"/>
    <interval begin="12390.00" end="12420.00" id="0" nVehContrib="0" flow="0.00" occupancy="0.00" speed="-1.00" harmonicMeanSpeed="-1.00" length="-1.00" nVehEntered="0"/>
    <interval begin="12420.00" end="12450.00" id="0" nVehContrib="10" flow="1200.00" occupancy="33.20" speed="6.36" harmonicMeanSpeed="5.02" length="5.00" nVehEntered="10"/>
    <interval begin="12450.00" end="12480.00" id="0" nVehContrib="3" flow="360.00" occupancy="3.66" speed="13.71" harmonicMeanSpeed="13.67" length="5.00" nVehEntered="3"/>
    <interval begin="12480.00" end="12510.00" id="0" nVehContrib="0" flow="0.00" occupancy="0.00" speed="-1.00" harmonicMeanSpeed="-1.00" length="-1.00" nVehEntered="0"/>
    <interval begin="12510.00" end="12540.00" id="0" nVehContrib="11" flow="1320.00" occupancy="36.51" speed="6.05" harmonicMeanSpeed="5.03" length="5.00" nVehEntered="12"/>
    <interval begin="12540.00" end="12570.00" id="0" nVehContrib="3" flow="360.00" occupancy="4.34" speed="11.74" harmonicMeanSpeed="11.29" length="5.00" nVehEntered="2"/>
    <interval begin="12570.00" end="12600.00" id="0" nVehContrib="0" flow="0.00" occupancy="0.00" speed="-1.00" harmonicMeanSpeed="-1.00" length="-1.00" nVehEntered="0"/>
    <interval begin="12600.00" end="12630.00" id="0" nVehContrib="11" flow="1320.00" occupancy="36.15" speed="6.08" harmonicMeanSpeed="5.11" length="5.00" nVehEntered="12"/>
    <interval begin="12630.00" end="12660.00" id="0" nVehContrib="3" flow="360.00" occupancy="3.86" speed="12.50" harmonicMeanSpeed="12.09" length="5.00" nVehEntered="2"/>
    <interval begin="12660.00" end="12690.00" id="0" nVehContrib="0" flow="0.00" occupancy="0.00" speed="-1.00" harmonicMeanSpeed="-1.00" length="-1.00" nVehEntered="0"/>
    <interval begin="12690.00" end="12720.00" id="0" nVehContrib="11" flow="1320.00" occupancy="34.55" speed="6.51" harmonicMeanSpeed="5.31" length="5.00" nVehEntered="11"/>
    <interval begin="12720.00" end="12750.00" id="0" nVehContrib="3" flow="360.00" occupancy="3.71" speed="13.71" harmonicMeanSpeed="13.49" length="5.00" nVehEntered="3"/>
    <interval begin="12750.00" end="12780.00" id="0" nVehContrib="0" flow="0.00" occupancy="0.00" speed="-1.00" harmonicMeanSpeed="-1.00" length="-1.00" nVehEntered="0"/>
    <interval begin="12780.00" end="12810.00" id="0" nVehContrib="11" flow="1320.00" occupancy="34.85" speed="6.41" harmonicMeanSpeed="5.26" length="5.00" nVehEntered="11"/>
    <interval begin="12810.00" end="12840.00" id="0" nVehContrib="4" flow="480.00" occupancy="5.85" speed="11.53" harmonicMeanSpeed="11.40" length="5.00" nVehEntered="4"/>
    <interval begin="12840.00" end="12870.00" id="0" nVehContrib="0" flow="0.00" occupancy="0.00" speed="-1.00" harmonicMeanSpeed="-1.00" length="-1.00" nVehEntered="0"/>
    <interval begin="12870.00" end="12900.00" id="0" nVehContrib="11" flow="1320.00" occupancy="35.63" speed="6.43" harmonicMeanSpeed="5.15" length="5.00" nVehEntered="11"/>
    <interval begin="12900.00" end="12930.00" id="0" nVehContrib="2" flow="240.00" occupancy="2.27" speed="14.69" harmonicMeanSpeed="14.69" length="5.00" nVehEntered="2"/>
    <interval begin="12930.00" end="12960.00" id="0" nVehContrib="0" flow="0.00" occupancy="0.00" speed="-1.00" harmonicMeanSpeed="-1.00" length="-1.00" nVehEntered="0"/>
    <interval begin="12960.00" end="12990.00" id="0" nVehContrib="11" flow="1320.00" occupancy="35.78" speed="6.42" harmonicMeanSpeed="5.12" length="5.00" nVehEntered="11"/>
    <interval begin="12990.00" end="13020.00" id="0" nVehContrib="3" flow="360.00" occupancy="3.71" speed="13.48" harmonicMeanSpeed="13.48" length="5.00" nVehEntered="3"/>
    <interval begin="13020.00" end="13050.00" id="0" nVehContrib="0" flow="0.00" occupancy="0.00" speed="-1.00" harmonicMeanSpeed="-1.00" length="-1.00" nVehEntered="0"/>
    <interval begin="13050.00" end="13080.00" id="0" nVehContrib="11" flow="1320.00" occupancy="35.64" speed="6.29" harmonicMeanSpeed="5.14" length="5.00" nVehEntered="11"/>
    <interval begin="13080.00" end="13110.00" id="0" nVehContrib="3" flow="360.00" occupancy="4.14" speed="12.23" harmonicMeanSpeed="12.08" length="5.00" nVehEntered="3"/>
    <interval begin="13110.00" end="13140.00" id="0" nVehContrib="0" flow="0.00" occupancy="0.00" speed="-1.00" harmonicMeanSpeed="-1.00" length="-1.00" nVehEntered="0"/>
    <interval begin="13140.00" end="13170.00" id="0" nVehContrib="11" flow="1320.00" occupancy="36.18" speed="6.46" harmonicMeanSpeed="5.07" length="5.00" nVehEntered="11"/>
    <interval begin="13170.00" end="13200.00" id="0" nVehContrib="3" flow="360.00" occupancy="4.41" speed="11.72" harmonicMeanSpeed="11.34" length="5.00" nVehEntered="3"/>
    <interval begin="13200.00" end="13230.00" id="0" nVehContrib="0" flow="0.00" occupancy="0.00" speed="-1.00" harmonicMeanSpeed="-1.00" length="-1.00" nVehEntered="0"/>
    <interval begin="13230.00" end="13260.00" id="0" nVehContrib="11" flow="1320.00" occupancy="35.97" speed="6.27" harmonicMeanSpeed="5.10" length="5.00" nVehEntered="11"/>
    <interval begin="13260.00" end="13290.00" id="0" nVehContrib="2" flow="240.00" occupancy="2.45" speed="13.62" harmonicMeanSpeed="13.62" length="5.00" nVehEntered="2"/>
    <interval begin="13290.00" end="13320.00" id="0" nVehContrib="0" flow="0.00" occupancy="0.00" speed="-1.00" harmonicMeanSpeed="-1.00" length="-1.00" nVehEntered="0"/>
    <interval begin="13320.00" end="13350.00" id="0" nVehContrib="11" flow="1320.00" occupancy="37.84" speed="6.12" harmonicMeanSpeed="4.91" length="5.00" nVehEntered="12"/>
    <interval begin="13350.00" end="13380.00" id="0" nVehContrib="3" flow="360.00" occupancy="3.90" speed="11.58" harmonicMeanSpeed="11.31" length="5.00" nVehEntered="2"/>
    <interval begin="13380.00" end="13410.00" id="0" nVehContrib="0" flow="0.00" occupancy="0.00" speed="-1.00" harmonicMeanSpeed="-1.00" length="-1.00" nVehEntered="0"/>
    <interval begin="13410.00" end="13440.00" id="0" nVehContrib="11" flow="1320.00" occupancy="34.27" speed="6.53" harmonicMeanSpeed="5.35" length="5.00" nVehEntered="11"/>
    <interval begin="13440.00" end="13470.00" id="0" nVehContrib="4" flow="480.00" occupancy="5.91" speed="11.60" harmonicMeanSpeed="11.28" length="5.00" nVehEntered="4"/>
    <interval begin="13470.00" end="13500.00" id="0" nVehContrib="0" flow="0.00" occupancy="0.00" speed="-1.00" harmonicMeanSpeed="-1.00" length="-1.00" nVehEntered="0"/>
    <interval begin="13500.00" end="13530.00" id="0" nVehContrib="11" flow="1320.00" occupancy="35.59" speed="6.23" harmonicMeanSpeed="5.15" length="5.00" nVehEntered="11"/>
    <interval begin="13530.00" end="13560.00" id="0" nVehContrib="3" flow="360.00" occupancy="3.92" speed="13.15" harmonicMeanSpeed="12.76" length="5.00" nVehEntered="3"/>
    <interval begin="13560.00" end="13590.00" id="0" nVehContrib="0" flow="0.00" occupancy="0.00" speed="-1.00" harmonicMeanSpeed="-1.00" length="-1.00" nVehEntered="0"/>
    <interval begin="13590.00" end="13620.00" id="0" nVehContrib="11" flow="1320.00" occupancy="36.06" speed="6.38" harmonicMeanSpeed="5.08" length="5.00" nVehEntered="11"/>
    <interval begin="13620.00" end="13650.00" id="0" nVehContrib="2" flow="240.00" occupancy="2.50" speed="13.41" harmonicMeanSpeed="13.35" length="5.00" nVehEntered="2"/>
    <interval begin="13650.00" end="13680.00" id="0" nVehContrib="0" flow="0.00" occupancy="0.00" speed="-1.00" harmonicMeanSpeed="-1.00" length="-1.00" nVehEntered="0"/>
    <interval begin="13680.00" end="13710.00" id="0" nVehContrib="10" flow="1200.00" occupancy="33.69" speed="6.37" harmonicMeanSpeed="5.06" length="5.00" nVehEntered="11"/>
    <interval begin="13710.00" end="13740.00" id="0" nVehContrib="3" flow="360.00" occupancy="2.74" speed="14.46" harmonicMeanSpeed="14.44" length="5.00" nVehEntered="2"/>
    <interval begin="13740.00" end="13770.00" id="0" nVehContrib="0" flow="0.00" occupancy="0.00" speed="-1.00" harmonicMeanSpeed="-1.00" length="-1.00" nVehEntered="0"/>
    <interval begin="13770.00" end="13800.00" id="0" nVehContrib="11" flow="1320.00" occupancy="35.83" speed="6.41" harmonicMeanSpeed="5.12" length="5.00" nVehEntered="11"/>
    <interval begin="13800.00" end="13830.00" id="0" nVehContrib="2" flow="240.00" occupancy="2.81" speed="12.02" harmonicMeanSpeed="11.88" length="5.00" nVehEntered="2"/>
    <interval begin="13830.00" end="13860.00" id="0" nVehContrib="0" flow="0.00" occupancy="0.00" speed="-1.00" harmonicMeanSpeed="-1.00" length="-1.00" nVehEntered="0"/>
    <interval begin="13860.00" end="13890.00" id="0" nVehContrib="11" flow="1320.00" occupancy="35.09" speed="6.39" harmonicMeanSpeed="5.22" length="5.00" nVehEntered="11"/>
    <interval begin="13890.00" end="13920.00" id="0" nVehContrib="4" flow="480.00" occupancy="6.93" speed="10.00" harmonicMeanSpeed="9.62" length="5.00" nVehEntered="4"/>
    <interval begin="13920.00" end="13950.00" id="0" nVehContrib="0" flow="0.00" occupancy="0.00" speed="-1.00" harmonicMeanSpeed="-1.00" length="-1.00" nVehEntered="0"/>
    <interval begin="13950.00" end="13980.00" id="0" nVehContrib="11" flow="1320.00" occupancy="35.11" speed="6.47" harmonicMeanSpeed="5.22" length="5.00" nVehEntered="11"/>
    <interval begin="13980.00" end="14010.00" id="0" nVehContrib="3" flow="360.00" occupancy="4.02" speed="12.76" harmonicMeanSpeed="12.43" length="5.00" nVehEntered="3"/>
    <interval begin="14010.00" end="14040.00" id="0" nVehContrib="0" flow="0.00" occupancy="0.00" speed="-1.00" harmonicMeanSpeed="-1.00" length="-1.00" nVehEntered="0"/>
    <interval begin="14040.00" end="14070.00" id="0" nVehContrib="11" flow="1320.00" occupancy="36.17" speed="6.41" harmonicMeanSpeed="5.21" length="5.00" nVehEntered="12"/>
    <interval begin="14070.00" end="14100.00" id="0" nVehContrib="3" flow="360.00" occupancy="2.96" speed="12.97" harmonicMeanSpeed="12.60" length="5.00" nVehEntered="2"/>
    <interval begin="14100.00" end="14130.00" id="0" nVehContrib="0" flow="0.00" occupancy="0.00" speed="-1.00" harmonicMeanSpeed="-1.00" length="-1.00" nVehEntered="0"/>
    <interval begin="14130.00" end="14160.00" id="0" nVehContrib="11" flow="1320.00" occupancy="35.26" speed="6.32" harmonicMeanSpeed="5.20" length="5.00" nVehEntered="11"/>
    <interval begin="14160.00" end="14190.00" id="0" nVehContrib="3" flow="360.00" occupancy="3.68" speed="13.76" harmonicMeanSpeed="13.60" length="5.00" nVehEntered="3"/>
    <interval begin="14190.00" end="14220.00" id="0" nVehContrib="0" flow="0.00" occupancy="0.00" speed="-1.00" harmonicMeanSpeed="-1.00" length="-1.00" nVehEntered="0"/>
    <interval begin="14220.00" end="14250.00" id="0" nVehContrib="11" flow="1320.00" occupancy="36.77" speed="6.20" harmonicMeanSpeed="4.99" length="5.00" nVehEntered="11"/>
    <interval begin="14250.00" end="14280.00" id="0" nVehContrib="4" flow="480.00" occupancy="5.84" speed="11.94" harmonicMeanSpeed="11.41" length="5.00" nVehEntered="4"/>
    <interval begin="14280.00" end="14310.00" id="0" nVehContrib="0" flow="0.00" occupancy="0.00" speed="-1.00" harmonicMeanSpeed="-1.00" length="-1.00" nVehEntered="0"/>
    <interval begin="14310.00" end="14340.00" id="0" nVehContrib="11" flow="1320.00" occupancy="38.75" speed="5.96" harmonicMeanSpeed="4.92" length="5.00" nVehEntered="12"/>
    <interval begin="14340.00" end="14370.00" id="0" nVehContrib="4" flow="480.00" occupancy="4.82" speed="11.01" harmonicMeanSpeed="10.54" length="5.00" nVehEntered="3"/>
    <interval begin="14370.00" end="14400.00" id="0" nVehContrib="0" flow="0.00" occupancy="0.00" speed="-1.00" harmonicMeanSpeed="-1.00" length="-1.00" nVehEntered="0"/>
    <interval begin="14400.00" end="14430.00" id="0" nVehContrib="11" flow="1320.00" occupancy="35.75" speed="6.33" harmonicMeanSpeed="5.13" length="5.00" nVehEntered="11"/>
    <interval begin="14430.00" end="14460.00" id="0" nVehContrib="2" flow="240.00" occupancy="2.51" speed="13.28" harmonicMeanSpeed="13.27" length="5.00" nVehEntered="2"/>
    <interval begin="14460.00" end="14490.00" id="0" nVehContrib="0" flow="0.00" occupancy="0.00" speed="-1.00" harmonicMeanSpeed="-1.00" length="-1.00" nVehEntered="0"/>
    <interval begin="14490.00" end="14520.00" id="0" nVehContrib="11" flow="1320.00" occupancy="34.82" speed="6.52" harmonicMeanSpeed="5.27" length="5.00" nVehEntered="11"/>
    <interval begin="14520.00" end="14550.00" id="0" nVehContrib="3" flow="360.00" occupancy="4.41" speed="11.70" harmonicMeanSpeed="11.34" length="5.00" nVehEntered="3"/>
    <interval begin="14550.00" end="14580.00" id="0" nVehContrib="0" flow="0.00" occupancy="0.00" speed="-1.00" harmonicMeanSpeed="-1.00" length="-1.00" nVehEntered="0"/>
    <interval begin="14580.00" end="14610.00" id="0" nVehContrib="11" flow="1320.00" occupancy="35.61" speed="6.31" harmonicMeanSpeed="5.15" length="5.00" nVehEntered="11"/>
    <interval begin="14610.00" end="14640.00" id="0" nVehContrib="4" flow="480.00" occupancy="6.20" speed="11.13" harmonicMeanSpeed="10.75" length="5.00" nVehEntered="4"/>
    <interval begin="14640.00" end="14670.00" id="0" nVehContrib="0" flow="0.00" occupancy="0.00" speed="-1.00" harmonicMeanSpeed="-1.00" length="-1.00" nVehEntered="0"/>
    <interval begin="14670.00" end="14700.00" id="0" nVehContrib="11" flow="1320.00" occupancy="35.05" speed="6.48" harmonicMeanSpeed="5.23" length="5.00" nVehEntered="11"/>
    <interval begin="14700.00" end="14730.00" id="0" nVehContrib="4" flow="480.00" occupancy="6.04" speed="11.45" harmonicMeanSpeed="11.03" length="5.00" nVehEntered="4"/>
    <interval begin="14730.00" end="14760.00" id="0" nVehContrib="0" flow="0.00" occupancy="0.00" speed="-1.00" harmonicMeanSpeed="-1.00" length="-1.00" nVehEntered="0"/>
    <interval begin="14760.00" end="14790.00" id="0" nVehContrib="11" flow="1320.00" occupancy="35.84" speed="6.24" harmonicMeanSpeed="5.12" length="5.00" nVehEntered="11"/>
    <interval begin="14790.00" end="14820.00" id="0" nVehContrib="3" flow="360.00" occupancy="3.55" speed="14.13" harmonicMeanSpeed="14.08" length="5.00" nVehEntered="3"/>
    <interval begin="14820.00" end="14850.00" id="0" nVehContrib="0" flow="0.00" occupancy="0.00" speed="-1.00" harmonicMeanSpeed="-1.00" length="-1.00" nVehEntered="0"/>
    <interval begin="14850.00" end="14880.00" id="0" nVehContrib="10" flow="1200.00" occupancy="33.30" speed="6.28" harmonicMeanSpeed="5.00" length="5.00" nVehEntered="10"/>
    <interval begin="14880.00" end="14910.00" id="0" nVehContrib="2" flow="240.00" occupancy="2.26" speed="14.76" harmonicMeanSpeed="14.76" length="5.00" nVehEntered="2"/>
    <interval begin="14910.00" end="14940.00" id="0" nVehContrib="0" flow="0.00" occupancy="0.00" speed="-1.00" harmonicMeanSpeed="-1.00" length="-1.00" nVehEntered="0"/>
    <interval begin="14940.00" end="14970.00" id="0" nVehContrib="10" flow="1200.00" occupancy="32.31" speed="6.22" harmonicMeanSpeed="5.16" length="5.00" nVehEntered="10"/>
    <interval begin="14970.00" end="15000.00" id="0" nVehContrib="3" flow="360.00" occupancy="3.49" speed="14.37" harmonicMeanSpeed="14.32" length="5.00" nVehEntered="3"/>
    <interval begin="15000.00" end="15030.00" id="0" nVehContrib="0" flow="0.00" occupancy="0.00" speed="-1.00" harmonicMeanSpeed="-1.00" length="-1.00" nVehEntered="0"/>
    <interval begin="15030.00" end="15060.00" id="0" nVehContrib="11" flow="1320.00" occupancy="35.34" speed="6.50" harmonicMeanSpeed="5.19" length="5.00" nVehEntered="11"/>
    <interval begin="15060.00" end="15090.00" id="0" nVehContrib="4" flow="480.00" occupancy="6.42" speed="10.63" harmonicMeanSpeed="10.38" length="5.00" nVehEntered="4"/>
    <interval begin="15090.00" end="15120.00" id="0" nVehContrib="0" flow="0.00" occupancy="0.00" speed="-1.00" harmonicMeanSpeed="-1.00" length="-1.00" nVehEntered="0"/>
    <interval begin="15120.00" end="15150.00" id="0" nVehContrib="11" flow="1320.00" occupancy="35.85" speed="6.31" harmonicMeanSpeed="5.11" length="5.00" nVehEntered="11"/>
    <interval begin="15150.00" end="15180.00" id="0" nVehContrib="4" flow="480.00" occupancy="6.16" speed="11.04" harmonicMeanSpeed="10.82" length="5.00" nVehEntered="4"/>
    <interval begin="15180.00" end="15210.00" id="0" nVehContrib="0" flow="0.00" occupancy="0.00" speed="-1.00" harmonicMeanSpeed="-1.00" length="-1.00" nVehEntered="0"/>
    <interval begin="15210.00" end="15240.00" id="0" nVehContrib="11" flow="1320.00" occupancy="36.66" speed="6.19" harmonicMeanSpeed="5.00" length="5.00" nVehEntered="11"/>
    <interval begin="15240.00" end="15270.00" id="0" nVehContrib="2" flow="240.00" occupancy="2.92" speed="11.52" harmonicMeanSpeed="11.41" length="5.00" nVehEntered="2"/>
    <interval begin="15270.00" end="15300.00" id="0" nVehContrib="0" flow="0.00" occupancy="0.00" speed="-1.00" harmonicMeanSpeed="-1.00" length="-1.00" nVehEntered="0"/>
    <interval begin="15300.00" end="15330.00" id="0" nVehContrib="11" flow="1320.00" occupancy="34.71" speed="6.40" harmonicMeanSpeed="5.28" length="5.00" nVehEntered="11"/>
    <interval begin="15330.00" end="15360.00" id="0" nVehContrib="4" flow="480.00" occupancy="6.28" speed="10.80" harmonicMeanSpeed="10.62" length="5.00" nVehEntered="4"/>
    <interval begin="15360.00" end="15390.00" id="0" nVehContrib="0" flow="0.00" occupancy="0.00" speed="-1.00" harmonicMeanSpeed="-1.00" length="-1.00" nVehEntered="0"/>
    <interval begin="15390.00" end="15420.00" id="0" nVehContrib="10" flow="1200.00" occupancy="35.14" speed="6.16" harmonicMeanSpeed="4.98" length="5.00" nVehEntered="11"/>
    <interval begin="15420.00" end="15450.00" id="0" nVehContrib="4" flow="480.00" occupancy="4.43" speed="11.28" harmonicMeanSpeed="10.95" length="5.00" nVehEntered="3"/>
    <interval begin="15450.00" end="15480.00" id="0" nVehContrib="0" flow="0.00" occupancy="0.00" speed="-1.00" harmonicMeanSpeed="-1.00" length="-1.00" nVehEntered="0"/>
    <interval begin="15480.00" end="15510.00" id="0" nVehContrib="10" flow="1200.00" occupancy="33.79" speed="6.25" harmonicMeanSpeed="5.05" length="5.00" nVehEntered="11"/>
    <interval begin="15510.00" end="15540.00" id="0" nVehContrib="3" flow="360.00" occupancy="2.90" speed="13.72" harmonicMeanSpeed="13.63" length="5.00" nVehEntered="2"/>
    <interval begin="15540.00" end="15570.00" id="0" nVehContrib="0" flow="0.00" occupancy="0.00" speed="-1.00" harmonicMeanSpeed="-1.00" length="-1.00" nVehEntered="0"/>
    <interval begin="15570.00" end="15600.00" id="0" nVehContrib="11" flow="1320.00" occupancy="36.75" speed="6.09" harmonicMeanSpeed="4.99" length="5.00" nVehEntered="11"/>
    <interval begin="15600.00" end="15630.00" id="0" nVehContrib="3" flow="360.00" occupancy="4.18" speed="12.48" harmonicMeanSpeed="11.97" length="5.00" nVehEntered="3"/>
    <interval begin="15630.00" end="15660.00" id="0" nVehContrib="0" flow="0.00" occupancy="0.00" speed="-1.00" harmonicMeanSpeed="-1.00" length="-1.00" nVehEntered="0"/>
    <interval begin="15660.00" end="15690.00" id="0" nVehContrib="11" flow="1320.00" occupancy="34.67" speed="6.51" harmonicMeanSpeed="5.29" length="5.00" nVehEntered="11"/>
    <interval begin="15690.00" end="15720.00" id="0" nVehContrib="3" flow="360.00" occupancy="4.65" speed="11.13" harmonicMeanSpeed="10.76" length="5.00" nVehEntered="3"/>
    <interval begin="15720.00" end="15750.00" id="0" nVehContrib="0" flow="0.00" occupancy="0.00" speed="-1.00" harmonicMeanSpeed="-1.00" length="-1.00" nVehEntered="0"/>
    <interval begin="15750.00" end="15780.00" id="0" nVehContrib="11" flow="1320.00" occupancy="36.04" speed="6.35" harmonicMeanSpeed="5.09" length="5.00" nVehEntered="11"/>
    <interval begin="15780.00" end="15810.00" id="0" nVehContrib="3" flow="360.00" occupancy="3.96" speed="12.65" harmonicMeanSpeed="12.62" length="5.00" nVehEntered="3"/>
    <interval begin="15810.00" end="15840.00" id="0" nVehContrib="0" flow="0.00" occupancy="0.00" speed="-1.00" harmonicMeanSpeed="-1.00" length="-1.00" nVehEntered="0"/>
    <interval begin="15840.00" end="15870.00" id="0" nVehContrib="11" flow="1320.00" occupancy="35.70" speed="6.22" harmonicMeanSpeed="5.14" length="5.00" nVehEntered="11"/>
    <interval begin="15870.00" end="15900.00" id="0" nVehContrib="3" flow="360.00" occupancy="3.65" speed="13.87" harmonicMeanSpeed="13.71" length="5.00" nVehEntered="3"/>
    <interval begin="15900.00" end="15930.00" id="0" nVehContrib="0" flow="0.00" occupancy="0.00" speed="-1.00" harmonicMeanSpeed="-1.00" length="-1.00" nVehEntered="0"/>
    <interval begin="15930.00" end="15960.00" id="0" nVehContrib="11" flow="1320.00" occupancy="34.57" speed="6.54" harmonicMeanSpeed="5.30" length="5.00" nVehEntered="11"/>
    <interval begin="15960.00" end="15990.00" id="0" nVehContrib="3" flow="360.00" occupancy="3.50" speed="14.30" harmonicMeanSpeed="14.28" length="5.00" nVehEntered="3"/>
    <interval begin="15990.00" end="16020.00" id="0" nVehContrib="0" flow="0.00" occupancy="0.00" speed="-1.00" harmonicMeanSpeed="-1.00" length="-1.00" nVehEntered="0"/>
    <interval begin="16020.00" end="16050.00" id="0" nVehContrib="10" flow="1200.00" occupancy="33.31" speed="5.98" harmonicMeanSpeed="5.00" length="5.00" nVehEntered="10"/>
    <interval begin="16050.00" end="16080.00" id="0" nVehContrib="2" flow="240.00" occupancy="2.28" speed="14.65" harmonicMeanSpeed="14.65" length="5.00" nVehEntered="2"/>
    <interval begin="16080.00" end="16110.00" id="0" nVehContrib="0" flow="0.00" occupancy="0.00" speed="-1.00" harmonicMeanSpeed="-1.00" length="-1.00" nVehEntered="0"/>
    <interval begin="16110.00" end="16140.00" id="0" nVehContrib="11" flow="1320.00" occupancy="35.35" speed="6.38" harmonicMeanSpeed="5.19" length="5.00" nVehEntered="11"/>
    <interval begin="16140.00" end="16170.00" id="0" nVehContrib="3" flow="360.00" occupancy="4.46" speed="11.59" harmonicMeanSpeed="11.21" length="5.00" nVehEntered="3"/>
    <interval begin="16170.00" end="16200.00" id="0" nVehContrib="0" flow="0.00" occupancy="0.00" speed="-1.00" harmonicMeanSpeed="-1.00" length="-1.00" nVehEntered="0"/>
    <interval begin="16200.00" end="16230.00" id="0" nVehContrib="11" flow="1320.00" occupancy="34.90" speed="6.49" harmonicMeanSpeed="5.25" length="5.00" nVehEntered="11"/>
    <interval begin="16230.00" end="16260.00" id="0" nVehContrib="4" flow="480.00" occupancy="5.75" speed="12.02" harmonicMeanSpeed="11.59" length="5.00" nVehEntered="4"/>
    <interval begin="16260.00" end="16290.00" id="0" nVehContrib="0" flow="0.00" occupancy="0.00" speed="-1.00" harmonicMeanSpeed="-1.00" length="-1.00" nVehEntered="0"/>
    <interval begin="16290.00" end="16320.00" id="0" nVehContrib="11" flow="1320.00" occupancy="35.66" speed="6.29" harmonicMeanSpeed="5.14" length="5.00" nVehEntered="11"/>
    <interval begin="16320.00" end="16350.00" id="0" nVehContrib="2" flow="240.00" occupancy="2.40" speed="13.89" harmonicMeanSpeed="13.87" length="5.00" nVehEntered="2"/>
    <interval begin="16350.00" end="16380.00" id="0" nVehContrib="0" flow="0.00" occupancy="0.00" speed="-1.00" harmonicMeanSpeed="-1.00" length="-1.00" nVehEntered="0"/>
    <interval begin="16380.00" end="16410.00" id="0" nVehContrib="11" flow="1320.00" occupancy="34.32" speed="6.62" harmonicMeanSpeed="5.34" length="5.00" nVehEntered="11"/>
    <interval begin="16410.00" end="16440.00" id="0" nVehContrib="2" flow="240.00" occupancy="2.38" speed="14.04" harmonicMeanSpeed="13.99" length="5.00" nVehEntered="2"/>
    <interval begin="16440.00" end="16470.00" id="0" nVehContrib="0" flow="0.00" occupancy="0.00" speed="-1.00" harmonicMeanSpeed="-1.00" length="-1.00" nVehEntered="0"/>
    <interval begin="16470.00" end="16500.00" id="0" nVehContrib="11" flow="1320.00" occupancy="34.78" speed="6.44" harmonicMeanSpeed="5.27" length="5.00" nVehEntered="11"/>
    <interval begin="16500.00" end="16530.00" id="0" nVehContrib="4" flow="480.00" occupancy="5.97" speed="11.33" harmonicMeanSpeed="11.16" length="5.00" nVehEntered="4"/>
    <interval begin="16530.00" end="16560.00" id="0" nVehContrib="0" flow="0.00" occupancy="0.00" speed="-1.00" harmonicMeanSpeed="-1.00" length="-1.00" nVehEntered="0"/>
    <interval begin="16560.00" end="16590.00" id="0" nVehContrib="11" flow="1320.00" occupancy="36.53" speed="6.22" harmonicMeanSpeed="5.02" length="5.00" nVehEntered="11"/>
    <interval begin="16590.00" end="16620.00" id="0" nVehContrib="3" flow="360.00" occupancy="4.54" speed="11.40" harmonicMeanSpeed="11.02" length="5.00" nVehEntered="3"/>
    <interval begin="16620.00" end="16650.00" id="0" nVehContrib="0" flow="0.00" occupancy="0.00" speed="-1.00" harmonicMeanSpeed="-1.00" length="-1.00" nVehEntered="0"/>
    <interval begin="16650.00" end="16680.00" id="0" nVehContrib="10" flow="1200.00" occupancy="34.26" speed="6.10" harmonicMeanSpeed="4.86" length="5.00" nVehEntered="10"/>
    <interval begin="16680.00" end="16710.00" id="0" nVehContrib="3" flow="360.00" occupancy="3.40" speed="14.71" harmonicMeanSpeed="14.71" length="5.00" nVehEntered="3"/>
    <interval begin="16710.00" end="16740.00" id="0" nVehContrib="0" flow="0.00" occupancy="0.00" speed="-1.00" harmonicMeanSpeed="-1.00" length="-1.00" nVehEntered="0"/>
    <interval begin="16740.00" end="16770.00" id="0" nVehContrib="11" flow="1320.00" occupancy="33.84" speed="6.50" harmonicMeanSpeed="5.42" length="5.00" nVehEntered="11"/>
    <interval begin="16770.00" end="16800.00" id="0" nVehContrib="3" flow="360.00" occupancy="4.03" speed="12.69" harmonicMeanSpeed="12.40" length="5.00" nVehEntered="3"/>
    <interval begin="16800.00" end="16830.00" id="0" nVehContrib="0" flow="0.00" occupancy="0.00" speed="-1.00" harmonicMeanSpeed="-1.00" length="-1.00" nVehEntered="0"/>
    <interval begin="16830.00" end="16860.00" id="0" nVehContrib="11" flow="1320.00" occupancy="35.86" speed="6.25" harmonicMeanSpeed="5.11" length="5.00" nVehEntered="11"/>
    <interval begin="16860.00" end="16890.00" id="0" nVehContrib="3" flow="360.00" occupancy="4.02" speed="13.01" harmonicMeanSpeed="12.44" length="5.00" nVehEntered="3"/>
    <interval begin="16890.00" end="16920.00" id="0" nVehContrib="0" flow="0.00" occupancy="0.00" speed="-1.00" harmonicMeanSpeed="-1.00" length="-1.00" nVehEntered="0"/>
    <interval begin="16920.00" end="16950.00" id="0" nVehContrib="11" flow="1320.00" occupancy="34.10" speed="6.58" harmonicMeanSpeed="5.38" length="5.00" nVehEntered="11"/>
    <interval begin="16950.00" end="16980.00" id="0" nVehContrib="3" flow="360.00" occupancy="4.57" speed="11.20" harmonicMeanSpeed="10.93" length="5.00" nVehEntered="3"/>
    <interval begin="16980.00" end="17010.00" id="0" nVehContrib="0" flow="0.00" occupancy="0.00" speed="-1.00" harmonicMeanSpeed="-1.00" length="-1.00" nVehEntered="0"/>
    <interval begin="17010.00" end="17040.00" id="0" nVehContrib="11" flow="1320.00" occupancy="35.97" speed="6.25" harmonicMeanSpeed="5.10" length="5.00" nVehEntered="11"/>
    <interval begin="17040.00" end="17070.00" id="0" nVehContrib="3" flow="360.00" occupancy="4.24" speed="12.18" harmonicMeanSpeed="11.80" length="5.00" nVehEntered="3"/>
    <interval begin="17070.00" end="17100.00" id="0" nVehContrib="0" flow="0.00" occupancy="0.00" speed="-1.00" harmonicMeanSpeed="-1.00" length="-1.00" nVehEntered="0"/>
    <interval begin="17100.00" end="17130.00" id="0" nVehContrib="11" flow="1320.00" occupancy="36.54" speed="6.15" harmonicMeanSpeed="5.02" length="5.00" nVehEntered="11"/>
    <interval begin="17130.00" end="17160.00" id="0" nVehContrib="2" flow="240.00" occupancy="2.40" speed="13.95" harmonicMeanSpeed="13.89" length="5.00" nVehEntered="2"/>
    <interval begin="17160.00" end="17190.00" id="0" nVehContrib="0" flow="0.00" occupancy="0.00" speed="-1.00" harmonicMeanSpeed="-1.00" length="-1.00" nVehEntered="0"/>
    <interval begin="17190.00" end="17220.00" id="0" nVehContrib="11" flow="1320.00" occupancy="36.14" speed="6.25" harmonicMeanSpeed="5.07" length="5.00" nVehEntered="11"/>
    <interval begin="17220.00" end="17250.00" id="0" nVehContrib="4" flow="480.00" occupancy="5.96" speed="11.48" harmonicMeanSpeed="11.19" length="5.00" nVehEntered="4"/>
    <interval begin="17250.00" end="17280.00" id="0" nVehContrib="0" flow="0.00" occupancy="0.00" speed="-1.00" harmonicMeanSpeed="-1.00" length="-1.00" nVehEntered="0"/>
    <interval begin="17280.00" end="17310.00" id="0" nVehContrib="11" flow="1320.00" occupancy="35.85" speed="6.30" harmonicMeanSpeed="5.11" length="5.00" nVehEntered="11"/>
    <interval begin="17310.00" end="17340.00" id="0" nVehContrib="3" flow="360.00" occupancy="3.87" speed="13.22" harmonicMeanSpeed="12.92" length="5.00" nVehEntered="3"/>
    <interval begin="17340.00" end="17370.00" id="0" nVehContrib="0" flow="0.00" occupancy="0.00" speed="-1.00" harmonicMeanSpeed="-1.00" length="-1.00" nVehEntered="0"/>
    <interval begin="17370.00" end="17400.00" id="0" nVehContrib="11" flow="1320.00" occupancy="34.73" speed="6.65" harmonicMeanSpeed="5.28" length="5.00" nVehEntered="11"/>
    <interval begin="17400.00" end="17430.00" id="0" nVehContrib="2" flow="240.00" occupancy="2.32" speed="14.36" harmonicMeanSpeed="14.36" length="5.00" nVehEntered="2"/>
    <interval begin="17430.00" end="17460.00" id="0" nVehContrib="0" flow="0.00" occupancy="0.00" speed="-1.00" harmonicMeanSpeed="-1.00" length="-1.00" nVehEntered="0"/>
    <interval begin="17460.00" end="17490.00" id="0" nVehContrib="11" flow="1320.00" occupancy="35.15" speed="6.37" harmonicMeanSpeed="5.22" length="5.00" nVehEntered="11"/>
    <interval begin="17490.00" end="17520.00" id="0" nVehContrib="4" flow="480.00" occupancy="6.05" speed="11.32" harmonicMeanSpeed="11.02" length="5.00" nVehEntered="4"/>
    <interval begin="17520.00" end="17550.00" id="0" nVehContrib="0" flow="0.00" occupancy="0.00" speed="-1.00" harmonicMeanSpeed="-1.00" length="-1.00" nVehEntered="0"/>
    <interval begin="17550.00" end="17580.00" id="0" nVehContrib="12" flow="1440.00" occupancy="35.92" speed="6.95" harmonicMeanSpeed="5.57" length="5.00" nVehEntered="12"/>
    <interval begin="17580.00" end="17610.00" id="0" nVehContrib="2" flow="240.00" occupancy="2.46" speed="13.64" harmonicMeanSpeed="13.57" length="5.00" nVehEntered="2"/>
    <interval begin="17610.00" end="17640.00" id="0" nVehContrib="0" flow="0.00" occupancy="0.00" speed="-1.00" harmonicMeanSpeed="-1.00" length="-1.00" nVehEntered="0"/>
    <interval begin="17640.00" end="17670.00" id="0" nVehContrib="10" flow="1200.00" occupancy="34.65" speed="6.18" harmonicMeanSpeed="4.91" length="5.00" nVehEntered="11"/>
    <interval begin="17670.00" end="17700.00" id="0" nVehContrib="5" flow="600.00" occupancy="7.49" speed="10.37" harmonicMeanSpeed="10.18" length="5.00" nVehEntered="4"/>
    <interval begin="17700.00" end="17730.00" id="0" nVehContrib="0" flow="0.00" occupancy="0.00" speed="-1.00" harmonicMeanSpeed="-1.00" length="-1.00" nVehEntered="0"/>
    <interval begin="17730.00" end="17760.00" id="0" nVehContrib="11" flow="1320.00" occupancy="34.76" speed="6.45" harmonicMeanSpeed="5.27" length="5.00" nVehEntered="11"/>
    <interval begin="17760.00" end="17790.00" id="0" nVehContrib="3" flow="360.00" occupancy="3.77" speed="13.39" harmonicMeanSpeed="13.27" length="5.00" nVehEntered="3"/>
    <interval begin="17790.00" end="17820.00" id="0" nVehContrib="0" flow="0.00" occupancy="0.00" speed="-1.00" harmonicMeanSpeed="-1.00" length="-1.00" nVehEntered="0"/>
    <interval begin="17820.00" end="17850.00" id="0" nVehContrib="10" flow="1200.00" occupancy="33.03" speed="6.25" harmonicMeanSpeed="5.05" length="5.00" nVehEntered="10"/>
    <interval begin="17850.00" end="17880.00" id="0" nVehContrib="3" flow="360.00" occupancy="3.58" speed="14.00" harmonicMeanSpeed="13.96" length="5.00" nVehEntered="3"/>
    <interval begin="17880.00" end="17910.00" id="0" nVehContrib="0" flow="0.00" occupancy="0.00" speed="-1.00" harmonicMeanSpeed="-1.00" length="-1.00" nVehEntered="0"/>
    <interval begin="17910.00" end="17940.00" id="0" nVehContrib="11" flow="1320.00" occupancy="35.41" speed="6.38" harmonicMeanSpeed="5.18" length="5.00" nVehEntered="11"/>
    <interval begin="17940.00" end="17970.00" id="0" nVehContrib="4" flow="480.00" occupancy="6.31" speed="10.85" harmonicMeanSpeed="10.57" length="5.00" nVehEntered="4"/>
    <interval begin="17970.00" end="18000.00" id="0" nVehContrib="0" flow="0.00" occupancy="0.00" speed="-1.00" harmonicMeanSpeed="-1.00" length="-1.00" nVehEntered="0"/>
    <interval begin="18000.00" end="18030.00" id="0" nVehContrib="11" flow="1320.00" occupancy="35.39" speed="6.26" harmonicMeanSpeed="5.18" length="5.00" nVehEntered="11"/>
    <interval begin="18030.00" end="18060.00" id="0" nVehContrib="3" flow="360.00" occupancy="3.87" speed="13.19" harmonicMeanSpeed="12.93" length="5.00" nVehEntered="3"/>
    <interval begin="18060.00" end="18090.00" id="0" nVehContrib="0" flow="0.00" occupancy="0.00" speed="-1.00" harmonicMeanSpeed="-1.00" length="-1.00" nVehEntered="0"/>
    <interval begin="18090.00" end="18120.00" id="0" nVehContrib="11" flow="1320.00" occupancy="35.02" speed="6.39" harmonicMeanSpeed="5.23" length="5.00" nVehEntered="11"/>
    <interval begin="18120.00" end="18150.00" id="0" nVehContrib="4" flow="480.00" occupancy="5.97" speed="11.52" harmonicMeanSpeed="11.16" length="5.00" nVehEntered="4"/>
    <interval begin="18150.00" end="18180.00" id="0" nVehContrib="0" flow="0.00" occupancy="0.00" speed="-1.00" harmonicMeanSpeed="-1.00" length="-1.00" nVehEntered="0"/>
    <interval begin="18180.00" end="18210.00" id="0" nVehContrib="11" flow="1320.00" occupancy="36.98" speed="6.14" harmonicMeanSpeed="5.05" length="5.00" nVehEntered="12"/>
    <interval begin="18210.00" end="18240.00" id="0" nVehContrib="3" flow="360.00" occupancy="3.35" speed="12.65" harmonicMeanSpeed="12.31" length="5.00" nVehEntered="2"/>
    <interval begin="18240.00" end="18270.00" id="0" nVehContrib="0" flow="0.00" occupancy="0.00" speed="-1.00" harmonicMeanSpeed="-1.00" length="-1.00" nVehEntered="0"/>
    <interval begin="18270.00" end="18300.00" id="0" nVehContrib="11" flow="1320.00" occupancy="36.06" speed="6.19" harmonicMeanSpeed="5.08" length="5.00" nVehEntered="11"/>
    <interval begin="18300.00" end="18330.00" id="0" nVehContrib="3" flow="360.00" occupancy="3.97" speed="12.74" harmonicMeanSpeed="12.60" length="5.00" nVehEntered="3"/>
    <interval begin="18330.00" end="18360.00" id="0" nVehContrib="0" flow="0.00" occupancy="0.00" speed="-1.00" harmonicMeanSpeed="-1.00" length="-1.00" nVehEntered="0"/>
    <interval begin="18360.00" end="18390.00" id="0" nVehContrib="11" flow="1320.00" occupancy="35.52" speed="6.31" harmonicMeanSpeed="5.16" length="5.00" nVehEntered="11"/>
    <interval begin="18390.00" end="18420.00" id="0" nVehContrib="2" flow="240.00" occupancy="2.34" speed="14.23" harmonicMeanSpeed="14.22" length="5.00" nVehEntered="2"/>
    <interval begin="18420.00" end="18450.00" id="0" nVehContrib="0" flow="0.00" occupancy="0.00" speed="-1.00" harmonicMeanSpeed="-1.00" length="-1.00" nVehEntered="0"/>
    <interval begin="18450.00" end="18480.00" id="0" nVehContrib="11" flow="1320.00" occupancy="34.02" speed="6.67" harmonicMeanSpeed="5.39" length="5.00" nVehEntered="11"/>
    <interval begin="18480.00" end="18510.00" id="0" nVehContrib="2" flow="240.00" occupancy="2.73" speed="12.23" harmonicMeanSpeed="12.22" length="5.00" nVehEntered="2"/>
    <interval begin="18510.00" end="18540.00" id="0" nVehContrib="0" flow="0.00" occupancy="0.00" speed="-1.00" harmonicMeanSpeed="-1.00" length="-1.00" nVehEntered="0"/>
    <interval begin="18540.00" end="18570.00" id="0" nVehContrib="10" flow="1200.00" occupancy="33.35" speed="6.27" harmonicMeanSpeed="5.00" length="5.00" nVehEntered="10"/>
    <interval begin="18570.00" end="18600.00" id="0" nVehContrib="2" flow="240.00" occupancy="2.53" speed="13.19" harmonicMeanSpeed="13.19" length="5.00" nVehEntered="2"/>
    <interval begin="18600.00" end="18630.00" id="0" nVehContrib="0" flow="0.00" occupancy="0.00" speed="-1.00" harmonicMeanSpeed="-1.00" length="-1.00" nVehEntered="0"/>
    <interval begin="18630.00" end="18660.00" id="0" nVehContrib="11" flow="1320.00" occupancy="34.97" speed="6.47" harmonicMeanSpeed="5.24" length="5.00" nVehEntered="11"/>
    <interval begin="18660.00" end="18690.00" id="0" nVehContrib="2" flow="240.00" occupancy="2.52" speed="13.31" harmonicMeanSpeed="13.22" length="5.00" nVehEntered="2"/>
    <interval begin="18690.00" end="18720.00" id="0" nVehContrib="0" flow="0.00" occupancy="0.00" speed="-1.00" harmonicMeanSpeed="-1.00" length="-1.00" nVehEntered="0"/>
    <interval begin="18720.00" end="18750.00" id="0" nVehContrib="11" flow="1320.00" occupancy="34.94" speed="6.40" harmonicMeanSpeed="5.25" length="5.00" nVehEntered="11"/>
    <interval begin="18750.00" end="18780.00" id="0" nVehContrib="6" flow="720.00" occupancy="9.87" speed="10.15" harmonicMeanSpeed="10.13" length="5.00" nVehEntered="6"/>
    <interval begin="18780.00" end="18810.00" id="0" nVehContrib="0" flow="0.00" occupancy="0.00" speed="-1.00" harmonicMeanSpeed="-1.00" length="-1.00" nVehEntered="0"/>
    <interval begin="18810.00" end="18840.00" id="0" nVehContrib="11" flow="1320.00" occupancy="36.00" speed="6.43" harmonicMeanSpeed="5.09" length="5.00" nVehEntered="11"/>
    <interval begin="18840.00" end="18870.00" id="0" nVehContrib="4" flow="480.00" occupancy="6.30" speed="10.93" harmonicMeanSpeed="10.58" length="5.00" nVehEntered="4"/>
    <interval begin="18870.00" end="18900.00" id="0" nVehContrib="0" flow="0.00" occupancy="0.00" speed="-1.00" harmonicMeanSpeed="-1.00" length="-1.00" nVehEntered="0"/>
    <interval begin="18900.00" end="18930.00" id="0" nVehContrib="11" flow="1320.00" occupancy="35.51" speed="6.37" harmonicMeanSpeed="5.16" length="5.00" nVehEntered="11"/>
    <interval begin="18930.00" end="18960.00" id="0" nVehContrib="3" flow="360.00" occupancy="4.52" speed="11.49" harmonicMeanSpeed="11.06" length="5.00" nVehEntered="3"/>
    <interval begin="18960.00" end="18990.00" id="0" nVehContrib="0" flow="0.00" occupancy="0.00" speed="-1.00" harmonicMeanSpeed="-1.00" length="-1.00" nVehEntered="0"/>
    <interval begin="18990.00" end="19020.00" id="0" nVehContrib="12" flow="1440.00" occupancy="38.95" speed="6.49" harmonicMeanSpeed="5.13" length="5.00" nVehEntered="12"/>
    <interval begin="19020.00" end="19050.00" id="0" nVehContrib="2" flow="240.00" occupancy="2.53" speed="13.21" harmonicMeanSpeed="13.19" length="5.00" nVehEntered="2"/>
    <interval begin="19050.00" end="19080.00" id="0" nVehContrib="0" flow="0.00" occupancy="0.00" speed="-1.00" harmonicMeanSpeed="-1.00" length="-1.00" nVehEntered="0"/>
    <interval begin="19080.00" end="19110.00" id="0" nVehContrib="11" flow="1320.00" occupancy="35.78" speed="6.36" harmonicMeanSpeed="5.12" length="5.00" nVehEntered="11"/>
    <interval begin="19110.00" end="19140.00" id="0" nVehContrib="2" flow="240.00" occupancy="2.26" speed="14.78" harmonicMeanSpeed="14.78" length="5.00" nVehEntered="2"/>
    <interval begin="19140.00" end="19170.00" id="0" nVehContrib="0" flow="0.00" occupancy="0.00" speed="-1.00" harmonicMeanSpeed="-1.00" length="-1.00" nVehEntered="0"/>
    <interval begin="19170.00" end="19200.00" id="0" nVehContrib="11" flow="1320.00" occupancy="35.20" speed="6.43" harmonicMeanSpeed="5.21" length="5.00" nVehEntered="11"/>
    <interval begin="19200.00" end="19230.00" id="0" nVehContrib="3" flow="360.00" occupancy="4.03" speed="12.72" harmonicMeanSpeed="12.39" length="5.00" nVehEntered="3"/>
    <interval begin="19230.00" end="19260.00" id="0" nVehContrib="0" flow="0.00" occupancy="0.00" speed="-1.00" harmonicMeanSpeed="-1.00" length="-1.00" nVehEntered="0"/>
    <interval begin="19260.00" end="19290.00" id="0" nVehContrib="11" flow="1320.00" occupancy="35.55" speed="6.43" harmonicMeanSpeed="5.16" length="5.00" nVehEntered="11"/>
    <interval begin="19290.00" end="19320.00" id="0" nVehContrib="3" flow="360.00" occupancy="4.15" speed="12.31" harmonicMeanSpeed="12.05" length="5.00" nVehEntered="3"/>
    <interval begin="19320.00" end="19350.00" id="0" nVehContrib="0" flow="0.00" occupancy="0.00" speed="-1.00" harmonicMeanSpeed="-1.00" length="-1.00" nVehEntered="0"/>
    <interval begin="19350.00" end="19380.00" id="0" nVehContrib="11" flow="1320.00" occupancy="35.27" speed="6.39" harmonicMeanSpeed="5.20" length="5.00" nVehEntered="11"/>
    <interval begin="19380.00" end="19410.00" id="0" nVehContrib="2" flow="240.00" occupancy="2.38" speed="13.98" harmonicMeanSpeed="13.98" length="5.00" nVehEntered="2"/>
    <interval begin="19410.00" end="19440.00" id="0" nVehContrib="0" flow="0.00" occupancy="0.00" speed="-1.00" harmonicMeanSpeed="-1.00" length="-1.00" nVehEntered="0"/>
    <interval begin="19440.00" end="19470.00" id="0" nVehContrib="11" flow="1320.00" occupancy="35.01" speed="6.44" harmonicMeanSpeed="5.24" length="5.00" nVehEntered="11"/>
    <interval begin="19470.00" end="19500.00" id="0" nVehContrib="5" flow="600.00" occupancy="8.20" speed="10.17" harmonicMeanSpeed="10.16" length="5.00" nVehEntered="5"/>
    <interval begin="19500.00" end="19530.00" id="0" nVehContrib="0" flow="0.00" occupancy="0.00" speed="-1.00" harmonicMeanSpeed="-1.00" length="-1.00" nVehEntered="0"/>
    <interval begin="19530.00" end="19560.00" id="0" nVehContrib="11" flow="1320.00" occupancy="34.89" speed="6.44" harmonicMeanSpeed="5.25" length="5.00" nVehEntered="11"/>
    <interval begin="19560.00" end="19590.00" id="0" nVehContrib="3" flow="360.00" occupancy="4.32" speed="11.93" harmonicMeanSpeed="11.56" length="5.00" nVehEntered="3"/>
    <interval begin="19590.00" end="19620.00" id="0" nVehContrib="0" flow="0.00" occupancy="0.00" speed="-1.00" harmonicMeanSpeed="-1.00" length="-1.00" nVehEntered="0"/>
    <interval begin="19620.00" end="19650.00" id="0" nVehContrib="12" flow="1440.00" occupancy="38.72" speed="6.51" harmonicMeanSpeed="5.17" length="5.00" nVehEntered="12"/>
    <interval begin="19650.00" end="19680.00" id="0" nVehContrib="4" flow="480.00" occupancy="6.63" speed="10.06" harmonicMeanSpeed="10.06" length="5.00" nVehEntered="4"/>
    <interval begin="19680.00" end="19710.00" id="0" nVehContrib="0" flow="0.00" occupancy="0.00" speed="-1.00" harmonicMeanSpeed="-1.00" length="-1.00" nVehEntered="0"/>
    <interval begin="19710.00" end="19740.00" id="0" nVehContrib="11" flow="1320.00" occupancy="34.88" speed="6.43" harmonicMeanSpeed="5.26" length="5.00" nVehEntered="11"/>
    <interval begin="19740.00" end="19770.00" id="0" nVehContrib="4" flow="480.00" occupancy="6.58" speed="10.58" harmonicMeanSpeed="10.13" length="5.00" nVehEntered="4"/>
    <interval begin="19770.00" end="19800.00" id="0" nVehContrib="0" flow="0.00" occupancy="0.00" speed="-1.00" harmonicMeanSpeed="-1.00" length="-1.00" nVehEntered="0"/>
    <interval begin="19800.00" end="19830.00" id="0" nVehContrib="11" flow="1320.00" occupancy="35.66" speed="6.30" harmonicMeanSpeed="5.14" length="5.00" nVehEntered="11"/>
    <interval begin="19830.00" end="19860.00" id="0" nVehContrib="5" flow="600.00" occupancy="7.42" speed="11.48" harmonicMeanSpeed="11.24" length="5.00" nVehEntered="5"/>
    <interval begin="19860.00" end="19890.00" id="0" nVehContrib="0" flow="0.00" occupancy="0.00" speed="-1.00" harmonicMeanSpeed="-1.00" length="-1.00" nVehEntered="0"/>
    <interval begin="19890.00" end="19920.00" id="0" nVehContrib="11" flow="1320.00" occupancy="34.52" speed="6.44" harmonicMeanSpeed="5.31" length="5.00" nVehEntered="11"/>
    <interval begin="19920.00" end="19950.00" id="0" nVehContrib="5" flow="600.00" occupancy="7.81" speed="10.72" harmonicMeanSpeed="10.67" length="5.00" nVehEntered="5"/>
    <interval begin="19950.00" end="19980.00" id="0" nVehContrib="0" flow="0.00" occupancy="0.00" speed="-1.00" harmonicMeanSpeed="-1.00" length="-1.00" nVehEntered="0"/>
    <interval begin="19980.00" end="20010.00" id="0" nVehContrib="11" flow="1320.00" occupancy="35.67" speed="6.20" harmonicMeanSpeed="5.14" length="5.00" nVehEntered="11"/>
    <interval begin="20010.00" end="20040.00" id="0" nVehContrib="6" flow="720.00" occupancy="10.24" speed="9.78" harmonicMeanSpeed="9.76" length="5.00" nVehEntered="6"/>
    <interval begin="20040.00" end="20070.00" id="0" nVehContrib="0" flow="0.00" occupancy="0.00" speed="-1.00" harmonicMeanSpeed="-1.00" length="-1.00" nVehEntered="0"/>
    <interval begin="20070.00" end="20100.00" id="0" nVehContrib="11" flow="1320.00" occupancy="35.42" speed="6.46" harmonicMeanSpeed="5.18" length="5.00" nVehEntered="11"/>
    <interval begin="20100.00" end="20130.00" id="0" nVehContrib="6" flow="720.00" occupancy="9.34" speed="10.74" harmonicMeanSpeed="10.71" length="5.00" nVehEntered="6"/>
    <interval begin="20130.00" end="20160.00" id="0" nVehContrib="0" flow="0.00" occupancy="0.00" speed="-1.00" harmonicMeanSpeed="-1.00" length="-1.00" nVehEntered="0"/>
    <interval begin="20160.00" end="20190.00" id="0" nVehContrib="11" flow="1320.00" occupancy="35.84" speed="6.29" harmonicMeanSpeed="5.12" length="5.00" nVehEntered="11"/>
    <interval begin="20190.00" end="20220.00" id="0" nVehContrib="6" flow="720.00" occupancy="9.86" speed="10.16" harmonicMeanSpeed="10.15" length="5.00" nVehEntered="6"/>
    <interval begin="20220.00" end="20250.00" id="0" nVehContrib="0" flow="0.00" occupancy="0.00" speed="-1.00" harmonicMeanSpeed="-1.00" length="-1.00" nVehEntered="0"/>
    <interval begin="20250.00" end="20280.00" id="0" nVehContrib="11" flow="1320.00" occupancy="36.80" speed="6.09" harmonicMeanSpeed="4.98" length="5.00" nVehEntered="11"/>
    <interval begin="20280.00" end="20310.00" id="0" nVehContrib="5" flow="600.00" occupancy="8.96" speed="9.38" harmonicMeanSpeed="9.30" length="5.00" nVehEntered="5"/>
    <interval begin="20310.00" end="20340.00" id="0" nVehContrib="0" flow="0.00" occupancy="0.00" speed="-1.00" harmonicMeanSpeed="-1.00" length="-1.00" nVehEntered="0"/>
    <interval begin="20340.00" end="20370.00" id="0" nVehContrib="11" flow="1320.00" occupancy="35.36" speed="6.42" harmonicMeanSpeed="5.19" length="5.00" nVehEntered="11"/>
    <interval begin="20370.00" end="20400.00" id="0" nVehContrib="6" flow="720.00" occupancy="9.85" speed="10.17" harmonicMeanSpeed="10.16" length="5.00" nVehEntered="6"/>
    <interval begin="20400.00" end="20430.00" id="0" nVehContrib="0" flow="0.00" occupancy="0.00" speed="-1.00" harmonicMeanSpeed="-1.00" length="-1.00" nVehEntered="0"/>
    <interval begin="20430.00" end="20460.00" id="0" nVehContrib="11" flow="1320.00" occupancy="37.70" speed="5.78" harmonicMeanSpeed="4.86" length="5.00" nVehEntered="11"/>
    <interval begin="20460.00" end="20490.00" id="0" nVehContrib="6" flow="720.00" occupancy="10.14" speed="9.89" harmonicMeanSpeed="9.86" length="5.00" nVehEntered="6"/>
    <interval begin="20490.00" end="20520.00" id="0" nVehContrib="0" flow="0.00" occupancy="0.00" speed="-1.00" harmonicMeanSpeed="-1.00" length="-1.00" nVehEntered="0"/>
    <interval begin="20520.00" end="20550.00" id="0" nVehContrib="11" flow="1320.00" occupancy="35.62" speed="6.29" harmonicMeanSpeed="5.15" length="5.00" nVehEntered="11"/>
    <interval begin="20550.00" end="20580.00" id="0" nVehContrib="6" flow="720.00" occupancy="9.26" speed="10.82" harmonicMeanSpeed="10.80" length="5.00" nVehEntered="6"/>
    <interval begin="20580.00" end="20610.00" id="0" nVehContrib="0" flow="0.00" occupancy="0.00" speed="-1.00" harmonicMeanSpeed="-1.00" length="-1.00" nVehEntered="0"/>
    <interval begin="20610.00" end="20640.00" id="0" nVehContrib="11" flow="1320.00" occupancy="33.73" speed="6.51" harmonicMeanSpeed="5.43" length="5.00" nVehEntered="11"/>
    <interval begin="20640.00" end="20670.00" id="0" nVehContrib="6" flow="720.00" occupancy="11.17" speed="8.95" harmonicMeanSpeed="8.95" length="5.00" nVehEntered="6"/>
    <interval begin="20670.00" end="20700.00" id="0" nVehContrib="0" flow="0.00" occupancy="0.00" speed="-1.00" harmonicMeanSpeed="-1.00" length="-1.00" nVehEntered="0"/>
    <interval begin="20700.00" end="20730.00" id="0" nVehContrib="10" flow="1200.00" occupancy="34.65" speed="6.10" harmonicMeanSpeed="4.93" length="5.00" nVehEntered="11"/>
    <interval begin="20730.00" end="20760.00" id="0" nVehContrib="6" flow="720.00" occupancy="9.37" speed="9.78" harmonicMeanSpeed="9.77" length="5.00" nVehEntered="5"/>
    <interval begin="20760.00" end="20790.00" id="0" nVehContrib="0" flow="0.00" occupancy="0.00" speed="-1.00" harmonicMeanSpeed="-1.00" length="-1.00" nVehEntered="0"/>
    <interval begin="20790.00" end="20820.00" id="0" nVehContrib="11" flow="1320.00" occupancy="34.22" speed="6.56" harmonicMeanSpeed="5.36" length="5.00" nVehEntered="11"/>
    <interval begin="20820.00" end="20850.00" id="0" nVehContrib="5" flow="600.00" occupancy="7.91" speed="10.56" harmonicMeanSpeed="10.54" length="5.00" nVehEntered="5"/>
    <interval begin="20850.00" end="20880.00" id="0" nVehContrib="0" flow="0.00" occupancy="0.00" speed="-1.00" harmonicMeanSpeed="-1.00" length="-1.00" nVehEntered="0"/>
    <interval begin="20880.00" end="20910.00" id="0" nVehContrib="11" flow="1320.00" occupancy="37.14" speed="6.22" harmonicMeanSpeed="4.94" length="5.00" nVehEntered="11"/>
    <interval begin="20910.00" end="20940.00" id="0" nVehContrib="6" flow="720.00" occupancy="9.57" speed="10.50" harmonicMeanSpeed="10.45" length="5.00" nVehEntered="6"/>
    <interval begin="20940.00" end="20970.00" id="0" nVehContrib="0" flow="0.00" occupancy="0.00" speed="-1.00" harmonicMeanSpeed="-1.00" length="-1.00" nVehEntered="0"/>
    <interval begin="20970.00" end="21000.00" id="0" nVehContrib="11" flow="1320.00" occupancy="35.50" speed="6.22" harmonicMeanSpeed="5.16" length="5.00" nVehEntered="11"/>
    <interval begin="21000.00" end="21030.00" id="0" nVehContrib="6" flow="720.00" occupancy="10.09" speed="9.98" harmonicMeanSpeed="9.91" length="5.00" nVehEntered="6"/>
    <interval begin="21030.00" end="21060.00" id="0" nVehContrib="0" flow="0.00" occupancy="0.00" speed="-1.00" harmonicMeanSpeed="-1.00" length="-1.00" nVehEntered="0"/>
    <interval begin="21060.00" end="21090.00" id="0" nVehContrib="11" flow="1320.00" occupancy="35.98" speed="6.24" harmonicMeanSpeed="5.09" length="5.00" nVehEntered="11"/>
    <interval begin="21090.00" end="21120.00" id="0" nVehContrib="5" flow="600.00" occupancy="7.81" speed="10.69" harmonicMeanSpeed="10.67" length="5.00" nVehEntered="5"/>
    <interval begin="21120.00" end="21150.00" id="0" nVehContrib="0" flow="0.00" occupancy="0.00" speed="-1.00" harmonicMeanSpeed="-1.00" length="-1.00" nVehEntered="0"/>
    <interval begin="21150.00" end="21180.00" id="0" nVehContrib="11" flow="1320.00" occupancy="36.72" speed="6.18" harmonicMeanSpeed="5.04" length="5.00" nVehEntered="12"/>
    <interval begin="21180.00" end="21210.00" id="0" nVehContrib="6" flow="720.00" occupancy="10.62" speed="9.15" harmonicMeanSpeed="9.11" length="5.00" nVehEntered="5"/>
    <interval begin="21210.00" end="21240.00" id="0" nVehContrib="0" flow="0.00" occupancy="0.00" speed="-1.00" harmonicMeanSpeed="-1.00" length="-1.00" nVehEntered="0"/>
    <interval begin="21240.00" end="21270.00" id="0" nVehContrib="11" flow="1320.00" occupancy="34.86" speed="6.32" harmonicMeanSpeed="5.26" length="5.00" nVehEntered="11"/>
    <interval begin="21270.00" end="21300.00" id="0" nVehContrib="6" flow="720.00" occupancy="9.49" speed="10.62" harmonicMeanSpeed="10.53" length="5.00" nVehEntered="6"/>
    <interval begin="21300.00" end="21330.00" id="0" nVehContrib="0" flow="0.00" occupancy="0.00" speed="-1.00" harmonicMeanSpeed="-1.00" length="-1.00" nVehEntered="0"/>
    <interval begin="21330.00" end="21360.00" id="0" nVehContrib="11" flow="1320.00" occupancy="34.92" speed="6.43" harmonicMeanSpeed="5.25" length="5.00" nVehEntered="11"/>
    <interval begin="21360.00" end="21390.00" id="0" nVehContrib="6" flow="720.00" occupancy="10.38" speed="9.65" harmonicMeanSpeed="9.64" length="5.00" nVehEntered="6"/>
    <interval begin="21390.00" end="21420.00" id="0" nVehContrib="0" flow="0.00" occupancy="0.00" speed="-1.00" harmonicMeanSpeed="-1.00" length="-1.00" nVehEntered="0"/>
    <interval begin="21420.00" end="21450.00" id="0" nVehContrib="11" flow="1320.00" occupancy="34.62" speed="6.55" harmonicMeanSpeed="5.32" length="5.00" nVehEntered="12"/>
    <interval begin="21450.00" end="21480.00" id="0" nVehContrib="6" flow="720.00" occupancy="9.66" speed="10.23" harmonicMeanSpeed="10.21" length="5.00" nVehEntered="5"/>
    <interval begin="21480.00" end="21510.00" id="0" nVehContrib="0" flow="0.00" occupancy="0.00" speed="-1.00" harmonicMeanSpeed="-1.00" length="-1.00" nVehEntered="0"/>
    <interval begin="21510.00" end="21540.00" id="0" nVehContrib="11" flow="1320.00" occupancy="34.75" speed="6.53" harmonicMeanSpeed="5.28" length="5.00" nVehEntered="11"/>
    <interval begin="21540.00" end="21570.00" id="0" nVehContrib="5" flow="600.00" occupancy="8.68" speed="9.63" harmonicMeanSpeed="9.60" length="5.00" nVehEntered="5"/>
    <interval begin="21570.00" end="21600.00" id="0" nVehContrib="0" flow="0.00" occupancy="0.00" speed="-1.00" harmonicMeanSpeed="-1.00" length="-1.00" nVehEntered="0"/>
    <interval begin="21600.00" end="21630.00" id="0" nVehContrib="11" flow="1320.00" occupancy="35.51" speed="6.43" harmonicMeanSpeed="5.16" length="5.00" nVehEntered="11"/>
    <interval begin="21630.00" end="21660.00" id="0" nVehContrib="5" flow="600.00" occupancy="8.52" speed="9.81" harmonicMeanSpeed="9.78" length="5.00" nVehEntered="5"/>
    <interval begin="21660.00" end="21690.00" id="0" nVehContrib="0" flow="0.00" occupancy="0.00" speed="-1.00" harmonicMeanSpeed="-1.00" length="-1.00" nVehEntered="0"/>
    <interval begin="21690.00" end="21720.00" id="0" nVehContrib="11" flow="1320.00" occupancy="35.73" speed="6.32" harmonicMeanSpeed="5.13" length="5.00" nVehEntered="11"/>
    <interval begin="21720.00" end="21750.00" id="0" nVehContrib="5" flow="600.00" occupancy="8.47" speed="9.91" harmonicMeanSpeed="9.84" length="5.00" nVehEntered="5"/>
    <interval begin="21750.00" end="21780.00" id="0" nVehContrib="0" flow="0.00" occupancy="0.00" speed="-1.00" harmonicMeanSpeed="-1.00" length="-1.00" nVehEntered="0"/>
    <interval begin="21780.00" end="21810.00" id="0" nVehContrib="11" flow="1320.00" occupancy="35.30" speed="6.19" harmonicMeanSpeed="5.19" length="5.00" nVehEntered="11"/>
    <interval begin="21810.00" end="21840.00" id="0" nVehContrib="6" flow="720.00" occupancy="10.67" speed="9.39" harmonicMeanSpeed="9.38" length="5.00" nVehEntered="6"/>
    <interval begin="21840.00" end="21870.00" id="0" nVehContrib="0" flow="0.00" occupancy="0.00" speed="-1.00" harmonicMeanSpeed="-1.00" length="-1.00" nVehEntered="0"/>
    <interval begin="21870.00" end="21900.00" id="0" nVehContrib="11" flow="1320.00" occupancy="35.93" speed="6.43" harmonicMeanSpeed="5.10" length="5.00" nVehEntered="11"/>
    <interval begin="21900.00" end="21930.00" id="0" nVehContrib="6" flow="720.00" occupancy="10.34" speed="9.68" harmonicMeanSpeed="9.67" length="5.00" nVehEntered="6"/>
    <interval begin="21930.00" end="21960.00" id="0" nVehContrib="0" flow="0.00" occupancy="0.00" speed="-1.00" harmonicMeanSpeed="-1.00" length="-1.00" nVehEntered="0"/>
    <interval begin="21960.00" end="21990.00" id="0" nVehContrib="11" flow="1320.00" occupancy="36.98" speed="6.12" harmonicMeanSpeed="4.96" length="5.00" nVehEntered="11"/>
    <interval begin="21990.00" end="22020.00" id="0" nVehContrib="5" flow="600.00" occupancy="8.43" speed="9.90" harmonicMeanSpeed="9.89" length="5.00" nVehEntered="5"/>
    <interval begin="22020.00" end="22050.00" id="0" nVehContrib="0" flow="0.00" occupancy="0.00" speed="-1.00" harmonicMeanSpeed="-1.00" length="-1.00" nVehEntered="0"/>
    <interval begin="22050.00" end="22080.00" id="0" nVehContrib="10" flow="1200.00" occupancy="34.57" speed="6.17" harmonicMeanSpeed="4.90" length="5.00" nVehEntered="11"/>
    <interval begin="22080.00" end="22110.00" id="0" nVehContrib="6" flow="720.00" occupancy="9.98" speed="9.50" harmonicMeanSpeed="9.50" length="5.00" nVehEntered="5"/>
    <interval begin="22110.00" end="22140.00" id="0" nVehContrib="0" flow="0.00" occupancy="0.00" speed="-1.00" harmonicMeanSpeed="-1.00" length="-1.00" nVehEntered="0"/>
    <interval begin="22140.00" end="22170.00" id="0" nVehContrib="12" flow="1440.00" occupancy="38.96" speed="6.39" harmonicMeanSpeed="5.13" length="5.00" nVehEntered="12"/>
    <interval begin="22170.00" end="22200.00" id="0" nVehContrib="5" flow="600.00" occupancy="7.78" speed="10.75" harmonicMeanSpeed="10.71" length="5.00" nVehEntered="5"/>
    <interval begin="22200.00" end="22230.00" id="0" nVehContrib="0" flow="0.00" occupancy="0.00" speed="-1.00" harmonicMeanSpeed="-1.00" length="-1.00" nVehEntered="0"/>
    <interval begin="22230.00" end="22260.00" id="0" nVehContrib="11" flow="1320.00" occupancy="35.30" speed="6.49" harmonicMeanSpeed="5.19" length="5.00" nVehEntered="11"/>
    <interval begin="22260.00" end="22290.00" id="0" nVehContrib="5" flow="600.00" occupancy="8.25" speed="10.12" harmonicMeanSpeed="10.10" length="5.00" nVehEntered="5"/>
    <interval begin="22290.00" end="22320.00" id="0" nVehContrib="0" flow="0.00" occupancy="0.00" speed="-1.00" harmonicMeanSpeed="-1.00" length="-1.00" nVehEntered="0"/>
    <interval begin="22320.00" end="22350.00" id="0" nVehContrib="11" flow="1320.00" occupancy="36.09" speed="6.33" harmonicMeanSpeed="5.08" length="5.00" nVehEntered="11"/>
    <interval begin="22350.00" end="22380.00" id="0" nVehContrib="6" flow="720.00" occupancy="9.52" speed="10.56" harmonicMeanSpeed="10.51" length="5.00" nVehEntered="6"/>
    <interval begin="22380.00" end="22410.00" id="0" nVehContrib="0" flow="0.00" occupancy="0.00" speed="-1.00" harmonicMeanSpeed="-1.00" length="-1.00" nVehEntered="0"/>
    <interval begin="22410.00" end="22440.00" id="0" nVehContrib="11" flow="1320.00" occupancy="35.28" speed="6.47" harmonicMeanSpeed="5.20" length="5.00" nVehEntered="11"/>
    <interval begin="22440.00" end="22470.00" id="0" nVehContrib="6" flow="720.00" occupancy="9.79" speed="10.22" harmonicMeanSpeed="10.21" length="5.00" nVehEntered="6"/>
    <interval begin="22470.00" end="22500.00" id="0" nVehContrib="0" flow="0.00" occupancy="0.00" speed="-1.00" harmonicMeanSpeed="-1.00" length="-1.00" nVehEntered="0"/>
    <interval begin="22500.00" end="22530.00" id="0" nVehContrib="11" flow="1320.00" occupancy="33.72" speed="6.50" harmonicMeanSpeed="5.47" length="5.00" nVehEntered="12"/>
    <interval begin="22530.00" end="22560.00" id="0" nVehContrib="6" flow="720.00" occupancy="10.05" speed="9.83" harmonicMeanSpeed="9.76" length="5.00" nVehEntered="5"/>
    <interval begin="22560.00" end="22590.00" id="0" nVehContrib="0" flow="0.00" occupancy="0.00" speed="-1.00" harmonicMeanSpeed="-1.00" length="-1.00" nVehEntered="0"/>
    <interval begin="22590.00" end="22620.00" id="0" nVehContrib="11" flow="1320.00" occupancy="35.98" speed="6.33" harmonicMeanSpeed="5.10" length="5.00" nVehEntered="11"/>
    <interval begin="22620.00" end="22650.00" id="0" nVehContrib="6" flow="720.00" occupancy="9.63" speed="10.39" harmonicMeanSpeed="10.38" length="5.00" nVehEntered="6"/>
    <interval begin="22650.00" end="22680.00" id="0" nVehContrib="0" flow="0.00" occupancy="0.00" speed="-1.00" harmonicMeanSpeed="-1.00" length="-1.00" nVehEntered="0"/>
    <interval begin="22680.00" end="22710.00" id="0" nVehContrib="11" flow="1320.00" occupancy="35.67" speed="6.46" harmonicMeanSpeed="5.27" length="5.00" nVehEntered="12"/>
    <interval begin="22710.00" end="22740.00" id="0" nVehContrib="4" flow="480.00" occupancy="5.42" speed="10.65" harmonicMeanSpeed="10.61" length="5.00" nVehEntered="3"/>
    <interval begin="22740.00" end="22770.00" id="0" nVehContrib="0" flow="0.00" occupancy="0.00" speed="-1.00" harmonicMeanSpeed="-1.00" length="-1.00" nVehEntered="0"/>
    <interval begin="22770.00" end="22800.00" id="0" nVehContrib="0" flow="0.00" occupancy="0.00" speed="-1.00" harmonicMeanSpeed="-1.00" length="-1.00" nVehEntered="0"/>
    <interval begin="22800.00" end="22830.00" id="0" nVehContrib="0" flow="0.00" occupancy="0.00" speed="-1.00" harmonicMeanSpeed="-1.00" length="-1.00" nVehEntered="0"/>
    <interval begin="22830.00" end="22860.00" id="0" nVehContrib="0" flow="0.00" occupancy="0.00" speed="-1.00" harmonicMeanSpeed="-1.00" length="-1.00" nVehEntered="0"/>
    <interval begin="22860.00" end="22890.00" id="0" nVehContrib="0" flow="0.00" occupancy="0.00" speed="-1.00" harmonicMeanSpeed="-1.00" length="-1.00" nVehEntered="0"/>
</detector>
