"[28, 18, 29, 37, 45, 26, 22, 20, 42, 51, 60, 20, 16, 6, 62]",56.75458231707314
"[26, 22, 29, 33, 54, 25, 14, 20, 42, 56, 59, 22, 18, 6, 64]",66.15698848238472
"[33, 22, 27, 30, 54, 28, 18, 18, 42, 53, 56, 20, 14, 5, 63]",66.80101964769642
"[31, 18, 29, 36, 56, 27, 21, 16, 42, 55, 57, 21, 17, 6, 61]",63.32808773712724
"[29, 20, 29, 32, 49, 25, 16, 17, 42, 55, 60, 19, 18, 7, 65]",65.0675643631435
"[36, 19, 29, 32, 55, 27, 20, 24, 42, 57, 58, 19, 13, 7, 58]",74.21117445799472
"[30, 18, 30, 32, 54, 27, 20, 18, 42, 59, 56, 20, 17, 8, 53]",74.93079369918699
"[30, 19, 32, 32, 53, 26, 16, 18, 39, 60, 59, 21, 18, 5, 63]",62.35748678861759
"[31, 17, 29, 33, 55, 30, 20, 15, 42, 57, 63, 20, 15, 8, 63]",76.58226964769656
"[33, 14, 29, 39, 55, 28, 17, 15, 42, 56, 60, 21, 17, 4, 61]",64.64079471544683
"[28, 19, 31, 32, 55, 25, 15, 17, 42, 54, 60, 21, 17, 7, 59]",64.93248238482371
"[29, 21, 29, 34, 58, 28, 17, 17, 42, 51, 56, 19, 17, 8, 65]",88.02725135501366
"[29, 19, 31, 38, 60, 32, 16, 17, 42, 57, 61, 19, 13, 7, 65]",68.56039668021646
"[35, 17, 32, 28, 47, 25, 20, 17, 42, 58, 60, 20, 17, 6, 61]",67.33123611111111
"[37, 19, 27, 40, 53, 25, 19, 22, 42, 59, 60, 21, 15, 5, 61]",64.81026355013557
"[28, 15, 29, 33, 55, 28, 18, 16, 38, 57, 59, 23, 16, 5, 61]",68.99770189701898
"[30, 19, 29, 32, 55, 27, 18, 18, 42, 57, 59, 21, 15, 6, 63]",55.899926829268395
"[29, 18, 29, 34, 54, 36, 18, 20, 41, 57, 59, 23, 17, 4, 62]",62.116470528455245
"[27, 22, 27, 31, 55, 27, 18, 18, 42, 60, 69, 21, 14, 7, 65]",79.39574661246601
"[27, 22, 29, 33, 54, 31, 18, 17, 42, 59, 58, 20, 16, 6, 61]",59.559976626016436
"[25, 20, 28, 37, 47, 27, 22, 22, 42, 51, 59, 20, 15, 7, 65]",57.35446476964769
"[25, 22, 28, 31, 59, 25, 22, 16, 42, 57, 56, 19, 17, 6, 65]",53.48168631436297
"[36, 22, 28, 28, 51, 26, 18, 19, 42, 51, 56, 19, 21, 8, 65]",62.09738855013562
"[28, 18, 32, 32, 56, 30, 22, 15, 42, 51, 56, 23, 20, 8, 63]",53.43465040650394
"[28, 22, 26, 34, 42, 25, 21, 17, 42, 56, 56, 19, 16, 6, 65]",51.85918394308952
"[25, 19, 28, 32, 62, 26, 18, 15, 42, 56, 56, 19, 13, 8, 65]",63.57875948509493
"[29, 17, 31, 32, 58, 31, 22, 15, 42, 51, 56, 19, 21, 8, 65]",62.02772560975615
"[25, 21, 32, 28, 62, 28, 15, 18, 42, 51, 60, 19, 17, 8, 63]",57.0573228319783
"[29, 22, 29, 32, 54, 29, 19, 15, 42, 58, 57, 19, 18, 8, 65]",56.26758638211369
"[34, 15, 27, 35, 55, 25, 22, 15, 42, 53, 56, 19, 17, 8, 65]",59.71265819783196
"[25, 21, 32, 29, 56, 25, 18, 15, 42, 51, 56, 19, 19, 8, 65]",53.28618394308953
"[26, 19, 28, 32, 62, 29, 17, 19, 42, 51, 56, 19, 16, 8, 65]",50.45259552845527
"[29, 22, 31, 29, 62, 25, 22, 17, 42, 58, 58, 19, 13, 8, 65]",61.28778218157181
"[32, 22, 32, 28, 62, 25, 20, 15, 42, 60, 56, 19, 17, 8, 65]",64.19529505420066
"[25, 22, 28, 28, 61, 25, 21, 21, 42, 56, 56, 21, 13, 8, 65]",62.40961720867195
"[25, 22, 25, 34, 57, 26, 18, 15, 42, 51, 56, 19, 18, 4, 65]",62.907347222222356
"[28, 20, 28, 32, 56, 29, 18, 18, 42, 53, 58, 20, 16, 8, 65]",61.150927845528436
"[30, 19, 26, 32, 55, 28, 20, 22, 42, 52, 56, 19, 17, 5, 64]",62.411431233062316
"[25, 22, 28, 30, 57, 27, 17, 18, 42, 51, 56, 19, 15, 7, 65]",64.2621304200543
"[30, 22, 28, 28, 55, 25, 20, 15, 42, 59, 56, 20, 19, 7, 64]",53.39220731707327
"[25, 20, 26, 28, 60, 28, 22, 22, 42, 51, 56, 19, 16, 8, 65]",61.662202235772156
"[25, 22, 27, 33, 58, 25, 22, 15, 42, 56, 56, 19, 17, 8, 65]",51.104990514905
"[29, 22, 28, 28, 57, 26, 18, 18, 42, 51, 56, 19, 22, 8, 65]",59.93972730352281
"[27, 22, 32, 31, 56, 31, 19, 15, 42, 51, 56, 24, 19, 8, 65]",54.86680318428174
"[25, 22, 22, 31, 49, 25, 22, 17, 42, 51, 56, 19, 17, 5, 65]",56.14906639566408
"[25, 22, 28, 34, 62, 28, 17, 15, 42, 56, 56, 19, 15, 8, 65]",53.89601185636843
"[27, 21, 29, 34, 58, 34, 20, 15, 42, 51, 56, 19, 22, 8, 65]",52.61521951219508
"[26, 22, 32, 28, 62, 31, 18, 18, 42, 51, 56, 19, 18, 8, 64]",52.145861111111024
"[27, 22, 29, 32, 55, 29, 18, 15, 42, 55, 56, 19, 20, 8, 65]",50.923275406504054
"[33, 22, 27, 30, 58, 25, 22, 15, 42, 51, 56, 19, 17, 8, 65]",58.20774728997298
"[25, 22, 32, 28, 57, 25, 19, 16, 42, 51, 56, 19, 18, 8, 65]",51.53630115176148
"[25, 21, 28, 32, 62, 28, 17, 18, 42, 51, 56, 19, 16, 8, 65]",50.57760975609761
"[29, 22, 30, 29, 62, 25, 22, 18, 42, 55, 56, 19, 14, 8, 65]",55.4197069783197
"[25, 22, 31, 28, 62, 25, 19, 15, 42, 51, 56, 19, 17, 8, 65]",52.989481368563794
"[25, 22, 30, 28, 62, 25, 21, 15, 42, 52, 56, 19, 17, 8, 65]",53.6676209349591
"[25, 22, 25, 34, 57, 26, 18, 15, 42, 51, 56, 19, 19, 7, 65]",54.84245833333354
"[26, 21, 27, 32, 57, 31, 18, 17, 42, 51, 56, 19, 18, 8, 65]",52.31300135501352
"[30, 20, 25, 31, 56, 25, 21, 22, 42, 53, 56, 19, 17, 8, 65]",52.23093902439027
"[25, 22, 28, 31, 59, 28, 18, 19, 42, 51, 56, 19, 19, 7, 65]",55.18038177506752
"[32, 22, 27, 28, 57, 25, 22, 15, 42, 54, 56, 19, 20, 8, 65]",52.41441531165283
"[25, 19, 26, 28, 62, 30, 16, 21, 42, 51, 56, 19, 18, 8, 65]",50.58903353658549
"[25, 22, 28, 35, 61, 25, 22, 19, 42, 51, 56, 19, 17, 8, 65]",51.20576016260174
"[25, 22, 28, 29, 62, 27, 17, 18, 42, 51, 56, 19, 14, 8, 65]",53.03873441734417
"[25, 22, 32, 31, 56, 29, 15, 19, 42, 51, 56, 23, 15, 8, 65]",52.235834010840264
"[25, 22, 22, 28, 62, 25, 15, 19, 42, 51, 56, 19, 17, 5, 65]",55.742900067750845
"[25, 22, 28, 33, 62, 29, 17, 17, 42, 51, 56, 19, 17, 8, 65]",50.70992344173452
"[25, 22, 26, 36, 59, 35, 17, 16, 42, 51, 56, 19, 22, 8, 65]",51.08898509485075
"[26, 22, 32, 28, 62, 31, 18, 19, 42, 51, 56, 19, 17, 8, 65]",51.48370257452575
"[25, 22, 29, 32, 62, 30, 17, 15, 42, 53, 56, 19, 17, 8, 65]",51.88887161246612
"[26, 22, 28, 30, 61, 27, 16, 15, 42, 51, 56, 19, 15, 8, 65]",53.23793123306209
"[25, 22, 29, 28, 59, 25, 18, 18, 42, 51, 56, 19, 17, 8, 65]",52.59693563685671
"[25, 22, 28, 32, 62, 27, 17, 18, 42, 51, 56, 19, 16, 8, 65]",50.28457892953911
"[27, 22, 28, 32, 62, 30, 14, 19, 42, 51, 56, 19, 18, 8, 65]",54.40599153116508
"[25, 22, 31, 28, 62, 25, 15, 19, 42, 51, 56, 19, 17, 8, 65]",52.012048102981076
"[25, 22, 30, 32, 62, 26, 16, 16, 42, 51, 56, 19, 19, 8, 65]",51.14281537940377
"[25, 22, 26, 31, 61, 28, 18, 18, 42, 51, 56, 19, 17, 8, 65]",51.25637838753384
"[25, 22, 26, 32, 58, 29, 16, 18, 42, 51, 56, 19, 20, 8, 65]",50.399453929539305
"[29, 21, 28, 30, 58, 25, 18, 21, 42, 54, 56, 19, 17, 8, 65]",51.90786720867221
"[25, 22, 28, 30, 61, 29, 17, 20, 42, 51, 56, 19, 20, 8, 65]",50.962546070460675
"[25, 22, 26, 29, 61, 26, 22, 19, 42, 51, 56, 19, 17, 8, 65]",55.826905487804716
"[25, 18, 26, 28, 62, 33, 12, 19, 42, 51, 56, 19, 19, 8, 65]",50.52350406504053
"[25, 22, 28, 33, 62, 25, 12, 22, 42, 51, 56, 19, 17, 8, 65]",51.466399390243865
"[25, 22, 26, 31, 62, 31, 13, 20, 42, 51, 56, 19, 13, 8, 65]",54.37042513550132
"[25, 22, 32, 31, 62, 28, 12, 22, 42, 51, 56, 19, 14, 8, 65]",55.23574491869938
"[25, 21, 27, 28, 58, 25, 12, 19, 42, 51, 56, 19, 16, 8, 65]",52.66721239837392
"[25, 22, 29, 31, 62, 30, 13, 19, 42, 51, 56, 19, 19, 7, 65]",51.104970528455354
"[25, 22, 25, 36, 60, 32, 12, 18, 42, 51, 56, 19, 17, 8, 65]",50.582134485094876
"[26, 22, 25, 32, 62, 31, 17, 22, 42, 51, 56, 19, 16, 8, 65]",51.208624322493044
"[25, 22, 26, 31, 62, 31, 14, 17, 42, 51, 56, 19, 15, 8, 65]",50.153328929539285
"[25, 22, 30, 33, 62, 32, 12, 17, 42, 51, 56, 19, 17, 8, 65]",49.6649041327914
"[25, 21, 26, 29, 60, 25, 12, 21, 42, 51, 56, 19, 17, 8, 65]",51.97876727642273
"[27, 22, 28, 30, 62, 28, 13, 20, 42, 51, 56, 19, 17, 8, 65]",50.89699186991862
"[26, 22, 26, 35, 62, 36, 12, 22, 42, 51, 56, 19, 21, 8, 65]",49.546861449864444
"[25, 22, 30, 28, 62, 28, 12, 24, 42, 51, 56, 19, 17, 8, 65]",51.61780352303533
"[25, 22, 27, 35, 62, 32, 12, 24, 42, 51, 56, 19, 19, 8, 65]",50.89222425474269
"[25, 22, 26, 28, 62, 32, 14, 24, 42, 51, 56, 19, 17, 8, 65]",50.51590819783196
"[25, 22, 26, 32, 59, 29, 12, 20, 42, 51, 56, 19, 22, 8, 65]",50.76899864498629
"[25, 22, 30, 30, 58, 27, 12, 20, 42, 55, 56, 19, 17, 8, 65]",51.159931233062345
"[25, 22, 26, 32, 61, 31, 16, 21, 42, 51, 56, 20, 20, 8, 65]",50.25503556910565
"[25, 22, 26, 33, 62, 28, 12, 25, 42, 51, 56, 20, 15, 8, 65]",51.17728116531201
"[25, 20, 23, 28, 61, 33, 14, 21, 42, 51, 56, 19, 19, 8, 65]",49.98088956639573
"[25, 22, 25, 31, 62, 26, 12, 23, 42, 51, 56, 19, 17, 8, 65]",50.423627710027006
"[25, 22, 25, 31, 62, 32, 14, 22, 42, 51, 56, 19, 13, 8, 65]",54.593030487805066
"[25, 22, 27, 30, 62, 28, 13, 20, 42, 51, 56, 19, 18, 8, 65]",54.84604200541994
"[25, 20, 28, 28, 54, 25, 12, 21, 42, 51, 56, 19, 15, 8, 65]",51.040972222222265
"[25, 22, 28, 30, 62, 30, 12, 23, 42, 51, 56, 19, 19, 7, 65]",50.38168089430917
"[25, 22, 24, 33, 62, 29, 12, 26, 42, 51, 56, 19, 13, 8, 65]",49.66442750677516
"[25, 22, 22, 36, 62, 31, 17, 24, 42, 51, 56, 19, 16, 8, 65]",49.27336314363144
"[25, 22, 23, 32, 62, 32, 12, 20, 42, 51, 56, 19, 15, 8, 65]",50.64132215447137
"[25, 22, 26, 35, 62, 34, 12, 18, 42, 51, 56, 19, 17, 8, 65]",50.35777066395673
"[25, 21, 24, 30, 62, 27, 12, 24, 42, 51, 56, 19, 16, 8, 65]",49.802067073170655
"[28, 22, 27, 30, 62, 31, 15, 23, 42, 51, 56, 19, 17, 8, 65]",50.18198543360453
"[25, 22, 25, 36, 62, 33, 12, 23, 42, 51, 56, 19, 19, 8, 65]",50.024085365853495
"[25, 22, 29, 33, 62, 31, 13, 25, 42, 51, 56, 19, 16, 8, 65]",51.35775880758801
"[25, 22, 23, 38, 62, 35, 12, 27, 42, 51, 56, 19, 16, 8, 65]",50.138971883468784
"[25, 22, 25, 31, 62, 33, 12, 27, 42, 51, 56, 19, 16, 8, 65]",50.78222628726308
"[25, 22, 25, 32, 62, 31, 12, 21, 42, 51, 56, 20, 22, 8, 65]",50.0942564363144
"[25, 22, 26, 31, 62, 29, 12, 19, 42, 53, 56, 19, 16, 8, 65]",51.919468157181434
"[25, 22, 24, 34, 62, 32, 16, 21, 42, 51, 56, 21, 18, 8, 65]",49.95781199186987
"[25, 22, 25, 36, 62, 32, 12, 27, 42, 51, 56, 21, 14, 8, 65]",51.698217818428155
"[25, 22, 22, 31, 59, 34, 12, 26, 42, 51, 56, 20, 17, 8, 65]",49.957167005419954
"[25, 22, 22, 40, 62, 30, 12, 26, 42, 51, 56, 19, 16, 8, 65]",50.39879234417352
"[25, 22, 23, 40, 62, 34, 14, 26, 42, 51, 56, 19, 15, 8, 65]",52.80986924119241
"[26, 22, 22, 31, 62, 34, 12, 20, 42, 51, 56, 19, 19, 8, 65]",49.78623475609755
"[25, 20, 22, 33, 53, 32, 12, 22, 42, 51, 56, 19, 16, 8, 65]",51.122196815718006
"[25, 22, 25, 42, 62, 35, 12, 27, 42, 51, 56, 19, 16, 7, 65]",51.07201659891594
"[25, 22, 22, 37, 62, 26, 12, 27, 42, 51, 56, 19, 13, 8, 65]",52.916598915989226
"[25, 22, 22, 41, 62, 31, 12, 26, 42, 51, 56, 19, 16, 8, 65]",49.87675203252035
"[25, 22, 22, 39, 62, 32, 12, 26, 42, 51, 56, 19, 17, 6, 65]",49.182387872628915
"[25, 22, 24, 40, 62, 33, 12, 25, 42, 51, 56, 19, 15, 8, 65]",49.90184620596197
"[25, 21, 22, 41, 61, 28, 12, 26, 42, 51, 56, 19, 16, 8, 65]",50.360135840108455
"[27, 22, 23, 32, 62, 35, 12, 27, 42, 51, 56, 19, 17, 8, 65]",50.18966802168024
"[25, 22, 23, 38, 62, 32, 12, 25, 42, 51, 56, 19, 14, 8, 65]",49.18631639566416
"[25, 22, 22, 43, 62, 37, 12, 27, 42, 51, 56, 19, 16, 8, 65]",49.87269173441738
"[25, 22, 22, 40, 62, 36, 12, 27, 42, 51, 56, 19, 15, 8, 65]",48.62551930894312
"[25, 22, 23, 38, 62, 35, 12, 27, 42, 51, 56, 19, 16, 8, 65]",50.76730115176124
"[25, 21, 22, 37, 62, 36, 12, 22, 42, 51, 56, 21, 20, 8, 65]",50.02942378048781
"[25, 21, 22, 35, 62, 31, 12, 27, 42, 51, 56, 19, 16, 8, 65]",50.32419817073173
"[25, 22, 22, 37, 61, 36, 12, 27, 42, 51, 56, 21, 15, 8, 65]",49.57290955284566
"[25, 22, 23, 37, 62, 34, 12, 26, 42, 51, 56, 19, 16, 8, 65]",52.921426490514854
"[25, 22, 22, 42, 57, 36, 12, 25, 42, 51, 56, 21, 20, 8, 64]",49.579212737127335
"[25, 21, 22, 44, 62, 42, 12, 26, 40, 51, 56, 19, 17, 8, 65]",49.34947018970193
"[25, 22, 22, 45, 62, 37, 12, 26, 42, 51, 56, 19, 21, 8, 62]",49.26552743902449
"[26, 22, 22, 33, 62, 40, 12, 21, 42, 51, 56, 19, 20, 8, 65]",49.491962737127515
"[25, 18, 22, 39, 59, 38, 12, 21, 39, 51, 56, 19, 20, 8, 64]",49.16679810298107
"[25, 22, 22, 48, 62, 40, 12, 25, 42, 51, 56, 19, 16, 8, 65]",49.39151456639556
"[25, 22, 22, 37, 62, 28, 12, 27, 42, 51, 56, 19, 14, 8, 65]",52.07506537940386
"[25, 21, 22, 40, 62, 36, 12, 25, 42, 51, 56, 20, 18, 8, 62]",49.41221714092141
"[25, 22, 22, 43, 62, 38, 12, 27, 42, 51, 56, 20, 23, 5, 65]",48.937750677506635
"[25, 22, 22, 43, 62, 34, 12, 27, 42, 51, 56, 19, 14, 8, 65]",48.83290582655807
"[25, 20, 22, 47, 60, 41, 12, 20, 41, 51, 56, 20, 21, 8, 65]",49.24445934959359
"[25, 22, 22, 37, 62, 37, 12, 22, 42, 51, 56, 19, 18, 8, 65]",50.19221951219511
"[25, 22, 22, 41, 62, 36, 12, 22, 42, 51, 56, 21, 19, 8, 65]",53.57289939024388
"[25, 22, 22, 47, 62, 42, 12, 19, 42, 51, 56, 19, 22, 8, 65]",48.67304573170722
"[25, 22, 22, 38, 62, 39, 12, 27, 42, 51, 56, 21, 15, 8, 65]",48.93190413279144
"[25, 19, 22, 44, 62, 37, 12, 27, 42, 51, 56, 19, 21, 8, 65]",48.62551930894312
"[25, 20, 22, 42, 62, 40, 12, 22, 40, 51, 56, 22, 18, 8, 65]",48.31027506775088
"[25, 20, 22, 41, 62, 37, 12, 27, 42, 51, 56, 19, 21, 8, 65]",49.22482723577231
"[25, 22, 22, 39, 61, 39, 12, 27, 42, 51, 56, 21, 15, 8, 65]",50.93916531165304
"[25, 22, 22, 39, 62, 37, 12, 19, 42, 51, 56, 19, 21, 8, 65]",48.81502743902445
"[25, 22, 22, 47, 57, 38, 12, 24, 42, 51, 56, 22, 22, 8, 63]",49.59566937669392
"[25, 21, 22, 45, 62, 43, 12, 20, 39, 51, 56, 19, 19, 8, 65]",50.615880420054125
"[25, 22, 22, 45, 62, 40, 12, 24, 42, 51, 56, 19, 23, 7, 61]",48.70412127371263
"[25, 22, 22, 43, 62, 43, 12, 21, 42, 51, 56, 22, 20, 8, 65]",49.29680250677509
"[25, 20, 22, 43, 61, 42, 12, 20, 40, 51, 56, 19, 21, 8, 62]",48.614753726287276
"[25, 22, 22, 48, 62, 42, 12, 21, 42, 51, 56, 19, 19, 8, 65]",49.27843157181579
"[25, 22, 22, 34, 62, 31, 12, 25, 42, 51, 56, 19, 16, 8, 65]",52.3984190379404
"[25, 21, 22, 41, 62, 41, 12, 23, 42, 51, 56, 21, 20, 8, 61]",49.06830284552856
"[25, 22, 22, 45, 62, 42, 12, 26, 42, 51, 56, 22, 23, 5, 65]",49.693031165311574
"[25, 22, 22, 44, 62, 38, 12, 27, 42, 51, 56, 19, 17, 8, 65]",52.469713753387545
"[25, 22, 22, 44, 62, 43, 12, 15, 39, 51, 56, 21, 22, 8, 65]",50.12956402439039
"[25, 22, 22, 47, 62, 38, 12, 17, 42, 51, 56, 19, 19, 8, 65]",48.891667344173435
"[25, 22, 22, 44, 62, 40, 12, 18, 42, 51, 56, 22, 23, 8, 65]",48.21568224932252
"[25, 22, 22, 43, 62, 40, 12, 17, 42, 51, 56, 19, 23, 8, 65]",51.641805216802275
"[25, 22, 22, 39, 62, 40, 12, 26, 42, 51, 56, 21, 18, 8, 63]",51.18980894308932
"[25, 22, 22, 45, 61, 39, 12, 23, 42, 51, 56, 19, 21, 8, 65]",48.36430555555548
"[25, 22, 22, 46, 62, 37, 12, 22, 41, 51, 56, 22, 16, 8, 65]",49.98259620596195
"[25, 19, 22, 44, 61, 41, 12, 21, 42, 51, 56, 19, 23, 8, 64]",48.25530487804878
"[25, 22, 22, 41, 61, 39, 12, 27, 42, 51, 56, 21, 19, 8, 65]",50.46694478319779
"[25, 22, 22, 43, 62, 39, 12, 19, 42, 51, 56, 20, 21, 8, 64]",48.33956504065029
"[25, 22, 22, 43, 60, 37, 12, 22, 42, 51, 56, 22, 19, 8, 65]",49.79376761517618
"[25, 22, 22, 43, 62, 43, 12, 22, 42, 51, 56, 19, 19, 8, 65]",53.288138888889016
"[25, 22, 22, 43, 62, 41, 12, 22, 42, 51, 56, 19, 22, 7, 62]",50.37598611111101
"[25, 22, 22, 48, 62, 39, 12, 21, 42, 51, 56, 25, 18, 8, 65]",50.3130657181573
"[25, 22, 22, 43, 62, 40, 12, 21, 42, 51, 56, 19, 20, 8, 61]",50.07107215447159
"[25, 22, 22, 44, 62, 43, 12, 17, 42, 51, 56, 19, 22, 8, 65]",50.713866869918725
"[25, 22, 22, 35, 62, 38, 12, 19, 42, 51, 56, 19, 18, 8, 65]",49.42073069105698
"[25, 21, 22, 42, 62, 40, 12, 21, 42, 51, 56, 21, 19, 8, 61]",50.0162012195124
"[25, 22, 22, 44, 62, 40, 12, 21, 42, 51, 56, 22, 16, 5, 65]",50.16074085365842
"[25, 22, 22, 42, 62, 39, 12, 25, 42, 51, 56, 19, 21, 8, 65]",48.63635602981017
"[25, 22, 22, 44, 62, 40, 12, 19, 40, 51, 56, 21, 22, 8, 65]",53.39323340108422
"[25, 21, 22, 45, 62, 39, 12, 15, 42, 51, 56, 19, 19, 8, 65]",48.439986788617915
"[26, 22, 22, 43, 62, 43, 12, 22, 42, 51, 56, 24, 23, 8, 65]",50.09903692411921
"[25, 22, 22, 43, 62, 37, 12, 19, 42, 51, 56, 22, 23, 8, 65]",49.16717411924104
"[25, 22, 23, 41, 62, 36, 12, 22, 42, 51, 56, 19, 21, 8, 63]",48.99934146341466
"[25, 22, 22, 43, 62, 39, 12, 20, 42, 51, 56, 19, 19, 8, 65]",48.784989498645004
"[25, 22, 22, 43, 62, 33, 12, 22, 42, 51, 56, 21, 20, 8, 65]",49.9457896341464
"[25, 20, 22, 43, 61, 43, 12, 17, 42, 51, 56, 21, 22, 8, 64]",49.30583638211379
"[25, 22, 22, 40, 62, 37, 12, 26, 42, 51, 56, 21, 22, 8, 65]",49.64059756097556
"[25, 22, 22, 46, 62, 38, 12, 23, 42, 51, 56, 23, 18, 8, 65]",49.856071138211256
"[25, 22, 22, 39, 62, 35, 13, 23, 42, 51, 56, 21, 18, 8, 65]",49.94007994579927
"[25, 22, 22, 42, 62, 37, 12, 25, 42, 51, 56, 23, 19, 8, 65]",50.38232046070464
"[25, 22, 23, 41, 62, 36, 13, 22, 42, 51, 56, 20, 19, 8, 63]",49.49731470189696
"[25, 22, 22, 44, 62, 36, 12, 24, 42, 51, 56, 24, 18, 8, 65]",49.27688346883482
"[25, 22, 22, 42, 62, 38, 12, 23, 42, 51, 56, 19, 20, 8, 62]",49.501391937669524
"[25, 22, 23, 43, 62, 33, 12, 19, 42, 51, 56, 23, 23, 8, 65]",53.586918021680276
"[25, 22, 22, 38, 59, 42, 12, 16, 42, 51, 56, 20, 20, 8, 65]",48.438943089430985
"[25, 21, 22, 42, 62, 33, 12, 22, 42, 51, 56, 21, 19, 8, 62]",50.50340311653122
"[25, 22, 23, 43, 62, 38, 12, 23, 42, 51, 56, 20, 14, 6, 65]",60.3905901084011
"[25, 22, 22, 42, 62, 40, 12, 20, 42, 51, 56, 19, 23, 8, 65]",48.859132791327916
"[25, 22, 22, 42, 62, 37, 12, 25, 42, 51, 56, 20, 17, 8, 65]",49.54897560975599
"[25, 22, 22, 44, 62, 35, 12, 15, 42, 51, 56, 21, 19, 8, 65]",49.18987567750692
"[25, 22, 22, 44, 62, 41, 12, 22, 42, 51, 56, 22, 23, 8, 65]",51.617530826558294
"[25, 22, 22, 44, 62, 38, 12, 22, 42, 51, 57, 24, 23, 8, 65]",49.9025470867209
"[25, 22, 22, 43, 62, 34, 13, 23, 42, 52, 56, 20, 19, 8, 64]",48.68742513550157
"[25, 22, 22, 43, 62, 38, 12, 18, 42, 51, 56, 23, 17, 8, 64]",48.52885298102979
"[25, 22, 22, 40, 62, 34, 12, 22, 40, 51, 56, 21, 23, 8, 65]",48.767633130081286
"[25, 22, 22, 41, 62, 41, 12, 22, 42, 51, 56, 22, 18, 8, 64]",52.66786686991862
"[25, 22, 22, 39, 62, 36, 12, 19, 42, 52, 56, 21, 19, 8, 65]",49.43944376693757
"[25, 22, 22, 44, 62, 34, 12, 25, 42, 51, 56, 24, 21, 8, 65]",48.90342208672059
"[25, 22, 22, 38, 62, 34, 13, 23, 42, 51, 56, 20, 18, 8, 65]",49.40804674796744
"[25, 22, 22, 40, 62, 32, 12, 27, 42, 51, 56, 24, 19, 8, 65]",48.988881436314365
"[25, 22, 22, 44, 62, 36, 15, 24, 42, 51, 56, 20, 17, 8, 63]",49.53398102981021
"[25, 22, 22, 40, 62, 33, 12, 25, 42, 51, 56, 20, 20, 8, 65]",49.69928523035232
"[25, 22, 22, 43, 62, 34, 12, 22, 42, 51, 56, 21, 20, 8, 63]",49.16711144986456
"[25, 22, 22, 42, 62, 33, 12, 24, 42, 51, 56, 24, 20, 8, 65]",49.70483536585354
"[25, 22, 22, 42, 56, 42, 12, 21, 42, 51, 56, 20, 22, 8, 65]",49.68356097560993
"[25, 21, 22, 41, 62, 30, 13, 23, 42, 51, 56, 22, 18, 8, 65]",49.001992547425445
"[25, 22, 23, 42, 62, 33, 12, 25, 42, 51, 56, 19, 15, 8, 65]",58.87540514905156
"[25, 22, 22, 41, 62, 36, 12, 20, 42, 51, 56, 19, 23, 8, 65]",50.28461517615154
"[25, 22, 22, 40, 62, 33, 12, 25, 42, 51, 56, 20, 14, 8, 65]",48.393154132791445
"[25, 22, 22, 43, 62, 33, 12, 25, 42, 51, 56, 22, 19, 8, 65]",49.40745291327898
"[25, 22, 22, 43, 62, 38, 12, 22, 42, 51, 59, 21, 21, 8, 65]",50.1806266937668
"[25, 22, 22, 43, 62, 38, 12, 23, 42, 51, 61, 24, 22, 8, 65]",49.564538279132776
"[25, 22, 22, 43, 62, 37, 12, 23, 42, 52, 56, 21, 15, 8, 65]",48.66490684281843
"[25, 22, 22, 45, 62, 38, 12, 18, 42, 51, 56, 25, 18, 8, 65]",49.348780487804845
"[25, 22, 22, 41, 62, 39, 12, 21, 38, 51, 56, 23, 23, 8, 65]",49.41203929539295
"[25, 22, 22, 39, 62, 37, 12, 27, 42, 51, 56, 21, 17, 8, 65]",50.53564295392969
"[25, 22, 22, 40, 62, 36, 12, 16, 42, 53, 56, 20, 17, 8, 65]",48.636350609756036
"[25, 22, 22, 41, 62, 39, 12, 18, 42, 51, 56, 21, 23, 8, 65]",48.80182655826567
"[25, 22, 22, 41, 62, 34, 13, 22, 42, 51, 56, 19, 18, 8, 65]",48.384814363143505
"[25, 22, 22, 39, 62, 32, 12, 17, 42, 51, 56, 22, 23, 8, 65]",48.69205420054199
"[25, 22, 22, 45, 62, 35, 13, 21, 42, 51, 56, 19, 23, 8, 64]",47.99818021680192
"[25, 22, 22, 39, 62, 35, 12, 26, 42, 51, 56, 19, 23, 8, 65]",50.14228082655809
"[25, 22, 22, 42, 62, 34, 13, 20, 42, 51, 56, 20, 23, 8, 64]",49.92577743902455
"[25, 22, 22, 41, 62, 36, 12, 21, 42, 51, 56, 24, 22, 8, 65]",49.109835704606866
"[25, 22, 22, 40, 60, 34, 12, 20, 42, 51, 56, 19, 23, 8, 65]",50.74078014905138
"[25, 22, 22, 40, 62, 30, 13, 20, 42, 51, 56, 19, 23, 8, 65]",48.98971849593486
"[25, 22, 22, 40, 62, 30, 12, 19, 42, 51, 56, 19, 16, 8, 63]",48.096369579945836
"[25, 22, 22, 40, 62, 32, 12, 20, 42, 51, 56, 19, 23, 8, 65]",47.96414193766932
"[25, 22, 22, 40, 62, 35, 12, 19, 42, 51, 56, 20, 13, 7, 65]",49.9813377371273
"[25, 22, 22, 40, 62, 34, 12, 27, 42, 51, 56, 23, 22, 8, 65]",48.420832317073106
"[25, 22, 23, 42, 62, 34, 12, 21, 42, 51, 58, 21, 22, 8, 65]",49.35952235772367
"[25, 22, 22, 45, 62, 36, 13, 20, 42, 51, 61, 19, 23, 8, 65]",49.94841056910579
"[25, 22, 22, 41, 62, 38, 12, 20, 42, 52, 56, 19, 19, 8, 63]",49.99320731707313
"[25, 22, 22, 45, 62, 37, 12, 23, 42, 51, 56, 23, 23, 8, 65]",48.78694850948515
"[25, 22, 22, 43, 62, 39, 12, 18, 42, 51, 56, 19, 21, 8, 65]",50.53739668021663
"[25, 21, 22, 43, 62, 36, 12, 22, 42, 51, 56, 19, 23, 8, 65]",48.78495833333321
"[25, 22, 22, 42, 62, 36, 12, 17, 42, 51, 56, 19, 23, 8, 65]",49.51268766937683
"[25, 22, 22, 40, 62, 43, 12, 15, 42, 51, 56, 19, 23, 8, 65]",49.00428624661254
"[25, 21, 22, 44, 62, 40, 12, 15, 42, 51, 56, 19, 23, 8, 64]",48.674955284552865
"[25, 22, 22, 41, 62, 35, 12, 15, 42, 51, 56, 19, 23, 8, 65]",49.26498035230349
"[25, 22, 22, 43, 62, 41, 12, 15, 42, 51, 56, 19, 23, 8, 64]",47.97385399728994
"[25, 22, 22, 42, 62, 43, 12, 17, 42, 51, 56, 23, 23, 8, 65]",49.46104336043366
"[25, 22, 22, 44, 62, 41, 13, 17, 42, 51, 56, 19, 23, 8, 65]",48.77856470189714
"[26, 22, 22, 41, 62, 43, 12, 15, 42, 51, 56, 21, 23, 8, 65]",49.8225992547425
"[25, 22, 22, 39, 62, 36, 12, 15, 42, 51, 56, 20, 20, 8, 65]",48.480854336043464
"[25, 22, 22, 42, 62, 34, 12, 17, 42, 51, 56, 19, 23, 8, 65]",49.46802574525745
"[25, 22, 22, 41, 62, 38, 12, 15, 42, 51, 56, 19, 18, 8, 62]",49.32884112466129
"[25, 22, 22, 44, 62, 30, 12, 17, 42, 51, 56, 19, 20, 8, 65]",49.02654674796729
"[25, 22, 22, 42, 62, 41, 12, 15, 42, 51, 56, 19, 23, 6, 65]",58.26287872628744
"[25, 22, 22, 40, 62, 36, 13, 27, 42, 51, 56, 22, 23, 8, 65]",49.20395359078594
"[25, 22, 22, 42, 62, 37, 12, 17, 42, 51, 57, 20, 23, 8, 65]",49.285558604335826
"[25, 22, 22, 44, 62, 41, 14, 15, 42, 51, 59, 19, 23, 8, 65]",49.179804878048586
"[25, 22, 23, 42, 62, 40, 12, 17, 42, 51, 56, 19, 23, 8, 62]",48.738145325203185
"[26, 22, 22, 46, 62, 38, 12, 21, 42, 51, 56, 19, 23, 8, 65]",48.823737127371245
"[25, 22, 22, 44, 62, 39, 12, 15, 42, 51, 57, 19, 20, 8, 65]",47.956476964769664
"[25, 20, 22, 47, 62, 38, 12, 15, 42, 52, 56, 19, 23, 8, 65]",49.091118563685576
"[25, 22, 22, 43, 62, 37, 12, 19, 42, 51, 56, 19, 23, 8, 65]",49.071574864498736
"[25, 22, 22, 42, 62, 43, 12, 18, 42, 51, 56, 19, 23, 8, 65]",52.487857384824025
"[25, 21, 22, 44, 62, 43, 12, 15, 42, 51, 56, 19, 23, 8, 63]",49.48168800813023
"[25, 22, 23, 43, 62, 35, 12, 15, 42, 51, 56, 19, 23, 8, 65]",48.95945426829264
"[25, 22, 22, 42, 62, 42, 12, 15, 42, 51, 56, 19, 23, 8, 64]",50.59233875338748
"[25, 22, 22, 46, 62, 43, 12, 15, 42, 51, 56, 22, 21, 8, 65]",53.0150304878049
"[25, 22, 22, 44, 62, 43, 12, 18, 42, 51, 56, 19, 23, 8, 65]",50.05521375338751
"[27, 22, 22, 43, 62, 39, 12, 15, 42, 51, 56, 20, 23, 8, 65]",52.03256707317082
"[25, 22, 22, 41, 61, 39, 12, 15, 42, 51, 56, 19, 18, 8, 65]",48.71331673441728
"[25, 20, 22, 43, 62, 39, 12, 16, 42, 51, 56, 19, 23, 8, 65]",48.339867547425676
"[26, 22, 22, 43, 62, 41, 12, 15, 42, 51, 56, 19, 21, 7, 60]",49.72355928184271
"[27, 22, 22, 45, 62, 30, 12, 16, 42, 51, 56, 19, 23, 8, 65]",48.39395325203252
"[26, 22, 22, 43, 62, 37, 12, 20, 42, 51, 56, 19, 23, 6, 62]",51.921406165311794
"[25, 22, 22, 45, 62, 39, 14, 24, 42, 51, 56, 21, 23, 8, 65]",49.204441056910795
"[25, 22, 22, 45, 62, 40, 12, 15, 42, 51, 56, 19, 23, 8, 65]",49.14549796747948
"[25, 22, 22, 45, 62, 42, 13, 16, 42, 51, 56, 19, 23, 8, 65]",49.919167682926734
"[25, 22, 23, 42, 62, 36, 12, 22, 42, 51, 56, 19, 22, 8, 64]",49.783428184281874
"[27, 22, 22, 46, 62, 37, 12, 16, 42, 51, 56, 19, 23, 8, 65]",48.15344376693776
"[26, 22, 22, 44, 62, 33, 12, 15, 42, 51, 56, 19, 20, 8, 65]",50.08528014905166
"[25, 19, 22, 47, 62, 39, 12, 15, 42, 53, 56, 19, 23, 8, 65]",49.644983401084
"[25, 22, 22, 43, 62, 37, 12, 20, 42, 51, 56, 19, 23, 8, 65]",47.84537771002706
"[25, 22, 22, 44, 62, 33, 12, 22, 42, 51, 56, 19, 22, 8, 65]",52.972242208672164
"[25, 22, 22, 42, 62, 34, 12, 18, 42, 51, 56, 19, 23, 8, 62]",52.914529132791166
"[25, 22, 23, 43, 62, 32, 12, 15, 42, 51, 56, 19, 23, 8, 65]",49.51861619241202
"[25, 22, 23, 43, 62, 37, 12, 15, 42, 51, 56, 19, 23, 8, 64]",52.054501693766944
"[26, 22, 22, 47, 62, 38, 12, 20, 42, 51, 58, 19, 18, 8, 65]",52.58652032520331
"[25, 22, 22, 42, 62, 36, 12, 20, 42, 51, 56, 19, 23, 8, 64]",52.27242039295398
"[27, 22, 22, 43, 62, 35, 12, 17, 42, 51, 56, 19, 23, 8, 65]",49.08310365853644
"[25, 21, 22, 41, 59, 37, 12, 15, 42, 51, 56, 19, 21, 8, 65]",49.05414295392972
"[25, 21, 22, 44, 62, 40, 12, 16, 40, 51, 56, 19, 23, 8, 65]",49.58013177506754
"[27, 22, 22, 43, 62, 27, 12, 20, 42, 51, 56, 19, 23, 6, 61]",51.6989403794039
"[28, 22, 22, 43, 62, 35, 12, 17, 42, 51, 56, 19, 23, 8, 65]",49.36655691056909
"[28, 22, 23, 42, 62, 32, 12, 25, 42, 51, 56, 19, 22, 8, 62]",48.828227642276374
"[25, 22, 22, 47, 62, 39, 13, 20, 42, 51, 56, 21, 23, 8, 65]",48.62502303523045
"[26, 22, 23, 46, 62, 36, 12, 15, 42, 51, 56, 21, 23, 8, 65]",50.45513956639563
"[28, 22, 22, 45, 62, 39, 12, 23, 42, 51, 56, 19, 23, 8, 65]",51.78688922764213
"[25, 22, 22, 42, 62, 33, 12, 25, 42, 52, 56, 19, 20, 8, 65]",49.156385501355075
"[29, 22, 24, 46, 62, 35, 12, 15, 42, 51, 56, 19, 23, 8, 65]",48.692808604336015
"[27, 22, 22, 43, 62, 32, 12, 15, 42, 51, 56, 19, 23, 8, 65]",48.46728760162615
"[25, 19, 22, 43, 62, 38, 12, 22, 42, 51, 56, 19, 23, 8, 65]",49.493857384824125
"[25, 22, 22, 44, 62, 37, 12, 19, 42, 51, 56, 19, 23, 8, 65]",48.85849356368577
"[25, 22, 22, 44, 62, 26, 12, 20, 42, 51, 56, 19, 21, 8, 65]",48.3079962737128
"[25, 22, 22, 41, 62, 28, 13, 24, 42, 51, 56, 19, 21, 8, 65]",49.454065040650605
"[25, 22, 22, 42, 62, 32, 12, 16, 39, 51, 57, 19, 23, 8, 65]",49.87743089430878
"[25, 22, 24, 43, 62, 34, 12, 15, 42, 51, 56, 19, 23, 8, 64]",49.567679878048835
"[28, 22, 22, 46, 62, 32, 12, 24, 42, 51, 57, 19, 23, 8, 65]",49.467253387533844
"[25, 22, 22, 41, 62, 35, 12, 21, 42, 51, 56, 19, 23, 8, 63]",48.963321476964836
"[26, 22, 22, 43, 62, 33, 12, 19, 42, 51, 56, 19, 23, 8, 65]",47.98428048780486
"[25, 21, 22, 41, 60, 36, 12, 19, 42, 51, 56, 19, 23, 8, 65]",48.79776863143643
"[25, 21, 22, 43, 62, 39, 12, 17, 39, 51, 56, 19, 23, 8, 65]",50.25126558265589
"[26, 22, 23, 42, 62, 25, 12, 24, 42, 51, 56, 19, 23, 5, 65]",50.577649390244034
"[27, 22, 23, 41, 62, 38, 12, 19, 42, 51, 56, 19, 23, 8, 65]",49.08821917344177
"[28, 22, 23, 42, 62, 38, 12, 18, 42, 51, 56, 19, 20, 8, 64]",49.531324525745084
"[26, 22, 22, 41, 62, 35, 12, 21, 42, 51, 56, 19, 23, 8, 65]",49.693701558265474
"[28, 22, 24, 43, 62, 33, 12, 19, 42, 51, 56, 21, 23, 8, 65]",49.29998848238464
"[28, 22, 24, 47, 62, 37, 12, 26, 42, 51, 56, 19, 23, 8, 65]",49.20045731707322
"[25, 22, 22, 42, 62, 39, 12, 24, 42, 53, 56, 19, 20, 8, 65]",49.197000000000116
"[28, 22, 25, 46, 62, 34, 12, 15, 42, 51, 56, 19, 23, 8, 65]",49.189372967479464
"[25, 22, 22, 44, 62, 40, 12, 15, 42, 51, 56, 19, 23, 8, 65]",49.17011788617875
"[27, 22, 22, 40, 62, 36, 12, 24, 42, 51, 56, 19, 23, 8, 65]",49.2667794715448
"[25, 22, 22, 45, 62, 37, 12, 18, 42, 51, 56, 19, 23, 8, 65]",48.96172594850968
"[25, 22, 22, 45, 62, 25, 12, 18, 42, 51, 56, 19, 23, 8, 65]",48.99149220867227
"[25, 22, 22, 41, 62, 28, 13, 25, 42, 51, 56, 19, 20, 8, 65]",49.18697154471573
"[25, 22, 22, 41, 62, 33, 12, 20, 39, 51, 57, 19, 23, 8, 65]",49.773072154471514
"[25, 22, 23, 44, 62, 37, 12, 19, 42, 51, 56, 19, 23, 8, 64]",48.99241903794034
"[27, 22, 22, 44, 62, 34, 12, 26, 42, 52, 56, 19, 23, 8, 65]",48.432540311653035
"[26, 22, 22, 44, 62, 41, 12, 20, 42, 51, 56, 19, 23, 8, 63]",49.20534722222226
"[25, 22, 22, 44, 62, 36, 12, 20, 42, 51, 56, 19, 23, 8, 65]",49.129497967479764
"[25, 21, 22, 41, 61, 35, 12, 22, 42, 51, 56, 19, 23, 8, 65]",47.84537771002706
"[26, 22, 23, 42, 62, 34, 12, 17, 42, 51, 56, 19, 23, 8, 65]",49.282293021680225
"[26, 22, 25, 41, 62, 36, 12, 17, 42, 51, 56, 19, 23, 8, 65]",49.91083367208656
"[25, 22, 23, 42, 62, 35, 12, 21, 41, 51, 56, 19, 23, 8, 65]",49.001720867208796
"[27, 22, 23, 43, 62, 43, 12, 15, 42, 51, 56, 19, 21, 8, 65]",48.335233739837484
"[27, 22, 22, 39, 62, 33, 12, 24, 42, 51, 56, 19, 23, 8, 65]",49.278161585365936
"[28, 22, 24, 42, 62, 35, 12, 20, 42, 51, 56, 22, 23, 8, 65]",49.85226897018988
"[26, 22, 25, 45, 62, 42, 12, 18, 42, 51, 56, 19, 23, 8, 65]",48.85819444444446
"[25, 22, 22, 42, 62, 42, 12, 17, 42, 53, 56, 19, 22, 8, 63]",48.45323611111112
"[27, 22, 23, 45, 62, 34, 12, 17, 42, 51, 56, 19, 23, 8, 65]",49.83021138211376
"[25, 22, 23, 46, 62, 43, 12, 17, 40, 51, 56, 19, 22, 8, 65]",50.72595630081307
"[27, 22, 22, 40, 62, 39, 12, 22, 42, 51, 56, 19, 23, 8, 65]",49.278901084010606
"[25, 22, 24, 43, 62, 37, 12, 20, 42, 51, 56, 19, 23, 8, 65]",49.30546849593512
"[27, 22, 24, 45, 62, 34, 12, 15, 42, 51, 56, 20, 23, 8, 65]",50.1845704607044
"[25, 22, 22, 43, 62, 40, 12, 20, 42, 51, 56, 20, 22, 8, 65]",49.47457079945817
"[26, 22, 22, 41, 62, 34, 12, 18, 39, 51, 58, 22, 23, 8, 65]",49.38318631436338
"[25, 22, 22, 44, 62, 39, 12, 20, 42, 51, 56, 19, 23, 8, 64]",48.96172594850968
"[26, 22, 23, 42, 62, 39, 12, 18, 42, 51, 56, 19, 23, 8, 65]",48.805450203251986
"[27, 21, 22, 46, 62, 39, 13, 18, 39, 51, 56, 19, 23, 8, 64]",49.47330081300818
"[26, 22, 22, 44, 62, 38, 12, 19, 42, 51, 56, 19, 23, 8, 65]",48.40841869918691
"[25, 21, 22, 40, 61, 34, 12, 22, 42, 51, 56, 19, 23, 8, 65]",48.791354336043256
"[27, 22, 24, 44, 62, 34, 12, 16, 42, 51, 56, 19, 23, 8, 65]",49.51708231707288
"[27, 22, 23, 42, 62, 43, 12, 15, 42, 51, 56, 19, 19, 8, 65]",48.61424627371286
"[25, 22, 22, 44, 62, 33, 12, 19, 41, 51, 56, 20, 23, 8, 65]",49.367457994580015
"[25, 22, 23, 45, 62, 43, 12, 15, 42, 51, 56, 19, 23, 8, 65]",49.682815379403685
"[25, 22, 22, 38, 62, 33, 12, 24, 42, 51, 56, 19, 23, 8, 65]",48.17501727642272
"[27, 22, 22, 43, 62, 38, 12, 17, 40, 51, 58, 22, 23, 8, 65]",50.21247188346887
"[28, 22, 25, 45, 62, 43, 13, 15, 42, 52, 56, 19, 23, 8, 65]",51.27094275067732
"[26, 22, 22, 42, 62, 43, 14, 15, 42, 54, 56, 19, 23, 8, 63]",52.42055826558274
"[28, 22, 22, 48, 62, 36, 12, 19, 40, 51, 56, 19, 23, 8, 65]",49.47062093495939
"[26, 22, 24, 43, 62, 39, 12, 20, 42, 51, 56, 20, 21, 8, 65]",52.84063753387525
"[25, 22, 23, 47, 60, 40, 13, 18, 42, 51, 56, 19, 23, 8, 65]",48.865557588075845
"[28, 22, 25, 42, 62, 36, 12, 23, 42, 51, 56, 19, 23, 8, 65]",49.16805555555537
"[28, 22, 24, 44, 62, 40, 12, 17, 42, 51, 58, 21, 23, 8, 65]",48.97408773712726
"[27, 22, 22, 44, 62, 43, 12, 15, 42, 51, 56, 21, 23, 8, 65]",49.25216598915978
"[27, 22, 22, 40, 62, 33, 12, 16, 41, 51, 57, 22, 23, 8, 65]",50.62081504065048
"[26, 22, 22, 44, 62, 39, 12, 16, 42, 51, 56, 19, 23, 8, 64]",49.605580623305954
"[25, 22, 24, 44, 62, 37, 12, 16, 42, 52, 56, 19, 23, 8, 65]",48.76356842818453
"[26, 22, 24, 43, 62, 37, 13, 18, 38, 51, 56, 19, 22, 8, 65]",48.791136178861805
"[26, 22, 23, 42, 62, 38, 12, 18, 42, 51, 56, 19, 23, 8, 65]",48.4611131436314
"[25, 22, 22, 41, 61, 39, 12, 17, 42, 51, 56, 20, 23, 8, 65]",48.25201829268308
"[27, 22, 22, 45, 62, 35, 12, 19, 40, 51, 56, 19, 23, 8, 65]",49.08470901084011
"[27, 22, 22, 43, 62, 27, 12, 15, 42, 51, 56, 19, 16, 8, 65]",50.690176151761875
"[26, 22, 22, 43, 62, 33, 12, 17, 41, 51, 56, 21, 23, 8, 65]",48.74714024390256
"[25, 22, 24, 45, 62, 39, 12, 19, 42, 51, 56, 19, 23, 8, 65]",52.830065379403905
"[25, 22, 22, 40, 62, 39, 12, 23, 42, 51, 56, 19, 23, 8, 65]",48.979576219512374
"[25, 22, 22, 46, 62, 39, 12, 17, 41, 51, 57, 23, 23, 8, 65]",48.38774390243896
"[27, 22, 22, 45, 62, 43, 12, 15, 42, 53, 56, 19, 23, 8, 65]",51.53470257452592
"[27, 22, 22, 43, 62, 40, 14, 17, 42, 53, 56, 19, 23, 8, 64]",49.43931639566398
"[27, 22, 22, 48, 62, 37, 12, 20, 40, 51, 57, 19, 23, 8, 65]",49.08811111111095
"[28, 22, 23, 41, 62, 33, 12, 22, 42, 51, 57, 21, 22, 8, 65]",48.9027212059621
"[25, 22, 24, 48, 61, 39, 12, 15, 42, 53, 56, 20, 23, 8, 65]",50.28273611111107
"[28, 22, 23, 44, 62, 37, 12, 22, 42, 51, 56, 19, 23, 8, 65]",49.592805555555536
"[28, 22, 23, 43, 62, 41, 12, 21, 41, 51, 59, 19, 23, 8, 65]",49.47129979674823
"[27, 22, 22, 43, 62, 39, 12, 18, 42, 51, 56, 20, 22, 8, 65]",51.469461720867216
"[27, 22, 22, 40, 62, 35, 12, 15, 42, 51, 57, 20, 23, 8, 65]",49.2540877371273
"[27, 22, 24, 43, 62, 39, 12, 15, 42, 51, 56, 19, 23, 8, 64]",50.09282757452572
"[25, 22, 23, 45, 62, 32, 12, 25, 42, 52, 57, 19, 23, 8, 65]",49.223447493224995
"[25, 22, 24, 42, 62, 35, 12, 19, 42, 51, 56, 19, 21, 8, 65]",48.88727168021685
"[27, 22, 24, 42, 62, 36, 12, 17, 42, 51, 57, 19, 23, 8, 65]",50.11482757452582
"[25, 22, 22, 42, 61, 43, 12, 17, 42, 51, 56, 20, 23, 8, 65]",49.38385535230336
"[26, 21, 22, 44, 62, 36, 12, 19, 40, 51, 56, 19, 23, 8, 65]",48.957308265582625
"[25, 22, 23, 43, 62, 25, 12, 22, 42, 51, 56, 19, 21, 8, 61]",48.623490853658495
"[27, 22, 22, 41, 62, 35, 12, 16, 40, 51, 56, 20, 23, 8, 65]",48.97712635501339
"[25, 22, 24, 44, 62, 37, 12, 21, 42, 51, 56, 19, 23, 8, 65]",49.62482926829272
"[25, 22, 22, 43, 62, 37, 13, 15, 42, 51, 56, 19, 23, 8, 65]",49.110899728997545
"[26, 22, 22, 48, 62, 36, 12, 19, 42, 51, 57, 19, 23, 8, 65]",49.50590514905148
"[26, 22, 22, 44, 62, 39, 12, 15, 42, 51, 56, 19, 23, 8, 65]",50.667092818428145
"[25, 22, 23, 44, 62, 35, 13, 21, 42, 52, 56, 19, 23, 8, 65]",49.04865108401096
"[28, 22, 22, 48, 62, 37, 12, 18, 41, 51, 57, 19, 23, 8, 65]",48.8703035230354
"[28, 22, 22, 43, 62, 33, 12, 19, 42, 51, 56, 21, 22, 8, 65]",49.67461551490525
"[26, 21, 23, 48, 62, 37, 12, 15, 42, 51, 56, 21, 23, 8, 65]",50.46343394308953
"[28, 22, 22, 47, 62, 38, 12, 15, 42, 51, 56, 20, 23, 8, 65]",49.12957588075893
"[26, 22, 22, 45, 62, 25, 12, 20, 42, 51, 57, 19, 23, 8, 65]",49.287794715446836
"[27, 22, 23, 42, 62, 35, 12, 24, 42, 51, 56, 19, 22, 8, 65]",48.51510128726262
"[26, 22, 23, 40, 62, 37, 12, 17, 41, 51, 56, 19, 23, 8, 65]",49.05101761517613
"[26, 22, 24, 43, 62, 38, 12, 15, 42, 51, 56, 19, 23, 8, 65]",49.43340684281854
"[30, 22, 23, 44, 62, 33, 12, 21, 42, 51, 58, 20, 23, 8, 65]",48.95189566395655
"[25, 22, 23, 41, 62, 33, 12, 18, 42, 51, 56, 19, 23, 8, 64]",48.30188211382104
"[26, 22, 22, 43, 62, 31, 12, 18, 42, 51, 57, 19, 23, 8, 65]",49.334551829268435
"[25, 21, 22, 42, 62, 37, 12, 24, 42, 51, 56, 19, 23, 8, 65]",53.74031504065027
"[26, 21, 23, 44, 62, 38, 12, 16, 39, 51, 56, 20, 23, 8, 65]",49.43955182926823
"[26, 22, 23, 43, 62, 31, 12, 22, 38, 51, 56, 19, 23, 8, 59]",49.75853861788625
"[27, 22, 22, 40, 62, 36, 12, 17, 40, 51, 57, 19, 23, 8, 65]",49.798243224932335
"[25, 22, 23, 43, 62, 37, 12, 18, 42, 51, 56, 19, 23, 8, 65]",48.88881910569109
"[25, 21, 22, 43, 62, 36, 13, 17, 42, 51, 57, 20, 23, 8, 65]",48.94788922764217
"[26, 22, 22, 42, 62, 34, 12, 21, 42, 51, 57, 19, 23, 8, 65]",48.72341124661241
"[25, 22, 22, 46, 62, 34, 12, 19, 42, 51, 57, 19, 23, 8, 65]",50.09282757452572
"[26, 22, 24, 44, 62, 34, 12, 18, 42, 52, 56, 19, 23, 8, 65]",49.51587364498643
"[28, 22, 22, 44, 62, 37, 12, 17, 42, 51, 57, 19, 23, 8, 65]",48.77910602981037
"[26, 22, 24, 47, 62, 38, 12, 15, 42, 51, 56, 19, 23, 8, 65]",49.502124999999964
"[29, 19, 22, 44, 62, 37, 12, 24, 42, 51, 56, 21, 23, 8, 65]",49.06107960704595
"[26, 22, 22, 47, 62, 36, 12, 16, 42, 51, 56, 19, 23, 8, 65]",48.536966802168074
"[25, 22, 22, 46, 62, 25, 12, 16, 42, 51, 56, 19, 23, 8, 65]",48.39958265582648
"[27, 22, 24, 41, 62, 31, 12, 26, 42, 51, 56, 19, 20, 8, 65]",48.87086619241196
"[25, 22, 22, 41, 61, 36, 12, 19, 40, 51, 56, 19, 23, 8, 65]",48.46859315718147
"[25, 22, 23, 45, 62, 35, 12, 15, 42, 51, 56, 19, 23, 8, 65]",48.75558130081305
"[31, 22, 24, 44, 62, 39, 12, 18, 42, 51, 57, 21, 23, 8, 65]",49.104904471544714
"[27, 22, 23, 43, 62, 34, 12, 16, 42, 51, 56, 19, 23, 8, 63]",49.02572662601624
"[26, 22, 22, 45, 62, 28, 12, 19, 42, 51, 57, 19, 23, 8, 65]",49.698107723577195
"[27, 21, 22, 42, 61, 31, 13, 24, 42, 51, 56, 19, 23, 8, 65]",48.826416666666645
"[25, 22, 23, 43, 62, 38, 12, 15, 42, 51, 56, 19, 23, 8, 65]",49.91035873983756
"[27, 22, 22, 42, 62, 40, 12, 16, 36, 51, 56, 19, 23, 8, 59]",50.57042411924127
"[26, 22, 22, 41, 62, 32, 12, 19, 41, 51, 59, 19, 23, 8, 65]",48.989457317073125
"[29, 22, 22, 43, 62, 38, 12, 16, 42, 51, 56, 19, 22, 8, 65]",49.58262974254749
"[26, 21, 22, 42, 61, 32, 13, 24, 42, 51, 56, 19, 23, 8, 65]",49.1017083333333
"[27, 22, 22, 41, 62, 35, 12, 20, 42, 51, 58, 20, 23, 8, 65]",49.02228319783167
"[25, 22, 23, 46, 62, 32, 12, 23, 42, 51, 57, 19, 23, 8, 65]",48.24950948509495
"[26, 22, 24, 42, 62, 39, 12, 16, 42, 53, 56, 19, 23, 8, 64]",49.44324898373994
"[28, 22, 23, 44, 62, 35, 12, 16, 42, 51, 57, 19, 23, 8, 65]",49.53201795392957
"[25, 22, 24, 48, 62, 39, 12, 15, 42, 51, 59, 19, 22, 8, 65]",49.47108705962058
"[28, 22, 22, 42, 62, 37, 14, 24, 42, 51, 57, 19, 23, 8, 65]",49.234517953929625
"[25, 22, 22, 43, 62, 35, 12, 18, 42, 51, 57, 19, 23, 8, 65]",48.94111144986453
"[26, 22, 22, 44, 62, 25, 12, 15, 36, 51, 57, 19, 23, 8, 65]",48.97904810298107
"[26, 22, 23, 45, 62, 32, 12, 15, 42, 51, 56, 19, 21, 8, 65]",48.69834044715427
"[26, 22, 22, 44, 61, 34, 12, 19, 39, 51, 57, 19, 23, 8, 65]",49.001228658536554
"[26, 22, 22, 46, 62, 35, 12, 17, 42, 51, 56, 19, 23, 8, 65]",49.235521680216664
"[25, 22, 24, 47, 62, 39, 12, 18, 42, 51, 56, 20, 23, 8, 65]",50.92666869918702
"[28, 22, 22, 44, 62, 36, 12, 17, 42, 51, 56, 19, 23, 8, 63]",50.301785230352166
"[27, 22, 22, 46, 62, 38, 12, 17, 35, 51, 57, 20, 23, 8, 65]",49.310685298103245
"[27, 21, 24, 42, 61, 37, 13, 21, 42, 51, 56, 19, 23, 8, 65]",48.267974932249295
"[27, 22, 22, 43, 62, 35, 12, 18, 42, 51, 58, 19, 23, 8, 65]",49.85494376693782
"[26, 22, 22, 42, 62, 35, 12, 15, 42, 51, 56, 19, 19, 8, 65]",51.80655691056921
"[25, 22, 22, 43, 62, 34, 12, 21, 42, 51, 59, 19, 23, 8, 65]",48.9467642276422
"[29, 22, 22, 44, 62, 37, 12, 15, 42, 51, 56, 19, 22, 8, 65]",48.83517174796753
"[27, 22, 23, 40, 62, 35, 12, 23, 42, 51, 56, 19, 23, 8, 65]",49.20115413279139
"[25, 22, 22, 43, 62, 41, 12, 17, 42, 51, 58, 21, 23, 8, 65]",49.60668970189674
"[27, 22, 23, 45, 62, 31, 12, 25, 42, 51, 58, 19, 23, 8, 65]",48.644488143631364
"[27, 22, 23, 43, 62, 40, 12, 17, 42, 51, 56, 20, 23, 8, 64]",49.65858502710031
"[28, 22, 23, 46, 62, 34, 12, 16, 42, 51, 58, 19, 23, 8, 65]",49.13548509485083
"[25, 22, 23, 44, 62, 37, 12, 15, 42, 51, 57, 19, 22, 8, 65]",50.657136856368794
"[25, 22, 24, 43, 62, 40, 13, 17, 42, 51, 58, 19, 23, 8, 65]",48.87047120596194
"[26, 22, 23, 42, 62, 35, 12, 20, 42, 51, 57, 19, 23, 8, 65]",49.01650880758804
"[27, 22, 23, 42, 62, 29, 12, 16, 33, 51, 58, 19, 23, 8, 65]",49.9636703929539
"[26, 22, 23, 45, 62, 38, 12, 15, 42, 53, 56, 19, 23, 8, 65]",49.18897831978327
"[25, 22, 22, 44, 60, 34, 12, 18, 40, 51, 57, 19, 23, 8, 65]",49.35381063685654
"[27, 22, 22, 45, 62, 36, 12, 19, 40, 51, 56, 19, 23, 8, 65]",48.22653929539285
"[25, 22, 22, 44, 62, 33, 12, 20, 42, 52, 56, 19, 23, 8, 65]",50.18426829268283
"[27, 22, 23, 44, 62, 35, 12, 19, 41, 51, 56, 20, 23, 8, 65]",50.2849224254744
"[27, 22, 22, 43, 62, 42, 12, 16, 36, 51, 58, 20, 23, 8, 65]",49.94230216802177
"[25, 22, 25, 41, 62, 42, 12, 15, 42, 51, 56, 19, 23, 8, 65]",49.40984891598933
"[26, 22, 22, 43, 62, 34, 12, 19, 42, 51, 56, 19, 23, 8, 65]",48.814505420054246
"[25, 22, 23, 42, 62, 25, 12, 17, 42, 51, 56, 19, 19, 8, 65]",49.2025345528454
"[25, 22, 22, 43, 62, 34, 12, 17, 41, 51, 56, 19, 23, 8, 65]",48.885502710027076
"[27, 22, 22, 45, 62, 37, 12, 15, 42, 51, 56, 19, 23, 8, 65]",49.11601930894315
"[27, 22, 22, 40, 62, 39, 12, 19, 42, 51, 58, 19, 23, 8, 65]",48.51095833333325
"[25, 22, 22, 45, 62, 43, 12, 15, 41, 51, 56, 23, 23, 8, 65]",50.2355240514906
"[28, 22, 23, 45, 62, 32, 12, 19, 42, 51, 58, 19, 23, 8, 65]",50.17261043360417
"[27, 22, 23, 44, 62, 36, 12, 19, 42, 51, 56, 20, 23, 8, 65]",49.48917107046066
"[28, 22, 23, 48, 62, 35, 12, 16, 42, 51, 58, 19, 23, 8, 65]",48.88226693766934
"[27, 22, 22, 42, 62, 35, 12, 16, 42, 51, 56, 19, 23, 8, 65]",48.74901355013553
"[25, 22, 24, 44, 62, 39, 12, 15, 42, 51, 56, 19, 23, 8, 65]",49.92770630081293
"[26, 22, 22, 45, 62, 36, 12, 21, 42, 51, 57, 19, 23, 8, 65]",49.21279742547416
"[27, 22, 24, 44, 62, 31, 12, 18, 33, 51, 59, 19, 23, 8, 65]",50.610279471544864
"[26, 22, 23, 43, 62, 37, 12, 15, 42, 51, 56, 19, 21, 8, 65]",49.47582012195116
"[25, 22, 22, 41, 62, 36, 12, 17, 39, 51, 58, 19, 23, 8, 65]",48.90572628726306
"[26, 22, 23, 43, 62, 39, 12, 16, 42, 51, 56, 19, 23, 8, 65]",49.89072154471544
"[28, 22, 22, 42, 62, 34, 12, 24, 42, 54, 57, 19, 23, 8, 65]",49.049428184281744
"[26, 22, 24, 43, 62, 34, 12, 20, 42, 51, 56, 19, 23, 8, 65]",49.80397391598919
"[26, 22, 24, 41, 62, 32, 12, 17, 42, 51, 57, 19, 23, 8, 65]",53.80387296747978
"[25, 22, 24, 44, 62, 37, 12, 16, 42, 51, 56, 19, 23, 8, 65]",52.978644986450114
"[25, 22, 24, 43, 62, 40, 12, 15, 42, 51, 56, 19, 23, 8, 65]",49.67744579945789
"[25, 22, 22, 43, 62, 29, 12, 19, 41, 51, 56, 19, 21, 8, 65]",48.94423712737134
"[25, 22, 22, 42, 62, 33, 12, 17, 41, 51, 56, 19, 23, 8, 65]",49.121997628726334
"[26, 22, 25, 46, 62, 41, 12, 19, 42, 51, 56, 19, 23, 8, 65]",49.006502032520274
"[25, 22, 22, 44, 62, 37, 12, 18, 42, 51, 57, 19, 23, 8, 65]",49.20518970189697
"[25, 22, 23, 46, 62, 41, 12, 21, 41, 51, 56, 24, 23, 8, 65]",52.514032520325216
"[28, 22, 24, 47, 62, 37, 12, 15, 42, 51, 56, 19, 23, 8, 65]",49.302424457994775
"[25, 22, 23, 44, 62, 36, 12, 19, 42, 53, 56, 19, 23, 8, 65]",48.735283536585506
"[28, 22, 23, 48, 62, 36, 12, 17, 40, 51, 57, 19, 23, 8, 65]",49.30583604336031
"[27, 22, 22, 43, 62, 36, 12, 17, 42, 51, 56, 19, 23, 8, 65]",48.76552303523026
"[26, 22, 23, 44, 62, 38, 12, 16, 42, 51, 56, 19, 23, 8, 65]",48.81153455284562
"[26, 22, 22, 47, 62, 36, 12, 19, 42, 51, 57, 19, 23, 8, 65]",48.75563617886185
"[25, 22, 22, 45, 62, 34, 12, 18, 37, 51, 57, 19, 23, 8, 65]",50.10813075880767
"[26, 22, 23, 41, 62, 33, 12, 15, 42, 51, 56, 19, 22, 8, 65]",48.90584112466124
"[25, 22, 22, 41, 62, 37, 12, 18, 39, 51, 59, 20, 23, 8, 65]",49.105475609756056
"[25, 22, 24, 43, 62, 38, 12, 15, 42, 51, 56, 19, 23, 8, 64]",49.3344576558264
"[30, 22, 22, 44, 62, 35, 13, 19, 42, 51, 57, 19, 23, 8, 65]",48.94431741192399
"[26, 22, 25, 43, 62, 33, 12, 16, 42, 51, 56, 19, 23, 8, 65]",49.444164295392945
"[25, 22, 23, 41, 62, 25, 12, 20, 42, 51, 56, 19, 23, 8, 65]",49.071186314363224
"[27, 22, 22, 44, 62, 32, 12, 18, 42, 51, 56, 19, 23, 8, 65]",49.223447493224995
"[26, 21, 24, 42, 62, 42, 12, 19, 42, 51, 56, 19, 23, 8, 65]",49.84510873983734
"[25, 22, 22, 44, 62, 39, 12, 20, 39, 51, 56, 19, 23, 8, 64]",47.94301558265586
"[26, 22, 23, 42, 62, 33, 12, 19, 41, 51, 56, 19, 23, 8, 65]",49.68971104336049
"[27, 22, 25, 45, 62, 41, 12, 19, 42, 51, 56, 19, 23, 8, 65]",51.07005894308955
"[25, 22, 22, 43, 62, 31, 12, 24, 42, 51, 56, 20, 23, 8, 65]",48.65242005420048
"[26, 22, 23, 45, 62, 34, 12, 23, 42, 51, 56, 23, 23, 8, 65]",51.454171409213984
"[26, 22, 24, 48, 62, 34, 12, 15, 42, 51, 56, 19, 23, 8, 65]",49.73721883468837
"[25, 22, 23, 44, 62, 36, 12, 19, 42, 53, 56, 19, 23, 8, 65]",48.18161653116519
"[28, 22, 23, 45, 62, 36, 12, 18, 40, 51, 56, 19, 23, 8, 65]",48.95985094850942
"[25, 22, 22, 46, 62, 37, 12, 17, 41, 51, 56, 19, 23, 8, 65]",48.70705623306222
"[27, 22, 23, 44, 62, 37, 12, 18, 42, 51, 56, 19, 23, 8, 65]",49.024078929539094
"[26, 22, 22, 47, 62, 37, 12, 17, 42, 51, 57, 19, 23, 8, 65]",48.48446138211394
"[26, 22, 22, 45, 62, 29, 12, 18, 42, 51, 56, 19, 23, 8, 65]",49.70662228997282
"[25, 22, 22, 40, 62, 34, 12, 22, 40, 51, 56, 19, 21, 8, 65]",49.26975203252016
"[27, 22, 22, 44, 62, 31, 12, 19, 40, 51, 58, 21, 23, 8, 65]",49.33272696476951
"[25, 22, 23, 44, 62, 39, 12, 15, 41, 51, 57, 19, 23, 8, 65]",49.85494376693782
"[29, 22, 22, 47, 62, 38, 14, 16, 42, 51, 58, 19, 23, 8, 65]",49.25838448509479
"[26, 22, 23, 44, 62, 35, 12, 15, 38, 51, 56, 19, 23, 8, 65]",49.71347831978311
"[27, 22, 22, 45, 62, 42, 12, 18, 42, 51, 56, 19, 23, 8, 65]",49.375152439024376
"[26, 22, 23, 42, 62, 31, 12, 20, 42, 51, 56, 19, 23, 8, 65]",49.80371138211383
"[27, 21, 22, 43, 62, 34, 13, 22, 42, 51, 56, 19, 23, 8, 65]",50.3670565718156
"[25, 22, 22, 44, 62, 43, 12, 18, 37, 51, 56, 19, 23, 8, 63]",49.63514939024391
"[27, 22, 23, 43, 62, 31, 12, 18, 40, 51, 56, 19, 23, 8, 65]",49.42358705962053
"[28, 22, 23, 43, 62, 41, 12, 19, 42, 51, 56, 19, 22, 8, 65]",50.25302168021674
"[26, 22, 22, 42, 62, 29, 12, 26, 42, 51, 57, 20, 23, 8, 65]",50.18689905149063
"[27, 22, 23, 43, 62, 33, 12, 19, 42, 51, 59, 19, 23, 8, 65]",49.36842852303516
"[25, 22, 23, 45, 62, 33, 12, 18, 41, 51, 57, 19, 23, 8, 65]",49.55405081300794
"[26, 22, 23, 44, 62, 36, 12, 19, 42, 52, 56, 19, 22, 8, 65]",48.18161653116519
"[27, 22, 23, 45, 62, 36, 12, 18, 41, 51, 56, 19, 23, 8, 65]",49.191216802168235
"[26, 22, 22, 45, 62, 38, 12, 17, 42, 51, 56, 19, 22, 8, 65]",49.037188008130116
"[27, 21, 23, 45, 62, 36, 12, 20, 42, 51, 56, 19, 23, 8, 65]",49.53201795392957
"[26, 22, 23, 44, 62, 37, 12, 19, 42, 51, 58, 19, 23, 8, 65]",48.254133468834674
"[27, 22, 23, 43, 62, 32, 12, 19, 42, 51, 56, 19, 22, 8, 65]",49.29903184281842
"[25, 22, 22, 43, 62, 35, 13, 22, 38, 51, 56, 19, 19, 8, 65]",48.7197296747969
"[27, 22, 22, 43, 62, 34, 12, 18, 40, 51, 56, 21, 23, 8, 65]",49.95553590785898
"[25, 22, 22, 43, 62, 37, 12, 16, 42, 51, 57, 19, 23, 8, 65]",49.84285060975604
"[28, 22, 24, 46, 62, 39, 12, 16, 42, 51, 56, 19, 23, 8, 65]",48.89419071815702
"[26, 22, 23, 45, 62, 33, 12, 15, 37, 51, 56, 19, 23, 8, 65]",50.271095528455426
"[28, 22, 22, 45, 62, 43, 12, 16, 42, 51, 57, 19, 23, 8, 65]",49.418274390243816
"[25, 22, 24, 41, 62, 33, 12, 20, 42, 51, 57, 20, 23, 8, 65]",48.986492547425506
"[27, 22, 22, 45, 62, 35, 14, 17, 42, 51, 57, 19, 23, 8, 65]",48.49541565040646
"[26, 22, 22, 45, 62, 37, 12, 16, 42, 51, 56, 19, 23, 8, 64]",54.01878116531154
"[27, 22, 22, 43, 62, 33, 12, 17, 40, 51, 58, 19, 23, 8, 65]",48.91024457994563
"[28, 22, 22, 43, 62, 42, 12, 19, 42, 51, 56, 20, 21, 8, 65]",49.5796680216803
"[26, 22, 22, 40, 62, 34, 12, 19, 42, 51, 57, 19, 23, 8, 65]",50.19726863143624
"[26, 22, 23, 43, 62, 39, 12, 15, 42, 51, 57, 19, 23, 8, 65]",49.53003963414638
"[27, 22, 22, 43, 62, 35, 12, 21, 40, 51, 57, 19, 23, 8, 65]",49.11883536585371
"[27, 22, 23, 43, 62, 37, 12, 18, 42, 51, 56, 19, 22, 8, 65]",48.490801829268385
"[29, 22, 23, 46, 62, 36, 12, 18, 42, 51, 56, 19, 23, 8, 65]",49.46683367208693
"[27, 22, 23, 43, 62, 36, 12, 18, 41, 51, 56, 19, 21, 8, 65]",48.453276084010795
"[26, 21, 23, 45, 62, 40, 12, 22, 42, 51, 57, 19, 23, 8, 65]",48.844002032520436
"[26, 22, 24, 42, 62, 37, 12, 20, 42, 51, 58, 19, 23, 8, 65]",48.29068394308924
"[27, 22, 23, 42, 62, 34, 12, 21, 42, 51, 56, 19, 22, 8, 65]",48.298348577235615
"[25, 22, 22, 44, 62, 37, 13, 21, 41, 51, 56, 19, 18, 8, 63]",48.094423780487716
"[25, 22, 24, 42, 62, 38, 12, 17, 41, 51, 56, 21, 23, 8, 65]",49.31847323848238
"[26, 22, 22, 42, 62, 37, 12, 17, 42, 51, 57, 19, 23, 8, 65]",49.26430962059612
"[26, 22, 25, 44, 62, 32, 12, 27, 42, 51, 56, 19, 23, 8, 65]",49.07134010840122
"[26, 22, 23, 42, 62, 30, 12, 17, 42, 51, 56, 19, 23, 8, 65]",48.86390785907849
"[27, 22, 22, 44, 62, 43, 12, 20, 42, 51, 58, 19, 23, 8, 65]",51.73531300813013
"[26, 22, 22, 44, 62, 42, 12, 18, 42, 51, 56, 19, 23, 8, 65]",49.89465752032537
"[26, 22, 22, 45, 62, 38, 13, 15, 42, 51, 57, 19, 23, 8, 65]",49.30340277777769
"[27, 22, 22, 45, 62, 32, 12, 19, 42, 51, 56, 19, 23, 8, 65]",48.94405995934948
"[26, 22, 22, 42, 62, 35, 12, 18, 40, 51, 56, 19, 23, 8, 65]",49.366311653116654
"[29, 22, 23, 44, 62, 34, 12, 18, 42, 51, 56, 20, 23, 8, 65]",49.56563143631429
"[25, 22, 22, 42, 62, 39, 12, 16, 42, 51, 56, 19, 23, 8, 65]",48.89289397018975
"[26, 22, 23, 44, 62, 43, 12, 18, 42, 51, 57, 19, 23, 8, 65]",49.3344576558264
"[28, 22, 23, 43, 62, 33, 12, 22, 40, 51, 59, 19, 23, 8, 65]",49.47969918699199
"[25, 22, 23, 42, 62, 37, 12, 18, 42, 51, 56, 19, 23, 8, 64]",49.07216260162618
"[29, 22, 23, 44, 62, 36, 12, 16, 42, 51, 57, 19, 23, 8, 65]",49.31056876693773
"[27, 22, 23, 44, 62, 36, 12, 16, 40, 51, 56, 19, 21, 8, 65]",48.950615176151715
"[26, 21, 22, 46, 62, 40, 12, 18, 42, 51, 58, 19, 23, 8, 65]",48.98896849593502
"[26, 22, 24, 43, 62, 37, 12, 18, 42, 51, 56, 19, 23, 8, 65]",49.240653794037925
"[27, 22, 24, 43, 62, 36, 12, 18, 41, 51, 56, 19, 23, 8, 65]",48.72565176151727
"[26, 22, 22, 45, 62, 37, 12, 16, 42, 51, 56, 19, 22, 8, 62]",49.24164939024381
"[26, 22, 24, 43, 62, 36, 12, 18, 40, 51, 56, 19, 23, 8, 65]",49.6505833333333
"[25, 22, 23, 44, 62, 38, 12, 18, 42, 51, 58, 20, 23, 8, 65]",49.233418021680166
"[26, 22, 23, 42, 62, 27, 12, 27, 42, 51, 56, 19, 23, 8, 65]",48.85574762872613
"[26, 22, 23, 41, 62, 33, 12, 19, 39, 51, 56, 19, 23, 8, 65]",49.591575880758846
"[26, 22, 22, 43, 62, 38, 12, 22, 42, 51, 56, 19, 23, 8, 65]",51.23569410569093
"[26, 22, 22, 43, 62, 40, 12, 17, 42, 51, 56, 19, 23, 8, 65]",49.71389905149038
"[25, 22, 23, 43, 62, 40, 12, 15, 42, 51, 56, 19, 23, 8, 65]",49.2749007452574
"[27, 22, 22, 43, 62, 33, 12, 21, 41, 51, 56, 19, 23, 8, 65]",48.50930758807607
"[25, 22, 23, 41, 62, 33, 12, 19, 40, 51, 56, 19, 23, 8, 65]",48.766897696476924
"[28, 22, 25, 44, 62, 35, 12, 16, 42, 51, 59, 19, 23, 8, 65]",50.02947256097579
"[26, 22, 22, 41, 62, 40, 12, 16, 42, 51, 56, 19, 23, 8, 65]",49.34246205962046
"[26, 22, 22, 44, 62, 38, 13, 20, 42, 51, 58, 22, 23, 8, 65]",53.11695697831993
"[25, 22, 22, 46, 62, 33, 12, 19, 42, 51, 59, 19, 23, 8, 65]",49.83537567750682
"[25, 22, 23, 41, 62, 36, 12, 18, 42, 51, 56, 19, 23, 8, 63]",50.11482757452582
"[27, 22, 23, 47, 62, 37, 12, 15, 40, 51, 57, 19, 23, 8, 65]",48.90610569105668
"[27, 22, 23, 44, 62, 35, 12, 16, 41, 51, 56, 19, 23, 8, 64]",49.32259925474231
"[25, 21, 22, 44, 62, 37, 12, 18, 42, 52, 57, 19, 23, 8, 65]",48.822696138211356
"[27, 22, 23, 44, 62, 36, 12, 17, 42, 51, 56, 19, 23, 8, 65]",49.05357249322491
"[27, 22, 23, 46, 62, 35, 12, 18, 42, 51, 56, 19, 23, 8, 65]",49.28584518970203
"[26, 22, 22, 44, 62, 36, 12, 17, 42, 51, 56, 19, 23, 8, 62]",49.11648035230327
"[27, 22, 22, 44, 62, 34, 12, 19, 38, 51, 57, 19, 23, 8, 65]",49.65924864498646
"[25, 22, 23, 44, 62, 37, 12, 17, 42, 51, 58, 19, 23, 8, 65]",49.057362466124616
"[29, 22, 22, 42, 62, 28, 12, 21, 42, 51, 57, 19, 23, 8, 65]",49.60004302167997
"[25, 22, 22, 43, 62, 37, 12, 19, 39, 51, 56, 19, 23, 8, 65]",49.03436991869947
"[27, 22, 23, 43, 62, 32, 12, 21, 42, 51, 56, 19, 23, 8, 65]",50.013563008130205
"[26, 22, 23, 42, 62, 31, 12, 19, 42, 51, 57, 19, 23, 8, 65]",49.16717411924104
"[25, 22, 23, 42, 62, 33, 12, 22, 42, 51, 57, 19, 23, 8, 65]",49.84510873983734
"[25, 22, 24, 42, 62, 38, 12, 18, 39, 51, 56, 19, 23, 8, 65]",48.76456808943083
"[25, 22, 23, 42, 62, 31, 12, 18, 41, 51, 56, 19, 23, 8, 65]",48.37964905149033
"[26, 22, 24, 43, 62, 42, 12, 15, 42, 51, 60, 19, 23, 8, 65]",50.427109756097586
"[27, 22, 22, 39, 62, 38, 12, 20, 42, 51, 56, 19, 23, 8, 65]",49.95103455284569
"[25, 22, 22, 44, 62, 35, 12, 20, 42, 51, 56, 20, 23, 8, 65]",49.38267615176146
"[25, 22, 22, 48, 62, 35, 12, 16, 42, 51, 58, 19, 23, 8, 65]",49.636667005420236
"[25, 22, 23, 45, 62, 35, 12, 19, 42, 52, 56, 19, 23, 8, 65]",49.924725948509376
"[26, 22, 23, 48, 62, 37, 12, 19, 40, 51, 56, 19, 23, 8, 65]",49.45763855013586
"[26, 22, 23, 46, 62, 35, 12, 18, 41, 51, 57, 19, 23, 8, 65]",49.043186314362956
"[25, 22, 22, 43, 62, 35, 12, 22, 42, 51, 57, 19, 23, 8, 65]",49.07276050135509
"[25, 22, 22, 44, 62, 36, 12, 20, 42, 51, 56, 19, 23, 8, 65]",48.92863617886183
"[28, 22, 23, 44, 62, 34, 12, 18, 42, 51, 58, 20, 23, 8, 65]",48.57677303523022
"[26, 22, 23, 43, 62, 35, 13, 21, 42, 51, 56, 19, 23, 8, 64]",49.137018970189764
"[27, 22, 22, 43, 62, 35, 12, 21, 40, 51, 57, 19, 23, 8, 65]",48.297024728997464
"[28, 22, 23, 43, 62, 37, 12, 18, 42, 51, 57, 19, 23, 8, 65]",49.057362466124616
"[27, 22, 22, 47, 62, 39, 12, 15, 42, 52, 56, 19, 23, 8, 65]",50.192860433604324
"[25, 22, 22, 44, 62, 38, 12, 17, 42, 51, 56, 19, 23, 8, 65]",49.83636449864506
"[26, 22, 23, 43, 62, 30, 12, 15, 42, 51, 57, 19, 23, 8, 65]",49.64147662601629
"[27, 22, 23, 42, 62, 34, 12, 20, 42, 51, 57, 20, 23, 8, 65]",50.23374627371261
"[26, 22, 22, 42, 62, 29, 12, 22, 42, 51, 58, 19, 23, 8, 65]",49.37768902439015
"[25, 22, 25, 43, 62, 39, 12, 17, 41, 51, 56, 19, 23, 8, 64]",49.666837737127295
"[26, 22, 22, 43, 62, 30, 12, 18, 42, 51, 56, 19, 23, 8, 65]",49.923972899729065
"[27, 22, 22, 43, 62, 42, 12, 15, 42, 51, 59, 20, 23, 8, 65]",50.66351388888897
"[27, 22, 22, 40, 62, 32, 12, 25, 42, 51, 56, 19, 23, 8, 65]",49.165949525745255
"[26, 22, 23, 43, 62, 36, 12, 17, 42, 51, 57, 19, 23, 8, 65]",48.81111178861795
"[27, 22, 22, 44, 62, 35, 12, 16, 42, 51, 58, 20, 23, 8, 65]",48.528482723577405
"[26, 22, 23, 45, 62, 35, 12, 19, 42, 52, 56, 19, 23, 8, 65]",49.26673340108411
"[26, 22, 23, 44, 62, 36, 12, 21, 41, 51, 57, 19, 23, 8, 65]",49.51823306233052
"[25, 22, 23, 43, 62, 36, 12, 19, 41, 51, 57, 19, 23, 8, 64]",49.12260298102972
"[26, 22, 23, 42, 62, 37, 12, 23, 42, 51, 58, 20, 23, 8, 65]",49.33534789972912
"[25, 22, 22, 44, 62, 37, 12, 20, 42, 51, 56, 19, 23, 8, 65]",48.40841869918691
"[29, 22, 22, 42, 62, 36, 12, 19, 40, 51, 56, 20, 23, 8, 65]",49.589699864498535
"[25, 22, 24, 44, 62, 36, 13, 22, 42, 51, 56, 19, 21, 8, 65]",48.518129742547465
"[28, 22, 22, 42, 62, 35, 12, 16, 42, 51, 57, 19, 23, 8, 65]",49.47969918699199
"[28, 22, 23, 41, 62, 38, 12, 20, 42, 51, 57, 20, 23, 8, 65]",49.1059288617886
"[25, 22, 22, 48, 62, 41, 12, 23, 41, 51, 57, 19, 23, 8, 65]",50.13805758807565
"[26, 22, 22, 43, 62, 34, 12, 17, 42, 51, 56, 20, 23, 8, 65]",49.37102879403769
"[27, 22, 23, 43, 62, 36, 12, 15, 42, 51, 57, 19, 23, 8, 65]",48.713657181571875
"[26, 22, 22, 42, 62, 36, 12, 21, 42, 51, 56, 20, 23, 8, 65]",49.50461009485089
"[26, 22, 22, 46, 62, 32, 12, 17, 42, 51, 58, 20, 23, 8, 65]",49.371775067750775
"[25, 22, 22, 44, 62, 36, 12, 19, 42, 51, 56, 19, 23, 8, 64]",50.02235907859084
"[27, 22, 22, 43, 62, 38, 12, 18, 38, 51, 56, 19, 23, 8, 65]",49.339762195121715
"[27, 22, 23, 43, 62, 35, 12, 18, 42, 51, 57, 21, 23, 8, 65]",49.73313685636862
"[25, 22, 22, 43, 61, 36, 12, 16, 42, 51, 57, 19, 23, 8, 65]",49.26131266937667
"[27, 22, 23, 42, 62, 38, 12, 16, 42, 51, 59, 20, 23, 8, 65]",48.97885128726312
"[27, 22, 23, 44, 62, 32, 12, 18, 39, 51, 57, 20, 23, 8, 65]",49.12477642276434
"[27, 22, 23, 44, 62, 36, 12, 19, 42, 51, 56, 19, 23, 8, 65]",49.63335975609757
"[29, 22, 23, 41, 62, 35, 12, 20, 42, 51, 58, 19, 23, 8, 65]",49.247602981029736
"[28, 22, 23, 43, 62, 39, 12, 15, 42, 51, 58, 20, 22, 8, 64]",49.33396239837402
"[26, 21, 24, 45, 62, 41, 12, 19, 42, 51, 56, 21, 23, 8, 65]",49.931240853658615
"[27, 22, 23, 43, 62, 38, 12, 17, 42, 51, 57, 19, 23, 8, 65]",49.14304505420057
"[28, 22, 22, 42, 62, 37, 12, 20, 40, 51, 57, 19, 23, 8, 65]",49.893264227642504
"[25, 22, 23, 45, 62, 37, 13, 17, 42, 51, 56, 19, 20, 8, 64]",48.866679878048764
"[29, 22, 23, 45, 62, 34, 12, 15, 42, 51, 59, 19, 23, 8, 65]",48.383361111111356
"[26, 22, 22, 42, 62, 38, 12, 16, 41, 51, 57, 20, 23, 8, 65]",48.93767581300822
"[25, 22, 23, 47, 62, 38, 13, 26, 41, 51, 58, 19, 23, 8, 65]",50.162771680216764
"[28, 22, 22, 42, 62, 31, 12, 20, 42, 51, 58, 20, 23, 8, 65]",48.91306808943087
"[28, 22, 24, 43, 62, 36, 12, 17, 41, 51, 57, 19, 23, 8, 65]",48.95321985094857
"[26, 22, 23, 43, 62, 38, 12, 20, 42, 51, 56, 20, 23, 8, 65]",49.74235094850954
"[27, 21, 22, 44, 62, 42, 12, 15, 38, 51, 57, 20, 23, 8, 65]",49.305734756097614
"[25, 22, 22, 45, 62, 34, 12, 21, 41, 51, 56, 19, 23, 8, 64]",48.96172594850968
"[27, 22, 23, 42, 62, 41, 12, 19, 37, 51, 56, 20, 23, 8, 65]",50.420122289973065
"[27, 22, 24, 43, 62, 35, 12, 17, 42, 51, 56, 21, 23, 8, 65]",49.08033231707311
"[25, 22, 22, 42, 61, 39, 12, 15, 41, 51, 58, 19, 23, 8, 65]",48.27711178861796
"[27, 22, 23, 45, 62, 39, 12, 17, 42, 51, 59, 21, 23, 8, 65]",49.60551930894324
"[27, 22, 24, 47, 62, 33, 12, 21, 38, 51, 56, 19, 23, 8, 65]",50.1610701219511
"[27, 22, 23, 43, 62, 37, 12, 19, 42, 51, 56, 19, 23, 8, 65]",47.72360772357723
"[29, 22, 23, 39, 62, 36, 12, 17, 42, 51, 58, 19, 23, 8, 65]",49.462318766937656
"[29, 22, 22, 44, 62, 39, 12, 15, 42, 51, 57, 20, 21, 8, 65]",49.23941632791327
"[28, 20, 22, 47, 62, 40, 12, 16, 42, 51, 56, 21, 23, 8, 65]",50.64144512195135
"[28, 22, 23, 43, 62, 40, 12, 16, 42, 51, 57, 19, 23, 8, 65]",49.130929878048654
"[26, 22, 22, 43, 62, 34, 12, 20, 41, 51, 58, 19, 23, 8, 65]",49.29382859078606
"[27, 22, 22, 44, 62, 37, 12, 17, 42, 51, 56, 19, 21, 8, 62]",49.40179505420036
"[28, 22, 26, 46, 62, 34, 12, 21, 39, 51, 57, 19, 23, 8, 65]",49.3291012872629
"[25, 22, 23, 43, 62, 39, 12, 15, 41, 51, 57, 19, 23, 8, 65]",48.4296402439023
"[30, 22, 24, 43, 62, 35, 13, 25, 42, 52, 58, 19, 23, 8, 65]",50.32158367208684
"[27, 22, 23, 42, 62, 32, 12, 22, 42, 51, 58, 19, 23, 8, 65]",49.77014837398366
"[27, 22, 22, 44, 62, 35, 12, 20, 40, 51, 58, 19, 23, 8, 65]",49.334551829268435
"[27, 22, 23, 43, 62, 35, 12, 18, 42, 51, 58, 19, 23, 8, 65]",48.96465481029812
"[27, 20, 25, 43, 62, 43, 12, 17, 36, 51, 56, 19, 23, 8, 65]",51.40853218157192
"[26, 22, 22, 43, 62, 36, 12, 16, 40, 51, 56, 19, 23, 8, 64]",48.07754166666651
"[27, 22, 24, 42, 62, 29, 12, 20, 42, 51, 56, 20, 23, 8, 65]",50.34719037940369
"[28, 22, 24, 42, 62, 39, 12, 16, 41, 51, 56, 19, 23, 8, 65]",49.65838075880769
"[27, 22, 22, 40, 61, 36, 12, 24, 40, 51, 56, 19, 23, 8, 65]",49.84499390243898
"[28, 22, 23, 47, 62, 37, 12, 18, 42, 51, 56, 21, 23, 8, 65]",49.239993902438734
"[27, 22, 23, 46, 62, 35, 12, 22, 39, 51, 57, 19, 23, 8, 65]",49.53812974254746
"[28, 22, 23, 44, 62, 37, 12, 19, 42, 51, 56, 19, 23, 8, 65]",47.72360772357723
"[26, 22, 22, 45, 62, 37, 12, 15, 42, 51, 56, 19, 23, 8, 65]",49.2892699864499
"[27, 22, 22, 45, 62, 37, 12, 17, 42, 51, 58, 19, 21, 8, 65]",49.61846172086736
"[28, 20, 23, 42, 62, 34, 12, 18, 42, 51, 57, 20, 23, 8, 65]",48.804511856368514
"[27, 22, 22, 44, 62, 35, 12, 21, 41, 51, 57, 19, 23, 8, 65]",49.43340684281854
"[25, 22, 23, 44, 62, 32, 12, 20, 42, 51, 59, 19, 23, 8, 65]",49.944706978319864
"[28, 22, 22, 43, 62, 37, 12, 19, 42, 51, 56, 19, 23, 8, 62]",48.921179200542106
"[28, 22, 25, 44, 62, 37, 12, 23, 40, 51, 56, 19, 23, 8, 65]",49.66971104336036
"[26, 22, 22, 44, 62, 36, 12, 16, 42, 51, 58, 19, 23, 8, 65]",50.843526422764356
"[30, 22, 24, 42, 62, 38, 12, 23, 42, 54, 56, 19, 23, 8, 65]",50.254372289973155
"[26, 22, 24, 43, 62, 36, 12, 15, 41, 51, 56, 20, 23, 8, 65]",49.28699356368577
"[27, 22, 22, 44, 62, 34, 12, 18, 40, 51, 58, 20, 23, 8, 65]",49.86908909214107
"[27, 22, 23, 42, 62, 35, 12, 19, 42, 51, 56, 19, 23, 8, 65]",49.73408197831991
"[27, 22, 27, 42, 62, 30, 12, 19, 42, 51, 56, 19, 23, 8, 65]",52.50583807588072
"[27, 22, 22, 43, 62, 37, 12, 15, 40, 51, 56, 19, 23, 8, 65]",49.606514905149176
"[27, 22, 23, 43, 62, 26, 12, 20, 42, 51, 57, 19, 23, 8, 65]",50.147793021680236
"[28, 22, 22, 43, 62, 38, 12, 17, 39, 51, 57, 19, 23, 8, 65]",49.76508536585372
"[28, 22, 22, 39, 62, 33, 12, 27, 42, 51, 56, 19, 23, 8, 65]",49.612476964769556
"[28, 22, 23, 48, 62, 37, 12, 19, 41, 51, 56, 19, 23, 8, 65]",49.61754505420051
"[27, 22, 23, 46, 62, 36, 12, 16, 42, 51, 57, 19, 23, 8, 65]",48.25980047425466
"[27, 22, 24, 44, 62, 37, 12, 19, 42, 51, 56, 19, 23, 8, 65]",47.72360772357723
"[25, 22, 22, 48, 62, 38, 12, 17, 42, 51, 56, 19, 23, 8, 65]",49.172481029810164
"[26, 22, 25, 45, 62, 35, 12, 18, 42, 51, 57, 19, 23, 8, 65]",48.73252235772351
"[27, 22, 23, 44, 62, 35, 12, 22, 42, 51, 57, 19, 23, 8, 65]",49.483134146341456
"[27, 22, 22, 44, 62, 34, 12, 22, 41, 51, 58, 19, 23, 8, 65]",48.717665989159855
"[25, 22, 24, 43, 62, 37, 12, 20, 42, 51, 56, 20, 23, 8, 65]",48.437477642276455
"[27, 22, 24, 44, 62, 36, 12, 21, 41, 51, 56, 19, 23, 8, 64]",48.72698272357715
"[28, 22, 24, 44, 62, 38, 12, 15, 42, 51, 58, 20, 23, 8, 65]",49.19216497289971
"[27, 22, 22, 44, 62, 37, 12, 18, 42, 51, 59, 19, 23, 8, 65]",49.39327405149048
"[28, 22, 23, 46, 62, 37, 12, 21, 42, 53, 56, 19, 23, 8, 65]",50.278690379403756
"[25, 22, 23, 43, 62, 37, 12, 15, 41, 51, 56, 19, 23, 8, 65]",50.276470867208594
"[27, 22, 23, 43, 62, 34, 12, 17, 42, 51, 56, 20, 23, 8, 65]",49.399317750677405
"[26, 22, 23, 41, 62, 36, 12, 20, 42, 51, 56, 19, 23, 8, 65]",49.22276016260151
"[27, 22, 22, 41, 62, 29, 12, 19, 42, 51, 57, 20, 23, 8, 65]",50.29428658536576
"[27, 22, 22, 43, 62, 38, 12, 19, 39, 51, 57, 19, 23, 8, 65]",49.255630081300836
"[27, 22, 23, 42, 62, 40, 12, 18, 38, 51, 58, 19, 23, 8, 65]",49.743123306232995
"[28, 22, 22, 45, 62, 36, 12, 18, 42, 51, 57, 19, 23, 8, 65]",49.823280487804965
"[27, 21, 22, 41, 62, 37, 12, 26, 42, 51, 56, 19, 23, 8, 65]",49.37523611111118
"[27, 22, 23, 43, 62, 38, 12, 20, 41, 51, 57, 19, 23, 8, 65]",48.85536517615177
"[28, 22, 23, 46, 62, 36, 12, 19, 42, 51, 59, 19, 23, 8, 65]",48.73047120596204
"[27, 22, 24, 43, 62, 37, 12, 19, 42, 51, 56, 19, 22, 8, 65]",49.436005758807674
"[28, 22, 22, 46, 62, 37, 12, 18, 41, 51, 56, 19, 23, 8, 65]",48.72248577235774
"[26, 22, 23, 44, 62, 37, 12, 19, 42, 51, 56, 19, 23, 8, 65]",49.606381775067746
"[26, 22, 22, 44, 62, 36, 12, 19, 42, 51, 56, 19, 23, 8, 65]",49.41376897018964
"[27, 22, 25, 43, 62, 38, 12, 22, 42, 51, 56, 19, 23, 8, 65]",48.30129878048805
"[26, 22, 23, 42, 62, 40, 12, 19, 41, 51, 56, 19, 23, 8, 65]",48.47535433604339
"[25, 22, 23, 43, 62, 36, 12, 21, 41, 51, 56, 19, 22, 8, 65]",49.646618224932325
"[27, 22, 22, 45, 62, 32, 12, 15, 42, 51, 56, 20, 23, 8, 65]",49.223387195121866
"[27, 22, 22, 43, 62, 39, 12, 18, 41, 51, 58, 19, 23, 8, 65]",49.22234993224934
"[26, 22, 22, 47, 62, 35, 13, 24, 42, 53, 57, 19, 23, 8, 65]",50.09105724932241
"[28, 22, 22, 42, 62, 34, 12, 16, 42, 51, 56, 19, 23, 8, 65]",49.85494376693782
"[28, 22, 24, 42, 62, 34, 12, 17, 41, 51, 56, 20, 23, 8, 65]",48.952498644986235
"[25, 21, 22, 40, 62, 36, 12, 20, 42, 51, 56, 19, 23, 8, 65]",48.84977201897038
"[27, 22, 22, 46, 62, 43, 12, 17, 42, 51, 57, 20, 23, 8, 65]",50.21760298102998
"[27, 22, 24, 44, 62, 37, 12, 22, 40, 51, 57, 19, 23, 8, 65]",49.35163990514897
"[27, 22, 23, 41, 62, 38, 12, 16, 42, 51, 56, 19, 23, 8, 65]",50.686303523035235
"[28, 22, 22, 45, 62, 38, 12, 19, 42, 51, 58, 19, 23, 8, 65]",48.551320121951235
"[25, 22, 22, 42, 60, 39, 12, 20, 42, 51, 56, 19, 23, 8, 65]",49.0542503387536
"[27, 22, 23, 43, 62, 36, 12, 17, 42, 51, 58, 20, 23, 8, 65]",49.193901761517665
"[28, 22, 24, 44, 62, 34, 12, 24, 40, 51, 58, 19, 23, 8, 65]",49.64319376693755
"[29, 22, 23, 45, 62, 37, 12, 19, 42, 51, 57, 19, 22, 8, 65]",48.88839430894305
"[29, 22, 24, 47, 62, 34, 12, 19, 41, 51, 56, 19, 23, 8, 65]",48.749905487804845
"[28, 22, 22, 44, 62, 38, 12, 18, 42, 51, 56, 19, 22, 8, 65]",49.394781504065136
"[27, 22, 23, 43, 62, 41, 12, 16, 42, 51, 58, 19, 23, 8, 65]",49.11616056910573
"[27, 22, 26, 42, 62, 40, 12, 16, 42, 51, 56, 19, 23, 8, 65]",49.73080691056899
"[29, 22, 23, 43, 62, 38, 12, 17, 42, 51, 56, 19, 23, 8, 65]",48.88916463414644
"[26, 22, 22, 45, 62, 38, 12, 20, 42, 51, 56, 19, 22, 8, 64]",48.40374559620617
"[28, 22, 23, 44, 62, 30, 12, 23, 42, 51, 58, 19, 23, 8, 65]",49.81253489159891
"[27, 22, 24, 43, 62, 37, 12, 16, 41, 51, 56, 19, 23, 8, 65]",49.10982689701901
"[26, 22, 24, 47, 62, 35, 13, 25, 42, 52, 57, 19, 23, 8, 65]",48.50348712737148
"[29, 22, 23, 43, 62, 31, 12, 18, 42, 51, 56, 19, 23, 8, 65]",49.394937669376574
"[28, 22, 23, 42, 62, 36, 12, 18, 41, 51, 56, 19, 23, 8, 65]",50.228295392953854
"[25, 21, 22, 42, 58, 38, 12, 19, 42, 51, 57, 19, 23, 8, 65]",49.27840819783218
"[25, 21, 22, 46, 62, 43, 12, 17, 42, 51, 56, 19, 23, 8, 65]",53.3579773035228
"[26, 22, 24, 44, 62, 37, 12, 16, 40, 51, 58, 19, 23, 8, 64]",48.796371273712815
"[26, 22, 22, 40, 62, 30, 12, 17, 42, 51, 56, 19, 23, 8, 65]",50.327015582655896
"[29, 22, 26, 44, 62, 39, 12, 15, 42, 51, 58, 19, 22, 8, 65]",49.11219071815719
"[26, 22, 23, 42, 59, 35, 13, 17, 42, 52, 56, 19, 23, 8, 65]",49.76326388888887
"[26, 22, 22, 43, 62, 36, 12, 16, 42, 51, 58, 20, 23, 8, 65]",48.98485331978307
"[27, 22, 25, 46, 62, 35, 12, 26, 42, 51, 56, 19, 23, 8, 65]",49.562843834688415
"[28, 22, 24, 46, 62, 37, 12, 19, 42, 51, 58, 19, 23, 8, 65]",48.62345697831995
"[28, 22, 25, 43, 62, 35, 12, 15, 42, 51, 56, 19, 23, 8, 65]",49.06287635501333
"[28, 22, 22, 44, 62, 38, 12, 18, 42, 51, 58, 19, 21, 8, 65]",49.07216260162618
"[27, 22, 24, 43, 62, 38, 12, 17, 42, 51, 59, 20, 23, 8, 65]",49.51812804878047
"[27, 22, 25, 47, 62, 38, 12, 15, 42, 51, 56, 19, 23, 8, 65]",49.05706673441716
"[28, 22, 22, 44, 62, 31, 12, 19, 42, 51, 56, 19, 23, 8, 65]",49.47240345528477
"[29, 22, 22, 46, 62, 38, 13, 18, 42, 51, 56, 19, 19, 8, 63]",48.31748543360435
"[28, 22, 24, 44, 62, 32, 12, 27, 41, 51, 57, 19, 23, 8, 65]",49.2257452574524
"[27, 22, 25, 43, 60, 37, 12, 16, 42, 51, 56, 20, 23, 8, 65]",48.77490277777782
"[28, 22, 24, 43, 62, 38, 13, 15, 42, 53, 58, 19, 23, 8, 65]",49.027796747967614
"[26, 22, 24, 44, 62, 31, 12, 20, 41, 51, 57, 19, 23, 8, 65]",49.751738821138005
"[27, 22, 22, 45, 62, 34, 12, 19, 42, 51, 56, 19, 23, 8, 65]",49.62969715447164
"[26, 21, 23, 43, 58, 36, 12, 19, 42, 51, 57, 19, 23, 8, 65]",48.69391429539293
"[27, 21, 22, 41, 62, 38, 12, 17, 42, 51, 56, 19, 23, 8, 65]",52.6261331300813
"[28, 22, 23, 45, 62, 38, 12, 15, 41, 51, 56, 20, 23, 8, 65]",49.642593495935046
"[26, 22, 22, 44, 62, 33, 12, 20, 41, 51, 57, 19, 23, 8, 65]",49.44559146341474
"[29, 22, 24, 44, 62, 40, 12, 15, 42, 51, 57, 19, 22, 8, 65]",50.091995257452496
"[28, 21, 22, 41, 60, 34, 13, 22, 42, 51, 58, 19, 23, 8, 65]",48.77934247967477
"[27, 22, 22, 45, 62, 36, 12, 20, 42, 51, 56, 21, 23, 8, 65]",49.02101151761499
"[27, 22, 25, 46, 62, 35, 12, 20, 42, 51, 56, 19, 23, 8, 65]",50.20582046070453
"[27, 22, 26, 45, 62, 37, 12, 19, 40, 51, 58, 19, 23, 8, 64]",49.49981165311667
"[28, 22, 25, 46, 62, 37, 12, 15, 41, 51, 56, 19, 23, 8, 65]",49.56992140921371
"[27, 22, 22, 44, 62, 37, 12, 18, 41, 51, 56, 19, 22, 8, 65]",49.56474762872628
"[27, 21, 23, 46, 62, 37, 12, 20, 42, 51, 56, 20, 23, 8, 65]",49.40775914634139
"[27, 22, 23, 47, 62, 35, 12, 23, 42, 51, 56, 19, 23, 8, 65]",49.38097696476982
"[27, 22, 22, 44, 62, 30, 12, 21, 42, 51, 56, 19, 22, 8, 65]",49.20677168021659
"[29, 22, 22, 46, 62, 37, 14, 18, 42, 51, 56, 19, 20, 8, 63]",48.94337771002716
"[28, 22, 24, 44, 62, 38, 12, 26, 41, 51, 57, 19, 23, 8, 65]",49.17093563685638
"[26, 22, 23, 44, 58, 38, 12, 19, 41, 51, 57, 19, 23, 8, 65]",49.30443191056933
"[29, 22, 22, 44, 62, 37, 12, 20, 42, 54, 57, 19, 23, 8, 65]",50.3379088753387
"[26, 22, 24, 44, 62, 33, 12, 17, 39, 51, 57, 19, 23, 8, 65]",49.13356063685667
"[26, 22, 22, 46, 62, 32, 12, 19, 42, 51, 56, 19, 23, 8, 65]",48.78304742547399
"[27, 21, 22, 42, 62, 34, 12, 19, 42, 51, 56, 20, 23, 8, 65]",48.42337262872647
"[28, 22, 22, 40, 62, 32, 12, 20, 42, 51, 56, 19, 23, 8, 65]",49.13964871273728
"[28, 22, 22, 44, 62, 37, 12, 15, 39, 51, 56, 19, 23, 8, 65]",49.45427811653103
"[26, 22, 22, 45, 62, 39, 12, 20, 39, 51, 58, 19, 23, 8, 65]",48.6470589430894
"[28, 22, 22, 45, 62, 35, 12, 17, 42, 51, 57, 19, 23, 8, 65]",49.67645291327923
"[28, 21, 22, 40, 62, 37, 12, 23, 42, 51, 56, 19, 23, 8, 65]",48.79641802168015
"[27, 22, 22, 46, 62, 40, 12, 19, 41, 51, 56, 23, 23, 8, 65]",49.6538600948509
"[29, 22, 22, 48, 62, 35, 13, 17, 42, 51, 58, 19, 23, 8, 65]",49.64216260162587
"[27, 22, 26, 44, 62, 36, 12, 19, 42, 51, 56, 19, 23, 8, 65]",50.14745155826563
"[28, 22, 22, 48, 62, 37, 12, 16, 41, 51, 57, 19, 23, 8, 65]",49.448503387533925
"[27, 22, 22, 44, 62, 37, 12, 18, 42, 51, 56, 19, 23, 8, 65]",48.37382147696494
"[27, 21, 22, 46, 62, 38, 12, 21, 42, 52, 56, 20, 23, 8, 65]",49.26205928184286
"[28, 22, 22, 43, 62, 32, 12, 22, 42, 51, 57, 20, 23, 8, 65]",49.37803184281864
"[27, 22, 22, 42, 62, 37, 12, 17, 40, 51, 57, 19, 22, 8, 65]",49.05242140921424
"[27, 22, 23, 46, 62, 36, 12, 20, 42, 52, 56, 19, 23, 8, 63]",49.15399525745254
"[28, 22, 23, 44, 62, 40, 12, 17, 40, 51, 58, 19, 23, 8, 65]",49.15965447154469
"[26, 22, 22, 44, 60, 39, 12, 18, 41, 51, 58, 19, 23, 8, 65]",49.67760264227636
"[30, 22, 22, 45, 62, 35, 12, 25, 42, 52, 56, 19, 23, 8, 65]",50.014228658536474
"[28, 22, 23, 43, 62, 34, 12, 16, 40, 51, 57, 20, 23, 8, 65]",49.466478997290025
"[26, 22, 24, 43, 62, 32, 12, 15, 41, 51, 56, 19, 23, 8, 65]",48.70566937669388
"[26, 22, 22, 41, 62, 34, 12, 19, 42, 51, 58, 20, 23, 8, 65]",49.011456300812895
"[25, 22, 22, 45, 62, 35, 12, 22, 42, 51, 56, 20, 23, 8, 65]",49.537147357723505
"[27, 22, 22, 42, 62, 34, 12, 19, 39, 51, 57, 19, 23, 8, 65]",49.17588482384823
"[29, 22, 22, 42, 62, 38, 12, 16, 42, 51, 56, 20, 23, 8, 65]",49.599652777777756
"[27, 22, 23, 46, 62, 37, 12, 19, 42, 51, 56, 20, 23, 8, 65]",48.632774728997454
"[25, 22, 24, 40, 62, 39, 12, 20, 42, 51, 56, 19, 23, 8, 65]",49.533767276422765
"[28, 22, 22, 46, 62, 43, 12, 18, 40, 51, 56, 22, 23, 8, 65]",50.215716802168096
"[28, 22, 22, 45, 62, 32, 12, 21, 42, 51, 57, 19, 23, 8, 65]",48.726603319783145
"[29, 22, 24, 44, 62, 35, 12, 18, 42, 51, 56, 19, 23, 8, 65]",50.15111619241199
"[29, 22, 22, 47, 62, 35, 12, 17, 41, 51, 58, 19, 23, 8, 65]",48.81227811653116
"[27, 22, 25, 44, 62, 36, 12, 18, 42, 51, 57, 19, 23, 8, 65]",49.54054640921416
"[27, 22, 22, 42, 62, 40, 12, 19, 42, 53, 56, 20, 23, 8, 65]",49.56774288617876
"[27, 22, 23, 42, 62, 34, 12, 16, 42, 51, 57, 20, 23, 8, 65]",49.15361415989173
"[28, 22, 23, 40, 62, 38, 12, 15, 40, 51, 56, 19, 23, 8, 65]",48.721225948509414
"[26, 22, 24, 46, 62, 36, 12, 20, 42, 52, 56, 19, 23, 8, 64]",49.12511449864499
"[28, 22, 22, 44, 62, 37, 12, 16, 42, 51, 58, 19, 23, 8, 65]",49.82326930894312
"[25, 22, 22, 42, 62, 39, 12, 16, 42, 51, 56, 19, 23, 8, 65]",49.02596815718154
"[27, 22, 22, 45, 62, 34, 12, 27, 42, 51, 57, 19, 23, 8, 65]",49.883841802168206
"[28, 22, 22, 44, 62, 36, 12, 17, 41, 51, 57, 20, 23, 8, 65]",49.56211822493218
"[27, 22, 25, 41, 62, 35, 12, 15, 40, 51, 56, 19, 23, 8, 65]",49.816092818428324
"[25, 22, 22, 43, 62, 35, 12, 20, 42, 51, 56, 19, 23, 8, 65]",49.449546070460656
"[25, 21, 22, 45, 62, 40, 12, 18, 42, 51, 58, 20, 23, 8, 65]",48.641612127371474
"[27, 22, 22, 44, 62, 35, 12, 20, 38, 51, 57, 19, 23, 8, 65]",49.50032926829234
"[27, 22, 23, 40, 62, 35, 12, 17, 42, 51, 56, 19, 23, 8, 65]",50.95533705962056
"[27, 22, 24, 44, 62, 38, 12, 19, 41, 51, 56, 19, 22, 8, 65]",48.746045731707206
"[27, 22, 22, 40, 61, 34, 12, 18, 42, 52, 56, 19, 23, 8, 65]",50.01282520325214
"[28, 22, 23, 42, 62, 42, 12, 19, 39, 51, 56, 19, 23, 8, 65]",51.02596578590783
"[26, 22, 22, 41, 62, 33, 12, 24, 42, 51, 56, 19, 23, 8, 65]",48.40898644986456
"[29, 22, 23, 44, 62, 35, 12, 18, 42, 51, 56, 19, 23, 8, 65]",49.54232723577227
"[30, 22, 22, 46, 62, 35, 12, 18, 40, 51, 59, 19, 23, 8, 65]",48.663336720867015
"[26, 22, 23, 44, 62, 37, 12, 17, 42, 51, 58, 19, 23, 8, 65]",50.15111619241199
"[27, 22, 23, 43, 62, 38, 12, 18, 42, 54, 59, 19, 23, 8, 65]",49.9842493224931
"[26, 22, 24, 45, 62, 39, 12, 17, 42, 51, 57, 19, 23, 8, 65]",49.324030826558094
"[28, 22, 22, 44, 62, 31, 12, 23, 40, 51, 56, 19, 23, 8, 65]",50.485440379403784
"[27, 22, 24, 43, 62, 38, 12, 20, 42, 52, 56, 19, 21, 8, 65]",48.40228590785921
"[28, 22, 22, 45, 62, 32, 12, 19, 41, 51, 56, 19, 23, 8, 65]",50.09460975609772
"[26, 22, 22, 42, 61, 35, 12, 16, 42, 51, 56, 19, 23, 8, 65]",49.34246205962046
"[27, 22, 24, 45, 62, 36, 12, 16, 42, 52, 57, 19, 23, 8, 65]",48.8543926151762
"[27, 22, 22, 44, 62, 36, 12, 19, 41, 51, 57, 19, 23, 8, 65]",49.15593428184299
"[27, 22, 23, 43, 62, 37, 12, 17, 38, 51, 56, 19, 23, 8, 65]",49.814127032520304
"[25, 22, 22, 43, 60, 36, 12, 19, 42, 51, 56, 19, 23, 8, 65]",48.78962296747964
"[25, 21, 22, 41, 62, 41, 12, 15, 42, 51, 57, 19, 23, 8, 65]",49.46053048780494
"[27, 22, 22, 45, 62, 37, 12, 19, 39, 51, 58, 20, 23, 8, 65]",48.95766836043375
"[26, 22, 24, 43, 62, 34, 12, 19, 42, 51, 57, 19, 23, 8, 65]",49.756911924119315
"[29, 22, 25, 42, 62, 39, 12, 17, 41, 51, 57, 19, 22, 8, 65]",49.3432310298105
"[28, 22, 22, 42, 59, 31, 12, 18, 42, 51, 56, 20, 23, 8, 65]",49.32002879403813
"[26, 22, 24, 43, 62, 33, 12, 19, 42, 51, 57, 19, 23, 8, 65]",51.01398509485073
"[27, 22, 24, 44, 62, 36, 12, 17, 42, 51, 58, 19, 23, 8, 65]",48.766189363143454
"[27, 22, 22, 44, 62, 37, 12, 19, 42, 51, 56, 19, 23, 8, 65]",49.54232723577227
"[27, 22, 23, 44, 62, 36, 12, 19, 41, 51, 56, 19, 23, 8, 65]",49.980317750677514
"[27, 22, 22, 45, 62, 37, 12, 16, 42, 51, 57, 19, 23, 8, 65]",48.860315040650455
"[27, 21, 23, 46, 62, 35, 13, 20, 42, 51, 59, 19, 23, 8, 65]",49.29464227642269
"[27, 22, 24, 47, 62, 40, 12, 21, 42, 51, 57, 19, 23, 8, 65]",49.527867208672234
"[27, 22, 22, 46, 62, 36, 12, 24, 42, 51, 56, 19, 23, 8, 65]",49.95608536585371
"[28, 22, 23, 41, 62, 38, 12, 19, 42, 52, 56, 19, 18, 8, 63]",48.96981368563688
"[28, 22, 22, 44, 62, 31, 12, 21, 39, 51, 56, 20, 23, 8, 65]",48.49194749322506
"[28, 22, 22, 42, 60, 35, 12, 18, 42, 51, 57, 19, 23, 8, 65]",48.21756199186996
"[27, 22, 24, 45, 62, 36, 13, 15, 42, 54, 57, 20, 23, 8, 65]",49.23865243902454
"[27, 22, 23, 42, 62, 35, 12, 19, 41, 51, 57, 19, 23, 8, 65]",48.797209010839985
"[27, 22, 22, 46, 62, 33, 12, 20, 42, 51, 57, 19, 23, 8, 65]",49.298475609756096
"[28, 22, 22, 42, 61, 37, 12, 21, 41, 51, 56, 19, 23, 8, 65]",48.83306470189694
"[28, 22, 22, 43, 62, 33, 12, 19, 42, 51, 56, 20, 23, 8, 65]",50.41371883468841
"[26, 22, 22, 43, 62, 38, 12, 18, 41, 51, 56, 20, 23, 8, 65]",49.015589092140864
"[26, 22, 22, 44, 62, 32, 12, 20, 42, 51, 57, 19, 23, 8, 65]",48.981942073170536
"[29, 22, 22, 45, 62, 40, 12, 16, 42, 51, 56, 19, 23, 8, 65]",49.84154200542016
"[27, 22, 22, 41, 61, 33, 12, 23, 42, 51, 56, 20, 23, 8, 65]",49.47847798102974
"[26, 22, 23, 44, 62, 33, 12, 19, 42, 52, 58, 20, 23, 8, 65]",49.7095125338754
"[27, 22, 25, 45, 62, 37, 12, 16, 42, 51, 58, 19, 23, 8, 65]",50.10297018970192
"[28, 22, 24, 44, 62, 38, 12, 19, 42, 51, 56, 19, 23, 8, 65]",48.551320121951235
"[26, 22, 23, 46, 62, 37, 12, 17, 42, 51, 56, 19, 23, 8, 65]",49.49312228997278
"[27, 22, 22, 44, 62, 36, 12, 18, 41, 51, 57, 19, 23, 8, 65]",48.59499627371276
"[27, 19, 22, 47, 62, 39, 12, 21, 42, 51, 57, 19, 23, 8, 65]",48.911052168021804
"[27, 22, 22, 45, 62, 33, 12, 20, 41, 51, 57, 19, 23, 8, 65]",49.93744918699202
"[27, 22, 24, 45, 62, 40, 12, 17, 41, 51, 57, 20, 23, 8, 65]",49.02682249322485
"[28, 22, 23, 45, 62, 36, 12, 20, 42, 51, 56, 19, 17, 8, 63]",48.87291869918682
"[27, 22, 23, 43, 62, 33, 12, 16, 38, 51, 56, 19, 23, 8, 65]",49.4878858401085
"[29, 22, 22, 42, 61, 39, 12, 20, 41, 51, 56, 19, 23, 8, 65]",49.83210975609752
"[30, 22, 23, 43, 62, 34, 13, 25, 42, 51, 58, 20, 23, 8, 65]",50.102173102980835
"[27, 22, 25, 42, 62, 34, 12, 17, 42, 51, 58, 19, 23, 8, 65]",49.113399051490525
"[28, 22, 22, 44, 62, 33, 12, 21, 42, 51, 56, 19, 23, 8, 65]",48.820735433604135
"[28, 21, 22, 41, 62, 37, 12, 19, 42, 51, 56, 19, 23, 8, 65]",49.382818428184365
"[28, 22, 22, 44, 61, 35, 12, 22, 41, 51, 58, 20, 23, 8, 65]",49.12812296747954
"[26, 22, 22, 43, 62, 37, 12, 19, 42, 51, 57, 20, 23, 8, 65]",49.33636720867211
"[28, 22, 22, 41, 62, 38, 12, 19, 42, 51, 56, 19, 23, 8, 65]",48.662706300813255
"[27, 22, 22, 46, 62, 35, 12, 16, 42, 51, 56, 19, 23, 8, 65]",48.83049593495931
"[25, 22, 22, 40, 62, 40, 12, 25, 41, 51, 57, 19, 23, 8, 65]",48.80598001355007
"[27, 22, 22, 44, 62, 36, 12, 19, 42, 52, 58, 22, 23, 8, 65]",49.254389227642314
"[28, 22, 23, 46, 62, 33, 12, 21, 42, 51, 56, 19, 23, 8, 65]",49.46336382113841
"[27, 22, 24, 43, 62, 38, 12, 19, 42, 51, 56, 19, 23, 8, 65]",48.65162635501374
"[27, 22, 23, 48, 62, 36, 12, 15, 42, 51, 56, 20, 23, 8, 65]",49.47192445799482
"[26, 22, 23, 43, 62, 37, 12, 19, 42, 51, 57, 19, 22, 8, 65]",48.99842649051478
"[27, 21, 22, 42, 62, 39, 12, 20, 42, 51, 56, 19, 23, 8, 65]",49.539069105691
"[27, 22, 22, 42, 62, 34, 12, 21, 42, 51, 57, 19, 23, 8, 65]",48.98452777777759
"[26, 22, 24, 43, 62, 38, 12, 17, 42, 51, 57, 19, 23, 8, 65]",49.76228997289967
"[26, 22, 22, 45, 62, 36, 12, 20, 42, 52, 56, 19, 17, 8, 63]",47.737967140921356
"[28, 22, 23, 43, 62, 37, 12, 17, 41, 51, 56, 19, 23, 8, 65]",49.83057283197839
"[25, 22, 23, 43, 61, 39, 12, 19, 40, 51, 57, 19, 23, 8, 65]",50.023365176151806
"[29, 22, 22, 44, 62, 34, 12, 27, 42, 51, 56, 19, 23, 8, 65]",50.254372289973155
"[27, 22, 23, 43, 62, 33, 12, 17, 41, 51, 58, 19, 23, 8, 65]",50.22382757452604
"[28, 22, 23, 43, 62, 36, 12, 18, 42, 51, 57, 19, 23, 8, 65]",49.32955792682922
"[25, 22, 23, 42, 61, 37, 12, 17, 42, 51, 56, 20, 23, 8, 65]",50.22698543360417
"[26, 22, 24, 44, 62, 41, 12, 18, 40, 51, 59, 20, 23, 8, 65]",49.30446544715439
"[27, 22, 22, 45, 62, 36, 12, 20, 41, 51, 57, 19, 23, 8, 65]",48.614344173441665
"[27, 22, 23, 40, 62, 38, 12, 17, 42, 51, 57, 19, 23, 8, 65]",49.01802269647697
"[28, 22, 24, 42, 62, 35, 12, 20, 41, 51, 56, 19, 22, 8, 65]",48.703689363143745
"[25, 22, 22, 41, 62, 40, 12, 22, 41, 51, 57, 19, 23, 8, 65]",49.533730352303316
"[27, 22, 22, 45, 62, 40, 12, 17, 42, 51, 57, 23, 23, 8, 65]",49.44465785907867
"[28, 22, 23, 47, 62, 31, 12, 24, 41, 51, 56, 19, 23, 8, 65]",49.21654979674807
"[28, 22, 22, 43, 62, 37, 12, 17, 42, 51, 56, 19, 23, 8, 65]",48.941391260162675
"[29, 22, 24, 46, 62, 35, 12, 16, 42, 51, 57, 20, 23, 8, 65]",48.91773712737127
"[25, 22, 23, 43, 62, 37, 12, 19, 42, 51, 57, 19, 21, 8, 65]",49.2741852981032
"[26, 22, 22, 40, 60, 38, 12, 19, 42, 51, 56, 19, 23, 8, 65]",49.52619004065023
"[26, 22, 23, 43, 62, 40, 12, 20, 42, 51, 57, 19, 23, 8, 65]",49.02228319783167
"[29, 22, 24, 42, 62, 34, 12, 23, 42, 51, 57, 19, 23, 8, 65]",49.13237940379382
"[26, 22, 22, 45, 62, 37, 12, 19, 42, 52, 56, 19, 20, 7, 63]",47.94050677506782
"[29, 22, 22, 44, 62, 38, 12, 19, 42, 51, 57, 19, 23, 8, 65]",49.82489701897017
"[25, 22, 23, 44, 62, 37, 12, 16, 42, 51, 56, 19, 23, 8, 65]",49.597288617886136
"[26, 22, 22, 45, 62, 34, 13, 23, 42, 51, 56, 19, 23, 8, 65]",49.21524525745253
"[27, 22, 22, 44, 62, 33, 12, 17, 40, 51, 57, 19, 23, 8, 65]",49.708599932249165
"[28, 22, 22, 44, 62, 37, 12, 16, 42, 51, 57, 19, 23, 8, 65]",48.75040210027103
"[25, 22, 22, 43, 60, 35, 12, 18, 41, 51, 58, 20, 23, 8, 65]",49.25297967479687
"[26, 21, 24, 42, 62, 43, 12, 15, 41, 51, 56, 20, 23, 8, 65]",50.18603794037949
"[27, 22, 23, 44, 62, 38, 12, 19, 40, 51, 57, 19, 23, 8, 65]",48.797209010839985
"[26, 22, 22, 43, 62, 31, 12, 17, 42, 51, 57, 19, 23, 8, 65]",49.407780149051554
"[29, 22, 23, 39, 62, 37, 12, 21, 41, 51, 56, 19, 23, 8, 65]",48.548240176151765
"[25, 22, 22, 43, 62, 35, 13, 16, 42, 51, 58, 19, 23, 8, 65]",50.9289847560975
"[27, 22, 24, 44, 62, 40, 12, 18, 42, 51, 57, 20, 23, 8, 65]",50.24464803523057
"[27, 22, 24, 47, 62, 39, 12, 15, 42, 51, 56, 19, 23, 8, 65]",49.0385528455285
"[27, 22, 25, 45, 62, 35, 12, 17, 42, 51, 56, 19, 23, 8, 65]",49.31349153116558
"[30, 22, 24, 46, 62, 35, 12, 18, 41, 51, 58, 19, 23, 8, 65]",48.93365040650394
"[25, 22, 23, 44, 62, 38, 12, 17, 42, 51, 56, 19, 23, 8, 65]",47.97319376693779
"[25, 21, 22, 47, 61, 38, 12, 18, 42, 52, 56, 19, 23, 8, 65]",48.7382679539295
"[26, 22, 23, 45, 62, 40, 12, 18, 42, 51, 56, 19, 23, 8, 65]",49.45778014905142
"[28, 22, 23, 44, 62, 32, 12, 25, 42, 51, 56, 19, 23, 8, 65]",49.28238109756111
"[27, 22, 22, 44, 62, 37, 12, 18, 42, 52, 56, 19, 21, 7, 62]",49.52850067750659
"[28, 22, 22, 44, 62, 36, 12, 21, 42, 51, 59, 19, 23, 8, 65]",49.165471883468676
"[25, 22, 23, 44, 62, 38, 12, 15, 42, 51, 57, 19, 23, 8, 65]",49.73948475609735
"[27, 22, 22, 45, 62, 35, 14, 22, 42, 53, 56, 19, 23, 8, 65]",48.81959586720866
"[27, 22, 22, 43, 62, 32, 12, 18, 40, 51, 56, 19, 23, 8, 65]",49.11677134146359
"[28, 22, 22, 46, 62, 35, 12, 17, 42, 51, 57, 19, 23, 8, 65]",48.84661788617879
"[27, 21, 22, 42, 60, 35, 12, 21, 41, 51, 57, 19, 22, 8, 65]",49.09949559620587
"[28, 21, 22, 43, 62, 40, 12, 15, 42, 51, 56, 19, 23, 8, 65]",52.11281978319788
"[27, 22, 24, 45, 62, 37, 12, 19, 40, 51, 58, 19, 23, 8, 65]",48.91528387533848
"[25, 22, 22, 45, 62, 27, 12, 19, 39, 51, 56, 20, 23, 8, 65]",49.76217953929552
"[27, 22, 22, 41, 62, 41, 12, 16, 41, 51, 56, 19, 23, 8, 65]",49.5187398373984
"[26, 22, 22, 43, 62, 34, 12, 21, 42, 51, 56, 19, 23, 8, 65]",49.186574186991926
"[27, 22, 23, 42, 62, 37, 12, 18, 42, 51, 56, 19, 23, 8, 65]",50.36711449864517
"[26, 22, 24, 46, 62, 40, 12, 20, 42, 51, 58, 19, 23, 8, 65]",49.003761178861794
"[29, 22, 25, 44, 62, 35, 12, 19, 39, 51, 57, 20, 23, 8, 65]",49.23679573170735
"[30, 22, 23, 44, 62, 35, 12, 18, 41, 51, 56, 19, 23, 8, 65]",49.53249661246598
"[27, 22, 22, 44, 62, 36, 12, 19, 41, 51, 58, 20, 23, 8, 65]",49.37102879403769
"[26, 19, 23, 48, 62, 38, 12, 19, 42, 52, 57, 19, 23, 8, 65]",48.90470223577231
"[26, 22, 23, 44, 61, 36, 12, 18, 42, 51, 57, 19, 23, 8, 65]",48.689999322493165
"[27, 22, 22, 45, 62, 39, 12, 24, 42, 51, 56, 19, 23, 8, 65]",48.17283807588096
"[28, 22, 22, 44, 62, 37, 12, 18, 42, 52, 56, 19, 20, 8, 62]",49.353559620596315
"[28, 22, 23, 43, 62, 35, 12, 20, 42, 51, 59, 19, 23, 8, 65]",49.95942547425474
"[27, 22, 23, 43, 62, 38, 12, 18, 42, 51, 57, 19, 23, 8, 65]",48.56622154471527
"[28, 22, 24, 43, 62, 38, 12, 16, 42, 54, 56, 19, 23, 8, 65]",48.94845697831984
"[26, 22, 22, 42, 62, 37, 12, 18, 40, 51, 56, 19, 23, 8, 65]",49.064249661246755
"[28, 22, 22, 44, 62, 34, 12, 20, 41, 51, 58, 19, 23, 8, 65]",48.63553150406511
"[28, 21, 22, 41, 60, 36, 12, 20, 40, 51, 56, 19, 23, 8, 65]",48.95132079945811
"[27, 22, 22, 44, 60, 34, 12, 18, 42, 51, 56, 19, 23, 8, 65]",49.93748712737125
"[28, 22, 23, 45, 62, 36, 12, 19, 40, 51, 56, 19, 23, 8, 65]",49.29321409214073
"[26, 22, 22, 45, 62, 29, 12, 17, 37, 51, 58, 20, 23, 8, 65]",49.30735873983747
"[25, 22, 22, 46, 62, 39, 12, 15, 42, 51, 56, 19, 22, 8, 65]",49.84124864498634
"[27, 22, 22, 41, 61, 35, 12, 23, 42, 51, 56, 19, 23, 8, 65]",48.882152439024374
"[27, 22, 22, 43, 62, 35, 12, 18, 42, 51, 56, 19, 23, 8, 65]",49.233418021680166
"[26, 22, 23, 44, 62, 32, 12, 21, 42, 51, 58, 19, 23, 8, 65]",50.10236585365841
"[28, 22, 23, 43, 62, 37, 12, 19, 42, 51, 56, 20, 23, 8, 65]",50.274846544715395
"[29, 22, 24, 45, 62, 36, 12, 17, 42, 51, 56, 19, 23, 8, 65]",49.495641598915924
"[27, 22, 22, 44, 62, 36, 12, 20, 41, 51, 58, 20, 22, 8, 65]",49.201018292682946
"[27, 22, 23, 44, 62, 38, 12, 20, 42, 51, 56, 19, 23, 8, 65]",48.96747527100263
"[27, 22, 23, 43, 62, 34, 12, 20, 42, 52, 57, 19, 23, 8, 65]",49.394781504065136
"[28, 22, 22, 47, 62, 43, 13, 15, 42, 51, 57, 19, 23, 8, 65]",49.20045731707322
"[27, 22, 23, 44, 62, 37, 12, 20, 42, 51, 56, 19, 19, 8, 63]",48.98028218157178
"[28, 22, 23, 45, 62, 36, 12, 19, 41, 51, 56, 19, 23, 8, 65]",49.41409112466155
"[28, 22, 23, 42, 62, 38, 12, 17, 42, 51, 57, 20, 23, 8, 65]",49.53201795392957
"[28, 22, 25, 44, 62, 36, 12, 19, 42, 53, 57, 19, 23, 8, 65]",49.458847560975364
"[26, 22, 24, 43, 62, 37, 12, 18, 42, 51, 57, 19, 23, 8, 65]",48.98625745257478
"[27, 22, 22, 41, 62, 35, 12, 19, 40, 51, 56, 19, 23, 8, 65]",49.36028760162616
"[27, 21, 22, 42, 61, 35, 12, 18, 41, 51, 56, 19, 23, 8, 65]",49.588528794037835
"[26, 22, 22, 44, 61, 33, 12, 21, 42, 51, 56, 19, 23, 8, 65]",49.40502201897014
"[27, 22, 22, 44, 62, 36, 12, 19, 41, 51, 56, 19, 23, 8, 65]",50.09105724932241
"[27, 22, 22, 42, 62, 41, 12, 16, 39, 51, 56, 19, 23, 8, 65]",49.97389634146355
"[25, 22, 23, 45, 62, 40, 12, 15, 42, 51, 56, 19, 22, 8, 65]",49.489482046070606
"[27, 22, 23, 39, 60, 34, 12, 23, 41, 51, 56, 19, 23, 8, 65]",48.920441395663744
"[26, 22, 23, 45, 62, 37, 12, 18, 42, 51, 56, 19, 23, 8, 65]",48.74840277777771
"[27, 22, 23, 43, 62, 30, 12, 22, 42, 51, 56, 19, 23, 8, 65]",49.200665311652784
"[27, 22, 22, 45, 62, 37, 12, 18, 42, 51, 56, 19, 23, 8, 65]",49.63801558265575
"[27, 22, 23, 44, 62, 37, 12, 17, 41, 51, 56, 19, 23, 8, 65]",49.910138211382396
"[26, 22, 23, 44, 62, 38, 12, 17, 41, 51, 56, 20, 23, 8, 65]",49.020322831978184
"[27, 22, 23, 41, 62, 37, 12, 20, 42, 52, 56, 19, 23, 8, 65]",49.32548136856361
"[27, 22, 23, 43, 62, 37, 12, 19, 42, 51, 57, 20, 23, 8, 65]",48.561417682926816
"[28, 22, 24, 48, 62, 33, 12, 15, 42, 52, 58, 20, 23, 8, 65]",50.97912567750674
"[27, 22, 23, 47, 62, 37, 12, 20, 42, 51, 56, 19, 22, 8, 64]",48.37849525745255
"[29, 22, 22, 45, 62, 36, 12, 19, 40, 51, 56, 20, 23, 8, 65]",49.06093462059635
"[26, 22, 23, 44, 62, 36, 12, 19, 42, 51, 57, 19, 23, 8, 65]",49.781124322493376
"[27, 22, 23, 44, 62, 34, 12, 26, 42, 51, 57, 20, 23, 8, 65]",48.99443733062328
"[26, 22, 23, 43, 62, 33, 12, 18, 42, 51, 58, 19, 23, 8, 65]",49.05357249322491
"[27, 22, 22, 40, 62, 35, 12, 18, 42, 51, 56, 19, 23, 8, 65]",49.46019139566408
"[26, 22, 22, 42, 61, 35, 12, 18, 42, 51, 57, 19, 23, 8, 65]",48.74840277777771
"[26, 21, 22, 44, 62, 39, 12, 21, 42, 51, 56, 19, 23, 8, 65]",49.14891700542014
"[26, 22, 22, 43, 62, 38, 12, 17, 41, 51, 56, 19, 23, 8, 65]",48.797209010839985
"[27, 22, 22, 41, 62, 40, 12, 18, 42, 51, 56, 19, 23, 8, 65]",50.35386144986451
"[27, 22, 22, 43, 62, 37, 12, 22, 41, 51, 57, 19, 23, 8, 64]",50.30046646341467
"[26, 22, 22, 39, 61, 38, 12, 20, 42, 51, 56, 19, 23, 8, 65]",50.19145291327915
"[25, 22, 24, 45, 62, 38, 12, 18, 41, 51, 56, 19, 23, 8, 65]",48.9209373306233
"[27, 22, 23, 42, 62, 32, 12, 16, 42, 51, 56, 19, 23, 8, 65]",49.786676829268316
"[28, 22, 22, 44, 62, 38, 12, 19, 42, 51, 57, 19, 23, 8, 65]",49.54054640921416
"[27, 22, 22, 48, 62, 37, 12, 18, 41, 51, 57, 19, 23, 8, 65]",49.706050813007955
"[25, 22, 24, 44, 62, 36, 12, 15, 41, 51, 58, 20, 23, 8, 65]",49.8445657181572
"[26, 22, 22, 44, 60, 38, 12, 20, 42, 52, 56, 19, 23, 8, 65]",49.32841903794021
"[26, 22, 23, 42, 62, 38, 12, 19, 41, 51, 56, 19, 22, 8, 65]",49.156142953929624
"[28, 22, 25, 48, 62, 32, 12, 22, 42, 51, 56, 20, 23, 8, 65]",49.83676185636855
"[27, 22, 23, 47, 62, 36, 12, 19, 42, 51, 56, 19, 22, 8, 64]",49.22368258807585
"[30, 22, 23, 44, 62, 35, 12, 19, 42, 51, 56, 19, 23, 8, 65]",49.24651490514916
"[26, 22, 23, 45, 62, 35, 12, 17, 42, 51, 57, 19, 23, 8, 65]",49.394781504065136
"[26, 22, 22, 43, 62, 38, 12, 27, 42, 52, 57, 19, 23, 8, 65]",49.67278319783187
"[26, 22, 22, 42, 62, 34, 12, 19, 42, 51, 56, 19, 23, 8, 64]",48.59258197831984
"[26, 22, 22, 41, 62, 35, 12, 18, 42, 51, 56, 19, 23, 8, 65]",49.18903489159893
"[25, 22, 22, 42, 60, 36, 12, 21, 42, 51, 57, 20, 23, 8, 65]",49.01650880758804
"[26, 21, 22, 43, 62, 40, 12, 15, 42, 51, 56, 19, 23, 8, 65]",48.588004403794024
"[26, 22, 22, 44, 62, 38, 12, 18, 41, 51, 56, 19, 23, 8, 64]",49.36279674796758
"[26, 22, 22, 44, 62, 26, 12, 20, 42, 51, 57, 19, 23, 8, 65]",49.85276185636841
"[30, 22, 23, 43, 62, 37, 12, 20, 40, 51, 58, 19, 23, 8, 65]",50.02760196476957
"[25, 21, 22, 42, 60, 36, 12, 20, 42, 52, 56, 19, 23, 8, 65]",49.165949525745255
"[28, 22, 22, 43, 62, 38, 12, 19, 42, 51, 56, 19, 23, 8, 65]",49.82691361788627
"[26, 22, 24, 43, 62, 38, 12, 18, 42, 51, 56, 19, 23, 8, 65]",49.985460365853626
"[28, 22, 23, 43, 62, 38, 12, 20, 42, 51, 57, 19, 23, 8, 65]",49.32548136856361
"[28, 22, 24, 48, 62, 37, 12, 19, 42, 51, 56, 19, 23, 8, 65]",49.27730420054209
"[28, 22, 22, 45, 62, 35, 12, 16, 41, 51, 57, 19, 22, 8, 65]",49.055240853658255
"[26, 21, 22, 44, 61, 40, 12, 20, 42, 51, 56, 19, 23, 8, 65]",49.067829268292684
"[26, 22, 23, 43, 62, 38, 12, 20, 41, 51, 56, 19, 23, 8, 65]",48.95413008130098
"[28, 22, 25, 47, 62, 41, 12, 23, 41, 51, 56, 20, 23, 8, 65]",49.18890413279128
"[29, 22, 22, 47, 62, 36, 12, 18, 42, 51, 56, 19, 20, 8, 64]",49.263979674796985
"[28, 22, 24, 43, 62, 36, 12, 20, 42, 51, 56, 19, 23, 8, 65]",49.61443462059641
"[26, 22, 23, 45, 62, 36, 12, 15, 42, 51, 57, 19, 23, 8, 65]",49.47062093495939
"[27, 22, 22, 45, 62, 39, 12, 23, 42, 54, 56, 19, 23, 8, 65]",49.53830691056908
"[26, 22, 23, 42, 62, 35, 12, 17, 41, 51, 56, 20, 23, 8, 65]",49.38952303523026
"[26, 22, 22, 46, 61, 36, 12, 18, 42, 51, 56, 20, 23, 8, 65]",49.253651422764186
"[26, 21, 22, 42, 61, 37, 12, 18, 42, 51, 56, 19, 23, 8, 65]",49.22245460704608
"[26, 22, 22, 43, 62, 35, 12, 15, 42, 52, 56, 19, 23, 8, 65]",49.83175033875339
"[26, 22, 24, 42, 61, 38, 12, 20, 42, 51, 56, 19, 23, 8, 63]",48.99190006775063
"[26, 22, 22, 44, 62, 25, 12, 18, 42, 51, 58, 19, 23, 8, 65]",49.42520934959349
"[28, 22, 24, 43, 62, 39, 12, 15, 42, 51, 57, 19, 23, 8, 65]",50.41215752032509
"[25, 21, 22, 43, 59, 36, 12, 20, 42, 52, 56, 19, 23, 8, 65]",48.68334959349596
"[27, 22, 22, 44, 62, 37, 12, 19, 42, 51, 56, 19, 23, 8, 65]",49.165471883468676
"[26, 22, 23, 47, 62, 38, 12, 24, 40, 51, 57, 19, 23, 8, 65]",49.05357249322491
"[29, 22, 23, 44, 62, 35, 12, 19, 42, 51, 58, 19, 23, 8, 65]",48.941391260162675
"[29, 22, 24, 47, 62, 36, 12, 19, 42, 51, 57, 19, 23, 8, 65]",48.555933943089386
"[29, 22, 23, 45, 62, 36, 12, 19, 41, 51, 56, 19, 22, 8, 65]",48.51077642276438
"[25, 20, 22, 42, 61, 40, 12, 20, 42, 51, 57, 19, 23, 8, 64]",49.24166327913273
"[26, 22, 22, 44, 62, 37, 12, 17, 42, 51, 56, 19, 23, 8, 65]",49.20470291327918
"[28, 22, 22, 44, 62, 42, 12, 21, 40, 51, 56, 19, 23, 8, 65]",50.02311856368566
"[28, 22, 23, 45, 62, 35, 12, 19, 41, 51, 56, 19, 23, 8, 62]",48.46870460704614
"[26, 22, 24, 44, 62, 38, 12, 20, 41, 51, 57, 19, 23, 8, 65]",49.34140752032528
"[27, 22, 23, 43, 62, 39, 12, 15, 41, 51, 56, 19, 23, 8, 65]",49.172481029810164
"[29, 22, 22, 43, 62, 39, 13, 22, 42, 55, 56, 19, 23, 8, 65]",49.37812127371271
"[27, 22, 22, 43, 61, 33, 12, 16, 40, 51, 56, 19, 23, 8, 64]",49.363990176151546
"[26, 22, 22, 45, 58, 35, 12, 19, 41, 51, 56, 19, 23, 8, 65]",48.746045731707206
"[26, 20, 22, 41, 62, 36, 12, 17, 42, 52, 56, 19, 23, 8, 65]",49.653926490514884
"[26, 22, 22, 44, 62, 34, 12, 20, 42, 51, 57, 19, 23, 8, 65]",48.96730453929529
"[26, 22, 23, 45, 62, 38, 12, 21, 40, 51, 56, 19, 23, 8, 65]",48.95711686991887
"[26, 22, 25, 42, 59, 34, 12, 15, 42, 51, 58, 19, 23, 8, 65]",49.1390934959351
"[26, 22, 24, 45, 62, 37, 12, 15, 42, 51, 56, 19, 23, 8, 65]",49.43340684281854
"[26, 21, 23, 39, 59, 37, 12, 18, 42, 51, 56, 19, 23, 8, 65]",49.247602981029736
"[26, 22, 23, 44, 62, 39, 12, 18, 42, 51, 56, 21, 23, 8, 65]",48.551320121951235
"[25, 22, 23, 45, 62, 36, 12, 26, 38, 51, 58, 19, 23, 8, 65]",49.23404132791334
"[27, 22, 22, 44, 61, 36, 12, 18, 42, 53, 56, 19, 23, 8, 65]",49.8431961382116
"[28, 22, 23, 45, 62, 36, 12, 17, 42, 51, 57, 19, 23, 8, 65]",49.23012533875356
"[28, 22, 24, 44, 62, 36, 12, 21, 41, 51, 57, 19, 23, 8, 65]",48.59247730352315
"[25, 21, 22, 41, 62, 37, 12, 19, 42, 51, 56, 19, 23, 8, 63]",49.5257594850947
"[26, 22, 24, 43, 62, 35, 12, 16, 42, 51, 56, 19, 23, 8, 65]",48.47215243902414
"[28, 22, 22, 45, 62, 34, 13, 21, 42, 52, 58, 19, 23, 8, 65]",50.502819783198035
"[27, 22, 23, 45, 62, 36, 12, 19, 42, 51, 56, 19, 23, 8, 63]",49.23944139566405
"[28, 22, 22, 45, 62, 38, 12, 19, 40, 51, 59, 19, 23, 8, 65]",49.30324661246617
"[27, 22, 23, 42, 62, 39, 12, 16, 42, 51, 56, 19, 23, 8, 65]",49.8719637533875
"[28, 22, 22, 43, 62, 37, 13, 20, 42, 54, 56, 19, 23, 8, 65]",48.82528556910562
"[27, 22, 22, 43, 59, 35, 12, 19, 40, 51, 56, 19, 23, 8, 64]",49.526432249322234
"[27, 22, 22, 41, 60, 34, 12, 18, 42, 51, 57, 19, 23, 8, 65]",48.27961517615153
"[26, 22, 22, 41, 60, 34, 12, 21, 42, 51, 56, 19, 23, 8, 65]",48.839276084010976
"[27, 21, 22, 43, 61, 35, 12, 22, 42, 51, 56, 19, 23, 8, 65]",47.97383739837402
"[27, 22, 22, 46, 62, 38, 12, 17, 42, 51, 56, 19, 23, 8, 65]",48.59647933604321
"[26, 22, 23, 40, 57, 39, 12, 19, 38, 51, 56, 20, 23, 8, 65]",49.654051490515016
"[28, 22, 22, 45, 62, 36, 12, 15, 42, 51, 56, 19, 22, 8, 65]",49.315765921409216
"[26, 22, 22, 36, 60, 35, 12, 21, 42, 51, 57, 19, 23, 8, 65]",49.18527303523037
"[26, 22, 24, 42, 62, 38, 12, 18, 42, 51, 57, 22, 23, 8, 65]",49.201294037940436
"[27, 22, 23, 45, 62, 31, 12, 18, 42, 51, 56, 19, 23, 8, 65]",50.19355115176168
"[26, 22, 24, 42, 62, 38, 12, 18, 42, 51, 56, 19, 23, 8, 65]",48.82469410569095
"[27, 22, 22, 45, 62, 37, 12, 17, 41, 51, 58, 19, 23, 8, 65]",49.17903082655832
"[26, 22, 25, 45, 62, 38, 12, 17, 42, 51, 57, 19, 22, 8, 65]",49.688015243902335
"[25, 21, 22, 43, 60, 38, 12, 19, 42, 51, 56, 19, 23, 8, 65]",49.085928523034944
"[26, 22, 24, 42, 62, 35, 12, 21, 42, 51, 56, 19, 23, 8, 65]",49.18552235772366
"[29, 22, 23, 44, 62, 36, 13, 20, 42, 53, 56, 19, 23, 8, 65]",48.92636720867211
"[26, 22, 22, 45, 62, 37, 12, 19, 42, 51, 56, 19, 21, 8, 65]",48.72652913279114
"[29, 22, 22, 46, 62, 35, 12, 19, 42, 51, 60, 20, 23, 8, 65]",49.80415548780497
"[26, 22, 23, 44, 62, 35, 12, 17, 41, 51, 57, 19, 23, 8, 64]",48.93796205962032
"[26, 22, 22, 43, 62, 35, 12, 20, 42, 54, 56, 19, 23, 8, 65]",49.126700203252184
"[26, 22, 23, 41, 62, 36, 12, 20, 41, 51, 56, 19, 23, 8, 65]",48.612890243902584
"[27, 22, 22, 41, 62, 36, 12, 18, 41, 51, 58, 19, 23, 8, 65]",49.77077540650406
"[25, 22, 22, 41, 60, 35, 12, 21, 41, 51, 56, 19, 23, 8, 65]",48.69417310298088
"[28, 22, 22, 43, 62, 37, 12, 19, 42, 51, 56, 20, 23, 8, 65]",49.13080352303512
"[27, 22, 22, 44, 62, 39, 12, 17, 41, 52, 56, 19, 23, 8, 65]",49.52385738482405
"[26, 22, 22, 40, 62, 40, 12, 20, 42, 51, 56, 19, 23, 8, 65]",50.19628252032528
"[30, 22, 25, 43, 62, 38, 12, 18, 42, 51, 56, 19, 22, 8, 65]",48.43061314363144
"[26, 21, 22, 42, 61, 35, 12, 22, 42, 51, 56, 19, 23, 8, 65]",49.28555928184281
"[27, 22, 23, 43, 62, 37, 12, 18, 42, 51, 57, 20, 23, 8, 65]",48.94362533875335
"[28, 22, 23, 46, 62, 33, 12, 15, 42, 51, 56, 19, 23, 8, 65]",49.090948170731515
"[28, 22, 24, 42, 62, 38, 12, 19, 41, 51, 56, 19, 23, 8, 65]",50.11482757452582
"[27, 22, 22, 42, 62, 37, 12, 18, 42, 51, 56, 19, 23, 8, 65]",49.58244986449855
"[27, 22, 23, 45, 62, 38, 12, 15, 42, 51, 56, 19, 22, 8, 65]",48.94233705962068
"[25, 20, 22, 45, 60, 40, 12, 20, 42, 51, 56, 19, 23, 8, 65]",48.35563753387521
"[28, 22, 22, 43, 62, 36, 12, 21, 42, 51, 56, 19, 23, 8, 65]",49.17101355013529
"[29, 22, 24, 45, 62, 40, 12, 22, 42, 51, 56, 19, 23, 8, 65]",49.20641768292696
"[28, 22, 23, 44, 62, 36, 12, 20, 41, 51, 56, 19, 19, 8, 65]",48.55457960704616
"[29, 22, 22, 45, 62, 34, 12, 19, 42, 51, 56, 20, 23, 8, 65]",49.32459552845518
"[25, 22, 23, 44, 62, 37, 12, 18, 40, 51, 56, 19, 23, 8, 64]",50.10144986449855
"[28, 22, 22, 45, 61, 35, 12, 23, 42, 51, 57, 19, 23, 8, 65]",49.44841361788636
"[26, 22, 23, 43, 62, 36, 12, 18, 42, 51, 56, 19, 23, 8, 65]",49.32841903794021
"[25, 22, 23, 42, 62, 37, 12, 18, 41, 51, 59, 19, 22, 8, 65]",49.722871273712876
"[25, 21, 22, 42, 60, 36, 12, 18, 42, 51, 56, 19, 23, 8, 65]",48.664863143631635
"[27, 22, 22, 42, 61, 38, 12, 18, 42, 51, 57, 19, 23, 8, 65]",49.45657960704609
"[27, 22, 23, 43, 62, 38, 12, 20, 38, 51, 56, 19, 23, 8, 65]",49.00093224932277
"[27, 22, 22, 42, 62, 34, 12, 20, 42, 51, 56, 19, 23, 8, 65]",49.38568665311636
"[28, 22, 23, 42, 62, 39, 12, 20, 41, 51, 57, 19, 23, 8, 64]",49.58941565040663
"[26, 22, 22, 45, 60, 35, 12, 21, 42, 51, 56, 20, 23, 8, 65]",49.33534789972912
"[27, 22, 22, 46, 61, 37, 12, 18, 42, 51, 56, 19, 23, 8, 65]",48.844773035230475
"[28, 22, 24, 45, 62, 36, 12, 22, 42, 51, 57, 20, 23, 8, 65]",50.24901084010837
"[29, 21, 22, 45, 62, 37, 12, 20, 42, 51, 56, 19, 23, 8, 65]",49.2901971544716
"[26, 22, 22, 44, 62, 36, 12, 18, 42, 51, 56, 19, 23, 8, 65]",49.233418021680166
"[28, 22, 22, 45, 62, 34, 12, 15, 42, 51, 56, 19, 21, 8, 65]",48.23886585365866
"[26, 20, 22, 41, 60, 38, 12, 20, 42, 53, 56, 19, 23, 8, 65]",50.394626693766845
"[28, 22, 23, 44, 62, 37, 12, 16, 42, 51, 56, 19, 23, 8, 65]",48.895754742547545
"[27, 22, 24, 46, 62, 41, 12, 22, 42, 51, 56, 20, 23, 8, 65]",49.1518858401085
"[28, 22, 23, 43, 62, 36, 12, 20, 40, 51, 56, 19, 17, 8, 62]",48.19130149051494
"[27, 22, 23, 45, 62, 34, 12, 18, 40, 51, 56, 19, 23, 8, 65]",48.91411856368553
"[25, 22, 22, 43, 62, 38, 12, 17, 40, 51, 56, 19, 23, 8, 65]",49.23759925474258
"[29, 22, 22, 45, 62, 38, 12, 27, 42, 51, 58, 19, 23, 8, 65]",49.501079607046115
"[26, 22, 22, 44, 61, 36, 12, 18, 42, 51, 56, 19, 23, 8, 64]",47.84537771002706
"[25, 21, 22, 42, 62, 35, 12, 19, 42, 51, 57, 19, 23, 8, 65]",49.7626280487806
"[26, 21, 22, 42, 60, 37, 12, 19, 41, 51, 56, 19, 23, 8, 65]",47.84537771002706
"[25, 22, 22, 42, 61, 37, 12, 19, 42, 51, 59, 19, 23, 8, 65]",49.75189092140944
"[26, 22, 24, 42, 62, 38, 12, 22, 37, 51, 57, 20, 23, 8, 65]",48.87310670731695
"[27, 21, 22, 43, 61, 30, 12, 17, 42, 51, 57, 19, 23, 8, 65]",49.02228319783167
"[25, 22, 22, 46, 62, 41, 12, 18, 41, 51, 57, 19, 23, 8, 65]",48.943893970189976
"[27, 22, 22, 40, 62, 36, 12, 21, 42, 51, 59, 20, 23, 8, 65]",49.073800474254654
"[26, 21, 23, 46, 60, 37, 12, 19, 42, 51, 56, 19, 23, 8, 65]",48.100053523035214
"[27, 22, 25, 45, 62, 38, 12, 21, 41, 51, 57, 19, 23, 8, 65]",49.30515514905143
"[29, 22, 22, 45, 62, 36, 12, 19, 42, 51, 56, 19, 23, 8, 65]",49.058535569105715
"[29, 22, 23, 45, 62, 36, 12, 18, 42, 51, 56, 19, 23, 8, 65]",49.11616056910573
"[28, 22, 24, 44, 62, 34, 12, 17, 42, 51, 56, 20, 22, 8, 65]",48.88549424119232
"[27, 20, 22, 41, 60, 37, 12, 19, 42, 52, 57, 19, 23, 8, 65]",48.8941554878049
"[26, 22, 23, 43, 62, 37, 12, 16, 42, 51, 56, 19, 23, 8, 65]",48.84661788617879
"[27, 22, 22, 45, 62, 37, 13, 22, 42, 51, 57, 19, 23, 8, 65]",49.436411924119184
"[27, 22, 23, 44, 62, 36, 12, 21, 42, 51, 56, 19, 17, 8, 61]",49.06408468834663
"[27, 22, 23, 44, 62, 35, 12, 19, 40, 51, 56, 19, 23, 8, 65]",48.90572628726306
"[26, 22, 22, 44, 62, 35, 12, 18, 42, 51, 56, 20, 23, 8, 65]",48.36386314363154
"[27, 21, 23, 44, 62, 37, 12, 27, 42, 52, 57, 19, 23, 8, 65]",49.21340989159887
"[28, 22, 22, 44, 62, 36, 12, 18, 42, 51, 56, 19, 23, 8, 65]",49.394781504065136
"[28, 22, 22, 43, 60, 32, 12, 20, 42, 51, 56, 19, 23, 8, 65]",48.963321476964836
"[26, 21, 22, 41, 61, 35, 12, 21, 42, 51, 56, 19, 23, 8, 65]",49.13944715447147
"[26, 21, 22, 44, 60, 36, 12, 22, 42, 51, 57, 19, 22, 8, 64]",49.101891598916076
"[25, 22, 22, 42, 62, 34, 12, 20, 42, 51, 57, 20, 23, 8, 64]",49.558540311653026
"[26, 22, 22, 42, 59, 36, 12, 17, 42, 51, 57, 19, 23, 8, 65]",49.64342987804875
"[25, 22, 22, 45, 62, 40, 12, 15, 42, 51, 56, 20, 22, 8, 65]",48.886688685636805
"[27, 22, 22, 39, 62, 37, 12, 19, 42, 52, 59, 19, 23, 8, 65]",49.54281266937668
"[26, 22, 24, 46, 61, 36, 12, 20, 42, 51, 56, 19, 23, 8, 65]",48.73114397018961
"[27, 22, 24, 44, 62, 37, 12, 21, 41, 51, 57, 19, 23, 8, 65]",49.18065481029808
"[28, 22, 24, 43, 62, 36, 12, 18, 42, 51, 57, 19, 23, 8, 65]",48.93504979674788
"[29, 22, 24, 44, 62, 36, 12, 18, 41, 51, 57, 20, 23, 8, 65]",48.93504979674788
"[27, 22, 23, 43, 62, 37, 12, 19, 41, 51, 57, 19, 21, 8, 64]",48.74767750677487
"[26, 21, 22, 42, 60, 40, 12, 19, 42, 51, 56, 19, 23, 8, 65]",48.507055555555425
"[26, 22, 23, 44, 62, 35, 12, 20, 42, 51, 56, 19, 23, 8, 65]",49.26430962059612
"[29, 22, 23, 45, 62, 35, 13, 20, 42, 52, 57, 19, 23, 8, 65]",48.62541598916001
"[27, 22, 22, 48, 62, 36, 12, 17, 42, 52, 56, 19, 18, 7, 61]",49.32219207317071
"[29, 22, 23, 43, 62, 35, 12, 20, 42, 51, 56, 19, 23, 8, 65]",49.18824966124661
"[26, 22, 22, 43, 61, 36, 12, 16, 42, 51, 56, 20, 23, 8, 64]",48.91080149051508
"[27, 22, 24, 43, 62, 39, 13, 17, 42, 54, 56, 19, 23, 8, 65]",49.75441768292663
"[28, 21, 22, 42, 61, 36, 12, 18, 42, 51, 56, 19, 23, 8, 64]",47.72360772357723
"[29, 21, 22, 44, 58, 33, 12, 19, 42, 51, 56, 19, 23, 8, 65]",48.516489837398304
"[25, 21, 22, 41, 61, 34, 12, 19, 42, 51, 56, 19, 23, 8, 64]",49.02228319783167
"[30, 20, 22, 43, 61, 35, 12, 22, 42, 51, 56, 19, 23, 8, 65]",48.24674322493223
"[26, 22, 22, 43, 62, 36, 12, 19, 42, 51, 57, 19, 23, 8, 65]",49.84307249322484
"[25, 22, 22, 41, 62, 37, 12, 19, 42, 51, 57, 20, 23, 8, 65]",50.18742174796746
"[26, 22, 22, 42, 62, 36, 12, 19, 42, 51, 57, 19, 21, 8, 65]",50.355944783197586
"[26, 22, 22, 41, 62, 37, 12, 20, 42, 51, 56, 19, 23, 8, 65]",49.2483482384827
"[25, 22, 24, 45, 61, 37, 12, 19, 42, 51, 57, 19, 23, 8, 65]",49.006812669376515
"[28, 22, 23, 43, 62, 36, 12, 21, 42, 51, 57, 19, 23, 8, 65]",49.16699322493225
"[28, 22, 24, 44, 62, 36, 12, 18, 42, 51, 57, 20, 23, 8, 65]",48.75040210027103
"[29, 22, 24, 47, 62, 36, 12, 18, 41, 51, 56, 20, 23, 8, 65]",49.6374454607047
"[26, 22, 22, 44, 62, 37, 12, 19, 40, 51, 56, 19, 21, 8, 64]",49.32688313008134
"[25, 21, 23, 44, 61, 39, 12, 19, 42, 51, 57, 19, 23, 8, 65]",49.50554878048754
"[26, 21, 22, 43, 62, 36, 12, 21, 42, 51, 56, 19, 23, 8, 65]",48.92265650406502
"[29, 22, 24, 44, 62, 36, 12, 18, 42, 52, 58, 19, 23, 8, 65]",48.580606029810376
"[28, 22, 23, 48, 62, 37, 12, 18, 42, 53, 56, 19, 22, 7, 62]",48.691347899729
"[29, 22, 23, 45, 62, 35, 12, 19, 42, 51, 56, 19, 23, 8, 65]",48.615781504064856
"[26, 22, 23, 43, 59, 39, 12, 15, 42, 51, 56, 19, 23, 8, 65]",49.19970968834682
"[28, 22, 24, 43, 62, 40, 13, 19, 42, 51, 56, 19, 23, 8, 65]",50.091626016260115
"[28, 22, 22, 43, 62, 36, 12, 18, 41, 51, 56, 20, 23, 8, 65]",49.51790887533869
"[27, 22, 22, 43, 61, 39, 12, 18, 42, 51, 56, 19, 23, 8, 64]",49.0559918699188
"[25, 21, 22, 42, 62, 38, 12, 18, 42, 51, 56, 19, 23, 8, 65]",49.43748577235775
"[31, 22, 22, 43, 62, 37, 12, 19, 42, 52, 56, 19, 23, 8, 65]",49.958189701897126
"[28, 21, 22, 42, 62, 38, 12, 18, 42, 52, 56, 19, 23, 8, 65]",47.84537771002706
"[25, 21, 22, 40, 61, 33, 12, 20, 41, 51, 57, 19, 22, 8, 65]",49.09415210027098
"[29, 22, 23, 43, 62, 34, 12, 18, 42, 51, 56, 19, 21, 8, 65]",48.91548712737132
"[26, 21, 22, 43, 60, 35, 12, 19, 42, 51, 56, 19, 23, 8, 65]",48.9931060298105
"[28, 22, 23, 45, 62, 38, 12, 18, 42, 51, 57, 20, 23, 8, 65]",48.81585704607062
"[28, 22, 22, 43, 62, 32, 12, 16, 42, 52, 59, 19, 23, 8, 65]",48.514078252032775
"[27, 22, 23, 44, 62, 36, 12, 18, 41, 51, 56, 20, 23, 8, 65]",49.68058096205972
"[28, 22, 24, 48, 62, 36, 12, 18, 42, 51, 56, 19, 23, 8, 65]",50.034963414634134
"[27, 22, 23, 45, 62, 37, 12, 16, 42, 51, 56, 19, 23, 8, 65]",49.35578997289959
"[25, 20, 23, 44, 62, 38, 12, 21, 42, 52, 58, 19, 23, 8, 65]",49.97708705962051
"[26, 21, 22, 43, 62, 38, 12, 19, 42, 51, 56, 19, 23, 8, 65]",47.94253014905138
"[28, 22, 24, 44, 62, 39, 12, 21, 42, 51, 58, 19, 23, 8, 65]",49.769630420054284
"[28, 22, 23, 43, 62, 37, 12, 19, 42, 52, 56, 19, 22, 7, 62]",48.94736957994575
"[27, 22, 23, 45, 62, 36, 12, 19, 41, 51, 56, 19, 23, 8, 65]",49.27722222222216
"[26, 22, 23, 42, 61, 40, 12, 15, 42, 51, 56, 19, 23, 8, 65]",49.73501998645001
"[28, 22, 23, 45, 62, 38, 13, 26, 42, 51, 56, 19, 23, 8, 65]",49.478040311653096
"[26, 22, 23, 44, 62, 37, 12, 18, 41, 51, 56, 19, 23, 8, 64]",48.913240176151746
"[26, 22, 22, 43, 62, 39, 12, 18, 40, 51, 56, 19, 23, 8, 64]",48.87288753387516
"[26, 22, 23, 42, 58, 39, 12, 20, 42, 51, 56, 19, 23, 8, 65]",48.559734078590836
"[29, 22, 22, 45, 62, 38, 12, 18, 42, 52, 57, 19, 23, 8, 65]",50.964233401083995
"[30, 22, 22, 43, 62, 38, 12, 18, 42, 52, 56, 19, 23, 8, 65]",49.2611534552845
"[26, 20, 22, 41, 58, 33, 12, 21, 41, 51, 56, 19, 23, 8, 65]",48.59091768292674
"[29, 22, 24, 44, 62, 43, 12, 15, 42, 51, 56, 20, 23, 8, 65]",49.0753082655825
"[27, 21, 22, 41, 61, 35, 12, 20, 42, 51, 56, 19, 23, 8, 65]",48.92265650406502
"[28, 22, 22, 44, 62, 37, 12, 19, 41, 51, 56, 19, 23, 8, 65]",50.1093001355013
"[25, 22, 23, 45, 62, 32, 12, 20, 42, 52, 60, 19, 23, 8, 65]",49.273221883468835
"[27, 22, 22, 43, 62, 36, 12, 18, 42, 51, 57, 19, 23, 8, 65]",49.301978319783146
"[28, 22, 24, 45, 62, 36, 12, 16, 42, 51, 56, 19, 23, 8, 65]",48.555933943089386
"[28, 22, 24, 45, 62, 36, 12, 15, 42, 51, 56, 19, 23, 8, 65]",48.94405995934948
"[25, 20, 22, 45, 62, 39, 12, 22, 42, 52, 56, 19, 23, 8, 65]",49.99225169376674
"[26, 22, 22, 44, 62, 37, 12, 16, 42, 51, 57, 19, 23, 8, 65]",48.59386348238503
"[28, 22, 22, 44, 62, 37, 12, 23, 42, 51, 56, 19, 23, 8, 65]",49.3241991869918
"[27, 22, 22, 41, 62, 36, 12, 20, 42, 51, 56, 19, 22, 8, 64]",49.47615074525739
"[28, 22, 23, 43, 62, 37, 12, 18, 42, 51, 56, 19, 23, 8, 65]",48.41812974254739
"[26, 22, 22, 43, 61, 35, 12, 15, 42, 51, 57, 19, 23, 8, 65]",49.88593462059632
"[29, 22, 22, 45, 62, 36, 13, 27, 42, 55, 56, 19, 23, 8, 65]",49.28995833333312
"[28, 21, 23, 43, 61, 36, 12, 19, 42, 51, 58, 19, 23, 8, 64]",48.59400338753357
"[27, 22, 22, 44, 62, 38, 12, 18, 41, 51, 56, 19, 23, 8, 65]",49.81385094850964
"[27, 22, 22, 42, 62, 39, 12, 20, 41, 51, 57, 19, 23, 8, 65]",49.367587737127295
"[27, 22, 23, 45, 62, 38, 12, 18, 42, 52, 57, 19, 23, 8, 65]",49.386803523035134
"[28, 22, 22, 44, 62, 38, 12, 19, 42, 53, 56, 19, 22, 8, 65]",49.150166327913176
"[26, 21, 22, 41, 59, 37, 12, 17, 42, 51, 56, 19, 23, 8, 65]",49.57876050135496
"[27, 22, 25, 44, 62, 40, 12, 15, 41, 51, 56, 19, 23, 8, 65]",50.90256436314348
"[27, 21, 22, 40, 62, 35, 12, 20, 42, 51, 56, 19, 23, 8, 65]",49.22276016260151
"[28, 22, 23, 44, 62, 35, 12, 20, 42, 51, 56, 19, 23, 8, 65]",49.13944715447147
"[26, 22, 23, 44, 62, 31, 12, 19, 42, 51, 56, 19, 23, 8, 65]",49.66439939024392
"[28, 22, 22, 44, 62, 36, 12, 18, 41, 51, 58, 19, 23, 8, 65]",48.815343834688385
"[27, 22, 24, 45, 62, 36, 12, 17, 39, 51, 56, 19, 23, 8, 65]",49.72214837398389
"[27, 22, 23, 44, 62, 36, 12, 16, 42, 51, 56, 19, 22, 8, 65]",49.33936382113827
"[25, 22, 22, 42, 62, 40, 12, 22, 42, 52, 56, 19, 23, 8, 65]",49.196187669376506
"[27, 22, 24, 43, 62, 36, 12, 15, 42, 51, 57, 19, 23, 8, 65]",49.420655826558374
"[28, 22, 22, 45, 62, 37, 12, 20, 42, 52, 56, 19, 23, 8, 65]",49.20823780487783
"[27, 22, 22, 45, 62, 36, 12, 19, 42, 52, 56, 19, 21, 8, 64]",49.87276287262888
"[28, 22, 22, 43, 62, 37, 12, 20, 42, 51, 56, 19, 23, 8, 65]",49.1059288617886
"[25, 22, 22, 43, 61, 34, 12, 16, 40, 51, 57, 19, 22, 8, 64]",49.20702642276435
"[28, 22, 23, 43, 62, 38, 13, 25, 42, 56, 57, 19, 23, 8, 65]",49.625014905148944
"[28, 22, 23, 42, 62, 35, 12, 19, 42, 51, 57, 19, 23, 8, 64]",49.59955352303526
"[27, 22, 24, 44, 62, 33, 12, 19, 42, 51, 57, 19, 23, 8, 65]",48.207819783197955
"[26, 21, 22, 42, 62, 38, 12, 20, 42, 51, 57, 19, 23, 8, 65]",48.811506436314374
"[26, 22, 23, 44, 62, 34, 12, 19, 42, 51, 56, 20, 23, 8, 65]",48.59400338753357
"[28, 22, 23, 44, 62, 37, 12, 18, 42, 53, 57, 19, 23, 8, 65]",48.98960806233061
"[26, 22, 22, 41, 62, 35, 12, 16, 42, 51, 56, 19, 23, 8, 65]",49.53201795392957
"[25, 22, 23, 44, 62, 35, 12, 15, 42, 51, 57, 19, 22, 8, 65]",49.86491700541991
"[26, 22, 22, 40, 61, 34, 12, 20, 42, 51, 56, 19, 23, 8, 65]",49.10834925474245
"[27, 22, 24, 44, 62, 35, 12, 20, 42, 51, 56, 19, 23, 8, 65]",49.24326050135508
"[29, 22, 22, 45, 62, 37, 12, 20, 42, 51, 56, 20, 23, 8, 65]",49.59407554200546
"[29, 22, 23, 44, 62, 36, 12, 18, 42, 51, 57, 19, 23, 8, 65]",48.66994478319787
"[26, 22, 22, 45, 62, 36, 12, 18, 40, 51, 56, 19, 23, 8, 65]",49.03672425474252
"[26, 22, 22, 43, 62, 37, 12, 16, 40, 51, 57, 19, 21, 8, 64]",48.30411009485088
"[25, 22, 22, 41, 61, 39, 12, 19, 42, 52, 57, 20, 23, 8, 65]",49.77495054200556
"[27, 22, 24, 43, 62, 35, 12, 16, 42, 51, 57, 19, 22, 8, 65]",49.22447425474264
"[28, 22, 23, 45, 62, 39, 12, 19, 42, 52, 56, 19, 23, 8, 65]",48.797209010839985
"[26, 22, 23, 45, 62, 38, 12, 19, 42, 52, 56, 19, 22, 8, 64]",48.50014227642282
"[26, 21, 22, 44, 62, 35, 12, 19, 42, 51, 56, 19, 23, 8, 64]",48.49663922764239
"[25, 21, 22, 42, 61, 37, 12, 17, 41, 51, 56, 19, 23, 8, 64]",49.28610907859084
"[27, 22, 24, 43, 62, 38, 13, 20, 42, 53, 57, 19, 23, 8, 65]",49.3125406504067
"[26, 22, 22, 42, 62, 36, 12, 19, 42, 51, 56, 19, 23, 8, 64]",49.518242208672085
"[27, 22, 25, 43, 62, 34, 12, 19, 42, 51, 57, 19, 23, 8, 65]",49.7095125338754
"[25, 21, 22, 42, 62, 36, 12, 19, 42, 52, 57, 19, 23, 8, 65]",49.226386856368556
"[26, 22, 23, 42, 62, 33, 12, 20, 42, 51, 59, 20, 23, 8, 65]",49.34368326558262
"[29, 22, 23, 43, 62, 37, 12, 18, 42, 51, 56, 19, 23, 8, 64]",48.68437737127367
"[25, 22, 22, 42, 61, 31, 12, 20, 42, 51, 57, 19, 23, 8, 65]",48.96726253387527
"[26, 22, 22, 43, 62, 36, 12, 15, 42, 51, 57, 20, 21, 8, 65]",49.11741463414621
"[26, 22, 22, 40, 61, 34, 12, 22, 42, 51, 57, 19, 23, 8, 65]",49.4405250677507
"[26, 22, 22, 47, 62, 36, 12, 19, 42, 51, 57, 19, 23, 8, 65]",49.588223577235624
"[27, 22, 22, 46, 62, 35, 12, 21, 41, 51, 56, 19, 23, 8, 65]",49.144266260162546
"[28, 22, 22, 43, 62, 37, 12, 19, 42, 51, 56, 19, 23, 8, 65]",49.06244986449848
"[28, 22, 22, 45, 62, 36, 12, 19, 42, 51, 56, 19, 23, 8, 65]",49.46683367208693
"[26, 22, 22, 43, 62, 37, 12, 18, 41, 51, 56, 19, 22, 8, 65]",49.15072628726306
"[26, 21, 22, 43, 60, 38, 13, 18, 42, 52, 57, 19, 23, 8, 65]",49.530871273712684
"[26, 22, 22, 45, 62, 35, 12, 22, 42, 51, 57, 19, 23, 8, 65]",49.98763584010848
"[29, 22, 23, 45, 62, 36, 12, 21, 42, 52, 57, 20, 23, 8, 65]",49.13059518970197
"[27, 22, 23, 44, 62, 38, 12, 19, 42, 52, 56, 19, 20, 8, 63]",48.65704878048773
"[25, 20, 22, 44, 61, 35, 12, 18, 42, 52, 56, 19, 23, 8, 64]",48.13645155826554
"[27, 22, 22, 43, 60, 40, 12, 18, 42, 51, 56, 19, 23, 8, 65]",49.75110873983734
"[27, 22, 22, 45, 62, 37, 13, 21, 42, 52, 57, 19, 23, 8, 65]",48.50431944444437
"[27, 21, 22, 43, 62, 37, 12, 19, 42, 51, 56, 19, 23, 8, 64]",48.93561246612466
"[28, 22, 24, 46, 62, 37, 12, 17, 41, 51, 57, 19, 23, 8, 65]",49.34532283197815
"[29, 21, 22, 42, 59, 36, 12, 20, 42, 52, 57, 19, 23, 8, 65]",48.83635196476966
"[27, 22, 23, 45, 62, 35, 12, 21, 42, 51, 58, 19, 23, 8, 65]",48.39990142276414
"[30, 21, 23, 42, 62, 38, 12, 18, 42, 51, 56, 19, 23, 8, 65]",49.75189092140944
"[27, 22, 22, 42, 58, 36, 12, 20, 42, 51, 57, 19, 23, 8, 65]",49.41424695121976
"[27, 22, 22, 41, 62, 40, 12, 20, 40, 51, 56, 19, 23, 8, 65]",49.52128387533875
"[26, 21, 22, 40, 61, 35, 12, 18, 41, 51, 58, 19, 23, 8, 65]",49.13143089430877
"[26, 21, 24, 48, 62, 37, 12, 19, 42, 51, 56, 19, 23, 8, 65]",48.48446138211394
"[26, 22, 25, 46, 62, 34, 12, 18, 42, 51, 57, 19, 23, 8, 65]",48.30500745257445
"[26, 21, 23, 43, 62, 37, 12, 19, 42, 51, 56, 19, 23, 8, 65]",48.702495257452746
"[27, 22, 23, 42, 62, 37, 12, 18, 42, 51, 56, 19, 23, 8, 64]",48.551320121951235
"[26, 22, 22, 43, 60, 36, 12, 18, 42, 51, 56, 19, 22, 8, 65]",48.10073136856379
"[27, 20, 22, 43, 59, 37, 12, 20, 42, 51, 56, 19, 23, 8, 65]",49.36856571815733
"[26, 22, 22, 44, 62, 37, 12, 18, 42, 51, 56, 19, 23, 8, 65]",48.93303218157177
"[28, 22, 23, 45, 62, 38, 12, 22, 42, 52, 57, 19, 23, 8, 65]",49.08490413279142
"[28, 21, 22, 45, 62, 37, 12, 20, 42, 51, 56, 19, 18, 8, 63]",49.476396341463314
"[29, 22, 23, 41, 61, 36, 12, 17, 42, 52, 56, 20, 23, 8, 65]",48.594375338753395
"[27, 22, 22, 42, 62, 39, 12, 18, 42, 51, 56, 19, 23, 8, 65]",49.48747933604323
"[26, 22, 22, 45, 62, 36, 13, 21, 42, 53, 56, 19, 23, 8, 65]",48.189065379403885
"[29, 21, 22, 42, 60, 37, 12, 19, 41, 51, 56, 19, 23, 8, 64]",49.12216090785923
"[28, 22, 22, 45, 62, 36, 12, 18, 42, 51, 58, 19, 23, 8, 65]",49.005742886179014
"[30, 21, 22, 42, 58, 37, 12, 18, 42, 51, 57, 19, 23, 8, 65]",49.65742445799463
"[28, 22, 22, 45, 62, 40, 12, 17, 42, 51, 56, 20, 23, 8, 65]",48.81260331978333
"[28, 21, 23, 44, 62, 38, 12, 18, 42, 51, 56, 19, 23, 8, 65]",49.63196205962068
"[27, 22, 22, 41, 62, 36, 12, 18, 40, 51, 57, 19, 23, 8, 65]",48.55776253387547
"[28, 22, 22, 42, 62, 40, 12, 18, 42, 51, 56, 19, 23, 8, 64]",49.84225067750676
"[26, 21, 22, 42, 60, 36, 12, 21, 42, 51, 56, 19, 23, 8, 64]",49.89689837398361
"[30, 21, 24, 44, 62, 37, 12, 19, 41, 51, 56, 19, 23, 8, 65]",48.78437906504093
"[27, 22, 23, 45, 62, 32, 12, 17, 42, 51, 59, 19, 23, 8, 65]",48.8996341463415
"[25, 21, 24, 44, 62, 37, 12, 19, 42, 51, 56, 19, 22, 8, 65]",48.04458638211388
"[28, 22, 23, 42, 62, 37, 12, 18, 42, 51, 57, 19, 23, 8, 65]",49.233418021680166
"[26, 22, 22, 43, 60, 37, 12, 17, 42, 51, 56, 19, 22, 8, 64]",48.75316463414621
"[26, 21, 22, 42, 61, 37, 12, 20, 42, 52, 56, 19, 23, 8, 65]",48.3723946476965
"[27, 22, 24, 42, 62, 38, 12, 16, 41, 51, 57, 19, 23, 8, 65]",48.47215243902414
"[27, 22, 23, 44, 62, 38, 12, 21, 42, 53, 56, 19, 23, 8, 65]",48.94881097560975
"[27, 22, 23, 47, 62, 36, 12, 18, 42, 51, 56, 19, 19, 8, 63]",47.84613617886175
"[27, 21, 23, 43, 60, 37, 12, 18, 42, 51, 58, 19, 23, 8, 64]",50.655781504064926
"[26, 22, 22, 42, 61, 37, 12, 18, 42, 51, 56, 19, 23, 8, 65]",48.89147256097565
"[27, 22, 22, 43, 61, 37, 13, 20, 42, 54, 56, 19, 23, 8, 65]",49.25090684281855
"[28, 21, 22, 42, 62, 36, 12, 18, 42, 51, 57, 19, 23, 8, 64]",50.723212398373924
"[26, 22, 22, 42, 62, 34, 12, 19, 42, 51, 56, 19, 22, 8, 65]",48.67780724932231
"[25, 21, 22, 41, 59, 38, 12, 18, 42, 52, 57, 19, 23, 8, 65]",49.81201727642274
"[28, 22, 23, 43, 62, 37, 12, 18, 42, 51, 56, 20, 23, 8, 65]",48.584639566395836
"[26, 22, 22, 44, 62, 38, 12, 20, 42, 52, 57, 19, 23, 8, 65]",48.6458197831978
"[25, 22, 22, 43, 62, 32, 12, 18, 40, 51, 58, 19, 23, 8, 65]",49.34663008130074
"[27, 22, 22, 44, 62, 38, 12, 16, 42, 51, 56, 19, 23, 8, 65]",49.08513584010863
"[25, 22, 22, 41, 59, 35, 12, 22, 42, 51, 56, 19, 23, 8, 65]",49.2213658536586
"[28, 22, 23, 41, 61, 37, 12, 19, 42, 51, 57, 19, 23, 8, 65]",49.064743902439
"[29, 22, 23, 45, 62, 33, 12, 21, 40, 51, 58, 19, 23, 8, 65]",49.1546229674798
"[29, 22, 23, 43, 62, 37, 12, 19, 42, 51, 56, 19, 23, 8, 65]",48.05682283197819
"[29, 22, 23, 43, 62, 35, 12, 17, 41, 51, 58, 20, 23, 8, 65]",49.75189092140944
"[26, 22, 22, 43, 62, 38, 12, 15, 42, 51, 56, 19, 22, 8, 63]",49.17895460704625
"[26, 20, 22, 41, 60, 37, 12, 20, 42, 52, 56, 19, 23, 8, 65]",49.271570460704645
"[27, 22, 23, 43, 62, 36, 12, 20, 42, 51, 57, 19, 23, 8, 65]",49.980023035230225
"[26, 22, 22, 43, 62, 38, 13, 21, 42, 53, 56, 19, 23, 8, 65]",49.71813075880745
"[26, 22, 22, 43, 62, 37, 12, 18, 42, 52, 56, 19, 20, 8, 63]",48.39426253387538
"[25, 21, 22, 46, 61, 36, 12, 19, 41, 51, 59, 19, 23, 8, 64]",49.77114735772362
"[26, 22, 22, 44, 61, 36, 12, 18, 42, 51, 56, 19, 23, 8, 65]",49.653926490514884
"[27, 22, 22, 43, 62, 37, 12, 19, 42, 53, 56, 19, 23, 8, 65]",49.23155962059617
"[26, 22, 22, 44, 61, 36, 12, 18, 42, 51, 56, 19, 23, 8, 64]",49.067656842818344
"[26, 22, 22, 42, 60, 34, 12, 20, 42, 51, 56, 19, 23, 8, 65]",49.72364837398391
"[25, 21, 22, 41, 60, 37, 12, 19, 42, 52, 56, 19, 23, 8, 65]",49.475660569105706
"[28, 22, 23, 41, 62, 33, 12, 21, 42, 51, 56, 19, 23, 8, 65]",48.917959010840235
"[29, 22, 22, 43, 62, 37, 12, 20, 42, 52, 56, 19, 23, 8, 65]",48.4182174796748
"[25, 22, 22, 43, 62, 36, 12, 19, 42, 51, 57, 19, 23, 8, 65]",49.23617682926837
"[27, 22, 25, 44, 62, 37, 12, 16, 42, 52, 57, 19, 22, 8, 65]",49.130572154471665
"[25, 22, 22, 40, 62, 36, 12, 18, 42, 51, 56, 19, 23, 8, 65]",49.09061348238463
"[26, 22, 22, 45, 61, 37, 12, 19, 42, 51, 57, 19, 23, 8, 65]",49.8193746612468
"[27, 22, 25, 44, 62, 36, 12, 23, 40, 51, 57, 19, 23, 8, 65]",49.606383130081305
"[29, 22, 23, 43, 62, 37, 12, 19, 41, 51, 56, 19, 23, 8, 64]",49.7687730352304
"[26, 22, 22, 46, 62, 36, 12, 18, 42, 51, 56, 19, 23, 8, 65]",48.77087601626014
"[27, 22, 22, 42, 62, 36, 12, 18, 42, 51, 56, 19, 21, 8, 65]",49.3098272357723
"[26, 19, 22, 44, 60, 39, 12, 20, 42, 51, 56, 19, 23, 8, 65]",48.83690548780479
"[26, 22, 22, 43, 62, 36, 12, 21, 42, 51, 57, 19, 23, 8, 65]",49.24326050135508
"[27, 22, 22, 42, 62, 37, 13, 21, 42, 53, 56, 19, 23, 8, 64]",49.02178895663963
"[27, 22, 22, 42, 62, 37, 12, 20, 42, 52, 56, 19, 19, 8, 63]",49.54366192411942
"[25, 22, 22, 43, 62, 36, 12, 18, 41, 51, 56, 19, 22, 8, 65]",48.94003895663955
"[26, 22, 22, 43, 62, 38, 12, 18, 41, 51, 56, 19, 23, 8, 65]",49.394781504065136
"[27, 22, 22, 45, 62, 37, 13, 20, 42, 51, 56, 19, 23, 8, 65]",48.89807791327898
"[25, 22, 22, 44, 60, 36, 12, 18, 42, 51, 56, 19, 23, 8, 64]",49.394781504065136
"[26, 22, 22, 43, 59, 33, 12, 19, 42, 51, 56, 19, 23, 8, 65]",48.712515243902494
"[25, 20, 22, 41, 60, 36, 12, 20, 42, 51, 57, 19, 22, 8, 65]",49.271570460704645
"[28, 21, 23, 45, 62, 35, 12, 21, 42, 51, 56, 19, 23, 8, 65]",49.83857147696485
"[29, 21, 22, 43, 62, 37, 12, 19, 42, 52, 56, 19, 23, 8, 65]",49.20976626016279
"[25, 21, 22, 42, 60, 38, 12, 19, 42, 51, 56, 19, 23, 8, 65]",47.84537771002706
"[28, 22, 24, 43, 62, 39, 12, 16, 42, 51, 56, 19, 22, 8, 65]",49.50731707317067
"[26, 21, 22, 38, 59, 37, 12, 20, 42, 51, 56, 19, 23, 8, 65]",49.511530487804826
"[27, 21, 23, 47, 62, 37, 12, 19, 42, 52, 57, 19, 23, 8, 65]",49.534571138211405
"[25, 22, 26, 44, 62, 38, 12, 19, 42, 51, 56, 19, 23, 8, 65]",50.017441734417275
"[27, 22, 24, 45, 62, 37, 12, 19, 41, 51, 57, 19, 23, 8, 65]",49.928662940379354
"[27, 21, 23, 47, 62, 36, 12, 17, 42, 51, 56, 20, 23, 8, 65]",49.534571138211405
"[27, 22, 22, 45, 62, 37, 12, 18, 42, 51, 56, 19, 22, 8, 65]",48.91548712737132
"[26, 18, 22, 43, 60, 39, 12, 20, 42, 52, 56, 19, 23, 8, 64]",48.26832012195132
"[26, 21, 22, 44, 62, 36, 12, 20, 42, 52, 57, 19, 23, 8, 65]",48.89304911924124
"[29, 22, 22, 43, 62, 38, 13, 18, 42, 52, 57, 19, 23, 8, 65]",49.80325474254734
"[27, 22, 23, 44, 61, 36, 12, 21, 42, 52, 56, 19, 23, 8, 63]",49.86744952574515
"[27, 21, 22, 41, 61, 36, 12, 17, 42, 51, 56, 19, 22, 8, 65]",48.141267615176254
"[26, 22, 22, 42, 62, 38, 12, 17, 42, 51, 56, 19, 23, 8, 65]",49.36279674796758
"[27, 22, 22, 44, 62, 36, 12, 20, 42, 51, 57, 19, 23, 8, 65]",48.63230149051478
"[28, 21, 22, 42, 62, 36, 12, 18, 42, 51, 56, 19, 23, 8, 64]",49.394781504065136
"[28, 21, 22, 43, 60, 33, 12, 17, 42, 51, 56, 19, 23, 8, 65]",49.33044952574499
"[26, 19, 22, 41, 59, 35, 12, 20, 42, 52, 56, 19, 22, 8, 65]",48.92921781842828
"[26, 22, 23, 45, 61, 36, 12, 17, 42, 51, 56, 19, 23, 8, 65]",48.62896239837408
"[28, 21, 24, 43, 62, 38, 12, 17, 42, 52, 56, 19, 23, 8, 65]",49.545223238482315
"[26, 21, 23, 42, 58, 38, 12, 19, 42, 51, 56, 19, 23, 8, 65]",48.58662804878043
"[28, 22, 22, 44, 62, 40, 12, 21, 42, 51, 56, 19, 23, 8, 65]",48.860250338753445
"[26, 20, 22, 41, 59, 34, 12, 21, 42, 51, 56, 19, 23, 8, 65]",50.335837737127406
"[27, 21, 24, 43, 60, 37, 12, 19, 42, 51, 58, 19, 23, 8, 65]",48.993966124661306
"[28, 22, 22, 46, 62, 34, 12, 18, 42, 51, 56, 19, 23, 8, 64]",49.52301084010834
"[25, 22, 23, 43, 62, 36, 12, 19, 42, 51, 56, 19, 23, 8, 65]",49.245529471545
"[30, 22, 23, 43, 62, 36, 12, 17, 42, 51, 56, 19, 23, 8, 65]",49.10244783197816
"[26, 22, 22, 46, 61, 37, 12, 18, 42, 51, 56, 19, 23, 8, 64]",48.367863143631524
"[26, 21, 22, 42, 60, 38, 12, 19, 42, 52, 56, 19, 23, 8, 64]",48.99616395663957
"[26, 22, 22, 43, 62, 37, 12, 17, 42, 53, 57, 19, 23, 8, 65]",48.93169308943113
"[27, 22, 22, 45, 60, 38, 12, 18, 42, 52, 57, 19, 23, 8, 64]",49.45350711382093
"[27, 22, 22, 45, 62, 37, 12, 18, 42, 52, 56, 19, 22, 8, 63]",49.7286077235774
"[27, 21, 22, 41, 60, 35, 12, 18, 42, 51, 56, 19, 23, 8, 63]",49.075228658536716
"[26, 22, 22, 43, 62, 39, 12, 17, 42, 51, 56, 19, 23, 8, 65]",49.1274840785909
"[26, 22, 23, 43, 62, 37, 12, 20, 42, 52, 57, 19, 23, 8, 65]",48.95328590785926
"[28, 22, 22, 41, 60, 37, 12, 18, 42, 51, 56, 19, 23, 8, 63]",48.94093936314354
"[28, 22, 22, 43, 62, 37, 12, 18, 40, 51, 56, 19, 23, 8, 65]",50.45800643631435
"[26, 22, 22, 41, 58, 38, 12, 21, 42, 53, 56, 19, 23, 8, 65]",48.82114871273721
"[26, 22, 22, 44, 62, 37, 12, 19, 42, 51, 56, 19, 23, 8, 65]",49.29537872628719
"[26, 22, 23, 43, 62, 38, 12, 18, 42, 51, 56, 19, 23, 8, 65]",48.48162330623319
"[26, 21, 22, 42, 60, 38, 12, 18, 42, 52, 56, 19, 23, 8, 65]",48.65162635501374
"[28, 22, 22, 43, 62, 36, 12, 21, 42, 51, 56, 19, 23, 8, 65]",49.008895325203255
"[25, 21, 22, 41, 59, 34, 12, 19, 42, 52, 56, 19, 23, 8, 65]",49.18404573170734
"[28, 22, 22, 43, 61, 37, 12, 18, 42, 51, 56, 19, 23, 8, 65]",49.30573035230347
"[28, 22, 22, 48, 62, 34, 12, 20, 42, 51, 57, 19, 23, 8, 64]",49.360944105690955
"[30, 22, 22, 43, 62, 36, 12, 19, 42, 51, 56, 19, 23, 8, 65]",49.49196104336037
"[28, 22, 23, 42, 62, 36, 12, 18, 42, 51, 56, 19, 23, 8, 65]",49.69473678861768
"[27, 22, 23, 45, 61, 37, 12, 18, 41, 51, 58, 19, 23, 8, 64]",49.32134620596222
"[25, 21, 22, 42, 61, 37, 12, 19, 42, 53, 56, 19, 23, 8, 63]",49.13944715447147
"[27, 22, 22, 42, 61, 38, 12, 18, 42, 51, 57, 19, 23, 8, 65]",48.300146002710036
"[28, 22, 23, 45, 61, 38, 12, 21, 42, 51, 57, 19, 23, 8, 65]",49.45927371273703
"[27, 21, 22, 44, 62, 37, 12, 19, 42, 51, 56, 19, 19, 8, 64]",49.14864464769667
"[26, 21, 22, 42, 60, 35, 12, 19, 42, 51, 56, 20, 23, 8, 63]",49.00797764227623
"[26, 22, 22, 44, 62, 39, 12, 20, 42, 51, 56, 19, 23, 8, 64]",48.109466802168065
"[26, 22, 24, 42, 62, 37, 13, 19, 42, 52, 56, 19, 23, 8, 65]",49.271570460704645
"[28, 22, 22, 41, 61, 37, 12, 18, 42, 52, 56, 19, 23, 8, 64]",49.1411903794039
"[26, 22, 22, 42, 62, 36, 12, 19, 42, 51, 56, 19, 23, 8, 65]",48.895768631436326
"[26, 22, 22, 41, 59, 37, 13, 19, 42, 51, 56, 19, 23, 8, 64]",49.66181842818428
"[28, 21, 22, 42, 62, 36, 12, 20, 42, 51, 56, 19, 23, 8, 65]",49.11616056910573
"[29, 22, 22, 43, 60, 37, 12, 19, 42, 51, 56, 19, 23, 8, 65]",49.653926490514884
"[26, 21, 22, 42, 62, 36, 12, 18, 42, 52, 56, 19, 23, 8, 65]",49.13944715447147
"[26, 22, 22, 43, 62, 41, 12, 15, 42, 52, 56, 19, 22, 8, 65]",48.895754742547545
"[25, 21, 22, 39, 59, 38, 12, 21, 42, 51, 56, 19, 23, 8, 64]",48.981942073170536
"[27, 22, 23, 43, 62, 36, 12, 18, 42, 51, 56, 19, 23, 8, 65]",49.31349153116558
"[27, 22, 23, 48, 62, 37, 12, 21, 41, 51, 57, 19, 23, 8, 65]",48.78392581300835
"[29, 22, 23, 42, 62, 36, 12, 19, 42, 51, 56, 19, 23, 8, 64]",48.58413516260167
"[26, 22, 22, 45, 62, 36, 12, 18, 42, 51, 56, 19, 23, 8, 65]",49.7687730352304
"[27, 22, 23, 43, 62, 36, 12, 17, 42, 51, 58, 19, 22, 8, 65]",49.609626355013454
"[25, 20, 22, 42, 60, 39, 12, 20, 42, 51, 56, 19, 22, 8, 63]",49.80196138211396
"[26, 22, 22, 43, 61, 38, 12, 22, 42, 51, 56, 19, 23, 8, 65]",49.75189092140944
"[28, 22, 23, 44, 62, 38, 12, 21, 42, 52, 56, 19, 22, 8, 65]",49.13337432249307
"[26, 22, 25, 44, 62, 37, 12, 20, 42, 51, 56, 19, 21, 8, 64]",47.98447391598923
"[25, 21, 22, 44, 60, 35, 12, 18, 42, 51, 56, 20, 23, 8, 64]",49.154288617886124
"[27, 22, 24, 43, 60, 39, 12, 15, 42, 52, 56, 19, 23, 8, 64]",48.623781842818346
"[27, 22, 23, 43, 62, 36, 12, 19, 42, 52, 56, 20, 23, 8, 65]",48.73194817073162
"[27, 21, 22, 42, 62, 36, 12, 19, 42, 51, 56, 19, 23, 8, 65]",49.70194275067763
"[25, 22, 23, 45, 61, 35, 12, 19, 42, 51, 56, 19, 23, 8, 65]",48.93561246612466
"[26, 21, 22, 42, 59, 35, 12, 19, 42, 51, 56, 19, 23, 8, 65]",49.186379065040654
"[27, 20, 22, 42, 62, 36, 12, 21, 41, 51, 57, 19, 23, 8, 65]",49.15795799458001
"[27, 22, 22, 43, 61, 37, 12, 19, 42, 51, 57, 19, 23, 8, 65]",48.66482859078596
"[25, 21, 22, 42, 61, 36, 12, 18, 42, 53, 56, 19, 23, 8, 65]",47.83598780487826
"[28, 22, 22, 42, 62, 38, 12, 15, 42, 53, 56, 19, 23, 8, 65]",50.09159823848249
"[25, 21, 22, 39, 60, 35, 12, 18, 42, 51, 56, 19, 23, 8, 65]",49.30322256097563
"[26, 22, 23, 42, 60, 36, 12, 19, 42, 51, 56, 19, 23, 8, 65]",47.72360772357723
"[27, 22, 23, 47, 62, 36, 12, 19, 42, 51, 57, 19, 23, 8, 65]",48.80350948509495
"[28, 22, 24, 44, 62, 36, 12, 19, 41, 51, 56, 19, 23, 8, 64]",49.8193746612468
"[28, 22, 22, 47, 62, 36, 12, 16, 41, 51, 57, 20, 23, 8, 65]",49.394781504065136
"[26, 22, 22, 43, 62, 37, 12, 16, 42, 51, 56, 19, 21, 8, 65]",49.86352913279106
"[27, 21, 22, 44, 59, 41, 12, 21, 42, 51, 56, 19, 23, 8, 65]",48.95388753387529
"[25, 22, 22, 43, 62, 37, 12, 23, 42, 51, 56, 19, 23, 8, 65]",48.95162059620587
"[27, 22, 23, 45, 62, 37, 12, 22, 42, 52, 56, 19, 23, 8, 65]",48.83022222222215
"[26, 22, 22, 45, 60, 37, 12, 21, 42, 52, 56, 19, 20, 8, 63]",50.10106233062302
"[25, 20, 22, 44, 62, 36, 12, 18, 42, 51, 56, 19, 23, 8, 63]",48.913778116531184
"[27, 22, 23, 44, 62, 37, 12, 16, 42, 51, 56, 19, 23, 8, 64]",50.14820121951219
"[27, 22, 22, 45, 62, 37, 12, 19, 42, 51, 58, 20, 23, 8, 65]",49.468393631436236
"[27, 20, 22, 44, 61, 36, 12, 19, 41, 51, 56, 19, 23, 8, 65]",48.94093936314354
"[27, 22, 22, 46, 61, 34, 12, 19, 42, 51, 56, 19, 23, 8, 65]",48.99144715447163
"[26, 20, 22, 42, 61, 34, 12, 20, 42, 52, 56, 19, 23, 8, 65]",49.24326050135508
"[26, 21, 23, 44, 61, 37, 12, 19, 42, 51, 56, 19, 23, 8, 65]",48.09256131436304
"[25, 21, 22, 42, 60, 37, 12, 19, 42, 52, 56, 19, 23, 8, 65]",47.72360772357723
"[26, 21, 22, 41, 59, 36, 12, 18, 42, 51, 56, 19, 23, 8, 65]",49.121997628726334
"[27, 22, 24, 43, 61, 35, 12, 15, 42, 51, 56, 19, 23, 8, 65]",50.11383773712738
"[26, 22, 22, 39, 61, 33, 12, 20, 42, 51, 56, 19, 23, 8, 65]",48.67453827913299
"[27, 22, 22, 42, 61, 36, 12, 19, 42, 51, 56, 19, 23, 8, 65]",49.436005758807674
"[27, 22, 23, 45, 62, 33, 12, 17, 42, 51, 56, 20, 23, 8, 65]",48.78203827913283
"[27, 22, 23, 45, 62, 37, 12, 19, 42, 51, 56, 19, 23, 8, 65]",49.632119918699175
"[29, 22, 23, 46, 62, 36, 12, 16, 42, 51, 57, 19, 23, 8, 65]",48.77677100271007
"[25, 22, 22, 43, 62, 37, 12, 16, 42, 51, 56, 19, 22, 8, 65]",48.28805352303538
"[27, 21, 22, 43, 58, 40, 13, 22, 42, 52, 56, 20, 23, 8, 65]",48.85618055555573
"[25, 22, 22, 43, 60, 36, 12, 22, 42, 52, 56, 19, 23, 8, 65]",49.08282520325226
"[29, 22, 22, 46, 62, 37, 12, 21, 42, 52, 57, 19, 23, 8, 65]",48.74932791327919
"[28, 22, 22, 43, 59, 37, 12, 20, 42, 53, 56, 19, 21, 8, 63]",49.02005555555536
"[26, 20, 22, 43, 59, 36, 12, 17, 42, 51, 56, 19, 23, 8, 63]",48.91471172086728
"[26, 22, 22, 43, 62, 39, 12, 21, 42, 51, 56, 20, 23, 8, 64]",48.84661788617879
"[27, 22, 24, 45, 62, 37, 13, 21, 42, 51, 56, 19, 22, 8, 65]",48.67780724932231
"[26, 20, 22, 43, 59, 36, 12, 20, 41, 51, 56, 19, 23, 8, 64]",49.015316056910784
"[28, 22, 22, 43, 60, 36, 12, 18, 41, 51, 56, 19, 23, 8, 65]",48.32119986449868
"[26, 22, 22, 42, 60, 37, 12, 21, 42, 51, 56, 19, 23, 8, 64]",49.44541124661238
"[29, 22, 24, 44, 61, 37, 12, 20, 42, 51, 56, 19, 23, 8, 65]",49.37447764227629
"[26, 21, 23, 43, 59, 37, 12, 18, 42, 52, 56, 19, 23, 8, 65]",49.271570460704645
"[26, 21, 22, 41, 58, 37, 12, 19, 42, 51, 56, 19, 23, 8, 64]",47.72360772357723
"[26, 22, 24, 43, 62, 36, 12, 20, 42, 51, 57, 19, 22, 8, 65]",50.0072452574524
"[26, 20, 22, 41, 58, 38, 12, 21, 42, 51, 57, 19, 23, 8, 65]",49.300473915989066
"[27, 22, 22, 42, 59, 37, 12, 19, 42, 51, 56, 19, 23, 8, 65]",49.7687730352304
"[27, 22, 23, 43, 62, 33, 12, 22, 41, 51, 57, 19, 23, 8, 65]",48.865764905148865
"[27, 22, 22, 44, 62, 37, 12, 19, 42, 51, 56, 19, 23, 8, 64]",49.394781504065136
"[27, 22, 23, 43, 62, 36, 12, 17, 42, 51, 56, 19, 23, 8, 65]",49.57392987804896
"[25, 22, 22, 44, 62, 38, 12, 17, 42, 51, 56, 19, 23, 8, 65]",48.543771680216835
"[25, 20, 22, 42, 60, 38, 13, 21, 42, 54, 56, 19, 23, 8, 65]",49.82567140921409
"[27, 22, 22, 43, 59, 37, 12, 16, 42, 52, 56, 19, 23, 8, 65]",48.910768970189636
"[28, 22, 22, 45, 62, 37, 12, 21, 42, 53, 56, 20, 23, 8, 65]",49.912759823848326
"[28, 22, 22, 43, 62, 36, 12, 18, 42, 52, 56, 19, 23, 8, 63]",49.18897899729001
"[27, 21, 23, 43, 60, 36, 12, 19, 42, 51, 56, 19, 23, 8, 65]",48.665368902439035
"[25, 21, 22, 42, 62, 39, 12, 21, 42, 51, 56, 19, 23, 8, 63]",49.62746036585345
"[26, 22, 23, 43, 62, 37, 13, 20, 42, 52, 56, 19, 22, 8, 65]",48.79771781842798
"[26, 22, 22, 42, 58, 37, 12, 19, 42, 51, 56, 19, 23, 8, 64]",48.73972222222234
"[28, 22, 22, 43, 62, 36, 12, 18, 41, 51, 56, 19, 23, 8, 65]",49.663910907859034
"[25, 22, 22, 42, 59, 37, 12, 22, 42, 51, 57, 19, 23, 8, 65]",49.33606775067744
"[28, 22, 22, 43, 61, 36, 12, 21, 42, 52, 56, 19, 22, 8, 64]",49.690298780487765
"[28, 21, 22, 42, 61, 37, 12, 19, 42, 52, 56, 19, 23, 8, 65]",49.29537872628719
"[26, 21, 22, 41, 59, 37, 12, 19, 42, 51, 56, 19, 23, 8, 64]",49.54634451219503
"[28, 22, 22, 43, 62, 40, 12, 18, 42, 51, 56, 19, 21, 8, 65]",48.8591531165312
"[26, 21, 22, 41, 58, 37, 12, 23, 42, 51, 57, 19, 23, 8, 65]",49.78805420054196
"[26, 22, 22, 42, 62, 37, 12, 19, 42, 51, 56, 19, 23, 8, 65]",48.94806063685643
"[27, 22, 23, 45, 62, 37, 12, 20, 42, 51, 59, 19, 23, 8, 65]",49.51075033875348
"[27, 22, 24, 43, 62, 37, 12, 19, 42, 52, 56, 19, 23, 8, 65]",48.551320121951235
"[25, 22, 23, 46, 62, 37, 12, 18, 41, 51, 56, 19, 23, 8, 65]",48.92863617886183
"[28, 22, 22, 43, 61, 36, 12, 18, 41, 51, 56, 19, 22, 8, 65]",49.37102879403769
"[25, 20, 22, 41, 61, 36, 13, 20, 42, 51, 57, 19, 23, 8, 65]",49.43955182926823
"[27, 22, 22, 42, 62, 38, 12, 18, 42, 51, 56, 19, 23, 8, 65]",48.57579640921409
"[26, 22, 23, 43, 62, 38, 12, 21, 42, 52, 57, 20, 23, 8, 65]",49.13825440379422
"[26, 20, 20, 41, 58, 37, 12, 18, 44, 54, 55, 18, 22, 8, 62]",49.32900813008134
"[26, 19, 22, 41, 57, 37, 12, 19, 44, 53, 54, 18, 22, 8, 63]",48.594488482384875
"[23, 20, 21, 41, 60, 39, 12, 20, 42, 52, 55, 18, 22, 8, 62]",48.7574590108402
"[24, 20, 21, 41, 59, 37, 13, 20, 42, 53, 54, 18, 21, 8, 64]",48.460099932249406
"[25, 21, 21, 41, 57, 37, 12, 19, 44, 53, 54, 18, 22, 8, 63]",48.94806063685643
"[26, 20, 20, 41, 58, 37, 12, 19, 43, 54, 54, 18, 22, 8, 63]",49.99708265582652
"[24, 21, 21, 41, 58, 37, 12, 22, 42, 52, 54, 18, 22, 8, 63]",48.53966463414636
"[26, 20, 20, 41, 58, 36, 12, 21, 43, 53, 55, 18, 21, 8, 63]",48.5271775067751
"[27, 19, 21, 40, 58, 37, 12, 20, 43, 53, 54, 18, 22, 8, 63]",50.826681910568915
"[25, 20, 21, 41, 58, 37, 12, 19, 44, 53, 54, 18, 22, 8, 63]",47.72360772357723
"[26, 20, 20, 41, 58, 40, 12, 18, 43, 52, 55, 18, 20, 8, 64]",48.86641869918696
"[25, 20, 22, 41, 57, 37, 12, 23, 41, 52, 54, 18, 22, 8, 63]",49.19216497289971
"[25, 20, 21, 40, 59, 37, 12, 19, 44, 53, 54, 18, 22, 8, 63]",48.93561246612466
"[24, 20, 21, 42, 58, 37, 12, 21, 43, 52, 56, 18, 21, 8, 62]",49.46888109756101
"[25, 20, 22, 40, 58, 37, 12, 20, 43, 53, 54, 18, 22, 8, 63]",49.21597933604345
"[23, 20, 21, 43, 58, 38, 12, 19, 43, 53, 54, 18, 22, 8, 63]",49.72297425474253
"[26, 20, 20, 41, 58, 37, 12, 19, 43, 54, 54, 18, 21, 8, 64]",48.61793970189708
"[24, 19, 21, 41, 60, 36, 13, 21, 43, 52, 54, 18, 22, 8, 63]",48.237599254742705
"[25, 20, 21, 40, 59, 38, 12, 18, 44, 53, 54, 18, 22, 8, 63]",49.233418021680166
"[24, 20, 21, 41, 59, 38, 12, 21, 42, 52, 55, 19, 21, 8, 62]",49.02214126016237
