"[34, 19, 27, 40, 46, 40, 14, 20, 42, 51, 71, 21, 21, 5, 56]",66.78733705962088
"[26, 19, 29, 40, 47, 40, 18, 17, 42, 54, 66, 19, 23, 7, 51]",67.04533434959367
"[25, 20, 26, 39, 55, 39, 12, 16, 42, 55, 56, 20, 23, 8, 49]",74.79586280487793
"[32, 15, 31, 48, 50, 42, 12, 17, 42, 51, 66, 19, 21, 7, 48]",83.91005115176141
"[25, 15, 27, 35, 50, 36, 14, 15, 42, 51, 65, 21, 23, 4, 52]",76.74414600270967
"[25, 20, 27, 43, 57, 39, 12, 16, 42, 56, 68, 22, 22, 7, 51]",72.7823082655826
"[27, 20, 26, 40, 47, 40, 17, 19, 40, 54, 64, 21, 23, 7, 52]",73.15720460704593
"[27, 18, 29, 39, 50, 37, 13, 18, 42, 55, 66, 19, 20, 3, 50]",74.39641192411948
"[26, 20, 29, 39, 51, 39, 13, 17, 41, 54, 67, 20, 23, 5, 50]",62.002816395663906
"[33, 22, 28, 39, 52, 40, 15, 15, 42, 54, 62, 22, 23, 7, 53]",67.8926605691059
"[25, 15, 29, 37, 51, 43, 16, 16, 34, 58, 65, 20, 21, 4, 51]",70.0377855691054
"[25, 19, 23, 47, 53, 40, 14, 18, 39, 51, 65, 19, 23, 6, 45]",81.02082926829259
"[25, 21, 29, 40, 53, 39, 12, 21, 40, 53, 70, 22, 19, 2, 45]",64.83197493224922
"[27, 19, 29, 35, 58, 42, 15, 18, 38, 51, 69, 19, 23, 6, 55]",70.61522493224948
"[25, 20, 27, 45, 51, 37, 15, 16, 35, 54, 64, 20, 23, 6, 50]",77.03857757452576
"[33, 19, 27, 37, 51, 40, 12, 17, 41, 52, 65, 20, 23, 5, 53]",80.70567615176176
"[25, 21, 26, 40, 56, 42, 13, 17, 42, 55, 66, 19, 23, 8, 49]",63.99570968834692
"[30, 20, 27, 40, 50, 35, 12, 18, 42, 52, 68, 21, 23, 6, 47]",65.07390548780504
"[25, 22, 32, 39, 50, 39, 19, 19, 38, 54, 62, 21, 20, 6, 48]",81.40683841463404
"[28, 21, 28, 38, 49, 43, 12, 15, 42, 54, 63, 19, 16, 5, 45]",71.37838550135504
"[27, 18, 27, 44, 49, 42, 15, 18, 42, 51, 76, 21, 23, 6, 45]",71.58884620596157
"[29, 19, 23, 43, 43, 42, 13, 15, 42, 57, 66, 19, 23, 8, 50]",61.186669715446826
"[25, 19, 26, 47, 62, 41, 12, 15, 42, 56, 56, 21, 23, 8, 47]",70.71912533875346
"[25, 22, 25, 48, 53, 43, 12, 15, 42, 51, 65, 19, 23, 8, 45]",71.24644275067753
"[25, 19, 32, 38, 53, 43, 12, 15, 42, 51, 67, 19, 23, 8, 50]",62.14616937669404
"[25, 19, 26, 48, 49, 40, 12, 17, 38, 57, 63, 19, 23, 7, 53]",61.117365514905266
"[25, 19, 27, 44, 56, 38, 16, 19, 42, 53, 64, 20, 22, 8, 49]",60.8638065718159
"[25, 20, 26, 43, 51, 43, 15, 18, 42, 51, 62, 19, 23, 8, 53]",69.65228997289995
"[25, 19, 29, 48, 50, 39, 14, 16, 39, 58, 63, 20, 23, 6, 51]",61.95792649051502
"[29, 22, 23, 44, 54, 43, 15, 15, 36, 62, 66, 23, 23, 8, 45]",72.30469681571783
"[25, 17, 22, 37, 50, 43, 12, 15, 40, 55, 67, 20, 22, 8, 45]",64.55902303523031
"[25, 19, 29, 48, 46, 43, 14, 15, 40, 52, 64, 19, 23, 7, 45]",63.79508502710034
"[25, 22, 32, 43, 50, 37, 13, 19, 37, 62, 68, 19, 22, 8, 45]",74.07328895663942
"[25, 20, 30, 48, 52, 43, 15, 15, 37, 51, 63, 20, 23, 8, 51]",62.45748949864542
"[25, 22, 22, 48, 52, 39, 12, 15, 41, 56, 71, 19, 23, 8, 45]",60.09281368563707
"[25, 22, 22, 46, 51, 43, 12, 18, 35, 53, 61, 20, 23, 3, 49]",73.36356673441765
"[25, 19, 22, 47, 62, 43, 16, 15, 42, 54, 66, 19, 23, 8, 48]",62.87564498644977
"[26, 20, 32, 44, 47, 41, 16, 15, 42, 56, 70, 19, 23, 6, 45]",72.24752710027079
"[25, 22, 31, 44, 50, 38, 17, 19, 42, 56, 56, 22, 23, 8, 46]",63.74980081300833
"[25, 21, 28, 48, 42, 43, 12, 15, 36, 56, 67, 19, 23, 6, 45]",69.56216294037948
"[25, 18, 27, 47, 56, 43, 16, 16, 42, 51, 69, 22, 23, 8, 47]",66.07681436314364
"[25, 20, 22, 42, 42, 43, 12, 21, 42, 53, 57, 19, 23, 8, 55]",72.72496138211395
"[25, 20, 26, 48, 56, 42, 12, 15, 42, 55, 56, 19, 23, 8, 51]",68.83108265582662
"[25, 22, 22, 48, 58, 43, 12, 15, 42, 51, 66, 19, 23, 8, 45]",65.00061585365874
"[25, 22, 23, 45, 51, 43, 12, 15, 42, 51, 62, 19, 22, 8, 53]",63.65288685636855
"[25, 19, 24, 48, 48, 42, 14, 20, 41, 51, 59, 19, 23, 8, 57]",60.547506097560905
"[25, 19, 26, 45, 57, 39, 14, 18, 42, 51, 62, 19, 23, 8, 52]",60.662465785907834
"[25, 21, 23, 45, 52, 43, 16, 18, 42, 51, 56, 19, 23, 8, 54]",58.808651422764115
"[26, 19, 25, 48, 53, 41, 14, 19, 42, 52, 56, 19, 23, 8, 54]",60.52673441734401
"[25, 22, 22, 47, 55, 43, 15, 15, 34, 56, 66, 19, 23, 8, 49]",81.36845799457997
"[25, 22, 22, 39, 45, 43, 12, 15, 42, 51, 66, 19, 23, 8, 45]",73.44600914634144
"[25, 21, 29, 48, 46, 43, 14, 15, 42, 51, 56, 19, 23, 8, 47]",63.407107046070585
"[25, 22, 32, 43, 54, 43, 14, 19, 39, 51, 56, 19, 23, 8, 45]",65.26607418699187
"[25, 21, 25, 48, 50, 43, 15, 15, 42, 51, 60, 20, 23, 8, 52]",63.89112771002716
"[25, 22, 22, 48, 54, 40, 12, 15, 42, 52, 63, 19, 23, 8, 45]",65.58211043360431
"[25, 22, 22, 48, 52, 42, 14, 18, 30, 55, 56, 21, 23, 2, 48]",63.04584722222212
"[25, 21, 22, 48, 55, 43, 18, 15, 42, 51, 65, 19, 23, 8, 50]",63.584307926829474
"[25, 22, 28, 45, 48, 43, 17, 15, 42, 56, 65, 19, 23, 8, 51]",65.30790514905136
"[25, 22, 28, 48, 55, 43, 14, 20, 42, 55, 56, 20, 23, 8, 49]",71.13490718157172
"[25, 21, 24, 48, 49, 43, 12, 15, 37, 53, 56, 19, 23, 8, 45]",64.51506300813001
"[25, 19, 24, 48, 58, 43, 13, 16, 42, 51, 56, 22, 23, 8, 65]",65.1131490514905
"[25, 17, 22, 43, 42, 43, 12, 21, 42, 51, 56, 19, 23, 8, 56]",61.30978556910569
"[25, 22, 27, 48, 47, 42, 12, 17, 42, 51, 56, 19, 23, 8, 58]",59.46791124661248
"[25, 22, 22, 48, 52, 43, 13, 18, 42, 51, 59, 19, 23, 8, 57]",64.66333062330631
"[25, 22, 22, 48, 49, 43, 12, 15, 42, 51, 57, 19, 22, 8, 59]",60.08239126016265
"[25, 20, 22, 48, 48, 43, 15, 22, 42, 51, 56, 19, 23, 8, 61]",57.47509586720871
"[25, 19, 24, 48, 52, 42, 12, 19, 42, 51, 60, 19, 23, 8, 55]",58.9797225609754
"[25, 21, 22, 47, 52, 43, 15, 19, 42, 51, 56, 19, 23, 8, 55]",60.0136338075884
"[27, 20, 22, 48, 51, 42, 14, 23, 42, 51, 56, 19, 23, 8, 59]",59.86339972899724
"[25, 22, 22, 48, 50, 43, 15, 15, 42, 51, 63, 19, 22, 8, 58]",62.774912601625964
"[25, 21, 22, 40, 42, 43, 14, 15, 42, 51, 56, 19, 23, 8, 51]",70.75085162601606
"[25, 22, 23, 48, 50, 43, 13, 15, 42, 51, 56, 19, 23, 8, 57]",67.6505816395665
"[25, 20, 29, 48, 54, 43, 14, 20, 42, 51, 56, 19, 23, 5, 53]",68.35432994579924
"[25, 22, 22, 48, 49, 43, 12, 19, 42, 51, 56, 19, 23, 8, 56]",62.21255081300803
"[25, 21, 22, 48, 53, 41, 12, 15, 42, 51, 56, 19, 23, 8, 47]",63.14482350948531
"[25, 22, 22, 48, 51, 41, 14, 19, 32, 54, 56, 22, 23, 4, 53]",61.988020663956505
"[25, 22, 25, 48, 50, 43, 20, 17, 42, 51, 59, 19, 23, 8, 53]",62.25965718157158
"[26, 20, 22, 48, 51, 43, 15, 18, 42, 51, 56, 19, 23, 8, 65]",61.524791327913384
"[25, 22, 26, 48, 56, 43, 12, 21, 42, 51, 56, 19, 23, 7, 50]",67.31868157181574
"[25, 19, 22, 48, 55, 43, 12, 15, 41, 51, 56, 19, 23, 8, 45]",69.85699457994578
"[25, 21, 22, 48, 54, 43, 12, 19, 42, 51, 56, 19, 23, 8, 65]",57.260742886178946
"[25, 14, 22, 45, 44, 43, 16, 17, 42, 51, 56, 19, 23, 8, 59]",60.15103523035212
"[25, 22, 22, 48, 47, 42, 12, 21, 42, 51, 56, 19, 23, 8, 65]",58.72862601626029
"[25, 22, 22, 48, 48, 43, 15, 21, 42, 51, 56, 19, 23, 8, 65]",58.780181571815724
"[25, 22, 22, 48, 48, 43, 16, 19, 42, 51, 56, 19, 22, 8, 65]",57.652816734417385
"[25, 20, 22, 48, 49, 42, 15, 21, 42, 51, 56, 19, 23, 8, 65]",55.22216531165318
"[25, 21, 22, 48, 49, 43, 13, 20, 42, 51, 56, 19, 23, 8, 65]",59.504718495934945
"[25, 20, 22, 48, 51, 43, 14, 19, 42, 51, 56, 19, 23, 8, 62]",58.32552201897031
"[27, 20, 22, 48, 51, 43, 15, 20, 42, 51, 56, 19, 22, 8, 63]",54.844352981029736
"[25, 22, 23, 48, 48, 43, 14, 18, 42, 51, 56, 19, 21, 8, 65]",59.32896239837388
"[25, 15, 22, 41, 44, 43, 15, 15, 42, 51, 56, 19, 22, 8, 59]",71.80646883468856
"[25, 21, 22, 48, 56, 43, 13, 16, 42, 51, 56, 19, 23, 6, 65]",58.850744241192366
"[25, 20, 22, 48, 54, 43, 14, 19, 42, 51, 56, 19, 21, 6, 65]",60.31604810298103
"[25, 20, 22, 48, 50, 43, 12, 23, 42, 51, 56, 19, 23, 8, 65]",57.36701558265582
"[25, 19, 22, 48, 52, 40, 13, 16, 39, 51, 56, 19, 23, 8, 54]",66.48303353658527
"[25, 21, 22, 48, 51, 39, 14, 19, 42, 51, 56, 21, 23, 8, 65]",61.028282181572
"[25, 22, 26, 48, 46, 43, 15, 19, 42, 51, 56, 19, 23, 7, 65]",60.96029742547429
"[26, 19, 22, 48, 53, 43, 14, 21, 42, 51, 56, 19, 23, 8, 65]",54.20382147696477
"[25, 22, 23, 48, 55, 43, 12, 23, 42, 51, 56, 19, 23, 6, 64]",59.97950474254737
"[25, 18, 22, 47, 58, 43, 12, 16, 42, 51, 56, 19, 23, 8, 50]",71.49348136856355
"[25, 22, 22, 48, 43, 42, 14, 21, 42, 51, 56, 19, 23, 8, 65]",57.363268631436185
"[25, 22, 22, 44, 45, 43, 20, 15, 42, 51, 56, 19, 23, 8, 63]",59.144741192411885
"[25, 22, 22, 48, 49, 41, 18, 20, 42, 51, 56, 19, 23, 8, 65]",55.08082350948518
"[25, 22, 22, 48, 45, 42, 18, 20, 42, 51, 56, 19, 23, 8, 65]",54.2279241192412
"[25, 22, 22, 48, 48, 43, 18, 21, 42, 51, 56, 19, 21, 8, 65]",53.84028014905131
"[25, 21, 22, 48, 49, 43, 16, 19, 42, 51, 56, 19, 23, 8, 65]",54.185500338753215
"[25, 22, 22, 48, 47, 42, 17, 18, 42, 51, 56, 19, 22, 8, 65]",53.98612635501336
"[25, 22, 22, 48, 46, 43, 16, 18, 42, 51, 56, 19, 23, 8, 65]",54.75472831978335
"[26, 22, 22, 48, 46, 43, 17, 15, 42, 51, 56, 19, 20, 8, 65]",54.16245121951216
"[25, 22, 23, 48, 46, 43, 17, 21, 42, 51, 56, 19, 20, 8, 65]",54.166158536585435
"[25, 15, 22, 45, 47, 43, 16, 17, 42, 51, 56, 19, 20, 8, 65]",60.021124999999934
"[25, 21, 22, 48, 50, 42, 18, 21, 42, 51, 56, 19, 23, 5, 65]",57.450365514905
"[25, 22, 22, 48, 50, 43, 17, 17, 42, 51, 56, 19, 19, 7, 65]",57.88121578590781
"[25, 21, 22, 48, 51, 43, 15, 19, 42, 51, 56, 19, 23, 8, 65]",54.836324186992044
"[25, 18, 22, 48, 48, 40, 16, 18, 38, 51, 56, 19, 22, 7, 65]",60.01372696476968
"[25, 22, 22, 48, 50, 37, 15, 18, 42, 51, 56, 19, 23, 8, 65]",55.09823509485108
"[25, 22, 22, 48, 47, 43, 12, 20, 42, 51, 56, 19, 23, 7, 65]",55.431707317073155
"[27, 21, 22, 48, 51, 43, 14, 22, 42, 51, 56, 19, 23, 8, 65]",55.10884349593505
"[25, 22, 22, 48, 47, 43, 17, 23, 42, 51, 56, 19, 23, 5, 65]",55.67052134146347
"[26, 22, 23, 48, 53, 43, 15, 19, 39, 51, 56, 19, 21, 8, 64]",65.2401693766938
"[25, 22, 23, 48, 42, 40, 19, 21, 42, 51, 56, 19, 23, 8, 65]",53.405720528455134
"[25, 22, 22, 42, 44, 43, 22, 15, 42, 51, 56, 19, 23, 8, 65]",55.44186483739819
"[25, 22, 22, 48, 46, 40, 22, 20, 42, 51, 56, 19, 23, 8, 65]",54.22620867208669
"[25, 22, 23, 48, 44, 41, 21, 20, 42, 51, 56, 19, 21, 8, 65]",55.04798949864493
"[25, 22, 22, 48, 46, 43, 19, 23, 42, 51, 56, 19, 20, 8, 65]",54.43557046070466
"[25, 22, 22, 48, 46, 43, 19, 21, 42, 51, 56, 19, 23, 8, 65]",55.600528794037956
"[25, 22, 24, 48, 44, 41, 21, 19, 42, 51, 56, 19, 17, 8, 65]",53.81843462059642
"[25, 22, 22, 48, 43, 43, 19, 18, 42, 51, 56, 19, 22, 8, 65]",54.31414126016262
"[25, 22, 23, 48, 42, 43, 19, 15, 41, 51, 56, 19, 19, 8, 65]",55.69646138211381
"[25, 22, 23, 48, 45, 41, 20, 24, 42, 51, 56, 19, 19, 8, 65]",51.221653116531115
"[25, 21, 22, 47, 46, 43, 17, 22, 42, 51, 56, 19, 18, 8, 65]",55.77043631436326
"[25, 22, 22, 48, 45, 39, 21, 25, 41, 51, 56, 19, 19, 8, 65]",54.80134959349612
"[27, 22, 22, 48, 43, 43, 20, 16, 42, 51, 56, 19, 18, 8, 65]",60.188245934959404
"[25, 22, 22, 48, 44, 43, 19, 16, 42, 51, 56, 19, 23, 8, 65]",56.51741632791353
"[25, 22, 23, 48, 45, 39, 19, 22, 38, 51, 56, 19, 16, 6, 65]",54.33340481029802
"[25, 22, 24, 48, 48, 40, 16, 19, 42, 51, 56, 19, 23, 8, 65]",53.94742649051467
"[25, 22, 22, 48, 48, 43, 13, 21, 42, 51, 56, 19, 23, 7, 65]",54.1355176151761
"[27, 22, 22, 48, 44, 43, 19, 21, 42, 51, 56, 19, 23, 8, 65]",53.828453590786005
"[25, 22, 22, 48, 42, 43, 20, 22, 42, 51, 56, 19, 19, 8, 65]",54.57126388888895
"[27, 22, 25, 48, 46, 43, 18, 23, 37, 51, 56, 19, 16, 7, 65]",57.89451185636862
"[25, 22, 23, 48, 42, 39, 22, 22, 42, 51, 56, 19, 23, 8, 65]",54.156307588075784
"[25, 22, 22, 43, 43, 43, 19, 26, 42, 51, 56, 19, 19, 8, 65]",55.50152303523036
"[25, 22, 22, 48, 44, 42, 22, 23, 40, 51, 56, 19, 16, 8, 65]",53.71431944444469
"[25, 22, 22, 48, 43, 43, 20, 22, 42, 51, 56, 19, 20, 8, 65]",54.45759112466118
"[25, 22, 22, 48, 42, 43, 22, 23, 42, 51, 56, 19, 19, 8, 65]",54.32717852303511
"[27, 22, 23, 48, 42, 41, 21, 23, 41, 51, 56, 19, 22, 8, 65]",53.96395562330621
"[25, 22, 26, 48, 42, 41, 22, 22, 39, 51, 56, 19, 14, 8, 65]",57.982629403794185
"[25, 22, 22, 48, 42, 43, 22, 23, 42, 51, 56, 19, 17, 8, 65]",54.53803760162606
"[26, 22, 23, 48, 42, 42, 21, 24, 40, 51, 56, 19, 20, 8, 65]",56.15602676151764
"[26, 22, 23, 48, 42, 40, 22, 26, 42, 51, 56, 19, 18, 8, 65]",54.079411246612416
"[25, 22, 22, 47, 42, 43, 21, 26, 40, 51, 56, 19, 18, 8, 65]",59.533897696476814
"[25, 22, 22, 48, 42, 43, 21, 27, 41, 51, 56, 19, 16, 8, 65]",55.44780894308961
"[28, 22, 22, 48, 42, 43, 21, 21, 42, 51, 56, 19, 19, 8, 65]",59.80431402439025
"[25, 22, 22, 48, 42, 42, 22, 21, 40, 51, 56, 19, 23, 8, 65]",54.59611856368562
"[25, 22, 24, 48, 42, 38, 22, 26, 38, 51, 56, 19, 13, 7, 65]",58.390009485094765
"[25, 22, 25, 48, 42, 43, 20, 20, 42, 51, 56, 19, 19, 8, 65]",54.09295833333317
"[25, 22, 22, 48, 42, 43, 22, 22, 42, 51, 56, 19, 20, 8, 65]",55.03166463414599
"[28, 22, 22, 48, 42, 42, 22, 22, 41, 51, 56, 19, 23, 8, 65]",53.29822391598922
"[26, 22, 23, 48, 42, 43, 22, 21, 42, 51, 56, 19, 15, 8, 65]",49.57656233062318
"[29, 22, 26, 48, 42, 43, 20, 25, 39, 51, 56, 19, 16, 7, 65]",57.97526727642263
"[25, 22, 23, 48, 42, 37, 22, 25, 42, 51, 56, 19, 23, 8, 65]",54.71166260162601
"[25, 22, 22, 48, 42, 37, 18, 27, 40, 51, 56, 19, 13, 8, 65]",50.330457317073005
"[25, 22, 23, 48, 42, 38, 22, 27, 35, 51, 56, 19, 13, 8, 65]",50.87907350948519
"[25, 22, 22, 48, 42, 40, 19, 27, 42, 51, 56, 20, 19, 8, 65]",54.90253421409203
"[25, 22, 22, 48, 42, 43, 22, 23, 42, 51, 56, 19, 18, 8, 65]",50.02631707317084
"[28, 22, 25, 48, 42, 36, 22, 27, 34, 51, 57, 19, 17, 8, 65]",52.100757791327744
"[25, 22, 27, 48, 42, 39, 22, 27, 35, 51, 56, 19, 13, 8, 65]",52.22136449864493
"[25, 22, 23, 48, 42, 39, 22, 27, 42, 51, 56, 19, 13, 8, 65]",58.72493733062298
"[26, 22, 23, 48, 42, 37, 22, 27, 35, 51, 56, 19, 13, 8, 65]",53.314014227642375
"[25, 22, 24, 48, 42, 38, 22, 27, 42, 51, 56, 19, 13, 8, 65]",57.715433943089536
"[25, 22, 22, 48, 42, 43, 22, 27, 39, 51, 56, 19, 13, 8, 65]",59.973096544715446
"[25, 22, 22, 48, 42, 43, 22, 27, 38, 51, 56, 19, 16, 8, 65]",61.73988211382116
"[25, 22, 22, 48, 42, 43, 22, 27, 36, 51, 56, 19, 13, 8, 65]",52.97786924119231
"[25, 22, 22, 48, 42, 33, 22, 27, 35, 51, 56, 19, 16, 8, 65]",55.776637195121985
"[25, 22, 24, 48, 42, 35, 22, 27, 36, 51, 56, 19, 13, 8, 65]",48.01191056910566
"[25, 22, 25, 48, 42, 38, 22, 27, 38, 51, 56, 19, 18, 8, 65]",55.55520528455285
"[25, 22, 23, 48, 42, 41, 22, 27, 36, 51, 56, 19, 13, 8, 65]",54.99103150406519
"[25, 22, 22, 48, 42, 37, 22, 26, 36, 51, 56, 21, 16, 8, 65]",55.19963922764211
"[25, 22, 25, 48, 42, 43, 22, 24, 42, 51, 56, 19, 13, 8, 65]",52.145625000000074
"[26, 22, 26, 48, 42, 42, 21, 27, 39, 51, 56, 19, 13, 7, 65]",60.803772696476784
"[25, 22, 27, 48, 42, 41, 22, 27, 42, 51, 57, 20, 13, 8, 65]",53.94796138211378
"[25, 22, 22, 48, 42, 36, 22, 27, 39, 51, 56, 19, 13, 8, 65]",55.48578150406514
"[25, 22, 29, 48, 42, 37, 22, 27, 32, 51, 56, 19, 13, 8, 65]",56.835706639566325
"[25, 22, 28, 48, 42, 42, 22, 27, 38, 51, 56, 21, 17, 8, 65]",56.31720155826551
"[25, 22, 26, 48, 42, 43, 22, 27, 42, 51, 56, 19, 13, 8, 65]",58.72493733062298
"[25, 22, 27, 48, 42, 34, 22, 27, 30, 51, 59, 19, 13, 8, 65]",61.37313516260152
"[25, 22, 28, 48, 42, 37, 22, 27, 32, 51, 56, 19, 13, 8, 65]",46.749598915989154
"[25, 22, 26, 46, 42, 43, 22, 27, 39, 51, 56, 19, 13, 8, 65]",55.0012107046071
"[25, 22, 26, 45, 42, 38, 22, 27, 32, 51, 56, 20, 13, 8, 65]",54.67712872628736
"[25, 22, 25, 48, 42, 39, 22, 27, 42, 51, 56, 19, 13, 8, 65]",50.633422425474365
"[25, 22, 22, 47, 42, 40, 22, 27, 35, 51, 56, 19, 13, 8, 65]",54.534076897018856
"[25, 22, 25, 48, 42, 41, 22, 27, 41, 51, 56, 19, 17, 8, 65]",55.646644647696625
"[25, 22, 23, 48, 42, 42, 22, 27, 32, 51, 56, 19, 13, 8, 65]",58.622591463414636
"[25, 22, 22, 48, 42, 29, 22, 27, 34, 51, 56, 20, 13, 8, 65]",58.92769918699183
"[25, 22, 28, 48, 42, 38, 22, 27, 34, 51, 56, 19, 13, 8, 65]",57.34665142276456
"[25, 22, 25, 48, 42, 36, 22, 27, 36, 51, 56, 19, 14, 8, 65]",59.244674796748036
"[25, 22, 28, 48, 42, 39, 22, 27, 31, 51, 56, 19, 13, 8, 65]",50.196828590785906
"[25, 22, 24, 48, 42, 40, 22, 27, 34, 51, 58, 21, 13, 8, 65]",61.7821514227642
"[25, 22, 27, 48, 42, 43, 22, 27, 42, 54, 56, 19, 13, 8, 65]",57.80311585365854
"[25, 22, 27, 48, 43, 38, 22, 27, 35, 51, 56, 19, 13, 8, 65]",49.862063346883495
"[25, 22, 27, 47, 42, 43, 22, 27, 41, 51, 59, 20, 13, 8, 65]",60.87831707317087
"[25, 22, 22, 46, 42, 35, 22, 27, 32, 51, 56, 19, 13, 8, 65]",53.93726050135488
"[25, 22, 31, 48, 42, 38, 22, 27, 34, 51, 56, 19, 13, 8, 65]",59.06863651761503
"[25, 22, 29, 48, 42, 43, 22, 27, 40, 51, 56, 20, 17, 8, 65]",58.61173475609787
"[25, 22, 26, 48, 42, 41, 22, 27, 42, 51, 56, 19, 13, 8, 65]",61.99510298102982
"[25, 22, 27, 48, 42, 36, 21, 27, 32, 51, 57, 19, 13, 8, 65]",62.517160907859015
"[25, 22, 27, 48, 42, 37, 22, 27, 33, 51, 56, 19, 13, 8, 65]",54.70837330623287
"[25, 22, 28, 44, 42, 43, 22, 27, 36, 52, 56, 19, 13, 8, 65]",57.507112466124745
"[25, 22, 28, 45, 42, 39, 22, 27, 36, 51, 56, 19, 13, 7, 65]",57.4725223577233
"[25, 22, 27, 48, 42, 41, 22, 27, 38, 51, 56, 19, 13, 8, 65]",60.350767615176416
"[25, 22, 22, 44, 42, 38, 22, 27, 33, 53, 56, 19, 13, 8, 65]",53.57930623306228
"[25, 22, 27, 48, 42, 39, 22, 27, 38, 55, 56, 19, 13, 8, 65]",58.97992547425471
"[25, 22, 29, 48, 42, 40, 22, 27, 37, 51, 56, 19, 13, 8, 65]",53.21195189701887
"[25, 22, 28, 48, 42, 38, 22, 27, 36, 51, 56, 20, 13, 8, 65]",55.43733976964776
"[25, 22, 29, 48, 42, 40, 22, 27, 35, 51, 56, 19, 13, 8, 65]",57.852408875338675
"[25, 22, 26, 48, 45, 39, 22, 27, 38, 51, 56, 19, 17, 8, 65]",62.37144207317052
"[25, 22, 31, 48, 42, 36, 22, 27, 33, 51, 56, 19, 13, 8, 65]",49.863286246612276
"[26, 22, 26, 48, 42, 41, 22, 27, 37, 51, 58, 19, 16, 8, 65]",61.85438380758811
"[25, 22, 26, 48, 42, 43, 22, 27, 42, 55, 56, 19, 13, 8, 65]",54.268189701896745
"[25, 22, 28, 48, 43, 36, 22, 27, 33, 51, 56, 19, 13, 8, 65]",46.749598915989154
"[25, 22, 24, 47, 42, 43, 22, 27, 42, 59, 58, 20, 19, 8, 65]",57.75568258807573
"[25, 22, 22, 45, 42, 38, 22, 27, 33, 51, 56, 19, 13, 8, 65]",54.51929776422772
"[25, 22, 26, 48, 42, 39, 22, 27, 38, 51, 56, 19, 13, 8, 65]",58.39798407859095
"[25, 22, 29, 48, 43, 43, 21, 26, 42, 51, 56, 19, 18, 8, 65]",62.39468021680227
"[25, 22, 28, 48, 42, 39, 22, 27, 42, 51, 56, 19, 13, 8, 65]",49.872778794038005
"[27, 22, 26, 48, 42, 38, 21, 27, 38, 51, 56, 19, 13, 8, 65]",56.790448848238725
"[25, 22, 26, 48, 42, 38, 22, 27, 33, 51, 56, 19, 13, 8, 65]",47.235410230352315
"[25, 22, 27, 46, 42, 43, 22, 27, 37, 55, 56, 19, 14, 8, 65]",56.19360467479691
"[25, 22, 30, 46, 42, 39, 22, 27, 38, 51, 56, 19, 13, 7, 65]",48.980523373983814
"[25, 22, 27, 48, 42, 43, 22, 27, 36, 51, 56, 19, 13, 8, 65]",53.32741802168035
"[25, 22, 23, 41, 42, 38, 22, 27, 32, 56, 56, 19, 13, 8, 65]",56.53946612466112
"[25, 22, 27, 48, 42, 38, 22, 27, 34, 54, 56, 19, 13, 8, 65]",53.12204945799454
"[25, 22, 26, 48, 42, 40, 22, 27, 41, 51, 56, 19, 13, 8, 65]",55.59544376693778
"[25, 22, 32, 48, 42, 43, 21, 27, 35, 51, 56, 20, 13, 8, 65]",54.58040447154475
"[25, 22, 26, 48, 42, 38, 22, 27, 37, 51, 56, 19, 13, 7, 65]",50.61033197831983
"[25, 22, 26, 48, 49, 43, 20, 26, 39, 51, 56, 19, 19, 8, 65]",58.30934688346897
"[25, 22, 32, 48, 42, 35, 22, 27, 35, 51, 56, 19, 13, 8, 65]",57.71527913279126
"[27, 22, 26, 47, 42, 43, 22, 27, 41, 51, 56, 19, 18, 8, 65]",61.24664939024383
"[25, 22, 25, 48, 42, 43, 22, 27, 42, 58, 56, 19, 13, 8, 65]",50.93935433604337
"[25, 22, 27, 48, 43, 37, 22, 27, 33, 51, 56, 19, 13, 8, 65]",57.04626490514906
"[25, 22, 22, 47, 42, 41, 22, 24, 41, 62, 56, 19, 22, 8, 65]",55.951802845528256
"[25, 22, 23, 46, 42, 40, 19, 27, 42, 51, 56, 19, 13, 8, 65]",56.41276084010862
"[25, 22, 23, 48, 42, 39, 22, 27, 40, 51, 56, 19, 13, 8, 65]",58.45880962059633
"[25, 22, 26, 48, 44, 43, 22, 26, 42, 58, 56, 19, 18, 8, 65]",59.70328523035252
"[25, 22, 28, 48, 42, 37, 22, 27, 42, 52, 56, 19, 13, 8, 65]",56.6960135501354
"[28, 22, 25, 48, 42, 39, 22, 27, 38, 51, 56, 19, 13, 8, 65]",52.202218834688225
"[25, 22, 26, 48, 42, 39, 22, 27, 32, 51, 56, 19, 13, 7, 65]",55.54279065040632
"[25, 22, 27, 47, 42, 41, 22, 27, 36, 55, 56, 19, 14, 8, 65]",52.866919715447196
"[25, 22, 26, 48, 42, 39, 22, 27, 40, 51, 56, 19, 13, 8, 65]",51.909213753387604
"[25, 22, 27, 48, 42, 40, 22, 27, 37, 51, 56, 19, 13, 8, 65]",55.12307215447168
"[25, 22, 26, 45, 42, 40, 22, 27, 38, 58, 56, 19, 13, 8, 65]",54.655336382113894
"[25, 22, 27, 48, 42, 41, 22, 27, 34, 52, 56, 19, 13, 8, 65]",57.23204539295391
"[25, 22, 22, 48, 42, 41, 22, 27, 39, 54, 56, 19, 13, 8, 65]",57.19634349593488
"[25, 22, 32, 48, 42, 42, 22, 27, 36, 51, 56, 19, 13, 8, 65]",62.334710704607055
"[25, 22, 24, 48, 42, 36, 22, 27, 37, 51, 56, 19, 13, 8, 65]",46.898450542005456
"[25, 22, 25, 48, 50, 43, 20, 23, 38, 51, 56, 19, 15, 8, 65]",56.12340752032521
"[25, 22, 29, 48, 42, 34, 22, 27, 35, 51, 56, 19, 13, 8, 65]",57.93612466124686
"[27, 22, 26, 47, 42, 40, 22, 27, 39, 52, 56, 19, 17, 8, 65]",57.16798915989162
"[26, 22, 24, 48, 42, 43, 22, 27, 42, 58, 56, 19, 13, 8, 65]",55.98534891598912
"[25, 22, 27, 48, 43, 37, 22, 27, 34, 51, 56, 19, 13, 8, 65]",47.235410230352315
"[25, 22, 26, 45, 42, 41, 22, 21, 40, 56, 56, 20, 18, 8, 65]",53.17338821138229
"[25, 21, 25, 46, 42, 40, 21, 27, 42, 51, 56, 19, 13, 8, 65]",49.812985772357685
"[25, 22, 25, 48, 42, 39, 22, 27, 40, 51, 56, 19, 13, 7, 65]",58.8387242547427
"[25, 22, 22, 48, 43, 43, 22, 26, 42, 61, 56, 19, 20, 8, 65]",58.3288990514905
"[25, 22, 27, 48, 42, 38, 22, 27, 39, 56, 56, 19, 13, 8, 65]",61.17281808943097
"[27, 22, 27, 48, 42, 39, 22, 27, 36, 51, 56, 19, 13, 8, 65]",62.07767310298093
"[25, 22, 27, 48, 42, 39, 22, 27, 34, 51, 56, 19, 13, 8, 65]",51.2536111111111
"[25, 22, 26, 47, 42, 42, 22, 27, 37, 57, 56, 19, 13, 8, 65]",55.30827540650405
"[25, 22, 27, 48, 42, 41, 22, 27, 37, 51, 56, 19, 13, 8, 65]",49.55208197831995
"[25, 22, 27, 48, 42, 37, 22, 27, 36, 51, 56, 19, 13, 8, 65]",49.39601490514902
"[25, 22, 25, 47, 42, 43, 22, 27, 40, 53, 56, 19, 13, 8, 65]",56.795008130081285
"[25, 22, 27, 48, 42, 42, 22, 27, 34, 51, 56, 19, 13, 8, 65]",60.297136517615236
"[25, 22, 22, 48, 42, 43, 22, 27, 36, 56, 56, 19, 13, 8, 65]",57.26361856368579
"[25, 22, 27, 48, 42, 38, 22, 27, 36, 51, 56, 19, 13, 8, 65]",53.3553262195119
"[25, 22, 24, 48, 42, 36, 22, 27, 36, 51, 56, 19, 13, 8, 65]",53.50560602981045
"[25, 22, 28, 48, 44, 41, 20, 24, 39, 51, 56, 19, 13, 8, 65]",55.36703285907866
"[25, 22, 27, 48, 44, 40, 22, 27, 35, 51, 56, 19, 13, 8, 65]",58.95527032520335
"[25, 22, 25, 48, 42, 38, 22, 26, 37, 56, 56, 19, 19, 8, 65]",56.51811653116531
"[26, 22, 25, 48, 42, 43, 22, 27, 41, 56, 56, 19, 13, 8, 65]",52.45075711382096
"[25, 22, 27, 48, 43, 39, 21, 27, 35, 51, 56, 19, 13, 8, 65]",47.235410230352315
"[25, 22, 29, 43, 42, 42, 22, 26, 38, 51, 59, 22, 13, 8, 65]",59.11003150406493
"[25, 21, 28, 46, 42, 40, 22, 27, 39, 51, 56, 19, 13, 8, 65]",50.58331063685618
"[25, 22, 28, 48, 42, 38, 22, 27, 35, 51, 56, 19, 13, 8, 65]",50.48880216802189
"[25, 22, 23, 48, 43, 43, 22, 27, 42, 56, 56, 19, 21, 8, 65]",54.39526219512212
"[25, 22, 27, 48, 42, 43, 22, 27, 34, 55, 56, 19, 13, 8, 65]",51.953455962059564
"[25, 22, 28, 48, 43, 38, 22, 27, 34, 51, 56, 19, 13, 8, 65]",56.68403658536587
"[25, 22, 28, 48, 42, 38, 22, 27, 37, 51, 56, 19, 13, 8, 65]",59.813816734417365
"[25, 22, 26, 47, 42, 43, 22, 27, 39, 56, 56, 19, 13, 8, 65]",59.450045392954074
"[25, 22, 31, 47, 42, 43, 22, 27, 36, 53, 56, 19, 13, 6, 65]",49.421257452574395
"[25, 22, 27, 48, 42, 37, 22, 27, 35, 53, 56, 19, 13, 8, 65]",50.3576991869918
"[25, 22, 23, 45, 42, 43, 22, 27, 36, 51, 56, 19, 13, 8, 65]",60.1361300813009
"[25, 22, 27, 48, 42, 40, 22, 27, 37, 53, 56, 19, 13, 8, 65]",54.8770518292682
"[25, 22, 23, 46, 42, 43, 22, 27, 34, 56, 56, 19, 13, 8, 65]",52.44893665311672
"[25, 22, 24, 48, 42, 36, 22, 27, 36, 51, 56, 19, 13, 8, 65]",54.75407960704627
"[25, 22, 29, 48, 42, 40, 22, 27, 34, 51, 56, 19, 13, 8, 65]",55.913903794037914
"[25, 22, 31, 48, 42, 37, 22, 26, 37, 51, 56, 19, 13, 8, 65]",48.53461788617876
"[25, 22, 26, 48, 44, 42, 22, 27, 34, 51, 56, 19, 13, 8, 65]",55.760675474254846
"[25, 22, 24, 48, 42, 43, 22, 26, 39, 58, 58, 20, 17, 8, 65]",54.953852981029826
"[25, 22, 28, 48, 42, 43, 22, 27, 37, 56, 56, 19, 13, 8, 65]",60.56722459349575
"[25, 22, 27, 48, 43, 39, 20, 27, 35, 51, 56, 19, 13, 7, 65]",54.548311653116585
"[25, 22, 30, 44, 42, 43, 22, 27, 37, 51, 56, 24, 13, 8, 65]",66.05877201897042
"[25, 22, 30, 46, 42, 41, 22, 27, 38, 55, 56, 19, 13, 7, 65]",50.90536754742566
"[25, 22, 29, 48, 42, 39, 22, 27, 32, 51, 56, 19, 13, 8, 65]",51.074752371273824
"[25, 22, 23, 48, 42, 43, 22, 27, 42, 54, 56, 20, 20, 8, 65]",54.717249999999915
"[25, 22, 27, 48, 42, 43, 22, 27, 41, 53, 56, 19, 13, 8, 65]",59.23082181571795
"[25, 22, 25, 48, 43, 38, 22, 27, 34, 51, 56, 19, 17, 8, 65]",55.87785365853655
"[25, 22, 27, 48, 42, 38, 22, 27, 36, 51, 56, 19, 13, 7, 65]",59.09478353658536
"[25, 22, 26, 47, 42, 41, 22, 27, 38, 54, 56, 19, 13, 8, 65]",50.012939701897096
"[25, 22, 31, 47, 42, 42, 22, 27, 35, 53, 56, 19, 13, 7, 65]",48.83989024390239
"[25, 22, 27, 48, 42, 38, 22, 27, 35, 51, 56, 19, 13, 8, 65]",55.01111653116533
"[25, 21, 24, 41, 42, 41, 22, 27, 34, 54, 56, 19, 13, 8, 65]",55.75819071815721
"[25, 22, 27, 48, 42, 39, 22, 27, 37, 54, 56, 19, 13, 8, 65]",54.75407960704627
"[25, 22, 25, 46, 42, 43, 22, 27, 33, 51, 56, 19, 13, 8, 65]",51.50792208672073
"[25, 22, 27, 48, 42, 36, 22, 27, 35, 51, 56, 19, 13, 8, 65]",55.913903794037914
"[25, 22, 29, 47, 42, 42, 22, 27, 36, 51, 56, 19, 13, 8, 65]",49.32095426829272
"[27, 22, 28, 48, 42, 34, 22, 27, 35, 51, 56, 19, 13, 8, 65]",54.913296409214176
"[25, 22, 29, 48, 42, 39, 22, 27, 32, 51, 56, 19, 13, 8, 65]",59.44341802168036
"[27, 22, 26, 45, 42, 43, 22, 27, 40, 56, 58, 21, 17, 8, 65]",62.308629742547346
"[25, 22, 27, 48, 42, 43, 22, 27, 38, 56, 56, 19, 14, 7, 65]",62.573955284553
"[25, 22, 28, 48, 43, 37, 22, 27, 34, 51, 56, 19, 13, 7, 65]",53.43388990514903
"[25, 22, 27, 45, 42, 43, 22, 27, 40, 59, 56, 19, 13, 8, 65]",65.98259654471556
"[25, 22, 31, 45, 42, 41, 22, 27, 37, 56, 56, 19, 13, 6, 65]",44.66595901084026
"[25, 22, 31, 45, 42, 40, 22, 27, 36, 51, 56, 19, 13, 8, 65]",51.43934925474247
"[25, 22, 25, 48, 42, 43, 22, 27, 39, 55, 56, 20, 14, 8, 65]",54.113001693766925
"[25, 22, 29, 47, 42, 43, 22, 27, 42, 53, 56, 19, 13, 6, 65]",56.51701693766907
"[25, 22, 26, 47, 42, 38, 22, 27, 38, 51, 57, 19, 19, 7, 65]",53.28763719512203
"[25, 22, 30, 48, 42, 39, 22, 27, 35, 51, 56, 19, 13, 7, 65]",50.04197391598925
"[25, 22, 31, 45, 42, 40, 22, 27, 38, 53, 56, 19, 13, 8, 65]",49.42006097560961
"[26, 22, 31, 47, 42, 38, 22, 27, 35, 54, 56, 19, 13, 8, 65]",46.10302777777793
"[25, 22, 31, 45, 42, 38, 22, 27, 35, 51, 56, 19, 13, 8, 65]",46.749598915989154
"[25, 20, 25, 41, 42, 37, 22, 27, 34, 55, 56, 19, 13, 7, 65]",57.00727777777787
"[25, 22, 31, 48, 42, 39, 22, 27, 36, 57, 56, 19, 13, 8, 65]",53.90216192411904
"[25, 22, 32, 42, 42, 37, 22, 27, 33, 51, 56, 19, 13, 8, 65]",61.41387737127343
"[25, 22, 32, 45, 42, 41, 21, 27, 36, 51, 56, 19, 13, 8, 65]",58.504575542005306
"[25, 22, 27, 46, 42, 40, 22, 27, 38, 51, 56, 19, 13, 7, 65]",56.47612499999982
"[28, 22, 28, 48, 42, 33, 22, 27, 35, 51, 56, 19, 13, 8, 65]",48.01811957994579
"[25, 22, 32, 48, 42, 36, 22, 27, 35, 51, 56, 19, 13, 7, 65]",51.43934925474247
"[28, 22, 30, 42, 42, 43, 22, 27, 42, 56, 58, 19, 15, 8, 65]",62.37685027100264
"[25, 22, 26, 45, 42, 43, 22, 27, 42, 56, 56, 19, 14, 6, 65]",54.3976876693765
"[25, 22, 31, 48, 42, 37, 21, 27, 34, 51, 56, 19, 13, 7, 65]",58.1034681571816
"[25, 22, 26, 46, 42, 43, 22, 27, 42, 63, 56, 19, 15, 8, 65]",55.15893665311628
"[25, 22, 31, 44, 42, 43, 22, 27, 38, 56, 56, 19, 13, 6, 65]",47.31572662601614
"[25, 22, 30, 44, 42, 39, 20, 27, 41, 51, 56, 19, 13, 7, 65]",58.64245968834663
"[25, 22, 32, 47, 42, 42, 22, 27, 37, 56, 58, 19, 13, 8, 65]",52.52071273712728
"[25, 22, 32, 46, 42, 42, 22, 27, 42, 58, 56, 19, 13, 4, 65]",58.57735907859081
"[27, 22, 31, 45, 42, 36, 22, 26, 38, 51, 57, 19, 13, 7, 65]",59.565081978320045
"[25, 22, 32, 48, 42, 39, 22, 27, 34, 51, 56, 19, 13, 7, 64]",48.95551964769656
"[25, 22, 32, 42, 42, 42, 22, 27, 38, 57, 56, 19, 13, 8, 65]",58.15542920054186
"[27, 22, 30, 47, 42, 36, 22, 27, 38, 54, 56, 19, 13, 8, 65]",52.25915785907858
"[25, 22, 32, 43, 42, 39, 22, 27, 35, 51, 56, 19, 13, 7, 65]",47.06231876693762
"[25, 21, 32, 42, 42, 36, 22, 27, 37, 52, 56, 19, 13, 7, 65]",46.51776558265608
"[25, 22, 32, 48, 42, 40, 22, 27, 37, 55, 56, 19, 13, 8, 65]",53.10440108401094
"[25, 22, 32, 41, 42, 34, 22, 27, 37, 51, 56, 19, 13, 7, 65]",50.9449894986451
"[25, 22, 29, 45, 42, 41, 21, 27, 39, 51, 56, 19, 13, 5, 65]",58.246876355013605
"[25, 22, 27, 47, 42, 37, 22, 27, 40, 55, 56, 19, 13, 7, 65]",53.195285569105636
"[27, 22, 28, 48, 42, 36, 22, 27, 35, 51, 56, 19, 13, 8, 65]",57.601560636856355
"[25, 22, 32, 48, 42, 36, 22, 27, 39, 51, 56, 19, 13, 6, 65]",45.489570121951225
"[29, 22, 28, 45, 42, 43, 22, 27, 42, 56, 57, 19, 19, 8, 65]",63.43200677506797
"[25, 22, 28, 43, 42, 43, 22, 27, 42, 56, 56, 19, 14, 6, 65]",49.009852981029724
"[25, 22, 31, 48, 42, 38, 20, 27, 35, 51, 56, 19, 13, 8, 65]",50.523637195122014
"[25, 22, 31, 43, 42, 42, 22, 27, 42, 63, 56, 19, 15, 8, 65]",60.252764227642224
"[25, 22, 31, 46, 42, 43, 22, 27, 42, 55, 56, 19, 13, 7, 65]",47.872796070460716
"[25, 22, 30, 45, 42, 37, 18, 27, 41, 54, 56, 19, 13, 7, 65]",50.45336585365877
"[25, 22, 32, 44, 42, 41, 22, 27, 38, 60, 58, 19, 13, 8, 65]",61.90055182926857
"[25, 22, 32, 45, 42, 41, 22, 27, 42, 59, 56, 19, 13, 4, 65]",44.96963109756075
"[27, 22, 32, 44, 42, 37, 22, 25, 38, 51, 57, 20, 13, 8, 65]",46.55936686991863
"[25, 22, 31, 47, 42, 39, 22, 27, 35, 51, 56, 19, 13, 8, 65]",61.925279810298115
"[25, 22, 32, 42, 42, 42, 22, 27, 39, 60, 56, 19, 13, 6, 65]",54.35689126016268
"[26, 22, 31, 46, 42, 35, 22, 27, 38, 53, 56, 19, 13, 8, 65]",52.410793360433566
"[25, 22, 32, 45, 42, 41, 22, 27, 36, 52, 56, 19, 13, 6, 65]",47.4532815040651
"[25, 21, 32, 41, 42, 40, 22, 27, 39, 52, 56, 19, 13, 6, 65]",54.055131775067736
"[25, 22, 32, 48, 42, 42, 22, 27, 40, 56, 56, 19, 13, 8, 65]",60.307724593495884
"[25, 22, 32, 43, 42, 38, 22, 27, 38, 51, 56, 19, 13, 7, 65]",49.46707418699178
"[25, 22, 28, 46, 42, 39, 20, 27, 40, 51, 56, 19, 13, 3, 65]",49.56327743902428
"[25, 22, 26, 45, 42, 40, 22, 27, 39, 55, 56, 19, 13, 8, 65]",52.619737804878014
"[25, 22, 31, 47, 42, 39, 22, 27, 36, 51, 56, 19, 13, 7, 65]",57.378739498644904
"[25, 22, 32, 47, 42, 37, 22, 27, 41, 51, 56, 19, 13, 7, 65]",52.79875880758809
"[29, 22, 28, 48, 42, 43, 22, 27, 42, 55, 56, 19, 23, 8, 65]",55.742478997289865
"[25, 22, 30, 43, 42, 43, 22, 27, 42, 61, 56, 19, 14, 7, 65]",49.55842107046062
"[26, 22, 30, 48, 42, 39, 21, 27, 36, 51, 56, 19, 13, 7, 65]",52.343763888888944
"[25, 22, 32, 42, 42, 41, 22, 27, 40, 58, 56, 19, 15, 8, 65]",49.366090785908064
"[25, 22, 31, 47, 42, 40, 22, 27, 41, 58, 56, 19, 13, 7, 64]",58.25680487804886
"[25, 22, 30, 45, 42, 38, 20, 27, 42, 57, 56, 19, 13, 7, 65]",53.24737737127384
"[25, 22, 32, 47, 42, 43, 22, 27, 39, 56, 57, 19, 13, 8, 65]",56.6496385501356
"[25, 22, 30, 44, 42, 43, 22, 27, 42, 60, 56, 19, 13, 4, 65]",46.833266260162596
"[26, 22, 31, 47, 42, 39, 21, 26, 35, 53, 56, 19, 13, 8, 65]",60.97160467479678
"[25, 22, 29, 46, 42, 39, 22, 27, 36, 53, 56, 19, 13, 7, 65]",57.66827168021682
"[25, 22, 30, 46, 42, 40, 22, 27, 39, 56, 56, 19, 13, 5, 65]",47.692256097560964
"[26, 22, 31, 46, 42, 43, 22, 27, 36, 53, 56, 19, 13, 7, 65]",58.08126964769627
"[25, 22, 31, 47, 42, 39, 22, 27, 37, 53, 56, 19, 13, 6, 65]",49.09108265582652
"[25, 22, 32, 45, 42, 41, 22, 27, 38, 53, 56, 19, 13, 7, 65]",53.404562669376624
"[25, 22, 31, 47, 42, 40, 22, 27, 39, 54, 56, 19, 13, 8, 65]",51.89130250677523
"[25, 22, 31, 48, 42, 42, 21, 27, 37, 52, 56, 19, 13, 7, 65]",49.50201659891588
"[25, 22, 28, 46, 42, 37, 19, 27, 40, 51, 56, 19, 13, 8, 65]",45.49834247967498
"[25, 22, 26, 43, 42, 42, 22, 27, 37, 54, 56, 19, 13, 8, 65]",47.89953387533863
"[25, 22, 32, 46, 42, 40, 20, 26, 37, 51, 56, 19, 13, 7, 65]",47.44418292682942
"[26, 22, 32, 46, 42, 40, 22, 27, 38, 51, 56, 19, 13, 7, 65]",57.050043360433705
"[25, 22, 29, 48, 42, 43, 22, 27, 42, 56, 56, 19, 23, 8, 65]",55.35029640921411
"[25, 22, 29, 43, 42, 43, 22, 27, 42, 61, 56, 19, 14, 8, 65]",56.378083333333336
"[26, 22, 29, 48, 42, 38, 21, 27, 35, 51, 56, 19, 13, 7, 65]",47.55515514905147
"[25, 22, 32, 42, 42, 42, 22, 27, 38, 59, 56, 19, 14, 8, 65]",61.0717201897021
"[25, 22, 31, 44, 42, 39, 22, 27, 38, 58, 56, 19, 13, 6, 64]",48.27046646341477
"[25, 22, 30, 46, 42, 39, 22, 27, 40, 54, 56, 19, 13, 7, 65]",46.04494749322513
"[25, 22, 32, 48, 42, 43, 22, 27, 41, 54, 56, 19, 13, 8, 65]",52.66350101625975
"[25, 22, 30, 46, 42, 43, 22, 27, 41, 65, 56, 19, 13, 5, 63]",45.38019512195132
"[26, 22, 30, 47, 42, 40, 22, 27, 35, 53, 56, 19, 13, 6, 65]",47.33398136856369
"[25, 22, 28, 46, 42, 39, 22, 27, 35, 54, 56, 19, 13, 6, 65]",50.65526829268279
"[25, 22, 28, 48, 42, 42, 22, 27, 42, 53, 56, 19, 13, 5, 65]",50.92914295392939
"[26, 22, 30, 47, 42, 43, 22, 27, 37, 57, 56, 19, 13, 6, 65]",50.50275711382118
"[25, 22, 29, 47, 42, 39, 22, 27, 39, 54, 56, 19, 13, 7, 65]",50.74609485094843
"[25, 21, 32, 47, 42, 40, 22, 27, 37, 56, 56, 19, 13, 8, 65]",52.161850271002706
"[26, 22, 31, 47, 42, 39, 22, 27, 38, 60, 56, 19, 13, 7, 65]",59.30045257452585
"[25, 22, 29, 48, 42, 43, 20, 27, 36, 53, 56, 19, 13, 7, 65]",48.51309993224928
"[25, 22, 28, 45, 42, 37, 19, 27, 37, 51, 56, 19, 13, 8, 65]",59.82837703252038
"[25, 22, 28, 44, 42, 40, 22, 27, 37, 53, 56, 19, 13, 7, 65]",59.50263617886174
"[26, 22, 32, 45, 42, 42, 18, 25, 38, 51, 56, 19, 13, 6, 65]",49.37678794037944
"[27, 22, 32, 45, 42, 41, 20, 27, 35, 53, 56, 19, 13, 7, 65]",45.09325982384842
"[25, 22, 29, 47, 42, 43, 22, 27, 42, 57, 57, 19, 13, 8, 65]",55.79339803523041
"[25, 22, 27, 45, 42, 43, 22, 27, 42, 62, 56, 19, 14, 7, 65]",60.08381300813012
"[26, 22, 30, 47, 43, 38, 22, 27, 34, 51, 56, 19, 13, 7, 65]",47.78678319783205
"[25, 22, 31, 43, 42, 43, 22, 27, 38, 56, 57, 19, 14, 8, 65]",49.90862669376691
"[25, 22, 30, 42, 42, 43, 22, 27, 36, 59, 56, 19, 13, 5, 65]",59.76175304878032
"[25, 22, 30, 47, 42, 42, 22, 27, 39, 55, 56, 19, 13, 7, 65]",48.78771476964757
"[27, 22, 31, 46, 42, 43, 22, 27, 39, 59, 56, 19, 13, 8, 65]",58.53751355013548
"[25, 22, 31, 46, 42, 43, 22, 27, 42, 61, 56, 19, 13, 6, 61]",56.791385162601586
"[27, 22, 31, 44, 42, 40, 22, 27, 37, 52, 56, 19, 13, 6, 65]",50.44169715447162
"[25, 22, 28, 47, 42, 39, 21, 27, 33, 53, 56, 19, 13, 6, 65]",49.47026219512208
"[25, 22, 28, 47, 42, 43, 22, 27, 39, 60, 56, 19, 13, 8, 65]",49.85172696476966
"[26, 22, 30, 47, 42, 41, 22, 27, 39, 59, 56, 19, 13, 6, 65]",48.42222899728982
"[26, 22, 29, 44, 42, 41, 22, 27, 39, 54, 56, 19, 13, 8, 65]",55.2529278455286
"[25, 22, 31, 48, 42, 39, 22, 27, 39, 57, 56, 19, 13, 7, 65]",60.831105691057004
"[27, 22, 30, 46, 42, 37, 22, 27, 37, 61, 56, 19, 13, 6, 65]",49.89575677506799
"[26, 22, 30, 48, 42, 43, 20, 27, 38, 57, 56, 19, 13, 7, 65]",53.74296239837392
"[25, 22, 29, 44, 42, 39, 21, 27, 37, 51, 56, 19, 13, 8, 65]",58.151548441734356
"[25, 22, 26, 46, 42, 38, 22, 27, 38, 55, 56, 19, 13, 6, 64]",52.3366890243904
"[27, 22, 30, 45, 42, 42, 18, 27, 35, 51, 56, 19, 13, 6, 65]",48.78044884823854
"[26, 22, 32, 45, 42, 39, 19, 27, 34, 56, 56, 19, 13, 7, 65]",53.51791598915981
"[25, 22, 31, 46, 42, 43, 22, 27, 39, 57, 59, 20, 13, 8, 65]",48.98604640921399
"[25, 22, 27, 44, 42, 43, 22, 27, 42, 61, 56, 19, 13, 6, 65]",56.53929640921383
"[25, 22, 30, 46, 43, 37, 21, 27, 34, 52, 56, 19, 13, 8, 64]",56.79762838753389
"[25, 22, 31, 44, 42, 43, 22, 27, 39, 59, 57, 19, 14, 8, 65]",61.97246070460714
"[25, 22, 30, 46, 42, 43, 22, 27, 34, 53, 56, 19, 13, 6, 65]",52.45495460704606
"[25, 22, 30, 46, 42, 43, 22, 27, 38, 56, 56, 19, 13, 6, 65]",49.374465447154506
"[27, 22, 30, 46, 42, 43, 22, 27, 38, 59, 56, 19, 13, 7, 65]",60.48237635501371
"[25, 22, 31, 46, 42, 43, 22, 27, 42, 58, 56, 19, 13, 4, 63]",63.5544918699189
"[25, 22, 32, 43, 42, 40, 22, 27, 41, 53, 56, 20, 13, 6, 65]",47.15620121951229
"[25, 22, 29, 46, 42, 37, 21, 27, 32, 51, 56, 19, 13, 8, 65]",49.38266023035242
"[25, 22, 32, 46, 42, 43, 22, 27, 38, 63, 56, 19, 13, 7, 65]",54.276912601626044
"[26, 22, 30, 46, 42, 38, 22, 27, 40, 57, 56, 19, 13, 8, 64]",51.763447154471656
"[26, 22, 31, 43, 42, 43, 22, 27, 37, 54, 56, 19, 13, 7, 65]",58.52700338753401
"[25, 22, 30, 45, 42, 37, 22, 27, 39, 56, 56, 19, 13, 7, 65]",44.818927168021666
"[28, 22, 30, 45, 42, 38, 22, 27, 37, 64, 56, 19, 13, 6, 65]",50.70990853658553
"[25, 22, 31, 48, 42, 40, 20, 27, 37, 56, 56, 19, 13, 8, 65]",45.19478489159883
"[25, 22, 30, 45, 42, 40, 22, 27, 38, 53, 56, 19, 13, 8, 65]",50.06444173441761
"[25, 22, 31, 46, 42, 38, 22, 27, 38, 56, 56, 19, 13, 8, 63]",49.407732723577304
"[28, 22, 28, 45, 42, 39, 21, 27, 33, 52, 56, 19, 13, 7, 65]",44.82126287262861
"[25, 22, 32, 46, 42, 38, 21, 26, 38, 56, 56, 19, 13, 7, 65]",48.713797086720604
"[25, 22, 31, 45, 42, 43, 22, 27, 41, 57, 58, 19, 13, 8, 65]",55.90325677506759
"[25, 22, 31, 43, 42, 43, 22, 27, 42, 56, 56, 19, 13, 6, 65]",47.75220223577223
"[25, 22, 29, 45, 43, 38, 19, 27, 38, 52, 56, 19, 13, 7, 63]",52.367120934959544
"[25, 22, 31, 46, 42, 43, 22, 27, 39, 62, 57, 19, 14, 7, 65]",64.82104336043353
"[25, 22, 31, 47, 42, 43, 22, 27, 42, 51, 56, 19, 13, 6, 64]",57.093678523035166
"[25, 22, 30, 46, 42, 39, 22, 27, 40, 57, 56, 19, 13, 7, 65]",47.14523238482379
"[27, 22, 30, 46, 42, 42, 22, 27, 38, 55, 56, 19, 13, 6, 65]",47.320713753387615
"[25, 22, 30, 46, 42, 43, 22, 27, 41, 60, 56, 19, 13, 5, 64]",47.452961720867144
"[25, 22, 29, 44, 42, 39, 21, 27, 41, 54, 56, 19, 13, 8, 65]",60.244037262872396
"[25, 22, 30, 46, 42, 37, 22, 27, 37, 51, 56, 19, 13, 8, 65]",55.656543021680285
"[25, 22, 32, 45, 42, 43, 22, 27, 41, 61, 56, 19, 13, 4, 65]",51.23976659891599
"[27, 22, 30, 46, 42, 42, 22, 27, 40, 55, 56, 19, 13, 8, 63]",57.93088685636865
"[25, 22, 32, 46, 42, 43, 22, 27, 36, 55, 56, 19, 13, 6, 65]",48.980733062330586
"[25, 22, 30, 45, 42, 42, 22, 27, 41, 55, 56, 19, 13, 7, 65]",55.94481063685625
"[25, 22, 30, 46, 42, 39, 22, 27, 37, 59, 56, 19, 13, 6, 65]",48.492744918699145
"[25, 22, 32, 47, 42, 38, 22, 27, 38, 56, 56, 19, 13, 7, 65]",51.729805894308875
"[25, 22, 30, 46, 42, 41, 21, 27, 38, 54, 56, 19, 13, 6, 65]",60.30339126016259
"[25, 22, 30, 44, 42, 41, 22, 27, 38, 54, 56, 19, 13, 8, 63]",63.35163346883452
"[27, 22, 27, 46, 42, 37, 22, 27, 34, 54, 56, 19, 13, 8, 65]",49.684169376693724
"[26, 22, 29, 46, 42, 39, 22, 27, 39, 52, 56, 19, 13, 7, 65]",50.12945630081303
"[25, 22, 31, 45, 42, 43, 22, 27, 41, 61, 56, 19, 13, 8, 65]",60.30017005420068
"[25, 22, 32, 43, 42, 43, 22, 27, 42, 54, 56, 19, 13, 7, 65]",46.64834993224951
"[25, 22, 28, 46, 42, 39, 22, 27, 36, 51, 56, 19, 13, 6, 63]",61.18370697832001
"[25, 22, 31, 45, 42, 43, 22, 27, 42, 58, 56, 19, 14, 7, 65]",51.48641497289964
"[25, 22, 31, 45, 42, 40, 22, 27, 42, 61, 56, 19, 13, 7, 65]",55.85629911924104
"[25, 22, 30, 46, 42, 39, 22, 27, 40, 57, 56, 19, 13, 8, 65]",46.52862838753401
"[26, 22, 30, 46, 42, 39, 22, 27, 39, 54, 56, 19, 13, 5, 65]",48.734857384823826
"[25, 22, 30, 46, 42, 43, 22, 27, 41, 65, 56, 19, 13, 8, 63]",47.16764397018968
"[26, 22, 28, 47, 42, 40, 21, 27, 37, 55, 56, 19, 13, 8, 65]",53.66426930894339
"[25, 22, 30, 46, 42, 38, 22, 27, 38, 51, 56, 19, 13, 7, 64]",59.132442073170516
"[26, 22, 32, 45, 42, 43, 22, 27, 42, 57, 56, 19, 13, 7, 65]",45.52419444444463
"[25, 22, 30, 47, 42, 43, 22, 27, 39, 55, 56, 19, 13, 7, 65]",61.23267818428185
"[25, 22, 32, 48, 42, 41, 22, 27, 39, 56, 56, 19, 13, 7, 63]",52.272888550135384
"[25, 22, 30, 46, 42, 43, 22, 27, 40, 55, 56, 19, 13, 7, 65]",51.69728523035259
"[25, 22, 30, 46, 42, 41, 22, 27, 38, 52, 56, 19, 13, 7, 65]",54.28511382113826
"[26, 22, 32, 47, 42, 39, 22, 27, 40, 52, 56, 19, 13, 6, 65]",48.57073272357719
"[25, 22, 28, 47, 42, 40, 20, 27, 40, 55, 56, 19, 13, 7, 65]",48.270131097560906
"[25, 22, 28, 45, 42, 42, 22, 27, 39, 52, 56, 19, 13, 8, 65]",57.919953590785866
"[25, 22, 29, 46, 42, 38, 21, 27, 36, 54, 56, 19, 13, 7, 65]",61.47180216802173
"[28, 22, 29, 44, 42, 40, 22, 27, 36, 51, 56, 19, 13, 8, 64]",51.872591802168046
"[25, 22, 31, 45, 42, 43, 22, 27, 39, 60, 56, 19, 13, 7, 65]",48.77888245257454
"[25, 22, 31, 47, 42, 43, 22, 27, 42, 58, 56, 19, 13, 8, 65]",52.818191395663874
"[25, 22, 31, 48, 42, 39, 22, 26, 33, 52, 56, 19, 13, 8, 64]",59.78662533875327
"[25, 22, 31, 44, 42, 43, 22, 27, 42, 55, 56, 19, 13, 8, 65]",57.54366090785913
"[25, 22, 30, 44, 42, 40, 22, 27, 41, 65, 56, 19, 13, 7, 65]",46.54430894308933
"[25, 22, 30, 46, 42, 43, 22, 27, 41, 56, 56, 19, 13, 6, 65]",51.79878794037941
"[26, 22, 30, 46, 42, 43, 22, 27, 39, 54, 56, 19, 13, 7, 65]",54.86515345528479
"[25, 22, 32, 45, 42, 43, 22, 27, 42, 65, 56, 19, 13, 7, 64]",59.025232384823695
"[27, 22, 32, 48, 42, 40, 22, 27, 35, 56, 56, 19, 13, 7, 65]",59.56415548780506
"[25, 22, 30, 47, 42, 41, 22, 27, 37, 51, 56, 19, 13, 6, 64]",49.23479640921418
"[27, 22, 31, 46, 42, 43, 22, 27, 42, 60, 56, 19, 13, 8, 64]",47.546339430894115
"[25, 22, 30, 47, 42, 42, 22, 27, 37, 57, 56, 19, 13, 7, 65]",48.24103895663981
"[27, 22, 30, 46, 42, 39, 22, 27, 40, 56, 56, 19, 13, 8, 62]",52.87252134146353
"[25, 22, 30, 46, 42, 42, 22, 27, 39, 60, 56, 19, 13, 7, 65]",52.05096781842808
"[25, 22, 30, 46, 42, 43, 22, 27, 40, 53, 56, 19, 13, 7, 65]",53.82445901084022
"[27, 22, 30, 48, 42, 43, 20, 27, 41, 51, 56, 19, 13, 7, 65]",52.78411754742538
"[25, 22, 28, 46, 42, 39, 21, 27, 41, 55, 56, 19, 13, 8, 65]",49.02487669376696
"[25, 22, 25, 47, 42, 40, 22, 27, 39, 53, 56, 19, 13, 8, 65]",50.75841260162612
"[25, 22, 31, 46, 42, 39, 20, 27, 38, 52, 56, 19, 13, 6, 65]",49.75700440379417
"[27, 22, 32, 43, 42, 41, 22, 27, 37, 57, 56, 19, 13, 6, 64]",60.106974932249365
"[25, 22, 30, 46, 42, 40, 22, 27, 39, 56, 56, 19, 13, 7, 65]",46.87356876693781
"[25, 22, 31, 48, 42, 43, 22, 27, 42, 61, 56, 19, 13, 6, 65]",59.68462533875337
"[25, 22, 31, 48, 42, 38, 20, 27, 35, 53, 56, 19, 13, 8, 65]",60.650431233062434
"[25, 22, 30, 44, 42, 43, 22, 27, 42, 62, 56, 19, 14, 8, 65]",60.04044512195129
"[25, 22, 30, 44, 42, 43, 22, 27, 38, 56, 56, 19, 13, 7, 64]",49.54333468834708
"[25, 22, 30, 46, 42, 43, 22, 27, 42, 55, 56, 19, 13, 5, 64]",55.86793394308945
"[26, 22, 30, 46, 42, 43, 22, 27, 39, 58, 56, 19, 13, 8, 65]",51.64440006775078
"[25, 22, 32, 45, 42, 43, 22, 27, 42, 57, 56, 19, 13, 5, 64]",63.142586382114
"[26, 22, 32, 45, 42, 40, 22, 27, 40, 55, 56, 19, 13, 6, 65]",47.83915176151759
"[25, 22, 28, 48, 42, 41, 20, 27, 34, 54, 56, 19, 13, 6, 65]",59.70990040650404
"[26, 22, 31, 46, 42, 43, 22, 27, 42, 63, 56, 19, 13, 8, 63]",58.63559315718154
"[25, 22, 30, 46, 42, 41, 22, 27, 36, 60, 56, 19, 13, 7, 65]",47.933248306233295
"[27, 22, 29, 44, 42, 39, 22, 27, 39, 54, 56, 19, 13, 7, 65]",63.80508807588097
"[25, 22, 30, 45, 42, 41, 22, 27, 42, 65, 56, 19, 13, 6, 63]",54.20798136856397
"[25, 22, 30, 46, 42, 43, 22, 27, 39, 54, 56, 19, 13, 7, 65]",48.204690379403786
"[25, 22, 29, 47, 42, 43, 19, 27, 38, 54, 56, 19, 13, 8, 65]",58.31420596205963
"[25, 22, 32, 45, 42, 38, 22, 27, 39, 55, 56, 19, 13, 8, 65]",55.31013008130082
"[25, 22, 29, 48, 42, 38, 22, 27, 37, 55, 56, 19, 13, 8, 65]",62.54930420054217
"[25, 22, 31, 45, 42, 40, 20, 26, 36, 52, 56, 19, 13, 7, 65]",46.19998543360445
"[25, 22, 32, 48, 42, 43, 22, 27, 38, 58, 56, 19, 13, 6, 64]",59.4310396341463
"[25, 22, 30, 46, 42, 43, 22, 27, 42, 59, 56, 19, 13, 6, 65]",47.66044681571828
"[26, 22, 30, 46, 42, 43, 22, 27, 41, 63, 56, 19, 13, 6, 64]",49.3005152439024
"[27, 22, 29, 47, 42, 37, 20, 27, 37, 53, 56, 19, 13, 7, 64]",55.219140582656046
"[25, 22, 30, 44, 42, 43, 22, 27, 42, 63, 56, 19, 13, 7, 65]",55.922142615176206
"[25, 22, 30, 45, 42, 43, 22, 27, 37, 51, 56, 19, 13, 7, 64]",45.954927845528495
"[25, 22, 30, 46, 42, 43, 22, 27, 40, 58, 56, 19, 13, 7, 63]",52.01856978319785
"[26, 22, 30, 46, 42, 42, 22, 27, 39, 58, 56, 19, 13, 7, 65]",59.336654132791296
"[25, 22, 28, 46, 42, 43, 22, 27, 42, 60, 56, 19, 13, 3, 64]",46.22135602981045
"[25, 22, 32, 44, 42, 40, 22, 27, 41, 53, 56, 19, 13, 7, 65]",49.5808492547427
"[25, 22, 27, 48, 42, 40, 21, 27, 35, 54, 56, 19, 13, 8, 64]",50.20378319783195
"[25, 22, 31, 46, 42, 43, 22, 27, 42, 64, 56, 19, 13, 6, 63]",59.54438211382114
"[26, 22, 30, 45, 42, 41, 22, 27, 36, 58, 56, 19, 13, 7, 63]",51.386796747967416
"[25, 22, 30, 44, 42, 41, 22, 27, 36, 52, 56, 19, 13, 7, 65]",49.72123306233063
"[25, 22, 30, 45, 42, 42, 22, 27, 42, 57, 56, 19, 13, 6, 64]",57.406143970189596
"[25, 22, 30, 46, 42, 42, 22, 27, 38, 55, 56, 19, 13, 7, 65]",47.185250677506716
"[25, 22, 31, 47, 42, 43, 21, 27, 35, 61, 56, 19, 13, 7, 65]",51.95070731707288
"[25, 22, 32, 45, 42, 39, 22, 27, 37, 54, 56, 19, 13, 7, 65]",51.6997970867208
"[25, 22, 32, 44, 42, 38, 22, 27, 37, 54, 56, 19, 13, 8, 65]",55.177559620595936
"[26, 22, 28, 44, 42, 42, 22, 27, 34, 54, 56, 19, 13, 7, 65]",48.14450677506789
"[25, 22, 32, 48, 42, 43, 22, 27, 39, 55, 56, 19, 13, 6, 64]",56.359578590785894
"[25, 22, 30, 46, 42, 43, 22, 27, 42, 59, 56, 19, 13, 7, 65]",52.566489159891766
"[26, 22, 30, 44, 42, 43, 22, 27, 42, 55, 56, 19, 13, 7, 63]",52.81558062330616
"[26, 22, 29, 46, 42, 37, 21, 27, 36, 52, 56, 19, 13, 7, 65]",51.99557588075884
"[25, 22, 28, 44, 42, 43, 22, 27, 42, 61, 56, 19, 13, 4, 65]",46.327971544715396
"[25, 22, 30, 47, 42, 41, 22, 27, 39, 54, 56, 21, 13, 1, 65]",55.96665176151765
"[25, 22, 29, 48, 42, 43, 22, 27, 41, 60, 56, 20, 13, 3, 62]",54.21992682926837
"[26, 22, 27, 46, 42, 40, 22, 27, 38, 58, 56, 20, 13, 2, 65]",46.501018631436466
"[25, 22, 25, 47, 42, 43, 22, 27, 41, 60, 56, 19, 13, 2, 65]",44.02896273712753
"[26, 22, 30, 44, 43, 40, 22, 23, 41, 59, 58, 20, 13, 3, 65]",47.16639329268264
"[25, 22, 28, 48, 42, 39, 21, 27, 37, 54, 56, 21, 13, 1, 65]",50.82504742547412
"[25, 22, 30, 47, 42, 43, 22, 27, 42, 61, 56, 19, 13, 4, 65]",47.57578421409212
"[26, 22, 29, 47, 44, 42, 22, 27, 41, 56, 56, 20, 13, 2, 65]",54.4959241192409
"[25, 22, 29, 46, 42, 41, 22, 27, 37, 51, 56, 20, 13, 7, 65]",49.0827994579947
"[25, 22, 30, 45, 42, 43, 22, 27, 42, 56, 56, 20, 13, 6, 65]",55.9731331300813
"[25, 22, 26, 47, 42, 42, 20, 27, 41, 59, 56, 19, 13, 1, 65]",48.79155115176126
"[26, 22, 30, 47, 42, 40, 22, 27, 42, 62, 56, 19, 13, 4, 65]",50.97522764227637
"[25, 22, 27, 47, 42, 41, 18, 27, 37, 55, 56, 20, 13, 1, 65]",45.6795203252032
"[25, 22, 22, 48, 42, 38, 22, 27, 37, 54, 56, 20, 13, 1, 65]",52.72525000000003
"[27, 22, 26, 44, 42, 42, 22, 24, 38, 57, 56, 19, 13, 1, 65]",55.25539837398368
"[28, 22, 28, 48, 44, 43, 22, 27, 41, 56, 56, 19, 13, 3, 64]",56.39825067750665
"[25, 22, 26, 47, 42, 43, 22, 27, 42, 61, 57, 20, 13, 4, 65]",50.54508163956662
"[25, 22, 28, 47, 42, 43, 22, 27, 42, 59, 56, 19, 13, 6, 64]",56.7237374661247
"[25, 22, 28, 47, 42, 37, 20, 26, 35, 53, 56, 19, 13, 6, 65]",45.235854336043545
"[25, 22, 26, 46, 42, 43, 22, 27, 42, 59, 58, 20, 13, 1, 65]",44.46313753387536
"[25, 22, 29, 47, 42, 38, 22, 27, 40, 65, 56, 19, 13, 1, 65]",46.45875813008119
"[25, 22, 29, 48, 42, 41, 22, 27, 42, 61, 56, 20, 13, 3, 65]",53.63366768292679
"[25, 22, 26, 47, 43, 38, 22, 27, 38, 57, 57, 21, 13, 1, 65]",44.84898306233064
"[25, 22, 27, 45, 42, 43, 22, 27, 42, 60, 56, 19, 13, 3, 65]",47.03823543360448
"[28, 22, 26, 48, 42, 41, 22, 23, 40, 61, 58, 21, 13, 2, 65]",49.29253760162597
"[25, 22, 28, 47, 42, 37, 20, 25, 40, 54, 57, 22, 13, 1, 65]",44.437187669376705
"[25, 22, 27, 47, 42, 43, 22, 27, 42, 58, 56, 19, 13, 4, 65]",49.23406402439034
"[26, 22, 27, 48, 45, 41, 22, 27, 42, 53, 56, 20, 13, 1, 65]",45.18201084010832
"[25, 22, 28, 47, 42, 39, 22, 27, 41, 58, 56, 21, 13, 3, 65]",51.878942411924314
"[25, 22, 28, 47, 42, 42, 22, 27, 42, 58, 56, 20, 13, 6, 65]",45.92227574525745
"[25, 22, 25, 48, 43, 40, 20, 27, 41, 60, 56, 20, 13, 1, 65]",45.16300677506765
"[27, 22, 26, 48, 43, 40, 22, 27, 42, 61, 58, 19, 13, 1, 65]",47.67904505420078
"[25, 22, 25, 46, 42, 42, 18, 27, 39, 55, 56, 20, 13, 1, 65]",45.61546205962069
"[25, 22, 23, 48, 42, 38, 19, 26, 39, 54, 56, 21, 13, 1, 65]",44.77229166666662
"[26, 22, 28, 45, 42, 39, 20, 23, 38, 57, 56, 20, 13, 1, 65]",46.01678421409209
"[27, 22, 28, 47, 44, 43, 20, 26, 40, 56, 56, 20, 13, 3, 64]",54.09996612466158
"[25, 22, 25, 46, 42, 43, 22, 27, 42, 61, 59, 20, 13, 1, 65]",51.58421714092132
"[25, 22, 29, 47, 42, 43, 22, 27, 42, 63, 56, 19, 13, 5, 65]",50.030175474254875
"[25, 22, 27, 47, 42, 38, 18, 26, 37, 55, 56, 19, 13, 1, 65]",48.78854403794024
"[25, 21, 25, 48, 42, 43, 22, 27, 42, 55, 57, 21, 13, 1, 65]",51.790542005420235
"[25, 22, 23, 48, 43, 36, 22, 27, 42, 65, 56, 19, 13, 1, 65]",44.65710873983745
"[25, 22, 25, 48, 43, 43, 22, 27, 42, 60, 56, 20, 13, 4, 65]",46.40127506775076
"[25, 22, 25, 47, 44, 37, 22, 27, 42, 51, 56, 21, 13, 1, 65]",50.02537974254734
"[25, 22, 27, 44, 42, 43, 22, 27, 42, 57, 56, 19, 13, 2, 65]",44.07109451219507
"[25, 22, 23, 48, 43, 42, 22, 27, 42, 51, 56, 21, 13, 3, 65]",51.351973915989205
"[25, 22, 26, 47, 42, 40, 19, 24, 42, 55, 58, 22, 13, 1, 65]",59.737579607046094
"[25, 22, 28, 48, 45, 43, 22, 27, 42, 59, 56, 20, 13, 4, 65]",47.65167581300802
"[25, 22, 26, 48, 45, 40, 22, 27, 42, 51, 56, 21, 13, 1, 65]",43.88641598915973
"[25, 22, 28, 48, 42, 42, 22, 27, 42, 57, 56, 21, 13, 2, 65]",52.37902032520317
"[25, 21, 27, 48, 42, 41, 22, 27, 42, 59, 56, 20, 13, 3, 65]",54.74201659891622
"[25, 22, 25, 48, 45, 41, 22, 27, 42, 60, 56, 21, 13, 1, 65]",45.76867818428183
"[27, 22, 23, 48, 46, 42, 22, 27, 42, 56, 60, 22, 13, 1, 65]",44.18738719512183
"[25, 22, 24, 46, 42, 39, 18, 27, 42, 53, 56, 20, 13, 1, 65]",45.462447493225085
"[25, 22, 27, 48, 42, 40, 17, 26, 42, 52, 56, 22, 13, 1, 65]",46.20346239837391
"[25, 22, 26, 46, 42, 40, 22, 27, 37, 51, 56, 20, 13, 4, 63]",45.0292818428184
"[25, 22, 28, 47, 45, 43, 21, 27, 42, 58, 56, 19, 13, 3, 64]",51.354539295392954
"[25, 22, 24, 46, 43, 43, 22, 27, 42, 55, 59, 20, 13, 1, 65]",46.245723577235715
"[25, 22, 30, 44, 44, 43, 22, 27, 42, 63, 56, 20, 13, 1, 65]",51.269885840108344
"[25, 22, 26, 48, 45, 38, 18, 24, 40, 54, 56, 20, 13, 1, 65]",44.043236111111234
"[25, 21, 24, 45, 42, 43, 22, 27, 42, 59, 56, 19, 13, 1, 65]",44.69334383468837
"[25, 22, 22, 48, 45, 43, 21, 27, 42, 60, 56, 20, 13, 1, 65]",44.87444613821137
"[25, 22, 25, 47, 44, 43, 22, 27, 42, 59, 56, 19, 13, 2, 65]",48.211431571815766
"[25, 22, 26, 46, 43, 42, 22, 27, 42, 57, 56, 21, 13, 1, 65]",46.50186043360418
"[25, 22, 25, 44, 42, 43, 22, 27, 42, 58, 56, 19, 13, 1, 63]",44.26179844173428
"[25, 22, 25, 45, 45, 41, 21, 27, 42, 51, 56, 21, 13, 5, 65]",51.44765718157166
"[25, 22, 25, 48, 43, 41, 19, 24, 42, 57, 56, 21, 13, 1, 65]",47.30659925474244
"[26, 22, 29, 47, 46, 43, 22, 27, 42, 60, 56, 21, 13, 2, 65]",55.366929200541755
"[25, 22, 26, 48, 45, 40, 22, 27, 42, 53, 56, 21, 13, 1, 65]",50.06837601626015
"[25, 22, 26, 47, 44, 43, 22, 27, 42, 56, 56, 19, 13, 4, 65]",48.31616023035236
"[25, 21, 25, 48, 42, 43, 22, 27, 42, 64, 57, 20, 13, 1, 65]",52.721171409214215
"[25, 21, 25, 48, 44, 42, 21, 25, 42, 60, 56, 21, 13, 1, 65]",57.53529098915968
"[25, 22, 24, 48, 48, 43, 21, 27, 42, 62, 58, 23, 13, 1, 65]",52.2351446476965
"[25, 22, 25, 46, 42, 37, 18, 24, 42, 51, 56, 20, 13, 1, 65]",45.30080962059634
"[25, 22, 27, 48, 42, 39, 18, 25, 42, 53, 56, 20, 13, 1, 65]",46.74179065040624
"[26, 22, 25, 46, 42, 42, 22, 27, 38, 51, 56, 20, 13, 6, 64]",52.66796172086721
"[26, 22, 30, 47, 44, 41, 21, 25, 42, 61, 56, 19, 13, 2, 64]",47.49236991869919
"[25, 22, 24, 45, 44, 43, 22, 27, 42, 56, 58, 21, 13, 1, 65]",48.68059925474231
"[25, 22, 28, 48, 47, 43, 22, 27, 42, 61, 56, 22, 13, 1, 65]",45.98995257452565
"[25, 22, 25, 48, 47, 38, 18, 22, 42, 53, 56, 21, 13, 1, 65]",43.34689227642274
"[25, 22, 25, 45, 42, 42, 22, 27, 42, 60, 58, 19, 13, 1, 65]",43.61362059620594
"[25, 21, 22, 47, 44, 43, 19, 27, 42, 60, 56, 21, 13, 1, 64]",48.218584349593584
"[25, 22, 26, 46, 45, 42, 22, 27, 42, 57, 56, 20, 13, 1, 65]",45.01523238482383
"[25, 22, 26, 46, 43, 43, 19, 27, 41, 65, 56, 19, 13, 1, 65]",50.61254640921376
"[25, 21, 23, 48, 42, 43, 22, 27, 42, 63, 56, 19, 13, 1, 60]",46.202014566395654
"[25, 22, 30, 42, 45, 40, 20, 27, 42, 56, 56, 21, 13, 3, 65]",48.60926456639558
"[25, 20, 24, 47, 44, 40, 19, 26, 42, 59, 56, 20, 13, 1, 65]",52.14064329268296
"[27, 22, 28, 47, 44, 43, 22, 27, 42, 62, 56, 20, 13, 2, 64]",46.255568766937905
"[25, 22, 26, 48, 45, 43, 20, 27, 42, 56, 56, 21, 13, 1, 65]",46.62256334688333
"[25, 20, 24, 47, 47, 43, 21, 26, 42, 57, 56, 19, 13, 3, 65]",46.02778387533873
"[25, 21, 29, 47, 42, 43, 20, 27, 42, 62, 58, 19, 13, 1, 65]",45.961457317073126
"[25, 20, 26, 47, 43, 43, 20, 27, 42, 63, 56, 19, 13, 1, 65]",45.353899390243804
"[25, 22, 27, 48, 45, 43, 19, 27, 42, 64, 57, 22, 13, 1, 65]",59.859169037940504
"[25, 21, 26, 47, 44, 36, 18, 22, 41, 55, 57, 21, 13, 1, 65]",43.7042808265582
"[25, 20, 26, 48, 45, 38, 19, 23, 42, 54, 56, 19, 13, 1, 65]",44.447238143631566
"[27, 22, 27, 44, 42, 42, 16, 27, 38, 58, 56, 19, 13, 7, 65]",52.40618462059602
"[28, 22, 28, 46, 43, 40, 19, 26, 41, 59, 56, 20, 13, 1, 64]",46.726961720866925
"[25, 21, 24, 45, 43, 43, 22, 27, 42, 65, 56, 21, 13, 1, 65]",47.78131775067752
"[26, 22, 25, 48, 48, 43, 22, 27, 42, 65, 56, 22, 13, 1, 65]",47.301935636856264
"[25, 22, 26, 48, 45, 38, 18, 24, 42, 55, 56, 21, 13, 1, 65]",47.20090955284561
"[25, 21, 26, 47, 42, 43, 22, 27, 42, 60, 56, 19, 13, 1, 65]",51.497514227642206
"[25, 21, 23, 46, 42, 43, 18, 26, 42, 65, 56, 19, 13, 1, 63]",47.5147262872629
"[25, 20, 27, 47, 45, 41, 22, 27, 42, 58, 56, 21, 13, 1, 65]",44.45609654471548
"[25, 22, 25, 48, 44, 41, 17, 27, 39, 65, 56, 19, 13, 1, 65]",44.48412669376702
"[25, 21, 24, 47, 43, 43, 22, 27, 42, 65, 56, 20, 13, 1, 60]",52.79352710027112
"[25, 22, 30, 42, 44, 39, 20, 27, 42, 61, 56, 21, 13, 2, 65]",48.769341802168036
"[25, 19, 26, 47, 45, 41, 21, 26, 42, 58, 56, 21, 13, 1, 65]",44.88396510840125
"[28, 22, 32, 48, 44, 43, 22, 27, 42, 63, 56, 19, 13, 3, 65]",46.254342479674605
"[25, 22, 26, 48, 45, 43, 18, 27, 42, 58, 56, 19, 13, 1, 65]",47.17669308943095
"[25, 20, 23, 48, 49, 40, 19, 25, 42, 59, 56, 20, 13, 2, 65]",44.527165650406516
"[25, 21, 31, 45, 43, 43, 19, 27, 42, 60, 56, 20, 13, 1, 65]",47.3170430216802
"[25, 21, 26, 45, 43, 43, 22, 27, 42, 65, 56, 19, 13, 1, 63]",45.57370359078613
"[26, 22, 26, 48, 43, 43, 22, 27, 42, 63, 57, 21, 13, 1, 65]",47.788422764227654
"[25, 21, 26, 48, 45, 39, 18, 21, 39, 58, 57, 22, 13, 1, 65]",45.68067513550123
"[25, 20, 26, 48, 47, 37, 20, 22, 40, 57, 56, 19, 13, 1, 65]",46.4798821138212
"[25, 22, 29, 47, 43, 42, 18, 27, 41, 61, 56, 21, 13, 1, 65]",49.71685670731702
"[27, 22, 23, 48, 47, 39, 18, 27, 41, 56, 56, 21, 13, 1, 65]",44.41642615176141
"[25, 21, 24, 45, 42, 43, 22, 27, 42, 65, 56, 20, 13, 1, 65]",51.931133130081164
"[27, 22, 25, 48, 46, 43, 22, 27, 42, 62, 56, 19, 13, 1, 65]",46.340904810297914
"[26, 22, 26, 48, 45, 40, 19, 25, 40, 55, 56, 20, 13, 1, 65]",49.33168800813038
"[25, 21, 26, 45, 43, 43, 22, 27, 42, 63, 56, 20, 13, 1, 65]",44.07128726287253
"[25, 22, 26, 46, 42, 42, 22, 25, 42, 65, 56, 19, 13, 1, 64]",50.75152811653112
"[25, 19, 27, 48, 45, 40, 22, 27, 42, 61, 56, 20, 13, 1, 65]",48.18833265582663
"[25, 22, 25, 48, 45, 40, 15, 27, 42, 61, 56, 20, 13, 1, 65]",44.8017933604336
"[25, 22, 26, 45, 43, 43, 22, 27, 42, 65, 56, 21, 13, 1, 62]",52.86504844173449
"[26, 22, 28, 45, 42, 42, 20, 24, 42, 61, 56, 20, 13, 3, 65]",46.69429810298098
"[25, 22, 28, 45, 42, 41, 22, 25, 42, 59, 56, 20, 13, 1, 65]",46.17469952574507
"[26, 22, 32, 47, 44, 43, 22, 27, 42, 63, 56, 19, 13, 5, 65]",46.04930521680241
"[25, 22, 26, 48, 45, 42, 22, 26, 42, 58, 56, 19, 13, 1, 65]",44.19201253387533
"[25, 20, 25, 48, 45, 40, 20, 24, 42, 60, 56, 20, 13, 1, 65]",47.02044546070446
"[25, 22, 29, 46, 45, 43, 19, 27, 42, 61, 56, 20, 13, 4, 65]",45.95126659891594
"[25, 22, 26, 44, 43, 43, 22, 27, 42, 64, 56, 19, 13, 1, 64]",44.858518631436304
"[27, 22, 25, 48, 44, 43, 22, 27, 42, 60, 57, 20, 13, 1, 65]",49.53166937669361
"[25, 22, 26, 47, 45, 39, 20, 23, 40, 58, 56, 20, 13, 1, 65]",52.83660230352317
"[25, 22, 26, 48, 45, 40, 19, 23, 40, 59, 56, 19, 13, 1, 65]",44.55708773712759
"[25, 22, 26, 48, 45, 41, 22, 22, 42, 60, 56, 23, 13, 1, 65]",48.47901761517617
"[26, 22, 22, 48, 49, 42, 18, 25, 41, 57, 56, 20, 13, 1, 65]",46.02073746612461
"[25, 21, 25, 46, 42, 43, 20, 27, 42, 60, 56, 19, 13, 1, 65]",44.44288584010827
"[27, 22, 26, 48, 45, 43, 22, 27, 42, 57, 56, 19, 13, 1, 65]",45.23187195121952
"[26, 22, 26, 48, 46, 41, 20, 24, 39, 55, 56, 19, 13, 1, 65]",47.21689871273724
"[25, 21, 22, 44, 42, 43, 15, 27, 42, 65, 56, 21, 13, 1, 65]",45.539595189701906
"[25, 22, 26, 46, 42, 41, 22, 27, 42, 65, 56, 19, 13, 1, 62]",44.677567411924024
"[25, 20, 25, 48, 43, 42, 22, 27, 42, 65, 56, 19, 13, 1, 65]",45.450744579945756
"[25, 22, 25, 48, 45, 39, 14, 27, 42, 58, 56, 21, 13, 1, 65]",42.80740650406492
"[25, 22, 25, 44, 42, 43, 22, 27, 42, 65, 56, 19, 13, 1, 65]",62.67688516260163
"[26, 22, 25, 48, 43, 41, 21, 27, 42, 57, 56, 19, 13, 6, 65]",47.81575101626006
"[25, 22, 26, 47, 42, 39, 15, 27, 42, 61, 56, 20, 13, 1, 65]",45.82827506775065
"[25, 22, 29, 47, 45, 43, 22, 27, 42, 63, 56, 19, 13, 6, 65]",47.641914972899635
"[25, 22, 24, 48, 45, 40, 22, 27, 42, 58, 56, 19, 13, 1, 65]",44.66038821138204
"[25, 22, 25, 48, 43, 40, 14, 27, 42, 63, 56, 20, 13, 1, 65]",45.039143970189684
"[25, 22, 23, 47, 45, 41, 19, 27, 42, 65, 56, 20, 13, 2, 65]",47.67401355013567
"[25, 22, 25, 45, 43, 42, 13, 27, 42, 62, 56, 20, 13, 1, 65]",43.978194444444334
"[25, 22, 23, 48, 46, 43, 17, 27, 42, 63, 57, 20, 13, 1, 65]",52.40791869918689
"[25, 22, 26, 46, 42, 37, 20, 27, 42, 58, 56, 19, 13, 1, 64]",46.67785433604358
"[25, 22, 25, 48, 43, 41, 12, 23, 39, 60, 56, 20, 13, 1, 65]",44.11103285907871
"[26, 22, 23, 48, 45, 42, 22, 25, 42, 60, 56, 19, 13, 1, 65]",48.28876524390232
"[26, 22, 22, 48, 46, 42, 14, 27, 42, 62, 56, 19, 13, 1, 65]",48.309587059620625
"[25, 21, 24, 47, 42, 43, 16, 27, 42, 61, 56, 19, 13, 1, 65]",43.943928523035204
"[26, 22, 27, 48, 44, 43, 22, 27, 42, 60, 56, 19, 13, 1, 65]",44.587340447154304
"[26, 22, 25, 48, 47, 39, 18, 24, 42, 60, 56, 19, 13, 1, 63]",45.36465955284556
"[25, 22, 22, 45, 42, 43, 12, 27, 42, 65, 56, 19, 13, 1, 65]",45.97778387533892
"[25, 22, 24, 46, 42, 41, 22, 27, 42, 65, 56, 20, 13, 1, 62]",55.57946510840102
"[25, 22, 24, 48, 43, 41, 16, 27, 42, 65, 56, 20, 13, 1, 65]",44.32830724932243
"[25, 22, 25, 48, 45, 39, 15, 27, 42, 62, 56, 20, 13, 1, 65]",50.360597899729186
"[25, 22, 25, 44, 42, 43, 22, 27, 42, 65, 56, 19, 13, 1, 65]",44.87865548780493
"[26, 22, 25, 48, 44, 41, 18, 27, 42, 54, 57, 20, 13, 5, 65]",50.02654065040667
"[25, 22, 22, 48, 43, 38, 13, 27, 42, 61, 56, 21, 13, 1, 64]",44.91535128726289
"[26, 22, 29, 48, 45, 43, 16, 27, 42, 65, 56, 23, 13, 1, 65]",49.829531504064946
"[25, 22, 24, 48, 44, 39, 15, 27, 42, 60, 56, 20, 13, 1, 65]",42.990393970189565
"[25, 22, 25, 48, 43, 39, 12, 27, 42, 61, 56, 21, 13, 1, 65]",44.48889193766921
"[26, 22, 23, 48, 42, 40, 18, 27, 42, 65, 56, 20, 13, 3, 65]",48.05929539295381
"[25, 22, 24, 47, 43, 39, 12, 27, 42, 62, 56, 21, 13, 1, 65]",43.625146002710004
"[25, 22, 22, 48, 45, 43, 20, 27, 42, 65, 56, 21, 13, 1, 64]",50.8026605691055
"[25, 22, 26, 47, 42, 39, 12, 27, 42, 61, 56, 20, 13, 1, 63]",43.97159112466116
"[25, 22, 24, 47, 42, 41, 12, 27, 41, 61, 56, 21, 13, 1, 63]",44.282212059620775
"[27, 22, 23, 48, 46, 40, 18, 27, 42, 59, 56, 19, 13, 1, 65]",43.84578218157178
"[27, 22, 27, 48, 42, 40, 12, 27, 42, 63, 56, 20, 13, 1, 63]",45.089593495935134
"[25, 22, 23, 47, 42, 43, 13, 27, 42, 62, 56, 19, 13, 1, 65]",47.55403895663949
"[25, 22, 27, 48, 43, 43, 20, 27, 42, 65, 56, 19, 13, 1, 65]",48.75064600270988
"[26, 22, 26, 48, 47, 39, 13, 23, 42, 62, 56, 20, 13, 1, 62]",44.27711280487802
"[25, 22, 22, 46, 42, 43, 12, 27, 42, 65, 56, 19, 13, 1, 65]",42.340197154471525
"[25, 22, 22, 46, 42, 43, 20, 27, 42, 65, 56, 19, 13, 1, 62]",46.628429200542136
"[25, 22, 24, 48, 44, 42, 12, 27, 42, 65, 56, 20, 13, 2, 65]",44.247667344173315
"[26, 22, 22, 48, 45, 41, 12, 27, 42, 63, 56, 19, 13, 1, 65]",49.243236111111074
"[25, 22, 22, 46, 42, 43, 18, 27, 42, 65, 56, 19, 13, 1, 63]",44.87865548780493
"[29, 22, 27, 46, 44, 42, 12, 27, 41, 56, 61, 21, 13, 5, 65]",51.465022018970274
"[26, 22, 22, 48, 44, 43, 12, 26, 42, 60, 56, 19, 13, 1, 65]",49.699176829268005
"[28, 22, 26, 47, 43, 43, 15, 27, 42, 65, 56, 23, 13, 1, 65]",49.38974796747954
"[26, 22, 23, 47, 43, 43, 12, 27, 42, 65, 56, 20, 13, 1, 65]",44.12939126016263
"[26, 22, 22, 48, 43, 39, 12, 27, 42, 65, 56, 19, 13, 1, 65]",45.693283536585476
"[26, 22, 24, 46, 42, 41, 12, 27, 42, 64, 56, 19, 13, 4, 65]",49.518654471544686
"[26, 22, 22, 46, 43, 39, 12, 27, 42, 65, 56, 20, 13, 1, 65]",45.736318766937636
"[25, 22, 22, 48, 44, 43, 22, 27, 42, 63, 57, 20, 13, 1, 62]",45.64915006775069
"[25, 22, 25, 47, 44, 42, 13, 27, 42, 64, 56, 19, 13, 2, 63]",48.30370867208658
"[26, 22, 23, 46, 43, 43, 12, 27, 40, 62, 56, 19, 13, 1, 61]",47.91505826558275
"[27, 22, 23, 48, 46, 42, 14, 27, 41, 65, 56, 19, 13, 1, 65]",45.25621951219508
"[27, 22, 27, 48, 45, 39, 17, 27, 42, 62, 56, 20, 13, 1, 65]",47.61743597560984
"[25, 22, 22, 46, 43, 43, 12, 27, 42, 65, 56, 19, 13, 1, 65]",44.045105352303516
"[26, 22, 22, 48, 43, 43, 12, 27, 42, 65, 56, 20, 13, 1, 65]",44.51232147696481
"[26, 22, 22, 48, 46, 43, 12, 27, 41, 60, 56, 20, 13, 1, 64]",48.049252032520286
"[25, 22, 22, 46, 42, 43, 12, 27, 42, 65, 56, 19, 13, 1, 65]",42.340197154471525
"[25, 22, 22, 47, 42, 43, 12, 27, 42, 65, 56, 19, 13, 1, 65]",46.69170257452593
"[26, 22, 22, 47, 44, 43, 12, 27, 42, 65, 56, 19, 13, 2, 65]",45.005244241192244
"[26, 22, 22, 48, 45, 43, 12, 27, 42, 62, 56, 19, 13, 1, 65]",47.06590684281845
"[25, 22, 22, 48, 42, 43, 17, 27, 42, 65, 56, 19, 13, 1, 63]",44.35813550135494
"[29, 22, 27, 45, 44, 41, 12, 27, 37, 65, 59, 21, 14, 1, 65]",60.88439261517607
"[27, 22, 23, 47, 44, 43, 12, 26, 41, 58, 56, 19, 13, 1, 64]",45.164716124661275
"[29, 22, 24, 46, 44, 43, 15, 27, 42, 65, 57, 19, 13, 1, 65]",51.67504471544718
"[26, 22, 23, 46, 43, 43, 12, 27, 42, 65, 56, 19, 13, 1, 62]",43.22305318428203
"[27, 22, 22, 46, 44, 43, 12, 27, 41, 64, 58, 19, 13, 1, 65]",43.92783909214084
"[26, 22, 25, 44, 42, 43, 12, 27, 42, 62, 56, 19, 13, 2, 65]",46.37568021680233
"[25, 22, 22, 45, 42, 43, 12, 27, 42, 64, 56, 19, 13, 1, 65]",44.16680521680216
"[27, 22, 22, 47, 44, 43, 22, 27, 42, 62, 58, 19, 13, 1, 65]",46.64171781842817
"[26, 22, 22, 46, 46, 42, 15, 24, 42, 62, 56, 19, 13, 2, 64]",50.05043834688364
"[26, 22, 23, 46, 44, 43, 12, 27, 38, 65, 56, 19, 13, 1, 65]",51.59050033875315
"[27, 22, 23, 48, 46, 42, 12, 27, 40, 65, 56, 19, 13, 1, 65]",43.826076219512316
"[26, 22, 22, 48, 48, 43, 22, 27, 42, 60, 56, 19, 13, 1, 64]",44.49252642276428
"[25, 22, 22, 47, 45, 42, 12, 27, 42, 65, 56, 20, 13, 2, 65]",43.61958705962062
"[26, 22, 22, 48, 45, 42, 12, 27, 42, 65, 58, 20, 13, 2, 65]",43.2383475609756
"[27, 22, 22, 48, 44, 43, 12, 27, 40, 56, 56, 19, 13, 1, 63]",46.06004776422763
"[25, 22, 22, 45, 42, 43, 12, 27, 42, 65, 57, 19, 13, 1, 63]",42.340197154471525
"[25, 22, 22, 45, 42, 43, 16, 27, 42, 65, 56, 19, 13, 1, 64]",47.37435772357733
"[27, 22, 22, 47, 44, 43, 12, 27, 42, 65, 56, 19, 13, 2, 65]",43.70758434959341
"[26, 22, 24, 47, 44, 43, 12, 27, 42, 61, 56, 20, 13, 1, 65]",44.685266937669105
"[25, 22, 22, 48, 42, 43, 20, 27, 42, 65, 56, 19, 13, 1, 62]",47.80556436314367
"[28, 22, 22, 48, 44, 39, 12, 27, 34, 65, 58, 21, 15, 1, 65]",45.93929742547408
"[26, 22, 23, 46, 44, 41, 12, 25, 40, 57, 56, 19, 13, 1, 65]",43.12943157181569
"[27, 22, 22, 46, 46, 43, 13, 27, 42, 65, 60, 19, 13, 1, 65]",43.76409586720852
"[26, 22, 24, 46, 44, 43, 12, 27, 42, 65, 56, 19, 13, 1, 62]",46.877672086720814
"[27, 22, 23, 43, 45, 43, 12, 27, 40, 63, 56, 19, 13, 1, 65]",44.81516869918682
"[25, 22, 23, 46, 43, 43, 12, 27, 42, 62, 57, 19, 13, 1, 65]",44.44056165311672
"[25, 22, 23, 46, 43, 43, 12, 27, 42, 61, 58, 19, 13, 1, 65]",42.340197154471525
"[28, 22, 23, 46, 44, 43, 12, 27, 42, 63, 58, 19, 13, 1, 65]",46.54449153116523
"[26, 22, 23, 47, 42, 41, 13, 24, 42, 60, 56, 20, 13, 1, 65]",47.12312195121955
"[26, 22, 24, 46, 43, 43, 12, 24, 38, 65, 56, 19, 13, 1, 65]",44.93974864498649
"[26, 22, 23, 48, 44, 43, 12, 27, 42, 65, 56, 19, 13, 1, 65]",48.73076897018955
"[26, 22, 22, 48, 48, 43, 12, 27, 42, 61, 56, 19, 13, 1, 63]",47.823404132791275
"[25, 22, 22, 47, 44, 43, 12, 27, 42, 65, 56, 20, 13, 1, 65]",46.43202472899737
"[26, 22, 22, 47, 45, 43, 12, 27, 42, 65, 59, 19, 13, 1, 65]",60.05667445799476
"[25, 22, 26, 48, 44, 42, 12, 23, 40, 56, 56, 19, 13, 1, 65]",45.55806537940377
"[25, 22, 22, 44, 42, 43, 12, 27, 42, 65, 57, 19, 13, 1, 64]",50.32043902439003
"[25, 22, 22, 44, 42, 43, 18, 27, 42, 65, 56, 19, 13, 1, 62]",46.11898001355032
"[27, 22, 22, 46, 43, 43, 12, 27, 42, 65, 56, 19, 13, 1, 64]",44.67904437669371
"[25, 22, 26, 46, 43, 43, 12, 27, 42, 61, 56, 20, 13, 1, 65]",43.33788550135493
"[25, 22, 22, 47, 42, 43, 14, 27, 42, 65, 56, 19, 13, 1, 63]",49.42943462059608
"[27, 22, 22, 48, 45, 39, 12, 27, 40, 64, 58, 20, 15, 1, 65]",51.8628177506776
"[26, 22, 23, 45, 44, 38, 12, 26, 40, 63, 56, 19, 13, 1, 65]",44.552662262872644
"[25, 22, 22, 48, 48, 43, 12, 27, 42, 65, 57, 19, 13, 1, 65]",51.73973983739826
"[25, 22, 24, 48, 44, 43, 14, 27, 42, 65, 56, 19, 13, 1, 65]",46.47748712737127
"[26, 22, 24, 41, 46, 43, 12, 26, 39, 62, 56, 19, 13, 1, 65]",43.734422086720755
"[25, 22, 22, 48, 44, 41, 12, 27, 42, 62, 58, 19, 13, 1, 65]",43.63388685636849
"[25, 22, 23, 46, 43, 43, 12, 27, 42, 62, 58, 19, 13, 1, 65]",45.59033976964771
"[27, 22, 23, 46, 44, 43, 12, 27, 42, 64, 57, 21, 13, 1, 65]",44.36371510840106
"[26, 22, 25, 48, 42, 39, 15, 27, 41, 59, 56, 21, 13, 1, 65]",45.68491124661253
"[26, 22, 23, 46, 43, 41, 12, 24, 42, 62, 56, 19, 13, 1, 65]",43.53464769647689
"[25, 22, 23, 48, 43, 42, 12, 27, 42, 65, 57, 19, 13, 1, 65]",43.61958705962062
"[26, 22, 22, 48, 44, 43, 12, 27, 42, 65, 56, 19, 13, 2, 64]",43.90435433604333
"[25, 22, 22, 46, 43, 43, 12, 27, 42, 64, 56, 19, 13, 1, 64]",44.051309959349666
"[26, 22, 22, 46, 43, 43, 12, 27, 42, 65, 58, 19, 13, 1, 65]",47.460537601626136
"[25, 22, 28, 48, 45, 40, 15, 25, 42, 58, 56, 20, 13, 1, 65]",45.42686585365829
"[25, 22, 22, 45, 42, 43, 12, 27, 42, 65, 56, 19, 13, 1, 64]",50.59576659891596
"[25, 22, 22, 45, 42, 43, 15, 27, 42, 65, 56, 19, 13, 1, 61]",50.508693766937554
"[27, 22, 22, 45, 43, 43, 12, 27, 42, 65, 56, 19, 13, 1, 63]",44.97921307588086
"[25, 22, 27, 47, 45, 42, 15, 27, 42, 64, 56, 20, 13, 1, 64]",46.036856707316964
"[25, 22, 23, 45, 43, 43, 18, 27, 42, 65, 56, 19, 13, 2, 63]",45.19122798102982
"[26, 22, 22, 48, 45, 40, 12, 27, 42, 64, 59, 20, 13, 1, 65]",48.60223983739858
"[26, 22, 23, 46, 42, 38, 12, 27, 40, 63, 56, 19, 13, 1, 63]",47.440402439024425
"[25, 22, 22, 48, 42, 43, 12, 27, 42, 65, 56, 19, 13, 1, 65]",46.25271578590777
"[25, 22, 23, 48, 44, 43, 12, 27, 42, 65, 56, 20, 13, 1, 64]",44.98174627371271
"[25, 22, 23, 40, 42, 43, 12, 27, 41, 63, 56, 19, 13, 1, 65]",44.16927608401081
"[25, 22, 22, 45, 43, 42, 12, 27, 42, 65, 56, 19, 13, 1, 65]",47.12125813008118
"[25, 22, 22, 45, 43, 43, 12, 27, 42, 63, 56, 19, 13, 1, 65]",44.86196002710018
"[25, 22, 23, 47, 45, 43, 16, 27, 42, 62, 58, 22, 13, 1, 65]",47.72749288617883
"[26, 22, 24, 45, 42, 39, 13, 27, 40, 59, 56, 21, 13, 1, 65]",47.19913685636871
"[26, 22, 22, 46, 43, 43, 12, 27, 41, 62, 56, 19, 13, 1, 62]",46.13013685636849
"[26, 22, 23, 47, 43, 43, 12, 27, 42, 65, 56, 19, 13, 1, 65]",46.473795731707284
"[26, 22, 22, 47, 42, 43, 12, 27, 40, 65, 56, 19, 13, 2, 62]",45.857939363143615
"[25, 22, 22, 45, 43, 43, 13, 27, 42, 65, 56, 19, 13, 1, 64]",46.08842310298115
"[26, 22, 22, 47, 43, 43, 12, 27, 42, 65, 56, 20, 13, 1, 64]",46.356347222222105
"[25, 22, 27, 48, 45, 38, 17, 25, 41, 61, 56, 21, 13, 1, 65]",46.55114871273715
"[25, 22, 22, 45, 42, 43, 12, 27, 42, 65, 56, 19, 13, 1, 63]",45.3746717479675
"[25, 22, 22, 46, 42, 43, 21, 27, 42, 65, 56, 19, 13, 1, 63]",49.49965074525749
"[27, 22, 22, 45, 43, 43, 12, 27, 42, 65, 56, 19, 13, 1, 64]",45.03228556910592
"[27, 22, 24, 48, 46, 40, 14, 27, 42, 64, 56, 20, 13, 1, 64]",44.3978492547426
"[25, 22, 22, 44, 42, 43, 19, 27, 42, 65, 56, 19, 13, 2, 62]",48.58937093495935
"[26, 22, 22, 48, 44, 43, 12, 27, 38, 65, 60, 21, 13, 1, 65]",47.21611890243904
"[27, 22, 23, 45, 42, 40, 12, 26, 40, 59, 56, 19, 13, 1, 62]",46.99370867208676
"[26, 22, 23, 46, 42, 43, 12, 27, 42, 65, 56, 19, 13, 1, 63]",47.37435772357733
"[26, 22, 23, 47, 43, 42, 12, 27, 42, 65, 56, 20, 13, 1, 64]",44.5357232384824
"[25, 22, 22, 42, 42, 43, 12, 26, 41, 61, 56, 19, 13, 1, 65]",42.358771002710135
"[26, 22, 22, 46, 43, 42, 12, 27, 42, 65, 56, 19, 13, 1, 65]",44.36259451219504
"[25, 22, 22, 45, 42, 43, 12, 27, 41, 65, 56, 19, 13, 1, 65]",43.357858401084144
"[26, 22, 22, 48, 45, 43, 18, 27, 42, 59, 59, 21, 13, 1, 65]",47.24249864498621
"[26, 22, 24, 46, 44, 40, 14, 25, 41, 60, 56, 20, 13, 1, 65]",47.96751626016268
"[26, 22, 22, 45, 44, 43, 12, 27, 41, 60, 56, 19, 13, 1, 64]",57.19574966124658
"[27, 22, 23, 44, 43, 43, 12, 27, 42, 65, 56, 19, 13, 1, 63]",43.61958705962062
"[26, 22, 22, 46, 43, 43, 12, 27, 42, 65, 56, 19, 13, 1, 60]",51.90561957994566
"[25, 22, 22, 46, 43, 43, 12, 27, 42, 65, 56, 19, 13, 2, 63]",44.593050135501215
"[25, 22, 22, 47, 43, 43, 12, 27, 42, 65, 56, 19, 13, 1, 62]",46.97882994579942
"[26, 22, 25, 48, 46, 38, 13, 26, 40, 62, 56, 21, 13, 1, 65]",54.80122018970194
"[25, 22, 22, 45, 42, 43, 13, 27, 42, 65, 56, 19, 13, 2, 62]",46.72598204607048
"[25, 22, 22, 46, 42, 41, 20, 27, 42, 65, 56, 19, 13, 1, 64]",45.62312466124674
"[25, 22, 22, 47, 43, 43, 12, 27, 42, 65, 56, 19, 13, 2, 65]",46.29051693766933
"[27, 22, 22, 48, 46, 43, 12, 27, 42, 64, 57, 19, 13, 1, 65]",48.380760162601604
"[25, 22, 22, 46, 42, 43, 16, 27, 42, 65, 56, 19, 13, 1, 65]",49.187972560975396
"[28, 22, 22, 48, 43, 43, 12, 27, 36, 65, 57, 20, 13, 1, 65]",47.023425474254886
"[25, 22, 23, 46, 43, 43, 12, 24, 41, 58, 56, 19, 13, 2, 62]",52.11127269647683
"[26, 22, 22, 45, 43, 43, 12, 27, 42, 65, 57, 19, 13, 1, 62]",49.366787601626086
"[26, 22, 22, 45, 43, 43, 15, 27, 42, 64, 56, 19, 13, 1, 64]",47.35667344173442
"[25, 22, 22, 42, 42, 43, 13, 26, 42, 64, 56, 19, 13, 1, 65]",47.366087737127245
"[25, 22, 23, 48, 42, 41, 12, 27, 42, 65, 56, 20, 13, 1, 65]",44.68555013550146
"[25, 22, 22, 45, 42, 43, 12, 27, 39, 65, 56, 19, 13, 1, 64]",43.80163990514905
"[28, 22, 22, 48, 44, 43, 20, 27, 42, 65, 59, 20, 13, 1, 65]",54.943331300813206
"[25, 22, 24, 46, 45, 40, 15, 24, 41, 60, 57, 19, 13, 1, 65]",45.68256402439021
"[25, 22, 23, 46, 45, 40, 12, 26, 40, 59, 56, 20, 13, 1, 65]",43.44064803523048
"[25, 22, 23, 43, 43, 43, 12, 27, 42, 65, 56, 19, 13, 1, 62]",51.245473238482354
"[25, 22, 22, 46, 43, 43, 12, 27, 42, 65, 56, 19, 13, 1, 61]",52.27359281842825
"[25, 22, 23, 47, 43, 43, 12, 27, 42, 65, 56, 19, 13, 3, 64]",50.89902269647686
"[25, 22, 22, 47, 43, 43, 13, 27, 42, 65, 56, 19, 13, 1, 64]",50.18812364498648
"[28, 22, 22, 48, 47, 43, 13, 27, 39, 57, 56, 20, 13, 1, 65]",46.15431775067742
"[25, 22, 22, 45, 42, 43, 13, 27, 42, 65, 56, 19, 13, 1, 65]",48.51315176151766
"[25, 22, 22, 47, 42, 43, 12, 27, 42, 65, 56, 19, 13, 2, 64]",47.03421476964763
"[25, 22, 22, 47, 43, 43, 13, 27, 42, 65, 56, 19, 13, 2, 62]",46.13492310298101
"[26, 22, 22, 48, 44, 43, 12, 27, 42, 63, 56, 19, 13, 1, 65]",45.86133909214088
"[25, 22, 22, 47, 42, 43, 15, 27, 42, 65, 56, 19, 13, 1, 65]",45.19956775067744
"[26, 22, 22, 48, 43, 42, 12, 27, 37, 65, 57, 19, 13, 1, 65]",45.74716632791321
"[25, 22, 22, 46, 44, 43, 12, 26, 40, 59, 56, 19, 13, 1, 61]",50.33828692411937
"[25, 22, 22, 47, 45, 43, 12, 27, 42, 65, 58, 19, 13, 1, 62]",53.386319783197514
"[25, 22, 22, 44, 43, 43, 16, 27, 42, 62, 56, 19, 13, 1, 65]",42.592591124661304
"[25, 22, 22, 42, 42, 43, 13, 26, 42, 64, 56, 19, 13, 1, 65]",43.316841802167886
"[25, 22, 23, 46, 42, 40, 12, 27, 42, 63, 56, 21, 13, 1, 65]",43.31318495934944
"[26, 22, 23, 44, 42, 43, 12, 27, 42, 65, 56, 19, 14, 1, 65]",43.106270663956764
"[28, 22, 22, 48, 45, 43, 16, 27, 42, 65, 57, 21, 13, 1, 65]",54.132642276422786
"[25, 22, 22, 47, 44, 40, 17, 24, 42, 60, 56, 19, 13, 1, 65]",45.24978116531167
"[25, 22, 23, 48, 45, 40, 12, 26, 41, 62, 56, 20, 13, 2, 65]",43.88224085365867
"[25, 22, 22, 47, 42, 43, 13, 27, 42, 65, 56, 19, 13, 1, 61]",45.65491903794046
"[25, 22, 22, 46, 43, 43, 12, 27, 42, 65, 56, 19, 13, 2, 63]",50.18812364498648
"[25, 22, 22, 45, 44, 43, 12, 27, 42, 65, 56, 20, 13, 2, 65]",44.179934620596285
"[25, 22, 22, 47, 43, 43, 12, 27, 42, 65, 56, 19, 13, 2, 64]",45.84605826558266
"[27, 22, 23, 48, 45, 41, 17, 25, 41, 60, 56, 19, 13, 1, 65]",44.68536619241184
"[25, 22, 22, 45, 42, 43, 12, 27, 42, 65, 56, 19, 13, 1, 65]",43.39090582655821
"[25, 22, 23, 46, 42, 43, 12, 27, 42, 65, 56, 19, 13, 2, 64]",49.22928624661236
"[26, 22, 22, 47, 44, 43, 13, 27, 42, 65, 56, 19, 13, 1, 65]",53.22875813008164
"[26, 22, 23, 48, 44, 42, 13, 27, 42, 61, 56, 20, 13, 1, 64]",45.4643702574526
"[25, 22, 23, 46, 42, 43, 12, 27, 42, 65, 56, 19, 13, 1, 65]",45.072149051490584
"[25, 22, 23, 47, 45, 40, 12, 26, 42, 62, 58, 19, 13, 1, 65]",44.22891361788605
"[25, 22, 22, 45, 42, 43, 12, 27, 41, 59, 56, 19, 13, 1, 61]",53.02553319783203
"[25, 22, 22, 47, 44, 43, 12, 27, 42, 65, 56, 19, 13, 1, 64]",50.72918123306231
"[25, 22, 22, 44, 43, 41, 13, 27, 42, 65, 56, 19, 13, 1, 65]",45.2818983739839
"[25, 22, 22, 43, 42, 43, 12, 27, 41, 64, 56, 20, 13, 1, 63]",43.316841802167886
"[26, 22, 23, 44, 42, 43, 12, 27, 42, 65, 56, 19, 13, 1, 65]",45.5407926829268
"[26, 22, 23, 44, 42, 43, 12, 27, 42, 63, 57, 20, 13, 2, 62]",43.37828353658538
"[25, 22, 23, 48, 45, 43, 20, 27, 42, 65, 58, 20, 13, 1, 65]",46.16589735772368
"[27, 22, 22, 47, 42, 41, 14, 27, 41, 60, 56, 19, 13, 1, 63]",45.75541294037944
"[26, 22, 23, 48, 43, 41, 12, 26, 41, 62, 56, 20, 13, 2, 65]",45.36325033875333
"[25, 22, 22, 48, 42, 43, 13, 27, 42, 65, 56, 19, 13, 1, 64]",51.86165955284554
"[25, 22, 22, 45, 43, 43, 12, 27, 42, 65, 56, 19, 13, 1, 65]",50.89902269647686
"[26, 22, 22, 45, 43, 43, 12, 27, 42, 65, 56, 20, 13, 1, 64]",48.51001964769638
"[25, 22, 22, 46, 43, 43, 12, 27, 42, 65, 56, 19, 13, 2, 63]",45.857939363143615
"[25, 22, 26, 48, 45, 39, 16, 23, 42, 65, 56, 19, 13, 1, 65]",46.342793699187055
"[25, 22, 22, 44, 42, 43, 12, 27, 42, 65, 56, 19, 13, 1, 64]",42.340197154471525
"[25, 22, 23, 44, 44, 42, 14, 27, 42, 65, 56, 19, 13, 1, 64]",47.49257926829248
"[27, 22, 22, 45, 44, 43, 12, 27, 42, 65, 56, 19, 13, 1, 64]",46.442696138211566
"[25, 22, 24, 48, 44, 42, 14, 27, 42, 62, 56, 20, 13, 1, 64]",46.742585704607045
"[25, 22, 25, 43, 42, 43, 20, 27, 42, 65, 56, 19, 13, 1, 62]",44.20906063685624
"[25, 22, 23, 45, 46, 41, 12, 25, 42, 61, 57, 19, 13, 1, 65]",50.788190040650356
"[25, 22, 22, 44, 42, 41, 12, 27, 42, 63, 56, 19, 13, 1, 63]",46.48807147696488
"[26, 22, 23, 45, 43, 43, 12, 27, 42, 65, 56, 19, 13, 1, 65]",43.69998983739834
"[25, 22, 22, 46, 43, 43, 13, 27, 42, 65, 56, 19, 13, 2, 65]",44.01851761517637
"[25, 22, 22, 42, 42, 43, 12, 27, 42, 63, 56, 21, 13, 1, 64]",52.463424457994634
"[25, 22, 22, 46, 43, 43, 13, 27, 42, 65, 57, 19, 13, 1, 65]",45.027792344173434
"[25, 22, 22, 48, 42, 43, 12, 27, 42, 64, 58, 19, 13, 3, 64]",53.68490176151775
"[25, 22, 23, 48, 45, 43, 21, 27, 42, 64, 60, 20, 13, 1, 65]",51.89185907859089
"[27, 22, 23, 45, 42, 42, 12, 27, 42, 60, 56, 20, 13, 1, 62]",45.19548915989159
"[27, 22, 23, 46, 44, 43, 12, 26, 40, 62, 56, 20, 13, 1, 65]",45.169073509485074
"[25, 22, 22, 46, 43, 43, 12, 27, 42, 65, 56, 19, 13, 1, 62]",45.56692987804877
"[25, 22, 22, 45, 44, 43, 12, 27, 42, 65, 56, 19, 13, 1, 65]",43.075074186991664
"[25, 22, 22, 47, 43, 43, 13, 27, 42, 65, 56, 19, 13, 1, 64]",46.28211178861779
"[25, 22, 22, 45, 43, 43, 12, 27, 42, 65, 56, 19, 13, 1, 62]",50.89902269647686
"[25, 22, 27, 48, 46, 38, 12, 26, 42, 61, 56, 19, 13, 1, 62]",47.53394884823848
"[25, 22, 22, 46, 42, 43, 12, 27, 42, 65, 57, 19, 13, 1, 65]",43.8467394986449
"[25, 22, 22, 44, 44, 40, 14, 27, 42, 65, 56, 19, 13, 1, 65]",42.76384417344173
"[27, 22, 23, 45, 43, 43, 12, 27, 42, 65, 56, 19, 13, 1, 65]",45.52837872628735
"[25, 22, 24, 47, 45, 41, 12, 27, 42, 65, 56, 19, 13, 1, 65]",45.77662161246611
"[25, 22, 23, 42, 42, 43, 21, 27, 42, 65, 56, 19, 13, 1, 62]",47.02605386178871
"[26, 22, 22, 47, 45, 43, 12, 27, 40, 64, 56, 19, 13, 1, 65]",44.35146883468824
"[25, 22, 22, 43, 42, 41, 12, 27, 40, 64, 56, 19, 13, 1, 63]",50.86675575880743
"[26, 22, 23, 44, 42, 43, 12, 27, 42, 65, 56, 19, 13, 2, 65]",43.734972899729115
"[25, 22, 22, 45, 43, 43, 13, 27, 42, 65, 56, 19, 13, 1, 65]",45.85312025745252
"[25, 22, 22, 41, 42, 43, 12, 27, 41, 65, 56, 19, 13, 1, 65]",45.16085602981036
"[25, 22, 22, 48, 44, 43, 12, 27, 42, 65, 57, 20, 13, 1, 63]",44.587045054200516
"[25, 22, 22, 44, 43, 43, 12, 27, 42, 65, 57, 19, 13, 1, 65]",50.944167344173096
"[26, 22, 23, 46, 45, 43, 15, 27, 42, 63, 58, 20, 13, 1, 65]",51.67015447154471
"[27, 22, 25, 45, 43, 42, 12, 25, 41, 60, 56, 19, 13, 1, 65]",50.666242208672145
"[26, 22, 22, 46, 45, 43, 12, 27, 41, 61, 56, 19, 13, 1, 65]",46.564698509484984
"[25, 22, 22, 45, 44, 43, 12, 27, 42, 65, 56, 19, 13, 2, 62]",50.18812364498648
"[25, 22, 22, 46, 42, 43, 12, 27, 42, 65, 56, 19, 13, 1, 65]",44.11562635501356
"[25, 22, 22, 46, 43, 43, 13, 27, 42, 65, 56, 19, 13, 2, 65]",45.84605826558266
"[26, 22, 22, 45, 44, 43, 12, 27, 42, 65, 56, 19, 13, 1, 62]",48.05718970189714
"[25, 22, 26, 48, 46, 40, 12, 27, 41, 58, 56, 19, 13, 1, 62]",46.26697425474245
"[25, 22, 22, 46, 42, 43, 12, 27, 42, 65, 57, 20, 13, 2, 63]",42.340197154471525
"[25, 22, 22, 46, 42, 40, 12, 27, 42, 65, 56, 19, 13, 2, 65]",46.46729539295386
"[26, 22, 22, 46, 43, 43, 12, 27, 42, 64, 56, 19, 13, 2, 65]",43.734972899729115
"[25, 22, 23, 47, 45, 42, 12, 27, 41, 65, 56, 19, 13, 2, 64]",45.60025575880747
"[25, 22, 22, 45, 42, 43, 17, 27, 42, 65, 56, 19, 13, 1, 62]",45.957552168021834
"[27, 22, 22, 48, 43, 43, 12, 27, 38, 63, 57, 19, 13, 1, 65]",43.400370257452686
"[25, 22, 22, 44, 42, 43, 12, 25, 38, 62, 56, 19, 13, 1, 65]",47.75676795392947
"[26, 22, 23, 44, 43, 43, 12, 27, 42, 65, 56, 19, 13, 2, 65]",43.18430860433597
"[25, 22, 22, 42, 43, 43, 12, 27, 42, 65, 56, 19, 13, 1, 62]",45.73685467479669
"[25, 22, 22, 42, 42, 43, 12, 27, 42, 65, 56, 19, 13, 1, 64]",45.77892378048776
"[25, 22, 22, 46, 42, 43, 12, 27, 42, 65, 56, 20, 13, 1, 60]",51.21914600270985
"[25, 22, 22, 43, 44, 43, 12, 27, 42, 65, 57, 20, 13, 1, 65]",43.075074186991664
"[27, 22, 22, 45, 43, 43, 12, 27, 42, 65, 57, 22, 13, 1, 65]",46.11829911924113
"[25, 22, 23, 47, 43, 40, 17, 24, 41, 61, 56, 19, 13, 1, 65]",44.85940887533863
"[25, 22, 22, 47, 46, 42, 12, 27, 41, 64, 57, 19, 13, 1, 65]",43.76457249322505
"[25, 22, 23, 47, 42, 43, 12, 27, 42, 65, 56, 19, 13, 2, 64]",55.78103692411936
"[25, 22, 22, 47, 42, 43, 12, 27, 42, 65, 56, 19, 13, 1, 65]",42.340197154471525
"[25, 22, 22, 45, 44, 43, 12, 27, 42, 65, 56, 19, 13, 2, 65]",45.85312025745252
"[25, 22, 22, 47, 42, 43, 12, 27, 42, 65, 56, 19, 13, 1, 65]",47.098413279132885
"[28, 22, 25, 48, 46, 41, 12, 25, 40, 58, 56, 20, 13, 1, 62]",44.74631808943091
"[25, 22, 22, 46, 42, 43, 13, 27, 42, 65, 56, 19, 13, 1, 63]",51.34837635501336
"[25, 22, 22, 44, 42, 41, 13, 27, 42, 65, 56, 19, 13, 1, 63]",45.17785738482376
"[25, 22, 22, 47, 43, 43, 12, 27, 42, 65, 56, 19, 13, 3, 63]",44.67904437669371
"[27, 22, 23, 47, 43, 43, 12, 27, 41, 62, 56, 20, 13, 2, 63]",46.027488482384854
"[25, 22, 22, 48, 42, 43, 14, 27, 42, 65, 56, 19, 13, 1, 65]",47.71568868563694
"[26, 22, 22, 48, 43, 42, 12, 26, 38, 61, 58, 19, 13, 1, 65]",42.51348611111118
"[25, 22, 22, 45, 42, 43, 13, 25, 42, 60, 56, 19, 13, 1, 65]",48.12174051490493
"[25, 22, 22, 46, 43, 43, 13, 27, 42, 65, 56, 19, 13, 1, 65]",43.98142208672091
"[26, 22, 23, 44, 42, 43, 13, 27, 42, 65, 56, 19, 13, 1, 63]",47.42461551490499
"[25, 22, 22, 44, 42, 43, 12, 27, 42, 63, 56, 19, 13, 1, 61]",43.948684281842816
"[25, 22, 23, 45, 42, 43, 12, 27, 42, 65, 56, 19, 13, 1, 64]",57.47744512195124
"[25, 22, 22, 43, 42, 43, 12, 27, 42, 63, 57, 19, 13, 1, 64]",46.858573509484735
"[26, 22, 22, 48, 43, 43, 18, 27, 42, 64, 58, 22, 13, 1, 65]",50.903173780487705
"[25, 22, 22, 48, 45, 38, 12, 25, 42, 58, 56, 20, 13, 1, 65]",44.512207994580024
"[25, 22, 23, 47, 44, 40, 12, 26, 40, 64, 58, 19, 13, 1, 65]",43.23648848238474
"[25, 22, 23, 47, 42, 43, 12, 27, 42, 65, 56, 19, 13, 1, 63]",47.49257926829248
"[25, 22, 22, 44, 44, 43, 12, 27, 42, 65, 56, 19, 13, 1, 65]",47.37435772357733
"[25, 22, 22, 45, 43, 43, 12, 27, 42, 65, 56, 19, 13, 1, 64]",44.777002710027055
"[25, 22, 22, 45, 42, 43, 12, 27, 42, 65, 56, 19, 13, 1, 64]",47.37435772357733
"[29, 22, 23, 48, 46, 41, 12, 23, 41, 59, 56, 20, 13, 1, 63]",50.38455318428176
"[25, 22, 22, 44, 42, 43, 12, 27, 42, 65, 56, 19, 13, 1, 63]",47.73745257452584
"[25, 22, 22, 43, 42, 43, 13, 27, 42, 65, 56, 19, 13, 1, 61]",46.42494952574521
"[25, 22, 22, 43, 44, 43, 12, 27, 42, 65, 56, 19, 13, 1, 62]",59.015588075880686
"[27, 22, 23, 47, 43, 41, 14, 27, 42, 60, 56, 20, 13, 1, 65]",50.54506910569113
"[25, 22, 23, 44, 42, 43, 14, 27, 42, 65, 56, 19, 13, 1, 65]",46.69129674796742
"[26, 22, 22, 43, 46, 42, 12, 27, 41, 61, 58, 19, 13, 1, 65]",45.62038787262866
"[25, 22, 22, 45, 42, 39, 12, 26, 42, 59, 56, 19, 13, 1, 65]",46.77299051490508
"[25, 22, 22, 42, 44, 43, 13, 27, 42, 65, 56, 19, 13, 1, 65]",44.587045054200516
"[26, 22, 22, 44, 42, 43, 12, 27, 42, 65, 56, 19, 13, 1, 64]",47.62035873983767
"[25, 22, 22, 43, 42, 43, 13, 27, 42, 65, 56, 19, 13, 1, 61]",50.223186991870044
"[25, 22, 22, 43, 44, 43, 12, 27, 42, 65, 56, 19, 13, 1, 64]",43.8467394986449
"[25, 22, 22, 44, 42, 43, 12, 27, 42, 65, 57, 19, 13, 1, 62]",45.430422086720775
"[25, 22, 22, 44, 47, 43, 19, 27, 42, 61, 59, 19, 13, 1, 65]",56.956959688346544
"[26, 22, 22, 43, 46, 39, 12, 26, 39, 60, 56, 19, 13, 1, 64]",46.99007859078578
"[25, 22, 23, 44, 43, 43, 13, 27, 39, 65, 57, 19, 13, 1, 65]",48.01782655826574
"[25, 22, 22, 42, 42, 43, 13, 27, 42, 65, 56, 19, 13, 1, 64]",44.752090785907896
"[26, 22, 23, 42, 47, 43, 12, 26, 42, 65, 56, 19, 13, 2, 65]",41.616363143631375
"[25, 22, 23, 45, 45, 41, 13, 27, 42, 65, 56, 20, 13, 1, 63]",44.45503285907839
"[25, 22, 22, 41, 44, 43, 12, 27, 42, 65, 56, 19, 13, 1, 65]",45.3746717479675
"[26, 22, 23, 47, 49, 39, 12, 25, 40, 57, 56, 19, 13, 1, 65]",47.17128861788617
"[25, 22, 22, 43, 43, 43, 12, 27, 42, 65, 56, 19, 13, 1, 65]",45.06006639566395
"[25, 22, 22, 40, 44, 43, 12, 27, 42, 65, 56, 19, 13, 1, 64]",47.69118123306239
"[26, 22, 22, 42, 44, 43, 12, 27, 42, 65, 56, 19, 13, 1, 62]",47.42461551490499
"[25, 22, 23, 44, 44, 40, 13, 27, 42, 63, 56, 19, 13, 1, 64]",43.161633807588004
"[25, 22, 23, 41, 42, 43, 13, 27, 42, 65, 56, 19, 13, 1, 65]",43.79210907859079
"[26, 22, 22, 44, 46, 43, 12, 27, 42, 60, 57, 19, 13, 1, 65]",47.006035907859186
"[26, 22, 23, 42, 44, 40, 12, 26, 42, 60, 56, 19, 13, 1, 65]",48.009454607045974
"[25, 22, 22, 40, 43, 43, 12, 27, 42, 65, 56, 19, 13, 1, 62]",44.91781910569107
"[25, 22, 22, 43, 42, 43, 14, 27, 42, 65, 56, 19, 13, 1, 62]",49.24475372628739
"[25, 22, 22, 42, 42, 43, 12, 27, 42, 65, 56, 19, 13, 1, 63]",47.69118123306239
"[25, 22, 22, 43, 44, 42, 13, 27, 42, 65, 56, 19, 13, 2, 63]",44.0386642953929
"[25, 22, 22, 43, 44, 43, 12, 27, 42, 65, 56, 19, 13, 1, 62]",46.82638990514892
"[25, 22, 23, 42, 49, 43, 12, 27, 42, 64, 57, 20, 13, 1, 65]",45.586805216802205
"[27, 22, 25, 44, 47, 39, 13, 24, 39, 59, 56, 19, 13, 1, 63]",46.13751659891621
"[26, 22, 22, 42, 45, 43, 12, 27, 37, 63, 57, 19, 13, 1, 65]",42.6761913956639
"[25, 22, 22, 43, 42, 43, 12, 27, 42, 65, 56, 19, 13, 1, 65]",44.71452743902445
"[26, 22, 22, 43, 46, 43, 12, 27, 42, 65, 57, 19, 13, 1, 65]",46.97084620596206
"[25, 22, 23, 45, 45, 43, 12, 27, 42, 65, 56, 20, 13, 2, 63]",47.81019681571789
"[25, 22, 22, 40, 46, 43, 12, 27, 42, 65, 56, 19, 13, 2, 65]",43.69728489159892
"[25, 22, 25, 45, 48, 39, 12, 26, 41, 57, 56, 19, 13, 1, 65]",44.47019308943093
"[25, 21, 22, 43, 44, 43, 12, 27, 42, 65, 56, 19, 13, 1, 65]",45.02531842818432
"[25, 22, 22, 39, 46, 42, 12, 27, 42, 65, 56, 20, 13, 1, 65]",42.742483401083845
"[25, 22, 22, 45, 45, 43, 12, 27, 42, 65, 56, 19, 13, 1, 64]",49.186938685636825
"[25, 22, 24, 44, 47, 41, 12, 27, 42, 63, 56, 19, 14, 1, 63]",46.681725271002776
"[26, 22, 22, 43, 45, 43, 12, 27, 42, 62, 56, 20, 13, 2, 65]",43.55990853658524
"[25, 22, 22, 45, 44, 42, 12, 26, 41, 59, 56, 19, 13, 1, 65]",44.14124051490521
"[26, 22, 22, 43, 43, 43, 12, 25, 41, 62, 56, 19, 13, 1, 65]",43.57891497289982
"[25, 22, 22, 44, 42, 43, 12, 27, 42, 65, 56, 19, 13, 1, 62]",50.5233770325203
"[25, 22, 22, 42, 43, 43, 18, 27, 42, 65, 56, 19, 13, 1, 62]",53.95714227642269
"[25, 22, 22, 39, 42, 43, 12, 27, 42, 65, 56, 19, 13, 1, 65]",46.7237730352302
"[25, 22, 22, 44, 42, 43, 13, 27, 42, 65, 56, 20, 13, 1, 65]",48.01766734417341
"[25, 22, 22, 43, 43, 43, 13, 27, 42, 65, 56, 19, 13, 1, 65]",47.42461551490499
"[26, 22, 23, 44, 43, 43, 16, 27, 42, 64, 57, 21, 13, 1, 65]",44.33565616531177
"[26, 22, 23, 48, 46, 38, 16, 23, 39, 58, 56, 20, 13, 1, 65]",46.377996951219394
"[27, 22, 22, 42, 43, 43, 12, 27, 42, 63, 56, 19, 13, 1, 65]",46.08167479674806
"[25, 22, 22, 44, 43, 42, 12, 27, 42, 65, 56, 19, 13, 2, 65]",43.075074186991664
"[26, 22, 22, 43, 45, 43, 12, 27, 42, 65, 57, 19, 13, 1, 65]",46.16602642276423
"[25, 22, 22, 45, 44, 43, 12, 27, 42, 65, 56, 19, 13, 1, 65]",48.876644986449875
"[25, 22, 22, 42, 46, 43, 12, 27, 42, 65, 56, 19, 13, 3, 65]",45.63573136856363
"[25, 22, 25, 45, 47, 38, 14, 26, 42, 55, 56, 20, 13, 1, 65]",44.617247967479855
"[25, 22, 22, 44, 45, 43, 12, 27, 42, 65, 56, 19, 13, 1, 63]",48.263753048780345
"[25, 22, 22, 42, 42, 42, 12, 27, 42, 65, 56, 20, 13, 2, 65]",43.605323170731666
"[26, 22, 22, 46, 45, 43, 12, 27, 42, 65, 56, 19, 13, 1, 63]",45.287667682926745
"[25, 22, 23, 45, 48, 42, 12, 27, 42, 61, 56, 20, 13, 1, 65]",54.52300677506755
"[28, 22, 22, 45, 46, 43, 12, 27, 42, 60, 56, 19, 13, 3, 65]",42.07398136856373
"[25, 22, 22, 46, 42, 41, 12, 25, 40, 65, 57, 19, 13, 1, 65]",45.09411754742568
"[25, 22, 22, 46, 42, 43, 12, 26, 38, 62, 56, 19, 13, 1, 65]",47.13837669376686
"[25, 22, 22, 46, 42, 43, 12, 27, 42, 65, 56, 19, 13, 2, 65]",46.82638990514892
"[25, 22, 22, 42, 44, 43, 18, 27, 42, 65, 56, 19, 13, 1, 65]",57.56945223577245
"[25, 22, 22, 43, 42, 43, 12, 27, 42, 65, 56, 19, 13, 1, 65]",48.92944004065039
"[25, 22, 22, 44, 43, 43, 12, 27, 42, 65, 56, 21, 13, 1, 65]",44.97860535230353
"[25, 22, 23, 44, 43, 43, 12, 27, 42, 65, 56, 20, 13, 1, 65]",43.316841802167886
"[27, 22, 23, 46, 42, 43, 22, 27, 42, 62, 58, 20, 13, 2, 65]",49.788371612466214
"[25, 22, 24, 47, 46, 37, 16, 23, 39, 58, 56, 19, 13, 1, 65]",44.54157926829253
"[25, 22, 22, 41, 43, 43, 12, 27, 42, 62, 56, 19, 13, 1, 64]",49.33041463414618
"[25, 22, 22, 42, 43, 41, 12, 27, 42, 65, 56, 19, 13, 2, 65]",46.06917682926823
"[25, 22, 22, 45, 45, 43, 13, 26, 42, 65, 56, 19, 13, 1, 63]",44.438140582655905
"[25, 22, 22, 44, 45, 43, 13, 27, 42, 65, 56, 19, 13, 1, 65]",44.11562635501356
"[25, 22, 22, 47, 42, 43, 12, 27, 42, 65, 57, 19, 13, 1, 65]",52.17096951219517
"[27, 22, 22, 45, 46, 40, 15, 21, 38, 57, 56, 19, 13, 1, 65]",45.13062432249292
"[25, 22, 22, 45, 44, 43, 12, 27, 42, 65, 56, 19, 13, 1, 63]",46.025290311653414
"[25, 22, 22, 41, 42, 43, 12, 27, 42, 65, 56, 19, 13, 2, 63]",46.32399762872635
"[26, 22, 22, 44, 43, 43, 13, 27, 42, 65, 56, 19, 13, 2, 65]",45.117692750677406
"[26, 22, 23, 46, 48, 42, 13, 27, 41, 59, 56, 21, 13, 1, 65]",44.787950542005554
"[27, 22, 22, 46, 47, 43, 12, 27, 42, 62, 59, 19, 13, 1, 65]",45.21683570460697
"[25, 22, 22, 44, 42, 40, 12, 26, 39, 65, 56, 19, 13, 1, 65]",44.48848204607047
"[25, 22, 23, 44, 44, 42, 12, 26, 40, 61, 56, 19, 13, 1, 65]",45.55462330623304
"[25, 22, 22, 43, 45, 43, 12, 27, 42, 65, 56, 19, 13, 2, 65]",43.40689397018963
"[25, 22, 22, 44, 43, 43, 12, 27, 42, 65, 56, 20, 13, 1, 65]",45.399307926829344
"[25, 22, 22, 46, 42, 43, 13, 27, 42, 65, 56, 19, 13, 1, 64]",43.075074186991664
"[25, 22, 22, 43, 44, 43, 12, 27, 42, 65, 56, 21, 13, 1, 64]",46.040135501355124
"[25, 22, 23, 45, 42, 43, 12, 27, 42, 65, 56, 20, 13, 1, 65]",44.47414126016254
"[25, 22, 22, 48, 44, 43, 21, 27, 42, 60, 59, 20, 13, 1, 65]",49.5600321815717
"[25, 22, 24, 45, 44, 38, 15, 25, 40, 57, 57, 19, 13, 1, 65]",45.76824932249329
"[25, 22, 22, 41, 43, 43, 12, 27, 38, 63, 56, 19, 13, 2, 64]",44.13113855013551
"[25, 22, 22, 41, 42, 41, 12, 27, 42, 65, 56, 19, 13, 1, 64]",43.24077879403787
"[25, 22, 22, 43, 46, 43, 13, 27, 42, 65, 56, 19, 13, 1, 62]",47.184616869918706
"[25, 22, 22, 45, 46, 43, 12, 27, 42, 64, 56, 19, 13, 1, 62]",43.99778794037934
"[25, 22, 22, 44, 43, 43, 12, 27, 42, 65, 58, 19, 13, 1, 65]",47.37435772357733
"[26, 22, 22, 46, 46, 40, 12, 20, 36, 58, 56, 19, 13, 1, 63]",45.33652439024386
"[25, 22, 22, 45, 42, 43, 13, 27, 42, 65, 56, 19, 13, 1, 62]",45.69318834688327
"[25, 22, 22, 37, 42, 43, 13, 27, 42, 65, 56, 19, 13, 1, 64]",47.73152608401078
"[27, 22, 23, 44, 45, 43, 12, 27, 42, 65, 56, 19, 13, 3, 65]",43.0796527777779
"[27, 22, 24, 47, 47, 41, 12, 27, 40, 61, 56, 20, 13, 1, 65]",47.6552320460703
"[26, 22, 22, 45, 46, 43, 12, 27, 42, 65, 56, 20, 13, 1, 65]",46.76860670731696
"[25, 22, 22, 44, 43, 42, 12, 27, 39, 64, 57, 19, 13, 2, 65]",45.77852201897017
"[25, 22, 23, 43, 46, 42, 12, 26, 41, 59, 56, 19, 13, 1, 65]",47.48605995934943
"[25, 22, 22, 42, 45, 43, 12, 27, 42, 65, 56, 19, 13, 2, 65]",45.02632046070455
"[25, 22, 22, 44, 43, 43, 12, 27, 42, 65, 56, 21, 13, 1, 65]",45.73540006775086
"[25, 22, 22, 43, 42, 43, 14, 27, 42, 63, 56, 19, 13, 1, 61]",43.584680894308875
"[25, 22, 22, 43, 46, 42, 12, 27, 42, 65, 56, 19, 13, 1, 65]",42.95528285907874
"[25, 22, 22, 46, 44, 43, 12, 27, 42, 64, 56, 19, 13, 1, 62]",44.353529132791294
"[25, 22, 22, 47, 48, 43, 20, 27, 42, 65, 56, 21, 13, 1, 65]",56.72086077235779
"[27, 22, 23, 45, 45, 38, 12, 26, 39, 57, 57, 20, 13, 1, 64]",44.23427540650399
"[25, 22, 22, 43, 43, 43, 12, 27, 39, 62, 56, 19, 13, 3, 65]",46.387929200542004
"[25, 22, 22, 42, 44, 43, 12, 27, 42, 65, 57, 19, 13, 1, 63]",43.42007079945801
"[25, 22, 22, 42, 45, 43, 12, 26, 42, 65, 56, 19, 13, 1, 65]",48.29439159891579
"[25, 22, 22, 45, 44, 43, 12, 27, 42, 65, 56, 19, 13, 1, 62]",47.23298136856343
"[25, 22, 22, 42, 46, 43, 13, 27, 42, 65, 59, 19, 13, 1, 65]",45.20081199186987
"[25, 22, 23, 47, 47, 39, 12, 27, 38, 56, 56, 20, 13, 1, 65]",45.61080521680229
"[25, 22, 22, 46, 42, 43, 13, 27, 42, 65, 56, 19, 13, 1, 61]",47.715645663956565
"[26, 22, 22, 42, 44, 42, 13, 27, 41, 64, 56, 19, 13, 1, 65]",43.660004065040695
"[26, 22, 23, 44, 44, 43, 12, 27, 42, 65, 56, 19, 13, 3, 65]",44.940041327913356
"[27, 22, 23, 46, 46, 39, 12, 26, 38, 61, 58, 19, 13, 1, 65]",42.513042005419976
"[27, 22, 22, 45, 45, 43, 13, 27, 42, 65, 56, 20, 13, 1, 63]",46.23799864498633
"[26, 22, 22, 45, 46, 43, 12, 27, 40, 63, 57, 19, 13, 1, 65]",45.62439024390235
"[26, 22, 22, 45, 45, 41, 12, 27, 40, 58, 56, 19, 13, 1, 65]",45.25655623306244
"[25, 22, 22, 44, 43, 43, 12, 27, 42, 65, 56, 19, 13, 1, 65]",45.02632046070455
"[25, 22, 22, 42, 43, 43, 12, 27, 42, 65, 56, 19, 13, 1, 65]",46.040135501355124
"[25, 22, 22, 41, 42, 43, 12, 27, 42, 65, 56, 19, 13, 1, 61]",54.660210704607024
"[25, 22, 22, 41, 44, 43, 12, 27, 42, 65, 56, 19, 13, 1, 65]",45.62242140921424
"[25, 22, 22, 45, 44, 43, 13, 27, 42, 65, 58, 19, 13, 1, 63]",47.973440718157235
"[26, 22, 24, 45, 49, 43, 19, 27, 42, 65, 56, 20, 13, 1, 65]",47.946649051490425
"[28, 22, 22, 45, 45, 40, 16, 26, 38, 58, 57, 20, 13, 1, 63]",45.86494410569097
"[26, 22, 22, 43, 44, 43, 12, 27, 40, 64, 56, 19, 13, 3, 64]",46.60738990514896
"[25, 22, 22, 44, 43, 43, 12, 27, 42, 65, 56, 19, 13, 2, 65]",47.993325880758526
"[25, 22, 22, 42, 45, 43, 12, 27, 42, 63, 56, 19, 13, 1, 64]",43.88736822493236
"[25, 22, 22, 44, 43, 43, 12, 27, 42, 65, 56, 19, 13, 1, 65]",47.098413279132885
"[25, 22, 22, 45, 42, 43, 13, 27, 42, 65, 56, 20, 13, 1, 65]",44.71891192411919
"[25, 22, 25, 48, 46, 37, 14, 26, 39, 55, 56, 21, 13, 1, 64]",45.42721815718163
"[25, 22, 22, 43, 42, 43, 12, 27, 42, 65, 56, 19, 13, 1, 60]",47.715645663956565
"[25, 22, 22, 43, 45, 43, 12, 27, 42, 65, 56, 20, 13, 2, 65]",49.39927777777777
"[26, 22, 23, 44, 45, 43, 12, 27, 42, 65, 56, 19, 13, 1, 65]",49.628979674796824
"[27, 22, 23, 46, 47, 39, 12, 24, 38, 60, 58, 19, 13, 1, 65]",49.08110806233068
"[27, 22, 23, 43, 45, 43, 13, 27, 42, 62, 56, 19, 14, 2, 61]",49.313159552845605
"[26, 22, 22, 45, 44, 42, 13, 26, 42, 61, 57, 19, 13, 1, 65]",44.58193631436314
"[26, 22, 22, 46, 44, 41, 12, 27, 41, 62, 56, 19, 13, 2, 64]",43.598664634146516
"[25, 22, 22, 45, 43, 43, 12, 27, 42, 65, 56, 19, 13, 1, 65]",43.075074186991664
"[25, 22, 22, 42, 45, 43, 12, 27, 42, 63, 57, 19, 13, 1, 65]",41.616363143631375
"[25, 22, 22, 41, 43, 43, 12, 27, 42, 65, 56, 19, 13, 1, 65]",48.40780894308935
"[25, 22, 22, 44, 43, 43, 12, 27, 42, 65, 56, 19, 13, 1, 63]",43.69728489159892
"[25, 22, 22, 44, 44, 43, 12, 27, 42, 63, 56, 19, 13, 1, 63]",49.49907621951222
"[27, 22, 23, 47, 45, 43, 14, 27, 42, 65, 59, 19, 13, 1, 65]",45.139613482384775
"[28, 22, 23, 46, 45, 38, 14, 24, 40, 57, 56, 20, 13, 1, 64]",58.58288075880754
"[26, 22, 22, 41, 45, 43, 12, 26, 40, 65, 58, 19, 13, 1, 63]",45.0230680894312
"[25, 22, 22, 44, 42, 43, 13, 27, 42, 65, 56, 19, 13, 1, 65]",43.898867886178685
"[25, 22, 22, 44, 45, 43, 13, 27, 42, 60, 56, 19, 13, 3, 63]",46.51240108401096
"[25, 22, 22, 45, 45, 43, 12, 27, 42, 65, 56, 19, 13, 1, 65]",43.075074186991664
"[26, 22, 22, 45, 42, 43, 12, 27, 42, 65, 56, 21, 13, 2, 64]",45.38267818428199
"[26, 22, 25, 48, 46, 39, 14, 23, 42, 58, 56, 19, 13, 1, 65]",45.50194139566405
"[25, 22, 22, 42, 42, 43, 12, 27, 42, 65, 56, 19, 13, 1, 65]",52.12448746612472
"[25, 22, 22, 44, 44, 43, 12, 27, 41, 65, 56, 19, 13, 2, 65]",44.81967344173436
"[26, 22, 22, 43, 45, 43, 12, 27, 42, 65, 57, 19, 13, 1, 65]",48.263753048780345
"[26, 22, 23, 46, 46, 41, 12, 27, 39, 61, 56, 19, 13, 1, 65]",45.46653997289977
"[27, 22, 24, 43, 46, 43, 12, 27, 42, 62, 56, 19, 14, 3, 65]",57.66891836043379
"[25, 22, 22, 46, 44, 42, 13, 26, 41, 62, 58, 19, 13, 1, 63]",43.69603523035217
"[26, 22, 22, 47, 45, 42, 12, 25, 41, 63, 56, 20, 13, 1, 65]",44.369356368563466
"[26, 22, 22, 45, 44, 43, 12, 27, 42, 65, 57, 19, 13, 1, 65]",43.075074186991664
"[25, 21, 22, 41, 44, 43, 12, 27, 42, 62, 57, 19, 13, 1, 65]",44.899476287262964
"[25, 22, 22, 43, 42, 43, 12, 27, 42, 65, 56, 19, 13, 1, 65]",44.11073814363154
"[25, 22, 22, 43, 44, 43, 12, 26, 42, 65, 56, 19, 13, 1, 64]",47.771436991870054
"[25, 22, 22, 44, 43, 43, 12, 27, 42, 65, 56, 19, 13, 1, 65]",45.795908536585394
"[26, 22, 22, 47, 45, 43, 12, 27, 42, 65, 59, 19, 13, 1, 65]",43.76934586720858
"[27, 22, 24, 46, 45, 37, 13, 25, 39, 57, 56, 20, 13, 1, 65]",45.14634044715469
"[25, 22, 22, 40, 43, 43, 12, 27, 40, 65, 57, 19, 13, 1, 64]",48.7682730352305
"[25, 22, 22, 44, 45, 43, 12, 27, 42, 65, 56, 19, 13, 1, 65]",47.46629403794041
"[25, 22, 22, 43, 45, 43, 13, 27, 42, 64, 56, 19, 13, 3, 65]",53.31812466124663
"[25, 22, 22, 45, 45, 43, 12, 27, 42, 64, 56, 19, 13, 1, 65]",44.08680758807584
"[26, 22, 23, 46, 44, 43, 12, 27, 42, 65, 56, 21, 13, 1, 64]",45.18642445799439
"[27, 22, 23, 48, 47, 39, 12, 24, 41, 60, 56, 19, 13, 1, 65]",42.43900609756098
"[25, 22, 22, 42, 43, 43, 12, 27, 42, 65, 56, 19, 13, 1, 65]",45.02531842818432
"[25, 22, 22, 41, 43, 43, 13, 27, 41, 65, 56, 19, 13, 1, 64]",45.83953014905139
"[25, 22, 22, 45, 45, 43, 13, 27, 42, 65, 56, 19, 13, 1, 65]",44.438140582655905
"[26, 22, 23, 45, 46, 41, 12, 27, 39, 60, 56, 19, 13, 1, 65]",48.198445121951316
"[27, 22, 22, 45, 46, 43, 12, 27, 42, 62, 56, 19, 13, 1, 65]",49.63376151761514
"[25, 22, 22, 44, 44, 43, 12, 26, 39, 63, 56, 19, 13, 1, 63]",45.99153048780511
"[26, 22, 22, 43, 46, 41, 12, 25, 42, 62, 56, 19, 13, 1, 65]",44.01929708672087
"[25, 22, 22, 44, 44, 43, 13, 27, 42, 65, 57, 19, 13, 1, 65]",44.11562635501356
"[25, 21, 22, 43, 42, 43, 12, 27, 42, 65, 57, 19, 13, 1, 65]",44.48244241192408
"[25, 22, 22, 41, 44, 43, 12, 27, 41, 65, 56, 19, 13, 2, 65]",43.075074186991664
"[25, 22, 22, 41, 46, 43, 12, 27, 42, 65, 56, 19, 13, 1, 63]",43.4597503387533
"[25, 22, 23, 45, 45, 43, 12, 27, 41, 65, 56, 19, 13, 1, 65]",43.075074186991664
"[25, 22, 22, 45, 44, 43, 12, 27, 42, 64, 56, 20, 13, 1, 65]",47.460537601626136
"[25, 22, 24, 46, 47, 37, 12, 26, 39, 58, 56, 21, 13, 1, 65]",49.19975101626017
"[25, 22, 22, 42, 42, 43, 12, 27, 40, 65, 56, 19, 13, 1, 63]",48.32854607046076
"[25, 22, 22, 43, 46, 43, 12, 27, 42, 65, 56, 19, 13, 1, 65]",44.15505623306215
"[25, 22, 22, 42, 45, 43, 13, 27, 42, 65, 56, 19, 13, 1, 64]",48.69541666666662
"[25, 22, 22, 44, 44, 43, 13, 27, 42, 63, 56, 19, 13, 1, 65]",44.08680758807584
"[25, 22, 23, 44, 46, 43, 12, 27, 42, 65, 57, 19, 13, 1, 65]",46.49775271002706
"[27, 22, 22, 45, 47, 40, 12, 26, 38, 63, 56, 19, 13, 2, 65]",42.896933943089415
"[25, 22, 22, 43, 45, 43, 12, 27, 42, 65, 56, 19, 13, 1, 65]",41.616363143631375
"[25, 22, 22, 41, 44, 43, 13, 27, 42, 65, 58, 20, 13, 1, 64]",43.49797831978315
"[25, 22, 22, 46, 45, 43, 13, 27, 42, 65, 56, 19, 13, 2, 65]",46.65881402439023
"[27, 22, 22, 45, 46, 40, 12, 27, 40, 60, 56, 19, 13, 1, 65]",43.76893360433602
"[27, 22, 22, 46, 46, 43, 12, 27, 42, 62, 56, 19, 13, 1, 64]",42.269156842818575
"[25, 22, 22, 43, 42, 43, 12, 27, 38, 65, 56, 19, 13, 1, 65]",43.79884688346891
"[26, 22, 23, 43, 44, 40, 12, 25, 42, 60, 56, 19, 13, 1, 65]",43.52978048780491
"[25, 22, 22, 44, 44, 43, 13, 27, 42, 65, 56, 19, 13, 1, 64]",44.6181419376697
"[25, 22, 22, 44, 42, 43, 12, 27, 42, 65, 56, 19, 13, 1, 65]",46.06400271002708
"[25, 22, 22, 43, 42, 43, 12, 26, 42, 65, 56, 19, 13, 1, 64]",43.84934620596205
"[25, 22, 22, 41, 45, 43, 12, 27, 42, 65, 56, 19, 13, 2, 64]",45.83138143631425
"[25, 22, 24, 45, 45, 43, 13, 27, 42, 65, 56, 19, 13, 2, 65]",45.38982825203257
"[25, 22, 22, 43, 45, 43, 12, 27, 42, 65, 56, 20, 13, 1, 65]",46.30510840108405
"[25, 22, 23, 46, 43, 39, 13, 24, 41, 58, 56, 19, 13, 1, 63]",44.92468834688342
"[25, 22, 22, 43, 43, 43, 12, 27, 40, 64, 56, 19, 13, 1, 64]",44.165365514905204
"[25, 22, 22, 44, 43, 43, 12, 27, 42, 65, 56, 19, 13, 2, 65]",43.66720934959341
"[25, 22, 22, 43, 44, 43, 12, 27, 42, 65, 56, 19, 13, 1, 63]",44.049641937669435
"[25, 22, 22, 44, 43, 43, 13, 27, 42, 65, 56, 19, 13, 1, 64]",44.26277913279135
"[25, 22, 22, 45, 45, 43, 12, 27, 42, 65, 57, 19, 13, 1, 65]",43.40863888888889
"[27, 22, 23, 44, 48, 39, 12, 26, 36, 63, 57, 19, 13, 2, 65]",42.264635501355215
"[25, 22, 22, 42, 46, 43, 12, 27, 42, 65, 56, 19, 13, 1, 65]",43.72652134146344
"[25, 21, 22, 43, 43, 43, 12, 27, 42, 65, 58, 21, 13, 1, 63]",52.51879403794026
"[25, 22, 23, 45, 46, 43, 13, 27, 42, 65, 56, 19, 13, 2, 63]",45.26732689701906
"[28, 22, 22, 45, 46, 39, 12, 27, 40, 63, 56, 19, 13, 1, 65]",43.94743597560988
"[26, 22, 22, 45, 46, 43, 12, 27, 40, 62, 56, 19, 13, 1, 61]",43.78835467479686
"[25, 22, 22, 46, 42, 43, 12, 26, 42, 62, 56, 19, 13, 1, 64]",44.15750338753382
"[25, 22, 24, 45, 42, 43, 12, 27, 40, 60, 56, 20, 13, 1, 64]",46.655409891599
"[25, 22, 22, 44, 44, 43, 12, 27, 40, 65, 56, 19, 13, 1, 61]",44.14585569105702
"[25, 22, 22, 42, 42, 43, 12, 27, 42, 65, 56, 19, 13, 1, 65]",49.234655826558104
"[25, 22, 22, 41, 42, 43, 12, 26, 42, 64, 56, 19, 13, 1, 64]",46.26588279132789
"[25, 22, 22, 45, 43, 43, 13, 27, 42, 65, 57, 19, 13, 2, 65]",47.69750169376697
"[25, 22, 23, 44, 44, 43, 13, 27, 42, 65, 56, 19, 13, 2, 64]",43.20823882113806
"[25, 22, 22, 43, 46, 43, 12, 27, 42, 65, 56, 19, 13, 1, 64]",44.94237906504064
"[25, 22, 22, 45, 43, 39, 13, 22, 40, 57, 57, 19, 14, 1, 65]",45.78791226287267
"[25, 21, 22, 44, 44, 43, 12, 27, 41, 65, 56, 19, 13, 1, 65]",43.45614126016267
"[25, 22, 22, 42, 42, 43, 12, 27, 42, 65, 56, 19, 13, 1, 65]",43.898867886178685
"[26, 22, 23, 44, 45, 42, 12, 27, 42, 65, 56, 19, 13, 2, 64]",50.824655826558214
"[25, 22, 22, 43, 44, 43, 12, 27, 42, 65, 56, 19, 13, 1, 64]",44.593050135501215
"[26, 22, 22, 45, 43, 43, 13, 27, 42, 65, 56, 19, 13, 1, 64]",44.08680758807584
"[26, 22, 23, 44, 48, 42, 12, 26, 38, 65, 57, 19, 13, 2, 65]",47.7754400406505
"[25, 22, 22, 43, 43, 43, 12, 27, 42, 65, 56, 19, 13, 1, 64]",44.3415416666668
"[25, 21, 22, 37, 43, 43, 12, 27, 42, 65, 58, 19, 13, 1, 65]",50.10925813008138
"[28, 22, 23, 43, 44, 43, 12, 27, 42, 65, 56, 19, 13, 1, 65]",50.13445460704612
"[27, 22, 23, 45, 46, 38, 12, 25, 40, 64, 56, 19, 13, 1, 65]",43.2984027777778
"[27, 22, 22, 44, 45, 43, 13, 27, 42, 65, 56, 19, 13, 3, 64]",45.282997289972826
"[25, 22, 22, 45, 42, 43, 12, 26, 42, 62, 56, 19, 13, 1, 61]",42.818356707317136
"[25, 22, 22, 45, 42, 43, 12, 27, 40, 63, 56, 20, 13, 2, 64]",45.64303285907854
"[25, 21, 22, 44, 42, 43, 12, 27, 42, 65, 56, 19, 13, 1, 62]",48.61777066395677
"[25, 22, 22, 40, 44, 41, 12, 27, 42, 65, 56, 19, 13, 1, 65]",45.02531842818432
"[26, 22, 22, 42, 42, 43, 12, 27, 42, 62, 56, 19, 13, 2, 61]",45.68305589430882
"[25, 22, 22, 45, 44, 43, 14, 27, 42, 65, 57, 19, 13, 1, 65]",47.350777777777594
"[26, 22, 22, 44, 44, 43, 12, 27, 42, 63, 56, 19, 13, 2, 63]",51.67520934959375
"[25, 22, 22, 45, 42, 43, 12, 27, 42, 65, 57, 19, 13, 2, 63]",48.55036314363155
"[25, 21, 24, 44, 43, 39, 14, 23, 38, 57, 56, 20, 13, 1, 63]",46.151083333333446
"[25, 22, 22, 41, 45, 43, 13, 27, 41, 65, 56, 19, 13, 1, 65]",44.853828929539326
"[25, 22, 22, 42, 45, 43, 12, 27, 42, 65, 57, 20, 13, 1, 65]",45.02531842818432
"[26, 22, 22, 43, 46, 43, 12, 26, 42, 65, 56, 19, 13, 2, 65]",44.52305860433626
"[25, 22, 22, 43, 46, 43, 12, 27, 42, 65, 56, 19, 13, 1, 62]",44.0386642953929
"[25, 22, 22, 46, 44, 43, 13, 27, 42, 65, 56, 19, 13, 2, 63]",43.75948712737141
"[25, 22, 23, 46, 47, 42, 12, 27, 39, 63, 56, 19, 13, 1, 65]",46.20578489159876
"[25, 22, 22, 43, 43, 43, 12, 27, 42, 65, 56, 19, 13, 2, 61]",43.948684281842816
"[25, 22, 22, 41, 43, 43, 12, 27, 42, 65, 56, 19, 13, 1, 65]",48.849920054200574
"[26, 22, 22, 43, 44, 43, 13, 27, 42, 65, 56, 19, 13, 1, 65]",44.21296273712756
"[26, 22, 23, 46, 47, 42, 12, 26, 39, 60, 56, 19, 13, 1, 65]",43.267303184282056
"[27, 22, 22, 43, 44, 43, 12, 27, 42, 64, 56, 19, 13, 3, 63]",46.224038617886166
"[25, 22, 22, 45, 44, 43, 12, 27, 41, 63, 56, 19, 13, 1, 65]",49.768211720867235
"[25, 22, 22, 44, 45, 42, 12, 25, 41, 62, 56, 19, 13, 2, 65]",44.605033197831915
"[25, 22, 22, 41, 42, 43, 12, 27, 42, 65, 56, 19, 13, 1, 62]",47.973440718157235
"[25, 22, 22, 41, 45, 43, 13, 27, 41, 65, 56, 19, 13, 1, 63]",45.89406639566405
"[26, 22, 22, 43, 43, 43, 12, 27, 42, 62, 56, 19, 13, 2, 64]",56.245488821138075
"[25, 22, 22, 41, 46, 43, 12, 27, 42, 65, 58, 19, 13, 1, 65]",44.44674593495947
"[25, 22, 22, 45, 43, 43, 12, 27, 42, 61, 57, 19, 13, 1, 64]",46.98876558265575
"[25, 22, 22, 47, 43, 43, 13, 27, 42, 65, 58, 19, 13, 1, 63]",48.83679200542014
"[25, 21, 24, 45, 45, 38, 15, 26, 40, 56, 56, 21, 13, 1, 64]",52.31754031165311
"[25, 22, 22, 40, 45, 43, 13, 27, 40, 65, 56, 19, 13, 1, 65]",45.929463075880754
"[25, 22, 22, 42, 43, 43, 13, 27, 42, 65, 58, 19, 13, 1, 65]",46.38053590785931
"[26, 22, 22, 43, 46, 43, 12, 27, 42, 65, 56, 19, 13, 1, 65]",44.232514227642305
"[25, 22, 22, 44, 46, 43, 12, 26, 42, 65, 56, 19, 13, 2, 63]",50.75201727642292
"[25, 22, 22, 45, 45, 43, 12, 27, 41, 65, 56, 20, 13, 2, 63]",54.90164227642284
"[26, 22, 23, 45, 46, 41, 12, 27, 39, 64, 56, 19, 13, 1, 65]",43.36359180216796
"[25, 22, 22, 42, 45, 43, 12, 26, 42, 65, 56, 19, 13, 2, 65]",59.06155691056905
"[25, 21, 22, 41, 43, 43, 12, 27, 42, 65, 56, 19, 13, 1, 65]",44.11073814363154
"[25, 22, 22, 44, 44, 43, 12, 27, 42, 65, 56, 19, 13, 1, 65]",49.39927777777777
"[26, 22, 23, 46, 46, 43, 12, 27, 38, 59, 56, 19, 13, 1, 64]",43.97278794037938
"[28, 22, 22, 44, 45, 43, 12, 27, 42, 64, 56, 19, 13, 1, 63]",47.75183672086727
"[25, 22, 22, 45, 46, 43, 12, 27, 39, 65, 56, 19, 13, 1, 65]",45.600736449864534
"[26, 22, 22, 44, 45, 42, 12, 27, 41, 60, 56, 19, 13, 2, 63]",43.61910399728999
"[25, 22, 22, 41, 42, 43, 13, 27, 42, 65, 56, 19, 13, 1, 65]",48.40780894308935
"[25, 22, 22, 44, 45, 43, 13, 27, 41, 65, 56, 19, 13, 1, 65]",49.97869546070454
"[25, 21, 22, 44, 42, 43, 12, 27, 41, 63, 56, 19, 13, 1, 64]",45.4069759485096
"[25, 22, 22, 43, 46, 43, 12, 27, 42, 65, 56, 19, 13, 1, 65]",53.112852981029924
"[25, 22, 22, 45, 45, 43, 12, 27, 42, 65, 58, 19, 13, 1, 65]",50.79009722222226
"[26, 22, 22, 45, 45, 43, 12, 27, 42, 65, 57, 19, 13, 1, 65]",51.62571917344159
"[25, 21, 23, 45, 44, 37, 15, 24, 40, 55, 57, 19, 13, 1, 64]",46.96642411924122
"[25, 22, 22, 45, 44, 43, 13, 27, 41, 65, 56, 19, 13, 1, 63]",49.1930667344172
"[25, 22, 22, 42, 42, 43, 14, 27, 42, 65, 57, 19, 13, 1, 65]",46.055814701897035
"[25, 22, 23, 44, 46, 43, 13, 27, 42, 65, 56, 20, 13, 1, 65]",46.16602642276423
"[25, 22, 22, 45, 43, 43, 12, 27, 42, 65, 56, 19, 13, 2, 63]",45.93858875338765
"[25, 22, 23, 46, 46, 43, 12, 27, 42, 65, 57, 21, 13, 2, 64]",48.86456707317062
"[27, 22, 24, 44, 47, 43, 12, 25, 39, 61, 56, 19, 13, 2, 65]",44.75151998644989
"[25, 22, 22, 44, 45, 43, 12, 25, 42, 65, 56, 19, 13, 1, 65]",45.383029132791265
"[25, 22, 22, 40, 44, 43, 12, 27, 42, 65, 56, 19, 13, 1, 65]",44.69078760162594
"[25, 22, 22, 45, 45, 41, 12, 27, 42, 64, 56, 19, 13, 1, 65]",41.616363143631375
"[27, 22, 23, 45, 45, 40, 12, 26, 40, 62, 56, 19, 13, 1, 63]",44.49869817073169
"[25, 22, 22, 45, 46, 43, 12, 27, 42, 63, 56, 19, 13, 1, 64]",46.73362601626009
"[26, 22, 22, 44, 45, 42, 13, 27, 38, 65, 57, 19, 13, 1, 64]",43.04545392953933
"[25, 22, 22, 45, 45, 42, 12, 27, 40, 60, 56, 19, 13, 1, 63]",55.20809857723588
"[25, 22, 22, 44, 42, 43, 12, 27, 42, 65, 56, 19, 13, 1, 65]",44.4589200542007
"[25, 22, 22, 42, 45, 43, 12, 27, 42, 65, 57, 19, 13, 1, 65]",43.88889464769663
"[25, 21, 22, 41, 42, 41, 12, 27, 41, 65, 56, 19, 13, 1, 62]",44.121804878048806
"[25, 22, 22, 44, 44, 43, 13, 27, 42, 65, 56, 19, 13, 1, 64]",43.66720934959341
"[25, 22, 22, 45, 46, 43, 12, 27, 40, 65, 58, 19, 13, 1, 65]",47.04964803523038
"[26, 22, 22, 44, 47, 43, 12, 27, 42, 65, 56, 19, 13, 1, 65]",44.08680758807584
"[25, 22, 22, 45, 43, 40, 13, 23, 40, 59, 58, 19, 13, 1, 63]",44.00690616531154
"[26, 22, 22, 43, 44, 43, 12, 27, 40, 65, 56, 19, 13, 1, 65]",52.45590853658527
"[25, 22, 22, 43, 42, 43, 12, 27, 42, 65, 56, 19, 13, 1, 65]",44.362869241192435
"[25, 22, 23, 45, 46, 43, 12, 27, 42, 65, 57, 19, 13, 1, 65]",42.04630182926844
"[25, 22, 22, 45, 43, 43, 13, 27, 42, 64, 56, 19, 13, 1, 63]",48.69570291327896
"[25, 22, 22, 47, 45, 43, 12, 27, 42, 65, 56, 22, 13, 1, 65]",52.591642615176305
"[27, 22, 22, 44, 48, 40, 12, 27, 38, 64, 57, 19, 13, 3, 65]",43.668112127371074
"[25, 22, 22, 44, 44, 43, 12, 27, 42, 65, 56, 19, 13, 1, 63]",43.827823848238566
"[25, 22, 22, 40, 44, 43, 13, 27, 42, 65, 56, 19, 13, 1, 65]",43.69728489159892
"[25, 22, 22, 44, 44, 42, 12, 27, 42, 65, 57, 19, 13, 1, 63]",45.85388821138222
"[27, 22, 23, 45, 45, 39, 12, 26, 40, 65, 57, 19, 13, 1, 65]",45.05795528455288
"[25, 22, 23, 45, 45, 43, 13, 27, 42, 65, 56, 19, 13, 2, 63]",43.23029640921391
"[26, 22, 22, 45, 43, 43, 14, 27, 37, 65, 56, 19, 13, 1, 62]",47.83527337398359
"[25, 22, 22, 45, 44, 43, 12, 26, 38, 61, 56, 19, 13, 1, 65]",49.40146747967454
"[25, 22, 22, 45, 46, 43, 12, 27, 42, 65, 56, 19, 13, 1, 65]",49.234655826558104
"[25, 22, 22, 40, 45, 43, 12, 27, 42, 64, 57, 19, 13, 1, 65]",43.72652134146344
"[25, 22, 22, 41, 45, 42, 12, 27, 41, 64, 56, 19, 13, 1, 64]",58.29584112466111
"[25, 22, 22, 43, 43, 42, 13, 27, 42, 65, 56, 19, 13, 1, 64]",44.14585569105702
"[25, 22, 23, 44, 45, 43, 12, 27, 42, 63, 58, 19, 13, 1, 65]",45.87005623306238
"[26, 22, 22, 44, 48, 43, 12, 27, 42, 65, 57, 19, 13, 1, 65]",46.24678590785898
"[25, 22, 23, 46, 45, 39, 12, 26, 39, 60, 58, 19, 13, 1, 63]",50.45024051490536
"[26, 22, 22, 41, 45, 43, 12, 27, 40, 65, 56, 19, 13, 1, 64]",43.05493089430926
"[25, 21, 22, 44, 44, 43, 12, 27, 42, 65, 56, 19, 13, 1, 64]",43.075074186991664
"[28, 22, 22, 44, 45, 43, 12, 27, 42, 65, 58, 19, 13, 1, 65]",46.69840243902429
"[25, 22, 23, 43, 45, 43, 12, 27, 42, 62, 56, 19, 13, 1, 63]",46.047331300813006
"[26, 22, 22, 46, 45, 43, 13, 27, 42, 65, 59, 20, 13, 1, 65]",44.78291836043358
"[26, 22, 22, 45, 48, 39, 12, 26, 39, 64, 57, 19, 13, 2, 64]",48.33278861788608
"[25, 22, 22, 44, 45, 43, 12, 27, 42, 65, 56, 19, 13, 1, 63]",50.824655826558214
"[25, 22, 22, 44, 43, 43, 13, 27, 42, 65, 56, 19, 13, 1, 64]",43.22506165311658
"[25, 22, 22, 43, 43, 43, 12, 27, 42, 63, 56, 19, 13, 1, 63]",46.0817452574527
"[27, 22, 23, 46, 46, 38, 12, 25, 39, 65, 57, 19, 13, 1, 65]",47.738078590785896
"[28, 22, 23, 44, 45, 43, 13, 27, 42, 65, 56, 20, 13, 3, 61]",50.13443394308951
"[25, 22, 22, 46, 45, 43, 12, 26, 42, 63, 56, 19, 13, 1, 63]",55.19282757452582
"[25, 22, 23, 45, 44, 41, 12, 25, 42, 60, 56, 19, 13, 2, 65]",45.299251693767225
"[25, 22, 22, 44, 45, 41, 13, 27, 42, 65, 56, 19, 13, 1, 65]",46.69840243902429
"[25, 22, 22, 41, 45, 43, 12, 27, 42, 63, 56, 19, 13, 1, 65]",42.61305657181565
"[25, 22, 22, 42, 42, 42, 12, 27, 42, 63, 56, 19, 13, 1, 63]",42.742483401083845
"[25, 22, 22, 42, 45, 42, 12, 27, 42, 65, 56, 19, 13, 2, 65]",45.24850474254725
"[25, 22, 23, 45, 44, 43, 12, 27, 41, 64, 56, 19, 13, 1, 65]",45.578155149051575
"[26, 22, 23, 45, 48, 41, 12, 27, 42, 65, 58, 19, 13, 1, 65]",43.66720934959341
"[25, 22, 23, 44, 45, 39, 15, 26, 42, 59, 57, 19, 13, 1, 65]",46.0207303523034
"[25, 22, 22, 42, 44, 43, 12, 27, 41, 65, 56, 19, 13, 1, 63]",43.23225203252035
"[25, 21, 22, 42, 44, 43, 12, 27, 42, 65, 56, 19, 13, 2, 63]",45.287667682926745
"[27, 22, 23, 43, 45, 43, 12, 27, 42, 65, 57, 19, 13, 1, 63]",46.5804979674795
"[25, 22, 22, 44, 45, 41, 12, 27, 42, 65, 56, 19, 13, 1, 65]",47.55844918699189
"[26, 22, 22, 44, 46, 43, 12, 27, 41, 65, 59, 19, 13, 2, 65]",50.86140955284565
"[26, 22, 24, 45, 46, 43, 12, 26, 39, 60, 58, 20, 13, 1, 65]",45.612810298103135
"[25, 22, 22, 42, 45, 42, 12, 27, 42, 65, 56, 19, 13, 1, 62]",46.025290311653414
"[25, 22, 22, 45, 43, 43, 12, 27, 42, 65, 56, 19, 13, 2, 65]",44.593050135501215
"[25, 22, 22, 43, 44, 43, 13, 27, 42, 65, 56, 19, 13, 1, 65]",46.41370088075868
"[26, 22, 22, 46, 47, 40, 12, 26, 39, 60, 57, 19, 13, 1, 65]",45.459058943089495
"[26, 22, 22, 43, 46, 43, 12, 27, 42, 63, 56, 19, 13, 1, 65]",55.362704945799535
"[25, 22, 22, 45, 45, 41, 12, 27, 42, 61, 56, 19, 13, 1, 64]",45.072257113821266
"[25, 22, 23, 45, 44, 39, 12, 27, 42, 61, 57, 19, 13, 1, 65]",43.75810907859069
"[26, 22, 22, 44, 42, 40, 13, 27, 42, 65, 56, 19, 13, 1, 65]",46.27519241192413
"[25, 22, 22, 42, 43, 43, 12, 27, 42, 65, 56, 19, 13, 1, 65]",43.86742649051475
"[25, 22, 22, 44, 42, 41, 12, 26, 42, 63, 56, 19, 13, 1, 61]",46.41370088075868
"[25, 21, 22, 42, 44, 41, 12, 27, 42, 65, 56, 19, 13, 2, 64]",43.86991903794052
"[26, 22, 23, 45, 43, 42, 12, 27, 41, 64, 56, 19, 13, 1, 65]",46.06400271002708
"[26, 22, 23, 46, 45, 41, 12, 26, 42, 65, 56, 19, 13, 1, 65]",45.09387838753379
"[26, 22, 24, 44, 44, 40, 12, 25, 41, 58, 56, 20, 13, 1, 65]",44.24165040650407
"[25, 22, 22, 43, 43, 43, 12, 27, 40, 64, 56, 19, 13, 2, 63]",45.89020223577232
"[25, 22, 22, 41, 42, 43, 13, 27, 42, 65, 56, 19, 13, 2, 63]",51.144827913279265
"[25, 22, 22, 43, 46, 43, 12, 27, 42, 65, 56, 19, 13, 1, 64]",45.73840413279134
"[25, 22, 22, 45, 45, 43, 12, 27, 42, 65, 56, 19, 13, 1, 65]",45.172002371273756
"[26, 22, 22, 45, 44, 43, 12, 27, 42, 65, 57, 20, 13, 1, 65]",46.24938075880761
"[26, 22, 24, 44, 46, 42, 12, 27, 39, 62, 58, 19, 13, 1, 64]",42.76720799457979
"[25, 22, 22, 43, 45, 43, 12, 26, 42, 64, 56, 20, 13, 1, 65]",48.20027269647694
"[25, 22, 22, 44, 46, 43, 12, 27, 42, 65, 58, 20, 13, 3, 62]",43.898867886178685
"[25, 22, 22, 44, 45, 43, 12, 27, 41, 65, 56, 19, 13, 2, 65]",44.6181419376697
"[26, 22, 22, 46, 47, 41, 12, 27, 39, 57, 58, 19, 13, 1, 65]",43.326982384823864
"[25, 22, 22, 45, 47, 43, 12, 27, 42, 63, 56, 19, 13, 1, 65]",44.527096544715235
"[26, 22, 22, 44, 42, 42, 12, 27, 40, 65, 56, 19, 13, 1, 65]",44.36679810298101
"[25, 22, 23, 46, 46, 39, 12, 27, 42, 60, 56, 19, 13, 1, 65]",43.77863821138211
"[26, 22, 22, 44, 44, 43, 12, 27, 42, 65, 56, 20, 13, 1, 65]",47.092605352303394
"[25, 22, 22, 42, 42, 43, 12, 27, 42, 64, 57, 19, 13, 1, 63]",41.616363143631375
"[25, 22, 22, 42, 42, 43, 12, 25, 42, 63, 56, 19, 13, 1, 65]",47.82371443089449
"[25, 21, 22, 42, 42, 42, 13, 27, 42, 65, 56, 19, 13, 2, 65]",45.75675508130077
"[27, 22, 22, 45, 45, 42, 12, 27, 41, 65, 56, 19, 13, 1, 65]",43.734972899729115
"[26, 22, 23, 46, 45, 42, 12, 27, 42, 65, 56, 19, 13, 1, 65]",43.78215819783201
"[26, 22, 24, 45, 43, 40, 13, 24, 38, 59, 56, 20, 13, 1, 65]",43.87216429539298
"[26, 22, 22, 44, 46, 43, 12, 27, 39, 65, 56, 20, 13, 1, 65]",45.95083265582658
"[25, 22, 22, 42, 43, 43, 12, 27, 42, 65, 56, 19, 13, 2, 65]",49.37052642276408
"[25, 22, 22, 43, 48, 43, 12, 26, 42, 65, 56, 19, 13, 3, 64]",48.55036314363155
"[25, 22, 22, 43, 45, 43, 12, 27, 42, 65, 56, 19, 13, 1, 65]",44.08680758807584
"[26, 22, 22, 47, 45, 43, 12, 27, 42, 65, 56, 21, 13, 1, 65]",44.89439566395653
"[27, 22, 24, 44, 47, 39, 12, 27, 38, 62, 57, 19, 13, 1, 63]",46.38751524390261
"[25, 22, 22, 44, 42, 43, 12, 27, 42, 62, 56, 19, 13, 1, 65]",42.877775745257345
"[25, 22, 22, 40, 46, 43, 12, 27, 42, 65, 58, 19, 13, 2, 61]",61.96857283197835
"[25, 22, 22, 44, 45, 43, 12, 27, 42, 65, 57, 19, 13, 1, 65]",47.377218495935
"[26, 22, 24, 46, 46, 41, 12, 27, 39, 65, 58, 19, 13, 1, 65]",46.806675135501365
"[27, 22, 22, 46, 47, 43, 12, 27, 41, 61, 56, 19, 13, 1, 64]",43.94819308943086
"[27, 22, 22, 45, 42, 40, 12, 27, 39, 64, 56, 20, 13, 2, 65]",44.51532012195158
"[26, 22, 22, 44, 44, 43, 12, 26, 39, 60, 56, 19, 13, 1, 64]",44.9598418021681
"[25, 22, 22, 43, 46, 43, 12, 27, 42, 65, 57, 20, 13, 1, 64]",44.29212364498663
"[25, 22, 22, 41, 45, 43, 12, 27, 42, 64, 56, 19, 13, 1, 65]",45.65491903794046
"[25, 22, 22, 40, 42, 42, 12, 23, 42, 61, 56, 19, 13, 1, 65]",43.54145799457988
"[25, 22, 22, 42, 43, 41, 13, 27, 42, 65, 56, 19, 13, 2, 64]",43.80282689701909
"[25, 22, 22, 44, 45, 43, 12, 27, 41, 64, 57, 19, 13, 1, 64]",44.57104403794014
"[26, 22, 22, 44, 46, 43, 12, 27, 40, 65, 57, 19, 13, 1, 65]",43.829778794037686
"[26, 22, 23, 46, 46, 39, 15, 25, 40, 59, 56, 19, 13, 1, 65]",44.723347899728964
"[26, 22, 22, 43, 45, 43, 13, 27, 39, 65, 56, 20, 13, 1, 65]",46.09290074525733
"[25, 22, 22, 42, 42, 43, 12, 27, 42, 65, 56, 19, 13, 1, 65]",44.66321646341471
"[27, 22, 22, 44, 46, 43, 12, 27, 42, 65, 56, 19, 13, 1, 65]",45.49628827913296
"[25, 22, 22, 43, 44, 43, 12, 27, 41, 65, 56, 19, 13, 1, 64]",43.72652134146344
"[25, 22, 22, 45, 46, 43, 12, 27, 42, 65, 57, 19, 13, 1, 65]",46.49775271002706
"[28, 22, 23, 43, 46, 39, 12, 26, 39, 62, 56, 19, 13, 1, 65]",46.25767886178854
"[25, 22, 22, 43, 42, 43, 12, 27, 42, 64, 56, 19, 13, 1, 65]",45.29814837398366
"[25, 22, 22, 40, 45, 43, 12, 27, 42, 65, 56, 19, 13, 1, 65]",51.89350338753379
"[25, 22, 22, 44, 45, 43, 12, 27, 42, 65, 58, 19, 13, 1, 64]",44.15505623306215
"[27, 22, 23, 45, 45, 39, 12, 26, 40, 65, 56, 19, 13, 1, 65]",44.65018699186984
"[28, 22, 23, 45, 46, 43, 12, 27, 42, 62, 56, 19, 13, 1, 64]",42.327961382113905
"[27, 22, 22, 46, 44, 43, 13, 27, 40, 63, 56, 20, 13, 1, 65]",53.02824661246622
"[26, 22, 22, 45, 45, 43, 12, 26, 40, 59, 56, 19, 14, 1, 62]",47.40034349593505
"[25, 22, 22, 45, 44, 43, 12, 27, 42, 65, 57, 19, 13, 1, 65]",46.06314295392976
"[25, 22, 22, 43, 43, 43, 12, 27, 42, 65, 56, 19, 13, 1, 65]",43.69728489159892
"[25, 22, 22, 42, 42, 43, 12, 27, 40, 62, 56, 19, 13, 1, 65]",44.99478014905144
"[25, 22, 22, 41, 44, 43, 12, 27, 42, 65, 56, 19, 13, 1, 65]",44.57562398373975
"[25, 22, 23, 44, 42, 43, 12, 27, 40, 62, 58, 19, 13, 1, 65]",46.701603658536655
"[26, 22, 22, 44, 48, 43, 12, 27, 39, 63, 58, 19, 13, 1, 65]",44.95944546070464
"[26, 22, 23, 45, 46, 38, 13, 25, 41, 59, 57, 20, 13, 1, 65]",45.31187906504071
"[25, 22, 22, 45, 44, 43, 13, 27, 42, 65, 57, 19, 13, 1, 65]",43.393450542005446
"[25, 22, 22, 42, 45, 43, 12, 27, 42, 65, 56, 19, 13, 1, 65]",45.02531842818432
"[27, 22, 22, 42, 45, 43, 12, 27, 42, 65, 56, 19, 13, 1, 64]",42.63271680216817
"[25, 22, 22, 44, 44, 43, 12, 27, 41, 65, 56, 19, 13, 2, 65]",48.48890853658536
"[27, 22, 22, 44, 44, 43, 12, 27, 42, 65, 57, 19, 13, 1, 65]",46.69840243902429
"[28, 22, 22, 44, 46, 41, 12, 25, 39, 60, 56, 19, 13, 2, 65]",44.66088211382099
"[25, 22, 22, 42, 46, 43, 12, 27, 42, 65, 56, 19, 13, 2, 65]",43.075074186991664
"[25, 22, 23, 42, 44, 43, 12, 27, 41, 65, 56, 19, 13, 1, 65]",42.61305657181565
"[25, 22, 22, 44, 45, 42, 12, 27, 42, 65, 57, 19, 13, 1, 65]",46.701603658536655
"[27, 22, 22, 45, 45, 39, 12, 26, 41, 62, 56, 19, 13, 1, 63]",47.738078590785896
"[26, 22, 23, 46, 46, 43, 12, 27, 41, 62, 56, 19, 13, 2, 64]",45.359305216802255
"[25, 22, 23, 47, 45, 43, 12, 26, 40, 62, 58, 19, 13, 1, 65]",46.764864498644975
"[25, 22, 22, 45, 44, 41, 12, 27, 40, 60, 57, 19, 13, 2, 64]",49.107311991870134
"[25, 22, 22, 45, 42, 43, 12, 27, 42, 65, 57, 19, 13, 1, 65]",44.11562635501356
"[25, 22, 22, 44, 43, 43, 12, 27, 42, 65, 57, 19, 13, 2, 64]",45.02531842818432
"[25, 22, 22, 43, 42, 42, 12, 27, 40, 63, 56, 19, 13, 1, 63]",46.81366937669379
"[25, 22, 22, 41, 45, 43, 12, 27, 42, 65, 56, 19, 13, 1, 64]",43.69728489159892
"[25, 22, 23, 45, 42, 43, 12, 27, 42, 65, 56, 19, 13, 1, 64]",47.46588346883467
"[26, 22, 22, 46, 49, 43, 12, 27, 42, 65, 59, 19, 13, 1, 65]",45.15161382113818
"[26, 22, 24, 45, 45, 38, 12, 26, 40, 59, 58, 19, 13, 1, 64]",47.920589092141086
"[25, 22, 22, 42, 44, 43, 12, 26, 41, 65, 58, 19, 13, 1, 65]",43.8025606368564
"[25, 22, 22, 43, 44, 43, 12, 27, 42, 65, 56, 19, 13, 2, 64]",43.72652134146344
"[25, 22, 23, 41, 45, 43, 13, 27, 41, 65, 56, 19, 13, 1, 65]",44.45739295392951
"[25, 22, 22, 44, 45, 43, 12, 27, 42, 61, 56, 19, 13, 1, 65]",45.83953014905139
"[29, 22, 22, 44, 44, 41, 12, 27, 41, 65, 58, 19, 13, 1, 65]",42.68417581300799
"[25, 22, 22, 45, 47, 40, 12, 25, 38, 59, 56, 19, 13, 1, 65]",43.67752439024379
"[25, 22, 22, 43, 44, 43, 12, 27, 40, 65, 56, 19, 13, 2, 65]",42.99467513550147
"[26, 22, 23, 44, 44, 41, 12, 26, 41, 62, 56, 20, 13, 1, 65]",43.738873983739936
"[25, 22, 22, 45, 45, 43, 13, 27, 42, 65, 57, 19, 13, 1, 65]",43.49979776422756
"[25, 22, 22, 44, 46, 43, 12, 25, 39, 63, 57, 19, 13, 1, 64]",47.49349661246623
"[27, 22, 23, 47, 46, 43, 12, 27, 40, 61, 56, 19, 13, 3, 64]",44.96997696476977
"[25, 22, 22, 45, 44, 41, 12, 27, 40, 64, 58, 19, 13, 1, 65]",47.65859247967481
"[25, 22, 22, 44, 46, 39, 12, 27, 40, 61, 58, 19, 13, 2, 63]",45.665842479674815
"[25, 22, 22, 46, 45, 43, 12, 27, 41, 63, 58, 19, 13, 1, 65]",42.340197154471525
"[25, 22, 22, 43, 44, 42, 13, 27, 42, 64, 56, 19, 13, 1, 63]",46.61908130081304
"[25, 22, 22, 41, 42, 43, 13, 27, 42, 63, 56, 19, 13, 1, 63]",44.31477608401086
"[25, 22, 22, 46, 46, 43, 12, 27, 42, 63, 57, 19, 14, 2, 65]",42.742483401083845
"[25, 22, 23, 46, 43, 43, 13, 27, 42, 65, 56, 19, 13, 1, 62]",43.8467394986449
"[27, 22, 23, 46, 45, 43, 12, 27, 42, 65, 57, 19, 13, 1, 65]",46.45089295392951
"[25, 22, 23, 46, 45, 41, 15, 25, 39, 59, 56, 19, 13, 1, 65]",46.12259315718166
"[25, 22, 22, 43, 44, 43, 12, 27, 39, 65, 59, 19, 13, 1, 65]",48.74400677506786
"[25, 22, 22, 43, 43, 43, 12, 27, 42, 65, 56, 19, 13, 2, 65]",46.789395325203294
"[25, 22, 23, 43, 45, 43, 13, 27, 42, 65, 57, 19, 13, 1, 64]",45.929463075880754
"[25, 22, 22, 44, 45, 42, 12, 27, 42, 64, 56, 19, 13, 1, 65]",44.40250677506769
"[27, 22, 23, 44, 44, 40, 12, 27, 41, 65, 59, 19, 13, 1, 65]",44.47760433604354
"[25, 22, 22, 45, 45, 38, 12, 26, 37, 62, 56, 19, 13, 1, 65]",44.66376592140935
"[25, 22, 22, 45, 42, 42, 13, 27, 42, 65, 56, 19, 13, 1, 65]",45.83953014905139
"[25, 22, 22, 45, 43, 43, 12, 27, 41, 65, 56, 19, 13, 1, 65]",43.213304539295315
"[25, 22, 22, 43, 45, 43, 12, 27, 42, 63, 56, 19, 13, 1, 65]",46.65881402439023
"[26, 22, 23, 45, 45, 41, 12, 26, 38, 63, 57, 19, 13, 2, 65]",46.350146002709934
"[28, 22, 23, 44, 47, 43, 12, 27, 42, 65, 56, 19, 13, 1, 64]",45.732720867208556
"[27, 22, 22, 46, 46, 39, 12, 27, 41, 63, 56, 19, 13, 1, 65]",46.60621239837382
"[25, 22, 22, 44, 43, 43, 12, 25, 42, 60, 56, 19, 13, 1, 65]",57.410021341463214
"[25, 22, 22, 44, 46, 43, 12, 27, 40, 65, 56, 19, 13, 1, 65]",46.12632384823853
"[25, 22, 22, 41, 44, 43, 13, 27, 42, 65, 56, 19, 13, 1, 63]",45.25446307588067
"[25, 22, 22, 41, 42, 42, 13, 27, 42, 64, 56, 19, 13, 1, 65]",45.23337771002705
"[25, 22, 22, 48, 44, 43, 12, 27, 42, 65, 58, 19, 14, 3, 65]",43.877284214092285
"[25, 22, 23, 44, 46, 43, 13, 27, 40, 62, 57, 19, 13, 1, 64]",49.656474593495936
"[26, 22, 24, 44, 45, 41, 12, 27, 42, 65, 57, 20, 13, 1, 65]",44.11562635501356
"[25, 22, 23, 45, 45, 40, 16, 23, 40, 59, 56, 20, 13, 1, 65]",48.641086043360446
"[25, 22, 22, 44, 44, 43, 12, 27, 38, 63, 56, 20, 13, 1, 65]",43.055255081300864
"[25, 22, 22, 44, 42, 43, 12, 27, 42, 62, 56, 19, 13, 1, 64]",43.30308739837401
"[25, 22, 22, 42, 45, 43, 12, 27, 42, 65, 56, 19, 13, 1, 65]",50.46496646341457
"[25, 22, 22, 45, 44, 41, 12, 27, 42, 65, 56, 19, 13, 1, 64]",43.244851626016136
"[27, 22, 22, 44, 46, 43, 12, 27, 40, 65, 58, 19, 13, 1, 65]",42.806642276422906
"[26, 22, 23, 44, 45, 39, 12, 27, 38, 65, 56, 19, 13, 1, 64]",45.49831436314363
"[25, 21, 22, 42, 44, 43, 12, 27, 42, 65, 56, 19, 13, 1, 64]",42.859667005420086
"[25, 22, 22, 46, 45, 43, 12, 27, 42, 65, 57, 19, 13, 1, 65]",43.630907181571764
"[25, 22, 23, 44, 42, 42, 12, 27, 42, 61, 56, 19, 13, 1, 64]",44.899476287262964
"[26, 22, 23, 44, 44, 40, 12, 27, 39, 62, 57, 19, 13, 2, 65]",47.992271002710204
"[25, 22, 22, 46, 46, 43, 12, 27, 42, 64, 56, 19, 13, 1, 63]",45.72254166666678
"[25, 22, 22, 46, 47, 38, 12, 25, 40, 63, 56, 20, 13, 1, 64]",44.987017615176285
"[25, 22, 23, 44, 44, 43, 12, 24, 39, 60, 56, 19, 13, 1, 65]",44.992240514905085
"[25, 22, 22, 44, 46, 43, 12, 27, 42, 65, 57, 20, 13, 1, 65]",44.95944546070464
"[25, 22, 22, 44, 45, 43, 12, 27, 42, 65, 57, 20, 13, 2, 65]",48.90669986449858
"[25, 22, 22, 43, 42, 42, 12, 27, 42, 64, 56, 19, 13, 1, 64]",44.1561544715446
"[27, 22, 22, 48, 44, 42, 12, 27, 42, 63, 56, 20, 13, 1, 65]",49.0534397018969
"[25, 22, 23, 44, 45, 43, 12, 27, 42, 63, 56, 20, 13, 1, 65]",45.8396144986449
"[25, 22, 23, 43, 47, 42, 12, 27, 42, 65, 56, 19, 13, 1, 65]",45.80980149051492
"[25, 22, 24, 45, 44, 38, 12, 25, 40, 58, 56, 21, 13, 2, 65]",45.21447289972891
"[25, 22, 22, 44, 44, 43, 12, 27, 42, 62, 56, 19, 13, 1, 65]",43.456759823848145
"[25, 22, 22, 44, 43, 43, 12, 27, 42, 65, 56, 19, 13, 1, 65]",43.84266937669376
"[25, 22, 22, 41, 46, 43, 12, 27, 42, 65, 56, 19, 13, 1, 65]",43.72652134146344
"[25, 22, 22, 44, 46, 39, 12, 27, 41, 65, 57, 20, 13, 1, 64]",45.26253218157198
"[28, 22, 22, 44, 48, 43, 12, 27, 42, 65, 57, 20, 13, 1, 65]",45.127599593495795
"[27, 22, 22, 43, 46, 40, 12, 26, 41, 63, 56, 19, 13, 3, 65]",43.41483943089431
"[25, 22, 22, 40, 45, 43, 12, 27, 42, 65, 56, 19, 13, 1, 64]",45.45310027100281
"[25, 22, 23, 41, 46, 43, 12, 27, 41, 65, 56, 19, 13, 1, 65]",43.23648848238474
"[25, 22, 22, 45, 42, 42, 12, 27, 42, 61, 56, 19, 13, 1, 63]",44.524472899728984
"[25, 22, 22, 44, 45, 38, 12, 26, 39, 60, 57, 19, 13, 1, 65]",44.50671375338748
"[25, 22, 22, 47, 45, 43, 12, 27, 42, 63, 56, 20, 13, 2, 64]",45.1481605691059
"[26, 22, 23, 47, 44, 43, 12, 25, 38, 62, 57, 20, 13, 1, 63]",45.038168699187196
"[25, 22, 24, 44, 44, 40, 12, 24, 38, 60, 56, 19, 13, 1, 65]",43.22000372628732
"[25, 22, 22, 45, 43, 43, 12, 27, 41, 62, 58, 19, 13, 1, 65]",46.75891226287271
"[25, 22, 22, 44, 45, 43, 12, 27, 42, 65, 58, 19, 13, 1, 64]",46.86601253387522
"[25, 22, 22, 41, 42, 43, 12, 26, 42, 64, 56, 19, 13, 1, 64]",45.054854674796616
"[26, 22, 22, 46, 47, 40, 13, 27, 42, 65, 57, 19, 13, 1, 65]",43.9235880758806
"[26, 22, 23, 45, 42, 43, 12, 27, 42, 65, 57, 20, 13, 1, 65]",44.46024153116522
"[26, 22, 22, 44, 48, 41, 12, 27, 41, 63, 58, 19, 13, 1, 65]",42.82855758807615
"[26, 22, 23, 45, 43, 37, 15, 26, 39, 59, 60, 20, 13, 1, 64]",45.04906876693754
"[26, 22, 22, 44, 45, 43, 12, 27, 40, 63, 56, 19, 13, 1, 64]",43.461184281842804
"[25, 22, 22, 43, 46, 43, 13, 27, 42, 65, 56, 19, 13, 2, 64]",43.075074186991664
"[25, 22, 22, 44, 46, 43, 12, 27, 42, 65, 56, 19, 13, 1, 65]",44.3415416666668
"[25, 22, 22, 44, 45, 41, 12, 27, 42, 65, 57, 19, 13, 2, 65]",45.53604607046073
"[27, 22, 23, 44, 45, 42, 12, 27, 42, 64, 56, 19, 13, 1, 65]",45.47699695121954
"[26, 22, 22, 44, 46, 42, 12, 25, 39, 60, 56, 19, 13, 3, 65]",49.539066056910336
"[25, 22, 22, 42, 46, 43, 12, 27, 42, 65, 56, 19, 13, 2, 62]",45.3887554200541
"[25, 22, 23, 40, 42, 43, 13, 27, 41, 64, 56, 19, 13, 1, 65]",47.50001084010828
"[25, 22, 22, 42, 43, 43, 12, 27, 42, 63, 57, 19, 13, 1, 62]",44.950218495935076
"[25, 22, 22, 45, 46, 43, 12, 25, 39, 61, 58, 19, 13, 1, 65]",44.70354539295396
"[28, 22, 23, 40, 45, 43, 12, 25, 42, 61, 58, 19, 13, 3, 64]",44.76793428184272
"[27, 22, 22, 44, 43, 42, 12, 27, 41, 60, 56, 19, 13, 1, 65]",52.56145494579959
"[25, 22, 24, 45, 46, 38, 12, 26, 38, 59, 57, 19, 13, 1, 65]",42.11273543360431
"[25, 22, 22, 45, 43, 42, 12, 26, 42, 65, 57, 19, 13, 1, 65]",46.09088414634119
"[25, 22, 22, 43, 45, 43, 12, 27, 42, 65, 58, 19, 13, 1, 65]",46.701603658536655
"[25, 22, 22, 42, 42, 43, 12, 27, 42, 65, 56, 19, 13, 3, 62]",45.68305589430882
"[25, 22, 23, 44, 48, 39, 12, 26, 39, 63, 59, 19, 13, 1, 65]",42.623451558265444
"[25, 22, 23, 44, 42, 43, 12, 27, 42, 63, 58, 19, 13, 1, 63]",51.78455589430879
"[27, 22, 22, 46, 47, 43, 12, 27, 42, 65, 58, 19, 13, 1, 65]",47.88525033875329
"[26, 22, 23, 44, 45, 40, 14, 24, 37, 58, 56, 19, 13, 1, 65]",48.667680894309036
"[25, 22, 22, 44, 44, 42, 12, 27, 38, 61, 56, 19, 13, 1, 61]",46.471367547425245
"[25, 22, 22, 42, 46, 43, 13, 27, 42, 65, 56, 19, 13, 1, 65]",45.93453590785904
"[26, 22, 23, 45, 44, 42, 12, 27, 42, 65, 56, 20, 13, 2, 65]",44.14928353658535
"[25, 22, 22, 45, 45, 43, 12, 27, 41, 65, 58, 19, 13, 1, 65]",46.08603455284552
"[26, 22, 23, 45, 44, 41, 12, 27, 42, 65, 57, 19, 13, 1, 65]",43.244851626016136
"[26, 22, 23, 45, 46, 40, 12, 27, 37, 61, 58, 19, 13, 1, 65]",49.89928895663945
"[25, 22, 22, 47, 44, 43, 12, 27, 42, 65, 56, 19, 13, 1, 63]",47.32227540650408
"[25, 22, 22, 45, 42, 42, 12, 27, 42, 63, 56, 19, 13, 1, 65]",46.159070121951096
"[25, 22, 22, 42, 45, 43, 13, 26, 42, 64, 56, 19, 13, 1, 65]",46.19396985094858
"[25, 22, 23, 44, 48, 42, 12, 25, 39, 64, 59, 19, 13, 1, 65]",45.816831639566544
"[28, 22, 22, 38, 46, 42, 12, 27, 42, 63, 57, 19, 13, 2, 65]",49.84822086720855
"[28, 22, 22, 44, 44, 42, 12, 27, 41, 64, 56, 19, 13, 1, 65]",43.16409451219525
"[25, 22, 22, 45, 47, 37, 12, 26, 39, 58, 57, 19, 13, 1, 64]",45.18447188346876
"[26, 22, 22, 45, 46, 43, 12, 27, 42, 65, 58, 19, 13, 1, 65]",44.07890481029809
"[25, 22, 22, 42, 43, 41, 12, 26, 42, 65, 58, 19, 13, 1, 65]",44.854061314362966
"[25, 22, 22, 43, 44, 43, 12, 27, 42, 65, 56, 19, 13, 4, 63]",54.88954336043384
"[25, 22, 24, 44, 48, 40, 12, 25, 39, 59, 56, 20, 13, 1, 65]",45.62968360433589
"[25, 22, 22, 45, 45, 43, 12, 27, 42, 64, 57, 19, 13, 2, 64]",48.966414972899656
"[25, 22, 22, 45, 47, 43, 12, 26, 40, 63, 56, 20, 13, 2, 65]",44.64139905149056
"[25, 22, 24, 45, 46, 38, 13, 22, 39, 57, 56, 20, 13, 1, 65]",51.0393316395665
"[25, 22, 22, 42, 44, 41, 12, 27, 40, 62, 56, 19, 13, 1, 65]",51.61434857723569
"[25, 22, 22, 43, 42, 43, 12, 27, 42, 64, 56, 19, 13, 1, 65]",43.41748035230356
"[26, 22, 23, 43, 46, 43, 12, 27, 42, 63, 56, 19, 13, 3, 65]",44.7420602981028
"[25, 22, 22, 45, 45, 43, 12, 27, 42, 63, 57, 19, 13, 1, 65]",45.96273407859081
"[27, 22, 23, 43, 44, 42, 13, 27, 42, 65, 57, 19, 13, 1, 63]",43.78215819783201
"[27, 22, 22, 44, 46, 39, 12, 27, 39, 63, 57, 19, 13, 1, 65]",42.98591971544717
"[25, 22, 22, 42, 45, 43, 12, 27, 42, 64, 56, 19, 13, 1, 65]",46.95567445799457
"[25, 21, 22, 45, 42, 43, 12, 27, 42, 65, 56, 19, 13, 1, 65]",43.48625372628708
"[25, 22, 22, 44, 43, 43, 12, 27, 42, 65, 56, 19, 13, 1, 65]",46.707212059620545
"[28, 22, 23, 44, 44, 40, 12, 27, 39, 62, 59, 19, 13, 1, 65]",49.151360433604324
"[25, 22, 22, 48, 46, 41, 12, 27, 41, 62, 56, 20, 13, 1, 65]",44.77366598915987
"[26, 22, 22, 46, 44, 40, 12, 26, 39, 62, 57, 19, 13, 1, 65]",42.68417581300799
"[26, 22, 22, 45, 48, 38, 12, 25, 38, 57, 56, 19, 13, 1, 65]",47.18566802168009
"[26, 22, 23, 43, 46, 43, 12, 27, 41, 62, 58, 19, 13, 1, 65]",44.50563753387536
"[25, 22, 22, 45, 44, 43, 12, 27, 42, 65, 56, 19, 13, 1, 65]",44.6219620596205
"[25, 22, 22, 44, 44, 43, 13, 26, 42, 63, 56, 19, 13, 4, 65]",45.194248644986494
"[26, 22, 23, 45, 48, 41, 12, 26, 40, 60, 58, 20, 13, 2, 65]",46.41187093495927
"[25, 22, 22, 45, 47, 41, 12, 27, 42, 64, 56, 20, 13, 3, 65]",52.219801829268235
"[26, 22, 22, 42, 44, 43, 12, 27, 42, 63, 56, 20, 13, 1, 65]",44.12380386178871
"[25, 22, 24, 46, 46, 36, 12, 24, 41, 58, 56, 21, 13, 1, 65]",44.9283909214092
"[25, 22, 22, 42, 44, 40, 12, 27, 40, 65, 56, 19, 13, 1, 65]",44.11073814363154
"[25, 22, 22, 45, 42, 42, 12, 27, 42, 65, 56, 19, 13, 1, 65]",43.075074186991664
"[26, 22, 22, 41, 48, 43, 12, 27, 42, 65, 56, 19, 13, 2, 65]",47.58164871273723
"[25, 22, 22, 44, 46, 43, 12, 27, 41, 65, 56, 19, 13, 1, 65]",44.644677506775025
"[28, 22, 22, 42, 45, 41, 14, 27, 42, 65, 56, 19, 13, 1, 64]",53.96673441734421
"[26, 22, 22, 43, 47, 41, 12, 26, 39, 62, 56, 19, 13, 1, 65]",44.5207293360434
"[26, 22, 22, 41, 44, 43, 13, 27, 42, 65, 56, 19, 13, 1, 64]",43.72652134146344
"[25, 22, 22, 42, 46, 43, 12, 27, 41, 65, 56, 19, 13, 1, 63]",43.492431571815935
"[25, 22, 22, 44, 44, 43, 12, 27, 42, 65, 57, 19, 13, 1, 65]",43.075074186991664
"[25, 22, 22, 45, 43, 40, 12, 27, 40, 59, 57, 21, 13, 1, 65]",45.51988042005418
"[25, 22, 22, 48, 45, 41, 12, 27, 40, 62, 56, 19, 13, 1, 65]",45.640870934959125
"[25, 22, 22, 48, 45, 41, 12, 26, 39, 61, 58, 19, 13, 1, 65]",43.879178861788574
"[26, 22, 22, 45, 45, 40, 12, 25, 37, 60, 56, 20, 13, 2, 64]",45.444901422764396
"[25, 22, 22, 44, 45, 43, 12, 27, 42, 63, 57, 19, 13, 1, 65]",44.506111449864555
"[26, 22, 22, 45, 44, 43, 12, 27, 42, 63, 56, 19, 13, 1, 65]",44.11562635501356
"[25, 22, 22, 42, 42, 43, 13, 27, 42, 65, 56, 19, 13, 2, 65]",44.7171808943088
"[26, 22, 22, 46, 47, 40, 12, 25, 39, 62, 59, 19, 13, 1, 65]",53.92118394308946
"[25, 22, 24, 44, 44, 43, 12, 27, 42, 63, 57, 19, 13, 1, 65]",45.49305284552861
"[27, 22, 23, 42, 45, 41, 12, 27, 42, 59, 57, 20, 13, 1, 65]",44.301401084010955
"[26, 22, 24, 45, 45, 38, 12, 25, 37, 59, 57, 19, 13, 1, 65]",49.96007418699155
"[25, 21, 22, 43, 43, 42, 12, 27, 39, 63, 57, 19, 13, 1, 64]",47.012122289972936
"[25, 22, 22, 42, 43, 43, 12, 27, 42, 63, 56, 19, 13, 1, 65]",44.82501592140916
"[26, 22, 22, 43, 49, 42, 12, 27, 41, 63, 56, 19, 13, 1, 65]",44.55973712737117
"[25, 22, 23, 44, 45, 43, 12, 26, 39, 65, 56, 20, 13, 1, 65]",44.95944546070464
"[25, 22, 22, 44, 44, 43, 12, 27, 41, 65, 56, 19, 13, 1, 65]",47.688079268292654
"[26, 22, 23, 44, 47, 42, 12, 25, 38, 63, 56, 19, 13, 1, 65]",47.34140616531176
"[25, 22, 23, 45, 45, 43, 12, 27, 42, 65, 58, 20, 13, 1, 64]",43.5274234417343
"[25, 22, 22, 39, 43, 43, 12, 27, 41, 65, 56, 19, 13, 1, 63]",50.047037940379326
"[25, 21, 22, 44, 44, 43, 12, 27, 42, 64, 56, 19, 13, 1, 65]",41.616363143631375
"[25, 22, 22, 44, 46, 40, 12, 27, 40, 62, 57, 20, 13, 1, 65]",45.16387974254754
"[29, 22, 22, 47, 46, 43, 12, 27, 42, 62, 57, 19, 13, 2, 64]",45.303899390243934
"[26, 22, 22, 44, 45, 43, 12, 27, 40, 62, 57, 19, 13, 1, 65]",46.24800135501352
"[26, 22, 23, 46, 45, 39, 12, 24, 37, 60, 56, 19, 13, 2, 65]",47.83131808943086
"[26, 22, 22, 45, 45, 43, 12, 27, 42, 63, 56, 19, 13, 1, 65]",44.36471273712752
"[25, 22, 22, 45, 46, 43, 12, 27, 42, 65, 56, 19, 13, 1, 65]",44.10878048780478
"[25, 22, 22, 42, 43, 43, 12, 27, 42, 65, 56, 20, 13, 1, 65]",45.300011517614955
"[25, 22, 23, 44, 46, 41, 12, 25, 38, 61, 56, 19, 13, 1, 65]",44.917664634146355
"[25, 22, 25, 44, 42, 43, 12, 26, 42, 64, 58, 19, 13, 1, 65]",43.747103319782894
"[25, 22, 24, 45, 47, 40, 12, 27, 39, 59, 59, 19, 13, 1, 65]",47.21867852303519
"[26, 22, 24, 46, 45, 40, 12, 23, 38, 57, 57, 19, 13, 1, 64]",51.37614803523046
"[25, 22, 22, 42, 43, 43, 12, 26, 40, 65, 57, 19, 13, 1, 65]",45.57005149051493
"[25, 22, 22, 42, 43, 43, 12, 27, 42, 65, 56, 19, 13, 2, 65]",43.62815650406509
"[26, 22, 23, 45, 49, 41, 12, 26, 42, 65, 56, 19, 13, 1, 65]",44.87778760162592
"[25, 22, 22, 44, 43, 43, 12, 26, 40, 65, 56, 20, 13, 1, 65]",46.11264227642262
"[25, 22, 22, 46, 44, 43, 12, 27, 41, 65, 56, 19, 13, 1, 64]",51.89776761517621
"[26, 22, 24, 45, 46, 39, 12, 27, 39, 63, 57, 19, 13, 2, 64]",46.406100609756024
"[25, 22, 22, 44, 45, 43, 12, 27, 42, 65, 56, 19, 13, 2, 65]",46.95367581300826
"[25, 21, 22, 40, 43, 43, 13, 27, 42, 65, 56, 19, 13, 1, 64]",51.63620189701905
"[25, 21, 22, 45, 45, 43, 12, 27, 42, 64, 56, 19, 13, 1, 65]",44.08680758807584
"[26, 22, 22, 44, 46, 40, 12, 26, 39, 64, 58, 19, 13, 1, 65]",44.92654776422767
"[27, 22, 22, 46, 47, 40, 12, 27, 41, 61, 56, 20, 13, 2, 65]",44.80694241192395
"[26, 22, 22, 44, 45, 40, 12, 26, 39, 64, 57, 20, 13, 2, 65]",44.651053184281885
"[26, 22, 23, 45, 46, 39, 12, 26, 38, 58, 56, 19, 13, 1, 65]",43.16409315718149
"[25, 22, 22, 45, 44, 43, 12, 27, 41, 65, 57, 19, 13, 1, 65]",44.644677506775025
"[25, 22, 22, 41, 46, 42, 12, 26, 42, 64, 56, 20, 13, 2, 65]",46.69840243902429
"[25, 22, 22, 40, 43, 43, 12, 27, 42, 65, 57, 20, 13, 1, 65]",43.79495359078589
"[25, 22, 23, 44, 46, 40, 12, 26, 39, 62, 56, 20, 13, 1, 65]",42.648372967479574
"[25, 22, 26, 45, 45, 43, 12, 24, 39, 63, 60, 19, 13, 1, 65]",46.722833333333185
"[25, 22, 22, 45, 47, 39, 12, 26, 39, 62, 59, 19, 13, 1, 65]",49.057849932249425
"[26, 22, 22, 45, 45, 37, 15, 22, 41, 58, 56, 20, 13, 1, 65]",44.161364498644865
"[26, 22, 22, 41, 44, 42, 12, 24, 39, 65, 56, 19, 13, 1, 65]",46.718936314363205
"[25, 22, 22, 44, 44, 41, 12, 27, 40, 65, 56, 19, 13, 1, 65]",44.66321646341471
"[26, 22, 23, 44, 46, 43, 12, 27, 42, 65, 56, 19, 13, 1, 64]",44.06220867208683
"[25, 22, 22, 46, 45, 43, 12, 27, 40, 62, 57, 20, 13, 1, 65]",44.99114939024415
"[28, 22, 22, 46, 43, 41, 12, 27, 42, 65, 56, 19, 13, 2, 63]",43.969931233062326
"[26, 22, 22, 45, 47, 39, 12, 27, 39, 64, 58, 20, 13, 1, 65]",44.659778116531086
"[26, 22, 22, 43, 45, 43, 12, 27, 42, 65, 56, 19, 13, 1, 65]",43.30311686991867
"[25, 21, 22, 41, 44, 43, 13, 26, 42, 65, 56, 19, 13, 2, 65]",44.97867716802182
"[25, 22, 22, 44, 44, 43, 13, 26, 42, 62, 56, 19, 13, 1, 64]",47.038099932249246
"[27, 22, 22, 45, 44, 40, 12, 27, 39, 61, 58, 19, 13, 1, 65]",46.379646680216844
"[25, 22, 23, 45, 46, 43, 13, 27, 40, 61, 56, 19, 13, 1, 65]",44.67915616531168
"[26, 22, 23, 46, 42, 40, 12, 26, 39, 61, 58, 20, 13, 1, 65]",46.50005115176193
"[25, 22, 22, 44, 46, 38, 12, 27, 39, 59, 56, 19, 13, 1, 65]",44.04908367208667
"[25, 22, 22, 45, 45, 41, 12, 27, 39, 65, 59, 20, 13, 2, 65]",45.79139769647707
"[25, 22, 22, 43, 45, 43, 12, 25, 42, 65, 57, 20, 13, 2, 64]",46.876134485094866
"[25, 22, 22, 41, 44, 43, 12, 27, 42, 63, 57, 19, 13, 1, 65]",47.09268428184297
"[26, 22, 22, 43, 46, 38, 12, 27, 42, 65, 57, 19, 13, 1, 65]",45.8731578590786
"[25, 22, 22, 46, 45, 43, 12, 25, 40, 60, 56, 20, 13, 1, 65]",48.038766598915885
"[26, 22, 22, 45, 48, 40, 12, 25, 39, 64, 58, 20, 13, 1, 65]",44.399270325203226
"[25, 22, 24, 44, 46, 37, 13, 26, 41, 57, 57, 21, 13, 1, 65]",46.18737771002714
"[25, 22, 22, 42, 45, 42, 12, 27, 38, 64, 58, 19, 13, 1, 65]",43.322157859078416
"[25, 21, 22, 44, 45, 43, 13, 27, 40, 65, 56, 19, 13, 1, 65]",43.68256436314368
"[26, 22, 23, 43, 44, 43, 12, 27, 42, 65, 56, 19, 13, 2, 62]",45.45310027100281
"[25, 22, 22, 45, 46, 40, 12, 26, 39, 59, 56, 21, 13, 2, 65]",46.84531944444445
"[29, 22, 22, 40, 45, 42, 12, 26, 42, 65, 58, 20, 13, 1, 63]",48.87802472899715
"[26, 22, 22, 44, 47, 41, 12, 25, 38, 62, 57, 20, 13, 1, 65]",47.383042344173596
"[25, 22, 22, 44, 45, 43, 12, 27, 42, 65, 57, 19, 13, 1, 65]",44.438140582655905
"[25, 22, 22, 44, 46, 43, 12, 27, 42, 65, 56, 19, 13, 2, 65]",44.21232384823866
"[25, 22, 22, 44, 45, 42, 12, 26, 42, 65, 56, 19, 13, 1, 64]",47.251056571815596
"[27, 22, 22, 46, 45, 40, 12, 26, 40, 60, 58, 19, 13, 1, 65]",47.219234078590816
"[25, 22, 23, 45, 45, 41, 13, 27, 41, 65, 57, 19, 13, 2, 65]",44.53952710027089
"[26, 22, 24, 44, 47, 40, 12, 25, 40, 60, 58, 19, 13, 1, 65]",45.98214939024385
"[25, 22, 22, 44, 46, 39, 12, 26, 38, 59, 56, 19, 13, 1, 64]",44.87825914634137
"[25, 22, 22, 45, 46, 41, 12, 27, 42, 65, 58, 20, 13, 1, 65]",48.19173136856363
"[26, 22, 22, 44, 43, 43, 12, 25, 41, 65, 59, 19, 13, 1, 64]",53.899574864498604
"[25, 22, 22, 43, 42, 43, 12, 26, 40, 64, 56, 19, 13, 1, 65]",43.86742649051475
"[26, 22, 22, 45, 47, 40, 12, 26, 41, 61, 58, 19, 13, 2, 65]",46.545265921409374
"[25, 22, 22, 44, 45, 43, 12, 27, 42, 62, 56, 19, 13, 1, 65]",44.86310636856352
"[26, 22, 22, 44, 48, 43, 12, 27, 42, 62, 57, 21, 13, 1, 64]",46.66411653116517
"[25, 22, 24, 45, 43, 40, 12, 26, 38, 59, 58, 20, 13, 1, 65]",46.06600711382108
"[25, 22, 22, 45, 47, 43, 12, 27, 41, 65, 59, 20, 13, 2, 65]",51.08816327913281
"[25, 22, 22, 44, 43, 43, 12, 27, 40, 65, 57, 19, 13, 1, 65]",44.22677642276428
"[26, 22, 24, 44, 46, 43, 12, 27, 42, 65, 56, 19, 13, 2, 63]",51.32908299457983
"[27, 22, 22, 43, 43, 43, 12, 27, 41, 58, 57, 19, 13, 1, 65]",45.09926219512183
"[29, 22, 23, 40, 47, 43, 12, 27, 42, 65, 58, 19, 13, 1, 63]",52.23711314363152
"[27, 22, 22, 44, 48, 41, 12, 23, 37, 64, 57, 19, 13, 1, 65]",45.485419037940204
"[25, 22, 23, 45, 46, 43, 12, 27, 42, 65, 57, 19, 13, 1, 65]",44.15505623306215
"[25, 22, 22, 46, 46, 43, 12, 26, 40, 63, 59, 20, 13, 2, 65]",42.166361449864624
"[25, 22, 22, 45, 46, 40, 12, 27, 42, 64, 56, 19, 13, 1, 65]",45.36608672086707
"[27, 22, 22, 46, 47, 41, 12, 25, 40, 59, 57, 19, 13, 1, 65]",45.46050745257465
"[28, 22, 22, 44, 45, 43, 12, 27, 42, 64, 57, 19, 13, 2, 64]",48.69216565040655
"[25, 22, 22, 44, 47, 41, 12, 25, 39, 61, 56, 19, 13, 1, 65]",47.443917005420154
"[26, 22, 23, 45, 46, 41, 12, 25, 37, 61, 56, 19, 13, 1, 62]",43.447523035230425
"[25, 22, 22, 44, 46, 43, 12, 27, 42, 65, 57, 19, 13, 1, 65]",44.7123807588077
"[25, 22, 22, 42, 43, 43, 12, 27, 40, 63, 56, 19, 13, 1, 65]",51.97437872628725
"[25, 22, 22, 40, 43, 43, 12, 25, 42, 63, 56, 19, 13, 1, 65]",45.63206504065042
"[25, 22, 22, 46, 46, 42, 12, 25, 39, 62, 59, 19, 13, 1, 65]",44.77446951219524
"[26, 22, 22, 44, 46, 39, 12, 27, 41, 60, 58, 19, 13, 2, 65]",42.269156842818575
"[26, 22, 22, 45, 46, 43, 12, 27, 42, 64, 57, 20, 13, 1, 65]",52.843867208671895
"[26, 22, 23, 46, 45, 39, 12, 23, 40, 58, 59, 20, 13, 2, 65]",51.72043224932242
"[25, 22, 23, 46, 47, 43, 12, 27, 42, 64, 57, 20, 13, 2, 65]",46.41481808943113
"[25, 22, 22, 43, 42, 42, 12, 27, 42, 63, 58, 19, 13, 1, 65]",43.630907181571764
"[25, 22, 22, 44, 47, 43, 12, 27, 42, 65, 56, 19, 13, 1, 64]",49.19992615176134
"[26, 22, 22, 44, 45, 39, 12, 26, 39, 57, 60, 19, 13, 1, 65]",43.07115548780506
"[26, 22, 22, 47, 43, 43, 12, 27, 42, 65, 56, 19, 13, 1, 64]",44.68930623306223
"[27, 22, 23, 45, 47, 40, 12, 25, 38, 62, 56, 19, 13, 1, 65]",44.91373644986432
"[25, 22, 23, 44, 45, 43, 12, 27, 42, 65, 59, 20, 13, 1, 64]",46.69840243902429
"[26, 22, 22, 43, 44, 41, 12, 27, 41, 62, 60, 20, 13, 1, 65]",50.11909688346899
"[25, 22, 23, 45, 46, 43, 12, 27, 41, 61, 58, 20, 13, 2, 63]",43.6997293360434
"[26, 22, 23, 45, 47, 39, 12, 25, 39, 59, 56, 19, 13, 1, 65]",44.71625271002701
"[26, 22, 22, 44, 46, 43, 12, 27, 42, 61, 58, 19, 13, 2, 65]",52.725926490514794
"[27, 22, 22, 47, 43, 43, 12, 27, 39, 63, 57, 19, 13, 1, 65]",44.57180013550134
"[25, 22, 22, 45, 45, 39, 12, 26, 40, 59, 56, 19, 13, 2, 64]",51.89658163956634
"[25, 22, 22, 44, 44, 43, 12, 27, 40, 65, 58, 19, 13, 1, 65]",44.14928353658535
"[25, 22, 22, 44, 44, 42, 13, 27, 42, 61, 56, 19, 13, 1, 65]",46.573580623306285
"[25, 22, 22, 43, 43, 43, 12, 27, 40, 62, 56, 19, 13, 1, 65]",44.22041260162608
"[26, 22, 24, 42, 46, 41, 12, 24, 40, 65, 56, 20, 13, 1, 65]",45.462976626016236
"[25, 22, 22, 44, 46, 38, 12, 27, 39, 62, 59, 20, 13, 2, 65]",45.38933299457999
"[26, 22, 23, 44, 45, 40, 12, 27, 42, 65, 57, 19, 13, 1, 65]",44.0393113143632
"[26, 22, 23, 46, 45, 37, 12, 22, 39, 57, 58, 20, 13, 1, 65]",47.37090481029812
"[26, 22, 23, 42, 44, 43, 12, 27, 40, 65, 57, 19, 13, 1, 65]",47.59369444444439
"[25, 22, 22, 42, 43, 40, 12, 27, 41, 62, 56, 19, 13, 1, 64]",45.430422086720775
"[25, 22, 22, 42, 46, 43, 12, 27, 42, 65, 56, 19, 13, 1, 65]",45.17662737127359
"[25, 22, 22, 45, 45, 37, 12, 25, 38, 59, 60, 20, 13, 1, 65]",47.147766598916085
"[26, 22, 22, 45, 42, 41, 12, 27, 41, 65, 56, 19, 13, 1, 65]",46.08842310298115
"[26, 22, 23, 45, 46, 39, 12, 27, 38, 60, 56, 19, 13, 2, 65]",44.779434281842754
"[25, 22, 22, 44, 44, 43, 13, 27, 42, 65, 56, 19, 13, 1, 65]",48.46750711382118
"[26, 22, 23, 43, 45, 40, 13, 27, 40, 62, 56, 20, 13, 1, 65]",50.46211314363149
"[26, 22, 23, 43, 43, 42, 12, 27, 40, 63, 57, 21, 13, 1, 64]",57.01406300812984
"[26, 22, 23, 46, 45, 38, 12, 25, 38, 60, 58, 19, 13, 2, 65]",44.93000440379424
"[26, 22, 23, 45, 47, 43, 12, 27, 42, 61, 57, 19, 13, 1, 65]",44.85238821138224
"[26, 22, 23, 45, 42, 40, 12, 27, 40, 61, 58, 19, 13, 1, 65]",44.78039735772353
"[26, 22, 23, 45, 46, 39, 12, 27, 39, 59, 56, 19, 13, 1, 65]",45.93579607046082
"[25, 22, 22, 45, 43, 43, 13, 27, 42, 65, 57, 19, 13, 1, 65]",43.655617886178895
"[25, 22, 22, 43, 45, 42, 12, 27, 42, 58, 56, 19, 13, 1, 65]",44.224013888889
"[25, 22, 22, 44, 43, 43, 12, 27, 41, 63, 56, 19, 13, 1, 62]",46.81366937669379
"[26, 22, 22, 42, 47, 40, 12, 26, 40, 64, 57, 20, 13, 1, 65]",45.83279979674784
"[25, 22, 22, 45, 44, 40, 12, 27, 39, 61, 57, 20, 13, 1, 65]",45.86392547425477
"[26, 22, 22, 43, 46, 39, 12, 27, 40, 65, 57, 19, 13, 1, 65]",43.28993529810297
"[26, 22, 23, 46, 45, 37, 13, 26, 39, 56, 58, 20, 13, 1, 65]",49.3016961382115
"[27, 22, 23, 42, 44, 43, 12, 27, 40, 64, 59, 19, 13, 1, 65]",43.755922764227854
"[25, 22, 22, 42, 44, 41, 12, 27, 41, 65, 56, 19, 13, 2, 65]",49.229172086720794
"[26, 22, 22, 45, 43, 43, 12, 26, 42, 64, 56, 19, 13, 2, 65]",44.3415416666668
"[25, 22, 22, 46, 46, 37, 12, 25, 37, 59, 58, 20, 13, 2, 65]",52.38462703252022
"[27, 22, 22, 43, 45, 40, 12, 27, 42, 65, 56, 19, 13, 2, 65]",42.947847560975575
"[26, 22, 22, 46, 47, 39, 12, 27, 37, 59, 58, 20, 13, 2, 65]",45.105197831978394
"[25, 22, 22, 44, 45, 43, 13, 27, 42, 64, 56, 19, 13, 2, 64]",44.6181419376697
"[25, 22, 23, 46, 45, 42, 13, 26, 42, 64, 56, 20, 13, 1, 65]",43.235199186991835
"[27, 22, 23, 45, 45, 41, 12, 27, 42, 65, 57, 21, 13, 1, 65]",54.146552168021785
"[26, 22, 23, 45, 45, 38, 12, 26, 38, 60, 57, 19, 13, 1, 65]",48.448608401083945
"[27, 22, 22, 45, 46, 43, 12, 27, 42, 62, 56, 20, 13, 2, 65]",44.431115514905095
"[25, 22, 22, 44, 47, 42, 12, 27, 41, 62, 58, 19, 13, 1, 65]",47.47568597560983
"[25, 22, 23, 44, 46, 40, 12, 26, 38, 61, 57, 19, 13, 1, 65]",44.46251321138212
"[25, 22, 22, 46, 44, 41, 12, 26, 42, 65, 57, 19, 13, 1, 65]",45.73685467479669
"[25, 22, 22, 43, 44, 41, 12, 27, 39, 65, 56, 19, 13, 1, 65]",45.404790650406525
"[25, 22, 22, 41, 43, 43, 12, 27, 41, 65, 56, 19, 13, 1, 62]",47.78638753387538
"[26, 22, 22, 44, 46, 41, 12, 27, 40, 63, 59, 19, 13, 2, 65]",44.52359078590798
"[25, 22, 22, 42, 46, 40, 12, 27, 42, 59, 57, 19, 13, 1, 65]",45.32178285907859
"[25, 22, 22, 43, 47, 43, 12, 27, 41, 64, 58, 19, 13, 1, 65]",45.0968187669376
"[25, 22, 23, 45, 46, 37, 16, 24, 39, 58, 56, 19, 13, 1, 65]",47.733869579945726
"[25, 22, 22, 44, 46, 43, 12, 27, 40, 65, 56, 19, 13, 1, 65]",48.02184925474269
"[25, 22, 23, 45, 45, 39, 12, 27, 39, 62, 56, 19, 13, 2, 65]",42.91870867208691
"[25, 22, 23, 43, 46, 43, 12, 24, 42, 65, 56, 19, 13, 3, 64]",45.55218529810291
"[26, 22, 23, 43, 45, 41, 12, 24, 37, 57, 57, 19, 13, 1, 65]",49.27183976964769
"[27, 22, 22, 44, 45, 43, 12, 26, 40, 64, 57, 19, 13, 2, 63]",45.970772018970216
"[27, 22, 23, 44, 47, 38, 12, 23, 37, 61, 57, 20, 13, 1, 64]",45.75897730352298
"[25, 22, 22, 43, 45, 43, 12, 27, 42, 63, 56, 19, 13, 1, 65]",46.700647018970024
"[25, 22, 22, 45, 45, 43, 12, 25, 40, 63, 59, 19, 13, 1, 65]",42.7463848238482
"[25, 22, 22, 46, 47, 43, 12, 27, 42, 65, 58, 19, 13, 1, 65]",46.00653252032523
"[26, 22, 23, 45, 46, 41, 12, 25, 38, 61, 58, 20, 13, 1, 65]",44.22192615176145
"[27, 22, 22, 46, 46, 40, 12, 27, 41, 62, 58, 20, 13, 3, 64]",49.08447730352282
"[25, 22, 22, 45, 44, 42, 12, 27, 40, 62, 56, 19, 13, 1, 65]",46.10319275067776
"[25, 22, 24, 45, 45, 39, 12, 25, 39, 60, 56, 20, 13, 2, 64]",50.288824186991825
"[25, 22, 22, 43, 45, 43, 12, 27, 42, 62, 57, 19, 13, 1, 64]",43.31327574525732
"[26, 22, 23, 44, 45, 42, 12, 26, 38, 64, 56, 20, 13, 1, 64]",44.77295867208674
"[25, 22, 22, 43, 42, 43, 12, 27, 42, 62, 56, 19, 13, 1, 65]",51.45368733062301
"[25, 22, 22, 45, 47, 40, 12, 27, 40, 62, 62, 19, 13, 2, 65]",50.02724153116529
"[25, 22, 22, 42, 47, 42, 12, 26, 39, 62, 57, 19, 13, 1, 65]",44.577862466124614
"[25, 22, 22, 44, 47, 43, 13, 27, 41, 61, 56, 19, 13, 1, 65]",46.84825880758793
"[26, 22, 24, 45, 45, 39, 12, 24, 40, 58, 58, 20, 13, 1, 65]",47.372084688346945
"[25, 22, 22, 45, 44, 43, 12, 27, 41, 63, 56, 19, 13, 1, 65]",44.95944546070464
"[25, 22, 23, 47, 46, 42, 12, 26, 39, 63, 59, 20, 13, 2, 65]",44.3086236449865
"[25, 22, 22, 42, 47, 43, 12, 27, 39, 65, 57, 19, 13, 1, 65]",44.92179776422762
"[27, 22, 22, 41, 44, 40, 12, 24, 38, 56, 58, 19, 13, 1, 65]",44.10317547425462
"[26, 22, 22, 45, 43, 43, 12, 24, 42, 62, 57, 19, 13, 2, 65]",47.1557625338754
"[27, 22, 24, 45, 46, 39, 12, 26, 38, 62, 57, 19, 13, 1, 65]",47.21625609756112
"[25, 22, 22, 43, 46, 43, 12, 27, 42, 65, 56, 19, 13, 1, 64]",44.899476287262964
"[25, 22, 22, 43, 45, 43, 12, 27, 40, 63, 60, 20, 13, 1, 65]",47.74945223577251
"[25, 22, 22, 47, 47, 43, 12, 27, 42, 63, 58, 19, 13, 1, 65]",43.98913651761517
"[27, 22, 23, 45, 46, 40, 12, 27, 37, 61, 59, 19, 13, 1, 65]",46.292896680216806
"[28, 22, 22, 44, 46, 42, 12, 27, 40, 62, 58, 19, 13, 2, 65]",52.765497289972835
"[26, 22, 22, 47, 42, 43, 12, 26, 40, 62, 56, 19, 13, 1, 64]",43.385183943089494
"[26, 22, 23, 44, 45, 38, 12, 25, 39, 59, 57, 19, 13, 1, 64]",47.594727642276645
"[25, 22, 22, 44, 44, 43, 12, 27, 41, 63, 59, 19, 13, 1, 65]",45.33708875338767
"[26, 22, 23, 45, 45, 43, 12, 27, 36, 62, 58, 19, 13, 2, 64]",46.65612466124659
"[25, 22, 22, 41, 45, 43, 12, 26, 42, 59, 56, 20, 13, 2, 65]",43.93430860433586
"[25, 22, 22, 43, 46, 41, 12, 25, 39, 62, 60, 19, 13, 1, 65]",50.759241869918604
"[25, 22, 22, 46, 42, 41, 12, 26, 42, 61, 58, 19, 13, 1, 65]",43.995402777777734
"[25, 22, 22, 44, 45, 42, 12, 27, 41, 65, 56, 19, 13, 1, 65]",43.5683150406504
"[26, 22, 25, 46, 46, 38, 12, 26, 41, 58, 59, 20, 13, 2, 65]",44.4211707317072
"[25, 22, 22, 46, 45, 43, 12, 27, 40, 62, 56, 19, 13, 1, 65]",45.600736449864534
"[26, 22, 22, 46, 46, 41, 12, 25, 39, 62, 59, 19, 13, 1, 65]",47.641080962059796
"[25, 22, 22, 44, 46, 43, 12, 27, 37, 65, 58, 20, 13, 1, 65]",48.158821815718255
"[25, 22, 22, 44, 44, 38, 12, 26, 40, 59, 59, 19, 13, 1, 65]",53.97656537940401
"[27, 22, 22, 44, 44, 39, 12, 27, 41, 60, 58, 19, 13, 1, 65]",43.67385298103002
"[26, 22, 22, 46, 47, 40, 12, 26, 39, 59, 58, 19, 13, 1, 65]",44.9162391598915
"[25, 22, 22, 44, 45, 43, 12, 27, 42, 65, 56, 19, 13, 1, 65]",48.55036314363155
"[25, 22, 22, 43, 45, 43, 12, 27, 42, 65, 58, 21, 13, 1, 65]",50.26413448509476
"[26, 22, 22, 45, 43, 43, 12, 27, 42, 65, 57, 19, 13, 1, 65]",51.822114498644844
"[27, 22, 22, 45, 46, 38, 12, 26, 39, 63, 56, 19, 13, 1, 64]",45.59730623306222
"[26, 22, 23, 44, 46, 43, 13, 27, 42, 61, 56, 19, 13, 1, 65]",46.47943495934967
"[25, 22, 22, 48, 46, 43, 13, 26, 39, 63, 57, 19, 13, 2, 63]",43.461879742547495
"[26, 22, 23, 44, 46, 39, 12, 27, 38, 59, 57, 19, 13, 1, 65]",45.40878997289967
"[25, 22, 22, 45, 44, 43, 12, 27, 40, 61, 59, 19, 13, 1, 65]",46.47220731707307
"[26, 22, 22, 42, 44, 41, 12, 27, 42, 60, 56, 19, 13, 1, 65]",47.266174796748
"[25, 22, 22, 42, 45, 41, 12, 27, 39, 64, 56, 19, 13, 1, 65]",47.21552947154477
"[26, 22, 23, 43, 45, 41, 12, 26, 39, 60, 56, 20, 13, 1, 65]",46.95650575880751
"[25, 22, 22, 47, 42, 39, 12, 27, 42, 63, 59, 19, 13, 1, 65]",45.33319546070435
"[25, 22, 23, 45, 46, 41, 12, 27, 42, 65, 58, 20, 13, 2, 65]",47.5919986449862
"[26, 22, 23, 46, 45, 39, 14, 25, 39, 58, 56, 20, 13, 2, 65]",52.44759654471534
"[26, 22, 22, 41, 46, 43, 13, 27, 38, 64, 56, 19, 13, 1, 64]",44.99449796747964
"[26, 22, 23, 46, 46, 40, 12, 27, 40, 59, 56, 19, 13, 1, 65]",48.02888821138229
"[26, 22, 23, 43, 46, 42, 12, 27, 42, 65, 56, 20, 13, 2, 65]",49.29976524390235
"[25, 22, 22, 45, 45, 39, 12, 27, 38, 61, 57, 20, 13, 1, 65]",48.49716531165322
"[26, 22, 22, 43, 45, 40, 12, 27, 41, 65, 57, 19, 13, 1, 65]",46.339582994579786
"[26, 22, 22, 45, 48, 40, 12, 25, 38, 60, 59, 19, 13, 1, 65]",46.894079607046265
"[26, 22, 22, 44, 45, 43, 12, 27, 40, 65, 56, 19, 13, 1, 65]",44.15505623306215
"[25, 22, 22, 45, 44, 42, 12, 26, 42, 64, 57, 21, 13, 2, 65]",48.55141632791323
"[25, 22, 23, 43, 44, 43, 12, 27, 42, 65, 57, 19, 13, 1, 65]",44.962729674796606
"[27, 22, 22, 45, 46, 39, 12, 26, 42, 61, 56, 19, 13, 1, 65]",46.29294071815736
"[26, 22, 23, 46, 46, 42, 12, 27, 41, 63, 56, 20, 13, 1, 65]",43.75078489159902
"[25, 22, 23, 44, 45, 41, 12, 26, 38, 62, 59, 20, 13, 1, 65]",49.1112540650407
"[25, 22, 23, 45, 45, 39, 12, 26, 38, 59, 56, 19, 13, 1, 65]",44.25307215447156
"[26, 22, 22, 44, 44, 43, 12, 27, 39, 59, 58, 20, 13, 1, 65]",49.72576693766924
"[25, 22, 22, 41, 44, 39, 12, 26, 41, 65, 57, 19, 13, 1, 65]",44.870138211382056
"[25, 22, 22, 44, 43, 43, 12, 25, 38, 64, 57, 19, 13, 1, 65]",44.01703184281838
"[25, 22, 23, 43, 45, 39, 12, 26, 39, 65, 56, 19, 13, 1, 65]",45.465116192411905
"[25, 22, 22, 46, 49, 43, 12, 27, 40, 62, 57, 19, 13, 1, 65]",52.542857723577384
"[26, 22, 23, 44, 47, 42, 12, 27, 41, 65, 58, 20, 13, 2, 65]",49.555184959349496
"[26, 22, 23, 47, 45, 39, 12, 24, 40, 59, 56, 19, 13, 1, 65]",46.7985968834691
"[27, 22, 22, 43, 42, 43, 12, 25, 37, 65, 56, 19, 14, 2, 62]",44.81882249322496
"[25, 22, 23, 44, 46, 40, 12, 27, 39, 64, 56, 19, 13, 1, 65]",44.11783909214091
"[26, 22, 23, 45, 45, 41, 12, 26, 42, 63, 58, 19, 13, 1, 65]",47.63294579945797
"[25, 22, 22, 43, 46, 41, 12, 25, 38, 60, 57, 19, 13, 1, 65]",47.345137533875395
"[26, 22, 22, 44, 46, 42, 12, 27, 41, 65, 58, 19, 13, 1, 65]",42.84985128726295
"[26, 22, 22, 45, 47, 39, 12, 25, 38, 60, 56, 20, 13, 1, 65]",48.25045562330626
"[25, 22, 22, 42, 45, 43, 13, 27, 42, 65, 56, 19, 13, 1, 65]",44.836983401083934
"[26, 22, 22, 45, 46, 42, 12, 26, 41, 62, 58, 20, 13, 1, 65]",50.25732960704597
"[25, 22, 23, 45, 45, 40, 12, 25, 40, 65, 57, 19, 13, 2, 65]",44.11073814363154
"[26, 22, 22, 45, 46, 43, 12, 26, 39, 61, 56, 19, 13, 1, 65]",43.090520325203144
"[27, 22, 23, 44, 45, 43, 12, 27, 42, 61, 56, 19, 13, 2, 65]",43.54761686991879
"[26, 22, 24, 45, 45, 40, 12, 25, 39, 60, 57, 19, 13, 1, 65]",48.6263353658538
"[25, 22, 23, 43, 45, 37, 12, 24, 38, 60, 57, 19, 13, 2, 65]",44.08911788617876
"[25, 22, 22, 44, 45, 42, 12, 27, 41, 65, 57, 19, 13, 1, 65]",45.57114939024376
"[25, 22, 22, 44, 43, 40, 12, 26, 39, 63, 58, 19, 13, 1, 65]",44.49729336043358
"[25, 22, 22, 44, 42, 43, 13, 26, 38, 59, 56, 19, 13, 1, 65]",43.59348340108402
"[25, 22, 22, 45, 47, 39, 12, 26, 38, 61, 57, 19, 13, 1, 64]",47.9008309620596
"[26, 22, 22, 43, 51, 42, 12, 27, 42, 60, 57, 19, 13, 1, 65]",44.74623712737119
"[27, 22, 22, 43, 46, 43, 12, 27, 39, 62, 56, 20, 13, 1, 65]",50.864907181571745
"[26, 22, 22, 47, 46, 39, 12, 23, 39, 59, 58, 19, 13, 1, 65]",43.02185975609764
"[25, 22, 22, 46, 43, 40, 12, 27, 42, 61, 57, 19, 13, 2, 65]",58.42498949864502
"[25, 22, 23, 45, 46, 39, 12, 27, 38, 62, 56, 20, 13, 2, 65]",44.597925135501235
"[26, 22, 22, 42, 45, 43, 12, 27, 42, 65, 58, 19, 13, 1, 65]",47.65342784552844
"[25, 22, 22, 42, 46, 39, 12, 27, 40, 59, 58, 19, 13, 1, 65]",46.21117242547418
"[26, 22, 22, 44, 47, 43, 12, 27, 42, 65, 58, 19, 13, 1, 65]",45.01615311653129
"[27, 22, 23, 44, 47, 41, 12, 25, 38, 60, 56, 21, 13, 1, 65]",43.80948848238485
"[25, 22, 22, 44, 45, 41, 13, 27, 42, 65, 57, 19, 13, 1, 65]",46.707212059620545
"[26, 22, 22, 45, 45, 40, 12, 26, 40, 60, 59, 20, 13, 1, 65]",44.92005928184265
"[25, 22, 23, 47, 44, 42, 12, 25, 42, 65, 56, 19, 13, 1, 65]",45.709202913279
"[26, 22, 24, 45, 45, 43, 12, 25, 38, 64, 57, 19, 13, 1, 65]",47.93365616531156
"[27, 22, 22, 44, 46, 43, 12, 27, 42, 60, 56, 19, 13, 2, 64]",43.82518902439033
"[26, 22, 24, 45, 45, 39, 12, 26, 39, 58, 57, 19, 13, 1, 65]",42.11273543360431
"[25, 22, 22, 43, 46, 40, 12, 24, 38, 59, 57, 19, 13, 1, 64]",49.086971544715325
"[25, 22, 22, 45, 45, 39, 12, 27, 42, 65, 57, 19, 13, 1, 65]",47.5919986449862
"[25, 22, 22, 46, 43, 39, 12, 25, 40, 63, 56, 19, 13, 1, 63]",47.05454810298107
"[25, 22, 22, 44, 42, 40, 12, 27, 41, 62, 56, 19, 13, 1, 65]",44.43193123306227
"[25, 22, 23, 44, 49, 41, 12, 26, 39, 60, 58, 19, 13, 1, 64]",46.17875779132785
"[27, 22, 24, 47, 45, 40, 12, 27, 42, 62, 58, 19, 13, 1, 65]",44.56605894308927
"[26, 22, 22, 43, 47, 40, 12, 27, 42, 62, 58, 19, 13, 1, 65]",43.38824153116535
"[26, 22, 22, 45, 47, 39, 12, 24, 38, 58, 57, 20, 13, 1, 65]",48.24068157181559
"[25, 22, 22, 43, 45, 43, 13, 27, 39, 59, 56, 19, 13, 1, 65]",45.77443326558264
"[27, 22, 22, 46, 43, 41, 12, 27, 40, 59, 56, 20, 13, 1, 65]",44.840107384823625
"[25, 22, 22, 41, 45, 43, 12, 27, 42, 65, 56, 19, 13, 1, 65]",47.14637703252042
"[25, 22, 22, 44, 43, 39, 12, 27, 40, 59, 58, 19, 13, 1, 65]",49.33660704607058
"[27, 22, 22, 44, 46, 43, 12, 27, 40, 65, 58, 19, 13, 1, 65]",47.53835331978333
"[26, 22, 23, 45, 46, 39, 12, 26, 38, 61, 58, 19, 13, 1, 65]",48.60354539295397
"[25, 22, 22, 43, 44, 43, 12, 27, 42, 62, 56, 19, 13, 1, 65]",46.27519241192413
"[25, 22, 22, 44, 45, 41, 12, 26, 41, 62, 57, 19, 13, 1, 65]",47.94032926829264
"[26, 22, 22, 43, 46, 43, 12, 25, 42, 65, 56, 19, 13, 1, 65]",44.223054200541995
"[27, 22, 23, 45, 46, 40, 12, 27, 40, 61, 57, 19, 13, 1, 63]",43.13871104336045
"[27, 22, 22, 44, 44, 42, 12, 27, 42, 61, 56, 19, 13, 1, 65]",49.06094749322486
"[26, 22, 24, 45, 46, 41, 12, 25, 38, 59, 58, 19, 13, 1, 65]",42.97788380758831
"[25, 22, 22, 45, 46, 39, 12, 24, 37, 59, 57, 20, 13, 1, 64]",45.409421747967336
"[25, 22, 22, 44, 45, 42, 13, 27, 41, 62, 57, 19, 13, 1, 65]",44.57612804878047
"[26, 22, 22, 40, 45, 40, 12, 27, 42, 62, 56, 19, 13, 1, 65]",45.09795325203249
"[25, 22, 22, 44, 43, 41, 12, 26, 42, 63, 57, 19, 13, 1, 65]",44.392414972899836
"[26, 22, 24, 44, 46, 40, 12, 26, 41, 65, 57, 19, 13, 1, 65]",44.06886415989176
"[25, 22, 24, 48, 42, 40, 12, 27, 41, 63, 58, 19, 13, 1, 65]",45.298309620596065
"[25, 22, 22, 45, 46, 41, 12, 26, 42, 62, 58, 19, 13, 1, 65]",48.68614024390262
"[26, 22, 23, 46, 46, 38, 12, 24, 38, 58, 57, 20, 13, 1, 65]",48.14156944444469
"[25, 22, 22, 41, 45, 41, 12, 27, 38, 58, 58, 19, 13, 1, 65]",45.79557215447149
"[25, 22, 22, 45, 43, 40, 12, 26, 40, 60, 56, 19, 13, 1, 65]",43.45876016260164
"[25, 22, 22, 42, 44, 43, 12, 27, 42, 65, 56, 19, 13, 1, 65]",43.69728489159892
"[26, 22, 22, 45, 44, 40, 12, 25, 39, 59, 59, 19, 13, 2, 65]",45.477273712736924
"[26, 22, 22, 44, 43, 41, 12, 27, 42, 65, 58, 19, 13, 1, 65]",45.127599593495795
"[26, 22, 23, 45, 46, 41, 12, 26, 39, 61, 58, 19, 13, 1, 64]",46.96850982384834
"[25, 22, 22, 44, 45, 43, 12, 27, 41, 61, 57, 19, 13, 1, 65]",43.461184281842804
"[25, 22, 23, 45, 46, 40, 12, 26, 39, 61, 57, 20, 13, 2, 65]",43.244851626016136
"[25, 22, 22, 43, 45, 40, 12, 25, 42, 65, 56, 19, 13, 1, 65]",43.86592953929544
"[27, 22, 22, 46, 47, 38, 12, 25, 39, 57, 57, 19, 13, 1, 65]",45.47914668021688
"[27, 22, 23, 44, 45, 43, 12, 26, 42, 61, 56, 19, 13, 2, 65]",43.50473102981033
"[26, 22, 23, 45, 46, 40, 12, 26, 38, 60, 58, 19, 13, 1, 65]",44.45569004065042
"[25, 22, 23, 46, 45, 38, 12, 26, 39, 59, 56, 20, 13, 1, 65]",45.86249695121943
"[25, 22, 23, 45, 46, 43, 13, 26, 41, 64, 58, 20, 13, 1, 65]",44.729448509484975
"[25, 22, 22, 40, 45, 43, 12, 27, 42, 63, 58, 19, 13, 1, 65]",45.470921070460534
"[25, 22, 22, 39, 43, 43, 12, 27, 42, 62, 57, 19, 13, 1, 65]",43.729836043360336
"[27, 22, 25, 45, 45, 38, 12, 25, 40, 61, 58, 19, 13, 1, 65]",42.44346612466116
"[26, 22, 23, 43, 49, 40, 13, 25, 39, 63, 57, 19, 13, 1, 65]",50.62693089430886
"[25, 22, 22, 46, 46, 41, 12, 26, 41, 61, 58, 19, 13, 1, 65]",51.713575542005565
"[26, 22, 23, 47, 46, 40, 12, 24, 39, 60, 57, 19, 13, 1, 65]",48.396756097560996
"[26, 22, 22, 43, 44, 40, 12, 27, 39, 64, 57, 20, 13, 1, 65]",46.06423712737134
"[25, 22, 23, 43, 46, 40, 12, 27, 40, 64, 58, 19, 13, 1, 65]",46.616523035230394
"[26, 22, 23, 43, 45, 41, 12, 27, 42, 63, 57, 20, 13, 2, 64]",44.11073814363154
"[26, 22, 22, 42, 45, 40, 12, 26, 38, 59, 57, 20, 13, 1, 65]",53.260184281842704
"[26, 22, 23, 44, 43, 41, 13, 27, 42, 61, 58, 19, 13, 1, 65]",45.390263211382084
"[26, 22, 22, 45, 47, 41, 12, 25, 38, 62, 56, 19, 13, 1, 65]",46.979034891598836
"[25, 22, 22, 44, 45, 43, 12, 27, 42, 65, 58, 19, 13, 1, 64]",48.031915311652945
"[25, 22, 23, 45, 44, 42, 12, 27, 38, 61, 58, 19, 13, 1, 65]",44.082232046070416
"[25, 22, 22, 44, 42, 41, 12, 27, 40, 62, 57, 19, 13, 1, 65]",46.23931368563692
"[27, 22, 24, 46, 47, 38, 12, 26, 38, 61, 58, 19, 13, 1, 65]",44.20390108401085
"[27, 22, 23, 44, 46, 43, 12, 26, 42, 62, 58, 19, 13, 2, 65]",43.82518902439033
"[26, 22, 23, 45, 46, 39, 12, 27, 40, 59, 57, 19, 13, 1, 65]",46.979034891598836
"[27, 22, 24, 46, 45, 39, 12, 26, 39, 60, 56, 19, 13, 1, 65]",44.506305216802225
"[25, 22, 23, 45, 44, 43, 12, 27, 42, 65, 58, 20, 13, 1, 65]",46.56035569105691
"[25, 22, 22, 47, 42, 43, 12, 27, 42, 65, 59, 19, 13, 1, 65]",45.89412262872619
"[25, 21, 22, 44, 44, 43, 12, 27, 41, 60, 56, 19, 13, 1, 65]",44.17626117886167
"[28, 22, 22, 47, 46, 42, 12, 26, 41, 59, 57, 19, 13, 1, 65]",48.31538482384794
"[27, 22, 22, 44, 48, 39, 12, 27, 38, 60, 57, 19, 13, 1, 65]",42.96026151761516
"[27, 22, 22, 40, 47, 41, 12, 26, 41, 65, 57, 19, 13, 1, 65]",51.822114498644844
"[26, 22, 22, 46, 46, 40, 12, 24, 39, 59, 57, 19, 13, 1, 65]",46.65881402439023
"[26, 22, 22, 42, 44, 41, 12, 27, 39, 64, 57, 19, 13, 1, 65]",45.01586788617871
"[25, 22, 22, 44, 46, 40, 12, 27, 39, 61, 56, 19, 13, 1, 65]",45.599089430894296
"[26, 22, 22, 44, 46, 39, 12, 27, 40, 64, 57, 19, 13, 1, 65]",50.26025542005407
"[25, 22, 22, 42, 47, 40, 12, 25, 37, 60, 57, 19, 13, 1, 65]",44.17326355013537
"[27, 22, 22, 45, 46, 43, 12, 27, 42, 65, 56, 20, 13, 1, 65]",45.16049220867224
"[26, 22, 22, 44, 46, 40, 12, 26, 38, 63, 56, 19, 13, 1, 65]",44.28271036585367
"[25, 22, 22, 43, 45, 42, 12, 26, 42, 65, 56, 19, 13, 2, 63]",46.701603658536655
"[25, 22, 23, 45, 46, 41, 12, 25, 38, 60, 58, 19, 13, 1, 65]",50.83519817073178
"[25, 22, 22, 45, 42, 43, 13, 27, 42, 60, 57, 19, 13, 1, 65]",49.234655826558104
"[25, 22, 23, 46, 46, 40, 12, 25, 38, 61, 58, 19, 13, 1, 65]",47.37775372628701
"[27, 22, 22, 46, 46, 41, 12, 27, 41, 65, 56, 20, 13, 1, 64]",43.869158875338655
"[26, 22, 23, 45, 46, 39, 12, 26, 40, 59, 57, 19, 13, 1, 64]",44.46251321138212
"[25, 22, 24, 44, 45, 41, 12, 26, 39, 60, 56, 19, 13, 1, 65]",43.15370088075881
"[26, 22, 22, 44, 46, 43, 12, 27, 41, 64, 59, 19, 13, 1, 65]",49.70000846883466
"[25, 22, 22, 47, 47, 43, 12, 27, 40, 63, 57, 19, 13, 1, 63]",44.423171409214184
"[25, 21, 22, 42, 42, 40, 12, 26, 39, 60, 58, 19, 13, 1, 63]",45.32849356368569
"[25, 22, 24, 47, 46, 41, 12, 27, 40, 62, 58, 19, 13, 1, 65]",44.14194986449868
"[26, 22, 22, 45, 44, 39, 12, 27, 38, 60, 57, 19, 13, 1, 65]",43.58501558265576
"[26, 22, 23, 45, 44, 40, 12, 26, 39, 65, 57, 20, 13, 1, 65]",45.80678082655845
"[26, 22, 22, 45, 46, 39, 12, 24, 40, 59, 58, 19, 13, 1, 64]",45.89080894308951
"[26, 22, 22, 43, 44, 43, 12, 27, 39, 63, 57, 19, 13, 1, 65]",42.90825101626026
"[25, 22, 22, 45, 44, 39, 12, 26, 40, 63, 56, 19, 13, 1, 65]",46.164444105691146
"[25, 22, 22, 42, 46, 42, 12, 26, 39, 63, 57, 19, 13, 1, 65]",48.914096544715626
"[25, 22, 22, 47, 44, 39, 12, 24, 40, 59, 58, 19, 13, 1, 65]",44.67508570460692
"[28, 22, 22, 44, 47, 42, 12, 27, 42, 65, 57, 20, 13, 1, 65]",43.49405453929549
"[27, 22, 22, 45, 45, 40, 12, 26, 39, 61, 56, 19, 13, 1, 65]",50.06802913279112
"[26, 23, 23, 45, 48, 37, 10, 22, 38, 58, 60, 20, 14, 3, 68]",50.074116869918626
"[25, 22, 23, 47, 48, 38, 11, 23, 36, 57, 61, 20, 13, 2, 69]",46.55308773712732
"[26, 23, 23, 48, 45, 38, 11, 24, 38, 54, 60, 20, 13, 2, 70]",43.397592818428116
"[25, 22, 24, 47, 47, 37, 11, 23, 36, 58, 61, 20, 13, 2, 69]",45.44089126016277
"[27, 22, 22, 47, 47, 36, 10, 24, 37, 58, 60, 21, 13, 2, 69]",43.9689566395662
"[26, 22, 24, 46, 47, 36, 11, 24, 38, 56, 61, 20, 13, 2, 69]",48.88905013550168
"[25, 22, 25, 46, 47, 38, 11, 24, 36, 56, 60, 20, 13, 2, 70]",43.809629403793835
"[26, 22, 23, 46, 48, 37, 10, 24, 37, 57, 62, 19, 13, 2, 69]",46.247247967479616
"[25, 22, 22, 48, 48, 38, 10, 24, 36, 57, 61, 20, 14, 2, 68]",51.14918868563658
"[27, 22, 24, 46, 46, 37, 11, 24, 37, 56, 62, 20, 13, 2, 68]",50.24586619241194
"[25, 22, 24, 47, 47, 37, 10, 24, 37, 57, 61, 20, 13, 2, 69]",44.36732046070477
"[27, 22, 23, 47, 46, 36, 11, 25, 36, 57, 60, 20, 13, 2, 70]",43.92738719512192
"[26, 22, 24, 47, 46, 36, 10, 24, 36, 59, 60, 21, 13, 2, 69]",45.58646273712733
"[26, 22, 22, 47, 48, 37, 11, 23, 38, 56, 61, 20, 13, 2, 69]",47.44861653116534
"[27, 23, 23, 45, 47, 38, 10, 25, 35, 57, 60, 20, 13, 2, 70]",44.91469918699174
"[27, 22, 23, 47, 46, 35, 11, 24, 37, 58, 60, 20, 13, 2, 70]",45.99050000000016
"[26, 23, 23, 44, 49, 38, 10, 23, 36, 58, 60, 20, 13, 2, 70]",42.62842547425485
"[25, 22, 23, 49, 46, 37, 11, 23, 38, 56, 61, 20, 13, 2, 69]",50.07898949864478
"[28, 22, 22, 45, 48, 36, 10, 24, 37, 58, 60, 21, 13, 2, 69]",45.1905921409213
"[27, 22, 22, 47, 47, 37, 11, 24, 36, 57, 60, 20, 13, 2, 70]",44.19672696476967
