"[46, 15, 27, 63, 15, 35, 13, 27, 57, 30, 56, 24, 16, 8, 56]",52.846078590785964
"[45, 13, 23, 63, 16, 36, 19, 27, 57, 28, 56, 27, 17, 8, 60]",35.89610873983737
"[47, 14, 25, 63, 16, 38, 16, 28, 56, 29, 56, 25, 19, 7, 57]",36.29338448509494
"[41, 15, 26, 63, 17, 32, 17, 28, 57, 30, 59, 23, 17, 8, 58]",34.92282486449863
"[42, 15, 22, 59, 15, 36, 12, 26, 54, 28, 64, 23, 18, 3, 61]",37.59386991869918
"[44, 13, 26, 63, 17, 40, 15, 27, 52, 28, 60, 23, 19, 7, 63]",38.491761517615245
"[43, 15, 24, 63, 15, 36, 15, 26, 57, 28, 56, 25, 17, 8, 50]",66.42027540650433
"[45, 16, 26, 63, 15, 35, 14, 22, 54, 29, 57, 25, 18, 5, 60]",35.29529979674791
"[45, 12, 22, 63, 13, 34, 13, 26, 42, 32, 62, 27, 16, 6, 58]",38.020036246612534
"[45, 15, 25, 63, 16, 34, 15, 26, 57, 30, 57, 24, 17, 7, 59]",33.11500813008133
"[44, 20, 24, 63, 17, 34, 15, 28, 56, 29, 57, 23, 17, 8, 63]",34.21167615176147
"[44, 14, 22, 63, 13, 31, 17, 24, 52, 29, 56, 23, 18, 8, 52]",43.55392005420059
"[44, 12, 23, 63, 13, 31, 16, 30, 54, 24, 56, 24, 18, 8, 58]",38.50193733062311
"[39, 13, 22, 57, 16, 41, 16, 28, 57, 25, 65, 26, 13, 8, 52]",41.941797425474185
"[45, 13, 23, 63, 16, 34, 16, 28, 48, 23, 59, 24, 16, 6, 60]",40.178764227642354
"[44, 12, 25, 63, 16, 37, 16, 26, 55, 31, 66, 25, 17, 7, 65]",60.33873001355008
"[38, 16, 25, 63, 13, 34, 18, 28, 55, 24, 56, 27, 16, 4, 52]",40.713045392954015
"[49, 14, 28, 63, 16, 31, 18, 27, 57, 33, 62, 27, 19, 8, 52]",81.5387533875343
"[44, 14, 25, 63, 16, 33, 12, 23, 57, 30, 57, 24, 17, 6, 59]",35.95903963414638
"[48, 20, 28, 63, 18, 36, 15, 26, 57, 27, 56, 27, 17, 8, 60]",35.968832317073165
"[42, 17, 22, 63, 19, 35, 12, 25, 57, 31, 56, 23, 16, 8, 65]",34.04220325203256
"[43, 13, 22, 63, 17, 35, 16, 27, 57, 36, 56, 27, 16, 8, 61]",34.465661924119104
"[49, 15, 24, 63, 16, 34, 12, 28, 57, 30, 56, 28, 15, 8, 63]",36.00975203252048
"[41, 17, 22, 63, 16, 31, 14, 25, 57, 32, 56, 25, 16, 7, 62]",33.37529403794039
"[38, 16, 22, 63, 18, 36, 12, 23, 57, 34, 63, 26, 16, 7, 63]",34.52403929539313
"[42, 12, 24, 63, 20, 31, 12, 25, 57, 34, 57, 21, 22, 7, 65]",33.06265379403791
"[50, 12, 25, 63, 15, 37, 13, 25, 57, 24, 56, 24, 15, 8, 64]",37.50690142276431
"[41, 13, 25, 63, 13, 35, 12, 22, 57, 32, 56, 25, 16, 8, 60]",33.85508096205965
"[45, 12, 22, 63, 13, 31, 12, 27, 57, 30, 56, 29, 19, 7, 64]",38.34541565040645
"[43, 15, 25, 62, 17, 34, 14, 24, 57, 33, 57, 24, 17, 6, 60]",32.950457317073116
"[48, 12, 22, 63, 15, 34, 14, 24, 57, 26, 56, 24, 21, 8, 56]",32.96999390243899
"[46, 15, 22, 63, 13, 31, 12, 25, 57, 32, 56, 23, 16, 8, 60]",35.336520325203146
"[46, 12, 22, 63, 13, 36, 16, 26, 57, 23, 56, 23, 19, 8, 65]",33.23407723577253
"[35, 12, 22, 63, 18, 34, 12, 25, 57, 38, 56, 29, 13, 8, 61]",41.48828895663948
"[43, 14, 22, 63, 16, 31, 15, 26, 57, 23, 56, 23, 14, 8, 65]",34.19332147696474
"[43, 12, 24, 63, 17, 32, 13, 22, 57, 32, 56, 28, 17, 8, 65]",34.61916294037944
"[46, 13, 25, 63, 13, 33, 12, 23, 57, 28, 56, 26, 13, 8, 63]",38.45889261517616
"[44, 13, 24, 63, 18, 31, 22, 27, 57, 30, 56, 22, 22, 8, 65]",43.965034552845644
"[45, 12, 25, 63, 18, 31, 12, 22, 57, 37, 56, 24, 19, 8, 60]",32.830190040650436
"[50, 12, 24, 63, 16, 35, 12, 22, 57, 28, 56, 28, 16, 8, 62]",35.44278929539299
"[40, 13, 22, 63, 23, 33, 12, 23, 57, 36, 56, 19, 19, 8, 65]",32.220531504065036
"[39, 13, 22, 63, 20, 33, 12, 24, 57, 38, 56, 22, 19, 8, 63]",32.89132791327916
"[49, 12, 23, 63, 18, 31, 12, 22, 57, 33, 56, 24, 23, 8, 65]",34.30682960704604
"[44, 12, 22, 63, 22, 31, 12, 22, 57, 37, 56, 27, 23, 6, 65]",32.77584451219519
"[37, 12, 22, 63, 20, 31, 12, 22, 57, 38, 57, 21, 16, 8, 63]",32.89553150406499
"[42, 12, 23, 63, 22, 31, 12, 23, 57, 38, 56, 20, 23, 7, 65]",31.173313346883496
"[45, 12, 24, 63, 15, 33, 12, 23, 57, 35, 56, 21, 19, 8, 65]",36.938316056910644
"[39, 12, 27, 63, 23, 31, 12, 22, 57, 36, 56, 25, 21, 8, 65]",34.15195867208668
"[39, 12, 22, 63, 16, 31, 12, 27, 57, 28, 56, 27, 23, 7, 65]",32.77815887533875
"[41, 13, 23, 63, 19, 34, 12, 23, 57, 37, 56, 20, 23, 6, 63]",32.788567411924134
"[48, 12, 22, 63, 16, 32, 12, 22, 57, 35, 56, 19, 23, 8, 53]",38.07101084010838
"[46, 15, 22, 63, 13, 31, 12, 25, 57, 38, 56, 19, 19, 8, 65]",32.66585331978327
"[46, 12, 22, 63, 19, 39, 12, 22, 57, 32, 56, 19, 20, 8, 65]",32.90254708672087
"[35, 12, 22, 63, 21, 31, 12, 23, 57, 38, 56, 26, 16, 8, 65]",33.94844207317081
"[42, 12, 22, 63, 19, 31, 12, 22, 57, 23, 56, 19, 17, 8, 65]",33.88903692411945
"[41, 12, 22, 63, 23, 31, 12, 22, 57, 37, 56, 28, 20, 8, 65]",34.233594512195126
"[50, 12, 22, 62, 21, 31, 12, 22, 57, 35, 56, 19, 22, 8, 65]",36.83869207317073
"[40, 12, 22, 63, 23, 31, 13, 24, 57, 33, 56, 19, 23, 8, 65]",33.6777828590786
"[44, 12, 24, 63, 22, 31, 12, 22, 57, 38, 56, 20, 23, 8, 60]",34.55257317073165
"[50, 12, 22, 63, 17, 33, 12, 22, 57, 32, 56, 25, 17, 8, 65]",36.76073001355013
"[40, 12, 22, 63, 23, 31, 12, 22, 57, 38, 56, 19, 23, 7, 65]",30.79111822493229
"[38, 13, 22, 63, 21, 33, 12, 22, 57, 38, 56, 19, 23, 8, 65]",31.961772018970237
"[43, 12, 23, 63, 21, 31, 12, 22, 57, 38, 56, 19, 23, 8, 65]",33.60115379403787
"[46, 12, 22, 63, 23, 31, 12, 22, 57, 38, 56, 19, 23, 5, 65]",33.49084383468848
"[40, 12, 22, 63, 22, 31, 12, 22, 57, 38, 56, 19, 18, 8, 65]",32.59430860433599
"[42, 12, 23, 63, 21, 31, 12, 22, 57, 38, 57, 19, 23, 6, 65]",33.654529810298136
"[37, 12, 24, 63, 19, 31, 12, 22, 57, 38, 56, 19, 23, 8, 65]",32.75849864498648
"[40, 12, 22, 63, 23, 31, 12, 22, 57, 38, 56, 19, 23, 8, 65]",33.758065040650465
"[35, 12, 22, 63, 22, 31, 12, 22, 57, 37, 56, 25, 23, 6, 65]",32.90951456639568
"[41, 12, 23, 63, 20, 34, 12, 23, 57, 38, 56, 19, 23, 6, 63]",30.289678861788573
"[47, 12, 22, 63, 20, 31, 12, 22, 57, 37, 56, 19, 23, 8, 58]",33.905497628726216
"[43, 12, 22, 63, 15, 31, 12, 22, 57, 38, 56, 19, 22, 8, 65]",32.40666734417341
"[40, 13, 22, 63, 23, 36, 12, 22, 57, 38, 56, 19, 22, 4, 65]",31.91578692411917
"[38, 12, 22, 63, 21, 31, 12, 22, 57, 38, 56, 19, 23, 5, 65]",32.324821815718174
"[39, 12, 22, 63, 22, 31, 12, 22, 54, 23, 56, 19, 23, 8, 63]",32.79016869918704
"[39, 12, 22, 63, 23, 31, 12, 22, 57, 38, 56, 25, 23, 7, 65]",33.96933299457984
"[47, 12, 22, 63, 23, 31, 12, 22, 56, 38, 56, 19, 23, 8, 65]",31.95894071815722
"[38, 12, 22, 63, 22, 31, 12, 22, 57, 38, 56, 19, 23, 5, 65]",31.91138008130093
"[40, 12, 24, 63, 22, 31, 12, 22, 57, 38, 56, 19, 23, 8, 60]",32.689825880758804
"[41, 12, 22, 63, 19, 31, 12, 22, 57, 38, 56, 19, 23, 8, 65]",34.013080623306024
"[43, 12, 22, 63, 21, 31, 12, 22, 57, 38, 56, 19, 23, 6, 65]",31.492153794037904
"[38, 13, 22, 63, 17, 34, 12, 22, 57, 38, 56, 19, 23, 8, 65]",30.330776084010807
"[37, 12, 25, 63, 23, 31, 12, 22, 57, 38, 56, 19, 23, 8, 65]",31.68584010840112
"[46, 12, 22, 63, 20, 32, 12, 22, 57, 37, 56, 19, 23, 6, 65]",33.512280826558246
"[43, 12, 22, 63, 22, 31, 12, 22, 57, 38, 56, 19, 23, 8, 65]",30.977954945799574
"[42, 12, 23, 63, 19, 31, 12, 22, 57, 38, 59, 21, 23, 6, 65]",32.82459857723588
"[35, 12, 24, 63, 23, 31, 12, 22, 57, 38, 56, 19, 23, 4, 65]",31.047787940379386
"[43, 12, 22, 63, 23, 31, 12, 22, 57, 38, 56, 19, 23, 8, 65]",30.915581300812914
"[37, 12, 22, 63, 22, 31, 12, 22, 57, 38, 56, 24, 23, 6, 65]",33.00392682926833
"[40, 12, 22, 63, 20, 34, 12, 23, 57, 38, 56, 19, 23, 6, 63]",32.522266260162645
"[45, 12, 22, 63, 16, 34, 12, 22, 57, 30, 56, 19, 23, 7, 63]",33.79341768292686
"[36, 12, 22, 63, 23, 31, 12, 22, 57, 38, 56, 19, 23, 8, 65]",32.77356910569089
"[38, 13, 22, 63, 23, 32, 12, 22, 57, 38, 56, 19, 23, 3, 65]",31.633378048780646
"[42, 12, 22, 63, 20, 31, 12, 22, 57, 38, 56, 19, 23, 4, 65]",31.8974586720867
"[37, 12, 22, 63, 20, 31, 12, 22, 47, 28, 56, 19, 23, 8, 60]",30.955991531165296
"[38, 12, 22, 63, 22, 34, 12, 22, 57, 38, 56, 19, 23, 5, 65]",33.12845257452568
"[40, 12, 23, 63, 23, 33, 12, 22, 51, 38, 56, 19, 23, 8, 65]",33.43155250677508
"[37, 13, 22, 63, 20, 31, 12, 22, 57, 38, 56, 19, 23, 4, 65]",33.41124390243906
"[40, 12, 24, 63, 23, 31, 12, 22, 57, 38, 56, 19, 23, 8, 60]",32.46724559620596
"[35, 12, 22, 63, 21, 31, 12, 22, 57, 38, 56, 19, 23, 6, 65]",31.66492140921404
"[43, 12, 22, 63, 17, 33, 12, 22, 57, 38, 56, 20, 23, 6, 65]",34.179871951219546
"[40, 13, 22, 63, 13, 35, 12, 22, 57, 38, 56, 19, 23, 8, 65]",30.89445765582664
"[36, 13, 24, 63, 18, 31, 12, 22, 57, 38, 56, 19, 23, 7, 65]",32.46381707317073
"[45, 12, 22, 63, 16, 36, 12, 22, 57, 34, 56, 19, 23, 7, 62]",31.48545968834681
"[43, 12, 22, 63, 19, 31, 12, 22, 57, 38, 56, 19, 23, 7, 62]",31.767280487804893
"[40, 13, 24, 63, 19, 31, 12, 22, 57, 36, 60, 22, 23, 7, 65]",32.9184647696477
"[36, 12, 24, 63, 23, 31, 12, 22, 57, 38, 56, 19, 23, 3, 65]",30.763608401084035
"[44, 12, 22, 63, 17, 35, 12, 22, 57, 38, 57, 19, 23, 5, 65]",31.82411619241187
"[44, 12, 22, 63, 19, 31, 12, 22, 57, 38, 58, 22, 23, 6, 65]",31.678922764227572
"[39, 13, 22, 63, 19, 34, 12, 23, 57, 38, 56, 19, 23, 6, 62]",32.147968495934926
"[44, 12, 22, 63, 14, 37, 12, 22, 57, 28, 56, 19, 22, 5, 65]",31.51406334688349
"[35, 13, 22, 63, 23, 31, 12, 22, 57, 34, 56, 19, 23, 6, 65]",30.95369139566393
"[43, 13, 22, 63, 22, 32, 12, 22, 57, 38, 56, 19, 23, 6, 65]",30.945222899729075
"[43, 12, 22, 62, 17, 31, 12, 22, 57, 38, 56, 19, 23, 4, 65]",33.33509214092139
"[39, 12, 22, 63, 14, 31, 12, 22, 42, 31, 56, 19, 23, 5, 59]",31.14657046070463
"[40, 13, 22, 63, 16, 36, 12, 22, 57, 38, 56, 19, 23, 4, 65]",31.05977371273714
"[38, 12, 24, 63, 23, 35, 12, 22, 53, 37, 56, 19, 23, 6, 65]",32.236156165311726
"[40, 14, 23, 63, 16, 31, 12, 22, 57, 38, 56, 19, 23, 5, 65]",31.472442073170686
"[42, 12, 23, 63, 19, 34, 12, 22, 57, 38, 56, 19, 23, 7, 63]",31.80471002710035
"[35, 12, 22, 63, 21, 31, 12, 22, 57, 38, 56, 19, 23, 4, 65]",32.12395867208672
"[40, 12, 22, 63, 20, 35, 12, 22, 57, 37, 56, 20, 23, 6, 63]",31.43244410569113
"[41, 12, 22, 63, 16, 34, 12, 23, 57, 38, 56, 19, 23, 8, 65]",30.924653455284556
"[44, 14, 22, 63, 14, 33, 12, 22, 57, 38, 56, 19, 23, 5, 65]",30.389737804878067
"[43, 12, 23, 63, 16, 38, 12, 23, 57, 33, 56, 19, 23, 8, 60]",32.87229505420054
"[43, 14, 22, 63, 18, 31, 12, 22, 57, 36, 56, 19, 23, 6, 63]",33.87557418699188
"[39, 13, 24, 63, 20, 35, 12, 22, 57, 35, 59, 21, 23, 7, 65]",31.13386822493233
"[40, 12, 23, 63, 18, 32, 12, 22, 57, 38, 56, 19, 23, 6, 65]",31.708701219512182
"[45, 12, 23, 63, 18, 37, 12, 22, 57, 38, 58, 19, 23, 6, 65]",31.50348170731706
"[46, 12, 22, 63, 15, 31, 12, 22, 57, 37, 60, 19, 23, 6, 65]",31.600316395663963
"[38, 14, 23, 61, 17, 34, 12, 23, 57, 36, 56, 20, 23, 6, 62]",31.368090108401123
"[41, 12, 22, 63, 18, 36, 12, 22, 57, 35, 56, 19, 22, 5, 65]",34.08289735772359
"[38, 13, 22, 63, 21, 31, 12, 22, 57, 33, 56, 21, 23, 5, 65]",32.17571476964765
"[46, 13, 22, 63, 17, 34, 12, 22, 57, 38, 56, 20, 23, 8, 63]",31.83557317073181
"[39, 13, 22, 63, 17, 33, 12, 22, 57, 38, 56, 19, 23, 6, 62]",32.413732384823795
"[38, 12, 22, 58, 13, 31, 12, 22, 42, 29, 56, 19, 23, 4, 60]",33.56468191056911
"[42, 14, 22, 63, 13, 36, 12, 22, 57, 38, 56, 19, 23, 5, 65]",32.07758943089431
"[39, 12, 25, 63, 23, 37, 12, 22, 57, 34, 56, 19, 23, 4, 65]",31.250636856368548
"[42, 14, 24, 63, 16, 31, 12, 22, 57, 38, 56, 19, 23, 6, 65]",31.128905149051477
"[43, 12, 23, 63, 16, 36, 12, 22, 57, 37, 56, 19, 23, 5, 65]",34.25759654471537
"[35, 12, 22, 63, 18, 34, 12, 22, 57, 37, 56, 19, 23, 4, 65]",32.43576219512202
"[37, 12, 22, 63, 23, 33, 12, 22, 57, 36, 56, 20, 23, 7, 64]",31.654005081300827
"[35, 13, 22, 60, 21, 33, 12, 23, 57, 38, 56, 19, 23, 7, 65]",32.943362127371174
"[49, 14, 22, 63, 16, 35, 12, 22, 57, 38, 56, 19, 23, 5, 64]",31.36904640921414
"[41, 12, 23, 63, 21, 38, 12, 22, 57, 38, 56, 19, 23, 6, 59]",32.345710365853655
"[39, 14, 23, 63, 20, 32, 12, 22, 56, 35, 56, 20, 23, 6, 63]",31.114697831978365
"[40, 13, 23, 63, 20, 36, 12, 22, 57, 35, 61, 20, 23, 7, 65]",31.32566869918682
"[44, 13, 23, 63, 15, 34, 12, 22, 57, 37, 56, 19, 23, 6, 64]",31.018158197831802
"[36, 14, 23, 63, 23, 35, 12, 22, 57, 37, 58, 19, 23, 8, 65]",32.46356741192418
"[42, 12, 22, 63, 18, 32, 12, 22, 57, 35, 60, 19, 23, 6, 65]",32.53646849593494
"[41, 12, 23, 58, 17, 34, 12, 23, 57, 36, 56, 19, 23, 6, 62]",30.98711449864505
"[38, 12, 22, 63, 21, 31, 12, 22, 55, 38, 56, 21, 23, 5, 61]",31.948147696477143
"[42, 13, 22, 62, 18, 31, 12, 22, 57, 35, 56, 22, 23, 5, 65]",31.40580115176163
"[48, 13, 22, 63, 13, 36, 12, 22, 56, 38, 56, 21, 23, 8, 63]",31.180789634146368
"[36, 14, 22, 62, 20, 35, 12, 22, 57, 38, 56, 19, 23, 8, 59]",31.22910975609762
"[37, 12, 22, 55, 14, 31, 12, 22, 52, 23, 56, 19, 23, 6, 60]",31.2162611788618
"[42, 12, 22, 61, 15, 34, 12, 22, 57, 38, 56, 19, 23, 7, 65]",32.93017649051498
"[41, 13, 24, 63, 19, 33, 12, 22, 57, 35, 56, 19, 23, 5, 65]",30.70334281842812
"[43, 13, 22, 63, 17, 31, 12, 22, 57, 36, 56, 19, 23, 7, 65]",30.556213075880745
"[44, 12, 23, 63, 18, 35, 12, 22, 57, 37, 56, 20, 23, 5, 65]",32.58423102981034
"[37, 12, 22, 63, 15, 37, 12, 22, 57, 35, 56, 19, 23, 8, 65]",30.66082825203238
"[41, 14, 23, 63, 18, 31, 12, 22, 57, 36, 56, 19, 23, 7, 65]",31.09950271002712
"[35, 14, 22, 57, 23, 34, 12, 23, 57, 38, 56, 19, 23, 5, 65]",30.28289668021676
"[44, 13, 22, 63, 17, 35, 12, 22, 57, 35, 56, 19, 23, 5, 64]",31.430916327913295
"[39, 12, 23, 63, 23, 37, 12, 22, 57, 38, 56, 19, 23, 4, 62]",32.0057449186992
"[38, 14, 24, 62, 22, 32, 12, 22, 56, 36, 56, 19, 23, 6, 65]",31.1107835365853
"[40, 13, 23, 62, 19, 33, 12, 22, 57, 36, 61, 19, 23, 5, 65]",31.157713414634188
"[40, 14, 23, 60, 17, 35, 12, 22, 56, 35, 56, 19, 23, 4, 65]",32.63310060975601
"[39, 15, 24, 63, 22, 31, 12, 22, 57, 36, 58, 20, 23, 6, 65]",31.2365924796748
"[39, 12, 22, 63, 22, 33, 12, 22, 57, 33, 57, 19, 23, 5, 65]",32.79995088075871
"[40, 12, 22, 57, 19, 34, 12, 23, 57, 36, 56, 19, 23, 6, 65]",31.483439363143543
"[37, 13, 23, 63, 13, 31, 12, 22, 56, 38, 56, 19, 23, 5, 62]",32.23696375338766
"[38, 13, 22, 60, 15, 31, 12, 22, 54, 35, 56, 20, 23, 5, 65]",31.524442073170743
"[43, 13, 23, 63, 13, 34, 12, 22, 57, 38, 56, 21, 23, 4, 65]",31.893109078590758
"[40, 13, 22, 56, 19, 35, 12, 22, 57, 38, 56, 19, 23, 8, 65]",32.02787262872624
"[36, 12, 22, 52, 22, 31, 12, 22, 48, 29, 56, 19, 23, 8, 60]",31.41687228997286
"[41, 12, 23, 56, 19, 33, 12, 22, 57, 36, 57, 19, 23, 4, 65]",31.34856233062338
"[44, 14, 24, 63, 15, 31, 12, 22, 57, 37, 56, 19, 23, 6, 65]",30.07442649051492
"[43, 12, 22, 63, 22, 35, 12, 22, 57, 33, 56, 19, 23, 8, 65]",30.10026998644986
"[40, 12, 24, 63, 20, 33, 12, 22, 57, 36, 56, 20, 23, 5, 64]",33.275801829268396
"[37, 12, 22, 63, 15, 35, 12, 22, 57, 33, 56, 19, 23, 8, 65]",30.67115989159896
"[45, 15, 25, 63, 14, 32, 12, 22, 57, 34, 56, 19, 23, 6, 65]",30.58432317073176
"[39, 12, 22, 55, 20, 35, 12, 23, 57, 36, 56, 19, 23, 3, 65]",30.910846205962077
"[36, 12, 25, 63, 16, 32, 12, 22, 57, 34, 56, 19, 23, 5, 64]",31.804489498644976
"[41, 13, 24, 63, 22, 35, 12, 22, 57, 38, 56, 19, 23, 3, 65]",31.019263550135555
"[40, 13, 24, 62, 18, 32, 12, 22, 57, 37, 56, 19, 23, 6, 65]",31.12535162601617
"[40, 13, 24, 61, 18, 32, 12, 22, 57, 35, 58, 21, 23, 3, 65]",31.942305216802108
"[37, 14, 23, 59, 20, 33, 12, 22, 57, 34, 56, 19, 23, 3, 65]",30.359100609756144
"[43, 15, 24, 63, 20, 31, 12, 22, 57, 35, 57, 19, 23, 3, 65]",30.538015582655927
"[36, 14, 22, 63, 21, 34, 12, 22, 57, 34, 56, 19, 23, 4, 65]",31.426826558265464
"[38, 12, 22, 59, 19, 34, 12, 22, 57, 36, 56, 19, 23, 4, 65]",30.33751355013559
"[39, 13, 22, 63, 13, 37, 12, 22, 56, 29, 56, 19, 23, 5, 63]",32.21734823848242
"[35, 13, 22, 59, 23, 31, 12, 22, 52, 33, 56, 19, 23, 5, 65]",31.821049796748014
"[35, 13, 25, 59, 23, 31, 12, 22, 57, 38, 57, 19, 23, 2, 65]",32.44007757452572
"[45, 12, 23, 54, 18, 34, 12, 22, 57, 38, 56, 19, 23, 8, 65]",30.491778455284646
"[35, 12, 22, 57, 23, 31, 12, 22, 43, 34, 56, 19, 23, 8, 65]",32.61565650406501
"[35, 12, 22, 55, 17, 34, 12, 22, 57, 34, 59, 19, 23, 3, 65]",32.345427845528484
"[43, 14, 23, 63, 15, 31, 12, 22, 57, 37, 56, 19, 23, 7, 65]",31.750640582655958
"[40, 13, 22, 63, 22, 38, 12, 22, 57, 32, 56, 20, 23, 4, 65]",31.392314363143598
"[37, 13, 23, 63, 20, 32, 12, 22, 57, 35, 56, 19, 23, 7, 63]",32.02985365853666
"[40, 12, 22, 63, 20, 32, 12, 22, 57, 35, 56, 19, 23, 8, 65]",30.53488719512192
"[44, 15, 25, 63, 15, 33, 12, 22, 57, 33, 56, 19, 23, 5, 65]",30.767213414634114
"[36, 12, 22, 57, 14, 34, 12, 22, 57, 35, 56, 19, 23, 4, 65]",32.0972432249323
"[37, 13, 27, 61, 15, 32, 12, 22, 57, 36, 56, 19, 23, 5, 65]",31.380535569105664
"[44, 14, 25, 63, 20, 32, 13, 22, 57, 36, 56, 19, 23, 4, 65]",31.723751016260188
"[43, 12, 24, 63, 15, 33, 12, 22, 57, 35, 57, 19, 23, 5, 65]",30.518486111111176
"[38, 13, 24, 60, 18, 35, 12, 22, 57, 34, 58, 22, 23, 8, 65]",32.64071239837401
"[39, 12, 24, 60, 20, 31, 12, 22, 57, 32, 56, 19, 23, 3, 64]",30.48246815718155
"[46, 13, 26, 63, 17, 31, 12, 22, 57, 34, 58, 19, 23, 3, 65]",30.935443766937805
"[36, 14, 22, 63, 16, 35, 12, 22, 57, 36, 56, 19, 23, 4, 65]",30.57445392953925
"[37, 12, 22, 60, 16, 34, 12, 22, 57, 36, 57, 19, 23, 5, 65]",32.20582113821133
"[41, 13, 22, 59, 13, 39, 12, 22, 57, 30, 56, 19, 23, 5, 65]",31.417720189701964
"[35, 12, 22, 56, 23, 31, 12, 22, 57, 29, 56, 19, 23, 5, 65]",31.63167479674795
"[38, 13, 26, 55, 23, 32, 12, 22, 57, 38, 57, 19, 23, 8, 65]",32.28195392953933
"[46, 12, 23, 55, 17, 33, 12, 22, 57, 37, 56, 19, 23, 2, 65]",31.364426151761528
"[35, 12, 22, 63, 17, 31, 12, 22, 56, 38, 56, 19, 23, 6, 65]",30.360513211382077
"[35, 12, 22, 57, 16, 33, 12, 22, 57, 36, 57, 19, 23, 3, 65]",31.15226388888885
"[42, 13, 23, 63, 20, 31, 12, 22, 57, 34, 56, 19, 23, 4, 65]",32.075850609756095
"[41, 13, 23, 63, 19, 38, 12, 22, 57, 33, 56, 20, 23, 4, 65]",32.54156504065048
"[39, 14, 22, 63, 18, 33, 12, 22, 57, 34, 56, 19, 23, 8, 63]",31.702712398373947
"[42, 12, 23, 63, 22, 31, 12, 22, 57, 36, 56, 19, 23, 3, 65]",31.675173441734465
"[41, 14, 25, 63, 19, 33, 12, 22, 57, 35, 57, 19, 23, 5, 65]",32.64700880758801
"[35, 12, 22, 49, 18, 33, 12, 22, 57, 35, 56, 19, 23, 7, 65]",31.06423848238484
"[42, 14, 22, 56, 16, 32, 12, 22, 57, 38, 56, 19, 23, 5, 65]",31.474902777777796
"[42, 13, 25, 63, 19, 33, 13, 22, 57, 34, 56, 19, 23, 4, 65]",31.512840785907965
"[41, 12, 24, 61, 20, 33, 12, 22, 57, 33, 59, 19, 23, 4, 65]",31.801334010840193
"[38, 13, 23, 59, 18, 37, 12, 22, 57, 34, 59, 19, 23, 8, 65]",31.402262195121835
"[39, 12, 23, 59, 16, 31, 12, 22, 56, 32, 56, 19, 23, 5, 63]",32.14471951219514
"[42, 13, 26, 63, 20, 32, 12, 22, 57, 35, 58, 19, 23, 6, 65]",31.77206402439018
"[37, 12, 22, 61, 15, 35, 12, 22, 57, 37, 56, 19, 23, 5, 65]",31.246225271002594
"[38, 12, 22, 59, 16, 34, 12, 22, 57, 37, 57, 19, 23, 7, 65]",30.89040684281842
"[43, 12, 22, 48, 16, 36, 12, 22, 57, 38, 56, 19, 23, 5, 65]",32.776182926829286
"[35, 12, 22, 55, 17, 31, 12, 22, 57, 34, 56, 19, 23, 6, 65]",31.373421409214057
"[43, 13, 26, 63, 23, 34, 12, 22, 57, 37, 57, 19, 23, 8, 65]",31.740314024390237
"[37, 12, 22, 60, 17, 34, 12, 22, 57, 35, 56, 20, 23, 1, 65]",32.73305894308951
"[42, 12, 22, 63, 13, 31, 12, 22, 57, 38, 56, 19, 23, 3, 65]",31.63636314363142
"[35, 12, 22, 55, 14, 32, 12, 22, 57, 37, 56, 20, 23, 7, 65]",31.296351287262784
"[41, 13, 24, 63, 20, 31, 12, 22, 54, 32, 56, 19, 23, 3, 65]",31.297617886178813
"[42, 13, 23, 61, 18, 38, 12, 22, 57, 34, 56, 19, 23, 8, 65]",30.803385840108408
"[41, 14, 24, 62, 16, 34, 12, 22, 57, 34, 56, 19, 23, 5, 64]",30.59940819783203
"[41, 13, 24, 62, 19, 31, 12, 22, 57, 33, 56, 19, 23, 3, 65]",32.24115345528461
"[43, 12, 25, 62, 21, 33, 12, 22, 57, 36, 57, 19, 23, 6, 65]",30.76035602981035
"[35, 12, 22, 52, 23, 32, 12, 22, 57, 36, 57, 19, 23, 6, 65]",30.484906165311667
"[42, 12, 22, 55, 19, 33, 12, 22, 56, 37, 56, 19, 23, 5, 65]",31.180538279132975
"[40, 13, 25, 63, 20, 34, 13, 22, 57, 35, 56, 19, 23, 4, 65]",31.097661924119368
"[38, 12, 22, 59, 20, 33, 12, 22, 56, 33, 59, 20, 23, 4, 65]",31.48065887533883
"[39, 12, 23, 58, 19, 37, 12, 22, 57, 34, 62, 19, 23, 6, 65]",31.17117987804865
"[35, 12, 23, 59, 18, 33, 12, 22, 55, 34, 56, 19, 23, 5, 63]",31.259782859078495
"[38, 14, 26, 63, 22, 34, 12, 22, 57, 36, 57, 19, 23, 7, 65]",30.371488821138186
"[36, 12, 22, 53, 15, 34, 12, 22, 57, 37, 56, 19, 23, 6, 65]",30.866313346883327
"[38, 12, 22, 54, 19, 34, 12, 22, 57, 37, 58, 19, 23, 5, 65]",30.310760162601515
"[35, 12, 22, 48, 17, 31, 12, 22, 57, 38, 56, 19, 23, 5, 65]",32.429870934959304
"[36, 12, 22, 56, 15, 31, 12, 22, 54, 38, 56, 19, 23, 6, 65]",31.229926829268376
"[45, 14, 23, 63, 22, 34, 12, 22, 57, 35, 58, 19, 23, 8, 65]",31.989264905149096
"[35, 12, 22, 63, 17, 33, 12, 22, 57, 34, 56, 19, 23, 5, 65]",31.698589092140868
"[37, 12, 22, 55, 17, 31, 12, 22, 57, 35, 56, 19, 23, 3, 65]",31.442180894308855
"[37, 12, 22, 53, 18, 32, 12, 22, 57, 36, 56, 21, 23, 8, 65]",30.29081199186983
"[42, 13, 27, 63, 14, 32, 12, 22, 52, 35, 56, 19, 23, 6, 64]",31.408069783197824
"[43, 13, 24, 59, 19, 36, 12, 22, 57, 35, 57, 19, 23, 8, 65]",30.78027710027094
"[41, 13, 25, 60, 17, 35, 12, 22, 57, 35, 56, 19, 23, 3, 65]",31.285040650406582
"[40, 13, 25, 62, 17, 32, 12, 22, 57, 33, 56, 19, 23, 7, 65]",31.34587804878043
"[43, 13, 25, 63, 13, 31, 12, 22, 56, 35, 58, 19, 23, 5, 65]",31.76015887533886
"[35, 12, 22, 51, 22, 33, 12, 22, 57, 36, 59, 19, 23, 4, 65]",30.83183943089437
"[35, 12, 22, 58, 21, 34, 12, 22, 57, 33, 56, 19, 23, 5, 65]",31.712594512195146
"[41, 13, 25, 63, 20, 34, 12, 22, 57, 36, 56, 19, 23, 4, 63]",30.943054200542033
"[40, 12, 22, 58, 15, 32, 12, 22, 56, 37, 58, 20, 23, 6, 65]",32.74505962059618
"[37, 12, 23, 59, 18, 31, 12, 22, 57, 35, 63, 23, 23, 3, 65]",32.04417242547425
"[36, 12, 23, 53, 21, 34, 12, 22, 54, 33, 56, 19, 23, 4, 64]",30.57796544715458
"[35, 14, 26, 63, 21, 34, 12, 22, 57, 36, 58, 19, 23, 6, 65]",31.28357994579944
"[35, 12, 22, 50, 18, 34, 12, 22, 57, 34, 57, 20, 23, 5, 65]",31.831428523035143
"[36, 12, 22, 55, 20, 34, 12, 23, 57, 37, 59, 19, 23, 4, 65]",32.557591463414646
"[35, 12, 22, 56, 18, 31, 12, 22, 57, 38, 56, 19, 23, 5, 65]",31.06065481029811
"[38, 12, 22, 56, 14, 31, 12, 22, 56, 38, 56, 19, 23, 4, 65]",30.45313211382109
"[45, 14, 22, 63, 18, 33, 12, 22, 57, 35, 59, 19, 23, 5, 65]",31.568938685636866
"[37, 13, 23, 63, 19, 33, 12, 22, 57, 34, 56, 19, 23, 8, 65]",30.46454132791328
"[35, 12, 22, 51, 20, 31, 12, 22, 57, 33, 56, 19, 23, 5, 65]",30.99495833333338
"[35, 12, 22, 49, 19, 32, 12, 22, 57, 32, 59, 22, 23, 7, 65]",30.613958672086717
"[43, 13, 26, 60, 16, 31, 12, 22, 52, 37, 56, 19, 23, 7, 64]",33.886959688347034
"[40, 12, 23, 58, 20, 31, 12, 22, 57, 36, 60, 19, 23, 6, 65]",30.33884451219509
"[39, 12, 23, 58, 20, 33, 12, 22, 57, 36, 56, 19, 23, 3, 64]",32.82664363143624
"[40, 13, 25, 62, 19, 32, 12, 22, 57, 35, 56, 19, 23, 8, 65]",30.50181436314363
"[39, 15, 26, 63, 13, 32, 12, 22, 55, 33, 59, 20, 23, 4, 65]",32.63717987804893
"[35, 12, 22, 52, 13, 34, 12, 22, 57, 35, 59, 19, 23, 3, 65]",31.645799457994624
"[35, 12, 22, 61, 13, 33, 12, 22, 57, 35, 56, 19, 23, 5, 65]",31.118462059620462
"[42, 13, 25, 63, 19, 34, 12, 22, 57, 37, 56, 19, 23, 4, 63]",31.060909552845605
"[40, 12, 22, 57, 13, 32, 12, 22, 55, 36, 59, 19, 23, 6, 65]",31.723298102981005
"[39, 12, 23, 59, 17, 31, 12, 22, 57, 35, 62, 25, 23, 4, 65]",32.175525745257396
"[39, 12, 22, 48, 16, 34, 12, 22, 53, 33, 56, 19, 23, 3, 65]",31.408305216802265
"[43, 14, 26, 63, 17, 34, 12, 22, 57, 36, 59, 19, 23, 5, 65]",30.824014227642255
"[35, 12, 22, 54, 19, 34, 12, 22, 57, 33, 58, 19, 23, 4, 65]",31.093312330623245
"[38, 12, 22, 59, 20, 34, 12, 22, 57, 35, 58, 20, 23, 5, 65]",32.53630555555551
"[35, 12, 22, 61, 18, 32, 12, 22, 57, 33, 56, 19, 23, 5, 65]",30.07853726287257
"[39, 12, 22, 48, 14, 32, 12, 22, 57, 37, 56, 19, 23, 4, 65]",31.8716781842818
"[44, 13, 24, 63, 17, 32, 12, 22, 57, 35, 60, 19, 23, 2, 65]",30.699231707317143
"[42, 13, 23, 57, 19, 34, 12, 22, 57, 34, 56, 19, 23, 8, 65]",31.54697527100262
"[35, 12, 22, 54, 19, 31, 12, 22, 57, 35, 56, 19, 23, 7, 65]",31.62877201897033
"[35, 12, 22, 48, 17, 32, 12, 22, 57, 33, 61, 22, 23, 3, 65]",31.586836720867147
"[41, 13, 23, 61, 18, 31, 12, 22, 55, 36, 56, 19, 23, 5, 65]",31.452143970189695
"[38, 12, 22, 62, 18, 32, 12, 22, 57, 36, 62, 19, 23, 5, 65]",32.137214430894126
"[38, 13, 22, 58, 18, 32, 12, 22, 57, 36, 56, 19, 23, 6, 63]",31.202472899729038
"[39, 13, 24, 59, 21, 32, 12, 22, 55, 35, 59, 19, 23, 8, 65]",30.70391836043363
"[37, 16, 23, 60, 20, 33, 12, 22, 55, 31, 57, 21, 23, 5, 65]",32.40279166666664
"[35, 12, 22, 50, 13, 35, 12, 22, 57, 34, 56, 19, 23, 6, 65]",32.5853743224933
"[40, 12, 22, 59, 13, 31, 12, 22, 57, 38, 56, 19, 23, 5, 65]",31.660534214092184
"[42, 13, 25, 62, 18, 34, 12, 22, 57, 36, 56, 19, 23, 5, 64]",31.47386517615177
"[39, 12, 22, 57, 14, 33, 12, 22, 57, 32, 60, 19, 23, 5, 65]",32.76348780487796
"[41, 12, 22, 57, 19, 32, 12, 22, 57, 34, 59, 20, 23, 8, 65]",31.773241192411827
"[40, 12, 22, 51, 13, 31, 12, 22, 54, 33, 56, 19, 23, 5, 65]",31.36676761517615
"[45, 14, 25, 63, 15, 34, 12, 22, 57, 36, 59, 20, 23, 4, 65]",31.262382791327838
"[35, 12, 22, 59, 13, 32, 12, 22, 57, 37, 59, 19, 23, 4, 65]",30.837892276422856
"[40, 12, 22, 60, 17, 32, 12, 22, 57, 34, 57, 19, 23, 6, 65]",32.22234247967468
"[35, 12, 22, 58, 15, 35, 12, 22, 57, 28, 56, 19, 23, 5, 65]",31.265611111110967
"[35, 12, 22, 49, 18, 32, 12, 22, 57, 35, 56, 19, 23, 5, 65]",32.76336991869928
"[43, 12, 27, 63, 17, 32, 12, 22, 57, 34, 60, 19, 23, 1, 65]",32.58496036585367
"[45, 13, 23, 54, 18, 33, 12, 22, 57, 35, 56, 19, 23, 2, 65]",30.208673441734366
"[35, 12, 22, 59, 13, 31, 12, 22, 57, 37, 56, 19, 23, 8, 65]",30.486344512195167
"[35, 12, 22, 50, 13, 32, 12, 22, 57, 37, 61, 19, 23, 5, 65]",32.2713031842818
"[39, 13, 22, 63, 18, 31, 12, 22, 57, 33, 56, 19, 23, 4, 65]",30.765492886178865
"[38, 12, 22, 61, 17, 35, 12, 22, 57, 32, 57, 19, 23, 6, 65]",31.77105555555561
"[38, 14, 22, 58, 14, 33, 12, 22, 57, 33, 56, 19, 23, 7, 63]",31.807998644986377
"[41, 13, 24, 59, 23, 33, 12, 22, 56, 36, 60, 19, 23, 6, 64]",30.1956893631437
"[35, 17, 22, 58, 23, 34, 12, 22, 56, 29, 56, 22, 23, 6, 65]",29.937333672086904
"[35, 14, 22, 48, 17, 35, 12, 24, 57, 35, 56, 20, 23, 6, 65]",31.45946646341464
"[43, 17, 22, 51, 13, 36, 12, 22, 57, 37, 56, 23, 23, 5, 65]",32.17640345528463
"[41, 14, 25, 61, 22, 36, 12, 22, 57, 33, 56, 19, 23, 5, 64]",32.45440142276423
"[35, 13, 22, 54, 17, 34, 12, 22, 57, 29, 58, 20, 23, 5, 65]",31.550705623306186
"[43, 14, 22, 58, 21, 34, 12, 22, 57, 29, 56, 19, 23, 8, 65]",30.41826117886175
"[37, 14, 22, 59, 15, 31, 12, 22, 56, 29, 56, 19, 23, 7, 65]",33.239530487804814
"[36, 18, 23, 63, 20, 35, 12, 22, 57, 31, 56, 21, 23, 6, 65]",32.76845528455281
"[35, 12, 22, 61, 13, 31, 12, 22, 57, 33, 57, 23, 23, 5, 65]",31.36216429539298
"[39, 14, 22, 60, 15, 34, 12, 24, 57, 32, 56, 20, 23, 6, 65]",30.976777777777748
"[35, 12, 22, 50, 16, 36, 12, 22, 57, 28, 56, 19, 23, 5, 65]",30.621232046070432
"[35, 12, 22, 54, 18, 32, 12, 22, 57, 34, 56, 22, 23, 5, 65]",31.363352642276467
"[41, 14, 23, 63, 21, 34, 12, 22, 57, 33, 56, 22, 23, 4, 65]",33.2612906504064
"[46, 14, 22, 52, 18, 33, 12, 22, 57, 29, 56, 21, 23, 1, 65]",31.782380420054107
"[35, 12, 22, 57, 14, 31, 12, 22, 57, 38, 56, 20, 23, 7, 65]",31.742205623306194
"[35, 12, 22, 51, 13, 36, 12, 23, 57, 33, 59, 19, 23, 7, 65]",31.471543360433557
"[37, 17, 22, 58, 17, 32, 12, 22, 57, 29, 56, 20, 23, 4, 65]",31.071651084010757
"[37, 13, 22, 51, 19, 36, 12, 22, 57, 29, 56, 20, 23, 6, 65]",31.86471680216819
"[35, 17, 22, 56, 17, 36, 12, 23, 57, 30, 56, 20, 23, 6, 63]",30.276260840108378
"[40, 14, 23, 59, 20, 34, 12, 22, 57, 32, 60, 20, 23, 4, 65]",31.342632791327848
"[35, 19, 22, 61, 23, 35, 12, 22, 55, 28, 56, 23, 23, 7, 65]",29.898594173441833
"[35, 16, 22, 50, 23, 34, 12, 25, 57, 35, 56, 23, 23, 6, 64]",30.53198441734433
"[37, 20, 22, 49, 13, 38, 12, 22, 57, 26, 57, 25, 23, 6, 65]",32.28461043360439
"[35, 15, 24, 63, 22, 38, 12, 22, 57, 32, 56, 19, 23, 5, 63]",30.984999322493245
"[35, 17, 22, 54, 17, 35, 12, 22, 55, 30, 56, 22, 23, 5, 65]",31.184330623306195
"[39, 21, 22, 60, 22, 37, 12, 22, 55, 26, 56, 20, 23, 5, 65]",29.92336653116536
"[35, 17, 22, 60, 22, 35, 12, 22, 53, 26, 56, 19, 23, 3, 64]",30.93528048780483
"[35, 22, 22, 63, 23, 37, 12, 22, 57, 28, 56, 22, 23, 8, 65]",29.5206734417343
"[35, 13, 22, 50, 15, 34, 12, 22, 57, 26, 56, 21, 23, 7, 65]",31.70360806233064
"[35, 17, 22, 56, 19, 35, 12, 23, 57, 32, 57, 22, 23, 6, 63]",30.700710027100314
"[35, 14, 22, 50, 19, 33, 12, 22, 55, 30, 56, 19, 23, 6, 64]",31.509029132791166
"[35, 17, 22, 60, 17, 35, 12, 22, 56, 33, 56, 23, 23, 5, 64]",31.205070799458024
"[39, 20, 22, 63, 23, 37, 12, 22, 56, 30, 56, 22, 23, 7, 65]",30.94337838753398
"[35, 15, 22, 50, 19, 33, 12, 23, 57, 29, 56, 21, 23, 6, 65]",32.69930691056914
"[35, 16, 22, 55, 18, 31, 12, 22, 57, 27, 56, 21, 23, 5, 65]",30.34545528455288
"[35, 13, 22, 54, 17, 37, 12, 24, 57, 29, 56, 20, 23, 7, 65]",32.019553861788594
"[35, 19, 22, 56, 16, 33, 12, 22, 56, 29, 56, 21, 23, 7, 64]",31.474022357723488
"[35, 17, 22, 50, 21, 36, 12, 22, 57, 29, 56, 21, 23, 8, 65]",30.916077574525815
"[35, 18, 22, 52, 22, 37, 12, 23, 57, 28, 56, 22, 23, 6, 63]",31.460815718157193
"[36, 21, 22, 60, 18, 35, 12, 22, 57, 29, 59, 21, 23, 6, 65]",31.127985094850967
"[35, 19, 22, 63, 20, 34, 12, 22, 52, 28, 56, 23, 23, 8, 65]",31.876697493224974
"[35, 14, 22, 61, 23, 35, 12, 23, 57, 31, 57, 22, 23, 5, 64]",32.37354403794041
"[35, 12, 22, 53, 18, 31, 12, 22, 57, 30, 59, 20, 23, 7, 65]",32.14163719512203
"[35, 20, 24, 63, 22, 36, 12, 23, 57, 31, 56, 21, 23, 6, 63]",29.676995596206062
"[35, 21, 22, 57, 18, 35, 12, 22, 53, 31, 56, 23, 23, 5, 65]",29.98592953929537
"[35, 22, 22, 63, 21, 32, 12, 22, 50, 28, 56, 23, 23, 4, 65]",30.462509146341663
"[35, 17, 22, 59, 23, 31, 12, 22, 51, 29, 56, 20, 23, 1, 65]",31.882560636856333
"[35, 20, 23, 63, 23, 34, 12, 22, 55, 30, 56, 24, 23, 8, 65]",29.798271341463348
"[35, 19, 22, 48, 20, 36, 12, 22, 57, 23, 56, 19, 23, 8, 65]",30.549285230352318
"[35, 19, 22, 53, 23, 35, 12, 23, 56, 36, 56, 22, 23, 6, 62]",30.88770223577233
"[35, 17, 22, 56, 21, 31, 12, 22, 52, 33, 56, 19, 23, 6, 64]",30.41397560975629
"[35, 17, 22, 54, 14, 36, 12, 22, 57, 31, 56, 20, 23, 6, 63]",31.005001016260017
"[36, 21, 22, 63, 23, 34, 12, 22, 55, 29, 56, 21, 23, 5, 65]",31.09164159891597
"[35, 17, 23, 57, 17, 34, 12, 22, 54, 32, 56, 20, 23, 8, 65]",31.050574864498643
"[35, 19, 22, 49, 21, 34, 12, 22, 56, 23, 56, 23, 23, 3, 65]",32.200866869918706
"[35, 16, 22, 48, 19, 35, 12, 23, 57, 28, 56, 22, 23, 6, 65]",30.48584010840124
"[35, 16, 22, 56, 17, 31, 12, 22, 54, 35, 56, 21, 23, 8, 65]",31.733293360433617
"[35, 17, 22, 60, 16, 34, 12, 22, 57, 31, 56, 20, 23, 8, 65]",30.675646002710092
"[35, 17, 22, 51, 18, 35, 12, 22, 57, 28, 56, 23, 23, 6, 64]",31.087638550135686
"[35, 22, 23, 61, 18, 34, 12, 22, 53, 33, 58, 22, 23, 8, 65]",30.89430115176144
"[35, 19, 22, 63, 18, 33, 12, 22, 53, 28, 56, 21, 23, 6, 65]",30.692308604335896
"[35, 15, 22, 62, 18, 36, 12, 22, 57, 30, 59, 19, 23, 5, 65]",31.122185975609707
"[35, 12, 22, 59, 16, 31, 12, 22, 57, 37, 57, 19, 23, 5, 65]",31.55603929539296
"[35, 21, 23, 63, 18, 34, 12, 23, 57, 30, 56, 22, 23, 7, 63]",30.211936653116496
"[35, 21, 22, 58, 17, 32, 12, 22, 54, 29, 56, 22, 23, 6, 65]",30.97581097560969
"[35, 21, 22, 63, 18, 31, 12, 22, 48, 27, 56, 22, 23, 3, 65]",30.47926592140938
"[35, 17, 22, 58, 14, 31, 12, 22, 51, 32, 56, 20, 23, 8, 65]",31.496200203251938
"[35, 15, 25, 63, 22, 32, 12, 22, 53, 31, 56, 22, 23, 7, 65]",30.585787940379344
"[35, 20, 22, 48, 19, 34, 12, 22, 57, 29, 56, 22, 23, 6, 65]",31.40554505420047
"[35, 12, 22, 63, 23, 35, 12, 23, 56, 37, 56, 21, 23, 6, 65]",31.045616531165365
"[35, 14, 22, 63, 18, 31, 12, 22, 53, 31, 56, 22, 23, 5, 65]",30.457904132791324
"[35, 14, 22, 48, 18, 34, 12, 22, 55, 34, 56, 19, 23, 5, 64]",31.014200542005533
"[35, 20, 23, 63, 22, 32, 12, 22, 56, 31, 56, 20, 23, 4, 65]",30.477415311653125
"[35, 18, 22, 63, 18, 36, 12, 23, 52, 35, 56, 20, 23, 8, 65]",29.707423780487826
"[35, 13, 22, 48, 20, 34, 12, 22, 48, 23, 56, 22, 23, 4, 65]",31.05749491869927
"[35, 14, 22, 51, 19, 33, 12, 22, 57, 36, 56, 22, 23, 6, 65]",31.829503048780523
"[36, 12, 22, 58, 18, 31, 12, 22, 53, 38, 56, 20, 23, 4, 65]",30.66604031165299
"[35, 17, 22, 63, 14, 33, 12, 23, 57, 33, 56, 19, 23, 5, 65]",29.86676727642277
"[35, 15, 22, 51, 14, 34, 12, 22, 57, 31, 56, 19, 23, 6, 65]",30.94682147696477
"[35, 15, 24, 59, 22, 32, 12, 22, 50, 32, 59, 21, 23, 8, 65]",31.032081300812916
"[36, 18, 22, 62, 23, 32, 12, 22, 51, 29, 58, 21, 23, 5, 65]",31.127443428184247
"[35, 19, 22, 63, 15, 37, 12, 22, 57, 30, 60, 19, 23, 7, 65]",30.215584010840114
"[35, 12, 22, 63, 13, 31, 12, 22, 53, 34, 57, 19, 23, 4, 65]",30.79185907859067
"[35, 18, 24, 63, 18, 34, 12, 23, 57, 29, 56, 21, 23, 6, 64]",31.314693089430875
"[35, 17, 22, 62, 18, 33, 12, 22, 55, 28, 56, 22, 23, 7, 65]",30.947392276422782
"[38, 18, 23, 63, 17, 31, 12, 22, 49, 27, 56, 20, 23, 8, 65]",30.809160907858963
"[35, 18, 22, 60, 13, 31, 12, 22, 56, 31, 56, 20, 23, 8, 63]",30.11630724932245
"[36, 19, 24, 63, 19, 34, 12, 22, 52, 27, 56, 21, 23, 5, 65]",29.880557249322578
"[35, 13, 22, 48, 15, 32, 12, 23, 55, 28, 57, 23, 23, 5, 65]",31.206453929539446
"[35, 15, 22, 63, 18, 35, 12, 23, 57, 35, 56, 19, 23, 6, 65]",31.293552845528414
"[35, 12, 22, 63, 17, 31, 12, 22, 56, 29, 56, 24, 23, 6, 65]",31.8149071815718
"[35, 13, 22, 49, 19, 31, 12, 22, 57, 37, 56, 21, 23, 5, 65]",30.910531504065002
"[38, 20, 25, 63, 20, 31, 12, 22, 57, 32, 56, 19, 23, 6, 65]",30.344078252032624
"[35, 18, 22, 63, 20, 35, 12, 23, 55, 34, 56, 21, 23, 5, 65]",30.823015582655792
"[35, 13, 22, 58, 13, 31, 12, 22, 47, 26, 56, 20, 23, 8, 65]",32.03798441734403
"[35, 14, 22, 57, 14, 32, 12, 22, 57, 38, 56, 21, 23, 7, 65]",31.108758468834644
"[37, 12, 22, 58, 16, 33, 12, 22, 55, 25, 56, 20, 23, 4, 65]",30.329043699186915
"[35, 16, 22, 61, 14, 33, 12, 23, 56, 30, 56, 21, 23, 4, 65]",30.756005758807614
"[35, 14, 22, 56, 14, 33, 12, 22, 56, 31, 56, 19, 23, 6, 65]",30.779300813008078
"[40, 12, 25, 55, 23, 31, 12, 22, 53, 30, 60, 22, 23, 6, 65]",30.33324695121949
"[38, 18, 22, 58, 21, 32, 12, 22, 52, 26, 58, 24, 23, 7, 65]",30.78541023035222
"[35, 20, 22, 61, 19, 36, 12, 23, 57, 31, 59, 19, 23, 7, 65]",31.484748644986528
"[35, 12, 22, 53, 13, 33, 12, 22, 53, 30, 56, 20, 23, 5, 65]",32.01756233062332
"[35, 17, 22, 63, 21, 35, 12, 22, 57, 30, 56, 20, 23, 5, 65]",29.97169749322496
"[35, 16, 22, 60, 18, 34, 12, 22, 50, 28, 57, 22, 23, 7, 65]",30.86856334688349
"[40, 17, 23, 63, 23, 31, 12, 22, 53, 27, 56, 19, 23, 8, 65]",30.584089769647687
"[35, 17, 22, 57, 16, 31, 12, 22, 55, 27, 56, 22, 23, 8, 64]",30.76800304878052
"[38, 22, 22, 63, 17, 33, 12, 22, 54, 25, 56, 21, 23, 6, 65]",30.081671409214003
"[35, 12, 22, 48, 14, 33, 12, 22, 53, 25, 59, 19, 23, 5, 65]",32.803908197832
"[35, 20, 22, 63, 14, 35, 12, 24, 57, 28, 56, 19, 23, 6, 65]",30.186934620596112
"[35, 17, 22, 59, 19, 35, 12, 22, 57, 27, 56, 21, 23, 7, 65]",30.069869918699187
"[35, 12, 22, 56, 17, 31, 12, 22, 57, 37, 56, 22, 23, 6, 65]",31.200922086720777
"[40, 17, 26, 63, 17, 31, 12, 22, 53, 31, 56, 20, 23, 8, 65]",30.608369241192417
"[35, 17, 22, 62, 19, 34, 12, 24, 57, 28, 56, 22, 23, 5, 65]",30.5742994579946
"[35, 15, 22, 63, 16, 31, 12, 22, 49, 31, 56, 19, 23, 8, 64]",30.292836382113734
"[35, 18, 22, 63, 16, 34, 12, 22, 57, 28, 56, 20, 23, 7, 65]",29.970216124661196
"[36, 15, 22, 57, 14, 34, 12, 22, 56, 23, 56, 20, 23, 6, 65]",31.560079945799384
"[35, 16, 22, 56, 19, 33, 12, 23, 53, 29, 56, 22, 23, 6, 65]",32.377614498644874
"[35, 16, 22, 56, 21, 35, 12, 22, 54, 27, 56, 21, 23, 6, 64]",30.691937669376756
"[40, 14, 23, 60, 18, 33, 12, 22, 57, 29, 57, 22, 23, 4, 65]",33.94345189701898
"[38, 18, 22, 60, 19, 32, 12, 22, 51, 28, 56, 22, 23, 8, 65]",31.39873712737112
"[35, 18, 22, 59, 20, 34, 12, 23, 57, 32, 56, 23, 23, 5, 65]",31.19988313008126
"[35, 13, 22, 48, 13, 35, 12, 22, 55, 31, 56, 21, 23, 6, 65]",31.38290210027093
"[36, 17, 22, 61, 22, 36, 12, 22, 55, 32, 56, 19, 23, 6, 64]",30.115992208672147
"[35, 17, 22, 56, 19, 35, 12, 22, 51, 30, 56, 21, 23, 4, 65]",30.62112533875351
"[35, 19, 22, 61, 23, 34, 12, 22, 56, 25, 56, 21, 23, 7, 65]",30.109369579945767
"[35, 16, 22, 54, 20, 31, 12, 22, 53, 29, 56, 22, 23, 7, 65]",30.917601287262748
"[38, 22, 22, 63, 22, 32, 12, 22, 55, 29, 56, 22, 23, 8, 65]",31.432846544715407
"[35, 15, 22, 48, 16, 34, 12, 22, 49, 28, 56, 19, 23, 6, 65]",31.41694817073166
"[35, 22, 22, 63, 14, 34, 12, 25, 57, 23, 56, 23, 23, 6, 64]",31.29712906504067
"[35, 21, 22, 51, 20, 35, 12, 22, 52, 26, 56, 20, 23, 7, 65]",30.558908875338744
"[35, 18, 22, 58, 15, 34, 12, 22, 56, 33, 56, 21, 23, 5, 65]",30.61859857723573
"[37, 19, 26, 63, 17, 33, 12, 22, 51, 27, 56, 21, 23, 5, 65]",30.886173441734357
"[35, 17, 22, 61, 17, 34, 12, 24, 56, 26, 57, 20, 23, 8, 65]",30.831512533875397
"[35, 18, 22, 62, 20, 31, 12, 22, 56, 25, 58, 22, 23, 8, 64]",30.785721883468863
"[35, 18, 22, 59, 19, 37, 12, 22, 57, 23, 56, 19, 23, 7, 65]",30.089775067750615
"[35, 20, 22, 57, 13, 35, 12, 22, 55, 23, 56, 21, 23, 8, 65]",29.6786138211383
"[35, 18, 22, 55, 22, 33, 12, 22, 53, 30, 56, 20, 23, 7, 65]",30.29104200542004
"[35, 18, 22, 58, 23, 33, 12, 22, 54, 24, 56, 23, 23, 6, 63]",30.584252371273728
"[35, 18, 22, 62, 16, 35, 12, 22, 57, 31, 57, 22, 23, 5, 65]",31.134499661246544
"[37, 19, 22, 63, 19, 32, 12, 22, 48, 30, 56, 21, 23, 5, 65]",30.66587296747963
"[35, 15, 22, 59, 16, 36, 12, 23, 57, 32, 56, 23, 23, 5, 65]",30.937493224932158
"[35, 16, 22, 49, 16, 31, 12, 22, 55, 33, 56, 21, 23, 7, 65]",31.00580047425474
"[35, 20, 22, 60, 22, 34, 12, 23, 55, 31, 56, 20, 23, 7, 63]",30.817109078590864
"[35, 21, 22, 53, 17, 32, 12, 22, 56, 29, 57, 24, 23, 6, 65]",30.870642953929583
"[35, 22, 23, 63, 23, 36, 12, 22, 49, 26, 56, 23, 23, 4, 65]",29.969269986449948
"[35, 15, 22, 53, 23, 31, 12, 22, 50, 31, 56, 21, 23, 6, 65]",31.610968834688407
"[35, 19, 22, 63, 23, 33, 12, 22, 50, 31, 57, 22, 23, 6, 65]",30.416815718157075
"[35, 19, 22, 48, 19, 32, 12, 22, 50, 28, 56, 20, 23, 8, 65]",31.29782757452575
"[35, 17, 23, 61, 20, 33, 12, 22, 57, 28, 56, 22, 23, 6, 63]",31.617397018970244
"[35, 16, 22, 58, 19, 34, 12, 22, 52, 26, 56, 22, 23, 7, 65]",30.75615379403791
"[35, 16, 22, 54, 16, 36, 12, 22, 53, 26, 56, 19, 23, 5, 65]",31.600969850948513
"[35, 20, 25, 63, 18, 31, 12, 22, 51, 26, 56, 21, 23, 4, 65]",31.98100677506772
"[35, 17, 22, 58, 19, 34, 12, 22, 50, 32, 59, 19, 23, 8, 65]",30.19703997289981
"[35, 19, 22, 59, 21, 31, 12, 22, 53, 23, 58, 23, 23, 8, 65]",30.532741531165353
"[35, 17, 22, 56, 20, 36, 12, 22, 53, 25, 56, 20, 23, 6, 65]",29.996164634146236
"[35, 22, 22, 58, 23, 34, 12, 22, 52, 31, 56, 22, 23, 8, 65]",31.61083096205956
"[35, 18, 22, 58, 14, 33, 12, 22, 53, 30, 56, 19, 23, 5, 65]",30.154279132791384
"[35, 19, 22, 59, 16, 31, 12, 22, 53, 29, 56, 21, 23, 6, 65]",31.072016598916072
"[35, 17, 22, 63, 20, 34, 12, 22, 53, 34, 59, 21, 23, 8, 65]",31.65732147696474
"[35, 21, 22, 61, 17, 31, 12, 22, 50, 25, 56, 22, 23, 4, 65]",30.229856029810147
"[35, 18, 22, 58, 13, 38, 12, 24, 57, 27, 59, 20, 23, 7, 65]",30.87958638211391
"[35, 17, 22, 63, 18, 31, 12, 22, 54, 33, 56, 20, 23, 7, 65]",31.738895325203142
"[36, 22, 23, 63, 20, 31, 13, 24, 56, 29, 56, 23, 23, 6, 64]",30.608832655826653
"[35, 21, 22, 56, 13, 31, 12, 22, 57, 28, 56, 23, 23, 7, 65]",31.97252235772344
"[37, 22, 24, 62, 17, 31, 12, 22, 50, 33, 58, 23, 23, 2, 65]",31.83358909214085
"[35, 21, 22, 60, 13, 31, 12, 22, 51, 31, 56, 20, 23, 6, 65]",30.935054539295354
"[36, 19, 23, 63, 23, 35, 12, 22, 51, 30, 57, 21, 23, 6, 65]",31.369875338753427
"[35, 20, 22, 54, 18, 31, 12, 22, 54, 26, 56, 21, 23, 8, 65]",31.031371612466092
"[35, 18, 23, 59, 17, 31, 12, 22, 52, 35, 56, 20, 23, 6, 65]",30.773284552845535
"[35, 15, 22, 63, 14, 31, 12, 22, 54, 27, 56, 23, 23, 7, 65]",30.190293021680162
"[35, 12, 22, 52, 15, 37, 12, 22, 52, 31, 56, 19, 23, 5, 65]",31.17404132791321
"[36, 21, 23, 63, 18, 31, 12, 22, 52, 30, 57, 21, 23, 7, 65]",30.463868563685622
"[35, 20, 22, 57, 20, 34, 12, 22, 46, 36, 57, 20, 23, 5, 65]",31.239862466124805
"[35, 20, 22, 59, 17, 31, 12, 22, 47, 35, 56, 21, 23, 8, 65]",31.57425542005422
"[35, 19, 22, 58, 19, 31, 12, 22, 50, 33, 56, 22, 23, 6, 65]",31.006759823848153
"[35, 20, 22, 54, 14, 31, 12, 22, 52, 26, 56, 22, 23, 7, 65]",30.12467750677511
"[35, 19, 22, 62, 13, 31, 12, 22, 56, 28, 56, 20, 23, 5, 65]",30.614357384823922
"[35, 20, 22, 63, 13, 31, 12, 22, 52, 34, 56, 19, 23, 6, 65]",29.353506436314365
"[39, 18, 22, 63, 19, 32, 12, 22, 53, 32, 61, 20, 23, 7, 65]",30.916098238482366
"[35, 18, 22, 59, 16, 31, 12, 22, 54, 24, 58, 23, 23, 7, 65]",31.1520013550137
"[35, 21, 22, 57, 13, 31, 13, 25, 57, 29, 62, 19, 23, 8, 65]",31.72691632791313
"[35, 20, 22, 63, 17, 31, 12, 23, 54, 31, 56, 20, 23, 5, 65]",29.62655115176156
"[36, 22, 25, 63, 18, 32, 13, 24, 57, 28, 56, 23, 23, 6, 65]",31.544575880758853
"[35, 20, 22, 60, 14, 31, 12, 22, 55, 30, 56, 20, 23, 7, 65]",31.849338075880755
"[41, 21, 24, 62, 15, 31, 12, 22, 57, 30, 58, 20, 23, 2, 65]",31.90246544715463
"[35, 19, 22, 60, 13, 31, 12, 22, 56, 26, 56, 20, 23, 7, 65]",31.337704268292566
"[37, 21, 25, 63, 17, 32, 12, 22, 55, 24, 57, 22, 23, 7, 65]",30.515101626016204
"[35, 18, 22, 59, 15, 31, 12, 22, 52, 23, 56, 21, 23, 8, 65]",30.611910907859126
"[35, 21, 22, 60, 15, 31, 12, 22, 50, 35, 56, 19, 23, 6, 65]",29.865589769647656
"[35, 15, 22, 62, 13, 31, 12, 22, 52, 32, 56, 21, 23, 5, 65]",32.66125101626006
"[35, 12, 22, 53, 13, 31, 12, 22, 51, 38, 56, 20, 23, 5, 65]",30.939452574525816
"[39, 21, 22, 63, 18, 31, 12, 22, 51, 31, 56, 20, 23, 7, 65]",30.75308434959356
"[35, 21, 22, 59, 15, 31, 12, 22, 45, 30, 56, 22, 23, 5, 65]",30.751463414634184
"[35, 19, 22, 62, 13, 31, 12, 22, 48, 30, 57, 20, 23, 4, 65]",30.31896409214097
"[35, 20, 22, 61, 15, 31, 12, 22, 49, 29, 57, 23, 23, 7, 65]",30.758059620596296
"[35, 18, 22, 59, 13, 31, 12, 22, 55, 23, 56, 22, 23, 6, 65]",31.14523848238486
"[35, 18, 22, 58, 13, 31, 12, 23, 57, 28, 56, 22, 23, 5, 65]",31.75165921409215
"[35, 21, 22, 61, 13, 31, 12, 22, 49, 31, 56, 19, 23, 6, 65]",30.43483536585378
"[41, 16, 23, 59, 18, 31, 12, 22, 57, 29, 58, 20, 23, 5, 65]",30.881381436314335
"[35, 16, 22, 58, 19, 31, 12, 22, 51, 28, 57, 24, 23, 8, 65]",30.1199278455284
"[35, 21, 22, 57, 13, 31, 14, 22, 57, 34, 60, 22, 23, 6, 65]",31.845922086720897
"[35, 21, 22, 63, 15, 31, 12, 23, 55, 26, 56, 21, 23, 5, 65]",31.268270325203222
"[36, 21, 26, 63, 18, 34, 12, 24, 55, 31, 56, 22, 23, 6, 65]",30.35399220867208
"[35, 17, 22, 61, 19, 31, 12, 22, 53, 32, 56, 20, 23, 4, 65]",30.90914668021698
"[39, 18, 22, 62, 21, 32, 12, 22, 55, 26, 56, 19, 23, 8, 65]",32.99889295392961
"[35, 18, 22, 58, 13, 31, 12, 22, 57, 26, 56, 22, 23, 7, 64]",31.976782181571753
"[37, 22, 23, 63, 14, 31, 12, 22, 57, 23, 56, 22, 23, 8, 65]",32.84538584010833
"[35, 17, 22, 57, 17, 32, 12, 22, 46, 27, 56, 20, 23, 6, 65]",30.788543021680276
"[35, 21, 22, 60, 14, 31, 12, 22, 54, 31, 56, 21, 23, 6, 65]",30.698499661246597
"[35, 17, 22, 50, 18, 31, 12, 22, 51, 30, 56, 20, 23, 5, 65]",31.035039972899842
"[35, 12, 22, 49, 13, 31, 12, 22, 56, 38, 56, 21, 23, 5, 65]",30.884350948509443
"[41, 19, 23, 63, 17, 31, 12, 22, 54, 32, 56, 20, 23, 6, 65]",29.60303353658538
"[35, 18, 22, 61, 13, 31, 12, 22, 53, 23, 56, 22, 23, 8, 65]",30.54627168021682
"[35, 15, 22, 61, 13, 31, 12, 22, 54, 23, 59, 19, 23, 5, 65]",31.39805860433609
"[35, 18, 22, 63, 13, 31, 12, 23, 56, 23, 57, 21, 23, 7, 65]",31.136881097560906
"[35, 17, 22, 59, 13, 31, 12, 22, 45, 23, 56, 21, 23, 7, 65]",30.71840752032515
"[35, 18, 22, 52, 15, 31, 12, 24, 50, 28, 56, 22, 23, 6, 65]",31.327352303523007
"[35, 18, 22, 57, 15, 31, 12, 22, 53, 27, 56, 19, 23, 6, 65]",31.838534891598947
"[35, 14, 24, 55, 18, 32, 12, 22, 57, 30, 56, 21, 23, 5, 65]",30.95397628726289
"[35, 16, 22, 55, 18, 31, 12, 22, 46, 29, 57, 23, 23, 5, 65]",31.032314701897022
"[35, 18, 22, 59, 16, 35, 13, 22, 57, 29, 56, 24, 23, 5, 65]",33.92117886178845
"[35, 19, 22, 61, 15, 31, 12, 22, 52, 28, 56, 22, 23, 6, 65]",31.877354336043386
"[36, 18, 26, 63, 21, 35, 13, 24, 52, 32, 56, 20, 23, 6, 65]",31.33086890243896
"[35, 18, 22, 58, 17, 31, 12, 22, 52, 26, 56, 23, 23, 4, 65]",30.476826897019006
"[37, 17, 24, 63, 20, 34, 12, 22, 54, 23, 56, 19, 23, 8, 65]",30.495025745257543
"[35, 17, 22, 56, 13, 31, 12, 22, 45, 33, 58, 23, 23, 7, 63]",32.346571138211445
"[36, 21, 22, 63, 23, 31, 12, 22, 55, 27, 56, 23, 23, 8, 65]",30.969646341463392
"[35, 18, 22, 57, 18, 33, 12, 22, 46, 32, 56, 20, 23, 4, 65]",30.034822831978396
"[35, 19, 22, 59, 17, 31, 12, 22, 56, 24, 56, 22, 23, 6, 65]",31.33313211382105
"[35, 20, 22, 50, 23, 31, 12, 22, 53, 23, 56, 21, 23, 7, 65]",32.21021849593491
"[35, 12, 22, 48, 13, 31, 12, 22, 57, 38, 56, 21, 23, 6, 64]",31.296944783197823
"[42, 18, 26, 63, 16, 31, 12, 22, 52, 30, 56, 21, 23, 5, 65]",30.938936314363062
"[35, 16, 22, 56, 17, 31, 12, 22, 55, 33, 56, 21, 23, 8, 65]",31.134858062330622
"[35, 18, 22, 58, 17, 31, 12, 22, 53, 29, 56, 22, 23, 8, 65]",31.706313008130234
"[35, 16, 22, 57, 13, 31, 12, 22, 55, 23, 57, 20, 23, 7, 65]",31.179784214092
"[35, 18, 22, 53, 13, 31, 12, 22, 48, 23, 58, 20, 23, 7, 65]",30.00636246612481
"[35, 18, 22, 57, 16, 31, 12, 22, 48, 31, 56, 20, 23, 6, 65]",31.047665650406405
"[35, 17, 22, 55, 14, 31, 12, 22, 53, 27, 56, 22, 23, 6, 64]",31.319413956639515
"[35, 14, 22, 54, 19, 33, 12, 22, 52, 32, 57, 21, 23, 6, 65]",30.394684620596237
"[35, 18, 22, 57, 16, 31, 12, 22, 47, 28, 57, 21, 23, 6, 65]",31.16311009485095
"[35, 16, 22, 60, 18, 36, 12, 22, 56, 26, 56, 23, 23, 6, 65]",32.04758841463433
"[35, 18, 22, 58, 17, 31, 12, 22, 50, 30, 56, 21, 23, 6, 65]",30.828184281842848
"[37, 16, 22, 63, 20, 35, 13, 22, 53, 33, 56, 21, 23, 6, 64]",29.73542276422767
"[35, 21, 22, 53, 15, 31, 12, 22, 49, 25, 56, 26, 23, 6, 65]",31.024537940379336
"[38, 18, 24, 63, 19, 33, 12, 22, 48, 30, 56, 19, 23, 8, 65]",30.581935975609685
"[35, 17, 22, 52, 16, 31, 12, 22, 43, 38, 57, 21, 23, 7, 63]",32.63082588075877
"[36, 21, 24, 63, 19, 31, 12, 22, 47, 33, 58, 23, 23, 7, 65]",30.619098915989067
"[35, 19, 22, 56, 15, 31, 12, 22, 48, 30, 56, 22, 23, 4, 65]",31.234493902439024
"[35, 18, 22, 57, 18, 31, 12, 22, 53, 29, 56, 21, 23, 6, 65]",32.209089092140864
"[35, 19, 22, 53, 14, 31, 12, 22, 51, 23, 56, 22, 23, 7, 65]",31.09550372628716
"[35, 16, 22, 48, 13, 31, 13, 23, 57, 27, 56, 20, 23, 5, 65]",31.29032825203251
"[41, 19, 25, 63, 17, 31, 12, 22, 53, 27, 56, 21, 23, 6, 65]",30.69022899728998
"[35, 18, 22, 55, 19, 31, 12, 22, 51, 38, 56, 20, 23, 7, 65]",29.86694376693774
"[35, 18, 22, 56, 19, 31, 12, 22, 43, 34, 56, 23, 23, 7, 65]",30.412103319783313
"[35, 16, 22, 52, 16, 31, 12, 22, 53, 28, 57, 20, 23, 7, 65]",31.093208672086746
"[35, 19, 22, 48, 15, 31, 12, 22, 50, 31, 58, 20, 23, 6, 65]",31.434379742547424
"[35, 18, 22, 62, 16, 31, 12, 22, 54, 28, 56, 20, 23, 5, 65]",31.847995596206026
"[35, 18, 22, 57, 14, 31, 12, 22, 47, 32, 56, 21, 23, 6, 64]",31.474130758807735
"[35, 22, 22, 54, 18, 34, 12, 22, 52, 34, 60, 20, 23, 7, 65]",31.541747628726178
"[35, 19, 22, 59, 18, 31, 12, 22, 54, 23, 57, 22, 23, 7, 65]",30.590394308943207
"[35, 19, 22, 59, 14, 32, 12, 22, 55, 28, 61, 19, 23, 7, 65]",31.14438109756103
"[35, 19, 22, 56, 18, 31, 12, 22, 48, 28, 57, 20, 23, 5, 65]",30.690202574525795
"[39, 21, 22, 63, 15, 32, 13, 22, 57, 28, 56, 23, 23, 6, 63]",31.363558604336014
"[35, 21, 22, 51, 15, 32, 12, 22, 47, 26, 56, 24, 23, 7, 65]",32.91915176151762
"[40, 21, 22, 61, 16, 31, 12, 22, 45, 29, 56, 21, 23, 5, 65]",30.423382113820946
"[35, 18, 22, 52, 17, 31, 12, 22, 57, 31, 56, 20, 23, 6, 65]",31.93735670731712
"[37, 22, 24, 63, 16, 34, 12, 22, 45, 33, 57, 21, 23, 7, 65]",32.204603658536605
"[35, 19, 22, 56, 15, 31, 12, 22, 46, 26, 56, 21, 23, 6, 65]",31.287296409214186
"[35, 19, 22, 58, 18, 31, 12, 22, 42, 34, 58, 20, 23, 6, 65]",30.323769647696434
"[35, 14, 22, 62, 13, 31, 12, 22, 47, 28, 56, 22, 23, 7, 65]",30.96460738482389
"[35, 15, 22, 56, 13, 31, 13, 25, 55, 27, 56, 20, 23, 5, 64]",30.73292615176158
"[38, 21, 23, 63, 17, 31, 12, 22, 51, 26, 56, 21, 23, 7, 65]",31.127571815718195
"[35, 19, 22, 56, 18, 31, 12, 22, 54, 23, 56, 20, 23, 5, 65]",30.128370596205947
"[35, 17, 22, 57, 17, 31, 12, 22, 53, 38, 56, 22, 23, 6, 65]",30.700853997289954
"[35, 20, 22, 52, 16, 31, 12, 22, 49, 30, 58, 22, 23, 5, 65]",30.41224796747972
"[35, 17, 22, 48, 16, 31, 12, 22, 53, 33, 56, 23, 23, 6, 65]",32.37189837398377
"[35, 16, 22, 62, 15, 31, 12, 22, 56, 26, 56, 21, 23, 5, 65]",31.204271680216856
"[35, 19, 22, 58, 13, 31, 12, 22, 42, 30, 56, 20, 23, 6, 65]",31.331505758807754
"[35, 20, 22, 56, 16, 31, 12, 22, 56, 29, 59, 22, 23, 5, 65]",31.39579065040655
"[35, 19, 22, 60, 21, 31, 12, 22, 57, 23, 57, 23, 23, 7, 65]",31.07574728997285
"[35, 21, 22, 60, 14, 31, 12, 24, 53, 32, 58, 19, 23, 7, 65]",31.222717818428205
"[35, 20, 22, 58, 16, 31, 12, 22, 54, 26, 57, 20, 23, 4, 65]",31.083879403793947
"[36, 22, 23, 63, 15, 31, 12, 22, 57, 26, 58, 22, 23, 6, 64]",33.188750677506704
"[35, 20, 22, 58, 17, 31, 12, 22, 47, 30, 56, 22, 23, 6, 65]",32.482109417344105
"[37, 21, 22, 61, 16, 31, 12, 22, 50, 23, 56, 22, 23, 4, 65]",32.73144037940381
"[35, 19, 22, 53, 15, 31, 12, 22, 57, 23, 56, 22, 23, 6, 65]",31.169914972899534
"[38, 21, 23, 63, 17, 36, 12, 22, 57, 24, 56, 22, 23, 6, 65]",30.82242987804887
"[35, 19, 22, 54, 17, 31, 12, 22, 47, 26, 56, 20, 23, 6, 65]",30.81798306233062
"[35, 20, 22, 58, 13, 31, 12, 22, 42, 35, 58, 19, 23, 6, 65]",31.25486957994579
"[35, 19, 22, 56, 16, 31, 12, 22, 49, 29, 57, 20, 23, 7, 65]",32.24193495934952
"[35, 14, 22, 58, 13, 31, 12, 24, 52, 35, 56, 20, 23, 6, 64]",32.21809146341467
"[37, 20, 22, 63, 18, 31, 12, 22, 46, 28, 56, 21, 23, 7, 65]",30.70322018970197
"[35, 20, 22, 60, 16, 31, 12, 22, 51, 25, 56, 21, 23, 5, 65]",31.32943936314363
"[35, 17, 22, 60, 14, 31, 12, 22, 54, 23, 58, 21, 23, 6, 65]",31.199249661246725
"[35, 20, 22, 55, 13, 31, 12, 22, 53, 30, 56, 22, 23, 5, 65]",32.19851219512195
"[35, 16, 22, 57, 13, 31, 12, 22, 54, 26, 56, 22, 23, 6, 65]",32.73139701897006
"[35, 19, 22, 59, 14, 31, 12, 22, 50, 26, 56, 21, 23, 6, 65]",30.548964430894383
"[35, 19, 22, 59, 15, 31, 12, 22, 42, 25, 56, 19, 23, 6, 65]",31.168823509485062
"[36, 12, 22, 61, 16, 31, 13, 22, 55, 27, 59, 24, 23, 5, 65]",32.042065718157055
"[35, 19, 22, 63, 22, 31, 12, 22, 51, 24, 56, 23, 23, 6, 65]",30.284237804878043
"[35, 18, 22, 59, 15, 31, 12, 22, 55, 32, 57, 24, 23, 6, 65]",30.85083604336043
"[35, 19, 22, 61, 14, 31, 12, 22, 52, 30, 56, 21, 23, 8, 64]",31.206562669376662
"[35, 18, 24, 63, 18, 33, 12, 23, 53, 27, 56, 20, 23, 6, 65]",31.099514227642256
"[35, 16, 22, 63, 18, 31, 12, 22, 53, 31, 57, 21, 23, 5, 65]",31.182802845528425
"[35, 19, 22, 60, 21, 31, 12, 22, 54, 23, 56, 21, 23, 5, 65]",31.787829268292697
"[35, 17, 22, 59, 13, 31, 12, 22, 52, 23, 56, 21, 23, 6, 64]",31.085099593495926
"[38, 21, 23, 63, 19, 31, 12, 22, 57, 28, 58, 23, 23, 6, 65]",30.15959349593502
"[35, 17, 22, 57, 17, 31, 12, 22, 44, 27, 57, 20, 23, 6, 65]",31.302179878048797
"[35, 18, 22, 59, 13, 31, 12, 22, 46, 24, 56, 20, 23, 6, 65]",31.41935128726302
"[35, 22, 22, 53, 20, 31, 12, 22, 53, 24, 58, 19, 23, 6, 65]",31.18770460704616
"[35, 13, 22, 57, 13, 31, 12, 22, 55, 33, 56, 21, 23, 7, 64]",31.48474186991871
"[40, 18, 23, 63, 16, 31, 12, 22, 44, 30, 57, 21, 23, 5, 65]",30.641879742547523
"[35, 19, 22, 63, 15, 31, 12, 22, 49, 37, 56, 22, 23, 7, 65]",31.361750677506787
"[35, 18, 22, 61, 15, 31, 12, 22, 50, 23, 58, 19, 23, 6, 65]",32.92379911924115
"[35, 15, 22, 62, 16, 31, 12, 22, 56, 24, 56, 20, 23, 7, 65]",33.220087398374034
"[35, 15, 22, 55, 13, 31, 12, 22, 51, 23, 58, 20, 23, 8, 65]",30.90407757452562
"[35, 20, 22, 57, 16, 31, 12, 22, 49, 31, 56, 20, 23, 6, 65]",31.79621070460697
"[35, 19, 22, 58, 15, 31, 12, 22, 47, 24, 56, 22, 23, 6, 65]",30.291703252032512
"[38, 12, 22, 55, 18, 31, 13, 22, 53, 32, 57, 21, 23, 5, 65]",32.25442649051505
"[35, 19, 22, 61, 15, 31, 12, 22, 47, 32, 57, 22, 23, 6, 65]",31.789098915989147
"[35, 17, 22, 59, 17, 32, 12, 22, 55, 28, 58, 22, 23, 5, 65]",31.3559820460706
"[35, 18, 22, 61, 17, 31, 12, 22, 49, 31, 56, 22, 23, 8, 64]",30.79123204607045
"[36, 17, 24, 63, 21, 34, 12, 22, 49, 30, 56, 19, 23, 6, 65]",30.929338075880807
"[35, 15, 22, 59, 17, 31, 12, 22, 56, 29, 58, 21, 23, 4, 65]",30.972093834688348
"[36, 19, 23, 60, 18, 31, 12, 22, 53, 24, 57, 20, 23, 6, 65]",30.62765379403801
"[35, 16, 22, 63, 13, 31, 12, 22, 46, 34, 56, 20, 23, 7, 64]",31.563846883468877
"[37, 21, 24, 63, 21, 31, 12, 22, 57, 34, 60, 22, 23, 7, 65]",30.896934281842825
"[35, 15, 22, 61, 16, 31, 12, 22, 46, 28, 58, 21, 23, 5, 65]",30.387387195121953
"[35, 17, 22, 56, 16, 31, 12, 22, 52, 23, 56, 22, 23, 6, 65]",30.66264972899734
"[35, 19, 22, 53, 22, 31, 12, 22, 55, 28, 57, 19, 23, 6, 65]",31.397679539295456
"[35, 14, 22, 51, 15, 33, 12, 22, 57, 29, 56, 21, 23, 5, 65]",31.69829539295382
"[41, 17, 24, 63, 16, 31, 12, 22, 50, 31, 58, 21, 23, 5, 65]",31.585217818428344
"[35, 17, 22, 61, 16, 31, 12, 23, 45, 38, 58, 22, 23, 8, 65]",30.715933604335927
"[35, 16, 22, 60, 17, 31, 12, 22, 42, 30, 56, 20, 23, 8, 65]",30.77897696476973
"[35, 12, 22, 60, 18, 31, 12, 22, 50, 25, 56, 19, 23, 7, 65]",30.506319444444433
"[35, 20, 22, 56, 13, 31, 12, 22, 49, 23, 57, 19, 23, 8, 65]",30.702883468834685
"[35, 16, 22, 57, 15, 31, 12, 22, 52, 34, 56, 20, 23, 6, 65]",31.624806571815753
"[35, 18, 22, 59, 16, 31, 12, 22, 55, 28, 56, 21, 23, 6, 64]",30.121285907858972
"[37, 21, 22, 54, 20, 31, 12, 22, 50, 33, 57, 19, 23, 6, 65]",31.373121951219463
"[37, 20, 22, 56, 13, 31, 12, 22, 47, 31, 56, 20, 23, 6, 65]",31.375744241192372
"[35, 18, 22, 59, 15, 35, 12, 23, 55, 27, 58, 20, 23, 6, 65]",30.73863008130087
"[35, 20, 22, 59, 17, 31, 12, 22, 49, 27, 57, 22, 23, 5, 65]",30.58890684281829
"[38, 17, 22, 61, 19, 31, 12, 22, 49, 29, 56, 20, 23, 6, 65]",30.556073848238473
"[35, 19, 22, 56, 15, 31, 12, 22, 49, 27, 56, 21, 23, 4, 65]",31.588379065040737
"[39, 20, 24, 59, 14, 31, 12, 22, 43, 32, 57, 22, 23, 6, 65]",30.369318766937624
"[35, 17, 22, 52, 16, 31, 12, 22, 51, 34, 56, 20, 23, 8, 64]",30.72162195121954
"[37, 20, 24, 63, 20, 34, 12, 22, 57, 28, 58, 21, 23, 7, 65]",30.74962296747968
"[35, 15, 22, 63, 16, 31, 12, 22, 46, 28, 57, 22, 23, 4, 65]",31.016518631436323
"[35, 19, 22, 54, 18, 31, 12, 22, 46, 28, 57, 21, 23, 6, 65]",31.680248644986502
"[35, 16, 22, 63, 13, 31, 12, 22, 55, 31, 56, 23, 23, 6, 65]",31.541011856368506
"[35, 15, 22, 48, 14, 31, 13, 22, 55, 32, 56, 20, 23, 4, 65]",30.82719308943089
"[39, 22, 24, 63, 16, 31, 12, 22, 57, 29, 56, 21, 23, 6, 65]",30.9861490514906
"[35, 17, 22, 58, 17, 32, 12, 23, 57, 37, 58, 21, 23, 7, 65]",31.98900406504063
"[35, 20, 22, 60, 19, 31, 12, 22, 47, 32, 56, 22, 23, 6, 65]",29.881946815718088
"[35, 21, 22, 54, 15, 31, 12, 22, 46, 29, 57, 19, 23, 5, 65]",31.193264905149125
"[35, 22, 22, 55, 16, 31, 12, 22, 49, 27, 56, 19, 23, 5, 65]",31.584064024390315
"[35, 14, 22, 59, 14, 31, 12, 22, 57, 27, 56, 21, 23, 6, 65]",30.47986856368551
"[35, 18, 22, 58, 17, 31, 12, 22, 53, 31, 56, 19, 23, 6, 65]",31.22486111111124
"[35, 22, 22, 57, 13, 32, 12, 22, 53, 33, 57, 20, 23, 7, 65]",31.204992886178943
"[37, 19, 22, 54, 15, 31, 12, 22, 51, 27, 56, 23, 23, 6, 65]",31.80707147696476
"[35, 19, 22, 61, 14, 36, 13, 23, 53, 27, 56, 19, 23, 7, 65]",31.64108807588068
"[35, 21, 22, 58, 17, 31, 12, 22, 52, 25, 57, 21, 23, 4, 65]",30.995116869918686
"[40, 20, 22, 62, 17, 31, 12, 22, 53, 29, 56, 23, 23, 6, 63]",30.397064363143738
"[35, 22, 22, 57, 17, 32, 12, 22, 46, 28, 56, 23, 23, 5, 65]",30.51382012195133
"[39, 19, 23, 60, 14, 31, 12, 22, 52, 26, 56, 22, 23, 6, 65]",33.39336619241193
"[35, 19, 22, 52, 18, 31, 12, 22, 55, 31, 56, 21, 23, 6, 64]",30.326997967479592
"[38, 20, 24, 63, 19, 36, 12, 22, 54, 24, 56, 23, 23, 6, 65]",30.844306571815704
"[35, 16, 22, 51, 16, 31, 12, 22, 44, 27, 56, 20, 23, 5, 65]",31.663007791327928
"[35, 20, 22, 59, 13, 31, 12, 22, 46, 34, 59, 20, 23, 6, 65]",30.71102540650391
"[35, 19, 22, 63, 13, 31, 12, 22, 55, 28, 56, 22, 23, 6, 65]",31.66515955284555
"[35, 15, 22, 48, 13, 31, 13, 22, 51, 37, 56, 20, 23, 7, 64]",32.024942073170784
"[38, 22, 24, 63, 17, 31, 12, 22, 57, 29, 56, 20, 23, 6, 65]",31.545152777777727
"[35, 19, 22, 57, 17, 35, 12, 23, 57, 30, 56, 20, 23, 6, 65]",31.10199186991867
"[35, 22, 22, 56, 15, 31, 12, 22, 57, 26, 56, 22, 23, 4, 65]",30.4973611111111
"[35, 22, 22, 58, 13, 31, 12, 22, 48, 32, 56, 19, 23, 5, 65]",31.289177506775143
"[35, 18, 22, 55, 16, 31, 12, 22, 48, 27, 56, 20, 23, 5, 65]",31.877403116531013
"[35, 18, 22, 60, 15, 31, 12, 22, 57, 26, 56, 20, 23, 6, 64]",30.91910738482385
"[35, 20, 22, 58, 15, 31, 12, 22, 46, 33, 56, 20, 23, 6, 65]",30.262191395663994
"[35, 13, 22, 62, 14, 32, 12, 22, 56, 31, 59, 23, 23, 5, 65]",31.688644308943122
"[35, 18, 22, 54, 18, 31, 12, 22, 53, 23, 56, 22, 23, 6, 65]",32.436221205962056
"[35, 20, 22, 56, 15, 37, 12, 24, 55, 29, 58, 20, 23, 7, 65]",31.09236754742544
"[35, 18, 22, 61, 15, 31, 12, 22, 54, 28, 57, 20, 23, 7, 65]",31.340541666666727
"[36, 22, 22, 62, 19, 31, 12, 22, 57, 28, 56, 21, 23, 6, 64]",31.513089092140916
"[35, 20, 22, 60, 18, 31, 12, 22, 45, 28, 56, 25, 23, 6, 65]",31.24988888888898
"[35, 19, 22, 61, 22, 31, 12, 22, 57, 23, 56, 21, 23, 6, 65]",31.55625508130085
"[35, 19, 22, 59, 14, 31, 12, 22, 57, 24, 57, 22, 23, 5, 65]",31.081500338753273
"[38, 21, 23, 63, 19, 33, 13, 22, 53, 23, 56, 23, 23, 6, 65]",30.94275033875333
"[35, 19, 22, 48, 15, 31, 12, 22, 42, 27, 56, 19, 23, 6, 65]",31.37355318428183
"[35, 19, 22, 62, 13, 31, 12, 22, 54, 28, 56, 20, 23, 6, 65]",31.934883130081342
"[35, 21, 22, 51, 18, 32, 12, 22, 53, 28, 56, 19, 23, 6, 65]",31.626745257452633
"[35, 17, 22, 52, 13, 31, 12, 25, 54, 34, 56, 20, 23, 6, 63]",31.05193360433603
"[38, 18, 23, 63, 17, 31, 12, 22, 52, 30, 56, 20, 23, 6, 65]",31.149178523035136
"[35, 20, 22, 58, 17, 36, 12, 24, 57, 28, 56, 22, 23, 6, 65]",30.772358739837284
"[35, 17, 22, 56, 14, 31, 12, 22, 57, 27, 56, 22, 23, 4, 65]",30.92681842818428
"[35, 17, 22, 62, 16, 31, 12, 22, 51, 31, 56, 19, 23, 8, 65]",31.26644173441728
"[35, 16, 22, 56, 15, 31, 12, 22, 52, 29, 56, 22, 23, 7, 65]",30.76070968834693
"[35, 20, 22, 56, 13, 31, 12, 23, 54, 31, 56, 19, 23, 6, 65]",31.38151422764235
"[35, 22, 22, 58, 14, 31, 12, 22, 47, 26, 56, 21, 23, 6, 65]",31.60636991869917
"[36, 12, 22, 62, 17, 33, 12, 22, 57, 30, 59, 21, 23, 5, 65]",31.78867615176151
"[35, 17, 22, 60, 17, 31, 12, 22, 50, 26, 57, 21, 23, 6, 65]",30.615173441734466
"[35, 18, 22, 56, 17, 33, 12, 25, 56, 31, 56, 21, 23, 7, 65]",32.226577235772346
"[35, 18, 22, 63, 15, 31, 12, 22, 53, 32, 56, 20, 23, 8, 65]",29.749861788617956
"[35, 20, 23, 63, 20, 31, 12, 22, 51, 31, 56, 20, 23, 6, 65]",31.208356707317126
"[35, 18, 22, 61, 16, 31, 12, 22, 47, 28, 56, 22, 23, 6, 65]",31.77122391598914
"[35, 19, 22, 62, 23, 33, 12, 22, 57, 23, 58, 20, 23, 6, 65]",30.610870596206052
"[35, 17, 22, 60, 13, 31, 12, 22, 49, 26, 58, 21, 23, 7, 65]",31.28934417344174
"[37, 22, 23, 63, 20, 31, 14, 22, 51, 33, 56, 20, 23, 8, 65]",31.238509823848283
"[35, 22, 22, 59, 15, 31, 12, 22, 42, 27, 56, 20, 23, 6, 65]",31.74944037940367
"[35, 18, 22, 61, 17, 31, 12, 22, 57, 28, 56, 22, 23, 6, 65]",31.3545115176152
"[35, 18, 22, 58, 22, 33, 12, 22, 51, 30, 57, 19, 23, 6, 65]",31.512177168021644
"[35, 19, 22, 59, 14, 31, 12, 23, 57, 34, 56, 20, 23, 5, 63]",32.34077201897013
"[38, 17, 23, 63, 17, 31, 12, 22, 46, 31, 57, 21, 23, 6, 65]",30.92448746612463
"[35, 18, 22, 62, 17, 36, 14, 23, 57, 35, 56, 23, 23, 7, 65]",30.75405115176153
"[35, 15, 22, 57, 15, 31, 12, 22, 48, 30, 57, 23, 23, 8, 65]",31.98324186991877
"[35, 15, 22, 60, 18, 31, 12, 22, 57, 26, 56, 22, 23, 8, 65]",30.902748306233082
"[35, 18, 22, 53, 13, 31, 12, 22, 54, 29, 56, 22, 23, 8, 65]",30.882915989159965
"[35, 16, 22, 56, 16, 31, 12, 23, 52, 34, 56, 20, 23, 6, 65]",30.5286236449865
"[35, 13, 22, 61, 14, 31, 12, 22, 56, 24, 56, 21, 23, 6, 65]",31.895843157181538
"[36, 14, 22, 52, 19, 31, 12, 22, 55, 30, 58, 19, 23, 5, 65]",32.79005318428182
"[35, 18, 22, 63, 16, 31, 12, 22, 49, 30, 58, 20, 23, 6, 65]",30.976788617886157
"[35, 17, 22, 61, 17, 32, 12, 22, 57, 32, 56, 21, 23, 6, 65]",31.32515176151757
"[35, 19, 22, 57, 16, 31, 12, 22, 51, 29, 56, 20, 23, 5, 65]",30.5500345528456
"[36, 18, 24, 63, 15, 32, 12, 23, 51, 34, 56, 21, 23, 6, 65]",29.52372391598912
"[35, 19, 22, 59, 15, 31, 12, 22, 53, 27, 58, 21, 23, 6, 65]",30.181629403794084
"[37, 21, 22, 60, 14, 34, 12, 22, 54, 23, 57, 20, 23, 5, 65]",30.132847560975563
"[35, 17, 22, 59, 14, 31, 12, 22, 46, 30, 58, 21, 23, 8, 65]",32.874072493224915
"[35, 22, 24, 63, 18, 31, 12, 22, 54, 32, 58, 21, 23, 7, 65]",30.555244579945654
"[35, 22, 22, 62, 17, 31, 12, 22, 54, 26, 56, 21, 23, 6, 64]",30.648646341463365
"[35, 18, 22, 57, 19, 31, 12, 22, 44, 33, 56, 22, 23, 6, 65]",30.938484756097544
"[35, 15, 22, 63, 16, 33, 12, 22, 54, 25, 56, 23, 23, 6, 65]",31.098139566395645
"[35, 13, 22, 55, 16, 31, 13, 22, 57, 34, 56, 22, 23, 4, 65]",31.329915650406495
"[39, 22, 22, 62, 16, 31, 12, 22, 54, 25, 58, 22, 23, 6, 65]",30.212424796748014
"[35, 17, 22, 61, 15, 33, 13, 22, 57, 37, 57, 20, 23, 6, 65]",31.070279132791217
"[35, 17, 22, 59, 16, 31, 12, 22, 50, 32, 56, 22, 23, 8, 63]",29.73452913279129
"[35, 17, 22, 53, 16, 31, 12, 22, 57, 27, 56, 23, 23, 8, 65]",30.882396341463362
"[35, 19, 22, 54, 13, 31, 12, 22, 56, 23, 57, 21, 23, 8, 65]",32.332708333333294
"[35, 15, 22, 58, 14, 32, 12, 22, 53, 31, 56, 23, 23, 5, 65]",31.517870934959358
"[35, 17, 22, 63, 16, 31, 12, 22, 55, 28, 56, 20, 23, 6, 65]",30.88918021680222
"[38, 21, 22, 55, 20, 31, 13, 22, 51, 32, 58, 19, 23, 7, 65]",30.524237466124614
"[35, 19, 22, 59, 18, 31, 12, 22, 50, 30, 58, 24, 23, 6, 65]",30.652356029810306
"[35, 18, 22, 58, 14, 34, 12, 22, 57, 33, 59, 20, 23, 5, 65]",30.625211043360455
"[36, 20, 22, 56, 17, 31, 12, 22, 52, 27, 57, 21, 23, 4, 65]",31.55895392953935
"[38, 18, 23, 60, 14, 32, 12, 23, 56, 29, 56, 22, 23, 6, 64]",30.437877032520277
"[35, 20, 22, 59, 16, 31, 12, 22, 56, 28, 57, 21, 23, 6, 65]",31.31927676151758
"[40, 19, 22, 59, 13, 33, 12, 22, 51, 27, 57, 20, 23, 5, 65]",31.562171409214145
"[35, 18, 22, 57, 17, 31, 12, 22, 50, 30, 57, 22, 23, 6, 65]",30.849489159891572
"[39, 22, 24, 63, 16, 32, 12, 22, 57, 29, 58, 22, 23, 5, 65]",31.746718157181643
"[35, 17, 22, 60, 18, 31, 12, 22, 57, 30, 56, 21, 23, 5, 64]",30.732888888889004
"[35, 21, 22, 57, 14, 31, 12, 22, 45, 30, 57, 19, 23, 6, 65]",30.72417039295399
"[35, 20, 22, 61, 13, 31, 12, 22, 55, 28, 56, 24, 23, 6, 65]",30.678344173441563
"[35, 13, 22, 55, 16, 32, 13, 22, 57, 35, 56, 21, 23, 6, 64]",31.033070121951276
"[39, 22, 22, 63, 17, 31, 12, 22, 57, 23, 58, 21, 23, 6, 65]",31.861633468834718
"[35, 17, 22, 57, 15, 35, 12, 28, 57, 28, 57, 21, 23, 7, 65]",30.302524051490483
"[35, 18, 22, 58, 15, 31, 12, 22, 54, 25, 58, 22, 23, 7, 65]",32.10422018970182
"[35, 21, 22, 55, 15, 31, 12, 22, 53, 32, 56, 22, 23, 7, 65]",30.296373983739876
"[35, 18, 22, 57, 13, 31, 12, 22, 49, 23, 58, 23, 23, 5, 65]",31.305105352303546
"[35, 15, 22, 59, 13, 31, 12, 22, 56, 27, 56, 21, 23, 6, 65]",31.09514159891598
"[35, 22, 22, 58, 14, 31, 12, 22, 50, 34, 56, 20, 23, 6, 65]",30.396931233062343
"[35, 22, 22, 56, 15, 32, 12, 23, 51, 31, 57, 20, 23, 7, 65]",30.37070223577238
"[35, 20, 22, 58, 19, 31, 12, 22, 57, 27, 57, 24, 23, 6, 65]",32.505131097560984
"[35, 19, 22, 58, 15, 35, 12, 23, 57, 28, 62, 19, 23, 6, 65]",31.67556199186995
"[36, 19, 22, 57, 16, 31, 12, 22, 52, 29, 56, 21, 23, 6, 64]",31.42497560975626
"[35, 18, 22, 59, 17, 32, 12, 22, 57, 28, 56, 22, 23, 6, 65]",31.481544376693755
"[35, 19, 22, 53, 17, 31, 12, 22, 51, 29, 57, 21, 23, 6, 65]",30.901146680216815
"[38, 18, 22, 57, 20, 32, 12, 22, 51, 26, 56, 22, 23, 6, 65]",31.8417405149051
"[35, 20, 22, 53, 14, 31, 12, 22, 54, 28, 57, 22, 23, 5, 65]",30.743787940379512
"[39, 18, 24, 63, 19, 34, 12, 22, 57, 27, 57, 23, 23, 6, 65]",31.90501456639562
"[35, 16, 22, 60, 17, 31, 12, 22, 42, 33, 56, 21, 23, 6, 65]",31.031543021680235
"[35, 22, 22, 57, 14, 31, 12, 22, 49, 29, 59, 19, 23, 6, 64]",30.669760840108395
"[35, 19, 22, 57, 19, 31, 12, 22, 51, 30, 56, 21, 23, 7, 65]",32.915014905149185
"[35, 15, 22, 49, 15, 34, 13, 23, 57, 35, 56, 20, 23, 6, 63]",31.448802506775134
"[40, 20, 25, 63, 18, 31, 12, 22, 55, 32, 56, 20, 23, 6, 65]",30.99618224932237
"[35, 19, 22, 56, 17, 36, 12, 26, 57, 34, 56, 21, 23, 7, 65]",31.078545731707234
"[35, 19, 22, 55, 15, 31, 12, 22, 56, 25, 58, 22, 23, 6, 65]",30.31763008130093
"[35, 19, 22, 59, 13, 31, 12, 22, 51, 34, 57, 21, 23, 5, 65]",31.604698848238403
"[35, 18, 22, 55, 14, 31, 12, 22, 47, 25, 56, 22, 23, 6, 65]",33.1871392276423
"[35, 20, 22, 61, 14, 31, 12, 24, 54, 31, 56, 19, 23, 6, 65]",30.6142300135501
"[35, 22, 22, 57, 13, 31, 12, 22, 51, 32, 56, 21, 23, 6, 65]",32.32107655826548
"[36, 16, 22, 60, 16, 33, 12, 25, 57, 31, 57, 20, 23, 6, 65]",31.147965447154426
"[35, 20, 22, 60, 17, 31, 12, 22, 57, 25, 56, 21, 23, 6, 65]",31.4008844850949
"[35, 19, 22, 58, 15, 34, 13, 23, 55, 30, 59, 19, 23, 7, 65]",32.69100880758813
"[35, 18, 22, 60, 15, 31, 12, 22, 53, 31, 56, 21, 23, 7, 63]",30.647927845528383
"[35, 19, 22, 60, 15, 31, 12, 23, 44, 30, 56, 22, 23, 6, 65]",30.43251829268278
"[35, 19, 22, 53, 16, 31, 12, 22, 49, 31, 57, 22, 23, 5, 65]",31.104870934959372
"[35, 20, 23, 57, 20, 31, 12, 22, 51, 23, 57, 22, 23, 6, 65]",30.7127388211382
"[35, 18, 22, 55, 13, 31, 12, 22, 55, 27, 56, 20, 23, 6, 65]",32.132595189701846
"[36, 21, 24, 63, 22, 35, 12, 22, 56, 30, 56, 21, 23, 7, 65]",30.667953929539298
"[35, 20, 22, 58, 15, 31, 12, 22, 46, 33, 56, 20, 23, 5, 65]",30.173664295392975
"[35, 14, 22, 59, 16, 31, 12, 22, 48, 28, 57, 20, 23, 6, 65]",31.76040921409215
"[35, 18, 22, 57, 22, 31, 12, 22, 50, 26, 57, 20, 23, 7, 65]",31.06025846883466
"[35, 19, 22, 49, 13, 34, 12, 25, 56, 31, 56, 20, 23, 4, 65]",32.38326151761523
"[38, 19, 26, 63, 17, 31, 12, 22, 46, 37, 56, 21, 23, 6, 65]",31.292476964769705
"[35, 20, 22, 58, 18, 34, 12, 22, 57, 38, 56, 21, 23, 6, 65]",30.54846341463407
"[35, 17, 22, 57, 17, 31, 12, 22, 42, 27, 56, 23, 23, 7, 65]",31.523624322493326
"[35, 14, 22, 62, 17, 31, 12, 22, 53, 27, 58, 20, 23, 6, 65]",31.838903455284452
"[35, 18, 22, 54, 13, 31, 12, 22, 47, 26, 56, 22, 23, 8, 65]",31.00779132791324
"[35, 21, 22, 57, 16, 31, 12, 24, 52, 34, 56, 19, 23, 6, 65]",30.49071815718167
"[35, 19, 22, 60, 13, 31, 12, 22, 53, 25, 56, 22, 23, 6, 65]",32.59897764227638
"[38, 12, 22, 56, 20, 32, 12, 24, 57, 32, 57, 21, 23, 5, 65]",30.381232384823797
"[35, 18, 22, 62, 14, 31, 12, 22, 57, 30, 57, 21, 23, 7, 65]",31.133252710027083
"[35, 17, 22, 60, 15, 31, 13, 23, 55, 32, 57, 23, 23, 7, 65]",31.23088109756095
"[35, 19, 22, 62, 16, 31, 12, 22, 54, 27, 56, 21, 23, 5, 65]",31.51204098916001
"[35, 20, 23, 61, 15, 31, 12, 22, 48, 33, 58, 21, 23, 6, 65]",30.73518699186986
"[35, 18, 22, 60, 15, 31, 12, 22, 55, 31, 58, 23, 23, 5, 65]",31.562893292682894
"[35, 21, 23, 60, 16, 31, 12, 22, 52, 29, 57, 20, 23, 6, 65]",31.117765921409067
"[35, 15, 22, 59, 13, 31, 12, 22, 51, 30, 56, 21, 23, 7, 65]",31.111588075880654
"[36, 22, 22, 63, 17, 32, 12, 22, 53, 32, 56, 21, 23, 6, 65]",30.279250000000022
"[35, 20, 22, 55, 16, 31, 12, 22, 53, 29, 56, 20, 23, 5, 65]",31.174277100271127
"[35, 15, 22, 62, 15, 31, 12, 22, 53, 29, 56, 21, 23, 6, 65]",31.29389566395669
"[35, 17, 22, 59, 19, 31, 12, 22, 53, 26, 58, 21, 23, 7, 65]",30.654045731707264
"[35, 15, 22, 58, 13, 32, 12, 24, 56, 30, 56, 21, 23, 4, 65]",32.23221680216797
"[39, 21, 23, 63, 16, 31, 12, 22, 57, 34, 56, 22, 23, 6, 65]",30.80503760162598
"[35, 19, 22, 62, 17, 34, 12, 22, 57, 36, 56, 20, 23, 6, 65]",30.673144647696514
"[35, 15, 22, 60, 17, 31, 12, 22, 42, 32, 56, 22, 23, 7, 65]",30.953170731707292
"[35, 19, 22, 63, 20, 31, 12, 22, 57, 26, 56, 20, 23, 6, 65]",29.696790989159894
"[35, 18, 22, 54, 16, 31, 12, 22, 55, 23, 57, 21, 23, 8, 65]",31.37994275067764
"[35, 20, 22, 55, 17, 32, 12, 22, 55, 31, 56, 20, 23, 5, 65]",31.717200880758746
"[35, 15, 22, 62, 13, 31, 12, 22, 56, 25, 57, 21, 23, 6, 65]",31.080426490514828
"[37, 12, 22, 52, 22, 32, 12, 22, 55, 34, 60, 21, 23, 6, 65]",30.76476727642275
"[35, 18, 22, 62, 14, 33, 12, 22, 55, 32, 56, 20, 23, 7, 65]",30.872515243902374
"[35, 17, 22, 61, 17, 31, 13, 23, 57, 34, 56, 23, 23, 6, 65]",29.845485094851025
"[35, 20, 22, 57, 17, 31, 12, 22, 55, 27, 57, 21, 23, 5, 65]",30.40332859078602
"[35, 21, 24, 59, 17, 31, 12, 22, 52, 27, 58, 20, 23, 6, 65]",31.756771002710067
"[35, 20, 22, 62, 16, 31, 12, 22, 56, 27, 59, 24, 23, 7, 65]",33.619152100271016
"[35, 18, 23, 62, 15, 31, 12, 22, 50, 30, 57, 20, 23, 6, 65]",31.536551490514906
"[35, 17, 22, 60, 13, 31, 12, 22, 50, 33, 56, 22, 23, 6, 65]",30.078094512195214
"[37, 22, 22, 63, 18, 32, 12, 22, 56, 26, 56, 21, 23, 7, 65]",30.136888211382026
"[35, 16, 22, 60, 17, 31, 12, 22, 50, 26, 56, 21, 23, 6, 64]",31.197218495935008
"[35, 22, 22, 63, 16, 31, 12, 22, 49, 32, 56, 21, 23, 6, 65]",30.493945799458057
"[35, 18, 22, 62, 16, 31, 12, 22, 52, 27, 58, 22, 23, 7, 65]",31.3026087398373
"[35, 12, 22, 63, 14, 31, 13, 22, 56, 31, 56, 21, 23, 7, 65]",32.10495731707321
"[40, 21, 22, 63, 17, 31, 12, 22, 57, 23, 57, 21, 23, 6, 65]",32.46079844173447
"[35, 17, 22, 62, 14, 35, 14, 25, 57, 32, 57, 21, 23, 7, 65]",30.425517615176133
"[35, 17, 22, 53, 16, 31, 12, 22, 51, 27, 56, 21, 23, 7, 65]",31.087822831978254
"[35, 22, 22, 60, 16, 31, 12, 22, 54, 24, 57, 22, 23, 6, 65]",31.118815379403753
"[35, 18, 22, 56, 14, 31, 12, 22, 57, 25, 56, 23, 23, 8, 65]",31.73804844173431
"[35, 16, 22, 61, 14, 33, 12, 22, 56, 28, 56, 22, 23, 5, 65]",31.099665650406568
"[35, 22, 22, 53, 15, 31, 12, 22, 46, 33, 58, 19, 23, 6, 65]",31.77266869918685
"[35, 21, 23, 56, 13, 33, 13, 22, 54, 33, 58, 19, 23, 6, 65]",31.333545731707385
"[35, 19, 22, 61, 23, 34, 12, 22, 53, 29, 56, 24, 23, 6, 65]",30.722837059620574
"[35, 17, 22, 59, 16, 31, 13, 24, 56, 33, 56, 21, 23, 5, 65]",31.168595528455253
"[35, 19, 22, 56, 16, 31, 12, 22, 52, 29, 57, 21, 23, 7, 65]",31.287628726287323
"[35, 21, 23, 59, 18, 31, 12, 22, 53, 25, 57, 23, 23, 6, 65]",31.53916158536594
"[35, 21, 22, 57, 18, 31, 12, 22, 53, 27, 56, 22, 23, 7, 65]",30.843079268292705
"[36, 18, 23, 61, 19, 31, 12, 22, 52, 25, 56, 22, 23, 6, 65]",31.16879302168035
"[35, 18, 22, 52, 14, 31, 12, 22, 51, 36, 59, 22, 23, 5, 65]",30.638815379403805
"[37, 22, 23, 63, 19, 34, 12, 22, 55, 27, 56, 21, 23, 7, 65]",29.927830284552797
"[35, 16, 22, 57, 17, 31, 12, 22, 42, 29, 56, 22, 23, 5, 64]",30.235959688346778
"[35, 22, 22, 56, 16, 31, 12, 22, 45, 34, 56, 20, 23, 6, 65]",31.65757791327912
"[35, 18, 22, 54, 15, 31, 12, 22, 52, 30, 56, 23, 23, 7, 64]",30.48326253387538
"[35, 12, 22, 52, 13, 31, 14, 22, 52, 33, 56, 21, 23, 6, 65]",31.47677235772363
"[39, 19, 25, 63, 17, 31, 12, 22, 54, 29, 58, 20, 23, 6, 65]",31.147094173441765
"[35, 17, 22, 53, 13, 35, 14, 25, 57, 30, 56, 21, 23, 7, 65]",30.865887533875394
"[35, 19, 22, 55, 15, 31, 12, 22, 53, 26, 57, 21, 23, 6, 65]",30.362374999999915
"[35, 18, 22, 59, 14, 31, 12, 22, 46, 28, 56, 23, 23, 6, 65]",32.84989227642272
"[35, 19, 22, 54, 13, 31, 12, 22, 57, 30, 56, 22, 23, 8, 65]",31.18581266937673
"[35, 13, 22, 59, 16, 33, 12, 22, 57, 29, 56, 23, 23, 6, 65]",30.49210704607045
"[35, 21, 22, 54, 18, 31, 12, 22, 42, 31, 56, 19, 23, 6, 65]",32.17029505420058
"[35, 22, 22, 59, 13, 33, 13, 23, 57, 29, 58, 22, 23, 6, 65]",32.13115142276426
"[35, 20, 22, 59, 22, 36, 13, 22, 53, 25, 56, 23, 23, 6, 65]",31.95664871273715
"[35, 19, 22, 56, 15, 33, 13, 25, 55, 31, 56, 21, 23, 5, 65]",30.313787262872648
"[36, 17, 22, 59, 16, 31, 12, 22, 53, 31, 56, 20, 23, 7, 65]",30.56080250677505
"[36, 17, 22, 62, 19, 31, 12, 22, 45, 34, 56, 24, 23, 6, 65]",30.970129403794065
"[35, 19, 22, 58, 15, 32, 12, 22, 45, 29, 57, 21, 23, 5, 65]",32.499236449864526
"[37, 22, 22, 56, 20, 32, 12, 22, 55, 23, 56, 21, 23, 6, 65]",30.634968157181525
"[35, 19, 22, 50, 16, 31, 12, 22, 52, 38, 59, 21, 23, 6, 64]",32.81938719512191
"[38, 19, 24, 63, 22, 32, 12, 22, 50, 33, 57, 23, 23, 6, 65]",29.545349254742504
"[35, 18, 22, 57, 16, 31, 12, 22, 42, 25, 56, 22, 23, 5, 65]",31.48505182926826
"[35, 22, 22, 54, 15, 31, 12, 22, 50, 27, 56, 19, 23, 6, 65]",31.445990176151664
"[35, 18, 22, 55, 17, 31, 12, 22, 53, 32, 56, 23, 23, 7, 65]",31.078426490514886
"[35, 12, 22, 48, 15, 31, 12, 23, 54, 31, 56, 20, 23, 4, 65]",31.015835027100316
"[37, 19, 26, 63, 17, 31, 12, 22, 50, 34, 57, 21, 23, 6, 65]",31.236258130081307
"[35, 19, 22, 53, 15, 35, 12, 24, 57, 32, 57, 20, 23, 7, 65]",31.644913279132666
"[35, 18, 22, 58, 15, 31, 12, 22, 45, 30, 59, 23, 23, 6, 65]",31.05963177506766
"[35, 15, 22, 60, 19, 31, 12, 22, 52, 27, 57, 22, 23, 6, 65]",32.580834349593516
"[35, 18, 22, 52, 15, 31, 12, 22, 55, 33, 56, 22, 23, 8, 65]",31.48884688346882
"[35, 21, 22, 56, 15, 31, 12, 22, 55, 32, 56, 19, 23, 6, 65]",30.29390752032528
"[35, 17, 22, 63, 14, 31, 12, 22, 57, 24, 56, 20, 23, 6, 65]",31.21082825203261
"[35, 22, 22, 59, 22, 31, 13, 24, 56, 28, 58, 22, 23, 6, 65]",31.346087398374067
"[36, 20, 23, 62, 21, 35, 12, 22, 53, 26, 56, 22, 23, 7, 65]",30.825641937669424
"[35, 20, 22, 56, 15, 32, 13, 24, 56, 31, 57, 22, 23, 6, 65]",32.163497289972966
"[35, 18, 22, 61, 16, 31, 12, 22, 55, 30, 56, 20, 23, 6, 65]",30.296998644986488
"[35, 18, 22, 63, 13, 31, 12, 22, 42, 38, 56, 23, 23, 6, 65]",31.851396341463378
"[36, 18, 22, 56, 16, 31, 12, 22, 50, 30, 56, 21, 23, 4, 65]",30.818364498645003
"[38, 22, 22, 57, 21, 34, 12, 22, 50, 26, 57, 20, 23, 6, 65]",31.25510772357715
"[35, 15, 22, 63, 14, 31, 12, 22, 53, 23, 58, 22, 23, 7, 65]",32.93371747967475
"[38, 18, 24, 63, 19, 32, 12, 24, 48, 32, 57, 22, 23, 5, 65]",31.51468699187009
"[35, 20, 22, 54, 15, 31, 12, 22, 50, 24, 56, 19, 23, 6, 65]",32.2986768292683
"[35, 14, 22, 61, 13, 31, 12, 22, 56, 27, 57, 19, 23, 6, 64]",31.544423441734487
"[35, 18, 22, 58, 17, 31, 12, 22, 56, 29, 56, 22, 23, 7, 65]",30.05646917344177
"[35, 12, 22, 48, 14, 32, 12, 23, 56, 31, 56, 20, 23, 5, 65]",31.091200203252086
"[41, 19, 22, 63, 17, 31, 12, 22, 50, 31, 57, 22, 23, 6, 65]",30.950981029810308
"[35, 17, 22, 59, 17, 34, 12, 24, 56, 34, 58, 19, 23, 6, 65]",31.157666666666625
"[35, 17, 22, 59, 16, 31, 12, 22, 42, 27, 59, 24, 23, 8, 65]",30.984643970189772
"[35, 20, 22, 57, 18, 31, 12, 22, 55, 24, 57, 19, 23, 6, 65]",30.89235230352301
"[35, 18, 22, 54, 14, 33, 12, 22, 51, 23, 56, 22, 23, 8, 65]",32.16539701897016
"[35, 21, 22, 55, 14, 32, 13, 22, 53, 33, 56, 19, 23, 5, 65]",31.60038584010844
"[35, 18, 22, 61, 13, 31, 12, 22, 57, 24, 56, 22, 23, 6, 65]",31.245756097560953
"[36, 18, 23, 61, 22, 31, 12, 22, 53, 32, 56, 22, 23, 6, 65]",32.01855149051489
"[38, 20, 24, 63, 16, 31, 12, 22, 52, 31, 56, 21, 23, 7, 65]",30.29575440379403
"[35, 16, 22, 57, 17, 32, 13, 22, 57, 32, 56, 21, 23, 7, 65]",31.524178184281833
"[35, 20, 22, 61, 16, 31, 13, 24, 55, 29, 56, 21, 23, 5, 65]",30.40572357723574
"[36, 21, 23, 59, 13, 31, 12, 22, 57, 29, 57, 19, 23, 6, 65]",31.90090785907864
"[35, 18, 22, 58, 17, 31, 12, 22, 53, 25, 56, 22, 23, 4, 65]",31.325867547425517
"[38, 16, 23, 63, 17, 33, 12, 22, 47, 29, 56, 20, 23, 5, 65]",30.896933943089433
"[35, 17, 22, 63, 13, 31, 12, 23, 53, 27, 56, 23, 23, 7, 65]",31.352261178861784
"[37, 22, 22, 63, 15, 34, 12, 25, 57, 24, 57, 22, 23, 6, 65]",30.567654810298226
"[35, 22, 22, 57, 16, 31, 12, 22, 51, 29, 56, 20, 23, 7, 65]",31.39627981029807
"[35, 12, 22, 61, 14, 31, 12, 22, 47, 33, 56, 23, 23, 6, 64]",31.485301490514885
"[35, 18, 22, 59, 14, 31, 12, 22, 56, 28, 56, 21, 23, 7, 65]",31.025021680216867
"[35, 16, 22, 51, 13, 33, 12, 22, 53, 34, 56, 21, 23, 6, 64]",31.816128387533915
"[42, 20, 23, 63, 16, 31, 12, 22, 53, 26, 56, 22, 23, 6, 65]",30.912882113821237
"[35, 17, 22, 63, 18, 34, 12, 25, 56, 33, 57, 23, 23, 7, 65]",30.532195799457966
"[35, 16, 22, 59, 15, 31, 12, 22, 52, 25, 57, 22, 23, 8, 65]",31.095351964769648
"[35, 22, 22, 61, 18, 31, 12, 22, 52, 27, 57, 20, 23, 6, 65]",30.41451998644984
"[35, 19, 22, 58, 15, 35, 12, 22, 52, 23, 57, 22, 23, 7, 65]",30.615830284552775
"[35, 13, 22, 59, 16, 33, 13, 23, 53, 34, 56, 22, 23, 5, 65]",32.19413211382118
"[35, 20, 22, 54, 14, 31, 12, 22, 50, 36, 56, 22, 23, 6, 65]",31.660595528455268
"[37, 16, 24, 61, 21, 32, 12, 22, 53, 33, 56, 21, 23, 6, 65]",30.87143733062331
"[37, 20, 23, 63, 16, 31, 12, 22, 52, 32, 57, 22, 23, 5, 65]",30.04740819783192
"[35, 16, 22, 60, 16, 33, 13, 22, 57, 33, 57, 22, 23, 7, 65]",30.690544376693765
"[35, 21, 22, 59, 16, 31, 13, 24, 51, 29, 56, 22, 23, 6, 65]",30.44023915989167
"[35, 19, 23, 57, 18, 31, 12, 22, 57, 24, 57, 20, 23, 6, 65]",30.95446205962065
"[35, 21, 22, 60, 17, 31, 12, 22, 48, 23, 56, 22, 23, 8, 65]",30.90636991869924
"[37, 20, 23, 63, 18, 31, 12, 22, 51, 31, 56, 21, 23, 5, 65]",31.554550474254775
"[35, 20, 22, 54, 13, 31, 12, 24, 47, 35, 57, 22, 23, 5, 65]",31.02183468834685
"[35, 22, 23, 63, 23, 32, 12, 22, 57, 23, 57, 21, 23, 8, 65]",32.20159146341457
"[35, 16, 22, 60, 18, 31, 12, 22, 43, 33, 56, 21, 23, 7, 65]",31.07591666666674
"[35, 22, 22, 48, 16, 31, 12, 22, 50, 38, 56, 21, 23, 6, 65]",31.60757892953937
"[35, 20, 22, 60, 14, 31, 13, 22, 53, 28, 56, 20, 23, 7, 65]",30.894795054200518
"[35, 17, 22, 51, 14, 31, 13, 23, 56, 29, 56, 21, 23, 6, 64]",31.328613143631465
"[38, 20, 23, 63, 17, 31, 12, 22, 54, 30, 56, 20, 23, 6, 65]",31.06197933604328
"[35, 21, 22, 63, 15, 33, 12, 25, 53, 33, 56, 23, 23, 7, 65]",30.80022086720872
"[35, 17, 22, 59, 15, 31, 12, 22, 57, 30, 57, 21, 23, 8, 65]",30.064220867208615
"[35, 19, 22, 63, 17, 31, 12, 22, 51, 30, 56, 21, 23, 6, 65]",31.306304539295322
"[35, 19, 22, 61, 13, 31, 12, 22, 52, 25, 57, 22, 23, 5, 65]",31.69858773712746
"[35, 14, 22, 60, 17, 34, 12, 24, 54, 30, 56, 22, 23, 6, 65]",31.163298102981035
"[35, 20, 22, 53, 14, 31, 12, 22, 49, 38, 56, 19, 23, 6, 65]",31.73723509485089
"[40, 16, 25, 60, 20, 33, 12, 22, 55, 32, 59, 20, 23, 6, 65]",30.61757012195123
"[35, 20, 22, 62, 21, 31, 12, 22, 54, 30, 57, 23, 23, 6, 65]",31.469732723577316
"[35, 18, 22, 58, 15, 31, 13, 23, 56, 30, 57, 23, 23, 5, 65]",31.986930894308962
"[36, 19, 22, 60, 16, 31, 12, 22, 50, 30, 57, 22, 23, 6, 64]",31.656444444444382
"[35, 18, 23, 57, 16, 31, 12, 22, 55, 24, 56, 24, 23, 6, 65]",30.40388922764226
"[35, 22, 22, 55, 16, 31, 12, 22, 49, 26, 56, 22, 23, 8, 65]",31.016747967479727
"[36, 22, 22, 59, 19, 31, 12, 22, 54, 23, 56, 22, 23, 5, 65]",30.305030826558298
"[35, 19, 22, 52, 15, 31, 12, 23, 48, 32, 56, 22, 23, 6, 65]",32.40330047425478
"[37, 22, 24, 63, 23, 32, 12, 22, 56, 29, 56, 19, 23, 7, 65]",30.64107723577234
"[35, 17, 22, 61, 19, 31, 12, 22, 42, 32, 56, 21, 23, 4, 65]",30.169332994579957
"[35, 22, 22, 48, 15, 31, 12, 22, 55, 33, 56, 19, 23, 6, 65]",32.227667344173426
"[35, 19, 22, 61, 16, 31, 13, 22, 52, 27, 56, 23, 23, 5, 65]",30.824604674796717
"[35, 16, 22, 55, 15, 31, 13, 22, 57, 28, 56, 21, 23, 5, 64]",31.282881097561063
"[38, 20, 24, 63, 18, 31, 12, 22, 52, 31, 56, 20, 23, 6, 65]",30.735297425474226
"[35, 22, 22, 59, 15, 34, 13, 24, 54, 32, 57, 20, 23, 7, 65]",31.316622628726314
"[35, 20, 22, 53, 17, 31, 12, 22, 52, 32, 57, 21, 23, 5, 65]",30.445840108401217
"[35, 18, 22, 61, 17, 31, 12, 22, 51, 32, 56, 22, 23, 6, 65]",30.68379844173447
"[35, 18, 22, 50, 15, 31, 12, 22, 53, 32, 57, 22, 23, 5, 65]",31.002158875338754
"[35, 21, 22, 56, 13, 33, 13, 23, 55, 28, 56, 20, 23, 6, 65]",30.810354674796653
"[35, 18, 22, 60, 13, 31, 12, 22, 57, 24, 56, 20, 23, 6, 64]",31.176911585365893
"[40, 16, 23, 61, 20, 33, 12, 23, 56, 31, 60, 20, 23, 6, 65]",31.924641937669385
"[36, 19, 22, 59, 23, 31, 12, 22, 55, 26, 57, 23, 23, 7, 65]",31.342123644986533
"[35, 19, 22, 56, 16, 32, 12, 24, 54, 30, 57, 23, 23, 5, 65]",31.56268699186981
"[36, 18, 22, 62, 16, 31, 12, 22, 56, 29, 58, 20, 23, 6, 65]",30.935398712737015
"[35, 18, 23, 60, 13, 31, 12, 22, 46, 36, 56, 22, 23, 6, 65]",31.65921714092143
"[35, 22, 22, 58, 16, 31, 12, 22, 52, 32, 56, 22, 23, 5, 65]",31.52298035230351
"[38, 22, 22, 60, 18, 33, 12, 22, 49, 23, 56, 21, 23, 6, 64]",31.57489939024385
"[35, 15, 22, 56, 14, 31, 12, 22, 54, 29, 59, 22, 23, 7, 65]",31.26054573170728
"[37, 22, 24, 63, 20, 33, 12, 22, 51, 33, 56, 20, 23, 6, 65]",29.819989498645036
"[35, 19, 22, 58, 13, 31, 12, 22, 57, 27, 56, 20, 23, 5, 65]",30.71688448509495
"[35, 14, 22, 51, 13, 31, 12, 22, 52, 27, 56, 19, 23, 6, 65]",33.36280081300826
"[35, 17, 22, 58, 17, 31, 12, 22, 52, 27, 57, 24, 23, 5, 65]",30.743933265582676
"[35, 15, 22, 53, 13, 31, 12, 22, 49, 34, 56, 21, 23, 4, 65]",31.6576995257452
"[39, 20, 24, 63, 17, 31, 12, 22, 54, 28, 56, 21, 23, 6, 65]",30.926158197832073
"[35, 18, 22, 58, 18, 34, 13, 22, 55, 32, 57, 19, 23, 6, 65]",30.63408672086713
"[35, 16, 22, 56, 16, 31, 12, 22, 52, 30, 56, 22, 23, 5, 65]",30.693472899728906
"[35, 19, 23, 61, 18, 31, 12, 22, 56, 30, 58, 21, 23, 6, 65]",31.136715108401145
"[35, 19, 22, 51, 14, 31, 12, 22, 54, 33, 57, 21, 23, 5, 65]",32.38776761517601
"[35, 21, 22, 58, 13, 31, 12, 22, 57, 32, 58, 19, 23, 6, 64]",32.50444139566402
"[35, 17, 22, 63, 13, 31, 12, 22, 52, 23, 56, 21, 23, 6, 64]",31.784408536585385
"[37, 20, 22, 63, 18, 33, 13, 24, 56, 31, 56, 21, 23, 6, 65]",30.56723136856372
"[37, 20, 22, 61, 23, 31, 12, 24, 52, 28, 57, 22, 23, 6, 65]",32.131259146341534
"[35, 17, 22, 59, 17, 32, 12, 22, 52, 31, 57, 21, 23, 7, 65]",31.428903455284637
"[35, 19, 22, 62, 16, 31, 12, 22, 57, 29, 58, 19, 23, 5, 65]",30.540316734417196
"[35, 20, 23, 57, 14, 31, 12, 22, 54, 30, 57, 19, 23, 6, 65]",30.467263550135563
"[35, 17, 22, 61, 17, 31, 12, 22, 56, 33, 56, 22, 23, 5, 65]",31.51042615176143
"[39, 20, 24, 63, 18, 31, 12, 22, 48, 32, 56, 20, 23, 6, 64]",30.510796747967465
"[35, 13, 22, 60, 15, 31, 12, 22, 51, 27, 57, 22, 23, 6, 65]",31.066387872628738
"[38, 21, 25, 63, 18, 33, 12, 22, 56, 33, 57, 25, 23, 7, 65]",29.803810636856355
"[35, 19, 22, 54, 13, 31, 12, 22, 57, 24, 56, 20, 23, 7, 65]",30.655563685636775
"[35, 12, 22, 61, 13, 31, 12, 22, 46, 29, 56, 20, 23, 6, 64]",30.658596544715554
"[35, 17, 22, 55, 18, 31, 12, 22, 52, 29, 58, 22, 23, 8, 65]",31.01224525745265
"[35, 15, 22, 56, 13, 31, 12, 22, 46, 35, 56, 20, 23, 4, 65]",31.46492953929538
"[40, 20, 23, 63, 16, 31, 12, 22, 53, 27, 57, 21, 23, 6, 65]",31.09256029810298
"[35, 16, 22, 60, 18, 34, 13, 22, 57, 32, 57, 21, 23, 6, 65]",30.088145663956645
"[35, 17, 22, 59, 13, 31, 12, 22, 55, 27, 56, 22, 23, 7, 65]",31.257767615176164
"[35, 19, 22, 60, 17, 31, 12, 22, 54, 27, 59, 20, 23, 6, 65]",30.622136178861744
"[35, 18, 22, 58, 13, 31, 12, 22, 55, 30, 56, 20, 23, 8, 65]",32.0848882113821
"[35, 13, 22, 61, 17, 31, 12, 24, 55, 32, 56, 19, 23, 5, 65]",32.3583519647696
"[35, 20, 22, 53, 15, 31, 12, 22, 48, 31, 56, 20, 23, 6, 63]",30.579711720867245
"[36, 20, 23, 62, 19, 32, 13, 24, 54, 33, 56, 21, 23, 6, 65]",31.0391968157183
"[37, 20, 24, 63, 14, 32, 12, 25, 49, 29, 56, 22, 23, 6, 65]",30.912917344173547
"[35, 15, 22, 60, 16, 31, 12, 22, 56, 31, 56, 20, 23, 8, 65]",30.776651084010865
"[35, 20, 22, 56, 16, 31, 12, 22, 56, 31, 56, 22, 23, 5, 65]",30.261773373983665
"[35, 19, 22, 56, 16, 31, 12, 22, 55, 24, 57, 19, 23, 6, 65]",31.059689024390263
"[36, 17, 22, 61, 17, 32, 12, 22, 53, 27, 56, 21, 23, 5, 65]",31.26390650406512
"[38, 20, 24, 63, 20, 31, 12, 22, 52, 37, 56, 19, 23, 6, 63]",31.09059823848233
"[35, 22, 22, 53, 15, 31, 12, 22, 50, 28, 56, 21, 23, 6, 65]",31.559036246612536
"[38, 20, 24, 63, 19, 33, 12, 22, 57, 32, 57, 24, 23, 7, 65]",32.53635636856371
"[35, 18, 22, 52, 18, 31, 12, 22, 55, 33, 56, 21, 23, 7, 64]",31.398047086720933
"[35, 22, 22, 63, 16, 31, 12, 22, 49, 30, 56, 21, 23, 6, 64]",31.634925813008174
"[35, 19, 22, 59, 20, 31, 12, 22, 52, 32, 56, 20, 23, 8, 65]",30.548054200542005
"[35, 14, 22, 52, 13, 31, 12, 22, 50, 30, 56, 20, 23, 8, 65]",30.513129065040594
"[40, 20, 23, 63, 16, 31, 12, 22, 52, 28, 57, 21, 23, 6, 65]",31.78087195121949
"[35, 17, 22, 61, 17, 33, 13, 23, 51, 32, 57, 22, 23, 6, 65]",30.845130758807557
"[35, 19, 22, 61, 13, 31, 12, 22, 57, 30, 56, 21, 23, 7, 65]",30.957287601626206
"[37, 19, 22, 61, 16, 31, 12, 22, 52, 23, 59, 20, 23, 6, 65]",31.159100609756116
"[35, 18, 22, 55, 16, 32, 12, 22, 57, 24, 56, 21, 23, 8, 65]",31.612018292682965
"[35, 12, 22, 63, 17, 32, 13, 25, 55, 29, 56, 20, 23, 6, 65]",32.0836432926829
"[35, 21, 22, 56, 16, 31, 12, 22, 50, 32, 56, 20, 23, 6, 64]",31.61167140921407
"[37, 17, 24, 61, 20, 33, 13, 22, 57, 34, 59, 20, 23, 6, 65]",31.337262872628777
"[36, 20, 26, 63, 18, 34, 12, 22, 50, 27, 56, 22, 23, 6, 65]",31.842030826558254
"[35, 17, 22, 63, 16, 32, 12, 23, 57, 29, 56, 19, 23, 8, 65]",29.516924119241196
"[35, 17, 22, 57, 16, 31, 12, 23, 52, 30, 56, 24, 23, 6, 65]",31.196730691056885
"[35, 17, 22, 58, 16, 31, 12, 22, 54, 31, 56, 20, 23, 6, 65]",31.273516260162634
"[36, 21, 22, 53, 17, 33, 12, 22, 54, 26, 57, 23, 23, 6, 65]",30.747744918699173
"[37, 21, 23, 63, 18, 32, 12, 22, 57, 35, 56, 21, 23, 6, 63]",31.417584349593543
"[35, 22, 22, 52, 14, 31, 12, 22, 54, 31, 56, 20, 23, 6, 65]",32.017532520325055
"[36, 22, 22, 63, 22, 35, 13, 22, 57, 25, 59, 21, 23, 7, 65]",31.703819783197876
"[35, 17, 22, 56, 16, 31, 12, 22, 51, 38, 56, 21, 23, 4, 64]",31.061954607046047
"[35, 22, 22, 58, 16, 31, 12, 22, 54, 31, 56, 20, 23, 6, 64]",31.691634485094948
"[35, 20, 22, 62, 14, 31, 12, 23, 55, 32, 56, 20, 23, 5, 65]",30.02834247967478
"[35, 12, 22, 51, 15, 31, 12, 22, 57, 27, 56, 20, 23, 8, 64]",30.924967479674777
"[36, 19, 24, 63, 17, 31, 12, 22, 49, 30, 57, 21, 23, 6, 65]",32.01797188346891
"[35, 18, 22, 62, 14, 33, 12, 25, 51, 32, 56, 21, 23, 7, 65]",30.812864498645077
"[35, 17, 22, 59, 18, 31, 12, 22, 54, 32, 56, 20, 23, 6, 65]",31.070842818428105
"[37, 19, 22, 62, 17, 31, 12, 22, 47, 23, 56, 21, 23, 6, 65]",31.17867920054202
"[35, 19, 22, 56, 13, 33, 12, 23, 57, 23, 58, 22, 23, 5, 65]",32.55210094850934
"[35, 17, 22, 58, 13, 33, 13, 24, 56, 29, 56, 22, 23, 6, 64]",30.293053861788593
"[35, 19, 22, 63, 16, 31, 12, 22, 53, 29, 56, 20, 23, 6, 65]",31.385265921409232
"[41, 17, 24, 59, 18, 33, 12, 22, 57, 33, 57, 20, 23, 6, 65]",30.802420054200567
"[35, 20, 24, 62, 21, 31, 12, 22, 55, 26, 56, 22, 23, 7, 65]",31.019470867208604
"[35, 22, 22, 57, 16, 32, 13, 24, 55, 27, 56, 20, 23, 5, 65]",30.824010840108485
"[35, 17, 22, 60, 16, 31, 12, 24, 52, 28, 56, 22, 23, 6, 65]",30.827477303523036
"[35, 18, 22, 61, 16, 31, 12, 22, 47, 35, 56, 23, 23, 6, 65]",30.63867818428177
"[35, 22, 22, 58, 16, 34, 12, 22, 52, 32, 56, 23, 23, 6, 65]",32.58310365853654
"[37, 21, 22, 61, 17, 36, 12, 22, 57, 29, 56, 22, 23, 6, 63]",30.43573069105698
"[35, 22, 22, 59, 13, 31, 12, 22, 55, 30, 56, 21, 23, 6, 65]",32.32215684281833
"[35, 21, 22, 63, 17, 37, 12, 24, 55, 23, 59, 20, 23, 6, 65]",31.127991531165215
"[35, 17, 22, 60, 14, 31, 12, 22, 47, 30, 56, 21, 23, 3, 65]",31.284212059620604
"[35, 22, 22, 60, 16, 31, 12, 22, 57, 32, 56, 19, 23, 6, 63]",30.95810907859087
"[35, 20, 22, 63, 13, 31, 12, 25, 57, 29, 56, 21, 23, 5, 65]",31.778478319783115
"[35, 12, 22, 52, 14, 31, 12, 22, 57, 27, 57, 21, 23, 4, 65]",30.68330149051493
"[39, 20, 24, 62, 17, 31, 12, 22, 48, 29, 58, 21, 23, 6, 65]",30.478757452574474
"[35, 18, 22, 63, 13, 34, 12, 23, 50, 32, 58, 20, 23, 7, 65]",31.32772696476967
"[35, 19, 22, 57, 19, 31, 12, 22, 48, 29, 57, 20, 23, 6, 65]",30.022249661246533
"[37, 19, 22, 61, 19, 31, 12, 22, 50, 27, 56, 21, 23, 6, 65]",30.455356368563795
"[35, 19, 22, 59, 14, 31, 12, 23, 52, 33, 59, 21, 23, 5, 65]",32.539255758807556
"[35, 22, 22, 54, 13, 34, 12, 22, 56, 32, 56, 21, 23, 6, 62]",30.9925850271002
"[35, 18, 22, 63, 16, 31, 12, 22, 50, 29, 56, 20, 23, 6, 65]",31.143268631436314
"[36, 18, 22, 57, 20, 33, 13, 22, 57, 32, 56, 21, 23, 6, 65]",31.43318902439033
"[38, 19, 22, 61, 22, 31, 12, 22, 57, 27, 58, 22, 23, 6, 65]",31.062542682926807
"[35, 19, 22, 56, 16, 31, 12, 22, 52, 31, 56, 22, 23, 6, 65]",31.226913956639553
"[35, 19, 22, 62, 16, 31, 12, 22, 54, 29, 58, 19, 23, 6, 65]",32.036510501355025
"[35, 19, 22, 58, 17, 31, 12, 23, 48, 24, 57, 24, 23, 6, 65]",31.181000338753357
"[35, 19, 22, 62, 16, 32, 12, 22, 52, 35, 56, 22, 23, 6, 65]",31.284043021680223
"[37, 19, 22, 58, 17, 35, 14, 23, 57, 25, 56, 20, 23, 6, 64]",31.11336686991872
"[35, 20, 22, 63, 16, 31, 12, 22, 47, 30, 56, 22, 23, 6, 65]",31.314130081300696
"[37, 20, 23, 63, 18, 31, 12, 23, 53, 23, 56, 23, 23, 5, 65]",31.574808265582572
"[35, 19, 22, 56, 15, 31, 12, 22, 49, 23, 56, 21, 23, 7, 64]",30.877066734417312
"[35, 21, 22, 62, 15, 31, 12, 25, 49, 30, 56, 20, 23, 6, 65]",31.16499356368564
"[35, 19, 22, 56, 13, 31, 13, 23, 57, 28, 56, 21, 23, 6, 65]",30.84624661246618
"[35, 14, 22, 50, 13, 31, 12, 22, 54, 36, 57, 21, 23, 4, 65]",31.22841023035238
"[40, 20, 23, 61, 18, 31, 12, 22, 53, 28, 58, 20, 23, 6, 65]",30.696126693766946
"[35, 18, 22, 59, 18, 31, 12, 22, 54, 31, 59, 19, 23, 7, 65]",31.342608401084032
"[35, 19, 22, 56, 13, 31, 12, 24, 49, 28, 56, 22, 23, 8, 65]",30.835401422764274
"[36, 20, 23, 62, 20, 31, 12, 22, 53, 28, 56, 20, 23, 6, 65]",30.881289295392907
"[35, 18, 22, 58, 15, 31, 12, 22, 52, 31, 56, 21, 23, 7, 65]",31.39493970189689
"[35, 22, 22, 57, 15, 32, 13, 22, 55, 33, 56, 20, 23, 6, 65]",33.24926727642278
"[35, 18, 22, 58, 14, 31, 12, 22, 49, 30, 56, 20, 23, 6, 63]",30.196140921409164
"[35, 17, 22, 61, 21, 33, 13, 24, 57, 33, 58, 20, 23, 6, 65]",31.17129200542007
"[39, 20, 22, 62, 17, 31, 12, 22, 56, 29, 57, 22, 23, 6, 65]",30.37019918699183
"[35, 15, 22, 60, 16, 31, 12, 22, 53, 32, 56, 22, 23, 7, 65]",30.644708672086626
"[35, 21, 22, 62, 16, 31, 12, 22, 53, 30, 58, 19, 23, 6, 65]",30.14208231707313
"[35, 20, 23, 59, 13, 31, 13, 23, 54, 28, 57, 21, 23, 6, 65]",30.459492208672078
"[35, 18, 22, 61, 17, 31, 12, 23, 57, 30, 56, 21, 23, 5, 65]",30.97631537940369
"[37, 19, 23, 61, 19, 34, 12, 24, 54, 29, 56, 19, 23, 5, 65]",30.70650643631445
"[35, 14, 22, 61, 19, 31, 12, 22, 46, 28, 56, 22, 23, 6, 65]",30.314155826558327
"[38, 19, 23, 63, 18, 31, 12, 22, 51, 31, 56, 24, 23, 8, 65]",32.06721205962061
"[35, 20, 22, 55, 18, 31, 12, 22, 45, 27, 56, 20, 23, 7, 64]",31.324354674796815
"[35, 17, 22, 59, 16, 31, 12, 22, 51, 29, 56, 22, 23, 6, 65]",30.55678929539288
"[35, 18, 22, 55, 14, 31, 12, 23, 53, 32, 56, 21, 23, 6, 65]",32.883966124661356
"[35, 18, 22, 50, 13, 31, 12, 22, 54, 36, 57, 20, 23, 4, 65]",31.941995596206006
"[40, 20, 23, 63, 17, 31, 12, 22, 54, 29, 56, 20, 23, 6, 65]",30.854241869918766
"[35, 18, 22, 56, 19, 31, 12, 23, 53, 32, 56, 21, 23, 6, 65]",30.783815379403947
"[35, 17, 22, 60, 13, 31, 12, 22, 51, 28, 56, 22, 23, 7, 65]",31.25508028455285
"[37, 20, 23, 63, 18, 31, 12, 22, 55, 25, 56, 20, 23, 6, 65]",30.365409214091997
"[35, 18, 22, 55, 13, 32, 12, 22, 55, 23, 56, 21, 23, 8, 65]",32.32844579945801
"[35, 22, 22, 61, 16, 32, 13, 24, 56, 33, 56, 19, 22, 6, 65]",32.223769647696514
"[35, 20, 22, 57, 14, 31, 12, 22, 55, 32, 56, 21, 23, 6, 62]",32.16570291327924
"[38, 18, 23, 63, 18, 33, 13, 24, 57, 34, 59, 20, 23, 6, 65]",30.651571815718096
"[37, 21, 23, 62, 16, 32, 12, 22, 53, 29, 56, 22, 23, 7, 65]",31.679446476964877
"[35, 19, 22, 62, 16, 31, 12, 22, 57, 34, 56, 20, 23, 8, 65]",30.217565718157186
"[35, 21, 22, 60, 17, 31, 12, 23, 52, 30, 56, 22, 23, 5, 65]",31.205863821138166
"[35, 19, 23, 60, 13, 31, 12, 22, 55, 33, 56, 19, 23, 6, 65]",33.532335027100366
"[37, 19, 22, 59, 18, 33, 12, 23, 52, 28, 56, 21, 23, 5, 65]",31.998028116531128
"[37, 20, 23, 61, 22, 33, 12, 25, 52, 34, 56, 22, 23, 5, 64]",31.56699525745246
"[35, 12, 22, 55, 15, 31, 12, 22, 51, 29, 58, 21, 23, 6, 65]",31.661746273712687
"[36, 21, 22, 63, 21, 31, 12, 22, 50, 36, 56, 22, 23, 7, 65]",30.274598238482334
"[35, 16, 22, 57, 16, 31, 12, 22, 46, 32, 56, 21, 23, 6, 65]",30.0741737804878
"[35, 17, 22, 57, 16, 31, 12, 22, 51, 31, 56, 21, 23, 6, 64]",30.226332317073165
"[35, 18, 22, 60, 16, 31, 12, 22, 50, 34, 56, 20, 23, 6, 65]",30.824327574525924
"[35, 17, 22, 53, 13, 32, 12, 22, 57, 33, 56, 20, 23, 5, 65]",32.13652506775062
"[36, 19, 23, 63, 16, 31, 12, 22, 53, 30, 56, 21, 23, 6, 65]",32.01194749322489
"[35, 19, 23, 61, 20, 31, 12, 24, 54, 33, 56, 22, 23, 6, 65]",30.199614159891695
"[35, 16, 22, 56, 16, 31, 12, 22, 51, 29, 56, 21, 23, 7, 65]",31.286120934959225
"[37, 20, 23, 63, 16, 31, 12, 22, 57, 24, 57, 20, 23, 6, 65]",30.785065379403825
"[35, 19, 22, 58, 13, 31, 12, 22, 49, 23, 57, 21, 23, 6, 65]",31.172341124661333
"[35, 17, 22, 63, 15, 33, 13, 24, 57, 33, 56, 20, 22, 6, 64]",30.91936924119235
"[35, 18, 22, 58, 15, 31, 12, 22, 57, 29, 56, 21, 23, 6, 63]",32.103408536585405
"[39, 18, 24, 60, 16, 33, 13, 24, 57, 35, 56, 20, 23, 6, 65]",31.160976626016165
"[35, 18, 23, 61, 20, 33, 12, 22, 52, 30, 56, 20, 23, 6, 65]",30.50974491869928
"[35, 22, 22, 60, 15, 33, 12, 24, 57, 30, 56, 19, 23, 7, 65]",30.0678685636856
"[35, 19, 23, 60, 17, 31, 12, 22, 50, 30, 56, 23, 23, 6, 65]",30.344463414634106
"[35, 18, 22, 57, 16, 31, 12, 23, 53, 33, 56, 21, 23, 6, 65]",30.520447493224932
"[37, 21, 22, 60, 19, 33, 12, 22, 49, 29, 56, 23, 23, 6, 64]",30.37581368563681
"[38, 21, 24, 63, 18, 35, 12, 22, 57, 32, 56, 21, 23, 6, 65]",30.21053353658545
"[35, 22, 22, 54, 13, 31, 12, 22, 53, 29, 56, 21, 23, 6, 65]",31.919752032520375
"[38, 22, 22, 63, 20, 33, 12, 22, 53, 34, 56, 21, 23, 6, 65]",30.336838075880753
"[35, 17, 22, 62, 14, 31, 12, 22, 50, 32, 56, 21, 23, 5, 65]",29.936256436314252
"[35, 19, 22, 57, 15, 31, 12, 22, 50, 32, 57, 20, 23, 6, 64]",31.112060298103007
"[35, 18, 22, 63, 18, 32, 12, 22, 55, 34, 56, 20, 23, 6, 65]",29.379143292682745
"[35, 16, 22, 52, 13, 33, 13, 23, 57, 31, 56, 21, 23, 5, 63]",30.77427472899727
"[35, 19, 22, 63, 17, 31, 12, 22, 50, 29, 56, 21, 23, 6, 65]",30.89465277777787
"[35, 19, 23, 63, 18, 35, 12, 24, 57, 30, 56, 21, 23, 6, 65]",30.589187669376752
"[35, 19, 22, 55, 17, 31, 12, 22, 52, 30, 58, 21, 23, 7, 65]",29.918053861788604
"[36, 19, 22, 63, 16, 31, 12, 22, 53, 31, 57, 23, 23, 6, 65]",30.58538346883465
"[35, 20, 22, 56, 15, 31, 12, 22, 45, 24, 57, 21, 23, 6, 65]",30.938695121951064
"[35, 14, 22, 63, 15, 33, 12, 24, 57, 32, 56, 22, 23, 5, 64]",31.27337974254742
"[35, 17, 22, 59, 15, 31, 12, 22, 57, 30, 56, 21, 23, 6, 65]",31.29953353658532
"[36, 16, 22, 60, 18, 34, 13, 22, 57, 36, 58, 21, 23, 6, 65]",30.992209688346893
"[35, 18, 23, 61, 21, 31, 12, 22, 52, 25, 56, 22, 23, 6, 65]",30.61637330623295
"[35, 17, 22, 60, 16, 33, 13, 23, 54, 28, 56, 19, 23, 7, 65]",30.89217174796751
"[35, 18, 23, 60, 15, 31, 12, 22, 50, 30, 56, 23, 23, 6, 65]",31.06007689701892
"[35, 17, 22, 56, 18, 31, 12, 23, 49, 31, 56, 22, 23, 6, 65]",31.215949864498647
"[35, 22, 22, 60, 17, 31, 12, 22, 54, 30, 56, 24, 23, 6, 64]",30.443686991870134
"[39, 21, 24, 63, 17, 35, 12, 22, 57, 25, 56, 20, 23, 6, 64]",30.344746273712794
"[35, 17, 22, 58, 13, 31, 12, 22, 49, 29, 56, 22, 23, 6, 65]",32.43010636856374
"[38, 20, 24, 63, 17, 37, 12, 22, 56, 26, 56, 21, 23, 7, 65]",30.296705623306195
"[35, 21, 22, 58, 14, 31, 12, 22, 52, 25, 56, 21, 23, 5, 64]",30.503580623306078
"[35, 21, 22, 56, 15, 31, 12, 22, 49, 30, 56, 19, 23, 6, 64]",30.760440379403867
"[35, 19, 22, 63, 16, 31, 12, 23, 57, 29, 56, 21, 23, 6, 64]",30.68975440379414
"[35, 17, 22, 53, 14, 32, 13, 23, 56, 34, 56, 21, 23, 5, 62]",31.243121612466055
"[41, 20, 22, 62, 18, 31, 12, 22, 50, 30, 56, 21, 23, 6, 65]",31.463895663956666
"[39, 19, 22, 63, 15, 37, 13, 22, 57, 29, 56, 20, 23, 8, 65]",30.263640582655775
"[35, 20, 22, 55, 17, 31, 12, 22, 51, 30, 58, 25, 23, 6, 65]",31.024016937669348
"[35, 19, 23, 61, 19, 31, 12, 22, 51, 27, 56, 22, 23, 6, 64]",30.199352642276406
"[35, 19, 22, 58, 16, 31, 12, 22, 48, 25, 57, 21, 23, 7, 65]",30.499418699186997
"[35, 15, 22, 63, 17, 33, 12, 25, 57, 31, 56, 22, 23, 5, 64]",30.863558604335978
"[35, 19, 22, 61, 14, 31, 12, 23, 49, 32, 56, 20, 23, 6, 65]",30.503077235772434
"[36, 14, 22, 60, 22, 34, 13, 22, 57, 30, 62, 21, 23, 6, 65]",30.41199254742559
"[36, 20, 22, 60, 15, 31, 12, 22, 51, 23, 56, 22, 23, 6, 65]",31.00777947154478
"[35, 16, 22, 61, 16, 32, 14, 23, 55, 30, 56, 20, 23, 7, 65]",29.905067073170798
"[36, 19, 22, 60, 16, 31, 12, 22, 55, 28, 56, 22, 23, 6, 65]",30.47701016260163
"[35, 17, 22, 57, 13, 31, 12, 22, 49, 28, 57, 21, 23, 6, 65]",30.563814363143692
"[35, 22, 22, 58, 16, 31, 12, 22, 57, 31, 57, 22, 23, 5, 65]",31.37549728997301
"[39, 21, 24, 63, 17, 31, 13, 23, 54, 29, 56, 20, 23, 6, 64]",30.86771612466126
"[35, 14, 22, 56, 16, 31, 12, 22, 47, 30, 59, 22, 23, 6, 65]",30.987598238482462
"[36, 19, 25, 63, 16, 31, 12, 22, 57, 23, 58, 23, 23, 6, 65]",30.59742479674804
"[35, 19, 22, 56, 16, 31, 12, 22, 48, 30, 56, 21, 23, 5, 64]",31.99007757452567
"[35, 16, 22, 57, 17, 31, 12, 22, 50, 28, 56, 19, 23, 6, 64]",31.261469850948437
"[36, 20, 22, 63, 16, 32, 13, 25, 57, 29, 57, 21, 23, 6, 63]",30.396955962059728
"[35, 17, 22, 51, 13, 31, 12, 23, 56, 36, 56, 20, 23, 7, 64]",31.82265582655819
"[43, 20, 23, 60, 18, 31, 12, 22, 53, 30, 56, 21, 23, 6, 65]",30.60465243902444
"[38, 19, 22, 63, 18, 35, 13, 22, 56, 33, 57, 20, 23, 6, 65]",30.042839092140845
"[35, 19, 22, 63, 15, 31, 12, 22, 49, 29, 57, 23, 23, 6, 65]",31.783702574525858
"[35, 19, 23, 59, 18, 31, 12, 24, 54, 26, 56, 22, 23, 6, 65]",30.515066395663947
"[35, 18, 22, 58, 14, 31, 12, 22, 50, 30, 56, 22, 23, 6, 65]",30.7269989837398
"[35, 22, 22, 53, 19, 33, 14, 22, 57, 31, 56, 20, 23, 6, 64]",31.010133130081314
"[35, 21, 22, 63, 14, 31, 12, 23, 47, 30, 56, 20, 23, 6, 64]",29.68361585365847
"[37, 19, 24, 58, 17, 33, 12, 23, 57, 29, 60, 21, 23, 6, 65]",31.002994241192464
"[37, 20, 22, 61, 17, 31, 12, 22, 50, 32, 56, 23, 23, 6, 65]",31.295695799458027
"[35, 19, 22, 61, 17, 31, 12, 24, 57, 32, 56, 22, 23, 6, 64]",29.484304539295433
"[35, 20, 22, 60, 17, 31, 12, 22, 55, 28, 56, 19, 23, 6, 65]",31.442104674796784
"[35, 19, 22, 59, 14, 31, 12, 22, 48, 28, 59, 21, 23, 6, 65]",29.925595867208614
"[35, 18, 23, 60, 17, 32, 12, 22, 54, 30, 57, 19, 23, 6, 65]",31.131879403793988
"[38, 20, 23, 63, 19, 31, 12, 24, 51, 28, 56, 22, 23, 6, 65]",31.82959654471544
"[35, 16, 22, 55, 19, 31, 12, 22, 53, 29, 56, 21, 23, 6, 65]",32.237641937669466
"[36, 20, 23, 63, 21, 31, 13, 23, 51, 30, 59, 22, 23, 7, 65]",31.320997289972837
"[35, 17, 22, 61, 14, 31, 12, 22, 50, 30, 56, 21, 23, 6, 65]",31.490122628726148
"[35, 20, 22, 59, 15, 31, 12, 22, 52, 29, 56, 20, 23, 6, 65]",30.356835704607086
"[36, 20, 22, 60, 17, 32, 12, 23, 56, 33, 56, 21, 23, 6, 63]",32.25083807588084
"[35, 12, 22, 58, 16, 33, 12, 25, 56, 37, 56, 21, 23, 6, 65]",31.23158163956647
"[43, 19, 25, 63, 17, 31, 12, 22, 57, 29, 56, 21, 23, 6, 65]",31.459235772357776
"[36, 19, 22, 62, 19, 34, 13, 22, 57, 33, 58, 20, 23, 6, 65]",30.493746612466186
"[35, 16, 22, 61, 15, 31, 12, 22, 52, 28, 56, 21, 23, 6, 65]",31.282157181571772
"[35, 20, 22, 60, 18, 31, 13, 22, 55, 27, 56, 21, 23, 6, 65]",30.803161585365896
"[35, 19, 22, 56, 14, 31, 12, 22, 52, 28, 56, 21, 23, 6, 65]",30.90378014905151
"[35, 22, 22, 56, 15, 33, 14, 22, 57, 32, 56, 20, 23, 7, 65]",31.28219376693779
"[35, 18, 22, 63, 18, 31, 12, 22, 48, 27, 56, 20, 23, 6, 65]",30.397867208672043
"[38, 18, 25, 62, 16, 31, 12, 23, 56, 34, 56, 21, 23, 6, 65]",31.263222222222083
"[36, 17, 23, 59, 21, 31, 12, 22, 54, 32, 56, 20, 23, 6, 65]",31.819720528455385
"[35, 20, 22, 58, 15, 31, 12, 23, 57, 31, 56, 23, 23, 5, 65]",30.529943766937734
"[35, 19, 22, 60, 17, 31, 12, 24, 55, 30, 57, 19, 23, 6, 65]",30.210808943089383
"[35, 20, 22, 58, 19, 31, 12, 22, 52, 30, 58, 21, 23, 6, 65]",31.230783536585466
"[36, 18, 22, 62, 16, 34, 13, 22, 52, 30, 57, 23, 23, 6, 65]",30.715845528455294
"[38, 20, 22, 62, 20, 31, 12, 24, 52, 26, 56, 21, 23, 6, 65]",30.89766666666679
"[35, 21, 22, 60, 13, 31, 12, 22, 52, 29, 56, 23, 23, 6, 65]",30.886527100270918
"[36, 22, 22, 63, 20, 32, 13, 22, 52, 31, 58, 21, 23, 8, 65]",31.20352134146332
"[35, 15, 22, 61, 14, 31, 12, 22, 50, 29, 56, 22, 23, 6, 65]",31.12807283197837
"[35, 22, 22, 58, 14, 31, 12, 22, 49, 32, 56, 22, 23, 6, 65]",31.168706300812996
"[35, 17, 22, 58, 17, 33, 13, 22, 55, 34, 57, 21, 23, 6, 64]",31.135024390244034
"[35, 12, 22, 55, 16, 32, 13, 24, 55, 34, 56, 21, 23, 5, 65]",30.68285569105677
"[38, 20, 23, 63, 16, 31, 12, 22, 47, 30, 56, 21, 23, 6, 65]",30.50536043360432
"[35, 19, 23, 63, 16, 35, 13, 23, 54, 31, 56, 21, 23, 7, 65]",31.457011856368503
"[35, 17, 22, 59, 16, 31, 12, 22, 53, 29, 56, 21, 23, 8, 65]",30.957596205961988
"[35, 20, 22, 62, 16, 31, 13, 22, 54, 31, 56, 20, 23, 6, 65]",30.855453252032518
"[35, 20, 22, 57, 16, 31, 12, 22, 54, 26, 57, 20, 23, 6, 65]",30.876058265582735
"[35, 17, 22, 63, 13, 33, 12, 25, 56, 31, 56, 20, 23, 6, 65]",32.49203861788609
"[35, 18, 23, 60, 15, 31, 12, 22, 49, 28, 56, 21, 23, 6, 64]",30.302555894308995
"[39, 17, 24, 62, 20, 31, 12, 23, 53, 33, 56, 21, 23, 6, 65]",31.35659722222227
"[37, 20, 24, 60, 22, 33, 12, 22, 57, 32, 56, 19, 23, 6, 65]",29.85793563685646
"[36, 21, 22, 59, 15, 32, 13, 23, 54, 30, 56, 21, 23, 6, 65]",30.812318428184245
"[35, 19, 22, 61, 15, 31, 12, 25, 52, 30, 56, 22, 23, 6, 64]",30.04008536585382
"[35, 18, 23, 61, 17, 31, 12, 22, 51, 31, 57, 21, 23, 6, 65]",31.091777100271045
"[37, 20, 22, 54, 16, 31, 13, 22, 55, 30, 56, 24, 23, 6, 65]",30.274556910569096
"[38, 20, 22, 63, 21, 33, 12, 22, 52, 28, 57, 20, 23, 6, 65]",31.492220189701865
"[35, 22, 22, 59, 13, 31, 12, 22, 49, 30, 56, 21, 23, 6, 65]",32.76026253387531
"[36, 20, 23, 63, 17, 34, 12, 22, 57, 31, 56, 24, 23, 8, 65]",30.95231842818426
"[35, 22, 22, 57, 15, 31, 12, 22, 48, 30, 58, 21, 23, 5, 65]",30.97584891598918
"[35, 22, 22, 56, 16, 31, 12, 22, 50, 35, 56, 21, 23, 6, 65]",30.981477981029858
"[35, 18, 22, 60, 16, 33, 14, 22, 56, 35, 56, 21, 23, 6, 64]",31.037832655826605
"[35, 20, 22, 50, 16, 33, 14, 22, 57, 33, 56, 20, 23, 6, 65]",31.25621172086729
"[37, 20, 23, 63, 17, 31, 12, 22, 48, 30, 56, 20, 23, 6, 65]",31.681347560975556
"[35, 19, 23, 60, 16, 34, 13, 24, 57, 32, 56, 21, 23, 8, 65]",29.81383265582659
"[35, 21, 22, 55, 17, 31, 12, 22, 48, 31, 57, 22, 23, 6, 65]",30.68059789972909
"[35, 18, 23, 63, 17, 31, 12, 22, 54, 32, 56, 22, 23, 6, 65]",30.23597154471552
"[35, 19, 22, 56, 16, 31, 12, 22, 54, 27, 56, 20, 23, 7, 65]",30.074667682926858
"[35, 16, 22, 59, 13, 33, 12, 24, 56, 31, 56, 20, 23, 5, 65]",30.285729336043392
"[35, 20, 23, 60, 13, 31, 12, 22, 55, 31, 56, 21, 23, 6, 63]",31.18151727642266
"[38, 15, 23, 61, 21, 33, 13, 24, 52, 32, 56, 20, 23, 6, 65]",30.21570155826557
"[37, 22, 24, 63, 14, 34, 12, 23, 57, 30, 56, 19, 23, 6, 63]",29.49035331978318
"[36, 17, 22, 59, 16, 32, 12, 23, 52, 30, 57, 21, 23, 7, 65]",30.841690718157103
"[37, 19, 22, 60, 16, 31, 12, 25, 55, 28, 56, 23, 23, 6, 64]",30.568138211382184
"[35, 16, 24, 61, 14, 31, 12, 22, 52, 31, 56, 21, 23, 6, 65]",30.88317581300819
"[35, 22, 23, 52, 17, 31, 12, 22, 55, 31, 56, 22, 23, 6, 65]",31.789572493224945
"[38, 21, 25, 63, 18, 33, 12, 22, 52, 31, 57, 21, 23, 6, 65]",30.60963550135508
"[35, 17, 22, 58, 14, 31, 12, 22, 49, 29, 56, 20, 23, 6, 65]",32.09641463414624
"[36, 20, 24, 63, 18, 36, 12, 22, 57, 25, 56, 24, 23, 8, 65]",30.702280149051553
"[35, 20, 22, 55, 17, 31, 12, 22, 55, 31, 58, 20, 23, 5, 65]",31.414248644986408
"[35, 19, 22, 59, 18, 31, 12, 22, 47, 35, 56, 20, 23, 6, 65]",32.09106402439013
"[35, 21, 22, 59, 16, 31, 13, 23, 57, 31, 56, 21, 23, 6, 65]",31.341441056910472
"[35, 22, 22, 57, 16, 32, 13, 25, 57, 30, 56, 20, 23, 5, 65]",31.94674017615165
"[38, 20, 23, 63, 18, 31, 12, 22, 54, 29, 56, 21, 23, 6, 65]",31.64930284552844
"[37, 18, 22, 60, 17, 33, 12, 24, 57, 33, 56, 21, 23, 8, 65]",31.594439024390187
"[35, 15, 22, 53, 15, 31, 12, 22, 44, 31, 56, 22, 23, 5, 65]",31.4144014227643
"[35, 18, 23, 59, 19, 31, 12, 24, 54, 32, 56, 21, 23, 6, 65]",31.75018733062327
"[35, 17, 22, 55, 13, 31, 12, 22, 54, 27, 56, 20, 23, 8, 65]",31.193623306233135
"[35, 16, 22, 52, 16, 33, 12, 22, 55, 32, 56, 21, 23, 4, 64]",30.929737127371308
"[35, 21, 22, 60, 13, 31, 12, 22, 51, 32, 56, 20, 22, 6, 63]",31.255168699186964
"[38, 15, 23, 58, 20, 32, 13, 22, 57, 31, 57, 21, 23, 6, 65]",30.701369241192356
"[38, 22, 22, 63, 13, 33, 12, 24, 55, 29, 56, 21, 23, 6, 62]",32.66644715447146
"[35, 19, 22, 58, 16, 32, 12, 23, 55, 30, 56, 22, 23, 7, 65]",31.275168699186946
"[38, 20, 23, 59, 17, 31, 12, 25, 56, 30, 57, 20, 23, 6, 64]",30.915389227642248
"[35, 20, 22, 58, 13, 31, 12, 22, 51, 31, 56, 22, 23, 6, 65]",30.480042005419953
"[35, 22, 22, 56, 17, 32, 12, 22, 49, 29, 57, 20, 23, 6, 65]",31.90052472899724
"[39, 21, 25, 63, 16, 32, 12, 22, 52, 27, 57, 21, 23, 5, 65]",30.107906504064978
"[35, 16, 22, 61, 14, 31, 12, 22, 50, 29, 56, 22, 23, 6, 65]",30.947353658536542
"[35, 21, 22, 63, 19, 33, 13, 24, 57, 30, 58, 22, 23, 8, 65]",31.375468834688412
"[35, 16, 22, 59, 15, 31, 13, 22, 54, 29, 57, 21, 23, 6, 65]",30.863177168021597
"[35, 17, 22, 62, 18, 31, 12, 22, 48, 29, 57, 20, 23, 6, 65]",30.332538956639457
"[35, 22, 22, 60, 17, 31, 13, 26, 57, 30, 56, 20, 23, 6, 65]",30.684282859078643
"[35, 12, 22, 59, 14, 32, 12, 26, 56, 33, 56, 21, 23, 5, 65]",31.066700203251926
"[38, 19, 23, 63, 18, 31, 12, 22, 52, 28, 56, 21, 23, 6, 65]",32.04063143631445
"[36, 19, 22, 60, 17, 35, 13, 25, 57, 32, 56, 21, 23, 8, 65]",31.281819105691078
"[35, 14, 22, 60, 13, 31, 12, 22, 43, 24, 56, 22, 23, 6, 65]",31.391975948509536
"[36, 19, 23, 60, 17, 33, 12, 25, 55, 30, 57, 20, 23, 6, 65]",30.951572831978243
"[35, 18, 22, 54, 13, 31, 12, 22, 51, 24, 56, 21, 23, 6, 65]",31.160179878048822
"[35, 19, 22, 53, 16, 32, 14, 22, 55, 33, 56, 21, 23, 5, 65]",31.058549796747972
"[35, 21, 22, 60, 16, 31, 12, 22, 51, 31, 56, 20, 23, 6, 64]",31.26948340108406
"[38, 18, 23, 58, 19, 32, 13, 22, 57, 33, 59, 20, 23, 6, 64]",31.34995562330619
"[37, 19, 22, 63, 17, 33, 14, 23, 54, 30, 56, 21, 23, 6, 62]",32.43438109756089
"[35, 20, 22, 60, 16, 32, 12, 23, 56, 30, 56, 22, 23, 6, 65]",31.094614498644876
"[37, 19, 23, 61, 16, 31, 12, 23, 56, 32, 56, 20, 23, 6, 65]",30.844598915989074
"[35, 21, 22, 57, 17, 31, 12, 22, 48, 29, 57, 21, 23, 6, 65]",31.130210704606952
"[35, 16, 22, 59, 17, 32, 12, 22, 52, 29, 58, 23, 23, 6, 65]",31.008512533875347
"[39, 21, 25, 63, 19, 32, 12, 24, 56, 27, 56, 20, 23, 6, 65]",31.7949654471545
"[35, 21, 22, 56, 14, 31, 12, 22, 46, 30, 57, 22, 23, 6, 65]",32.77592784552843
"[36, 22, 22, 63, 17, 32, 13, 23, 54, 31, 58, 20, 23, 5, 65]",30.15545596205963
"[35, 14, 22, 58, 13, 32, 13, 22, 48, 30, 56, 21, 23, 6, 65]",30.173578929539204
"[35, 22, 22, 62, 14, 31, 12, 22, 52, 26, 56, 21, 23, 6, 65]",31.315299796747922
"[37, 19, 22, 61, 17, 32, 12, 22, 57, 30, 56, 21, 23, 6, 65]",30.94778184281835
"[35, 14, 22, 61, 14, 31, 13, 22, 55, 34, 56, 21, 23, 5, 65]",30.807414295392956
"[38, 20, 23, 63, 17, 31, 12, 22, 50, 29, 56, 21, 23, 6, 65]",29.91946510840107
"[35, 19, 22, 61, 15, 36, 13, 24, 55, 31, 57, 21, 23, 4, 65]",30.725713075880783
"[35, 15, 22, 58, 14, 31, 12, 22, 46, 25, 56, 22, 23, 8, 64]",32.579336043360435
"[36, 20, 22, 62, 17, 34, 12, 23, 57, 29, 57, 19, 23, 6, 65]",30.762776422764173
"[35, 20, 22, 57, 16, 31, 12, 22, 51, 25, 56, 22, 23, 6, 65]",31.18487838753389
"[35, 19, 22, 63, 13, 33, 12, 23, 56, 31, 56, 20, 23, 8, 65]",31.291879742547394
"[35, 19, 22, 60, 16, 31, 12, 22, 53, 27, 56, 21, 23, 6, 65]",30.570982046070487
"[39, 21, 23, 59, 15, 32, 12, 23, 57, 32, 60, 20, 23, 6, 65]",31.485626693766825
"[35, 19, 23, 62, 18, 33, 15, 22, 56, 30, 56, 20, 23, 6, 65]",30.685435636856322
"[35, 20, 22, 62, 16, 32, 12, 23, 53, 31, 58, 21, 23, 5, 65]",31.470378048780425
"[35, 19, 23, 62, 17, 31, 13, 23, 55, 28, 56, 21, 23, 5, 65]",30.61918699186991
"[35, 18, 22, 62, 17, 31, 12, 22, 52, 29, 58, 21, 23, 6, 65]",30.824267615176186
"[35, 17, 22, 59, 17, 32, 12, 22, 53, 28, 56, 24, 23, 5, 65]",31.11828523035238
"[38, 20, 22, 63, 19, 33, 12, 25, 54, 30, 56, 20, 23, 6, 65]",31.313088414634148
"[35, 19, 22, 51, 15, 31, 12, 22, 53, 25, 57, 21, 23, 6, 65]",31.100118224932178
"[35, 21, 23, 63, 19, 34, 12, 22, 55, 31, 56, 20, 23, 6, 65]",30.97986653116529
"[35, 16, 22, 56, 15, 31, 12, 22, 52, 29, 56, 21, 23, 5, 65]",31.74246375338739
"[35, 20, 22, 61, 14, 31, 12, 22, 50, 29, 56, 21, 23, 6, 65]",31.72669613821126
"[38, 15, 22, 61, 17, 34, 13, 22, 53, 32, 56, 21, 23, 6, 65]",29.902530487804796
"[35, 22, 22, 56, 15, 33, 14, 22, 56, 36, 56, 21, 23, 6, 64]",30.958054878048674
"[40, 20, 23, 63, 16, 31, 12, 22, 50, 28, 56, 21, 23, 6, 64]",31.393361449864585
"[35, 19, 23, 61, 17, 34, 12, 25, 56, 33, 56, 21, 23, 5, 65]",30.270062669376646
"[35, 20, 22, 55, 17, 31, 12, 22, 52, 31, 57, 21, 23, 6, 64]",31.475283875338665
"[36, 20, 23, 63, 17, 31, 14, 22, 57, 32, 56, 20, 23, 6, 64]",30.479739498645095
"[35, 16, 22, 56, 15, 31, 12, 22, 51, 25, 57, 20, 23, 7, 65]",30.77446443089437
"[35, 19, 22, 63, 13, 34, 12, 24, 57, 31, 56, 19, 22, 8, 63]",29.701981707317053
"[35, 18, 22, 59, 13, 31, 12, 22, 54, 27, 56, 21, 23, 6, 65]",30.424944105691115
"[40, 16, 23, 61, 15, 34, 12, 22, 57, 32, 58, 21, 23, 6, 65]",32.719477642276416
"[38, 20, 24, 60, 13, 33, 12, 22, 56, 30, 56, 20, 23, 6, 65]",31.09219444444446
"[35, 18, 22, 62, 16, 31, 12, 22, 56, 32, 57, 20, 23, 6, 65]",30.857135162601644
"[35, 20, 23, 61, 18, 31, 14, 23, 54, 27, 56, 21, 23, 5, 64]",30.117385501355002
"[35, 17, 24, 62, 14, 31, 12, 22, 52, 30, 58, 21, 23, 6, 65]",29.83402337398372
"[35, 20, 22, 59, 17, 33, 12, 22, 50, 29, 56, 20, 23, 5, 65]",31.268176490514907
"[38, 20, 22, 63, 18, 35, 13, 22, 53, 28, 56, 20, 22, 6, 64]",30.52702506775073
"[35, 18, 22, 54, 16, 31, 12, 22, 54, 27, 56, 21, 23, 6, 65]",31.187565040650284
"[37, 19, 23, 63, 19, 36, 13, 22, 56, 28, 56, 23, 23, 7, 65]",30.29279065040645
"[35, 21, 22, 56, 13, 31, 12, 22, 57, 29, 56, 21, 23, 6, 65]",31.431230352303395
"[35, 19, 24, 54, 17, 31, 12, 22, 50, 34, 56, 20, 22, 6, 65]",30.881745257452614
"[37, 18, 22, 61, 17, 34, 14, 22, 52, 31, 56, 21, 23, 6, 65]",30.83907147696475
"[35, 20, 22, 51, 16, 34, 12, 22, 57, 30, 56, 20, 23, 5, 64]",31.52772018970182
"[41, 19, 23, 63, 17, 31, 12, 22, 54, 28, 56, 21, 23, 6, 65]",30.407086043360447
"[36, 17, 23, 60, 17, 32, 13, 24, 55, 32, 56, 21, 23, 8, 65]",31.03798204607053
"[35, 22, 22, 53, 18, 31, 12, 22, 54, 31, 56, 21, 23, 6, 65]",30.85769884823845
"[36, 19, 22, 63, 19, 31, 14, 22, 55, 33, 56, 22, 23, 6, 64]",31.493853997289897
"[35, 18, 22, 59, 13, 31, 12, 23, 51, 29, 58, 21, 23, 7, 65]",30.4016829268292
"[35, 19, 22, 61, 13, 33, 13, 25, 57, 30, 56, 21, 23, 6, 63]",30.2931758130082
"[35, 19, 22, 59, 13, 31, 12, 22, 53, 30, 56, 21, 23, 6, 65]",31.019333333333257
"[42, 17, 23, 61, 23, 35, 12, 24, 56, 33, 58, 21, 23, 6, 65]",31.870797086720863
"[36, 22, 23, 60, 16, 33, 12, 23, 53, 31, 56, 20, 23, 6, 63]",32.20555995934968
"[35, 17, 22, 61, 16, 31, 12, 22, 57, 33, 56, 20, 23, 7, 65]",30.503408197831938
"[36, 20, 22, 60, 17, 32, 14, 22, 50, 30, 56, 21, 23, 5, 65]",31.204761517615193
"[35, 18, 22, 58, 15, 31, 12, 22, 54, 31, 56, 21, 23, 6, 65]",31.23694037940384
"[35, 21, 22, 61, 17, 31, 12, 22, 50, 29, 56, 21, 23, 6, 65]",30.688974593496
"[38, 20, 24, 63, 17, 35, 14, 22, 57, 30, 56, 21, 23, 6, 63]",29.870314363143546
"[35, 18, 22, 63, 15, 31, 12, 22, 49, 35, 56, 20, 23, 6, 65]",30.765183943089415
"[39, 19, 22, 63, 19, 31, 13, 24, 57, 28, 56, 24, 23, 8, 65]",29.73961924119248
"[35, 19, 22, 61, 15, 31, 12, 22, 47, 30, 57, 21, 23, 6, 64]",32.750376355013735
"[36, 18, 22, 57, 15, 31, 12, 22, 50, 29, 56, 20, 22, 6, 64]",31.600287262872673
"[35, 22, 23, 61, 17, 32, 15, 23, 57, 30, 56, 21, 23, 6, 65]",31.31370392953931
"[35, 12, 22, 61, 17, 33, 12, 24, 57, 33, 56, 19, 23, 5, 65]",32.09397764227649
"[39, 20, 24, 63, 17, 31, 12, 22, 54, 29, 56, 21, 23, 6, 65]",30.238773373983733
"[37, 16, 23, 61, 16, 35, 13, 22, 55, 30, 56, 21, 23, 8, 65]",30.22138177506781
"[35, 18, 22, 63, 16, 31, 12, 22, 55, 28, 56, 22, 23, 6, 65]",31.338328590785995
"[36, 20, 23, 62, 17, 32, 12, 22, 55, 31, 56, 22, 23, 6, 65]",30.71266598915991
"[35, 20, 22, 58, 14, 31, 12, 22, 53, 32, 57, 23, 23, 6, 65]",31.56497865853646
"[35, 19, 22, 55, 13, 33, 13, 23, 56, 30, 56, 21, 23, 6, 63]",30.116938685636867
"[35, 19, 22, 57, 14, 31, 12, 23, 50, 32, 56, 20, 23, 6, 65]",32.232170731707335
"[41, 18, 23, 62, 18, 31, 13, 24, 57, 34, 57, 20, 23, 6, 65]",30.66894986449866
"[37, 18, 23, 63, 17, 33, 12, 24, 56, 32, 56, 20, 22, 6, 62]",30.994570799457936
"[36, 21, 22, 57, 16, 33, 13, 23, 57, 32, 56, 22, 23, 6, 65]",30.389439363143694
"[38, 18, 23, 62, 15, 31, 13, 22, 51, 31, 56, 21, 23, 7, 65]",30.73058672086732
"[35, 19, 22, 58, 16, 31, 12, 22, 53, 29, 56, 21, 23, 6, 65]",30.949820460704665
"[35, 20, 22, 62, 17, 31, 12, 22, 56, 28, 56, 24, 23, 6, 65]",30.31732384823839
"[38, 20, 25, 63, 16, 31, 13, 22, 57, 30, 56, 21, 23, 6, 63]",30.730704945799403
"[35, 18, 22, 63, 15, 31, 12, 22, 48, 33, 56, 19, 23, 6, 65]",30.294513888889032
"[36, 22, 22, 63, 17, 31, 13, 22, 55, 30, 57, 22, 23, 6, 65]",30.532982046070327
"[35, 17, 22, 61, 16, 31, 12, 22, 44, 31, 57, 22, 23, 6, 65]",31.451855691057062
"[35, 18, 22, 63, 14, 31, 12, 22, 55, 27, 56, 21, 23, 6, 64]",31.557152777777567
"[36, 17, 23, 63, 17, 32, 12, 25, 57, 32, 56, 20, 22, 6, 65]",30.767044037940412
"[35, 17, 22, 58, 13, 31, 12, 24, 55, 35, 56, 20, 23, 5, 65]",31.492589769647733
"[37, 20, 24, 63, 16, 31, 12, 22, 54, 31, 56, 21, 23, 6, 65]",31.624216463414722
"[38, 17, 22, 61, 16, 33, 13, 23, 53, 34, 56, 21, 23, 8, 65]",30.91617039295398
"[35, 17, 22, 57, 14, 31, 12, 22, 54, 28, 56, 22, 23, 6, 64]",29.880080962059562
"[36, 20, 22, 62, 18, 33, 12, 23, 56, 30, 56, 21, 23, 6, 65]",30.768263550135423
"[35, 20, 22, 56, 15, 31, 12, 22, 57, 29, 56, 22, 23, 6, 65]",31.938592479674682
"[35, 19, 22, 57, 18, 33, 12, 23, 55, 31, 56, 20, 23, 8, 64]",31.55869579945799
"[35, 19, 22, 58, 16, 31, 12, 23, 47, 32, 56, 21, 23, 6, 65]",30.951106029810376
"[40, 16, 24, 62, 15, 31, 13, 25, 57, 33, 57, 20, 23, 6, 65]",32.62594410569112
"[37, 20, 22, 63, 18, 33, 12, 23, 56, 28, 56, 20, 23, 6, 63]",31.19347493224938
"[35, 21, 22, 55, 16, 34, 13, 25, 57, 28, 56, 22, 23, 5, 65]",32.06576693766947
"[35, 18, 22, 63, 16, 31, 12, 22, 57, 30, 58, 21, 23, 6, 64]",30.78215006775071
"[35, 18, 22, 61, 17, 31, 12, 23, 50, 30, 56, 21, 23, 6, 65]",30.933988143631403
"[35, 18, 22, 59, 17, 31, 12, 22, 51, 29, 56, 23, 23, 6, 65]",30.86484247967484
"[38, 20, 25, 63, 16, 32, 13, 23, 52, 31, 56, 22, 23, 6, 64]",30.732005758807674
"[35, 20, 22, 55, 16, 31, 12, 22, 49, 28, 56, 22, 23, 6, 65]",31.138396002710092
"[36, 22, 23, 63, 18, 32, 12, 22, 54, 33, 57, 21, 23, 6, 65]",31.917486111110996
"[35, 17, 22, 59, 15, 31, 12, 22, 46, 27, 56, 22, 22, 6, 65]",31.704621612466266
"[35, 21, 22, 63, 17, 31, 12, 22, 48, 33, 56, 20, 23, 6, 65]",30.35002642276432
"[36, 17, 22, 63, 17, 33, 12, 22, 54, 34, 57, 21, 22, 6, 65]",31.601652100271004
"[35, 22, 22, 54, 13, 31, 13, 24, 57, 38, 56, 21, 23, 6, 63]",31.35244715447148
"[39, 19, 25, 63, 17, 31, 12, 22, 53, 29, 57, 21, 23, 6, 65]",31.011885840108476
"[35, 20, 22, 60, 17, 32, 13, 23, 54, 31, 56, 21, 23, 8, 65]",31.55395291327918
"[35, 18, 22, 55, 15, 31, 12, 22, 54, 30, 56, 21, 23, 6, 63]",31.34001185636863
"[37, 20, 22, 63, 19, 32, 12, 23, 55, 29, 56, 20, 23, 6, 65]",31.102051490514913
"[35, 16, 22, 56, 13, 34, 12, 22, 53, 23, 56, 21, 23, 6, 65]",31.33181097560983
"[35, 18, 22, 59, 13, 32, 12, 24, 55, 30, 56, 20, 23, 8, 65]",30.02078082655827
"[35, 19, 22, 60, 17, 31, 12, 22, 47, 29, 56, 21, 23, 6, 65]",31.157126016260133
"[36, 20, 24, 62, 18, 32, 13, 25, 56, 30, 57, 20, 23, 6, 65]",30.98066531165307
"[37, 22, 23, 62, 13, 34, 12, 22, 57, 29, 56, 20, 23, 6, 64]",32.03965210027105
"[35, 19, 22, 61, 16, 33, 13, 25, 57, 28, 56, 21, 23, 6, 64]",32.067180894308905
"[35, 19, 22, 61, 18, 31, 12, 23, 57, 29, 57, 21, 23, 5, 65]",31.94981707317073
"[35, 17, 22, 63, 17, 32, 12, 23, 50, 31, 56, 21, 23, 6, 65]",30.245965108401215
"[35, 20, 23, 59, 16, 33, 12, 23, 52, 29, 56, 22, 23, 6, 65]",30.343494241192385
"[38, 20, 24, 63, 18, 34, 12, 22, 54, 28, 56, 21, 23, 6, 65]",31.14861856368567
"[35, 20, 22, 54, 14, 31, 12, 22, 50, 27, 56, 23, 23, 6, 63]",30.635588753387427
"[35, 18, 23, 63, 21, 34, 12, 22, 55, 26, 57, 20, 23, 7, 65]",30.135110094850987
"[35, 20, 22, 56, 17, 31, 12, 22, 57, 26, 56, 20, 23, 5, 65]",30.598652777777765
"[35, 21, 22, 61, 18, 31, 12, 22, 47, 34, 56, 20, 23, 6, 65]",30.449524390243976
"[36, 20, 22, 62, 17, 34, 12, 23, 53, 34, 56, 21, 22, 6, 65]",30.836910907858986
"[35, 19, 22, 55, 15, 32, 13, 23, 57, 35, 56, 20, 23, 6, 63]",33.43522662601636
"[41, 19, 24, 63, 18, 31, 12, 22, 55, 29, 58, 21, 23, 6, 65]",30.518796409214062
"[35, 21, 22, 61, 18, 33, 12, 23, 52, 30, 57, 21, 23, 6, 65]",30.185331300813015
"[35, 17, 22, 59, 17, 31, 12, 23, 54, 32, 56, 20, 23, 6, 63]",32.00111348238492
"[36, 19, 23, 63, 18, 31, 12, 24, 53, 28, 56, 20, 23, 6, 65]",31.0888072493225
"[35, 17, 22, 55, 15, 31, 12, 24, 50, 23, 57, 21, 23, 8, 64]",30.762470528455108
"[35, 18, 22, 63, 15, 33, 13, 24, 56, 30, 57, 21, 22, 8, 64]",33.26526185636864
"[35, 19, 22, 61, 13, 31, 12, 22, 50, 28, 56, 20, 23, 6, 65]",30.799969512195183
"[35, 19, 23, 60, 20, 34, 12, 24, 55, 30, 57, 20, 23, 6, 64]",30.684426829268265
"[36, 19, 24, 62, 17, 31, 12, 24, 55, 31, 56, 21, 23, 6, 64]",33.77454844173435
"[36, 17, 22, 63, 17, 33, 13, 22, 54, 35, 56, 21, 23, 6, 64]",30.031152100271083
"[35, 20, 23, 60, 15, 32, 12, 23, 55, 30, 56, 21, 23, 6, 65]",30.392538279132793
"[37, 18, 23, 61, 16, 31, 12, 23, 55, 29, 56, 21, 23, 6, 65]",30.158412262872616
"[36, 20, 22, 55, 16, 33, 12, 22, 51, 28, 56, 20, 23, 5, 65]",30.53105115176148
"[38, 20, 23, 63, 18, 35, 12, 22, 55, 27, 57, 21, 23, 6, 65]",30.117651422764265
"[35, 18, 22, 58, 17, 31, 12, 22, 51, 29, 57, 21, 23, 6, 65]",32.298765921409085
"[38, 17, 23, 63, 19, 34, 12, 23, 53, 24, 56, 21, 23, 7, 65]",30.047792344173487
"[35, 18, 22, 58, 15, 31, 12, 22, 52, 25, 56, 21, 23, 5, 65]",31.328894647696462
"[35, 22, 22, 61, 16, 31, 12, 25, 57, 31, 56, 20, 23, 6, 63]",30.463027100270967
"[37, 20, 23, 62, 17, 32, 12, 23, 57, 31, 56, 20, 23, 6, 64]",30.752560298102978
"[35, 14, 22, 55, 17, 33, 12, 25, 57, 34, 56, 19, 23, 4, 64]",31.080047425474255
"[40, 20, 23, 63, 18, 31, 12, 22, 55, 29, 56, 21, 23, 6, 65]",31.090212737127565
"[35, 16, 23, 62, 18, 33, 12, 24, 53, 31, 56, 20, 23, 6, 65]",30.691021002710162
"[35, 17, 22, 59, 15, 31, 13, 23, 49, 32, 56, 22, 23, 7, 64]",31.1575443766937
"[37, 19, 23, 63, 19, 31, 12, 23, 53, 26, 57, 19, 23, 6, 64]",30.316467818428027
"[35, 20, 22, 52, 13, 31, 12, 22, 50, 29, 57, 21, 23, 8, 65]",31.597903794037823
"[35, 19, 22, 61, 14, 34, 13, 22, 56, 30, 58, 20, 22, 8, 64]",30.026577913279066
"[35, 19, 22, 59, 13, 31, 12, 22, 54, 30, 56, 20, 23, 6, 65]",30.330582994579924
"[35, 20, 23, 62, 21, 33, 13, 23, 57, 32, 56, 21, 23, 6, 64]",30.032746612466035
"[37, 20, 23, 62, 17, 31, 13, 24, 54, 31, 56, 21, 23, 6, 64]",31.80561314363141
"[37, 20, 22, 61, 18, 32, 13, 22, 57, 37, 56, 22, 23, 6, 64]",30.54228929539279
"[36, 20, 22, 61, 15, 32, 12, 24, 50, 31, 56, 21, 23, 6, 65]",30.856193428184262
"[37, 19, 24, 59, 15, 31, 12, 22, 52, 30, 56, 21, 23, 6, 65]",30.573516598915955
"[35, 20, 22, 55, 17, 33, 12, 22, 54, 30, 56, 21, 23, 6, 65]",31.188824186991873
"[38, 20, 25, 63, 17, 31, 13, 23, 56, 29, 57, 21, 23, 6, 64]",31.23338448509479
"[35, 17, 22, 62, 20, 31, 12, 23, 57, 31, 56, 19, 23, 6, 65]",29.960933943089533
"[35, 22, 23, 63, 17, 31, 12, 22, 54, 30, 58, 21, 23, 7, 65]",30.55629708672068
"[35, 16, 22, 62, 15, 31, 12, 22, 47, 30, 56, 22, 23, 7, 64]",31.101320799458005
"[36, 20, 23, 58, 15, 32, 12, 25, 55, 30, 56, 20, 23, 6, 65]",32.1052174796748
"[36, 19, 24, 62, 17, 31, 12, 23, 56, 29, 56, 21, 23, 6, 64]",30.621642276422858
"[35, 17, 22, 52, 14, 34, 12, 27, 56, 32, 56, 21, 23, 5, 65]",31.684881436314342
"[38, 20, 24, 63, 17, 31, 12, 22, 56, 30, 56, 21, 23, 6, 65]",30.146756097560893
"[37, 14, 24, 60, 16, 33, 12, 23, 54, 30, 56, 20, 23, 7, 65]",29.921194444444435
"[35, 20, 22, 61, 15, 31, 13, 22, 53, 28, 56, 23, 23, 8, 64]",31.233362127371308
"[38, 20, 22, 63, 19, 31, 12, 22, 55, 27, 56, 22, 23, 6, 63]",30.443205962059732
"[35, 17, 22, 56, 16, 31, 12, 22, 55, 26, 58, 23, 23, 7, 65]",32.35470054200543
"[35, 19, 22, 57, 14, 32, 12, 22, 56, 30, 56, 21, 23, 6, 65]",31.123938008129993
"[35, 19, 22, 60, 15, 31, 12, 22, 55, 32, 56, 21, 22, 6, 64]",32.08810060975613
"[39, 21, 23, 63, 20, 32, 14, 24, 57, 34, 56, 21, 23, 6, 64]",29.915533197832026
"[38, 21, 22, 62, 13, 33, 14, 22, 55, 27, 56, 20, 23, 6, 64]",30.665724593495874
"[36, 20, 22, 61, 16, 33, 12, 24, 57, 26, 56, 21, 23, 6, 65]",31.02201287262881
"[36, 19, 22, 63, 16, 31, 12, 22, 49, 31, 57, 21, 23, 6, 65]",30.82543191056905
"[36, 18, 23, 61, 14, 31, 12, 22, 50, 31, 56, 21, 23, 6, 65]",30.83592378048781
"[35, 17, 22, 61, 18, 31, 12, 22, 57, 32, 56, 24, 23, 6, 64]",31.742006775067775
"[38, 20, 25, 63, 17, 31, 13, 23, 56, 32, 56, 21, 23, 6, 65]",31.264244241192415
"[35, 19, 22, 63, 22, 31, 12, 23, 57, 30, 56, 19, 22, 6, 64]",29.977839769647677
"[36, 22, 22, 63, 19, 31, 12, 22, 56, 31, 59, 24, 23, 6, 65]",31.285429539295382
"[35, 16, 22, 60, 15, 31, 12, 22, 49, 31, 56, 21, 23, 7, 64]",30.327600948509495
"[38, 19, 24, 57, 15, 32, 12, 22, 51, 32, 56, 20, 22, 6, 64]",31.414413617886236
"[35, 19, 22, 61, 17, 32, 13, 22, 53, 31, 56, 21, 23, 6, 65]",30.927408536585336
"[35, 18, 22, 59, 13, 32, 12, 22, 55, 34, 56, 21, 23, 7, 64]",31.15885975609749
"[39, 20, 24, 63, 17, 31, 12, 23, 53, 31, 56, 21, 23, 6, 65]",31.47558434959352
"[38, 21, 22, 59, 16, 34, 13, 23, 56, 31, 56, 21, 23, 8, 65]",31.717843495934908
"[35, 20, 22, 61, 17, 31, 12, 22, 56, 27, 56, 22, 23, 8, 64]",30.90704369918699
"[38, 20, 24, 63, 20, 31, 12, 22, 56, 31, 56, 22, 22, 6, 65]",30.923478997289994
"[35, 16, 22, 61, 16, 31, 12, 22, 57, 23, 56, 22, 23, 7, 65]",30.33968834688331
"[35, 18, 22, 57, 16, 32, 12, 24, 55, 30, 56, 21, 23, 5, 65]",33.62055657181563
"[35, 19, 22, 60, 18, 31, 12, 22, 53, 32, 56, 21, 23, 6, 65]",30.055776084010795
"[40, 21, 22, 63, 17, 33, 13, 25, 57, 31, 56, 21, 23, 6, 64]",31.357217140921424
"[38, 22, 24, 63, 17, 33, 13, 22, 55, 30, 56, 19, 23, 6, 64]",33.46680149051474
"[35, 18, 22, 60, 16, 32, 12, 24, 57, 26, 57, 21, 23, 6, 65]",30.79172527100263
"[35, 19, 22, 61, 18, 31, 12, 22, 56, 27, 56, 21, 23, 6, 65]",30.835720528455226
"[35, 19, 23, 62, 16, 31, 12, 22, 52, 31, 56, 21, 23, 6, 65]",30.603659891598944
"[35, 17, 22, 60, 18, 32, 12, 23, 56, 29, 56, 25, 23, 5, 64]",31.910278116531245
"[38, 20, 23, 63, 17, 33, 13, 23, 56, 33, 57, 21, 23, 6, 65]",30.82055962059618
"[37, 20, 22, 61, 14, 31, 13, 24, 52, 30, 56, 22, 23, 6, 62]",30.46190718157176
"[36, 20, 23, 63, 21, 33, 12, 22, 55, 30, 56, 22, 23, 6, 65]",30.603426151761543
"[35, 17, 22, 56, 16, 31, 12, 22, 52, 29, 56, 21, 23, 7, 65]",30.272407520325206
"[37, 19, 22, 58, 15, 31, 12, 22, 50, 31, 56, 21, 23, 6, 63]",31.10590243902427
"[36, 19, 22, 61, 17, 32, 12, 22, 51, 33, 56, 21, 23, 6, 65]",31.37298644986455
"[35, 14, 22, 57, 15, 32, 14, 22, 56, 35, 56, 20, 23, 7, 65]",31.676544037940428
"[38, 19, 23, 63, 17, 32, 12, 23, 52, 29, 57, 21, 23, 6, 65]",30.794080284552752
"[38, 21, 22, 61, 17, 33, 13, 24, 56, 32, 56, 21, 23, 5, 64]",30.74542818428171
"[35, 17, 22, 61, 18, 31, 12, 22, 50, 30, 56, 22, 23, 7, 65]",30.193527777777692
"[37, 20, 24, 63, 17, 32, 12, 22, 55, 33, 56, 20, 22, 6, 65]",31.14763245257466
"[35, 20, 22, 54, 13, 31, 12, 22, 51, 25, 56, 20, 23, 6, 65]",29.9438306233062
"[35, 18, 22, 61, 15, 33, 13, 23, 54, 30, 56, 20, 23, 7, 64]",30.36668123306245
"[35, 19, 22, 60, 18, 31, 12, 23, 51, 32, 56, 20, 23, 6, 65]",31.873511178861687
"[39, 21, 25, 63, 16, 33, 13, 25, 57, 31, 56, 21, 23, 6, 64]",32.003541327913446
"[37, 19, 25, 62, 16, 32, 12, 23, 55, 32, 56, 22, 23, 6, 64]",30.750290650406434
"[36, 18, 23, 61, 17, 32, 12, 22, 55, 29, 57, 21, 23, 6, 64]",30.603072493224865
"[36, 19, 22, 60, 17, 31, 12, 22, 54, 27, 56, 21, 23, 5, 65]",29.981032181571862
"[36, 19, 24, 62, 16, 32, 12, 23, 52, 29, 56, 21, 22, 6, 65]",30.58079166666667
"[36, 22, 22, 57, 17, 34, 13, 25, 50, 30, 56, 23, 23, 6, 64]",30.879839430894343
"[38, 20, 23, 63, 17, 34, 13, 22, 57, 27, 56, 20, 23, 6, 64]",31.261539295392936
"[37, 19, 22, 60, 17, 31, 12, 22, 52, 30, 56, 20, 23, 6, 65]",31.683582994579965
"[38, 20, 23, 63, 20, 34, 12, 24, 56, 26, 56, 21, 23, 7, 65]",30.640610094850928
"[35, 19, 22, 58, 17, 31, 12, 22, 57, 28, 57, 21, 23, 5, 65]",30.865815379403795
"[35, 20, 22, 63, 17, 31, 12, 23, 53, 29, 56, 20, 23, 6, 63]",31.72205420054203
"[36, 19, 22, 61, 17, 31, 12, 22, 52, 33, 56, 21, 23, 6, 65]",31.310668699186873
"[35, 14, 22, 58, 15, 32, 14, 22, 57, 29, 56, 19, 23, 5, 65]",31.32207926829279
"[39, 19, 24, 63, 17, 31, 12, 22, 56, 29, 56, 20, 23, 6, 65]",30.968185975609696
"[35, 19, 22, 63, 18, 34, 12, 23, 52, 34, 56, 21, 23, 6, 65]",30.505656842818457
"[36, 19, 22, 60, 13, 31, 12, 22, 48, 30, 57, 21, 23, 7, 65]",31.679534552845578
"[37, 20, 24, 63, 18, 34, 12, 23, 55, 27, 56, 19, 21, 6, 65]",31.585987127371403
"[35, 20, 22, 51, 13, 31, 12, 22, 48, 27, 56, 20, 23, 6, 65]",31.783151761517523
"[35, 19, 22, 60, 15, 33, 14, 24, 56, 30, 56, 20, 22, 7, 63]",30.890631097560995
"[35, 19, 23, 60, 13, 32, 12, 22, 53, 26, 56, 19, 23, 6, 65]",30.325857046070528
"[38, 20, 24, 63, 17, 32, 13, 25, 57, 33, 56, 20, 23, 6, 63]",31.532443766937647
"[37, 19, 24, 63, 15, 32, 12, 24, 56, 30, 56, 21, 23, 6, 64]",30.714085365853677
"[36, 19, 22, 59, 18, 34, 12, 24, 55, 32, 56, 21, 23, 6, 65]",31.23235636856374
"[36, 19, 23, 61, 16, 31, 12, 23, 54, 31, 57, 21, 23, 5, 65]",30.61935298102987
"[38, 20, 25, 60, 15, 31, 12, 24, 55, 30, 56, 21, 23, 6, 65]",31.934235433604368
"[35, 21, 22, 57, 15, 34, 12, 25, 46, 31, 56, 19, 23, 6, 65]",32.958226964769544
"[38, 20, 24, 63, 18, 35, 14, 23, 56, 28, 56, 22, 22, 6, 63]",30.002808943089423
"[35, 18, 22, 60, 20, 31, 12, 22, 56, 28, 56, 19, 23, 6, 65]",31.405891260162527
"[38, 22, 25, 63, 18, 34, 12, 22, 56, 32, 56, 22, 23, 7, 65]",30.423505420054173
"[35, 20, 22, 61, 16, 31, 12, 22, 51, 31, 57, 21, 23, 5, 65]",30.927413279132892
"[36, 20, 22, 60, 15, 31, 12, 24, 48, 30, 56, 21, 23, 6, 65]",30.700015582655947
"[35, 18, 23, 61, 17, 31, 12, 22, 57, 30, 57, 21, 23, 6, 65]",31.10814430894307
"[36, 18, 22, 59, 13, 33, 12, 22, 57, 33, 56, 21, 23, 4, 65]",30.99170189701884
"[39, 20, 23, 63, 17, 31, 12, 22, 56, 30, 56, 21, 23, 6, 64]",30.369920731707218
"[35, 19, 23, 63, 19, 34, 13, 25, 56, 33, 56, 21, 23, 7, 64]",29.549583333333384
"[35, 18, 22, 60, 13, 31, 12, 22, 52, 28, 56, 21, 23, 7, 65]",31.10587398373982
"[37, 19, 23, 63, 18, 33, 12, 24, 55, 27, 56, 23, 23, 6, 65]",30.61825677506778
"[35, 19, 22, 60, 16, 31, 12, 22, 52, 30, 56, 23, 23, 8, 65]",33.403899728997224
"[35, 19, 23, 58, 14, 33, 12, 22, 57, 32, 56, 21, 23, 7, 64]",30.656793360433593
"[36, 19, 25, 59, 13, 31, 12, 22, 49, 31, 56, 19, 23, 6, 63]",30.850284891598875
"[38, 20, 23, 63, 18, 32, 14, 24, 57, 33, 56, 20, 23, 6, 64]",30.617618563685678
"[37, 21, 22, 60, 15, 33, 13, 23, 57, 27, 56, 19, 23, 6, 64]",31.838922086720853
"[35, 20, 22, 61, 13, 31, 13, 23, 54, 31, 56, 21, 23, 6, 65]",31.09767073170738
"[37, 19, 22, 62, 16, 31, 12, 23, 52, 33, 56, 21, 23, 7, 64]",31.13239159891589
"[39, 19, 22, 62, 16, 31, 12, 22, 55, 32, 56, 21, 23, 6, 65]",30.892217479674933
"[36, 20, 23, 62, 16, 34, 12, 22, 47, 31, 56, 19, 23, 5, 65]",30.74242378048783
"[38, 20, 24, 63, 16, 34, 12, 23, 56, 33, 56, 23, 23, 6, 63]",30.333501016260133
"[35, 19, 23, 62, 21, 31, 12, 23, 53, 30, 56, 20, 23, 6, 65]",30.026055555555576
"[37, 21, 23, 63, 20, 34, 13, 22, 55, 33, 56, 23, 23, 7, 65]",31.247660230352338
"[35, 17, 22, 62, 15, 31, 12, 23, 48, 29, 56, 21, 23, 6, 65]",30.58308536585362
"[36, 20, 23, 61, 14, 31, 12, 22, 46, 32, 56, 21, 23, 6, 65]",30.518023373983876
"[35, 18, 24, 63, 15, 31, 12, 22, 53, 29, 56, 21, 23, 6, 65]",30.7571744579946
"[35, 16, 22, 52, 14, 31, 12, 24, 54, 35, 56, 22, 23, 7, 65]",32.414100609756
"[40, 20, 23, 63, 17, 31, 13, 22, 55, 32, 56, 21, 22, 6, 64]",30.429133468834618
"[36, 20, 22, 63, 16, 33, 14, 25, 57, 30, 56, 21, 23, 7, 65]",30.343769986449765
"[36, 16, 22, 56, 18, 31, 12, 22, 55, 29, 57, 21, 23, 6, 65]",31.247596544715424
"[38, 19, 23, 63, 17, 31, 12, 24, 56, 28, 56, 23, 23, 6, 64]",30.893417682926827
"[35, 18, 22, 61, 14, 32, 12, 22, 54, 26, 57, 22, 23, 8, 62]",30.13244241192407
"[35, 20, 22, 59, 17, 33, 12, 23, 56, 31, 56, 21, 23, 6, 65]",31.532293021680307
"[37, 20, 22, 60, 15, 31, 12, 22, 54, 34, 56, 21, 23, 6, 64]",31.13933299457994
"[38, 20, 24, 63, 19, 33, 14, 25, 57, 31, 56, 22, 23, 6, 65]",31.59148102981028
"[35, 20, 22, 61, 18, 32, 12, 23, 53, 32, 56, 19, 23, 6, 64]",31.178130758807526
"[35, 19, 22, 59, 13, 31, 12, 22, 57, 30, 56, 22, 23, 6, 65]",31.457538279132823
"[36, 19, 23, 60, 16, 31, 12, 23, 53, 28, 56, 21, 23, 6, 65]",31.44293462059631
"[39, 18, 22, 63, 16, 32, 12, 22, 52, 32, 56, 21, 23, 6, 65]",30.827138550135505
"[37, 18, 23, 59, 17, 34, 12, 22, 57, 29, 56, 24, 23, 5, 65]",31.09242953929526
"[38, 20, 23, 63, 16, 33, 12, 24, 56, 35, 56, 22, 23, 6, 65]",31.107517276422747
"[35, 19, 24, 63, 19, 31, 12, 25, 54, 29, 56, 20, 23, 6, 64]",30.554399728997225
"[37, 20, 23, 63, 21, 34, 13, 23, 57, 28, 56, 22, 23, 6, 65]",30.851202913279064
"[35, 18, 23, 61, 16, 31, 13, 24, 54, 29, 56, 20, 23, 6, 65]",30.945472899729047
"[35, 20, 22, 63, 15, 31, 12, 22, 54, 30, 56, 20, 23, 6, 65]",30.88639769647695
"[37, 19, 23, 63, 17, 33, 12, 22, 52, 32, 57, 20, 23, 6, 65]",32.085257113821065
"[35, 16, 22, 54, 17, 34, 13, 24, 56, 33, 56, 20, 23, 7, 65]",30.867366869918698
"[38, 20, 23, 63, 17, 33, 12, 22, 52, 31, 56, 20, 22, 6, 65]",30.161021341463286
"[36, 18, 22, 60, 16, 33, 13, 24, 56, 32, 56, 21, 23, 7, 65]",30.70305487804883
"[35, 18, 23, 56, 18, 31, 12, 22, 49, 32, 58, 21, 23, 6, 64]",30.83914329268285
"[35, 20, 22, 63, 19, 31, 12, 22, 57, 31, 56, 20, 23, 6, 65]",31.52475643631437
"[35, 20, 22, 56, 16, 33, 12, 22, 52, 27, 56, 20, 23, 7, 61]",30.428256436314413
"[35, 18, 22, 61, 16, 33, 13, 24, 56, 28, 56, 20, 23, 7, 65]",30.815065718157253
"[35, 20, 22, 62, 17, 31, 12, 22, 57, 34, 56, 22, 23, 6, 65]",30.125309281842917
"[39, 20, 24, 63, 18, 33, 13, 23, 57, 31, 56, 21, 23, 6, 64]",30.953882452574284
"[35, 20, 22, 62, 19, 32, 12, 24, 52, 34, 56, 21, 23, 6, 64]",31.123287940379402
"[37, 17, 23, 57, 17, 31, 12, 24, 57, 31, 56, 22, 22, 6, 64]",30.640930894308926
"[35, 19, 22, 60, 17, 31, 12, 22, 56, 28, 56, 21, 23, 4, 65]",30.90033265582661
"[35, 19, 24, 61, 17, 31, 12, 23, 54, 29, 56, 21, 23, 6, 65]",31.001950880758812
"[37, 18, 22, 59, 18, 31, 12, 22, 57, 29, 56, 21, 23, 7, 64]",32.82943428184287
"[39, 20, 23, 63, 17, 33, 14, 24, 57, 29, 56, 20, 23, 6, 65]",30.748753048780475
"[37, 18, 23, 63, 18, 31, 12, 23, 57, 31, 56, 20, 23, 6, 64]",31.04684078590785
"[37, 21, 24, 63, 22, 34, 12, 23, 57, 25, 58, 22, 23, 6, 65]",30.73560060975605
"[36, 19, 22, 57, 15, 31, 12, 22, 51, 29, 57, 21, 23, 5, 65]",31.472778455284672
"[36, 19, 23, 61, 16, 31, 12, 22, 57, 31, 56, 19, 23, 6, 64]",31.191057926829227
"[36, 19, 22, 60, 19, 31, 12, 22, 56, 30, 58, 21, 23, 6, 65]",29.989669715447135
"[35, 16, 22, 57, 17, 33, 13, 22, 57, 31, 56, 19, 23, 5, 65]",30.627727303523045
"[39, 20, 24, 63, 17, 31, 12, 23, 57, 29, 56, 19, 23, 6, 65]",31.14633197831975
"[36, 19, 24, 59, 18, 34, 13, 25, 57, 32, 56, 21, 23, 7, 65]",30.167080962059607
"[35, 19, 22, 63, 14, 31, 12, 23, 44, 34, 56, 22, 23, 6, 64]",31.741958333333304
"[36, 20, 22, 61, 18, 31, 12, 22, 54, 32, 57, 19, 23, 6, 65]",30.57685941734426
"[35, 22, 22, 55, 14, 33, 12, 22, 55, 29, 56, 19, 23, 6, 64]",31.409520663956588
"[35, 19, 22, 61, 16, 33, 13, 25, 56, 28, 56, 19, 22, 7, 64]",31.996401761517486
"[37, 19, 22, 62, 14, 32, 12, 24, 55, 31, 56, 20, 22, 6, 65]",30.914917005419927
"[39, 21, 24, 63, 17, 32, 13, 23, 57, 33, 56, 20, 23, 6, 64]",30.719614498644905
"[37, 20, 24, 63, 14, 33, 13, 25, 56, 28, 56, 20, 23, 6, 63]",30.078648035230383
"[35, 18, 22, 59, 19, 31, 12, 25, 57, 31, 57, 20, 23, 6, 64]",31.098179200542067
"[35, 20, 22, 62, 16, 31, 12, 23, 54, 30, 56, 20, 23, 6, 65]",31.35333604336046
"[35, 20, 25, 62, 17, 31, 12, 23, 52, 29, 56, 21, 23, 6, 65]",31.01241971544716
"[35, 21, 23, 56, 16, 32, 12, 22, 57, 31, 56, 21, 23, 6, 65]",30.391767953929623
"[38, 20, 25, 62, 17, 33, 15, 22, 57, 26, 56, 20, 23, 6, 65]",31.36819817073159
"[36, 19, 22, 63, 17, 32, 12, 22, 53, 30, 56, 21, 23, 6, 65]",30.41599559620599
"[38, 21, 24, 63, 21, 35, 12, 23, 54, 31, 56, 21, 23, 8, 65]",29.786267615176133
"[37, 20, 22, 59, 16, 31, 12, 22, 50, 31, 56, 21, 23, 6, 65]",31.056332317073192
"[35, 19, 23, 59, 17, 31, 12, 22, 55, 32, 56, 19, 23, 6, 63]",31.833537262872557
"[35, 19, 22, 62, 15, 31, 12, 23, 55, 30, 56, 21, 23, 6, 64]",31.283158197831906
"[35, 20, 22, 62, 16, 33, 13, 23, 57, 31, 56, 20, 23, 6, 65]",29.98093191056908
"[39, 20, 24, 63, 17, 31, 12, 24, 56, 30, 56, 21, 23, 6, 64]",30.82098272357721
"[35, 20, 25, 61, 18, 34, 13, 25, 57, 32, 58, 21, 23, 6, 65]",30.869216124661254
"[35, 19, 22, 55, 16, 31, 12, 22, 52, 24, 56, 22, 23, 7, 65]",32.15531842818424
"[36, 20, 23, 60, 18, 31, 13, 22, 55, 29, 56, 22, 23, 6, 65]",30.353170054200532
"[35, 15, 22, 53, 13, 33, 12, 22, 57, 30, 56, 19, 23, 6, 65]",31.651614498645014
"[37, 20, 22, 61, 17, 32, 13, 24, 57, 33, 56, 19, 22, 7, 63]",30.992122967479514
"[35, 19, 22, 63, 13, 34, 12, 24, 55, 31, 56, 20, 22, 6, 64]",30.516817411924194
"[39, 20, 23, 63, 17, 33, 13, 24, 56, 31, 56, 20, 23, 6, 64]",30.534009485094806
"[37, 22, 23, 61, 15, 33, 13, 24, 57, 27, 56, 21, 23, 6, 63]",32.14199390243899
"[35, 20, 22, 62, 19, 34, 13, 22, 54, 31, 56, 21, 23, 6, 64]",30.71004911924132
"[36, 19, 22, 62, 16, 32, 12, 23, 52, 29, 56, 21, 23, 6, 65]",30.04690311653119
"[35, 20, 23, 63, 17, 31, 12, 22, 51, 32, 57, 20, 23, 6, 65]",31.370183265582593
"[35, 20, 22, 58, 16, 34, 12, 22, 53, 31, 56, 22, 23, 5, 65]",30.983758468834704
"[37, 20, 24, 63, 17, 33, 14, 22, 57, 28, 57, 21, 23, 6, 63]",30.537473577235716
"[35, 19, 22, 63, 18, 34, 13, 24, 54, 29, 56, 20, 22, 6, 65]",30.43384451219515
"[39, 22, 22, 63, 19, 32, 13, 22, 56, 30, 56, 22, 23, 5, 65]",30.12069173441725
"[36, 18, 22, 62, 17, 31, 12, 22, 48, 28, 56, 21, 23, 6, 64]",30.887191395664026
"[35, 20, 22, 60, 15, 31, 13, 22, 47, 31, 56, 23, 23, 6, 64]",30.26028048780484
"[35, 19, 22, 63, 15, 32, 12, 24, 51, 32, 56, 21, 23, 6, 65]",30.644052168021773
"[35, 20, 22, 62, 16, 33, 13, 24, 57, 31, 56, 22, 23, 7, 65]",30.0588404471545
"[40, 20, 24, 63, 17, 31, 13, 22, 55, 31, 56, 22, 23, 6, 63]",30.26225372628732
"[37, 20, 22, 63, 17, 34, 13, 25, 57, 32, 58, 22, 23, 6, 65]",30.743035907858975
"[35, 17, 22, 58, 16, 31, 12, 22, 57, 27, 56, 21, 23, 7, 65]",31.201083333333376
"[37, 19, 22, 61, 19, 31, 12, 22, 57, 26, 56, 22, 23, 6, 65]",30.829394986449802
"[35, 16, 23, 56, 17, 32, 12, 24, 57, 23, 56, 22, 23, 7, 65]",32.07421104336052
"[37, 18, 23, 60, 14, 33, 13, 23, 56, 33, 56, 22, 22, 5, 63]",31.893563008130116
"[35, 19, 23, 61, 17, 34, 13, 24, 51, 32, 56, 20, 23, 6, 64]",30.991883130081284
"[39, 20, 23, 63, 19, 33, 13, 25, 57, 31, 56, 20, 23, 6, 64]",31.113181910569168
"[38, 22, 22, 62, 17, 32, 13, 22, 57, 35, 56, 20, 23, 6, 64]",32.912700880758834
"[36, 21, 22, 60, 14, 31, 13, 22, 55, 30, 56, 22, 23, 6, 64]",30.065665989159893
"[37, 19, 22, 61, 16, 32, 12, 22, 54, 28, 56, 21, 23, 5, 65]",30.921018292682906
"[39, 18, 22, 63, 15, 31, 12, 22, 54, 31, 57, 21, 23, 6, 65]",31.31578895663965
"[35, 18, 22, 60, 17, 33, 12, 23, 53, 31, 56, 21, 23, 6, 65]",30.27134823848244
"[38, 20, 23, 63, 17, 34, 12, 22, 57, 32, 56, 22, 23, 6, 63]",31.27237771002703
"[37, 18, 22, 61, 18, 31, 13, 26, 56, 30, 56, 20, 23, 6, 64]",30.231549796747988
"[38, 22, 22, 63, 18, 34, 14, 22, 56, 31, 56, 22, 23, 6, 65]",31.31224017615174
"[35, 17, 22, 62, 15, 32, 13, 22, 56, 28, 56, 20, 22, 6, 63]",30.599653794037938
"[35, 21, 22, 57, 15, 31, 12, 22, 53, 28, 56, 21, 23, 6, 65]",31.311560298103043
"[35, 19, 22, 60, 18, 32, 12, 24, 53, 31, 56, 21, 23, 6, 64]",31.00900677506772
"[35, 20, 23, 63, 16, 33, 13, 24, 57, 32, 56, 21, 22, 6, 64]",31.22476321138214
"[41, 19, 24, 63, 17, 33, 12, 22, 54, 30, 56, 22, 23, 6, 65]",31.064295392953806
"[37, 20, 22, 63, 17, 34, 13, 23, 57, 32, 56, 21, 23, 7, 65]",30.778954945799565
"[35, 17, 22, 59, 16, 31, 12, 23, 43, 30, 56, 21, 23, 6, 65]",29.75703760162601
"[38, 18, 22, 62, 19, 32, 12, 22, 51, 27, 56, 19, 23, 6, 65]",31.018127371273756
"[35, 18, 22, 56, 17, 34, 13, 26, 54, 25, 56, 21, 23, 7, 64]",31.41761415989161
"[37, 18, 23, 61, 16, 34, 13, 24, 56, 29, 56, 21, 23, 4, 64]",31.623550135501404
"[36, 19, 22, 60, 13, 33, 13, 22, 50, 34, 56, 21, 23, 6, 64]",30.326196815718216
"[38, 20, 24, 63, 19, 32, 14, 24, 57, 32, 56, 22, 23, 6, 64]",31.044207655826664
"[37, 18, 22, 63, 17, 32, 12, 22, 56, 30, 56, 19, 23, 6, 64]",30.593730352303567
"[37, 20, 22, 59, 15, 31, 13, 24, 56, 30, 56, 21, 23, 6, 64]",30.97455047425475
"[35, 19, 22, 62, 16, 31, 12, 22, 56, 29, 56, 21, 23, 5, 64]",30.986962059620694
"[37, 20, 22, 62, 16, 31, 12, 23, 57, 29, 56, 22, 23, 6, 65]",32.30019241192402
"[35, 19, 22, 62, 16, 33, 12, 22, 57, 29, 56, 23, 23, 6, 65]",31.469924796747954
"[38, 20, 23, 63, 18, 34, 13, 24, 55, 34, 56, 21, 23, 6, 64]",31.33600033875334
"[36, 17, 22, 61, 18, 31, 13, 22, 57, 31, 56, 20, 23, 6, 64]",30.5664007452573
"[37, 20, 24, 63, 19, 35, 13, 22, 57, 28, 56, 21, 23, 8, 65]",31.03129878048783
"[35, 19, 22, 63, 13, 31, 12, 23, 52, 31, 56, 21, 23, 5, 64]",30.267856707317083
"[35, 20, 22, 61, 17, 31, 12, 22, 51, 28, 56, 19, 23, 6, 65]",31.304293699187014
"[37, 20, 23, 60, 18, 32, 13, 22, 57, 32, 56, 20, 22, 6, 64]",31.30223678861787
"[35, 19, 23, 63, 16, 33, 13, 23, 56, 31, 56, 20, 23, 5, 64]",31.895748983739846
"[37, 19, 24, 63, 17, 32, 12, 23, 54, 30, 56, 21, 23, 6, 65]",30.82392750677513
"[36, 20, 23, 63, 18, 34, 13, 23, 57, 33, 56, 21, 23, 7, 65]",31.40763753387528
"[35, 19, 22, 56, 15, 31, 12, 22, 42, 31, 57, 23, 23, 6, 64]",30.204791666666743
"[36, 21, 23, 63, 16, 31, 12, 23, 51, 26, 57, 19, 23, 6, 65]",30.512129065040753
"[35, 20, 22, 60, 14, 32, 12, 22, 53, 34, 56, 20, 23, 7, 64]",30.742434620596114
"[35, 20, 23, 61, 18, 34, 13, 22, 56, 31, 56, 20, 23, 8, 64]",31.42982147696488
"[37, 19, 22, 58, 13, 31, 12, 22, 53, 29, 56, 21, 23, 6, 65]",31.55076863143632
"[38, 20, 24, 63, 16, 33, 14, 25, 57, 33, 56, 22, 23, 6, 64]",30.403169376693707
"[37, 21, 23, 63, 14, 33, 12, 25, 57, 28, 56, 21, 23, 6, 64]",31.0272059620596
"[35, 18, 22, 61, 18, 31, 12, 25, 53, 31, 56, 20, 23, 6, 65]",30.49418394308951
"[35, 19, 24, 63, 17, 31, 12, 23, 48, 31, 56, 21, 23, 7, 65]",31.176733401083936
"[37, 21, 23, 61, 17, 32, 13, 23, 56, 32, 56, 21, 22, 6, 64]",31.830627710027088
"[35, 20, 22, 60, 16, 32, 13, 23, 55, 29, 56, 24, 23, 6, 65]",30.912432926829254
"[38, 20, 23, 63, 18, 34, 13, 24, 57, 36, 56, 20, 23, 6, 64]",29.804993224932335
"[37, 19, 23, 63, 16, 32, 13, 22, 57, 33, 56, 20, 23, 6, 63]",29.90842581300818
"[37, 21, 25, 63, 17, 34, 12, 23, 55, 32, 56, 21, 23, 8, 65]",31.150797425474263
"[35, 21, 22, 62, 16, 31, 12, 24, 48, 33, 56, 21, 23, 5, 65]",32.25905047425473
"[35, 19, 22, 62, 17, 31, 12, 22, 54, 31, 56, 19, 23, 6, 65]",30.379783536585414
"[38, 19, 23, 63, 17, 33, 13, 22, 57, 32, 56, 20, 23, 6, 64]",31.72067344173439
"[36, 19, 23, 59, 17, 33, 13, 23, 57, 30, 56, 21, 23, 7, 65]",30.125704268292697
"[38, 19, 23, 63, 17, 31, 12, 22, 52, 31, 56, 20, 23, 6, 65]",31.163954268292763
"[35, 20, 24, 63, 18, 33, 13, 25, 57, 30, 56, 22, 23, 7, 65]",30.139289972899764
"[35, 21, 22, 59, 17, 31, 12, 22, 47, 30, 56, 21, 23, 6, 63]",31.42077269647681
"[35, 20, 23, 62, 17, 31, 12, 22, 54, 29, 56, 23, 23, 6, 65]",32.7032842140921
"[35, 19, 22, 61, 16, 32, 12, 22, 55, 23, 56, 21, 23, 7, 65]",30.233383807588094
"[37, 20, 23, 62, 14, 33, 12, 24, 55, 31, 56, 19, 23, 8, 63]",30.545047086720878
"[35, 18, 22, 59, 13, 31, 12, 22, 51, 28, 56, 20, 23, 6, 65]",31.11063313008135
"[38, 20, 22, 63, 16, 32, 13, 25, 57, 33, 56, 21, 23, 6, 65]",30.569783536585337
"[37, 22, 24, 62, 14, 34, 12, 22, 57, 29, 56, 21, 22, 6, 63]",31.541292005420075
"[35, 19, 22, 63, 17, 31, 12, 27, 55, 31, 56, 22, 23, 6, 64]",30.14158434959356
"[38, 19, 24, 61, 17, 31, 12, 22, 49, 33, 56, 21, 23, 5, 65]",30.9813594173442
"[37, 19, 24, 62, 16, 33, 13, 23, 55, 33, 56, 20, 23, 6, 65]",30.875761856368555
"[36, 20, 23, 59, 17, 33, 12, 24, 53, 31, 56, 21, 23, 5, 65]",30.77777168021674
"[38, 20, 23, 63, 17, 34, 13, 24, 57, 36, 56, 20, 23, 6, 63]",30.440103997290034
"[37, 20, 22, 62, 14, 32, 13, 22, 57, 30, 56, 22, 23, 6, 63]",31.1987256097561
"[37, 21, 25, 63, 19, 33, 12, 23, 56, 32, 56, 21, 23, 5, 65]",31.18361551490516
"[36, 18, 22, 61, 18, 31, 12, 23, 56, 32, 56, 21, 23, 5, 65]",31.373035230352297
"[37, 19, 23, 61, 16, 31, 12, 22, 51, 32, 56, 20, 23, 6, 65]",30.419948509485
"[35, 19, 23, 63, 17, 34, 13, 23, 57, 33, 56, 21, 23, 6, 64]",30.984291327913343
"[37, 19, 23, 60, 18, 33, 13, 24, 57, 32, 56, 21, 23, 8, 64]",29.591109078590705
"[39, 19, 23, 63, 18, 31, 12, 23, 55, 29, 56, 19, 23, 6, 65]",30.849100948509594
"[35, 20, 25, 63, 18, 33, 13, 26, 57, 31, 56, 21, 23, 7, 65]",30.81896476964775
"[35, 17, 22, 60, 18, 31, 12, 22, 52, 30, 56, 20, 23, 7, 65]",30.865490176151795
"[38, 18, 22, 63, 19, 31, 12, 22, 53, 27, 56, 21, 23, 6, 65]",31.482048102981064
"[35, 19, 22, 62, 18, 32, 13, 22, 57, 29, 56, 21, 23, 7, 64]",29.580086043360545
"[36, 19, 23, 61, 16, 32, 12, 24, 57, 29, 56, 22, 23, 6, 64]",30.116650745257363
"[35, 19, 22, 60, 14, 31, 12, 22, 54, 31, 56, 20, 23, 6, 65]",32.59871104336033
"[38, 20, 22, 63, 20, 33, 13, 24, 57, 30, 56, 20, 23, 6, 65]",30.513522696476944
"[37, 20, 23, 62, 16, 32, 13, 24, 57, 33, 56, 20, 22, 6, 63]",31.034441734417335
"[38, 20, 24, 63, 16, 31, 12, 22, 57, 31, 56, 22, 23, 6, 63]",30.357028116531175
"[38, 21, 22, 61, 17, 31, 12, 23, 57, 29, 57, 21, 23, 5, 65]",31.713096883468765
"[37, 17, 24, 62, 16, 33, 12, 23, 49, 32, 56, 22, 23, 6, 64]",30.8577794715447
"[37, 19, 23, 59, 16, 33, 12, 22, 53, 32, 56, 19, 23, 4, 65]",30.15945223577239
"[38, 20, 23, 63, 17, 34, 13, 25, 57, 33, 56, 22, 23, 6, 64]",30.287470528455238
"[37, 21, 22, 62, 18, 33, 13, 22, 56, 31, 56, 22, 22, 6, 64]",31.890545392953833
"[37, 20, 22, 63, 20, 34, 12, 24, 57, 28, 56, 22, 23, 7, 65]",30.377204607046085
"[37, 17, 22, 61, 16, 31, 12, 22, 53, 30, 56, 21, 23, 6, 65]",30.46806029810299
"[39, 20, 23, 62, 16, 31, 13, 22, 52, 32, 56, 20, 23, 6, 64]",30.37906470189703
"[35, 19, 24, 63, 17, 34, 13, 24, 57, 31, 56, 21, 23, 6, 65]",30.24170562330624
"[36, 19, 22, 61, 17, 33, 13, 24, 57, 33, 56, 21, 23, 5, 64]",31.043302845528505
"[41, 20, 23, 63, 17, 31, 12, 23, 55, 30, 56, 21, 23, 6, 65]",30.713416327913283
"[36, 20, 22, 63, 17, 34, 13, 25, 57, 34, 58, 20, 23, 6, 65]",30.000961382113935
"[36, 18, 23, 61, 16, 31, 12, 22, 52, 30, 56, 22, 23, 8, 65]",30.35048272357733
"[35, 19, 22, 62, 20, 31, 12, 22, 54, 24, 56, 19, 23, 6, 65]",30.13288651761514
"[37, 19, 23, 63, 17, 31, 13, 25, 53, 33, 57, 21, 23, 6, 63]",30.882673780487732
"[36, 19, 24, 61, 16, 33, 12, 25, 57, 30, 56, 21, 22, 6, 65]",32.136820121951324
"[35, 19, 22, 58, 16, 31, 12, 22, 56, 31, 56, 21, 23, 6, 63]",31.130541327913118
"[38, 21, 24, 63, 17, 32, 14, 24, 57, 32, 56, 21, 23, 6, 65]",31.019139566395765
"[38, 20, 22, 63, 17, 32, 13, 24, 57, 32, 56, 19, 23, 6, 63]",31.500266598916113
"[37, 20, 22, 60, 18, 32, 14, 22, 57, 31, 56, 21, 23, 6, 64]",31.0814373306232
"[37, 21, 22, 63, 17, 32, 12, 23, 57, 27, 57, 21, 23, 5, 64]",30.832168699186983
"[35, 21, 23, 62, 16, 34, 12, 22, 56, 30, 56, 22, 23, 6, 64]",30.930031842818412
"[35, 20, 22, 55, 16, 33, 12, 22, 52, 28, 56, 21, 23, 6, 64]",32.05132350948513
"[38, 20, 23, 63, 18, 34, 13, 25, 57, 33, 56, 21, 23, 6, 65]",31.587909552845574
"[36, 19, 23, 62, 17, 32, 13, 25, 55, 31, 56, 20, 23, 6, 64]",31.104274051490535
"[35, 20, 22, 63, 17, 34, 13, 22, 56, 29, 56, 23, 23, 8, 65]",30.865981707317022
"[37, 18, 22, 61, 15, 31, 12, 22, 48, 29, 56, 21, 23, 6, 64]",31.135257791327966
"[35, 20, 22, 61, 17, 31, 12, 22, 51, 29, 56, 21, 23, 6, 63]",31.25274796747962
"[36, 19, 22, 61, 17, 34, 12, 24, 57, 31, 56, 21, 23, 6, 65]",30.89498441734423
"[36, 19, 22, 62, 16, 33, 13, 26, 56, 30, 56, 21, 23, 6, 64]",31.14674695121961
"[39, 21, 25, 63, 16, 31, 12, 22, 56, 32, 56, 22, 23, 6, 65]",30.34822560975605
"[37, 20, 22, 63, 18, 34, 13, 24, 57, 35, 56, 22, 23, 6, 64]",30.312941734417432
"[37, 19, 22, 56, 14, 31, 12, 22, 51, 30, 56, 22, 23, 8, 65]",30.127379742547497
"[36, 21, 23, 63, 19, 31, 12, 23, 53, 31, 56, 19, 23, 6, 65]",30.5549857723576
"[36, 19, 24, 61, 17, 31, 13, 26, 57, 31, 57, 20, 23, 6, 65]",31.43559180216808
"[37, 19, 24, 63, 16, 33, 13, 22, 57, 31, 56, 20, 22, 6, 65]",31.184003726287358
"[35, 20, 22, 59, 17, 31, 13, 24, 56, 30, 56, 20, 22, 6, 64]",31.00249898373985
"[38, 20, 25, 63, 16, 32, 13, 24, 57, 32, 56, 22, 23, 6, 64]",30.68557689701893
"[36, 20, 23, 62, 18, 33, 12, 25, 57, 28, 56, 19, 23, 6, 63]",30.471763888888926
"[36, 19, 22, 60, 17, 33, 14, 22, 56, 31, 56, 21, 23, 6, 64]",31.278854674796712
"[37, 21, 22, 63, 17, 33, 13, 23, 51, 33, 56, 20, 23, 6, 64]",30.871406504065103
"[36, 18, 23, 63, 17, 32, 12, 24, 54, 31, 56, 21, 23, 6, 65]",30.88712804878046
"[35, 20, 22, 56, 17, 33, 12, 22, 52, 29, 56, 22, 23, 6, 63]",30.864874322493186
"[38, 20, 23, 63, 18, 34, 13, 25, 57, 33, 56, 20, 23, 6, 65]",30.38594817073175
"[37, 18, 25, 63, 15, 31, 13, 23, 56, 31, 56, 21, 23, 6, 64]",30.838787601626002
"[35, 21, 23, 63, 19, 35, 13, 22, 57, 31, 58, 22, 23, 6, 65]",30.537374661246616
"[35, 19, 22, 63, 15, 31, 12, 22, 51, 29, 56, 21, 23, 6, 64]",31.306171747967436
"[35, 21, 22, 60, 15, 31, 12, 23, 57, 30, 56, 20, 23, 6, 65]",30.100699864498647
"[36, 19, 22, 62, 17, 32, 13, 24, 56, 33, 56, 20, 23, 6, 65]",31.43160162601626
"[37, 19, 23, 59, 17, 34, 13, 27, 57, 31, 56, 21, 22, 7, 64]",30.158701897018815
"[38, 19, 24, 63, 16, 32, 12, 23, 50, 31, 56, 20, 23, 6, 65]",31.837630081300915
"[36, 19, 24, 62, 19, 34, 13, 26, 57, 30, 56, 22, 23, 6, 65]",30.718204268292713
"[35, 17, 23, 58, 15, 31, 12, 22, 46, 30, 56, 22, 23, 6, 65]",32.0336067073172
"[36, 20, 24, 63, 16, 31, 12, 23, 56, 32, 56, 21, 23, 6, 63]",31.051134485094845
"[35, 20, 22, 61, 17, 34, 13, 24, 57, 27, 56, 21, 23, 7, 65]",30.886867208672168
"[36, 19, 22, 63, 14, 33, 13, 22, 54, 31, 56, 19, 22, 8, 62]",30.867851626016314
"[35, 19, 22, 61, 17, 32, 13, 22, 55, 31, 56, 20, 23, 6, 65]",31.79173577235777
"[39, 19, 24, 63, 19, 34, 13, 24, 57, 31, 56, 22, 23, 6, 64]",31.218071138211393
"[36, 21, 24, 62, 17, 33, 12, 22, 57, 31, 56, 19, 23, 6, 63]",30.930605691056986
"[37, 19, 23, 60, 15, 32, 13, 24, 57, 32, 56, 21, 22, 6, 63]",30.975669715447317
"[37, 21, 22, 63, 18, 33, 12, 24, 55, 32, 56, 20, 23, 6, 63]",30.744795054200736
"[37, 17, 22, 63, 16, 31, 12, 23, 53, 33, 56, 20, 23, 6, 65]",30.49474390243912
"[35, 17, 22, 57, 16, 31, 12, 22, 56, 31, 57, 23, 23, 6, 65]",31.65152845528449
"[38, 20, 23, 63, 18, 34, 13, 25, 57, 34, 56, 21, 23, 6, 65]",29.859247967479657
"[38, 21, 22, 61, 17, 33, 13, 23, 56, 31, 56, 21, 23, 6, 64]",33.5028570460705
"[39, 20, 22, 63, 18, 36, 13, 26, 57, 28, 57, 21, 23, 6, 65]",30.982494241192445
"[35, 18, 22, 63, 17, 31, 13, 23, 50, 29, 56, 20, 23, 6, 63]",30.0727662601627
"[35, 21, 23, 61, 14, 31, 13, 22, 55, 31, 56, 21, 23, 6, 65]",30.909671070460647
"[35, 19, 24, 61, 17, 32, 13, 23, 53, 32, 56, 21, 23, 6, 65]",31.452117547425523
"[36, 19, 24, 60, 18, 33, 13, 23, 57, 32, 56, 21, 23, 8, 64]",30.785431571815828
"[39, 19, 22, 63, 17, 31, 12, 23, 56, 27, 56, 20, 23, 6, 65]",30.279601964769608
"[35, 19, 24, 62, 16, 35, 13, 24, 57, 30, 56, 20, 23, 6, 65]",30.862121273712777
"[35, 18, 22, 61, 16, 31, 12, 23, 57, 29, 57, 21, 23, 6, 64]",31.211167005420073
"[36, 18, 22, 63, 19, 31, 12, 24, 55, 23, 56, 22, 23, 6, 62]",31.41999898373974
"[35, 20, 22, 61, 17, 33, 13, 24, 57, 29, 56, 21, 23, 7, 65]",30.171465447154397
"[35, 20, 22, 62, 14, 32, 12, 23, 55, 31, 56, 21, 22, 8, 62]",30.770346544715434
"[35, 19, 22, 63, 13, 33, 12, 24, 49, 32, 56, 20, 23, 6, 65]",30.206446138211355
"[38, 20, 23, 63, 19, 35, 13, 24, 57, 32, 56, 21, 23, 6, 65]",32.4071246612465
"[38, 22, 23, 63, 17, 32, 13, 22, 56, 32, 56, 20, 23, 6, 63]",30.633138211382
"[38, 19, 23, 60, 15, 31, 12, 25, 56, 32, 56, 22, 23, 6, 65]",30.633514566395593
"[37, 19, 23, 62, 17, 32, 12, 22, 54, 29, 56, 20, 23, 6, 65]",31.41019241192419
"[37, 19, 22, 62, 15, 33, 13, 22, 50, 30, 56, 21, 23, 6, 64]",30.053144308942997
"[35, 18, 22, 60, 16, 31, 12, 23, 55, 31, 56, 22, 22, 5, 65]",31.389382791327936
"[38, 20, 24, 63, 18, 34, 13, 25, 57, 34, 56, 21, 22, 6, 64]",30.336465785907826
"[38, 21, 22, 63, 18, 33, 13, 23, 54, 31, 56, 21, 23, 6, 64]",30.693492208671984
"[37, 21, 24, 63, 19, 36, 12, 24, 57, 32, 56, 22, 23, 7, 65]",30.090539972899737
"[37, 18, 23, 61, 15, 31, 12, 24, 52, 31, 56, 20, 22, 6, 64]",31.36398509485088
"[35, 18, 22, 59, 17, 31, 13, 22, 50, 32, 56, 21, 23, 6, 65]",31.274110433604424
"[37, 20, 22, 62, 18, 32, 13, 24, 57, 31, 56, 21, 22, 6, 63]",30.381345867208577
"[36, 19, 24, 62, 17, 33, 13, 22, 57, 32, 58, 21, 23, 7, 65]",29.851555555555592
"[39, 21, 23, 63, 18, 31, 12, 23, 56, 29, 56, 20, 23, 6, 65]",31.07499627371273
"[36, 19, 22, 62, 16, 32, 13, 23, 57, 32, 57, 22, 23, 7, 63]",29.917672764227714
"[35, 19, 22, 56, 16, 31, 12, 22, 55, 30, 57, 20, 23, 8, 64]",31.08830826558257
"[37, 20, 22, 63, 20, 32, 13, 24, 55, 26, 56, 21, 23, 6, 65]",31.13772120596208
"[35, 18, 23, 62, 16, 31, 13, 22, 57, 31, 56, 21, 23, 5, 65]",31.101180555555658
"[35, 19, 23, 59, 18, 32, 12, 24, 57, 30, 56, 21, 23, 8, 63]",30.99834857723562
"[37, 19, 22, 63, 13, 35, 12, 22, 47, 31, 56, 21, 23, 6, 65]",30.893444105691064
"[38, 21, 23, 63, 16, 33, 14, 24, 57, 33, 56, 20, 23, 6, 65]",31.402553184281867
"[38, 21, 24, 63, 17, 32, 13, 24, 57, 33, 56, 21, 23, 6, 63]",31.157092479674787
"[36, 19, 23, 60, 17, 32, 13, 22, 57, 32, 56, 21, 23, 6, 65]",33.17237330623303
"[36, 20, 22, 62, 16, 31, 13, 23, 55, 30, 56, 22, 23, 5, 65]",30.711680555555517
"[37, 20, 24, 63, 15, 31, 12, 22, 52, 30, 56, 21, 23, 6, 65]",30.55689430894298
"[35, 20, 22, 58, 17, 32, 12, 22, 51, 29, 56, 22, 23, 5, 65]",30.97483062330613
"[38, 20, 24, 63, 17, 34, 13, 24, 57, 33, 56, 21, 23, 6, 64]",32.17019884823844
"[37, 21, 25, 63, 17, 33, 13, 23, 57, 31, 56, 21, 23, 6, 64]",30.368663279132825
"[37, 21, 24, 63, 19, 33, 12, 22, 57, 33, 56, 21, 22, 6, 65]",31.027403455284503
"[36, 18, 23, 61, 14, 31, 12, 22, 54, 28, 56, 23, 23, 6, 64]",30.845654810298193
"[35, 19, 22, 60, 17, 31, 12, 22, 53, 30, 56, 20, 23, 6, 65]",30.77476626016258
"[35, 18, 22, 62, 18, 33, 12, 23, 56, 31, 56, 21, 23, 6, 63]",31.75295460704605
"[38, 20, 22, 60, 17, 34, 13, 24, 57, 32, 57, 20, 23, 6, 65]",32.209715108401014
"[38, 21, 24, 63, 18, 31, 12, 22, 51, 32, 56, 19, 22, 6, 64]",30.170221883468763
"[35, 19, 23, 62, 18, 32, 13, 24, 57, 32, 56, 22, 23, 6, 65]",30.33315514905146
"[35, 20, 23, 61, 17, 31, 12, 23, 53, 32, 56, 21, 23, 8, 63]",31.40241869918707
"[36, 20, 23, 62, 17, 31, 13, 22, 53, 29, 56, 20, 23, 6, 65]",30.80975474254731
"[37, 19, 23, 60, 16, 31, 13, 22, 56, 30, 56, 21, 23, 6, 63]",30.470626693766903
"[36, 19, 23, 60, 14, 33, 13, 24, 56, 31, 56, 20, 23, 8, 63]",30.913412262872573
"[35, 19, 22, 61, 16, 32, 12, 22, 54, 30, 56, 21, 23, 6, 64]",32.62201727642288
"[38, 20, 24, 63, 17, 33, 14, 25, 57, 34, 56, 21, 23, 6, 64]",31.357810975609855
"[37, 21, 25, 63, 17, 34, 13, 25, 57, 28, 56, 21, 23, 6, 63]",30.60140548780485
"[35, 19, 23, 62, 18, 32, 14, 22, 57, 32, 56, 22, 23, 6, 64]",30.15425135501347
"[36, 21, 22, 62, 17, 31, 12, 23, 52, 31, 56, 22, 23, 6, 64]",31.026885840108328
"[37, 20, 25, 61, 18, 31, 12, 22, 50, 31, 56, 21, 23, 6, 65]",31.917001693766867
"[35, 21, 22, 59, 17, 34, 12, 23, 56, 30, 56, 22, 23, 6, 65]",31.22124424119255
"[38, 20, 24, 63, 17, 34, 13, 24, 57, 33, 56, 21, 23, 6, 64]",30.52451355013549
"[38, 19, 24, 63, 15, 31, 13, 22, 57, 31, 56, 21, 23, 6, 64]",31.326553861788764
"[37, 21, 23, 63, 17, 33, 14, 22, 57, 34, 56, 21, 22, 7, 65]",31.474610772357835
"[35, 19, 23, 61, 15, 31, 12, 22, 56, 29, 56, 22, 23, 5, 65]",30.502956300812933
"[36, 21, 22, 62, 17, 31, 12, 22, 49, 30, 56, 21, 23, 6, 64]",30.914451897019042
"[36, 18, 23, 62, 17, 32, 12, 23, 57, 31, 56, 21, 23, 6, 65]",31.112222899729023
"[38, 21, 22, 59, 18, 34, 13, 25, 57, 31, 56, 21, 23, 6, 64]",30.699087398373933
"[40, 19, 24, 63, 17, 31, 12, 23, 49, 33, 56, 20, 23, 6, 64]",31.11464668021691
"[37, 20, 22, 63, 18, 35, 13, 24, 55, 32, 56, 20, 23, 5, 65]",30.961665650406527
"[35, 16, 23, 60, 16, 31, 12, 23, 57, 32, 56, 22, 23, 7, 63]",30.967293360433555
"[37, 19, 24, 62, 17, 31, 12, 23, 55, 31, 56, 21, 23, 6, 65]",30.568436314363133
"[36, 20, 22, 61, 17, 33, 13, 23, 54, 29, 56, 21, 23, 7, 64]",31.363077574525676
"[36, 19, 22, 62, 13, 33, 13, 23, 56, 31, 56, 19, 23, 5, 64]",30.75243428184275
"[35, 19, 22, 61, 14, 31, 12, 23, 57, 31, 56, 20, 23, 6, 65]",29.82209349593494
"[38, 20, 24, 63, 19, 33, 13, 25, 57, 31, 56, 21, 23, 6, 63]",30.983655149051465
"[37, 22, 23, 63, 14, 33, 12, 23, 57, 31, 56, 20, 23, 6, 63]",31.916545392953992
"[36, 19, 24, 62, 16, 34, 12, 24, 55, 31, 56, 21, 23, 6, 65]",31.150548441734383
"[37, 20, 23, 62, 18, 32, 12, 23, 55, 30, 56, 19, 22, 6, 63]",31.101742886178748
"[37, 20, 25, 61, 17, 31, 12, 23, 50, 31, 56, 21, 23, 6, 65]",30.912830284552932
"[35, 18, 23, 60, 17, 34, 12, 23, 52, 31, 56, 20, 23, 6, 65]",31.51177303523036
"[38, 20, 24, 62, 17, 34, 13, 23, 57, 33, 56, 21, 23, 6, 64]",31.19561619241184
"[37, 18, 22, 63, 16, 32, 13, 24, 56, 32, 56, 21, 23, 6, 64]",31.340996612466167
"[37, 20, 22, 63, 20, 34, 12, 25, 57, 25, 56, 22, 23, 8, 65]",32.204111788617865
"[35, 17, 23, 58, 16, 31, 12, 22, 56, 31, 56, 20, 23, 5, 65]",30.65239972899728
"[38, 20, 22, 59, 16, 33, 12, 24, 53, 32, 56, 20, 23, 6, 63]",30.54254810298101
"[36, 20, 23, 62, 16, 31, 14, 22, 53, 32, 56, 21, 23, 6, 65]",30.004566734417402
"[35, 20, 24, 63, 18, 33, 13, 25, 57, 32, 56, 22, 23, 6, 64]",30.750309959349604
"[39, 19, 24, 63, 16, 31, 12, 22, 55, 34, 56, 22, 23, 6, 64]",31.026889227642144
"[38, 20, 22, 62, 18, 35, 13, 25, 56, 30, 56, 21, 23, 6, 64]",30.950371273712783
"[35, 17, 22, 56, 16, 31, 13, 22, 57, 31, 56, 21, 23, 6, 64]",30.487094850948523
"[36, 19, 22, 63, 18, 32, 12, 23, 57, 31, 56, 21, 22, 6, 64]",30.675219512195117
"[35, 19, 22, 61, 17, 32, 12, 22, 54, 30, 56, 21, 23, 6, 65]",30.42857317073175
"[35, 19, 22, 62, 18, 33, 12, 23, 57, 31, 56, 21, 23, 5, 64]",30.96892784552832
"[35, 19, 22, 62, 13, 31, 12, 24, 56, 31, 56, 20, 23, 6, 65]",30.741160569105723
"[38, 20, 24, 63, 18, 34, 13, 25, 57, 32, 56, 21, 23, 6, 65]",30.83866429539304
"[37, 20, 23, 63, 15, 33, 13, 23, 57, 33, 56, 20, 23, 6, 64]",31.82145426829263
"[38, 20, 25, 60, 16, 34, 12, 23, 56, 31, 56, 21, 22, 6, 64]",30.531332317073165
"[37, 19, 23, 62, 17, 33, 12, 24, 55, 29, 56, 20, 23, 5, 64]",31.180796747967335
"[38, 19, 22, 63, 15, 32, 12, 22, 50, 29, 57, 21, 23, 6, 65]",31.207201219512182
"[37, 19, 23, 63, 16, 32, 13, 22, 56, 32, 56, 20, 23, 6, 65]",30.280859756097602
"[38, 20, 23, 63, 17, 34, 13, 23, 57, 32, 56, 21, 23, 6, 64]",31.26865955284556
"[36, 19, 23, 61, 19, 33, 13, 25, 56, 32, 56, 21, 23, 6, 64]",30.55829607046078
"[38, 20, 23, 63, 21, 31, 12, 23, 57, 28, 56, 23, 23, 5, 65]",30.679598238482264
"[36, 16, 22, 58, 17, 31, 12, 22, 56, 31, 56, 20, 23, 5, 65]",31.14368563685639
"[35, 19, 23, 60, 17, 31, 12, 23, 57, 34, 56, 19, 23, 6, 65]",31.480646680216775
"[35, 20, 22, 61, 18, 32, 12, 22, 57, 31, 56, 21, 23, 6, 65]",31.61591463414638
"[35, 19, 23, 63, 18, 32, 13, 24, 57, 33, 56, 21, 23, 8, 64]",30.40819410569102
"[39, 20, 24, 63, 17, 32, 12, 22, 55, 25, 56, 22, 23, 6, 63]",31.195256775067687
"[36, 20, 24, 62, 19, 35, 13, 25, 57, 32, 56, 21, 23, 6, 63]",30.83161009485089
"[35, 19, 22, 60, 13, 33, 13, 24, 57, 31, 56, 20, 23, 6, 65]",31.335097899728847
"[37, 19, 22, 63, 18, 31, 12, 22, 55, 31, 56, 21, 22, 6, 65]",31.581360772357684
"[35, 19, 23, 62, 17, 31, 12, 22, 57, 29, 56, 21, 23, 6, 65]",30.525249661246654
"[35, 19, 24, 61, 15, 33, 12, 23, 57, 31, 56, 21, 23, 8, 63]",30.716227303523038
"[35, 19, 22, 58, 15, 31, 13, 24, 54, 31, 56, 20, 23, 6, 64]",31.45767716802166
"[39, 20, 24, 63, 18, 33, 14, 23, 57, 33, 56, 21, 23, 6, 65]",31.329197493224928
"[37, 20, 23, 62, 16, 33, 13, 25, 57, 30, 56, 21, 23, 6, 64]",32.111480352303445
"[39, 20, 22, 61, 17, 33, 14, 23, 57, 31, 56, 21, 23, 6, 64]",31.697002032520476
"[35, 20, 22, 63, 17, 32, 12, 22, 52, 30, 56, 22, 23, 5, 64]",31.268230013550014
"[36, 19, 22, 63, 16, 33, 13, 22, 52, 31, 57, 21, 22, 6, 65]",31.49889668021675
"[36, 19, 24, 61, 17, 33, 13, 22, 57, 31, 56, 23, 22, 6, 64]",30.57423136856372
"[38, 20, 22, 63, 17, 32, 13, 24, 57, 33, 56, 21, 23, 6, 64]",31.030716463414628
"[37, 19, 24, 62, 17, 33, 13, 23, 57, 32, 56, 20, 23, 6, 63]",30.875491531165345
"[37, 21, 23, 63, 21, 33, 12, 23, 51, 32, 56, 20, 23, 7, 65]",31.50143631436299
"[37, 17, 22, 61, 15, 32, 13, 23, 46, 32, 56, 22, 23, 5, 64]",32.051234078590916
"[35, 20, 24, 60, 16, 32, 13, 22, 53, 33, 56, 20, 23, 6, 64]",30.515907181571738
"[35, 18, 23, 62, 19, 33, 12, 23, 55, 32, 56, 20, 23, 6, 64]",30.77990345528465
"[37, 19, 22, 61, 17, 33, 13, 24, 57, 30, 56, 20, 23, 8, 63]",30.172731029810315
"[39, 20, 23, 63, 18, 31, 12, 22, 53, 28, 56, 21, 23, 6, 64]",31.238303861788484
"[35, 19, 24, 63, 18, 33, 13, 25, 57, 33, 56, 21, 23, 7, 64]",30.61592445799451
"[35, 18, 22, 61, 14, 34, 13, 25, 52, 31, 56, 22, 23, 7, 64]",32.394205623306284
"[37, 20, 23, 62, 18, 31, 13, 23, 57, 29, 56, 21, 22, 6, 64]",30.690701897018883
"[37, 19, 24, 60, 17, 31, 12, 24, 56, 28, 57, 21, 23, 6, 65]",31.449280487804856
"[35, 19, 24, 61, 13, 33, 13, 23, 57, 31, 56, 20, 23, 8, 63]",30.887888211382077
"[35, 19, 23, 58, 15, 32, 12, 24, 52, 32, 56, 21, 23, 6, 64]",30.79318462059625
"[38, 21, 24, 63, 19, 32, 13, 25, 57, 30, 56, 21, 23, 6, 65]",30.21547899728997
"[37, 21, 23, 62, 19, 33, 12, 23, 56, 28, 56, 20, 23, 6, 64]",30.63510535230346
"[36, 19, 22, 63, 17, 31, 13, 24, 57, 32, 56, 22, 23, 6, 64]",31.5564366531165
"[36, 20, 23, 62, 17, 31, 12, 23, 56, 30, 56, 21, 23, 6, 65]",30.512847899728953
"[37, 20, 23, 62, 17, 33, 12, 23, 54, 31, 56, 20, 23, 6, 64]",30.901799796747955
"[36, 20, 23, 55, 18, 34, 13, 24, 57, 31, 56, 23, 23, 5, 65]",31.938008468834752
"[37, 20, 24, 63, 17, 33, 13, 26, 56, 32, 56, 21, 23, 6, 64]",31.41189295392947
"[37, 20, 23, 63, 16, 33, 13, 23, 56, 31, 56, 20, 23, 6, 64]",31.751194444444444
"[37, 21, 22, 63, 17, 35, 12, 22, 52, 32, 56, 19, 23, 8, 65]",30.215670054200555
"[36, 19, 22, 62, 13, 31, 12, 23, 51, 31, 56, 21, 23, 6, 64]",30.693848915989136
"[36, 20, 23, 58, 14, 31, 14, 23, 53, 29, 56, 22, 23, 6, 63]",31.273340785907944
"[36, 17, 22, 63, 14, 33, 13, 24, 56, 34, 56, 20, 22, 6, 64]",30.323815040650327
"[36, 19, 22, 58, 17, 34, 13, 23, 57, 30, 56, 21, 23, 7, 63]",31.03302303523039
"[39, 20, 23, 63, 18, 31, 13, 23, 50, 32, 56, 20, 22, 6, 64]",30.978120257452595
"[37, 19, 23, 63, 18, 35, 13, 25, 57, 32, 56, 21, 23, 6, 63]",30.32689769647709
"[35, 18, 22, 55, 18, 33, 13, 22, 56, 31, 56, 22, 23, 7, 64]",30.82282283197823
"[37, 20, 23, 62, 19, 32, 12, 25, 54, 27, 56, 21, 23, 6, 64]",31.202068428184248
"[36, 20, 22, 62, 18, 33, 13, 25, 52, 31, 56, 21, 23, 6, 65]",31.780825880758734
"[35, 19, 23, 58, 14, 33, 13, 23, 56, 32, 56, 20, 23, 5, 65]",31.276190040650402
"[35, 19, 22, 60, 15, 31, 12, 23, 54, 33, 56, 20, 23, 6, 65]",30.62628929539298
"[38, 21, 23, 63, 18, 33, 13, 26, 57, 31, 56, 21, 23, 6, 65]",31.94887195121953
"[38, 21, 24, 63, 15, 32, 12, 23, 55, 32, 56, 21, 23, 6, 64]",30.452815718157193
"[35, 19, 22, 62, 17, 32, 12, 24, 57, 33, 56, 22, 23, 6, 65]",30.3231632791328
"[37, 19, 22, 62, 17, 32, 12, 24, 54, 30, 56, 20, 23, 6, 65]",31.275428523035274
"[37, 20, 24, 61, 18, 31, 12, 24, 56, 31, 56, 21, 23, 6, 65]",30.581659214092056
"[37, 20, 22, 57, 16, 35, 13, 24, 54, 31, 57, 23, 23, 5, 65]",31.180160907858994
"[37, 20, 22, 63, 17, 34, 13, 26, 57, 31, 57, 21, 23, 6, 64]",30.881502371273726
"[37, 20, 22, 63, 16, 32, 13, 22, 55, 31, 56, 22, 23, 6, 64]",31.39176287262872
"[38, 21, 24, 63, 16, 31, 12, 22, 57, 32, 57, 22, 23, 6, 65]",30.19847764227642
"[35, 18, 24, 60, 15, 31, 12, 22, 55, 29, 56, 21, 23, 6, 65]",31.271282181571827
"[35, 20, 22, 60, 14, 31, 12, 22, 57, 31, 56, 19, 23, 6, 65]",31.666060298103055
"[36, 18, 22, 63, 16, 32, 13, 24, 57, 31, 56, 20, 23, 6, 64]",30.585917344173392
"[36, 19, 23, 63, 17, 33, 13, 23, 56, 32, 56, 22, 23, 6, 63]",32.497840447154466
"[38, 20, 24, 63, 18, 31, 13, 22, 53, 32, 56, 21, 22, 6, 64]",31.37609518970186
"[36, 20, 22, 63, 17, 35, 13, 24, 57, 32, 56, 21, 23, 6, 63]",31.697556910569038
"[35, 19, 22, 55, 15, 31, 13, 23, 57, 32, 56, 21, 23, 7, 63]",30.73178760162594
"[36, 20, 24, 63, 20, 32, 12, 24, 56, 29, 56, 20, 23, 6, 64]",31.298226287262796
"[35, 20, 22, 62, 17, 34, 13, 22, 54, 32, 56, 21, 23, 7, 64]",31.100164972899783
"[35, 18, 22, 60, 16, 34, 13, 24, 56, 30, 56, 20, 22, 6, 64]",31.25835128726283
"[35, 19, 22, 62, 17, 31, 13, 22, 54, 31, 56, 20, 23, 6, 65]",30.669000338753374
"[38, 21, 23, 63, 17, 32, 14, 23, 57, 32, 56, 21, 23, 6, 64]",31.13978014905158
"[38, 21, 25, 65, 16, 34, 12, 25, 59, 35, 54, 20, 22, 6, 63]",31.27859518970197
"[37, 20, 23, 66, 19, 33, 12, 25, 60, 35, 53, 21, 22, 6, 63]",30.744584010840132
"[38, 19, 24, 66, 18, 34, 13, 26, 59, 33, 54, 19, 22, 6, 64]",30.499482723577167
"[38, 20, 25, 63, 19, 33, 12, 25, 61, 34, 54, 20, 22, 6, 63]",30.152364837398487
"[40, 21, 24, 62, 18, 36, 13, 26, 57, 33, 55, 22, 21, 5, 62]",31.548137533875284
"[38, 20, 23, 66, 18, 34, 13, 27, 59, 32, 55, 20, 22, 6, 62]",31.2750010162602
"[39, 20, 23, 66, 17, 34, 14, 23, 60, 34, 54, 21, 22, 6, 62]",30.93224220867201
"[38, 21, 24, 65, 17, 33, 12, 23, 62, 35, 55, 21, 21, 6, 62]",31.231377371273705
"[37, 19, 26, 66, 17, 34, 13, 24, 61, 33, 54, 20, 22, 6, 63]",31.601880081300862
"[38, 21, 24, 66, 16, 33, 12, 24, 62, 34, 55, 18, 22, 6, 64]",30.97878285907854
"[38, 19, 23, 67, 18, 33, 13, 26, 60, 33, 55, 19, 22, 6, 63]",31.10978048780485
"[37, 19, 25, 66, 18, 34, 13, 25, 59, 34, 54, 21, 22, 6, 62]",31.0906104336043
"[38, 20, 24, 64, 19, 33, 14, 25, 58, 35, 55, 20, 21, 6, 63]",31.16296002710015
"[38, 20, 23, 66, 18, 35, 13, 25, 59, 33, 55, 20, 22, 6, 62]",30.699701219512296
"[39, 21, 25, 63, 17, 32, 13, 25, 61, 34, 54, 20, 22, 7, 62]",30.38107960704607
"[36, 20, 24, 64, 21, 34, 12, 26, 61, 32, 55, 19, 22, 6, 63]",30.611451558265745
"[37, 21, 23, 66, 18, 36, 13, 23, 58, 35, 54, 20, 22, 7, 62]",31.091112466124592
"[38, 19, 24, 66, 18, 35, 13, 26, 59, 32, 56, 19, 21, 6, 63]",30.714185636856442
"[37, 20, 23, 66, 19, 33, 14, 24, 60, 34, 54, 19, 22, 6, 64]",30.46953861788602
"[38, 21, 23, 65, 18, 33, 14, 24, 60, 34, 54, 20, 22, 6, 63]",31.226038279132805
