"[46, 15, 25, 57, 20, 31, 12, 32, 56, 38, 57, 22, 23, 4, 61]",57.159140211640164
"[50, 16, 31, 58, 17, 31, 12, 28, 54, 38, 56, 23, 23, 5, 60]",53.07282763532762
"[47, 13, 32, 57, 13, 31, 12, 32, 49, 37, 64, 24, 20, 6, 55]",71.10522702991425
"[43, 12, 29, 55, 17, 35, 12, 32, 47, 38, 56, 24, 23, 5, 65]",59.047649699837365
"[47, 15, 32, 57, 19, 31, 13, 32, 51, 37, 56, 26, 20, 4, 60]",52.71659493284505
"[44, 13, 29, 56, 21, 31, 12, 31, 56, 38, 63, 23, 22, 5, 60]",67.40222514753773
"[46, 12, 28, 57, 18, 31, 12, 32, 52, 37, 56, 23, 22, 5, 65]",75.59415114977614
"[46, 13, 30, 58, 18, 32, 12, 32, 52, 37, 56, 23, 22, 5, 60]",48.03234343203086
"[48, 13, 26, 62, 18, 38, 16, 32, 54, 32, 56, 21, 22, 7, 49]",110.66264257733005
"[46, 16, 27, 58, 18, 34, 12, 25, 51, 37, 60, 20, 21, 3, 58]",55.60978021978039
"[47, 12, 27, 57, 18, 31, 18, 30, 50, 32, 56, 23, 23, 4, 59]",50.743514194139024
"[46, 13, 29, 59, 18, 34, 16, 32, 49, 33, 64, 22, 23, 6, 60]",70.41244136650394
"[49, 16, 30, 56, 16, 31, 15, 29, 53, 37, 60, 23, 19, 6, 56]",61.504742953805355
"[40, 12, 30, 57, 18, 31, 16, 32, 51, 38, 56, 22, 23, 6, 54]",71.6385999185998
"[46, 12, 31, 55, 17, 35, 13, 25, 52, 38, 56, 21, 23, 5, 61]",55.024875737688205
"[50, 16, 29, 57, 21, 31, 13, 31, 51, 27, 62, 23, 17, 4, 63]",60.749718025030546
"[46, 12, 31, 56, 18, 34, 13, 30, 50, 38, 60, 19, 18, 4, 59]",55.18628713878712
"[48, 13, 31, 63, 19, 31, 16, 31, 49, 38, 56, 22, 23, 4, 64]",79.42496489621483
"[47, 12, 31, 58, 18, 36, 12, 32, 53, 33, 56, 23, 17, 5, 60]",66.95200498575501
"[41, 12, 31, 63, 20, 31, 12, 29, 52, 38, 56, 26, 17, 4, 58]",74.11206565425307
"[50, 12, 23, 56, 19, 31, 12, 32, 57, 38, 56, 20, 23, 7, 63]",51.63589743589785
"[50, 14, 30, 55, 14, 31, 12, 32, 57, 38, 56, 24, 23, 5, 59]",47.49535688848203
"[49, 15, 32, 56, 13, 31, 12, 32, 48, 38, 56, 20, 23, 8, 63]",57.712188008750566
"[47, 12, 28, 56, 18, 31, 12, 32, 47, 38, 56, 23, 23, 5, 65]",53.173902243589616
"[48, 16, 32, 52, 19, 31, 12, 32, 57, 38, 56, 29, 23, 4, 61]",50.43460648148136
"[46, 18, 24, 60, 13, 31, 12, 32, 57, 38, 58, 20, 23, 8, 65]",49.657290140415185
"[44, 12, 29, 60, 18, 31, 12, 32, 54, 38, 56, 19, 22, 3, 65]",51.31806929181918
"[47, 14, 30, 57, 18, 31, 12, 28, 56, 38, 56, 22, 22, 5, 60]",49.33127060439555
"[48, 17, 32, 48, 19, 31, 12, 32, 57, 36, 56, 19, 23, 4, 62]",53.71451045482301
"[47, 13, 29, 58, 17, 31, 12, 29, 57, 38, 56, 19, 23, 6, 63]",54.57921092796095
"[50, 12, 28, 49, 19, 31, 12, 29, 52, 38, 56, 19, 23, 5, 60]",54.6633199786322
"[41, 13, 30, 63, 21, 31, 12, 32, 56, 36, 58, 21, 23, 8, 61]",62.96274292836812
"[50, 15, 29, 53, 17, 31, 13, 28, 54, 38, 56, 20, 23, 4, 62]",52.68600592694351
"[50, 12, 30, 53, 13, 31, 12, 32, 53, 38, 56, 19, 23, 6, 62]",50.68227894790398
"[48, 12, 31, 57, 18, 31, 13, 25, 54, 38, 56, 22, 23, 5, 65]",51.194924959299954
"[50, 15, 31, 57, 14, 31, 12, 23, 57, 38, 56, 19, 17, 4, 65]",60.5988579822954
"[47, 12, 32, 58, 14, 31, 12, 26, 57, 38, 57, 19, 19, 6, 64]",51.18245968152204
"[44, 14, 32, 63, 19, 31, 12, 32, 53, 38, 56, 20, 23, 6, 65]",51.225774827024544
"[50, 12, 28, 60, 18, 31, 12, 32, 57, 38, 56, 24, 23, 6, 55]",54.11949595543359
"[43, 12, 32, 56, 22, 31, 12, 31, 53, 38, 56, 20, 23, 4, 61]",58.77340099715091
"[47, 12, 26, 57, 18, 31, 12, 32, 57, 38, 56, 19, 22, 8, 64]",47.2243117877492
"[50, 12, 30, 62, 16, 31, 12, 32, 57, 38, 56, 22, 23, 6, 65]",48.86540305759047
"[41, 15, 32, 62, 16, 31, 12, 32, 49, 38, 56, 19, 23, 8, 65]",49.29432692307694
"[44, 12, 26, 57, 19, 31, 12, 32, 49, 38, 56, 19, 23, 5, 65]",48.985118030117995
"[47, 14, 32, 63, 19, 31, 12, 32, 57, 38, 56, 23, 23, 5, 65]",52.296125483312956
"[49, 16, 31, 62, 13, 31, 12, 32, 57, 38, 56, 19, 23, 8, 65]",50.08513240232028
"[38, 12, 31, 62, 18, 31, 12, 32, 55, 38, 56, 19, 23, 5, 65]",47.78274445461945
"[48, 15, 30, 63, 18, 31, 12, 27, 55, 38, 56, 19, 23, 6, 65]",47.674992623117696
"[39, 18, 32, 59, 20, 31, 12, 32, 57, 38, 56, 19, 23, 4, 65]",51.77579873829871
"[46, 12, 31, 59, 18, 31, 12, 32, 54, 38, 56, 19, 23, 8, 65]",47.690929359991785
"[43, 12, 29, 59, 17, 31, 12, 30, 50, 37, 56, 19, 23, 6, 60]",51.42749058811569
"[37, 13, 31, 63, 22, 31, 12, 32, 57, 38, 56, 20, 23, 7, 64]",49.43195105820115
"[46, 14, 29, 54, 19, 31, 12, 31, 54, 38, 56, 19, 23, 4, 65]",47.479485144485224
"[50, 12, 27, 48, 16, 31, 12, 32, 54, 38, 56, 19, 23, 6, 65]",53.220047440984956
"[41, 12, 30, 62, 18, 31, 12, 28, 55, 38, 56, 21, 22, 5, 65]",50.157224893162336
"[47, 13, 32, 63, 13, 31, 12, 24, 54, 38, 56, 19, 21, 6, 65]",55.764412647537455
"[42, 12, 32, 62, 13, 31, 12, 32, 57, 38, 56, 19, 23, 7, 65]",50.62797123015873
"[41, 15, 32, 63, 19, 31, 12, 32, 56, 38, 56, 19, 23, 8, 65]",46.68424679487183
"[42, 12, 28, 63, 18, 31, 12, 32, 57, 38, 56, 19, 23, 6, 58]",61.1715811965811
"[46, 12, 32, 58, 23, 31, 12, 32, 54, 38, 56, 19, 23, 7, 65]",52.19508763227493
"[40, 12, 31, 59, 16, 31, 12, 32, 57, 38, 56, 21, 22, 8, 65]",49.87973850223868
"[50, 12, 31, 61, 20, 31, 12, 32, 57, 38, 56, 20, 23, 6, 65]",49.60865600834358
"[35, 12, 32, 63, 22, 31, 12, 32, 55, 36, 56, 23, 23, 7, 65]",46.48039669820907
"[40, 12, 28, 57, 18, 31, 12, 32, 53, 38, 56, 19, 23, 5, 65]",52.65491325803815
"[44, 13, 32, 63, 18, 31, 12, 32, 57, 38, 56, 19, 23, 5, 65]",45.060232753357724
"[45, 13, 32, 60, 13, 31, 12, 32, 57, 38, 56, 26, 23, 8, 65]",51.18016369047629
"[38, 12, 32, 59, 16, 31, 12, 32, 57, 38, 56, 20, 23, 7, 65]",48.45305046805029
"[47, 16, 32, 63, 18, 31, 12, 30, 54, 35, 56, 19, 23, 6, 65]",48.02303952991444
"[40, 12, 32, 63, 20, 31, 12, 32, 57, 38, 56, 19, 22, 5, 65]",47.046849308099276
"[42, 12, 32, 61, 18, 31, 12, 32, 55, 38, 56, 19, 23, 8, 65]",52.3551757733009
"[36, 12, 30, 63, 16, 31, 12, 31, 55, 36, 56, 19, 23, 6, 62]",49.99299704924693
"[45, 13, 31, 63, 22, 31, 12, 32, 57, 38, 56, 21, 23, 5, 65]",48.97022270553514
"[41, 12, 30, 63, 18, 31, 12, 32, 56, 38, 56, 19, 23, 4, 65]",49.22294210419194
"[45, 12, 26, 48, 16, 31, 12, 32, 57, 38, 56, 23, 23, 5, 65]",54.27877899877897
"[40, 12, 30, 63, 19, 31, 12, 30, 55, 38, 56, 23, 22, 5, 65]",47.7324654049656
"[45, 12, 32, 63, 19, 31, 12, 31, 51, 38, 56, 19, 23, 6, 65]",57.09868373524609
"[38, 12, 31, 63, 15, 31, 12, 32, 57, 38, 56, 19, 23, 6, 65]",52.67121349715113
"[47, 15, 32, 63, 19, 31, 12, 32, 57, 38, 56, 22, 23, 6, 65]",45.16956450956462
"[37, 13, 31, 63, 19, 31, 12, 32, 57, 38, 56, 19, 23, 6, 62]",49.14205090048839
"[48, 12, 31, 60, 21, 31, 12, 32, 56, 38, 56, 19, 23, 6, 65]",53.963252696377474
"[43, 12, 32, 59, 16, 31, 12, 32, 57, 38, 56, 24, 23, 7, 65]",48.05180619149374
"[50, 12, 31, 60, 21, 31, 12, 32, 57, 38, 56, 23, 23, 4, 65]",55.28889003357757
"[44, 12, 30, 63, 23, 31, 12, 32, 57, 35, 56, 28, 23, 5, 65]",47.669188797313744
"[39, 12, 28, 53, 15, 31, 12, 31, 54, 38, 56, 24, 23, 5, 65]",52.06411922568187
"[43, 13, 32, 63, 18, 31, 12, 32, 57, 38, 56, 19, 23, 5, 65]",50.39871654965405
"[42, 12, 32, 60, 13, 31, 12, 32, 57, 38, 56, 29, 23, 4, 65]",49.27675735144496
"[46, 12, 28, 52, 14, 31, 12, 32, 57, 38, 56, 26, 23, 7, 65]",47.061069520756874
"[46, 17, 32, 63, 19, 31, 12, 32, 54, 34, 56, 21, 23, 6, 65]",47.395655779405686
"[50, 12, 32, 63, 19, 31, 12, 32, 57, 38, 56, 19, 22, 5, 65]",48.42367559523828
"[41, 15, 31, 62, 18, 31, 12, 32, 56, 38, 56, 19, 23, 6, 65]",53.25875992063505
"[42, 12, 30, 63, 17, 31, 12, 32, 57, 34, 56, 24, 22, 5, 64]",47.50038105413121
"[50, 14, 31, 63, 17, 31, 12, 32, 57, 38, 56, 26, 23, 3, 65]",49.27047021265775
"[40, 12, 30, 61, 15, 31, 12, 32, 57, 38, 56, 20, 23, 5, 65]",52.64789390008134
"[41, 12, 26, 50, 16, 31, 12, 32, 57, 38, 56, 27, 23, 4, 65]",47.94956667175435
"[39, 12, 30, 59, 17, 31, 12, 32, 55, 36, 56, 25, 22, 5, 65]",48.31861429080203
"[43, 14, 31, 63, 23, 31, 12, 32, 52, 38, 56, 20, 23, 4, 64]",51.20066086691077
"[40, 12, 29, 60, 17, 31, 12, 32, 57, 38, 56, 24, 23, 5, 64]",49.83262070105811
"[50, 15, 32, 63, 19, 31, 12, 32, 57, 38, 56, 27, 23, 4, 65]",45.97654532967031
"[42, 13, 32, 62, 19, 31, 12, 32, 57, 38, 56, 19, 23, 6, 64]",45.72578156796908
"[48, 12, 31, 63, 15, 31, 12, 32, 57, 38, 56, 19, 23, 4, 65]",47.01930212148966
"[46, 12, 30, 57, 16, 31, 12, 32, 57, 38, 56, 26, 23, 3, 65]",46.65526594932834
"[50, 16, 31, 62, 20, 31, 12, 32, 57, 38, 56, 27, 23, 3, 65]",48.24721624440373
"[45, 13, 31, 61, 15, 31, 12, 32, 57, 36, 56, 28, 23, 5, 65]",51.74123702686213
"[42, 12, 28, 52, 14, 31, 12, 30, 57, 38, 56, 27, 23, 5, 65]",48.25390873015884
"[45, 14, 32, 63, 18, 31, 12, 32, 57, 38, 56, 19, 23, 5, 65]",48.81534709503443
"[41, 12, 32, 56, 15, 31, 12, 32, 57, 38, 56, 28, 23, 1, 65]",49.32340964590959
"[50, 12, 24, 50, 13, 31, 12, 32, 57, 38, 56, 29, 23, 5, 65]",47.2820391992266
"[45, 15, 32, 63, 20, 31, 12, 32, 53, 33, 56, 26, 23, 5, 65]",46.96170393264148
"[50, 13, 32, 63, 18, 31, 12, 32, 57, 38, 56, 24, 23, 5, 65]",53.44754731379709
"[42, 16, 30, 61, 18, 31, 12, 32, 56, 38, 56, 20, 23, 4, 65]",46.02685732091989
"[50, 12, 28, 63, 18, 31, 12, 32, 57, 31, 56, 26, 22, 4, 65]",52.15088051994308
"[50, 15, 32, 63, 16, 31, 12, 32, 57, 38, 56, 25, 23, 4, 65]",52.21753510378515
"[44, 15, 27, 48, 15, 31, 12, 32, 57, 38, 56, 23, 23, 6, 65]",52.83866631054117
"[35, 12, 26, 56, 17, 31, 12, 32, 57, 38, 56, 26, 23, 4, 65]",45.5586651658526
"[42, 13, 30, 54, 16, 31, 12, 32, 56, 36, 56, 25, 23, 5, 65]",49.19010531135541
"[42, 15, 30, 63, 23, 31, 12, 32, 57, 38, 56, 22, 23, 3, 64]",49.208571937322056
"[48, 12, 26, 53, 18, 31, 12, 32, 57, 38, 56, 28, 23, 4, 65]",50.21393683862428
"[50, 15, 32, 63, 20, 31, 12, 32, 57, 38, 56, 29, 23, 3, 65]",51.2438773148148
"[49, 14, 32, 59, 17, 31, 12, 32, 57, 38, 56, 19, 23, 5, 65]",47.593246845746975
"[47, 13, 32, 63, 15, 31, 12, 32, 57, 38, 56, 19, 23, 4, 65]",55.67668192918198
"[47, 13, 29, 56, 17, 31, 12, 32, 57, 38, 56, 27, 23, 2, 65]",50.95273923992683
"[50, 17, 32, 63, 13, 31, 12, 32, 57, 38, 56, 27, 23, 6, 63]",49.89108796296304
"[39, 15, 32, 62, 13, 31, 12, 32, 57, 38, 56, 21, 23, 6, 65]",47.830679817867335
"[39, 12, 22, 48, 13, 31, 12, 29, 57, 38, 56, 26, 23, 5, 65]",50.70503484940994
"[49, 14, 30, 63, 18, 31, 12, 32, 57, 38, 56, 21, 23, 5, 65]",47.332742419617354
"[43, 14, 29, 53, 19, 31, 12, 32, 57, 38, 56, 23, 23, 2, 65]",57.68807857651605
"[38, 12, 26, 50, 13, 31, 13, 32, 57, 38, 56, 28, 23, 4, 65]",48.987590811965696
"[50, 14, 32, 63, 21, 31, 12, 32, 52, 34, 56, 29, 23, 5, 65]",47.433125508750514
"[44, 15, 32, 63, 21, 31, 12, 32, 57, 38, 56, 27, 23, 5, 65]",51.48069482600727
"[48, 15, 29, 59, 18, 31, 12, 32, 57, 37, 56, 21, 23, 3, 65]",47.462897079772226
"[48, 12, 27, 63, 18, 31, 12, 31, 57, 34, 56, 23, 23, 5, 65]",51.439655703093244
"[50, 14, 32, 63, 23, 31, 12, 32, 57, 38, 56, 21, 23, 5, 65]",51.74854510073244
"[48, 14, 24, 48, 18, 31, 12, 32, 57, 38, 56, 25, 23, 5, 65]",48.86356252543748
"[35, 12, 24, 57, 14, 31, 12, 32, 57, 38, 56, 25, 23, 4, 65]",46.5309676434677
"[44, 13, 30, 53, 17, 31, 12, 31, 56, 38, 56, 23, 23, 5, 65]",49.61503421347188
"[44, 15, 30, 63, 19, 31, 12, 32, 57, 37, 56, 24, 23, 3, 63]",46.71127378408633
"[50, 12, 27, 50, 17, 31, 12, 32, 57, 38, 56, 26, 23, 4, 65]",50.08490931522182
"[50, 16, 32, 63, 19, 31, 12, 32, 57, 38, 56, 19, 23, 3, 65]",53.27682488807472
"[47, 14, 30, 63, 17, 31, 12, 32, 57, 38, 56, 26, 23, 5, 64]",48.1660770248269
"[45, 14, 30, 63, 16, 31, 12, 32, 57, 38, 56, 23, 23, 5, 65]",47.34936762311754
"[41, 13, 29, 56, 18, 31, 12, 32, 57, 38, 56, 23, 23, 7, 65]",52.18832443019928
"[50, 16, 32, 61, 15, 31, 12, 32, 57, 38, 56, 22, 23, 7, 65]",53.176350986975976
"[35, 15, 32, 60, 22, 31, 12, 32, 57, 38, 56, 20, 23, 7, 65]",49.873185668498174
"[35, 12, 22, 48, 15, 31, 12, 32, 57, 38, 56, 23, 23, 5, 65]",50.32892475579961
"[48, 13, 32, 63, 18, 31, 12, 32, 57, 38, 56, 25, 23, 5, 64]",47.37155563186837
"[43, 14, 26, 58, 21, 31, 12, 32, 57, 38, 56, 19, 23, 8, 65]",53.07844347781849
"[35, 12, 30, 53, 16, 31, 13, 32, 57, 38, 56, 26, 23, 5, 65]",50.92388888888876
"[50, 15, 32, 63, 22, 31, 12, 30, 51, 35, 56, 29, 23, 5, 65]",49.50752798127795
"[42, 14, 32, 63, 20, 31, 12, 32, 57, 38, 56, 25, 23, 5, 65]",48.00524420024409
"[49, 14, 29, 59, 18, 31, 12, 32, 57, 37, 56, 22, 23, 4, 65]",47.264892526455036
"[39, 12, 32, 63, 17, 31, 12, 30, 56, 38, 56, 21, 23, 6, 65]",50.485251449939106
"[49, 14, 32, 63, 22, 31, 12, 32, 57, 38, 56, 20, 23, 6, 65]",52.22759017602753
"[35, 12, 25, 50, 18, 31, 12, 32, 57, 38, 56, 24, 23, 4, 65]",49.52503484940984
"[35, 12, 23, 48, 13, 31, 12, 32, 57, 38, 56, 22, 23, 6, 65]",50.36158831908842
"[39, 13, 26, 58, 18, 31, 12, 30, 56, 38, 56, 23, 23, 5, 65]",50.29292773199023
"[46, 15, 32, 63, 15, 31, 12, 32, 57, 37, 56, 24, 23, 5, 63]",47.392504197191585
"[47, 12, 28, 59, 15, 31, 12, 32, 57, 38, 56, 21, 23, 5, 65]",53.70348659442406
"[50, 15, 32, 63, 18, 31, 12, 32, 57, 38, 56, 19, 23, 8, 65]",48.10534671347184
"[43, 13, 29, 63, 18, 31, 12, 32, 57, 38, 56, 27, 23, 5, 63]",45.923276862026846
"[45, 15, 30, 63, 19, 31, 12, 32, 57, 38, 56, 25, 23, 5, 65]",49.234147206959726
"[38, 13, 31, 57, 18, 31, 12, 32, 57, 38, 56, 23, 23, 7, 65]",47.49351317663822
"[50, 14, 32, 61, 22, 31, 12, 32, 57, 38, 56, 19, 23, 4, 65]",49.876700244200315
"[46, 12, 30, 56, 23, 31, 12, 32, 57, 38, 56, 20, 23, 6, 65]",45.95337555962565
"[35, 12, 22, 49, 16, 31, 12, 32, 57, 38, 56, 21, 23, 5, 65]",45.68518518518505
"[46, 14, 32, 63, 18, 31, 12, 32, 57, 38, 56, 26, 23, 5, 63]",52.36394090862859
"[43, 12, 26, 62, 20, 31, 12, 32, 57, 38, 56, 21, 23, 8, 65]",47.02849053724065
"[35, 12, 28, 50, 16, 31, 12, 32, 57, 38, 56, 24, 23, 7, 65]",52.07130748880778
"[50, 17, 32, 63, 22, 31, 12, 29, 54, 34, 56, 27, 23, 5, 65]",47.23630367317868
"[44, 13, 32, 63, 19, 31, 12, 32, 57, 38, 56, 21, 23, 5, 65]",49.338567612942875
"[44, 14, 31, 61, 18, 31, 12, 32, 57, 38, 56, 25, 23, 7, 65]",48.06980006105008
"[42, 13, 32, 61, 17, 31, 12, 31, 55, 38, 56, 21, 23, 6, 65]",53.814797135734594
"[48, 14, 32, 63, 16, 31, 12, 32, 57, 38, 56, 22, 23, 5, 65]",48.03822115384626
"[35, 12, 29, 58, 15, 31, 12, 32, 57, 38, 56, 22, 23, 3, 65]",45.861172669922595
"[39, 12, 22, 48, 13, 31, 12, 32, 57, 38, 56, 22, 23, 5, 65]",45.710588369963226
"[38, 13, 27, 59, 17, 31, 12, 31, 56, 38, 56, 24, 23, 5, 65]",48.102015415140286
"[48, 14, 32, 63, 17, 31, 12, 32, 57, 37, 56, 24, 23, 7, 65]",48.96783412189682
"[38, 14, 30, 63, 15, 31, 12, 32, 57, 38, 56, 21, 23, 6, 65]",48.8211102207975
"[50, 14, 32, 63, 17, 31, 12, 32, 57, 38, 56, 19, 23, 8, 65]",46.57040750915742
"[43, 12, 31, 63, 19, 31, 12, 32, 57, 38, 56, 26, 23, 5, 63]",52.15371375152613
"[44, 14, 30, 62, 20, 31, 12, 32, 57, 38, 56, 25, 23, 5, 64]",46.52670571326823
"[45, 12, 28, 56, 17, 31, 12, 32, 57, 38, 56, 26, 23, 1, 65]",48.33331476393965
"[50, 13, 32, 59, 19, 31, 12, 32, 57, 38, 56, 25, 23, 3, 65]",51.44496464183978
"[50, 12, 28, 57, 23, 31, 12, 32, 57, 38, 56, 25, 23, 4, 65]",50.20189954721206
"[35, 12, 23, 48, 13, 31, 12, 32, 57, 38, 56, 23, 23, 5, 65]",47.226627747252685
"[46, 15, 32, 63, 18, 31, 13, 32, 57, 38, 56, 25, 23, 5, 65]",47.887287469474934
"[45, 12, 32, 60, 14, 31, 12, 32, 57, 38, 56, 23, 23, 7, 65]",47.905253103378335
"[35, 12, 26, 51, 15, 31, 12, 32, 57, 38, 56, 22, 23, 8, 65]",46.377305657305556
"[48, 17, 32, 63, 20, 31, 12, 29, 56, 35, 56, 24, 23, 5, 65]",46.88788741351241
"[45, 12, 32, 63, 17, 31, 12, 32, 57, 38, 56, 20, 23, 5, 65]",47.336144815832085
"[41, 15, 31, 63, 18, 31, 12, 32, 56, 37, 56, 23, 23, 5, 63]",48.305864494301844
"[47, 13, 32, 56, 17, 31, 12, 32, 55, 37, 56, 22, 23, 5, 65]",48.84898288054548
"[47, 14, 32, 63, 15, 31, 12, 32, 57, 38, 56, 25, 23, 5, 65]",45.82503573972342
"[35, 12, 29, 54, 13, 31, 12, 32, 57, 38, 56, 22, 23, 6, 65]",47.89096624440382
"[42, 12, 26, 48, 15, 31, 12, 32, 57, 38, 56, 22, 23, 4, 65]",45.33979357448112
"[41, 13, 30, 53, 14, 31, 12, 32, 56, 38, 56, 24, 23, 5, 65]",46.34357409951129
"[47, 13, 32, 63, 21, 31, 12, 32, 57, 37, 56, 23, 23, 7, 65]",45.23275806369554
"[35, 14, 31, 63, 16, 31, 12, 32, 57, 38, 56, 24, 23, 5, 65]",48.907048229548245
"[50, 15, 32, 63, 19, 31, 12, 32, 57, 38, 56, 25, 23, 3, 65]",48.22141737891722
"[44, 15, 31, 59, 19, 31, 12, 32, 57, 38, 56, 19, 23, 5, 65]",54.421352386039835
"[48, 13, 32, 61, 17, 31, 12, 32, 57, 38, 56, 25, 23, 5, 65]",48.775730692918096
"[47, 12, 25, 55, 14, 31, 12, 32, 57, 38, 56, 26, 23, 2, 65]",49.39672212047209
"[50, 14, 32, 63, 13, 31, 12, 32, 57, 38, 56, 29, 23, 5, 60]",54.05990028490023
"[50, 12, 27, 61, 23, 31, 12, 32, 57, 38, 56, 26, 23, 5, 65]",53.707290267602964
"[35, 12, 23, 48, 13, 31, 12, 32, 57, 38, 56, 24, 23, 5, 65]",47.25640262515264
"[48, 14, 32, 63, 18, 31, 14, 32, 57, 38, 56, 20, 23, 5, 65]",47.89645896927148
"[44, 12, 32, 57, 15, 31, 12, 32, 57, 38, 56, 25, 23, 6, 65]",49.49173598392338
"[36, 12, 23, 52, 14, 31, 12, 32, 57, 38, 56, 22, 23, 4, 65]",45.87009246540493
"[48, 16, 32, 63, 19, 31, 12, 29, 56, 36, 57, 22, 23, 5, 65]",47.47811100936082
"[45, 14, 32, 63, 17, 31, 12, 32, 57, 38, 56, 22, 23, 5, 65]",52.64503268722007
"[47, 16, 29, 61, 18, 31, 12, 32, 56, 37, 56, 21, 23, 3, 65]",47.97705636955639
"[45, 13, 28, 56, 17, 31, 12, 32, 57, 36, 56, 25, 23, 5, 65]",50.73230896418401
"[46, 14, 32, 63, 18, 31, 12, 32, 57, 38, 56, 27, 23, 5, 65]",50.716466727716515
"[35, 12, 25, 50, 13, 32, 12, 32, 57, 38, 56, 24, 23, 6, 65]",46.37739608770879
"[39, 12, 27, 48, 14, 31, 12, 32, 57, 38, 56, 23, 23, 4, 65]",47.134445843508516
"[43, 12, 32, 48, 13, 31, 12, 32, 56, 38, 56, 24, 23, 5, 65]",53.8282384513632
"[48, 14, 32, 63, 23, 31, 12, 32, 57, 37, 56, 24, 23, 4, 65]",50.88646189458675
"[35, 13, 29, 57, 19, 31, 12, 32, 57, 38, 56, 25, 23, 4, 65]",45.263283857346345
"[48, 16, 32, 63, 22, 31, 12, 32, 57, 38, 56, 29, 23, 2, 65]",48.64299832112337
"[46, 15, 29, 63, 18, 31, 12, 32, 57, 38, 56, 20, 23, 5, 65]",48.15519993894986
"[48, 15, 31, 63, 16, 31, 12, 32, 57, 38, 56, 25, 23, 5, 65]",49.16894001831491
"[40, 12, 26, 55, 16, 31, 12, 32, 57, 38, 56, 24, 23, 7, 65]",51.090204644892324
"[49, 15, 32, 63, 13, 31, 12, 32, 57, 38, 56, 25, 23, 7, 58]",53.55333816646331
"[46, 13, 31, 63, 16, 31, 12, 32, 57, 38, 56, 23, 23, 6, 65]",51.45949010480269
"[35, 12, 25, 48, 13, 31, 12, 32, 57, 38, 56, 24, 23, 5, 65]",46.665493869556386
"[49, 13, 32, 63, 20, 31, 12, 32, 57, 38, 56, 19, 23, 5, 65]",49.61772041615793
"[41, 14, 26, 59, 17, 31, 12, 32, 57, 38, 56, 24, 23, 4, 65]",51.75729471916993
"[35, 12, 22, 48, 13, 31, 12, 32, 57, 38, 56, 25, 23, 1, 65]",48.43248715404956
"[50, 14, 32, 63, 19, 31, 12, 31, 56, 37, 58, 21, 23, 5, 65]",49.879084503459225
"[43, 15, 31, 63, 19, 31, 12, 32, 57, 38, 56, 24, 23, 5, 65]",47.926066086691264
"[50, 13, 30, 58, 18, 31, 12, 32, 56, 37, 56, 21, 23, 2, 65]",45.50204339641832
"[40, 13, 28, 63, 17, 31, 12, 32, 57, 36, 56, 25, 23, 5, 65]",49.101775539275444
"[48, 14, 32, 63, 19, 31, 12, 32, 57, 38, 56, 26, 23, 5, 65]",47.50819838726068
"[35, 12, 22, 48, 16, 32, 12, 32, 57, 38, 56, 25, 23, 3, 65]",49.03371311558845
"[35, 12, 25, 48, 14, 31, 12, 32, 57, 38, 56, 24, 23, 4, 65]",48.07631295787553
"[36, 12, 27, 50, 17, 31, 12, 32, 57, 37, 56, 23, 23, 5, 65]",50.13559116809103
"[49, 15, 32, 63, 22, 31, 12, 32, 57, 37, 56, 24, 23, 4, 65]",48.44251869658131
"[35, 12, 26, 51, 23, 31, 12, 32, 57, 38, 56, 25, 23, 3, 65]",49.58817701973955
"[50, 16, 32, 63, 23, 31, 13, 32, 57, 38, 56, 27, 23, 3, 65]",46.92460927960951
"[44, 14, 30, 63, 18, 31, 12, 32, 57, 38, 56, 21, 23, 5, 65]",46.80242915649173
"[45, 15, 30, 62, 22, 31, 12, 32, 57, 38, 56, 25, 23, 5, 65]",47.45934422059424
"[36, 12, 29, 53, 16, 31, 12, 32, 57, 38, 56, 23, 23, 8, 65]",49.997333511395965
"[48, 15, 32, 63, 15, 31, 12, 32, 57, 38, 56, 19, 23, 6, 61]",57.521471179283786
"[44, 15, 32, 60, 17, 31, 12, 32, 57, 38, 56, 20, 23, 6, 65]",48.77896850834356
"[35, 12, 22, 48, 13, 31, 12, 32, 57, 38, 56, 22, 23, 5, 65]",46.4745543345543
"[47, 13, 32, 63, 20, 31, 12, 32, 57, 38, 56, 24, 23, 5, 65]",46.461847527472514
"[41, 15, 23, 57, 20, 31, 12, 32, 57, 38, 56, 21, 23, 4, 65]",47.35220034595039
"[37, 12, 23, 48, 14, 31, 12, 32, 57, 38, 56, 27, 23, 1, 65]",48.33147715710218
"[50, 15, 32, 63, 21, 31, 12, 31, 56, 36, 58, 24, 23, 5, 65]",54.587163079975426
"[46, 13, 31, 63, 19, 31, 12, 32, 57, 38, 56, 23, 23, 5, 65]",47.447050646113254
"[47, 12, 32, 60, 18, 31, 12, 32, 56, 37, 56, 23, 23, 2, 65]",56.014004884004706
"[38, 13, 29, 63, 17, 31, 12, 31, 57, 36, 56, 24, 23, 5, 65]",45.351786477411615
"[50, 14, 32, 63, 18, 31, 12, 32, 57, 38, 56, 25, 23, 5, 65]",49.235516763329386
"[35, 12, 23, 48, 17, 32, 12, 32, 57, 38, 56, 25, 23, 1, 65]",45.522589667277074
"[35, 12, 23, 48, 14, 31, 12, 32, 57, 38, 56, 23, 23, 6, 65]",45.82131690069188
"[35, 12, 22, 52, 18, 31, 12, 32, 57, 36, 56, 22, 23, 5, 65]",48.37586614774123
"[49, 15, 32, 63, 20, 31, 12, 32, 57, 37, 56, 23, 23, 6, 65]",48.32715150590171
"[38, 12, 25, 50, 13, 31, 12, 32, 57, 38, 56, 22, 23, 4, 65]",49.75077660765197
"[50, 15, 32, 63, 18, 32, 13, 32, 57, 38, 56, 19, 23, 8, 65]",48.58493080993061
"[43, 13, 32, 63, 18, 31, 12, 32, 57, 38, 56, 23, 23, 5, 65]",52.10188301282047
"[43, 15, 31, 62, 23, 31, 12, 32, 57, 38, 56, 26, 23, 5, 65]",47.290341625966434
"[43, 12, 22, 50, 18, 31, 12, 32, 57, 38, 57, 25, 23, 2, 65]",49.651477284289896
"[46, 16, 22, 60, 18, 31, 12, 32, 57, 38, 56, 19, 23, 3, 65]",49.66408005189253
"[46, 16, 32, 59, 23, 31, 12, 32, 57, 38, 57, 19, 23, 2, 65]",47.08925925925944
"[35, 12, 22, 48, 19, 31, 12, 32, 57, 38, 56, 19, 23, 4, 65]",48.53813059625565
"[44, 16, 32, 63, 21, 31, 12, 32, 57, 38, 56, 22, 23, 5, 65]",49.67212288868522
"[41, 16, 22, 55, 23, 31, 12, 32, 57, 38, 56, 19, 23, 4, 65]",43.431405804843266
"[35, 12, 22, 48, 17, 31, 12, 32, 57, 38, 56, 19, 23, 6, 65]",48.503869429181705
"[49, 21, 32, 63, 23, 31, 12, 29, 56, 36, 58, 27, 23, 5, 65]",49.3563130850631
"[46, 13, 22, 63, 23, 31, 12, 32, 57, 38, 56, 19, 23, 4, 65]",52.3812437678064
"[47, 20, 29, 62, 19, 31, 12, 32, 56, 37, 56, 21, 23, 3, 65]",53.25646164021156
"[37, 13, 22, 63, 23, 31, 12, 30, 57, 38, 56, 19, 23, 3, 65]",46.81385187728943
"[49, 17, 29, 63, 23, 31, 12, 32, 57, 38, 56, 20, 23, 4, 65]",49.208038512413395
"[35, 12, 22, 48, 16, 32, 12, 32, 57, 38, 56, 19, 23, 4, 65]",48.491553978428996
"[35, 12, 22, 48, 14, 31, 12, 32, 57, 38, 56, 21, 23, 5, 65]",45.65333409645904
"[36, 13, 22, 53, 15, 31, 13, 32, 57, 37, 56, 22, 23, 4, 65]",46.52351966320723
"[47, 17, 28, 63, 22, 31, 12, 32, 57, 37, 56, 22, 23, 7, 65]",46.652839718152094
"[35, 12, 22, 50, 13, 31, 12, 32, 57, 38, 56, 22, 23, 5, 65]",48.41833142551885
"[50, 18, 32, 63, 23, 34, 13, 32, 57, 38, 56, 19, 23, 7, 65]",46.69077648046414
"[46, 13, 32, 62, 19, 31, 12, 32, 57, 38, 56, 24, 23, 4, 65]",47.712783374033314
"[44, 15, 31, 63, 23, 31, 12, 32, 57, 38, 56, 25, 23, 4, 65]",49.4567681623933
"[42, 13, 22, 53, 17, 31, 13, 32, 57, 38, 60, 26, 23, 1, 65]",49.52849384411869
"[44, 17, 22, 60, 23, 31, 12, 32, 57, 38, 56, 19, 23, 3, 65]",44.77767780830281
"[46, 15, 29, 63, 23, 31, 12, 32, 57, 38, 58, 21, 23, 1, 65]",48.01271978021977
"[35, 12, 22, 48, 15, 31, 13, 32, 57, 38, 56, 19, 23, 3, 65]",46.7313202075703
"[45, 17, 32, 63, 23, 31, 12, 32, 57, 38, 56, 19, 23, 4, 65]",47.10611314611321
"[40, 16, 22, 52, 23, 31, 12, 32, 57, 38, 56, 19, 23, 4, 65]",46.14677274114765
"[35, 12, 22, 48, 17, 31, 12, 32, 57, 38, 57, 19, 23, 5, 65]",46.68251717032975
"[50, 20, 32, 63, 23, 31, 12, 29, 56, 37, 59, 22, 23, 5, 65]",48.4757495166871
"[46, 17, 22, 63, 23, 31, 12, 32, 57, 38, 56, 19, 23, 4, 65]",45.09809053215296
"[47, 20, 22, 63, 19, 31, 12, 32, 56, 37, 56, 20, 23, 5, 65]",45.58841091778583
"[38, 17, 22, 63, 23, 31, 12, 31, 57, 38, 56, 19, 23, 3, 65]",45.56065908628407
"[47, 18, 27, 63, 23, 32, 12, 32, 57, 38, 56, 22, 23, 3, 65]",46.534142755392836
"[35, 12, 22, 48, 17, 32, 12, 32, 57, 38, 56, 19, 23, 4, 65]",46.76173967236463
"[35, 12, 22, 48, 16, 31, 12, 32, 57, 38, 56, 20, 23, 2, 65]",45.49622367216102
"[38, 14, 22, 54, 13, 31, 13, 32, 57, 37, 56, 21, 23, 3, 65]",44.7499745624746
"[47, 18, 27, 63, 23, 31, 12, 32, 57, 37, 56, 22, 23, 8, 65]",46.48951566951571
"[35, 12, 22, 50, 14, 31, 12, 32, 57, 38, 56, 21, 23, 5, 65]",44.94389931827415
"[49, 20, 30, 63, 23, 32, 13, 32, 57, 38, 56, 20, 23, 5, 65]",45.27533641127405
"[46, 15, 26, 61, 23, 31, 12, 32, 56, 38, 56, 23, 23, 4, 65]",53.700196504884175
"[47, 16, 22, 63, 23, 31, 12, 32, 57, 38, 56, 20, 23, 4, 65]",47.531147232397146
"[38, 21, 22, 56, 13, 31, 13, 32, 57, 38, 59, 22, 23, 1, 65]",58.154627340252134
"[43, 19, 22, 60, 23, 31, 12, 32, 57, 38, 56, 19, 23, 5, 65]",47.097401048026114
"[50, 16, 24, 63, 23, 31, 12, 32, 57, 38, 57, 20, 23, 1, 65]",51.79451350732613
"[35, 12, 22, 48, 13, 31, 13, 32, 57, 38, 56, 19, 23, 6, 65]",45.02104764448506
"[50, 17, 24, 63, 19, 31, 13, 32, 57, 38, 56, 19, 23, 4, 65]",46.32144841269827
"[41, 17, 22, 50, 22, 31, 12, 32, 57, 38, 56, 20, 23, 5, 65]",44.625774191086705
"[35, 12, 22, 48, 16, 31, 12, 32, 57, 38, 58, 19, 23, 4, 65]",46.16967465404961
"[50, 19, 26, 63, 23, 31, 12, 32, 56, 37, 60, 19, 23, 5, 65]",47.35895477207989
"[47, 22, 22, 63, 23, 31, 12, 32, 57, 38, 56, 20, 23, 6, 65]",46.50055504680496
"[49, 21, 22, 63, 20, 31, 12, 32, 56, 37, 56, 19, 23, 7, 65]",43.33788995726518
"[43, 21, 22, 56, 13, 31, 12, 32, 57, 36, 56, 23, 23, 6, 65]",47.91025691900703
"[47, 19, 22, 63, 23, 32, 12, 32, 57, 38, 56, 23, 23, 3, 65]",45.69620942714685
"[35, 16, 22, 48, 16, 33, 12, 32, 57, 38, 56, 19, 23, 3, 65]",47.692985729548376
"[35, 12, 22, 48, 14, 31, 13, 32, 57, 38, 56, 19, 23, 1, 65]",49.66614507020747
"[36, 16, 22, 48, 16, 31, 12, 32, 57, 38, 58, 19, 23, 6, 65]",46.7336320970694
"[50, 18, 25, 63, 21, 31, 12, 32, 57, 37, 56, 21, 23, 3, 65]",48.43571339540084
"[35, 14, 22, 48, 15, 31, 12, 32, 57, 38, 56, 19, 23, 5, 65]",46.018180580993125
"[50, 22, 29, 63, 23, 31, 12, 32, 57, 38, 56, 22, 23, 4, 65]",45.67907471001206
"[45, 22, 22, 63, 23, 31, 12, 32, 57, 38, 56, 19, 23, 5, 65]",50.093396164021016
"[50, 18, 22, 63, 22, 31, 12, 32, 57, 38, 56, 19, 23, 6, 65]",45.96709490740767
"[37, 22, 22, 54, 13, 31, 12, 32, 57, 38, 56, 19, 23, 6, 65]",49.17052337708577
"[48, 21, 22, 60, 23, 31, 12, 32, 57, 38, 56, 20, 23, 5, 65]",45.46353975885239
"[50, 19, 24, 63, 23, 32, 13, 32, 57, 38, 56, 19, 23, 6, 65]",46.24633686914946
"[35, 12, 22, 48, 13, 32, 12, 32, 57, 38, 56, 19, 23, 8, 65]",45.8328077940577
"[50, 22, 22, 63, 16, 32, 13, 32, 57, 38, 56, 20, 23, 6, 65]",45.747465150590294
"[43, 19, 22, 56, 19, 31, 12, 32, 57, 38, 56, 21, 23, 6, 65]",46.80999860093631
"[35, 12, 22, 48, 13, 31, 12, 32, 57, 38, 56, 21, 23, 4, 65]",46.91777803215312
"[50, 21, 22, 63, 22, 31, 12, 32, 56, 37, 57, 19, 23, 5, 65]",46.32796550671548
"[50, 22, 22, 63, 19, 31, 12, 32, 57, 38, 56, 21, 23, 4, 65]",45.476425264550436
"[47, 21, 22, 63, 20, 31, 12, 32, 56, 37, 56, 19, 23, 6, 65]",46.39177846459098
"[45, 13, 22, 55, 13, 31, 12, 32, 57, 36, 56, 20, 23, 7, 65]",48.72436978530711
"[49, 22, 22, 63, 23, 33, 12, 32, 57, 38, 56, 24, 23, 5, 65]",46.817712148962066
"[35, 17, 22, 48, 14, 33, 12, 32, 57, 38, 56, 25, 23, 3, 65]",48.96149267399279
"[37, 16, 22, 48, 13, 32, 12, 32, 57, 38, 56, 19, 23, 7, 65]",46.89659048127836
"[35, 18, 22, 48, 13, 31, 12, 32, 57, 38, 58, 19, 23, 4, 65]",45.18788792226288
"[50, 18, 24, 63, 19, 31, 12, 32, 57, 37, 56, 20, 23, 4, 65]",46.05790458384203
"[35, 16, 22, 48, 15, 31, 12, 32, 57, 38, 56, 19, 23, 5, 65]",45.783727614977614
"[50, 22, 23, 63, 21, 31, 12, 32, 57, 38, 56, 21, 23, 5, 65]",48.26885238603975
"[45, 22, 22, 63, 18, 31, 12, 32, 57, 38, 56, 19, 23, 6, 65]",44.645055580993
"[50, 22, 22, 63, 18, 31, 12, 32, 57, 38, 56, 19, 23, 7, 65]",47.12065387159144
"[43, 12, 22, 50, 15, 32, 12, 32, 57, 38, 56, 19, 23, 8, 65]",48.05233287545828
"[49, 21, 22, 63, 18, 31, 12, 32, 57, 38, 56, 21, 23, 4, 65]",46.36530346967828
"[49, 18, 31, 63, 21, 32, 13, 32, 57, 38, 56, 19, 23, 8, 65]",46.38528044871816
"[35, 12, 22, 48, 13, 33, 12, 32, 57, 38, 56, 19, 23, 5, 65]",45.8670603123727
"[48, 19, 25, 63, 19, 33, 12, 32, 57, 38, 56, 21, 23, 5, 65]",45.288893722018926
"[42, 19, 22, 60, 15, 31, 12, 32, 57, 38, 56, 21, 23, 5, 65]",46.49595568783067
"[35, 13, 22, 48, 13, 31, 12, 32, 57, 38, 56, 23, 23, 5, 65]",49.13287940069201
"[50, 22, 22, 63, 21, 31, 12, 32, 56, 37, 56, 20, 23, 5, 65]",47.55986136548652
"[50, 22, 22, 63, 21, 31, 12, 32, 57, 38, 56, 20, 23, 4, 65]",48.83933658933665
"[49, 22, 22, 63, 20, 31, 13, 32, 56, 37, 56, 20, 23, 5, 65]",45.059385302197825
"[39, 12, 22, 58, 13, 31, 12, 31, 57, 37, 56, 22, 23, 5, 65]",45.635073260073334
"[50, 21, 22, 63, 23, 33, 12, 32, 57, 38, 58, 20, 23, 6, 65]",48.59024699837205
"[37, 17, 22, 48, 13, 33, 12, 32, 57, 38, 56, 22, 23, 4, 65]",50.30952940577935
"[38, 20, 22, 48, 13, 33, 12, 32, 57, 38, 56, 19, 23, 8, 65]",45.18316760785514
"[36, 19, 22, 48, 13, 31, 12, 32, 57, 38, 57, 21, 23, 4, 65]",47.3480072242571
"[49, 18, 22, 63, 19, 31, 13, 32, 57, 37, 56, 23, 23, 6, 65]",50.24656669719151
"[35, 19, 22, 49, 16, 31, 12, 32, 57, 38, 56, 19, 23, 5, 65]",43.660571199633566
"[50, 20, 29, 63, 17, 31, 12, 32, 57, 38, 56, 21, 23, 6, 65]",47.381113909238934
"[48, 22, 22, 63, 16, 31, 12, 32, 57, 38, 56, 19, 23, 7, 65]",49.11368411680901
"[47, 22, 22, 63, 21, 31, 12, 32, 57, 38, 56, 19, 23, 4, 65]",46.10252200345953
"[47, 12, 22, 50, 16, 32, 12, 32, 57, 38, 56, 23, 23, 4, 65]",47.46383254477012
"[47, 20, 22, 63, 18, 31, 12, 32, 57, 38, 56, 22, 23, 4, 65]",45.16913665038665
"[47, 21, 32, 63, 18, 32, 12, 32, 57, 38, 56, 19, 23, 8, 65]",45.68486034798536
"[35, 12, 22, 48, 13, 31, 12, 32, 57, 38, 56, 19, 23, 3, 65]",45.448120802808326
"[46, 17, 28, 63, 21, 33, 12, 32, 57, 38, 56, 21, 23, 4, 65]",47.19645311864053
"[43, 17, 22, 62, 17, 31, 12, 32, 57, 38, 56, 21, 23, 4, 65]",47.784287494912554
"[35, 14, 22, 48, 13, 31, 12, 32, 57, 38, 58, 20, 23, 5, 65]",46.14190476190473
"[50, 22, 22, 63, 20, 31, 12, 32, 56, 37, 56, 21, 23, 5, 65]",46.38067129629649
"[50, 21, 22, 63, 23, 32, 12, 32, 57, 38, 56, 19, 23, 4, 65]",45.98949557387061
"[50, 21, 22, 63, 19, 32, 12, 32, 57, 37, 56, 21, 23, 4, 65]",47.56056763838008
"[35, 18, 22, 51, 15, 31, 12, 31, 57, 37, 56, 21, 23, 4, 65]",49.567454212454166
"[50, 20, 22, 63, 23, 33, 12, 32, 57, 38, 59, 19, 23, 3, 65]",46.753178418803536
"[37, 14, 22, 48, 18, 33, 12, 32, 57, 38, 56, 21, 23, 6, 65]",47.33760709198195
"[39, 17, 22, 48, 15, 35, 12, 32, 57, 38, 56, 19, 23, 8, 65]",48.45705268111505
"[36, 16, 22, 48, 13, 31, 12, 32, 57, 38, 56, 22, 23, 5, 65]",47.59851788258046
"[49, 17, 23, 63, 20, 31, 14, 32, 57, 38, 56, 24, 23, 8, 65]",49.610899343711885
"[35, 20, 22, 48, 15, 31, 12, 32, 57, 38, 56, 21, 23, 5, 65]",45.83828970797733
"[50, 18, 29, 63, 20, 31, 12, 32, 57, 38, 57, 19, 23, 6, 65]",46.91300862332109
"[49, 22, 22, 63, 16, 31, 12, 32, 57, 38, 57, 19, 23, 5, 65]",44.78935604904361
"[44, 22, 22, 63, 23, 31, 12, 32, 57, 38, 56, 19, 23, 3, 65]",45.29831031237275
"[42, 21, 22, 54, 17, 32, 13, 32, 57, 38, 56, 28, 23, 1, 65]",50.0638609076108
"[45, 18, 22, 63, 22, 31, 12, 32, 57, 38, 56, 21, 23, 4, 65]",46.249545940170975
"[50, 22, 22, 63, 17, 32, 12, 32, 57, 38, 56, 19, 23, 8, 65]",47.47194101037861
"[35, 13, 22, 48, 13, 31, 12, 32, 57, 38, 56, 19, 23, 6, 65]",47.22819431725672
"[46, 18, 32, 63, 21, 32, 13, 32, 57, 38, 56, 19, 23, 5, 65]",45.81854484635733
"[43, 15, 22, 53, 20, 31, 12, 32, 57, 38, 56, 19, 23, 3, 65]",48.27788855820105
"[35, 12, 22, 48, 13, 31, 12, 32, 57, 38, 60, 19, 23, 5, 65]",47.23978021978028
"[50, 22, 24, 63, 20, 31, 12, 32, 56, 37, 57, 21, 23, 5, 65]",47.87806712962969
"[49, 19, 22, 63, 23, 33, 13, 32, 57, 38, 56, 20, 23, 6, 65]",48.65237192205942
"[50, 22, 22, 63, 21, 33, 12, 32, 57, 38, 56, 20, 23, 5, 65]",48.124345110907534
"[39, 22, 22, 48, 19, 31, 12, 31, 57, 37, 56, 19, 23, 4, 65]",46.97966613247863
"[48, 19, 22, 63, 20, 31, 12, 32, 57, 38, 59, 19, 23, 1, 65]",45.617115638990576
"[35, 12, 22, 48, 16, 33, 13, 32, 57, 38, 58, 20, 23, 6, 65]",46.229867088929595
"[38, 15, 22, 48, 15, 33, 12, 32, 57, 38, 56, 20, 23, 3, 65]",46.19379680504695
"[36, 12, 22, 49, 15, 31, 13, 32, 57, 38, 57, 20, 23, 6, 65]",46.45282712657714
"[48, 21, 25, 63, 20, 31, 12, 32, 57, 38, 59, 21, 23, 4, 65]",48.93094729344732
"[35, 14, 22, 48, 14, 31, 12, 32, 57, 38, 56, 21, 23, 5, 65]",46.13937067562073
"[50, 17, 27, 63, 22, 31, 12, 32, 57, 38, 57, 20, 23, 6, 65]",46.32801103988613
"[48, 22, 22, 63, 23, 32, 12, 32, 57, 38, 57, 19, 23, 4, 65]",47.228879604191974
"[46, 22, 22, 63, 20, 31, 12, 32, 57, 38, 56, 20, 23, 4, 65]",46.90201070919824
"[38, 21, 22, 60, 18, 32, 14, 32, 57, 38, 58, 24, 23, 3, 65]",51.58215468559192
"[45, 17, 22, 63, 20, 31, 12, 32, 57, 38, 56, 19, 23, 4, 65]",45.61561368030111
"[50, 22, 22, 63, 20, 32, 12, 32, 57, 38, 57, 21, 23, 5, 65]",45.16504858567372
"[35, 20, 22, 48, 13, 31, 12, 32, 57, 38, 56, 20, 23, 7, 65]",45.852750178062664
"[47, 18, 25, 63, 18, 32, 13, 32, 57, 38, 56, 19, 23, 6, 65]",45.45084961334949
"[40, 19, 22, 48, 21, 31, 12, 32, 57, 38, 56, 19, 23, 3, 65]",45.002828780016365
"[35, 14, 22, 48, 13, 31, 12, 32, 57, 38, 58, 19, 23, 5, 65]",45.73281313593835
"[50, 20, 23, 63, 21, 31, 12, 32, 56, 37, 59, 20, 23, 5, 65]",47.45994556369563
"[48, 17, 23, 63, 22, 33, 13, 32, 57, 38, 56, 21, 23, 4, 65]",48.349379324379264
"[50, 22, 22, 63, 21, 32, 12, 32, 57, 38, 56, 19, 23, 7, 65]",46.52530105311352
"[45, 18, 22, 61, 17, 31, 12, 31, 57, 37, 56, 19, 23, 6, 65]",47.95603263634531
"[48, 20, 23, 63, 16, 31, 12, 32, 57, 38, 58, 20, 23, 1, 65]",46.43380011192522
"[35, 13, 22, 48, 14, 31, 13, 32, 57, 38, 59, 19, 23, 5, 65]",44.75188250407004
"[39, 16, 22, 48, 13, 31, 12, 32, 57, 38, 56, 21, 23, 6, 65]",47.800390847578186
"[35, 12, 22, 49, 14, 31, 13, 32, 57, 38, 58, 20, 23, 4, 65]",45.65494403744404
"[49, 20, 27, 63, 20, 31, 12, 32, 57, 38, 60, 19, 23, 4, 65]",46.68839896214918
"[35, 12, 22, 50, 14, 31, 13, 32, 57, 38, 56, 20, 23, 5, 65]",45.75378828347562
"[50, 16, 29, 63, 21, 31, 12, 32, 57, 38, 57, 22, 23, 5, 65]",45.46583842083842
"[47, 22, 22, 63, 23, 32, 13, 32, 57, 38, 56, 20, 23, 5, 65]",46.34610258954028
"[49, 22, 22, 63, 19, 31, 12, 32, 57, 38, 56, 19, 23, 6, 65]",46.06498041310549
"[44, 20, 22, 62, 19, 32, 12, 32, 57, 38, 59, 19, 23, 7, 65]",46.1694432997559
"[46, 20, 22, 62, 19, 31, 12, 32, 57, 38, 56, 19, 23, 5, 65]",47.300961029710926
"[50, 22, 22, 63, 22, 33, 12, 32, 57, 38, 59, 23, 23, 2, 65]",48.88704733923474
"[35, 20, 22, 48, 13, 31, 14, 32, 57, 38, 56, 21, 23, 6, 65]",46.52848786630044
"[49, 20, 22, 63, 18, 31, 12, 32, 57, 38, 56, 19, 23, 6, 65]",44.99460088522596
"[40, 18, 22, 50, 21, 31, 12, 32, 57, 38, 56, 19, 23, 4, 65]",49.482707697395384
"[35, 17, 22, 48, 14, 32, 12, 32, 57, 38, 56, 21, 23, 5, 65]",46.040212784900376
"[50, 22, 22, 63, 21, 31, 12, 32, 56, 37, 59, 19, 23, 5, 65]",47.42326388888874
"[48, 17, 23, 63, 20, 32, 12, 32, 57, 38, 56, 21, 23, 2, 65]",44.85823056573063
"[50, 22, 23, 63, 21, 31, 12, 32, 57, 38, 56, 19, 23, 5, 65]",47.281136421448785
"[48, 13, 22, 63, 16, 31, 12, 31, 57, 37, 56, 20, 23, 6, 65]",45.29874198717964
"[47, 21, 22, 63, 19, 31, 12, 32, 57, 38, 56, 21, 23, 5, 65]",50.380916386854
"[35, 18, 22, 48, 13, 31, 12, 32, 57, 38, 58, 20, 23, 4, 65]",45.241377442002566
"[35, 19, 22, 48, 13, 32, 12, 32, 57, 38, 56, 20, 23, 8, 65]",49.40292595136352
"[35, 15, 22, 49, 13, 31, 13, 32, 57, 38, 58, 22, 23, 2, 65]",47.18734635734629
"[49, 17, 22, 63, 21, 31, 12, 32, 57, 37, 58, 23, 23, 7, 65]",48.12371820309302
"[38, 14, 22, 48, 14, 32, 13, 32, 57, 38, 56, 19, 23, 5, 65]",48.4038849460725
"[50, 22, 26, 63, 18, 31, 12, 32, 57, 38, 56, 20, 23, 4, 65]",45.04786146723667
"[48, 22, 22, 63, 19, 32, 13, 32, 57, 38, 56, 19, 23, 6, 65]",47.871622278184944
"[50, 22, 22, 63, 18, 31, 12, 32, 57, 38, 56, 19, 23, 7, 65]",44.25585559116813
"[50, 19, 22, 60, 19, 31, 12, 32, 57, 38, 58, 19, 23, 8, 65]",44.72002543752541
"[46, 22, 22, 59, 19, 31, 12, 32, 57, 38, 56, 19, 23, 5, 65]",46.015242165242135
"[50, 21, 22, 63, 21, 32, 12, 32, 57, 38, 58, 19, 23, 6, 65]",46.06182755901512
"[35, 17, 22, 48, 14, 31, 14, 32, 57, 38, 56, 20, 23, 5, 65]",45.70807119963385
"[50, 22, 22, 63, 19, 31, 12, 32, 57, 38, 56, 21, 23, 6, 65]",47.0280617877494
"[41, 15, 22, 56, 20, 31, 13, 32, 57, 38, 56, 21, 23, 6, 65]",47.05938886345157
"[35, 17, 22, 48, 15, 33, 12, 32, 57, 38, 56, 21, 23, 5, 65]",46.385605158730215
"[50, 21, 22, 63, 19, 31, 12, 32, 56, 37, 57, 19, 23, 5, 65]",45.301921423483904
"[49, 22, 22, 63, 20, 32, 12, 32, 57, 38, 56, 20, 23, 3, 65]",46.0159441137569
"[50, 22, 24, 63, 20, 31, 12, 32, 57, 38, 56, 20, 23, 4, 65]",45.57414415445667
"[50, 15, 22, 61, 17, 31, 12, 31, 57, 37, 57, 21, 23, 5, 65]",46.733216320716075
"[46, 22, 22, 63, 22, 31, 12, 32, 57, 38, 56, 21, 23, 8, 65]",45.5147498219373
"[35, 21, 22, 48, 14, 32, 12, 32, 57, 38, 59, 21, 23, 4, 65]",47.3498121438748
"[35, 19, 22, 48, 14, 34, 12, 32, 57, 38, 56, 19, 23, 8, 65]",47.88719335063069
"[35, 16, 22, 48, 13, 31, 12, 32, 57, 37, 56, 21, 23, 6, 65]",45.92423687423688
"[50, 14, 22, 63, 19, 32, 12, 32, 57, 37, 56, 25, 23, 7, 65]",47.454338624338746
"[35, 18, 22, 48, 15, 32, 12, 32, 57, 38, 56, 19, 23, 5, 65]",49.460851266788666
"[49, 22, 25, 63, 16, 31, 12, 32, 57, 38, 57, 19, 23, 4, 65]",48.78072929385426
"[49, 22, 22, 63, 16, 32, 12, 32, 57, 38, 56, 19, 23, 5, 65]",45.888306369556055
"[47, 22, 22, 63, 20, 31, 12, 32, 57, 38, 56, 19, 23, 7, 65]",43.96821314102548
"[50, 19, 22, 59, 19, 31, 12, 32, 57, 38, 57, 19, 23, 7, 65]",45.34248155779414
"[46, 19, 22, 58, 21, 31, 12, 32, 57, 38, 56, 20, 23, 5, 65]",48.43030842999588
"[50, 22, 22, 63, 19, 31, 12, 32, 57, 38, 57, 19, 23, 8, 65]",49.810477462352665
"[35, 12, 22, 48, 16, 33, 12, 32, 57, 38, 57, 19, 23, 4, 65]",45.26082392144891
"[49, 21, 22, 63, 21, 31, 12, 32, 57, 38, 56, 21, 23, 5, 65]",44.81665738197002
"[41, 17, 22, 61, 17, 31, 12, 32, 57, 38, 56, 20, 23, 6, 65]",44.658338293650715
"[35, 15, 22, 48, 16, 32, 12, 32, 57, 38, 59, 20, 23, 5, 65]",50.662475071224875
"[50, 21, 23, 63, 18, 31, 12, 32, 56, 37, 56, 21, 23, 5, 65]",46.08842338217336
"[50, 22, 23, 63, 20, 32, 12, 32, 57, 38, 56, 21, 23, 4, 64]",45.69943986568989
"[50, 22, 23, 63, 20, 32, 12, 32, 57, 38, 56, 21, 23, 6, 65]",44.981484025233975
"[42, 19, 22, 58, 18, 31, 12, 31, 57, 37, 58, 20, 23, 4, 65]",46.77326414326417
"[50, 22, 22, 63, 22, 31, 12, 32, 57, 38, 56, 21, 23, 8, 65]",46.36694101037868
"[39, 14, 22, 48, 13, 32, 12, 32, 57, 38, 59, 20, 23, 5, 65]",46.63443350630838
"[35, 17, 22, 48, 15, 34, 12, 32, 57, 38, 56, 20, 23, 7, 65]",45.69689077126578
"[35, 16, 22, 48, 13, 32, 13, 32, 57, 37, 56, 19, 23, 7, 65]",46.46335101241341
"[49, 14, 28, 63, 19, 32, 12, 32, 57, 38, 56, 26, 23, 4, 65]",50.09288957570217
"[35, 22, 22, 48, 18, 32, 12, 32, 57, 38, 56, 21, 23, 5, 65]",46.17842020248244
"[50, 22, 23, 63, 20, 31, 12, 32, 57, 38, 56, 20, 23, 4, 65]",47.64863247863266
"[48, 19, 23, 63, 14, 32, 12, 32, 57, 38, 56, 19, 23, 4, 65]",46.86891012922233
"[45, 22, 22, 63, 22, 31, 12, 32, 57, 38, 57, 21, 23, 6, 65]",45.035687576312476
"[44, 19, 22, 63, 17, 31, 12, 32, 57, 38, 56, 19, 23, 4, 65]",48.34652459808692
"[45, 15, 22, 63, 22, 31, 13, 32, 57, 38, 56, 21, 23, 4, 65]",45.80203194953175
"[48, 20, 22, 63, 18, 32, 12, 32, 57, 38, 56, 21, 23, 8, 65]",45.416760912698486
"[35, 12, 22, 48, 17, 33, 12, 32, 57, 38, 57, 19, 23, 5, 65]",47.18575218762729
"[47, 19, 22, 63, 20, 31, 12, 32, 57, 38, 56, 20, 23, 5, 65]",48.862528362840756
"[41, 18, 22, 63, 14, 32, 12, 32, 57, 38, 56, 19, 23, 6, 65]",43.157439331501905
"[35, 12, 22, 48, 13, 32, 12, 32, 57, 38, 61, 19, 23, 5, 65]",47.30383788665041
"[50, 18, 26, 63, 18, 32, 12, 32, 56, 37, 56, 20, 23, 6, 65]",46.80455509768021
"[46, 15, 25, 63, 18, 33, 12, 32, 57, 38, 56, 21, 23, 5, 65]",45.05406300875051
"[49, 17, 26, 63, 20, 33, 12, 32, 57, 38, 56, 21, 23, 8, 65]",48.951388761701246
"[36, 20, 22, 63, 19, 31, 12, 31, 57, 37, 56, 19, 23, 5, 65]",45.25220250813986
"[50, 21, 24, 63, 18, 32, 12, 32, 57, 38, 56, 20, 23, 8, 65]",46.87727220695971
"[35, 12, 22, 48, 15, 32, 12, 32, 57, 38, 56, 19, 23, 6, 65]",45.77933099308104
"[35, 14, 22, 48, 13, 31, 12, 32, 57, 38, 56, 21, 23, 5, 65]",46.192899114774065
"[35, 12, 22, 52, 13, 32, 13, 32, 57, 37, 57, 19, 23, 5, 65]",46.67829123422874
"[46, 20, 32, 63, 19, 31, 12, 32, 57, 38, 58, 24, 23, 5, 65]",46.64640834859569
"[35, 16, 22, 48, 16, 32, 12, 32, 57, 38, 56, 21, 23, 7, 65]",46.24607206450954
"[47, 19, 28, 63, 21, 31, 12, 32, 57, 38, 56, 21, 23, 6, 65]",45.14688949938951
"[45, 16, 24, 63, 17, 32, 12, 32, 57, 38, 56, 20, 23, 6, 65]",48.5394955738706
"[46, 22, 24, 63, 22, 31, 12, 32, 57, 38, 58, 21, 23, 6, 65]",50.92729866198617
"[40, 19, 22, 63, 17, 31, 12, 32, 57, 38, 56, 19, 23, 8, 65]",45.40590659340644
"[41, 16, 23, 63, 20, 31, 13, 32, 57, 38, 56, 21, 23, 7, 65]",48.56835457366698
"[44, 18, 25, 63, 18, 31, 12, 32, 57, 38, 56, 21, 23, 7, 65]",45.10600351037859
"[35, 13, 22, 48, 14, 31, 13, 32, 57, 38, 56, 19, 23, 7, 65]",47.48508699633704
"[43, 17, 22, 63, 18, 31, 12, 32, 57, 38, 56, 19, 23, 6, 65]",44.66682259869743
"[40, 19, 22, 63, 13, 33, 12, 32, 57, 38, 56, 20, 23, 6, 65]",48.96363171550674
"[35, 12, 22, 48, 13, 32, 13, 32, 57, 38, 56, 19, 23, 7, 65]",49.51445220288984
"[50, 19, 25, 63, 18, 32, 13, 32, 57, 37, 57, 19, 23, 6, 65]",45.301935414122944
"[45, 16, 24, 63, 18, 33, 12, 32, 57, 38, 56, 20, 23, 6, 65]",50.18464107651596
"[44, 15, 27, 63, 20, 32, 12, 32, 57, 38, 56, 20, 23, 8, 65]",49.932390491453404
"[35, 20, 22, 63, 17, 31, 12, 31, 57, 37, 56, 19, 23, 7, 65]",44.377162571225206
"[50, 16, 26, 63, 16, 32, 12, 32, 57, 38, 56, 19, 23, 7, 65]",45.20770222832746
"[35, 12, 22, 50, 16, 32, 13, 32, 57, 38, 56, 20, 23, 6, 65]",46.4310499338623
"[35, 14, 22, 48, 13, 31, 13, 32, 57, 38, 56, 20, 23, 6, 65]",45.862711258648595
"[35, 12, 22, 48, 14, 32, 12, 32, 57, 38, 57, 19, 23, 4, 65]",45.923820207570294
"[47, 22, 28, 63, 19, 31, 12, 32, 57, 38, 57, 20, 23, 7, 65]",46.633850223850146
"[37, 12, 22, 48, 13, 32, 12, 32, 57, 38, 56, 20, 23, 6, 65]",45.71044426638165
"[44, 16, 30, 63, 22, 31, 12, 32, 57, 38, 56, 20, 23, 8, 65]",44.92154482091981
"[41, 21, 23, 63, 22, 33, 12, 32, 57, 38, 56, 21, 23, 8, 65]",46.21311940374432
"[50, 22, 25, 63, 16, 31, 12, 32, 57, 38, 59, 19, 23, 7, 65]",44.930513202075694
"[42, 15, 22, 63, 19, 31, 12, 32, 57, 38, 56, 20, 23, 8, 65]",48.58897753866521
"[42, 18, 23, 63, 18, 31, 12, 32, 57, 38, 56, 20, 23, 7, 65]",48.475397970085254
"[42, 16, 26, 63, 18, 32, 12, 32, 57, 38, 57, 21, 23, 4, 65]",45.41171906796921
"[35, 16, 22, 48, 13, 31, 12, 32, 57, 38, 56, 21, 23, 8, 65]",44.36051536426542
"[41, 16, 22, 63, 16, 31, 12, 32, 57, 38, 56, 20, 23, 7, 65]",45.573487230362424
"[40, 18, 22, 59, 14, 33, 12, 32, 57, 38, 56, 20, 23, 6, 65]",47.78425913207164
"[35, 12, 22, 48, 13, 33, 12, 32, 57, 38, 56, 19, 23, 7, 65]",47.321197725885156
"[47, 21, 22, 63, 19, 31, 14, 32, 57, 37, 57, 20, 23, 6, 65]",48.84985691391939
"[43, 20, 22, 63, 18, 31, 12, 32, 57, 38, 56, 19, 23, 7, 65]",44.72126653439169
"[44, 16, 25, 63, 18, 31, 12, 32, 57, 38, 56, 19, 23, 7, 65]",45.22676129426154
"[40, 14, 22, 62, 15, 31, 12, 31, 57, 37, 56, 20, 23, 7, 65]",47.04244136650366
"[43, 15, 27, 63, 19, 32, 12, 32, 57, 38, 56, 19, 23, 4, 65]",45.11724537037042
"[35, 12, 22, 52, 13, 33, 14, 32, 57, 38, 56, 21, 23, 6, 65]",46.28472222222217
"[35, 14, 22, 55, 13, 31, 13, 32, 57, 38, 56, 19, 23, 7, 65]",44.551041921041914
"[35, 12, 22, 53, 15, 32, 12, 32, 57, 38, 56, 21, 23, 5, 65]",45.81222641941377
"[47, 21, 22, 63, 18, 31, 12, 32, 57, 37, 56, 19, 23, 7, 65]",44.7564955993081
"[35, 12, 22, 48, 13, 32, 12, 32, 57, 38, 56, 19, 23, 5, 65]",47.506861136548686
"[42, 15, 28, 63, 18, 31, 12, 32, 57, 38, 56, 19, 23, 7, 65]",43.60972654660161
"[38, 19, 22, 63, 19, 32, 12, 32, 57, 38, 56, 20, 23, 8, 65]",46.05860169922672
"[48, 17, 24, 63, 18, 32, 12, 32, 57, 38, 57, 19, 23, 6, 65]",45.81374631155885
"[45, 14, 22, 61, 20, 31, 13, 32, 57, 38, 56, 21, 23, 8, 65]",45.2492600223852
"[46, 19, 22, 63, 14, 32, 12, 32, 57, 38, 56, 19, 23, 4, 65]",45.829582951770405
"[43, 16, 22, 63, 18, 33, 12, 32, 57, 38, 57, 22, 23, 4, 65]",46.2871237789986
"[35, 15, 22, 48, 13, 32, 12, 32, 57, 38, 56, 21, 23, 8, 65]",45.341590862840924
"[41, 16, 22, 63, 15, 31, 12, 32, 57, 38, 56, 21, 23, 7, 65]",44.16546957671966
"[40, 14, 22, 56, 16, 32, 12, 32, 57, 38, 56, 20, 23, 6, 65]",45.074424094423925
"[35, 12, 22, 48, 13, 32, 12, 32, 57, 38, 56, 21, 23, 4, 65]",45.7714877136753
"[43, 22, 22, 63, 19, 31, 12, 32, 57, 38, 56, 21, 23, 6, 65]",45.089235347985415
"[41, 20, 22, 63, 18, 31, 12, 32, 57, 38, 56, 20, 23, 6, 65]",44.65382605820109
"[49, 20, 22, 63, 17, 31, 13, 32, 57, 38, 57, 19, 23, 5, 65]",45.49338827838826
"[40, 13, 22, 61, 16, 31, 12, 31, 57, 37, 56, 21, 23, 7, 65]",45.90160676129423
"[40, 15, 22, 63, 21, 33, 12, 32, 57, 38, 56, 19, 23, 3, 65]",46.9548675976801
"[35, 12, 22, 49, 13, 32, 14, 32, 57, 38, 56, 20, 23, 6, 65]",50.004572649572786
"[35, 13, 22, 55, 13, 31, 12, 32, 57, 38, 56, 19, 23, 7, 65]",47.28329276048022
"[35, 14, 22, 58, 14, 32, 13, 32, 57, 38, 56, 21, 23, 6, 65]",48.7835646876274
"[48, 20, 22, 63, 18, 31, 12, 32, 57, 37, 56, 19, 23, 6, 65]",43.86314827533579
"[35, 12, 22, 48, 13, 31, 12, 32, 57, 38, 56, 19, 23, 5, 65]",45.608437627187755
"[44, 18, 23, 63, 15, 31, 12, 32, 57, 38, 56, 20, 23, 6, 65]",46.02747087403329
"[44, 14, 23, 63, 14, 31, 12, 32, 57, 38, 56, 19, 23, 5, 65]",43.266478047415845
"[46, 16, 23, 63, 21, 33, 13, 32, 57, 38, 56, 20, 23, 6, 65]",44.01295520451761
"[48, 20, 22, 58, 18, 31, 13, 32, 57, 38, 60, 20, 23, 6, 65]",47.98360538766781
"[47, 16, 22, 63, 21, 32, 12, 32, 57, 38, 56, 19, 23, 3, 65]",45.187684549246974
"[45, 17, 23, 63, 17, 32, 12, 32, 57, 38, 57, 19, 23, 8, 65]",47.74665928978428
"[35, 12, 22, 50, 14, 31, 12, 32, 57, 38, 56, 20, 23, 8, 65]",44.594927121489555
"[41, 18, 22, 63, 15, 31, 12, 32, 57, 38, 56, 22, 23, 7, 65]",46.95376984126962
"[39, 12, 22, 57, 17, 31, 13, 32, 57, 38, 56, 20, 23, 6, 65]",45.50028986060223
"[35, 13, 22, 48, 13, 32, 12, 32, 57, 38, 56, 21, 23, 3, 65]",46.31531186406167
"[42, 21, 23, 63, 17, 32, 12, 32, 57, 38, 56, 22, 23, 6, 65]",49.3195655270654
"[41, 19, 22, 63, 18, 31, 12, 32, 57, 38, 56, 21, 23, 5, 65]",44.30750966625958
"[46, 22, 22, 63, 20, 32, 13, 32, 57, 38, 56, 21, 23, 5, 65]",47.446549908424906
"[37, 17, 22, 58, 16, 32, 12, 31, 57, 37, 57, 20, 23, 5, 65]",46.3906201668701
"[43, 17, 22, 63, 18, 33, 12, 32, 57, 38, 56, 20, 23, 3, 65]",43.68408297720828
"[35, 14, 22, 48, 13, 31, 12, 32, 57, 38, 59, 19, 23, 5, 65]",46.56853607041098
"[35, 12, 22, 56, 16, 32, 12, 32, 57, 38, 56, 20, 23, 5, 65]",44.35681077024826
"[37, 16, 22, 62, 14, 31, 12, 32, 56, 37, 56, 20, 23, 6, 65]",44.35607766076522
"[45, 18, 23, 63, 18, 31, 12, 32, 57, 37, 56, 20, 23, 5, 65]",46.50660663410654
"[35, 14, 22, 55, 14, 31, 12, 32, 57, 38, 56, 19, 23, 6, 65]",43.59879413410658
"[43, 20, 22, 63, 16, 31, 12, 32, 57, 38, 56, 21, 23, 6, 65]",45.828556674806734
"[46, 14, 22, 63, 13, 31, 12, 32, 57, 38, 56, 19, 23, 3, 65]",48.239282788970236
"[44, 22, 23, 63, 21, 31, 13, 32, 57, 38, 56, 20, 23, 6, 65]",45.91859546703281
"[41, 22, 28, 58, 16, 33, 12, 32, 57, 38, 59, 19, 23, 5, 65]",48.612156211843654
"[45, 15, 24, 63, 21, 31, 12, 32, 57, 38, 56, 19, 23, 7, 65]",46.29053838522576
"[44, 17, 27, 63, 17, 31, 12, 32, 57, 38, 57, 19, 23, 8, 65]",45.89789491758252
"[35, 12, 22, 48, 14, 31, 12, 32, 57, 38, 57, 19, 23, 6, 65]",44.81061978530721
"[38, 16, 24, 63, 16, 31, 12, 32, 57, 38, 57, 19, 23, 6, 65]",44.077944647944676
"[35, 16, 22, 60, 14, 33, 13, 32, 57, 38, 58, 19, 23, 6, 65]",48.9503618487993
"[35, 13, 22, 48, 13, 32, 12, 32, 57, 38, 57, 20, 23, 4, 65]",46.792290521978074
"[41, 16, 25, 63, 15, 32, 12, 32, 57, 38, 56, 19, 23, 6, 65]",44.54280588624326
"[41, 17, 23, 63, 14, 31, 13, 32, 57, 38, 56, 22, 23, 5, 65]",44.40927439458681
"[43, 22, 24, 63, 22, 33, 12, 32, 57, 38, 56, 19, 23, 8, 65]",45.9252524674399
"[35, 18, 22, 56, 14, 31, 12, 31, 57, 37, 59, 19, 23, 6, 65]",44.74366529304012
"[43, 18, 25, 63, 13, 34, 12, 32, 57, 38, 56, 20, 23, 4, 65]",45.30472870879118
"[35, 13, 22, 48, 13, 31, 12, 32, 57, 38, 60, 19, 23, 4, 65]",47.32193655881151
"[35, 14, 22, 53, 13, 33, 12, 32, 57, 38, 57, 21, 23, 4, 65]",45.2712347374848
"[38, 16, 22, 62, 14, 31, 12, 32, 56, 37, 57, 19, 23, 6, 65]",46.07780626780636
"[46, 17, 30, 63, 18, 31, 12, 32, 57, 37, 56, 19, 23, 5, 65]",46.067287087911986
"[35, 16, 22, 60, 15, 31, 12, 32, 57, 38, 56, 19, 23, 6, 65]",43.157316213878644
"[40, 20, 25, 63, 18, 31, 12, 32, 57, 38, 56, 20, 23, 6, 65]",44.38089311151812
"[41, 17, 23, 63, 14, 31, 12, 32, 57, 38, 56, 19, 23, 5, 65]",47.42324442918201
"[46, 22, 23, 63, 13, 31, 12, 32, 57, 38, 56, 19, 23, 7, 65]",47.081526251526206
"[39, 17, 26, 58, 16, 34, 12, 32, 57, 38, 59, 19, 23, 8, 65]",46.78162838319094
"[42, 15, 28, 63, 16, 31, 12, 32, 57, 38, 56, 19, 23, 8, 65]",44.59894205331704
"[39, 16, 28, 63, 17, 31, 12, 32, 57, 38, 57, 20, 23, 8, 65]",49.333048305860714
"[35, 14, 22, 48, 13, 31, 12, 32, 57, 38, 59, 20, 23, 6, 65]",48.63567231379749
"[37, 15, 25, 63, 17, 31, 12, 32, 57, 38, 59, 19, 23, 6, 65]",45.860723570411196
"[36, 19, 22, 62, 13, 34, 12, 32, 57, 38, 59, 19, 23, 6, 65]",46.571714362026775
"[35, 12, 22, 48, 13, 32, 12, 32, 57, 38, 58, 19, 23, 7, 65]",47.28695703601942
"[39, 13, 28, 63, 14, 33, 12, 32, 57, 38, 58, 19, 23, 6, 65]",46.24877798127808
"[40, 15, 25, 63, 15, 32, 12, 32, 57, 38, 56, 19, 23, 6, 65]",47.21217503561247
"[44, 21, 28, 63, 14, 32, 12, 32, 57, 38, 57, 19, 23, 8, 65]",44.748856837606695
"[36, 15, 23, 58, 13, 31, 12, 32, 57, 37, 58, 19, 23, 7, 65]",44.03070729039467
"[40, 15, 26, 63, 15, 34, 12, 32, 57, 38, 56, 20, 23, 6, 65]",48.02540242165234
"[35, 12, 22, 48, 13, 32, 12, 32, 57, 38, 57, 19, 23, 7, 65]",45.386498015873066
"[35, 14, 22, 53, 13, 34, 12, 32, 57, 38, 57, 19, 23, 6, 65]",45.55536235754986
"[39, 15, 22, 59, 16, 31, 12, 32, 56, 37, 58, 19, 23, 6, 65]",44.1350034340659
"[45, 18, 31, 63, 16, 31, 13, 32, 57, 37, 56, 19, 23, 7, 65]",52.07225821632072
"[35, 16, 22, 60, 14, 31, 12, 31, 57, 38, 56, 19, 23, 6, 65]",44.01104637260891
"[39, 12, 30, 63, 18, 31, 12, 32, 57, 38, 57, 19, 23, 7, 65]",45.358488629426155
"[35, 17, 24, 63, 16, 31, 12, 32, 57, 38, 56, 19, 23, 7, 65]",47.85335902523378
"[48, 15, 25, 63, 13, 33, 12, 32, 57, 38, 57, 19, 23, 6, 65]",53.66622723341483
"[39, 12, 26, 63, 17, 34, 12, 32, 57, 38, 57, 19, 23, 8, 65]",44.626666285103695
"[39, 17, 28, 63, 13, 31, 12, 32, 57, 38, 56, 19, 23, 6, 65]",44.47284582315826
"[39, 16, 23, 63, 17, 32, 12, 32, 57, 38, 58, 22, 23, 5, 65]",45.59891165547401
"[35, 15, 22, 48, 13, 31, 12, 32, 57, 38, 57, 20, 23, 7, 65]",45.10696034289801
"[39, 15, 24, 61, 16, 31, 13, 32, 57, 38, 58, 19, 23, 6, 65]",47.16265987484741
"[39, 20, 22, 58, 13, 33, 12, 32, 57, 38, 57, 19, 23, 6, 65]",43.45942625661359
"[35, 12, 22, 48, 13, 32, 12, 32, 57, 38, 57, 19, 23, 6, 65]",46.2534446225071
"[39, 16, 24, 63, 15, 32, 12, 32, 57, 38, 58, 19, 23, 6, 65]",45.9567167785916
"[40, 16, 24, 63, 17, 32, 12, 32, 57, 38, 57, 19, 23, 6, 65]",45.31968482905979
"[46, 21, 26, 63, 13, 32, 12, 32, 57, 38, 58, 19, 23, 5, 65]",50.769979268416876
"[37, 13, 22, 56, 15, 31, 12, 32, 57, 37, 57, 19, 23, 7, 65]",44.55880252848979
"[39, 15, 24, 63, 18, 31, 12, 32, 57, 38, 56, 20, 23, 6, 65]",44.77757771164026
"[35, 12, 22, 48, 13, 32, 12, 32, 57, 38, 56, 19, 23, 8, 65]",46.8383881512007
"[35, 13, 22, 49, 15, 33, 12, 32, 57, 38, 56, 19, 23, 7, 65]",45.82121515059016
"[40, 14, 22, 57, 17, 31, 12, 32, 56, 37, 58, 19, 23, 6, 65]",43.23651849308103
"[47, 20, 30, 63, 17, 31, 13, 32, 57, 38, 56, 19, 23, 8, 65]",45.28360729548236
"[35, 15, 22, 60, 14, 31, 12, 32, 57, 38, 56, 19, 23, 6, 65]",44.13935007122507
"[40, 12, 30, 63, 18, 31, 12, 32, 57, 38, 58, 19, 23, 7, 65]",47.09035396316665
"[35, 14, 24, 60, 15, 32, 13, 32, 57, 38, 56, 19, 23, 7, 65]",43.86812881562875
"[48, 15, 25, 63, 14, 33, 12, 32, 57, 38, 58, 19, 23, 6, 65]",47.581270604395414
"[39, 13, 26, 63, 17, 32, 12, 32, 57, 38, 58, 19, 23, 7, 65]",47.17866898148152
"[39, 17, 24, 63, 13, 32, 12, 32, 57, 38, 56, 19, 23, 4, 65]",46.76289784289792
"[45, 18, 22, 63, 16, 32, 12, 32, 57, 38, 57, 19, 23, 6, 65]",47.598263252950616
"[35, 16, 22, 48, 13, 31, 12, 32, 57, 38, 56, 20, 23, 7, 65]",43.94440183658927
"[40, 17, 22, 59, 15, 31, 13, 32, 57, 38, 58, 19, 23, 6, 65]",44.65621515059019
"[40, 12, 23, 55, 13, 32, 12, 32, 57, 38, 56, 19, 23, 6, 65]",47.32349053724069
"[35, 13, 22, 48, 13, 32, 12, 32, 57, 38, 57, 19, 23, 5, 65]",43.444082722832704
"[42, 19, 22, 63, 16, 31, 12, 32, 57, 38, 57, 19, 23, 6, 65]",44.925343660968615
"[40, 20, 24, 63, 18, 32, 12, 32, 57, 38, 57, 19, 23, 6, 65]",48.069401709401596
"[47, 19, 25, 63, 18, 32, 12, 32, 57, 38, 58, 19, 23, 4, 65]",52.61432221713473
"[35, 13, 22, 53, 17, 31, 13, 32, 57, 37, 58, 19, 23, 6, 65]",48.99417328042351
"[39, 16, 23, 63, 16, 31, 12, 32, 57, 38, 56, 20, 23, 6, 65]",44.88126920533162
"[35, 12, 22, 48, 13, 32, 12, 32, 57, 38, 56, 19, 23, 7, 65]",44.80640923890926
"[35, 12, 22, 53, 13, 31, 12, 32, 57, 38, 56, 20, 23, 5, 65]",44.938756613756496
"[35, 15, 22, 57, 16, 32, 12, 32, 56, 37, 57, 19, 23, 6, 65]",45.34646990740739
"[48, 21, 24, 63, 18, 32, 12, 32, 57, 38, 56, 19, 23, 8, 65]",46.945654380341786
"[35, 14, 22, 53, 16, 32, 13, 32, 57, 38, 56, 19, 23, 6, 65]",44.35727805759075
"[43, 15, 27, 63, 15, 31, 13, 32, 57, 38, 58, 19, 23, 6, 65]",48.82917239010982
"[39, 13, 26, 57, 13, 31, 13, 32, 57, 38, 56, 19, 23, 5, 65]",46.66193452380942
"[35, 21, 23, 63, 22, 31, 12, 32, 57, 38, 58, 19, 23, 6, 65]",49.165035358160445
"[40, 16, 24, 63, 15, 31, 12, 32, 57, 38, 59, 19, 23, 6, 65]",47.22702635327639
"[39, 17, 23, 63, 14, 32, 12, 32, 57, 38, 56, 19, 23, 4, 65]",46.88454721204722
"[46, 18, 26, 63, 16, 32, 12, 32, 57, 38, 56, 19, 23, 7, 65]",47.40074353886845
"[35, 15, 22, 48, 13, 31, 13, 32, 57, 38, 57, 20, 23, 5, 65]",46.840979217541694
"[35, 15, 24, 60, 14, 33, 12, 32, 57, 38, 58, 19, 23, 6, 65]",44.99541068884826
"[37, 12, 23, 57, 14, 32, 12, 32, 57, 38, 56, 19, 23, 6, 65]",44.848006461131284
"[35, 12, 22, 48, 13, 33, 12, 32, 57, 38, 56, 19, 23, 5, 65]",47.74295418701677
"[42, 20, 22, 63, 17, 31, 12, 32, 57, 38, 56, 19, 23, 6, 65]",44.41991580179065
"[42, 21, 24, 63, 18, 33, 12, 32, 57, 38, 57, 21, 23, 5, 65]",45.36627531033783
"[48, 16, 27, 63, 21, 32, 12, 32, 57, 37, 56, 19, 23, 5, 65]",45.61255329161576
"[35, 15, 22, 53, 13, 31, 13, 32, 57, 36, 59, 19, 23, 6, 65]",44.56282763532761
"[42, 17, 23, 63, 15, 32, 13, 32, 57, 38, 56, 20, 23, 5, 65]",45.07540992572234
"[35, 13, 22, 48, 13, 32, 13, 32, 57, 38, 59, 19, 23, 5, 65]",46.47743335368352
"[35, 13, 22, 55, 13, 31, 13, 32, 57, 38, 57, 20, 23, 4, 65]",48.01514639295883
"[35, 15, 22, 54, 16, 32, 12, 32, 56, 37, 58, 19, 23, 6, 65]",44.433466244403746
"[46, 16, 25, 63, 19, 33, 12, 32, 57, 38, 57, 19, 23, 3, 65]",46.59957913614163
"[35, 15, 22, 52, 14, 32, 13, 32, 57, 38, 56, 19, 23, 6, 65]",45.2792266992266
"[41, 19, 24, 63, 13, 31, 13, 32, 57, 38, 57, 19, 23, 6, 65]",46.10535905067158
"[40, 16, 22, 57, 13, 32, 12, 32, 57, 38, 56, 19, 23, 5, 65]",46.75492572242576
"[35, 22, 22, 63, 23, 31, 12, 32, 57, 38, 56, 19, 23, 7, 65]",46.789228861416376
"[41, 18, 23, 63, 15, 33, 12, 32, 57, 38, 59, 19, 23, 7, 65]",47.21074913512416
"[38, 16, 26, 62, 18, 32, 12, 32, 57, 38, 56, 19, 23, 7, 65]",45.56823641636153
"[41, 17, 29, 63, 17, 32, 12, 32, 57, 38, 57, 19, 23, 7, 65]",47.30986607142845
"[35, 12, 22, 48, 13, 31, 13, 32, 57, 38, 58, 20, 23, 6, 65]",48.005376602564276
"[35, 14, 25, 58, 15, 33, 12, 32, 57, 38, 57, 19, 23, 6, 65]",46.90934218559202
"[35, 15, 22, 58, 15, 33, 12, 32, 57, 38, 56, 19, 23, 6, 65]",46.28286591880332
"[35, 12, 22, 48, 13, 31, 12, 32, 57, 38, 56, 19, 23, 6, 65]",46.25175226393961
"[41, 14, 25, 63, 16, 31, 12, 32, 57, 38, 56, 19, 23, 6, 65]",44.255461818274185
"[43, 19, 28, 63, 17, 33, 12, 32, 57, 38, 57, 21, 23, 5, 65]",46.62604332010556
"[45, 15, 28, 63, 18, 32, 12, 32, 57, 37, 56, 19, 23, 8, 65]",45.90333803927558
"[35, 17, 22, 54, 13, 31, 12, 32, 57, 37, 58, 19, 23, 6, 65]",46.294627721815196
"[41, 17, 23, 63, 17, 33, 13, 32, 57, 38, 57, 20, 23, 3, 65]",46.25181891025634
"[35, 14, 22, 48, 13, 31, 14, 32, 57, 38, 61, 19, 23, 5, 65]",45.747410459910284
"[35, 14, 22, 56, 13, 32, 13, 32, 57, 38, 57, 19, 23, 7, 65]",46.55283882783874
"[38, 14, 22, 55, 13, 31, 12, 32, 57, 37, 59, 19, 23, 6, 65]",46.99238718457475
"[42, 17, 25, 63, 16, 32, 12, 32, 57, 38, 58, 19, 23, 1, 65]",47.348845517908124
"[35, 15, 22, 55, 13, 32, 12, 32, 57, 38, 56, 19, 23, 6, 65]",46.495537113349606
"[40, 13, 25, 63, 16, 31, 12, 32, 57, 38, 56, 19, 23, 6, 65]",51.14228111009351
"[41, 15, 22, 58, 14, 33, 12, 32, 57, 38, 56, 19, 23, 7, 65]",46.07868971306452
"[46, 15, 26, 63, 19, 31, 13, 32, 57, 38, 56, 19, 23, 6, 65]",48.12547568172559
"[41, 18, 23, 63, 15, 32, 13, 32, 57, 38, 56, 19, 23, 8, 65]",43.916129298942074
"[38, 15, 25, 62, 19, 32, 13, 32, 57, 38, 56, 20, 23, 8, 65]",44.7454365079363
"[42, 16, 23, 63, 17, 33, 14, 32, 57, 38, 58, 21, 23, 7, 65]",46.1545318223443
"[35, 12, 22, 48, 13, 34, 12, 32, 57, 38, 58, 19, 23, 6, 65]",45.01672173890927
"[37, 15, 22, 59, 15, 32, 13, 32, 57, 38, 56, 20, 23, 6, 65]",44.78378357753333
"[35, 19, 22, 59, 13, 33, 12, 32, 57, 38, 56, 19, 23, 8, 65]",47.268609966422545
"[35, 12, 22, 48, 13, 31, 12, 32, 57, 38, 57, 19, 23, 8, 65]",44.11529189560422
"[39, 12, 27, 63, 14, 31, 12, 32, 56, 38, 56, 19, 23, 7, 65]",45.805281593406654
"[43, 17, 29, 63, 16, 33, 13, 32, 57, 38, 58, 19, 23, 6, 65]",44.943429359991825
"[43, 22, 28, 63, 16, 31, 12, 32, 56, 38, 56, 19, 23, 8, 65]",44.5970421245423
"[35, 12, 22, 57, 13, 31, 13, 32, 57, 38, 57, 19, 23, 7, 65]",48.06911566442786
"[40, 16, 25, 63, 16, 34, 13, 32, 57, 38, 57, 19, 23, 5, 65]",46.36650920838421
"[35, 13, 22, 48, 13, 31, 13, 32, 57, 38, 59, 19, 23, 6, 65]",45.77696899165666
"[35, 15, 22, 59, 14, 32, 13, 32, 57, 38, 56, 19, 23, 8, 65]",42.547354115791656
"[35, 13, 22, 59, 13, 31, 12, 32, 57, 37, 59, 19, 23, 6, 65]",45.07980171448917
"[44, 20, 23, 63, 14, 31, 14, 32, 57, 38, 58, 19, 23, 8, 65]",50.13622036528298
"[35, 15, 22, 58, 13, 32, 12, 32, 57, 38, 56, 19, 23, 7, 65]",47.25159569597073
"[40, 15, 26, 63, 17, 31, 13, 32, 57, 38, 56, 19, 23, 8, 65]",46.85779634717124
"[37, 13, 22, 60, 15, 31, 14, 32, 57, 38, 56, 19, 23, 8, 64]",45.91891292735054
"[50, 12, 26, 63, 13, 31, 13, 32, 57, 38, 57, 19, 23, 6, 65]",47.42185999185989
"[40, 16, 24, 63, 15, 31, 14, 32, 57, 38, 56, 20, 23, 8, 65]",44.050822649572744
"[42, 17, 24, 63, 15, 32, 14, 32, 57, 38, 60, 20, 23, 6, 65]",47.327495294057854
"[42, 17, 22, 63, 17, 33, 15, 32, 57, 38, 56, 22, 23, 7, 65]",47.607058658933724
"[35, 15, 22, 48, 13, 33, 12, 32, 57, 38, 57, 20, 23, 8, 65]",45.52694749694766
"[40, 16, 22, 60, 14, 31, 13, 32, 57, 38, 58, 19, 23, 7, 65]",48.18362484737499
"[40, 12, 22, 60, 13, 33, 14, 32, 57, 38, 57, 19, 23, 6, 65]",46.32250432437939
"[35, 12, 22, 48, 13, 31, 14, 32, 57, 38, 59, 19, 23, 6, 65]",46.23402777777778
"[39, 12, 28, 63, 14, 31, 13, 32, 56, 38, 57, 19, 23, 8, 65]",45.51335279304025
"[42, 17, 25, 63, 16, 31, 14, 32, 57, 38, 57, 19, 23, 8, 65]",45.80488375050864
"[46, 21, 24, 63, 16, 31, 14, 32, 55, 38, 56, 19, 23, 8, 65]",47.45599435286939
"[35, 12, 22, 52, 13, 32, 14, 32, 57, 38, 58, 19, 23, 8, 65]",45.91718139499406
"[41, 16, 26, 63, 16, 33, 12, 32, 57, 38, 56, 19, 23, 6, 65]",45.52541793854292
"[35, 12, 22, 48, 13, 32, 13, 32, 57, 38, 56, 19, 23, 7, 65]",44.75296092796112
"[35, 14, 22, 60, 14, 33, 13, 32, 57, 38, 57, 19, 23, 8, 65]",47.02664466320702
"[35, 13, 22, 61, 13, 31, 14, 32, 56, 37, 57, 20, 23, 6, 65]",44.65759017602786
"[44, 19, 25, 63, 14, 31, 15, 32, 57, 38, 56, 19, 23, 8, 65]",47.58293383699649
"[35, 14, 22, 59, 13, 32, 14, 32, 57, 38, 56, 19, 23, 8, 64]",45.43596916971914
"[40, 18, 24, 63, 17, 32, 14, 32, 57, 38, 57, 19, 23, 8, 65]",45.8695426332925
"[37, 13, 22, 62, 15, 32, 14, 32, 57, 38, 58, 19, 23, 8, 63]",47.818255367317896
"[41, 20, 25, 63, 13, 32, 13, 32, 57, 38, 58, 19, 23, 7, 65]",52.752703881766536
"[40, 15, 24, 63, 15, 31, 14, 32, 57, 38, 58, 20, 23, 7, 65]",45.213091804029204
"[43, 18, 24, 63, 13, 31, 13, 32, 57, 38, 62, 19, 23, 5, 64]",45.93854421041911
"[43, 18, 27, 63, 15, 31, 13, 32, 57, 38, 56, 23, 23, 7, 65]",46.93304627085877
"[35, 16, 22, 48, 13, 31, 12, 32, 56, 38, 56, 20, 23, 7, 65]",47.61398720492467
"[40, 15, 22, 61, 14, 32, 13, 32, 57, 38, 59, 19, 23, 8, 65]",45.54955128205137
"[41, 13, 22, 60, 14, 33, 14, 32, 57, 38, 58, 19, 23, 5, 65]",51.782807030932055
"[35, 12, 22, 48, 13, 31, 14, 32, 57, 38, 59, 20, 23, 5, 65]",48.17998728123713
"[39, 19, 22, 63, 16, 31, 14, 32, 56, 38, 58, 19, 23, 6, 65]",46.85080179080167
"[40, 17, 22, 63, 17, 33, 13, 32, 57, 38, 58, 19, 23, 6, 65]",46.36159887566133
"[46, 14, 23, 63, 18, 31, 14, 32, 54, 37, 56, 19, 23, 6, 65]",45.781384055759034
"[35, 14, 22, 50, 13, 33, 13, 32, 57, 38, 58, 19, 23, 7, 65]",47.30572954822942
"[42, 17, 24, 63, 16, 31, 13, 32, 57, 38, 56, 19, 23, 7, 65]",44.88643722018735
"[35, 13, 22, 51, 13, 32, 12, 32, 57, 38, 56, 19, 23, 7, 65]",45.57610754985737
"[35, 15, 22, 62, 13, 33, 13, 32, 57, 38, 59, 19, 23, 7, 65]",44.93205662393156
"[37, 14, 22, 57, 15, 31, 13, 32, 55, 37, 57, 19, 23, 7, 65]",45.4793715659342
"[42, 15, 26, 63, 16, 32, 15, 32, 57, 38, 56, 19, 23, 8, 65]",46.77697814916579
"[35, 14, 22, 56, 13, 32, 14, 32, 56, 38, 58, 19, 23, 6, 65]",47.5639252645499
"[42, 18, 26, 63, 17, 33, 14, 32, 56, 38, 59, 19, 23, 7, 65]",46.7943114061861
"[42, 16, 22, 60, 13, 33, 13, 32, 57, 38, 58, 19, 23, 5, 63]",45.51414313695555
"[39, 22, 22, 63, 15, 32, 12, 32, 57, 38, 57, 19, 23, 7, 65]",51.42043510887256
"[41, 16, 23, 63, 15, 33, 12, 32, 57, 38, 59, 19, 23, 7, 65]",48.342341651404105
"[40, 15, 28, 63, 13, 31, 12, 32, 57, 38, 56, 19, 23, 5, 65]",50.962723214285845
"[42, 17, 27, 63, 16, 31, 12, 32, 57, 38, 58, 19, 23, 7, 65]",47.98633457977195
"[35, 15, 22, 48, 13, 31, 13, 32, 56, 38, 56, 20, 23, 6, 65]",46.209750457875515
"[36, 15, 24, 63, 15, 33, 12, 32, 57, 38, 58, 19, 23, 7, 65]",47.77410828754553
"[37, 21, 22, 61, 15, 32, 12, 32, 57, 38, 57, 19, 23, 6, 64]",48.98951973951984
"[35, 12, 22, 48, 13, 33, 13, 32, 57, 38, 57, 19, 23, 5, 65]",48.781948132885525
"[40, 19, 22, 63, 17, 31, 14, 32, 55, 37, 58, 19, 23, 6, 65]",43.6029580026456
"[40, 17, 22, 63, 18, 32, 12, 32, 57, 38, 58, 21, 23, 5, 65]",47.5922051790801
"[43, 12, 23, 63, 15, 31, 13, 32, 55, 37, 57, 20, 23, 5, 65]",48.31853492572231
"[35, 15, 22, 59, 13, 31, 12, 32, 57, 38, 58, 19, 23, 6, 65]",45.908623066748
"[42, 17, 22, 63, 15, 31, 14, 32, 57, 38, 59, 19, 23, 6, 65]",47.91004922161169
"[35, 14, 22, 56, 13, 32, 14, 32, 57, 37, 56, 19, 23, 7, 65]",45.82060083435075
"[35, 15, 22, 58, 13, 32, 13, 32, 57, 38, 58, 19, 23, 7, 65]",47.99831489112744
"[38, 15, 22, 53, 16, 31, 12, 32, 55, 37, 57, 19, 23, 7, 65]",46.08977042633295
"[42, 13, 25, 63, 18, 32, 13, 32, 57, 38, 56, 19, 23, 6, 65]",48.92693261599514
"[35, 14, 22, 55, 13, 32, 12, 32, 57, 38, 58, 20, 23, 6, 65]",46.939816595441826
"[43, 15, 28, 63, 15, 33, 12, 32, 57, 38, 59, 19, 23, 6, 65]",44.475368335368266
"[41, 17, 22, 59, 13, 33, 12, 32, 57, 38, 57, 20, 23, 3, 64]",46.66128484940995
"[38, 19, 22, 63, 16, 31, 12, 31, 57, 37, 56, 19, 23, 7, 65]",43.47943884818897
"[39, 18, 23, 62, 14, 33, 12, 32, 57, 38, 59, 19, 23, 7, 65]",45.15678482397213
"[38, 15, 26, 63, 13, 31, 12, 32, 56, 38, 56, 19, 23, 7, 65]",47.815878230565716
"[42, 16, 23, 63, 17, 32, 12, 32, 57, 38, 58, 19, 23, 7, 65]",45.73579530423287
"[35, 13, 22, 48, 13, 31, 13, 32, 55, 37, 58, 19, 23, 7, 65]",44.81859330484319
"[38, 15, 25, 59, 15, 32, 12, 32, 57, 38, 58, 19, 23, 6, 65]",46.810509259259135
"[35, 16, 22, 62, 14, 32, 12, 32, 57, 38, 56, 19, 23, 8, 63]",47.485892857142815
"[35, 12, 22, 48, 13, 34, 12, 32, 57, 38, 56, 19, 23, 8, 65]",44.84972362128604
"[41, 18, 22, 63, 14, 31, 13, 32, 56, 37, 58, 19, 23, 7, 65]",43.89004833129803
"[40, 18, 22, 63, 13, 32, 12, 32, 57, 38, 57, 20, 23, 7, 65]",45.89257008038248
"[43, 14, 24, 63, 14, 32, 12, 32, 57, 37, 57, 20, 23, 6, 65]",47.55900501119263
"[35, 14, 22, 58, 13, 31, 13, 32, 57, 38, 59, 19, 23, 7, 65]",50.61364316239326
"[43, 15, 22, 63, 15, 33, 13, 32, 57, 38, 59, 19, 23, 5, 65]",43.97155270655268
"[35, 12, 22, 61, 13, 32, 14, 32, 57, 38, 58, 19, 23, 6, 65]",49.452063746438725
"[35, 14, 22, 50, 14, 31, 13, 32, 57, 38, 57, 20, 23, 7, 65]",49.01404100529116
"[39, 16, 22, 58, 16, 31, 13, 31, 55, 37, 58, 19, 23, 7, 65]",44.23458320614548
"[42, 16, 23, 63, 15, 32, 12, 32, 57, 37, 57, 19, 23, 6, 65]",47.31934549247037
"[35, 14, 22, 55, 13, 32, 12, 32, 57, 38, 57, 20, 23, 7, 65]",46.0156971153847
"[41, 15, 25, 63, 15, 32, 12, 32, 57, 38, 56, 19, 23, 6, 65]",47.82350745319498
"[41, 14, 23, 62, 15, 32, 12, 32, 57, 38, 56, 19, 23, 5, 65]",48.487433226495774
"[40, 16, 23, 63, 15, 31, 13, 31, 57, 37, 56, 19, 23, 7, 65]",44.79108592796095
"[39, 16, 22, 62, 15, 32, 13, 32, 57, 38, 56, 19, 23, 8, 65]",45.87034785816026
"[39, 15, 26, 63, 14, 32, 13, 32, 56, 37, 56, 19, 23, 8, 65]",49.56990664428168
"[42, 16, 24, 63, 14, 32, 13, 32, 57, 38, 57, 19, 23, 7, 65]",45.74926231176224
"[35, 12, 22, 48, 13, 31, 13, 32, 55, 38, 59, 19, 23, 8, 65]",47.740938008750355
"[39, 15, 22, 60, 14, 31, 13, 32, 57, 38, 57, 19, 23, 7, 65]",44.851854141229154
"[38, 12, 23, 58, 13, 32, 13, 32, 57, 38, 56, 19, 23, 6, 64]",45.11965761090767
"[35, 13, 22, 49, 13, 31, 13, 32, 57, 38, 57, 19, 23, 8, 64]",46.12229471916968
"[40, 17, 22, 63, 15, 31, 13, 32, 57, 37, 58, 20, 23, 7, 65]",48.66802197802186
"[39, 15, 22, 63, 15, 32, 14, 32, 57, 38, 58, 19, 23, 8, 65]",47.98793574481071
"[40, 20, 22, 63, 17, 32, 12, 32, 57, 38, 58, 19, 23, 8, 65]",48.62590150590186
"[35, 13, 22, 52, 13, 32, 14, 32, 57, 38, 59, 19, 23, 8, 65]",45.31787647537643
"[37, 16, 24, 63, 17, 35, 12, 32, 57, 38, 59, 21, 23, 5, 65]",47.98753841066343
"[35, 14, 22, 48, 13, 32, 13, 32, 57, 38, 59, 20, 23, 6, 65]",46.30100783475775
"[35, 13, 22, 52, 13, 33, 13, 32, 57, 38, 57, 20, 23, 8, 65]",45.51094258750515
"[37, 15, 22, 56, 13, 31, 14, 30, 55, 37, 59, 19, 23, 6, 65]",44.77859584859568
"[43, 22, 22, 63, 14, 31, 12, 32, 57, 38, 57, 19, 23, 8, 65]",44.549849282661626
"[35, 14, 22, 54, 13, 32, 13, 32, 56, 38, 58, 19, 23, 7, 65]",47.83764919108662
"[39, 16, 25, 63, 16, 31, 13, 32, 57, 38, 56, 19, 23, 6, 65]",45.4293936965812
"[41, 12, 24, 63, 15, 31, 13, 32, 57, 38, 56, 19, 23, 7, 64]",48.72784569597067
"[39, 16, 23, 63, 14, 31, 14, 31, 57, 37, 58, 19, 23, 7, 65]",46.78112853581602
"[40, 15, 25, 63, 15, 31, 14, 32, 57, 38, 56, 19, 23, 8, 65]",44.73948692511179
"[40, 16, 24, 63, 14, 31, 13, 32, 56, 37, 56, 19, 23, 8, 65]",44.536684600122115
"[40, 16, 26, 63, 13, 32, 14, 32, 57, 38, 57, 19, 23, 7, 65]",44.8093945868946
"[35, 13, 22, 59, 13, 31, 12, 32, 57, 38, 58, 20, 23, 8, 65]",45.37011790293053
"[38, 15, 22, 62, 14, 32, 14, 32, 57, 38, 57, 19, 23, 7, 65]",46.959667149979545
"[42, 13, 22, 56, 13, 33, 14, 32, 57, 38, 56, 19, 23, 5, 65]",46.25025704619479
"[35, 12, 22, 51, 13, 31, 14, 32, 57, 38, 58, 19, 23, 6, 63]",47.11207862739111
"[38, 16, 22, 63, 16, 31, 13, 32, 56, 37, 58, 20, 23, 7, 65]",47.57384768009764
"[39, 13, 25, 63, 16, 32, 14, 32, 56, 38, 59, 19, 23, 6, 65]",47.33333880240136
"[43, 21, 22, 63, 18, 31, 14, 32, 56, 38, 58, 19, 23, 8, 65]",45.66266623422881
"[35, 13, 22, 51, 13, 32, 12, 32, 56, 38, 58, 19, 23, 8, 65]",46.47905308811576
"[35, 18, 23, 63, 16, 31, 12, 32, 57, 38, 57, 21, 23, 6, 65]",45.33090544871789
"[35, 16, 22, 48, 13, 31, 12, 32, 57, 38, 59, 19, 23, 6, 65]",46.813188593813585
"[35, 12, 22, 54, 13, 34, 14, 32, 57, 38, 58, 19, 23, 8, 65]",45.387045685795684
"[37, 14, 22, 55, 13, 32, 13, 31, 56, 37, 60, 19, 23, 6, 65]",44.348792480667484
"[45, 18, 25, 63, 15, 31, 14, 32, 57, 38, 57, 19, 23, 7, 65]",45.31037278693526
"[35, 14, 22, 55, 13, 32, 14, 32, 57, 38, 58, 19, 23, 7, 65]",45.64281974969494
"[40, 16, 26, 63, 17, 31, 13, 32, 56, 38, 56, 19, 23, 8, 65]",45.14818592287346
"[39, 17, 22, 63, 14, 31, 13, 32, 56, 38, 56, 19, 23, 7, 63]",47.553127670940086
"[37, 17, 25, 63, 14, 32, 13, 32, 56, 38, 59, 19, 23, 7, 65]",46.81768620268649
"[40, 16, 25, 62, 14, 33, 14, 32, 57, 38, 57, 19, 23, 8, 65]",46.1183702177454
"[38, 17, 23, 61, 14, 31, 12, 32, 56, 38, 57, 19, 23, 7, 64]",45.36336284086276
"[38, 16, 25, 63, 13, 32, 14, 32, 57, 38, 58, 20, 23, 7, 65]",46.2945666717541
"[35, 15, 22, 49, 13, 31, 12, 32, 57, 37, 56, 21, 23, 7, 65]",48.34918701668714
"[36, 15, 22, 59, 14, 33, 13, 32, 57, 38, 57, 19, 23, 7, 65]",50.337304258241794
"[45, 20, 22, 61, 14, 33, 13, 32, 57, 38, 56, 20, 23, 8, 65]",47.32296029202273
"[35, 12, 22, 48, 13, 32, 13, 32, 57, 38, 56, 19, 23, 4, 65]",45.241287901913026
"[38, 16, 24, 63, 17, 31, 14, 32, 55, 38, 57, 19, 23, 7, 65]",44.63107181013441
"[40, 16, 23, 63, 16, 32, 13, 32, 55, 38, 56, 19, 23, 5, 65]",44.62130621693111
"[45, 16, 24, 63, 17, 31, 14, 32, 55, 38, 56, 19, 23, 6, 65]",45.32769332519339
"[35, 14, 22, 61, 13, 32, 12, 32, 57, 37, 57, 19, 23, 8, 65]",46.89642246642241
"[41, 17, 22, 63, 13, 31, 12, 32, 57, 38, 56, 19, 23, 7, 65]",44.89231888481881
"[35, 13, 22, 48, 13, 32, 13, 32, 57, 38, 56, 19, 23, 7, 65]",47.36364875864878
"[35, 15, 22, 54, 13, 34, 14, 32, 57, 38, 57, 19, 23, 7, 65]",46.86976165038662
"[37, 13, 22, 56, 13, 31, 12, 32, 57, 37, 59, 19, 23, 6, 65]",48.28326872201856
"[42, 13, 27, 63, 17, 31, 14, 32, 57, 38, 58, 19, 23, 6, 65]",47.38589069495314
"[35, 14, 22, 54, 13, 32, 13, 32, 57, 38, 58, 19, 23, 6, 65]",45.94879044566532
"[40, 16, 27, 63, 17, 31, 12, 32, 55, 38, 56, 19, 23, 8, 65]",44.746869530932074
"[41, 19, 22, 63, 14, 31, 12, 32, 56, 37, 56, 19, 23, 7, 64]",46.81758903133899
"[39, 17, 25, 63, 16, 32, 12, 32, 57, 38, 56, 20, 23, 7, 65]",47.05141508954002
"[40, 17, 23, 63, 14, 33, 13, 32, 57, 38, 59, 19, 23, 7, 65]",45.645111034798276
"[38, 15, 26, 62, 15, 31, 14, 32, 56, 37, 58, 19, 23, 6, 64]",46.17447878510379
"[39, 16, 23, 63, 15, 33, 14, 32, 57, 38, 59, 21, 23, 7, 65]",51.919445461945536
"[35, 14, 22, 48, 13, 31, 13, 32, 57, 38, 56, 19, 23, 6, 65]",47.54465112433852
"[35, 16, 23, 57, 15, 31, 12, 32, 57, 38, 56, 19, 23, 7, 65]",48.689333791208874
"[39, 21, 22, 63, 16, 32, 12, 32, 57, 38, 56, 20, 23, 8, 65]",46.12570258445252
"[35, 13, 22, 48, 13, 34, 12, 32, 57, 38, 56, 20, 23, 8, 65]",46.054011370574024
"[40, 17, 26, 63, 14, 31, 13, 32, 55, 37, 57, 19, 23, 7, 65]",43.70150399369144
"[40, 18, 22, 63, 14, 31, 12, 32, 56, 38, 56, 19, 23, 7, 65]",44.09164707977189
"[46, 13, 26, 63, 15, 32, 13, 32, 55, 38, 56, 20, 23, 7, 65]",45.119286731786566
"[35, 14, 22, 63, 13, 31, 12, 32, 56, 37, 56, 19, 23, 8, 65]",43.94901289682561
"[45, 15, 22, 63, 15, 31, 14, 32, 57, 38, 59, 19, 23, 7, 65]",45.353901226088745
"[35, 12, 22, 51, 13, 32, 15, 32, 57, 38, 59, 19, 23, 7, 65]",45.25387477106228
"[35, 15, 22, 53, 13, 33, 13, 32, 57, 38, 56, 19, 23, 7, 65]",48.61468635531144
"[35, 14, 22, 58, 14, 31, 13, 32, 57, 37, 56, 19, 23, 6, 65]",46.94367432336189
"[42, 16, 24, 63, 18, 33, 12, 32, 57, 38, 57, 19, 23, 6, 65]",47.1693958587707
"[35, 15, 22, 56, 13, 32, 12, 32, 57, 38, 56, 19, 23, 7, 65]",46.222806267806185
"[43, 16, 26, 63, 16, 31, 12, 32, 55, 38, 56, 19, 23, 6, 64]",44.50528884310148
"[41, 17, 23, 63, 15, 31, 12, 32, 56, 37, 56, 19, 23, 7, 65]",44.742897970085416
"[41, 16, 22, 63, 16, 32, 13, 32, 57, 38, 56, 19, 23, 7, 65]",44.201798560235915
"[39, 17, 23, 61, 14, 32, 12, 32, 57, 38, 57, 19, 23, 6, 65]",49.673182870370646
"[39, 15, 25, 61, 13, 31, 15, 32, 57, 38, 58, 19, 23, 6, 64]",45.10723150691898
"[40, 15, 23, 63, 17, 33, 13, 32, 57, 38, 57, 20, 23, 7, 65]",46.63645146520151
"[35, 12, 22, 48, 13, 32, 14, 32, 57, 38, 57, 19, 23, 6, 65]",46.407189153439084
"[35, 13, 22, 58, 15, 31, 12, 32, 57, 38, 58, 20, 23, 7, 65]",46.09721840659317
"[38, 15, 23, 63, 16, 32, 12, 32, 57, 38, 57, 19, 23, 7, 65]",44.54395884208408
"[35, 14, 22, 55, 13, 34, 12, 32, 57, 38, 56, 19, 23, 8, 64]",46.692007020757
"[41, 17, 23, 63, 15, 31, 12, 32, 56, 37, 58, 19, 23, 7, 65]",50.52402116402114
"[41, 19, 22, 63, 13, 31, 12, 32, 57, 38, 56, 19, 23, 8, 65]",47.25351139601141
"[43, 20, 24, 63, 18, 32, 12, 32, 56, 38, 58, 19, 23, 8, 65]",46.20366707366718
"[35, 13, 22, 62, 13, 31, 14, 32, 56, 38, 58, 19, 23, 6, 65]",46.96917658730157
"[47, 15, 22, 63, 18, 31, 14, 32, 57, 38, 59, 19, 23, 5, 65]",46.731604726292176
"[35, 13, 22, 55, 13, 32, 15, 32, 57, 38, 59, 20, 23, 5, 65]",47.883238960114156
"[35, 13, 22, 58, 13, 31, 12, 32, 57, 38, 58, 19, 23, 7, 65]",46.96057514245026
"[35, 15, 22, 55, 15, 31, 13, 32, 56, 38, 56, 19, 23, 7, 65]",46.918558073870436
"[42, 18, 23, 63, 16, 32, 12, 32, 57, 38, 56, 19, 23, 8, 64]",43.27129451566938
"[35, 16, 22, 59, 14, 32, 12, 32, 57, 38, 56, 19, 23, 7, 65]",46.20401887464404
"[42, 16, 26, 63, 14, 31, 13, 32, 57, 36, 57, 19, 23, 6, 65]",44.73411121286125
"[41, 12, 25, 63, 16, 32, 12, 32, 56, 37, 57, 19, 23, 7, 65]",46.61703423890926
"[40, 17, 22, 63, 15, 32, 13, 32, 56, 38, 58, 19, 23, 7, 65]",46.51986072954821
"[39, 18, 23, 61, 15, 32, 12, 32, 57, 38, 56, 19, 23, 6, 65]",45.37348608567356
"[37, 17, 25, 63, 13, 32, 13, 32, 57, 38, 56, 19, 23, 7, 64]",44.51944355413084
"[40, 16, 24, 63, 17, 33, 13, 32, 57, 38, 56, 19, 23, 7, 65]",44.95108122201863
"[35, 13, 22, 48, 13, 32, 13, 32, 56, 38, 57, 19, 23, 7, 64]",46.73251437220187
"[38, 13, 22, 62, 15, 31, 13, 32, 56, 38, 58, 19, 22, 7, 65]",50.2214262820512
"[41, 13, 24, 63, 13, 33, 13, 32, 57, 38, 59, 19, 23, 6, 65]",44.21243297212042
"[35, 14, 22, 49, 13, 31, 13, 32, 57, 38, 61, 19, 23, 5, 64]",46.05126157407401
"[39, 17, 22, 63, 16, 31, 14, 32, 55, 37, 57, 19, 23, 7, 65]",47.05577291921034
"[38, 17, 24, 62, 13, 31, 13, 32, 56, 38, 58, 19, 23, 7, 64]",47.65778070309319
"[39, 22, 24, 63, 19, 31, 12, 32, 57, 38, 59, 19, 23, 8, 65]",45.12003090659348
"[36, 16, 22, 53, 14, 32, 14, 32, 56, 38, 57, 19, 23, 8, 65]",44.4434077380952
"[42, 16, 22, 63, 19, 32, 12, 32, 57, 38, 56, 19, 23, 4, 65]",47.56286337505083
"[35, 14, 22, 49, 13, 32, 14, 32, 57, 38, 58, 19, 23, 7, 65]",45.47605960012221
"[35, 12, 22, 55, 13, 32, 13, 32, 57, 38, 58, 19, 23, 8, 65]",46.60821759259253
"[36, 14, 22, 52, 15, 31, 13, 32, 56, 38, 59, 19, 23, 7, 65]",44.88050162800167
"[40, 19, 26, 63, 14, 31, 12, 32, 57, 38, 58, 19, 23, 8, 64]",44.21881957163194
"[35, 15, 22, 55, 14, 32, 13, 32, 57, 38, 58, 19, 23, 6, 65]",46.114909188034424
"[38, 15, 26, 63, 16, 32, 14, 32, 57, 35, 56, 19, 23, 8, 65]",46.912483211233265
"[42, 17, 24, 63, 15, 31, 13, 32, 55, 38, 57, 19, 23, 6, 65]",46.983544083231585
"[37, 17, 22, 63, 15, 31, 12, 31, 55, 37, 58, 19, 23, 7, 65]",47.35882122507115
"[39, 14, 25, 61, 15, 32, 13, 32, 57, 38, 56, 19, 23, 7, 65]",43.317676027676086
"[36, 15, 26, 63, 13, 33, 12, 32, 57, 38, 56, 19, 23, 7, 65]",50.914257860195264
"[40, 17, 24, 63, 17, 31, 13, 32, 57, 38, 57, 19, 23, 7, 65]",44.11706082112324
"[35, 14, 22, 55, 13, 32, 12, 32, 56, 38, 57, 21, 23, 8, 65]",45.8633376577127
"[39, 16, 22, 63, 13, 31, 14, 32, 55, 38, 57, 19, 23, 7, 65]",43.53534137159134
"[41, 20, 23, 63, 13, 33, 14, 32, 57, 38, 59, 20, 23, 6, 65]",50.51418841575089
"[35, 12, 22, 48, 13, 31, 14, 32, 57, 38, 61, 20, 23, 6, 64]",48.2034517450142
"[40, 17, 22, 63, 16, 31, 15, 32, 55, 37, 58, 19, 23, 7, 65]",44.64840112433864
"[38, 14, 23, 63, 15, 31, 14, 32, 56, 38, 58, 19, 23, 6, 65]",50.372817078754665
"[39, 21, 24, 63, 18, 31, 12, 32, 56, 38, 58, 19, 23, 6, 65]",45.16981087199833
"[35, 17, 22, 54, 14, 32, 13, 32, 56, 37, 56, 19, 23, 8, 65]",46.51308061151815
"[38, 17, 23, 63, 14, 34, 12, 32, 57, 38, 56, 20, 23, 7, 65]",44.22614837708571
"[35, 12, 22, 48, 13, 32, 12, 32, 57, 38, 60, 19, 23, 8, 65]",48.34866287647534
"[35, 15, 22, 57, 13, 33, 14, 32, 57, 38, 58, 19, 23, 8, 65]",48.573557310745
"[37, 12, 22, 54, 13, 32, 13, 32, 57, 38, 59, 19, 23, 7, 65]",45.287980514855526
"[42, 17, 24, 63, 15, 32, 13, 32, 57, 38, 58, 19, 23, 8, 65]",46.91906682437925
"[38, 13, 22, 57, 13, 32, 13, 32, 56, 38, 58, 19, 23, 6, 65]",47.0439865689864
"[41, 15, 24, 63, 17, 31, 13, 32, 56, 38, 56, 19, 23, 7, 65]",43.88104408323152
"[40, 18, 24, 63, 13, 31, 14, 32, 57, 38, 57, 19, 23, 5, 65]",44.93517157610895
"[36, 18, 23, 63, 16, 31, 13, 31, 57, 37, 58, 19, 23, 7, 65]",44.74507262413535
"[38, 12, 26, 61, 14, 32, 14, 32, 57, 38, 56, 20, 23, 8, 65]",44.269199481074544
"[39, 14, 27, 59, 14, 32, 12, 32, 57, 38, 57, 19, 23, 7, 64]",46.046463420838265
"[41, 17, 23, 63, 13, 31, 13, 32, 57, 38, 58, 19, 23, 7, 65]",45.27453220390705
"[35, 14, 22, 52, 13, 32, 13, 32, 57, 38, 57, 21, 23, 7, 65]",46.337231634106715
"[39, 17, 23, 62, 13, 31, 13, 32, 55, 37, 56, 19, 23, 7, 65]",46.218120675620725
"[39, 22, 22, 62, 17, 31, 13, 32, 57, 38, 57, 20, 23, 7, 65]",49.272926841677055
"[35, 12, 22, 49, 13, 31, 13, 32, 56, 38, 57, 20, 23, 7, 65]",49.54594716625985
"[40, 17, 23, 63, 16, 31, 13, 32, 56, 37, 59, 19, 23, 7, 65]",43.80529736467255
"[39, 15, 22, 63, 16, 31, 13, 32, 56, 38, 56, 19, 23, 6, 65]",45.467016178266356
"[49, 20, 25, 63, 19, 31, 14, 32, 56, 37, 57, 19, 23, 6, 65]",45.69257364163612
"[35, 17, 22, 63, 13, 31, 12, 32, 57, 36, 56, 19, 23, 8, 65]",46.93511459605196
"[38, 17, 24, 63, 14, 33, 14, 32, 57, 38, 56, 20, 23, 7, 65]",44.11086741961743
"[35, 12, 22, 48, 13, 32, 12, 32, 57, 38, 58, 19, 23, 6, 65]",46.474483491046094
"[35, 15, 22, 57, 13, 32, 13, 32, 57, 38, 57, 19, 23, 8, 65]",47.09081400081394
"[35, 12, 22, 59, 13, 32, 13, 32, 57, 38, 57, 19, 23, 6, 65]",46.78595365282863
"[42, 15, 22, 63, 16, 32, 14, 32, 57, 38, 57, 19, 23, 7, 65]",46.155173229548474
"[35, 13, 22, 60, 13, 32, 13, 32, 56, 38, 56, 19, 23, 6, 65]",44.77369518213268
"[42, 16, 24, 63, 18, 31, 12, 32, 55, 38, 58, 19, 23, 6, 65]",46.358744785307174
"[41, 13, 22, 63, 13, 32, 13, 32, 57, 38, 57, 19, 23, 7, 65]",49.23802719271474
"[40, 17, 26, 63, 14, 31, 14, 32, 57, 37, 58, 19, 23, 7, 65]",45.90337823056569
"[39, 16, 22, 63, 13, 32, 14, 32, 57, 38, 56, 20, 23, 8, 65]",46.23883368945873
"[41, 15, 22, 63, 13, 31, 13, 32, 57, 38, 57, 19, 23, 7, 63]",44.97232931420437
"[40, 15, 24, 63, 13, 31, 13, 32, 57, 38, 58, 19, 23, 7, 65]",45.63674323361827
"[35, 14, 22, 53, 13, 31, 14, 32, 57, 38, 57, 19, 23, 6, 65]",46.03970874033385
"[38, 15, 24, 59, 16, 31, 13, 32, 56, 38, 57, 19, 23, 7, 65]",43.78913881257624
"[40, 22, 22, 63, 19, 31, 12, 32, 57, 38, 56, 19, 23, 8, 65]",45.37518747456249
"[35, 13, 22, 48, 13, 33, 12, 32, 56, 38, 56, 19, 23, 6, 65]",47.20773504273498
"[39, 17, 23, 63, 15, 31, 12, 32, 57, 38, 59, 19, 23, 7, 65]",48.99370065120049
"[40, 19, 22, 61, 13, 32, 12, 32, 57, 38, 56, 19, 23, 7, 65]",44.673295812983056
"[50, 17, 23, 63, 16, 31, 15, 32, 56, 37, 57, 19, 23, 7, 65]",44.93985042735046
"[35, 13, 22, 63, 13, 31, 12, 32, 57, 37, 58, 20, 23, 6, 65]",51.53215595746835
"[42, 15, 24, 62, 17, 33, 13, 32, 57, 38, 58, 19, 23, 5, 65]",48.08530779405768
"[35, 12, 22, 48, 13, 32, 15, 32, 57, 38, 57, 20, 23, 5, 65]",46.218297975172966
"[35, 13, 22, 55, 13, 32, 12, 32, 57, 38, 58, 20, 23, 7, 65]",45.17494314713078
"[35, 14, 22, 62, 14, 32, 13, 32, 57, 38, 56, 19, 23, 7, 65]",47.18806941900724
"[40, 15, 23, 63, 17, 32, 13, 31, 57, 38, 56, 19, 23, 7, 65]",49.01857791514033
"[35, 14, 22, 53, 13, 32, 13, 32, 56, 38, 56, 19, 23, 7, 65]",48.07552019739511
"[41, 16, 27, 63, 16, 31, 13, 32, 56, 38, 58, 19, 22, 7, 65]",46.766228505291046
"[39, 13, 23, 63, 14, 32, 12, 32, 57, 38, 56, 19, 23, 8, 64]",48.93688250407012
"[41, 16, 26, 61, 14, 31, 14, 32, 56, 38, 58, 19, 23, 7, 65]",46.709589692714744
"[38, 16, 22, 60, 13, 33, 12, 32, 57, 38, 61, 20, 23, 6, 65]",47.09141597985341
"[40, 17, 22, 63, 15, 31, 14, 32, 57, 38, 56, 19, 23, 7, 62]",47.741731913919416
"[36, 15, 22, 62, 17, 34, 14, 32, 57, 38, 58, 19, 23, 7, 65]",46.923897028897144
"[35, 15, 22, 53, 13, 31, 13, 32, 57, 38, 57, 19, 23, 6, 65]",48.499134742572124
"[37, 14, 23, 58, 16, 31, 13, 32, 56, 38, 58, 19, 23, 7, 65]",45.99229471916984
"[42, 12, 26, 63, 14, 33, 12, 32, 57, 38, 59, 19, 23, 6, 65]",47.10280868437126
"[35, 14, 22, 48, 13, 34, 13, 32, 57, 38, 57, 19, 23, 7, 65]",45.150609101546635
"[39, 17, 23, 62, 15, 32, 13, 32, 56, 38, 58, 19, 23, 6, 65]",46.06774941493691
"[40, 20, 24, 63, 13, 32, 12, 32, 56, 38, 57, 19, 23, 7, 65]",55.134441900691826
"[40, 18, 23, 63, 17, 31, 14, 32, 56, 38, 57, 19, 23, 8, 65]",45.17143861925104
"[37, 13, 22, 57, 13, 31, 13, 32, 55, 38, 59, 19, 23, 5, 65]",46.058609203296605
"[41, 17, 22, 63, 19, 32, 12, 32, 57, 38, 58, 19, 23, 6, 65]",45.58284569597051
"[35, 12, 22, 53, 13, 32, 13, 32, 57, 38, 59, 19, 23, 6, 65]",47.70082875457868
"[35, 12, 22, 57, 13, 32, 13, 32, 57, 38, 58, 19, 23, 7, 65]",44.88841969373221
"[38, 15, 22, 51, 15, 32, 13, 32, 57, 38, 58, 19, 23, 7, 65]",45.10510836385846
"[39, 16, 25, 63, 16, 33, 12, 32, 57, 38, 56, 19, 23, 7, 64]",46.5021531593406
"[35, 16, 22, 56, 13, 32, 12, 32, 57, 38, 56, 19, 23, 7, 65]",46.316266407203834
"[41, 16, 26, 63, 14, 31, 14, 32, 57, 38, 56, 19, 23, 8, 65]",46.55798687423696
"[39, 17, 24, 62, 15, 32, 14, 32, 57, 38, 56, 20, 23, 6, 65]",49.461044083231506
"[41, 18, 27, 62, 16, 32, 13, 32, 55, 38, 58, 19, 23, 7, 65]",45.18069838726092
"[37, 13, 24, 56, 15, 32, 12, 32, 57, 38, 61, 19, 22, 6, 65]",46.95588395400901
"[38, 16, 26, 63, 15, 32, 13, 32, 57, 38, 56, 19, 23, 7, 64]",44.73667646011401
"[37, 16, 22, 62, 19, 34, 13, 32, 57, 38, 58, 19, 23, 7, 65]",45.339352996540576
"[35, 15, 22, 48, 13, 33, 12, 32, 57, 38, 57, 19, 23, 8, 65]",47.70035625254378
"[37, 15, 23, 60, 13, 31, 13, 31, 55, 38, 57, 19, 23, 7, 65]",45.130670660358
"[45, 12, 28, 63, 13, 33, 13, 32, 57, 38, 58, 19, 23, 6, 65]",48.658066875254185
"[35, 12, 22, 48, 13, 34, 13, 32, 57, 38, 58, 19, 23, 7, 65]",45.64440018315009
"[40, 18, 22, 60, 16, 32, 15, 32, 55, 38, 56, 19, 23, 7, 65]",48.21612764550265
"[39, 14, 23, 63, 13, 31, 13, 32, 55, 38, 58, 19, 23, 7, 65]",48.105720772283384
"[41, 18, 24, 63, 18, 31, 12, 32, 56, 38, 57, 19, 23, 8, 65]",45.84035459910458
"[37, 14, 22, 54, 13, 32, 13, 32, 55, 38, 57, 19, 23, 7, 65]",46.305859788359754
"[40, 17, 24, 63, 15, 33, 12, 32, 57, 38, 56, 19, 23, 6, 65]",45.65597158628425
"[35, 13, 22, 57, 13, 32, 12, 32, 57, 38, 60, 19, 23, 8, 65]",46.202205179080124
"[35, 13, 22, 57, 13, 31, 13, 32, 57, 38, 56, 19, 23, 7, 65]",45.608927172364716
"[43, 16, 22, 48, 17, 32, 13, 32, 57, 38, 58, 19, 23, 6, 65]",45.51826032763536
"[40, 18, 22, 63, 14, 34, 12, 32, 56, 38, 57, 19, 23, 7, 63]",45.3378411172161
"[35, 17, 22, 57, 13, 32, 12, 32, 57, 38, 57, 19, 23, 6, 64]",43.47326897639392
"[42, 15, 27, 63, 14, 33, 12, 32, 57, 38, 57, 19, 23, 8, 65]",46.64294464794463
"[40, 18, 23, 60, 15, 32, 14, 32, 57, 38, 59, 20, 23, 6, 65]",43.85218749999994
"[38, 17, 23, 63, 17, 32, 12, 32, 57, 38, 57, 19, 23, 7, 65]",47.428760175010254
"[35, 15, 24, 54, 15, 31, 13, 32, 57, 38, 56, 19, 23, 8, 65]",47.3753744403745
"[38, 16, 29, 63, 13, 33, 12, 32, 57, 38, 56, 19, 23, 7, 65]",46.89574124949126
"[40, 16, 26, 63, 13, 31, 12, 32, 57, 38, 58, 19, 22, 7, 65]",44.96251182844929
"[35, 14, 22, 48, 13, 32, 12, 32, 57, 38, 58, 20, 23, 8, 65]",49.02074837199823
"[37, 16, 22, 59, 13, 31, 14, 32, 55, 38, 57, 19, 23, 7, 65]",44.98881473850223
"[35, 14, 22, 63, 14, 31, 13, 32, 57, 38, 57, 19, 23, 7, 65]",58.59666653947902
"[35, 12, 22, 48, 13, 31, 13, 32, 57, 38, 59, 19, 23, 6, 65]",47.951626856939434
"[39, 19, 22, 63, 16, 32, 12, 32, 55, 38, 56, 19, 23, 7, 65]",46.071354675417
"[39, 13, 22, 63, 14, 31, 13, 32, 56, 38, 58, 19, 23, 7, 65]",48.094765847578415
"[44, 18, 25, 63, 19, 31, 12, 32, 56, 38, 57, 19, 23, 7, 65]",43.683879477004524
"[35, 15, 22, 58, 13, 32, 13, 32, 55, 38, 56, 19, 23, 8, 65]",44.0234221102969
"[41, 16, 24, 63, 13, 35, 13, 32, 57, 38, 56, 19, 23, 5, 64]",47.481514168701594
"[35, 15, 22, 48, 13, 31, 13, 32, 57, 38, 57, 19, 23, 7, 65]",45.95634030321525
"[35, 16, 22, 53, 13, 32, 13, 32, 57, 38, 56, 19, 23, 7, 65]",44.17967541717553
"[41, 14, 22, 63, 16, 31, 12, 32, 57, 37, 57, 19, 23, 6, 65]",46.34301116707366
"[41, 16, 23, 63, 13, 34, 13, 32, 57, 38, 56, 19, 23, 7, 65]",44.116918116605696
"[35, 15, 22, 59, 14, 32, 14, 32, 55, 38, 57, 19, 23, 6, 64]",48.37656148249887
"[41, 16, 26, 63, 15, 33, 12, 32, 57, 38, 57, 19, 23, 7, 65]",44.830117012617016
"[41, 12, 23, 62, 15, 32, 12, 32, 57, 38, 59, 19, 23, 7, 65]",47.71093851750125
"[41, 17, 22, 63, 16, 31, 12, 32, 57, 38, 57, 19, 23, 7, 65]",44.177130519943084
"[36, 15, 25, 56, 13, 32, 14, 32, 57, 38, 56, 19, 23, 8, 65]",45.98069673382165
"[41, 16, 27, 63, 14, 32, 13, 32, 57, 38, 56, 19, 23, 7, 65]",45.99764639295871
"[41, 16, 28, 63, 13, 31, 13, 32, 57, 38, 56, 19, 23, 7, 65]",50.58562118437114
"[35, 12, 22, 52, 13, 31, 13, 32, 57, 38, 59, 20, 23, 8, 65]",46.112804614366965
"[37, 15, 22, 60, 13, 31, 14, 32, 55, 37, 57, 19, 23, 7, 65]",44.94338751526252
"[35, 18, 22, 63, 14, 31, 13, 32, 57, 38, 56, 19, 23, 7, 65]",43.97140682234448
"[35, 14, 22, 55, 13, 31, 13, 32, 57, 38, 59, 20, 23, 6, 65]",46.479211055148575
"[38, 19, 23, 63, 16, 32, 12, 32, 57, 38, 56, 19, 23, 6, 65]",44.303249007936465
"[39, 14, 23, 62, 14, 31, 13, 32, 57, 37, 57, 19, 23, 7, 65]",45.456646825396746
"[45, 17, 25, 63, 19, 31, 12, 32, 56, 37, 57, 19, 23, 6, 65]",45.54023249898253
"[35, 14, 22, 61, 13, 31, 13, 32, 57, 38, 56, 19, 23, 8, 65]",44.400012718762554
"[40, 16, 22, 63, 16, 31, 13, 32, 57, 38, 56, 21, 23, 6, 64]",51.15921334452585
"[35, 15, 22, 53, 13, 32, 14, 32, 57, 38, 56, 20, 23, 5, 65]",47.047173254985665
"[35, 14, 22, 54, 13, 33, 13, 32, 57, 38, 56, 19, 23, 7, 65]",47.963498295685724
"[35, 12, 22, 63, 13, 31, 12, 32, 57, 37, 58, 19, 23, 7, 65]",47.49940170940168
"[39, 16, 24, 63, 16, 31, 13, 32, 57, 38, 57, 19, 23, 7, 64]",46.117745090557754
"[35, 14, 22, 56, 15, 32, 14, 32, 56, 38, 56, 19, 23, 6, 64]",45.079711792836925
"[41, 16, 26, 63, 16, 31, 13, 32, 57, 38, 57, 19, 23, 7, 65]",47.2820600579975
"[39, 14, 24, 63, 15, 32, 12, 32, 57, 38, 56, 19, 23, 6, 65]",49.3049600630852
"[38, 17, 22, 63, 14, 31, 13, 32, 56, 38, 57, 19, 23, 7, 65]",46.60275310337809
"[38, 12, 22, 59, 13, 32, 13, 32, 56, 37, 56, 19, 23, 7, 65]",45.11485665954407
"[39, 17, 22, 63, 15, 31, 13, 32, 57, 38, 56, 19, 23, 7, 65]",46.31200104293848
"[40, 16, 26, 63, 16, 31, 14, 32, 57, 38, 56, 19, 23, 7, 65]",47.96580382580379
"[35, 16, 22, 48, 13, 32, 13, 32, 57, 38, 57, 21, 23, 7, 65]",48.134755418193066
"[36, 15, 22, 58, 13, 31, 14, 32, 56, 37, 57, 19, 23, 7, 65]",45.10843330280839
"[38, 15, 22, 59, 13, 32, 13, 32, 57, 38, 57, 19, 23, 6, 65]",47.34894536019548
"[35, 14, 22, 48, 13, 31, 12, 32, 57, 38, 56, 19, 23, 6, 65]",48.27400602869349
"[41, 14, 25, 63, 15, 31, 14, 32, 57, 37, 58, 19, 23, 7, 65]",44.95425824175821
"[39, 17, 23, 56, 13, 31, 13, 32, 56, 38, 57, 19, 23, 7, 65]",48.309540216727775
"[42, 19, 24, 63, 14, 32, 13, 32, 55, 36, 56, 19, 23, 7, 65]",44.22939369658108
"[35, 14, 22, 60, 13, 31, 12, 32, 57, 37, 57, 19, 23, 8, 65]",44.37531478937738
"[39, 16, 24, 63, 18, 31, 13, 32, 57, 38, 56, 21, 23, 6, 64]",45.26689280626767
"[35, 15, 22, 63, 13, 32, 14, 32, 56, 38, 56, 20, 23, 7, 65]",44.63165153133913
"[35, 12, 22, 59, 13, 32, 13, 32, 57, 38, 57, 19, 23, 7, 65]",46.461493055555614
"[35, 16, 22, 57, 13, 31, 13, 32, 56, 37, 58, 19, 23, 7, 65]",46.476989596052185
"[39, 17, 23, 63, 17, 31, 12, 32, 56, 38, 57, 19, 23, 7, 63]",47.02351037851024
"[35, 14, 22, 54, 13, 31, 12, 32, 57, 38, 56, 19, 23, 7, 65]",45.38087962962961
"[41, 15, 27, 63, 16, 32, 13, 32, 57, 38, 57, 19, 23, 7, 65]",45.57915458384212
"[40, 18, 23, 61, 14, 32, 12, 32, 56, 38, 56, 19, 23, 6, 65]",44.05263405575909
"[39, 18, 23, 63, 14, 31, 13, 32, 56, 38, 57, 19, 23, 7, 65]",46.78115384615382
"[40, 12, 22, 58, 14, 33, 13, 32, 56, 37, 56, 19, 23, 6, 65]",46.29988018925522
"[39, 16, 22, 63, 14, 31, 13, 32, 57, 38, 56, 19, 23, 6, 65]",48.783468533780834
"[39, 17, 24, 63, 17, 32, 13, 32, 57, 38, 58, 19, 23, 7, 65]",44.83050379019117
"[35, 18, 22, 60, 13, 32, 13, 32, 57, 38, 56, 20, 23, 6, 65]",46.11491313085062
"[36, 15, 22, 58, 14, 31, 14, 32, 56, 38, 58, 19, 23, 7, 65]",46.04747977716732
"[41, 14, 23, 56, 13, 33, 13, 32, 57, 38, 57, 20, 23, 7, 65]",44.94257631257644
"[35, 13, 22, 48, 13, 32, 13, 32, 57, 38, 56, 19, 23, 7, 65]",45.9090214183965
"[42, 14, 25, 63, 15, 32, 14, 32, 55, 38, 58, 19, 23, 7, 64]",48.338874389499324
"[35, 16, 23, 58, 15, 32, 13, 32, 55, 38, 56, 19, 23, 7, 65]",46.56746553215293
"[45, 19, 25, 63, 15, 32, 13, 32, 55, 36, 56, 19, 23, 8, 65]",44.40750050875022
"[37, 15, 22, 57, 13, 32, 14, 32, 56, 37, 59, 19, 23, 8, 65]",47.86434193121685
"[41, 16, 23, 63, 17, 34, 13, 32, 57, 38, 57, 19, 23, 7, 65]",45.502953423891014
"[35, 14, 22, 63, 13, 32, 14, 32, 56, 38, 58, 20, 23, 8, 65]",45.84346141127403
"[35, 14, 22, 62, 13, 32, 13, 32, 57, 38, 58, 19, 23, 7, 65]",48.55690577940585
"[37, 17, 22, 48, 15, 31, 13, 32, 56, 37, 57, 19, 23, 6, 65]",44.50009373728119
"[40, 17, 24, 63, 16, 31, 12, 32, 55, 38, 57, 19, 23, 7, 63]",44.43919146825394
"[36, 15, 22, 57, 13, 31, 12, 32, 56, 38, 56, 19, 22, 7, 64]",46.730422135734784
"[41, 15, 26, 63, 17, 32, 12, 32, 55, 38, 56, 19, 23, 7, 65]",46.23272334147339
"[42, 13, 23, 61, 13, 31, 13, 32, 56, 38, 56, 19, 23, 6, 64]",49.33475071225044
"[38, 15, 24, 63, 15, 31, 12, 31, 57, 37, 57, 19, 23, 7, 65]",44.52747964997942
"[35, 16, 22, 57, 16, 33, 14, 32, 56, 38, 56, 19, 23, 6, 65]",47.84450244200251
"[38, 16, 29, 60, 14, 33, 13, 32, 57, 38, 56, 19, 23, 7, 65]",46.90949926231172
"[38, 18, 23, 63, 17, 34, 13, 32, 56, 38, 56, 19, 23, 7, 65]",44.75901734839221
"[35, 13, 22, 48, 13, 33, 12, 32, 56, 37, 56, 19, 23, 6, 65]",44.582826236263614
"[35, 15, 22, 56, 14, 35, 13, 32, 54, 38, 57, 19, 23, 7, 65]",44.55439306064309
"[39, 17, 24, 59, 14, 33, 12, 32, 57, 38, 57, 19, 23, 7, 65]",46.539652650590256
"[35, 12, 22, 48, 13, 34, 13, 32, 57, 38, 56, 19, 23, 6, 65]",45.69878421347164
"[40, 16, 23, 62, 17, 34, 14, 32, 54, 38, 57, 19, 23, 6, 65]",50.13249389499368
"[35, 16, 24, 63, 17, 32, 12, 32, 54, 38, 56, 19, 22, 7, 65]",42.385466142653726
"[44, 19, 24, 63, 21, 32, 13, 32, 54, 36, 57, 20, 23, 8, 65]",46.83153833435075
"[35, 14, 22, 56, 15, 33, 13, 32, 55, 37, 59, 20, 23, 6, 65]",45.560771011395964
"[37, 18, 25, 63, 16, 35, 13, 32, 56, 38, 57, 19, 23, 6, 65]",44.38175213675201
"[35, 16, 22, 62, 13, 33, 14, 32, 56, 38, 58, 20, 23, 8, 65]",45.45151302401303
"[35, 18, 22, 58, 15, 32, 13, 32, 57, 38, 57, 20, 23, 8, 65]",45.3164551536426
"[35, 14, 23, 48, 15, 31, 13, 32, 54, 37, 56, 19, 23, 7, 65]",46.90841218966224
"[41, 17, 25, 63, 16, 32, 13, 32, 55, 37, 56, 19, 23, 7, 65]",44.43655079873827
"[35, 17, 22, 57, 15, 31, 12, 32, 56, 38, 56, 19, 23, 7, 65]",45.199856405168966
"[42, 19, 27, 63, 17, 32, 13, 32, 56, 38, 56, 19, 23, 7, 65]",45.64841244403746
"[41, 12, 24, 63, 16, 31, 13, 32, 55, 38, 56, 19, 23, 6, 65]",47.36224905881164
"[36, 17, 23, 63, 17, 31, 12, 31, 57, 37, 56, 20, 23, 7, 65]",44.4826045482295
"[35, 16, 24, 57, 16, 33, 13, 32, 57, 38, 56, 19, 23, 7, 65]",46.258525132275054
"[37, 18, 30, 61, 16, 34, 13, 32, 57, 38, 56, 19, 23, 7, 65]",45.551045736670744
"[38, 17, 24, 63, 15, 33, 12, 32, 56, 38, 56, 19, 23, 7, 65]",47.23657788970278
"[35, 12, 22, 48, 13, 33, 12, 32, 57, 38, 57, 20, 23, 8, 65]",47.44584160052872
"[35, 15, 24, 56, 13, 36, 12, 32, 54, 38, 56, 19, 23, 7, 65]",44.48435401404161
"[35, 18, 24, 63, 16, 32, 13, 32, 56, 38, 56, 19, 23, 7, 65]",44.692983312983365
"[35, 12, 22, 51, 13, 34, 13, 32, 57, 38, 56, 19, 23, 5, 65]",46.356366376678636
"[36, 20, 22, 62, 19, 33, 13, 32, 57, 38, 56, 19, 23, 6, 65]",45.85764334045584
"[35, 16, 24, 62, 16, 32, 13, 32, 54, 38, 56, 19, 22, 7, 65]",44.22877416564929
"[40, 20, 23, 63, 23, 32, 13, 31, 55, 38, 56, 19, 23, 7, 65]",44.14452406389919
"[35, 16, 22, 59, 16, 32, 12, 31, 54, 37, 58, 20, 23, 6, 65]",45.08782203907219
"[38, 18, 23, 63, 16, 33, 13, 32, 57, 38, 56, 21, 23, 5, 65]",44.26863883801378
"[35, 17, 22, 53, 15, 33, 13, 32, 56, 37, 56, 20, 23, 8, 65]",45.46701401607658
"[35, 18, 22, 52, 16, 34, 13, 32, 56, 38, 56, 19, 23, 7, 65]",44.65992330586063
"[36, 12, 22, 53, 14, 32, 12, 32, 54, 37, 56, 19, 23, 7, 65]",45.82175964082201
"[41, 17, 24, 63, 16, 33, 13, 32, 56, 36, 56, 19, 23, 8, 65]",46.10140440577941
"[35, 17, 22, 57, 16, 31, 13, 32, 55, 36, 56, 19, 23, 7, 65]",45.66649407305647
"[40, 18, 27, 63, 16, 32, 13, 32, 57, 37, 56, 20, 23, 7, 65]",45.873014601139516
"[35, 17, 26, 60, 16, 33, 13, 32, 57, 37, 56, 19, 23, 7, 65]",46.332954059829035
"[35, 19, 23, 61, 16, 32, 13, 31, 55, 37, 56, 20, 23, 7, 65]",46.57423636548629
"[35, 13, 26, 56, 15, 33, 12, 32, 57, 38, 56, 20, 23, 8, 65]",48.571816748067
"[39, 18, 22, 63, 17, 32, 12, 32, 57, 38, 56, 19, 23, 7, 65]",45.037943630443564
"[39, 16, 26, 63, 15, 32, 12, 32, 56, 38, 57, 20, 23, 7, 65]",46.62846866096884
"[35, 13, 22, 48, 13, 32, 14, 32, 56, 38, 56, 20, 23, 7, 65]",47.14094894688642
"[36, 15, 23, 59, 13, 31, 12, 32, 57, 38, 56, 20, 23, 7, 65]",44.85148644179885
"[35, 15, 25, 63, 16, 32, 13, 32, 56, 38, 56, 19, 23, 6, 65]",44.586236136548386
"[35, 12, 22, 58, 13, 32, 13, 32, 57, 38, 56, 19, 23, 5, 65]",45.84370230463984
"[38, 19, 25, 63, 16, 32, 14, 32, 57, 38, 56, 19, 23, 7, 65]",44.272158246845905
"[36, 15, 25, 63, 15, 32, 13, 32, 54, 38, 56, 19, 23, 7, 65]",42.9601292226294
"[43, 21, 29, 63, 15, 32, 13, 32, 55, 38, 56, 19, 23, 6, 65]",45.836066849817
"[35, 14, 23, 59, 14, 32, 12, 31, 56, 38, 56, 19, 23, 6, 65]",45.668280677655524
"[39, 17, 24, 63, 16, 31, 13, 32, 57, 38, 56, 20, 23, 7, 65]",43.60913067256821
"[35, 16, 23, 51, 16, 33, 13, 32, 57, 38, 56, 19, 23, 7, 65]",45.11611937830672
"[35, 17, 22, 59, 14, 33, 13, 32, 55, 38, 56, 19, 23, 7, 65]",45.08412825600334
"[35, 15, 22, 60, 13, 32, 13, 31, 55, 37, 57, 19, 23, 6, 65]",46.66167506105007
"[41, 17, 23, 63, 16, 32, 12, 32, 57, 38, 56, 19, 22, 8, 65]",46.6548302045179
"[35, 14, 24, 58, 15, 33, 13, 32, 55, 36, 56, 19, 23, 7, 65]",43.90542887667882
"[40, 15, 27, 63, 16, 34, 13, 32, 55, 38, 57, 20, 23, 7, 65]",46.29641496235233
"[35, 19, 22, 60, 16, 33, 13, 32, 57, 38, 56, 19, 23, 6, 65]",45.254020146520205
"[37, 16, 22, 60, 15, 32, 13, 30, 55, 37, 56, 19, 23, 7, 65]",45.69229204822955
"[35, 14, 22, 61, 14, 33, 13, 32, 57, 38, 56, 19, 23, 8, 65]",49.21009017602762
"[40, 17, 23, 63, 16, 32, 12, 32, 57, 38, 56, 19, 23, 7, 65]",44.992220441595556
"[40, 18, 26, 61, 17, 32, 14, 32, 57, 38, 57, 19, 23, 7, 65]",44.23833002645514
"[35, 15, 22, 53, 13, 32, 14, 32, 56, 38, 56, 19, 23, 7, 65]",45.015929232804254
"[36, 15, 22, 61, 13, 31, 15, 32, 57, 38, 56, 19, 23, 7, 65]",44.62006346662598
"[35, 16, 24, 59, 13, 34, 13, 32, 56, 38, 56, 19, 23, 6, 65]",44.60526340557574
"[35, 14, 22, 58, 13, 32, 12, 32, 56, 38, 56, 19, 23, 5, 65]",46.5060416666667
"[41, 18, 24, 63, 14, 32, 15, 32, 56, 38, 57, 19, 23, 7, 65]",45.75455344424106
"[38, 16, 25, 60, 15, 32, 13, 32, 55, 37, 56, 19, 23, 7, 65]",44.98561800468077
"[43, 21, 31, 63, 15, 32, 13, 32, 55, 38, 56, 19, 23, 7, 65]",49.33214044057809
"[35, 14, 22, 60, 13, 31, 12, 31, 55, 38, 56, 19, 23, 7, 65]",47.2402911324784
"[39, 17, 25, 63, 17, 31, 12, 32, 55, 38, 56, 19, 23, 8, 65]",43.64483109483108
"[35, 14, 22, 59, 13, 33, 13, 32, 56, 38, 56, 19, 23, 6, 65]",45.61999453093205
"[35, 13, 22, 60, 13, 32, 13, 32, 57, 38, 56, 19, 23, 8, 65]",45.08773326210805
"[35, 17, 22, 63, 15, 31, 13, 30, 55, 37, 56, 19, 23, 6, 65]",43.151083638583465
"[35, 17, 25, 63, 16, 32, 12, 32, 56, 38, 56, 19, 23, 6, 65]",46.19167531542524
"[35, 12, 22, 57, 14, 33, 13, 32, 57, 37, 56, 20, 23, 7, 65]",44.50128497659757
"[40, 16, 26, 63, 16, 33, 13, 32, 56, 38, 58, 19, 23, 7, 65]",43.745389448514416
"[38, 13, 22, 60, 16, 32, 12, 32, 57, 38, 56, 19, 23, 6, 65]",46.082327533577725
"[39, 16, 25, 60, 15, 31, 12, 31, 56, 37, 56, 19, 23, 7, 65]",46.30466117216131
"[35, 17, 22, 59, 15, 33, 14, 32, 57, 38, 57, 19, 23, 6, 65]",43.324886675824324
"[38, 16, 26, 63, 16, 33, 13, 32, 56, 38, 56, 19, 23, 7, 65]",44.304742953805416
"[38, 19, 23, 63, 17, 32, 15, 32, 57, 38, 57, 19, 23, 7, 65]",44.312918828856404
"[35, 16, 22, 48, 13, 32, 12, 32, 57, 38, 57, 20, 23, 7, 65]",45.85636357855112
"[35, 16, 22, 59, 15, 32, 17, 32, 55, 38, 58, 19, 23, 7, 65]",46.34173572954829
"[38, 17, 22, 56, 14, 35, 13, 32, 56, 38, 56, 19, 23, 6, 65]",45.22856265262506
"[35, 17, 22, 51, 13, 33, 12, 32, 56, 38, 56, 19, 23, 8, 65]",44.10585457366698
"[38, 18, 22, 63, 15, 33, 15, 32, 55, 38, 58, 19, 23, 7, 65]",48.13549030830253
"[35, 16, 23, 59, 16, 32, 13, 32, 55, 37, 56, 19, 23, 7, 65]",46.585635175010005
"[41, 20, 24, 63, 21, 31, 12, 32, 56, 37, 56, 19, 22, 7, 65]",46.84562220187227
"[35, 15, 22, 62, 14, 31, 12, 32, 54, 35, 56, 19, 23, 8, 65]",47.00113196988198
"[38, 17, 24, 63, 14, 33, 14, 32, 55, 38, 56, 20, 23, 7, 65]",45.95720606939367
"[35, 15, 22, 62, 13, 33, 14, 32, 55, 38, 56, 19, 23, 6, 65]",45.95903668091178
"[35, 12, 22, 59, 14, 33, 13, 32, 56, 38, 56, 19, 23, 8, 65]",44.650156313593726
"[35, 16, 25, 56, 16, 31, 13, 30, 54, 37, 56, 19, 23, 7, 65]",43.787288486975925
"[35, 18, 24, 63, 16, 32, 13, 32, 56, 38, 56, 19, 23, 6, 65]",43.53471751627995
"[35, 16, 22, 53, 13, 32, 13, 32, 56, 38, 56, 19, 23, 6, 65]",47.84486899674395
"[39, 17, 25, 63, 17, 32, 13, 32, 56, 38, 56, 19, 23, 7, 65]",46.87147613960118
"[42, 13, 23, 61, 15, 32, 12, 32, 55, 37, 56, 19, 23, 6, 65]",47.27404189560446
"[35, 17, 24, 62, 15, 31, 12, 32, 56, 37, 56, 19, 23, 7, 65]",45.30482995014247
"[35, 15, 22, 56, 15, 33, 14, 32, 57, 38, 56, 19, 23, 7, 65]",44.73378942816436
"[37, 16, 27, 63, 16, 33, 14, 32, 54, 38, 56, 19, 23, 7, 65]",44.45566226597466
"[38, 17, 24, 63, 17, 34, 14, 32, 57, 38, 56, 19, 23, 7, 65]",45.05305212148972
"[35, 15, 22, 54, 13, 32, 12, 32, 57, 38, 57, 20, 23, 7, 65]",47.60157725376475
"[35, 17, 22, 57, 16, 34, 14, 32, 55, 37, 57, 19, 23, 7, 65]",46.85671436202679
"[40, 15, 22, 59, 17, 32, 12, 32, 57, 38, 56, 19, 23, 6, 65]",44.55323005698013
"[35, 12, 22, 57, 13, 33, 14, 32, 55, 38, 56, 19, 23, 8, 65]",47.77412812881556
"[37, 19, 23, 63, 17, 33, 14, 32, 54, 37, 59, 19, 23, 7, 65]",48.06284073565327
"[35, 16, 22, 61, 16, 32, 13, 32, 55, 37, 56, 19, 23, 7, 65]",46.352440857753294
"[46, 20, 24, 63, 19, 31, 13, 32, 56, 37, 57, 19, 23, 7, 65]",44.61024699837196
"[35, 16, 22, 59, 14, 31, 13, 32, 55, 36, 56, 19, 23, 7, 65]",46.63764575702077
"[37, 17, 23, 63, 16, 33, 14, 32, 54, 38, 56, 20, 23, 6, 65]",44.53199315730579
"[35, 15, 22, 58, 14, 33, 14, 32, 54, 38, 56, 20, 23, 7, 65]",47.67947293447286
"[35, 18, 22, 52, 15, 34, 13, 32, 55, 38, 56, 20, 23, 8, 65]",48.90418421855926
"[35, 16, 22, 56, 15, 32, 13, 32, 54, 36, 56, 19, 23, 7, 65]",46.016939865690055
"[40, 19, 24, 63, 17, 32, 13, 32, 55, 38, 56, 19, 23, 7, 65]",44.7806269078144
"[35, 17, 22, 57, 14, 32, 13, 32, 56, 38, 56, 19, 23, 7, 65]",46.66739901302396
"[40, 16, 25, 63, 16, 32, 13, 32, 55, 38, 56, 19, 23, 7, 65]",45.514116173178614
"[37, 16, 26, 61, 13, 32, 12, 32, 56, 38, 56, 20, 23, 7, 65]",49.10736925111924
"[35, 18, 24, 63, 16, 32, 13, 31, 53, 37, 56, 19, 23, 7, 65]",45.28100338319071
"[37, 14, 22, 58, 14, 32, 13, 32, 57, 38, 56, 19, 23, 8, 65]",45.91649267399283
"[37, 17, 23, 63, 16, 34, 13, 32, 55, 38, 56, 20, 23, 7, 65]",45.4830325345952
"[39, 16, 24, 63, 17, 34, 12, 32, 57, 38, 56, 19, 23, 7, 65]",47.00365435490427
"[35, 14, 22, 52, 13, 33, 12, 31, 55, 38, 57, 20, 23, 7, 65]",46.66825918294669
"[37, 17, 22, 57, 15, 33, 12, 32, 55, 38, 57, 19, 23, 7, 65]",45.27495586589336
"[35, 16, 25, 63, 16, 32, 13, 32, 57, 38, 56, 19, 23, 7, 65]",44.86783526658511
"[35, 12, 22, 48, 13, 32, 13, 32, 57, 38, 56, 19, 23, 8, 65]",47.04278846153855
"[38, 17, 24, 63, 18, 32, 13, 32, 55, 37, 60, 19, 23, 7, 65]",46.45527485246226
"[35, 15, 23, 58, 15, 33, 13, 32, 55, 37, 57, 19, 23, 7, 65]",44.69473583129821
"[40, 17, 29, 63, 18, 33, 13, 32, 54, 37, 56, 19, 23, 7, 65]",46.41191201159938
"[35, 16, 22, 54, 13, 31, 13, 31, 55, 37, 56, 19, 23, 7, 65]",46.81541666666664
"[37, 17, 24, 62, 17, 32, 13, 32, 57, 38, 56, 20, 23, 7, 65]",43.92376602564095
"[35, 14, 22, 57, 13, 33, 12, 32, 57, 38, 56, 20, 23, 8, 65]",47.45991122303615
"[35, 20, 22, 59, 13, 32, 13, 32, 56, 38, 58, 19, 23, 7, 65]",46.7951069647945
"[35, 15, 22, 59, 13, 32, 14, 31, 53, 35, 57, 20, 23, 6, 65]",44.91560770248266
"[41, 19, 26, 63, 17, 33, 12, 31, 56, 38, 56, 19, 23, 8, 64]",48.827109533984675
"[35, 12, 22, 57, 15, 32, 13, 32, 55, 38, 56, 20, 23, 7, 65]",46.15659849409835
"[41, 15, 27, 63, 16, 32, 13, 32, 56, 38, 56, 19, 23, 7, 65]",45.7669240944241
"[38, 18, 26, 63, 13, 32, 12, 32, 56, 38, 56, 19, 23, 7, 65]",46.66851228632481
"[39, 16, 25, 60, 17, 32, 13, 31, 53, 37, 56, 19, 23, 7, 65]",44.92044452075708
"[35, 16, 24, 58, 14, 33, 13, 32, 57, 38, 56, 19, 23, 6, 65]",46.879717897842866
"[38, 18, 22, 63, 16, 33, 12, 32, 55, 38, 56, 19, 23, 7, 64]",43.65128688441208
"[39, 18, 24, 63, 16, 31, 12, 32, 57, 38, 56, 19, 23, 7, 65]",44.82656771469275
"[35, 15, 22, 52, 13, 32, 13, 32, 55, 37, 56, 19, 23, 7, 65]",47.28469462250729
"[37, 14, 22, 60, 13, 31, 13, 32, 55, 38, 57, 19, 23, 7, 65]",44.30001335470064
"[36, 17, 24, 62, 14, 32, 13, 32, 56, 37, 56, 19, 23, 7, 65]",49.410432819495306
"[35, 12, 22, 48, 13, 33, 12, 32, 57, 38, 58, 19, 23, 4, 65]",46.866321988197036
"[40, 18, 24, 63, 14, 31, 14, 32, 56, 38, 56, 19, 23, 6, 65]",45.13065259971496
"[35, 15, 23, 58, 15, 33, 13, 32, 55, 38, 56, 19, 23, 7, 65]",44.88358084045584
"[43, 19, 26, 63, 17, 32, 13, 32, 55, 37, 56, 19, 23, 7, 65]",44.29330128205116
"[35, 12, 22, 58, 13, 32, 13, 31, 55, 38, 56, 19, 23, 8, 65]",45.60977182539664
"[38, 17, 24, 62, 18, 32, 12, 32, 57, 38, 56, 19, 23, 7, 65]",44.191016865079305
"[35, 14, 23, 57, 13, 33, 13, 32, 57, 38, 56, 19, 23, 7, 65]",44.632151505901355
"[35, 14, 22, 63, 13, 34, 14, 32, 57, 38, 59, 19, 23, 7, 65]",45.14340900997155
"[35, 15, 24, 59, 13, 31, 12, 30, 54, 37, 56, 19, 23, 6, 65]",46.01602882071622
"[40, 17, 26, 63, 16, 32, 12, 31, 55, 37, 56, 19, 23, 8, 64]",44.43090595746851
"[35, 15, 22, 61, 16, 32, 13, 32, 55, 38, 56, 20, 23, 7, 65]",45.95362154049654
"[41, 17, 28, 63, 17, 31, 12, 32, 55, 37, 56, 19, 22, 7, 65]",45.812901149776046
"[39, 17, 24, 63, 16, 32, 12, 32, 55, 38, 56, 19, 23, 6, 65]",51.42315768722038
"[38, 17, 23, 63, 15, 31, 13, 31, 57, 37, 56, 19, 23, 7, 65]",46.809602538665104
"[35, 17, 25, 56, 15, 33, 12, 32, 57, 38, 56, 19, 23, 6, 65]",48.501472323972315
"[38, 19, 24, 63, 16, 32, 13, 32, 56, 38, 56, 19, 23, 7, 65]",45.53665293040305
"[38, 18, 25, 63, 16, 31, 13, 32, 57, 38, 57, 19, 23, 7, 65]",46.40838624338602
"[35, 15, 22, 48, 13, 31, 13, 32, 55, 37, 57, 19, 23, 7, 65]",46.98119060337807
"[36, 13, 23, 58, 13, 31, 14, 32, 55, 38, 57, 19, 23, 7, 65]",45.65703843610116
"[41, 18, 22, 62, 13, 33, 13, 32, 54, 38, 56, 20, 23, 6, 65]",43.668914835165104
"[35, 14, 22, 48, 13, 34, 12, 32, 57, 38, 58, 20, 23, 5, 65]",46.42008432539688
"[41, 18, 23, 63, 15, 33, 13, 32, 56, 37, 56, 19, 23, 6, 65]",45.54110831298356
"[35, 16, 23, 58, 16, 32, 13, 32, 55, 38, 57, 19, 23, 7, 65]",43.87889868233627
"[47, 20, 22, 63, 19, 31, 12, 32, 56, 37, 56, 19, 23, 7, 65]",45.51037138787141
"[35, 12, 22, 56, 13, 32, 13, 32, 55, 36, 56, 19, 23, 8, 65]",48.31220721408215
"[39, 17, 24, 63, 15, 33, 13, 32, 57, 38, 57, 20, 23, 7, 65]",46.268925010175025
"[35, 16, 24, 60, 13, 32, 13, 32, 56, 38, 56, 19, 23, 6, 65]",44.37255189255207
"[35, 13, 24, 62, 15, 33, 13, 32, 56, 38, 57, 19, 23, 7, 65]",44.19119645400924
"[35, 16, 22, 59, 15, 31, 12, 32, 56, 36, 56, 19, 23, 6, 65]",44.334340277777756
"[39, 17, 26, 63, 16, 31, 13, 31, 55, 37, 56, 19, 23, 7, 64]",45.296081222018735
"[35, 17, 22, 59, 14, 32, 13, 32, 57, 38, 56, 19, 23, 7, 65]",43.866549145299075
"[41, 17, 27, 63, 17, 32, 12, 32, 55, 37, 56, 19, 23, 7, 65]",47.898451872201974
"[42, 16, 22, 62, 16, 32, 14, 32, 54, 37, 56, 19, 23, 5, 65]",43.7028763481889
"[37, 20, 22, 63, 15, 31, 13, 31, 57, 37, 57, 20, 23, 7, 65]",44.61534429690689
"[36, 13, 23, 59, 15, 32, 14, 32, 57, 38, 56, 19, 23, 8, 65]",46.143154380341926
"[38, 18, 23, 63, 16, 33, 13, 32, 55, 38, 56, 19, 23, 7, 65]",46.40592834249095
"[38, 16, 25, 63, 16, 33, 14, 32, 56, 38, 56, 19, 23, 7, 65]",46.167649827024725
"[35, 12, 22, 54, 13, 32, 13, 32, 54, 37, 56, 20, 23, 7, 65]",45.98241376678868
"[35, 16, 22, 56, 15, 32, 14, 32, 55, 38, 56, 19, 23, 7, 65]",47.589956883394336
"[38, 18, 26, 60, 13, 31, 13, 32, 56, 38, 56, 20, 23, 6, 65]",49.11181916463154
"[35, 14, 22, 52, 13, 32, 12, 32, 56, 38, 56, 19, 23, 8, 65]",46.81375546906817
"[41, 18, 24, 63, 18, 34, 13, 32, 54, 37, 56, 19, 23, 6, 65]",47.38162100630866
"[35, 17, 23, 61, 16, 32, 12, 32, 54, 38, 56, 19, 22, 7, 65]",45.618868920431545
"[45, 19, 23, 63, 20, 32, 12, 31, 56, 37, 56, 19, 23, 7, 65]",47.486247329060056
"[35, 15, 22, 57, 14, 32, 13, 32, 54, 35, 56, 19, 23, 8, 65]",43.73371082621084
"[38, 17, 25, 63, 15, 33, 14, 32, 56, 38, 57, 20, 23, 7, 65]",44.71091575091577
"[35, 17, 23, 55, 15, 33, 13, 32, 55, 38, 56, 19, 23, 6, 65]",44.9257097069599
"[35, 17, 24, 57, 16, 32, 12, 32, 55, 38, 56, 19, 23, 7, 65]",45.66698196479447
"[35, 17, 22, 60, 15, 32, 12, 31, 54, 37, 56, 19, 23, 8, 65]",45.51208664021161
"[39, 18, 26, 63, 16, 31, 13, 31, 54, 38, 56, 19, 23, 7, 65]",46.018581985144465
"[35, 16, 24, 56, 14, 32, 12, 32, 55, 38, 56, 19, 23, 7, 65]",44.83280423280414
"[39, 18, 25, 63, 17, 32, 12, 32, 54, 38, 56, 19, 23, 7, 65]",44.85769548738282
"[41, 16, 24, 62, 14, 32, 13, 32, 54, 37, 56, 19, 23, 5, 65]",46.05125139906383
"[37, 15, 24, 61, 17, 32, 13, 32, 54, 37, 58, 20, 23, 7, 65]",45.21416717541725
"[36, 12, 22, 63, 15, 32, 14, 32, 55, 38, 56, 20, 23, 7, 65]",45.65167328042316
"[38, 15, 22, 63, 16, 34, 13, 32, 54, 38, 56, 19, 23, 7, 65]",45.16895324582837
"[39, 17, 23, 63, 16, 34, 13, 32, 55, 38, 56, 19, 23, 7, 65]",46.41679894179899
"[35, 12, 22, 52, 13, 32, 13, 32, 56, 37, 56, 20, 23, 7, 65]",46.00026480464001
"[35, 17, 24, 56, 13, 33, 13, 32, 54, 38, 56, 19, 23, 7, 65]",45.677112586487574
"[37, 17, 27, 62, 18, 31, 13, 32, 56, 38, 57, 19, 23, 7, 65]",50.06031517094003
"[35, 14, 22, 49, 13, 31, 14, 32, 57, 38, 56, 19, 23, 8, 65]",45.85512171855917
"[36, 18, 27, 63, 16, 32, 14, 32, 55, 38, 56, 19, 23, 6, 65]",43.81153006715508
"[37, 18, 24, 63, 15, 32, 13, 32, 54, 38, 56, 19, 22, 7, 65]",45.767022156084636
"[43, 18, 27, 63, 19, 32, 12, 32, 53, 37, 56, 19, 23, 7, 65]",44.76979917073665
"[35, 16, 22, 56, 14, 31, 13, 32, 53, 37, 56, 19, 23, 6, 65]",44.934396240333975
"[38, 17, 25, 63, 17, 32, 13, 32, 57, 38, 57, 19, 23, 7, 65]",49.33167620573859
"[35, 17, 23, 58, 16, 34, 14, 32, 54, 38, 56, 19, 23, 6, 65]",45.11061749593007
"[36, 18, 23, 55, 14, 32, 12, 32, 57, 38, 56, 19, 23, 8, 65]",44.99703856328842
"[35, 16, 22, 58, 15, 31, 15, 29, 53, 38, 56, 19, 23, 8, 65]",44.36905741249485
"[41, 19, 25, 63, 16, 34, 13, 32, 54, 37, 56, 19, 23, 8, 65]",45.53647715710199
"[35, 15, 23, 59, 15, 32, 12, 32, 56, 38, 56, 19, 23, 6, 65]",49.0201764092388
"[38, 14, 26, 63, 18, 32, 14, 32, 56, 38, 56, 20, 23, 7, 65]",44.36299933862429
"[39, 17, 26, 63, 16, 32, 12, 32, 55, 37, 56, 19, 23, 6, 65]",45.74787558506304
"[38, 16, 25, 61, 15, 32, 13, 32, 55, 37, 57, 19, 23, 7, 65]",44.98778006715518
"[35, 17, 25, 54, 15, 34, 14, 32, 56, 38, 57, 20, 23, 6, 65]",45.70338980464
"[36, 17, 22, 60, 16, 34, 13, 32, 55, 38, 56, 19, 23, 7, 65]",43.93762286324779
"[39, 17, 24, 62, 17, 33, 12, 32, 55, 38, 56, 19, 22, 7, 65]",46.34194673382175
"[35, 18, 22, 55, 13, 31, 12, 32, 56, 38, 56, 19, 23, 7, 65]",46.0955203245828
"[35, 14, 23, 61, 13, 32, 12, 32, 55, 38, 58, 19, 23, 7, 65]",46.87076414326404
"[37, 17, 22, 63, 15, 32, 13, 32, 56, 38, 57, 19, 23, 8, 65]",43.89998232091993
"[35, 12, 22, 48, 13, 33, 14, 32, 57, 38, 56, 19, 23, 4, 65]",46.554673636548664
"[37, 17, 23, 63, 16, 31, 14, 32, 55, 38, 57, 19, 23, 6, 65]",46.75926269332528
"[38, 17, 25, 61, 15, 32, 13, 32, 55, 37, 56, 19, 22, 7, 65]",46.42455382580408
"[45, 19, 27, 63, 16, 31, 12, 32, 53, 37, 57, 19, 22, 7, 65]",44.595702330077295
"[35, 14, 24, 54, 13, 31, 13, 32, 54, 38, 56, 19, 23, 8, 65]",45.07350109381367
"[38, 17, 25, 63, 17, 32, 13, 32, 56, 38, 57, 20, 23, 7, 65]",44.06626297313807
"[35, 14, 23, 61, 13, 33, 13, 32, 57, 38, 56, 19, 23, 7, 65]",45.00010938135953
"[37, 16, 22, 57, 13, 34, 13, 32, 55, 38, 56, 19, 23, 7, 65]",44.89070372914137
"[36, 15, 24, 59, 14, 31, 16, 32, 56, 37, 56, 19, 23, 5, 65]",46.888243538868764
"[42, 18, 25, 63, 17, 32, 12, 32, 54, 37, 56, 19, 22, 7, 65]",45.9034030321528
"[35, 14, 22, 60, 15, 32, 13, 32, 57, 38, 56, 19, 23, 5, 65]",46.95227780321523
"[39, 15, 26, 63, 15, 33, 13, 32, 56, 38, 57, 19, 23, 7, 65]",45.393482397232596
"[41, 16, 23, 63, 16, 32, 13, 32, 55, 37, 56, 19, 23, 6, 65]",43.93289148351659
"[37, 17, 23, 61, 14, 32, 13, 32, 56, 37, 56, 19, 23, 7, 65]",46.606766890516816
"[36, 15, 25, 56, 14, 34, 14, 32, 57, 38, 57, 19, 23, 8, 65]",46.27777243589769
"[36, 19, 22, 60, 15, 33, 13, 32, 55, 38, 56, 19, 23, 7, 65]",45.07942498473737
"[39, 17, 25, 63, 17, 32, 12, 32, 55, 37, 56, 19, 21, 7, 65]",42.498159595034444
"[35, 19, 22, 51, 13, 32, 12, 32, 55, 38, 57, 19, 23, 7, 65]",46.213675595238115
"[35, 14, 22, 63, 13, 31, 12, 32, 56, 38, 57, 19, 23, 7, 65]",46.615541310541374
"[39, 17, 23, 63, 13, 32, 13, 32, 55, 38, 56, 19, 23, 7, 65]",45.52588115588111
"[35, 13, 22, 51, 14, 34, 12, 32, 57, 38, 57, 19, 23, 6, 65]",49.03500534188042
"[39, 17, 22, 63, 17, 32, 12, 32, 54, 37, 56, 19, 23, 6, 65]",44.69196950040696
"[35, 16, 25, 61, 17, 33, 13, 32, 55, 37, 56, 19, 23, 7, 65]",44.70046296296305
"[47, 18, 24, 63, 17, 31, 13, 32, 56, 36, 56, 19, 23, 7, 65]",43.45893086080596
"[35, 13, 23, 51, 13, 31, 13, 32, 55, 35, 56, 19, 23, 8, 65]",45.4254594017095
"[38, 17, 25, 63, 15, 33, 14, 32, 56, 38, 56, 20, 23, 7, 65]",44.03016890516893
"[35, 16, 24, 54, 13, 32, 12, 32, 57, 38, 56, 19, 23, 8, 65]",44.93618322649581
"[35, 12, 22, 61, 16, 34, 13, 32, 56, 38, 56, 19, 23, 6, 65]",46.993666564916424
"[35, 15, 24, 61, 14, 32, 14, 32, 57, 37, 56, 19, 23, 5, 65]",46.72115867928351
"[42, 16, 25, 63, 17, 31, 12, 32, 55, 37, 56, 19, 22, 7, 65]",45.588281186406135
"[35, 18, 22, 59, 15, 32, 13, 32, 55, 38, 56, 19, 23, 6, 65]",47.39706629019142
"[40, 17, 27, 63, 16, 32, 12, 31, 55, 37, 56, 19, 23, 7, 65]",46.098492063492124
"[44, 17, 22, 63, 14, 32, 13, 32, 55, 38, 56, 19, 23, 6, 65]",46.26698959605189
"[37, 17, 23, 61, 15, 32, 13, 32, 57, 38, 56, 19, 23, 7, 65]",46.14913003663008
"[36, 12, 22, 58, 14, 33, 13, 32, 57, 38, 56, 19, 23, 7, 65]",46.99503077940553
"[36, 20, 25, 59, 14, 34, 13, 32, 56, 38, 56, 20, 23, 7, 65]",44.258884055759005
"[38, 17, 25, 63, 16, 32, 14, 32, 54, 37, 56, 19, 23, 7, 65]",46.14039250101758
"[35, 15, 23, 54, 13, 32, 15, 32, 54, 36, 57, 19, 23, 7, 65]",46.194196810134116
"[36, 16, 22, 63, 15, 31, 14, 32, 56, 36, 56, 20, 23, 7, 65]",45.131864570614475
"[38, 17, 24, 61, 14, 33, 13, 32, 56, 38, 57, 19, 23, 6, 65]",49.44571352258846
"[35, 16, 22, 58, 13, 32, 12, 32, 57, 38, 56, 19, 23, 7, 64]",45.802582290394966
"[39, 17, 24, 63, 17, 32, 12, 32, 54, 37, 56, 19, 22, 6, 65]",43.522737586487615
"[35, 16, 23, 61, 19, 33, 13, 32, 55, 38, 56, 19, 23, 7, 65]",44.912350045787456
"[47, 17, 25, 63, 19, 31, 13, 32, 57, 37, 56, 19, 23, 7, 65]",45.76814598595859
"[35, 17, 22, 59, 14, 32, 13, 31, 55, 37, 56, 20, 23, 7, 65]",45.212867190679795
"[39, 17, 23, 63, 15, 32, 13, 32, 56, 38, 56, 19, 23, 7, 65]",45.51671385327644
"[35, 17, 26, 53, 13, 32, 14, 32, 57, 38, 56, 20, 23, 7, 65]",47.19623613654876
"[35, 12, 25, 54, 18, 32, 12, 32, 57, 38, 56, 19, 23, 8, 65]",45.18734266890512
"[35, 16, 23, 60, 15, 34, 12, 32, 56, 38, 56, 19, 23, 8, 65]",45.84168930606405
"[37, 15, 24, 63, 14, 33, 14, 31, 55, 37, 56, 19, 23, 8, 65]",45.29530079873839
"[35, 18, 22, 60, 15, 32, 13, 32, 55, 38, 56, 19, 23, 7, 65]",45.431320334757814
"[39, 18, 25, 63, 17, 32, 12, 31, 55, 37, 56, 19, 23, 7, 65]",43.28206756206742
"[45, 16, 26, 63, 15, 31, 12, 32, 55, 38, 56, 19, 23, 7, 64]",47.18901124338623
"[37, 16, 24, 61, 16, 32, 13, 32, 56, 38, 56, 19, 23, 7, 65]",44.82275106837607
"[37, 13, 22, 58, 15, 32, 12, 32, 57, 38, 57, 19, 23, 6, 65]",46.66023656898662
"[38, 14, 25, 62, 15, 32, 13, 32, 55, 38, 57, 20, 23, 7, 65]",46.15921792328028
"[39, 17, 25, 63, 16, 32, 13, 32, 54, 37, 56, 19, 23, 7, 65]",44.80950816544566
"[35, 12, 23, 54, 13, 32, 12, 32, 56, 36, 56, 19, 23, 7, 65]",45.45559154965409
"[37, 17, 23, 62, 15, 32, 15, 32, 55, 37, 56, 19, 23, 7, 65]",46.84050353581605
"[38, 17, 25, 59, 16, 33, 12, 32, 56, 38, 57, 19, 22, 6, 65]",44.554497100122006
"[35, 18, 22, 48, 13, 32, 12, 32, 57, 38, 56, 19, 23, 7, 64]",47.38056801994297
"[38, 17, 26, 63, 16, 32, 12, 30, 54, 37, 56, 19, 23, 7, 65]",44.82889969983717
"[36, 17, 25, 61, 15, 31, 12, 32, 54, 38, 56, 19, 22, 7, 64]",45.51328474765967
"[38, 22, 27, 63, 18, 33, 13, 32, 53, 38, 56, 19, 23, 7, 65]",44.70419973544987
"[35, 15, 22, 56, 14, 32, 13, 30, 53, 38, 56, 19, 23, 7, 65]",44.42637642450133
"[38, 17, 23, 63, 17, 33, 13, 32, 55, 38, 56, 19, 23, 7, 65]",44.461412545787525
"[35, 13, 26, 61, 13, 32, 14, 32, 54, 38, 56, 19, 23, 6, 65]",49.094656084655846
"[35, 15, 24, 51, 13, 34, 13, 32, 57, 38, 56, 19, 23, 7, 65]",49.1284564509564
"[36, 17, 23, 60, 16, 34, 12, 32, 55, 38, 56, 19, 23, 8, 65]",42.98695309320331
"[36, 19, 24, 63, 14, 33, 14, 31, 55, 38, 56, 19, 23, 7, 65]",46.90801218457464
"[35, 15, 23, 59, 15, 31, 12, 32, 55, 38, 56, 19, 23, 7, 65]",45.04359470390726
"[39, 18, 24, 63, 16, 32, 13, 31, 54, 37, 56, 19, 23, 7, 65]",44.15218660968673
"[35, 15, 27, 63, 16, 31, 12, 32, 55, 38, 56, 20, 23, 6, 65]",45.223201312576265
"[38, 16, 24, 62, 16, 34, 13, 32, 55, 38, 56, 19, 23, 7, 65]",43.71793867012609
"[35, 18, 22, 56, 16, 32, 14, 32, 55, 38, 56, 19, 23, 6, 65]",45.51028540903539
"[39, 15, 22, 63, 16, 31, 13, 32, 55, 38, 56, 19, 23, 7, 65]",44.99358478327243
"[39, 17, 25, 63, 16, 32, 12, 32, 55, 37, 56, 19, 22, 7, 65]",45.65129019129028
"[35, 17, 22, 58, 14, 32, 12, 32, 56, 38, 56, 20, 23, 7, 65]",46.02884984228731
"[38, 17, 26, 59, 15, 32, 15, 32, 54, 38, 56, 19, 23, 7, 65]",45.40825256919023
"[39, 17, 26, 63, 17, 33, 13, 32, 56, 38, 56, 19, 21, 6, 65]",46.45377009564512
"[35, 15, 22, 48, 13, 32, 13, 32, 54, 38, 56, 19, 23, 5, 65]",45.90410548941786
"[38, 17, 25, 63, 16, 31, 13, 31, 54, 37, 56, 19, 23, 7, 65]",46.11195487382969
"[36, 17, 25, 60, 13, 33, 12, 31, 54, 38, 56, 19, 22, 7, 64]",46.194622761497804
"[44, 17, 29, 63, 16, 33, 13, 32, 56, 37, 56, 19, 23, 7, 65]",46.84488082519308
"[35, 13, 22, 58, 14, 32, 13, 32, 53, 37, 57, 19, 23, 7, 65]",46.40474422568168
"[38, 17, 23, 61, 16, 33, 13, 32, 54, 38, 56, 20, 23, 7, 65]",44.30982829670305
"[35, 17, 22, 63, 16, 33, 12, 32, 54, 38, 57, 19, 23, 7, 65]",49.94187092999565
"[35, 17, 22, 59, 13, 34, 13, 32, 56, 38, 56, 19, 23, 7, 65]",47.74804487179492
"[37, 17, 23, 59, 15, 34, 13, 32, 55, 38, 56, 19, 23, 8, 65]",46.24380481786725
"[40, 20, 25, 60, 18, 31, 13, 32, 55, 38, 56, 19, 23, 7, 65]",47.32336411273928
"[35, 15, 25, 58, 14, 31, 13, 32, 55, 38, 56, 19, 23, 7, 65]",47.50713687932424
"[38, 18, 25, 63, 16, 32, 13, 31, 54, 37, 56, 19, 22, 7, 65]",46.37539631664631
"[37, 16, 26, 63, 17, 33, 13, 32, 55, 37, 56, 19, 23, 6, 65]",45.626610322548004
"[37, 18, 23, 61, 15, 33, 12, 31, 57, 37, 56, 19, 23, 7, 65]",44.04039707977204
"[35, 20, 24, 56, 15, 32, 13, 32, 54, 38, 56, 19, 22, 6, 65]",45.2465588115589
"[38, 17, 22, 63, 16, 31, 13, 32, 55, 37, 56, 19, 23, 7, 65]",43.589168956043935
"[37, 17, 25, 63, 16, 32, 12, 32, 55, 37, 56, 19, 21, 7, 65]",43.61130863349629
"[35, 19, 22, 48, 15, 32, 12, 32, 56, 38, 56, 20, 23, 7, 65]",45.890322039072096
"[37, 16, 24, 63, 16, 34, 14, 32, 53, 38, 56, 19, 23, 7, 65]",44.358165318477894
"[40, 17, 24, 63, 15, 33, 13, 32, 55, 38, 56, 19, 23, 7, 65]",46.1332500254374
"[35, 12, 22, 49, 13, 33, 13, 32, 54, 38, 56, 19, 23, 5, 65]",47.89259208384207
"[38, 17, 24, 63, 16, 31, 13, 32, 54, 37, 56, 19, 23, 7, 65]",44.603264270451895
"[37, 16, 24, 61, 14, 33, 14, 32, 54, 37, 56, 19, 22, 7, 64]",47.113808506308494
"[47, 17, 22, 63, 16, 32, 13, 32, 57, 37, 56, 19, 23, 7, 65]",46.958557819495155
"[35, 13, 22, 54, 13, 32, 13, 32, 54, 36, 56, 19, 23, 8, 65]",48.51859305046807
"[37, 17, 26, 61, 14, 32, 13, 32, 57, 38, 56, 21, 23, 7, 65]",45.167603912291455
"[35, 19, 22, 63, 17, 31, 12, 32, 56, 38, 56, 19, 23, 8, 65]",43.242812500000014
"[35, 17, 22, 63, 14, 33, 12, 32, 56, 38, 56, 19, 22, 7, 65]",45.997221586284155
"[35, 15, 24, 62, 15, 34, 13, 32, 55, 38, 56, 19, 23, 8, 65]",43.539288639601224
"[41, 15, 26, 63, 19, 31, 12, 32, 55, 38, 56, 19, 23, 7, 64]",45.07783920940174
"[35, 16, 23, 56, 15, 32, 13, 32, 55, 37, 57, 19, 23, 7, 65]",45.05684765466027
"[38, 16, 26, 63, 16, 32, 13, 31, 54, 37, 56, 19, 21, 7, 65]",45.75537774725268
"[42, 17, 24, 61, 15, 33, 13, 32, 55, 38, 56, 19, 23, 6, 65]",44.46105082417567
"[36, 20, 22, 63, 16, 31, 14, 31, 55, 37, 56, 19, 23, 7, 65]",45.98477564102572
"[37, 20, 25, 63, 13, 32, 13, 32, 56, 38, 56, 20, 23, 8, 65]",46.95546461640216
"[36, 18, 25, 61, 15, 31, 12, 32, 55, 37, 56, 19, 23, 7, 65]",46.574596052096055
"[38, 17, 24, 63, 16, 32, 13, 32, 53, 37, 56, 19, 21, 7, 65]",44.766977131664646
"[35, 16, 22, 48, 15, 31, 13, 32, 55, 38, 56, 19, 23, 7, 65]",46.83722820004069
"[37, 16, 22, 62, 15, 33, 12, 32, 54, 38, 56, 19, 23, 7, 65]",44.50773084554336
"[38, 17, 23, 63, 13, 33, 13, 32, 57, 38, 56, 19, 23, 7, 64]",46.789186380748816
"[35, 13, 22, 52, 13, 31, 13, 32, 56, 38, 56, 19, 23, 8, 65]",44.83435464997966
"[38, 17, 24, 61, 16, 33, 13, 32, 54, 37, 56, 19, 23, 7, 65]",43.89975745319515
"[36, 16, 23, 62, 18, 31, 14, 32, 55, 38, 56, 19, 23, 7, 65]",46.393463700651104
"[41, 19, 24, 63, 18, 32, 13, 32, 57, 38, 56, 19, 23, 7, 65]",46.0697082315832
"[36, 15, 23, 55, 15, 32, 13, 32, 54, 36, 56, 19, 23, 7, 65]",45.78638011294249
"[37, 15, 25, 63, 16, 33, 13, 32, 57, 38, 57, 19, 23, 7, 65]",45.071460113960136
"[37, 16, 22, 63, 16, 31, 13, 32, 56, 38, 56, 19, 23, 7, 65]",42.951050188237666
"[35, 14, 22, 57, 16, 32, 14, 32, 57, 38, 56, 19, 23, 8, 65]",44.88085800773299
"[35, 15, 23, 63, 15, 33, 13, 32, 57, 38, 56, 19, 23, 7, 65]",44.99815488909249
"[40, 16, 24, 63, 13, 32, 12, 32, 56, 38, 56, 19, 23, 8, 63]",49.72060554029299
"[35, 18, 22, 58, 16, 32, 12, 32, 54, 37, 57, 19, 23, 7, 65]",44.90695843508342
"[38, 16, 25, 63, 16, 32, 13, 31, 55, 37, 56, 19, 23, 7, 65]",43.70912176943416
"[42, 17, 22, 63, 15, 32, 13, 32, 56, 38, 56, 19, 23, 7, 65]",45.26008763227494
"[38, 14, 23, 61, 16, 31, 12, 32, 54, 38, 57, 19, 23, 7, 65]",47.78820881664648
"[40, 16, 24, 63, 17, 33, 13, 32, 57, 38, 56, 20, 23, 8, 65]",52.62126577126559
"[37, 19, 26, 62, 17, 32, 12, 31, 53, 37, 56, 19, 23, 7, 65]",45.36944266381771
"[39, 17, 23, 63, 16, 32, 13, 31, 53, 37, 56, 19, 23, 7, 65]",45.992193477818454
"[35, 13, 22, 48, 13, 31, 13, 32, 54, 37, 56, 19, 23, 7, 65]",45.35746146214905
"[38, 16, 23, 61, 16, 32, 14, 32, 57, 38, 56, 19, 23, 7, 65]",48.04650323056571
"[38, 17, 24, 62, 14, 33, 13, 32, 57, 38, 56, 19, 23, 7, 65]",50.59709872303625
"[35, 15, 22, 48, 13, 31, 12, 32, 57, 37, 56, 19, 22, 8, 65]",48.34577571733807
"[38, 17, 24, 61, 16, 34, 13, 31, 53, 37, 56, 19, 23, 7, 65]",46.37664771571014
"[35, 16, 26, 63, 16, 32, 14, 32, 55, 38, 56, 19, 23, 7, 65]",46.96721192002456
"[38, 20, 24, 63, 19, 33, 12, 32, 55, 38, 56, 19, 23, 7, 65]",46.20754858567357
"[35, 17, 22, 60, 16, 32, 13, 30, 54, 37, 56, 19, 23, 7, 65]",45.04673636548652
"[38, 17, 24, 63, 17, 32, 13, 32, 57, 37, 56, 19, 23, 7, 65]",44.69383737789993
"[38, 14, 26, 63, 15, 31, 14, 32, 55, 37, 56, 19, 23, 6, 65]",43.68021227614976
"[35, 15, 22, 55, 15, 33, 14, 32, 57, 38, 56, 19, 23, 8, 65]",45.455532788970366
"[36, 16, 24, 60, 16, 32, 12, 31, 57, 38, 56, 19, 23, 7, 65]",44.45437092999597
"[37, 18, 23, 63, 13, 33, 12, 32, 56, 37, 56, 19, 23, 7, 65]",47.93025157712677
"[35, 18, 22, 59, 13, 31, 13, 32, 56, 37, 56, 19, 23, 7, 65]",45.467670940170876
"[38, 18, 25, 63, 16, 32, 13, 32, 54, 37, 56, 19, 23, 7, 65]",46.225826465201585
"[40, 14, 27, 63, 15, 32, 13, 32, 57, 38, 56, 19, 23, 6, 65]",43.756801358363994
"[38, 15, 25, 58, 16, 33, 12, 32, 55, 37, 56, 19, 23, 7, 65]",44.14506435693934
"[37, 14, 25, 63, 17, 34, 13, 32, 57, 38, 57, 19, 23, 6, 65]",43.86803596866087
"[40, 15, 24, 63, 17, 31, 13, 31, 54, 36, 56, 19, 23, 7, 65]",44.96482995014255
"[38, 17, 24, 63, 17, 31, 12, 31, 53, 37, 56, 19, 23, 7, 65]",44.44596675315429
"[35, 13, 22, 51, 13, 32, 12, 32, 55, 37, 56, 19, 22, 7, 65]",46.23796766890528
"[38, 16, 25, 61, 13, 31, 14, 32, 57, 38, 56, 19, 23, 7, 65]",44.25830967643473
"[38, 16, 24, 61, 16, 33, 12, 32, 56, 38, 56, 19, 23, 7, 65]",44.08714794464822
"[35, 14, 22, 50, 13, 32, 13, 32, 55, 38, 56, 19, 23, 6, 65]",47.32379922161173
"[38, 17, 25, 63, 17, 32, 12, 31, 54, 37, 56, 19, 22, 7, 64]",43.48542633292646
"[35, 16, 23, 60, 15, 33, 12, 32, 54, 38, 56, 19, 22, 7, 65]",45.66663868538863
"[42, 18, 25, 63, 18, 32, 12, 32, 54, 38, 56, 19, 23, 7, 65]",44.205956959706896
"[35, 16, 23, 54, 16, 32, 13, 30, 54, 36, 56, 20, 23, 8, 65]",46.23680491961726
"[38, 18, 24, 63, 17, 32, 13, 32, 55, 37, 56, 19, 23, 7, 65]",45.54725821632103
"[36, 14, 26, 60, 15, 32, 14, 32, 55, 38, 56, 19, 23, 6, 65]",45.93925480769246
"[35, 16, 22, 59, 13, 34, 13, 32, 57, 38, 56, 19, 23, 8, 65]",44.65625724969482
"[37, 17, 23, 55, 15, 34, 13, 32, 55, 38, 56, 19, 23, 7, 65]",43.37548496642248
"[36, 19, 23, 63, 17, 32, 14, 32, 56, 38, 56, 20, 23, 7, 65]",45.42978543447299
"[35, 17, 24, 59, 15, 31, 13, 31, 56, 37, 56, 19, 23, 7, 65]",46.35181878306891
"[38, 18, 25, 63, 16, 32, 13, 32, 53, 37, 56, 19, 23, 7, 65]",42.68786935286938
"[41, 16, 27, 63, 15, 32, 13, 32, 55, 38, 56, 19, 23, 6, 65]",47.12412138787124
"[37, 17, 23, 63, 13, 33, 13, 32, 56, 36, 56, 19, 23, 7, 65]",46.35766979548221
"[37, 15, 26, 63, 14, 33, 13, 32, 55, 38, 57, 19, 23, 6, 65]",45.92466104497355
"[39, 15, 23, 63, 15, 31, 13, 32, 55, 36, 56, 19, 23, 7, 65]",45.99026836589341
"[38, 17, 24, 63, 16, 31, 12, 32, 55, 37, 56, 19, 22, 7, 65]",46.90814344220589
"[35, 15, 22, 61, 13, 32, 12, 32, 56, 38, 56, 19, 23, 7, 65]",46.14787278693518
"[38, 16, 23, 61, 13, 31, 12, 32, 57, 38, 58, 19, 23, 7, 65]",45.26507326007329
"[38, 16, 23, 63, 15, 33, 13, 32, 56, 38, 56, 19, 23, 7, 65]",46.68899000305261
"[35, 12, 22, 53, 13, 32, 13, 32, 54, 38, 56, 19, 23, 5, 65]",47.5273084554331
"[38, 17, 25, 63, 17, 31, 12, 31, 54, 37, 56, 19, 22, 7, 64]",43.81250305250307
"[35, 17, 23, 60, 16, 33, 12, 32, 54, 38, 56, 19, 22, 7, 65]",45.07509093915355
"[47, 18, 23, 63, 16, 31, 14, 32, 54, 38, 56, 19, 23, 7, 65]",48.452596408221396
"[35, 15, 25, 59, 14, 31, 13, 32, 54, 36, 57, 19, 23, 8, 65]",45.039794210419245
"[38, 17, 26, 63, 15, 32, 13, 32, 55, 38, 56, 19, 23, 7, 65]",45.79286108567353
"[35, 15, 22, 61, 16, 33, 12, 32, 56, 37, 56, 19, 22, 7, 65]",47.22700613044361
"[35, 14, 22, 59, 13, 33, 13, 32, 57, 38, 56, 20, 23, 8, 65]",45.38447547822539
"[35, 14, 22, 62, 14, 34, 13, 32, 53, 38, 56, 19, 23, 8, 65]",45.01908374033371
"[40, 18, 24, 63, 18, 32, 13, 31, 55, 38, 56, 19, 22, 7, 65]",43.83250864875849
"[35, 15, 25, 57, 16, 31, 12, 32, 56, 37, 56, 19, 23, 7, 65]",45.60645667989451
"[38, 18, 25, 63, 16, 32, 13, 32, 54, 37, 56, 19, 23, 7, 65]",44.78565081908838
"[39, 17, 22, 63, 16, 32, 13, 32, 54, 38, 56, 19, 23, 7, 65]",47.28154609279603
"[36, 18, 22, 63, 16, 32, 13, 32, 56, 37, 56, 19, 23, 7, 65]",47.491673916361364
"[38, 19, 23, 61, 13, 32, 13, 32, 56, 38, 56, 19, 23, 7, 65]",46.75385264041528
"[39, 17, 24, 63, 16, 31, 12, 32, 54, 37, 56, 19, 22, 7, 65]",44.97966269841259
"[38, 17, 25, 63, 16, 31, 14, 32, 55, 36, 56, 19, 21, 7, 65]",44.14795456857961
"[35, 17, 22, 52, 13, 31, 13, 32, 55, 37, 56, 19, 23, 7, 65]",46.12596357346367
"[38, 16, 22, 61, 13, 33, 14, 32, 56, 38, 58, 19, 23, 7, 65]",46.484711920024225
"[39, 17, 23, 63, 14, 33, 13, 32, 56, 38, 56, 19, 23, 6, 65]",44.59828996235233
"[35, 12, 22, 48, 13, 32, 13, 32, 55, 37, 56, 19, 23, 6, 65]",49.876418142043015
"[38, 17, 25, 63, 16, 32, 12, 30, 55, 37, 56, 19, 22, 7, 64]",45.879842668905304
"[35, 15, 24, 60, 17, 32, 12, 32, 56, 36, 56, 19, 23, 7, 65]",44.390689229751885
"[45, 19, 27, 63, 18, 31, 12, 32, 55, 36, 57, 19, 23, 7, 65]",45.35421067358557
"[35, 15, 22, 63, 13, 31, 13, 32, 54, 36, 58, 19, 23, 7, 65]",45.558409773097225
"[39, 17, 24, 63, 16, 31, 12, 32, 55, 38, 56, 19, 22, 7, 65]",47.52533246845754
"[37, 16, 22, 60, 16, 33, 12, 32, 56, 38, 56, 19, 23, 7, 65]",44.53793536324799
"[35, 16, 24, 60, 16, 32, 12, 32, 57, 37, 56, 19, 22, 7, 65]",44.9038203347578
"[35, 16, 25, 56, 16, 34, 12, 32, 53, 38, 56, 19, 22, 8, 65]",44.47043536324786
"[43, 15, 23, 63, 15, 33, 12, 32, 56, 38, 56, 19, 22, 7, 65]",43.99220263532767
"[35, 15, 24, 62, 15, 31, 13, 32, 55, 38, 56, 19, 23, 6, 65]",45.116228123728014
"[38, 17, 25, 63, 16, 32, 14, 32, 54, 37, 56, 19, 23, 7, 65]",45.07119416463166
"[41, 16, 23, 63, 16, 32, 13, 32, 56, 38, 56, 19, 23, 7, 65]",43.94753853785118
"[37, 16, 25, 61, 17, 31, 13, 32, 56, 38, 56, 20, 23, 7, 65]",44.603705484330405
"[37, 18, 22, 58, 17, 32, 13, 32, 55, 38, 56, 19, 23, 8, 65]",45.767218533781175
"[37, 18, 25, 62, 17, 31, 12, 31, 54, 37, 56, 19, 23, 7, 64]",44.65855654761914
"[38, 17, 25, 63, 16, 34, 13, 32, 54, 37, 56, 19, 23, 7, 65]",44.71806649369141
"[35, 13, 22, 54, 13, 33, 13, 32, 56, 37, 56, 20, 23, 7, 65]",44.48220187220187
"[35, 16, 23, 63, 14, 33, 15, 32, 54, 38, 56, 19, 23, 7, 65]",45.67260505698013
"[40, 17, 25, 63, 15, 32, 12, 32, 57, 38, 56, 19, 23, 6, 65]",45.39987319393565
"[35, 16, 22, 53, 13, 32, 13, 32, 57, 37, 56, 19, 23, 7, 65]",44.9093556674807
"[38, 17, 25, 63, 16, 33, 12, 31, 53, 36, 56, 19, 23, 7, 65]",45.71047962454201
"[36, 16, 24, 61, 14, 31, 13, 32, 53, 37, 56, 19, 23, 7, 65]",47.16998550061063
"[44, 19, 28, 63, 19, 32, 13, 32, 56, 36, 56, 19, 23, 7, 65]",45.75618945868941
"[35, 16, 22, 63, 13, 31, 12, 32, 54, 37, 56, 19, 23, 7, 65]",45.62156504375261
"[38, 17, 25, 63, 16, 32, 12, 32, 56, 37, 57, 20, 23, 7, 65]",43.87482486263729
"[37, 16, 22, 59, 14, 32, 13, 32, 54, 38, 56, 19, 23, 7, 65]",43.71902612433849
"[35, 17, 23, 56, 14, 32, 15, 32, 57, 37, 56, 19, 23, 7, 65]",42.63075931013452
"[36, 17, 24, 56, 18, 32, 12, 32, 55, 38, 56, 19, 23, 8, 65]",45.856911375661426
"[38, 14, 26, 63, 15, 32, 13, 32, 56, 37, 56, 19, 23, 8, 65]",46.033699124949045
"[35, 16, 22, 59, 15, 33, 13, 32, 56, 38, 56, 19, 23, 7, 65]",45.52681242368734
"[38, 17, 25, 63, 16, 32, 14, 32, 54, 37, 56, 19, 23, 7, 65]",47.029872176434786
"[38, 14, 26, 63, 14, 33, 13, 32, 56, 38, 56, 19, 23, 6, 65]",44.58189102564109
"[37, 17, 25, 61, 15, 32, 13, 32, 55, 38, 56, 19, 23, 7, 65]",44.37375152625146
"[38, 16, 23, 60, 20, 32, 13, 32, 56, 38, 56, 19, 23, 8, 65]",44.48730184167675
"[37, 17, 22, 63, 16, 31, 13, 32, 55, 37, 56, 20, 23, 7, 65]",43.92821021571018
"[38, 17, 25, 63, 16, 34, 12, 32, 55, 38, 56, 19, 23, 7, 65]",43.961206629019124
"[35, 12, 22, 53, 13, 33, 13, 32, 55, 38, 56, 20, 23, 7, 65]",46.21987230362246
"[36, 16, 25, 59, 14, 32, 14, 32, 53, 38, 56, 19, 23, 7, 65]",44.31080725986966
"[37, 18, 23, 62, 17, 33, 13, 32, 55, 38, 56, 19, 23, 7, 65]",47.88199404761905
"[35, 15, 22, 57, 14, 33, 12, 32, 57, 36, 56, 19, 23, 6, 65]",47.98325104293849
"[38, 17, 25, 63, 16, 31, 13, 32, 54, 36, 56, 19, 23, 7, 65]",46.61074557387073
"[36, 16, 24, 63, 14, 31, 13, 31, 52, 38, 56, 19, 23, 7, 65]",45.278100961538456
"[43, 18, 25, 63, 19, 31, 13, 31, 55, 37, 56, 19, 23, 7, 65]",46.47089311151808
"[35, 16, 25, 57, 17, 31, 13, 31, 54, 36, 56, 19, 23, 7, 65]",44.229536528286445
"[38, 17, 25, 63, 17, 32, 14, 31, 55, 37, 56, 20, 23, 7, 65]",44.439898758648646
"[35, 16, 23, 59, 14, 32, 14, 32, 55, 38, 56, 19, 23, 7, 65]",45.46470301689047
"[36, 13, 23, 58, 14, 33, 15, 32, 56, 38, 56, 19, 23, 7, 65]",45.843262871388035
"[36, 17, 22, 61, 14, 31, 14, 32, 56, 38, 56, 19, 23, 7, 65]",46.32234788359792
"[36, 16, 23, 63, 17, 32, 13, 32, 56, 38, 56, 19, 23, 8, 64]",52.38661439255187
"[37, 17, 22, 60, 16, 33, 13, 32, 55, 37, 56, 19, 23, 8, 65]",42.54681687525439
"[38, 17, 25, 62, 16, 32, 12, 32, 54, 37, 56, 19, 23, 7, 65]",44.94390542328048
"[40, 15, 26, 63, 16, 32, 12, 31, 57, 38, 56, 19, 23, 5, 64]",46.00475999694754
"[38, 18, 25, 62, 15, 32, 12, 31, 56, 38, 56, 19, 23, 7, 65]",44.873783068783275
"[38, 16, 25, 62, 15, 32, 13, 32, 57, 38, 56, 20, 23, 6, 65]",44.89987115893361
"[38, 16, 23, 63, 14, 33, 13, 32, 54, 36, 56, 19, 23, 7, 65]",46.203054538054666
"[38, 17, 24, 63, 16, 31, 12, 32, 56, 38, 56, 19, 23, 7, 65]",46.920493742368755
"[35, 16, 22, 58, 15, 32, 13, 32, 54, 38, 57, 20, 23, 7, 65]",47.118427960927896
"[38, 16, 22, 60, 14, 32, 12, 32, 54, 38, 56, 20, 23, 7, 65]",44.3590492724868
"[40, 18, 22, 62, 17, 33, 13, 32, 54, 38, 56, 19, 23, 7, 65]",44.74389308608065
"[35, 12, 22, 55, 13, 33, 12, 32, 54, 38, 56, 20, 23, 7, 65]",44.373599791412424
"[38, 17, 25, 63, 16, 31, 13, 31, 55, 36, 56, 19, 23, 7, 65]",45.42931534900282
"[35, 17, 24, 60, 16, 31, 12, 31, 52, 38, 56, 19, 22, 7, 64]",45.60046805046793
"[39, 19, 25, 63, 16, 31, 13, 31, 53, 38, 56, 19, 23, 7, 65]",46.02819571632067
"[35, 16, 27, 50, 17, 32, 14, 31, 54, 35, 56, 19, 23, 7, 65]",43.98829225172982
"[38, 17, 24, 63, 17, 32, 14, 32, 57, 37, 56, 19, 23, 7, 65]",45.55936126373612
"[35, 16, 24, 60, 16, 31, 13, 31, 55, 37, 57, 19, 22, 7, 65]",47.09866796398047
"[36, 12, 22, 56, 16, 33, 14, 32, 57, 38, 56, 19, 23, 8, 65]",45.65968330280847
"[37, 17, 24, 60, 13, 32, 14, 32, 55, 37, 56, 19, 23, 7, 65]",46.63322624135123
"[39, 18, 23, 61, 17, 31, 13, 32, 56, 38, 57, 19, 23, 8, 65]",43.31262795075302
"[35, 16, 22, 58, 15, 33, 13, 32, 55, 37, 56, 19, 23, 8, 65]",44.47383597883623
"[38, 17, 25, 63, 15, 32, 12, 31, 54, 37, 56, 19, 23, 7, 65]",45.42429932336188
"[42, 17, 22, 62, 18, 32, 13, 32, 57, 38, 56, 19, 23, 5, 64]",44.19466129934895
"[38, 17, 24, 62, 17, 32, 12, 31, 56, 38, 56, 19, 23, 7, 65]",46.04847845441599
"[39, 17, 27, 63, 14, 34, 13, 32, 56, 38, 56, 20, 22, 6, 65]",45.143596866096765
"[37, 16, 26, 63, 15, 32, 13, 32, 54, 37, 57, 19, 23, 7, 65]",45.319653922466514
"[38, 17, 24, 63, 16, 32, 12, 32, 55, 37, 56, 19, 22, 7, 65]",45.61910714285699
"[35, 15, 22, 49, 13, 32, 13, 32, 55, 38, 56, 20, 23, 7, 65]",44.79184460215707
"[37, 16, 24, 60, 13, 32, 12, 32, 55, 37, 57, 19, 23, 7, 65]",45.9907609635735
"[42, 18, 22, 63, 13, 31, 13, 32, 56, 38, 57, 19, 23, 7, 65]",46.25162342287341
"[35, 15, 22, 55, 13, 32, 13, 32, 54, 38, 56, 19, 23, 7, 65]",46.90842185592192
"[38, 17, 24, 63, 16, 31, 13, 30, 54, 37, 56, 19, 23, 7, 65]",46.39501818783061
"[37, 16, 23, 59, 17, 32, 12, 32, 53, 38, 56, 19, 23, 7, 64]",47.79770706145711
"[44, 18, 25, 63, 16, 32, 13, 31, 54, 36, 56, 19, 23, 7, 65]",46.64278757122516
"[37, 17, 23, 55, 14, 33, 13, 32, 53, 37, 57, 19, 23, 7, 65]",46.674567434879954
"[39, 17, 24, 63, 15, 31, 13, 32, 57, 38, 56, 19, 23, 7, 65]",45.11711996336991
"[36, 15, 22, 62, 16, 33, 13, 32, 55, 37, 56, 19, 23, 7, 65]",47.63171983109502
"[35, 16, 23, 55, 15, 33, 13, 32, 57, 38, 56, 19, 23, 7, 65]",46.726356328856255
"[37, 16, 25, 57, 15, 35, 12, 31, 54, 38, 56, 19, 23, 7, 64]",45.75680428367919
"[42, 18, 25, 62, 16, 33, 13, 32, 56, 38, 56, 19, 23, 7, 65]",44.796853250915696
"[35, 15, 23, 58, 15, 32, 13, 32, 55, 38, 56, 19, 23, 7, 65]",43.9127888431015
"[38, 18, 24, 63, 16, 32, 13, 31, 54, 37, 56, 19, 23, 7, 65]",46.475671932234505
"[41, 17, 22, 63, 14, 33, 13, 32, 56, 37, 56, 19, 22, 7, 64]",45.34334071021572
"[38, 18, 22, 63, 17, 32, 13, 32, 57, 37, 57, 19, 23, 7, 65]",43.6586949277576
"[37, 17, 22, 63, 17, 34, 13, 32, 56, 38, 56, 19, 23, 7, 65]",46.413243157305594
"[36, 18, 25, 61, 17, 31, 13, 32, 54, 38, 56, 19, 23, 7, 65]",46.75561546092806
"[39, 17, 25, 62, 17, 32, 12, 32, 55, 37, 56, 19, 22, 7, 64]",44.24517590048816
"[35, 15, 22, 53, 14, 31, 12, 32, 55, 38, 56, 19, 22, 7, 65]",48.08464056776547
"[37, 16, 23, 59, 15, 31, 12, 32, 55, 37, 56, 19, 23, 7, 65]",45.69941735347967
"[43, 17, 25, 63, 13, 32, 13, 32, 57, 38, 56, 19, 23, 6, 65]",45.4984764194139
"[35, 16, 23, 50, 13, 32, 13, 32, 57, 38, 58, 19, 23, 5, 65]",45.15550735144487
"[38, 17, 25, 63, 17, 31, 12, 30, 54, 37, 56, 19, 22, 7, 64]",45.736380367317835
"[38, 16, 24, 61, 15, 32, 12, 32, 55, 37, 56, 19, 23, 7, 65]",45.29003268722025
"[50, 20, 24, 63, 18, 32, 13, 31, 55, 36, 56, 20, 23, 7, 65]",47.330190145502655
"[36, 15, 22, 62, 13, 32, 13, 32, 55, 37, 57, 19, 23, 7, 65]",44.50863006206748
"[39, 17, 25, 61, 16, 31, 12, 32, 55, 38, 56, 19, 23, 7, 65]",46.34688670126173
"[38, 16, 25, 63, 16, 32, 13, 31, 55, 38, 56, 19, 23, 7, 64]",44.92072471509976
"[35, 17, 22, 57, 13, 33, 12, 32, 57, 38, 56, 19, 23, 7, 65]",43.85382122507121
"[35, 16, 23, 61, 17, 34, 12, 31, 53, 38, 56, 19, 23, 7, 65]",46.011967719779996
"[39, 18, 24, 63, 16, 33, 13, 32, 57, 38, 56, 19, 23, 7, 65]",46.700420227920404
"[36, 16, 22, 60, 16, 31, 12, 32, 54, 38, 56, 19, 23, 7, 65]",43.956698972323956
"[38, 18, 24, 62, 17, 31, 13, 31, 53, 37, 57, 19, 23, 7, 65]",46.303030118030065
"[41, 15, 25, 63, 13, 33, 13, 32, 56, 38, 56, 19, 23, 8, 63]",44.15566544566555
"[38, 18, 22, 63, 15, 32, 13, 32, 57, 37, 56, 19, 23, 7, 65]",45.70336920024422
"[37, 15, 24, 61, 18, 33, 13, 32, 57, 38, 56, 19, 23, 8, 65]",45.30564700345948
"[39, 17, 23, 62, 17, 32, 13, 32, 54, 38, 56, 19, 23, 7, 65]",46.055523249898236
"[39, 17, 24, 63, 17, 32, 14, 32, 54, 37, 56, 19, 23, 7, 65]",47.02245561151831
"[35, 15, 22, 59, 13, 32, 12, 32, 55, 37, 56, 19, 23, 7, 65]",45.46235182641431
"[36, 16, 22, 60, 13, 31, 14, 31, 53, 37, 56, 19, 23, 7, 65]",45.704673127797946
"[35, 17, 25, 63, 14, 33, 12, 32, 56, 38, 56, 19, 23, 6, 65]",49.04608719983723
"[35, 13, 22, 58, 14, 32, 12, 31, 57, 37, 56, 19, 23, 6, 65]",47.509548738299
"[39, 17, 26, 63, 17, 31, 12, 32, 54, 37, 56, 19, 22, 7, 64]",46.21477767602787
"[35, 16, 25, 62, 15, 32, 13, 31, 56, 37, 56, 19, 23, 7, 65]",43.431615791615776
"[44, 22, 28, 63, 21, 31, 13, 32, 55, 37, 57, 19, 23, 7, 65]",46.07913779507536
"[36, 14, 22, 63, 15, 31, 13, 32, 55, 37, 56, 19, 23, 7, 65]",43.62335368335358
"[38, 17, 24, 63, 17, 32, 13, 32, 55, 38, 56, 19, 23, 7, 65]",44.330439051688856
"[39, 17, 24, 63, 16, 31, 12, 31, 56, 38, 56, 19, 23, 7, 65]",44.07276645807912
"[35, 12, 25, 62, 13, 32, 13, 32, 55, 38, 56, 19, 23, 7, 65]",45.88724142755381
"[35, 17, 24, 60, 16, 33, 12, 31, 54, 38, 56, 19, 22, 7, 65]",44.23620993589752
"[38, 17, 24, 63, 16, 33, 13, 32, 56, 38, 56, 19, 23, 8, 65]",43.67709249084257
"[35, 17, 22, 62, 16, 33, 12, 32, 54, 37, 56, 19, 22, 7, 65]",44.524959935897485
"[38, 18, 25, 63, 16, 33, 13, 32, 53, 36, 57, 19, 23, 7, 65]",44.21503039784282
"[40, 16, 26, 63, 14, 32, 13, 32, 57, 38, 56, 19, 23, 4, 64]",49.41323399979638
"[37, 17, 26, 63, 16, 33, 12, 32, 55, 37, 56, 19, 23, 7, 65]",44.507104573666915
"[38, 16, 25, 59, 18, 32, 13, 32, 57, 38, 56, 19, 23, 7, 65]",45.12158933658939
"[40, 16, 24, 62, 16, 32, 13, 32, 55, 36, 56, 19, 23, 7, 65]",46.65932463369958
"[38, 17, 25, 63, 16, 32, 14, 32, 55, 37, 56, 19, 22, 7, 65]",47.475549959300025
"[35, 15, 22, 48, 14, 32, 14, 32, 54, 36, 56, 19, 23, 7, 65]",45.194838090150725
"[37, 16, 22, 59, 15, 31, 15, 31, 53, 37, 56, 19, 23, 7, 65]",45.410462708587595
"[37, 18, 26, 63, 17, 33, 12, 32, 54, 38, 56, 19, 22, 6, 65]",45.208373397435935
"[35, 15, 23, 63, 16, 32, 12, 32, 57, 37, 56, 19, 23, 7, 65]",43.246228886853736
"[39, 17, 26, 63, 18, 31, 12, 32, 54, 37, 56, 19, 21, 7, 65]",43.393769332519255
"[35, 16, 26, 63, 16, 32, 13, 32, 55, 37, 56, 19, 23, 7, 65]",44.20884895197377
"[44, 18, 29, 63, 21, 33, 13, 32, 56, 38, 57, 19, 23, 7, 65]",45.80182666870183
"[36, 14, 26, 61, 16, 31, 13, 32, 55, 37, 56, 19, 23, 7, 65]",45.08354599104594
"[38, 17, 24, 63, 17, 32, 13, 32, 54, 38, 56, 19, 23, 7, 65]",44.97742101648357
"[38, 17, 23, 63, 16, 31, 12, 32, 56, 38, 56, 19, 23, 7, 65]",44.46751577126594
"[35, 16, 27, 62, 15, 32, 14, 32, 56, 38, 56, 19, 23, 8, 65]",47.27117572242546
"[37, 17, 24, 62, 14, 32, 13, 32, 55, 38, 56, 19, 22, 7, 64]",43.73539262820517
"[40, 17, 24, 63, 16, 32, 13, 32, 56, 38, 56, 19, 23, 8, 65]",44.711493564306004
"[37, 17, 25, 59, 15, 33, 14, 31, 55, 36, 56, 19, 23, 7, 65]",44.8139908933658
"[38, 17, 26, 63, 15, 33, 13, 31, 53, 36, 57, 19, 23, 7, 65]",45.21212047212032
"[41, 15, 27, 63, 15, 32, 12, 32, 57, 38, 56, 19, 23, 5, 65]",45.984989570614644
"[38, 18, 23, 63, 16, 33, 13, 32, 55, 38, 56, 19, 23, 7, 65]",46.039068477818326
"[39, 17, 25, 62, 15, 32, 13, 32, 56, 38, 56, 19, 23, 6, 65]",44.022123015872836
"[35, 17, 24, 63, 16, 32, 13, 32, 56, 37, 57, 19, 23, 7, 65]",43.77588649776168
"[38, 17, 26, 63, 16, 32, 12, 32, 55, 37, 56, 19, 21, 7, 65]",45.36435414122905
"[35, 14, 22, 48, 14, 32, 13, 32, 56, 37, 56, 20, 23, 7, 65]",44.206805555555796
"[36, 16, 23, 58, 16, 31, 13, 31, 54, 37, 56, 19, 22, 7, 65]",45.052886014448625
"[44, 18, 22, 62, 17, 32, 13, 32, 56, 37, 56, 19, 23, 6, 65]",44.61741809116808
"[35, 16, 25, 63, 17, 32, 12, 32, 56, 38, 56, 20, 23, 8, 65]",43.93346967846964
"[39, 17, 26, 63, 15, 31, 13, 32, 54, 37, 56, 19, 23, 7, 65]",45.266730769230726
"[36, 15, 24, 62, 16, 32, 13, 32, 54, 37, 56, 19, 23, 7, 65]",43.90405283374047
"[43, 18, 26, 63, 20, 33, 13, 32, 56, 38, 56, 19, 23, 7, 65]",45.74554983211244
"[37, 15, 24, 59, 14, 32, 13, 32, 53, 37, 56, 19, 23, 7, 65]",44.94777001933252
"[39, 17, 25, 63, 16, 31, 13, 32, 56, 38, 56, 19, 22, 7, 65]",44.550573361823346
"[38, 17, 23, 61, 16, 32, 14, 32, 54, 38, 56, 19, 23, 7, 65]",45.12673242266975
"[36, 17, 23, 55, 17, 33, 13, 32, 55, 37, 56, 19, 23, 8, 65]",44.579935770248234
"[37, 16, 24, 59, 16, 33, 13, 32, 54, 37, 56, 19, 22, 7, 65]",45.05488642144881
"[41, 17, 22, 63, 16, 33, 13, 32, 55, 38, 56, 20, 23, 8, 65]",47.73025971713463
"[39, 15, 22, 58, 15, 33, 14, 32, 55, 36, 56, 19, 23, 7, 65]",46.509340277777696
"[38, 17, 26, 63, 16, 33, 13, 31, 54, 37, 56, 19, 23, 7, 65]",44.26865117521364
"[39, 15, 26, 63, 17, 33, 12, 32, 56, 38, 56, 19, 23, 8, 65]",46.79778248371987
"[39, 19, 24, 61, 16, 32, 13, 32, 55, 38, 56, 19, 23, 7, 65]",44.808465608465575
"[39, 15, 23, 63, 14, 33, 13, 32, 57, 38, 56, 19, 23, 8, 65]",44.835035994098696
"[35, 18, 24, 63, 17, 32, 13, 32, 54, 37, 56, 19, 23, 7, 64]",43.03534391534386
"[38, 17, 25, 63, 16, 32, 12, 32, 54, 38, 56, 19, 21, 7, 65]",46.35590404965406
"[35, 14, 22, 53, 13, 32, 12, 32, 56, 37, 56, 20, 23, 7, 65]",44.544341295278805
"[37, 16, 24, 61, 15, 32, 12, 32, 55, 37, 58, 19, 23, 7, 65]",44.94657114875892
"[39, 18, 23, 62, 15, 31, 13, 32, 57, 38, 56, 19, 23, 8, 65]",46.99293612637354
"[37, 16, 23, 62, 17, 31, 12, 32, 55, 38, 57, 19, 23, 8, 65]",44.0739261548635
"[38, 17, 25, 63, 15, 32, 13, 31, 54, 37, 56, 19, 23, 7, 65]",45.17366631054149
"[35, 16, 23, 60, 15, 32, 13, 32, 54, 37, 56, 19, 23, 7, 65]",44.98662711131467
"[41, 21, 23, 63, 17, 32, 12, 31, 55, 37, 56, 19, 22, 7, 65]",44.41976979039473
"[36, 15, 23, 61, 14, 32, 13, 32, 53, 37, 56, 19, 23, 7, 65]",45.15393136955605
"[38, 17, 25, 63, 16, 31, 14, 32, 57, 38, 56, 19, 23, 7, 65]",45.935431801994255
"[36, 17, 22, 61, 17, 32, 14, 32, 56, 38, 56, 19, 23, 7, 65]",44.66917900386653
"[35, 16, 22, 61, 13, 32, 12, 32, 57, 37, 56, 19, 23, 8, 65]",46.519327177452226
"[36, 16, 24, 61, 16, 32, 13, 32, 55, 37, 56, 19, 23, 7, 65]",46.44834872303617
"[37, 18, 22, 63, 16, 33, 13, 32, 55, 38, 56, 20, 23, 8, 65]",45.522610526048204
"[35, 16, 24, 60, 15, 32, 12, 32, 55, 37, 56, 19, 23, 7, 65]",46.1149489977614
"[38, 18, 24, 63, 16, 31, 13, 32, 54, 38, 56, 19, 23, 7, 65]",44.80662100630851
"[40, 15, 22, 63, 14, 33, 13, 32, 54, 38, 56, 19, 23, 8, 65]",48.59173140516895
"[38, 17, 23, 62, 16, 31, 12, 31, 55, 37, 56, 19, 23, 7, 64]",47.20683684371209
"[39, 15, 26, 63, 14, 33, 13, 32, 55, 38, 56, 19, 23, 8, 65]",43.72732015669533
"[38, 16, 25, 63, 16, 32, 13, 32, 53, 38, 56, 19, 23, 7, 65]",44.508059752747215
"[39, 17, 25, 63, 17, 32, 12, 32, 54, 37, 56, 19, 23, 7, 65]",46.046448539886235
"[35, 16, 22, 48, 13, 32, 13, 32, 56, 38, 56, 20, 23, 7, 65]",45.12441748066752
"[38, 16, 24, 62, 13, 32, 14, 32, 55, 37, 58, 19, 23, 7, 64]",45.30195182132664
"[38, 18, 25, 63, 15, 33, 12, 31, 56, 38, 56, 19, 23, 8, 65]",43.87870294057786
"[39, 15, 22, 61, 14, 33, 13, 32, 55, 36, 57, 19, 23, 6, 65]",44.23718864468877
"[38, 17, 25, 63, 18, 32, 13, 31, 54, 37, 56, 19, 22, 7, 65]",44.75990117521364
"[38, 17, 24, 58, 16, 31, 12, 32, 54, 37, 56, 19, 22, 7, 65]",43.03693617724861
"[43, 18, 23, 63, 17, 31, 13, 31, 55, 37, 56, 19, 23, 7, 65]",45.326225452788044
"[36, 16, 22, 63, 15, 31, 13, 31, 55, 37, 56, 19, 23, 7, 65]",45.13161324786315
"[38, 17, 25, 63, 16, 33, 13, 32, 55, 38, 56, 20, 23, 7, 65]",45.21594195156694
"[36, 16, 25, 63, 16, 32, 12, 32, 56, 38, 56, 19, 23, 7, 65]",43.79113095238093
"[35, 15, 23, 61, 15, 31, 13, 32, 56, 38, 56, 19, 23, 7, 65]",45.758024013024325
"[36, 17, 24, 61, 17, 32, 12, 31, 55, 37, 56, 19, 23, 7, 65]",45.06144625050867
"[37, 16, 24, 63, 16, 32, 12, 32, 56, 38, 57, 19, 23, 7, 65]",44.34136752136748
"[35, 17, 25, 63, 15, 33, 13, 32, 55, 38, 56, 19, 23, 7, 65]",46.196118360806
"[38, 18, 24, 63, 16, 31, 13, 32, 54, 37, 56, 19, 23, 7, 65]",47.79477704008944
"[44, 18, 22, 62, 14, 32, 13, 32, 53, 38, 56, 19, 23, 6, 65]",46.93786846255603
"[38, 17, 23, 63, 16, 31, 12, 31, 55, 37, 56, 19, 22, 7, 63]",43.59128815628808
"[38, 16, 27, 61, 18, 32, 13, 32, 54, 38, 56, 19, 23, 6, 65]",45.916167455229996
"[38, 16, 24, 63, 16, 32, 13, 32, 54, 38, 56, 19, 23, 7, 65]",44.612001042938616
"[39, 17, 25, 63, 17, 32, 13, 32, 54, 36, 56, 19, 23, 7, 65]",47.910370243182825
"[35, 14, 22, 54, 13, 33, 13, 32, 56, 38, 56, 19, 23, 7, 65]",45.89089171245418
"[38, 16, 24, 62, 13, 32, 14, 32, 55, 38, 57, 19, 23, 7, 65]",44.46476508445256
"[39, 18, 24, 63, 16, 34, 12, 32, 55, 38, 56, 19, 23, 6, 65]",48.16073896011396
"[42, 16, 24, 60, 15, 33, 13, 32, 56, 36, 56, 19, 23, 7, 65]",44.90705993080988
"[40, 17, 25, 63, 18, 32, 13, 32, 54, 37, 56, 19, 23, 7, 65]",43.54766178266182
"[35, 16, 24, 58, 16, 32, 13, 31, 54, 37, 56, 19, 22, 7, 65]",48.52093444749715
"[41, 16, 29, 63, 16, 31, 13, 31, 55, 37, 56, 19, 23, 7, 65]",45.94467999592996
"[38, 17, 22, 59, 16, 31, 12, 31, 55, 37, 56, 19, 23, 7, 64]",45.241955891330846
"[38, 17, 25, 63, 15, 33, 13, 32, 55, 38, 56, 20, 23, 7, 65]",44.78651302401295
"[38, 16, 25, 63, 15, 32, 12, 32, 55, 38, 56, 19, 23, 7, 65]",45.02914275539272
"[35, 16, 22, 57, 15, 33, 13, 32, 55, 38, 56, 19, 23, 7, 65]",45.359895833333304
"[36, 17, 24, 60, 17, 32, 13, 32, 54, 38, 56, 19, 23, 8, 65]",45.276267806267924
"[39, 17, 26, 63, 16, 32, 13, 32, 56, 38, 57, 19, 23, 7, 65]",44.76878434065923
"[37, 18, 22, 60, 16, 32, 13, 32, 54, 37, 56, 19, 23, 7, 64]",45.607406135531086
"[38, 18, 25, 63, 15, 34, 13, 32, 53, 36, 56, 19, 23, 7, 65]",43.553792353479835
"[35, 16, 24, 60, 17, 31, 13, 32, 56, 38, 56, 19, 23, 5, 65]",45.25289173789179
"[37, 18, 24, 63, 16, 31, 12, 31, 55, 37, 56, 19, 23, 7, 64]",44.41068706756223
"[38, 17, 24, 61, 17, 32, 13, 32, 55, 37, 56, 19, 23, 6, 65]",44.86150564713047
"[37, 19, 23, 61, 16, 32, 13, 32, 55, 37, 56, 19, 23, 7, 65]",43.905487001424454
"[39, 17, 25, 63, 16, 32, 13, 30, 54, 36, 56, 19, 22, 7, 65]",46.565390466015565
"[35, 14, 22, 63, 14, 33, 13, 32, 56, 38, 57, 19, 23, 7, 65]",45.180632631257765
"[36, 16, 23, 63, 16, 32, 13, 32, 55, 38, 56, 19, 23, 7, 65]",47.77131817256827
"[40, 16, 23, 63, 15, 33, 12, 32, 57, 38, 56, 19, 23, 6, 65]",44.39105044261309
"[35, 17, 25, 63, 17, 31, 12, 31, 55, 38, 56, 19, 23, 7, 65]",44.90919439356934
"[39, 17, 25, 63, 17, 32, 13, 32, 54, 37, 56, 19, 22, 7, 65]",44.36720428876679
"[35, 16, 25, 62, 17, 31, 13, 31, 54, 37, 56, 19, 22, 7, 65]",43.722500508750365
"[42, 16, 25, 63, 18, 32, 13, 32, 54, 37, 56, 19, 23, 7, 65]",48.788764880952385
"[38, 17, 26, 61, 17, 32, 12, 31, 53, 37, 56, 19, 23, 7, 63]",43.534391661579164
"[39, 17, 24, 63, 16, 32, 12, 32, 55, 38, 56, 19, 23, 7, 65]",45.62768340455825
"[38, 18, 24, 61, 16, 32, 14, 32, 54, 38, 56, 19, 23, 7, 65]",47.952511192511245
"[36, 15, 22, 58, 14, 34, 13, 32, 54, 38, 56, 19, 23, 7, 65]",46.36081043956015
"[38, 17, 26, 63, 17, 34, 13, 32, 55, 38, 56, 19, 23, 7, 65]",46.698885200447606
"[40, 18, 26, 63, 17, 32, 13, 32, 55, 38, 56, 19, 23, 7, 65]",43.78451198107441
"[39, 19, 23, 59, 16, 32, 13, 31, 54, 37, 56, 19, 23, 7, 63]",45.217552019739585
"[39, 18, 26, 63, 16, 32, 13, 32, 54, 38, 57, 19, 23, 7, 65]",45.43113743895008
"[35, 14, 26, 63, 19, 31, 12, 32, 56, 37, 56, 19, 22, 5, 65]",47.62186062779803
"[38, 18, 24, 63, 16, 31, 13, 31, 55, 37, 56, 19, 23, 7, 65]",47.01014791921034
"[38, 16, 23, 63, 15, 32, 13, 32, 55, 37, 56, 19, 23, 7, 65]",45.620326109076245
"[37, 19, 23, 62, 16, 32, 13, 32, 55, 36, 56, 19, 23, 7, 65]",43.18281237281243
"[39, 17, 25, 63, 16, 31, 13, 31, 55, 37, 56, 19, 23, 7, 65]",43.36565349002853
"[35, 17, 22, 63, 15, 32, 13, 32, 56, 38, 56, 19, 23, 7, 65]",44.87324379324356
"[38, 16, 25, 59, 13, 32, 14, 32, 55, 38, 56, 19, 23, 7, 65]",45.99406428062717
"[36, 17, 26, 63, 16, 32, 14, 32, 57, 38, 56, 19, 23, 7, 65]",48.314019129019066
"[35, 17, 22, 63, 17, 32, 12, 32, 56, 38, 56, 19, 23, 7, 65]",45.40146380240143
"[38, 17, 26, 63, 15, 32, 13, 32, 54, 37, 56, 19, 21, 7, 65]",44.76195703601958
"[35, 16, 25, 62, 14, 32, 13, 32, 54, 37, 56, 19, 23, 7, 65]",47.596940247252725
"[43, 20, 23, 63, 20, 32, 13, 32, 55, 37, 56, 19, 23, 7, 65]",46.819530550468066
"[37, 17, 27, 63, 18, 32, 12, 31, 53, 37, 56, 19, 22, 7, 64]",49.815843889906155
"[40, 17, 24, 63, 16, 32, 14, 32, 55, 37, 56, 19, 23, 7, 65]",45.05320767195751
"[38, 17, 23, 62, 17, 32, 14, 32, 53, 38, 57, 19, 23, 7, 65]",45.19997570716322
"[37, 14, 23, 62, 15, 32, 12, 32, 56, 38, 56, 19, 23, 7, 65]",45.96791094322346
"[38, 16, 24, 63, 15, 34, 13, 32, 55, 37, 56, 19, 23, 7, 65]",45.7601451210825
"[41, 18, 23, 63, 17, 32, 13, 32, 55, 38, 56, 19, 23, 7, 65]",45.37578271265772
"[38, 14, 22, 62, 15, 32, 13, 32, 54, 37, 56, 19, 23, 7, 65]",45.60172008547026
"[39, 17, 26, 63, 17, 31, 12, 32, 54, 38, 56, 19, 22, 7, 65]",44.37587148962143
"[45, 17, 25, 62, 13, 33, 12, 32, 55, 37, 56, 19, 23, 8, 64]",45.81684154965421
"[39, 17, 25, 63, 16, 31, 13, 31, 55, 37, 56, 19, 23, 7, 65]",45.68229980667474
"[39, 16, 24, 63, 15, 32, 13, 32, 55, 38, 56, 19, 23, 8, 65]",44.18173280423288
"[35, 17, 26, 63, 16, 32, 14, 32, 54, 37, 56, 19, 23, 7, 65]",45.253940781440924
"[39, 17, 25, 63, 16, 33, 13, 32, 54, 37, 56, 19, 23, 7, 65]",44.73183722527479
"[35, 17, 23, 48, 14, 32, 13, 32, 57, 38, 56, 19, 23, 7, 65]",44.81219131562875
"[39, 17, 24, 61, 15, 32, 13, 31, 54, 38, 57, 19, 23, 7, 65]",47.43900055962535
"[39, 18, 25, 63, 15, 31, 13, 32, 56, 38, 56, 19, 23, 7, 65]",44.581548763736215
"[36, 18, 26, 63, 18, 32, 12, 32, 54, 37, 56, 19, 23, 7, 65]",43.21733402014637
"[38, 17, 25, 63, 16, 32, 13, 32, 54, 37, 56, 19, 23, 7, 65]",47.233236797924455
"[37, 17, 27, 61, 16, 32, 12, 32, 54, 37, 56, 19, 23, 7, 64]",45.22029227716713
"[48, 21, 23, 63, 18, 31, 12, 31, 54, 37, 56, 19, 23, 7, 65]",45.78888329263345
"[39, 17, 25, 63, 15, 31, 12, 31, 53, 38, 56, 19, 21, 7, 64]",45.068025666463235
"[37, 17, 24, 63, 16, 32, 14, 32, 56, 38, 56, 20, 23, 7, 65]",44.65262222730972
"[38, 16, 23, 63, 16, 31, 12, 32, 53, 38, 56, 19, 22, 7, 65]",45.64864278083031
"[36, 15, 23, 59, 14, 31, 13, 32, 55, 37, 56, 19, 23, 7, 64]",45.43700969169725
"[36, 17, 24, 62, 15, 33, 13, 32, 56, 36, 57, 20, 23, 7, 65]",45.20815196377696
"[38, 17, 23, 63, 15, 32, 13, 32, 56, 38, 56, 19, 23, 7, 65]",44.67580408017907
"[36, 13, 22, 59, 16, 31, 12, 31, 54, 37, 56, 19, 23, 7, 65]",46.536199888074975
"[39, 17, 26, 63, 17, 32, 13, 32, 54, 36, 56, 19, 23, 7, 65]",45.19609152421663
"[37, 16, 23, 62, 13, 32, 12, 32, 56, 38, 56, 19, 23, 8, 65]",46.40362599206328
"[38, 18, 23, 63, 16, 32, 13, 31, 56, 37, 56, 19, 23, 7, 65]",51.32275361212852
"[38, 16, 25, 61, 17, 32, 13, 32, 56, 38, 56, 19, 23, 8, 65]",47.15624961843721
"[35, 17, 24, 63, 16, 32, 13, 32, 53, 38, 56, 19, 23, 7, 65]",45.668565577940214
"[39, 17, 26, 63, 17, 32, 12, 32, 54, 37, 56, 19, 22, 7, 65]",44.71158374033398
"[35, 13, 22, 55, 15, 32, 13, 32, 57, 38, 56, 19, 23, 7, 65]",45.2958007733009
"[35, 16, 24, 62, 14, 32, 13, 31, 55, 37, 56, 19, 23, 7, 65]",46.20212377899863
"[40, 18, 22, 62, 14, 33, 12, 32, 56, 38, 56, 19, 23, 6, 65]",47.32423356735844
"[41, 17, 27, 63, 15, 32, 12, 31, 54, 37, 56, 19, 23, 7, 65]",43.9298920177046
"[38, 17, 25, 63, 17, 32, 13, 32, 54, 37, 56, 19, 23, 7, 65]",47.246740181115385
"[38, 16, 22, 63, 17, 32, 12, 32, 54, 38, 56, 19, 23, 7, 64]",46.29451668701656
"[50, 18, 23, 63, 17, 31, 12, 32, 55, 37, 56, 19, 23, 7, 65]",44.71015758547019
"[40, 17, 25, 63, 15, 32, 12, 31, 54, 34, 56, 19, 22, 7, 64]",45.217486518111464
"[37, 17, 25, 63, 16, 31, 12, 32, 57, 38, 56, 19, 23, 7, 65]",46.12372939560428
"[38, 16, 25, 63, 16, 31, 12, 32, 56, 37, 56, 19, 22, 7, 65]",45.69384055759057
"[35, 16, 24, 61, 15, 31, 14, 32, 57, 37, 56, 19, 23, 8, 65]",45.93151772995524
"[37, 18, 24, 62, 16, 32, 12, 31, 55, 38, 57, 19, 23, 7, 65]",44.80518772893753
"[38, 17, 26, 63, 15, 33, 13, 32, 56, 38, 56, 19, 23, 7, 65]",45.009305428368
"[35, 19, 23, 58, 14, 33, 13, 31, 54, 37, 56, 19, 23, 7, 65]",44.24235983923509
"[39, 17, 26, 63, 18, 32, 13, 31, 54, 36, 56, 19, 23, 7, 65]",47.31156860500603
"[37, 16, 25, 61, 15, 31, 14, 32, 57, 38, 56, 19, 23, 6, 65]",44.039851572038955
"[37, 18, 24, 63, 16, 32, 13, 31, 56, 37, 56, 19, 23, 7, 65]",45.63688988095241
"[38, 16, 25, 63, 15, 32, 13, 32, 55, 38, 56, 19, 23, 6, 64]",44.14190247252744
"[38, 17, 24, 61, 16, 32, 13, 32, 56, 37, 57, 19, 23, 7, 65]",45.99793930606415
"[38, 17, 25, 63, 17, 31, 12, 31, 55, 37, 56, 19, 21, 7, 65]",45.080323438135814
"[35, 13, 22, 53, 14, 32, 13, 32, 56, 38, 56, 20, 23, 7, 65]",46.79977945665434
"[36, 16, 24, 63, 15, 31, 14, 32, 54, 37, 56, 19, 23, 7, 65]",44.54365142958884
"[39, 18, 22, 63, 15, 32, 12, 32, 55, 38, 56, 19, 22, 7, 64]",47.67221726190459
"[40, 17, 27, 63, 15, 32, 13, 31, 54, 37, 56, 19, 23, 7, 65]",44.19534633190877
"[38, 17, 25, 63, 18, 32, 13, 32, 54, 37, 56, 19, 23, 7, 65]",44.11278693528677
"[40, 17, 24, 63, 16, 31, 12, 31, 54, 38, 56, 19, 22, 7, 65]",46.215402548839954
"[43, 19, 24, 63, 17, 33, 12, 32, 54, 36, 56, 19, 23, 7, 65]",46.48838573463576
"[35, 17, 26, 62, 16, 32, 12, 31, 54, 35, 56, 19, 22, 7, 64]",46.31196466727731
"[39, 17, 23, 63, 16, 32, 13, 32, 55, 38, 56, 19, 23, 7, 65]",44.62975262006525
"[38, 18, 22, 63, 16, 31, 12, 31, 56, 37, 56, 19, 22, 7, 65]",44.66537342287361
"[35, 17, 24, 61, 17, 32, 13, 32, 57, 37, 56, 19, 23, 8, 65]",44.83564687627189
"[37, 16, 23, 61, 16, 31, 12, 32, 54, 38, 56, 19, 23, 7, 65]",43.43905385124129
"[41, 17, 25, 63, 16, 34, 13, 32, 55, 38, 57, 19, 23, 7, 65]",44.87139741045987
"[36, 22, 23, 58, 14, 33, 13, 32, 54, 36, 56, 19, 23, 7, 65]",46.83529749186004
"[39, 17, 26, 63, 14, 32, 12, 31, 54, 36, 56, 19, 23, 7, 64]",44.09802108770862
"[39, 14, 24, 61, 16, 33, 13, 32, 55, 37, 56, 19, 23, 6, 65]",46.46045851139589
"[38, 18, 22, 63, 17, 31, 12, 31, 55, 37, 56, 19, 23, 7, 65]",45.170512693325115
"[38, 17, 25, 63, 14, 32, 13, 32, 56, 38, 56, 19, 23, 7, 65]",46.403185922873334
"[35, 17, 24, 62, 16, 31, 13, 31, 55, 36, 56, 19, 23, 7, 65]",44.29850134818893
"[39, 17, 25, 63, 17, 31, 12, 31, 55, 37, 56, 19, 23, 7, 64]",44.54598875661367
"[35, 18, 22, 52, 13, 33, 13, 32, 55, 38, 56, 19, 23, 7, 65]",45.39714412901907
"[38, 16, 22, 61, 15, 31, 14, 32, 54, 38, 56, 19, 23, 7, 65]",44.81439344220602
"[39, 16, 25, 63, 15, 32, 13, 32, 55, 38, 56, 19, 23, 7, 64]",45.1821212352462
"[38, 17, 26, 63, 17, 32, 13, 32, 54, 37, 56, 19, 23, 7, 65]",44.015082671957636
"[38, 17, 26, 63, 15, 31, 12, 32, 54, 37, 56, 19, 22, 7, 64]",43.580520833333274
"[35, 17, 25, 63, 16, 31, 13, 31, 54, 38, 56, 19, 22, 7, 65]",43.95433887871367
"[42, 19, 26, 63, 19, 32, 13, 31, 55, 36, 56, 19, 23, 7, 65]",46.407208104395586
"[35, 17, 25, 63, 17, 32, 12, 31, 53, 37, 56, 19, 23, 7, 63]",46.01577457264959
"[40, 17, 25, 63, 17, 32, 13, 32, 54, 38, 56, 19, 23, 7, 65]",47.424487433862566
"[36, 16, 22, 63, 16, 32, 12, 32, 55, 38, 56, 19, 23, 7, 65]",44.16360398860399
"[35, 16, 24, 62, 18, 34, 12, 32, 55, 38, 56, 19, 23, 6, 65]",43.22710101241346
"[38, 16, 23, 62, 14, 31, 13, 32, 54, 38, 56, 19, 23, 7, 65]",43.76639588420847
"[41, 17, 23, 63, 16, 33, 13, 32, 57, 38, 56, 19, 23, 8, 65]",47.13201617826628
"[37, 12, 24, 61, 16, 32, 13, 32, 54, 37, 56, 19, 23, 7, 65]",44.92359470390733
"[37, 17, 25, 63, 15, 31, 12, 32, 54, 37, 56, 19, 23, 7, 65]",45.614539707977315
"[39, 15, 24, 62, 14, 32, 12, 32, 57, 37, 56, 19, 23, 7, 65]",45.67716765873027
"[39, 18, 25, 63, 15, 31, 12, 31, 55, 37, 56, 19, 22, 7, 64]",47.37689700345938
"[38, 17, 23, 62, 17, 32, 13, 32, 56, 38, 56, 19, 23, 8, 65]",52.122500763125736
"[36, 17, 25, 61, 15, 31, 13, 31, 53, 38, 56, 19, 23, 7, 65]",44.289607880545454
"[39, 17, 26, 63, 17, 31, 13, 31, 54, 37, 56, 19, 23, 7, 65]",45.032299043549024
"[35, 13, 22, 61, 13, 33, 13, 32, 57, 38, 56, 19, 23, 7, 65]",47.287513736263826
"[36, 16, 25, 62, 15, 31, 12, 32, 54, 38, 57, 19, 23, 7, 65]",45.49720785002054
"[39, 16, 22, 63, 16, 32, 13, 32, 56, 38, 56, 19, 23, 7, 65]",45.046278871591504
"[37, 18, 26, 63, 18, 33, 13, 32, 54, 37, 56, 19, 23, 7, 65]",45.49900424806678
"[39, 17, 25, 63, 15, 31, 12, 31, 54, 37, 56, 19, 23, 7, 65]",45.03176371082619
"[36, 17, 25, 63, 17, 32, 13, 31, 54, 38, 56, 19, 23, 7, 65]",44.772100376475485
"[41, 18, 26, 63, 19, 31, 13, 31, 55, 37, 56, 19, 22, 7, 64]",44.61016979548226
"[37, 17, 23, 60, 17, 31, 12, 32, 54, 38, 56, 19, 23, 7, 65]",45.51286680911679
"[38, 17, 25, 63, 15, 32, 13, 32, 57, 37, 56, 19, 23, 7, 65]",45.57715150590132
"[37, 16, 22, 62, 16, 32, 12, 32, 54, 38, 56, 19, 23, 7, 65]",43.933629298941895
"[38, 14, 24, 59, 15, 33, 14, 32, 54, 38, 56, 19, 23, 6, 65]",44.220677146927336
"[35, 16, 23, 59, 15, 36, 13, 32, 55, 36, 57, 19, 23, 7, 65]",48.42768785612515
"[37, 18, 26, 63, 16, 32, 13, 32, 57, 38, 56, 19, 23, 8, 65]",46.44468724562463
"[38, 12, 22, 63, 17, 31, 13, 32, 54, 37, 56, 19, 23, 7, 65]",47.341529812779726
"[38, 17, 25, 62, 18, 31, 12, 31, 54, 37, 56, 19, 23, 7, 65]",45.41915547415563
"[38, 15, 25, 62, 15, 31, 12, 32, 56, 38, 56, 19, 23, 6, 65]",44.5075199684576
"[39, 18, 26, 63, 16, 31, 13, 31, 54, 37, 56, 19, 23, 7, 65]",48.765413741351246
"[39, 15, 24, 62, 18, 32, 13, 32, 56, 37, 56, 19, 22, 7, 63]",44.88644116300366
"[37, 16, 25, 61, 16, 31, 13, 31, 53, 38, 56, 19, 22, 7, 64]",45.18347413003674
"[39, 17, 25, 63, 16, 32, 13, 32, 54, 37, 56, 19, 22, 7, 65]",45.11179334554333
"[35, 14, 22, 48, 13, 32, 13, 32, 56, 38, 56, 20, 23, 7, 65]",45.90847629222637
"[36, 16, 26, 60, 15, 32, 12, 32, 55, 38, 56, 19, 23, 7, 65]",44.290485220797706
"[39, 18, 24, 63, 16, 32, 13, 32, 56, 38, 56, 19, 23, 6, 65]",45.946763710826254
"[37, 17, 26, 63, 18, 32, 12, 32, 53, 37, 56, 19, 23, 7, 65]",44.019032992470486
"[38, 17, 25, 62, 17, 31, 12, 30, 53, 37, 56, 19, 23, 7, 65]",43.66944762413503
"[40, 17, 24, 63, 16, 33, 13, 31, 54, 36, 56, 19, 23, 7, 65]",43.936551434676296
"[39, 19, 24, 63, 18, 32, 13, 32, 55, 38, 56, 19, 23, 7, 65]",46.7825961538461
"[39, 16, 27, 58, 15, 32, 14, 31, 54, 37, 56, 19, 23, 7, 65]",49.47590290496544
"[38, 17, 24, 63, 16, 33, 14, 32, 55, 38, 56, 20, 23, 7, 65]",50.09895057488809
"[38, 16, 26, 63, 16, 32, 13, 32, 54, 38, 56, 19, 23, 7, 65]",42.90818744912504
"[35, 14, 22, 59, 14, 31, 13, 31, 53, 37, 56, 19, 23, 7, 65]",47.36483745421246
"[35, 16, 25, 57, 16, 34, 13, 32, 55, 35, 56, 19, 23, 7, 65]",46.988480998168356
"[36, 17, 24, 63, 16, 32, 13, 32, 55, 38, 56, 19, 23, 8, 65]",46.10936164529929
"[37, 17, 26, 55, 17, 33, 13, 31, 54, 37, 56, 19, 23, 8, 65]",44.83003103378114
"[38, 17, 25, 61, 18, 31, 13, 32, 54, 36, 57, 19, 23, 7, 65]",44.69242292429791
"[41, 16, 26, 63, 16, 31, 12, 32, 54, 38, 56, 19, 22, 6, 65]",47.363863451363514
"[39, 18, 26, 63, 17, 31, 13, 31, 55, 37, 56, 19, 23, 7, 65]",44.02305771774525
"[38, 16, 25, 62, 13, 33, 13, 32, 54, 37, 56, 19, 23, 6, 64]",46.29640682234446
"[38, 17, 25, 62, 16, 32, 13, 31, 54, 37, 56, 19, 23, 7, 65]",48.879770426332925
"[38, 17, 25, 63, 16, 32, 13, 32, 55, 37, 56, 19, 23, 7, 65]",46.67359063390307
"[35, 17, 22, 52, 14, 32, 13, 32, 55, 38, 56, 19, 23, 7, 65]",45.513854039479206
"[38, 16, 23, 61, 13, 32, 12, 31, 55, 37, 56, 19, 23, 7, 65]",44.47929792429781
"[39, 18, 25, 63, 15, 32, 13, 32, 56, 38, 56, 19, 23, 7, 65]",44.74986975986967
"[38, 16, 26, 63, 18, 32, 12, 31, 54, 37, 56, 19, 23, 7, 65]",42.90683926027682
"[38, 17, 25, 63, 17, 32, 12, 31, 53, 36, 56, 19, 22, 7, 65]",43.42767399267382
"[38, 17, 23, 63, 16, 32, 13, 32, 54, 38, 56, 19, 23, 7, 65]",46.92668701668658
"[40, 21, 25, 63, 18, 32, 13, 32, 54, 38, 56, 19, 23, 7, 65]",45.182245624745626
"[39, 16, 27, 59, 15, 32, 13, 30, 54, 37, 56, 19, 23, 7, 64]",46.39419172262905
"[38, 17, 24, 63, 17, 33, 13, 32, 55, 38, 56, 20, 23, 7, 65]",45.691253434065956
"[38, 16, 27, 62, 15, 32, 14, 32, 55, 37, 56, 19, 23, 7, 65]",44.58416921041901
"[35, 16, 22, 59, 13, 32, 13, 31, 57, 37, 56, 19, 23, 8, 65]",45.984412011599495
"[35, 16, 23, 61, 15, 31, 13, 32, 55, 38, 56, 19, 23, 8, 65]",43.99764880952372
"[40, 17, 22, 62, 16, 33, 13, 32, 57, 38, 56, 19, 23, 7, 65]",45.55270909645906
"[35, 19, 24, 62, 15, 33, 13, 30, 55, 37, 56, 19, 23, 8, 65]",44.95277943121687
"[38, 17, 25, 63, 14, 32, 13, 32, 53, 37, 56, 19, 23, 7, 65]",45.81254960317469
"[42, 17, 23, 63, 17, 32, 12, 32, 55, 37, 56, 19, 23, 5, 65]",43.93726813695563
"[39, 17, 26, 63, 17, 31, 12, 31, 55, 37, 56, 19, 22, 7, 65]",46.800995243182726
"[37, 17, 23, 63, 15, 31, 13, 32, 55, 38, 56, 19, 23, 7, 65]",49.12577711640224
"[36, 17, 26, 63, 16, 32, 13, 31, 54, 37, 56, 19, 23, 7, 65]",45.773967236467165
"[38, 17, 25, 63, 17, 32, 12, 32, 55, 37, 56, 19, 22, 7, 64]",44.33960202991448
"[35, 16, 24, 51, 14, 32, 13, 32, 56, 38, 56, 20, 23, 7, 65]",44.601702660765135
"[37, 16, 22, 62, 13, 32, 15, 32, 55, 37, 56, 19, 23, 7, 65]",48.11244098494119
"[39, 18, 26, 63, 16, 33, 12, 31, 55, 38, 56, 19, 22, 7, 65]",45.88578004171758
"[40, 16, 25, 63, 14, 31, 13, 30, 55, 37, 56, 19, 23, 7, 65]",43.677124796500024
"[38, 17, 25, 63, 17, 32, 12, 32, 54, 36, 56, 19, 22, 7, 65]",44.27155855718365
"[36, 17, 25, 63, 16, 32, 13, 32, 54, 38, 57, 19, 23, 7, 65]",45.262122888685475
"[43, 16, 23, 63, 19, 32, 13, 32, 56, 36, 56, 19, 23, 7, 65]",47.9360730820105
"[36, 17, 24, 63, 18, 31, 12, 31, 54, 37, 56, 19, 23, 7, 64]",47.21517984330482
"[38, 17, 25, 63, 15, 32, 13, 32, 56, 38, 56, 19, 23, 7, 65]",44.549251119250975
"[38, 18, 27, 63, 16, 32, 12, 32, 55, 37, 56, 19, 23, 7, 65]",44.843126271876166
"[35, 16, 22, 54, 13, 33, 13, 32, 56, 38, 56, 19, 23, 7, 65]",46.18487166768406
"[37, 16, 23, 63, 15, 31, 13, 32, 55, 38, 56, 19, 23, 8, 65]",44.73998600936103
"[42, 17, 22, 63, 16, 33, 13, 32, 56, 38, 56, 19, 23, 7, 65]",45.29553736772495
"[36, 17, 24, 62, 15, 32, 13, 32, 54, 37, 57, 19, 23, 7, 65]",44.69641534391545
"[38, 18, 24, 61, 14, 32, 13, 32, 53, 38, 56, 19, 23, 7, 65]",45.12602424196169
"[40, 16, 26, 63, 13, 32, 12, 32, 56, 37, 56, 19, 23, 6, 65]",43.7314084757835
"[39, 17, 23, 63, 15, 31, 12, 31, 55, 37, 56, 19, 21, 7, 64]",45.31946517602756
"[37, 16, 25, 63, 17, 33, 13, 32, 56, 38, 56, 19, 23, 8, 65]",44.3166721357348
"[35, 17, 25, 62, 16, 32, 13, 31, 54, 37, 56, 19, 23, 7, 65]",44.43129184472941
"[38, 17, 25, 63, 16, 32, 13, 32, 55, 37, 56, 19, 22, 7, 65]",45.47677248677255
"[35, 13, 22, 58, 13, 32, 13, 32, 56, 38, 57, 20, 23, 7, 65]",44.93997837810331
"[36, 16, 23, 62, 17, 32, 13, 32, 54, 37, 56, 19, 23, 7, 65]",43.194227462352515
"[39, 17, 25, 63, 17, 32, 12, 31, 56, 38, 56, 19, 23, 7, 64]",44.261407967032746
"[40, 17, 25, 63, 18, 31, 13, 30, 55, 37, 56, 19, 23, 7, 65]",45.657269027268896
"[39, 17, 26, 63, 16, 31, 12, 32, 54, 37, 56, 19, 22, 7, 64]",45.49620968152234
"[35, 16, 26, 63, 16, 32, 13, 32, 55, 38, 56, 19, 23, 7, 65]",45.13563962657712
"[43, 17, 23, 63, 15, 32, 13, 32, 56, 35, 56, 19, 23, 7, 65]",45.94411795380555
"[36, 17, 24, 62, 17, 31, 12, 32, 53, 38, 56, 19, 23, 7, 64]",44.49078194953167
"[38, 17, 24, 63, 15, 31, 13, 32, 56, 38, 57, 19, 23, 7, 65]",45.50950981888474
"[38, 18, 23, 63, 16, 32, 13, 32, 55, 38, 56, 19, 23, 7, 65]",45.02972947191689
"[35, 15, 22, 56, 16, 32, 13, 32, 54, 38, 56, 19, 23, 7, 65]",46.71904214997965
"[36, 16, 22, 63, 16, 32, 13, 32, 55, 36, 56, 19, 23, 7, 65]",45.83978886853886
"[40, 18, 25, 63, 16, 32, 13, 32, 55, 38, 57, 19, 23, 8, 65]",45.23095543345551
"[38, 16, 24, 60, 16, 32, 12, 32, 54, 37, 56, 19, 23, 7, 65]",45.4253037240537
"[37, 17, 24, 62, 18, 32, 13, 31, 55, 36, 56, 19, 23, 7, 65]",46.68197089947073
"[39, 15, 23, 62, 15, 32, 14, 32, 55, 37, 56, 19, 23, 7, 65]",49.96821097883594
"[38, 17, 22, 63, 16, 31, 12, 31, 55, 37, 56, 19, 21, 7, 64]",45.76095988502261
"[38, 16, 27, 66, 18, 31, 12, 31, 54, 37, 54, 18, 22, 8, 63]",45.967652752340165
"[37, 18, 26, 66, 18, 31, 12, 31, 54, 37, 54, 18, 22, 7, 64]",45.206066341066204
"[39, 17, 26, 66, 17, 31, 12, 31, 54, 37, 55, 18, 21, 7, 64]",44.611255596255525
"[40, 15, 26, 68, 16, 30, 12, 31, 55, 37, 54, 19, 22, 7, 63]",45.55350656288138
"[38, 17, 24, 67, 19, 31, 12, 31, 54, 37, 54, 18, 22, 7, 64]",43.37673496642262
"[39, 17, 26, 65, 18, 31, 11, 30, 55, 38, 55, 18, 22, 7, 63]",50.960466651404275
"[40, 17, 25, 64, 19, 31, 12, 30, 55, 37, 54, 18, 22, 7, 64]",44.190995879120784
"[39, 17, 27, 65, 17, 31, 11, 32, 54, 37, 56, 18, 21, 7, 63]",44.63588013838028
"[37, 16, 28, 67, 17, 31, 12, 31, 54, 37, 54, 18, 22, 7, 64]",43.933105158730186
"[44, 17, 23, 65, 16, 31, 12, 31, 56, 35, 54, 18, 22, 7, 64]",47.02175061050061
"[38, 17, 26, 66, 18, 31, 11, 32, 53, 38, 55, 18, 22, 7, 63]",46.686537062474635
"[39, 17, 26, 67, 16, 30, 12, 31, 55, 37, 55, 18, 22, 7, 63]",47.76131092287337
"[39, 18, 25, 66, 17, 31, 12, 31, 54, 37, 54, 18, 22, 7, 64]",44.779935897435706
"[40, 17, 25, 64, 19, 31, 12, 31, 53, 38, 54, 18, 22, 7, 64]",45.45479955229958
"[38, 17, 24, 68, 18, 31, 12, 31, 55, 36, 54, 18, 22, 7, 64]",45.922094017093826
"[40, 18, 25, 65, 17, 31, 12, 31, 54, 37, 54, 18, 22, 8, 63]",45.064171245421264
"[40, 17, 25, 65, 18, 31, 11, 32, 54, 37, 54, 18, 22, 7, 64]",42.607785027472424
"[38, 17, 26, 65, 19, 31, 12, 31, 55, 36, 54, 18, 22, 7, 64]",44.48621387871389
"[41, 16, 24, 67, 17, 31, 13, 31, 54, 36, 54, 18, 22, 7, 64]",45.90456222018695
"[40, 17, 24, 67, 17, 31, 11, 31, 55, 37, 56, 18, 20, 7, 64]",44.74034645909627
