,0,1,2,3,4,5,6,7,8,9,10,11,12,13,14,15,16,17,18,19,20,21,22,23,24,25,26,27,28,29,30,31,32,33,34,35,36,37,38,39,40,41,42,43,44,45,46,47,48,49,50,51,52,53,54,55,56,57,58,59
0,73.43085063085066,73.34141483516485,73.10936100936102,71.26650259462764,69.28714794464798,69.57182200515528,69.83867230652939,69.14258432539671,70.04633586578022,70.90350223850213,70.93745097495088,71.35664682539665,71.0927851350927,70.49984047037614,70.13596594763261,70.05513424654049,69.88529920515212,69.55741334283002,69.5183241222715,69.70015364265359,69.62679540477151,69.3761618011617,69.30724947355371,69.1741175298466,69.2985372405371,69.42631061957971,69.53788778094317,69.55541801122139,69.64802762690675,69.83336487586469,69.97199065868398,70.07736251017477,70.01057399390709,69.99444474370922,69.86620036048583,69.68575682290938,69.672021197021,69.70746136173751,69.63119632029876,69.71182972120461,69.54927670567905,69.19517413803123,69.0324405353475,69.05483174233173,68.99204596843487,69.1060661862293,68.97398141653466,69.04605951533037,69.02404084955118,69.0476859991861,69.01471825197333,68.95221453226284,69.00870481719558,69.1158281704581,69.21370240870272,69.4120475754408,69.52379961656315,69.64504248943935,69.81678195470593,69.91593720322912
1,70.85680199430193,72.0835495522995,71.82853242436573,70.12265084452581,68.63468864468861,69.8249491249491,69.47782574568286,69.41742534086289,70.14714138741927,70.76243894993907,70.25952519702531,70.26137905304589,70.19057480980568,69.65015262515284,69.81434608601302,69.72554086538487,69.75704170557135,69.73444664903019,69.57077710301415,69.76905957468477,69.89116203461455,69.37644277019284,69.01269509476036,69.00496879663552,68.90912413512424,68.94345433768521,69.04986282578889,69.22973755741627,69.4434516792276,69.40769519061195,69.52322708653361,69.62463051994311,69.57997635080976,69.52279696066462,69.56378772021628,69.43001161646994,69.62644320144321,69.73954383822812,69.8701551297706,69.96724626068384,69.9967127272006,69.83299198596829,69.82462955864133,69.84095106282616,69.75627447655238,69.79948417122358,69.66583253232206,69.87006935965276,69.96376232422168,70.04408241758262,69.90428008810382,69.86839769027293,70.07100227689877,70.08279688418604,70.07313122063144,70.12513545482315,70.11022177952024,70.16558732614787,70.12184626421931,70.04642060100413
2,75.52730972730977,72.20777879527881,69.03614163614165,67.47097959910462,67.16513329263333,68.27245709537375,69.11559683702541,70.03853276353281,72.19516969655862,72.07544973544975,71.93176129426138,72.30638397096746,72.57435662627987,72.17473108901693,71.73666632749965,71.50736766127383,71.01859513035983,70.8768015420793,70.68625516783412,70.60693299755805,70.58119464309954,70.39821359196372,70.2110011767621,70.0993589743591,69.93552686202693,69.9942980808366,69.85325298843821,69.65894583260656,69.75895839473432,69.67289292497631,69.72768571034705,69.83212362001433,69.7281947990282,69.64265139816622,69.40446741089617,69.24359030886833,69.34982839982874,69.35807453998278,69.41873454181182,69.64391623422907,69.56591681805128,69.4388237203716,69.55918389319575,69.90026050338571,70.14208406819536,70.36145164215834,70.48129963023592,70.67747083163762,70.91315068151819,71.05012515262536,71.10567885273798,71.06901807238381,71.11352681211204,71.1878677135624,71.18395225145251,71.17895517181255,71.12348213839469,70.99408858223542,70.84563647275532,70.72609610297128
3,75.8807997557998,72.54277574277573,71.66630545380542,69.07091982091981,68.02695767195769,69.1840795007462,69.58116314902027,70.20501310032562,70.65706258761814,70.36977767602762,70.53622072372067,70.45022003459509,70.15796390219477,70.14387355369504,70.43112739112755,70.55944272741162,70.46079957624093,70.31578454981252,70.45491667202212,70.50255341880364,70.43682893385292,69.9362926425427,70.33266841853809,70.01803350970025,69.77669597069597,69.5867421574153,69.306737740997,69.07909834874124,69.33670792808732,69.25578279744944,69.39442425853713,69.42990197013638,69.4066939233606,69.3731521882257,69.24790438397586,69.29435640234257,69.45866759616763,69.71001622646365,69.86108267326225,70.17387057387064,70.19759571954701,70.36742627962872,70.57837514552638,70.736208814334,70.84868685840917,70.95891751163495,71.00130305077124,71.07964362026875,71.19204729510867,71.26231298331314,71.07253435562272,71.05900811261404,71.0788869498777,71.13331731711375,71.07508306508332,71.0055647312346,71.0424039086322,71.08972429231063,70.98445974145137,70.86376560168239
4,73.04655575905576,71.06620115995108,70.05013905847235,69.55172593610085,68.08072649572642,67.81574158865813,67.36198398162675,67.24540280321527,68.10408583186363,67.87809218559221,68.2155423280423,68.8373295685795,69.52870879120871,69.82686275364843,69.9274552299552,69.86616141381765,69.48651751298812,69.57701973951977,69.53310734100215,69.51157712657717,69.57213016260637,69.44118404743406,69.59897940224036,69.6096423059964,69.17254822954811,68.88969291036588,68.74830303441402,68.69938768242321,68.98288370314211,68.97329755121399,69.18945803300615,69.27863804309087,69.13228330311634,69.12531153487004,69.16691435548547,69.10347490729406,69.22999029248997,69.30583670715214,69.37756853782463,69.68512464387435,69.75707560280703,69.56015017830467,69.64680835959882,69.79001646501624,69.8244339302671,69.91255651554555,69.92324556845827,69.99411280270641,70.05451521267837,70.04050651200639,69.92808921289301,69.89408753639516,69.9722977668732,70.1105434774416,70.38897528397526,70.54683738880162,70.54046762204655,70.57836485832185,70.64970104440442,70.47561618165791
5,73.79226699226699,72.97093253968256,72.09940306606975,69.95997278184777,68.91117012617018,69.6964624881292,70.26898002790864,70.6588268213268,71.02421030615477,70.99557844932845,71.50260804010804,71.83286867453529,71.71383644845183,71.89702235595095,72.38904354904365,72.38908126017509,71.99383962986911,72.09325453353232,72.15907102157105,72.20255469067969,72.27686202686198,72.02530941280935,72.17067186034558,72.12697797958195,71.77837118437103,71.61721318211688,71.55647771295894,71.48140171666928,71.57513034538864,71.50399046940684,71.5798180314307,71.62712196657495,71.57245331828646,71.58165565371428,71.49744694458964,71.34437307805348,71.4018759143758,71.4536213664502,71.48784947246477,71.46588446275935,71.25491403357239,70.86103249704425,70.83627107173605,70.90741665741653,70.8836256952923,70.91750886995447,70.81242606880897,70.80756088047748,70.81731246833277,70.75396092796085,70.63853406034768,70.63592316693264,70.61878998011059,70.69838217338199,70.65968707218688,70.64812352825733,70.50131730679962,70.46930927469711,70.3374408469746,70.18529431216906
6,73.48711334961338,70.52343304843303,69.37694851444857,66.95800518925527,66.00888481888487,67.43501560168227,68.56015393336826,69.22780448717955,69.63043232487684,69.5152838827839,70.27950891700894,70.86664165309999,71.51280681569146,71.66928019070878,71.84483007733004,72.07778922466417,71.9141450597333,71.71690690996249,71.43467295375189,71.20541157916152,70.99845242940478,70.46256105006111,70.31775472916773,70.04270960520955,69.93011864061857,69.70552874831708,69.3991692292617,69.35340335920681,69.55291549127739,69.43095288970271,69.54671002533892,69.53347562449113,69.45566501399821,69.34391429648765,69.27907378335934,68.98707236693325,69.00037675037656,69.30516448707209,69.24518982916393,69.35899203805425,69.26446092299717,69.00190054654313,68.80754737295406,68.79652303714768,68.85102699769325,69.05889760400588,69.09657859870578,69.15959810829548,69.22174503500985,69.2620673585669,69.2099516587257,69.23089583137612,69.3231240544915,69.45603999909508,69.48804075554031,69.6105392210298,69.70895695435127,69.76754619103711,69.68553035947056,69.57108304504092
7,79.62949735449737,80.02666361416365,75.98898215981549,73.9090684778185,72.28612128612127,73.27781678198338,74.27121562300131,73.82913868538868,74.40740571157238,74.2703439153439,73.5886030636031,73.75110186881027,73.88015090322776,73.26795198848772,73.16407169990505,73.13250661375658,72.7375454882808,72.4897141952698,72.2850384508279,72.48084605209606,72.45595407678731,72.19658374033366,72.04486803454186,71.87816209639114,71.42371387871381,71.15415923108223,70.8969686006722,70.72080789580777,70.78909466969795,70.64778947903939,70.58240149933694,70.670062417328,70.60663256496586,70.67590243362302,70.67753488574918,70.74656042260212,71.03700073700072,71.25747903412373,71.21421475011215,71.21771291208786,71.19066417999343,70.93732763048246,70.881867776926,70.76890135327645,70.68709333876008,70.81589026915124,70.725296157743,70.78695182132684,70.87529486764171,70.85881980056976,70.76445759215366,70.74080462806418,70.81266107233081,70.99480254827473,71.00138398638401,71.00365964227571,70.9286783554328,70.73993568691854,70.58719017956312,70.51816324107996
8,77.42970594220593,76.82365944240945,76.67218491385162,72.89913639601139,70.69779202279197,69.47445224528553,69.05919602883884,68.38401951058192,68.38000214805768,69.06026658526653,69.28597929847932,69.33393493081003,69.56128995648237,69.5482462643178,69.7143586351921,69.70961474867737,69.73278897028915,69.49646248812932,69.33879892037797,69.60849435286941,70.00295656724225,69.66762311762321,69.44215396117588,69.16614604531283,68.95291982091994,68.75314994834244,68.55900224603947,68.54750003633953,68.87459159614356,68.74001967168658,68.83076562028205,68.96649496337028,68.92274762274793,68.95685062486564,69.08025742775767,69.1733173076925,69.561602811603,69.9379329734595,70.06457022322422,70.16737700956463,70.14597578347596,70.02275326084863,70.0083542749241,69.93771610334115,69.8743892732782,69.88941013696446,69.92328518605116,70.00183118386246,69.98923691576758,69.93853683353694,69.86852161092364,69.80623258507892,69.86620274379725,69.95417128310659,70.1410681910683,70.34046983109495,70.30422852001817,70.22945814562217,70.09923118312972,70.03472909035433
9,80.01065832315834,78.61799196174202,77.3668175959843,76.21783933658935,74.86319597069603,75.81973273639937,75.63777254491539,74.11050188237687,73.89882648215985,73.57530118030122,73.62005725755728,73.66183904829744,73.56290113020893,73.08192155067165,72.79908764075441,72.83299914784297,72.61951207833569,72.29982900330126,72.18732274061227,72.17415928978431,72.41102656162185,71.85484376734375,71.53981481481473,71.19814072886992,71.12115221815218,70.97528470461158,70.89002359094945,70.79395331850682,71.04961492849422,70.94775301858637,71.09312661651373,71.14676816239314,70.95007893341223,70.80290212238742,70.72570585499163,70.54477583887315,70.67161405911415,70.71434448835775,70.65793063773839,70.72468381155889,70.667551148039,70.46618517064945,70.54941753982457,70.85207073019583,70.94653506986846,71.11207099060367,71.13668589094125,71.14365333740339,71.10439934215441,71.14347089947086,70.95821482439115,70.93775496227406,70.83364165533958,70.78174207479744,70.74995809745793,70.71567841880326,70.61590211283176,70.64234830463262,70.58205904265209,70.45984271130091
10,81.80501119251119,80.41090761090756,78.95451431284755,76.93336004273496,74.62113858363853,75.55637803554472,76.2476335833479,77.09672555453801,78.1002311988423,77.80219831094824,78.15645280645279,77.75181157576988,77.37336925894618,76.88911019536019,76.43165886582553,75.90277555199425,75.31737622399388,74.95928582734132,74.64444712207862,74.43633826821312,74.28766764540562,73.66762681762668,73.24681898214503,72.85310210622698,72.55936243386229,72.45024106947164,72.16070222644272,72.05893820134868,72.23473011662642,72.13886226427871,72.0183665498179,71.93863848824766,71.71049536882853,71.69846147860838,71.74313114134527,71.61988380703644,71.81829686829676,72.0469061274981,72.19949503250776,72.3630815018314,72.47258207014296,72.53028446421298,72.74600690007652,73.02834607522104,73.10260050648948,73.22238712374595,73.18935596515395,73.40875453635877,73.40598498251569,73.25230189255193,73.0690656747029,72.97823643592875,72.86605981370131,72.81335055548023,72.73348586598591,72.66734893743832,72.53447998557662,72.36169854251762,72.2507877872285,72.09926426197265
11,73.94948616198614,72.22473799348803,70.96944783611451,70.5185846560847,70.49297212047213,72.1660544702212,72.99698965056115,72.83051167582433,73.38518066295859,73.1989382376884,73.30580160580179,73.40948141364831,73.0746481794561,72.37938470259917,72.00674772758121,72.46809339387474,72.24547002561722,71.92678684484261,71.8719124199389,71.76387337199854,71.81400154078732,71.63785288785299,71.4851365220932,71.23113977072329,71.23321428571452,71.28527832566313,71.21986576523626,71.060409580499,70.89703170392835,70.87831807081817,70.94924852626481,70.82776664886049,70.83253675337012,70.73626014508366,70.6693931333217,70.63585447474334,70.74046560296567,70.91804993252374,70.7211638907153,70.84164644383407,70.7722044779973,70.59095465821669,70.60725182440314,70.60743261368273,70.66786223036236,70.78482187096321,70.65415995548969,70.61210179673716,70.69051076474544,70.70732417582411,70.63614981605164,70.72724192652056,70.75390192442065,70.79022850434872,70.76751461501446,70.82798227731249,70.97175095859296,71.03462143699211,70.99725697246883,70.85763659951158
12,77.35274725274725,73.42072140822144,72.22844593677928,69.40423280423285,67.91286630036639,68.63665377832041,69.93844409558692,69.63392348392348,70.5123208067652,70.04918701668697,70.73873765123763,71.10939068647401,71.49272643311102,71.59240362811785,71.58747727581047,71.24987026862014,70.78833674495425,70.39109743137504,70.1049139943875,70.0166880341879,69.9384065449541,69.90990652865642,69.8708700518482,69.75661036494357,69.55473300773286,69.67564572179946,69.35828641523084,69.26127899877889,69.25100837859452,69.28433116266439,69.4186665485051,69.43274763431,69.19176410009737,69.21634031817845,69.1783097854525,68.90327112445155,69.0934219934219,69.3580659715527,69.48105960990567,69.8213303825803,69.9333935147959,69.88026653681405,69.90832008215723,70.05137073574568,70.11824594130131,70.2623385270123,70.34027074186636,70.40621576533024,70.3834707997972,70.35384472934456,70.1755476549592,70.06879813562485,69.94690622096265,69.97983077450658,69.97014707514694,69.97075856517802,69.88834916707705,69.7231599897547,69.69213583811027,69.56907441324093
13,75.00265567765565,72.74456908831915,70.00309998643334,66.70412342287347,64.4676607651608,65.99191171482839,68.17130792487937,69.7434899013024,72.31716185049518,72.85142094017098,74.18345080845084,75.09868615181118,75.49794464794459,75.98113516774227,76.30577126577117,76.38408310439551,76.51087080131187,76.33460153529583,76.26075418246458,76.1869284188033,76.38960186638741,76.21472254597242,76.28665304100068,76.19700642721455,76.26820166870145,76.31982698569216,76.1275397955952,76.38112444764218,76.70468050468041,76.87059269434262,77.46259485735285,77.88241837734024,77.69552176218838,77.72288688979859,77.6188497877783,77.33826227784559,77.41241846241844,77.36615256088932,77.16963737829116,77.32253510378501,77.4212660194367,77.35284464213035,77.36124847374847,77.15105253542743,77.03173924840584,77.0083046884676,76.84574760346023,76.79460120319476,76.67926249865002,76.61477696377679,76.32093817583997,76.16410716242424,76.08678141390389,76.09050662129357,76.12554010803996,76.03492290612809,75.94579441838191,75.76346759083808,75.58655458634253,75.41219398656885
14,75.01218457468462,73.28840048840053,72.605348663682,70.25212530525027,68.56004070004063,69.71307827974482,69.44059829059815,69.16134322853054,69.87721419526957,69.57256257631241,69.60315379065361,69.44748550061033,69.49869642465782,68.90595310773871,68.85985890652542,68.56750419719151,68.2442131125953,68.21902500791371,68.19652041428334,68.58646138583619,68.70770320948873,68.63670843045834,68.61330028666974,68.38334986772482,68.41028367928367,68.65043263360558,68.60624896365624,68.6808738880166,68.96116110900573,68.9771440442272,69.05069239303089,69.05167887667868,68.88303887470535,68.85140624625899,68.83691028548151,68.66268216094583,68.77740405240381,69.09349441980994,69.20844995460354,69.47459986772459,69.51466243783295,69.29730386456558,69.33284185667887,69.36648744773719,69.47377967711284,69.64402881739827,69.62996367304868,69.8455723867181,70.06316947413879,70.06577258852252,69.87403985810843,69.84471144062483,69.83171109114491,69.93369661888167,70.0256172531171,69.96847227673099,69.95223502131377,69.91432308113326,69.82326705780078,69.7085759225341
15,75.19884513634517,75.50137108262116,75.24640822140823,72.80490181115181,70.75446275946284,71.22791514041519,71.32038417931277,71.79165585571836,72.46389341111566,73.15283730158734,72.72926425426438,72.522925145842,72.4538089759245,72.24843014128746,71.80530694614045,71.00358573717962,70.36041472144422,70.07938034188041,70.05758761219296,70.17005698005704,70.26942215632695,70.2769857457358,70.19942953584273,70.19730680199444,70.05273239723257,70.10862840862856,70.08636510951338,70.06187823419978,70.20479909617853,70.1376704314205,70.12799293000913,70.05164580789588,69.98192902776243,69.92793908161568,69.96060250595974,69.84707256478099,69.94610434610442,70.07677661032928,70.16474254615282,70.5117616758242,70.60733183934407,70.4756551979766,70.46405429196118,70.44205227642722,70.3763332654999,70.26072667268308,70.11757646411894,70.09053384886708,70.13304749860855,70.26183597883579,70.14155224767951,70.03372947387356,70.05467167353947,70.32356466407379,70.35109603359588,70.42052999084235,70.30172287913501,70.18911975636095,70.09405244786579,69.96278066069719
16,79.0394027269027,79.42085368335366,78.03521740605076,74.8686787749288,73.2529273504274,72.78712098087107,72.8988436827724,72.7823120166871,73.39084475195595,73.0064255189256,73.23083166833172,73.31226894247725,73.42959949594567,73.36783788301642,73.28238570071895,73.20521342083832,72.58682246402833,72.51348669334777,72.30864260009001,72.30657407407415,72.12111581099687,71.87482355607364,71.8519100263666,71.72244437661108,71.18938807488817,70.8332086894588,70.6665238396721,70.5248014056051,70.69814253434954,70.67778913987256,70.66852984232023,70.51317616122317,70.47271941021957,70.37885902224156,70.39281193674066,70.26640677994855,70.3528633028634,70.49708097701529,70.50944188764713,70.66506283068797,70.67057312606113,70.66293461829201,70.67510837569002,70.7943329818332,70.79360059693404,70.92100343296018,70.95548324803657,71.03126717032984,71.12566002591534,71.25632905982927,71.24992099403885,71.28824913512439,71.29527889126966,71.36270519603876,71.2581121656124,71.29647072504243,71.20788831052023,71.29400998905344,71.37505768713426,71.25916310541338
17,72.3325447700448,73.12330586080589,72.57175417175424,69.89250228937735,68.20442307692315,69.88017823226164,69.50069190069202,68.59724893162402,69.16447621308735,69.60578347578354,69.51298562548573,69.2564407814408,69.49389225446915,69.1610547851619,69.87427893094551,70.01819101037839,70.09906030788369,69.97368487993471,69.65380250840768,69.38430224867717,69.333369188131,68.76485250860252,68.69430730300301,68.36426642416235,68.0379843304844,67.8599632916942,67.83175319193847,67.71451065468928,67.76975758915422,67.71916802333476,67.769894278362,67.88804102436909,67.96332201748855,67.93189386865843,67.97556703878121,67.84164928435746,68.02086784586771,68.233520366086,68.28099295054405,68.45634907916137,68.47571907541402,68.3187902155162,68.35333302571648,68.42740893365861,68.36734420928845,68.44576962892157,68.60933654603849,68.7402068706754,68.80674312460016,68.90598087098076,68.87694133208822,68.88281147271515,68.83584214527593,68.96404914529893,69.09242951492936,69.0869133924936,69.01863927982343,68.96336689332374,68.93173301118209,68.87344152760812
18,70.99225172975174,69.19448514448513,68.38782899199565,65.61835571835569,64.04946988196988,65.97400369692035,67.1958994708995,68.02789606227108,70.13100382128155,71.24431216931218,72.0850297850298,72.88170278795289,73.2275656679504,73.2620155968371,73.62946038529375,73.16350255647129,73.38097811774284,73.30641308280197,73.00960708394923,72.9196219983721,72.85351909994762,72.42890396640404,72.27902864044178,71.84565760242856,71.62059401709415,71.40003874330807,71.12155632433425,71.2051883467064,71.36595178448646,71.34097188305539,71.32117550907888,71.26219077508155,71.07844254510933,70.80934589647835,70.62092200127921,70.43021511667358,70.51644914144926,70.61808045755423,70.64471290817448,70.90765122608875,71.00142164745829,70.80053043297082,70.82682298321828,71.0216617872867,71.0861926242481,71.08212870060677,71.1096389819792,71.09359779880592,71.1169614304817,71.19441788766775,71.03402503451511,71.01250019567316,71.11879343577448,71.12701728998013,71.13393328893314,71.21642800816893,71.14293443723258,71.08213680476607,71.10845896884022,70.97472976868795
19,74.7245319495319,72.31605362230356,70.2934981684981,69.68405830280822,69.85004171754161,70.02903608736932,70.59116373044934,69.74905944749692,70.69368923257807,71.20395400895393,72.09810837310837,72.90715981549322,73.5847644876492,73.58542611489041,73.9595288970289,73.95361626221002,73.8967972659149,73.16578257133807,72.77083440438702,72.5116575091575,72.29863630637425,71.6627122877122,71.54498947107629,71.39638469169707,71.25807285307285,71.01642324911555,70.91225071225071,70.85128568521432,71.0042229800852,71.13553859720544,71.17286702246402,71.01974317638401,70.77056539139897,70.5069136201492,70.44920300598899,70.30521101840577,70.40665321915351,70.50388939763967,70.47173577846682,70.53850592694373,70.5405455542653,70.3245893656611,70.39589947089979,70.40489753302288,70.34691753719574,70.227558019678,70.14194106720745,70.13993013159715,70.18390489895619,70.26984177859205,70.11195284381587,70.10451936774085,70.08915910260285,70.27012956179651,70.34785085285112,70.3365541782955,70.29907496661909,70.28129885759212,70.1811388940628,70.10125288291972
20,72.76383292633297,69.7388227513228,67.78281949531957,66.84857168294667,65.55481684981683,67.41221679555011,68.45623946159664,69.22003141534397,69.69569879708772,69.63085012210018,69.31749962999966,69.27878086419756,69.13647662878438,68.85373495552071,69.11867758784425,69.12233828093204,68.67745187818713,68.5794818093429,68.41706349206345,68.31479446479442,68.5883874062445,68.63777380027369,68.75749765532365,68.85560325091569,68.99834737484734,69.12567957327559,69.07552382459774,68.97827635327624,69.17174487389997,69.36709774793098,69.50140825423072,69.57592862866296,69.49990981240973,69.56968879432104,69.4845114541542,69.47866823248762,69.69705295955288,70.08556206220669,70.33664529914522,70.6603993691493,70.83553820840402,70.82603724538235,70.98783542039332,71.27034157971627,71.48779564057313,71.76369412592207,71.76465288060999,71.90248270248227,72.02885238344376,72.12465303215251,71.94483448650068,71.85411755267475,71.78347405564337,71.83351959254685,71.86681901431848,71.98425144630448,72.07331889195875,72.19228444767195,72.2288986672457,72.15225156016781
21,76.31103988603988,74.28181725681729,72.40457705874381,69.44459198209206,68.48941290191294,69.42316510649837,70.19300177335893,70.77932247151003,71.8103796409353,72.68366300366304,73.71765734265738,74.09150344254512,74.8727552362168,75.05475100296533,75.47201261701262,75.76754457926332,75.84121776915897,75.83989734545294,75.85292290555451,75.71683328245838,75.68172132100705,75.17352277352279,74.91412755923626,74.62665280321524,74.36740781440773,74.04145553520551,73.7483663455885,73.41273366184073,73.43866363521528,73.34499508207846,73.15346639620837,73.00179366351253,72.88765832932503,72.81467460915994,72.6212256526543,72.40557647085434,72.5048277673279,72.82475928068047,72.83528041284464,72.96036998880757,73.12321813236444,73.11505392755394,73.31582888472428,73.51393409830916,73.61163885497227,73.86836545097427,73.85230647996613,73.78383296872896,73.80328652828669,73.79432753357766,73.73496303079655,73.61691507388649,73.59455013016355,73.615701359683,73.59380822880837,73.4531611576255,73.34273932694994,73.30398711282338,73.25597635258657,73.0617627357211
22,74.89274521774519,74.41427299552294,71.85424297924287,69.5736886955636,69.2121102971102,69.48247948039611,69.07109715681145,68.69794210419208,69.44210080043413,69.56557132682136,69.66129287379293,69.57303198344867,69.06134083153317,68.92712003604856,69.1672422330755,69.13272410459909,68.7381099020805,68.57092010355895,68.35049964655227,68.64218533781033,68.69956320134894,68.27902051652053,68.14093981702666,67.94085775335766,67.82076088726083,67.68282458282452,67.66082809508724,67.5450240566311,67.91213913800115,67.85879816171476,68.05222865545443,68.17621368793237,68.13666719083385,68.04620756422221,67.8522880690737,67.87408269456871,68.05846877096867,68.15942045284136,68.28733472130891,68.48272206959693,68.4211668751301,68.4033618718141,68.62418292302,68.88200734450717,69.16749479943904,69.44878983737661,69.60934239125704,69.91521323005678,70.11834315533277,70.08916758241737,69.95059344250501,69.96732686828815,69.97114050345164,70.10101458041254,70.10673983423963,70.1785263678119,70.2571447314867,70.31298366384553,70.2557469837129,70.23329153099967
23,77.07408424908428,74.47937525437526,72.60744132410795,69.37231379731378,67.05017195767195,67.1702804911138,67.87064872957721,68.53190120065109,69.48192296386726,70.21654049654039,70.98946562696561,71.32401471984805,71.68896676685132,71.92391345427056,72.36507224257224,72.29636815730561,71.68433437477545,71.61161477411464,71.20620782726033,70.93169668294658,70.64442191406471,69.97005471380461,69.74022867229375,69.70210050366288,69.68805535205522,69.7418415985722,69.57502411854242,69.37484101546585,69.4443284844145,69.35544820919802,69.18435428072503,69.27803771749063,69.3349177057509,69.29604895376937,69.21178934821783,69.1131633541355,69.2189948189947,69.22016660240337,69.01296570238868,69.37112065018307,69.2680814894229,69.09052173575978,69.13162334005354,69.08839366651863,69.0725472572695,69.12208474898699,69.00192827267304,69.1247677765907,69.14574258885479,69.1270334757835,69.08123588466728,69.00281074872423,69.0670150167791,69.1243067803252,69.14493293743287,69.09001159224371,69.04949232054497,69.13959991158276,69.11897139270035,69.1557236975988
24,73.60695970695973,71.83410409035406,69.62786596119928,67.85329288766789,66.20923483923482,67.02403083028074,67.38966000930283,68.19753891941396,69.08570919820922,68.94234940984943,68.633084970585,68.8800641873559,68.858997057074,68.80115849758701,68.77279168362502,68.98461665649164,69.18223054178935,69.08171748518969,68.95329134802817,69.56224689662184,69.95215443727352,69.87959054834049,69.91287758135576,69.86265304911132,69.62497456247449,69.5247137300021,69.24478851052919,69.11822162625721,69.13916203528261,69.23562118437103,69.19123767510848,69.21474629248056,69.13499525166176,69.12542615336716,69.16210172103015,69.12105704223752,69.27971831721817,69.41283309770142,69.38084110808458,69.45533781033764,69.45880907710159,69.25897956761035,69.30471043814046,69.4382119038366,69.53446083751612,69.72370456636732,69.74022582027881,69.94150460843147,70.08979934464612,70.26459035409029,70.10371507577386,70.08017966719893,70.2235368143387,70.44271422164944,70.693807026307,70.84766092868774,70.93142721476059,70.98579331747436,70.85834126639216,70.76213827838833
25,81.02281746031744,76.06444088319093,73.68964862298203,71.34876500813998,70.2394342694342,71.49156746031741,72.55838420838413,72.69154774623514,73.6203324967213,73.60706043956034,73.44534863284858,73.66350774996614,73.62886102501494,73.13692620210482,73.0378317053317,73.1416224689662,72.7075420766597,72.47534538506758,72.44150199215984,72.46418218355713,72.23166342035388,71.94824457949464,71.84153616110142,71.66473744234162,71.48120451770446,71.18096588240807,71.02358963053402,70.96551816239314,71.11434220313535,71.20298636548644,71.33707379836417,71.3426609559422,71.13263727013725,70.95722650171179,70.91951290772722,70.73249318839598,70.83081130581132,71.01599431270492,71.25530222389199,71.33054245522995,71.16601720321226,70.81153712909648,70.8714157935086,70.80031496281474,70.66009937593243,70.66503855444049,70.56190281349835,70.5629921101273,70.57056867924186,70.6102800162797,70.49190468210044,70.56586783053088,70.6419235376779,70.71479248631988,70.81168488918449,70.94355322257066,70.98204092853176,70.97135936381588,70.92558859846953,70.74188110500575
26,77.6611874236874,72.70005087505092,71.23817663817661,70.62882071632066,70.07044566544563,72.03287800162795,72.49915474736899,72.79801714489211,73.97879753990864,74.29954365079362,74.71431438931435,74.68533865825538,74.3352161015623,73.5741194982266,73.29359042192375,73.34731793091171,73.02873991476936,72.75192194636638,72.25575584259789,72.41296652421649,72.41709062542392,72.05821215821209,71.7668692820866,71.51766932912757,71.12668172568164,71.07957053630123,70.99933202942461,70.8960524594453,70.93275388404697,70.78414801248135,70.69052279858731,70.66795062576307,70.60813862063854,70.34026236562997,70.24027545206116,70.1507108375164,70.51081424831425,70.65993911059697,70.66874184694696,70.86837339743587,70.76693121693123,70.45797308952073,70.3030407899595,70.21497044622056,70.21499502555078,70.29492200633526,70.08952883208227,70.10067780406345,70.01821212612053,70.08684361009375,70.00276780227776,70.01213780877261,69.97405132428742,70.04745869699596,70.10401311651336,70.15578340310503,70.1429164970834,70.03223451995024,69.95338206990762,69.84175323904505
27,73.73883292633292,73.00345441595448,72.32335334418674,70.42241681929184,70.30949837199836,71.02778540903546,70.72417219024364,70.78003217846972,72.4654818432597,73.09643009768028,73.39159081659083,73.40175010175011,73.21772447637834,72.35399114774125,72.06146554063228,72.27116783679288,72.01602474323066,71.86998258942705,71.46578786710366,71.34664555352057,71.23155319107703,70.9090515965516,70.75482317601895,70.5030785765163,70.09098860398893,69.82345418114684,69.53797257269515,69.52122925024747,69.73252020967578,69.89443698277071,70.12801098244681,70.16616983999832,70.0165017081688,69.94647226411979,69.84165881737357,69.64218460294893,69.78991587741632,69.98191726645715,69.95780475460006,70.1157746998376,70.04371184371225,69.65901845068552,69.72221914605667,69.71406186406216,69.75742945326306,69.75252904301844,69.69134193229968,69.72990573277056,69.82791026056356,69.79401292226312,69.62868923922865,69.60688124197758,69.50949251656812,69.56417915931816,69.54652338402346,69.5392328405723,69.42024791323058,69.38116798590961,69.28643774618375,69.27159052367404
28,81.07871387871388,81.3501831501832,83.28325702075706,81.39075727513224,79.8883984533984,78.64622252747253,78.14017966160824,78.2153286528286,78.3410137701804,77.70114061864062,77.13802817552816,77.19965701736528,77.44357095895549,76.82982985929402,76.56879188712512,76.05587352462342,75.17343484402295,74.63122230136103,73.86340048840034,73.08502340252323,72.88313007539176,72.2040397102895,72.02646077754756,71.82416162155732,71.55314672364656,71.3111617904885,71.00387893998989,71.03703449328435,71.16137618766916,70.83951617826608,70.74044714246321,70.77119613603986,70.70654453571115,70.85907805429856,70.9150818361532,70.97760565052222,71.28861182611175,71.50742293768599,71.60603208519868,71.70574264855506,71.55927539037289,71.35048464542507,71.35369435689196,71.38712421837414,71.50351919685245,71.69900937428106,71.68967766866696,71.87577669244327,72.03804758167,72.26459310134307,72.19105826091119,72.27570726104373,72.1734712527165,72.21631317927611,72.34374847374853,72.2665706400082,72.2660559875471,72.27860458506997,72.20294963197492,72.22908908221399
29,75.84757834757838,74.71563899063901,74.47246811830148,73.79032992470496,72.65493996744004,73.05294312169319,73.02064073492647,72.59402281746034,73.72595984262661,74.25055250305269,74.14043410293426,74.26047093338775,73.76014839861008,73.22821239606962,72.88038529371879,72.4940762362639,71.9658972563386,71.81507540813108,71.64925802754759,71.58950345950355,71.25647154873342,70.80878473378462,70.44739431261156,69.9807883089132,69.79700793650788,69.7588998074575,69.67679212077358,69.50568419675552,69.55448472345009,69.64700922534249,69.69669295757993,69.71159521901698,69.77107614607593,69.64113831429985,69.52386286993408,69.31911446321149,69.55391352891333,69.80796368592402,69.90686617513516,70.00797110297081,70.13228927802078,69.86024562959061,69.80837143046425,69.83323782698763,69.95629132184676,69.97330575020777,69.84635474848223,69.86195659086255,69.79331605658109,69.7835401912899,69.67553309072882,69.76977904574026,69.78126031899588,69.9828021601167,70.07261229511208,70.17395179225515,70.23331119822338,70.19545536679146,70.09863473782956,70.00918794939624
30,78.30950345950349,74.96184116809127,74.08966897300242,71.92225656288166,69.60862942612955,70.42886480803159,70.81580033722895,70.59418116605617,71.73806075611634,71.64818376068379,71.30441271691267,70.85221984805311,71.10780736357651,70.83167553346114,71.0277336860669,70.67026416870159,70.23743625655382,70.12862117306553,69.86600234560751,69.85198361823352,69.71316767447713,69.4705660080659,69.43880461326097,69.46967274623515,69.50009198209192,69.74592451707827,69.65555988935607,69.77415656433504,69.981636562671,70.04454093745755,70.08274580855218,70.29003834706948,70.19984336650994,70.10272241375174,70.08997746962028,70.19232196558582,70.43691727441721,70.54574349870401,70.49704402909532,70.54133877696378,70.43176327962914,70.20885480260486,70.21859648749192,70.3027470214971,70.26228496811834,70.29419958061268,70.25595497882743,70.29602877832056,70.43975272648753,70.58564183964197,70.51094432074837,70.48845635312003,70.55083751852636,70.69817019400374,70.74275964775984,70.86318635894544,70.8087250712253,70.83888195935637,70.86736788007997,70.7637586487589
31,76.04882478632477,75.61203449328448,74.98133055216391,72.6263367419618,71.86780728530732,72.12389685931352,72.00373858945295,71.77863057081808,72.42467270383933,72.20720187220184,72.00101796351801,72.3559638278388,71.92459534767218,71.38281513460078,71.22964964048293,71.22667347120472,70.60834470540354,70.38024691358022,70.0450860056123,70.18634564509561,70.47424147721769,70.19534817034823,70.13064447629674,69.90998041310553,69.65948473748486,69.35746082621094,69.06164058849255,68.93735900343056,69.29968404839117,69.23086504544858,69.26931036406863,69.33480584808733,69.21872433122455,69.029255698006,68.89131272167013,68.68656573621882,68.81537100287134,68.98353937728969,69.13394761696078,69.47686202686242,69.47330114555764,69.39974283873134,69.50095207333615,69.46335955710992,69.36846210374014,69.47021752402215,69.40525160418797,69.40732187372824,69.38550424443292,69.44338736263741,69.38135918184948,69.30051080507822,69.25355549412161,69.43298380289124,69.46322797572809,69.46725572707716,69.43181743532624,69.35740907400394,69.34305753882022,69.3864289953873
32,73.07457264957269,73.09735195360196,70.0851377018044,68.39678342490849,68.1701760276761,69.87578601953605,69.96801703587428,70.32594818376074,70.8626882376883,71.27953856328858,71.19244042994052,71.0979590625424,71.04378306878306,70.76463166463162,70.95790360873693,71.47513227513232,71.58018805812935,71.23155779405784,71.20895052802952,71.1427744708995,71.36671245421255,71.05893666518656,70.99703686008024,70.68635743114896,70.50143386243371,70.35080363013036,70.13663587783942,69.98610711378554,70.24468513606426,70.02471679554995,70.02503003269118,70.04695608211216,70.06941037357687,70.24661576168914,70.22796470725025,70.15839395943544,70.37255181005163,70.64081022534947,70.74934775575773,70.9875316697189,71.00194355102863,70.60437925170045,70.58880737049317,70.53536798849278,70.51623909012778,70.51391687016665,70.51856744516301,70.56163470017619,70.58077379914103,70.6780437525437,70.64514452504642,70.6106101875332,70.57876657758729,70.69632126275643,70.82949504199507,70.98724153657189,71.11769452120333,71.09502424459323,71.06446041403674,71.09456798602636
33,71.06848799348798,70.91685744810745,71.63230226563566,70.5534607753358,70.42962250712253,71.96009276217613,72.4363923774638,73.27259043040289,73.79042079319854,74.56428215303212,74.92024225774225,75.43647868335366,75.93303786669163,75.81908613872888,75.97526692443353,76.04625750406998,76.18749999999996,76.54078539772979,76.63161536319427,76.81374211436719,77.09805463495945,77.16434352684357,77.09927713188577,77.15711784357612,77.04758363858355,77.13585947528257,77.13628634739749,77.09162451305323,77.3461977039565,77.59220288970303,77.57541832420878,77.5171696937323,77.52240182656861,77.37742419617432,77.19531600674473,77.07580651087606,77.22094732094749,77.14346001221024,77.00373175020628,76.94497341778619,76.64162534619874,76.35717471461544,76.22487955627518,76.06316334128861,75.90932358793498,75.697350626427,75.36164172706754,75.33141195224559,75.23538120987128,75.15411355311383,74.91951018299082,74.88957560423935,74.86351289346602,74.9018954724976,74.91197145447171,74.91551907087653,74.86659570935915,74.8022125384198,74.61725233335437,74.4232481176235
34,68.9205993080993,71.26004527879526,71.54633021299685,71.90323819698818,70.71268416768416,70.83041225749565,70.25489781382647,70.15961792836805,70.7123485054042,70.96389601139616,71.49740860990867,71.69501085334416,72.20814157352618,72.23784922088497,72.72507902591232,72.91973411426535,72.96041861188918,73.35688480757922,73.75068841976729,73.78286986161974,73.68466529061756,73.71659682909667,73.77129850825486,73.53097039919945,73.17531013431002,72.95524502207184,72.57522780717218,72.51037723850217,72.5107149874391,72.20311779270106,72.31807672614117,72.42932231252537,72.32991422158081,72.22836673130783,72.13863611256458,71.98571202460083,72.08180886930876,72.18049624595666,72.20204217672149,72.27829021672753,72.13796718186944,71.73698337597122,71.58595150542803,71.60119221056694,71.6793110387552,71.76332174266933,71.70169641233453,71.75652334740863,71.73038870615386,71.6314026251525,71.3875944679865,71.3628850850004,71.3094705347063,71.34971123697964,71.31841880341871,71.21985144485124,71.21195590471889,71.25272427125861,71.22666007877861,71.17241537783195
35,80.99531949531944,80.74042531542528,78.71890686474016,74.06274801587293,72.29285307285296,72.44064068647393,72.70472265829399,73.0519377035001,74.39755799755788,74.67289733414721,74.8641326266326,75.14178834282993,75.19031182492718,75.0662160590731,74.57768450685111,74.01873982498978,73.41622345519399,72.98886995206429,72.60994500139228,72.77239621489615,72.90331656879272,72.62308039183038,72.43257971899273,71.86680021367523,71.43791798941804,71.11632776055856,70.8431823663305,70.60936591516943,70.59922529577702,70.27449379324383,70.28995857786185,70.39380278286528,70.44703028453026,70.4387447927889,70.33812634455488,70.26985794555235,70.49760378510373,70.67277354711563,70.70539614706281,70.82567701973953,70.57842575220624,70.27437314669459,70.24020596113623,70.24587438024938,70.24259338398228,70.29323461361507,70.1981771577517,70.20264412477958,70.22230798302223,70.1536815221815,69.95109471138885,69.96878062286726,69.92249349183321,69.99138779601752,70.15811568061581,70.2708187067563,70.1777617119723,70.12329831726392,70.02176434676441,69.92966609008285
36,79.6575905575906,75.89789886039888,73.1646333604667,72.28350249287753,70.18874542124544,70.04682794057793,69.57211756497479,69.47140376984136,69.98748473748485,69.91861161986171,70.63618557368574,70.39735025776703,70.33025226198309,70.03449437467295,70.39795312711978,70.42493322649571,70.23949968876438,70.28237292542843,70.25328733157674,70.43403464590956,70.58298278000645,70.37614538239525,70.19173988250063,69.83083876000545,69.38038929588929,69.22327866222098,69.03633401920435,68.96504266236407,69.06689981474466,69.09995217745217,69.22994538317114,69.40406761930193,69.36434352684344,69.26610749000447,69.23561195418331,69.10579410301627,69.30190520190513,69.53440344986386,69.6900652766037,70.06755876068378,69.88546499796495,69.71071961548152,69.60544741649394,69.54339537777035,69.61129980102194,69.63305440533685,69.5654938343767,69.60253018586347,69.60762907727188,69.6188873626374,69.58131419234361,69.68095688143765,69.7222370047841,69.81694205143273,69.9051233026233,70.04688735536944,70.14846758991493,70.20249463180491,70.17527869180402,70.1212359245692
37,78.23239214489216,78.23724562474555,74.35801112467767,71.99088319088315,71.40575498575492,72.74800145841803,73.59791121576822,73.73434256715493,74.13006489395367,73.64912291412278,73.35461806711793,73.7561211165377,73.5064521304905,72.89329793883357,72.95524420024415,72.78708759411877,72.39705044410918,71.86628538642414,71.46171250776503,71.27395146520126,70.90714915595844,70.39923086173064,70.08176195784873,69.73045740910304,69.47609747659726,69.37636442972966,69.31284425451084,69.13351448485368,69.21538373822854,69.2305909985077,69.16049880525685,69.16165611009353,69.12112316695647,69.02371420790534,68.92932161753585,68.8378606475828,68.94185187935179,69.13424480003412,69.04218167871997,69.2527255036628,69.33170682073106,69.291906385061,69.45599509233219,69.65340065027551,69.6207350879572,69.73524192192664,69.87455078412523,70.06185579466832,70.20939942521576,70.37981288156287,70.3941418875243,70.45865727043616,70.34971164405134,70.39561212107519,70.43795075295087,70.40848459576151,70.39605325636042,70.30555625728057,70.26343463504493,70.24993114909797
38,74.96589845339848,73.88933404558404,72.26841337674671,69.46332036019538,67.23137464387466,67.44094000135674,67.55336502122235,68.00348557692321,68.55807613168739,68.85685286935299,69.12038887038896,68.85362018382862,69.15181115181124,69.08283657480092,69.0678517161851,68.77062283781036,68.50160495822263,68.54710464432684,68.57766719148296,68.5864384920635,68.15462866058103,67.77614653864656,67.86875033179386,67.65075316273241,67.34232417582423,67.24909990294617,67.1524896742491,67.16037360457022,67.34579105441196,67.40592796092815,67.39687906179857,67.48754817231392,67.49468294051636,67.52487011898779,67.37647595790456,67.39711057974948,67.5328865953866,67.71250495362338,67.93537120524299,68.07806611212861,68.13024894030987,67.93077092660421,67.99394302940807,68.10383701946203,68.15119138063578,68.2135700350374,68.01695091748279,68.04136533797987,68.14850292375799,68.26947252747252,68.11759558524257,68.13469287123125,68.1908793512567,68.36914701382298,68.48559884559886,68.54132126141056,68.5614276967347,68.4367624871935,68.3567838000041,68.32906576448235
39,76.38002136752135,71.27799908424906,70.26736874236872,68.42655550468051,67.82442511192514,68.91083977750648,68.60454168847025,68.5827997812373,70.36634615384617,70.54090506715504,70.65503061753057,70.51893696581195,70.27870644312951,69.51688179545324,69.35519705603042,69.25149254680504,68.81308805573512,69.02586968073088,68.88724107276751,68.85967745217754,68.7389274085703,68.52953019203031,68.67551361681812,68.65248227852402,68.38816483516497,68.27312310196947,68.21077081354888,68.32732571661167,68.5032974050218,68.49812830687851,68.60203303267829,68.77177976826425,68.78121970621976,68.69303909598035,68.65098494098501,68.49615540066937,68.92500715000725,69.03002605338133,69.16783470565524,69.21494187525441,69.18958910330865,68.99110001550486,68.95483312983315,69.01182960557956,69.05437265409476,69.12826485109089,69.1185810840065,69.1511869785306,69.07979917852361,69.07964550264552,68.94060407638835,68.87102832174946,68.85243902673152,69.06829787153863,69.25495624745619,69.4398884927902,69.60849077822758,69.67705500119293,69.66557052489263,69.56503162732332
40,79.62652625152626,77.69941493691489,78.2412053995387,76.4315616096866,74.33150997150999,74.70562084520411,73.57946028838882,72.96949341168087,72.85582632388189,72.95477462352461,73.92802984052975,74.16982855107851,74.77105327009166,74.87672938833646,75.25417107583769,75.58709967694334,75.6326384399913,75.76635717677374,75.72239091318029,75.95880825193312,76.26112758493713,75.56722259222272,74.8275231813276,74.24044630138383,73.76854314204307,73.50322997871076,73.05800773300776,72.89781237281247,72.75707321095251,72.69663071496404,72.56890713826196,72.5365991936304,72.35894969228293,72.24714246809828,71.9680607884178,71.65898071835564,71.66896731896726,71.63454349013554,71.41317128977383,71.61356150793644,71.50609756097553,71.16645892687549,71.12178517004087,71.15870506807994,71.15971668249432,71.23825693227849,71.13267206591652,71.1225830111244,71.20840175508525,71.28554751729732,71.39107980799133,71.55269872577558,71.65937646385761,71.8146554063221,71.81773809523813,71.76260520233733,71.72437254103917,71.64141465973354,71.5353998951455,71.39635386989536
41,81.60150590150593,80.01638685388684,75.9133580925247,73.2357702482703,71.17412596662601,72.29356091439433,72.76269259840697,72.00370115995123,72.41771751910645,72.72166666666666,72.48018971768975,72.96368369285038,73.06962328981562,73.16023278969719,73.21510107176788,73.00503154253173,72.75405653714489,72.40155338488684,72.24756683375116,72.31709605209613,72.0603300579492,71.64248344248355,71.6647241245069,71.40245132953477,71.15666544566554,70.80496462227245,70.67286852379465,70.59411248473768,70.81562232467421,70.77835249626924,70.87548364120947,71.01678240740745,70.94530700780705,71.04914634657288,71.22509055759065,71.17541123999469,71.24136581636587,71.2307512906198,71.40615314173014,71.68258801383809,71.86311372683335,71.83137561292325,72.04969971888578,72.05717326654832,72.1214879256546,72.2349772610642,72.11221076992354,72.06647397741153,72.0888018821694,72.13228490028507,71.98950687112458,71.9746675511099,71.91028818316559,71.96621114653524,72.02015438265437,71.99577446363169,71.93930294039947,71.86015062523686,71.83726847540407,71.78828398453399
42,71.92698921448923,70.32414784289787,69.70689865689867,67.88052503052499,68.73324582824577,69.88370811287473,70.50129222629226,71.47344831094838,72.53643445032348,73.32543294668308,74.44678053428066,75.6260047822549,76.60538375442225,76.47213755160189,76.55342796092803,76.6237068198007,76.27190739543693,75.9305261610819,75.72184655013622,75.70711309523817,75.5538216853693,75.30496031746027,75.05772438109393,74.56734076109072,74.27169536019534,74.09647709840019,74.05745639819723,73.91611249200541,74.06976197493442,73.85963556505226,73.78790831331153,73.68212377899879,73.49976982893658,73.25363367569258,73.29290293040299,73.07981193189534,73.05812653312661,73.05180084291932,72.99868638009666,73.18753853785104,73.22414926988095,73.10814679148002,73.18187227286046,73.13276931401899,73.07485766291289,73.1244634894088,72.95879499735844,72.92284989316198,73.02585615442713,73.04412474562423,72.91376788607133,72.87890524717396,72.93029676473027,73.02220121271004,73.08354007103968,73.06529558404522,73.1312266599544,73.03971490674047,72.85210088091414,72.66915725478204
43,81.45465506715504,78.21748321123319,79.99026590693255,80.05549959299962,79.20678876678882,78.7584749355583,78.8546100063957,79.1030283374033,79.19462194184409,78.63728581603577,78.17535103785102,78.2473901098901,77.69724061550983,76.64165031397167,76.42743420160086,76.16779195919821,75.35290436687494,74.73118753674308,74.63295926782769,74.46219602157095,74.35332262534634,74.16622150997146,73.95976712498438,73.73241546262365,73.46587708587684,73.25244063272882,73.20015639367467,72.98789864236271,73.04369096739758,72.91765228598535,72.9681484435515,72.86749163741338,72.66968139884797,72.50713133544014,72.42754171754174,72.3243188395966,72.30162277662276,72.44032329756016,72.48497190131806,72.70260925417173,72.51902081658166,72.23755596255587,72.13630597438716,72.14871540496527,72.01541683625008,72.03931845127492,71.93845515201899,71.88038734991869,71.97003791748698,71.86476658526678,71.74157060260023,71.6479434739052,71.65043474170844,71.69519551093629,71.76682567432572,71.6978124636607,71.63635513284629,71.54278574235468,71.41907331525978,71.25723629765297
44,75.29786324786326,72.22792785917784,71.11575091575092,69.63735627798123,69.35630138380134,70.37251729751736,71.86175213675223,72.03583574989837,71.90262571790358,71.39211436711443,71.51045574795576,72.00545168565999,71.86137644406877,71.41083129833125,71.2768783068782,71.26327361874223,71.14527670042361,71.30191318455185,70.94809513098966,70.88389931827413,70.71110844622727,70.30524706774698,70.38258104616787,70.48029376102279,70.49615710215694,70.38694526627201,70.17444470824087,70.2926616373044,70.35710320968931,70.15371913580226,70.23606712880881,70.36480575269613,70.35239652322963,70.41178804855257,70.39483894412449,70.43463629991395,70.64652385902373,70.97238957436308,71.16019744737679,71.34848023504262,71.31925236010593,71.15853101924526,71.29729392054969,71.42563825063823,71.48080665219554,71.36240953088773,71.15445871110762,71.06004443087787,71.03255795602742,71.03355789580797,70.91706020014857,70.9379106203627,70.98959298039505,71.21931829316111,71.39887556887571,71.47488534943909,71.39875882726783,71.28613426803095,71.17313909411385,71.03253264482447
45,74.18205128205129,75.08403032153034,77.21272215438886,75.23851368538878,73.49096662596665,72.77803978428979,71.9795467759753,72.30399241961737,72.66548240853795,72.66358567358569,72.95257057757058,72.99300340862845,73.03557614038384,72.35383125472416,72.3293213268213,72.17677999084246,71.65282117120347,71.45916485777593,71.08830623567462,70.96529863654865,70.7395131984418,70.12117766492774,69.89363752189836,69.48184205840458,69.20325539275547,68.94263133590061,68.72414850238927,68.51781480754704,68.89171876973609,69.04580891330896,69.02116418527706,69.21569956374638,69.11429604346267,68.90326976944623,68.69014375835796,68.37053967123406,68.32746565246566,68.46027983955612,68.57285802990933,68.82325511294259,69.0661744195281,69.0803434550458,69.2140212823353,69.32105163355176,69.47127662460998,69.67588345631827,69.71412475428441,69.75947664411214,69.805282802987,69.82831512006518,69.66053303087625,69.60897034767224,69.68455836616215,69.83962318545656,69.85238058238063,69.84903619033086,69.80708796564068,69.71029553141628,69.71037342287352,69.6804482939901
46,72.54359483109481,73.15060795685795,73.45670702754042,70.7464870777371,69.34627594627594,71.06055402930404,71.34073492644916,71.61799959299957,72.7250729209063,73.63016687016692,74.03380415880416,74.17867953805451,73.8164702107009,73.78191391941378,73.54379629629611,73.28616580179066,72.98250975603911,72.60307228779445,72.4586434033802,72.42441239316234,72.63699246080195,72.67205572205569,72.59282816619783,72.31306725681739,72.03092165242182,71.77450983845235,71.42755562338918,71.19690897726638,71.27346918726255,71.09500288291976,71.11196006800867,71.0280711042433,70.82368742368774,70.67945859967946,70.48793156578894,70.34631381992504,70.50244750244758,70.69294590643284,70.80780814626982,71.13238553113568,71.28368784557816,70.89702950268438,70.95920802926628,70.92611555111556,70.86949599782932,70.8034369414804,70.77955396652202,70.88918078449322,70.92134800196011,70.90614112739098,70.80792473684625,70.7628939881343,70.80190579860388,70.85660028414652,70.942063122063,70.90829408686542,70.80495621175442,70.66804871373832,70.58893657347039,70.53529702550526
47,81.34196682946683,80.8543167480667,78.24445461945463,77.01104751729748,73.49665038665036,73.43487823904489,73.03841284377002,72.31912265974773,72.81301892551902,72.9315990028491,73.50495245495252,73.47492792701132,73.2031487743027,73.15608792662375,72.95580789580802,72.40294471153855,71.89422987143587,72.09523329037226,71.78137946361645,71.73043727106243,71.49246443591693,70.94979279979292,70.59442099768188,70.32822590218414,70.2578514448514,70.2633271109232,70.0031276850721,69.87230598435963,70.04873636899498,69.90595645095644,69.97777630076006,70.1200827673483,70.18386104636095,70.24354679906139,70.19118044653743,69.9218012311761,69.9300644050643,70.21296805046796,70.38020947476066,70.59543714387456,70.68420987323417,70.7001944153729,70.78938107542756,70.92456455581454,70.84211346266892,70.93622226203735,70.75801931520009,70.67576270180436,70.80541756995841,70.80384289784298,70.76484324499036,70.78531706897097,70.77409279225319,70.96772053392415,70.99203167203156,71.09525853610666,71.17317171132956,71.22619451110828,71.23944610003937,71.2251741622575
48,77.93791717541723,77.0633877696378,75.2415733957401,76.03328881766386,73.9939417989418,74.8194681861349,74.28497150997158,73.62758063695567,74.3592451273008,74.61449430199436,74.22251498501497,74.38885454822956,74.14415445665449,73.90217817896395,73.37983380816718,72.93017272079778,72.75324403265587,72.61355283091395,72.20669622774881,71.84245141432636,71.69162160590724,71.32513042513035,71.07224434180947,70.8378084299958,70.57390089540084,70.32465913715905,70.10992195390331,70.06049697656829,70.04546405063637,69.96561609686604,70.11542974647804,70.3078999414935,70.1511372886371,69.97223793363486,69.9840400604685,69.93611337222441,69.94287598037593,70.08115695220958,70.09975162539268,70.24920991045998,70.22094749198415,70.03872899587186,70.17544332282702,70.29604839604838,70.30775335775334,70.32263541611368,70.3700659860234,70.4727113646384,70.48161261452084,70.58911853886865,70.50433315776459,70.4455471611722,70.48927496333158,70.51266506127622,70.58940226440227,70.60316933397287,70.61944096351989,70.55512083701741,70.52872069079699,70.4960467541718
49,80.87449124949121,77.72269027269027,74.31668701668698,70.99023962148961,69.5032671957672,70.25953228869888,70.23013183906032,69.59447751322737,70.06856600189917,70.27627340252326,70.10330826580808,70.45374779541429,70.57649885726795,70.40359541252396,70.77626543209871,70.5127502416565,70.13236790442674,70.07828200605975,69.89334902427004,70.04483287545786,69.96910624648721,69.61941183816187,69.30865672170026,69.1353486212862,68.90472730972733,69.01428630130562,69.10089803886109,69.10927052444917,69.44237681220446,69.39074599782937,69.34202394081436,69.41704918345559,69.56711729628404,69.49748662285431,69.4593628990058,69.26872074684574,69.49082750332748,69.88644327164057,69.98368828464973,70.12305199430189,69.89718921548179,69.5773866455412,69.3112103766171,69.27417339604827,69.30151675484994,69.49468211941024,69.38642599520252,69.5096592643467,69.68975407623357,69.7787671957671,69.78789423176678,69.78957951770452,69.92634271738041,70.14768754051151,70.2391669441669,70.23277843188562,70.23887023470358,70.26360705865021,70.29305219262862,70.22059634038816
50,76.17582417582416,74.75578958078958,75.29656932573602,71.98246082621088,69.44737586487591,68.13738553113564,68.9225936100937,69.53137337199847,70.99523979107322,71.47499745624756,71.39005994006007,71.81939017772359,71.68685780031944,71.30850703529285,71.16648419481763,70.75173547517306,70.62552820273415,70.63140601682274,70.70106302079992,70.82711284086292,70.97621615597812,70.7075861638361,70.59002672046142,70.47945686643607,70.26326312576319,70.48447665226506,70.57526907249125,70.61167164515378,70.75557187065807,70.6760464997965,70.6916070936232,70.87674882987382,70.90768706602034,70.68646738609971,70.57032269317985,70.42525296205855,70.63842730092735,70.78250795257378,70.68335707502384,70.88643938237696,70.96857733504083,70.73518191464632,70.6924387842994,70.71813672438695,70.72541672319477,70.80964259170813,70.73707697936463,70.7900821208117,70.80289416743547,70.85387087912127,70.78629964806481,70.67022244137677,70.68274654241692,70.79802293899576,70.85458273208326,70.83770658904643,70.78322426436509,70.70252050790886,70.67424247911573,70.66456264414643
51,76.40403439153435,73.09083485958485,71.2079297245964,69.40025691900694,66.63814204314203,67.23127713336042,67.7572918483633,67.69643747456252,68.68188509021846,68.25793905168909,68.37112285862287,68.31178817324651,68.36165469146233,68.3886617681259,69.34178334011649,69.31789180148533,68.95719433072357,69.17230447022095,69.02356371698465,69.00004629629618,68.95882391418094,68.4699804824805,68.13885150678615,67.80294884513619,67.59608465608449,67.64797321624233,67.55493337252588,67.4954550409907,67.74705661515993,67.75436677519993,67.73324110178929,67.7956007389599,67.89014565681208,67.90035253417588,67.84120966335232,67.89403758535683,68.06683042933022,68.15815968875162,68.32401471984784,68.62292213573443,68.67265714186428,68.54023199023177,68.5586665057593,68.63087664650139,68.67951928729678,68.77582295924655,68.83818518951463,69.01415831467878,69.00892587193566,69.04393935693894,69.00576085134867,69.09436715350134,69.17966792990332,69.42070313088783,69.54743062493014,69.55802263212931,69.58868619197514,69.55290321109234,69.54657895462934,69.43879307420931
52,76.2668905168905,74.17849511599519,73.13315357482026,72.07300696988194,70.55519943019941,71.92539173789172,72.73701305308451,73.19326732295487,73.97368685840911,73.53561813186813,73.57563778813783,73.56077236806401,73.74413645471338,73.2179836036979,73.11064543481208,73.2533040165852,72.95672867437567,72.94434778184775,72.46348831480404,72.32241910866905,72.1155445084016,71.62964373589365,71.35810660756299,71.00592164394232,70.8502647537646,70.5789606227105,70.42549009632332,70.29472934472925,70.27314341150544,70.1262018382852,70.26631973164238,70.21018677503054,70.11897793564471,69.97219843065436,69.94165387522527,69.86760418079862,70.01737162987158,70.22468658291017,70.3871427006042,70.60488069800567,70.54045869442211,70.4603179448418,70.45008376636291,70.5661902911903,70.58880115769007,70.68951133407654,70.738639925874,70.76777627272418,70.7458689458689,70.78671387871375,70.60261198496477,70.5512848885444,70.59898499473958,70.73569205143257,70.80439273689252,70.75771047735319,70.69235829959503,70.67621521199094,70.7484040755225,70.69778583299397
53,76.64570614570617,76.3807005494506,75.92690442273776,73.04931827431834,70.23764143264145,69.73399470899481,70.13638220245379,69.8181134259261,69.97666813639053,69.63451159951178,69.95906547156578,69.86382487111675,69.9503021195331,69.51586756497493,69.26275607108958,68.95404106888503,68.54704745145942,68.3213847623572,68.33063695563713,68.48477793040304,68.49574078919323,68.282731851482,68.50029662366637,68.52539110195379,68.75300020350035,68.91267160546029,68.92579195495883,69.09965804697964,69.56242824863538,69.44752899877925,69.41526399228042,69.56900246744021,69.61049860633221,69.58200115516316,69.76190737833613,69.77107145683541,70.075767938268,70.28336024355765,70.43856681068227,70.68735882173392,70.70803751352544,70.36400905091396,70.39041797995307,70.31852117789633,70.2680027585584,70.31377408823076,70.15276597909592,70.22621856345835,70.21878036929076,70.21129161579171,70.14511998531619,70.12223327776228,70.16037428678948,70.3214523131191,70.36653624153637,70.32252847185892,70.15903942548687,70.15703777384816,70.17290265447046,70.1425654592322
54,81.03524623524626,81.60421499796503,79.72294803961474,79.17266356328861,77.55138481888486,76.41279846696517,75.57238066166644,74.97890593203095,76.37277280332836,76.44639652014655,76.24178275428282,75.8153095746847,75.96780274568748,75.51737601023319,75.20684981684987,74.96900787291418,74.51436621657207,74.44538082801965,74.0533906882591,73.82879807692304,73.8476473922902,73.25693519443521,72.97339854187683,72.55117478971653,72.24342979242985,72.06321303340552,71.84403631348097,71.72388365602667,71.64112090017274,71.40656559489896,71.35224834902263,71.37461128281447,71.2904576904578,71.35922873422886,71.2411353857784,71.18121438746455,71.55191881441898,71.64640755199984,71.50996916189246,71.52488667582432,71.5306144961634,71.44957810047121,71.47158498263178,71.58796203796237,71.56459955682215,71.63591833890787,71.58088397024608,71.70082735551534,71.75977299344694,71.88358506308553,71.98624428403889,72.1308493589748,72.23274155090233,72.27755307963687,72.28950974951012,72.31481763111266,72.24618303236772,72.27143295720926,72.14582798714197,72.00064662189699
55,75.750234025234,71.99753510378521,70.37086385836386,69.46490893365896,69.39093203093203,69.77747422330754,71.0118924065353,71.34614812271067,72.0039592095148,72.67542836792842,73.2068884818886,74.10332341269851,74.44090901975524,74.49488778417351,75.17780694614031,75.5090141051078,75.70106538341831,76.03507891285666,76.0313882998094,76.14787952787961,76.12063685873225,75.94950258075274,75.94661282759124,75.60907229344751,75.45109951159968,75.58815413575043,75.65190272690285,75.78661677277766,75.88495537030032,75.81136412969761,75.65003610487493,75.42760225885235,75.22381707798377,74.98861895185422,74.81862986220128,74.64518185004297,74.71439695189693,74.8623981160165,74.85350737818685,74.97580865893366,74.93453683850025,74.78671519177472,74.88148479427545,74.7194760101009,74.65417774612219,74.70012707702918,74.61783408671695,74.66771384479702,74.73001025807137,74.79114906389897,74.61817047331743,74.54459785229002,74.56766679337422,74.58989621489609,74.65731980981973,74.62498391984995,74.69991360166794,74.74252364812705,74.6462162758773,74.4575498575498
56,78.78802401302404,76.70084961334966,77.49013702347038,76.54352106227108,74.54921855921859,75.22729616062952,75.04493720565156,74.67153922466422,75.0833338986117,74.8147720797721,74.17382339882333,73.86108058608046,73.53229978710736,72.94344365951497,72.53399301315959,72.54303615944235,72.27127385142082,71.96621303079623,71.73992566887287,71.702290140415,72.1144768591195,71.8799364986864,71.7535678894374,71.48565959503458,71.14649877899882,70.95996153063463,70.82422198857388,70.75089848973785,70.84481337627898,70.71956264414607,70.85670024420035,70.88414590328661,70.74286392619732,70.53028412219595,70.47005421826856,70.43765460362687,70.61658925408928,70.92754589465119,70.90573296598943,71.0295951617827,70.96273365297756,70.75212451789834,70.77895417459372,70.72596789784292,70.58883937050605,70.55585439118046,70.51620402843794,70.62354242979228,70.74650779115053,70.73235012209999,70.61090721188751,70.5445216375504,70.56056722801998,70.63570495862157,70.62051060051056,70.60875850340125,70.57185645738254,70.49034207331599,70.38023297324122,70.25679317595964
57,80.95114977614973,80.93780016280013,80.6626729751729,79.84864672364664,78.44161070411054,78.63281864740172,77.79538054538035,77.15193897537634,76.79856588884351,77.02697039072032,77.1726694601694,77.28407907678736,77.37586604990445,77.6189407814407,77.07644959978282,76.49869251119233,75.81639253992176,75.32732781621654,74.85996133496121,74.5164667277166,74.03297405856925,73.66003094128092,73.49353842614714,73.21431030389368,72.86451444851451,72.67114562787647,72.60485574096695,72.52943884818889,72.69371780837297,72.56494844661518,72.4298917181982,72.45191131206764,72.3787382370717,72.44151149776164,72.377448979592,72.16274151517223,72.19847044847056,72.4125689490822,72.45488570071912,72.58548331298343,72.74264135819033,72.67163994515202,72.57064959158009,72.50552352739881,72.43211154072303,72.31847051901433,72.23232308471704,72.3073000398524,72.31604765227243,72.36509829059861,72.34988139130333,72.36085693153042,72.46782325815389,72.54858944210828,72.54331890331918,72.47214272995542,72.36031710329974,72.31511831080813,72.19025044321675,72.07547966693824
58,76.88465608465607,72.8570512820513,70.53096594763262,70.30396189458692,68.76856837606842,68.33468745760416,68.89163032734457,68.87407598188847,69.82532560032563,69.87656389906394,69.60645234395237,69.5581476393976,69.63250093923165,69.42031186406182,69.5278201736535,69.89549215252336,69.81530531015822,69.71412828426715,69.63973127262595,69.69048890923884,69.4388169370312,69.19659622784607,69.12439547167784,69.06549039309435,68.92184330484308,68.91317057230496,68.82995391097218,68.84095023693216,68.93652214643576,68.96129460046112,69.01025378444723,68.92989306700238,68.84186554186539,68.8065431300724,68.77862055933475,68.8482566815899,69.10173098923092,69.43482731936673,69.71421096709548,70.0772343050467,70.17062983312977,70.12543667751994,70.21653427322038,70.36735671735676,70.45695552389996,70.62490554936213,70.37590839027013,70.3677542268689,70.44801203143042,70.42466605616606,70.31902667049724,70.34328077549235,70.4010321875888,70.57983576779877,70.54300051800051,70.5385418483634,70.41791489050262,70.36022421862937,70.35209113704873,70.25649657441322
59,72.87901404151404,68.99694495319498,69.38513939763943,68.5061876780627,67.15937627187631,67.40133038258047,67.49847520204668,67.42992406898662,67.76355537466658,68.38896520146531,69.199057886558,69.92619641161316,70.25936374878692,70.75102004477013,70.62816374983046,70.37985634157515,70.146331908832,70.18320784154125,69.80341800012862,69.65015313390322,69.61338086516666,69.2791181041181,69.11966873706002,69.04121727038391,68.91358811558814,69.0596989371029,68.81063269720687,68.91716833100764,69.10787089666398,68.99087522045862,69.01814220725518,69.26812217007536,69.3994625744627,69.36147771074255,69.33786353857799,69.3566564351288,69.58584986084999,69.95921307006849,70.04414310760478,70.29902116402131,70.39706252419681,70.28906755722238,70.20017273854496,70.16953729141233,70.16701419979198,70.21434466298592,70.18739034802867,70.32014069071356,70.27154537639225,70.24432417582408,70.2396497202869,70.20636163160194,70.35489062823962,70.37427804534279,70.48378279128278,70.52534794900873,70.42423383958484,70.34603490379365,70.1877927471149,70.06926078551098
60,71.47634310134312,72.2908246845747,74.19651336317996,72.43795405982904,70.52414122914116,69.85001017501015,69.42908235943953,70.0330255392755,71.91102575408131,72.20769841269846,72.23373987123992,72.73143484601822,73.25507615603769,73.49228952264666,73.5300186541853,73.36538970288971,73.1679005362829,72.90686163116719,72.95997579418632,73.11405626780626,73.28188872415062,72.93345497095488,72.80346636053142,72.79759975749545,72.56367175417162,72.25371035659492,72.02075871659201,71.93928099017383,72.19555720460882,72.0543159001491,71.96055099321221,71.823363095238,71.72488237071563,71.88420718714828,71.98260393046098,71.86943879166094,72.00384849134846,72.03313050253838,72.09847635745069,72.24932170838419,72.17352338266969,71.88594455588493,71.86296757721166,71.9684441715691,72.02074379324367,72.0179720541132,71.95099855817935,72.14297426146379,72.37510361898104,72.39107895807882,72.28783507705066,72.23444289862553,72.18724264903504,72.31669304632265,72.39901681651672,72.47447589612759,72.56355855807602,72.55357344603023,72.5675782785951,72.59741207095355
61,72.40357651607651,72.7507733007733,71.22933964183959,70.10568910256407,68.96348290598283,70.08757631257622,71.699252136752,71.54372138278372,72.32811581422676,73.42671550671531,73.85945443445429,73.8140135327634,73.47356454087216,73.32316704459559,73.20004002170667,72.97472082315831,72.65892049127339,72.07492001311442,71.78512413512411,71.5532102157102,71.02960661472557,70.66484811484803,70.51510900532624,70.41050018654168,70.53564346764328,70.74181518268038,70.62916610138817,70.58034115355528,70.65235972520439,70.5432192036357,70.53383256528403,70.43972991707362,70.33901823485147,70.29038356795702,70.15764710157563,70.13864172093335,70.26765391765383,70.41313700918961,70.39124570823284,70.53589234839228,70.49114811340417,70.36710443436625,70.47113692724145,70.61474497724483,70.68435660018987,70.84413808815987,70.9411980749747,71.10218317562072,71.18636475957913,71.26758302808311,71.16648481329861,71.22330967643477,71.33746486741781,71.51559207253663,71.6263450438452,71.9510764615677,71.97307299588016,71.95554836287614,71.81559251326226,71.68381579839942
62,77.96367012617013,79.30873270248271,80.79372710622721,79.9559498371999,77.93352157102161,76.89656762990093,76.49815105529383,75.62820194851433,76.2823780129334,76.04147537647516,76.048233248233,75.53171423483904,75.30879786168227,74.60211712890259,73.96355040021683,73.33000705891313,72.96676123440811,73.07176745579515,73.21446725788819,73.33071555759048,73.53312208074107,73.38265022015017,73.05438388101422,72.81447183218009,72.3028766788766,71.89013278388266,71.48821243913825,71.34650034158958,71.34957247414137,71.33960402252065,71.38259991203535,71.44210800773294,71.30080706330702,71.10749209940379,70.95327388220238,70.7447573260073,70.77002772002774,70.84890605252454,70.73695224528566,70.72212187118444,70.62928181800142,70.22856028451281,70.05178169160745,69.98113772801292,69.94931069958862,69.95260789934716,69.75518265225726,69.69804396028361,69.69895623084405,69.67283465608472,69.49088179431322,69.50937167355433,69.57687220187216,69.83347889250663,70.02197274947267,70.15269801296577,70.34095834315129,70.37895764038001,70.33115182839755,70.25632342965672
63,77.03591778591776,76.01836080586081,74.22156423823094,69.94155219780225,68.73697598697599,69.77675434133768,70.59304247339966,70.1875254375255,70.53824390629953,70.3842328042329,70.68876586376591,70.44488069800575,70.29527018565477,70.28058317344029,69.8249894858228,69.84020941442813,69.58801533433883,69.47675236286348,69.5587312297839,69.73998880748876,70.08821612690657,70.19447473822474,70.24609368087638,70.10421075837753,70.08447720797724,70.5949027112489,70.67029744946413,70.50028907930695,70.78184111546173,70.6978700312033,70.68706985965035,70.78765803062663,70.71536287786276,70.7770483193276,70.77842839699973,70.79052777212488,70.93338970838961,71.16013725553184,71.0853805975599,71.23537444037429,71.19079062310753,70.90897835629958,70.88574244446323,70.82047628297609,70.66780457197105,70.60828920475639,70.42350113440514,70.49371883903108,70.47026955470812,70.51585632885617,70.4275200108532,70.36715790441734,70.31221865136935,70.34792439213717,70.41356051356037,70.41717123815329,70.33902955394171,70.32736200581016,70.30536386871118,70.3007834757833
64,73.65835368335372,75.14157763532765,73.3950634242302,71.05361975986987,68.66596866096877,69.67755307963652,70.37491060526784,70.08725579975591,71.02803328358887,71.06436050061049,71.54518537018544,72.16739290801802,72.08444475752182,71.69589147624868,71.84122167955509,71.78908443986582,71.51175662572736,71.20615814226936,70.9342919263973,70.67265008140018,70.35218157063404,69.76148758648766,69.66169927093848,69.29827978734225,69.0823781033781,68.90491883472646,68.81432302265637,68.63613963747896,68.65399614753069,68.85251763668437,69.14625723738638,69.2888170278796,69.22028480778494,69.19239597548432,69.20921332635623,69.28274954212458,69.39490905740907,69.56550617997988,69.60032716571178,69.60668434574681,69.52318487745313,69.22588413570553,69.12803925187639,69.17958106708093,69.23663399357835,69.43576748332177,69.3101504386078,69.34745063000271,69.52898382796337,69.61134605209597,69.54386107719438,69.48876815847962,69.50033347155981,69.69549331840987,69.74075803825792,69.777181812896,69.70924863797664,69.73829198419705,69.75940705559337,69.74019544498698
65,81.2712912087912,73.88217592592595,71.64671855921858,69.96851088726093,70.7309116809117,71.7328389974223,71.73681027966748,71.03315654253157,72.48689515217293,73.89142043142046,74.88263449513452,74.72336563899067,73.94223842396919,73.61808426361999,73.35914021164017,72.99483141280005,72.27495331465907,71.88814893953773,71.46881439710377,71.49697624135113,71.37079263329255,70.71205021830012,70.33307652492424,70.08500245896069,69.96702401302382,69.84945348454943,69.66321620766051,69.83063423018761,69.967812057036,70.13087979921299,70.40897140493905,70.66427204161575,70.69979357062687,70.65287309368186,70.75617303331589,70.5941993962827,70.74838891088889,70.91825088897451,70.85786110850205,70.98451757732998,70.98349600941052,70.81132963156766,70.8170515423421,70.83742229992221,70.8114006466784,70.75399070534937,70.62000374526961,70.62876221001211,70.55636488417093,70.5482409442409,70.37663747835309,70.40217089712274,70.43805741777436,70.57027417883894,70.53679931179917,70.4921738727541,70.45781833501121,70.4270650007718,70.48600858494922,70.4364424772757
66,72.61678876678874,73.56678876678876,73.54057115723784,70.47602258852247,68.84872812372801,69.2289148351648,70.14849845921268,69.9047409188034,70.78427113010444,71.33749847374845,72.06053206053201,72.12498812915467,72.48063265082486,72.51709038316172,72.39247897164562,72.48985774063895,72.3461744954391,71.89206405734173,71.84605370263256,72.01044134106625,72.03919413919404,71.66446400821386,71.54096790890254,71.48559854497343,71.17370207570197,70.82769246423076,70.77823113100872,70.68182779522041,70.86638334526245,70.97036019535993,71.2197062047866,71.50268795151584,71.39225018808325,71.38846602743632,71.39700084307194,71.21005616040304,71.45322272822237,71.72975654949303,71.6440623597671,71.80977945665407,71.80894792876454,71.60436931895221,71.6030857493062,71.56985317922774,71.4970381675932,71.53070143423353,71.60942671394743,71.73519133258668,71.85230723547005,71.98150447700404,71.8948577294161,72.05601705096848,72.05989039786161,72.08891300743109,72.1219110519106,72.03377876257291,71.97068517090393,71.81823142534304,71.67133337472276,71.54907517636637
67,79.87187627187627,76.65041208791209,75.40451940035277,73.61896494708998,71.9922415547416,73.05012040428703,73.20987484737472,73.41382020757004,73.7632868674534,73.90271367521352,73.98111148111136,74.45260649843978,74.46093461381915,74.48513830745964,74.19739282322608,73.89795736670726,73.68353054897162,73.24598567584668,73.19569195424444,73.3459040496539,73.09484030079254,72.70342920967914,72.46017279821626,72.06752730294392,71.89399430199431,71.71655024106947,71.43253007280785,71.45797284725856,71.54167421020867,71.36930402930405,71.47029093964585,71.56716460622718,71.49201477534821,71.45579466829479,71.13259186580629,70.95882512549196,71.04053504053519,71.0772492127757,71.07847215699795,71.41458167989433,71.54796747967491,71.54746690699079,71.69638739813168,71.83410640285652,71.8743902907793,71.9183269628922,71.73243089652657,71.71173337657702,71.74055717525093,71.63962718762699,71.54127233514475,71.47517796484125,71.6024375868713,71.8020080571004,71.75217597217578,71.7493348995579,71.79825650308088,71.70728732474412,71.63283303325666,71.52364943698268
68,70.0016229141229,71.06623422873415,71.55813152896484,69.0056178774929,67.89300976800988,68.17362213403888,69.19861111111123,69.74611696174199,69.98581320942428,70.02355972730967,69.80790505790502,70.12483041649706,70.04433760683756,69.94544813651949,70.12814441731106,70.54532426485544,70.44370944959178,70.37718367023913,70.1881067519225,70.52633190883189,70.77488419869377,70.71175491175495,70.73281440781435,70.4097654660153,70.01713003662985,69.80756746814419,69.80622936734022,69.75418665329353,70.08422066439287,69.9563344525842,70.02387779484533,69.99973465481261,69.76338430088414,69.80764023558126,69.76925184603739,69.67305883416984,69.80988680988673,69.93501796692578,70.10739931957875,70.35570474664216,70.33925804322136,70.23590203887805,70.11713104939828,70.21621515058987,70.25318839596584,70.15681581904367,70.11969189203184,70.21397760225838,70.17866663759487,70.2011304436301,70.09561107918928,70.09992143718091,70.1963790402468,70.35404371862691,70.54286371036359,70.62957748270233,70.65171448921441,70.57763453819489,70.51467020894987,70.42417243250573
69,75.94334554334559,75.90894892144898,72.42716558133233,72.62962581400093,71.08911375661387,72.00609143942489,72.10473719402297,71.35114150895409,71.83209820015387,71.43221153846159,71.59155242905257,71.67420677316517,71.38144860837177,70.96425809640112,71.23669820919835,71.07508171805058,71.13826492135327,70.82104531271209,70.80415086862467,70.79223366910877,70.3992240343431,70.04652084027087,69.9374557608253,69.75243055555555,69.54761884411883,69.46533295764064,69.09665053739121,68.97420035321817,69.20366528426858,69.20969966761616,69.36469780219758,69.55087616376657,69.4692944401276,69.45035418013349,69.51203485667764,69.29681366729969,69.43086713086701,69.68652212796941,69.52010086304946,69.58361823361808,69.46504536565496,69.12456029420298,69.08914137111788,69.0574715793463,69.03158040519126,69.04548295906964,69.10093848232114,69.07167192375493,69.15788023390043,69.24888034188014,69.28807688317474,69.32726540731323,69.36374893450338,69.57613479627335,69.66121813371784,69.74096504520578,69.834511313897,69.81933725597492,69.75896797803549,69.6229500746164
70,80.3626628001628,76.0909544159544,72.84404083570747,70.66631944444441,69.05499389499384,69.40924484466144,69.87609236002092,70.03118704212457,71.00292531542536,70.9755280830281,71.27823750323755,70.99895366978701,70.73323393131085,70.67830542473395,70.65303283136612,70.91112669159536,70.73548504872024,70.83785810383017,70.71705438810692,70.83064738502232,70.76445554005069,70.44585021460021,70.3872854400028,70.27710283543611,70.19371082621079,69.9763249037287,69.7179566318455,69.81935886534092,69.97483684897472,69.83389007597331,69.86191296755807,69.82223478200032,69.82733331483318,69.81397447868027,69.85042226292214,69.88516356328846,70.24204245454231,70.52800269905518,70.58149752668972,70.92410052910034,70.77581921240439,70.43318167722909,70.30507602862237,70.18691204628699,70.14816612399929,70.1660120374794,70.00977461270018,70.19410177977889,70.26437946973664,70.33382651607653,70.22563214744592,70.15134290566986,70.15469106365333,70.2964456239919,70.48234210234216,70.55488091604158,70.56910608072879,70.62266922094493,70.50583114311908,70.38130240130216
71,75.88715404965409,70.59953194953194,70.30706145706142,69.44059701872207,68.07744607244608,68.97084690001356,69.48299901157037,69.58098290598288,70.32168633835298,70.71464183964184,70.90311910311907,70.58242436575767,70.64219889796811,70.02077373684517,69.85401404151402,69.7080271291209,69.29242979242981,69.23791434902556,69.27674929845993,69.6554993386245,69.61024090547909,69.61396520146516,69.66519195377883,69.33037325328978,69.34888848188831,69.43772189349099,69.48978504348861,69.72587595935795,70.04437128962975,70.15656186406171,70.19097000669564,70.29489262184558,70.18614225280872,70.05367946323808,69.817454212454,69.54300340862818,69.6360394735393,69.78081555384173,69.8086975465179,70.07357549857534,70.22289786771479,70.21955576390083,70.2790000804535,70.42917614792614,70.54217711301047,70.63246303816952,70.57879473757126,70.72186811067006,70.7427754312957,70.80060327635313,70.6799318872848,70.67421789392935,70.86648956389516,71.06938264067897,71.25075128575135,71.49725656288163,71.65361632357259,71.75653375998213,71.82782123714335,71.91350630850641
72,80.20764143264145,75.22183811558814,73.8322768281102,72.7424666768417,69.33855006105004,69.89696784696778,70.81473268794696,71.52401874745624,73.01272102383211,72.32867877492875,72.33726412476423,72.55118581264423,72.54508077392693,72.03549770335489,72.14508987925659,71.76688638329263,71.41993164787283,71.26085334418673,70.99487072381812,70.86353428978431,70.6726129910654,70.469416925667,70.3384633080286,70.28196013091846,69.99354782254785,69.96357933377162,69.69847958968329,69.71183916942837,70.10143467643458,70.03753781712108,69.90503203487066,69.8502095416157,69.72831782415108,69.5616493392228,69.53330280830275,69.42342640641242,69.53733939983928,69.67111020071535,69.71700870354705,69.95662749287737,69.78043271092038,69.41412521561314,69.3396121428096,69.32255811318284,69.49310857866385,69.54223867919497,69.49677647018042,69.51790197649541,69.58227201747572,69.5701197598694,69.45354629031058,69.46647167825019,69.52675058170307,69.65466561901711,69.83136197136167,69.86119005828796,69.85151616577026,69.90910856384967,69.98617785227923,69.9921917819831
73,68.75615079365079,66.78680301180307,66.33404897571562,65.31579797517301,63.62038359788363,65.69916310541306,68.00738196988195,67.72942676536421,69.11461187988964,69.04934930809927,69.60093656343653,69.8832553249221,69.91764738110896,69.54055322983895,69.23757563424235,68.83125953907208,68.60990656946542,68.90975472572696,69.32331175160124,69.74841117216116,70.1460000096905,70.56132548007551,70.55697076675345,70.64764257733023,70.77832153032175,70.70094197113444,70.70669515669526,70.51720285336363,70.68933834364871,70.64002102835447,70.64054511796466,70.68596023478858,70.65646945646968,70.55770412866023,70.53733850805297,70.61380861936436,70.78304774554793,71.00772564423902,71.09327444872336,71.3063306369558,71.22302654436822,70.98418573269771,70.99770423375078,70.94868857993859,71.04852010129792,71.00586622515976,70.84472696334394,70.87150106837595,70.87429034495348,70.89725264550252,70.74014450509534,70.64748178281815,70.6235555325177,70.80397993638728,70.86435610685605,70.95940352636772,70.96209558797271,70.99236602318489,71.03522795471933,70.99973231244056
74,78.93439662189662,77.04017094017097,73.87924297924305,72.65381817256821,70.24200752950755,70.13289326414322,69.95031324495606,69.8035949582824,70.54789716456379,70.91332926332927,71.53775252525263,71.55171279337954,71.37183361510297,71.07528635385792,71.30832587165926,71.66637572496954,71.4474323062559,71.35885960747082,70.92099800784024,70.95056115181124,70.94163178091766,70.70423951048967,70.76750477783109,70.54470072751344,70.2997417582421,70.21909497197989,70.15021009511781,70.20165779987241,70.52755410298542,70.46439645231338,70.5420232843622,70.60879200371407,70.52634418051105,70.36571051497546,70.29433339147646,70.16517701691329,70.20011398761413,70.3286905832959,70.48247824113216,70.54131105006108,70.21240991393434,69.83375644417313,69.7849168488704,69.79272972397973,69.84022124994345,69.95844691741432,69.84191714510867,69.84308724647262,69.81378360868153,69.75889479039472,69.60812713974468,69.69286193685214,69.73167106303872,69.91134523055788,70.04164899914869,70.19366950840133,70.28177914515592,70.25134739940731,70.14448617923146,69.94338403880018
75,82.74483618233623,80.87669922669933,78.9131325464659,75.59648834961335,72.76700040700044,72.88790615248958,72.95555192162344,72.479621998372,73.49576889160222,73.79345492470492,73.65353905353895,73.98866673449993,73.83647545474459,73.46867441421001,73.77825837742505,73.67149661680915,73.24873590461831,72.7652842784788,72.42359799070331,72.39164835164844,72.14864938853044,71.653910903911,71.664318451275,71.42480476699234,71.04227614977627,70.88667504148289,70.62105209605228,70.63129887638833,70.78845381948851,70.7103759666262,70.83191621699707,70.98081740308325,71.09777645194337,71.20399847973403,71.29160154660178,71.24194676208582,71.5146275396277,71.63077217616711,71.54320452814058,71.68361696174219,71.66932147572412,71.41790087117488,71.37983312983337,71.2881523569026,71.28625627458985,71.46322397409376,71.42093172784695,71.45610829178574,71.48241488292551,71.41547049247087,71.22452366986715,71.39307414451683,71.49432791178108,71.5409595034598,71.60552928552957,71.68270030234338,71.68166275732086,71.57990224973003,71.52493248277166,71.4675925078011
76,75.72289886039887,72.44361518111523,71.24588760005426,70.34447242572237,68.96286528286524,68.98426943426949,69.8693237978953,71.20948692511203,71.98584147334152,72.40253713878718,72.65713083213086,72.77399479378634,72.62787835383973,72.09739774114763,72.03220662053981,71.83071422212035,71.8559242500418,71.5000525708858,70.97652651928956,70.81902116402107,70.50013687811303,69.99818561068558,69.59906102351749,69.15222599545503,69.01699389499375,69.3040246078707,69.3228240552314,69.45596546310823,69.4473350244901,69.36061745353402,69.53758697992559,69.560692186864,69.57889533306187,69.63431941152521,69.5610615442757,69.53742312214521,69.93141658141647,70.07991934965608,70.15413731567573,70.21564598595845,70.0617178891569,69.925973893831,70.0226928755997,69.98606520793993,69.94992967937378,70.15720954769837,70.18540383965887,70.3101212734023,70.41051431561611,70.5444596052094,70.47885463302109,70.49199187564551,70.45878583331393,70.62834126607257,70.67775446775417,70.52353988603956,70.39911709473073,70.42048185690383,70.34261570193732,70.2663106261019
77,81.1510683760684,77.69907153032156,73.92744878578213,71.97145019332518,71.2921398046398,72.4120904558404,73.78525422989705,74.11074862637352,74.45854022520682,74.66267348392347,75.23963443963447,75.76608626712799,75.7832644563415,75.30285917785918,74.9702292768959,74.62276499542125,74.38708910914791,74.01328319314429,73.68294186320503,73.36786630036627,73.32132149155953,72.88700049950037,72.77867981454926,72.41488561592719,72.09049348799338,71.86819135280668,71.44180723254787,71.24448514448503,71.31957970190722,71.24080365622028,71.10171235574455,71.09448069291814,71.08115881032549,71.10811142833202,70.90843900808187,70.71866492560943,70.93328149578151,71.10758787995634,71.06688529893661,71.1539636752137,71.10024134627798,70.99094763261434,71.03364177811855,71.02380755818251,71.0002302943969,71.00311631806191,70.99708799868368,71.20204295126173,71.26099877069275,71.2111041921043,71.00922943251389,71.06023312513705,71.09217378533425,71.18186841450736,71.163503903504,71.1889277719636,71.12337628258696,71.22672992716107,71.13555769403243,71.0350662223581
78,71.12396214896215,70.83059879934883,68.97189153439156,68.35619149369148,67.34629426129426,68.17388753222089,69.72783228676082,71.10745255901496,72.10997998914657,72.58284645909647,72.77911301661305,72.27836284086294,72.17640532544385,72.2092926914356,72.16685185185194,71.62502130392767,71.26902667049738,70.99225455614359,70.69458073602821,70.53456654456664,70.53843731224694,70.18427590927607,69.81705508662043,69.31561567290751,68.99491676841696,68.79980726182669,68.59600385896695,68.57129502442014,68.71430799404949,68.93809998643343,69.11801058857516,68.99226937703509,68.95332337415672,68.8774452943571,68.74072751322754,68.60298495229056,68.78621354871362,68.922281531821,69.1266170439247,69.40734292328038,69.47812161867034,69.47361922689295,69.63553847100344,69.7124588374587,69.70808483697358,69.90118428270593,69.97842551459563,70.13052227479305,70.26229172377136,70.3327475579976,70.15383168937097,70.09198267900197,70.16385922777437,70.47297159287902,70.6285176860178,70.79701681420445,70.83479728523598,70.71239412726494,70.60382821823512,70.37884683218036
79,80.8565374440374,77.7332137769638,76.84743928910592,75.2188326719577,73.97088726088731,74.96951651743322,75.44102055352063,76.18552795584051,76.47644202505319,76.83967643467659,77.43882460132481,77.74393484601842,77.45294096928731,76.62602658584815,75.92601580518256,75.47788111772495,74.74860183389598,74.28388702347036,73.848658237474,74.08630570818067,73.88866528092728,73.63964137714146,73.51029224398803,73.64968542260216,73.50484371184379,73.05362386900859,72.88974170548254,72.78418658061526,72.79783131938318,72.728801214218,72.81241285596138,72.9771683900591,72.95742189908863,72.77923235533538,72.53712483283923,72.42135960747085,72.52933427933442,72.68901272947338,72.78363923588294,72.94700396825414,72.95484144356116,72.91883794115948,72.9821208507256,73.018788965664,73.10962069823178,73.29174297924305,73.29266500835668,73.38987724274205,73.50182693345975,73.61101719576723,73.69577637322739,73.69760887260891,73.66841129694907,73.802120547491,73.86661902911906,73.93990975129373,73.8387915122564,73.73097387127557,73.5449470727013,73.43319970153297
80,72.87019230769228,73.19415954415952,72.99047958214615,73.10071352258842,73.13799755799745,74.5740172636005,74.94425911390198,75.28535561660564,75.9957440193551,76.13444393569394,76.60537656787659,77.15459444105272,77.09245249052938,77.04642166695726,76.9593813593813,76.76100522741143,76.86765813162867,76.82334938723822,76.51831849923951,76.33430962555963,76.30350722910242,76.02689995189994,76.27413999044443,76.26307404015743,75.99449328449333,75.83606473654555,75.38048640317169,75.23701414326425,75.33378980534162,74.9074786324787,74.78133935956515,74.66902408933656,74.55714763631423,74.52095064521522,74.43693223443208,74.45045335323101,74.60505931755915,74.9047734185891,74.97164028990944,75.38846624440363,75.47537337323914,75.49851323720365,75.5624887601631,75.55497604247611,75.47512888346233,75.31333280246338,75.32226357173182,75.25282208146803,75.1222147467046,75.08146357346364,74.86617238063326,74.74566378244272,74.83076519916153,74.86545028188557,74.87930458430475,74.87988854729943,74.72278961292135,74.66148249898262,74.53814421611044,74.37274029982376
81,68.02682641432641,70.89872049247045,70.43108804775468,69.86073717948715,69.41326923076922,69.88658679283682,70.39654921797786,69.74552108770865,69.66807251390595,69.45717287342293,70.1423766048767,70.21915191290212,70.83368515387762,71.22471110238983,71.60031372948053,71.89578532000414,71.60849254231611,71.42550733731292,71.39244371612793,71.25527803215299,71.25271236699803,70.96636696636699,70.70612889525944,70.56409599274188,70.19498901098903,70.04028619172853,69.91954204917172,70.04972854526423,70.07482579680857,69.9074660832994,70.00924301206554,70.01992537265976,69.85703293619963,69.79719020086657,69.78786542822252,69.64036200425082,69.95466386716379,70.1592561799798,70.25335123091529,70.53268925518921,70.51203802972091,70.26874600267456,70.31288392916295,70.3817133098383,70.3150437525438,70.33058574879227,70.29865105343832,70.26762385955108,70.30942600483424,70.30411111111117,70.23950677136955,70.28825931013425,70.23445248846183,70.33513628860834,70.36732767232759,70.40490417320765,70.44463259287814,70.47216196160156,70.52813364444715,70.51760853344176
82,78.50863858363854,74.47045431420428,75.08805284221951,74.10232117419626,73.59653133903143,73.92686881020228,73.40089976161407,73.14833638583644,73.05709254737039,73.38019434269437,73.06598170348173,73.14455509768011,73.75990263297955,73.64219104308387,73.7703632478631,73.47559301231159,73.0254934879934,72.77240254601357,72.73396632607147,72.93144815832305,73.23361629552106,73.1452676952676,72.92544194935495,72.43244959130378,72.14875763125758,71.80044907016057,71.33987586487588,71.13953609221467,71.2292115770564,71.31268569393566,71.32555503039369,71.48833085317453,71.44220285886945,71.50206762192049,71.70025161346575,71.64093138086177,71.84725687225675,72.19142219865891,72.08692746000432,72.08031733312977,71.96453872459968,71.59841294067486,71.41525423327752,71.3877812002813,71.43076561298783,71.40090026720449,71.19052457589672,71.18736412121805,71.17037525022192,71.25867724867709,71.10972501536213,71.0345594220593,71.05511678223937,71.12091812508476,71.12624320124321,71.07019993894995,71.05306124999115,70.99061013220499,70.82250203500209,70.80744853140688
83,76.90236568986573,72.71996591371594,72.58348087098094,69.7386993793244,67.87878917378917,67.32937186270519,66.63586182336188,66.31136357855102,66.89748451137335,67.10988146113144,67.67330354830355,67.5262862908696,67.76693317366396,67.39063172277461,67.32083909917243,67.27964838980466,67.17284349637296,67.0280898114232,66.98560075402187,67.30524140211645,67.13691881310935,66.99288373663376,67.21289151669583,67.28929610127527,66.97704863654869,66.82648202936676,66.69359388896437,66.50098261526838,66.78271318400633,66.99559337267677,67.1757465503434,67.27879718660976,67.18974405224411,67.14701438267622,67.11733065875934,67.03282161511342,67.2856627231628,67.59554856693023,67.68632074241057,67.91138876170139,68.03617836544673,67.91102183751003,68.0756553416438,68.1114994958745,68.19294645683549,68.40965354090366,68.3011503173739,68.28960431929195,68.46689934215462,68.57389346764359,68.49102673833082,68.50625195673292,68.54760272920667,68.8082214082215,69.07515706515717,69.31406468035942,69.42639977793505,69.45999045654237,69.4703815801275,69.35553944512289
84,71.50622710622709,68.33264143264137,66.49538393705059,67.12332875457875,67.72243691493689,69.41761463844796,70.14031193674052,70.39218877187635,71.4299196174197,71.38220085470087,71.8510484885485,71.8247820851988,71.40657305657312,71.22867535903248,71.24184642517979,71.34483204873828,71.5420272809979,71.14342185592183,71.01734384037015,70.92014423076918,70.86661094637286,70.60031496281496,70.50037116667544,70.22841138414037,69.94136365486352,69.79019833442902,69.52364728892499,69.48322377027726,69.64794359535736,69.60558981142319,69.59421288090643,69.6125416539479,69.64106310356304,69.62736374464308,69.55630051165757,69.45132345792061,69.76057706057698,70.12926988946724,70.26460740114587,70.51871731277983,70.61965638246123,70.51811539430587,70.57741774805729,70.62401984589478,70.89211289739058,71.12424870821594,71.24492007204759,71.47373564899588,71.67850923641723,71.79874033374014,71.73020910643436,71.76963052972648,71.82473304996873,71.94539825743509,71.98077219077197,71.92634219285976,71.86915499218104,71.86727944788264,71.89385463876965,71.92541700583341
85,75.40781949531953,76.0008648758649,73.67907000407001,70.81119505494509,68.98112840862842,70.14129273504274,70.55813637420792,71.11022842897849,71.52607233301688,72.17262820512836,72.62654428904452,72.70443800027157,72.81703609780554,72.878970797721,72.56866639533321,72.84330452533597,72.27769817328662,72.0332556075614,72.02489637555443,72.29109712047229,72.64075769909127,72.78829688829708,72.7495264196353,72.78158937898544,72.56411436711451,72.27213279953675,71.97097823301537,71.79267944357241,72.11820870700191,72.08594576719584,72.07854418580231,72.4355630914225,72.39399443149448,72.2639291400322,71.97289420896576,71.81266096300828,71.9447875072876,72.19207406871897,72.20073273118165,72.3318908984536,72.36887489204592,72.12783991801876,72.01655071887649,71.94768102268111,71.95151675485013,71.9280555997948,71.76101607218638,71.69013532763533,71.59928338856915,71.70796499796501,71.4831177627746,71.38722468770533,71.42996338916127,71.4572754149141,71.43392006141985,71.43788665038643,71.4307809231053,71.3314242031912,71.20290832833186,71.09365104802586
86,74.70577940577942,72.874676943427,74.19129527879531,74.33247100122097,73.21592287342288,74.36162834079501,75.23345034595039,74.52794630138378,74.12429509790617,74.18877950752947,74.84662837162841,75.18646808438483,75.61378244262863,75.5981368829584,75.60181895265235,75.54072547822564,75.00271253800682,74.64730786189136,74.62525062656657,74.55098494098502,74.1917718084385,73.61660515410513,73.50061647289907,73.3403492148283,73.00429242979241,72.73870260793332,72.27405805785423,71.91628819262738,72.00511750382432,71.91669380002706,72.11528286528282,72.12096115689862,72.22098595848591,72.10156276185684,71.91746991104131,71.82028798105182,71.805711068211,71.96278382923113,71.91204825563791,72.03957722832716,71.8615037176012,71.57413597205253,71.37754753859393,71.34247962685457,71.28526455026449,71.306461242059,71.2054945054945,71.10577166853203,71.1738847981194,71.15382712657704,71.04356749822425,71.05972388544498,71.04946110842334,71.04704029680879,70.99461066711069,70.99705515218906,70.98578738512951,70.99520993852887,71.00950992667096,70.89356328856327
87,73.09050162800159,71.62991961741959,72.38142891059559,71.46804665242158,70.20419922669915,69.75594474969466,69.80916114308954,69.30832760988993,69.90197112558207,69.9242470492469,70.23920246420228,70.74814263668424,70.71574582824586,70.41646171289037,70.43915445665449,71.00001144688649,70.86152589240832,71.01070071903412,71.19420747381281,71.5752841371592,71.73715986394568,71.2813024938026,71.03381598272911,70.63619208723387,70.34394973544978,70.17256054131055,69.98694904204162,69.8519884877028,69.97865177606556,70.04920634920624,70.02239240747289,70.18370170049842,70.27007406174057,70.25618880030629,70.29043563579262,70.1042025618413,70.2716055341054,70.3887492502623,70.3638504064785,70.45937245624735,70.47750888452094,70.21215853150366,70.09484493757739,70.10024928774921,70.03136322525204,69.99163757940917,69.9209061820763,70.00830015856043,70.05039879810273,70.10636670736656,70.01077872744521,70.05046100623004,70.08425273189407,70.14278864996444,70.16834360084349,70.1908602062618,70.17681641782498,70.2692498035168,70.2548711567777,70.14664224664203
88,75.27080789580789,70.03935439560436,70.09644892144895,68.18040674603182,67.69375559625567,67.24387125220463,68.26524434560152,68.06201605107856,68.82757484285264,68.85910052910057,69.08564722314726,69.52933752204598,69.6362261669955,69.31418578115007,69.0882621082621,69.168286719068,69.02422011539667,68.8164532740922,68.7999435019172,68.96374567562066,69.29293878520072,69.44575493950508,69.61439586983074,69.65908458825146,69.65551872201885,69.74816928086172,69.5393537361131,69.60201265335205,69.79431936199187,69.66592948717954,69.70222209093183,69.80473392348401,69.70560226810231,69.60413928391868,69.41685577649864,69.30358852824129,69.64250995500996,70.04967172204016,70.24414128132076,70.55938631969886,70.66102400309721,70.51076043665337,70.55816201455748,70.6039675602176,70.56831547053777,70.60086255330827,70.43853579438694,70.46798973595868,70.67132567923404,70.74867836792858,70.61517303502612,70.62227251025338,70.69490174395848,70.75685541310558,70.85721916971929,70.91602155285207,70.84025510714126,70.73861381275192,70.71673866779818,70.54865325261179
89,71.48665547415547,74.54896214896212,73.38025200108535,72.07135225885231,71.7909574684575,72.8576745014245,72.87766948659804,72.98383190883192,73.21283181838736,73.74817612942607,74.65485902985904,74.727141415683,75.21139248927702,75.38229511890208,75.36958214624862,75.5238098417784,75.46520924609145,74.98416400985829,74.89415365336403,74.99261167073644,75.19334166715089,74.7776894401891,74.43652076586825,74.06769264685896,73.75267521367479,73.71214563570294,73.33514015134351,73.2368615181112,73.22302289026392,73.04070054945018,73.08827051085083,73.06367600859762,72.8688391855056,72.91133376427473,72.84087795802058,72.81883719418423,73.1199050699049,73.26855640704305,73.19664276843744,73.32703462047195,73.09899714107003,72.88296679070457,72.83354558877797,72.89961566211545,72.91388617555266,72.92010161738396,72.69716377003589,72.64105245641679,72.57952268819596,72.53999867724858,72.40361502150702,72.36117617247417,72.42637180255102,72.77493612354725,72.90425278425272,72.94216851270417,72.82729598212045,72.74685864103961,72.60724952229184,72.42764389160214
90,76.99266890516887,72.29872812372807,72.14024725274719,71.75290369352868,70.85824481074482,71.08264228055891,70.76759477295184,70.62939560439557,71.29060394338167,72.18460826210823,72.2749444999445,72.2951956993624,72.51227536708309,72.8679588929589,73.0652604802604,73.33375527828649,73.36582393641216,73.3222394632117,73.29612332112332,73.10974842287345,72.93563433920576,72.64042809042809,72.27247615508485,71.75155465676302,71.61909381359384,71.33180669046064,70.824943849018,70.69805784493289,70.67482649853345,70.65102207977208,70.69975021991155,70.76149919235857,70.58344911261581,70.41048893916549,70.34608305715453,70.2380774318275,70.50278561528573,70.82013179315824,70.93758622668884,71.15804754273506,71.07142149855567,70.83132873519779,70.83249708947382,70.80406942594442,70.87023696468128,71.06108810674014,71.17923875769618,71.33135927536966,71.46373491398995,71.63764743589736,71.58674355782192,71.59277496008258,71.6291827930979,71.7145687303094,71.66790376290368,71.5835590913715,71.59153269569929,71.57600364195184,71.54797172381909,71.50800993759313
91,76.92007020757022,73.28353428978433,71.31729582146255,70.36920533170533,70.23273300773305,71.20406576448248,71.53536833536835,72.48594703907206,73.17478010672455,73.13147130647133,73.38934537684547,74.07383920092259,74.25008022604185,74.23823841502413,74.6180633563967,74.98679856023605,74.35997031291149,74.0976382670827,73.87380363301416,73.7820795177046,73.69792502471087,73.25353419728428,72.80894272796452,72.53038787986716,72.17455413105422,71.94711499326891,71.6775036177815,71.67484228734241,71.80358283160021,71.69566137566149,71.71790686911663,71.77760814128006,71.71586854503522,71.6418947066006,71.59604729926157,71.49197544996156,71.66338852588855,71.9585571835572,72.02890759525377,72.08128561253561,72.02228463722378,71.86755649553268,71.8688448287286,71.81325896325895,71.71580484330492,71.75538434994958,71.69382290286543,71.91745374609957,72.09040922229697,72.20771509971497,72.11467296320217,72.05258768119319,72.09679919137446,72.19795623615045,72.35704721204696,72.50068699488311,72.45851987518623,72.3274801587299,72.1910628919101,72.0762481345812
92,76.46445360195355,76.51169617419616,77.8317341609008,77.13831781644284,76.7470970695971,77.29180318138644,77.34420678527809,76.40659277065514,77.48364254058683,77.64143213268197,78.05764605764587,77.73666225749544,77.57413316740228,77.41374425838696,77.29655541988863,77.19251151048013,76.82283062797761,76.61740633337844,76.53661182871694,76.6509388990638,76.89736636819958,76.63976509601497,76.28943612747939,76.07928092355152,75.60577431827396,75.24244309821195,74.91881528964825,74.6670525902665,74.89221945040869,74.6706574752404,74.52688877729155,74.49101562499958,74.4341339216335,74.25711158394944,74.19134499098745,74.01456792949807,74.17211098461057,74.14033601632242,74.17455243000069,74.17568719474917,74.15040067204654,74.03807888539984,73.97874109094984,74.0082697395192,73.89629968796582,73.97239331722976,73.84559302990102,73.77731810049477,73.80820573039918,73.76680107855073,73.59494950401776,73.52202537490965,73.37955187719308,73.43849592622712,73.3724340474337,73.30431629382491,73.35367433898098,73.269162701921,73.16356647903234,73.04864350156002
93,79.88555657305658,80.44182692307689,77.27143196309862,74.13888252950754,73.41999898249901,74.0726800976802,74.76007398685975,74.33023631461134,75.49587572920908,75.1818772893773,75.3739709364708,75.76318469339292,75.4053532293916,74.87212446944575,74.96873931623924,74.94007236975982,74.31861907156019,73.9749081422692,73.60841339459756,73.1840623728123,73.2272828362114,72.76577750952748,72.29620693316343,72.22254358296023,71.83811884411867,71.5263133590055,71.3178322706099,71.11118778708047,71.18456205352744,71.26026607651596,71.18690558246996,71.21132415038657,71.24017433184092,71.1692879288467,71.35869832548397,71.32116458644232,71.60883809633806,71.81714730201568,71.83265199899812,72.12116465710218,72.2247064137309,71.96966538752267,72.13672835562387,72.21309812872323,72.2241537783205,72.2919773362709,72.155642151387,72.11110326787428,72.04984228734239,72.01095492470502,71.88712681653871,71.93714103738152,71.96601642592222,72.01491694176899,72.1792431642434,72.24809890836697,72.16306676591782,72.09421208580711,72.0091510419902,71.8601249830418
94,74.51519637769641,73.56824888074888,72.77910392077052,70.2845848595848,69.57968559218556,70.38237009903672,69.8988458631316,69.73220454314205,70.57336238864009,70.36719424094423,70.93856883856874,70.72130604734762,71.11878815628812,71.18480689284257,71.45180945597612,71.34677929131055,70.9591997055233,70.6329709899155,70.5119101171733,70.49269510582016,70.2811948853616,69.9585467772968,69.86163357576409,69.72549603174605,69.41446113146124,69.13568239097091,68.95769456880574,68.89699582824589,69.0587077035353,69.13683743725407,69.25471660955535,69.35375410180106,69.44809881476561,69.44545715722202,69.27639252282123,69.22519643422433,69.37706387706403,69.73506241565468,69.92095882512564,70.12875254375275,70.1960802634585,70.01080355931566,69.99842772430009,70.2790222508975,70.43092219508901,70.66765563341669,70.7364301085049,70.90125142026211,70.9845350228007,71.09652096052136,70.9287966753657,70.86203263438878,70.86126162446956,71.12982493329743,71.24709484959513,71.34447269826767,71.33408271390752,71.26703208987722,71.20263291322645,71.11758402862601
95,80.30915242165244,75.22286833536837,72.1994437661105,70.49563237688241,70.0452767602768,72.05112518654185,71.15812983312982,71.10821822853066,71.35245500384386,71.52303062678057,71.4231999481999,71.6981583231583,71.91769356000115,71.85703529274953,72.17398182064844,72.14466575091572,72.11888691373977,71.80596170804495,71.408249523381,71.49910765160759,71.4813511444464,71.1337301587302,70.73898909061957,70.28438072344325,70.02787037037044,69.73175992454841,69.56779816548347,69.55284500552364,69.80254761203038,69.83452957536292,69.63365204091005,69.5862893327736,69.4787952787952,69.64581313294542,69.75747339961617,69.84824523470346,69.93889975139959,69.92201483944895,69.83042132369047,70.02469971001211,70.11028110326886,69.81962069015637,69.83220426214619,69.79312678062679,69.71105209605217,69.7607013457558,69.58513799045734,69.73245785849967,69.67040338724027,69.69059798534813,69.54659366595655,69.53779683635466,69.43681904224377,69.58208124180364,69.5999167499169,69.58543583565925,69.5704881862779,69.63821926796086,69.67832498637597,69.58768077601431
96,72.74533475783477,73.66083384208389,73.95062067562068,74.96053367928364,73.30228937728936,72.71588403880071,73.60114396185818,74.28580013736261,75.50861371139149,76.19462098087095,76.99458088208087,77.1242483211233,76.99077009173158,76.51608741787308,76.64759394926055,76.32954822954818,76.3445704350115,76.35719260163702,76.19556316003683,76.42384411884402,76.52708103184285,76.40768328893328,76.36113544265717,75.99764151743327,76.00127187627194,76.08685838733926,75.86175741268347,75.73440952235609,75.7099748431646,75.50740605073946,75.4597123754383,75.24706323768842,74.98687716604404,74.96230517848183,74.67646607360912,74.34483915004769,74.19939499939518,74.14619106527022,73.99926126817168,73.99874160561674,73.8580167912487,73.65225037308387,73.63874075967111,73.57026607651622,73.54578833717737,73.68383224062576,73.50269280561837,73.50327868504961,73.44461420099184,73.53165527065536,73.3674842586608,73.18612353636398,73.21497406332325,73.29925411522659,73.40716514966537,73.3607985020934,73.29207241751132,73.338785472191,73.30678819767849,73.22339234839278
97,71.8129019129019,72.70969678469675,73.08062678062677,69.65123117623114,68.37178774928776,68.52600223850222,68.01725609047035,67.74812843406588,68.4732595079817,68.36749491249492,68.52871711621704,68.57124711708049,68.47231731943278,68.67651825687545,69.32710249626923,70.09730584808723,70.35932180564545,70.3609098720211,70.20798443758979,70.34124135124141,70.73195728433832,70.68272884522892,70.63524888959691,70.271483050129,70.14615710215716,69.90167848533244,69.6618261882152,69.59598850223855,69.61038324702116,69.49141619183281,69.54457475021982,69.7219902637871,69.75345133261796,69.78253564246207,69.79432016396294,69.61870760412422,69.64911972411966,69.8931403026797,70.02582026235868,70.14870599308095,70.16262321689149,69.99403877647927,70.08716505286266,70.02295586358086,70.15973398001174,70.16070090336389,69.91090306462638,69.94393675383256,69.93440825047965,70.05797232397231,69.98698616198614,69.93065035925608,69.96003054422857,70.12226942296373,70.10747419247399,70.12087666797468,70.13302040714295,70.03060616745928,69.99374995688515,69.85165869624159
98,79.94407814407813,77.18035714285715,76.12714523131193,73.53063186813189,72.16404660154666,72.41540411748753,72.51533737426602,72.61305517399276,74.04412845385076,74.45707061457067,74.98320892070899,74.8086504544838,74.45376749319053,73.91380240130238,73.610760412427,73.40379973036218,73.01050061050054,72.43616142088358,72.24293961399223,72.27917124542122,72.36125501482647,71.90682118807126,71.84785263046142,71.74823209198219,71.63980301180308,71.57697669139988,71.36443212137664,71.22129066370137,71.41268437820163,71.35022605480945,71.247430974044,71.32583085317474,71.31055256471934,71.20086786851502,71.01109730216879,70.76575105707056,70.91819126819131,70.99623149754733,70.94484361792058,71.1575424806675,71.17959116312771,71.0327056321104,71.11717411572056,71.12854090354085,71.18784674173548,71.25288826511638,71.21633543761186,71.17654056013421,71.15066718995286,71.1222867317867,71.02875008977955,70.9770419484363,70.85058515907582,70.94991209921785,70.99484598734617,71.03358334786925,71.04379672471792,70.93050853999142,70.96158847430041,70.96522393501579
99,73.43381155881151,74.58380647130645,74.93017738434399,72.6648936711436,71.6506318681318,72.66998795957124,73.52913396127677,73.73982244607244,74.42190397051507,74.92405067155065,74.49223045473046,73.80955009496678,73.25167261513418,72.64231859410435,72.53079331162677,72.53735786782674,72.30412207618096,71.79987507348628,71.4824052653001,71.88418599918609,71.92103077698322,71.66254509379506,71.6271544478065,71.30810036799612,70.96862189662181,70.69289862559077,70.37346244290676,70.23811831356461,70.40497242221367,70.37947293447276,70.26964302125579,70.37923852767587,70.35441795858448,70.23154776868002,70.04793607186458,69.87511870845204,69.89205757955753,69.90910998114943,69.8442435532179,70.08773606023607,70.16096332529257,70.01012692113883,70.07646141541491,70.18056434306439,70.30526500248726,70.47884936118635,70.59184667775091,70.63860642636683,70.69984353326194,70.70833760683777,70.61172669922684,70.62972110688477,70.65754429009165,70.75269845038386,70.73115958115984,70.74794092316435,70.6299545159197,70.59863146113177,70.51948436842538,70.43874796499833
