,0,1,2,3,4,5,6,7,8,9,10,11,12,13,14,15,16,17,18,19,20,21,22,23,24,25,26,27,28,29,30,31,32,33,34,35,36,37,38,39,40,41,42,43,44,45,46,47,48,49,50,51,52,53,54,55,56,57,58,59
0,62.115913715913685,64.291452991453,64.25242504409171,62.49912367724866,60.916832519332466,62.1272139126305,62.814915111343645,63.94984801078551,64.67422217699996,64.74512006512013,64.30684361934364,64.40950049179223,64.40123782912256,64.06537916448634,64.20856362773029,64.38191709910464,64.14969175704475,64.13425191064078,63.892909624488546,63.72582061457056,64.02037279299181,63.796784234284196,63.45646046787349,63.10398394044226,63.0494798534798,63.05247859334396,63.0778476838662,63.16532847113211,63.45103276353288,63.534457502374295,63.565352941562736,63.52536884411895,63.50348571181913,63.52834503459514,63.33995275888147,63.1389205444763,63.164406026906235,63.341345618319544,63.50481865001117,63.70175226393998,63.64676819341474,63.55622831753799,63.61739926739947,63.9028039090541,64.14851026545489,64.3547559324735,64.52460674668141,64.72089088573493,64.94440011047183,65.05202279202321,64.97456816059795,64.98985747158868,65.03361477795482,65.16798555525448,65.35224617974647,65.3115003960989,65.25920990153476,65.30203842294388,65.11456613066812,64.91905948989316
1,69.5165242165242,69.53450091575088,69.62988061321391,67.73920685795686,67.21975986975988,67.09390940849276,67.33330280830286,67.07772245115994,67.22294747433632,66.81477157102152,66.28661292411286,66.27998278727434,66.01930082026226,65.65879956683528,65.03098901098905,65.06151238807489,64.92953955086311,64.78463177768741,64.7408491849282,64.81630112942618,64.74383563966906,64.5001480001481,64.30979101413885,63.82360305589476,63.663607244607306,63.60426528599612,63.464583804398714,63.13494607244614,63.27224467741719,63.10780033238384,63.081889302454016,63.04921493437137,62.919865165698724,62.84451926069594,62.516740217454775,62.24620669967922,62.39110346610377,62.75669033695372,62.95295779718882,63.40176574582852,63.47285344510979,63.446987106808734,63.48209245534845,63.50037624412643,63.52308042780275,63.64023475518051,63.584577823673605,63.623389486670796,63.85040243203513,63.981430606430656,63.88147689275145,63.89669263250999,63.88882899071584,64.01337684092324,64.04357864357873,64.01479809872669,63.859892519760955,63.763228214952335,63.60733825182979,63.45472663139333
2,66.66512006512008,64.85648656898654,63.03967066883733,61.27243208180701,59.519590964590904,59.877182539682494,61.61507573114711,62.027120217745164,63.58132716049379,63.979396621896576,64.2979825729825,64.73821649029972,65.24208110265788,65.03381555613683,64.88151200651194,64.82013380138368,64.42347045655858,64.24085210057417,64.16795969624901,64.36556115181101,64.38443102312134,63.916630129130034,63.701489311815315,63.297528108465514,63.154015059014895,62.96430939075161,62.646454951084536,62.39582406680624,62.57848318667289,62.46837589879257,62.6193233290008,62.687819717897895,62.52554960471631,62.5508606861548,62.45715361358214,62.33732250260025,62.57980040480036,62.867918996208395,62.91118298842649,63.02516178266167,62.851467683174896,62.54407002829607,62.483760328818335,62.48270306082796,62.489787455342935,62.51449054166438,62.419338581040634,62.676873261769124,62.841804236957266,63.109225376475344,63.244199944935225,63.418949195391455,63.60241522104727,64.0309994874809,64.28338263588257,64.51737055933474,64.59399004991103,64.67455036980888,64.76780152521671,64.72413554809384
3,74.4600732600733,71.08607549857545,68.23472222222217,65.4619187525437,62.621354293854196,63.16465540632199,63.05009956974238,62.3096357346357,63.390993985438435,63.785240130240176,64.00107300107298,64.70631740944238,64.84112504304807,64.38320759927893,64.1366463166462,63.51296582468448,63.06381167851747,63.06190843621386,63.18641047062084,63.41964107651598,63.576211795259326,63.008748196248085,62.64283988957889,62.09372159476311,61.86613471713463,61.62165281299899,61.491899561344134,61.48798585673595,61.81123373752697,61.62379595712935,61.737041468089906,61.83103091931222,61.77649973483314,61.67892396274759,61.59556122448989,61.47698101795336,61.76648832898849,61.928194016023085,62.01793893428521,62.46120561151825,62.637231478999965,62.60421293873697,62.8247840768192,63.01023305398328,63.15791570569373,63.46969660774031,63.61749181669418,63.684079606735985,63.71578850099272,63.74678764753781,63.64952596423196,63.708319538367654,63.64661575321958,63.7296116349358,63.9785260110261,64.14426556413164,64.12576089440125,64.11756338329617,64.11546834364636,64.08124737145577
4,69.39020655270652,66.23049959299951,64.7257648215981,63.051321479446436,60.31143264143261,61.39726292226291,61.526218820861665,61.6818325193325,63.00463584769142,63.401886446886465,63.797463647463694,63.66662893433736,63.06556306940926,62.78038003663014,62.48154117487461,62.488270439051774,62.38060702913651,62.19978067200296,61.96803279566451,62.62285841473351,62.95458674922966,62.93331968956981,62.9633699633701,62.895385208927,62.706135124135294,62.71210963182134,62.514229751730014,62.61472651026253,62.8536659859939,62.88976512684876,62.8644480221096,63.00798563415782,63.09152298318996,62.95008753501431,62.91686144543317,62.75019883665744,62.98028179278206,63.18083670715279,63.22356388862824,63.566637031949746,63.521544715447355,63.330912407698364,63.46263286670289,63.51804329929359,63.54242120019926,63.610437016687236,63.562787606404946,63.5731098858706,63.6447126286415,63.67632763532797,63.49405939013813,63.51443403462666,63.467295885456565,63.64517987156901,63.77739325489349,63.81021062271087,63.77263288206294,63.7476485200625,63.77673139007905,63.73678427282613
5,66.23700651200653,68.09526862026871,67.71827431827442,64.54673636548647,62.02021774521787,62.42468203093212,62.5327613524043,62.55897499491259,63.34483109483117,63.671552706552816,64.27757196507204,64.46311431623946,64.26278333489891,64.30099024652608,64.11911443494783,64.00743729649987,63.884060248030906,64.37637984443549,64.41255328492174,64.74917073667078,64.99278470647525,64.94810837310841,64.70944882412284,64.34534959639139,63.98651505901515,63.710737962180275,63.53421968977532,63.47214772661205,63.65755143643082,63.692063661647026,63.572031851064075,63.672166736619836,63.566849200182475,63.42816562522443,63.18436914936917,63.039416434902556,63.03643313643321,63.1303604899001,63.1417907235216,63.05954225172986,62.97064521973063,62.80615006686442,62.90748442986816,63.12575688200691,63.0904973318863,63.12521865212091,63.006578360567815,63.120687385531255,63.111229058167915,63.08831613756615,62.9187436655574,62.88849470508123,62.82949994624528,62.97714796349056,63.128983423983456,63.194261566806325,63.18370873765618,63.19222559050148,63.28000403551264,63.158091931217115
6,60.09134106634105,63.4626017501017,63.81564068647398,62.04929156491654,59.97287851037846,60.69542802876132,61.703631751845954,62.701898911273744,64.47839562700659,64.58709808709797,65.29910321160308,65.69051561864053,66.16772525907122,65.73072126286394,65.43315560982207,65.15058029354886,64.78180887739703,64.45282215212764,64.33334270505317,64.28507504069997,64.3734800472895,63.86406949531934,63.596909451257176,63.19743971306471,63.09798819698816,63.00148398609937,63.00619771175331,62.99951087272521,63.07524279679457,62.89945495862167,62.76604713983753,62.68631842694349,62.6660883869218,62.65130285019999,62.512344467701745,62.441403812237255,62.61531559031574,62.697873958400415,62.74784602861539,63.058399089336675,63.066294037940445,63.03495879120883,63.147409276769864,63.339275308025435,63.50445970695987,63.65750395940629,63.63299615081543,63.67170976207452,63.704668979924236,63.79222934472958,63.64948217178632,63.535846854356635,63.55485242395638,63.66997769034827,63.78986004736021,63.81130779769183,63.79122833793896,63.837965945293725,63.89415247338999,63.8996776217611
7,63.40130748880753,65.99137159137162,63.1314356939357,60.319537291412324,58.816020553520644,59.44277743861086,59.32269317983608,59.78687169312169,61.15167718084385,61.135135836385814,61.7422304547304,62.71194546194541,62.980920681882175,62.924724547938844,63.1557200515534,62.955360640516844,62.861830544183356,62.72792842445608,62.724858353147724,63.059151149776056,63.364815541601146,62.963114894364814,63.057324680150685,62.970854107312334,62.79325885225874,62.627945665445495,62.53713784500821,62.49938568376064,62.63292019283398,62.81224867724864,62.75839208581147,62.852429601648446,62.79126089959442,62.676956744236385,62.63237121344287,62.492730237869345,62.7171505296507,62.95725223850244,63.14734980119616,63.40828652828674,63.393227538044755,63.277860025776825,63.4042506696578,63.61727520165035,63.64483742594869,63.78753019323687,63.8207609175696,63.874662316849964,64.00019093718085,64.02549654049656,63.90254494960388,63.826433893741715,63.68209802950382,63.78704890788236,63.86648666148669,63.89508138191174,63.75419272897341,63.74234365570572,63.767831015500505,63.758863620946954
8,65.07352971102974,64.50427604802611,61.86705670872344,59.900236568986614,58.11038054538056,58.57489316239317,59.802561922204724,59.836285994098446,60.963019490797244,61.87268060643062,62.6811531061531,63.029451566951565,63.06924368366673,62.68071944589802,62.51231515398181,62.36766000203498,61.90975753549287,61.752593214398814,61.69519846625117,61.86588980463983,62.016077485125095,61.6722633847634,61.6522106315585,61.37077143535479,61.25643243793248,61.304400887574,61.18811973349009,61.15540910808765,61.417435055366056,61.43471323429653,61.36389167881095,61.219143804690624,61.19956432456421,61.06933715794003,60.97634281062849,60.693593559218534,60.75951322201323,60.95052093374463,60.861288782442664,61.08993882275132,60.95023005449827,60.757819374188394,60.67867791123606,60.776524748399765,60.86738841405508,61.02259372069155,61.13403800691032,61.26245018484595,61.40388488118067,61.43204711029694,61.31820728291301,61.279859741398,61.28194233264963,61.46912817121117,61.63441382691356,61.69478503474015,61.72418492813201,61.775550064558395,61.67489557680207,61.488797737755824
9,78.031684981685,72.27053062678065,69.25352733686073,66.30673204110708,64.41147130647133,63.75652133360464,64.36978748764457,64.01906606125351,64.55330744358517,64.78987281237278,64.73843193843192,64.51331866436027,64.84152539056383,64.54416899238322,64.31933150183144,64.68701446123318,64.13721120927,64.0637351331796,64.30565462802305,64.67417658730156,64.56247964997962,64.32741540866539,64.22339632991799,63.822577075702014,63.4847938542938,63.29986674650138,63.21761614585692,63.16964140356998,63.27274149860353,63.2751282051282,63.196668340619944,63.0506696428571,62.97434170767495,62.780933676889475,62.58321341357046,62.494061751006065,62.61957644457635,62.837957875457775,63.13653272178901,63.344442282254654,63.50032758569327,63.581181318681175,63.741912168365566,64.06973142598136,64.19659227603664,64.47310014864351,64.6136864711332,64.78091295278783,64.93583160981113,65.15837749287738,65.09174238071277,65.13684508155643,65.14311871741097,65.17469239436811,65.27356079106063,65.35035503517629,65.33032751037123,65.37437397372729,65.2870591116353,65.23204984059139
10,67.07114875864875,68.00529863654867,64.02532729616065,62.26178774928779,60.88794057794059,61.44321242029582,62.37479504622362,62.60151353276356,63.419806222584015,63.20108516483519,63.10142958892963,63.13360169922666,63.13802949187554,62.78436137275406,62.96143535476854,63.19328449328438,63.27323254087952,63.03830693483467,62.67721226142269,63.01929817867307,63.21007253328675,62.91812238687232,62.78610359045136,62.46327499660824,62.51182193732187,62.56982855107853,62.655007989267204,62.78148475202038,63.00735530433807,62.941090082756766,62.888563124450265,62.827365530881224,62.82837440337444,62.726499168043304,62.603589307517915,62.62204373558544,62.80536126786129,62.97617695413749,62.92155054110184,63.01197891229142,63.07382056741813,62.7926457691339,62.760833191356475,62.86520979020986,62.9795074164519,63.091103170179316,63.037340663670534,63.27398684455984,63.44438152550407,63.45454873829882,63.24640133831312,63.215470418114634,63.25132390321069,63.50615880176068,63.53688172938181,63.590842490842604,63.53422043356269,63.511780293461506,63.480110097059416,63.46219898928249
11,60.8679995929996,60.67344067969067,61.693711843711895,59.269645400895456,57.657805250305316,59.3512116741284,61.39867797546375,61.43650602869354,62.36281203364536,62.24852513227516,62.25463332963337,62.40778557861905,62.67306987883924,62.66361525379403,62.65060236060259,62.392805949837474,62.389338085661855,62.48381890743024,62.07123203307437,62.12607422669945,61.94583454464426,61.51888528138545,61.1421086160218,60.89571356498452,60.80889010989021,60.6649827024829,60.57204076787438,60.531032509157825,60.62073456556243,60.62293243793266,60.49814765580906,60.58769412011617,60.56482822732845,60.50246280136011,60.411745595674375,60.30711459322588,60.567683205183386,60.99577589807872,61.118264925957405,61.30081870675639,61.33425367541243,61.28703970192084,61.567342476644995,61.8564485283237,62.00301078551097,62.19190688538532,62.27192054399524,62.56620910917801,62.77919469985826,62.785005799756114,62.672532161012846,62.54125712250733,62.52214456577693,62.65093478195357,62.71055712805746,62.723453943543554,62.66556821184052,62.62532603890399,62.55438517069909,62.47790445665478
12,70.47815425315424,69.99351851851851,68.28535307285308,66.09677452177458,64.6632916157917,64.178657916158,64.46665358451084,64.86222336691097,65.604681069959,66.06444749694765,66.15042272542287,66.30708943833959,66.36043682101386,66.097889048782,65.9098521231855,65.68978556166061,65.18228470875532,64.82922178130518,64.61951031424724,64.64387515262526,64.7904824892921,64.41440573315577,64.21037475004869,64.24588145265237,64.15911212861216,63.888129480918046,63.5745357180544,63.452289558986216,63.580053822295454,63.4967672296841,63.345184102039106,63.48731605489432,63.459903522403614,63.41366084895511,63.32460622710641,63.10590701736554,63.15060981311003,63.404281671058186,63.320955433455595,63.449907025844624,63.38489048214665,63.17884603271513,63.2267271488202,63.265630665630695,63.41699475421701,63.58351891667117,63.618748971674606,63.77199900793661,63.747796072030894,63.725940883190994,63.63995736471236,63.65376759102725,63.54959309558378,63.62092010355905,63.69770026270027,63.79536083129828,63.918710772658144,63.95727644800919,64.10887528196842,64.07957790666117
13,67.26020553520553,67.3743259055759,65.11987009903672,62.082332366707305,59.779532967032964,60.38093542260206,61.59903700796557,61.55777943121694,61.68040123456784,61.62889397639394,61.86427230177225,62.01768035205528,61.94430003756917,61.61103915925345,61.592512210012266,61.51736778846163,61.30240848476148,60.99514454167233,60.878108733371874,61.14149598087098,61.137008934627985,60.86687086062085,60.53601909362778,60.54085266585264,60.48194932844925,60.584700111142354,60.57560823949701,60.515387885923495,60.63434679943289,60.56554131054118,60.705025798574006,60.794914084757615,60.77770516520498,60.751113265819,60.70129673236799,60.658607352009966,60.79745927245904,60.96348389670734,61.01003190778807,61.21974969474947,61.28769183616724,61.33291058588658,61.430235989247414,61.561086598586414,61.71577217021644,61.78819632460919,61.85436388867221,61.976549675247384,62.01161508559444,61.9578807488805,61.84415256130911,61.801852341034696,61.86558293209195,62.066542022791616,62.12570633070592,62.22335219344103,62.2093125441805,62.15563967482026,62.00497299310817,61.916259242300555
14,67.31645807895805,67.69379070004071,65.37032119115455,64.09960826210829,61.31561050061047,61.41963861755526,62.3053963893249,61.86651022588514,62.770371500927,63.462742673992615,64.09925444925442,63.887636090761134,63.60282004320469,63.11070919820927,62.801029032695766,62.88800366300366,62.7110318058848,62.772694794917065,62.766265289291695,63.08908959096463,63.69036547667505,63.57783165908171,63.46376922192146,63.301399911816524,63.37420227920216,63.42425957233644,63.31329704246369,63.26132333275186,63.51346101216792,63.3417765567766,63.29242897186454,63.36320891203714,63.26621326204673,63.37536719816142,63.18518416768425,63.04112852168415,63.17335123585126,63.210456295653735,63.356587275497546,63.433476800976756,63.234099313062664,63.05774778572392,63.18498286812232,63.14345480907972,63.09099432460532,63.01848434375595,62.960054100745516,63.05982227648879,63.1370936225526,63.18352503052482,63.02497974973443,62.98720071772931,63.001357115979516,63.01530867966028,63.01716773966753,63.01548818245225,62.89567294304118,62.8618893239581,62.83004723619112,62.840190103106565
15,66.76642246642248,63.633053520553545,63.449991520824874,61.065468559218544,59.52232498982495,60.675179758513046,61.21880777952202,61.808685643060585,62.709106068828234,63.00441697191694,62.81574212824207,62.44200710554875,62.01931725681724,61.78781397174253,61.72247761497764,61.81396551943429,61.65894981924393,61.84222092208197,62.1475387185913,62.37733643671133,62.10442588716386,61.76448088948079,61.82153430305598,61.69879532119109,61.5771919006919,61.575234220907326,61.32947926559039,61.32705735071816,61.398546903288285,61.30037596662588,61.29465139102229,61.41431926002237,61.185876160876234,61.157916457181194,61.05611387289962,61.03412401641575,61.17485314985328,61.44762801769393,61.83331507049474,62.374710520960726,62.50039322691782,62.6772444376613,62.93847964051472,63.197235981611165,63.600869285036154,63.74893040735458,63.73886821413441,63.9156758750511,64.14903067454115,64.47605525030554,64.60002783164578,64.84090510629005,64.98144625290877,65.23569412412026,65.5401811151814,65.76415770902408,65.83877250105353,65.78602023774475,65.80968833426506,65.71297712318591
16,68.24817358567363,67.31371591371594,65.37318376068374,62.60567002442004,60.54553317053317,61.60354599104598,61.741842548985396,61.53368055555553,62.22999988694425,62.68815984940975,63.35932354682349,63.74060634581458,63.56507779969309,63.32710513692647,63.593726767059984,63.38659760378498,63.23779357896993,62.764449927644236,62.3853985926353,62.558511650386535,62.87999350737437,62.750415556665466,62.83000212348027,62.518710571835605,62.42220105820104,62.358221212548116,62.29989919202889,62.07142947991169,62.17167224537923,62.09780948989279,62.13366894455602,62.181203258547015,62.079706558873305,62.04549456534761,62.0204091807664,61.93782885067613,62.076756839256895,62.41552840434426,62.55125987497785,62.71508419820924,62.74602740303959,62.73210457972363,62.86495655507284,62.914310689310675,62.97365339393119,63.20504547787161,63.238663631482844,63.31433075990364,63.39584028971784,63.45073544973545,63.26104477403502,63.24599290488719,63.18129276384002,63.21720160840538,63.32943029193037,63.43982498982508,63.498655470585376,63.44471267876452,63.46325717596912,63.33523945190617
17,71.61307997557995,70.619363044363,69.38975885225882,68.22085241147741,66.49190679690678,66.99531355989687,67.78752180359315,68.8110805860806,69.6705704789038,70.12009310134304,70.80986652236649,71.21561185727853,71.37615486365486,70.70064247921388,70.3605233346899,69.86642628205118,69.62474502621554,69.31037342287335,69.11576564273932,69.09978886853891,69.08066142411381,68.99138662263674,69.22240338164255,69.03843588895676,69.06530687830691,68.83948060486526,68.40576207057693,68.04357102883887,67.8564883232987,67.53801841676844,67.19509794267869,66.9425158030628,66.73125793959137,66.43309676434687,66.17208544101416,65.88601077420537,66.00269995270008,66.04327297945738,65.94180272481569,66.28208206145723,66.30958895440624,66.14747647634574,66.1631668181089,66.21757201132223,66.10427972233548,66.04472680097705,65.88550223417263,65.83281991927839,65.67544780427441,65.60008943833958,65.30013706337249,65.1751167191072,65.15847904715851,65.13469904581036,65.13747446997469,65.13792298970884,65.15421468557439,65.24959159614336,65.24794904561857,65.01796754171762
18,67.73207163207162,65.98242266992266,62.924389499389505,62.05534188034187,59.706636141636054,59.626935795685746,61.19667277167272,61.02381270350016,61.72452290507842,61.801189967439925,61.31915029415023,61.51475164495997,61.33399079552921,61.163967018431265,61.09275200108531,61.14382440476186,61.286320895879676,61.301156559489904,61.35031837071314,61.604517195767244,61.7931849235421,61.270200863950926,61.10339358708926,61.09061906457736,61.23010541310525,61.17773022917233,61.254350570554095,61.13542447962065,61.38056081849161,61.36951549993203,61.3940505730827,61.48866503866488,61.52061564978217,61.462274354186015,61.39101837316115,61.182061457061366,61.134332271832214,61.420672005869356,61.521763042275836,61.770391992267,61.8235643308814,61.85441244161485,61.97413713547436,62.188111425611446,62.21315527065533,62.170412729380175,62.102662172343074,62.24970916429253,62.345907465550376,62.41512881562886,62.26806842395076,62.25490650731021,62.242288686156485,62.344736033856286,62.34921809671797,62.38649730725607,62.33423926625669,62.284949756501376,62.21177938508442,62.16069207027529
19,65.36985144485145,63.43613146113141,61.01228971645633,58.82406262718766,57.5878754578755,59.55088437796773,61.113548752834475,62.21223544973543,64.22395988784876,65.61065781440776,66.63504366004359,66.98325362908685,67.18354661720038,67.33517319320885,67.14409815493143,66.9340023402523,66.32839935119347,65.99700261158597,65.86299375575696,65.33835470085472,65.4822799775181,64.9819585507086,64.68919060006029,64.41860458214632,64.24578815628824,64.15031581666202,63.874865463754396,63.59856259811623,63.52708587708598,63.4137065866233,63.35360884635088,63.322519046347246,63.16384895968237,63.00470399698353,62.81309334845066,62.667805702528085,62.81992349492369,63.16059646980716,63.108968488776334,63.18752225783489,63.17740155057243,63.11064063802173,63.13520032938652,63.24268220205741,63.15923755257109,63.129458645219756,63.128868235783386,63.18516313933012,63.20798499497511,63.25942562067591,63.20861015346335,63.22495558216742,63.19808681011537,63.32891973424407,63.46801781551802,63.611418450927594,63.687002317046364,63.83317228748285,63.90947336561758,63.8490632207301
20,61.84506003256004,61.030761599511614,60.76892382309052,60.38149801587307,58.52142857142863,58.9147647876815,59.82402465259601,59.94966804029302,61.317384004884026,61.60366096866098,61.883075720575704,62.77447895468726,62.607212516827815,62.458834452584426,62.458535476868825,62.62398663258045,62.629396502190694,62.951904705376975,62.866662917978715,63.360123880748844,63.628343459891006,63.433529202279125,63.14434756065183,62.87681411952229,62.81635266585255,62.7071105710528,62.70022686504156,62.707806958253265,62.80479330694836,62.82510327635323,62.86642870271904,62.99124376780623,62.870017328350684,62.80754940865238,62.71407174835741,62.51925564147782,62.5024531399531,62.52025750808643,62.566464992746965,62.62048598392344,62.6193460446509,62.52498522200904,62.52061764678044,62.69548391423389,62.72360376249263,62.76752822459342,62.74477892084285,62.91221584164305,62.99418986153694,63.00834065934077,62.895669236355616,62.866468449641665,62.81525627586963,62.85326627247939,62.95353137603154,63.08287037037055,63.04510403501642,62.97268623777247,62.90148503411216,62.74088581942754
21,68.4487077737078,68.65139397639403,67.37398419481751,64.33088878713873,62.20097985347982,61.89761904761907,61.78044145008435,61.11640656796907,62.100256636367725,62.504628103378046,62.94558080808078,63.06032551553387,63.38240662471433,63.16583922030351,62.99239078822412,62.704244251119164,62.248085302496975,62.49721572152119,62.93225505001814,63.29992928367921,63.46982406922876,63.07407384282376,62.95317416078278,62.66909531440771,62.34792002441999,62.14185783945394,62.10075954566685,62.03659097185872,62.16030465383901,62.28941629358289,62.2946684587813,62.36590433582615,62.183111333111256,62.07348512054389,62.15409238909229,62.08698743386235,62.291307791307666,62.327016392476736,62.49868768458496,62.78078945360177,62.88620218986057,62.82105403414912,62.90505615185829,63.09384307821793,63.07943302582181,63.26872367769089,63.1382625845389,63.1911896070748,63.09869365328534,63.15772018722001,63.045013047954,62.94604788907651,62.92080463212513,62.98468839973449,63.22023337773331,63.23629544232219,63.13159795857157,63.00933776472565,62.83655639714957,62.622355090896676
22,71.24422059422064,73.6747786935287,71.44585368335369,67.73601699226697,64.70318376068383,64.01217016008694,63.49898104540965,63.399176460113985,64.68332541943656,65.08199226699224,65.16631609131609,65.03109059150728,64.77434292915066,64.45814400546551,64.24234669651341,63.98371171652429,63.75051563360391,63.41458502916836,63.08512734828517,63.13755647130639,63.21115956354042,63.006955544455515,62.8574921254269,62.78004447327357,62.602743386243326,62.61967455621292,62.62100781591504,62.5730789217395,62.74089547106781,62.75248168498161,62.6880747239617,62.634764671092704,62.32431596181589,62.16831232492981,62.06886723065279,61.8669866142087,62.06864845614831,62.413049852194426,62.52874883900508,62.75718368437102,62.823283029075576,62.86947630191664,63.0077089899763,63.158294945794765,63.19065176592941,63.37242262568338,63.313040682721315,63.547484758682444,63.82869124450735,64.03130698005673,64.12723550958823,64.24855377884204,64.4082024020701,64.63567481044316,64.87639212639196,65.09133225405532,65.2274910924032,65.33992156470588,65.46075834868192,65.53625271333587
23,65.54594017094017,63.84800315425319,63.29007936507943,61.988895248270325,60.617395197395325,62.651945970696076,64.06875472411197,64.80809994403756,66.51034176728632,67.38189306064318,67.92459577459589,68.71298246506593,69.39129253936953,69.55640444211878,70.07886412969752,70.37713961385838,70.09375284301758,69.71720085470093,69.46646504080725,69.41372150997162,69.05006637982842,68.30077330077349,67.78167856700483,67.24976703466301,66.805117826618,66.39126886290357,66.06847838375626,65.72733352956583,65.67000687690351,65.4010200447702,65.28320384812329,65.36971122049252,65.17076072076071,64.92200525509348,64.58767021338443,64.50925473703245,64.5398197648197,64.61325228134434,64.59361922502937,64.85520769739503,64.95490075642495,64.83184378452214,64.84254029777267,64.90642390017372,64.75645570478889,64.69823784307464,64.47435929909322,64.47967085961864,64.4535403844076,64.36650600325589,64.17426899534733,64.14984933157996,64.1431144938219,64.30307021510706,64.3929847929846,64.42930275742756,64.27949396282716,64.2340514609909,64.20399895145638,64.19690518586327
24,69.48473239723239,66.98027574277577,66.27927859177862,64.21577380952385,61.87909951159959,61.19362111653783,61.2922204779348,60.92155639499397,61.62543526432425,61.60205382580389,61.25277824027835,61.374730362230466,61.57286676998227,61.723881475667234,61.898365215031944,62.21910644332525,62.17304250760131,62.386296522407584,62.25461704474857,62.40005240130236,62.564507868674475,62.463110500610426,62.498367132062704,62.419930725139004,62.30101811151807,62.37716942957318,62.31928805076944,62.24986336414894,62.378854574544064,62.45384869759844,62.54541336799378,62.499081546346915,62.43390421307058,62.22624584021608,62.06129324379287,62.00450328991961,62.11876368126335,62.194204662296514,62.07867865752456,62.044749949124714,61.90560407298191,61.656150551388436,61.57662670017298,61.611984774484526,61.625947519558366,61.65431962361282,61.6301961828555,61.69089315391374,61.79607784505723,61.88411365486349,61.82002541757425,61.81187091042851,61.83058838436192,61.98107466950051,62.07707995707983,62.156852415111196,62.092503695135,62.07017976436049,62.00412734628808,61.89554283679257
25,68.72527472527472,65.47668905168906,65.08920261836927,63.15300798738304,61.46608872608875,62.15879036087371,62.93342054770632,63.484983592796105,64.19834995251662,64.12512515262513,64.990120990121,64.767179656763,64.45447583043745,63.945104366532995,63.52541344458014,63.05303374287743,62.720607986784415,62.476817369872855,62.40223555684076,62.5560144485144,62.348601420625194,62.0629014504014,61.90639941781242,61.61933866673444,61.48131888481887,61.3903910726026,61.442046345287,61.42129538781325,61.717322077666864,61.701550501967056,61.73898128454569,61.76017691798932,61.61748482998469,61.54765989729213,61.5309224373509,61.61467844141446,61.864378801878715,62.290021394297625,62.34767631466338,62.49908692002431,62.31634280353785,62.11751518983656,62.020013771757895,62.040190712065666,62.01026251526248,62.039872104545985,61.98783371868475,62.12784868487987,62.35086736770401,62.460806674806456,62.39398208001129,62.46855598994994,62.44787860636888,62.53142768582564,62.67023837273811,62.75518162393132,62.6746076373267,62.65464164666727,62.55599178755938,62.44775886921707
26,72.65309829059827,72.07252238502238,71.21707705874368,67.75912825600324,64.9155881155881,64.69189899606565,65.08944488051631,64.32948845136349,64.37589313978202,64.59461741961746,64.86946756946767,64.84222714014388,64.64515552111709,64.37223748473748,64.17197530864192,63.8180266203703,63.410982726423825,63.556397537647484,63.2961841034209,63.32733643671137,63.57858402620299,63.51566327191318,63.32295172621249,63.0122261226427,62.64833821733812,62.39943959174712,62.2032015481088,61.97859504913061,62.05947907456515,61.87336233211219,61.88320614570604,61.748672956094765,61.65812012062004,61.54533041849212,61.56431841967555,61.41835642495357,61.41359106359094,61.491736954565766,61.57532794840478,61.76707837301579,61.929441267855836,61.972577863053985,61.76973928311135,61.997734210234185,62.02352270157826,62.188479565925185,62.16286857350681,62.30586175976798,62.39854964574344,62.43382030932017,62.29194428483634,62.415214966657224,62.32504521160178,62.38572625077253,62.482114459614415,62.48086089670911,62.36110361373523,62.31322312744725,62.223559460000146,62.15365825532498
27,64.13118640618642,65.77718762718759,65.94160561660563,64.09797517297521,62.47884818884819,62.51435693935691,62.43075178789462,62.54788296194541,63.1392031836476,62.803084045584015,63.125536963036915,63.15856863044354,63.52293760370676,63.829284042676775,64.24525335775321,63.86413595085457,63.51091150135258,63.32604152534697,63.261956975772655,63.837444291819196,64.2416322654417,64.00881710881704,64.10781374422676,64.27136328177988,64.12563492063487,63.92610516264353,63.709014116884354,63.44097585615427,63.39980474506334,63.21480870980871,63.09749973741913,62.98065460292022,62.70521669688335,62.64288766788765,62.35513474620615,62.29683783294886,62.518504493504395,62.709026706724,62.71030011062056,62.97741987179477,63.09820411070403,63.05559807256231,63.18975021533154,63.1762833231582,63.12619465925017,63.14025079188122,62.95835173494758,63.093339819902475,63.31646150523722,63.42808821733833,63.25874881291562,63.18611003490825,63.23038421222393,63.257194109046054,63.39189523439532,63.51138174821219,63.405232900627695,63.407486790029914,63.337855694211704,63.32625500271342
28,65.75337301587302,63.98010022385023,60.88922975172975,58.59147715710213,57.05786223036225,58.799274182607554,60.24081632653062,61.22141330891334,62.049284922896,61.58011599511595,61.80670671920669,62.59717007529502,62.51803677092128,62.095304959590514,62.00385768552419,62.06732359076094,61.85958456031967,61.9128968253966,61.89918546365896,61.93673127798111,62.233454222144545,61.72612133237117,61.52195169966897,61.317795668837235,61.197625559625436,61.125074942863215,61.00315463000637,60.74951396156762,60.78487923315514,60.71051519468186,60.63788681449969,60.478204969220485,60.44784968118291,60.34013562690025,60.243385080527894,59.98716464862293,60.08354480854472,60.395868008696866,60.722260313285865,61.05936329873817,61.03645842639732,60.9349185756923,60.95604407435792,61.05493256743247,61.036906231628436,61.1420129488064,61.12786047679662,61.15468220051552,61.42747803028416,61.527518823768865,61.6033313182823,61.609068282145216,61.654761808771255,61.857981730203974,62.024725367225365,62.109156782371024,62.08889165577752,62.1943939202559,62.23975471327153,62.21594992199146
29,61.02603276353277,62.27910307285311,62.3368657576991,61.69634717134723,59.851300366300435,59.91248982498989,60.58981118088261,60.56704504985751,62.06795380545377,63.0682361619861,63.40346967846963,63.63747922602084,63.37752614194917,63.260413032734505,63.08300400217071,63.14957900895404,62.93275664966846,63.23280564600012,63.442427382558925,63.811150539275516,64.14684986530224,64.02196784696781,63.878495115995115,63.60932073327909,63.49620980870993,63.213059038539946,63.02463897556498,62.81702951479747,62.98402558488778,62.99958926875605,63.04883463310898,63.131800404456754,63.01518851518858,63.03670036390634,62.93188993546146,62.802700334644896,62.954626467126594,63.17614522417164,63.30374688227267,63.454435922873536,63.534244989428025,63.58770592282511,63.72951249869868,64.03039090539104,64.25516076516091,64.4979919838617,64.67424629153366,64.78358845051555,65.10312497404337,65.25367195767194,65.35999036366684,65.51256868131865,65.61996634567387,65.90151155428934,66.15761164761167,66.2597976263155,66.3657056637321,66.27733341052308,66.28046872305347,66.18360042735044
30,68.35185693935695,66.02186864061865,63.09423924840591,60.30565603378108,57.0496377696378,57.300323904490575,57.766707366707415,57.97962708587714,59.3270858770859,59.999524827024764,61.08552836052831,62.47510090218419,62.28486780313704,62.02933055700912,62.19435524352185,62.45264423076914,62.36718828557056,62.622050942884215,62.956048240258724,63.47958587708583,63.60694468670651,63.033491045990935,62.80318522057646,62.57272800501957,62.22937993487976,62.15844760652435,62.05717413587767,61.92179886912022,62.08448714440083,62.31683879392201,62.39554941772671,62.42493736009354,62.38438105104768,62.348398184059924,62.340841618698654,62.21827332903709,62.34642087142071,62.647675813465135,62.80550089748792,63.05384246540477,63.039123906806665,63.10666935577633,63.340134262808476,63.49334947459928,63.5922507122505,63.76613314221984,63.90094205439927,64.13109896469258,64.20051082704126,64.28247944647927,64.3257746973431,64.3893421660246,64.55265097411302,64.68463403880048,64.90796277796267,64.86583912945505,64.82440627923066,64.79637392460654,64.6408732745596,64.56666853208505
31,72.8255647130647,67.66994301994298,65.9838488671822,64.23328245828239,61.76781339031333,62.770501797585084,64.01079495900922,64.84004438848187,65.46396124451681,65.0240725478225,64.91582121582115,64.73758394383384,64.50059445540207,64.18177582999006,64.40828381495045,63.892886713980445,63.64913243074998,63.45319580111241,63.16287513655929,63.13952889702889,63.08338469290849,62.52404169904168,62.39404695545994,62.09028413715911,62.104868131868116,62.34533847562685,62.38716328253356,62.571605362230244,62.75390930908157,62.72171482838137,62.6428006879618,62.58374669312155,62.53131205214522,62.43770439799825,62.32895662538495,62.206247032288424,62.563972213971965,62.993420115459365,63.171415526543555,63.37651289682519,63.382034530509976,63.32844387755083,63.40299630386821,63.47204843767328,63.3428543164653,63.20201266125171,63.01853010071082,63.07126757309035,63.13045473989337,63.15571978021959,63.08770759015849,63.14008660499033,63.17096858417602,63.235897435897414,63.19092629592634,63.18869238400489,63.09787324436452,62.99769088669953,63.05835558038946,63.05508335029162
32,68.6823667073667,67.21612993487993,65.02845780762448,62.019921398046385,60.28293345543348,59.83318579568582,59.80197613233325,59.9745446682947,61.1069048749605,61.65929792429797,61.79025604025603,62.36964540089536,63.07953961992423,63.124575556718476,63.17359110025786,62.96468603734228,62.6339372501137,62.67567692081574,62.45775496433386,62.43315501627995,62.4345037017656,61.95557613682613,61.82522053228574,61.612633970967266,61.65650569800567,61.589024099120266,61.61355141771804,61.50835459183658,61.78318176076784,61.79943477818464,61.806606863864815,62.00760327635314,62.061805940972484,61.96993493978775,61.981499069713244,61.97284713743039,62.289748677248596,62.596261888695985,62.71313906890816,62.86279176841661,62.84805657305644,62.79562498788678,62.792912158900414,62.89265248640234,62.81727275810593,62.75503773601584,62.57176088293088,62.69930597951418,62.81417202412089,62.79835683760674,62.749045045368455,62.79173838092094,62.83346215280162,62.85424778410871,62.79488067488045,62.83856674079867,62.73165891937807,62.61697507473357,62.5543413664175,62.42147597001749
33,65.46769434269437,67.57208994709,65.44354226020894,63.36293625356122,60.999747659747655,62.14109517026177,63.34573739752303,64.14989379833123,66.33720888165328,66.51544413919412,66.27617845117845,66.1137400793651,65.69030086722397,65.60812801616373,65.06446547279879,64.69656370828243,64.2340907730613,64.01213906977786,63.91733018443535,64.29929843304834,64.56906651549505,64.44529267029262,64.49764006122697,64.58273957909365,64.22034350834346,64.19047619047616,64.05349228960338,63.85069517123083,64.0512750340337,64.13534154117494,63.91005143303542,63.921257822039216,63.89619855453199,63.90493847111499,63.890331123902605,63.78168809071595,63.96086553586565,64.23758340830717,64.39894753869126,64.75041030728542,64.76688170682084,64.60820675136164,64.75068988935277,64.85961110648618,64.76881924659709,64.70570596874943,64.63583649408112,64.6451842524759,64.72876464993816,64.77179904354907,64.60356674008646,64.52509304264125,64.57388487647933,64.7022154200396,64.90853082103091,64.93030853901392,64.90776487158065,64.89342799601422,64.82923746059338,64.79806768077594
34,65.12024827024824,65.69119861619863,64.97028218694886,64.34892272079772,62.42599715099715,62.47779304029302,64.27560468631903,64.7887368996745,66.39484240039806,67.06453398453405,67.8831913456914,68.56467278863114,69.13328245828247,69.32947845804982,69.72689831773158,69.70857339997958,69.65608734946967,69.84082129290461,69.95982691772164,69.99543320105823,70.13116823652541,69.24062442187441,69.01741452991442,68.41514147503707,67.86306023606011,67.22384768009748,66.94428974660437,66.73784540525595,66.78198812681559,66.67081060914384,66.566355836517,66.47684819520744,66.2181295556295,65.97094615624019,65.69199328449318,65.4589391703974,65.67300803550795,65.71557579847043,65.75369561587497,65.97658005189236,65.99857227235253,65.87164733414713,65.78632892731706,65.7834340428088,65.68326493465348,65.5642522031106,65.27061619428608,65.2430041505559,65.19065695264649,65.1888580586078,65.06327519611808,65.1212684128547,65.12457360947903,65.21238308159579,65.1200833425831,65.12848485013639,65.05124545694697,65.00531705682542,64.9848361305986,64.92061304436275
35,67.04146316646316,62.493447293447275,61.666907475240805,60.34864545177056,60.35141737891745,60.83844373219386,62.092312779812886,62.26877925315433,63.61943992221774,64.52075193325197,65.35410654160663,65.92367894451228,66.05486913371526,66.31389252282112,66.2744115452449,65.94690679690682,65.41762401541817,65.26986359833583,65.17155254589471,65.66152370777374,65.78519317983607,65.80768675768672,65.76367211693287,65.74413707434526,65.57467541717529,65.52781515137272,65.54826026168611,65.20913588726081,65.14217541717528,64.9233976054808,64.69333093728237,64.54871397410434,64.19126999543641,63.93241399123729,63.67111532647219,63.427575125491536,63.58623898623873,63.89018124906259,63.86195067989918,64.10190120065103,64.12976537915544,63.911607869643476,63.85632128422819,63.90850989288481,63.84834226473109,63.88741981649584,63.782006793442854,63.80808181980046,63.776368331215124,63.86661833536817,63.69133278667579,63.581527856046904,63.613591029864466,63.779998756387464,63.986080401080244,64.23531982237323,64.29689135588241,64.36471534531857,64.3207647813578,64.20682743182718
36,70.79998473748469,67.98947140822133,66.14232125898789,62.38090023402518,60.9618243793243,62.50436931895262,64.33539668003945,64.41335660866906,65.97363880974991,66.90015313390307,67.64903753653748,67.91908195970692,68.54643678970595,68.1970267166695,68.29431250847917,68.2902428011803,68.49108878594174,68.47250033916703,68.21520253625523,68.39405168905176,68.6002928949358,68.12532490657496,67.92308820406656,67.33506859652705,67.04319352869364,66.93604810431742,66.72068956420821,66.55544254026415,66.5932792303484,66.35640398182085,66.15042784276669,66.10633028718979,65.89800107300121,65.79881820249479,65.5227981277983,65.28610305589488,65.56552019052033,65.88194645267032,65.89060807426208,66.02372761497774,65.97087155166437,65.9591978458051,65.98868633519807,66.35619195619203,66.41862965224091,66.5737782245936,66.64091414889309,67.0099596391265,67.25029414085566,67.34533781033812,67.34722561389259,67.43776631132432,67.50757020757054,67.65474419270748,67.78949152699177,67.94856069030192,67.97641691479423,68.00319258487367,67.98071551016476,67.9531690917109
37,65.49340150590155,63.04055759055762,59.647815764482445,57.41881868131866,56.47879019129018,57.67758360466694,58.42300860515143,58.65138380138375,59.13410493827157,60.222157102157084,61.68424723424721,62.6721976326143,63.25684778184783,63.54836763765336,63.924189390855986,63.99069304538055,63.83623380976317,63.84002877266766,64.09132633935259,64.49230082417579,64.89389063317628,64.78515882265876,64.48397634973723,64.06403282288701,64.13308730158725,63.9745033812342,63.7945597612265,63.70982578929015,63.82444405849588,63.631809625559676,63.50135048643121,63.254148542429895,62.922947268780746,62.6965144604852,62.49235493342655,62.45264098041902,62.666493966494215,63.107239118094625,63.29106386253848,63.60478530728558,63.51869149369179,63.590609919181624,63.54111662454711,63.541440157065416,63.4499605435719,63.56545318610558,63.324692909533596,63.27792701126064,63.38985593016242,63.3987640415145,63.20404336948502,63.2089524435683,63.10929093617819,63.05106027374583,63.11430291930329,63.21054385429413,63.18767047604788,63.13417101736097,63.13092047625974,63.033102869353066
38,67.03268722018721,68.13654609279614,64.9558184099851,62.54106634106638,59.889301994302,60.758601275267914,62.270241729170245,63.07349473443222,64.45899131732463,65.0307402319902,65.44237290487288,65.59187610229267,65.72504735293184,65.79922306529443,66.3562969746302,66.47091091778579,66.43822092939732,66.47961917198026,66.1968460146091,66.2076477920227,66.2876586817062,66.09133135383135,65.83195661021747,65.49820326278663,65.15387118437131,64.90865756394616,64.77237315153994,64.59892817169609,64.64512792443834,64.49713844797184,64.4577179093309,64.53833498677258,64.39733877233881,64.1930458294429,63.9457041107041,63.63701767625368,63.596518221518124,63.78395333954532,63.9332392797135,64.29031542531531,64.3071370251247,64.35493415314835,64.6333064760389,64.93441257816241,65.16099104599091,65.39356386367243,65.47056153066771,65.63556526421091,65.84058012093712,66.03104934879917,65.84869979330752,65.80684758617441,65.80441777823846,65.81714856645402,65.77935989935975,65.6738024376416,65.53727427543201,65.51090147081514,65.40576353966172,65.30984610297098
39,73.12937016687017,70.82769129019127,69.85691561524892,66.80815018315012,64.59950651200647,66.03041564916563,67.03653991511139,67.7913315272691,69.78990582462815,69.47023809523814,69.26540959040959,68.7856549314882,67.7591821639898,67.24212345194496,66.64392992809664,66.42038213522588,66.06846345375752,66.10524663094104,65.49456922220075,65.63744098494095,65.78913381591951,65.50555879305874,65.38889375519796,64.91711797076364,64.43152360602349,64.06690675777203,63.772960475738195,63.58370254084536,63.529802780233744,63.5115391398724,63.39147087977725,63.2055585762616,63.06810966810966,62.974913662046,62.81414747950468,62.537473855876684,62.74471504471509,62.862783695349485,62.889651623305504,63.08564407814409,63.06641390452363,63.06338583154058,63.092580406243194,63.057184366559376,63.05986727264501,63.13682413600892,63.14300749486919,63.27980705636952,63.59639856553121,63.779571835571836,63.76563609774399,63.730227509314034,63.78989592692427,63.92102430320035,64.10468105968121,64.16033108756338,64.08803320623517,63.94291889464321,63.867559049550756,63.752186270519765
40,64.75567256817257,63.535164835164856,62.48170024420022,60.35629324379323,58.87915852665855,58.33937898521234,58.833960550032025,59.71780690374444,60.54373162845381,60.812986365486346,61.31504699004699,61.5809383903134,61.75773926927779,61.863084336298726,61.96767263600609,62.223217783374125,61.970996133496186,61.934642235336774,61.99849275967708,61.90218584656097,62.27413609318378,62.19785885410896,62.16676797437676,61.95529503289923,61.90915404965409,62.07478828151907,61.938908485204834,61.68878132449559,61.76478271090339,61.64803791887124,61.56038294143133,61.48012041488604,61.218600689433956,61.13235653235648,61.00018111518105,60.861601631393235,61.174404211904154,61.59967680954519,61.95539053776228,62.39366020553515,62.67190443928244,62.79795470182374,63.07532228753156,63.38749086561586,63.722927237371664,63.942610730654195,64.00602079165904,64.20136875084792,64.24382709127606,64.44004924704917,64.39651715387004,64.36763055320748,64.3602513227513,64.44363327002218,64.48949846449847,64.49049990188381,64.5366661846925,64.49811630738351,64.55337215358404,64.3931992775743
41,63.36810643060641,65.38726088726082,64.45794498711159,62.86257885632877,61.113416768416684,62.70647639397632,64.21184371184361,63.95745446682938,64.50260141093463,64.59287952787945,64.72025104525092,64.927363146113,64.52004594408425,64.58470914006622,64.4590978157645,64.5559606481482,64.23235862721161,64.56192228553347,64.2994347514085,64.21139652014658,63.99148109386213,63.47319023569032,63.28447381925647,63.1692443359111,62.89710052910058,62.60305152468615,62.51814336212493,62.42839645473585,62.57854037724735,62.426114502781154,62.33098241364362,62.46065307666868,62.236357007190335,62.06664407215871,61.99582257689393,61.86183113440045,62.05474457974442,62.198211340316426,62.14159061498787,62.28797580891312,62.42292727597586,62.399828115006486,62.43484313920345,62.500026131275945,62.6182417582416,62.91866771513488,62.993358640964765,63.15435363247836,63.27501972706027,63.42847751322721,63.337761757124184,63.29630901505871,63.20161245114052,63.34690594898903,63.40665602915584,63.48310893801956,63.549763654149466,63.61170284058205,63.715715993046395,63.64301120946951
42,65.67865791615789,65.08764245014241,63.29881291547956,61.52407153032145,60.9131715506715,61.42253086419747,62.696983109483064,62.557284035408976,63.334318613485195,63.539197191697156,64.18132238132243,64.39406118572796,64.62631962055043,64.5675279085994,64.24298297381628,63.66476839133089,63.011103030955965,62.77620460814909,62.67200506608406,62.6940633903134,62.82751104715396,62.449491480741564,62.32605399833669,62.095747905643805,62.30050101750116,62.333520592655326,62.2642938166087,62.23781360834944,62.33728597392415,62.23095255053612,62.07626875812381,61.917393543956194,61.829178537512014,61.64934640522881,61.58345049130767,61.48253841066334,61.904383229383214,62.246487211618756,62.46354711290603,62.729709503459404,62.86836887141753,62.821222527472386,62.69861371402052,62.777952256077064,62.65759688870779,62.70239754207125,62.60397853722301,62.77773506393278,63.00564848039321,63.107996031745905,63.03692980041004,62.96408573620098,63.098924904585104,63.330548489576124,63.50800338550322,63.60608565541589,63.544146066733674,63.56291612282983,63.48155020591453,63.394779456654454
43,74.74612332112332,70.05956196581204,67.03080484330485,64.57083206145707,61.32585266585268,62.2488281779948,62.704896360253514,63.1170679436304,63.780405756794586,63.395826719576625,63.337780275280146,63.428473494098434,63.164479430825544,62.70678200767477,63.07301621218284,62.94999395858763,62.535106478488814,62.51810303893639,62.23424774543191,62.621854141229086,63.124437225032445,62.9724691974691,62.77277344233854,62.47159433930263,62.18965954415953,61.95582578034497,61.91141070863293,61.881707330368066,62.0108239302205,61.883404388821155,61.905643027820524,62.0677960927962,62.04277882611227,62.00615333740344,61.900971858829124,61.7674854723467,62.21536247786262,62.54718768074045,62.76161373052415,63.00505863349629,63.076605169898016,62.84168653216287,62.80483857228062,62.681667869168066,62.76603378103405,62.83236781334634,62.691839750084725,62.77574436558843,62.8760603814179,62.91704202279235,62.77396613916254,62.66922666009246,62.5604564547965,62.58173227664019,62.70730917230964,62.694573539886555,62.56538952438132,62.5023208671921,62.32900050357724,62.24677367385743
44,68.65636446886447,63.7154812779813,63.199757495590866,62.27150361212869,60.97800061050072,61.81852954144628,62.46969518576674,62.14304092897854,63.028698616198724,63.08122303622312,63.16911098161109,63.5498732363317,63.348952365298686,63.086292080935124,62.90465778049131,62.63934231278001,62.31259277215173,62.37527161624397,62.61269814493509,62.81224994912503,62.899505542958025,62.604926323676374,62.36393003132139,62.16757309048984,62.078413512413626,62.04330640869106,62.05503210780994,61.89679796063739,62.09387885422372,62.07758072174746,62.105799591686676,62.09116491147741,62.09560100393435,61.94170332662979,61.911870021512854,61.88542147153251,62.02765251515247,62.30328987532924,62.311593641401245,62.624903210215614,62.8357520077031,62.993588411147805,63.19346646032676,63.369491850741724,63.534956925790084,63.483203933747276,63.40604622918438,63.51495790089527,63.52526745741021,63.45051821326802,63.269740118269304,63.26554037130935,63.270042274287334,63.377137411627864,63.491154678654375,63.47680079510403,63.47726402901804,63.480337757708014,63.44232812855658,63.34462564441692
45,70.65463471713471,72.56099155474155,68.8682454890788,65.55844398656906,63.08874847374857,63.34771994980334,63.365601924530566,63.844710902523474,64.48028704834263,64.60494607244605,64.56949624449618,64.8201024284357,64.63449211045358,64.23417277167265,64.08156220322877,64.29896246693107,64.47685065479169,64.82450622936726,64.71491495833594,64.59722934472929,64.18678992964706,63.568769425019404,63.41627293801204,63.209020570478906,63.497817867317885,63.453617803137014,63.50926227407712,63.393306115181204,63.34523914782541,63.26999101207442,63.320404505888476,63.44260324455643,63.34572834572851,63.18006520984477,62.97517733589174,62.86840065798404,62.905484605484695,63.1348002752609,63.03640357742925,63.240578322140834,63.27269722147774,62.9707255266779,62.79389132615873,62.82203722203719,62.867592479536874,62.987868512324994,62.86369177512794,62.96277843491386,63.02141642371232,63.05731512006509,62.99180991484918,62.96557617951847,62.96959572572783,63.19463597958973,63.406632719132766,63.51972643758364,63.541503152468145,63.47041659649423,63.46214318481269,63.391941561524916
46,66.72682641432644,70.51787240537239,71.12936677520007,71.3855731074481,69.68853378103375,69.21759089675757,69.10841400662825,68.99788550569802,69.01278207389315,68.67237332112325,68.7664321789321,68.57821360738014,68.45662823643579,68.48686151811141,68.32258479175132,68.31304340913701,67.90851708204637,67.86167554153647,67.5710796756847,67.40654253154231,67.20756705816207,66.60480630480603,66.44012869175889,66.16078339099155,66.26629263329245,66.29473815002645,66.05118783822472,65.88550351764623,65.99511511795983,66.06609737484726,66.09154817703201,65.83281059218555,65.52166105499437,65.39486281692163,65.1873172858887,64.94283241192957,65.13132473132468,65.13072116723428,64.98410624276006,65.0845137617012,65.00376351290977,64.77708296994005,64.678786641868,64.63315180190176,64.53996710080044,64.64833373148596,64.46225872236505,64.40984411036489,64.38946969508184,64.31888766788752,64.09402826657703,64.04969553238755,63.92643928398615,64.0134060469705,64.03631738631708,64.08667764114158,64.08694733628909,63.99550861016342,63.92379020853566,63.755323141364485
47,71.88929080179078,69.95958485958482,66.83925010175011,64.68971179283679,63.18649572649572,63.24850257766927,64.44209692423979,65.65307285307289,67.02524250440923,67.29272944647947,67.2947820697821,67.19892187288025,67.0626588866974,66.57987928077216,66.5673982498983,66.53070977055353,65.95829712226772,65.62492086103195,65.57350561232136,65.48350986975984,65.4387423202899,65.25885734635729,65.12977252216378,64.60640135327621,64.60989458689457,64.36820094079705,64.15412257495586,64.05014317692883,64.03334666610527,63.76096900013567,63.83510788793045,63.9213220517908,63.889140643307314,63.86864839953075,63.854625850340206,63.6991530717226,63.8244836869838,63.9877783400811,63.94295902340787,64.17297466422481,64.18060916048734,63.95863603988618,63.92259881591292,64.00029819717336,64.06554436304451,64.09187315301452,63.98063414127253,64.07290458384219,64.19546090719571,64.17057641432656,64.05771455305795,64.00810909176315,63.918060931032834,64.03193719003917,64.08328893328908,64.14793765262525,64.1679249762584,64.16572267132624,64.1260965729187,64.08050298466975
48,65.823778998779,67.26731023606021,67.85619149369147,65.12500508750506,62.16397639397633,62.44010565052227,62.80439269724981,63.285344169719245,64.1297489033601,64.61013939763944,64.89871008621014,64.93878289919967,64.23253889984665,63.87731917553351,64.04852428435775,63.90577559015064,63.56618903971848,63.55705015149461,63.556176498939664,63.7857114875865,63.67905692191404,63.24464470714468,62.80531047052785,62.451424501424604,62.186876475376515,62.165761873454194,62.08909728817141,61.80404838217341,61.986117426634706,61.983217507800866,61.9960857392309,62.040616255850665,61.95890837557499,61.952810696928296,61.648407465550235,61.53594209288646,61.69739093489091,61.81148169569224,61.81564994834225,62.103492445054954,62.39097923305242,62.23893952167764,62.37552058191595,62.388539701039676,62.3510156921268,62.44731103236537,62.41321160124357,62.508320932539746,62.59312740358662,62.774800366300354,62.6009139553257,62.50676530556345,62.51572403836563,62.59403367551522,62.63557146557159,62.639958536833696,62.6259203921487,62.58576656421509,62.60064197415919,62.48126611043303
49,60.85733109483113,60.665687321937405,59.189377289377354,57.55170177045185,55.91660358160369,57.34595967304314,58.226401971044915,59.137814789377344,60.24998417220647,60.97821174196178,61.87247613497617,62.41682777099452,62.829387777464746,63.10606939356939,63.18948819698823,63.16138265669515,63.13762928248223,63.04126871071314,62.577715656662974,62.44660409035404,62.255603523460636,61.83277578902579,61.76370595990162,61.65990092083842,61.28706878306883,61.01056400864098,60.97723266102906,61.141934305773646,61.31911586178831,61.231405508072136,61.271686557170455,61.299951509717154,61.24703660537,61.15978686346343,61.12905067155075,61.11740958372903,61.37989445489444,61.7399473577105,61.910001774104224,62.12171372608862,62.07227334544398,62.05962253134861,62.225343110808105,62.426597476597344,62.380415705693345,62.4515734768451,62.49394792559675,62.58254042446731,62.671777532746816,62.67126109076088,62.49838037779201,62.51903754187397,62.53001867978268,62.71714781274949,62.76444435194419,62.80082799145281,62.69528281173003,62.730057067772435,62.733589174478794,62.57547203568014
50,71.20678164428162,70.3675417175417,66.25275234025234,63.16754426129426,61.284358974358916,62.192690951024204,63.07723850223842,63.485736543549045,64.4250407000407,64.27813135938136,64.63166971916975,64.82518654185324,65.06118116214272,65.10741576545149,64.88996574413245,65.02565883190897,64.67935580215008,64.53431917876381,64.13420811644517,64.25856201668722,64.02210254472178,63.79652569652587,63.78508210790838,63.439117614638626,63.32327085877105,63.34569577502294,63.18580680293657,62.98926954328745,63.08551253982292,63.01508513091855,63.24054199981635,63.3046989468866,63.32296253129597,63.16202805908699,63.023038548752886,62.960003730837116,63.15057667557674,63.23314482788177,63.31549158344035,63.52170787545795,63.432550353891926,63.517693858170155,63.46489751635112,63.498710433085556,63.56938689910921,63.615792942967,63.42854707349393,63.52913900335774,63.498341369514854,63.44272079772082,63.18250726216414,63.16472910992143,63.145497749978894,63.24915189405931,63.29888824138818,63.289548901825675,63.22769976936646,63.21593108360345,63.2653133040844,63.201355989689205
51,65.69266381766383,67.80846052096051,68.70085809252474,67.4384640822141,65.0610409035409,65.20022130647133,65.61251962323394,65.41799514143256,65.90737631709841,65.93136446886437,66.20956913456908,65.81500432437927,65.59140524717431,65.2124851008778,65.35563966897284,65.11507554945037,64.75247791424242,64.73189752634177,64.6606655527706,65.05347502034984,65.06870917882799,64.43188270063249,63.986328325458565,63.58493250576565,63.15611518111491,62.93114394508592,62.76437973891645,62.67813026920128,63.024898249897845,62.89004544837836,62.81490409232299,62.7435145439047,62.69415969832596,62.56964345567247,62.52502674574064,62.390584017319824,62.50170995170964,62.627005414176246,62.65014636360773,62.85259882478618,62.71599437148205,62.43734616353657,62.36637821695957,62.296840659340596,62.441797585130885,62.63872995965386,62.699297383073905,62.999532373490645,63.30116119707953,63.5053905168905,63.63216051377813,63.748548984847105,63.76935747690475,63.832678081520854,63.91841158841174,63.98288890342475,63.9945774336127,64.01564179753856,63.94757584694051,63.94374355582717
52,64.81044973544975,64.56876017501021,65.97200854700857,65.23500839438344,63.51549450549453,64.9216439424773,65.07156811442538,65.14215761090774,65.99853366797817,66.2957371794872,66.81758288008288,66.93798755257086,66.54949751103598,65.81546565207276,65.55954008953998,65.42423941798937,64.90400237017882,64.56973330167776,64.7246023713129,64.64468559218561,64.27991452991454,63.79364755614758,63.47469386491125,63.26136018688106,63.21236955636962,63.215673429135016,63.414730776767804,63.47145818797603,63.58805032770544,63.388397605480925,63.440522470361145,63.474473920177005,63.3225351808685,63.15918444300798,62.9696966393395,62.84682143987705,63.00342017842025,62.9045351091405,62.92176721663906,63.08162889194143,63.071797849846604,63.05423910304861,63.30899163282879,63.559213240463194,63.644877786822136,63.63274793845433,63.52948100953405,63.6443079297245,63.81699662771081,63.77140984940978,63.62813539945888,63.621649193043325,63.52884682578065,63.60715934442764,63.51152773152744,63.48837868480697,63.42418341080593,63.3133507536522,63.2841003393967,63.24674764278903
53,65.47224257224258,67.69406542531542,64.843374372541,63.39460088522587,62.07517908017909,62.24522198480536,62.80621765800344,62.565130240130266,63.75098301903864,64.13532712657722,64.05518370518378,63.80173144756491,63.941165351742356,63.679118698761584,63.421331908831974,63.40088904151411,63.167773049390824,63.04918232487692,63.10119208277112,63.61984457671964,63.777659796112246,63.457369713619826,63.31907681690303,63.1597097154389,63.288733007733036,63.22304189756115,62.98681676690937,62.84053106285255,62.95492031914446,62.93770299145297,63.03160834088257,62.943238069800564,62.77739421072751,62.542015460030186,62.26831094831097,62.22956222018723,62.31694551694555,62.36899995715787,62.62352371038269,62.79030601343101,62.85280495250008,62.71148988797799,62.652853972040006,62.73549760424761,62.742142404920145,62.94094247137726,63.032131707929494,63.37001530491109,63.57290550530342,63.90275498575499,63.98895662253508,64.13772111079814,64.18235710830066,64.29976757638813,64.31738585488603,64.34629647799316,64.26460694114226,64.1253551604847,64.03183752060886,63.91737959571302
54,64.24379833129831,64.89074074074072,63.63441018857681,62.07120853683349,60.70450854700851,61.66814034730699,62.57377100412811,62.30558989621487,63.18500938362044,63.307715201465086,63.624961149961024,63.6930237586487,63.40835720547258,63.24562438223159,62.94238671822016,62.930899598087166,63.10484240704839,63.04946948627512,63.28264491356597,63.56086131461128,63.633099308099254,63.010878010877896,62.71411207552498,62.36374665072569,62.47574867724868,62.36951919163459,62.20736821477567,62.247985529681955,62.363481362188274,62.30876390584725,62.42019066656168,62.35365028490029,62.13186859436857,61.94747929086167,61.78598261526841,61.70284589381818,62.02033338283344,62.17892969603498,62.247558128006894,62.47202915140418,62.55531954495377,62.41035973506218,62.3426222894247,62.284712278462386,62.30969124496917,62.273092849179925,62.02474270213641,62.0620335393774,62.107951458971925,62.12947842897851,61.963566480723415,61.93938335524881,62.03236613142292,62.159874376309766,62.383221408221566,62.42635981743144,62.42862435647547,62.453770893857254,62.412842932334605,62.188854209062704
55,70.89508547008543,72.30631105006103,70.17946343779678,66.47961055148562,64.07623626373626,63.65402421652418,63.49626649805219,62.52385721916967,63.53155157599596,63.45090659340659,63.6572126947127,64.07982422669933,64.21898813437282,63.76790402058265,63.89766856600204,63.76412895553535,63.43359309535796,63.24491645186106,63.09938360859423,63.10713598901105,62.955532056127396,62.53217962592973,62.34158017908036,62.029861535070005,61.75909361009369,61.525120730409306,61.503094522076104,61.56356347026001,61.701017676448835,61.579553995387506,61.573684141426284,61.644609629375445,61.54493222826578,61.434471438148144,61.47417277167302,61.44973813480781,61.77817900317921,62.12231406507743,62.21283838431295,62.407060439560645,62.530004243724,62.479630114154155,62.6390466015468,62.838706201206406,62.840375797042626,62.83866492806726,62.709106634106874,62.678646575261396,62.692266057827496,62.725115181115285,62.571663993232654,62.50214673147367,62.53167567059085,62.69072321711223,62.71912874162885,62.69639704706686,62.570141432641584,62.63091089147131,62.59333588570882,62.43396706688384
56,68.7050620675621,68.37982295482297,67.32157610907613,64.20466651404148,62.84694647944647,63.67977716727725,64.43069437176582,64.8227570461945,66.29663715913709,66.668144078144,66.31835618085609,66.20780168905156,66.38175933752836,66.09262275422968,66.17917887667866,66.32457074175801,66.17488478297285,66.02303989734533,65.64983907418107,65.76461970899464,65.61023387987666,65.25091968216962,65.14703818725552,64.87019188373344,64.72120492470484,64.44081392254459,64.0608412849152,63.85232135589266,63.93796752417436,63.99222425722421,63.87939035277745,63.79401375534194,63.63400950900954,63.509157509157575,63.41160590732028,63.29459876543209,63.34445970695964,63.481651243493296,63.2855960990576,63.38612128612128,63.320692620387696,63.0849008905556,63.07350143396648,63.11336984774482,63.05375491792157,63.11070477429171,62.87477831467195,63.0280573785782,63.05473553279677,63.02696845746848,62.88782340571559,62.83739844557148,62.779655163145705,62.84331059030131,62.86607790357784,62.795981325222286,62.680352501624306,62.684965633025854,62.754580134240996,62.757598104056356
57,62.226658526658525,62.72756919006918,60.64275878442541,60.426098901098875,60.17741351241349,61.747541887125195,62.401469562183806,62.92014906389898,64.40249796499788,64.86468457468447,65.65457782957773,66.06021486229827,66.4931835258759,67.0162393162393,67.19683421516748,67.31904316748063,67.24949304508127,66.81467914801247,66.64253770109039,67.02383038258041,67.20344230284707,66.97001170126167,67.13586005379481,67.0327156254239,66.9300307285306,66.97838984377432,66.77317565836074,66.58524569015627,66.42627819179528,66.13915343915326,65.79300107001706,65.68121597730965,65.4676607343274,65.26868924920402,65.10305177626614,64.95610034255873,64.9855667480668,64.93131466486737,64.85501941078873,65.01867063492072,64.75965893862245,64.42483380816725,64.39147215833273,64.30164418914428,64.27363507891296,64.40203986834427,64.4039310177608,64.46443759751047,64.59952644672028,64.53887098087097,64.34243737380996,64.20829449218874,64.18219171638992,64.27698337327982,64.45102305102321,64.55271164021181,64.3823997315227,64.30631613756627,64.31220182046462,64.28573946886459
58,68.56975986975985,66.91897893772891,64.95141093474422,61.004002594627636,59.31635938135937,59.831007495590825,60.91945679981397,61.09627213064716,62.90751367973594,63.638534289784324,64.66596135346137,64.80117224596394,64.72393984220913,64.44357738822026,64.38402184235518,64.35754508801378,64.12028089013376,63.887445450639866,63.53815361052202,63.722740638990636,63.846197211078156,63.81321456321456,63.867249296597194,63.70814212793389,63.64056776556777,63.67929404996711,63.63031323957242,63.528679719751125,63.7403784752922,63.663587708587656,63.62213786810554,63.495569895960486,63.41243447910112,63.1531659244895,62.92416666666672,62.705867447881374,62.801592251592304,63.068975322922746,63.153641218705424,63.40068655881164,63.29371928884132,62.9628973099212,62.87842602057729,62.77342391404903,62.79403450459016,62.87527981277988,62.759751231825774,62.78476684388169,62.860536534516335,62.85741748066773,62.76080875370116,62.724486846842844,62.628494924014,62.69617711677921,62.79526473526495,62.699442827344825,62.61686043813255,62.60616588073496,62.59671166090666,62.67372617351787
59,68.90778388278385,64.22822039072042,62.50529948446618,60.25733109483108,58.06983821733821,58.67401132817799,59.67708878423159,59.746405677655666,60.63352665852664,61.17907712657708,61.3324675324675,61.724617165242186,61.68514722457028,61.41322642304777,61.37571292904617,61.63549075345937,61.689082812612085,62.10480769230758,62.20583429728157,62.566106532356464,62.83733962245857,62.32850945350935,62.006677461025134,61.58531873219364,61.55812026862025,61.454509486240205,61.33248164729641,61.20121227978363,61.40858472625711,61.36655236738568,61.5094860635183,61.772017132173396,61.79353563103562,61.90231197179724,61.85192496656786,61.58482397232401,61.746762971763026,62.201847299873634,62.24724100685641,62.49429042022796,62.48178561501736,62.29915377832051,62.195498031253926,62.36642061642069,62.29089212228105,62.394338491621134,62.31298071510841,62.475096556607,62.522567238128474,62.49438471713467,62.45215341122201,62.443776905075055,62.318529845416606,62.39874319781727,62.45323213823212,62.474035645240875,62.48458021835206,62.48742377513912,62.40445303284267,62.35996777913425
60,60.627274114774146,63.666414835164886,62.25481277981283,62.13731049043554,60.09561965811971,61.58433557183562,62.73818172568171,63.78213077431828,64.83714670103559,64.24790547415549,63.894565157065166,63.6862361789445,63.50531331204403,63.23448456305593,63.1386606294939,63.05341816748061,62.65412596662592,62.50064837425949,62.290143628301536,62.43910230972731,62.67653473070139,62.586628880378846,62.67753070198719,62.729956501831566,62.76561253561263,62.83766221314301,62.84074036388851,62.68536470143614,62.77027370777375,62.63234703568041,62.71489834836609,62.780782903439096,62.808486266819585,62.7652806207953,62.736499796499764,62.736016003029846,62.917424017424,62.988514689501514,63.093293624703826,63.31625305250297,63.26697601179306,63.14850415237319,63.14634445012342,63.348613192363054,63.50518654185308,63.64841955548462,63.61647832073351,63.764797008546935,63.887906792753704,63.86121102971101,63.71999399474885,63.607216821639796,63.52511720459823,63.54522255008354,63.57155307655296,63.49641548927257,63.404622846289385,63.392727937770985,63.38586544497556,63.34659213471706
61,69.02261396011396,66.17709605209608,62.47017874101214,60.79026124338631,58.728250915750955,58.422664835164845,58.803250188964405,59.12453894485139,61.018426943426896,61.90924348799342,63.35119972619969,63.726633513091855,63.80864680191604,63.3030572271644,63.37211267127937,63.344977996540536,63.14890319375612,63.17828200605979,63.08469437482599,63.406316646316625,63.57942419132898,63.53096926221933,63.71570269505056,63.64607308201065,63.510050264550294,63.33518792461101,63.18067558299045,63.07889884586316,63.2767129103336,63.147042463709106,63.1534206086625,63.26578064585874,63.143052009718666,63.176142743422155,63.132258852258865,63.0029451001673,63.16974776974778,63.3028034830666,63.20508254803123,63.31702851546598,63.2475290856388,63.19367804814231,63.31294734550545,63.48654597717095,63.51805058110611,63.625869078586454,63.52677683821293,63.54610922449465,63.59328179379196,63.56114224664221,63.35778059086884,63.28926624479504,63.27205471851693,63.47387358868828,63.47995014245,63.441749883713946,63.347957768352316,63.34351308015079,63.14209487938278,63.03919464794439
62,67.84156491656489,65.69960826210827,63.7317680776014,62.077228327228376,60.558303825803875,61.05933387600056,61.23653264724694,60.77236721611725,61.17032740921638,62.05291514041516,62.49977383727387,62.528910171618556,62.89683674587531,62.69087773998497,63.11866130782808,63.01543930606437,62.71740345710945,62.470790089540166,62.446291744318046,62.97031389906385,63.23163725604196,63.21807659932654,63.19100573339697,63.30512226970542,63.46060480260465,63.607031127704076,63.67789535567301,63.678595049130635,63.79241751224494,63.77584859584844,63.654203427993615,63.53117480031535,63.37684275600936,63.237008157964006,63.196188731903035,63.06919628725184,62.97025665775659,62.99044553156384,62.96050621980101,63.00271265771258,62.95974120730213,62.651046693606226,62.58251105053434,62.61684230121729,62.51402500791389,62.61729242979243,62.57395868512893,62.7672715498236,62.9622786416154,63.15257203907206,63.057478133703654,63.03493853902509,62.889120418365714,62.9305427425798,62.94303261553265,62.9092721597186,62.8703744760762,62.87299376868336,62.8165689693232,62.72218915343912
63,70.96511497761497,72.14968457468458,71.86043447293443,68.37927859177859,65.03658933658936,65.84055674264013,64.70115486365498,63.45629133597897,64.35948028309154,64.31404761904773,64.30439236689247,64.45910027472543,64.46605968817526,63.785151753009075,63.49481786731804,63.41522944647961,63.378057889822735,63.352215043187364,63.512580596791196,63.6514283170534,63.75123359885275,63.9337232212233,63.9543464989118,63.709308014516395,63.50332478632487,63.527232240693884,63.48320200033178,63.22816606343408,63.2738989937267,62.98508869217214,62.77597548807233,62.591638367419655,62.38119750619759,62.176729901362336,62.05307750450622,61.96145550694177,62.19676434676454,62.510151982520576,62.489877430262226,62.78950625763143,62.54298197286022,62.313436464329534,62.23351388060712,62.31428397990922,62.391771469271724,62.383602528711464,62.255137297690716,62.30180214268775,62.42700011628608,62.54058892958914,62.55833752304365,62.60277366863927,62.76436951413389,62.89216316947822,62.95647926147952,62.960742993778936,62.94413419588879,62.93257266360739,62.89786359277908,62.78822310405661
64,64.68028083028086,62.070650183150256,62.42540530457201,60.71409238909243,59.19693223443232,60.750139058472456,61.35858480144204,61.449586004273506,61.824894292949814,62.43686609686611,62.64093961593965,62.828654524487916,62.635286935286935,62.6866732804233,62.75371048704384,62.77860926689056,62.56717811056057,62.30999016415689,62.593607148212435,62.910325854700865,63.47067150221913,63.24084087209093,63.09286289394991,63.02759547551224,62.97100386650395,62.899487336025935,62.604110327258574,62.49439574975303,62.700825930136396,62.61565628815645,62.485000229758484,62.38851702406404,62.36484749818094,62.20334234121014,62.12757616721919,61.99244053271846,62.01868943118951,62.21231631429008,62.511159507633906,63.0060621438747,63.05117409690587,62.92254939725185,63.081654456654505,63.34160781348282,63.48717191244967,63.6393752986144,63.5176316689614,63.53277805335096,63.53804259799161,63.513871794871854,63.36311179742558,63.33095668576451,63.35659215871499,63.40976782134204,63.51624588374604,63.51964049508709,63.467343215589,63.46519602683409,63.34566475583443,63.159391619183495
65,66.13486467236469,69.22028388278392,67.59028116944793,65.1197662291413,62.34993182743188,62.5438670126171,62.555112215826504,62.13281122812377,62.79836521503192,63.32120980870979,64.04524965774965,64.16605786189115,64.03837074606305,63.588796587010805,63.40915276081934,63.48645102004473,63.47197143814787,63.48337035906475,63.31559025769545,63.14293345543342,62.97701150260673,62.6968533781034,62.50882460936814,62.170260777031665,62.038866300366365,62.01048847875776,62.033575837742504,62.00107182830398,62.14517546629617,62.25976885768557,62.13213284624579,62.12154145044777,61.99000151083484,61.88343897388013,61.67652247223677,61.49772164563835,61.67300886050883,61.935932512906156,62.0220643791156,62.322190552503024,62.10927799616815,61.8615413686841,61.88614045300081,62.114916333666244,62.26717010355888,62.318175775512536,62.43878443266717,62.7183739485821,62.92776095786282,62.911424603174495,62.704480894921986,62.6372010112394,62.58170849939709,62.86176250018821,63.03184722684705,63.1073660714284,63.18956641961019,63.28229864005716,63.330128550043725,63.27538317392467
66,71.48541412291411,70.21733312983307,69.38253629086957,66.11743487993483,62.95609483109479,63.189144959978215,63.36541296005578,62.82875648656894,63.31443551304664,63.45320716320717,63.73418017168022,64.49174933862442,65.19653032153042,65.46224090063386,65.84808031474705,65.3532315196379,64.92703799468515,64.79551395106957,64.53393821091201,64.69371286121299,64.59442990871577,64.27862345987354,64.11678257330436,63.84379939119528,63.697412087912156,63.4081085047432,63.251699791977664,63.14271923512998,63.19315309530834,63.262881732465196,63.20804022739514,63.27287946428583,63.1582702791038,63.117674441571666,63.12747514390383,63.093898526884765,63.47865076615092,63.72726139601155,63.99341872514959,64.22477195258453,64.08021605765514,63.83175160377547,63.87354757645465,64.01209693084702,64.03622145344372,64.07843085859393,64.09879209639848,64.17671470119387,64.21472801574834,64.12718121693112,64.04892454132644,63.98558563053749,63.894084959415046,64.06536652647753,64.20169506419496,64.24631610122671,64.17392787524355,64.20752213941857,64.1042014169132,63.90948726427886
67,68.79301994301998,68.48424654049656,64.7293226834893,62.57802579365082,60.755281847781845,61.002118945868936,61.815584481655854,61.457341269841194,62.342801180301116,62.67076719576716,63.39627317127316,64.23962954483788,63.8243257099027,63.86235827664403,64.13005867589207,63.92559523809532,63.634399016016715,63.418961131461174,63.03391197009621,63.16826948514458,63.41685926507361,63.078691447441514,62.90398108332899,62.55631020214364,62.31237321937334,62.24618965436285,62.05504831245582,61.989216487877286,61.97347620451075,61.933454415954486,61.92940118423996,62.06257297390118,61.9284417742752,61.88175306447377,61.918797604511994,61.85237346244297,61.99063527813532,61.979146584409776,62.11143853772063,62.38860564204313,62.40928705440902,62.46655147101578,62.63323371288489,62.65634828134828,62.67374881291549,62.74287461733118,62.59452952484865,62.675909497524025,62.8342160673793,62.88427269027268,62.71804288667037,62.76720760542878,62.843257903871105,63.00540406095968,63.254932104932216,63.350905848450594,63.29692795021756,63.31521611370758,63.379428198919776,63.33391873558546
68,66.66210826210826,68.33271011396008,67.14966083299412,64.22876984126974,61.210457875457756,61.84195071903394,62.307610180824376,61.600211767399166,62.657344661511225,63.11775946275937,63.6292217042216,63.82103852937176,63.73909160639929,63.477950752950804,63.301715506715546,62.94372297262929,62.29564419785011,61.94015765612996,61.72812319259688,61.87246616809114,61.971188731903,61.681848475598464,61.62586266390615,61.69430453805447,61.517770655270496,61.70788152374675,61.72371342649095,61.86182427030617,62.20283988042586,62.37633987925637,62.339338066354046,62.35267046321719,62.25201449784769,62.30415978357136,62.16665968951659,61.89587262017796,62.003108603108416,62.161425465372666,62.10807360967599,62.15089794464778,61.985123266525534,61.78366620152319,61.873138683022255,61.961342592592445,61.898283814950354,61.815364265364124,61.74058107967671,61.869802053656116,61.964350917412055,62.067278083028036,61.96115889375695,61.87836010143704,61.77692259696977,62.022844687891045,61.99322390572401,61.9575167887668,61.973274621739506,61.8818775174378,61.83102791746854,61.79682259869759
69,63.5943376068376,63.43675722425721,61.897095034595004,60.02369759869752,58.30908323158319,58.346612569529185,58.09783272283268,58.088736263736216,59.79516008682671,60.51879680504675,61.24670977170976,61.90223807827975,62.16621818352594,62.50438797313809,62.76102360602371,62.928820398351824,62.705235042735204,62.66539083344649,62.926330248698804,63.28957951770464,63.3015938426654,62.81481412106422,62.48626240908859,62.0890879375255,61.821507122507214,61.60869982937304,61.31114295512454,61.20028271992563,61.33612286500221,61.31727445394117,61.343243957356876,61.36183353683356,61.25689619022956,61.268591688812286,61.39664849700565,61.31359508547016,61.575918225918215,61.82220695970695,61.91192693820898,62.388785230972665,62.60818728471159,62.62054940209696,62.710459318889484,63.07529704092197,63.18186168769493,63.517987648422384,63.5753036266334,63.8371412249016,63.81949095877671,63.762718355718434,63.65784233921492,63.619000657462195,63.498139604979215,63.58611874236874,63.63723554223557,63.63815601561151,63.52643887139521,63.55241472288909,63.48326986886331,63.33133504612686
70,59.576887464387426,61.500241656491696,63.6074837199837,61.98722781847776,60.2423229548229,61.32170499253827,61.42363654863643,61.817743945868834,62.03716761633421,61.98275234025224,61.95411995411987,62.68344610636274,63.131918615572424,62.570548433048494,62.3388743047077,61.8878170151608,61.51112547583138,61.190771265771204,61.055122582096175,61.14540598290588,61.04702017559152,60.735417822917796,60.69124971244532,60.4793676231176,60.383249287749315,60.28257764315456,60.2609526447489,60.31744323797885,60.549083898221774,60.553786969203664,60.57561739335935,60.6780587034494,60.659038338205065,60.60969723359431,60.52469852898426,60.35703898724733,60.55613401863401,60.69606628751361,60.73879522661569,60.97449074074071,60.73521484161727,60.46320801112463,60.40783996365393,60.55156764531766,60.607167164111644,60.833381001044046,60.93257139826285,61.239750267094024,61.31308693196445,61.3996171143671,61.31612858818749,61.190768722018674,61.14633853218759,61.32033343885192,61.520303585303566,61.71020717047492,61.729105348842054,61.70396413133476,61.576347326559166,61.51732465065801
71,60.165893365893375,61.09571632071636,61.6829415954416,59.74403490028487,58.52938746438743,58.83553113553112,59.057327460898925,60.28296003764751,61.577564102564054,62.026226088726006,62.471691271691206,62.42602089268749,62.52857769011607,62.5101597476597,62.976550671550655,62.91542308964185,62.75131826234769,62.79549105729665,62.631060825139826,62.9579845848596,62.77902906176723,62.44376549376555,62.35408017908023,62.12786596119927,61.832940781440755,61.61581372687134,61.4716541174874,61.179292400720996,61.34481214826043,61.29531678198343,61.36167680885417,61.35117203398446,61.392756626089884,61.37742688955915,61.30372201872189,61.24114689323011,61.5062260062259,61.73200147805401,61.837864213184645,62.12865600834341,62.17255191736887,62.295928905750195,62.528364733887855,62.76636754449239,63.048709356486974,63.30608620445564,63.379058530122215,63.679789886039764,63.85503507263705,63.82739886039878,63.720987754075814,63.6266690930151,63.57028781840087,63.67806597551949,63.75205331705312,63.75542891301802,63.64532279773494,63.55470646849941,63.48902944199538,63.36238061321377
72,68.01827431827431,67.8556522181522,66.2307454890788,65.11791692104191,62.83238909238907,63.755863349613286,65.17442583871151,65.4427076973952,66.12443246054353,66.95712606837601,67.76920995670994,67.35782203907205,66.64062920697539,66.0979642711786,65.94263804097142,65.56220969424099,65.20081070889903,64.99051858635197,64.58637994559054,64.695970950346,64.62779764327387,64.44790857290864,64.3911220824265,63.89181102462368,63.83238848188857,63.8073115275039,63.540436432566004,63.4505863349613,63.56847939735868,63.41621320037984,63.31740927829632,63.320408526658525,63.150702229868855,62.835931701740506,62.634747805104936,62.55968590308863,62.68564031064027,62.86489166291792,62.960118786721246,63.27249046092787,63.16039005032897,62.84709927418249,62.62454531902191,62.65910374347856,62.65856204495077,62.790648612659325,62.72556341412718,62.77418610517556,62.81818066664991,62.816120675620546,62.78459054561978,62.65632523637319,62.675304482379794,62.84889488083919,63.11214905464896,63.33517410169188,63.25973257574122,63.27085359563794,63.32127180728863,63.34934430538583
73,70.67830687830688,70.83876170126167,69.89953873287207,67.11976241351246,66.10349816849819,66.33367673992682,67.39615311936738,68.54254235347987,70.25107742052188,70.77725834350834,71.47516511266517,71.41837394858224,71.45701019066398,71.3741925402639,71.25312915479577,70.84930364774105,70.14982433144183,69.55550241939112,69.09567936936334,69.14470009157486,69.2209055274529,68.70193140193119,68.32839535665606,67.80133992165224,67.5775061050059,67.43200921229752,67.18413715913701,66.84777294464777,66.86749505283969,66.73331077872729,66.49821428571414,66.29380389575687,66.12577977577963,65.91423977710731,65.63078129542403,65.38764767896708,65.48067476817475,65.7555504680504,65.74743250576583,65.7215490181115,65.54015691851052,65.3954707880303,65.3427455726874,65.30587213712211,65.33685411296521,65.26527169489125,65.12433819135944,65.20382983143396,65.27684115770846,65.27511100936087,65.02339963050724,64.95210025907126,64.9796449881354,64.98672886612685,64.99680809930796,65.00636792109994,64.88349729380415,64.78372568523412,64.72933403696094,64.57588030796343
74,71.54193630443635,70.85014753764752,70.02779134445805,68.24279736467238,66.51986670736673,66.97478208519875,68.05277777777779,67.56133941290193,68.44712047212043,68.35024725274725,68.326214988715,68.49926782322612,67.83387808772422,67.11790365718933,66.69844051010718,66.53434065934061,66.33667043740572,65.90836668475553,65.51220519246836,65.55683379120882,65.6383944318468,65.36046037296038,65.40351236927322,65.47026607651598,65.38918030118023,65.31992090886317,65.40015978534493,65.27997358131282,65.35243638864331,65.1563512413513,64.86489736368775,64.9022820640009,64.72865020781695,64.50298052981888,64.23044581080305,64.04069905146304,64.24425771925783,64.61557017543872,64.76990036316971,65.00760340354097,64.77622956311984,64.51883224799893,64.3675044486091,64.30165621415624,64.13766110432788,64.17470370812765,63.980119112565994,63.9993605642044,63.9811861985332,63.98104110704118,63.77073317931159,63.725741993049674,63.71290997611743,63.93805350171071,64.02640442890429,64.13116369410997,64.19760280330439,64.20224130913768,64.27468845498485,64.22905652218141
75,61.42602258852261,61.32192460317458,61.353764753764736,58.97455102767601,57.618016890516834,60.536772486772406,61.92372376300945,62.59059511090755,63.340860579749446,63.56637922262922,63.88999333999337,64.0791971916972,63.808219060142186,63.47112295773014,63.10081128747804,63.12604071275949,62.826462208815165,62.92421793741235,63.184025234025256,63.36813721001226,63.40043510281607,62.9288144725645,62.637474341278676,62.24325290835707,61.93552299552302,62.056957750227035,61.9005961802259,61.85660848741216,61.92951121356303,61.940106159272915,61.91977939921497,61.992849193630526,61.81276424193101,61.75654881610771,61.63365704401432,61.44106026432428,61.67458048708059,62.01089100957532,62.23515205117774,62.623650666463234,62.64209041861485,62.697559451130964,62.765800371033,62.82058878621382,62.837373942929545,62.832038452690696,62.71868857108225,62.746514529066715,62.890368418429745,62.9679464794466,62.90127806108213,62.944759380576684,62.89986551708256,62.98087964847232,63.03809718059733,63.10940388976113,63.08423792743975,63.01937725429109,62.90828530383624,62.779458011124746
76,73.86464692714691,73.64839234839238,72.19187016687019,67.5346306471307,65.26646316646323,64.42783204449879,64.16929327286476,63.61422402828662,64.15550524578309,64.24865689865699,64.45833749583757,64.8256664631666,64.51665218684458,64.17628532182111,63.9204171754172,64.01300843253969,64.02569429481196,64.04356317550761,63.99800061050062,64.27155219780225,64.59321084559184,64.52506128131132,64.67171391410521,64.53505587776421,64.83488746438748,65.01397713753482,65.12411383198413,65.33299119861618,65.79745361598809,65.99640856057522,65.82202938936808,65.84889950905571,65.64235949235945,65.52033101702214,65.35515059015053,65.17937977660192,65.29507845757836,65.15872989096664,65.09733427778295,65.27678113553108,65.27839969425325,65.09137934376022,65.02237934330948,65.11240275927764,65.12330913942014,65.03924988055417,64.98401516725976,65.04921652421646,65.04167133886517,65.09588736263736,64.94334394726548,64.79114842600413,64.68200127091633,64.75698194124115,64.75766132016128,64.75462863029827,64.71761142528696,64.59610165536897,64.55770222401583,64.54962937525431
77,67.53098799348801,65.75748626373627,64.14422737756068,62.43426053113555,61.325252340252355,61.85033492741825,61.88970361648924,62.209994403744346,62.828738185682575,62.90429588929587,63.319282569282535,63.96148165106497,64.16083638583633,64.04851081458219,64.32705433455425,64.03617057132668,63.756831621537295,63.57048427395631,63.45084961334941,63.42996565934045,63.271555274531295,62.67443528693511,62.33386398223334,61.87720034595015,61.90873606023585,61.85908765379906,61.91288024389857,61.68908493953114,61.6325677515331,61.58264228055881,61.55838420838412,61.64655734890096,61.68916931833586,61.60595716919224,61.325406564334926,61.14361489847578,61.42606328856306,61.701226222607566,61.94446505536231,62.068309422059215,62.088871765091085,62.049785719130796,62.13317644887397,62.32651526714018,62.392304639804564,62.54940210755423,62.49407143290119,62.56628075820786,62.610867845306664,62.59665079365078,62.494889451507056,62.53570401286746,62.466539383048826,62.56988121617753,62.64391192141191,62.628964529187755,62.55656065020107,62.547049422480484,62.66755629022575,62.6918217507801
78,71.79412393162393,68.98583638583632,68.93217677384344,65.45006740944244,62.40209198209195,62.16033102699764,63.02253183324604,62.73520680708179,63.332143987699496,63.22800061050059,63.668647093647095,63.45099079161578,63.339160874737715,62.70985740450026,62.836880341880274,62.746124592999564,62.4219023079317,62.180714964048285,61.86973925197612,62.33109813797318,62.56508614841953,62.08087121212129,62.04382288404034,61.946155753968235,61.9456978021978,61.919904276635,61.931206002502336,61.94308208326064,62.24989895162314,62.28864824989832,62.602265745007706,62.91240222451166,62.96538692788695,62.97389541286605,62.71334917727769,62.45669473273641,62.62854887854893,62.83370431955959,63.15505502332424,63.51636663105409,63.62936272174073,63.47370934841171,63.53960184948556,63.72985486735488,63.94197417808532,64.06556389464008,64.07850658994289,64.0976789317936,64.10403283413503,64.07220929995948,63.97124043349552,63.837388661908136,63.7884289016367,63.801773560801635,63.80506345506384,63.801436856794325,63.70934262293954,63.818949553001694,63.7274567475843,63.58927002781204
79,72.05028490028494,69.18400997151005,69.37369251119253,67.63895121082622,64.99895095645097,64.20179504137832,65.01542822257103,65.05025819088323,66.04238739655406,66.57687220187218,66.97645918895914,66.56558345204182,66.17499882596039,65.62574640967495,65.3949942341609,65.20831425518925,64.83384358016707,65.03449695880252,65.20852398089238,65.39547517297517,65.5970412523984,64.95265752765752,64.50094295800818,64.0607017789311,64.0414098494101,63.87718136564308,63.76133138123905,63.82052953660119,63.98201321347889,63.92670617962307,63.95812015045908,63.87398710953423,63.60867851284538,63.43337178888667,63.288132158846594,63.15565278343064,63.147205309705434,63.302621136173904,63.367990722478076,63.53928825803843,63.5710962704867,63.51409226796149,63.64574246812633,63.899426730676886,63.883061660561765,64.01263813682311,63.88419745148492,64.03059519569959,64.05194633408938,63.96369841269869,63.738071995180086,63.69710804686784,63.56542752321071,63.65344942266253,63.62115292115309,63.60668570847153,63.40377903448089,63.31304181929194,63.30671731752264,63.29829627933826
80,66.82785917785918,68.1378306878307,65.51447734364405,63.451940883190886,61.23156898656897,60.69677960927958,61.19697511483223,60.93964947089949,61.96563051146386,62.66165700040701,63.23126549376552,63.0497706383123,62.80167535456001,62.38708972905402,62.36206111789442,62.56327393671139,62.6187854629031,62.610975161669586,62.556747638326605,62.580758547008536,62.506690311452175,62.076668701668616,61.72318685742588,61.46102525946265,61.182672364672364,61.12709898719507,61.30372348844569,61.6529046020117,61.873243582726246,61.82890499932159,61.92495536124561,62.057755742521294,61.98984518567851,61.90307255380781,61.86162422233848,61.87295256184142,62.17800946550936,62.56098204913982,62.90183293676872,63.059283297720725,63.08072158194103,62.812396190669965,62.73940627632489,62.9092053779554,62.968050581106226,63.0649747394313,62.95704554507751,63.10602318206487,63.32654930103922,63.3564366096867,63.26348877157705,63.15155061284872,63.15579658810799,63.29703502087756,63.33310014060004,63.35750688630141,63.36648440902822,63.31714094494264,63.34647547995004,63.20639618097941
81,68.73710826210824,69.29631410256414,65.86328517161856,61.17956857956862,59.86237179487182,59.690326109076096,60.39323725216582,60.83902434371186,61.52896599285494,61.5340608465609,61.87966292966294,62.645882512549115,62.508993534954975,62.37000297982432,62.33850054266713,62.2333304716117,61.97714154037679,62.05493657576989,62.05551833643936,62.465940934065934,62.481543742853304,62.078235190735185,61.99669090973435,61.728301366843006,61.68523382173379,61.642427248677166,61.40327578799795,61.19160761526821,61.19060829017716,61.19276607651602,61.18946689511204,61.3177272524929,61.405599955599975,61.30945722306019,61.14184690970404,61.08216801202907,61.398594198594175,61.860112085769956,61.939287540569545,62.070024928774906,62.059354929171995,61.85889441246583,61.95062185876141,61.97891159766159,61.96544747433632,62.01825551662501,61.8825663107577,61.99442049077459,62.02036351781248,62.076602258852255,61.93252402100433,61.89817427052991,61.88948729467588,62.11138131415901,62.177027602027515,62.26532174835734,62.26051051774728,62.20264585350789,62.285920976387075,62.2574327601411
82,60.84248066748064,63.127225783475794,62.55933896350561,59.7663792226292,58.332212047212046,60.74283000949666,61.99869469155184,63.6137095543345,64.5910883869217,64.30255138380136,64.27390433640433,64.56249999999999,64.49312952005252,64.13396563753705,64.04523911273905,63.7805367953805,63.31245181833408,63.45812163659379,63.514290534027324,63.702668905168885,63.73103838401456,63.79182715432713,64.12445254021337,64.23533357075024,64.41026292226293,64.44788868538863,64.55840719637018,64.53620450316888,64.72119542335068,64.7974450549452,64.82892164585729,64.90091606888495,64.67825800742484,64.52830194043446,64.39704924704941,64.08354644326883,64.18045256795274,64.51471065484242,64.62284315874079,64.80452559015075,64.9187161867041,64.90594680892312,65.14846511154664,65.22681265493779,65.24896101840558,65.2251511873796,65.07859719083126,65.17873666649716,65.37033475783488,65.40072313797326,65.28596088007863,65.23725472355292,65.04428807565608,65.00132651984505,65.06854904354917,65.13993264506674,65.11081193011037,65.14325879261241,65.10081667390997,65.09854327771002
83,69.15072751322754,65.74601139601145,62.700176366843095,60.0221192002443,57.9380952380953,59.295385632885676,59.69447714983434,60.08824722730984,61.03273357301138,61.58573260073261,62.15859510859511,62.4016894756478,62.42193693059077,62.14812852491425,61.96550569800575,61.95467032967041,61.73451812348874,61.914133937050615,62.07075300430566,62.48252518315022,62.74463050177332,62.417713998964,62.31094499301021,62.15730014584187,62.06281746031757,62.01724272878134,62.16707894300497,62.04030957468469,62.22753287580887,62.180705128205204,62.163591680124036,62.30555460164847,62.29013008596355,62.20461436711452,62.08338682481559,62.03079749468655,62.05129635129657,62.3033873412165,62.23034631560291,62.569901683964346,62.71562819520155,62.53752507413245,62.46535965111569,62.56908577533597,62.5641005291007,62.686239957707514,62.70429959126782,62.924283721679735,63.0957047959601,63.09564855514871,62.91772347115501,62.90490014792914,62.85425334623461,62.93127685072152,63.05002432752458,63.0946376787897,63.04133321194755,63.06792915736913,62.9972423135562,62.94536765703458
84,70.5402065527066,66.35619912494919,64.343545651879,62.53659442409446,60.40401302401306,61.338752374169104,62.4730384033956,63.20060350529102,63.62352123185461,63.83873982498985,64.06672077922073,63.946362009903666,64.27367607463768,63.92440040118619,63.7709713743048,63.67123969780227,63.81386674327858,63.763005924117095,63.78975483580753,63.996673280423344,64.03978453204654,63.706373487623544,63.590638769443196,63.38199786324782,63.27383414733407,63.02705496070881,63.0587165920499,62.99805729984298,63.09638559078211,63.08375542667209,63.06142505940894,63.12430635047827,62.98584779418116,62.764164960856235,62.60793345543355,62.67087473997206,62.79896352396366,62.989792188805524,63.16143932041388,63.45165331196601,63.58358510279261,63.46805107370603,63.30950949352133,63.36151533651554,63.34403789626028,63.3813612615245,63.2774522856972,63.365209626407875,63.411977440549116,63.40989631664653,63.320308223004545,63.338764342851114,63.44421416284643,63.693746514117116,63.854452121952335,64.08554312750763,64.14743241651165,64.23981841115491,64.35008631512902,64.45787596662632
85,69.03201566951566,68.25280830280828,65.45079873829873,62.59291564916567,60.24378103378098,60.66502085877079,61.46348116169535,61.05534696784691,60.95785963008185,60.90905118030122,61.06173409923414,61.57069300298475,62.20639381985543,62.41516258212695,62.61060439560448,62.65114119098505,62.54719828102185,62.500494335911036,62.55278607844398,62.55517322954824,62.38287521561332,61.93189079439077,61.80664317566491,61.666781559489905,61.662447496947415,61.71142947152564,61.800987541265386,61.99343312111176,62.16549969825843,62.13693664360348,62.42699315320305,62.74203042328065,62.64830755664111,62.72543124087258,62.59438295831163,62.47935871998374,62.61309922559925,62.803942950324526,62.958020386546046,63.279179766992264,63.25770608118165,63.19524548423356,63.2821626155928,63.52463786213779,63.71038009315778,63.88993923749357,63.797582244390625,63.76728278473052,63.7629202902161,63.86173646723638,63.7801625208487,63.80520089774887,63.863056169895714,63.94971547656729,63.99235671735665,63.977666306907246,63.99197120293598,63.977716990863364,63.961780247373255,63.87175713946531
86,73.24584350834351,72.74270197395197,73.63240571157232,69.5169235856735,66.40692307692301,67.54226953601952,67.18487630094768,67.05832188644686,66.83531972143079,66.37065221815222,65.97226893476889,66.0989498541581,65.87992900973664,65.29637733298442,64.90013702347036,64.41519987535618,64.12912117838592,64.14641189571746,63.88079520382159,64.05514219576727,64.09261681880736,63.64267884892894,63.331410919998,63.10474579432914,63.092882580382636,63.291482929463655,63.21890347307006,63.06630799755786,63.15763687142987,63.0265064102563,63.0781381700736,63.039356621387846,62.960249626916216,62.93678924561279,62.796169980812884,62.7012683432823,62.8537897787899,62.99170964269661,62.99754312638938,63.009281517094095,63.054091967201806,62.900125976316566,62.82219962423462,62.916091662966814,62.918397548953244,62.99639373307863,62.78913980031017,62.75630055708197,62.818926038058954,62.73292155067179,62.6720753828599,62.72296480229189,62.73043499128422,62.71618825276256,62.756965719465924,62.78404431216949,62.8309843340547,62.86978881590967,62.939401347240455,63.021464268756034
87,72.2409747659748,68.05899979649983,66.59734771401438,65.23517628205133,63.37830179080179,64.69872049247054,65.25845325309612,66.22201299857552,68.96332474110255,69.69326668701676,70.0015822140822,70.34147206959715,70.82974977301907,70.99157327460907,71.35386073802745,71.37604166666674,71.33099397878813,71.438188791661,71.6626504830452,71.90565374440374,71.54065304184363,71.13542152292169,70.85232764417574,70.62108495285604,70.2191416361419,69.71954404214048,69.27483305446295,68.99605082417605,69.09252382355847,68.87989841948193,68.63354224926823,68.36687589031355,67.94421612338296,67.61094606646095,67.32543665329398,67.1473715970246,67.24257691757715,67.44595596898255,67.26042064535676,67.24580166361437,67.07077885980348,66.78314267302385,66.4664308667218,66.32798914048944,66.16919730475318,66.3283569791725,66.25373422873453,66.2564733202757,66.27992470492492,66.36791982092004,66.09182557638461,66.04207112332134,65.9501192204025,65.9834109648927,65.98650904650928,65.9028580876797,65.70171814864817,65.53535035366953,65.50661996509463,65.48960376814553
88,64.58842083842083,60.41315120065125,60.05848595848602,58.71899165649161,57.59398758648757,59.352135904219246,61.02970085470084,61.422863883801405,62.09585424863202,62.52483007733011,63.03914973914977,63.16550756342426,63.260947919601804,63.0827097505669,62.68684099850766,62.73319692460314,62.662362936627616,62.55233855650521,62.405447379131616,62.50630748880752,62.47520664961145,61.852195952195956,61.53506374865071,61.42564950481617,61.41727777777778,61.344963174290136,61.20696780928261,61.31287593028659,61.517942226993895,61.60178690137022,61.6001127456773,61.56746826668709,61.38103609353613,61.170853832986204,61.05900270364556,61.02311013317961,61.136063123563154,61.39487018829129,61.41463570854598,61.83703703703703,61.8770547316279,61.85899361881504,61.98738180424225,62.284210812335765,62.50666203138425,62.64371693121688,62.737748313546085,62.925584321157174,63.24259311172569,63.39411823361811,63.30106887484336,63.314707781534715,63.44010624246473,63.628978146339286,63.8462978687979,64.04701790438405,64.06042215581692,63.996544268311496,63.90239371425808,63.84237891737884
89,74.47439458689463,70.60238858363857,67.52336521503184,63.92847985347986,61.87367521367518,60.713867690950956,60.922938106866646,60.85200320512819,61.59977841088951,61.282665343915326,61.47959586709587,61.48447293447292,61.60829732945117,61.42623517355668,61.50499287749296,61.54711792836808,61.38788635112182,61.28526036720505,61.17655409892273,61.441379985755134,61.38176371688291,61.083623089873214,61.13648161419913,60.96935668498177,61.163220797720804,61.301275789737325,61.21239598878486,61.13637438949932,61.317945560186885,61.24724053724048,61.44028581931801,61.54209338115577,61.61463320629975,61.65889610117542,61.661820163962915,61.592392908017786,61.77608281358273,62.124340766445975,62.361830014714634,62.860347603785115,62.894724133138865,62.7303738589454,62.75951398945597,62.83440506253021,62.848028648306595,62.85231813275308,62.79852040197805,62.970974193630674,62.98742078027826,63.00313929588963,62.82660406042792,62.85651640916095,62.78143876563725,62.7629960317464,62.79681198431226,62.73993137319061,62.57024496783297,62.52272009599621,62.44015852320965,62.25281720594253
90,64.01000712250709,65.59849918599915,65.12496608329937,62.49390262515264,60.20249592999595,60.19419346086012,61.290552503052496,61.1870580229955,62.378086419753025,62.268809523809495,62.07113303363297,61.90979938271597,61.70402891268274,61.43390458747599,61.35820953737621,61.021110920329676,60.69632143455678,60.75887458734687,61.010306214253625,61.41098519536023,61.85158342539303,61.559781191031284,61.452465228008805,61.42276107380284,61.47635042735051,61.386742548761816,61.224305272916446,61.14656320861688,61.16550022455197,61.06858482566813,60.9861847978783,61.180431070665435,60.99420918587589,60.88321018578373,60.84815672422817,60.75243154479268,60.84654517154521,61.000165611678796,61.05973513665834,61.372567282254906,61.41320282021513,61.37162637847168,61.44028286528294,61.681150215525335,61.81466965133641,61.892357903771,61.868993929632275,61.96716556013434,62.11490244449427,62.24299277574282,62.22008507106559,62.307198526189026,62.38936874620849,62.56232108940457,62.627349317349505,62.753218937147615,62.6477484666082,62.6302815320058,62.65721865234579,62.58261811490979
91,67.95821632071629,67.63300264550266,65.47249864333196,63.33192918192918,61.22999491249491,62.11876611043276,62.93810032560038,62.575603505291056,62.8435563921675,63.117175925925906,63.78400580900574,63.39631707027532,63.633186578378755,63.669266745159405,63.71552163885486,63.665443439662084,63.492340611458175,63.445567935151196,63.313500096394776,63.58253993691491,63.81541126422073,63.09306041181033,62.627034338447366,62.16490978157645,61.815145909645864,61.7422673836134,61.598426641945,61.49184164050217,61.692946963636324,61.55434116809084,61.35488334843144,61.3954074137665,61.434527201193575,61.51518695084843,61.453694400837016,61.50651455026439,61.682612832612705,61.95529421845204,62.07043702973183,62.34382427757416,62.489666408568795,62.45498127313597,62.63381073061306,63.0087836931587,63.330738479627364,63.47543719364372,63.282820036543434,63.283551566103604,63.374353575373945,63.3499698819698,63.23555537599639,63.28690485974123,63.35206610300933,63.60419050256997,63.66764578014563,63.71277590630251,63.72986660026113,63.709387499473486,63.693367531714735,63.65859449192761
92,73.4643925518926,71.73916615791619,70.11772317188979,68.19856150793646,65.9445838420838,65.49440713607369,66.06285321821026,66.82210139397633,67.41285669063436,67.6345965608464,67.74332519332509,67.47853963166465,66.64815167026708,66.27897007093439,65.75162087912089,65.62433830636958,65.21359740477384,65.22057047890374,65.14533529336154,65.16648504273505,65.47400914781869,65.42575364450363,65.0345227035444,64.68319257902583,64.5407085877085,64.37321428571408,64.27474882798934,64.08536306616644,64.0623391295803,63.852863587030036,63.873994971575456,63.79256270350001,63.538781434614656,63.48365758696632,63.54981655910227,63.32257693438248,63.321695046695,63.488746840391535,63.49134158813643,63.668590761090755,63.65377827908306,63.36927631451434,63.41695890242398,63.50936759999258,63.73163365441139,63.957503848808024,64.0418874860362,64.22609688729462,64.3595736463081,64.51596815221795,64.64292587405309,64.62346494317616,64.56178237381033,64.74156265545118,64.70867623117584,64.56979184836295,64.42778340080943,64.37559506266375,64.36140032284077,64.32021062271045
93,74.97530016280014,73.85746082621083,68.34375932709273,64.30263532763537,62.18932030932035,62.66719067969075,63.24938150473862,63.500974893162365,63.88585108307326,63.48777879527874,64.03147408147402,64.77728386582551,65.00051579474663,64.59697947555098,64.85001628001638,65.00802617521387,65.1533661327781,65.64010056301738,66.04204046440904,66.2937751831503,66.42016323623476,66.2673365985867,66.1467128081259,65.78190692409441,65.57023097273095,65.14641663535893,64.92284836220018,64.64240944240939,64.6460459559597,64.60906203364532,64.55797671563808,64.56862201745014,64.36542146125473,64.21515403169809,64.04300657014936,63.889347753583785,64.10559763059757,64.51339754300282,64.60065015706044,64.67583905677662,64.52719048115397,64.24744292303822,64.19184958022174,64.10889157139165,64.0336994075884,64.02894591318514,63.940975415443624,64.01616787918879,64.00087037867662,63.89566514041519,63.65180247312613,63.625620577784204,63.625462291028484,63.68700519302391,63.81771469271481,63.80100768940064,63.750316050096814,63.763913098395975,63.66238928209279,63.51419210419226
94,74.40125152625154,72.48293142043141,70.43976054809389,68.0044846357347,65.57089234839243,65.941306301723,67.13123219373215,67.39825371387873,68.44955625650076,68.09972069597077,67.66906288156295,67.41736365486359,67.20722386587768,67.04381032327461,67.10415140415138,67.13063218610091,67.17124003447532,67.33658283588835,67.32433300130667,67.37823336385837,67.54028480338008,67.31566859066858,67.0731835394879,66.95537410120743,66.767423076923,66.86045854074698,66.92428190807817,66.94344202424553,67.0125052629363,66.8456898656899,66.59436698307674,66.38121772613971,65.98933535600212,65.72619047619055,65.4056629745916,65.15437115610729,65.19505164505169,65.15823720626358,65.08651667658083,65.25420088013838,65.11710183447991,64.80600434618292,64.5899918126662,64.594852022977,64.58655813322481,64.60176812921372,64.45379928385239,64.48864553656213,64.51559008829413,64.49324511599511,64.25618052064131,64.14137159137154,64.08316928529189,64.21328168573538,64.40035501535496,64.63506535627066,64.75099447336282,64.87284509073294,64.95991985886045,64.97330670872329
95,73.3487332112332,71.61415598290594,70.18331637498305,66.67152141839641,63.03944444444443,63.44760632885634,63.949731089016765,63.29999364061862,63.84877673766559,63.918861416361416,63.8872557997558,64.53409349138524,64.504442565981,64.37858996162565,64.29032220865552,64.6041412291412,64.43260641863588,64.7940572287795,64.74830157659105,65.02490435490435,65.39533693819403,64.917941086691,64.44772765479283,64.05161401098894,63.67574664224662,63.32926763407533,62.97724208233468,62.73563942671086,62.94521441202468,62.84359093067424,62.675861921829615,62.63988270121076,62.58839879256538,62.61070455960155,62.55001598930161,62.56106588884356,62.74527975777967,63.06225138165931,63.30973957191905,63.62126818783071,63.64609552597358,63.60838699439891,63.620866816215674,63.7504875911126,63.783357527246466,63.81809338004994,63.793491673810834,63.776592813051074,63.78900642063895,63.758118437118256,63.51822853072838,63.53201919163441,63.531755726802785,63.63488059437117,63.656229881229685,63.605981997499626,63.47820253982512,63.43358139306394,63.31630717838325,63.247826617826405
96,75.44085775335778,74.06776811151815,72.52758445258449,71.061175976801,69.99525132275136,69.9297000067833,69.05122245479386,68.42290331196577,68.90915637860077,68.86778744403742,69.07830132830144,69.05046635463306,68.95994255032724,68.93811958544111,68.58615893365898,68.21216486060243,67.61420251861438,67.15971430832552,66.41712989739312,65.90370446682957,65.87651704556477,65.51505901505907,65.03075065031587,64.73803948751879,64.61429934879949,64.72716669014766,64.84743457845335,65.00664373655472,65.0357763883629,65.11792768959464,64.93812494256068,64.70713347705563,64.37235557652255,64.13798166702601,63.98766527123689,63.764055363361166,63.79825003575024,63.91504482359764,63.98220716842527,64.10263291107059,64.21102127321656,64.26576072736803,64.507600850915,64.67869607244627,64.84531576448262,65.07166226486899,64.97405534772572,65.14315052231731,65.32115093900819,65.30966483516491,65.15211241191638,65.02806091700326,64.99612581688058,65.15348145510188,65.16177193177197,65.13791554014774,65.06872487486527,65.01944953194955,65.03891027365607,64.98068723714562
97,66.94495828245832,64.11429843304843,63.24874338624341,60.644371947497035,59.79677960927967,60.144530084113484,60.670676347462134,60.54996247965004,61.25740853796412,62.06962555962555,62.13423659673662,62.5621972934473,62.540481277981236,62.436038432466944,62.723605006104926,62.878942816442695,62.43371729033481,62.28235653235641,62.01915793757893,62.22136752136748,62.4466185049518,62.46097559847558,62.485792589053446,62.45133589404422,62.59390089540099,62.333361510284696,62.138196799770924,61.951373444676975,62.03297334849052,62.00886141636137,62.01967059225122,62.00857133318072,61.84699328449327,61.79165275084396,61.6537211465783,61.46918893863338,61.607937470437435,61.66975705824385,61.61934778184767,61.48141508954,61.394773146907134,61.27205712056887,61.48132814644422,61.52902306027282,61.718194161805016,62.06163025782568,62.22795118592966,62.62764931827417,62.72376716254254,62.80001689051675,62.64011617467493,62.72411624166425,62.7596158645686,62.916648106694275,63.02997835497821,63.02921072809455,63.1032247641896,63.013420048980315,63.01362804646691,62.980257258173815
98,63.05847069597069,66.27767094017095,66.52001424501422,65.75332341269844,64.628778998779,65.81908407950073,65.71740144775862,65.40090239621493,65.882014538959,65.83795889295884,65.48993182743179,65.63490410052914,65.22474445070608,64.80661230304096,64.55454076787423,64.60001303673184,64.3145658263306,63.94555295527523,63.62588897457324,63.469727818477836,63.37379547260502,63.00675458800462,62.97417781493869,62.92836771638858,63.05878266178269,63.16892591027205,63.36789407437543,63.509724402581426,63.59413007171623,63.70424755799745,63.57095165885472,63.502761402370645,63.256951844451734,63.16631832220059,62.86914631664623,62.55464489214487,62.730400867900876,62.790688794636154,62.68226469636726,62.88172708078957,62.8700637551247,62.69788371901467,62.70958178341904,62.79756967569472,62.725418758196554,62.86278987719208,62.81509982334458,62.980813958418246,63.19206525711644,63.30821723646747,63.31850594938853,63.27964293541243,63.23553689497116,63.49250893139813,63.71266668516692,63.88355709270917,63.86514782326215,63.80723671284043,63.80140846284943,63.85244454619485
99,67.81798433048434,65.83211996336995,66.09767501017501,64.02404736467233,61.756430606430584,62.36210826210822,62.93458922030348,62.942883216320745,63.42010695066258,63.02847883597888,62.720991970992,63.13492911409583,63.14528231739775,63.35416521309387,63.32544023877363,63.608435083435175,63.738421436950965,63.88405660697336,63.66769916243602,63.71576159951158,63.84668730740161,63.478503441003454,63.4076522712393,63.23602250373085,63.17070736670745,62.77509940202258,62.746210939266575,62.54269815832328,62.77060614991661,62.791681420431566,62.845872228130496,62.97926094449548,62.88639292805967,62.67967631497048,62.443601662887374,62.27011740831185,62.346043708543675,62.52227952359531,62.50570035377732,62.821297059422115,62.825514706612324,62.79739180572523,62.70752240868532,62.70414053539066,62.68221385610287,62.818677668949526,62.70473137973152,62.852331773165176,63.00744312376976,63.051484025234124,63.010709896494284,63.0414241296453,62.993603278273085,63.193775814377624,63.220201835201856,63.20252467439967,63.11538773929125,63.108075537170365,63.016219828507936,62.92780991385151
