,0,1,2,3,4,5,6,7,8,9,10,11,12,13,14,15,16,17,18,19,20,21,22,23,24,25,26,27,28,29,30,31,32,33,34,35,36,37,38,39,40,41,42,43,44,45,46,47,48,49,50,51,52,53,54,55,56,57,58,59
0,76.14163105413104,73.53914326414325,73.04907237823902,69.7126106532356,68.6726902726903,69.78491978700313,69.89524972382114,70.02000470594223,70.53183930267272,70.83717032967039,71.14157832907836,71.23612764550268,71.44488431796124,71.10725986975977,70.83270044770033,71.05552630240126,71.06081663434598,70.77246020440465,70.34883549686181,70.30368589743591,70.51804029304027,70.45551924926923,70.2525185362141,70.31801421957665,70.36606450956447,70.43862805641655,70.38389503158027,70.2553188048725,70.49165912312478,70.54705399538749,70.77897728018709,70.92128135175022,70.8969559761228,70.95957288898481,70.78286252107699,70.69447864378438,70.86053416053434,70.88937434397984,70.6994121974893,70.88223557692328,70.91956865401998,70.81662645115034,70.67896269320703,70.72759543697057,70.74747275358403,70.90423379961449,70.92780657089193,70.96153581179645,70.93568074971155,71.05862708587722,71.06760795486295,71.08532910287728,71.19466272721009,71.32713929588945,71.40546083546097,71.38549970201764,71.33466063663437,71.3037519472865,71.19234028683191,71.02457841541188
1,79.39087301587301,76.31124592999593,73.83364197530864,72.91754934879935,71.48026149776153,72.07789648622987,72.89851372172807,73.17269853988607,73.3903066069733,73.1727691290191,72.62597633847629,72.60225376475371,72.15099480291778,72.02134608116735,72.00578822412142,72.11602150742763,71.81200112523632,71.66203590648027,71.45448235974546,70.90963802401293,70.71995464852597,70.40899447774433,70.16312023322877,69.986223036223,69.85083292633287,69.67453371059138,69.39112305732675,69.39949888074884,69.43683248424625,69.33151132817797,69.56025624614331,69.61201144052698,69.55087613004272,69.70118568795036,69.63734911913484,69.42526921381081,69.66541459041454,69.95693199344512,70.18577063961679,70.50234724765973,70.69812655727291,70.62923147179104,70.7760178559598,70.74822237947258,70.67502622891523,70.72945145635374,70.69276665021356,70.75712568681331,70.94636565248817,70.98723544973554,70.84060377712352,70.81288224773817,70.81232769676183,70.80921196430477,70.87430809930838,70.80392864410756,70.82264368185457,70.86681078340588,70.90427816063435,70.66251280355479
2,80.57677553927553,79.43175620675616,76.87232736399407,75.15455967643467,74.93231176231176,75.67000067833398,75.93761265189836,76.45619276556775,77.14550886356439,77.45381359381352,77.53444564694553,77.8623435592184,78.38127680723827,78.39580825920102,78.27314373897688,78.41130761599491,78.8117467499819,78.82163009315778,78.84728996636886,78.7729985754985,78.75957323100174,78.63960067710062,78.6989813930031,78.64826706857956,78.49214367114378,78.48688284649839,78.31052793228736,78.27888340165147,78.5700479278068,78.70069885361583,78.69016306274398,78.53139880952405,78.31195471195498,78.08998090689298,77.85163003663038,77.53923017568881,77.53868978869008,77.55708662682376,77.55591963829167,77.64585889804667,77.56361801026468,77.15242916254854,76.91754609516279,76.82041130166171,76.7334736354184,76.67585713400968,76.43878454091261,76.37065166700623,76.20147921806125,76.01751943426983,75.84105107855137,75.73679821780811,75.66115555478792,75.71677727279608,75.60014920264949,75.52487381170447,75.39147914301456,75.26711927918858,75.14336304781256,74.90883631800331
3,79.49541615791621,75.35459910459916,72.33687084520422,70.38809396621899,68.4703194953195,67.09913766788756,66.56872492586776,66.36058455433454,67.80093610093601,67.57610653235643,67.53750878750864,67.41877289377278,67.32133621364378,67.08623321123304,67.30315255731911,67.38967459045577,67.22098835260594,67.12419871794863,67.0104631236209,67.17868640618623,67.53028083028067,67.46880758130744,67.36063244324103,67.35857371794862,67.32656634106624,67.33870867380472,67.44069401106427,67.64385084161854,67.90938030679396,67.9664942002441,68.05624302519453,68.08307339362015,68.02293570626885,68.03738867341785,68.0321028838884,67.99773408176164,68.18886853886832,68.42432724439284,68.71219931540429,68.9698954517703,69.04582688088772,68.99118432273185,69.1608688038919,69.4690344377843,69.62502385474596,69.75230939551577,69.7450710735284,69.97309324548898,70.06047205817607,70.03794943019942,69.79265573750854,69.82548888967148,69.86353362744858,69.96279856117809,70.09025317275312,70.23052057895796,70.26896969989058,70.14912819460214,70.04880340155749,69.85887091303745
4,73.12008547008548,73.6815577940578,74.4382173382173,70.96827050264551,68.85450447700454,69.35088098629772,70.19104817140534,70.62967478123733,72.21361699000587,73.15911273911271,73.80916213416212,74.34487349070683,74.34712908174454,73.72175962265258,73.84873795957145,73.47012553418816,72.74694959180265,72.57971329082453,72.60676236531505,72.65410561660563,72.39637745411547,72.08113136863126,71.78679836668971,71.40800752102844,70.9395706145707,70.81441329325946,70.63064882648217,70.49988262398985,70.63977429020542,70.58306929181946,70.49589307048997,70.59371120777384,70.402223548057,70.20351157557056,70.09116721902451,69.90394295776252,70.09625518375535,70.34974602639095,70.37885658975424,70.53775602869378,70.4306689696936,70.18552035486584,70.2435512915167,70.23165052540071,70.25031169447853,70.28196744881542,70.32743334285902,70.44240106922406,70.5226833163059,70.49254426129447,70.39335033158578,70.33113073714048,70.36344118844129,70.40191751835278,70.50909100159107,70.49951505174728,70.3809651443424,70.35707373724621,70.32056610997296,70.25115579636423
5,77.72715201465203,75.68715913715914,72.97552062135395,71.34227971102972,71.3119037444038,72.20495777370778,71.54558695272976,71.80719818376063,72.50510107176767,73.07736772486767,73.93575359825347,74.4142526455026,73.94694554021477,73.47008728705161,73.61071462488135,73.05332532051294,72.57559523809532,72.19474573780138,71.95999748302388,71.93144154456662,72.23254767719054,72.3230866355867,72.29946337881127,72.37275259462774,71.9614829059831,71.66799098337573,71.48839313978215,71.21078169515678,71.31217334708717,71.14483533441867,71.15227920227922,71.25700517653632,71.04464008213995,71.01968176159339,70.95297284725848,70.79693506082384,70.91716991716982,71.12701518754145,71.32440476190466,71.56848799348788,71.60682830042575,71.39634753474013,71.55317590462919,71.60256895881876,71.51881935965258,71.52419694838167,71.50582043055435,71.49626121370902,71.45698369091215,71.55867572242562,71.4807724229292,71.46777994975095,71.49510322835779,71.63563834998997,71.70251008250985,71.73061914936885,71.7600800434131,71.76580240481069,71.58982473113795,71.39805292701095
6,75.34417989417989,74.51241605616612,71.1107176773844,70.39544541107051,68.55799145299152,69.39721289512964,68.94529914529917,69.2057590557591,70.9385485913264,70.82278032153035,71.13759527509535,71.42612857821194,71.44391025641026,70.94559204023487,70.80853717270381,70.93885454822951,70.77406180420884,70.23567245511687,70.0434510421352,70.35274267399265,70.51137590363774,70.19371392496396,69.91244978853683,69.56043638074897,69.19423524623531,69.17903771798005,69.0197238803721,68.87480231408809,69.07159751168375,69.12655982905987,69.04384395473109,68.88360599180918,68.89432188182191,68.97531183413537,68.81803796732375,68.72625732035462,68.89090574090581,69.02816054559484,69.01307214864917,69.23672733516497,69.22359696536535,68.88259273794998,68.69720270040048,68.67462190587199,68.70288947677837,68.85046218877739,68.98684652620823,69.16965525793648,69.22961415946114,69.34546764346771,69.19238689777914,69.22294376741499,69.1551211978099,69.30661460453135,69.43862896362906,69.46278735318933,69.5533310662699,69.58783235442738,69.55781492518805,69.48120675620699
7,73.04824481074482,70.8339031339031,70.01234737484732,68.0246667684167,66.12239723239716,67.08653930945592,68.17104264782829,68.46225834350828,69.65339336589331,69.4206608669108,69.03138481888475,69.48086419753072,69.41521007482535,69.76956799813935,70.04717880884542,70.11951694139181,70.07283900739766,70.02933059738601,70.05353287063797,70.21547212047193,70.31627517103686,70.02472920597894,69.56066783458066,69.18269739519717,69.0962859177857,68.92500019567308,68.79308984910817,68.69287513082135,68.81034693276061,68.7092914801247,68.93270346738078,69.05441229777158,69.11986747820066,69.13255299983223,69.13876838769686,69.04423769389041,69.26234256234244,69.585546531928,69.77115410705147,70.10968304843298,70.18060295621261,70.18272549760636,70.31980139799897,70.54548784548776,70.6766595441594,70.8532804453998,71.01895063171635,71.24433845475492,71.43051527082115,71.62824084249057,71.53463872728554,71.59853372233154,71.551035163299,71.77861043277677,71.93314898064864,71.95629805875309,72.16578706381313,72.17475834350805,72.20312924677305,72.15764270451749
8,76.59048636548631,75.20251068376062,73.47065018315007,72.17531924094412,70.04478632478623,69.82953890245548,70.71059945345654,70.10889613858355,71.40794442183318,70.74710775335761,70.89938487438474,71.36123745082072,72.3487191227575,72.40288534217105,72.19567155067155,72.2172933836996,71.95019422298824,71.75289224664212,71.66615202536246,71.68730514855508,71.93321947012427,71.75092592592588,71.81100958220514,71.81108418972997,71.72123585673575,71.79395232616369,71.71010321982538,71.55530045351465,71.69655277672516,71.48088098629754,71.47695458663193,71.43655881155875,71.41750086333411,71.37965491752252,71.26051674515955,71.17484285262057,71.37234157234154,71.37900065334273,71.32529442305083,71.48365995115995,71.51752037483743,71.3745456373432,71.39931732780553,71.34267410829904,71.3834604079048,71.4932038673886,71.49125750136386,71.65323480531819,71.70490840414308,71.65564265364263,71.5037045017438,71.55467287342294,71.55067894195264,71.71446632071644,71.82194666444676,71.83406520727962,71.7405528600705,71.71570618079247,71.71400124514547,71.58646435354787
9,77.41711436711438,76.12650844525841,75.68665886582558,74.88496387871393,74.94103174603178,75.36233635191967,75.20758474329901,75.84337797619048,76.7833192013748,77.14387515262518,77.42835127835131,77.387541971917,77.11224210262678,76.67416383219964,76.32677893094568,76.32888176638185,76.02850409394534,75.84733019038579,75.52629892037791,75.20025590150591,75.1156692734074,74.80905969030974,74.70099471784255,74.38060388685392,74.04964367114367,73.78617959675654,73.51765401950591,73.41347371213446,73.53293440276207,73.43436338353013,73.3576727782374,73.26892345212664,73.05412288328962,72.90783685268985,72.87575643932792,72.73886938678608,72.84050864050863,72.95654172825223,72.9859014798117,73.09441201159946,72.99525881751487,72.72608642459828,72.71708206737273,72.91301245051237,72.887276149776,72.85132828121945,72.63778814762837,72.74077200769885,72.7131277358316,72.85751546601524,72.71758112076712,72.68085845778126,72.7138905207299,72.83611525648537,72.78124930624897,72.82335237513777,72.79032508264942,72.73751789398317,72.64906562364166,72.50485390381196
10,70.34903337403343,75.65220288970296,74.98938916022257,74.06530575905578,73.92424603174602,75.00399708316375,74.8238494970637,73.47909162596662,73.73303995387332,73.1284162596663,73.5313570688571,73.9986089913175,73.81322125168299,73.35781331763486,73.38425383258732,73.30223182488832,72.85624446359766,72.42833542486339,72.0859244800036,71.77963013838033,71.83000973893846,71.56268800643814,71.47497212932005,71.33901671245427,70.88929039479054,70.49074993738469,70.16501850344449,70.07326897639402,70.0493138885381,69.95744335911009,70.05435785839022,70.13454654431227,69.99696985113667,69.95946380689043,69.7766564916566,69.73957711527163,69.93835346335355,70.17842496197765,70.31343270926612,70.70196403133914,70.66879051391261,70.22844593677931,70.00949778042808,70.04958825896335,70.09284640256874,70.24286411052728,70.24281330371755,70.40418383699634,70.57074819549304,70.6419762922263,70.58661686896983,70.69360285369905,70.73481331736048,70.8074190898265,70.85029572279574,70.80822022719344,70.75771381802082,70.71211615651274,70.63362426964116,70.51639499389498
11,77.76290191290192,78.58599155474158,76.38308404558408,73.63418040293047,71.60972323972334,73.06434337267677,72.91241787313213,73.03044998982503,73.30656005517119,72.77053367928369,72.66285150035158,72.61122515601699,72.30887887041746,71.85662066108503,71.53194647944656,71.20844589438346,70.757205104264,70.59495686926255,70.36642005655182,70.29700167887678,70.05080503711471,69.72989209864213,69.42422360248443,69.32531224562474,69.00453459503468,68.81004997495384,68.71781889235598,68.80108745421248,69.11878570025121,69.25633987925652,69.31811775440806,69.55188682844934,69.62576451326449,69.6619505494505,69.5348792080935,69.38344059489894,69.53550212300217,69.83168297345932,70.06247038811145,70.01544337606845,69.96599710136304,69.9101878500689,69.97640391477601,70.00049799737302,69.93815843621404,69.894176465644,69.76337537560948,69.83480394027275,69.90429042801496,70.06640638990642,70.04752308330745,70.07278625043048,70.22768418688227,70.32937826919301,70.42908989158991,70.49581334670627,70.47497920370735,70.57061860553245,70.52202613770416,70.46563118979793
12,77.35029507529501,76.4939535002035,76.89133258716589,77.69375635938137,77.47685999186,78.4426858635192,77.87442511192508,76.97608618233618,77.03504160448604,77.14915191290198,76.96535316535333,77.06642712996894,76.80413575028983,76.88837250712271,76.39698548365233,75.38289390008165,74.55868317412458,74.12644032921827,73.4628009660906,73.22242012617029,72.89443717658018,72.2157016594518,71.87570915397015,71.56542022792037,71.35292511192523,70.99160639929889,70.58281214670117,70.50021567387641,70.79083266669474,70.84545329670331,71.09026793099373,71.28609107905987,71.28955889789228,71.35873434844035,71.35977629513356,71.4165982679873,71.78346148346168,72.03044537090608,72.26137370464315,72.3172903947906,72.44756320914875,72.36749762583112,72.4155126312104,72.38435407185399,72.26661974856405,72.2563547362458,72.08616447579188,72.07792033390967,72.10232498982471,71.99603479853451,71.82305906693136,71.81218672709036,71.95355453421466,72.05269317445223,72.21875605875584,72.17924225245636,72.15259623417492,72.20157975804506,72.19659085421783,72.16284688305515
13,72.29937423687429,74.1997863247863,72.26451126034453,70.40467541717535,68.60739316239308,69.13157899199553,68.15349220884923,67.66928863960108,68.28966558133224,68.20076872201874,68.87341963591967,69.22520307624481,68.96210865345495,68.76646498342946,68.4033109483111,68.43163378866514,68.12063851181509,67.86608951747844,67.90078642118117,68.16922924297931,68.26163173246515,68.12853974728979,68.16886247810174,68.1159508123051,68.03029812779826,67.85632200776442,67.73219693543786,67.78317834612493,68.01124759659257,68.0176087030255,68.23403803484464,68.2504011179794,68.16273078773087,68.26099918599925,68.30369381940817,68.27920595351154,68.58238609488613,68.7847741683268,68.7608196883838,68.98058747964996,69.08773055084035,68.97973259104218,68.83529107627956,68.81027282902302,68.83437446298579,68.80834649448802,68.79316022826681,68.90899576889178,68.95977994983107,69.06791636141638,69.03142302505061,69.05717250164385,69.15601957441592,69.276405376174,69.30178293928307,69.43694782400155,69.55412186092032,69.52693132219012,69.41461200444267,69.33865672907355
14,76.3322547822548,77.29526098901097,76.72840693257358,75.18202838827834,72.28024928774927,72.33704042870718,72.23004753183325,71.39649534493286,71.7565917107584,71.32915903540909,71.03190189440193,71.07754460046132,70.66164842991763,70.3391868713297,70.38791819291822,70.37847858160355,69.93157814407812,69.54154371862708,69.2719956943641,69.20162265974763,69.24843280617091,69.11603835978835,69.15402554369952,69.33674938102025,69.475800976801,69.42253392974546,69.29579847450222,69.27204997383573,69.4710503417401,69.5533772554607,69.53246960626004,69.47367120726503,69.41504606504616,69.4047286863464,69.16601052386774,69.0511335243975,69.11315230065233,69.36374028018771,69.29534049758415,69.6266216422467,69.49160387940883,69.1906720594221,69.15366158389429,69.19353875291392,69.26764425903333,69.34364603793973,69.23524515279858,69.31928938152915,69.42582822506303,69.54623494098503,69.38673318330193,69.35844975893066,69.34902838251905,69.56323024540626,69.59253866503883,69.62522902857732,69.53354968618137,69.45635736390062,69.42485177252148,69.28026463505651
15,73.34172771672772,72.52691544566542,70.03130511463843,67.90675620675619,66.6195299145299,67.04370506037174,66.4941239316239,66.71624503968249,67.39274352191015,67.4885963573463,67.4143897768896,67.60903625695278,67.14646848877612,67.04187343740904,67.11627255460577,67.49065552503045,67.58987167516574,67.4901087595532,67.70185426172269,67.57811380748879,67.48138506114695,67.14333328708327,67.02310258179824,66.94588187661107,67.05914611314614,67.35355792711562,67.12873875096093,67.32040561951274,67.67746007185659,67.68372388414045,67.8156777213228,67.90986530830273,67.7949952824952,67.83159849409843,67.7753966800395,67.66786562203228,67.8651576026576,68.05491278945227,68.02970450726866,68.29524420024424,68.28330591044006,67.97950328991995,68.03434172416736,68.11487459299967,68.18989508433964,68.3140273575057,68.25524034672982,68.23235473053195,68.32069285589712,68.34765262515282,68.30771116138784,68.30333916439704,68.32620247502341,68.58528900797434,68.85472518222532,69.05320040409335,69.07760837278389,69.21751145565814,69.28278733194001,69.29146503188171
16,80.68178673178672,80.05723188848188,76.55969508886176,74.41545965608472,71.90426536426538,71.52256393298063,72.11846618989469,71.67824264855513,72.698823655768,73.27702380952373,74.01602286602274,74.39139914869071,73.79897467205154,73.13340165125875,73.0338675213675,73.26638176638176,72.90885764562235,72.55494053271829,72.3455334382966,72.22023249898247,72.28059940500412,72.12648763273764,71.7079453557715,71.18566001899339,70.87319576719582,70.60008942268561,70.35885433153952,69.98759321036108,69.96602511473196,69.77566120607787,69.57879051951633,69.42731990231998,69.22170375920383,68.95991090880797,68.67011890226173,68.43304871568756,68.5119713119712,68.70148421266829,68.85310481304057,69.16839705433442,69.18398465806987,68.98639274085684,68.98255873110506,68.99552322677296,68.99922613394816,69.04532679478314,68.95425856649246,68.98435072836098,68.9660635377471,69.04715272690261,68.93814780898103,68.90315836229287,68.84030494313497,69.18981038680094,69.36446710696698,69.26165592839683,69.21662391377288,69.17460931469529,69.04464828956324,68.99437508479151
17,73.91557285307282,69.5456501831502,68.91270858770862,65.60213929588929,63.79218355718354,64.46144010310685,64.56430025001467,65.08476673789178,66.3676038981595,67.31708536833544,67.76477272727281,68.29510370031211,69.14433408471871,69.59650815454386,70.19240164156834,70.65076535154667,70.62420664847143,70.71827714466609,70.61951352740822,70.637373066748,70.41760930868068,69.98996397121397,69.83984268549489,69.81449938949936,69.63400162800166,69.4841592702169,69.1329677866715,69.12215172393748,69.43703826505549,69.46639499389502,69.66449495844661,69.91857464005899,69.97568696735365,70.10714240824534,70.13351168672601,70.13489081648811,70.18599492349496,70.4535500074974,70.4052347818374,70.55487179487183,70.427615225786,70.2392737223094,70.24928124201375,70.22476192788685,70.35306426084203,70.36849308099305,70.32647635067842,70.38665452024821,70.2894801815719,70.30146184371178,70.37677903070042,70.41808715678893,70.40883440458894,70.5205163063958,70.53877603877594,70.62065299944757,70.49759271754878,70.4704222102929,70.47703758890195,70.32557090286251
18,74.82612942612944,70.33068783068785,67.40143976393985,66.48782814407818,65.23247659747668,64.92296245421252,64.90449226699228,64.82245561151814,65.45980079591192,66.19465710215717,66.83272930772938,67.96187169312175,68.49467025140115,68.33232310018032,68.18466354633028,67.97340951872211,67.81411812588293,67.85593174829292,67.59439919242551,67.72479319291817,67.75192041203941,67.42047558922553,67.05454734476464,66.84009102394516,66.53678673178669,66.53469776306302,66.40727381329224,66.301753372289,66.42870317741003,66.35177791344455,66.36997863247856,66.34650551994297,66.43792257125587,66.49383723574894,66.55745770102905,66.55178698616191,66.70949947199935,67.0979516097936,67.33119345042408,67.46753001627987,67.50348196293302,67.31928128088829,67.25573988887928,67.31567506567495,67.2812463256908,67.44113646015823,67.40054652794011,67.57236181064306,67.81207399931891,67.8606231176231,67.77419417909613,67.72102939795248,67.94569462682665,68.15254789791823,68.20398536648537,68.26465592112918,68.30857708730514,68.36876420992792,68.43300100715348,68.43732151336305
19,81.79445461945464,76.7276251526252,75.71445868945867,71.87883979446474,69.87396723646724,70.19472256138914,71.29835237513812,70.86434167684178,71.43361088499988,71.8499750712252,71.93341935841943,72.1287672975174,72.46081290504377,72.58028446421312,72.33464557047898,72.2426822598699,71.94472874619946,71.46806855695758,71.45232766745939,71.70907788970302,71.74095926119742,71.2495964683465,70.87333063474378,70.51964582485432,70.08885795685808,69.89368503647367,69.85275422451366,69.77945065846869,70.05660410789739,69.92295855379203,69.82340679034243,69.8517292747763,69.93278650362001,69.95017207737808,69.88063143206011,69.80114991746944,70.06470632720641,70.09624930381514,70.18484419189554,70.3434783272284,70.23518022176565,70.11466315871084,70.10577798601062,70.10346632534147,70.01165366526494,69.96515423988266,69.84827641822348,69.80522359584879,69.85716081915085,69.8918330280832,69.83456002058962,69.82295042030636,69.7876675037054,69.88361766834014,69.9385740185743,70.06292907654533,70.1144027269029,70.05946389976577,70.0455431730857,69.97322819156167
20,70.23441697191696,70.58869556369558,70.64100020350024,67.41424882987386,66.57779304029309,68.46494539411215,70.04126838769709,70.74194139194145,71.90180719486284,72.70990588115599,73.67236328486348,74.07551595780774,74.61537757114687,74.69773060933782,75.18718253968265,74.8564776658528,74.67093149225515,74.33100890878677,73.92836230533608,73.6424114774116,73.28853518615445,72.76624394124406,72.67817084284493,72.32006363620964,71.98894464794482,71.92100219936775,71.8694996532961,71.54603556166069,71.62080719408323,71.38389329806022,71.36152664539784,71.31944857804255,71.18206716123402,71.15663201177924,70.99452860631452,70.84449602609342,70.90351161601177,70.91072392519781,70.77125950972128,71.07683480871006,71.03058248210709,70.91083832393379,71.02548331298355,71.16613201613222,71.23239304933779,71.4502638866772,71.40250716580523,71.54829579178553,71.6032496698315,71.8496987179489,71.93775387647958,72.03626569299671,72.15656124972189,72.21026055563125,72.30809505309534,72.42227773053699,72.42764469935553,72.41795055997672,72.4253580223922,72.44702643806838
21,74.44349816849821,71.96894586894587,71.69649810066481,70.68509361009365,70.93397944647946,71.84311321394657,73.25413468806329,75.13554449023201,76.5527201193868,76.97227462352468,77.09513033263045,77.61051629697482,77.90844408440574,77.51671245421255,77.4582861891196,77.40644968457478,76.78079287270471,76.37113151765935,75.92898539082756,75.57930301180315,75.38738492548026,75.2613393550895,75.10891330891342,74.76037066714157,74.49149633699636,74.25157888763661,73.92259474065035,73.72829761177978,73.71732400741026,73.68250288291955,73.57695048380535,73.42819495319497,73.37129783796455,73.20952620364389,72.98733705447992,72.8480455501289,72.8491091366091,72.82991345886082,72.78909591121133,72.85487039580795,72.70331084904272,72.48842192860074,72.46597559417346,72.52555638805654,72.71537387509635,72.69916476438254,72.65996674720127,72.81740785256449,72.83274172917062,72.89187047212077,72.72110845762838,72.64005431890075,72.5815662412364,72.72829293477474,72.8804358604362,72.9951636904765,73.01866382480443,73.00568090115534,73.06232417927357,72.92995921516771
22,65.28961640211634,67.84262311762315,68.4957977207977,68.11905143467642,67.65142144892143,67.33755596255587,66.78537923716492,67.32505023911266,68.1583367250033,68.3525885225884,68.6670274170273,68.99036977682789,69.54965170157458,70.02999374963639,70.57349375932694,70.94091530575884,70.64680325121483,70.63260327635312,70.54652630507877,70.71624135124122,70.24015810027707,69.83502677877672,69.73353218842345,69.5392831705332,69.48991249491256,69.33559825146367,69.1806637121452,69.14871376969582,69.21002238502233,69.14847747931077,69.0838658802368,68.99370755112933,68.89632620465945,68.76570647489753,68.69577024827018,68.67188856668021,68.83819602569602,69.26608495062446,69.43288341525528,69.61890071733829,69.49312218946378,69.26869076690522,69.23865415377063,69.28704651829672,69.33332609777072,69.40500544141858,69.29280605131675,69.35239197530866,69.39928691867469,69.44136864061859,69.40465985539507,69.34761043799483,69.4498352800238,69.61227784561092,69.81502442002417,69.89729308389997,69.91623913773016,69.8636287244044,69.8373000351812,69.79920829941638
23,84.55530118030123,83.20096916971917,79.51172669922668,76.72214336589337,74.15117012617014,74.15571496404834,73.66671100063961,73.61688224969475,74.1289671234116,74.20592999593008,74.88340872090882,74.58501856939365,74.24088671300225,73.98638292924026,73.74685286935313,73.7976171398049,73.73044871794895,73.50549139646388,73.27220722747059,73.31414326414345,73.66726335833485,73.65958786583782,73.7585352851657,73.64835504002163,73.46954212454202,73.32315245296002,73.07734515141914,72.97133808651651,73.10143415014079,72.96177994844636,72.86788487796532,72.75571088344503,72.5891074974406,72.42955077330052,72.11445316588141,71.88538190204827,72.05299255299225,72.22332754964303,72.10116543001124,72.24119111212822,72.35699991065806,72.12037206620504,71.92298818752263,71.89857052669507,71.75605718355676,71.74207001734125,71.50336630469553,71.49083517755345,71.48959376790975,71.48705280830248,71.36298640538804,71.29322999827782,71.23800971041507,71.43175347457722,71.4947145447142,71.59996647697507,71.61208773357862,71.57365347774798,71.39238693666628,71.3032264957262
24,78.56778083028084,74.9677223239724,73.52031440781438,71.2950498575498,70.62633597883593,71.53861161986163,71.74186725972437,71.99394968457466,72.24441674580567,72.5469444444445,73.05696479446492,73.23296660900844,72.92000759212304,72.44272632129783,72.33143365893369,71.86687048483927,71.20486156000864,70.98816561524902,70.94088934944203,70.72477996540503,70.46746976568411,70.13386150886154,70.10481454937982,69.99592681623942,69.9880288970289,70.00228155035853,69.93198684032019,69.88928135356706,70.05843473257274,69.86540666124007,69.84368246747292,69.82992073031144,69.70676052342729,69.6950474634299,69.67753604860758,69.51405804843314,69.60921305921312,69.76559173039443,69.76342814355637,70.1934705687831,70.05525104976327,69.84354383491291,69.82303527652375,69.84558878621388,69.69101128295588,69.78817862893962,69.68800864226404,69.82434487773041,69.81742844268369,69.83460785510798,69.84255358838702,69.85585875129158,69.87192436319802,70.00485884999785,70.0535128760129,70.08244819829643,70.04132874922351,69.95064874461433,69.77400034836474,69.64651582214088
25,73.55619149369146,74.17429792429799,72.83778998778999,72.86858974358975,70.74556776556778,71.40093949260617,72.66903962439675,72.56719767501018,73.14620076425632,73.51314204314198,73.97731620231615,74.25670702754036,74.5678978428979,74.31614955811386,74.45156593406594,75.02496597730968,75.42608842682371,75.13908701894817,74.93747911445286,75.03920278795285,74.6899911816579,74.36757016132012,73.9939571499354,73.52811249321658,73.08482071632065,72.67185690022221,72.47045874221797,72.32165896273033,72.18805716952258,71.92169346086008,71.96995450785761,71.81236327330069,71.64287687621014,71.62144802365383,71.45960797139358,71.27977080789573,71.26465778965766,71.35492831973085,71.4258283501872,71.41116872710616,71.41286518359685,71.14873696629634,71.0964958921353,71.14859989547479,71.30033193144286,71.3468288253612,71.39395128118518,71.61657350172963,71.86619404782661,71.99781461131452,72.17256727477304,72.29976303966671,72.44424334400733,72.59326386062486,72.76456635956622,72.93383999433092,73.0621619040478,73.07842196118055,73.10836049543678,72.88089590964596
26,71.37208994708995,69.81513278388276,67.58814272147605,65.21640974765971,64.46175824175825,65.44408831908828,66.57289377289362,67.70651963776952,69.30622541039195,69.50469983719972,69.50737179487164,70.16143289580766,70.13187165398679,69.63925228210915,69.49259293175933,69.3382993742366,69.44741105844018,69.31126147515009,69.27033850652242,69.1503451872199,69.24408008217503,69.05762848262813,68.83411813629172,68.81265919651308,68.75980484330466,68.58814004727448,68.44915490887698,68.51794581080276,68.85091978583347,68.80565170940157,68.98011425551736,69.10624507147928,68.89825991909315,68.88748084703957,68.88272341415187,68.9631660392076,69.17069817069806,69.30816972988015,69.51729790864397,69.72797453703693,69.56170461200936,69.38956443688572,69.45854156609953,69.68331795519292,69.6718871252204,69.81649380209151,69.80708278128483,69.8379200371387,69.81431426661007,69.81346520146514,69.82362248318124,69.75011926285956,69.7999216716196,69.8696920363585,70.02697570947544,70.09384121169812,70.21061824789874,70.19924871584334,70.03596331477668,69.95127187627169
27,68.81631562881562,70.84142246642249,71.36256613756618,71.55828754578762,70.25133292633299,71.43599155474165,72.26300220943084,72.22957430301174,73.31940657079545,73.6399918599918,74.44336635586637,75.50346035137699,75.43299873203718,75.3285474446188,75.53380036630023,75.32583784849399,75.33018955445411,75.14531893004101,75.28493482638206,75.46864417989408,75.44351827625621,75.2519207644205,75.42260710304157,75.54840294736084,75.72998575498531,75.86855608778639,75.72705874372495,75.8573614381646,76.20528083028046,76.17239112739077,76.30607989680537,76.3623206654454,76.19165602915577,75.85663979266893,75.58125792197195,75.2881418735583,75.32034892034868,75.39711150204552,75.41564616532547,75.55798979955216,75.55386315355814,75.21945474058559,75.0894137301113,75.06174057424046,74.93993114909763,74.77518303958495,74.5456913161697,74.60689727903241,74.59509564509536,74.7005121082618,74.49171873877734,74.39933216712036,74.36313833790211,74.42313750207232,74.36390563140526,74.32828216756755,74.21792631507503,74.16668798155821,74.11098616543484,74.1176078551074
28,74.71084656084655,74.23127289377292,73.15193833943837,70.53837632275136,69.15070207570209,70.26529219237554,70.72280147101583,71.2708346052097,72.05936779270118,71.5949877899879,71.95994930994932,72.02112628883468,71.89427225196464,71.66325440432598,71.57876339709684,71.50098252442015,71.01733342909829,70.56828308008878,70.37018025833831,70.26350936100953,69.84168822799795,69.44596260221284,69.27384314558248,69.07502056199993,69.0820278795281,69.17762241319966,68.91798131566685,68.85570690883235,68.98750157888136,68.94182115723828,68.94339543371845,69.03668011675869,68.99765851432564,69.05154061624692,68.97904296761479,68.92095048727026,69.19994609994643,69.66539211276094,69.86601585736241,70.21052363146151,70.40898316904449,70.34597432990321,70.34660675242111,70.32956129518665,70.24890132501284,70.30401724885458,70.22029730513799,70.22255524182634,70.38411338283817,70.41425437525479,70.36081513802132,70.3247769324695,70.30863493599364,70.34198162091705,70.38210779960802,70.47921790511103,70.53074325771719,70.52450738916284,70.38050011037323,70.19710325939513
29,80.76053113553114,77.58158068783068,73.66761294261298,70.80249033374035,69.35993080993089,70.18089133089147,70.74176187569049,71.04392106735862,71.64206405734186,70.97336741961736,70.8289525289525,71.56909637430475,71.9350223850224,71.88582075992795,72.07819834486506,72.17498060388685,71.73087128013601,71.51662568398676,71.45807547715435,71.38739799552297,71.57780781828401,71.24127585377585,71.14790040877,70.99414004205667,70.94666320716313,70.71420901036272,70.47116816653848,70.27786753590321,70.42485351493968,70.41390957807619,70.42682099859519,70.43546293116607,70.35467002133669,70.25117281955518,70.21911302982733,70.12576001673222,70.20703973203973,70.41761227320434,70.39666624923031,70.5539851699226,70.38583837120414,70.08666928309779,69.99311542247582,70.0417435573686,70.03823214850995,70.01563434552574,69.86050656396404,69.84854359567899,69.75340530595624,69.68954222629218,69.54000963633311,69.55394477317546,69.57300157040716,69.7175155263118,69.82793761793762,69.89399638060345,69.98384467222179,70.01642343129407,70.08465125583763,70.05943995048156
30,75.9606023606024,75.00598544973548,72.91746540496538,72.96991503866502,70.27981277981273,69.74757326007317,69.74634281062842,69.60656224562472,70.57257552118665,70.76125305250306,70.85989057239063,71.00742902930412,70.66415696127244,70.15395190127342,70.29537851037857,70.71510575651209,70.87331334243112,71.00007065979304,71.0424999464474,71.09364239926752,70.91337820028308,70.40713430088447,70.28387260887277,69.9935274216525,69.76984269434278,69.41380083591623,69.27648423250275,69.28937710768072,69.44127685851825,69.26591252882919,69.24296053408952,69.23097781847777,69.15533987617319,69.22708512892329,69.11789638932486,68.95710823384422,69.0378762003761,69.13113740547941,69.02880493200992,69.29753815628806,69.38501183775567,69.46090337131994,69.53841385789052,69.71520632145625,69.62279767557541,69.61702898550715,69.66490920427091,69.74880846391261,69.79332280531257,69.82068111518109,69.69494730940798,69.66389211749782,69.68524085976907,69.89339849108353,69.96940716690703,69.99690071007024,69.94198512663417,69.92240870559829,69.87322894462716,69.84142933455428
31,76.89338624338627,74.51094831094832,74.84301315967981,74.99559803622303,73.6736975986976,74.18914072039075,73.69820629106349,73.83937220187227,74.30261215122333,73.76390923890926,73.82885077885089,74.09765635598978,74.18736694217472,73.92858741787325,73.50922771672775,73.33376036579168,72.61050180756071,72.68522334147343,72.41594825739574,72.27006690069197,72.42831511521989,72.3676076238576,72.41615658898269,72.12869988807498,71.78255352055358,71.59418537303156,71.4339018149204,71.35137253619408,71.4901469060952,71.2192319563153,71.25432503577667,71.05456635378518,70.94021981105318,70.72849436783258,70.62278228385375,70.40753176864294,70.39677232177237,70.63364688430484,70.80206813604255,70.8308824277575,70.79210307533488,70.50265155919921,70.54292055919964,70.61517094017094,70.7424564735676,70.9437636035463,70.97740292607327,71.12516703975044,71.3481465907486,71.39365893365898,71.24300807217479,71.19369902711252,71.05673153715611,71.21389284583738,71.2341368816369,71.30514555715456,71.24158330298684,71.26997933420346,71.2475013451708,71.08770095645096
32,79.57398249898252,75.70422517297524,75.41002408085743,73.45124643874642,71.05112942612939,70.87297941256264,70.56041048898182,69.80280448717946,70.26566160177273,70.03679995930001,69.92594673844674,69.43317562067571,69.54741006856402,69.32309182219916,69.1794278252613,69.01380049348813,68.69917073667087,68.86775708859061,68.84225226527873,68.88892424704945,69.06232605577866,68.67234293484314,68.66844463909696,68.77551532186965,68.85806776556792,69.05703543251634,69.05479789414984,69.0985784057214,69.23301878517415,69.08340082756771,69.00272132288286,68.95253055682761,68.91211982461998,68.7875043393427,68.81857927786513,68.80881283068797,69.06438732688743,69.28780940063838,69.35511529069227,69.6853590506716,69.81960054399084,69.67194192491814,69.68763712600932,69.71986439486444,69.73167797223367,69.85191621985123,69.86880027970479,69.96933209537396,70.07067977374119,70.17176923076931,70.0356583231584,70.03566585657947,69.96207428141406,69.92881317927628,69.84719743219745,69.83169933571718,69.89026376482519,69.8520375457876,69.70075139863279,69.57878696920366
33,71.34864163614168,72.71078296703293,74.24271130104462,72.6451045482295,70.6144851444851,70.9384776488942,70.88923774638056,71.3299418752544,71.20536053452726,71.00045278795282,70.96592111592129,70.85656966490322,70.8776314141701,70.6218217628933,70.97959808709814,71.06872265466025,71.03110949508019,71.10355560077792,71.11474278645339,71.04403769841277,71.0225814969863,70.39883750508767,70.16384354373501,70.09890237077758,70.03341880341895,69.88790543502103,69.60748202414884,69.50327290104089,69.63959043829747,69.6368362501697,69.59456194940077,69.62208915216733,69.64593200009871,69.64872303622307,69.55184836327693,69.30325459006015,69.54102027852025,69.71080130882757,69.88577650981492,70.2233198514448,70.39501300415932,70.32216250460294,70.40814225610721,70.58380889943366,70.54907203907172,70.69444521862967,70.68859576199971,70.70797455823465,70.65616294136669,70.63542765567722,70.55877305338048,70.58616541044387,70.50038809024616,70.71722469060396,70.70950207200178,70.7088708827545,70.67967265028636,70.5384272416597,70.49736717300247,70.37396859313499
34,75.75678673178672,74.75635683760679,73.07238163071491,72.23733719983719,69.98298433048431,69.66449599782928,69.35209459852315,68.95944940476187,69.5103293311626,68.87597527472514,68.55544779294765,68.4038207163206,68.48000532231295,68.05519870341297,68.42029778863117,68.35448431776564,68.26348338480696,68.45841869036326,68.7183265321425,68.71936660561678,68.62962769153263,68.2228491415993,68.02785033002435,67.97659005731931,67.64280891330905,67.54678997996317,67.45678842762189,67.4668921521601,67.8114028532133,67.89948904490576,68.02812241521929,68.11335899343716,68.08417184667185,68.11967158658332,68.0168993836851,67.90103361145023,68.17304969804968,68.49299999464469,68.57087325068089,68.64820461945452,68.5412978845905,68.2671538558443,68.19711195350727,68.19515785140787,68.3344219463665,68.3625703402878,68.31419359797027,68.26215956111807,68.20883595807082,68.2888017908019,68.2666349445762,68.30571816004519,68.27588081031482,68.38614483938554,68.38238428238425,68.3719978269085,68.34678050182427,68.35459454338753,68.2771491690982,68.20190484669641
35,78.92103174603176,75.2030855718356,76.63661477411486,74.66131333943841,70.99568884818896,71.30882088590432,71.19953776382351,70.50646812678075,70.93875604847837,71.71009768009779,72.47833740333756,72.84967906322082,73.1378553426631,72.86027930402938,72.67113213946553,72.3980381308507,72.14634747061223,71.99885728982953,71.57731267270741,71.44500279812779,71.22005954803566,70.95719165094154,70.81146126417855,70.78568015703415,70.46689153439121,70.28776748536326,70.13643821884527,70.13275481132588,70.43793366595055,70.61277981277946,70.54258110467757,70.53770143340435,70.2962528212526,70.30004070004054,70.15170838420819,70.02963938068093,70.17209297209284,70.4237008118586,70.55314838295594,70.72653731684967,70.66242095754278,70.5808835785025,70.55693261303719,70.61304655992151,70.62110489304935,70.56841378227253,70.48037327133072,70.53128275081406,70.52744096417581,70.50470746845757,70.45259841828478,70.47919631116753,70.47446638790981,70.59257139465481,70.70271136271137,70.76737428411535,70.73771153310618,70.76553846855563,70.71262960203627,70.73978386582539
36,73.03600427350426,72.69350071225068,72.7989333197666,72.31790165852668,71.59789580789582,72.53705229955231,72.08236161986174,71.38280359686617,71.62042915931814,71.4829024216525,71.42420218670223,71.14294023877353,71.29474852070999,70.8591120850049,70.51833977750643,70.58693115333736,70.3760582010582,70.22116882602988,70.07314921920182,69.99526353276354,70.17094404713453,69.80055037555044,69.94027534462326,69.69439123762048,69.67304741554749,69.89730127422446,70.081569476477,70.54597160445387,70.92635801299603,71.22339353547694,71.55634149303505,71.90501834681524,71.81847041847047,71.65440383418326,71.50009869759869,71.25564416293584,71.19057395307397,71.189431511471,71.2576933512831,71.58784353378105,71.54538104172244,71.43513479465862,71.5080799045915,71.49822977947976,71.51360319721431,71.57415259860909,71.61051598126062,71.62792944902328,71.62664596363578,71.66640740740742,71.5099708116865,71.43513636470372,71.32851527403422,71.35571176080441,71.37693362193367,71.39517886214314,71.29390659697683,71.27828723001141,71.27872543338651,71.12006342423003
37,76.9327940577941,78.12367724867727,77.91340896757566,76.86660052910055,74.2732254782255,76.20290581332256,76.40311427990001,77.13685515873016,78.62295369239816,79.17933251933256,79.83320013320017,79.28343805114646,79.41498544190854,79.14993495261356,78.74476427893099,78.68143156033784,78.62811175752361,78.50602247546693,77.94962084698932,78.0464196682947,77.87650687055446,77.25154220779224,76.71698607350784,76.38380223171897,76.23544892144898,76.09359952725343,75.824858115136,75.81175213675228,75.94812306148533,75.94116995658679,76.1460850827788,76.31692676536441,76.23865995116014,75.93997731571285,75.60071370428535,75.36743035770839,75.24952218702248,75.34478691386613,75.25503154253185,75.32911388380164,75.11147319257103,74.68308029052106,74.50665599473763,74.38989436489457,74.22276228915139,74.22428686450449,74.08821852891023,74.11084041344475,74.07299791100831,73.96229456654468,73.80510097201278,73.64375058701981,73.62635202847461,73.72158722621684,73.82172743922736,73.87805595528799,73.72432773529258,73.58900028770712,73.51204057242188,73.3753276353276
38,75.73700651200654,73.71846509971517,72.66346153846163,69.54983974358984,67.77475681725691,68.49054487179498,69.33214067678364,69.22396278490035,70.13231074481081,69.84023656898663,69.89340150590154,70.00329076787405,69.75689435208666,69.57394834001975,69.64262752679424,69.01350478225483,68.73613116186647,68.63493363632253,68.46416763061501,68.45440145502647,68.46459459852312,68.17579550079549,67.9693690166516,67.89727415716982,67.58342124542102,67.4788218903601,67.31627775516642,67.23578024158356,67.57209854321896,67.54749169040808,67.73799299565401,67.85427779685565,67.78106800606778,67.79196937321915,67.87190214547331,67.8915001921944,68.14765356015333,68.58499975901267,68.59614888909738,68.77731990231966,68.80929449953814,68.72095676589704,68.81674392575538,68.83947291134768,68.91247150997123,69.05267370511913,69.19643831345945,69.37515834859558,69.45142367081114,69.48805525030494,69.40904698061532,69.4211302675242,69.54426110227959,69.88010352130686,70.05653531653506,70.22941268387672,70.19926775628508,70.18220145116676,70.11564899319112,69.98814161918301
39,75.09370675620677,71.47437932437936,69.78933998100663,68.89749185999185,67.29118945868943,68.5142823226156,69.38607549857544,71.07445054945049,72.73816420205308,73.70211996336995,74.41408961408973,74.9747078924164,75.32312975486079,75.31039340950079,75.68655915072601,75.65397811100951,75.60826540017732,75.79605181341304,75.49801506972572,75.68100401912919,75.87912281721825,75.82952417952446,75.99252579143909,75.84281644281673,75.75312576312604,75.88268408941514,75.84737842747128,75.65065919530227,75.90498803559169,75.73218966218998,75.79387218217894,75.79080401658554,75.50834520417874,75.234173968733,75.01614919472077,74.79503671482856,74.82266139766155,74.9274592731831,74.73678957557176,74.70418154761914,74.4912229369547,74.15186093668243,74.18436574192393,74.18706131831145,74.24657181296082,74.29020024862427,73.99934360359907,74.00220543345554,73.9606028797356,73.89287159137169,73.65548143758944,73.53206713158647,73.46812236505635,73.49893916097615,73.43448440448445,73.43061569713363,73.33112972959468,73.20911768627289,73.08852672750973,72.90476054809385
40,73.26473850223852,73.17092745217744,70.97254612671273,70.24358974358965,69.61024928774924,71.00551400759727,72.68274899703464,72.64911223036214,72.56041073124402,72.96015618640615,72.97146880896874,73.215495692579,73.30997933690233,72.92935199720911,72.98365757699099,72.72603975885237,72.27191218367702,71.8084786098676,71.74001751172821,71.60038410663427,71.39819030176193,70.89219599844627,70.59857903770965,70.44188648928244,70.18194912494926,69.76301207695452,69.70587041559273,69.60605503953732,69.69592262781936,69.6832020757023,69.80541474654395,69.94118494352877,69.7580484330485,69.69699702530596,69.66104700854709,69.57270369805094,69.78696333696334,69.87432630722105,69.7470000678334,70.04032013125762,70.13460682271658,70.04088294862102,70.05067249718415,70.18212863525365,70.27266178266174,70.43677923324663,70.45350355908873,70.50366745523004,70.65870721304411,70.77927960927974,70.6667736040286,70.65380868241449,70.6822745563312,70.76990910324243,70.81535945535953,70.86013285656146,70.82824341837502,70.75121038763285,70.54630509164413,70.43521240333745
41,75.54244505494506,71.86267297517297,70.02497117080445,68.06244149369141,67.57859584859577,70.35209435626096,72.30734781091917,73.78858491045987,75.24753538642423,75.41414173789168,75.11219983719984,75.76706730769224,75.93844392786703,75.93803709517992,75.99124915208247,75.81578016890516,75.35047253944317,75.0634004884005,74.7620938028833,74.50654736467244,74.05892978273945,73.64768981018993,73.3458638583639,72.86458269739518,72.38540354090355,72.16165253905632,71.8480307586788,71.60809149514499,71.70002245519478,71.48400284900282,71.5089673021125,71.45880281466223,71.25294104044116,71.1851848859203,71.03182118146418,70.9100120686928,70.84011250261268,70.9309377878458,70.86905061937132,71.13457608363882,71.16700430328501,70.91203824834801,70.92837680192356,70.98787462537484,70.94301722968409,70.88855134398631,70.80557871994063,70.82592507800865,70.7781101268349,70.70247934472957,70.59388332255993,70.59095656836048,70.72343650409691,70.81967969444825,70.95112489362496,71.08740342825172,71.11956806189268,71.1926933778228,71.18385631161064,71.13114892823229
42,81.281629019129,80.22054334554333,79.65226393976393,78.49313186813188,77.14499084249084,77.588539546873,77.43317780103513,77.21492928367942,78.84234952290518,78.46617572242585,78.54113571613594,77.5547966693803,77.13456216148552,76.426484097913,76.13650183150212,75.85940838675238,75.1735285139699,74.48428554470247,73.83777713514581,73.76734813797334,73.59824263038563,73.07954476079487,72.64431150572463,72.20087356701941,71.80197232397222,71.58049724492031,71.36476469346835,71.42116056892839,71.56378626163105,71.60350308641966,71.5329863983089,71.67119486416358,71.61284178784172,71.51998386961618,71.31274114774114,71.035898283815,71.01753855503858,71.17042419081896,71.32317515105976,71.68702622608873,71.88374877155367,71.7532214809002,71.86089021873926,71.9946767353019,72.0773261203819,72.17840807541921,72.19705639120569,72.20171427723557,72.14303437492251,72.1964722222227,72.1069855435056,72.04591854904399,72.08538974128639,72.27554294984894,72.34891765641804,72.44098094365991,72.58945467300778,72.58205005403329,72.65895616467705,72.68760183489407
43,84.32167277167272,81.47375864875866,79.07578856328848,78.51333562271053,76.68645400895393,76.16673195631526,75.97833086225941,75.82509666259665,75.81704370732153,75.31978174603182,74.69568348318346,74.50721747388403,74.4690941892864,74.17281418977838,73.97589167005823,73.94276779354895,73.45313360386882,72.85252481571916,72.50430590364793,72.68983669108667,72.660593396903,72.40424112924114,72.26152762294073,71.84191362264282,71.63517256817262,71.5663821577284,71.34007013219984,71.28840085179384,71.35856069218151,71.18759123592469,71.18920710412657,71.24603603861426,71.24553810387154,71.14249383514097,70.95033257747546,70.85257441889385,71.04131562881555,71.1446275946275,71.25689187355842,71.36919134106621,71.17772280790557,70.81679954745417,70.73873022971848,70.74621743996731,70.68489135350245,70.7039240147936,70.54928861524606,70.6576675061049,70.83880198599572,71.05142226292207,71.06456143711027,71.15555907767427,71.24712469570939,71.47551242481782,71.44040394790375,71.45055244854332,71.43117578490366,71.39616507375109,71.26457906500264,71.10948243114895
44,69.93838013838011,73.91579670329673,74.03546160629502,73.81550671550683,74.16912698412709,76.14832112332118,77.35349075527645,77.35240066646313,77.3203155383711,76.83051739926736,75.94136742886741,75.5826422805588,75.25256997276217,74.65612390255237,74.10020010853334,73.80303596866084,73.20599308099304,72.6218448989282,72.23673259002202,72.37868055555549,72.49794125627447,72.3668042605542,72.46315009467185,72.43411977682813,72.58017867317875,72.7077656851696,72.34792203681098,72.2126722483865,72.3855414859725,72.24795007461682,72.26057954888606,72.26407394688657,72.1899591149593,72.12953581005067,72.054035118321,71.96532879414838,72.16659997910014,72.23581616969791,72.27398054224999,72.51408068783091,72.39092451135156,72.33337597147147,72.28549504973957,72.40461448273975,72.4042584678698,72.56282770168657,72.51919439898184,72.64680451685675,72.62126805545189,72.54832987382996,72.38841315728581,72.36343805766889,72.33036232635294,72.41306132139471,72.44301901801907,72.39665342098387,72.29193103842226,72.29859023479712,72.23337256748277,72.14783136616477
45,75.86654456654455,74.91901455026462,75.07204076787414,72.44853479853488,70.84530423280432,70.66974630307972,70.40446755625324,69.7809593762719,70.68019999547779,71.6082631257631,71.98641081141076,71.76387659408485,71.45893639835938,71.1676718123145,70.90213844797168,70.6767253001627,70.24139822595689,70.053542882015,69.760149304886,69.86818935693927,69.91929254607814,69.61899928774915,69.3822872980481,69.24740664428161,69.02849267399259,68.99800119752038,68.94726066114953,68.95482658875513,69.05267146646455,68.96513634513632,69.0445143566111,69.01486473595845,69.01650602483925,69.15391588259223,69.1819768591196,69.26640960634009,69.60027225027216,69.84521654028221,69.73003141208254,69.89891547110281,69.89880604941568,69.70308448165585,69.57873505693257,69.54543708606188,69.55773085967506,69.6924642989858,69.773101927623,70.05310623982483,70.23230420373268,70.39873717948706,70.53772185512364,70.80250334601278,71.0907177029817,71.36014721732295,71.48432299182275,71.52777468893518,71.45008818342127,71.42509525914673,71.3234463276834,71.22803562949375
46,74.07611416361418,71.79622252747252,70.24649470899467,68.33325829263327,67.65091575091577,68.41017670601006,68.78406157334722,69.08507008038245,69.92595645095633,69.99507987382978,69.94764494764485,71.49440544023864,71.73511669953957,71.8465786528285,72.09638990638967,72.36418873371973,72.372571464483,72.08471967846941,72.00512686631083,71.87178851241323,71.79646055003164,71.42144730269699,71.31743487993465,70.89291458926859,70.51030932030918,70.22629633543085,69.99821221302687,69.98310457730085,70.3357088473466,70.31518840727153,70.37996031746012,70.44564557259851,70.27295651878966,70.24868562809715,70.21612840862817,69.94190281169429,69.95412830412812,69.98475903969307,70.06442620769528,70.31591994810728,70.50237437584978,70.32580406806575,70.45209664366621,70.60362727550215,70.74066069732724,70.93661411052695,71.1087235557978,71.3385856523875,71.52280448198792,71.65230392755366,71.7344313366369,71.93711677389531,72.15427446417985,72.39239926739903,72.4904636104634,72.50583155270638,72.54024386107702,72.57630240130229,72.5774833923138,72.57701753493414
47,72.4254680504681,72.96378205128204,70.51588488671818,67.7014830077329,66.78695360195353,66.52397656355983,67.53624265945692,68.62409060846561,68.92583378555601,69.26046245421239,68.96821881821877,69.31117809659472,69.37629927052998,69.27453122274545,69.24376780626774,69.0489325778388,68.38851959587241,68.28551389454147,68.36849816849792,68.17709859584836,68.05801427408544,67.68027227402197,67.7221569694393,67.6085976716182,67.54235409035381,67.68709847844434,67.5652334976406,67.61429716117195,67.85277426915337,67.94664055080705,68.2653025588508,68.36095721408208,68.29070004069987,68.34989181570059,68.33017006802719,68.29440289648622,68.48154624404629,68.64911584516854,68.66472950126803,68.89868729649986,68.92243962000063,68.74430877764216,68.78871461226126,68.88656343656358,68.87045855379203,68.82478997451835,68.7711713818098,68.91101179877234,68.95024222753835,69.02631684981706,69.01262200036736,69.10553364014926,69.13062015727138,69.29259400578887,69.37609510859549,69.47573141970494,69.50483170176186,69.49247786058164,69.46706901071332,69.46325100054291
48,70.30005087505087,69.0462377899877,70.46297822547818,68.27559523809522,67.2820248270248,66.72701041242703,67.58111663468799,66.88687423687415,67.83744290688728,68.6178652828652,69.30552919302913,69.98932387057376,70.53262930089844,70.34782654514783,70.40211436711432,70.60906052859168,70.67237365031474,70.86116339935775,71.07867157209255,70.76889295889285,70.42810071321968,70.03649244274224,69.63619428075936,69.46086033950601,69.09067114367099,68.88244517234882,68.61614416105142,68.50572871242503,68.61514760781989,68.56582705874358,68.62404420549571,68.72030932030924,68.53341411674735,68.4605402631137,68.48070280248837,68.4541772656354,68.61233967483949,68.93378625516765,69.01317063752947,69.2057387057386,69.31379991959246,69.25918282555169,69.24965251157089,69.20487429237414,69.19528263917134,69.34660132540554,69.38911057421683,69.46484989740195,69.51064866728125,69.53239926739923,69.43440829323183,69.57650374909993,69.5103670874898,69.60887204359435,69.70691299441302,69.73075932830405,69.6616129890253,69.6948070607554,69.6151867200596,69.47995506037174
49,76.53705738705739,75.10033831908835,71.97310914394247,70.0246743996744,68.46890313390315,69.71585520960525,69.71127391127389,69.23575053418801,69.9796590241035,70.50421703296702,70.66289358789359,70.91657721136879,70.7504723552799,70.76810243328084,70.86881020214344,71.40531930453798,71.05865414541883,70.77094214941432,70.51848933230514,70.83263710826215,70.67436890710701,70.50883815258814,70.4915949992036,70.18668303147466,69.8482781847781,69.79050104098178,69.82239086359455,69.90457548403974,70.06998143937791,70.10723307556637,70.11639637244477,70.17499888710827,70.04146732896734,70.03145574469104,70.09196072446076,70.04539072039077,70.14791178541185,70.41168733800319,70.30623415046493,70.55456374643869,70.6627322880371,70.68982196154819,70.60478036175711,70.70447746697758,70.82576685660034,70.91890494770941,70.86541340849858,70.82196138159689,70.82714111285547,70.82000732600741,70.70735214313665,70.78610876303196,70.87047768793067,70.93909860715429,71.05207542457555,71.02307537865585,70.93543768609577,70.82739007480404,70.75896323544644,70.62261099240284
50,77.43635022385021,78.02376373626372,79.44489892823226,79.6394218050468,77.61049348799342,78.6935719373219,79.04111503575783,78.2022124287748,77.36925224980773,76.41360551485549,75.99712000962006,75.19190789919955,74.80618327541401,74.34476277690567,74.04500847917517,73.9795355107855,73.18757032727615,72.62743832813278,72.3563714307136,72.40866376678875,72.50790283349811,72.21460576460574,72.05967333793416,71.80385039343365,71.3161487586487,71.07404354904341,70.8749572272718,70.81932924879331,71.03796717331183,71.16383241758233,71.34336277521756,71.42159995675617,71.19943004526337,71.1998750568603,71.11513794406646,71.03976196128971,71.18954407704399,71.48638985283716,71.36442125063913,71.62294808201052,71.67309876212302,71.5141953505047,71.50959645436373,71.5074580512079,71.47075204630758,71.56996270637566,71.52312011274768,71.55437122676695,71.61853616904632,71.79846275946265,71.71219085924955,71.77314335415291,71.81361713932456,72.10835650974528,72.21507927257915,72.18461765582293,72.0886295153838,72.02338655916232,71.9431897277235,71.79665810269964
51,77.71410765160766,77.76136294261293,75.32323124406457,72.83602843915345,71.96833740333746,72.1861331569665,72.54496991104138,72.3308741605617,72.41215574548917,72.34736467236476,71.8017311392313,71.993331128748,71.54069886666069,71.22504288040022,71.02816035816055,70.63491650132292,70.37511521702713,70.10798173020405,69.98605327421129,70.17984864672376,70.21903671725099,70.24160006660003,70.448513342535,70.35154999321658,70.31557163207152,70.37581145706133,70.35061200801933,70.40364265364252,70.57203012504729,70.42282729616056,70.36102889046431,70.2369209783272,70.20707055290391,70.22451997893181,70.2130908773766,70.11593491385158,70.33969147719141,70.3367012617012,70.38329185059945,70.71621324277567,70.8828623048134,70.75105953349988,70.80583548664941,70.81333180708181,70.76750825306377,70.77830488754404,70.81464692714684,70.86753323836649,70.94311380229736,70.97091737891715,70.88640638591596,70.8325264745936,70.87478574884219,71.06319284282239,71.0714313464312,71.0129732288213,70.97017044034574,70.92268939553415,70.89569640184037,70.91836012752671
52,78.09601648351654,80.70281339031341,79.19161070411074,75.66387362637367,72.55004477004472,73.46810473477143,73.63685606721316,73.38920749389493,73.22029914529912,72.76397792022796,72.49730685980687,72.19038715913713,72.89572884380581,72.47914486307346,72.12490638990644,72.03172949735452,72.01765244559365,71.87286466105915,71.73962550607297,72.08217134717144,72.19925044091731,71.76704591704619,71.43586713206294,71.25312542395896,71.01573992674,70.76120268620274,70.4912353592909,70.37996358799924,70.37735884804843,70.29481074481065,70.40769115890072,70.45237729573657,70.42603399686722,70.21448472551394,70.04431594860147,69.87931830258185,70.02993006742975,70.11849174217565,70.13891589180017,70.1931215659337,70.26770799209791,70.09150483555214,70.11231554836174,70.11778106153074,70.10415106498415,70.27103329440257,70.23863408065506,70.27185888956687,70.32450962680521,70.29521204721175,70.14703129114865,70.15316873297613,70.11153116624781,70.18013244471547,70.24161477411442,70.23938301282023,70.20185087005233,70.17864765343191,70.20654580824059,70.11175680029838
53,73.60596255596258,73.77388329263324,71.37555962555966,70.35030143467645,69.17140211640213,69.81532441324107,70.06623350194776,70.43843673687425,71.42919040835709,71.974217032967,72.61774244274248,72.9248461029711,72.82964176137251,72.69405743066456,73.02041310541308,72.87207786426534,72.46437968349724,72.12563622077506,71.89645856093217,72.0315646621896,72.30767898327413,71.98084808709807,71.94534626002014,71.8673132037716,71.97963085063088,72.0665537631884,71.99273033208209,71.76228650648277,71.74624138632747,71.64321360738013,71.78281883886702,71.84129941239294,71.64647636314284,71.55932629462019,71.32770902378024,71.14676166169203,71.30959902209881,71.50372994451921,71.55277112488629,71.81530041717515,71.790116838897,71.59629799213103,71.54271173486255,71.50979113479087,71.56028116944763,71.61212651076758,71.68205517886352,71.7628541115518,71.71977357487535,71.67605860805836,71.55532911170135,71.51591400942337,71.57135177889872,71.72581588507492,71.63475672475656,71.61136376024756,71.57116473519972,71.4152202363408,71.26341083586829,71.13831654456636
54,73.91722120472117,73.27395706145705,70.65634072717405,69.56097120472114,68.0699358974358,68.017273775607,67.27947264375827,66.67230298636541,67.5877662460995,67.89866452991443,68.53126919376913,69.7757203059285,70.15993198397037,70.34139412175121,70.47898555148547,70.12084827787946,69.75494445641502,69.67514131958576,69.59299986076299,69.58080357142856,69.71113364149079,69.26618936618941,69.04514806851772,68.936041581875,68.77993203093209,68.56429491092955,68.69390987955805,68.80671877725455,69.14123019381648,69.03289021164024,69.03333858495144,68.95546159569594,68.9452158952159,69.02105882951471,69.05449081341935,68.83636548636544,69.00384409134404,69.44001416468517,69.52286076933505,69.78230222323961,69.61196531562375,69.28309179797265,69.27499266452737,69.29644822769797,69.40223737168154,69.50551518730833,69.53950036370222,69.49427252916811,69.45952567840298,69.41507214082195,69.29012754674497,69.36900320121448,69.42427152686557,69.52894592547342,69.63051041551016,69.61179074728152,69.62656177480704,69.70697953068607,69.63247449349109,69.54183650454449
55,81.58873626373628,81.58399725274724,78.22329568579575,74.36998371998378,72.39330891330894,72.89637600054266,72.69228879586026,73.00051447395195,74.06071993849768,73.51088064713056,73.49509749509735,73.5465951872201,73.16263853667682,72.6175449880805,72.62491893908542,72.57965029761885,72.32982205702781,71.86850014697237,71.70105579118739,71.61794795482297,71.47131785762738,70.96389258889256,71.02317380686952,70.80774954212461,70.41638665038671,70.2081574230613,70.14966968902156,70.11163984824702,70.35359142772938,70.21619997286669,70.14650242230894,70.04060147028908,69.97787197370545,69.88655252699387,69.80283635676507,69.67471114276681,69.78577052327064,70.11163980999517,70.18085180489041,70.43896443833957,70.63357480369687,70.55130494505516,70.56620050922385,70.49987674362674,70.51538868538854,70.39022402718038,70.19991048155924,70.13491724325038,70.14204833337475,70.12176638176632,70.15704479797611,70.06556463479535,70.09368669415828,70.32691158293004,70.3759470159469,70.41906524361875,70.43000137451894,70.44545773511292,70.36833717914229,70.31620268620274
56,79.53157814407808,79.60670278795276,76.9332400624067,73.16795762108264,70.95591066341066,71.00883445258444,70.1689829350544,70.02534976597477,70.69775245330801,70.71707570207568,70.95197302697305,71.65647597001772,71.61813225947847,71.46497216407931,71.7275132275132,71.40850122100119,71.08272343125277,70.78145576131683,70.42823190454767,70.4176327838828,70.63824326026709,70.02784992784986,69.90203035692166,69.77286663953335,69.62825457875454,69.79902613412229,69.83779582899962,70.12872332693765,70.21448991621416,70.26671533713213,70.4925791353212,70.55912316849829,70.43364767948111,70.22402499461329,70.07046601546608,69.80583452041795,69.91350801350812,70.05665231454712,70.08474009371454,70.21272906491662,70.21353350804571,69.89147685427444,69.78939160538,69.66407365782369,69.64685682630135,69.70985759409686,69.60956494254378,69.81928461199308,69.94968405555159,70.07069444444456,70.16893689099592,70.13710464215292,70.10340968430602,70.34089628649829,70.4411573611575,70.57113694836922,70.47827876314727,70.37743410803766,70.27607113539321,70.11398402523407
57,74.80444139194135,74.23875661375655,74.57756240672909,71.49897486772475,70.51900895400885,71.50013736263722,71.45845906738754,71.20312118437107,71.84022520689182,71.64933760683753,71.52703176453171,71.82850232329395,72.38126976300045,72.22804378161513,72.38463437796769,72.41849276302402,72.08404528478056,71.9179357165468,71.8159158580211,71.76971637159134,71.45945234219043,70.75639568764561,70.58587841305213,70.20105353751163,69.73170879120846,69.55757412103547,69.53520798474484,69.31755770684323,69.71276928690703,69.47233041649689,69.42259344598034,69.45400847705515,69.48741150824472,69.55976546601535,69.48792458863872,69.39299690792731,69.47858985358972,69.54168648116004,69.41782231301448,69.41403337403324,69.26203505166906,68.97005203790904,68.85842159563083,68.8623428654678,68.84329444218334,68.87190170940166,68.72268691710167,68.81858698785769,68.85966449461338,68.9009859584858,68.8115930275242,68.78985032951354,68.8691513849531,68.94390761844446,68.98559274059261,68.99793656244537,69.01072392519757,68.9620195816316,68.91098263005044,68.7916671754172
58,71.84690679690682,72.95859533984535,72.05936100936106,71.16772741147739,69.97212555962548,70.28112026862028,70.20191798941802,70.18046716015469,71.4937881562882,71.45596866096875,71.80394836644841,72.41121879663551,72.904459002536,73.09197591429745,73.01006919006929,73.26962346102974,73.28663362781012,73.45565928413149,73.57918808774075,73.44184676434682,73.51668919704636,73.0147870647872,72.7839225991402,72.5168317986028,72.3204161579163,72.14188073322713,71.96147854203436,71.81683782487384,71.96491709121044,71.70438763397121,71.73693167644802,71.8275660103787,71.73523143523163,71.59616671454933,71.50048273155434,71.36835911002598,71.66786525536548,71.79468703810835,71.70833320288473,71.81654825498597,71.88969395554787,71.71815427738063,71.6159794985378,71.57259719447234,71.40356385384172,71.4061903877122,71.21221596567345,71.29966231684985,71.30431316604785,71.39551282051288,71.33762040428715,71.28309177467844,71.28805981754107,71.37990501439589,71.3900404225406,71.4752160372698,71.41364781255155,71.48666792977158,71.49327871594849,71.4133467304303
59,70.18172568172571,69.62049755799758,68.51295617962289,68.57668777981281,68.70421652421653,69.34514821598157,70.8336124193267,70.7875407000407,72.50483030344145,72.78776353276352,72.86256983756982,72.48368437118435,72.52856281894739,72.361303709518,72.23947700447697,71.9802385403948,71.51872321578203,70.97404609279604,70.8741894801105,70.84776022588522,70.82882701513657,70.4342111592111,70.26211534037617,70.14941006138919,70.30586243386239,70.04950416392722,69.87785182924068,69.79161379295304,69.74906424992623,69.61903981820639,69.71666551787509,69.59415954415944,69.50901305484628,69.4696766740883,69.44287952787937,69.31823545538808,69.32768909018895,69.32729205492346,69.21609438756862,69.50096560846553,69.40512584750384,69.13407065817776,69.07379378803792,69.09019429644431,68.99063028535245,69.0604114685636,69.04531354185592,69.07037577584443,69.20871842632035,69.36570533170534,69.19230140774263,69.12625524404373,69.04927392663247,69.23265085394716,69.34377381877388,69.30393309567415,69.34877873101551,69.32658817874322,69.36211516042003,69.27778947903927
60,80.36441290191286,74.28149420024421,72.13180708180707,69.62474308099297,68.1924877899877,68.65880731922394,68.91307343450205,69.52622036528284,69.95098810654359,69.55579365079356,69.4302826802826,69.93663809184632,70.10262280454573,69.6379200825628,69.50202347035673,69.70503631206745,69.67398998060746,69.81514889431536,69.85881450420905,69.7150022893771,69.55418750121115,69.29467846967827,69.26676089610855,69.03888464930107,68.84507326007295,68.724273073792,68.47255611329658,68.31610794958979,68.5258575077538,68.53940221815192,68.71914822035767,68.83367530906571,68.82253302253284,68.76437025664944,68.7836474504329,68.72446270293467,69.14492610742586,69.52111689480084,69.71272541560971,69.91639957264927,69.78103390511897,69.44674339108832,69.45177471107668,69.54496891996855,69.63684812101451,69.86930586522952,70.00400202634216,70.11027750220428,70.25657907851757,70.34220634920614,70.24304268716017,70.27762926176375,70.25216314956867,70.41331032650454,70.62485939985912,70.63505291005261,70.50904647659003,70.52483088431333,70.4603691976571,70.28630231651042
61,70.53174603174602,70.95496031746032,71.67187118437111,71.47855743793241,71.15358262108256,72.17803639261959,72.48621431478566,72.45522741147738,72.67824695880249,72.94652370777371,73.04226421726425,74.0439768179351,74.92124463855238,74.92222403918841,75.07903676570358,74.80989933099329,74.37741057961668,73.9575111359836,73.6228134438663,73.39944317256833,73.5837962962964,73.17118275243281,72.8877262833786,72.52204352360611,72.0264967439968,71.63270091731634,71.29454977464243,71.0679129237166,71.18314720081968,71.35009242300907,71.31922633817787,71.33893388151198,71.2604694688028,71.2082053975437,71.17647246932962,70.9069997004025,70.8718907093907,71.05464087569348,71.13250159147593,71.37116656491655,71.43507661038147,71.38585528228386,71.37199683391547,71.4794900701151,71.74389815945378,72.04361230556896,72.10727524052004,72.20751562288032,72.32744958178631,72.34339947089948,72.32798407112135,72.35139984659219,72.31246025986596,72.48883810805108,72.55397001147003,72.61622150997154,72.65882601803656,72.63664907091628,72.59397975690342,72.52336987857824
62,74.55557081807079,73.70520451770446,73.30069529236195,72.53490155677652,71.18214387464378,72.55864706281368,73.3342287342287,74.40572853072852,75.9956230497897,76.75857397232399,77.18813917563928,77.26541895604393,77.27965898062055,76.60706945171228,76.81757393840725,76.6701096357346,76.07142378318845,75.4757896938452,75.10261390656122,74.70509386446888,74.13397799290651,73.65763611388594,73.33181416007487,72.80790704280271,72.49683190883172,72.18655411540018,71.8359490646527,71.69976361271002,71.74768764122219,71.44584503459507,71.44234149959965,71.4889974753257,71.42661751828426,71.43980209605218,71.45599686028268,71.25056061479677,71.302603977604,71.45229272433225,71.39978332446286,71.48973137973138,71.57901627505284,71.3729550652169,71.45887485683993,71.41779886779872,71.39340941979815,71.3675264550263,71.2076990188691,71.17218554978965,71.20732829151191,71.3412013634513,71.29383853256398,71.26337876866721,71.241073828338,71.48211242632539,71.5223708698709,71.50553674995642,71.42259405636607,71.47984716433002,71.50629048446854,71.5539278930946
63,74.55701058201053,74.75128459503456,71.97129120879117,70.57443783068781,69.0164051689052,70.74104853479855,71.1066820745393,70.53545291514048,71.10016336544118,71.8195105820106,71.54619593369584,71.46838539546856,71.54577776212373,71.83242521367505,71.57472222222206,71.58893722018712,71.17455289808228,70.62585752724641,70.36099329520383,70.3424361518111,70.15071515785803,69.79947876197873,69.8418199554069,69.7808622897165,69.67886263736267,69.47204161579162,69.3765944617796,69.38646959852314,69.60884787307208,69.45102343644018,69.55311568658345,69.5467694342695,69.65470362970376,69.67347195288377,69.6686839351126,69.57880361665092,69.74798631048641,69.99438540260918,70.16636493848037,70.37197840354094,70.22480803974709,69.98190144291345,69.92705760002285,69.91756946756952,70.16686688825573,70.23418714940448,70.31250227314051,70.23015417260208,70.11555167243945,70.10540038665036,70.05109880134387,70.09663207163207,70.10755916864404,70.2602479310812,70.42223998223986,70.60355870980854,70.82778554291697,70.91948944254962,70.83052063285098,70.7666748914664
64,81.72981786731786,79.8219831094831,80.92259191425866,79.32457264957266,78.05043752543757,77.6612679758513,77.24076617826617,77.4940577940577,77.84661398272497,77.03496642246634,76.56625365375368,76.80360449735451,76.72314032121731,76.24874411302993,76.11552265635609,75.984346382784,75.63285331226517,75.26297002894235,74.93261465629888,74.6013097781848,74.42243129445517,73.88976833351839,73.3988205836032,72.9400259462759,72.62497334147324,72.39377387213915,72.22383156966478,72.04066788039997,72.2189651663789,72.10621981413647,72.16466891829792,72.15297157992471,71.84651613818284,71.72108920491277,71.64728341764064,71.4858773685163,71.6154328779329,71.88011856564489,71.85656718637492,72.06353797822555,72.12266148485666,71.95153000658964,71.97280054140522,72.0512256262256,72.02820512820504,72.08461593760507,71.90414285281305,71.87038202923613,71.84241297251504,71.83646733821732,71.71001310780723,71.70273365345476,71.87377007164737,71.94724690604315,71.86406306656296,71.79132017123088,71.65653351684053,71.67390609869057,71.67117893876369,71.60474986433313
65,74.9015415140416,74.25398860398869,74.40752781169451,71.39859330484333,69.75002645502649,68.60672822547829,68.15589060410493,68.04111149267399,69.32562293673405,69.5375625763126,69.71927470677466,69.85593287884949,69.9013916283147,69.72245152334446,69.85487586487594,69.16667843152229,68.66943337163931,68.9936914936915,68.91237709658762,68.92551638176634,69.04001080489172,68.68946285196284,68.4035468758294,68.12049480226551,67.93808241758231,67.93486604207745,67.78582074646872,67.79988607622514,68.0416819291817,68.23810269976912,68.49183455433425,68.71117136624919,68.71448119781427,68.75042046733195,68.57526266061959,68.4497507122505,68.67988950488932,68.96410363515604,69.08566862861711,69.46047949735424,69.66406111954868,69.81844123689343,69.907973895183,69.93922824860302,70.0277648894314,70.09581276211695,70.05621671472717,70.0652903905506,70.16219672240058,70.20895207570184,70.14413320883884,70.05234005666672,70.19506128043841,70.39918336122024,70.48084110334102,70.54764039697066,70.58849242050984,70.6806013431012,70.6632198388552,70.63446165716974
66,72.49300468050468,73.06367775742781,74.33256003256008,73.74778820716317,73.00168294668295,73.53028422195085,73.90904049654054,73.7832290394791,73.3243663229775,73.17321784696793,72.82287758537767,72.47240494844672,72.5067440750134,72.31356873946169,72.15406559489895,71.93416641229143,71.76843771696717,71.75457310179526,71.50482108047896,71.49989901302406,71.2455048258621,70.71977443852457,70.50893587089243,70.26524449701536,70.21300508750518,70.1766238924894,70.11676973575132,70.12028079394162,70.24364307467755,70.4375783475783,70.52259492299812,70.48530490053929,70.42777469444138,70.37173666475145,70.26823289144737,70.30677514358085,70.4707671957674,70.44455489685777,70.58334546507646,70.9795536986164,71.03086006134808,70.98200077039391,71.13088612507251,71.25931221556252,71.39772317189018,71.54873442781084,71.57862652516937,71.78788580246946,71.96007595956607,72.13915445665475,72.18849964487252,72.28600916533638,72.39902463888342,72.53313972550112,72.75385743885768,72.99318728559825,73.19567472813111,73.21371415940398,73.26836779040183,73.29430597951443
67,78.68988603988602,76.66938085063089,73.58474765974772,70.35388176638182,68.8626668701669,70.60901421109754,71.66171579743009,71.79673700142448,72.8676050287161,73.14167836792835,73.75561521811512,74.3844788698955,75.04386329482485,75.06113872899596,74.74927960927974,74.58037240537251,74.08941290191304,73.63743612354737,73.41110414926219,73.62024801587314,73.67062450336275,73.46822899322905,73.33902647272221,72.90286744505501,72.6605567765569,72.43136172943883,72.08092995824497,72.16556522181544,72.30131275174406,72.33825413783772,72.49752468260556,72.56630608974373,72.33496827246844,72.31860321051512,72.19950244200261,72.07396313819936,72.2137903012904,72.48193279673549,72.50121134800627,72.46568159849413,72.33654938106153,72.08604884973927,72.04701753887805,71.95361120361119,71.89678741012072,71.98058364743154,71.87508269901902,71.88021543464272,71.94113870823064,71.93619159544174,71.76873977511245,71.6997811394447,71.67144527380387,71.85126009963987,71.90711741961752,71.88468388423752,71.78265883726421,71.80056681823936,71.75457763360316,71.6521799959302
68,71.45553520553521,72.59198463573459,70.865930674264,67.41750864875871,65.62136650386658,66.31284679826356,66.43640982033845,65.76817320411078,66.72444489666721,67.455282865283,67.59914529914538,68.51942409442415,68.24430942988637,67.81130043897906,67.92357651607661,67.51367171601558,67.30101450836754,67.15405926378159,67.50602949681904,67.84335851648362,67.92215608465622,67.78686706811713,67.93844782431748,68.28145964760547,68.44433048433052,68.55258993143605,68.39634415652931,68.62005803389732,69.0141464219051,69.07530084113424,68.9969113920728,68.99255332341285,69.05983661400339,68.91867578227885,68.79587461480337,68.6101263962377,68.62153733403748,68.90032037893899,69.15325013305802,69.5431730769233,69.75503054984785,69.771236094153,70.00428959498738,70.31175063362579,70.63213471713489,70.88292190900891,70.99437538426905,71.2117800120405,71.54093416976073,71.69715740740736,71.72766615193083,71.80425012131735,71.98096207600923,72.1886012564253,72.35820364820358,72.51534736757942,72.50969535662506,72.45726872903585,72.4239631837088,72.23221357346343
69,74.83774420024419,74.11467236467236,73.17244946411611,69.6977691290192,68.17163207163212,68.95871320037985,70.56948950520385,71.10225440069196,71.04996269162936,71.60025335775335,72.52725376475371,73.07774682878836,73.27289455558675,72.87952460898885,72.84002272418937,73.04944037444034,72.83924022600492,72.65108392122283,72.57390939956733,72.58266305453809,72.84154069035019,72.65875721500713,72.76502096936866,72.8899922415546,73.08269027269012,73.45272670705356,73.51753832587153,73.67563103232733,74.02830249252649,74.00048246506567,73.90089769847819,73.8419013278387,73.61868085618072,73.5106438088055,73.26905212512345,72.90929331727934,72.94312829312814,73.10329643553311,73.06422505557104,73.23350758038237,73.18225986975973,73.04709418667743,73.17026246793688,73.24807669182672,73.24073667073675,73.42793792359016,73.30025567419194,73.37135395468742,73.27492929406206,73.20638125763136,72.99311540855679,72.98067667731148,72.94082972408465,72.98919046488507,72.877538942539,72.84781282705396,72.72008047183493,72.55672331340443,72.43988914412654,72.25966634445814
70,66.52530525030525,70.44751729751728,71.15071394654724,69.50551867114359,68.3686131461131,69.46786731786734,70.67056442235017,71.93132631257637,73.40759564509568,74.39819190069188,75.25881017131015,75.79796160629493,76.00860688456831,75.93365348276053,76.16693630443623,76.19438403032139,76.16837008307586,75.98523210328754,76.14343336974906,76.14312220187209,76.34919787003112,76.29351134976126,76.34040496540489,76.28549382716045,76.28202523402518,76.20031933878082,76.09016999804018,76.0403473675793,75.87696360153234,75.69148368606686,75.5196180760695,75.2761246565932,75.03762364179008,74.86643608298,74.59306762021032,74.20825786867438,74.21678106678094,74.32779598569057,74.3493901516336,74.47767971611712,74.30973686430984,73.88388326840688,73.79356146652646,73.78430088430076,73.76374903902675,73.73450865760638,73.66334160323512,73.56506590438883,73.51844127150238,73.44994678469675,73.24383553991393,73.12508834648254,73.17644821111801,73.2707889589833,73.2630853405852,73.2443185286933,73.09138230190838,73.05115389878299,73.00855364817215,72.89436770790921
71,74.11572547822544,68.5798941798942,69.35863858363858,68.04844703907207,65.46153744403755,66.22541039207712,66.82257471364622,67.83791717541725,68.2099455071678,68.90629782254793,68.76381905131915,68.96996421788084,69.61461483673014,69.26443688586532,69.4130138380137,69.43589075854692,68.98290987335098,69.01246777913437,68.99128269391421,68.8205649674399,68.71995028780736,68.59736235986233,68.4618496841322,68.23837038732864,68.10955799755787,67.99913453711518,67.84390686474005,68.0421025568346,68.2638527500596,68.4438780355446,68.56442340514906,68.52243192282239,68.56667946251267,68.53661881419218,68.3374495610208,68.06225057093094,68.25384010383995,68.19600778120504,68.20166661448702,68.14817015160752,68.0686830558781,67.96241750973887,67.94929721441343,67.96161882099389,68.0237921132366,68.019429513723,68.2060763212359,68.36372661867456,68.50756345883893,68.74088919413913,68.84524477882314,68.98132983469522,69.0958478279233,69.26177597265567,69.37302475302481,69.34836118742375,69.27408219623136,69.27865431981814,69.17601836330655,69.06539343372688
72,75.35346967846965,75.89268416768412,74.77384513634509,73.14560439560438,72.72914936914933,73.48482397232401,75.21682001860579,74.40855972730971,75.2132190340523,75.73787647537642,75.70569430569435,76.30859915547423,76.92307653173036,76.5515117157974,76.66168498168493,76.47785599816854,76.09001442457327,75.75431137792249,75.6798350041771,75.9296881359381,75.78238729964916,75.1788822288822,74.95675576436446,74.53060727852392,74.21406430606437,73.8652314032123,73.42123392725263,73.11754571486732,73.19132843529407,72.91556556098227,72.93818369503859,72.82654739646932,72.53684201600878,72.38921703296707,72.19455302633874,71.91752419391305,72.01322971322969,72.27025375939849,72.24213823925362,72.28392094017096,72.13178325739302,71.81258612419336,71.83467288525439,71.85195591445597,71.8229074526298,71.85676439100368,71.92544055629182,72.07555273623004,72.25584907345132,72.40264824989845,72.32846429169979,72.2392012812689,72.21720536626228,72.2533943080242,72.1625637325639,72.03075333231605,72.08654149619085,72.06687200889807,71.88387545442653,71.78053401845091
73,75.566687016687,71.48103632478633,70.3114926739927,69.08832671957671,68.99733211233206,69.28657916157908,69.22207977207968,69.26246375152616,70.11420261836915,70.64146164021147,71.0923493173492,71.85685541310532,72.27173695250616,72.93716495145068,73.56993352326685,74.19373632733006,74.23446844549784,74.08664756025867,73.74446532999166,73.64729319291817,73.87664229509461,73.74633468383472,73.91171630302071,73.75775462962969,73.3881884411885,73.17776192824277,72.80098980237872,72.6134549973836,72.7515650218237,72.76664970831644,72.77785277744955,72.77048627009563,72.42056693306692,72.28718547247962,72.14990813419391,71.90173031700814,71.9797892672893,72.02160998114947,71.94532079980803,71.97876233719985,71.8009449110059,71.45779938756124,71.4992500070988,71.45550202112706,71.50417865056758,71.73034475588828,71.7673110478962,71.63020992317882,71.62304587891336,71.5457576312578,71.40505388765216,71.30373745734346,71.21718002472744,71.25986486079107,71.28000980501012,71.23117359657569,71.18553497347379,71.24067056825696,71.3002757600217,71.27387828992016
74,72.39525844525845,73.86710673585675,73.60300501967168,72.86711563899064,72.72352360602362,73.44205586080587,73.42068870283151,73.6065387159137,74.49653653959214,74.80914173789178,75.05936193436197,74.80628858024703,74.81150089227019,74.69567053317056,74.47906559489893,74.30755717083831,73.87059092867902,73.70378425586742,73.57904215667355,73.3986027167275,73.37657373490693,73.21591672216661,73.2912550211463,72.78757864434952,72.427160968661,72.09974660311202,71.95695179306291,71.68741532937963,71.78159007340047,71.65881613756615,71.6788387687582,71.6949431789276,71.59435410268749,71.5947161770692,71.60891607070182,71.41520923777871,71.51601890351891,71.64276958421694,71.64765152938229,71.65736848799354,71.50800698849486,71.24161615500904,71.13472813792578,71.13604289229279,71.11476393976388,71.20354964077775,71.10376150642102,71.03783185371724,70.91374052062822,70.81671855921857,70.6572824143903,70.49432185513919,70.54683873952743,70.59790413633007,70.57303224553223,70.52089983429268,70.47760033988098,70.39891688770996,70.3140517752805,70.24372091642915
75,68.72731481481482,69.25522232397233,70.06841507258183,68.5832417582418,67.95147944647938,69.12010242843566,70.2990144775859,70.93975312881554,72.08194783611441,72.13204619454609,72.20615634365622,72.10032729616056,72.53628995648222,72.17913977556832,72.07814102564099,72.01028788919413,71.89746492614134,71.92753555600771,71.79794089925666,71.75216651404155,71.36288568133811,70.71060374810384,70.63573441453886,70.53314551960388,70.21833150183149,70.30828598040144,70.01460245858405,69.81396629164497,69.87400758564559,69.93649521774523,69.9547514015256,69.94440628815637,69.91623330373338,69.90216278819231,69.99819887784183,69.85911808099314,70.07689722689726,70.15902978600347,70.14709842626507,70.30383394383388,70.30912338564767,70.1797382842024,70.23530823181966,70.21343598531075,70.166924772758,70.12590413813234,70.0019450506152,69.93767647283269,69.86241527746624,69.85601912901906,69.74603623500674,69.8053878635608,69.79032673301535,69.98623632026407,70.04890535390538,69.98865595383445,70.00495835386174,70.1322622380812,70.11024140642783,70.09456400081395
76,73.53269230769229,69.28365893365896,71.87703500203509,70.66633597883603,70.11440170940179,69.8845492470493,70.09807401593123,70.11279380341885,71.27151110206671,72.35791615791625,72.33186165686178,72.74300340862847,73.00096819135284,72.54234294145017,72.47985653235662,72.28481856684994,72.11116467954712,71.678443675666,71.44403101771539,71.39924374236888,71.27946368005905,71.01183862433871,70.89435596609519,70.77092109279614,70.65907855107864,70.49951003412548,70.35651351392087,70.64606336124183,70.87338831347441,70.77268993352317,70.97227129202923,71.0018699760886,71.11734006733992,71.13920581052922,71.19306078841784,71.16705204517693,71.53112068112056,71.94618637940992,71.9369003266438,72.22846700752936,72.36765761338923,72.4043702880011,72.4265057831917,72.71354617604624,72.84108115135898,72.94705621471925,72.95469414352381,73.05781281796891,73.29497458323975,73.31865618640612,73.17388154692065,73.1525567648163,73.10924361278121,73.16458559444662,73.17269203019193,73.23740978763281,73.34592276631727,73.37470553871401,73.33467436518265,73.29870573870556
77,74.89181929181927,74.34170227920225,74.22729785646447,71.15292277167268,69.12058201058194,70.87891822683487,71.33345761381474,70.69549119861617,71.22222504861396,70.74869301994302,70.5252455877456,71.05253357753364,71.12166729282112,71.00824030466886,71.46957095373766,71.64159575956461,71.42797469415127,71.22710820558054,71.04404547694034,71.17270146520153,70.97827368839282,70.47335072335078,70.42011953424993,70.36286142484059,70.21487688237676,70.13689869603314,70.06110263193585,70.1799088973195,70.31833098255504,70.28121964455288,70.27613599065205,70.33922275641015,70.25240037740025,70.29326279657154,70.25624062445492,70.14125966625966,70.45621871871874,70.97664085427243,71.24632616908262,71.55542200854703,71.71002474264678,71.7405904170787,71.93248904411723,72.21961765086785,72.34265726043523,72.42226413884048,72.44444985668402,72.40947855192653,72.28602908806994,72.25966809116812,72.11944683856449,72.13246728342887,72.05306651768916,72.08222519935478,72.07307340807333,72.1365906084655,72.10471442138092,71.98379173508471,71.84065666756338,71.61180377492866
78,69.48858872608871,69.0853556166056,68.82625322208658,68.25102004477006,68.05144179894187,69.48096933930276,70.71604017675457,71.84441519129034,72.79808088002547,73.31426332926347,73.60734589484599,74.16494115452451,74.58843766632233,74.64697329786623,74.6917182200516,74.96110634157505,74.89308967176608,74.5931010604621,74.15507411691611,73.70900106837597,73.77892343547096,73.37490194990178,73.15713091256549,72.694850172975,72.42419658119624,72.08809269434236,71.86833254194337,71.58401069829614,71.69320291777166,71.5067777438608,71.51668521144305,71.43894119480034,71.34683711350354,71.19362700208261,71.07227745799145,70.88913125197818,71.02713895213873,71.32247472313242,71.42819169197354,71.72239634208363,71.70777271508958,71.63466710758361,71.75149761952063,71.81412175787148,71.91769275991467,71.98105379926008,71.99045908779924,72.00394122659728,72.04522926997399,72.03414835164824,71.8616026040045,71.83703478679426,71.92219803257527,72.02239717586939,72.02208920708922,72.00193370617488,71.9199355225672,71.79120361598825,71.67608087925906,71.58798373694229
79,82.36664122914125,83.5662672975173,79.71486060236059,76.49601012413511,74.23492063492064,74.81394145977482,75.17331748938896,74.38757313288563,75.54607753357756,75.87999643874646,76.16351888851895,76.84361984466163,76.705259306221,76.2790801790804,76.08574209740891,75.3644399292838,74.70457845531392,74.16786138244485,73.91387576848119,73.73415598290617,73.65197225613923,72.97072626447651,72.4585872661962,72.09048572954838,71.71277431827451,71.62560560877893,71.56169787003141,71.64867125268935,71.93344052180282,71.80095679012372,71.78793588430703,71.86063717821547,71.96820956820973,71.92459150326809,71.84133074597375,71.60562692194647,71.63966865216871,71.77565843026375,71.74704663807233,71.74341600529105,71.58874346069472,71.2920189158284,71.16929678848277,71.19809311059306,71.25068217790435,71.26023805099885,71.23956920738829,71.28506488688768,71.28407818560876,71.25522262922264,71.15801551389791,71.1006755619736,71.1268058723248,71.17052120547503,71.17590751840766,71.13767279347651,71.09773249005721,71.0846053850365,71.08674558335584,70.83593644010315
80,74.68097781847786,70.73856328856331,69.67456756206764,67.33475656288165,66.83933353683358,67.59497948039618,67.52020611663472,66.89843559218559,67.99115791615795,68.29102767602768,68.85828292078291,69.1681132139466,70.02621121755736,69.95119738066171,70.052556301723,70.01029647435894,69.75867030572915,69.9995579523358,69.79883201593736,70.071708892959,69.70861581099687,69.18033563658575,68.99348909946752,68.61469525844548,68.4171971916974,68.4194910146835,68.32318451438842,68.28372198238287,68.33268739561862,68.24721916971939,68.27145318838886,68.34317542989439,68.3195987654323,68.35832929325593,68.46298956334685,68.54630364491489,68.9228680603682,69.17831464344627,69.24595269402967,69.41607855107861,69.28000424372382,69.01209130375806,69.03316615554996,69.13824381636883,69.23718593135257,69.38848410044052,69.41577332242207,69.50694306657827,69.48381187029123,69.49850081400055,69.41919864812006,69.43520710059153,69.52892246642233,69.68765799529675,69.76424843674839,69.84234294145,69.8692612050067,69.85164940423556,69.80359289956739,69.66870082078408
81,81.87021774521772,79.87592592592593,78.46992606159269,77.2499262311762,75.87478428978432,76.78736263736273,75.90388758067331,75.39849982193735,75.49515669515678,74.99082570207574,74.60630526880531,74.49346933930268,74.58999013806702,74.15614606953892,74.23182471849141,74.41602595899475,74.3977420455362,74.34694664903002,74.4836996336997,74.42200320512828,74.21366067794658,73.53417994043002,73.1772081984039,72.91445381393304,72.54869047619049,72.12826559124643,71.82699034504593,71.44900575614874,71.5122370286165,71.41644298602645,71.32655365840856,71.06314054868747,70.87993333826665,70.63954607484015,70.43482062910628,70.24703172342055,70.26868104368101,70.47410781226569,70.33224512904,70.55232613451369,70.48260420699448,70.28923265887562,70.41311629800009,70.41517209642217,70.52476642698879,70.66007536143424,70.7465842274356,70.95815262091328,71.15061766464856,71.31646693121719,71.4748536594128,71.66272658965003,71.7777847850964,71.82681463769454,71.82507640507662,71.80744783490341,71.83722714906938,71.88221013501203,71.80054401812893,71.67770129561815
82,76.33101343101349,73.52058150183153,71.74993216659888,70.61279125966624,69.2198148148148,70.52789818206482,70.11966393394961,69.87319266381763,70.7399544385655,70.44711131461128,70.60022708772708,70.3464158526658,69.9357475501706,69.71654674690393,69.88986433319774,70.12109979141238,70.08156228303297,70.09505748880754,70.08611432427224,70.08152828652831,70.43208592553837,70.60705174455175,70.46811328767845,70.45996154694059,70.33375966625948,70.12565824488881,69.84345822216177,69.69675471684386,69.83317123489513,69.73025844525822,69.73293864140611,69.75662440857721,69.66332201748837,69.49268745959891,69.37880661666343,69.30530951815646,69.34679555929524,69.55526945033499,69.61732465065776,69.62704848392328,69.53698603790052,69.29308777642089,69.35304280129829,69.3675146612643,69.40514776375841,69.52441560050211,69.47440443716995,69.58650772452819,69.64115604727814,69.69709249084214,69.65275283902693,69.55132852368382,69.51934163844489,69.56182656506677,69.69980769230712,69.80776126155538,69.83971395725727,69.89514564298997,69.82592989245481,69.71053749491199
83,73.67224257224261,71.34571632071635,70.21257970424638,68.8083689458689,67.38406186406185,68.24507614299281,68.4852193441479,68.77271571021565,69.31430776014108,70.12682183557183,70.95838097088092,72.19946030050193,72.90512624839549,72.4599980376765,72.50829466829462,72.67147022537645,72.33403331418032,72.13489943698269,71.9045527815264,71.84270909645905,71.5401387193055,70.9874320124321,70.79728924457191,70.54525632546463,70.35116259666259,70.34099746407429,70.12219376987885,70.2823872390836,70.80275234025231,70.85811643603306,70.8448842674649,70.94758613782052,70.91783108866446,70.86483336924515,71.0034275248561,71.0864138176638,71.36521741521742,71.45495951417008,71.54434243344505,71.8041998626374,71.87457376634212,71.8506605277439,71.89955241786646,72.03061995874508,72.20128205128219,72.25036795933542,72.21744635388268,72.29191447056041,72.21476892344249,72.27563766788789,72.13136566592468,72.18663659168476,72.23946032130006,72.3981549314884,72.60154669404685,72.74153130269221,72.62956777627853,72.61293129762979,72.53657743700137,72.39364723239741
84,82.29787342287341,77.46486823361818,75.94795143128476,73.74810871998369,72.3429049654049,73.02774386107716,73.01644427001558,73.36356646825388,73.24988355266122,73.7984289784289,73.54331039331038,73.50760666802326,73.24730988384833,73.09405961102397,72.88281847781857,72.70753872863261,72.65293758529067,72.52725348211479,72.27358861898351,71.93958791208807,71.54894930906849,71.12810129685136,70.88615424430647,70.6670177045177,70.23013838013841,70.19946268119348,69.99597672560637,69.88951883103675,69.92976523795495,69.9205852326687,69.96259928840581,69.93479312932446,70.09044951961629,70.21300246594372,70.29981626838774,70.52782059761235,70.87458736208747,71.26645258980797,71.28193713930906,71.51401493182755,71.44761036163487,71.25642903172681,71.19289121731,71.10004104691632,71.179378193823,71.27493507901144,71.29311379125237,71.45559466575118,71.66513190135672,71.81998819698852,71.76297603086844,71.85091095692088,71.87254311900571,72.14507755618897,72.32495865245899,72.40633648758683,72.39867358924413,72.46541978934258,72.65172250850257,72.61718576176943
85,80.00150081400074,73.44093915343912,73.65071564238225,71.63787647537642,69.3517765567765,69.71588234296561,69.73068565032844,69.42615231990239,70.52905417627643,70.61704975579975,71.0805865430866,71.16555123117628,71.07793353370276,70.9667088202803,70.72983686067023,70.68462142602772,70.63024282362521,70.620839268756,70.52345125634606,70.41886777574284,70.7116784890595,70.34172841047845,70.16149599193082,69.78695733279076,69.56155250305264,69.59317902539078,69.4988845174032,69.48977411477425,69.71624650891906,69.62491469949808,69.70022352199771,69.71834379451568,69.63899819316484,69.40902403696519,69.1472454793883,69.07298054311933,69.4109374484374,69.558527863462,69.59942889494165,69.82160281847771,69.86252630612378,69.68409730701389,69.57127665616031,69.5291063103562,69.59693042554147,69.65129753499308,69.58513571731646,69.69092601071758,69.80638751837722,69.8584962352462,69.71930339087201,69.64229937619359,69.83952511499677,70.01631619409386,70.15709780959777,70.26872583435079,70.43377300087828,70.34273162182639,70.22231974710779,70.11936228123722
86,72.82340252340248,72.28708028083022,71.23679792429787,70.19054232804234,69.21666056166053,69.88239129697457,70.36802212337928,70.3716295278795,71.033896350563,71.05827787952785,70.81953740703737,70.75482168294663,70.9363161767008,70.6118146403861,70.51840727174064,70.74732937779815,70.41618754339342,70.13589602270162,70.01768845189902,69.8835202991453,69.64964920441106,69.32759023384016,69.46383911981727,69.50189128001617,69.32781542531534,69.19348192761647,69.04687363391056,68.85410888714455,68.9951793257827,68.9616083299417,69.09389893260862,69.20902650590143,69.06079491496158,68.93297212047217,68.89380836095128,68.87840735653245,69.1005865755867,69.46960697684393,69.7248717687821,70.18214794464801,70.40759291521492,70.55473767854731,70.82343588797089,71.12199987512494,71.35071123321123,71.58501751871316,71.64242243178413,71.81748755681048,72.05051228061431,72.24937454212453,72.39738302728509,72.49806117137861,72.59612792867526,72.81747586261497,72.89913142413162,72.97661273911297,73.05138844261673,73.06389248522888,73.17810570628387,73.16330424976273
87,78.66208791208793,76.18076414326423,75.35699023199034,74.36103988603993,73.68639194139203,74.86591710758384,75.50008794115939,76.68512031949535,78.61300366300367,79.03695665445666,79.37439319939325,79.42470534866372,79.86815221815225,79.78022632129785,79.7900118708453,79.68949271214905,79.1414793267735,78.78174037896264,78.07540191290184,77.44836258648746,76.6158325580943,76.06974900099888,75.86674032489235,75.58043960283526,74.96592389092383,74.50180019410784,74.06720424637086,73.86106732222792,73.9541859640997,73.93046855921847,73.83133295915547,73.73817934091366,73.59594972928298,73.47349020804891,73.26489810454085,73.0819761000316,73.18152465652457,73.31401808474166,73.30528709182545,73.47044184981677,73.17005482096938,72.71237789987791,72.5631528570481,72.42046194546181,72.34914439469986,72.47234786147824,72.4630951298504,72.39612353310257,72.2845738539615,72.1753699633699,71.98939424772756,71.91075332253207,71.8475368796122,71.82814944828822,71.91729538979533,71.92987800889578,71.83890923890914,71.78917089455878,71.76837813786962,71.71328127119786
88,71.2552859177859,70.5742801180302,70.43312983312995,69.8485157203908,68.88831298331306,69.23209113417454,69.31629963951389,69.30143149674396,69.21519355130464,69.30561304436303,69.57407823657825,69.85457409103246,70.3202694029617,70.42434007791148,70.47470594220587,70.52203493844105,70.58140726376008,70.41595413331518,70.38176825611029,70.64432692307687,70.48909820338388,69.98032638657631,69.73037019341359,69.38253798670459,69.03486426536413,69.1935911133026,69.09370411824113,69.03247608872606,69.19743659916067,69.10626560168222,69.07408375674495,69.10441881613751,69.06599033682357,68.99273743685504,68.93591691377404,68.84545092253424,69.14290306790303,69.54635881905618,69.68733302547412,69.91921436202692,69.90952194824148,69.68088309397838,69.78283014358611,69.98516055703566,69.98449769366435,70.03812465714638,70.00001212341633,70.0752756791819,70.16809293314397,70.11563156288166,70.02352602009469,70.06779257067724,70.0451366331084,70.1800365358236,70.26056462056457,70.37171201814056,70.40707680883115,70.39747133454021,70.37170821175047,70.2481726529642
89,74.35999185999185,74.86828449328455,73.74455128205129,72.78187194749694,71.1486273911274,72.37876221001216,72.72780684923539,71.76086500305244,71.62528433500653,71.22973901098898,70.76917804417805,71.16741283407946,70.874354669547,70.73950302343162,71.03375593542268,71.04171277218167,71.04688135938149,70.98774052593515,70.8906989696465,70.75525768213284,70.78445742969572,70.74349955599982,70.57706685424104,70.21601037851066,70.02282580382608,70.25080499984374,70.40708519875206,70.58266577998737,70.99633857521806,70.87165106498455,71.00967495765896,71.08476991758249,71.14745948495958,71.07233205247923,71.01958747601616,70.8937378465157,71.16120914870923,71.29431538247337,71.38813058973322,71.62580433455442,71.48267853420299,71.15181284764627,71.15947754872177,71.22061098623603,71.26059896893238,71.39539060979284,71.32313245265375,71.34264177180849,71.33233898565544,71.35558424908437,71.1254890987736,71.01381942487737,70.90364994893316,71.0165996811832,71.10971454471466,71.09490758910418,71.10158774785982,71.07154286486202,71.10043450742623,71.09979361687725
90,74.45442104192105,74.75109890109889,72.90567426400753,71.29997074684569,70.0570095645095,69.63025624067284,69.94752529216805,70.73827266483512,71.95516664405552,71.74828093203097,72.1010466385466,72.38877823565315,72.43119031965176,71.92966669573799,71.90748541581858,71.73482778795263,71.27221683545196,71.0894767783655,71.04715153267765,70.96060897435876,70.96339225148739,70.86539525289533,70.93050114137078,70.67138977920239,70.34826658526669,70.0313638818448,69.81708516106686,69.8647822911218,70.17742779251428,70.19346408221436,70.2858869326614,70.4696802185086,70.42518407518429,70.38044557566637,70.44444735159044,70.38005584950052,70.59976748726767,70.7797064777329,70.64114969788056,70.75529024216532,70.75783326880897,70.54747623408342,70.47552744413204,70.44734813797305,70.37649595260692,70.35471965635004,70.16621593536485,70.12713696411609,70.15786279102605,70.14347517297517,70.01549504417159,69.98361774443511,70.06317961388727,70.19126107945563,70.24465118215139,70.28256938993572,70.26975763839823,70.25271190335864,70.20279571338915,70.18193689797876
91,74.44023707773704,73.85030016280014,73.48603819020487,73.2324544668295,72.57598799348803,71.86901200651197,71.89302357695207,71.56432641432637,72.44550038438922,72.53471967846961,73.16175306175305,73.68194062881558,73.8359177859178,73.49956901564045,73.50319495319495,73.33362077737087,72.9494951399364,72.5105690091802,72.17162189662199,71.97060490435499,71.99773194177966,71.68080091205104,71.74045893719814,71.44651060744822,71.19215771265783,71.23441247143177,70.96679894179903,70.88029518431304,71.15490365317949,71.34223528015198,71.40821057675896,71.42850131639203,71.42529029612372,71.56711017740437,71.41248371998385,71.20360152964327,71.23212113212124,71.62324307028268,71.63154983667822,71.90040979853492,71.81673106703609,71.48452053898488,71.49779734692542,71.46314229751745,71.4436697870032,71.545877683106,71.649446760883,71.67335980955785,71.59939126444246,71.70224572649595,71.5782804432316,71.53165210857536,71.62035069228479,71.69989306818024,71.7015975690977,71.7827995995408,71.65800603717278,71.56968969727603,71.51846315956499,71.45137633970977
92,70.2933099308099,69.79303266178262,69.46593067426404,69.07578601953603,68.06933353683358,68.84738417446754,70.49326341647775,71.18097909035404,71.88924218785323,72.04283068783066,72.41940929440929,71.8023576346493,71.05862527785597,70.47671085528222,70.58766924433588,70.50126456298328,70.45088163470518,70.30758264369376,69.85356580553952,70.04692384004888,69.98086225943376,69.86356721981731,69.76262541806028,69.544721289513,69.5587578347579,69.56080762186544,69.23492873724369,69.21303182597839,69.37910351143132,69.34118386243404,69.34639164598859,69.37419092770668,69.4506260714595,69.40731777753848,69.43822751322756,69.29716442251174,69.51959624459631,69.8483329049119,70.02655260219372,70.12133712352468,70.04250362329635,69.88998766885673,69.92355656832405,69.94349909349906,69.85002328946779,69.85717968625585,69.81748413131399,69.73233045889299,69.75096091550174,69.81049053724054,69.78250436926913,69.82603941642408,69.88481850085627,70.11756338654489,70.41819652569654,70.67634628103373,70.8026888803204,71.02445572467118,70.99305598670007,70.9909739180572
93,83.40763634513634,80.72557997557992,80.66043956043953,81.29171372608872,80.78874542124545,80.5119692036359,80.81683746148025,80.62039008445245,81.38128532989637,81.44597629222615,81.52439828689816,81.36982473544957,81.59731027519464,81.33641527123636,80.79330619997263,80.57682641432625,80.24917432785067,80.0338129720073,80.0626753850436,79.84984508546982,79.72234965211132,79.2927877677876,79.25516072092151,79.12972586826743,79.17531746031739,78.8066507388621,78.21435260555616,77.88960967934169,77.8461864763588,77.61008869217189,77.51268479131376,77.28082551129415,77.0296105129438,76.84690200866658,76.58587403337386,76.33392419052126,76.19889504889488,76.15965206820454,76.14313839057424,76.26379133597877,75.9979916763451,75.65210719615463,75.55897719851191,75.4734390609389,75.2283826256046,75.23365683229794,75.00680318499455,74.86680858686064,74.85270821393276,74.80119810744816,74.5483857645624,74.43348175151081,74.37871695041527,74.43031983448668,74.41504005254019,74.428075215129,74.31545030667856,74.29015137959125,74.15564135331098,73.8929628781713
94,72.86015466015465,75.71056420431427,77.28486806403474,76.85383216320716,75.7658547008547,74.38767891059561,73.81987252165825,73.72783882783878,74.06453669787,73.87659391534388,73.381505069005,73.12553757970413,72.82627735512345,72.70245944531642,72.95376611043257,72.95573584401684,72.49053484641698,72.1806527834304,72.18953232440057,72.0178240740739,72.30727537453713,72.00540755540739,71.85703203801008,71.84835588793898,71.59644281644266,71.65294449140588,71.47137486998588,71.63658261381458,71.7398404277713,71.63218949260597,71.55910646999338,71.57915521978006,71.49955384122028,71.28702895688168,71.22412494912473,71.08964042644578,71.3256806256804,71.48805855450571,71.43839670538362,71.6967450142448,71.73736846938043,71.44676543694385,71.49620105346828,71.47601750101718,71.35295459684319,71.38733399249675,71.30761826825638,71.56941593321781,71.6215388353142,71.58102431827412,71.51345485487616,71.57931459566048,71.50268735457391,71.59996768492117,71.58736670736656,71.57331630836077,71.54129840270171,71.49709205226429,71.4031649455377,71.264760463302
95,67.08547517297521,66.16432641432642,66.78557692307695,65.443702940578,65.48677553927563,67.79169549586223,68.66998735391601,69.24173979955243,70.62984669651343,71.23449124949134,71.25130286380295,71.73761574074075,72.45839947089947,72.20015589569157,72.30186507936506,72.31113400488397,72.33490806579043,71.87737897390672,71.42137260887255,71.25051460113949,71.27566646316636,70.93576585451572,70.84309183167859,70.64325587606822,70.43755474155464,70.27579384646675,70.18919866142078,70.19291601255868,70.36765960731458,70.47170974087618,70.3957952591015,70.31959627467415,70.18566387316365,69.96261596518924,69.77914021163993,69.59297443811305,69.71145018644995,69.93379428807035,70.01559307264417,70.17838395400881,70.20224793273563,70.00505237707605,70.01841866144181,70.07804371554366,70.10342162981041,70.0795287643113,70.00045029832255,70.02961298924826,70.07973792080922,70.07744464794449,69.99910579616444,70.00157546335411,69.96540390950742,70.00410382655726,70.043132330632,70.08670916550346,70.08078618911914,70.00661077428289,69.92692773328336,69.88372753018558
96,76.98183760683764,76.20966625966632,74.01446208112874,72.18008623321118,69.97310846560836,71.02539258580912,71.77413003662993,71.82209058302803,72.1486173291728,72.25289021164015,72.6853378103377,72.60407509157496,72.45718590526283,72.33976139601138,72.45792056708727,72.17916094322348,71.74598146951098,71.58437203228875,71.48842539039904,71.83657407407411,71.9854870438205,71.48768731268747,71.26366149953118,71.35199366605619,71.07227289377292,70.84565233555617,70.64248274016789,70.63597629222627,70.74177648660412,70.69690035273366,70.66209119434926,70.71285692027877,70.69244305077636,70.61639478440952,70.51785176463748,70.40179956360517,70.51327976327983,70.68790432277287,70.68173872661065,70.90917531542543,70.91003578625539,70.80018121208609,70.77065006483619,70.76924753487262,70.76159024103481,70.82522418201779,70.91250411330208,70.92166429249771,70.98646557524118,70.97024175824185,70.88992943331195,70.81266015857383,70.67739688683109,70.74872454363214,70.9111401561403,70.90732073812453,70.95471254703725,70.9349184420306,70.91669425991464,70.76751161646996
97,78.25200447700448,74.5221916971917,74.20466863383534,72.05401785714288,70.28923992673994,71.32719780219779,71.72209430780858,71.50522295991044,71.74930131596793,71.87549603174591,72.29983211233198,72.94789801248126,73.08647428070499,72.69649216524212,73.04332485415816,73.113566786223,72.71866785175607,72.37446552932664,72.39336616112932,72.16826032763534,72.2968287884954,71.81430421430419,71.59942422714158,71.04771655813323,70.58019352869358,70.48738318305634,70.44838010069499,70.6264630211059,70.91634317151563,71.04140245556914,71.33846974411495,71.56609988680309,71.39675016341687,71.31748695204585,71.38025713704293,71.28099732058072,71.421323933824,71.58377286699663,71.67157597862729,71.89618894993902,71.92444298023575,71.85939686415884,71.96242143945643,72.04987974987984,72.19697101252666,72.23306270018243,72.3400484070699,72.45267369590306,72.48500234648208,72.5416389906391,72.4733411740766,72.41687046038018,72.50426409718875,72.58327737077745,72.48324906574916,72.4838762428049,72.39700917178992,72.30220473173064,72.21733476818228,72.11842456925793
98,83.05183658933656,77.0766687016687,74.62221713471723,72.54826134513645,72.13089845339854,73.03514618097958,72.5133256293971,72.07145528083034,72.19571801655134,71.69615537240539,72.14746642246638,72.18448862094675,72.72753592561264,72.6539126548053,72.55648487315139,72.33392189407807,71.76660771146065,71.21528258264368,71.01407043249152,70.90546219983722,70.86145899955432,70.33217985717994,69.96835815151029,69.83898724732052,69.67377981277983,69.53986451582611,69.1143705060372,68.90773918541778,69.13361419870041,69.39097561389237,69.58612177846057,69.57528060770258,69.30958640125316,69.0886204481794,68.76737150415735,68.53058834169957,68.7012230637231,68.75089901570172,68.80014518956841,68.99544909951179,69.07959612654751,68.9735343140106,69.1354916186313,69.26246959059479,69.28512198706666,69.40071025994968,69.31249350531291,69.5090059439021,69.73729826484956,70.00116859991891,70.11209898489346,70.38017565589723,70.44854295774147,70.7011562768511,70.76555352055391,70.6452458173444,70.65586946354522,70.62378031451335,70.54599794430335,70.3298773911277
99,73.09916564916566,73.99435541310538,73.82122337538995,71.91102971102964,70.14469169719166,71.284652692986,70.65360486074768,70.5966333435083,70.64553543164654,70.56329670329669,70.54072455322465,70.91119123931625,70.9008860085783,70.44838108320253,70.15113722697062,70.00977309727315,69.4850277717925,69.12129262198707,68.75286131996654,68.48299247049245,68.48240764966955,68.23468869093874,67.95377072605342,67.69911541005303,67.55327472527483,67.74747209699142,67.70495937532986,67.64427510320377,67.6950831894798,67.64482549857557,67.67744101776367,67.72816744887066,67.60199615199622,67.56112412913889,67.47338508052799,67.33863649210873,67.52143434643432,67.8450107640897,68.02688498585931,68.31031835063082,68.55637104539542,68.47640088086519,68.67973090647514,68.92829832204835,69.06735359290917,69.46382905540514,69.62447144069489,69.92459278761368,70.05812765277061,70.16889509564525,70.06631283567573,70.02969889796832,70.05030045077226,70.1101525874675,70.20151672401678,70.18405158003382,70.16778190133458,70.2213894502688,70.15553279112613,70.13191290191303
