,0,1,2,3,4,5,6,7,8,9,10,11,12,13,14,15,16,17,18,19,20,21,22,23,24,25,26,27,28,29,30,31,32,33,34,35,36,37,38,39,40,41,42,43,44,45,46,47,48,49,50,51,52,53,54,55,56,57,58,59
0,75.50522995522996,73.95075040700044,73.90072751322751,70.87194622507118,67.75193833943825,67.06353106769774,66.64592200127917,66.28974295380549,66.88170476642702,66.49912545787552,65.97308478558487,66.14519993895007,66.08958626843258,65.85515000872157,65.63968389635063,65.9150342134718,65.4176461610286,65.29061779270127,64.97486558276046,65.17116452991465,65.21522569141628,64.90717708217723,64.83178695298272,64.7668534204994,64.4602942612944,64.21018753326463,64.07184932694211,63.968416950113564,64.19269679873145,64.03803893637239,64.06960363411987,63.98207862739123,63.758540687707516,63.52151057004014,63.350328652828765,63.266229706507566,63.40084576334588,63.66620490863918,63.90633929223678,64.19581781644285,64.23359391286226,64.22214094327192,64.32115822377455,64.61667556980055,64.80636288608514,65.07501205517521,65.12947971059677,65.28093436270517,65.47922117564973,65.62831115181118,65.59909362605443,65.59104716508568,65.53023667457634,65.61127099066921,65.81319032819047,65.94280563186827,65.7924929845984,65.78097571330353,65.72549348799373,65.58431937661126
1,66.77787444037443,68.68324175824169,66.72712996879656,64.3067002442002,62.37158526658523,63.09372032288701,63.26920533170524,63.674175824175805,64.16538631121965,64.6042648555149,64.9933270433271,65.03049365757711,65.08175659810286,64.95278940636096,64.93198514448524,65.04004502442008,64.56231475496189,64.49626774974004,64.34990788938163,64.75294439356944,65.24118529178057,64.96779586154584,65.04977305303389,64.79163826142985,64.53148433048423,64.23213600857822,64.01925507619949,63.80170049857545,63.9218678511782,63.866832010581994,63.740622579332204,63.79796197725873,63.65667943167938,63.56140618640611,63.39782792604225,63.248128928684544,63.1913025663026,63.27496693121696,63.283985316677686,63.41127480158736,63.20194516414034,62.87182030932034,62.88679366499137,62.94427736615245,63.19278399583962,63.18010210401525,63.083165229175854,63.21386292141504,63.28740447949633,63.3666082621082,63.308791208791206,63.26299290097367,63.15372395773336,63.22326713923933,63.331956099456086,63.37766103770567,63.312100318459954,63.216847974822045,63.147073822285606,63.08438059625556
2,73.42395706145707,72.39244505494503,71.57957027540358,70.07672084859583,68.30051383801387,69.13881766381769,69.31003692075123,69.16962059930809,69.45641082168864,69.57193732193738,69.96703527953532,70.73251890856069,70.92640767352314,70.65195469213343,70.48611925111946,70.17124478530754,69.37767483061617,68.72465178854075,68.3362664138981,68.48395985958496,68.28966679264306,68.01416107041118,68.13561939268463,67.97204818715235,68.07194363044354,68.18904855827918,68.19627029349236,68.24578572882129,68.51166091252296,68.51772368064039,68.29569564246995,68.22934775005102,67.88926289759632,67.57834563312512,67.29729955229966,66.97017563198129,67.0109652234653,67.01912031681775,66.89072299969742,66.9335424297925,66.86376964273315,66.72467633777164,66.7345850962131,66.71593371905882,66.74360331027015,66.71040859301742,66.5070692506864,66.45455957044513,66.41488697432591,66.32722761497774,66.04512706792131,65.77460102219729,65.59615211832202,65.70456179622863,65.72588707588712,65.72354751729756,65.7166971024428,65.64331782521454,65.42856125356141,65.2297920058339
3,68.83334350834352,71.25732600732607,70.5512125220459,66.5124224155474,64.564533984534,64.11779439696102,63.864120733763535,63.53376322751327,64.98860172749066,65.97033933658939,66.72042124542125,67.4106299179216,68.07991452991456,68.09789013896156,68.00720153303484,67.57836920024423,66.84836631233695,66.23457157554388,65.84263757684815,65.79884793447297,65.87864386495346,65.53130272505275,65.34350281361154,65.02203695224522,64.82346988196974,64.535433494568,64.41216196355069,64.3346133859526,64.38398365682842,64.18928011803001,64.03306779839025,63.820734444953075,63.56019983103307,63.46272399985624,63.389643874643774,63.18476588997412,63.17924806674798,63.42467225756688,63.6275532753096,63.99524483618229,64.0163873502288,63.98533526658525,64.10777216969079,64.34254252691753,64.46386051191601,64.5702035886818,64.5524870322742,64.65562943036896,64.73154263536917,64.7195473137974,64.64212583893963,64.61629205018626,64.6384166148317,64.74005411598004,64.84126456876453,64.93426143961851,64.7817884276217,64.77523192005943,64.74897292757456,64.66196581196576
4,66.05687321937317,64.47080026455029,63.670370370370385,63.09792429792428,61.47426841676841,61.49650657983988,61.40296092796095,61.005628052503084,61.974166214444054,62.73776607651608,63.28294622044627,63.60862459299967,63.04828198866673,63.0300951363453,62.87186406186428,62.706725363756796,62.40425405204834,62.75351037851058,62.58211715185421,63.119029558404826,63.329948446615354,63.24164862914885,62.983470917166784,62.54715375288315,62.333269230769496,62.25371994458551,62.107916534768556,61.88134993313587,62.06865693374339,62.089578415412,62.09845799361956,62.16487968050502,62.13466533466568,62.24112589480268,62.08921274492735,62.00563342264764,62.150822113322405,62.265133587173395,62.452034349791035,62.678889270452046,62.72859426030185,62.56985798592967,62.514558428221456,62.58771910959431,62.525880929770004,62.68141456972997,62.78871948579413,63.1441780923553,63.303391600840726,63.34024430199441,63.262649432992696,63.28550882877819,63.35306757358654,63.44562549932936,63.59658387908405,63.67332539319161,63.59099252761551,63.56125224551965,63.53620708387674,63.511614180572735
5,62.240023402523434,64.041073972324,64.21985653235656,64.63631079568573,63.1173270248269,64.10147198480522,65.92508140008134,66.03873753561253,67.43806471306465,67.894423076923,68.57734765234763,68.88988222425711,68.96013391878762,68.72743473457743,67.8402659069324,67.83906726953593,67.62680456798097,67.58318720888161,67.46240655056437,67.71219653032152,67.68765916623053,67.01226204351204,66.63700120330559,66.20465888278389,65.9284995929996,65.74622409285874,65.57196577428059,65.6549892072213,65.87656256578673,65.84122371455707,65.65512443052761,65.55611470416152,65.43019018019008,65.49686026119839,65.31181100645375,65.05201323881863,65.26498118998103,65.23221943748241,65.07316810682177,65.13155830280814,65.13377085877072,64.92449088609787,64.73686287872323,64.81218538406027,64.85250667028431,64.91711160216582,64.79251205846928,64.94450761429913,64.9518582891031,64.93227391127387,64.72176584308933,64.68648817350736,64.76559435498113,64.95558768220799,65.20871609871597,65.30205880429082,65.47024139765365,65.56518629040177,65.61268909997723,65.61673882444715
6,65.27424196174195,63.114522283272315,63.13108126441463,62.42192460317466,61.399790394790465,62.81121286121289,64.86259302866448,65.24050989519742,65.37844480622263,65.52316442816445,65.2780996780997,65.49843220051557,65.93816489778035,65.81447431536729,65.61045244878586,65.59158049704938,65.60164087002333,65.79187186270532,65.73720331812447,66.1926582214083,66.15646621896624,65.61791518666521,65.16401474934095,64.6487351190477,64.40236691086699,64.00757118593661,63.70705844224367,63.59957119599976,63.61017641362467,63.3817541717542,63.438076365092556,63.41080331705339,63.236357469690844,63.041351690248824,62.90889862782721,62.619004375254384,62.749674124674144,63.00553011803014,63.02518158479697,63.2441185897436,63.2175662864687,63.01003474039182,62.96917291364963,63.082845279720274,63.16146316646314,63.19391855125544,63.00803771681418,63.198925582519145,63.1796895375976,63.10101343101337,63.002690791416164,62.935514992486034,62.91850920742418,63.02268179351503,63.13991304991299,63.14700863785689,63.15663044720072,63.12585338512066,63.16669598449261,63.052640415140495
7,71.0039835164835,73.16448667073665,70.69403574820242,69.29392806267808,66.25577533577534,65.59087132003799,65.37235885807311,64.79718788156282,64.87005494505489,64.55389957264954,64.70476051726045,64.81693248880745,64.74815910585141,64.2101179574393,64.30920126170115,64.36963872354488,64.07432276329325,64.22879584407356,64.30286506865446,64.73225249287735,65.43836245324322,65.53778628778612,65.60048707331302,65.58262956179613,65.8138266178266,65.58301966907739,65.45466882226147,65.36170689429619,65.37532735463775,65.29325956450957,65.26229535100508,65.30433201058204,65.22885617468951,65.16802099044743,64.97847244025809,64.77235336679773,64.88555519805513,64.89605169440694,64.89102159711135,65.05770680708183,64.95813008130078,64.9230484572746,65.04275906049159,65.32032111407105,65.35244448966665,65.5030050565376,65.56223534149068,65.7004582994166,65.77483408503812,65.85087800162793,65.82624983041643,65.86540927021684,65.73026211210161,65.74703624564721,65.83062178562157,65.84539971437282,65.74045396611176,65.59831235176054,65.62554134503286,65.49616359720522
8,70.62520350020347,72.25239875864871,71.92147605480933,71.05706527269022,70.41793040293038,70.83547178130516,71.58559945345667,71.47548585673589,73.01858069913627,73.73555809930812,74.44106032856045,74.18724350495197,73.93305782536567,73.71872710622728,73.67764516347872,73.25613934676454,72.95902702961546,72.81559207253663,72.65008729087684,72.38006740944245,72.55837572920903,72.18695956820957,72.02038452690618,71.89308184099842,71.48853520553507,71.18077764471978,70.69613971419507,70.27231379731361,70.28296247175541,70.0782205603037,69.81223265981312,69.69420469576704,69.37287866454524,69.08387201034246,68.63385371242501,68.31004669199099,68.24893079893069,68.39249526058722,68.33803575342017,68.44897601241331,68.48833782522789,68.4059583163748,68.54375005915682,68.81441359566338,68.89464364853241,68.8854881129337,68.61463123165241,68.60940637294793,68.70904890649776,68.64880830280822,68.56116168689685,68.49747424939717,68.2966637485504,68.30007838526353,68.30451853701851,68.24074682757723,67.95975819177575,67.76068455012422,67.59603485027225,67.44045677316525
9,69.92224257224261,68.07543243793248,65.43116944783615,63.14516051078559,61.30388990638993,61.19457417582415,61.8491256759113,61.32745662901907,62.37432618821501,63.19120522995518,63.883747271247266,64.71248770519597,65.19806400864086,65.43495588406299,65.19687254103916,64.93521539224662,64.3659403504992,64.27991283407951,64.13891164878001,64.35941671754169,64.63959193363952,64.17807932807929,64.03306192599665,63.769493411680806,63.74827411477397,63.428415868319526,63.276538310797456,63.2486145633465,63.30378896327155,63.23566341066324,63.17441871151534,63.09202883343494,62.94081566581554,62.79463776963769,62.81111837897539,62.61651672658599,62.65326342826323,62.746739980292396,62.72052534360207,62.810746845746635,62.67183073250126,62.410525200108324,62.369724020595875,62.42315277315251,62.39289388594916,62.361015554493584,62.301998740030484,62.4561108355377,62.46112917694527,62.41605657305633,62.19671596558828,62.19920879512197,62.15074815121954,62.23675449207827,62.22196775446751,62.34064117099804,62.35439132018052,62.32889527458464,62.36279369563242,62.40130435151243
10,65.48884310134312,64.36222273097276,64.64595373762043,63.12337072649576,61.31113247863247,62.47810168226834,62.86801267515551,63.67105909137153,64.58147017591455,65.38724816849812,65.01668424168419,64.99795779066604,65.16543235966304,65.02550693354262,65.17531033781037,65.39773733211237,65.671743398214,65.86992436575774,65.79014925133353,65.7281384818885,65.66578071399503,65.1480852480853,64.79637968714064,64.3891947751323,64.23621448921448,64.16185506089356,63.753897594175406,63.50011319698821,63.49364588157691,63.39334367792702,63.24273192458683,63.09929776531346,63.08808259641607,63.008303406832944,63.03263212977513,62.83856399516139,62.95777907027917,63.137472018722136,63.16992397441122,63.34194037444045,63.46444168974663,63.12406898656904,63.137595124513815,63.225903147778276,63.28002747252761,63.39670296490964,63.37737305051156,63.476504947598855,63.59699058500087,63.566366707366804,63.43846303478672,63.30425814392177,63.21897783383655,63.26802126200292,63.33436859436876,63.283933295540585,63.22401070339679,63.19806762522293,63.097832981519595,62.94837700108551
11,78.14927248677249,71.70856735856735,70.57357719441052,67.38364875864872,64.3543559218559,64.86500644417306,64.84901157044004,65.36324595543334,66.62828483245137,66.84649572649556,66.94945979945963,66.79740834011646,66.5209260824644,66.1171187278329,66.26060643060629,65.85649451821322,65.30306686777276,64.88840190159638,64.44850293468718,64.29752060439561,64.17527424075044,63.702184158434115,63.277300658278904,63.082096433658926,63.02536202686205,63.08500027394266,63.05904614932398,62.986638212977624,63.301032938964056,63.26765957807633,63.41783564404538,63.53880732982301,63.5204363537697,63.44914784289784,63.30627362055931,63.1293222595306,63.12670857670858,63.282826591050295,63.32854038174546,63.58377327533571,63.633596270486436,63.51155808477228,63.696315344861794,63.86725936100933,63.9677463483019,63.965004158482394,63.77717788515662,63.84965892517978,63.87021338449905,63.92138990638977,63.796373905687496,63.721403427412895,63.702671420124084,63.693060454634306,63.68629472379452,63.70303923919972,63.7234904390604,63.61251552566186,63.57107192869887,63.480420736670546
12,63.127380952380946,64.36628510378513,63.06962929046264,62.47991452991452,60.50021876271873,60.98525980192644,61.62620355834632,61.28937601750087,61.994192330303335,62.34934065934053,63.0257770007769,63.2935969508884,63.55708885131942,63.7932532414674,64.11927486094146,64.61329842032961,64.89702919629386,65.1671222810111,65.09551523038357,64.94974435286922,64.87451474891941,64.37794589669582,63.96807037567896,63.78993649097806,63.65603317053299,63.660533874956755,63.42963094861222,63.05431929181908,63.1049196174195,63.11268484601803,63.147097660403986,63.22806649369142,63.19142601225926,63.0518934496875,62.892678353392576,62.64385528309137,62.73073210573207,62.82260753379171,62.76454830781748,62.98925022893766,63.02830390025504,62.73191549411783,62.643606425873784,62.69660894660885,62.770826549993146,62.89125413636275,62.90798803245606,63.162739854666846,63.34887265040324,63.40394658119665,63.27385341601032,63.3171175957235,63.28292844472098,63.324179310058945,63.3846585821586,63.41674379687778,63.33585084506145,63.244512774900734,63.252589540089645,63.17290360873699
13,66.43260073260072,65.17870370370368,65.96475037308367,63.33640491452991,61.49012006512007,61.95850206891881,62.912377173091514,62.59497863247871,62.45761712567278,62.298963675213784,62.842276704776815,63.06988408967584,62.9152386431234,62.68981445142164,62.35669820919826,62.591917862230375,62.7331810074457,62.70780592863923,62.57413806953277,62.58102971102971,62.71506967459348,62.516214572464555,62.51104165560684,62.083006249152,61.96027411477402,61.843017399267396,61.79136217006588,61.819464431071594,61.810288865030266,61.79871489621489,61.747800720784646,61.86687811609693,61.81356143856148,61.543868359309606,61.51319146462008,61.49656395559179,61.61398816398815,61.95704565901935,61.98737411686133,62.096882376882405,62.13117238452601,62.243673202899345,62.27991287351747,62.39588605838599,62.227184800795825,62.22741767089586,62.10981542098557,62.19776764516336,62.24211810487296,62.37008577533551,62.29367752799107,62.367589951003254,62.36861671696562,62.50768411115619,62.67461501461489,62.77818777617862,62.892570457482506,63.002035177466006,63.079342228706366,63.23391585266557
14,63.717740130240166,65.0372583435084,63.6741622574956,62.813895248270306,61.3957397232398,61.16090591507265,62.14440301761739,61.78198705229965,62.59177972233537,62.66207112332115,62.96034752284755,63.57474520078691,63.80102493660196,63.58375886679472,63.60155541988882,63.874386637667946,64.06029501544212,64.13925377605938,64.13783390099186,64.33315934065944,64.09316796519182,63.50365791615799,63.54827931730108,63.2858864129697,63.1239896214895,63.054981058827124,62.89873019641537,62.865789798825496,62.87865405667135,62.77982905982915,62.72472970577819,62.79995309956258,62.72175124258465,62.50417295123183,62.26930184894469,62.08163410663413,62.2113625988626,62.24947397875033,62.21619535497741,62.356374771062285,62.426512478036855,62.31957720410101,62.28278731389194,62.37101081788575,62.3774076335187,62.41885152890585,62.36387600775894,62.45710247507113,62.571588672098784,62.55538817663806,62.372461534471164,62.30409084327333,62.335955414257036,62.47780981021702,62.55330993080969,62.55174992005323,62.50057015758737,62.48041433343123,62.37077185212745,62.230218932301916
15,65.58472730972738,65.22979751729757,65.23437627187631,61.19937296499804,59.43101444851453,60.41449599782939,60.42481030873897,60.31209172771676,62.0725913489803,62.55284645909652,62.92611370111373,63.25911850495181,63.6526138035753,63.56580687830686,63.522320241486845,63.56028280168905,63.209956247456255,63.032538269343796,62.598346828609934,62.947707315832254,63.070012549179125,62.679510535760514,62.274605165366026,62.13396291208795,62.026586080586114,61.94181518268056,61.911606106513425,62.01653202947829,62.27576593266235,62.2331344118843,62.28185221290047,62.288678075396746,62.21979825729819,62.09104823553348,61.92750029071454,61.78830608691712,62.07792614042611,62.40854754407385,62.43345765108582,62.70009513634512,62.61465859118298,62.528969828672196,62.43661181626295,62.47509354071849,62.50823079184183,62.63445247385462,62.62917121294776,62.71901126458416,62.783268545513465,62.9499046601547,62.98331677400307,63.08212436601862,63.12727977822319,63.229274446404034,63.249420301920274,63.350463417204516,63.36964696284879,63.42206801818871,63.45330110097063,63.52487213403879
16,71.12061965811964,72.06560846560848,68.45170940170941,65.97414657102156,63.7765313390314,63.833409645909676,64.6449408395837,65.2642850783477,65.7509338398228,65.93234890109895,66.61514319014327,67.40598121014797,67.32715631946404,67.08415714576435,66.9584866368201,66.47190393518525,66.08380916469156,65.91404010084572,65.77769744875016,65.81179563492073,66.12246278853426,65.52414714914725,65.08950514059217,65.0150291259667,64.73441554741564,64.696723842397,64.69310511162368,64.77359203296706,64.98743473958993,64.90561406186407,64.96453171977367,64.87467519459707,64.66076916910251,64.61340213435798,64.39717483574623,64.24615271559712,64.29442299442302,64.43589529379007,64.4236212861213,64.554124949125,64.60897994282149,64.58637578250682,64.49817216590479,64.60292126854635,64.59553226608793,64.65610931942464,64.56521748543037,64.65707746150466,64.64813589660545,64.62194240944262,64.50573950377898,64.4494346020791,64.38965748611999,64.39693232864552,64.51212269212284,64.59111757951057,64.5346330570016,64.38353095659144,64.28184476383646,64.14496642246655
17,77.90508750508754,76.52376373626375,72.69787342287343,67.99212581400087,64.81101546601552,64.2700133970967,63.566464620036044,63.34876246438748,63.858060869171986,64.21212657712653,64.69537592037584,64.89729471916961,64.74589438339434,64.0594198790627,63.83386684303356,64.16064624033388,63.9749209940388,64.28840105367898,64.40589159865492,64.91681547619064,65.12233438959646,65.12691983942005,65.33157725929478,65.10878442545122,65.07960439560448,65.04881930747325,64.83349688720071,64.76525270364564,64.85076593266265,64.72456383123064,64.73829742539428,64.7136257694852,64.60433023766367,64.43818112715182,64.26252979824419,63.92516972482257,63.81773421773428,63.89539138979938,63.950608674326695,64.14261637667899,64.10733097074569,63.984478385371325,64.11955577798604,64.28499983812483,64.39680097680099,64.53528184778182,64.60605716190817,64.67332334910454,64.72238460707844,64.74571845746833,64.60605891929409,64.67101619000645,64.61761946997775,64.73883254948052,64.87254643504615,64.83175702439074,64.80065343201285,64.81737312814869,64.88725269551507,64.74564077126553
18,63.31024114774113,62.705738705738696,61.25717677384345,60.46197853072856,59.15304639804643,59.867397571564275,61.035554392697215,62.243643798331284,64.49602213629984,64.75517246642242,64.87265466015464,64.58565238773565,64.29927953101026,63.94726183208315,63.74244369827691,63.16861168345526,62.862606837606755,63.115083604666864,63.29307081807069,63.60559701872187,63.493731466945604,63.0948012635511,62.642526012634534,62.062016051078345,61.854243996743826,61.5495714755328,61.3826124150196,61.31345209023761,61.539130106802304,61.43013905847212,61.37235613848487,61.37361127009533,61.188670897003966,61.060842969666254,60.94691828013233,60.691929803735164,60.76563651563631,60.970472522117056,61.05259162727098,61.16623092185577,61.02584452584437,60.81105296819567,60.73179879982191,60.69796650109135,60.54642393614598,60.54222286369009,60.46100665488945,60.52032097917497,60.64759516749303,60.82089835164824,60.66041043197894,60.74534718308742,60.69055816650135,60.836017651758326,61.02297452547445,61.18389395822414,61.19973223657422,61.16994249364942,61.107779140194374,61.07117555284221
19,64.0514295889296,64.68358516483516,64.09897741147742,60.58680046805045,58.47862128612123,58.88024521774519,60.73048069655212,61.480354599104544,62.56374022068461,63.02516381766376,64.5071354571354,66.06395884208374,65.86205386493845,65.3796794145008,64.98773673857,64.83786852614972,64.58871172400578,64.51675258897475,64.52465271083686,64.70449201261697,64.38427597534731,63.91120291745283,63.733034940100104,63.361590608465555,63.08506227106231,62.92899134341451,62.93690664616597,62.96468126780628,62.95607553366174,62.85937406729078,62.62785359801491,62.61416790674601,62.32945927529254,62.2279824750413,62.26879702308277,62.099237298195675,62.4149648274649,62.70588557397776,62.549251223610284,62.65242445054951,62.800566946603574,62.69001686144551,62.757802576407286,62.83136689699198,62.72833887306121,62.726633420927065,62.73678309476208,62.91833717016031,63.06259334014466,63.08380514855536,62.9596452113611,62.87253040762676,62.93820370754349,63.08758366119495,63.29690688940701,63.382219442264116,63.40390059907607,63.359056022202665,63.218602936611475,63.081319698819726
20,73.1294057794058,72.30609737484737,71.25816883733552,68.94701617826618,65.96485754985753,65.0477809998643,65.02134571777421,65.22376564407801,65.67292260208917,66.48034849409837,66.58051254301243,66.42636641907471,66.64316474124158,66.4993309930809,66.81668260751584,67.24728931369549,67.24470540352895,66.95825815131376,66.27418760576663,66.06844958282461,65.82596299203442,65.27806175306178,64.85457676381597,64.48886175552836,64.25396174196173,64.06939552612636,63.98495888542197,63.949426020408296,64.02403670722644,63.918971136887905,63.83945228904912,63.773293142043215,63.64025280275285,63.555267213723134,63.478971887900485,63.43020324582829,63.59057519057523,63.87252171561389,64.03265173810048,64.28829415954415,64.33896731091859,64.30557542105166,64.35064398349283,64.3892203860954,64.48085402252075,64.49739552918908,64.30225344001948,64.39318740672918,64.3379330608923,64.30558933658939,64.12022383027283,64.10002015434705,64.0178552230439,64.06905204706133,64.16503311503313,64.13083845717777,64.07041937107728,63.939200191570926,63.783191055648665,63.690406237281266
21,74.35356634106633,70.38514448514452,68.36512345679016,67.56657254782257,65.95617928367928,66.26931725681719,66.88772675736956,66.66400844525842,67.76098448876225,68.01390262515267,68.31381535131536,68.2632622778456,68.31118703234092,67.8005908773766,67.93372032288707,67.93799603174608,67.33838043764516,67.04810179532396,66.6277421652421,66.4357928876678,66.36990425799945,65.87517274392272,65.63222845994585,65.15805288461539,65.07603215303212,64.90727317554236,64.99111966565661,64.89300704256047,64.871332961419,64.8291785375117,64.71207051610259,64.64432409315204,64.56733297566608,64.47773423471932,64.33883103668796,64.27201603694638,64.31871266871246,64.40257213546668,64.57179239326662,64.81896583740317,64.98852854462595,64.79619660542271,64.7744929058882,64.801688126688,64.63256319811866,64.60447423952853,64.56367023441487,64.57028133903128,64.52517795885137,64.49986375661366,64.3469387185073,64.29385155442846,64.28725138418524,64.37963518819984,64.46497807747788,64.59784862128589,64.55808449185615,64.50421605055202,64.41973632926997,64.23190264211063
22,63.07346866096867,63.63172059422062,62.83124745624746,59.47276149776152,57.118209198209165,57.72421143671141,58.67080208151636,59.36996209808716,59.88625130014017,60.72369963369956,60.9091982091981,61.3209829907746,61.75013110109256,62.209417698703305,62.14608296024954,62.11874236874231,61.66413548325316,61.64485455388237,61.547295053874,61.30320436507944,61.2193768533055,60.951945970696045,60.89040739855964,60.53924077465751,60.47990923890926,60.74056717854793,60.78964391232897,60.76236954183371,61.010621482604144,60.85512854429514,61.01671475179542,61.096070061304474,60.92119855453192,60.86191538581246,60.81589481946622,60.77652964319629,61.08866600116597,61.2249447068526,61.25948467486926,61.52722858160356,61.45264450996155,61.35324498032828,61.44305295264598,61.61259492821994,61.6257009451454,61.703509604324815,61.64616586132543,61.78331584503456,61.925676430523346,61.96217470492472,61.81901609646705,61.717816442816414,61.69720475192171,61.76781634860337,61.775561938062005,61.80338101052397,61.74268434619321,61.66450544187618,61.6594460310563,61.64981481481487
23,64.46999898249895,66.966742979243,64.89913003663007,62.15137489824993,61.32696581196581,61.75842575634241,62.21991467527174,63.14710139397631,64.73486693347795,65.77433201058184,66.58114524364511,66.49550010174993,65.75522447637815,65.32646265771248,65.17214828381479,65.5702002569188,65.14434778184756,64.85016845294601,64.50324261508446,64.36617801180282,64.03682457313391,63.66400497650483,63.35894538231481,63.050050875050765,63.01246845746837,62.80072320841539,62.67398626750465,62.4498315672421,62.58534359956759,62.63132224257209,62.81328560925318,62.76885667862218,62.605139305139275,62.429476256314445,62.409458108029455,62.26055629041732,62.398976723976624,62.69201462523823,62.77663178464456,62.846887591575076,62.90262961970275,62.81506507161259,62.673376139364464,62.68418791856284,62.65426400759722,62.69650587938622,62.53868787831548,62.53717651946813,62.599040330417836,62.499454924704956,62.447982355335284,62.5009391338718,62.549026942658955,62.62832572091824,62.786290931290864,62.84409168047556,62.82436566844465,62.81595897716594,62.7424184102151,62.5138716761634
24,65.46568477818477,63.89275539275535,62.88739485822819,61.44271850834349,59.152710622710615,60.18680301180299,60.0674697656841,60.524924959299994,62.30011757789539,63.047146927146905,63.98920662670663,64.32026904422733,64.24156295983217,63.4260149572649,63.395494844661414,63.30213452635319,63.25155438243665,63.17546776782882,63.22929920956234,63.618943833943796,63.710835416787795,63.36296458171456,63.37801954486734,62.951454178537524,62.73498148148132,62.67899075639452,62.60702791721299,62.41847800017438,62.48579322975876,62.41577957536289,62.376059842188894,62.46333880240138,62.330145625979014,62.162798816107596,62.01843871736728,61.79011964116128,61.9876493251493,62.16047262922259,62.143467121672174,62.22744251119238,62.0557875954216,61.829403477915235,61.737723613595584,61.87235623173112,61.953927101704785,62.169325994054155,62.252104278699875,62.40676521587973,62.54124180807846,62.49060175010163,62.373952173461774,62.34234907720466,62.28276487663258,62.5402991641415,62.77794779294756,62.955735980289305,63.03217686309765,62.99811130759382,62.89326664390197,62.79779744946381
25,71.10124643874646,72.28830891330895,72.33262277845616,70.28707392144894,67.89083842083846,67.86592473884146,68.3055083144369,69.0818426943427,71.12147605480945,71.43934015059017,71.57420264920265,72.00758207841538,72.43413402836475,72.2450734781092,72.10109415276084,72.20964400183152,72.06891175273525,72.09970520734406,72.20100116744854,72.1665216727717,72.05877885342179,71.85275927775929,71.65200403461267,71.42750708011117,71.41293772893766,71.2474462681192,71.00315368787577,70.92783301354719,71.03768683423846,70.85842049925373,70.47757362112182,70.35644809472916,70.08214023630671,69.69106798702373,69.29021541950101,68.87107272871147,68.82254136004124,68.87032551999648,68.68504351773576,68.6805953652828,68.55383213218572,68.34137534643477,68.38609785993502,68.5484124671623,68.40300388911483,68.3257487480312,68.09713346149505,68.10863805369,68.04716999742497,68.00700335775332,67.64127133759482,67.52717187548913,67.48673121078777,67.48147149489735,67.4588159063158,67.44795246089875,67.34546194546184,67.30683594024099,67.17338105240637,66.98158280762432
26,62.46058201058205,65.03593559218554,64.72323124406454,62.07366580179074,59.936320716320665,59.43922975172965,60.26336196871904,61.69382885632881,64.2547692533803,64.08712505087502,64.35065906315904,64.546062695021,64.41946205503899,64.27004331647193,64.5228384886719,64.30431674806681,64.09222988340643,64.12953805453814,64.33523766681671,64.62653973341482,64.59481970851029,64.37466445591457,64.1410681106334,63.98724074921996,64.12231766381771,64.21797376412759,64.082789158715,64.20271145851484,64.36838659424846,64.32098273639917,64.32252435437898,64.39920110271655,64.37212910546228,64.30754222629204,64.1433321704748,63.950956450956255,64.01687621687603,64.24888704132107,64.2931620018156,64.58867470492451,64.53674618064842,64.34889189293926,64.33010560714024,64.3703976578974,64.32432143987675,64.30106395215061,64.27551156487303,64.28515148046384,64.25759346473612,64.22626638176627,64.03897308211023,63.96388937807194,63.927097971909106,64.00025333891061,64.03406574906566,64.10003797459146,64.07949431984514,64.11129399814739,64.04978373791926,63.89229878917374
27,63.997252747252766,63.358033170533204,62.72854768688105,59.61163893976395,58.307932437932436,58.62661019536018,60.15488836560263,60.71730324074073,61.70422093338759,62.34481125356124,62.50775567025568,62.687748863790546,62.66392802354344,62.440605921855926,62.00388447971788,61.83182870370373,61.899673501879406,61.95595690317908,61.85672407514508,62.150746336996235,62.37901137663031,62.144985569985494,61.9221521031303,61.713948667073645,61.701474562474594,61.68374502989895,61.47003742142639,61.351925802372264,61.64088406803934,61.660686982770414,61.818079187837355,61.97986238298747,61.83352820019494,61.77329329167569,61.6098337112623,61.510446767738436,61.84881199881203,62.193976661739825,62.215814966135476,62.43623715404963,62.43256673317645,62.3320025873597,62.45241656491655,62.582449032449055,62.7376737665627,63.01058322715934,63.00995538149799,63.12335970356803,63.19444164112532,63.2095707163208,63.10742895448789,63.01820387589628,62.98646454872884,63.134509018074,63.18876697376716,63.17170138888908,63.11742916764865,63.04657110928679,62.920804877796556,62.81001068376097
28,76.1103174603175,72.02002442002446,67.18488502238502,63.65259589947089,61.521163003662956,62.30253612128607,63.68280859352287,64.71593470187221,65.87740525934971,66.7144622507122,67.58184176934166,68.22810125830952,68.77407094330162,68.83177546659682,68.4284591642924,68.21393086080579,67.94135513179629,67.53297296838961,66.92013688066316,66.86383343508336,66.56875569316041,66.25412296037291,66.30349909752081,65.96390584723915,65.77977513227509,65.486420470555,65.29038593436736,65.07052717454498,65.0625882418985,64.80523690815353,64.645637710557,64.58606468762717,64.58687084520417,64.42707390648566,64.14225638118496,64.1100134818885,64.24591390841391,64.43556273161538,64.3266580048631,64.40897423178669,64.36894549668932,64.15883166656975,64.10792716112485,64.04680678118176,64.10835345724234,64.29105019376766,64.21231868997837,64.24909421211518,64.25264384141953,64.17498524623542,64.0962994884565,64.04841025249699,64.05581309850194,64.14886190626946,64.29297276797296,64.40836167800475,64.43593697563021,64.51225132626016,64.52803060091212,64.41407076719594
29,69.24992877492878,65.07317867317872,62.459966422466486,59.7672631766382,59.157468457468454,59.51670736670737,60.44439284260703,61.625228301790656,63.29400974539851,64.34770451770439,65.51198801198791,66.34035536223017,66.39314126044873,65.86337941159354,65.73382037715359,65.9468304843304,65.77200495582845,65.71269473838916,65.46700244200245,65.69096408221411,65.5704447448496,65.06165108040118,64.75354466387085,64.41908704721213,64.02384533984544,63.5578740881626,63.29834298075046,63.098999760160545,63.208828400207786,63.08422008547018,62.93387572702092,62.9099541806573,62.86406695156693,62.74566290191287,62.5229094714809,62.45805620562565,62.65288434038432,62.77373120300749,62.790837664235156,62.8110055453806,62.58922875904593,62.47204403841315,62.56624759822442,62.56741822991831,62.49861732917296,62.507165087328275,62.39894472155127,62.526529431217085,62.58742026114491,62.60072089947107,62.5119461602306,62.44389920087039,62.398690303407285,62.48173510303147,62.52906047656059,62.595588769696064,62.63686932787834,62.63177269729023,62.61238436704558,62.554610721069295
30,78.33518518518515,75.5962937525437,69.58804945054943,64.48109101546605,62.03160358160359,62.183662325328974,62.79517559160415,62.92914440883185,63.97194410527738,64.57524674399673,65.01765086765089,65.20392543413377,64.90174579693813,64.75357360893081,64.53190815357485,64.32766617063497,64.12189153439152,64.22451668701663,63.88110393505127,63.79537545787538,63.82388220245355,63.61304459429451,63.25424474880994,62.859440077669205,62.59710968660967,62.39979982624209,62.209912532597755,62.03573608930758,62.09585754284033,62.06883835300508,62.023436166581384,61.94242597680103,61.73135336885343,61.601516226148696,61.43477891156475,61.31202770994447,61.548675186175274,61.94974482145541,62.20216688582085,62.44004845848613,62.29649073825923,62.10235503033135,62.1668015447086,62.205280945905976,62.31084814362596,62.47444645732692,62.52010343872048,62.61778400997158,62.595766988114065,62.57959330484345,62.543402802716706,62.56121902492112,62.55805236866573,62.65461747614542,62.745644725644894,62.782743636984875,62.639922991238905,62.59030093469763,62.54079308168306,62.447201109076246
31,70.96375661375656,69.51305708180706,66.31513363180028,63.86127772690274,62.11341880341875,64.10337471170796,65.88378612128601,65.65336602055335,66.19609053497926,66.77452533577518,67.35183196433186,67.73599070682388,67.80291435772182,67.81574110413378,67.77465845882499,67.14065266330879,66.91146065263703,66.3536695043638,66.19632628579984,66.37241224053717,66.43254719266622,66.19371207496204,65.86466307444572,65.38901501661921,64.9562104192105,64.75346596067762,64.86767474637858,64.80986830629695,64.92510543415723,64.94734330484332,64.93368830989805,64.93420043498178,64.61278012111359,64.33745795326693,64.09879498808085,63.89083980577048,64.11249023749042,64.43060388685403,64.54588238210047,64.79002683658945,64.91079035011964,64.88495503614554,65.00880055560296,65.21058836996345,65.30790191290201,65.36533119658125,65.103349418509,65.21038359788363,65.24885354630253,65.36384483109484,65.18012710782322,65.03691298018221,64.88102274210766,64.96482254028554,64.86406935656943,64.91566560919244,64.93514510992593,64.8588330491349,64.75289332450357,64.66870395807904
32,64.28456450956452,64.20111670736675,61.32010751594089,58.970823158323206,57.4076434676435,58.86059048975721,59.24391025641029,58.99536846255595,59.97146135757246,60.792578347578335,61.67841602841604,62.59493199701534,63.41280838107766,63.46361925111934,63.800580653914025,64.11805173992678,64.31331400081412,64.56693093429212,64.14195183471507,64.30560439560446,64.37652285985627,64.46896783771793,64.6799180690486,64.70411897130653,64.85740964590967,64.87034923765694,64.6080318515504,64.34094224228154,64.42148277967242,64.13790038665037,63.90715237570078,63.90360974384413,63.69961997878668,63.57440326557971,63.35377536484679,63.124496054357216,63.095883658383734,63.172215929781814,63.147077815347146,63.23753383190898,63.05844451393244,62.73883801383815,62.75472984164854,62.857494473119566,62.93526805499037,63.071569252004096,62.885867343846165,63.04513793498175,63.10187967738984,63.20665343915335,63.084687108461516,62.90064386290324,62.919037636018516,63.02119134295039,63.23266150516133,63.39771870820962,63.425066494583874,63.37548348841433,63.26952627567021,63.186635887260735
33,68.06584757834757,65.65367826617823,63.86437050603719,62.76746540496548,62.080720390720444,63.33923144756483,64.20376039304618,65.13258674196187,66.71127165016067,67.29758445258459,67.70657444407455,67.35170982566832,67.24864554960723,66.98758648758651,67.20927384344051,67.03146685490438,66.51892821231058,66.14455947858727,65.84152689415848,65.94682615995117,65.83103838401458,65.46305916305917,65.31210693493307,65.04691040055624,64.79463532763532,64.6813767962806,64.54404761904757,64.32736605325886,64.3012908228425,64.13841625966626,63.87691667651347,63.7250645477208,63.65384183717521,63.55005267064103,63.30148831327422,63.02903269569955,63.277790840291004,63.53774259366382,63.678243610615574,63.91938581094849,63.8899551555041,63.94871334573728,64.02074933034245,64.22892535705044,64.20437446298564,64.26673944010908,64.1589568233186,64.18619950651204,64.15975586205187,64.05140435490445,63.822736060236224,63.73736684433816,63.76071111802252,63.688534176728794,63.60665991416008,63.67818786702724,63.66443387671467,63.57522665712327,63.475655339638486,63.397921415004845
34,67.55199938949939,67.80445411070407,62.98761192511187,61.442121998371974,60.22671041921039,62.265583028082986,62.56527705099137,63.133410917785994,64.13286358703033,63.524481583231584,63.90425176675172,64.26833876000539,64.53989230143068,64.40220361648923,64.77146045312702,64.7266499414936,64.25749808470391,63.76817228553331,63.398019621703746,63.27180606430602,63.51322775548962,63.07577861952856,62.7643149121409,62.52368000440905,62.373270655270474,62.162198467486704,61.83881314159069,61.79091262573384,61.90671901533943,61.957912087911865,61.98269575406651,61.96089155346951,61.81003749337067,61.6338949041153,61.48885909064464,61.348854887396385,61.46834183084162,61.64499202064977,61.70047326842183,62.016290954415766,62.098648336757904,62.136350829505396,62.23319194801736,62.41470369907854,62.51206213539531,62.55212912087895,62.501675412845515,62.67382923789162,62.93081844459383,62.994698412698355,62.941691904682,62.79201310619563,62.86524610085918,62.94299968721257,62.887227032226946,62.90868573390885,62.75448923233996,62.60951082761404,62.562960807240266,62.41138888888863
35,64.34764448514451,66.14718660968661,65.67565120065122,63.3780346967847,61.38538461538458,61.59707807624471,61.20414195592765,60.848697598697605,61.96905101071772,62.44324989824994,62.973766048766116,62.973520383937085,62.76700557277481,62.70561551543692,62.5284801926469,62.467611670736716,62.20679361488193,62.041558981142416,61.765078829552614,62.059534493284566,62.56830678140212,62.28839979464987,62.32030445400014,62.22421249660837,62.14891982091994,62.182728898594426,61.94261727641372,61.78200749316847,61.93009803096039,61.87524080857442,61.83217994669633,61.86245437143898,61.78417600917618,61.86364977615003,61.802466713181225,61.71243061208367,61.819424781925,61.968410074331324,61.81927394779979,62.00320627289395,61.8299899738926,61.59376986549622,61.5745276902255,61.5367649711401,61.47227931533504,61.504862327688606,61.41800143316121,61.62265487213423,61.77535238759753,61.878974562474774,61.850564214289925,61.82229599104618,61.75743658856885,61.843615746393695,61.99469835719844,62.11607460826216,62.17666209683761,62.31674578614235,62.430238060746575,62.45813839709684
36,62.770731583231594,63.03186050061051,61.13435083435082,60.37103174603174,58.79504578754584,58.4498838353005,59.372659747659704,60.26109902828644,62.01940317912535,63.27836996336991,63.962416287416225,64.26790123456779,64.43014111956411,64.2290147683004,64.13709469542795,64.18252728174593,64.30128504393207,64.75366865644641,64.65276492513333,64.73312092999592,64.86902436188147,64.44822122322115,64.45141653837295,64.22771397198467,64.1336050061049,63.917570285839496,63.661940751292676,63.60816817111467,63.78730983256847,63.78462793379467,63.750438017776816,63.76705665572863,63.61762666346008,63.42209578275764,63.35435010756446,63.19617716388553,63.16816156816155,63.06246358417415,63.23452941882432,63.26840048840049,63.04887355192236,62.73976381863294,62.651367592355975,62.715470987346016,62.683760683760696,62.61118499053282,62.54949579577231,62.62029130206209,62.6216966517987,62.594229548229606,62.49753934337262,62.44004747033593,62.435463462114434,62.51807807247631,62.65598521848535,62.78528330135477,62.7837355139987,62.74342527683048,62.68187606492697,62.53421440442273
37,61.45921347171349,59.989629120879144,59.32834418667755,58.198749745624745,56.63032661782662,56.854433760683754,57.45943659515085,58.239817358567265,59.74755969339295,60.19089641839636,60.95913530913523,61.06353573124403,61.041312889389815,60.826214823536276,61.00472968389639,61.096925875050914,61.225016758840354,61.40995596481709,61.61373947689739,62.03582264957263,62.233555487722136,62.11748621748621,62.368788819875796,62.37154176841678,62.272031542531614,62.09294597852294,61.90030883040142,61.93050976800975,62.11994951089775,62.109374576041255,62.141350420785905,62.1080818198006,61.930052200885534,61.922875966626,61.8249761614048,61.867245794329236,62.02595645095653,62.150537401195415,62.09711642820627,62.299556623931764,62.38466675600835,62.5162192084812,62.660274985565735,62.83354920542427,63.037429340207176,63.291621321512686,63.4255742386062,63.641132160663446,63.99914602593174,64.10157468457469,64.12245445186626,64.2661103675527,64.30311364910428,64.44441815900149,64.50623598623598,64.42369905227049,64.39898714021521,64.39781219738114,64.39901647316901,64.44079950142451
38,73.79423585673581,71.89841269841263,69.42110636277295,66.48509615384607,63.74284493284492,63.71161053452725,64.21155372405372,64.41022206959704,65.10825306380865,64.7294622507123,64.59717782217793,64.6425561321396,64.7610500610502,65.05896818128976,64.83076787410134,64.64031625203515,64.46926997294663,64.03028648306439,63.73754284214823,63.84483185795693,63.865997054092354,63.59378931253938,63.364308939852464,63.36327499660838,63.43626597476607,63.1527065527066,62.948264407060705,62.8408802837374,63.044439707801736,62.8254850088183,62.812606017041496,62.90396857193733,62.944012006512,62.97965671311258,62.8705525030525,62.67230531813863,63.0346588346588,63.27530685688579,63.403608606493236,63.56012031949533,63.5103620070084,63.29107033839185,63.21716689856235,63.24313152125667,63.26865384615397,63.27613241227386,63.21708871309954,63.28186908577552,63.325982303788614,63.43001821326841,63.41424740836524,63.54562034297626,63.41579660730625,63.531452463860056,63.566707921708094,63.52560941043106,63.55506947568373,63.58310764108203,63.50126385698448,63.377778710487334
39,67.7910002035002,65.68018925518923,63.924750712250706,60.93851368538873,58.39354700854699,58.33491809116808,58.95133656026514,59.68657852564104,61.11134683218017,61.269954721204726,61.89356199356197,62.381243640618585,62.668315801008006,62.39716153555431,62.47692748609414,62.48183919668293,62.145495163877484,62.15317205942208,62.3447456782983,62.418634004884005,62.65329379615094,62.382829670329684,62.256982932526434,61.9316572123865,61.622941188441445,61.58508891393535,61.65797174362019,61.67105245944555,61.83228864047843,61.778538529372014,61.68249520789861,61.68996139855534,61.71352675102696,61.653000879839446,61.54186522472267,61.49075091575124,61.68925656425687,61.90741021892364,61.92055756446807,62.10347794566564,62.28130577642793,62.29646285152257,62.49597980615437,62.87213908776422,63.107839958395616,63.41548105678551,63.51531891079769,63.71629803452725,63.95658343923666,64.27184310134324,64.33441667265203,64.37690781440797,64.36726852811775,64.43464798233335,64.486894771895,64.558766679749,64.46517352855084,64.3602056229213,64.3125923511518,64.2574235178404
40,70.25908119658119,69.75994098494104,67.77327872744544,67.01939229751738,65.20273199023208,64.24587742504421,64.53342345485216,65.07833740333756,66.03161206077881,66.26038156288156,66.71289312539314,66.56608499525167,66.17487672583827,65.95461618408044,65.90237213403877,65.81985907610911,65.67910172616058,65.72605791841914,65.34557119293976,65.57942384004893,65.88779410624655,65.61123274873285,65.22679964962595,64.9290676722971,65.06822649572673,65.2366529304031,65.13010578242077,64.9313808215595,64.85799282135497,64.7602199498034,64.55210918114159,64.53234572140835,64.454310195977,64.2515448059567,64.10809436595167,63.92163136503432,64.09265130515152,64.2110097626547,64.20530639825533,64.30045863858376,64.0702104241739,63.78408483051346,63.69950296258445,63.66897038147044,63.72865644643426,63.80303071525904,63.64451740143228,63.63715023402521,63.61184246592409,63.63182733007727,63.451111669739134,63.347200208979146,63.47498348960616,63.59114651637802,63.696033781033734,63.760617804814174,63.811636016679834,63.811740646007884,63.671238005560056,63.60107108940447
41,62.290338827838845,62.587324481074546,64.0039156830824,63.062450396825476,61.689261294261335,63.60282102157106,65.50779115064834,65.37896380240127,66.86065267037479,67.72770655270654,68.54138130388122,68.76697446072436,68.89946033311408,68.21070592767019,67.91378917378908,67.43096573565309,66.90421933730747,66.51835260932465,66.16357855107837,66.39671677859157,66.28879537569995,65.80624976874958,65.35352895896358,64.82171050400206,64.6044725274724,64.45716888168799,64.24720620600237,64.28448638002197,64.49084038566785,64.34248490706815,64.06404299105903,63.9415765224358,63.752372781539364,63.63053610333015,63.5684827606255,63.44248886401654,63.574219411719305,63.75183337617536,63.6614625403086,63.859202152014504,63.754277226838084,63.50133474329894,63.54206491183229,63.5976915445665,63.61996495274272,63.73115554936209,63.523799132309776,63.5355716235925,63.55506518236113,63.60371062271066,63.423833564764955,63.33168194874928,63.37421863601107,63.595069736504925,63.7911248011249,64.01896213079249,64.0309090925319,64.02379943651495,64.01457173554627,63.847656695156694
42,64.9642399267399,67.74495828245828,67.84282153032153,65.38265542328045,62.84352767602771,63.17300739384075,63.67853290889006,64.18880812474563,65.52290903540907,66.4170802808303,67.14274244274247,67.67439416293588,68.23972363106985,67.84314495028794,67.83252408085754,67.6168351902728,67.01963836816797,66.5792339347898,66.5521445172764,66.37786044973575,66.5183828517165,66.08608451733475,65.5337060483802,65.08626331230526,64.85770085470115,64.3903756144143,64.14096270670376,63.909440774173255,63.87485562011453,63.742205942206226,63.93424432497033,63.880523917633504,63.71978731145425,63.62019769446261,63.41773097273116,63.15932214647506,63.26594190344201,63.3834366900157,63.36543196831666,63.55743818681325,63.42638218827252,63.084705990658385,62.99963713074175,63.09489607614609,63.02139951612175,63.0873143060643,62.9952251058635,63.190306289004205,63.24383685097973,63.29040008140001,63.249625120703435,63.24587716414623,63.24267312875783,63.32229957114196,63.40400423650403,63.38027392580937,63.35571648137411,63.33193383085601,63.2687663403763,63.16306657848302
43,67.60242673992674,67.6103250915751,63.866298670465405,60.61309905372415,59.565165852665984,60.275262854429585,61.38463646142222,61.91909785816039,62.57398702120925,62.68801994301999,62.77912411662414,62.62651819630986,62.16727129707903,62.01873764463048,62.397182878849485,62.612720988502176,62.635295913237,62.635808121919105,62.8672878778141,63.09302350427345,63.569206300753834,63.573616892366786,63.786898789616025,64.064036850495,64.24880219780195,64.33381879872239,64.42583774250417,64.45929287313191,64.44648365682824,64.24869776828079,64.11699866740162,63.98771144942997,63.86860963110942,63.84472081567651,63.678025611953984,63.5875789976482,63.82907990407962,64.04751194224852,63.90691300627173,63.983142679079926,63.91657881413953,63.733548825512834,63.59361873053709,63.6353264790762,63.624146994980045,63.66233985418736,63.556705006970624,63.69606905440204,63.76386085569725,63.87108892958862,63.837178290119176,63.810452866221766,63.7558292249327,63.85189170397471,63.89456691456666,63.854833765770955,63.63575061228538,63.590569344448305,63.55116383146011,63.485971289512605
44,64.81526760276765,67.13176638176641,67.13367928367926,65.1641547110297,62.84171347171344,62.986044973544914,63.96367085295649,63.895718228530704,65.13242097408761,65.83154049654043,65.79399628149623,65.42905601343107,64.77677906139441,64.06172924297924,63.77964726631389,64.12447217134715,63.6202602408484,63.632653868764905,63.809299156009665,64.18083231583226,64.10124789231925,63.86107665482657,63.88833368724663,63.50546419244323,63.26200203500188,63.28298757866058,63.052776458794945,62.891686653293796,63.08371208931563,62.915490605074034,62.764391731327315,62.803838045635054,62.704672796339516,62.48533870813279,62.291819001104734,62.13261288608514,62.241045028545074,62.4017237270527,62.63287767550588,62.72817803724056,62.59996823411456,62.51405011434773,62.55049810224228,62.65296983109483,62.573287998010194,62.693292124542126,62.68123782246128,62.79410252170671,62.8204551967307,62.85383964183964,62.610528142881044,62.538243362762486,62.45064611314604,62.663224309983455,62.858538868538766,63.06410556209659,63.08546223107623,63.097167136822236,63.121402530300855,63.06053715574552
45,71.78353683353683,69.82475325600323,69.6878476461809,66.68885454822949,64.53879629629623,64.82455823497489,65.55578667364382,65.62251666157914,66.9450052005607,67.94831603581598,68.90516289266286,69.01917056708713,69.43075709902617,69.51697882144279,69.76592389092367,69.68630443630424,69.4541588857764,69.05632348618448,68.71104229591063,68.94314331501819,69.05510640153489,68.838612082362,68.37369251119242,67.83682929724587,67.46262820512808,67.13258507873874,66.73969346839704,66.4517868044653,66.25461331452703,66.03412698412696,65.85853010490106,65.62292461589338,65.4815451523785,65.32016193229433,65.18735536949828,64.80231933704162,64.7475465850466,64.71181251740467,64.7166825814262,64.83431216931218,64.79564919046632,64.81082451499125,64.8777678393958,65.03934075184071,65.15973058834166,65.11963500468923,64.91229855644741,64.97120705297782,65.05066656699303,65.01134401709395,64.82477275810605,64.72959538680699,64.69295092573401,64.84110157674985,64.94548192548203,65.00291623059489,65.07648108876192,65.0126312225452,64.95493091340565,64.7844600461269
46,67.03039275539274,65.97404100529106,67.35502136752142,66.08582366707377,64.36100223850227,65.08122541039214,65.13316181173339,64.49965150590165,65.27549744494205,65.74918243793255,66.57228373478384,66.38986611382451,66.42934629473096,66.45880865166583,66.73257834757838,66.98627009564515,67.31722928487638,67.70684099850777,67.44341275196543,67.3688461538462,67.25858601275269,66.68324314574322,66.37789744474532,66.10404456654466,65.9912934472934,65.77117204376819,65.39213961621356,65.22603130995984,65.28517536103739,65.2427631935965,65.07651542006377,64.96295739850424,64.78505522255521,64.63105502884912,64.47435359613927,64.36652011825615,64.529135041635,64.77492529400423,64.81085438777748,65.02627976190477,65.08149165649168,65.14360003973097,65.28581911198187,65.491871091871,65.6512748157192,65.9505986666312,65.94393818356566,65.99060761769071,66.07392840530562,66.15595960520928,65.96462188864122,65.84300790911331,65.72288436580855,65.75161471758656,65.72734265734229,65.75068826675933,65.60061201793627,65.45153625110491,65.29657860971389,65.16529956925754
47,60.45943732193731,61.54096204721203,59.29605209605209,58.2358541921042,57.01274623524626,57.76219983719984,59.14376707948127,60.74874084249076,62.76809512503949,63.68066391941385,64.2152463277463,64.69227886311208,65.23219373219366,64.75248633641485,64.81654015737344,64.81364977614967,64.68018596327414,64.36989694975807,63.96716979414347,63.75594678469675,63.52312489098198,62.94194832944825,62.630796216665686,62.436688754917796,62.286131664631604,62.05920192699022,61.92290696272161,61.88929788795844,61.97804373149182,61.99893552435204,62.004257257079715,62.26861645299136,62.196571792405024,62.217770505638065,62.148185068899295,62.061503272961566,62.23065043065039,62.51538046505146,62.5721686077455,62.78849282661781,62.677949388010376,62.475435950733576,62.50056400318033,62.72609855422362,62.86950990367664,62.88555225973709,62.784660306202944,62.96416478005027,63.0992626232423,63.127856837606934,62.891147042862784,62.903651361103414,62.814219672710365,62.87516703975048,62.979111999112014,63.073929443572304,62.976073642082426,62.90378361261984,62.83974953953768,62.804100868267454
48,62.3635175010175,61.35824430199431,61.30237586487592,61.547426994302064,60.6874765974766,62.31154185320855,63.72753212396069,64.29502887159141,65.95523956496177,66.51891992266995,66.81945508195518,66.70618979785655,66.19607831627069,65.46281251816967,65.17224460724466,64.7039711156899,64.06586254159785,63.76766268710717,63.68684746053172,63.819764702889756,64.17108916216058,63.81600644725645,63.71393135849656,63.26472133190881,63.11983557183558,62.85310592185594,62.58257359924031,62.55355634775283,62.6898998989517,62.6027292768959,62.644410308926396,62.63420584045582,62.524334770168174,62.411445689386966,62.21074146752729,62.09050247591922,62.2088495088496,62.455641909260486,62.52296995502136,62.70525958994722,62.59789290429553,62.42175829021084,62.41788778620187,62.4752980815482,62.505820218875876,62.55072408469158,62.41821586608828,62.492102072310416,62.54396435008679,62.449137362637366,62.42149251438473,62.440158906264756,62.38423910122022,62.3913144982589,62.41911505161504,62.494244123931566,62.6017310012923,62.51458535079214,62.378030945827426,62.30371981413627
49,64.45868945868949,65.75530118030115,63.04712555962557,61.31752645502655,59.22765059015066,59.74923857007195,59.43327955113675,59.88922212047218,61.418658142269294,62.19964031339041,62.07538295038305,62.412483465608496,62.30285878651271,62.07174545031695,62.020184506851265,61.86922282000413,62.232282613900324,62.24919956586631,62.538142899985125,62.82261675824184,62.769275829990164,62.70812960187968,62.65958618676021,62.380888363180176,62.30288461538477,62.235380858457916,62.14249103091706,62.13096964213044,62.076148197268914,61.849750033916735,61.84302191237678,61.763808283730185,61.661209007042395,61.52042274174632,61.36940781440784,61.20075563582515,61.46806696806701,61.57696163485646,61.43099699445863,61.449401963777056,61.27285704358885,60.99269470608765,60.91789157225212,60.907035903911044,60.84494991633897,61.07152479163366,61.22336550368485,61.486826647503904,61.634951990564424,61.88753866503877,61.8062278045122,61.7947820786764,61.72944043203486,61.794790489003525,61.88669922669931,61.83495470303511,61.74622069775581,61.688617145944725,61.642773242137594,61.55112357549848
50,72.48045380545382,71.76140109890109,71.86314611314619,70.65051510989012,68.92061151811147,69.1931191493691,68.77673193208902,68.15040445665436,68.1647209786098,67.59592643467636,67.2896714396714,67.3671126712792,67.06183784164536,66.68294995348546,66.46821089404405,66.42480222323958,66.40902014651998,66.54509960204389,66.5863553113552,66.5377258852258,66.54557387057376,66.33566664816658,65.90734989648028,65.70539678300091,65.34735246235242,65.25726789236411,65.23055385972062,65.11288774056642,65.16238439083283,64.98247676706028,64.86343199810962,64.77384322853092,64.6069301069303,64.42177556920223,64.24839292982168,64.1087072649574,64.17589581339591,64.3821910545595,64.37722832722835,64.52920138888891,64.40754303284795,64.31094031629752,64.24132686865251,64.27533589096093,64.2007247998915,64.24149457627723,64.17513563072087,64.31344203635878,64.48546468648526,64.4424287749289,64.33042208336339,64.29316904605379,64.25741671850173,64.41442298271019,64.51519665519687,64.5820918003955,64.59433189455136,64.59942019985141,64.54854359388274,64.46383156966506
51,61.688502238502224,59.73522842897838,58.63865147198474,58.280636955636936,58.52697089947088,60.23266008682673,62.44726800976803,63.099743716931144,64.41041807986241,65.46940577940566,66.36778776778768,66.89858101003934,67.28159732005884,67.95534987499269,68.26681488264813,68.41848290598286,68.31665888577646,67.93789117261328,67.54349736520776,67.23908653846141,67.17386233695744,66.58333379583372,66.09556325317179,65.83068041140953,65.68002218152215,65.62862249929562,65.33063657878475,65.32569826007325,65.5839710257814,65.51658492741831,65.57321133167906,65.49173153235648,65.33928293928291,65.24544683257916,65.0545547706262,64.94835433342377,65.04880581130584,65.13122268813059,65.16236302870921,65.37459885022382,65.37339693955546,65.35121664050229,65.41106449536677,65.67517875642872,65.79633349161121,65.97308621330362,65.94590401718065,66.14883633920093,66.46009267565391,66.6946748066749,66.6369351871804,66.61315012444824,66.61129666106085,66.70544494942646,66.76911810411815,66.67549230696555,66.4095612964034,66.31806432711605,66.20387029793804,66.11052053656212
52,69.819998982499,70.33138481888477,68.40767026183688,66.73883801383805,65.5214346764347,66.16313339438346,67.06470216291648,67.4659690425316,68.70212035906485,69.59921754171755,69.43958772708775,69.44272020417857,69.41452365298524,68.90550104657257,68.50472357889028,68.16027803215307,67.49748856807685,67.1866990005879,66.92369706317068,66.94728301790792,66.93749878868914,66.55745689495676,66.25843088071336,66.14498117623108,65.82650732600722,65.71333650324026,65.69384901792294,65.76733167626011,65.76991302120598,65.45854717813035,65.08520717633608,65.09617960164827,64.99318844735505,64.77959222150388,64.57878365021203,64.3838533894088,64.50230106480093,64.64810115566681,64.58080353881626,64.46661668192903,64.19692813961092,63.80504680504661,63.768353115445976,63.8123392810891,63.71102371907913,63.63934665374864,63.54694002805674,63.60707608363831,63.744765061091265,63.73490740740709,63.55758187890512,63.42825081791397,63.3605941054052,63.401144594431415,63.52563094313078,63.56996773068184,63.56001042492248,63.574731677964195,63.49604321447523,63.458690645773764
53,60.269998982498954,62.06490384615381,61.50162291412288,60.19289784289788,58.81404456654456,58.668002984669606,59.60521469271461,60.694678469678294,62.32968106995872,63.05342694342687,63.29604608354604,63.42708502916834,63.512406468175755,63.35392210302925,63.34298602631931,63.27614945818067,63.07790975364502,63.41158424908426,63.65474101921469,64.11572980260478,63.845483264530856,63.11644605394601,62.96717232043309,62.57135437864593,62.36518579568572,62.237480628345885,62.15050422828181,62.203471858828806,62.30928750368385,62.40025386650366,62.441184830700756,62.62766521672752,62.52405619072271,62.38585508989898,62.22269884877004,61.99409990729412,62.26926459426434,62.48630216031508,62.71550475877383,63.050081272893635,63.22706800877522,63.25108073143781,63.35276026729507,63.60289664039654,63.67265285126387,63.78530850188453,63.778929827068175,63.857967456925905,63.903214472602386,63.92334320309342,63.72154937473587,63.79700668811272,63.746430299260744,63.790175273971826,63.89831205831228,63.91115599017408,63.84175485008837,63.81537268606254,63.7962319695372,63.770956026997816
54,71.15779405779409,71.2919922669923,66.00035103785109,63.557235704110724,61.006625966625975,61.49316069732733,63.14070585499153,64.34473570411076,66.14641557002675,67.302235958486,68.19576858326859,68.87697098426268,68.64226738361359,67.93073361823359,67.82768484601817,67.63476037851036,67.18957630060571,67.01488349613348,66.67324855943278,66.34438263125756,66.27890914200435,65.96905363155365,65.6883737236998,65.6011326058201,65.45909788359783,65.33526971603887,65.0529177783806,64.8852240682596,65.21104286837023,65.09005324921964,64.88960327307075,64.68779269052683,64.55114931364912,64.249019607843,64.1332689400545,63.97456402907781,64.01943289443278,64.19120571192933,64.22163128893891,64.42751449938939,64.45924225954703,64.28654415469883,64.19822481566655,64.28458659396149,64.31673201284305,64.2064519518323,64.22953697209,64.4533961216251,64.55552866445696,64.64237515262487,64.57189323022625,64.53691444773145,64.45136268343786,64.59665600174834,64.59658295408266,64.64405279740073,64.57299962870104,64.42235098872993,64.35046253181808,64.32010556573024
55,66.80593203093201,70.61203449328455,67.42733346900022,64.17402701465208,61.97868233618238,61.69831942748614,61.41513605442188,61.10978454415966,61.9577375299599,62.1172044159546,62.776966551966716,63.41444554673731,63.430089853166876,63.15778897028896,63.31453127119798,63.82735774063909,63.68184957743783,63.52526398498624,63.490530278688176,63.9566821835572,64.49404277380472,64.46392912642918,64.39126895648636,64.208814102564,64.14164936914932,63.863994552455985,63.63236369254882,63.36867550438976,63.53575568747979,63.4975936100936,63.462658040883845,63.407822039071995,63.14934540767868,62.87302993847105,62.58943775800911,62.426267495364634,62.63464137214124,62.870851407364434,62.909014015424155,63.085718991656435,63.17640936299467,63.10562653836451,63.23011767517569,63.33000286750276,63.42128216433764,63.489532015890646,63.44887620259961,63.633506944444484,63.870711856171006,64.09415059015059,64.26931466318722,64.3573182782317,64.46360187680936,64.71008880522758,64.87877132127116,65.03193381519257,65.08742841791066,65.07377031493392,65.06102436483776,64.87843779677097
56,62.45082926332928,63.46247456247456,61.447832722832715,60.404571123321055,59.285938135938075,59.87232905982897,59.98282022210588,59.66664504476997,60.203914552525546,60.62955891330885,60.857776945276896,61.45400937796763,61.6670752324597,61.53931006163126,61.55203093203067,61.50403121184351,61.53515076970942,61.55855577036114,61.34203510914017,61.43402879527864,61.58361290385086,61.73508782883773,61.63450987418369,61.44205628476446,61.52252258852237,61.32527139882886,61.33530144409755,61.32076665067717,61.44147527121648,61.511583061999595,61.40649936980573,61.4257521558302,61.267448446614985,61.18945509827852,61.21561936740501,61.25591408334459,61.37636056386054,61.61638149861827,61.65370957390185,61.791147868335315,61.830298574505804,61.792957560516975,61.99626163027314,62.191831316831205,62.0592605028715,61.97361088991509,61.752285480476814,61.81287329568564,61.90443765418232,61.977006919006634,61.916294480755006,61.8617619204154,61.85608686386953,61.998350706220776,62.084481814481514,62.19603410808737,62.03447998557619,62.02330542222754,61.933918137731425,61.85200617283927
57,76.12610398860399,74.25431166056168,70.36780457197126,65.84389880952384,62.54991859991863,63.80839353547689,64.44090354090356,64.02829670329669,64.98218299190518,65.40912952787951,65.60728715728716,65.07537011599511,64.44060846560845,64.3903173876388,64.77144010310671,64.58396450193327,64.12963651272476,63.87665315651428,63.575072563888405,63.70249160561663,63.793034721010955,63.62137422762425,63.35049415158115,62.7941160883869,62.535352258852214,62.499462094173616,62.464562512247696,62.350215128786495,62.43397628871758,62.28831840998495,62.14742605065168,62.24357416310518,62.135505235504986,61.88136461849672,61.595812401883606,61.463106119703184,61.549350036849944,61.85039361223561,61.85971765651246,61.90606074481065,61.86907045077767,61.67469474969469,61.648730135067275,61.78221731971723,61.832931646542676,61.810780644476196,61.76345699218031,61.96440484669641,62.25316941184286,62.466142246642164,62.533532843336744,62.631271328386624,62.76631630075019,63.065084923649714,63.259459706959724,63.44714527370785,63.48914326414343,63.50350169466564,63.5360463532076,63.58356405168927
58,68.3564458689459,65.49285714285712,64.1837861212861,60.894392297517314,58.7165018315018,59.73810032560027,60.8343057735915,60.93006143162397,62.11560676977351,62.361232193732285,63.37219585969591,63.95744217202556,64.24662072258228,64.73100071225073,65.05655236738575,65.40918771621901,65.45988981062521,65.3815987767378,64.97519278966661,64.78998677248694,64.88435543733179,64.35478711103728,64.006012767426,63.73670062576333,63.652105209605445,63.30564439122152,62.92161473642977,62.76928364294453,62.96685086943717,62.83506596798272,62.708698484908275,62.778887489825095,62.77451144534486,62.78699513993634,62.70892639106927,62.6382121093926,62.82027247027242,63.03442902127111,63.270482034584575,63.53798687423681,63.54528549589521,63.523258983080375,63.48338089559015,63.70491661116654,63.6100148102925,63.566305785599205,63.399370556551276,63.46007018637213,63.524041680164046,63.51690679690674,63.40552054154991,63.365866069471814,63.30175038972203,63.414539241622435,63.39061050061031,63.42741429370869,63.4478920770585,63.42564409568697,63.56617533439538,63.59021562542373
59,66.85950345950344,65.9237204924705,67.93654185320858,67.61973824786325,66.43681725681725,67.17172873422871,67.24531004709567,67.07441684472917,68.11294148238578,68.8083404558404,68.71232054982043,68.52985305589466,68.78205206474436,68.1608680010465,67.77749999999996,67.76270890567757,67.22040568364088,66.99631947270831,66.58160786581831,66.56629960317451,66.3753258425877,65.85282749657745,65.5828256888039,65.47925251831506,65.06283394383398,64.80498927710468,64.7335939266495,64.49218304843305,64.55584010497803,64.46374321665994,64.51148775060075,64.36491354421048,64.07454459121126,63.820716470348856,63.56064058956918,63.38136503414286,63.47357769857779,63.64794598676186,63.73719683687639,64.10927681115193,64.15975299542379,64.0567002442003,64.06060437194158,64.15052771302771,64.14195529778861,64.21613878271481,64.17988844292033,64.18655902353814,64.29438464030292,64.3291828449327,64.23058837495094,64.24605209605186,64.24739250965655,64.36711832406267,64.42406473156456,64.43278878859218,64.42007725867357,64.35254445426845,64.31650179701016,64.27961750440905
60,68.45263024013026,71.7667760480261,72.67614299280967,70.5939395095645,67.92146113146119,68.41841337674666,67.95504244432813,67.17359457671955,67.59485144485146,67.19672262922262,67.3633653383654,68.33433557183564,68.28187713283874,68.3846204721205,68.07978293311632,67.75545253357758,67.19594346285528,67.02462239406684,66.47326623181887,66.01954059829062,65.78344937690177,65.30600949975951,64.80629766771074,64.5648771367522,64.3893577533579,64.21538872452355,64.23575178251127,64.35795449590107,64.5815644604439,64.44224070682418,64.33382206204806,64.23027447089962,64.08296641629983,63.93307910771149,63.783214285714315,63.64204907746576,63.837304199804194,64.00192508514877,64.01787305761665,64.21885378510379,64.21731464109511,64.21509414307032,64.3423320650065,64.37808765308762,64.30646226201777,64.39313795101837,64.3709657167104,64.48324493793233,64.57895029196042,64.63687617012602,64.59696595162279,64.516296159325,64.40629026808266,64.51424934804562,64.58405067155063,64.50480424007209,64.4854606244957,64.40247498350932,64.24979494767607,64.10981150793631
61,65.21813695563695,63.33562016687014,62.69154965404964,59.68889016076508,58.572028897028844,59.62807624474287,60.595203936275325,61.52406262718753,63.00345328539764,63.0827976190475,63.582757057756915,64.07898563627718,64.93126584953492,64.94477404209532,64.8071686338351,64.26621896621879,64.03196210107961,64.17689876995416,64.1257644645801,63.891598494098346,63.810297837083354,63.262780969030786,63.096056077577664,63.00368992504393,63.01567765567756,62.942526455026375,62.57654735525103,62.54510836385835,62.557795461243686,62.43023894315552,62.192964308690044,62.17764772842893,62.019355181855055,61.940889774713206,61.87916128844686,61.760495946954116,61.85760939510918,62.16005357946127,62.23670478381999,62.42116605616589,62.28392038178607,62.010647300230445,62.04670743769557,62.09456261331236,62.18140833446364,62.194110770469194,62.1192834844428,62.254096395502415,62.29165109267119,62.335984025233685,62.13482576791369,62.06734330484305,62.096672675681866,62.20426681514614,62.3044334369332,62.330221324640725,62.370074045512396,62.39894285152878,62.29380755779038,62.12444037444012
62,65.51015974765974,64.52389601139602,63.77619217202548,62.54007427757426,62.12175111925107,63.96680402930398,64.92263285656136,65.2991637413512,65.60129900963234,66.12135073260069,66.61850834350834,66.78935948310944,66.85764143264137,66.61361561718705,66.53930911680905,65.89615352818478,65.42541867174218,65.22653303486642,65.10827790630425,64.94540903540909,65.03564063802168,64.4729920542421,64.13774818176996,63.82676706010057,63.68088603988617,63.57798421308054,63.445672417431815,63.35411670009898,63.421662070369095,63.167997727581174,63.19486966140206,63.19881620116006,63.16248597081938,63.107734354425624,62.94708733065881,62.79717360828475,63.04171025421026,63.051785848167405,63.15009131419386,63.38574557387056,63.431899029155126,63.40552866445722,63.45445334166264,63.673673664298676,63.8664039252928,64.07483708923922,64.13427224863383,64.27213054114078,64.36097094515446,64.40046336996322,64.1482104950241,64.04687656538603,63.95514365962467,64.06273873588677,64.06595580345567,64.03356018155112,64.00325287934923,63.957047773427014,63.7681693777032,63.55398529711019
63,64.28596357346362,62.6168472730973,63.15125152625155,61.136744505494555,59.449286731786835,59.45869285035956,59.91909049944772,59.971902981278085,60.47713844797188,61.46109126984137,62.17063492063502,62.39332264957277,62.53135351116131,62.279350180243185,62.58231447564787,63.20294089590971,63.20316143551444,63.59119409397185,63.61192618297874,63.56920940170936,64.07160905672805,63.88213268213266,64.04289187060931,63.80809718830553,63.64399633699637,63.30548667856362,62.945264663320245,62.65526157044011,62.72003213899771,62.87040988332659,62.98316922026606,62.95011955636954,62.885159747659735,62.84169270272208,62.73039479039471,62.59769733866951,62.71827775577768,62.84826609793708,62.84504137837468,63.06236301892547,63.11715854154869,63.04324657925839,63.11979358927023,63.39327871202864,63.313446049834866,63.2564766151722,63.23771432468228,63.39814645231299,63.44695611455799,63.41393304843291,63.312491321314724,63.24901635045861,63.21291477565055,63.4288332466573,63.627927442927366,63.75430448354547,63.82079763154316,63.85501628001619,63.80623391831012,63.71498855311356
64,65.898082010582,64.08623575498572,63.15158051824715,60.532671957671894,58.941448921448874,59.70951363451352,61.03323231001789,61.3299386955636,62.64312565006998,63.30246286121274,62.84043872793856,62.7084028625694,63.22600341254174,63.35366627420188,63.30182268348925,63.18803736772472,62.88805154540431,63.03306963098616,62.899782040571424,62.713727106227,62.53676933736447,62.25534488659478,62.09394122383244,62.05003179690668,62.10139133089124,62.109046171065366,62.049865840606515,62.02980860079069,62.08810927259196,62.00582909374569,61.91986966140189,61.862506359381314,61.73997329830657,61.68702327084674,61.56655619512763,61.35306508049559,61.59248479248473,61.74362923869498,61.804434217254666,61.85837187118429,61.7599667947228,61.48194395992001,61.38283499446271,61.53403552466038,61.64114672364661,61.712972695581264,61.52907812242907,61.56132627018028,61.73979259591487,61.71421509971493,61.550577980479794,61.635928156601146,61.695974919559795,61.82678166312427,61.92293327043329,61.986691722629274,61.8753930767089,61.96940514785344,61.97572354669818,61.956618759327036
65,65.3095645095645,62.60055708180717,62.816588658255405,62.590225630850654,61.280512820512854,61.60181878306877,61.39212672248383,62.20020095645099,63.1370669967893,63.7493096255597,64.69134707884716,65.51567799484475,66.3203296703297,66.58729286586433,66.58681793515132,66.32651512260898,66.0616868969811,65.77141246099588,65.5033122335755,65.64098697598708,65.59356721321019,65.15365722240735,65.37156040416923,65.47005939662203,65.3960657305659,65.00929858958717,64.79134389273285,64.72784082650176,64.66307839669929,64.41332994166345,64.33409448973987,64.24530391483539,64.00337548254245,63.74371244224215,63.36259201116374,63.20332722832752,63.42323092323121,63.61202913801622,63.593914430773665,63.709393569393754,63.63119161777718,63.351021134949875,63.39644194091889,63.502207977208215,63.407102609325094,63.52393814921016,63.62774422189348,63.687324693054244,63.74558965222264,63.80455962555994,63.705705587078384,63.75548080836569,63.68636385452453,63.6802433334844,63.76113238613274,63.81785232789733,63.76396520146555,63.65822000477207,63.600158919862636,63.55498295685828
66,67.09380341880345,66.49144281644288,65.93659781576449,64.47259742572248,61.79154558404562,61.66295702754043,62.28090586662015,62.57695233007737,63.63148204675987,64.62949786324792,65.4901908276909,66.26691001899351,65.93634826711771,65.83527457991754,65.63074107990789,65.57368074633715,65.36859872154002,65.2429323248769,64.93579541803234,64.8547547822548,64.91866411806893,64.42781362156369,64.19852263276186,63.92430068003007,63.963147741147914,63.866956263110275,63.71596609837374,63.59536273911298,63.582684062425635,63.40769739519756,63.35397465437807,63.4316568414226,63.286272677939444,63.30848236730594,63.20973152508874,62.99326880681053,63.09038337788342,63.15673692778958,63.192867970111585,63.2506763838014,63.15573076426737,62.95156198519297,62.73777886626729,62.74566637066644,62.55490808574153,62.586492231601014,62.50147299509008,62.62361884835854,62.73783442558962,62.742456349206535,62.6467512788594,62.677601280486165,62.670628489260864,62.85581822155925,63.015838143338364,63.068198278243166,63.11483230869224,63.085680866069005,63.04669243186212,62.94216583570767
67,69.52077737077737,68.72168549043553,65.94913681997012,64.13229929792429,64.79035612535613,65.77686457061453,66.94864890400605,68.0515567765568,70.16929408040522,70.40490435490436,70.49600122100122,70.63024945733278,70.72588874800414,70.7086084220013,70.71477377560716,70.47540731837606,70.04460125930711,69.58860709763488,69.27913158965792,69.15024038461544,69.19773824059546,68.92971912346924,68.83995527419451,68.73117623117638,68.38155331705346,68.24159152813016,68.05860881231258,67.91530339699995,67.99609858532278,67.74834401709398,67.61397472002305,67.50043148402519,67.13841914258576,66.89217092820026,66.68642479213908,66.34235771944101,66.40252037752036,66.43498717413189,66.36939943959177,66.441925493488,66.34089646803062,66.06989032792602,65.99943800815889,66.03382289007284,65.89109709220816,65.84944004264648,65.62358783848137,65.718107914462,65.70789248544342,65.72174898249897,65.49573547367665,65.41035131179353,65.35346209520732,65.43590459608971,65.47025400525393,65.55098361459962,65.49345791472979,65.5394289538686,65.3910028765961,65.25392407746573
68,66.45434472934473,65.37205687830694,64.21458078958081,62.12329187016693,60.27449023199025,60.48757122507121,61.44084975870689,62.82456247456247,64.03315979288205,64.72811914936919,65.61177063677061,66.18641169786996,66.32750109577023,66.43571283214128,66.71231074481055,67.09483967999577,67.33388068902758,67.30850348211435,66.858447132789,67.17028108465581,67.43520892687532,67.14490625115596,66.7624725717114,66.45003264482408,66.26495278795267,66.06676000281767,65.68420423883379,65.40183422728055,65.31578319509346,65.06521062271057,65.0106337061982,64.95374647054336,64.76051633551636,64.50466703775531,64.36963936856804,64.23588598901107,64.39590854590864,64.43015391041718,64.26859378750414,64.20975351037858,63.91549579598366,63.599223670949925,63.481555191148246,63.38785427535424,63.335887147831556,63.39748843145574,63.17939549615085,63.18494183285855,63.18947675529306,63.170727818477694,63.023025249985956,63.0008709417362,62.96001297793733,63.13050128883438,63.30158656158638,63.44461823725198,63.41367226827736,63.437250449103715,63.50790313735205,63.37129375254355
69,66.96228632478629,69.52198565323562,67.30972391805722,64.63912037037035,62.310336792836765,63.77577245285575,64.31922204779339,65.11788576007315,65.71923981368418,66.17548992673986,66.45191567691559,66.54739010989007,66.28761857800319,65.72352026280598,65.30328347578349,64.64297606328856,64.17119245133945,64.1443217790439,63.65240960306738,63.72431293243783,63.79514966955435,63.24642209642199,63.17494116189762,63.06167031271193,62.96536792836787,62.93358086002313,62.64406815749403,62.47245751933244,62.552113244354516,62.447520519603785,62.55673339503983,62.70514728327228,62.49122759956082,62.41690802389321,62.4921794871794,62.44265434925151,62.568116743116626,62.67270593685056,62.67131586362348,62.919024598087,62.99357832772456,62.90798895769122,62.98389343214913,63.038222656972565,62.97558755030968,62.924976110845606,62.81923358359515,63.00505613213931,63.13414992981315,63.17966585266577,63.10399010031352,63.14802467831299,63.17305446126186,63.22953607606374,63.21945027195023,63.286133732339046,63.387067740576484,63.37802171487509,63.39287378503475,63.395028320444936
70,66.61210826210824,69.65954924704926,70.46026319359657,68.66531974969479,66.24077533577535,66.06634106634104,66.65706581778014,66.55704174297921,67.50864762809206,68.03626271876271,68.35843415843416,68.83661816578476,69.66863905325427,70.1985213529855,70.38653167819818,70.42434530168889,69.9691140558787,69.84783498394607,69.5212684489,69.80816646316642,69.80402130937844,69.54175523550522,69.47429969386482,69.27255778557857,69.17510683760688,68.77207174947566,68.53056818010529,68.13270866038738,68.01129478758806,67.702489146656,67.36194480549334,67.15869581807095,66.84554164970848,66.60265328353583,66.32872521658254,66.16903574820259,66.33576337326355,66.40250760448146,66.364578180604,66.43441913410679,66.12194203718607,65.81063324902625,65.75796963587673,65.8146081927333,65.95595396373182,66.03381885827534,65.88543858623633,66.00771318766098,66.14882468249803,66.16818671143659,65.96315439281118,65.94287876475369,65.8617895731102,65.92560720315328,65.93038045288024,65.82531379004573,65.62747315225361,65.50970897716564,65.44732655919071,65.33546364129673
71,68.7257122507123,67.57078754578758,64.97973646723648,62.6104675417175,60.42425722425715,60.816248643331924,60.94468864468855,60.8706323768823,61.761284086284,62.808472222222086,63.565359177859065,64.1037422839506,64.24744607244608,64.01482208267929,63.70600359517028,63.39456813441193,63.21222976370042,63.387775855831485,63.26546307006836,63.592623371998386,63.66545898986375,63.22907208532209,63.07867074551857,62.69246158933661,62.605014041514046,62.46114104912188,62.335777031610384,62.26640375167161,62.325958731562196,62.14002628544302,62.14145299145304,62.062736886955655,61.87817629900969,61.81389322823142,61.65938208616785,61.48324783498397,61.59722717222717,61.831196045669714,61.9445802416956,62.04342427248677,61.96753030167663,61.91396713956241,61.976771753225265,62.09607811170312,61.99257563424229,62.05919909398172,61.97922847444126,62.1096766466559,62.083392410688425,62.17227197802213,62.00770717118769,61.93531198146596,61.828548390812664,61.96088631875686,62.07597208347223,62.1713872354499,62.12198953580547,61.95398316562125,61.80406448542057,61.725072327364124
72,66.01706857956857,63.28372761497756,62.845812983312946,60.02620192307689,58.23875152625152,59.607024148690805,61.123162683877005,61.832601368538924,62.84551677746124,63.09761955636961,63.67319578569586,64.10304275200113,63.92121607025448,63.5398129978487,63.45499559082896,63.308660523504344,62.89314623285224,62.85200334644796,62.69671400724052,63.14466320716334,63.557332063879834,63.597333222333376,63.68232910406841,63.26564535002055,63.23138156288175,63.09034469803724,62.80940811588985,62.55259826152717,62.567401898867715,62.45218830552199,62.54886811217492,62.683405035358504,62.579569658736624,62.45378809643544,62.425263678121134,62.29777732555538,62.39222422972444,62.70339349977529,62.75295453596753,63.09981354293871,63.25575967618664,63.263177486094285,63.30834741270801,63.379272694897836,63.22736670736683,63.33383401019288,63.244032140042926,63.38028983940451,63.52277426843771,63.64481929181951,63.54321925351365,63.64171039964341,63.80902782577338,63.96741142088396,64.19224525474556,64.31918906985901,64.24387375133016,64.23527140962508,64.26822603009066,64.22168989960679
73,76.75847578347582,75.23844373219374,72.88684201600873,69.13970670533173,65.63992368742369,65.1969305385972,65.82780975638117,66.07219551282051,67.66893286754402,68.01575600325602,69.099303011803,69.47212513566672,69.7722378760839,70.18248153962429,70.61815493148816,70.5712870751932,70.5700019751489,70.73594378872141,70.87340841419771,71.0602737077736,71.12041421981891,71.01034914159906,70.8723805984674,70.53592032967025,70.34867846967843,69.973749647788,69.66092814935395,69.51184080469777,69.41646878026175,69.03598748473735,68.72065313718535,68.48475370115992,68.1736106486106,68.00252549737843,67.6395629106343,67.26867566589786,67.26953808203803,67.14379351155662,66.98422821243327,67.09229077635318,67.03646463067189,66.92798176250555,66.77992505986687,66.6833707958708,66.63732397232397,66.52594616534832,66.36012424336892,66.46246544736128,66.67020331331554,66.61766941391939,66.42046693321194,66.24193493472337,66.15413758149603,66.32343578061162,66.38574786324781,66.382880091139,66.35936565059372,66.26203993165198,66.12696731234868,65.93349638787149
74,67.26190984940983,64.36104242979243,63.51317663817664,62.652940577940534,60.48597578347574,60.14344135802464,60.531508372579715,60.31539161070402,60.70049405327172,60.78372710622702,61.53403772153763,61.922126831501764,62.379952490529455,62.65794486598058,63.195474494641154,63.580199112230346,64.12180145562498,64.70592100800434,64.91535221601004,65.30229573667069,65.69452608678793,65.55807872682874,65.66152342021903,65.23479747490165,64.98063838013843,64.89237578660658,64.68458617856764,64.51491747339959,64.79609069091826,64.78522537647537,64.84033538146444,64.7923762146419,64.628898878899,64.40977683808578,64.15288679574407,63.88714585311819,63.94675568425574,64.16141087226627,64.17475697379554,64.28586042429802,64.21456776060445,64.02515395759451,64.11626652847589,64.27637593887603,64.30831727942852,64.32792387765228,64.18880424146393,64.36555981634109,64.51172379208094,64.56283302808299,64.35280052191817,64.22045587959047,64.14256945884297,64.10658134732203,64.13629749879742,64.25052146927129,64.30956897228812,64.32888545043706,64.16605219952666,64.0894393569392
75,64.4835164835165,65.80331196581199,64.19526014109348,61.67487154049662,59.11817969067979,59.933963336046745,60.02534158962735,60.13911973443227,61.06381427214762,61.579297924297876,62.42554158804156,62.59707426061595,62.592251338405234,62.67184865399156,62.87986467236471,62.758219818376034,62.49241512844454,62.20622993261883,61.90597433755326,62.10109864672363,62.3039016318778,61.772819772819744,61.421409990975185,61.06724960995795,61.001115181115175,60.88594850662155,61.059521359984224,61.103902661491816,61.30728671073477,61.358052842219294,61.267418632741006,61.375427827380705,61.23360898360882,61.09958132825763,60.9267189952903,60.72266200877302,60.78777362527352,61.01072513013297,61.031030519812475,61.33813988095227,61.34857971748199,61.12186125162294,61.20589665502435,61.35108109483094,61.39588963505615,61.491473894462835,61.51331508326173,61.751035625254126,62.0640466015464,62.24495390720364,62.17447987742073,62.05271212939449,61.973010689519754,62.0868448424,62.21736013985977,62.23930124934547,62.286995355196645,62.23080879050667,62.19414341935479,62.18686194206981
76,69.4725172975173,67.42321174196172,63.611200990367635,60.83562143874641,58.51349816849814,58.26691171482839,59.73167698703412,60.67166704822957,61.62448107448109,62.189017094017075,62.59263560513558,63.61404744946407,64.44455323878395,65.1516229141228,66.01346391263039,66.52164224664207,66.77443109722509,66.94317850359498,67.0408515947988,67.22340023402506,67.37206572087509,67.19648661523651,67.19927204438056,67.08373058268877,66.84022873422863,66.6170494035878,66.39892257947808,66.24807310744809,66.28226741330187,66.05092830009488,65.83716750692547,65.87214145807884,65.51778761362078,65.26400635040318,64.90489054596172,64.6740079365077,64.7477504977503,64.90845851273464,64.91029737119459,65.1782468457466,65.12371509475143,64.99430829311761,64.99853077585621,64.97508625633614,64.93201227784547,64.93883867742544,64.76902867620927,64.69578828771515,64.82567622286984,64.76482671957643,64.59735290127423,64.57888069017847,64.52904802220814,64.63505714964023,64.77984913234894,64.81554450840149,64.79568588494011,64.74224918599904,64.68083519587736,64.58436219644527
77,66.2637057387057,69.41840659340659,69.62581230497898,67.29236747049248,63.9654873829874,63.778356905440255,64.2560279667423,65.19088319088321,66.68641353502473,66.67663766788766,67.00531459281457,66.57170626441459,66.19604583450737,65.71937758009186,65.63905270655266,65.5473996489621,65.53446784696776,65.39989033600133,65.22953162821574,65.09948743386238,64.87291436517627,64.52182678432678,64.43737458193982,64.07706489112734,63.89857549857546,63.56968257881723,63.359533984534,63.3367641287284,63.48073484625216,63.54829110704116,63.52571110192085,63.6141491465711,63.46878892712234,63.194820171658485,63.0787946973662,63.03697570433693,63.259367746867845,63.456294047083595,63.253563340742886,63.49437741656491,63.59801289496406,63.525046756594314,63.41815766059944,63.42648612961104,63.36011396011389,63.30592749641654,63.17044419331638,63.26394898504267,63.2660581387622,63.32821296296293,63.1828175999745,63.17615339610546,63.21661051212953,63.29067658164895,63.33388805638828,63.337643267777466,63.217212547037384,63.164504740151564,63.0842144202316,62.95263007054702
78,65.07795075295076,67.76429080179079,67.07531881698547,65.7234546703297,64.33445054945055,64.99830586080587,65.11707366707368,64.78535307285307,65.3861795097906,66.29606277981271,66.64962352462348,66.64864121218298,66.26230510942054,65.76701915809059,65.43518586351921,65.16451687779802,64.59219097895556,64.36763357527236,64.23680729601773,64.30292735042727,64.47291194255472,64.27799584674571,63.95687786448642,63.80251577126564,63.7050830280829,63.56111365486359,63.269287862343326,63.029233531019116,63.117251203458,63.180673924840576,63.20111678942322,63.09311708257016,62.9679518012851,62.773518189327056,62.532358422001344,62.333008015646975,62.45208780208785,62.69599519632424,62.728242306127036,62.844144663207246,62.73866069567294,62.5397593367832,62.467054736822234,62.5481527731528,62.57900126622354,62.532419241386656,62.45135684843134,62.418653655372395,62.38556778633319,62.50701933251954,62.41814423775227,62.43532411320885,62.49313503582375,62.59968269042348,62.72445619195617,62.88357417219023,62.83153003591607,62.81454929967873,62.85104233494085,62.72542192375544
79,64.8435388685389,66.98195970695971,66.68130002713336,66.21231303418804,64.87240944240946,65.51575261158591,66.59407669050532,66.89204250610514,67.40452505313628,66.65801790801802,66.36413077663082,66.25355574209743,66.45838068626531,66.16811624222336,66.33681115181109,66.40071765618637,66.38668749551105,66.31028693528687,66.13007465244303,66.4897756410256,66.4441241738861,65.96645299145302,65.74092566049084,65.60639817358575,65.67738034188034,65.92930559469025,66.08391481632232,66.38374923687428,66.56931287103708,66.3703556166057,66.25355075032496,66.10874685210624,65.75354676188014,65.41848544973557,65.21227731263455,65.09159855062643,65.1736710611711,65.24181393655088,65.12886793880391,65.21604840761105,65.25978997289988,64.94510109599413,65.06197137272738,65.24634335571854,65.20792497625848,65.30433344835541,65.10680816425509,65.20841049382727,65.19320112049719,65.27628327228341,65.18102340651373,65.1460143311106,65.21230859462004,65.4755571760203,65.65199171199177,65.82340206916105,65.77987374061934,65.68873714089227,65.67733206059464,65.70786909849394
80,66.01194037444034,68.05590404965399,66.71521164021165,65.56883140008144,63.59319291819295,63.98641212182889,64.34021164021172,64.89551091269848,65.73484206123103,66.17797568172573,66.90162707662715,67.8621896621897,68.3001811934504,68.62807685039824,69.06183930267258,69.20951903998773,69.33703763556703,69.65031486003708,69.9315079900606,70.28802223239725,70.48151297556055,70.37109348984349,70.44447032436155,70.44785900827559,70.61779283679277,70.77789616010769,70.76240446796,70.71996518692954,71.02101648351662,70.99174450549462,70.81639407486189,70.4982087212557,70.15968707218721,69.75265059015074,69.35877289377306,69.01881896395798,69.08060395560405,69.23438577747795,69.28712548135631,69.44637706043964,69.59427556409277,69.48105013372884,69.48374660438633,69.63309445184456,69.53375186541861,69.47472007662238,69.24020373834213,69.2395841812508,69.22570799382017,69.07437525437516,68.8059483907522,68.51423209980895,68.36382275132277,68.26259958320142,68.27813112813112,68.22001388162103,68.10336409042546,67.95081680771328,67.8444213350993,67.65989010989011
81,63.87858669108668,64.34231277981281,64.02947700447707,60.48919795482301,58.37035510785516,58.681181318681354,59.275896127681904,59.70541437728942,61.22130647130655,61.444594525844636,62.02588106338117,62.53242563763407,63.10052675244994,63.35624200534922,63.476286460453196,63.53213427197806,63.31530052191815,63.34364514086738,63.28742475847741,63.203152472527506,63.14243924065354,62.70002243127246,62.58639778096301,62.458447802197796,62.24685978835973,61.88740705519548,61.728485317837205,61.942485028199364,62.01839869900223,61.98546686338361,61.887993487993654,62.00677162825622,61.97439073272423,61.99265439081629,61.965765015407975,61.843172709492315,62.114814677314854,62.46903275817766,62.41655774187844,62.74297021265784,62.76766083961219,62.758166656976265,62.67603051556547,62.58338478650987,62.558827386605216,62.57298634336683,62.444764091306695,62.471682522724144,62.40081078218829,62.43321398046402,62.2908201457221,62.27133357205469,62.34571968038948,62.49643978278236,62.59887640137644,62.74748368364444,62.676217252533014,62.71539873759695,62.80536550706041,62.82104565187896
82,68.17424196174196,64.8644841269842,62.51257631257637,61.50744810744821,60.513237688237744,60.30478819020489,60.37805177626607,60.369714718152245,60.802073440962346,60.92319953194955,61.59042762792766,61.63072980260488,61.560640712563895,61.32170765742201,61.43577330077334,61.70288302553935,61.524104299839685,61.52937299326204,61.616267966925925,61.68640949328457,61.93221020601977,61.461682761682816,61.42297163384125,61.201380621693154,61.03768640618643,61.04804444131373,61.01266035062333,60.9284869396477,60.96974092318925,61.09219458011132,61.227818641931584,61.357320919821035,61.2546640088308,61.160759474730206,61.146451537880225,61.12145372631492,61.333094770594855,61.805065816250085,62.09700372040125,62.52576172669935,62.58024608634374,62.536520655270785,62.740354918552704,62.97243647556159,63.20336295391861,63.49014262709929,63.56379125208918,63.70732505341874,63.79470837174911,63.84817368742357,63.66495028210699,63.65012014338923,63.502180331897144,63.46908700010536,63.43848817848803,63.52961999970905,63.458214624880966,63.33463661179148,63.3433562357289,63.23239358635172
83,70.48645197395197,68.04976343101333,68.1683828517161,64.51677731990225,61.748056573056495,62.25213336046664,63.10319858712715,62.599156746031674,64.26382162076598,64.97232905982895,65.16751304251297,66.1492055012887,66.27829239848465,66.0887933164718,65.7913258038257,65.7162580764142,65.31943277310916,65.00964958395508,64.74900097465887,64.72063034188035,64.37759947283756,64.00253496503495,63.8759723770593,63.49254595712924,63.26289275539267,63.26494219811505,63.27902591235901,63.233501221000964,63.57906667087674,63.50976800976788,63.524936652355805,63.500158984533805,63.39279547612864,63.159656832818435,63.19676521890792,63.129709616515036,63.387752862752656,63.79163600775426,63.86124795195295,64.04855463980451,64.02222743381269,63.87407831366154,63.806580037103195,63.84137691012683,63.83830280830277,63.75775568030997,63.693317399700305,63.78501697954814,63.83083287649603,63.78854649979639,63.62505037627573,63.61950021132698,63.66160863071231,63.732582172628355,63.84572196322183,63.814476314029704,63.68260849773995,63.57476193984809,63.53823139352795,63.402015415140355
84,60.9169719169719,59.467701973951925,58.20072920906255,57.00213548026051,55.08682743182749,55.77304555012892,56.44858058608067,57.23230438542948,59.28309478587271,60.089269943020085,60.479418729418846,60.66463632817807,60.5623238940548,60.54844613058906,61.10263838013843,61.26658812830689,61.22130766836654,61.34108838692173,61.25572504980398,61.35312220187224,61.41505465434039,61.04980528730534,60.998128019323694,60.7464860178402,60.49348494098501,60.337431514354584,60.34119899305075,60.33437354642703,60.63276037500168,60.568566849816804,60.44634881247779,60.48162790623719,60.44625235875229,60.525984282601875,60.38327751613454,60.20316216705098,60.42722255222248,60.715274698498284,60.96633650063128,61.31700104293842,61.39455066162367,61.29240992693357,61.2110720674673,61.27668997668986,61.26124055985157,61.39515835412567,61.31344746663888,61.59072982380266,61.788340891912235,61.90846235246226,61.808100604914216,61.968101147427966,62.086800708027035,62.260743397548836,62.38710539460535,62.35290233080412,62.38991335175536,62.43179655593437,62.391828087166964,62.22243903473063
85,62.988792226292205,65.04100274725276,62.643499864333194,60.98524750712245,59.875656288156264,60.44067460317461,61.69412974591542,62.59011497761491,64.2468971871749,65.1589194139193,65.48486282236271,65.81975181454331,66.08605514855489,65.48265814872937,65.20221883055196,65.26976622914106,65.21101355071927,65.28218497037926,65.12669842340877,65.13602843915324,65.1901164311877,64.88949476449461,64.60517244430272,64.12107710961861,63.87794179894165,63.78809054193655,63.76979736655644,63.62423505727063,63.87787496666795,63.8300432437931,63.80613618758767,63.76368618360792,63.71183677433658,63.69751280854198,63.642548403976754,63.515697355627736,63.78877558877541,63.96602108904727,63.837097304404864,63.90069406288146,63.921177422396816,63.766108979204034,63.73835789533443,63.809980759980625,63.83936734047831,63.77349984958661,63.65196431818747,63.72675391737865,63.963628387862876,64.10126902726878,64.03424559282375,63.9734540833096,63.949617573202225,64.10863585145967,64.16372747622728,64.002126758823,63.87422375382883,63.82937885071489,63.83723286286824,63.68164004205659
86,67.13455433455438,67.37101648351651,65.88967236467238,63.54539707977207,62.127847985348,61.762683150183214,62.4932961218676,62.284703780016244,63.32401189345634,63.64095390720387,64.2314523439523,64.77465150590152,64.43122319276164,64.18291615791615,64.2424623524623,64.15539021164015,63.90249108190283,63.397890946501974,63.2262394768973,62.9584587403337,62.82587989611795,62.30538836163832,62.21839597600468,62.054981303418835,61.79095136345131,61.60459010362855,61.55573154554629,61.584720768649255,61.62530349599306,61.417521876271834,61.17702876573839,61.08950034340652,60.910808481641794,60.761690338528574,60.68770219198794,60.65600650635372,60.975687225687196,61.31606727823829,61.55717964371802,61.795258445258376,61.75466884064435,61.69507384150234,61.71036490426019,61.77426994301991,61.84267727128834,61.90093941887421,61.86933923050945,61.919814348460214,62.12417322850998,62.188189560439554,62.061238298738324,61.99717340174071,61.958296088956466,62.01812847646181,62.089094054094055,62.05023393438564,61.94948161000788,61.83957824582817,61.846814100839495,61.757361365486304
87,68.84205331705328,70.14480311355304,68.97491520824849,67.72190934065927,64.69004578754571,64.41618335368328,64.1571486714343,64.20323056573054,64.6386401664179,64.34323616198611,64.82000545750543,64.83973892619727,65.13849949907645,64.96254360718652,65.06190747524082,64.84471885175017,64.34298073930431,64.26812056256504,64.17579927382559,64.45834961334968,64.49924608019852,64.25135212010214,64.18498345454873,63.8356057522726,63.50465303215317,63.47073804044969,63.194584445047504,63.08900317605688,63.15298233056873,63.0997120472122,63.17308775453953,63.31044464794479,63.202953219619985,63.11019191864792,62.94643729286594,62.8813921675033,62.93872402622404,63.28639413705207,63.45960534005407,63.57562042124536,63.51774645860005,63.39064783320732,63.25866402116397,63.28084935897434,63.22533882783881,63.197155974058134,63.037003805886705,63.150580187559235,63.22680990589138,63.172559930809854,62.93422364672364,62.91199770670922,62.88121241965581,63.03379497731351,63.0935852110853,63.03852531397177,62.961522395732985,62.953909396797364,62.96153302911778,62.86660349681181
88,65.88923483923486,67.54898758648761,66.83604158187497,64.4101076007327,62.76222425722433,63.19811083977756,63.67051354729929,64.14824671855922,65.31077759688877,65.73617572242574,65.72943167943171,65.58187618708452,65.29364609749226,64.85839874411305,64.28549552299562,63.733311393467666,63.48922586128474,63.374168475557404,63.325349699033985,63.40064077126584,63.648705108824274,63.43400349650365,62.977564544955996,62.59474821089417,62.411877289377344,62.35856638020108,62.36443626675111,62.094077780684884,62.30333038608902,62.22530541988869,62.191413604316715,62.32351746922047,62.40690991107646,62.3140778747395,62.21930402930389,62.13728024804398,62.372294547294416,62.5014230287255,62.4519106842823,62.543715404965255,62.53160271300499,62.295962580188665,62.21060176903192,62.43516495078978,62.46912110523206,62.493100679513596,62.37451755297479,62.44453845729878,62.49685664864228,62.39372792022787,62.173955066357,62.06200582714999,61.95135865183025,62.050516287553286,62.16237512487511,62.15606557794061,62.11065261087197,62.164922880440166,62.139215092816855,62.120327211369
89,65.44304538054536,67.88288817663816,66.61610195360197,63.89111848799345,61.4942735042735,62.63496896621901,63.17288650502937,63.68787202380948,65.29696332474104,65.9724745624745,66.60581964331962,66.5283225647809,66.47984643561563,66.25935810221523,66.25450345950343,66.1300235933048,65.68192499221905,65.52637249581689,65.27446099222414,65.54462505087507,65.77741947206232,65.35844155844161,65.10234180071137,64.81367266992274,64.42629670329679,64.15724323753179,63.86124470522626,63.756017428338964,63.825914172034935,63.74546448921445,63.634610297110264,63.51929293218349,63.32380150713474,63.12668216859387,62.81238822024534,62.46300140189028,62.61163471163468,62.78075557483448,62.72198911013012,62.91361238298737,62.8979302540278,62.69377253037971,62.80873039535831,62.88624199874201,63.042582078415435,63.18494905859037,63.28419539483373,63.4706691553047,63.58551483474972,63.50336518111535,63.28098978907811,63.28877099574228,63.31119337510861,63.49903921524302,63.66982295482296,63.71585393772893,63.70579904176386,63.62170084066628,63.55715984423601,63.43114350156007
90,73.62086385836383,73.53250407000401,70.17528320444987,68.17553545991042,64.07827533577533,64.48373439831774,65.69600776207925,66.05138698107447,67.56452991452991,68.70040547415546,70.0470677470677,70.7683777642111,70.60164913434141,70.59093842665264,70.8530094288427,70.82366802757426,70.80913057530704,70.94968994482878,71.10339711458127,71.32049781237279,71.58705375312516,71.26567390942395,71.132016996691,70.94232422669937,70.83468437118451,70.732832018409,70.723217112106,70.72546623350189,70.68684037865061,70.45947463030785,70.11916889860427,69.95558989621479,69.62893079143072,69.46390669515665,69.26799247049246,69.04731959141682,69.2460852335853,69.426158076816,69.43511643864213,69.66072318884821,69.6182869749943,69.5832770073842,69.6092057812988,69.68888784826282,69.86587335503984,69.85756888039477,69.7742180396434,70.06520051129415,70.31111578330957,70.43652269027265,70.40566159512233,70.3798418372938,70.20505928383294,70.17714673872098,70.08632524882543,70.06594087955713,69.86275134060237,69.73090711970038,69.69879055345174,69.6052261396013
91,67.36431115181112,68.49934116809119,65.65578788495455,63.74761396011397,61.3316788766789,60.30361636819974,61.11917117274277,60.84061800468065,61.754405779405865,62.22631308506315,62.64355644355655,62.97901361755537,62.977243981090275,62.61532102157115,62.97079839913183,63.26704918345552,63.19036336756931,63.3612334938725,63.22838961720552,62.98762489824993,62.94591642924982,62.76379384504389,62.684506556245736,62.66870675620682,62.35728632478637,62.06552843524003,61.8229563303638,61.66008779580212,61.76182739674126,61.73917531542534,61.55759662977397,61.59506162240525,61.443687485354005,61.367954104718685,61.192282400139376,60.96469525844509,61.02156084656072,61.34560841205563,61.503680092462,61.79575536731773,61.987141020677505,62.05431384092088,62.274780764024854,62.46343031968023,62.61816148871689,62.89119861619848,63.01671267070188,63.209080560642974,63.37296842424387,63.47095868945864,63.338495455162075,63.23481829779905,63.324515631119404,63.28331712868752,63.387823565323544,63.338530310628464,63.27341100257759,63.119121475586894,63.045402964894436,62.96240299823635
92,67.09905372405375,66.59295380545387,64.59264855514861,62.60585063085064,60.59521367521367,61.031216083299434,62.17080280830276,62.13156796906788,63.20378453850669,63.99967846967833,63.86266326266315,64.13918820377148,64.57557645346097,64.53798840048823,64.79435185185169,64.28126399063882,64.08884100648793,64.2188949938948,64.15105391684313,64.63654405779378,64.87112477469593,64.54215922965896,64.30646997929581,63.93483690306585,63.812212250712044,63.684346333865435,63.500474833808084,63.46177975463677,63.548519886881806,63.42287189662177,63.327766946315194,63.286435280575795,63.19142601225924,63.09011587540985,63.11738633060048,62.976154015737244,62.98531979781966,63.16170434098052,63.235414775158176,63.420865893365715,63.25847975421131,63.000633030990045,62.91132289329954,62.92499976874962,62.99496902274668,63.06037298048158,62.90925536244665,63.00067960588775,63.13858457302314,63.212672059421934,63.246809236515006,63.25220220484629,63.35944701699405,63.52428887984424,63.64393412143393,63.5972075956449,63.42539396925348,63.32484325221383,63.31118173257992,63.19837471170792
93,63.017526455026484,63.44917073667078,61.73754748338083,60.38550442612945,58.748352665852664,59.91083638583645,61.66065468922619,63.06935732091995,63.949511034233424,63.90082621082636,63.731234506234635,64.11137820512828,64.23763931937016,64.26204939240662,64.81879053045728,64.96757065272693,64.9188435203141,65.03396814091255,64.99910486686798,65.31575015262513,65.83955462526889,65.87462676212671,65.69454663693784,65.43808315527059,65.5259619454619,65.53656155098457,65.4538384283754,65.38403068492345,65.42284237154921,65.23552723511054,65.08122612154867,65.02712816697189,64.96987333653999,64.82633157964042,64.61928033606603,64.3214715325826,64.43461909711903,64.61335590579007,64.60557512288278,64.89903490028487,64.94529083157133,64.79353390216492,64.91533303044939,65.15308325933336,65.26867238728362,65.32578347578351,65.23289699858853,65.19163264397655,65.23301500087224,65.2611114163615,65.10110428786912,65.06763055320762,65.04330618717424,65.18435714662586,65.30739371739385,65.33192954532255,65.20117557069325,65.13906967075087,65.07675070535252,64.95411384140564
94,65.47210520960523,64.94237637362635,62.116237620404235,60.20226139601135,59.14476597476596,60.490962047212065,61.39755072969365,61.73868157305661,62.107461674128395,62.3774394586895,62.10161320161321,62.371964031339004,62.83880435803509,62.79810236060223,62.428969610636194,62.191084465303206,62.13538240082357,62.010794837878166,61.8303678533942,62.09262769637779,62.057036019536156,61.72417952417968,61.4421822742477,61.16141424162278,61.11172649572666,60.83405028020424,60.70824646889471,60.79591836734702,60.98139060811483,60.95765889974236,60.91049125605588,60.92151474104607,60.874217140883886,60.87359644712591,60.93365122972268,60.86916901257186,60.83082065582074,60.99068183278715,61.146306210408866,61.49057615995124,61.6335748036968,61.629831191736,61.74207828132253,62.04563815813827,62.32681081264423,62.505412331227596,62.71570934975197,63.0368183803079,63.43293640410985,63.69536243386242,63.7408071775719,63.94027719075802,64.14765705992123,64.3234156190175,64.6199154549155,64.83847307619631,64.95291398010698,65.0939160456402,65.0376218414355,64.90462818816997
95,71.53686914936912,70.98138227513228,66.91141127391133,63.40731456043958,60.291985144485146,60.549888922805565,60.69943456014884,60.569803749491236,61.44421833310721,62.38269383394383,63.36310078810079,63.70231608669108,63.632572946996014,63.25443521425663,62.98487111653781,62.88735977564102,62.52542675189735,62.70587352462352,62.65247707945078,62.73212784900287,63.00406758144855,62.57935582935588,62.49190600060168,62.28947310405642,62.19927146927146,62.12179995929992,62.162171384856514,62.38195189400538,62.628554060881505,62.695497557997435,62.5967433402916,62.54974975834346,62.43524053107384,62.28188204769078,62.017974591545894,61.76401734839221,61.95572481822468,62.33446838249457,62.4330794798742,62.77906707875447,63.03644639010487,63.177394276798985,63.41415024467339,63.806132293632174,64.05463403880063,64.32934793668481,64.4220699218039,64.68056435269958,64.87937442376206,65.02712362637352,65.05143826761471,65.19335493566261,65.25606651384952,65.4633400978308,65.65550458800458,65.76681111547182,65.64606887589345,65.60366142478213,65.49553912032724,65.27835546398043
96,71.33751526251524,70.07002950752957,69.16601716185052,65.46871184371179,63.30231074481067,64.04519739519739,65.17346866096868,64.90655906593413,65.4072740017185,65.70548687423693,65.12753357753364,64.85520027811702,64.40414083779474,64.33468152218153,63.9883160358161,63.823205064611415,63.581508116067056,63.34443963957859,63.0533384743912,63.35392704517716,63.371482111363136,63.02671194546201,62.92122131089528,62.805160214014435,62.64244424094436,62.293881883785915,62.00394451227808,61.7936179065646,61.92066579652807,61.874852801519694,61.87128185434659,62.00257411858997,61.98642499475853,61.89594675477042,61.737377318448864,61.749802293899585,61.93387824637828,61.96951192082771,62.064367114367116,62.21779583842086,62.331445868945856,62.101502752098014,62.03582313466035,61.989254611129596,61.92641783114007,61.854508303693116,61.8512473047048,61.86671499796499,61.81958959407938,61.840727614977645,61.753008211831805,61.74727838045153,61.68371873584147,61.83375634996006,61.985915103415095,62.13219200607595,62.19171334675722,62.18595252129739,62.16388328401044,62.12269841269837
97,64.37654660154656,65.26104497354491,65.58094729344725,62.66405423280417,60.69429181929179,59.88013583638578,60.02302822838533,59.70384297415546,60.94458915570023,61.05283119658117,62.00440254190253,62.93308955704786,62.802076484768726,62.81345463399027,63.0871374304707,63.3422215226902,63.33254237592465,63.24928746664855,63.28887737506152,63.535531389906325,63.38149068744303,62.88825826950823,62.84102409265452,62.57937419447839,62.393706552706675,62.29863380921093,62.05388591175649,61.92110951218111,61.86703401962042,61.714780389363995,61.602412954429326,61.61236692994532,61.568624276957834,61.54746477650911,61.36780946566675,61.157311451408816,61.26744972994988,61.489700881477376,61.469515539067004,61.65513100325619,61.70211193503892,61.62076222939332,61.68486360753819,61.85994410681925,61.9943993352328,62.259955915662566,62.16248939201078,62.23786121286135,62.336266539583,62.362944953195075,62.19672264917373,62.17199621959239,62.1833942874038,62.19726339332826,62.23527583527586,62.21413590543065,62.20814107919382,62.18005864665353,62.17672863075409,62.06523478835983
98,62.4840048840049,66.5120548433049,67.12145740062402,66.0497443528693,64.98316544566539,65.43327397910733,66.81846473632189,67.41242177960932,68.19102903269574,68.6885485347986,68.87143782143791,68.99819817528156,68.64527253373419,68.459693514158,67.73264482431169,67.3489786833539,67.14567562067585,66.92288218468791,66.6916058843692,66.73954263329276,66.79373558540237,66.5845545658047,66.53468174337745,66.50940510107182,66.21903968253983,65.92660491218199,65.44200658737708,65.34877918047577,65.27746989600449,65.25267738434411,65.0650083041213,65.0231444915039,64.89604808771482,64.72114711269121,64.52186973079831,64.39879284809841,64.60915599665603,64.6517397928582,64.63147182826665,64.8632245879121,64.9097294191806,64.67254200825629,64.60381338084824,64.63877291689788,64.60259892370999,64.60778310859835,64.51212449882662,64.71106034205002,64.72937618881507,64.64895187220199,64.41769673681443,64.4014687235842,64.25676388600921,64.23639017018657,64.2649864949866,64.38128306878316,64.36382096623338,64.43065353388637,64.40419503597467,64.40075668158998
99,71.54559930809931,69.68659442409442,66.00180436847107,63.84286731786727,62.66978225478225,63.82928198344864,64.96123902552469,64.39012706043951,64.18041875819648,63.96627238502232,64.30960197210187,64.60812389770719,64.81216735543653,64.6809890836676,64.6293820377153,65.03551237535602,64.59873141564307,64.71223375390025,64.68334377610675,65.3624964387463,65.8381221291934,65.84212454212441,66.00891751163475,65.87623986738554,66.02267785917766,66.23540355655717,66.18908221408198,66.08025484766529,66.12637888930958,65.97149267399233,66.10180146913983,66.12312493640587,65.76499241499205,65.5155049199164,65.3068579568577,65.11077236806376,65.20042363792335,65.38235947775394,65.51281151184969,65.49939217032937,65.47456024102337,65.36447056030363,65.37288525428032,65.46416650479121,65.41795719712354,65.49509177416749,65.42176683639417,65.4989480523332,65.60350757519099,65.78438624338601,65.58298329303219,65.46221324081888,65.31194488600137,65.31986463467932,65.29820438820417,65.23529120515707,65.1336367985489,65.08456854448224,65.07156671012596,65.02552274114765
