,0,1,2,3,4,5,6,7,8,9,10,11,12,13,14,15,16,17,18,19,20,21,22,23,24,25,26,27,28,29,30,31,32,33,34,35,36,37,38,39,40,41,42,43,44,45,46,47,48,49,50,51,52,53,54,55,56,57,58,59
0,72.90922364672365,77.38738553113554,75.14828551078558,73.01232448107451,70.71432336182335,70.58893976393978,70.6153170242457,70.8043797059423,71.59228564645241,71.6934823972325,72.0665441040441,72.66956866436033,72.86699774584382,72.77246860282564,72.8839119522452,72.83672383750498,72.58531416840228,72.26041553610992,72.18310734100204,72.09183989621484,72.18728293311621,71.97473174973166,71.78700982994452,71.52565904388813,71.440131054131,71.28218727497567,70.99197945401642,70.6269387028315,70.80023490239,70.84106345814673,71.1006031155224,71.10095978963162,71.01402332235656,70.92031425818185,70.99608087679509,70.87639482431145,70.94145849145836,70.97056503438074,70.79104546925052,70.92687856125355,70.87441754271022,70.68072998430145,70.62039841080545,70.71493437118444,70.60842603898165,70.70591466705605,70.5082045220343,70.53206537867999,70.41274554999053,70.32188095238104,70.10966546162634,70.02843142434494,70.04900995231183,70.21509010536789,70.21406075406075,70.25172548185944,70.3319506922577,70.43881617265244,70.48217320971574,70.40036570682419
1,72.61244403744398,74.88731176231178,75.48722188305521,75.14869759869758,73.07279304029304,73.47026862026858,74.9736358218501,75.85241974460723,76.68355548772215,76.43074684574684,75.79153485403494,75.57947488468334,74.95197590870677,74.46856830338986,74.29956857956874,74.33821956400101,73.70605981708947,73.1821544453491,72.79012836578644,72.58247557997576,72.4525386650389,72.10852804602833,71.98844716073008,71.8413930012891,71.44281644281675,71.174774388717,71.08738317580944,70.96586211407674,71.12917368391544,71.0117304300641,71.11289945120622,71.08222457519365,70.93238474488508,70.85941951566987,70.91719751148355,70.69893996178747,70.79603930853953,70.9825311141103,71.04779763209274,71.28045952889727,71.16668701668722,70.97768644494846,70.8899033137407,70.83204607892121,70.84014527653427,71.02170484507448,70.98488664605685,71.09004343457478,71.14337347271034,71.20800203500215,71.23231742839592,71.24854536489156,71.25301506669429,71.2498366345588,71.29362563362547,71.20970341662294,71.23900768659529,71.2901192756795,71.33923104516319,71.26515338827834
2,74.10212148962152,73.14853988603996,72.99059320309333,70.15096153846159,67.68229344729346,68.20383173924851,69.53875152625159,70.13199659137166,71.65860636277314,72.21585113960126,72.38769147519159,73.01380070546749,73.46531378166006,73.33654681958264,73.09382885632895,72.74964610042754,72.56807740190108,72.61481509745413,72.45870900541962,72.68437830687839,72.89104744461895,72.93830220705225,73.16849573534368,73.34104471916979,73.17721693121698,72.97757858238631,72.81980301934009,72.61627202162923,72.63084519248319,72.46899470899477,72.47411329709712,72.5491648542429,72.57581538831528,72.57263670425422,72.57633539740667,72.43009640822125,72.61145554895542,72.82111609151066,72.66909392838863,72.80395667989406,72.64387203807924,72.31170889295886,72.08578835032328,72.03599224849226,71.9336953375843,71.90862630726764,71.89433695736889,71.92948929928099,71.89239251866805,71.80246357346353,71.64152212166913,71.59727319510978,71.65078990715796,71.7579856871524,71.73791726791737,71.67561985798599,71.72348294168472,71.77560374650896,71.79965103164261,71.7627017195768
3,74.54285205535201,73.03431013431012,71.95401404151399,69.0953741859991,66.50842897842888,67.15282441324102,68.10514419442981,68.1620115995115,69.12196671641111,69.83612789987782,70.73019943019935,70.75540038665025,70.44417441532815,69.92761788476068,69.66792226292218,69.47058595339833,69.11774910819014,68.93133987925631,68.82893478353989,68.90156949531935,69.05844622749375,68.7847014097013,68.62957720620756,68.41105938814265,68.17131644281645,67.98166952349642,67.92764870588945,68.12889593871746,68.41837659466977,68.25664869081548,68.34863523573217,68.42586169617437,68.56413062246406,68.67362487730148,68.6542602767604,68.64692333129847,68.74240201740207,68.87604802604805,68.85454849044592,68.97295215201466,68.766428422526,68.43850151171581,68.2018160026881,68.23265854515842,68.15418034640257,68.21183818194699,68.23051528849409,68.35311853462908,68.41850294452342,68.43847446072455,68.3746088606384,68.39274022807692,68.31192117630819,68.51010321982568,68.58957098457111,68.67219542197228,68.59818001199584,68.655954924705,68.667004597725,68.65749126644971
4,71.83638074888076,68.66438746438756,68.13410832994171,67.06719576719584,66.05906288156294,68.494768348935,70.20401622187339,71.19693541412293,72.4049247049247,71.70734126984128,72.31090668590667,72.31029965404964,72.46078198866665,72.17951334379907,71.90545991045997,71.82450078856331,71.36021002418066,71.27780010627235,71.1792172739541,71.31199888074887,71.33566001899338,71.09696275946276,70.97810603245388,70.73221493013159,70.47140313390322,70.25156342944814,70.14914266117977,70.08423273155425,70.14207261448655,70.01131155881173,70.23778670552873,70.3889593190375,70.2667967834635,70.3084120400298,70.45490769812201,70.32807016800072,70.39078144078141,70.59484916886232,70.68900603195473,70.89914428164424,71.05135737117436,71.15314226117782,71.3544403271146,71.50795419857903,71.63621353954672,71.78879864097242,71.6899017353803,71.62866724325049,71.58873294128382,71.6928490028489,71.66956355191635,71.57193047337255,71.55272037536166,71.72030526914767,71.73364653864634,71.82365081182017,71.73706274232569,71.78195154940819,71.79731440091581,71.7247421482835
5,69.34413919413915,73.8898631461131,71.7400047483381,69.68521571021569,67.21222629222629,66.8413978768145,67.09728545264254,67.53369581807078,69.00623784651555,69.73181929181926,71.00714748214745,71.25150844525845,71.60433768510701,71.17377790859942,70.93474562474583,70.22838446275956,69.75965189494612,69.6118815854928,69.40407857249974,69.16014117826629,69.11001657073092,68.853287915788,68.79605342322733,68.40603844458002,68.44948107448093,68.82311390532527,68.75186918705418,68.76437710768057,68.91583038608881,68.77611670736653,68.43362266467085,68.43125826719564,68.38882336798996,68.29677167875691,68.32163686842256,68.28826962646403,68.53251452001447,68.76996323608164,68.82752379386991,69.15937881562881,69.2458842083842,69.045514879741,69.15131920190056,69.2653394059644,69.29507812146709,69.54153605050357,69.63838814849461,69.71463145265236,69.8114672364673,69.76258730158729,69.73477848404319,69.68686327917098,69.71734493668448,69.80593806056756,69.83661421911408,69.89377316631764,69.82732374026214,69.83402312885052,69.78056538564998,69.77932454890767
6,75.47152014652012,70.9096713471713,70.40068342151677,70.08521825396826,69.25269230769231,69.40799331840998,69.84355703819995,70.06375534188044,70.4449294532629,70.46381969881979,71.22078569578592,71.44176460113985,71.44482248520728,71.12107462643193,71.2801824718493,71.87702323717966,71.87719959778798,71.92278382625621,71.68579515026903,71.63300468050481,71.73230759540283,71.39142570392563,71.34809749429311,71.18905974426818,70.9391141636143,70.95982651607676,70.83051334810615,70.62544515669538,70.773229723661,70.58195580653934,70.4880499428888,70.40547590430418,70.32519579186257,70.18121334003693,70.10330978545271,69.95769979763043,70.0264525514526,70.04242845361271,70.1581136574727,70.44506143162401,70.5582639695445,70.50861690117654,70.66470076004973,70.88715404965419,71.06400002261128,71.33498522411568,71.3806835008964,71.48833032322628,71.73963342968464,71.86502035002052,71.81544975540088,71.9197449985913,72.02243493752937,72.1837826354031,72.10745291745306,72.04689716698658,72.08342312333554,72.11465394439546,72.20897410028776,72.33994090014933
7,68.0350172975173,69.97806013431014,70.31805555555556,67.53020960520963,65.99116605616607,66.08474002849009,66.80758619687198,66.6524579008955,67.88939255189268,68.61196886446902,69.00213813963829,69.88152260548107,70.76241312106706,70.37096415489276,70.42104395604399,70.58190914987789,70.65678942517182,70.61868188395971,70.44099511599515,70.60018849206347,70.36801848944702,70.02473938098932,70.09050981224885,70.039685083435,69.85940293040284,69.72721149932677,69.38666225749546,69.12215081545425,69.23438872749205,69.13172686880995,69.14946006800824,69.21470416157898,68.99203589620238,68.97007798846019,68.80004229897077,68.90703107335041,68.89739918489906,69.03087044534401,69.0739637143482,69.31149165649153,69.32773732590793,69.31327426982172,69.56530759292376,69.6390572390571,69.54636333830774,69.62438651324518,69.60553845287882,69.68172949735435,69.69390849135735,69.64088502238486,69.53410164635629,69.48718721627351,69.56216220886004,69.63909050483102,69.53498714248698,69.55484412247789,69.51303588386911,69.51207264957256,69.43946989921557,69.301631054131
8,71.24583842083838,71.09612332112333,71.15963912630583,69.6633432539683,67.07029609279621,67.73083367250038,68.0347709169138,68.80995561151812,70.3098838918283,70.75625254375251,70.64771478521476,70.62758699633709,70.34477317554246,69.9824971655329,69.95598561931897,70.26588509869758,69.9092601570543,69.96626786279566,69.5810541310542,69.50180631868142,69.26197429114107,68.86597106597131,68.84719081240836,68.5431604853482,68.22459930809946,68.00022795936272,67.94611427666999,68.02440930432014,68.30284338905045,68.38881478089827,68.55793421035365,68.6813116859993,68.72180828430831,68.79662638559701,68.65144921216348,68.62504352643239,68.89430226930226,68.99453213696638,68.95266128695627,69.0967991961743,68.97047323724165,68.77561050061063,68.80848998116458,68.8209180865433,68.96330212996895,69.0324109465416,68.9691728582689,69.07626827262276,69.06459283347068,69.03098717948738,68.93749910220508,68.92947397154136,68.86158204129909,68.93263182290964,69.07396242646246,69.05401068012685,69.17416404258523,69.3088592761008,69.33600237646864,69.269149199566
9,79.7439051689052,78.357933964184,75.4535103785104,73.29054359991862,70.82912698412694,71.17688237688235,70.85379309843591,70.91102080789577,71.75862275584498,71.65694037444038,72.81421772671767,73.19496379392211,73.21663105413096,72.43276171579741,72.4580609822276,72.02128548534793,71.73220660058892,71.33574707185817,70.96420859841913,70.60648936711438,70.43525495668352,69.92625568875572,69.7847722124897,69.56296211504556,69.43190354090362,69.32916666666674,69.29242960400373,69.5090121518694,69.859567316464,69.71248982499,69.78110155973071,69.94198209198221,69.88712491212496,69.96330831477897,69.93635807314385,69.89605534640262,70.13058360558365,70.51425063727703,70.51001886290358,70.81524916056176,70.73462692456609,70.54270972634073,70.54892890270806,70.50140102952614,70.47236139375026,70.52956957494989,70.54281038110811,70.57338779083554,70.63695241832978,70.71232498982475,70.64387364632437,70.67617266992247,70.73354854439741,70.96835524729032,71.00985930735915,71.1145102004476,71.23662994737538,71.24035917785899,71.22133975566166,71.1468933150182
10,78.28188848188852,75.88070818070824,74.2139787681455,72.8011408730159,70.21924806674811,70.30674687966363,70.29770916913786,69.93496642246652,70.31011622122743,70.3689224664226,70.75022292522307,70.62915013227524,70.6447520428291,70.65704982847855,70.65431352598037,70.84616783679303,70.52947341329714,70.58447236919471,70.57390859627722,70.72281237281258,70.47049780025984,69.88072714322735,69.84219377643309,69.71932425213683,69.45879283679284,69.40861999467765,69.1702946230724,69.06390633176343,69.15374352658834,68.9625936100936,69.04202541783182,69.39591505138375,69.35987392237394,69.22912087912097,69.05191333798476,68.96527113575719,69.17728360228352,69.49854885611457,69.48893754630922,69.62963090150583,69.59612319703776,69.44581322557507,69.4264828302618,69.34293912106406,69.3454896441007,69.4427016421581,69.48604995280525,69.74052823141365,69.89523653783858,69.902692002442,69.8010317659827,69.84350032090423,69.8887458628024,70.06395700492915,70.14271506271504,70.22286206683528,70.26551653349901,70.33554709977128,70.27655117167828,70.18284951159951
11,68.65457366707366,71.28877442002444,70.62042802876134,68.97617775742766,68.17921754171745,69.03981990231976,70.10080527937662,70.15351673789166,70.95370200786859,71.15605311355304,71.0417378917379,71.08032280219778,71.17923006480694,70.96156099191812,71.42661918328581,71.80578322140806,71.40999395484674,71.37360856735849,71.49269782361878,71.63496769434265,71.63558322189266,71.24370652495637,70.69600055741344,70.47740236229801,70.35565242165212,70.27470003287276,70.32959740876375,70.27246206174745,70.50081364995123,70.65040666123973,70.59148335237016,70.50745669261262,70.47975080475055,70.53834632143432,70.57450607593442,70.30426884072695,70.68329648329623,70.90360195360162,70.84708042432366,70.95305021367487,71.02342994629552,70.77782126383296,70.76984257129583,70.83955662393132,70.88844548455619,70.84736445116849,70.83038431229882,70.95328991995619,71.00246058740923,70.96259747659713,70.81584887516232,70.78996685294729,70.73247402492649,70.88003493420123,70.89572122322082,70.91490857026534,70.89685788545397,70.99734423462836,70.93134946503548,70.76349816849779
12,69.86624949124953,71.13382427757433,69.9835927960928,68.66882122507124,67.15147028897026,68.62098171889834,69.79229024943305,69.80369289275538,71.1567239858907,71.72422568172568,72.28027389277396,72.9806144858229,72.85011896934988,72.10974039188334,71.79607990774662,71.44068732193733,70.9232780291604,71.05632800841137,71.21278516804834,70.91943019943022,70.3824362366029,69.90968799718809,69.77357085346219,69.5112260039344,69.14774806674819,69.0309928853199,68.7953952426176,68.58978229112165,68.59066863851359,68.37109143942494,68.33012131237959,68.41433452253786,68.39246833413516,68.44540703033368,68.34022152450743,68.2431132139467,68.51898546898562,68.84880872051941,69.08611202425324,69.43197853072871,69.38227724172867,69.08184329999825,69.13703620883867,69.24082306582316,69.2346140279475,69.24456930951507,69.14956875276037,69.10970632376909,69.06512878655752,69.07271286121308,68.9814310054507,68.91564026251538,68.95224925319285,68.97893603310288,68.93865606615631,68.96927065163695,68.9323763468502,68.92784382762838,68.91346472893095,68.98122167955508
13,79.9664733414733,74.27204924704918,71.90340693257363,69.06237026862031,67.62673992674002,68.37218660968664,68.59118190011044,69.02385403947909,69.40894383394388,70.28415750915755,71.22725561475568,72.45640389702895,72.31116942174644,72.07172764404918,72.14438068104742,72.46922663563298,72.42370448179281,72.3261853886854,71.8810934922777,71.66339056776563,71.39944667325615,70.75774711399707,70.63489298543644,70.51292480667485,70.30595929995934,70.08849891205674,69.80092385323879,69.8688359424967,70.1228153551429,70.0729787342287,70.003914096656,69.90366332163202,69.86249321665987,69.89749051329935,69.80079408686555,69.75191502170671,69.84149176649177,69.8398071835572,69.80899888335786,69.93222006003255,69.9973140454848,69.85867661879563,69.9818267219431,70.22817252192253,70.41220368109265,70.56396144113538,70.69435903930584,71.02240611433317,71.28990109474803,71.50602645502651,71.33789193740179,71.22742576156047,71.13441716389848,71.11916849440017,71.15787666037681,71.17755192889133,71.06497333076298,71.11054288942238,70.99371813842176,70.89514083909938
14,73.92527472527469,72.62044668294665,72.03976393976392,69.697800925926,69.74978225478233,69.77144383394389,69.79562765277059,69.96989914021177,70.41599907294359,70.95193783068788,71.82634078884087,72.18366147741152,72.31394876491025,72.09946690214535,72.60924230090885,72.43518931878296,72.10432408005924,72.00459203861972,71.68029341516177,71.46886650386644,71.35651467139566,70.9089868464868,70.764706207641,70.59730828585003,70.38575193325195,70.33885229798696,70.3138261429928,70.45952798854587,70.56226229071059,70.57616503866508,70.65336185618447,70.58947252111321,70.48985505235518,70.60924848571915,70.77762326298053,70.60014301542091,70.82954355454368,71.13176450742256,71.19527501226241,71.42785879629649,71.37282912435376,71.32878316568818,71.25565837048421,71.32290417915436,71.2220901732015,71.11479114685659,70.95995029399309,71.10669059913883,71.0048751796204,71.04087810337846,71.00893874643911,71.01323602501522,71.00772849617218,71.13101898958413,71.14928497428532,71.17506531993183,71.05753798670506,71.04132124261473,70.92335699454384,70.71034535680405
15,72.08409137159133,71.405932030932,71.56584927418257,69.9772982804232,69.04473341473336,70.23002136752127,70.21133859526708,69.43888443732187,70.84353547686877,71.56314662189665,72.18366957116969,72.41507724528569,72.62265779092715,72.80146956218393,72.93641703975044,73.15412596662601,73.24922999114183,73.18409250214813,73.52743263072217,73.61419642857152,73.60264889431565,73.66172993673013,73.93879399585938,73.95362378747812,73.98762657712676,73.7898692119848,73.68894108292282,73.58461483952578,73.62563330666809,73.50344084927451,73.50707031916741,73.47738015745855,73.41401037234395,73.35858306998041,73.1767208849354,73.00923311513604,73.1030504405506,73.27655262622382,73.20368544086509,73.30648084554346,73.37785049187504,73.15313632575555,73.23340337526406,73.39504985755,73.37705060371735,73.24835972200108,72.94889049091186,72.95058739485837,72.99129777063463,72.97591900691907,72.8002557718245,72.68463299521007,72.59295687715513,72.62803648683287,72.61880739630752,72.48720837694067,72.43728650329541,72.35719346904695,72.27339803949975,72.15993572785248
16,79.09877899877901,77.24417226292228,78.26710588793924,77.11626602564108,75.87708791208793,76.02153032153036,76.5855827373685,76.71322433353686,76.95988784877676,76.17963217338219,76.06701816701819,75.94419176502521,75.56198929275854,75.25874760160478,75.37256783340116,75.72685439560436,75.23939315042256,74.74983324288881,74.32247927511091,74.09837021774524,74.08771900498098,73.83197173197182,73.58369410380286,73.53460754137838,73.53794770044775,73.5604422998654,73.45657588296481,73.40751824233978,73.82589645348271,73.83375983584318,73.81934417136033,73.74957296754171,73.56354309270978,73.59768503555267,73.50373233908942,73.37729969361911,73.56828971828966,73.82078727802407,73.85389989877164,73.90348354192106,73.83849032629517,73.58493056766876,73.62358034945255,73.47917510730021,73.38463471713477,73.30630795331892,73.13450843876382,72.96791109160907,72.8110964715558,72.72651770451779,72.59934191625374,72.48884300350653,72.3786098248363,72.44663489802386,72.50359991860003,72.47047620864589,72.36139699319526,72.38471327523051,72.3652556169505,72.22782246303076
17,72.74964896214898,74.22384513634513,74.70016788766793,73.15883445258451,72.39217032967034,72.7435566748067,72.70079801151238,72.65172084859591,74.04080348663686,74.90743793243801,74.71443463943477,74.36529558404567,74.14280822453911,73.54508147276022,73.352950413784,72.9541819291822,72.34447107903016,71.79204483787836,71.3926801512329,71.47433429995941,71.14673164137456,70.72991244866246,70.51955703314401,70.22821593915342,69.77274358974354,69.61560103002401,69.33997723812526,69.35175355398553,69.6486698805662,69.64835809252449,69.63816679139228,69.63762512082786,69.66053051886347,69.68378657018329,69.44813143205968,69.31397523515548,69.36543205293174,69.58356079836312,69.62124111643311,69.86705878612092,69.88426546353341,69.79281171870423,69.99922208497756,70.14035339660299,70.13316137566106,70.1829553095854,70.14570614570589,70.23898311372247,70.25647587484305,70.37100040700027,70.28067087233744,70.20259658432717,70.24422049822972,70.3158786686562,70.41290163540133,70.49992341487842,70.60698344864979,70.63796673473364,70.60670843594536,70.56900768213241
18,82.36430097680099,78.46269078144081,80.1471798263465,78.574573921449,77.42534493284504,77.21169363044378,76.26237281237299,74.74083740333754,74.69975523447756,75.1045110907612,75.56051587301594,75.89385853344187,75.51925190194422,75.04763467352754,74.83495963912632,74.73270693426942,74.19356819650928,73.79582852846735,73.74495105284572,73.7563039275538,74.17424196174186,73.90880230880232,73.8585129443825,73.68995535714289,73.52809462759461,73.145572500861,72.77344925307894,72.69836073318227,72.88271300857518,72.848712522046,72.83935103128667,72.94609375000012,72.88072930156282,72.77359420263845,72.60567576603302,72.4398778433502,72.58806773806785,72.8403095077438,72.70519329910364,72.88404342185596,72.78832727796146,72.65146701843135,72.6096430701083,72.54902296777313,72.64021650160552,72.78078360850111,72.78653986872088,72.89882351444871,72.97819163074284,73.10474196174206,73.11909879336346,73.06846676293785,73.10693714915409,73.24808775757847,73.35203296703298,73.31266952293736,73.30790491185226,73.20063444697072,73.11418111863031,72.94993369285045
19,76.97135225885224,76.57081043956043,74.01108228191556,73.26530575905578,72.12608160358158,72.55052146927147,72.40257209721493,72.415535968661,73.56618391896171,74.14060897435901,74.46830576830587,74.36235203839374,73.78780485895878,73.26583703994422,72.83762888346222,72.95044706450955,72.53786540257126,72.27735749332975,72.15573361823365,72.05203907203914,71.98650430257588,71.50830997706022,71.08757432181369,70.93700269637787,70.55823260073286,70.19592373438549,70.01203383379332,69.78452290104099,69.8318753245479,69.77407610907635,69.67210045032647,69.6539037062477,69.59590440423797,69.48614672364694,69.57398075469526,69.55038990073729,69.64475794475813,69.75917089732897,70.00915907454386,70.28942447598713,70.41783145716084,70.32391042599383,70.57592888377783,70.73087653087664,70.64563073757537,70.64708087805936,70.50843172784687,70.48695383513112,70.64555715448596,70.68911060236073,70.5290405763446,70.54149535471659,70.50870193747555,70.52571243913837,70.48465691715694,70.55302506686438,70.45114736627896,70.34621638738021,70.2695545587495,70.26920974087649
20,75.92793549043546,73.21879578754576,71.30095305928643,68.74787342287344,67.51286731786738,68.95448209198217,69.19507166114312,69.67975872507128,70.34334893501565,70.92424043549047,71.48732332482331,71.69434311830145,72.04373336777189,71.46927401302408,72.0304127662462,71.95479497354509,71.47289257583388,71.08243595396388,70.82291251633369,70.89802096052107,70.40885976897894,69.98396071521081,69.50396559961791,69.30422877662465,69.32616707366711,69.35372131429824,69.16276002803775,69.01050006541078,69.23185971117007,69.3563575159409,69.25417273885017,69.32420173865492,69.30919096335768,69.6051678577414,69.69313448456309,69.7352760536788,70.02375906125903,70.24932992202726,70.29484466151129,70.37684968966217,70.5319532545142,70.43789004205664,70.39713632620605,70.4287207005956,70.36481617148276,70.51487486949435,70.56781211302479,70.57927551807754,70.53038880998058,70.53594444444437,70.47977547144198,70.35874845418095,70.38576717656893,70.65946332474098,70.80372756872751,70.73468252151284,70.70331223357533,70.63775841017207,70.58623165911285,70.53507673653496
21,82.21287647537648,79.56066341066342,77.44875695292365,75.08477436914936,72.40831196581195,73.01973188848179,74.20926870748279,74.69071530321516,75.5013702347034,76.63555708180688,77.93278527028507,78.22730845543326,78.44094111017165,78.64443644979336,78.76350596933908,78.30724778693505,77.83540215231373,77.09300722425705,76.62721360023977,76.57718228530727,76.38848358431693,75.88066817441819,75.43209264567973,74.82388435253026,74.3322828652829,73.91844866316035,73.56485287689001,73.4783999069714,73.71168161340589,73.59721459096475,73.56934039675993,73.50143133775963,73.4048013714682,73.28510079245385,73.13029783708367,72.88872439289116,72.99083877833888,72.96611413683789,72.92696390741271,72.97584503459512,72.99563913954165,72.76226391553782,72.77133853442005,72.69725644725655,72.7579451001674,72.81584791014153,72.76829358584699,72.76283683523292,72.70182278039438,72.71051007326028,72.5714254790237,72.45486913371556,72.41125288931924,72.5280448717952,72.52946710696737,72.49819302721113,72.37937400481282,72.22062237730364,72.00765229748309,71.85338514109378
22,72.20317969067966,73.11215150590148,70.23102360602358,69.38907585470085,68.11362739112737,68.56035052910049,68.38132885632884,67.74202915140418,68.72746404829738,69.06600274725278,69.9091117216117,70.26770663749838,70.32223278857911,70.01543985115418,69.57539004205678,69.59191786223055,69.60324044147593,69.72693523040768,69.43775009103973,69.45589183964198,69.42571346202311,69.12384906759924,68.87452575604762,68.71133114570621,68.53495868945878,68.76140325130717,68.61056844390188,68.65047331966976,68.80623780753082,68.66962098087095,68.76923142568297,68.86640322929384,68.78254446171113,68.66079329167565,68.46349162742021,68.45824416067475,68.6733248358249,69.04124453762621,69.19078770232629,69.55908844627608,69.63487571597335,69.60126715216006,69.8172391884601,69.86318554131053,69.77167288472839,69.83446640919465,69.73908784281124,69.82335228428981,70.03708884652764,70.25474837199836,70.26763907842339,70.20289948655333,70.26559579484102,70.32204039102177,70.27463397713392,70.27996140763997,70.26680197645109,70.15790475488745,70.10281028607292,70.14643688102011
23,75.77335164835173,76.68718203093215,73.7713183421517,71.45549068986577,70.76437220187225,72.13470611178947,72.74348435955574,73.06501577126575,73.76405847239181,74.51436864061863,75.05453296703301,75.75697200176371,76.06354411258263,76.123457395779,76.25355955772635,76.57717077482714,76.85297708827126,76.64465585854477,76.69082508621982,76.53758903133895,76.02034687094203,75.68187553187548,75.24534426925725,74.73843546499788,74.16801424501422,73.80578860242319,73.4983989433063,73.45830008285355,73.45500136836337,73.09943121693117,73.00122346291691,72.86781230921841,72.74524549524538,72.63933075366893,72.5016919588348,72.45927070614573,72.7246961246961,72.93181645352696,72.96270206526616,73.09152090964588,73.0406301805692,72.72201145415423,72.67162568267206,72.60900557775547,72.39890799529685,72.34216159243336,72.31678281332523,72.33057516364796,72.25057499190139,72.21634757834735,72.14934800130861,72.22272754844857,72.23190844794605,72.32926700357253,72.36503367003361,72.32124315003779,72.21867426757778,72.1251077147629,71.99328733883816,71.82335673585673
24,76.2969322344322,77.97724613349617,73.61673619590289,71.0278235653236,68.78208384208385,69.28318494776833,69.46144252572823,69.72727538665038,71.02195880251436,70.94148707773708,71.02089623339627,71.50573065052235,71.89523339907954,71.54471153846153,71.53802333469001,71.41187232905982,71.07861721611722,71.22808500655724,71.20575637812479,71.24627696377691,71.09028553016655,70.83481911606911,70.68166087133474,70.57423093881428,70.27081359381357,70.05610754985754,70.04548587557852,70.05180551921629,70.16554267890471,70.10348154931488,70.20515134507075,70.40659372456253,70.51470751470762,70.52130153343398,70.43079292400733,70.45497868900662,70.77453167453183,71.04765010817653,71.20334053410981,71.48409289784293,71.599291347767,71.65767425916238,71.80666463166459,71.95590647778153,72.04847216569435,72.15431674806675,71.95663324067579,71.9304350452788,71.88167916739349,71.82866341066337,71.67845571276938,71.59004150230103,71.70708094316579,71.85263476235691,71.94598956598945,72.02850501846025,71.89087435469003,71.71415563204347,71.62336242696406,71.55849604870437
25,73.5278083028083,73.06635378510379,71.69861280694616,70.69286477411475,69.67996642246639,71.5277972798806,72.45752805395657,72.3079002594627,72.98633043910812,74.01275234025228,74.07237160987164,74.30451049721884,73.82240185028651,73.49507529507535,73.42739010989018,73.44632332366716,72.89332100361526,72.4095777936057,71.93700115673812,71.96828678266195,71.72871387871406,71.18378635253653,71.02650147758864,70.49131796058902,70.18672161172181,69.91397674618848,69.78533460709403,69.8661268460377,70.02839196244379,69.87563661646996,70.10629324379326,70.22417025971711,70.17014790764794,70.13857765328363,70.17805657305661,70.11482597906213,70.35272140272136,70.54360112353534,70.49482039802564,70.6058735246236,70.6227210458918,70.37561728395066,70.38744368250192,70.4545649951901,70.46254431782224,70.47053228574985,70.24172652603522,70.23819168871276,70.29983688835755,70.35400691900728,70.34278182783119,70.34526920728874,70.34902396694876,70.5026085711273,70.61199365449384,70.70719673018795,70.71309595213121,70.61889253785817,70.62219316308325,70.52925985280183
26,68.15155677655676,70.63833435083436,72.04733075566408,72.4052693833944,71.04136853886855,72.48616622574956,74.43920794813653,75.25698387260887,76.10419719169724,76.45980209605216,77.10444832944835,77.35047271401442,77.98151083247235,77.84009281062845,78.11443426943421,77.8971106150793,77.79617599176419,78.09404903224352,78.3230445237024,78.37646316646313,78.42306941295028,78.02497525622516,77.76225557855982,77.29729747490161,77.12316300366298,76.88877715945021,76.37577593873884,75.87660183731612,75.6958649109512,75.49292582417598,75.37490908136085,75.15680406110111,74.79576241659589,74.56567400464475,74.24019899412774,73.86159513069254,73.82949116699126,73.83061794443384,73.84775171409798,73.8359972781849,73.61045457478389,73.16458248541583,72.97834876148838,72.97546203796213,72.90722991000781,72.86352303091458,72.72082835407326,72.73244047619072,72.73113148189695,73.0036399063901,72.98194663905468,72.89266381766407,72.83271668932076,72.84006532733413,72.80719835719871,72.78946468544711,72.62500615855909,72.4700980134173,72.28806695501649,72.14591498779038
27,75.5827991452991,72.78382427757427,74.46514550264551,73.19747659747657,70.07061965811963,71.00788054538059,70.65845397988258,70.63728123728129,71.33347013069242,70.91225986975985,71.2228262478262,71.36470416157925,71.24010519395156,70.69670111634416,70.45723951973972,70.13010817307709,69.7772166558933,69.52280869850331,69.50675165477816,69.65818986569005,69.47513179060817,69.08849853849874,68.95602626037433,68.90621629527911,68.93985449735484,68.66996982718172,68.4131770150292,68.12863375050908,68.02027353234277,67.88508156966516,67.8430839471165,67.95387397613987,67.84755491422182,67.79124395484712,67.6963606895752,67.67134646474952,67.92106845856878,68.25494465330024,68.35693518257649,68.65356443325216,68.72286572957326,68.7418908802839,68.75277836934823,68.67824235949242,68.85382874327325,68.99131662419711,68.85997129348199,68.94678363688789,69.07006138230633,69.09184890109894,68.9967949715499,69.10679142794535,69.11438573655569,69.12658155459103,69.1873959373962,69.17103701523374,69.19241176302609,69.15116775784908,69.05986639694305,69.05985271672806
28,71.2618182743183,70.8581730769231,69.73841744675074,68.65230209605205,67.33710317460309,67.84895875729205,67.9216248037676,67.84938377594617,68.73194670555775,68.68119505494495,69.22397556147541,69.8693125932708,69.73247432766657,69.63985442467569,69.76592321258981,69.9929296398046,69.77175866072923,69.6266766155655,69.5364996358417,69.7150442612942,69.34095998798372,68.93639092389084,68.76307289731197,68.49179088658246,68.34975417175411,68.05613513978903,67.79920992930252,67.59762359003429,67.78850364195185,67.79948260073253,67.8264290965904,68.07182635073261,67.889816356483,67.81819890349301,67.82747354497351,67.803669504364,68.1570006820007,68.58425818820555,68.61338522588518,68.70155232498965,68.62540451869704,68.4017467100799,68.50827275652847,68.66336707274186,68.8383920092252,68.8722103882428,69.00513892136215,69.13708155270628,69.17658678245377,69.27469586894563,69.20444667895629,69.16100652374669,69.23622361216674,69.45700219704815,69.640515318015,69.78277643322252,69.76902807231728,69.7884475916801,69.8073656726196,69.68456730769195
29,72.68016381766382,70.37735805860808,70.25494505494501,68.55904431216929,68.75922873422873,70.44908679283681,71.30123044944472,71.69000050875054,72.67947248225023,72.19323056573053,71.73916130166124,71.1300692748609,71.07699508468728,71.04244650851778,71.25440713607377,71.26585202991448,71.08547756709517,70.7954472482249,70.4546090118457,70.46305224867709,70.41970463399014,70.04273458023438,69.69470523437897,69.63374478530709,69.44598046398025,69.63998250680919,69.52752377937549,69.65728875952081,69.91214405007497,69.83385293718612,69.86233030708829,69.82319091498768,69.76486353153008,69.72576806363563,69.66212803069938,69.3639177180843,69.65683746933742,69.53639694856794,69.49537245755188,69.71938530219771,69.61413892115098,69.49751233114308,69.61432049862256,69.81114325489305,69.93180029846671,69.9409149324908,70.01747103369415,70.13452624728633,70.13480154577057,70.20948239723205,70.10181324666587,70.06683846779976,70.11766093794371,70.31407740921611,70.3927514152513,70.44618546136391,70.46573913416007,70.60652297096252,70.68184985134131,70.65440289648615
30,70.41565425315427,70.25170177045179,69.96291717541715,70.04235983923478,68.72516381766374,69.62893857685529,70.27967323681612,70.37286769943022,70.7815250079139,70.44369352869353,69.96187886187876,70.42081764685926,70.74618437118428,70.56952729809868,70.55819664902995,71.08782878001625,70.77057207498379,70.56152828652823,70.25355402394871,70.34806522181516,70.09009196271099,69.54916657416649,69.37742519155563,69.21365253188172,68.923264957265,68.83395577001347,68.6557251390585,68.82610998459215,69.19627243765179,69.33503323836659,69.50562251368703,69.49352169820921,69.28952791036123,69.22238981062515,69.24623117623128,69.30311440103115,69.5073163823165,69.62782369920538,69.70796925059754,70.04601546601552,70.23198315911733,70.1988115830378,70.38711737229177,70.6060493904244,70.61851252656804,70.75738727858287,70.66438259337187,70.68831188102021,70.70513869161827,70.8397856125356,70.87977287781206,70.92007167511977,71.0816671274219,71.25792831140062,71.33850445850453,71.33015654979953,71.33834452584458,71.36328908958227,71.28261271841785,71.12979471916982
31,75.09940984940988,76.49280881155885,73.6423076923077,70.38640873015873,68.11441595441593,67.54201516076519,67.33870355834652,66.98677312271069,67.60630285352512,68.4981974969475,68.92961529211532,69.19041598833266,70.00597390501233,70.56929545322402,71.20668091168098,71.52721465455846,71.49981295937187,71.42815453579348,71.14322371098696,71.09140237077746,71.64622991646804,71.23997414622418,71.11284064164505,70.7043858533442,70.4106762311762,70.30462767289694,70.17061626644957,70.08056809262159,70.1574051268016,70.0451848460182,70.02620278467059,70.15566620879125,70.16762897596232,70.05522187507485,69.88807227164375,69.72357450933845,69.85407344157355,70.01992200051416,70.13001367103939,70.28571886446895,70.36356676295709,70.37801882861424,70.22592142999142,70.2104523948275,70.25988050015839,70.3836683344837,70.49113561773156,70.67656854141237,70.75394447766897,70.91011772486776,71.01554571971239,71.09987535612535,71.16298398491796,71.25448011350791,71.25273541273545,71.26972171347175,71.32372723118343,71.32094499529848,71.41592889220016,71.4471453161037
32,71.61107041107041,69.8656237281238,69.230172296839,68.5329034391535,68.96528490028496,69.47812033645369,69.04515088086518,68.6698609839235,69.37317188983855,70.09620777370779,70.57929986679989,70.71354760208924,71.10292609811835,70.72566246584104,70.61300739384073,70.3800572980261,69.91210856137333,70.01483488219607,69.93754123556764,69.86962072649584,69.91556631199501,69.64249708624713,69.49187392720022,69.25116313085078,69.1085221815223,69.16634713221261,69.1914177557697,69.23113353247285,69.48268511501271,69.41573904490572,69.5277871322226,69.61992473672169,69.62957120040458,69.6328335607748,69.43260640153505,69.30441411726137,69.43583281083285,69.580464917636,69.46021571021572,69.62242572242573,69.69739023397565,69.73515986879084,69.66705603827697,69.63443396880892,69.66503742142629,69.73467588168671,69.55432935858474,69.61075466778594,69.66522191904849,69.66808333333333,69.57884216364597,69.57578729141215,69.60189994317338,69.77888063582495,69.84363932363921,69.90874542124527,69.80178116230731,69.75969099546677,69.72517763153346,69.69182234432222
33,77.22717745217746,73.86972680097682,73.62289546872886,74.06527141839642,72.32905575905568,71.73570326278656,72.03936929472644,71.36886319698812,72.30935648713412,72.1102223239722,72.13674797424783,72.42290988332637,72.7362872170563,72.58939364207208,72.26724325057646,71.97760734635716,71.79551311977764,71.68766901822438,71.68682336182322,71.6647466422465,71.96844608213644,71.82453934953922,72.02775853373663,71.82045134649276,71.43798331298304,71.19406914310738,70.98017436952601,70.77713366329417,71.03069274276146,70.87101054809365,70.82263545892553,70.71078900844499,70.53654108237417,70.37339174986212,70.36719998255688,70.24122207524961,70.43936917686888,70.53877442002417,70.62909844191871,70.56441290191272,70.36864731925691,70.07625201077569,70.05033494713713,70.05294948107438,70.04699769366432,70.00287643113725,69.88642458802035,69.90862427503049,69.95053886023263,70.02890527065514,69.92495221735405,69.83302240850307,69.81521759163257,69.93163674459957,69.96675315425301,69.92497392653632,69.8830217459603,69.8630905891682,69.79943140663481,69.75673594152762
34,72.30522486772477,75.20392501017491,75.31604599104594,75.01629019129017,72.3056379731379,71.90766432641432,72.07927132391417,72.45767004985755,73.20496597024379,73.064968966219,72.99488104488118,73.49317723171903,73.55796233680866,73.47498074015945,73.80151370234718,73.89907693579583,73.48492662022089,73.10307907113476,72.64985058800863,72.22966218966236,72.11026101323733,71.45378232878251,71.37495089451619,71.1137913783748,70.67874135124143,70.69328292789834,70.6209307496344,70.32628659369728,70.34739291678946,70.31409221950885,70.32574638623022,70.25448511268823,70.1579232495899,69.9878891941392,69.8285930868074,69.52613267648,69.63383754633763,69.99350646916446,70.06981426692971,70.34331629019135,70.27514592453628,70.1814571341358,70.25701413143285,70.26162714600231,70.31773289467758,70.36538616375594,70.22886249880958,70.13123017992835,70.21744536642515,70.30331949531973,70.2363063316497,70.34797957562407,70.31372532080097,70.48226147138203,70.4842843267845,70.57490733472903,70.4285907075384,70.33642425582111,70.32517254402883,70.300374016416
35,75.84666768416771,77.24892399267402,75.30098528015199,74.79024470899473,72.92386955636961,73.28929588929594,71.82091327984195,71.17232206450966,71.63199758060875,71.99883140008146,72.09271423021421,71.66792328042332,71.44111251995874,71.23467788824938,70.93187593270933,70.78831527269035,70.3672702841821,70.19006777687336,70.04510287470819,70.62470212657719,70.44347370002139,69.99057146557149,69.92793327847679,69.94279376102295,69.74251404151413,69.5700298988761,69.37457491068605,69.54427819204614,69.72254203331795,69.61305843847519,69.6493799808317,69.68070579594017,69.71997277413946,69.74478051904526,69.76123422873431,69.72941581309642,69.9325099825101,70.16307970781669,70.0467982634651,70.33032445563713,70.43265024271143,70.15038810395968,70.03877140301577,69.95576819014344,69.76680041152285,69.89044301109544,69.89772772538755,69.89875557505778,69.86058232206192,69.92918243793243,69.90272371056692,69.85954621411351,70.00636120518196,70.19450445816196,70.20235042735055,70.26118615181127,70.25776513934422,70.28833128078831,70.34477780537112,70.40565577940589
36,72.41565425315427,77.31855158730157,75.74409340659338,73.97975936100929,72.24315527065522,72.5632003798671,74.03077141112857,73.879630901506,74.37216117216121,74.55479853479858,75.27168017168005,75.50844653032141,75.74397756801594,75.8334666986452,75.76800196716856,75.72104700854699,75.1364091790562,74.83583271152717,74.46816078658188,74.06019764957267,73.60798326453099,72.98028268028271,72.58759953814304,72.28173903642663,72.05368050468051,71.51502849002853,71.24843323685917,71.19020673440319,71.20223551990797,71.0602260548094,71.23675148029993,71.33681620751942,71.28309915393254,71.37681968086385,71.25570977963838,71.15979584972646,71.37913174163178,71.47744842876426,71.57248077183975,71.59871553215304,71.30129929916512,70.94417432215046,70.93430492849096,70.96735949235949,70.95315628815628,71.02206838049233,70.89014009040605,70.90039576549992,70.95088761389776,70.99998361823361,71.03937409721723,71.17009212297668,71.11185513473244,71.18227711074921,71.12199901949893,71.12780621329718,71.10980942384444,71.13233539289567,71.06114310203283,71.05567451838276
37,84.1963064713065,86.15194088319089,82.37100122100117,80.67046830484327,78.11427248677244,77.52736229819558,76.45139615675326,75.54885912698408,75.29776262831814,75.46796499796504,75.42721537721545,75.19686864061875,75.09281448608375,74.49194320890756,74.3973941798942,74.54003389550262,74.46995588833823,74.31512232623349,74.1211321573164,74.13159416971922,74.03215836192024,73.5444305694305,73.39466077400864,73.0864543057252,72.76138970288976,72.38044010832476,72.14596240522161,72.08131577417291,72.11209159614327,71.97236263736269,72.04627102288394,72.10399051180299,72.04550495800493,71.9936611182935,71.87333464154904,71.71222329625124,71.73400089650097,71.70708421695275,71.66052683071919,71.5691212606839,71.5671252866376,71.33765638021603,71.37586357441023,71.34038912476422,71.2868420160087,71.3044385163951,71.34980710778586,71.54301432556647,71.58618877343368,71.69943691493691,71.62680696210118,71.59731927616556,71.53240375976236,71.70521723646736,71.79572797572811,71.91483371126243,71.902608015766,71.83697195205819,71.73539601484528,71.52122981956332
38,74.84604192104192,74.28243793243796,71.85695292361962,70.79887566137563,70.37270248270241,71.66469780219764,74.23737571951843,76.16347743691472,77.41219701080796,77.2121179283679,77.65350945350939,77.37133148487317,76.94546468488775,75.85748917088206,75.28512684846008,74.85251736111103,74.34186118891996,74.3347329625107,74.16343502988235,74.08761777574273,73.76188441188421,73.36763444888423,73.12457707348995,72.64434650997133,72.27568742368717,71.97793549043529,71.71240729435152,71.58376141054687,71.5916470183709,71.58131596798236,71.67510322711911,71.81984953703676,71.77072526239166,71.58978010007398,71.40117971975089,71.21964271582299,71.26675947925916,71.44355573763437,71.46795458814663,71.56737573768802,71.39321177918713,71.1011847830298,71.08368389792786,71.11897246272238,71.07785861258074,71.03734991859983,70.83005416569229,70.89524233482548,70.99534825529705,70.93213827838804,70.79672594108848,70.71472167433683,70.64466272720959,70.99470343613834,71.03854691604658,71.05448154689195,70.94355930781333,70.97703623005312,70.92211443609715,70.81699141907444
39,78.99501424501425,77.21132987382994,75.00666123999463,72.8436965811966,70.66160765160767,71.30206298331306,72.92226146869012,73.49363680301191,74.33583355944478,75.22616961741971,75.28899480149482,75.94075685117355,76.61899791803637,76.9713082882726,77.44551553384888,76.83699474715095,77.084070722306,76.73660629493958,76.60176563202874,76.33308913308902,76.15396849623025,75.53752312502294,75.22624157243703,74.624666980396,74.14297150997135,73.67876592780424,73.23619364174904,73.01248473748466,72.77913280844311,72.48388854972181,72.37240701353603,72.16711277726904,71.95397950814618,71.73852722713015,71.59445389266808,71.37910024646126,71.47599921349921,71.68900148340933,71.83341851643128,72.0357947954822,72.23725579975574,72.09494580595765,72.14663692250903,72.14395107207609,72.22116549088788,72.30223949762002,72.27951911170011,72.3592921160631,72.333857761664,72.26917470492484,72.1514347761898,72.1249142951067,72.01581148585875,72.16097082786911,72.22644956894968,72.29022463151941,72.30554368471049,72.20629771728923,72.06474919462218,71.96233109483126
40,69.98158323158319,70.88719729344724,70.96939017772347,70.2701401607651,68.70499389499383,69.33924416632745,70.48669835455541,71.50578703703692,73.01031350336898,72.98497354497346,72.81221787471776,72.72916412291403,72.80751894117275,72.36073427234136,72.20885565052231,72.21218711843707,72.00280171897816,71.81755302310853,71.55250251697618,71.6147644485144,71.53483293602339,71.08670357420355,70.90435269239619,70.66082133530051,70.50851261701268,70.31158111831195,70.31336073049047,70.56578889034259,70.94895127222725,70.72027506444182,70.8499297596073,70.92994632682144,70.91580826580834,70.8777201692644,70.72716291644879,70.72162599489006,70.86576989077007,70.91851865240038,70.93747873683783,71.07505291005299,71.08255531731146,71.05324207318257,71.37145010458967,71.42002129814628,71.40540880929778,71.49376194457729,71.32277546133938,71.32484981261035,71.33968077462987,71.27864072039087,71.09739819004542,71.09245542562867,71.11497214351009,71.27783967575647,71.3033245458247,71.43124727455098,71.32075005890805,71.35872428178479,71.39530457771997,71.28506715506724
41,75.24109177859178,73.40269892144893,72.27165920499256,71.15047059422058,70.8283496133496,71.85253357753362,71.21194328158619,70.41222018722021,70.68615915977027,71.84346815221811,72.08733627483625,71.96732295482299,71.7535088131242,71.13853748764467,71.38588420838424,71.56603518009769,71.12836852689794,70.63153857459417,70.16049338088816,70.2254085266586,70.35038907300815,70.09541893291902,69.80255171559529,69.50878124576053,69.27594749694764,69.31926109858813,69.27158590723404,69.33733265742201,69.65293356069233,69.66490113281802,69.88301429753062,69.87146704568599,69.63152773152791,69.54874174028602,69.63938383045549,69.43559981685003,69.7784986909989,70.00042360173961,70.0706487482131,70.20571797415575,70.1119522866477,69.94265255247424,69.96731928708698,69.9859175546678,69.98918464251818,70.04389609987454,70.0043568527613,69.98689161918342,69.91774656749159,70.01860877085892,69.8292601371034,69.76605019802147,69.68977718647542,69.84136876497996,69.84772884522899,69.91941401026246,69.94664117558875,69.94802315341128,70.10982724902249,70.09271138583671
42,76.00906084656089,76.55020604395608,75.62098426265094,73.67197293447289,73.10636955636951,72.34994488536154,72.0498742659457,72.0552553927554,72.66537952787951,73.41428062678064,73.24722314722312,73.70391865079371,73.32189662189667,72.5346023024595,72.32064713064722,72.4626567587506,72.15586469630594,71.85441793289019,71.64649096030676,71.74079568579572,71.80866886640702,71.60307609057617,71.62939427722046,71.65525624067297,71.67819515669514,71.86530399799626,71.82737285005798,71.73364639659287,71.74197103981592,71.56975172975174,71.58931344939415,71.4026704632174,71.14413780663784,70.90967882879657,70.87421172742611,70.63779111834677,70.52640208890212,70.44165434954914,70.19166666666668,70.30594538563291,70.23286453835235,69.91845189642802,69.74824930667944,69.70240049302552,69.72944636639082,69.75088920741092,69.52541046424025,69.51704939543481,69.53357473025842,69.5292695360196,69.51010807456892,69.57618636705175,69.62253995131348,69.68863093353825,69.71083028083021,69.75866147741141,69.81156550564437,69.82629134913608,69.76211076274633,69.65147071292903
43,78.31471815221809,74.62395706145702,71.93687762854425,69.68029482091978,68.10382275132272,68.21364214489205,68.66525815454375,68.98190247252737,69.67826109076101,70.03907254782251,69.83612776112766,70.47663393705052,70.71848055790362,70.70881955346242,70.9452262243929,70.49018302299554,70.04601319160149,69.91114757156421,69.89323361823364,70.21540318477817,70.37960443436629,70.35054621304617,70.20654009838789,69.83793582960243,69.63406512006507,69.6096918928648,69.47278637000844,69.30172430083127,69.6086517409792,69.71813017229671,69.86902398676578,69.78264302248665,69.63862449279104,69.73471249610944,69.62160547124832,69.58010813774695,69.63234883234868,69.86687177345058,69.81045117038693,69.96899916056157,70.09538451611614,70.02887631548337,69.9998380280356,70.07891159766152,70.12610545832767,70.16118189379058,70.07029752162735,70.15959079500757,70.18207017849885,70.34496255596261,70.24222140423129,70.28499998043272,70.25271807158607,70.41927467251551,70.55377964627972,70.62510274943318,70.56911866560995,70.54754282275836,70.45687597869802,70.32729785646457
44,70.08296703296702,69.82814662189658,67.48140177723515,67.08045889295892,66.54624949124951,67.26451465201455,67.46232484446766,68.04843177655674,69.95665615248944,70.2702269027269,70.04593230843228,70.26942918192917,70.53021978021975,69.87593755450894,69.42802638719296,69.4971312830687,69.3624030381383,69.23276098901091,69.24534011310318,69.48816951566941,69.75996811830136,69.38208527583524,69.17093154430104,69.09250970865538,68.99921387871379,69.06688542938537,69.18126874839825,69.20738069800562,69.18022539401846,69.0505218084385,68.95776829204253,68.89000798102366,68.66990679074023,68.50552353420008,68.397455084598,68.36314003640396,68.44265708015713,68.85312560246776,69.03376524947038,69.12980807387054,69.21792464536351,69.13982608000451,69.18913592867075,69.13276260776252,69.10134377967701,69.20292586841495,69.15450850371059,69.06655103191561,69.06195688287525,69.14674430199422,69.04493474027787,68.99369433095394,68.95318218643692,69.08611318379832,69.11027925777917,69.16843157669041,69.21075266513849,69.19720915259697,69.21012577347304,69.29184362705178
45,77.07541208791207,72.43560744810743,72.67054504137842,72.43240104802612,70.88530118030121,71.26896367521378,71.59113974649696,71.84908870065127,72.32039750373093,72.1965170940172,72.94557618307624,73.44865350698693,72.81713119501593,72.19261148904023,72.33213505630188,71.74396335724471,71.40158909717745,70.98186982770328,70.61128381852073,70.63683073870581,70.71214605500325,70.3648007085507,70.36478782891825,70.3275178910595,70.1587759462759,69.95992239598002,69.7392930629041,69.4832857288214,69.5503573533745,69.38728242436558,69.42647258655305,69.44256254451547,69.37180258013568,69.25987140582704,69.13383437990562,68.8552666983221,68.9766476641475,69.16391673628507,69.10154190538805,69.24821085164832,69.25659489561924,69.03782802294702,68.9857431543477,69.0888998732747,69.24846176457274,69.2973172258497,69.31962120818488,69.48395379697452,69.4947103444552,69.4740516890516,69.30694264885437,69.23717381265459,69.18846201841487,69.48420367355556,69.6873020498021,69.76637268155126,69.76827413976532,69.8018045731408,69.79554075867641,69.72317222900564
46,77.64859076109076,75.38079721204718,73.30082247998912,70.92126958689452,68.94996540496537,69.02287427079088,69.1970536077678,69.21610958485952,70.58475896531446,70.6052935490435,70.59471500721496,70.61398767127928,70.51972347453112,70.15261824815391,70.50393874643869,70.42146513787131,70.15173304364471,69.75802949622381,69.63001922541388,69.66517551892541,69.5731597767311,69.0262591575091,68.95533413848621,68.71846509971493,68.66995645095624,68.61746286121272,68.51873426641933,68.69634644456062,68.76144039549207,68.76762345679008,68.81892158021189,68.92102475071229,68.87932083348757,68.72248392946922,68.48539304610735,68.32559679261077,68.3673830423831,68.56377910588445,68.69347403546126,68.75377200345953,68.81598878763516,68.66604950384715,68.63201744422675,68.84681892181891,69.00060767421877,69.1504019129019,69.22016643718771,69.27865431250846,69.31313884528174,69.32025427350422,69.24456185608145,69.16915103237214,69.30071887406783,69.56112006135149,69.70917600917592,69.75720127260297,69.72315573477844,69.78031389906388,69.80170517649329,69.80107041107038
47,69.57590557590562,68.89206857956857,68.16572378239047,67.53905932030933,67.91746235246237,69.64750288291953,69.86946842839689,69.42649000305242,69.65917616334272,69.62882224257213,69.682485107485,70.11888651471975,69.78722331799241,69.26655147101565,69.18131189797842,69.27830210877075,68.98679852282777,68.89354904354893,68.74892894629727,68.95259717134704,68.92565556136977,68.63757654382646,68.29267731061204,68.18704403235651,67.8009141229141,67.65838636079019,67.51694139194137,67.55309592854236,67.87919648997239,67.83708401166743,67.90668596636348,68.01070951617834,67.80069482986153,67.8202075702076,67.80876286412004,67.71850721295156,67.8512523512523,67.94649993038146,68.0104595191133,68.26071492165235,68.1193800440751,67.9122702143535,67.87835242922442,67.97128022440504,68.01431058653269,68.07458547893305,68.0311693035095,68.04897847137408,68.20481091093318,68.23309584859565,68.03139708874981,67.97649259572309,67.93995572910644,68.01960451242837,68.09807710807686,68.10213057445164,68.11652975030132,68.13717922403234,68.06580937894456,67.9743419312165
48,76.979594017094,70.72063237688236,70.67567833401165,68.44692714692711,67.80104904354901,69.65217830009495,69.15718355718357,69.69889982702483,70.22634310134312,70.67323107448108,70.62600270100269,70.83817367046532,70.86173609154376,70.7865944240944,71.43694953194951,71.68486817002444,71.57896196940317,71.458266913128,71.39282019150437,71.35451236263735,71.37437254103922,70.8090643153144,70.84644560351089,70.54368640618641,70.2884306064306,70.11127939012549,69.8171228462895,69.61782770800619,69.87008406663568,69.79872049247042,69.82855354024706,69.80690819597066,69.8554368471034,69.93632134477714,69.81439633118195,69.66663698955364,69.72192205942203,69.94343979607135,70.19723774563516,70.48225503662995,70.48254228833481,70.33940418047546,70.35466287588358,70.36721311096288,70.36999005110097,70.4364841579513,70.44000727404965,70.5299737781506,70.4014664473846,70.33582743182724,70.15390610660201,70.22105346576481,70.22215416484269,70.27179053799411,70.37136696636684,70.37292066399203,70.3722165991903,70.33221715226031,70.37896377006558,70.36468432030942
49,76.83173076923077,74.2430021367522,72.36038868538874,70.42280092592597,70.31495522995525,70.93463234296566,71.49599395313675,72.25672377391119,73.9187915479582,73.76900386650391,73.26448088948094,73.14485780423283,72.96186484455716,72.83490391883251,72.46423009089668,72.55462867572233,72.14168192918181,72.00398323384425,71.80825648523003,71.66676917989398,71.5193233133708,70.95889642764637,70.60967687706808,70.13633008580918,69.79216992266986,69.82678786669167,69.69708749755041,69.40421554305479,69.33646706103605,69.2245082078416,69.23926027676035,69.21989150895403,69.0159525659526,68.96523513251455,68.90798563869991,68.73047274227835,68.85943154693159,69.07310878692465,68.95011818665667,69.06817714692716,69.08891618769673,68.8812857336667,68.92728381652813,69.01227187164702,69.03163942025064,69.16227637097218,69.36460146433575,69.63783471543913,69.93182691269448,70.00183699633722,69.92781588418863,69.84008709417387,69.76977954784573,69.88608887682969,70.0026973951974,70.09370294057791,70.11502331326888,70.03950316127037,69.93216657009023,69.80960325939483
50,68.26306471306471,68.42356023606027,69.0849172432506,68.45613425925937,67.34366096866104,69.33117792701131,70.19321908250491,70.99874720187222,72.4229706507485,72.14993080993082,72.76296203796204,72.60207909374579,72.93336072759149,72.7416641229142,72.71004985754993,72.44190291768426,72.23546140678498,72.05386198163977,71.57845254161047,71.39684701872204,71.31461519080574,70.83507927257936,70.64290735432051,70.4767091897301,70.16634452584466,70.03489734980138,69.83064618851668,69.67555889877328,69.97137173171662,70.14226309184649,70.28170992687129,70.37496740817059,70.35000030833372,70.27185786707858,70.22839002267588,70.16370503210793,70.33668696168715,70.58650820427155,70.7581131356774,71.01617508648782,71.08368896234774,70.85164677694478,70.71372691692497,70.72963610463657,70.76709288653771,70.8106061209326,70.79761396011432,70.9462976741626,71.16789389748602,71.27188339438366,71.26767070075917,71.28155466328573,71.38593746400379,71.71859831697816,71.94784632034656,72.15416139746523,72.17854581253725,72.20527267272978,72.03643136524519,71.90370243182767
51,77.27114875864875,76.90785256410255,76.204532967033,73.41092160154662,72.51365995115997,72.54265449057118,73.22778867957437,73.58708918396411,74.28864638447966,73.44352462352465,73.02963980463977,73.07299721883045,73.03062521524053,72.88739207221347,72.53014041514037,72.17556789275532,71.78652679020323,71.58023136842579,71.16933385814961,71.25855540293034,71.23220851018468,70.94960433085441,70.91451996071571,70.67009204144628,70.32320777370781,70.18466352024039,69.947754149143,69.91259339205762,70.11814169227954,70.4242940238773,70.63066288550154,70.8273636230667,70.79360161443495,70.72425542866716,70.51058331879757,70.22839788812004,70.2417763917763,70.38300532313679,70.38655946380295,70.57298687423676,70.4815641224177,70.42346623834713,70.52972712042477,70.51092472342472,70.60553068330843,70.63546964307828,70.66152709583554,70.74957264957254,70.73773381758072,70.6958102360602,70.64590126648952,70.60581570317144,70.71031621243876,70.82865000226096,70.75970483220469,70.87103801456462,70.78423283993445,70.66575977502688,70.53342197664215,70.38484126984117
52,72.06033272283274,71.54645400895404,71.96240672907341,70.02348265160761,69.11055657305651,70.87318969610635,71.43152872260016,71.54958409645914,71.98285736896852,72.06371845746848,72.05779082029079,72.33527506444175,72.47661782661784,72.4226248619106,72.2650342558676,71.66045355107853,71.10859339462277,70.97516703975033,70.62404033588241,70.58146316646315,70.77784536891684,70.80860412735413,70.82947855284802,70.70656881698534,70.4433852258851,70.41921648508178,69.9774361612324,69.7244603610675,69.80623096571371,69.97490401573731,70.07541143145973,70.26971010760059,70.06518589435235,69.91753947305399,69.73203849060975,69.54988680301159,69.59722882222864,69.88404799391627,69.94962339417452,70.16888431013412,70.40379862910335,70.30344133379838,70.5037562351515,70.6065007908758,70.55298127798133,70.52737155155641,70.51098879449953,70.50787079432922,70.57096758117176,70.59193376068399,70.49346844150787,70.50230405278509,70.49311756552353,70.68800488777363,70.75321373071394,70.72112795438699,70.71223116552072,70.6840841789118,70.76935614605105,70.7049854158187
53,73.38156288156284,76.78935693935688,75.71311050061045,73.89121896621893,71.00334656084655,70.46637074345409,69.65531789638936,69.15379909442413,69.80799247049248,69.09904151404153,68.9012774262774,69.27264236535068,69.28084006449384,68.75293876097446,68.78299823633157,68.62464482855101,68.278667193373,68.28773289467726,68.00218976929497,67.67572395197384,67.45760388200856,67.25581663706662,67.32287541363627,67.30571114841936,67.09087362637354,67.21531260762023,67.0514241245722,67.15931449502871,67.53554359114683,67.59101020892668,68.05902277232902,68.2337543243792,68.2037852579518,68.21112682252371,68.26688731903002,68.24691259100966,68.33923827673817,68.53351474305413,68.67008181751761,68.9503469678469,69.06624142569264,69.16333580440723,69.54503199212495,69.79049885299875,70.1390646904535,70.37018744138307,70.38322866062235,70.64780092592596,70.78813095445751,70.98812413512421,71.057089089197,71.15082701308671,71.29958503236819,71.4908072551593,71.64595534095557,71.74017975245681,71.81760446343809,71.91296576986265,71.89033365410516,71.88032517636714
54,71.21616809116809,72.03291870166869,72.27589370506041,70.42031186406192,69.08418294668301,70.33385310676988,70.39374527588824,70.13114570614582,71.17424083118537,71.81280525030535,72.62869260369271,72.46084104938284,72.27723458877313,72.1177132391419,72.13387735721074,72.78246336996341,72.83657317627905,72.7348830439108,72.70304902212796,72.4057165750915,72.44345044285508,72.32205317830301,71.92492899612446,71.6802712912086,71.28690923890898,71.0550246939667,70.74221555193749,70.5235215346819,70.51629405077641,70.41664224664189,70.65319675843831,70.8340641852357,70.76537289870592,70.93137135195931,70.9804597651023,70.91796412178329,71.0347501347499,71.34194888931707,71.33573946234178,71.57648847680066,71.62906938364226,71.50960617865344,71.56474867724837,71.56473584286054,71.46151042373238,71.58620191201688,71.66079449510279,71.72011228547663,71.78545814540693,71.80105179080174,71.66329794025864,71.67789312717187,71.63873751161474,71.65738093353815,71.75789858289842,71.81812160227317,71.79539152368075,71.65777177803011,71.62492110055646,71.49724918599901
55,70.76130952380953,71.90529863654868,71.32015160765162,70.06622786935289,69.40419515669518,71.620432268349,71.9002660038375,72.08905105311364,72.70654648849104,73.05951719576728,73.02838411588421,73.29523597544444,73.23420251401032,72.35288752253055,72.11824209740891,72.15242832977216,71.61124398477348,71.32524646135761,70.97342233789607,70.79484584859594,70.55112797255667,70.21899420024431,69.98514227318583,69.71636205229954,69.8361131461131,69.7654333380295,69.54508886175554,69.43923683789755,69.57026756768133,69.81480158730157,70.16906961019862,70.3441156644281,70.3117882117882,70.08745885106177,69.98842854235706,69.89872204698588,70.06596555346547,70.01538046505142,69.88040880060099,70.25656682437926,70.3405948162045,70.15301955540045,70.14583806589611,70.13281487031485,70.13171053226606,70.04582846702407,70.12314598325231,70.20978168243794,70.32766107664067,70.28840242165245,70.22218112316155,70.1822144735606,70.25421590987627,70.40822885105294,70.45108696858696,70.57604575484044,70.70879531449712,70.65322065386732,70.6642690721081,70.5433763227514
56,65.6662393162393,69.17715455840458,70.78183082349747,71.0638583638584,69.84851139601135,69.64245777370772,69.35371024478158,68.79192740130229,69.791032989644,69.63641992266987,70.42365736115734,70.3150755494505,70.56580766099995,70.4253110645968,70.42512888346221,70.60649801587307,70.63103976633383,71.0555408583186,71.2584615920142,71.13334808709803,71.15281387483766,70.96233465608469,70.65436596414854,70.58563521740604,70.39782865282858,70.30803982342437,70.25915619017469,70.36083711262278,70.6234667312253,70.71798975715637,70.85800231727644,70.95692632020754,70.94167715001043,70.87444351672283,70.86464271178544,70.66808141703959,70.80205645205632,70.93764834093766,71.01369047619035,71.16343063186804,71.16526661008355,70.78939376320315,70.81811684224455,70.9044099419098,70.85366888255771,70.84025123427293,70.72391029970811,70.629821894926,70.54164911996538,70.64671988196987,70.50348374392495,70.53270522212821,70.51803213383396,70.63268948130056,70.70337403337405,70.72562112986223,70.49878587137358,70.3821797854126,70.43998080544696,70.28462962962959
57,66.45027472527474,68.16531593406596,70.4103717270384,69.53951338013832,68.72125050875051,70.45301349884681,71.86279652886792,72.88137782356522,74.14759417537192,74.92987993487985,75.46657046657037,75.7180742097408,75.10506050217582,75.01504338915049,74.76263973680634,74.32516311813184,73.84458300414181,73.55750407000407,73.20822408585565,73.55815832315832,73.54827557803748,73.2817296129796,73.02254760135202,73.07025017806278,73.07535327635343,73.10239895432225,73.15614721355489,73.1721857012038,73.33397172750648,73.18204907746603,73.03671307784235,72.9904296080079,72.71442045608724,72.44293540065615,72.10725565439871,72.0055360534529,72.0590942590945,72.03724602639105,71.89207823278366,71.89225071225104,71.7366356204774,71.37108673953948,71.2695932835471,71.3372214590968,71.4581794645686,71.57419219267071,71.51132846664778,71.55624226275286,71.62265632138099,71.62997039072052,71.56076595880523,71.50262006512013,71.54998608135402,71.72205838571573,71.75830151330148,71.75260507514972,71.84365132917762,71.92367067000686,72.07307718176364,72.1077789648623
58,81.86276963776962,79.03699888074884,77.10924569257904,74.65181496744003,72.4383445258446,73.0627857482025,72.60430984359559,71.30146202177457,72.20020519603851,72.33013278388273,72.23593628593639,72.13169473273652,72.14323244419414,71.63440170940191,71.21157034323727,70.84875356125387,70.50434353228502,70.20256777687365,70.23832337253417,70.2847792022795,70.02221107816375,69.77432729307756,69.6319548406508,69.57618878035572,69.48530504680531,69.75246587458156,69.94076259817034,70.00941915227659,70.41410186237795,70.38714455297806,70.56802847689954,70.68993341727723,70.5687098395433,70.48027813689593,70.43539377289383,70.35835128092083,70.53896093896105,70.72787390484771,70.94698402262516,71.14502747252756,71.05796765339458,70.86415719421686,70.7517059706016,70.87682433307464,70.97516845294646,70.94794774468711,71.05046750924434,71.10885819427503,71.1232489638104,71.2259356939359,71.15422083363276,71.02851712923834,70.9883334869184,71.11261475150366,71.31158045658046,71.34161015902089,71.41421270412499,71.47749489495177,71.43443982257543,71.36788164767331
59,74.97390618640617,73.80687830687837,72.92152184235528,70.99139066951577,69.29111009361023,69.31362264278943,70.07241554741557,70.30862395706147,71.09578980690087,70.70035612535611,71.06185064935062,71.60848044702207,71.36432719701945,71.1509001250072,70.8987047212046,70.25055644586882,69.88870124973054,69.58388193596517,69.27835989546509,69.71702177452168,69.77361135337317,69.52864565989552,69.70010772239031,69.55826910358158,69.39544139194136,69.38802205629119,69.43080258219138,69.44399601721022,69.92727464106767,70.09148402523395,70.4829918140401,70.55877610526039,70.51684688768017,70.39131697550812,70.30199720913998,70.21288848754122,70.5506699006698,70.84389834093768,70.98041597528766,71.22724867724855,71.36268625232022,71.39530556524586,71.60747401822968,72.00651397213885,72.21624078596295,72.44656914140599,72.5366122844845,72.78344610636267,72.89249458024958,73.1088435083434,73.17090725178952,73.26571589023506,73.40096748988252,73.70196076214593,73.74624486624488,73.9404417589686,73.90772622439295,73.86537461580569,73.75034388085233,73.48274445461938
60,84.21690577940578,84.02236721611722,82.17303961470628,79.07945538258045,77.81558913308919,77.30435236060238,76.66536935286939,75.63913372507122,76.21692499886943,75.76962962962959,74.92397879897878,74.41581408560576,73.68201058201055,72.89333791208799,72.06368301451643,71.58951655982915,70.97240627020045,70.98709017320131,70.66795942848577,70.22760556573056,69.91650144388242,69.58082658082655,69.42152545522111,69.20648741690408,68.91444668294665,68.76899028677873,68.44029304029308,68.3639161433805,68.41652667256116,68.37444139194146,68.50863513726422,68.56908021087715,68.53718164551502,68.54235976441866,68.56494272922853,68.45984884457117,68.52439829939838,68.74159075573563,68.684614993269,68.95091206247474,69.07358914797956,69.0337077494817,68.82137698649336,68.75954855329863,68.85518224573781,69.06873230433008,69.13857281410469,69.40707226800968,69.69879997175906,69.98237098087091,70.10896468273914,70.25039457515413,70.41646403037912,70.70792925353112,70.88027343027346,71.09908624774695,71.24606262808015,71.29264197647818,71.39613272007341,71.42150420567089
61,80.13425417175415,80.41564153439151,79.18643331976666,78.18393620268616,76.42205433455428,75.86425688509021,75.18354046746899,74.61928800366294,75.44864841948169,74.93496031746025,74.20027102527098,73.92542268688092,73.92916392724077,73.84473515902083,73.85552401302402,73.74227144383399,73.3846279537456,73.11795804504135,72.96381337960287,73.29360831298335,73.44613155803634,73.14978447478443,72.78162459521157,72.53306539139874,72.17733801383797,72.27362578660649,72.17951468969984,71.96355583900215,72.00536205493087,72.02847730972714,71.95364971050437,71.86755221052077,71.79024185690838,71.55207136273296,71.40693906622465,71.23393351761392,71.24660072160059,71.33302433434,71.2899859637038,71.43619263838004,71.50802237509545,71.20754089385035,71.22842176127062,71.35408515096017,71.39895355673133,71.55187319725367,71.59816687449673,71.70554707638043,71.92024743963522,71.793171957672,71.64067310684962,71.59157734181777,71.59865037129191,71.6303373581152,71.68225283975289,71.79646654602013,71.86535908860468,71.95273681459027,71.88883732400683,71.80369090014929
62,72.48895502645503,71.87334401709397,71.1165293040292,70.8176956145705,69.5095645095644,71.53651895943555,71.45335702657123,71.36452800671545,72.11695326278657,71.67478988603989,71.75133338883339,71.9242970763804,71.71805438151593,71.43403795278793,71.27494878578207,70.95560961029702,70.61694917283143,70.38220560303887,70.2578856328856,70.3323824786325,70.52799387561295,70.24633861508862,70.05212502875553,69.85676277811702,69.65518213268216,69.63511161203465,69.53938143475173,69.60469703907195,69.7524225295776,69.79925892009221,69.74361370409757,69.81433786121293,69.65337394087398,69.44993042088637,69.33511730333166,69.3032280219781,69.50712800712802,69.50696452670141,69.48759379272207,69.69407928876687,69.70045266386738,69.53546293873687,69.5781851331271,69.70014719077227,69.71973748473751,69.78935682875901,69.68493838706603,69.77013221153852,69.80737781681663,69.91155677655682,69.75068521710683,69.78988555070295,69.75432063568871,69.92374395152191,70.09083065083075,70.21442861866993,70.24229707102538,70.2264316063886,70.12867593799807,70.03097620743462
63,79.91883394383399,76.08335877085877,74.84470051553382,72.08660078347579,71.12282865282866,73.19497524080865,74.57912160590735,74.83592287342287,75.33019716908609,75.02321072446074,75.21268916268916,75.69204822954828,76.28089602704989,76.07580600616313,76.05214082214077,75.83604242979234,75.1266986281692,75.09392749739966,74.8062027397553,74.82996667684168,75.11158158420066,74.6186396936398,74.6492720443809,74.2988792650253,73.89535653235676,73.76464907955318,73.4235781365412,73.26525869963382,73.2581628141974,73.0885314068649,72.97770310633224,72.90912777904977,72.6492111283779,72.62132278124938,72.4407613814758,72.2248212307241,72.26547577797582,72.35509018272181,72.34841765546902,72.5534325396826,72.4907896304239,72.26239122429604,72.30822164484962,72.44656628094141,72.54683195405426,72.7094691741432,72.72740076117759,72.79946888566697,72.7451724768053,72.77350010175026,72.56366194626001,72.49931661109548,72.37667561299641,72.44060441444707,72.51746808746815,72.4497060148847,72.27287244107434,72.12318656758328,72.07728006456837,71.93367835097014
64,75.40918803418805,76.073227004477,72.75585571835573,70.20737688237689,69.11776251526251,70.49751390584723,71.56466437002145,70.85290432946681,70.96291943653057,71.18647995522996,71.59680828430831,71.60583664021166,71.13162393162405,70.29601975405565,70.20459062542412,69.99530232498998,69.73946048504885,69.57727609324847,69.35710858342452,69.24574684574704,69.05378316568813,68.55966810966825,68.28776499265646,68.03006630714984,67.80672201872214,67.69909775054008,67.47083201435052,67.39623742659455,67.84367903807549,67.782652116402,67.8017499376369,67.92993313110486,67.92352647352634,67.94257388852964,67.73332635618338,67.6478307443584,67.74533517033505,67.80532193196657,67.77149536123885,68.00904672873406,68.04037121415155,67.89810962846661,67.99137206462777,68.15491163928654,68.2386963550851,68.3527141839641,68.34629445613484,68.46764876712794,68.4871178141586,68.54912505087503,68.37915838700144,68.42062161485227,68.3803109713486,68.4752994090956,68.34707255707252,68.29776004418854,68.41161861205713,68.41223132710186,68.39254068279475,68.31565967982614
65,76.29081705331708,77.98200040700046,75.39785476868822,73.68892577330084,72.67201566951574,73.78606277981287,75.16768707482998,75.84526544057802,76.70181171708951,76.68955993080989,76.99165556665558,77.75229404083578,77.5944510973358,76.87325571254149,76.79749559082904,76.91621419668303,76.6219328329623,76.35818381721168,76.10487650750815,75.79833028083038,75.49032598794518,75.10309574684581,74.69530600237128,74.12796474358974,73.6174153439154,73.43456529225764,73.25970356803695,73.3534807619629,73.58531377626204,73.59123015873016,73.61769270156373,73.65428956171152,73.59153192486535,73.44535810050525,73.45841342519921,73.45015064667842,73.55443547943545,73.68406553242076,73.8848474531167,74.11277421652419,74.08725617201233,74.12202175029573,74.25316963398376,74.41292815980333,74.52274408718868,74.60312206915482,74.462610409685,74.49908721679567,74.52360965753839,74.65556735856741,74.6837901114862,74.65299771453617,74.52203830411366,74.5270808837937,74.55962981462969,74.50114496118948,74.50011656634456,74.41320312828921,74.33686156122585,74.19567087233747
66,74.53027065527067,71.78142806267805,71.66984126984129,68.67677681115184,66.76705331705334,67.58525980192645,68.23625356125356,68.77760353072856,69.24735619318957,70.43508699633702,71.37933825433828,72.18586945461949,72.65161078238,72.37866627420208,72.09883055216402,71.89313091422483,71.68732223658711,71.48690137023486,71.13882301908632,71.16617038054555,71.4232024148692,71.51728086728104,71.69103050733504,71.70369395265247,71.50147680097697,71.50884991077314,71.33215095946592,71.16409929356374,71.26838869942331,71.11837640754324,71.15096761064514,71.10501214641853,70.91363651780333,70.87181372549031,70.8200643932788,70.8379191538915,70.9090446215448,70.98576596405562,70.7854633021301,70.79562538156303,70.82217904047184,70.55209144911537,70.38963272945824,70.40074624449612,70.48643999005095,70.53203292279358,70.44401514561078,70.29706472154385,70.2159347927204,70.09882030932026,69.9730945797122,69.97965545850158,70.05643790172091,70.38820659792883,70.47533401783397,70.52410914151982,70.52877198337724,70.53358525255078,70.44254111393941,70.41904278591778
67,72.3885989010989,76.03187067562071,74.11389397639391,72.31388634513627,70.69175518925509,69.97567748609416,70.61034871213441,69.8808061151811,70.29131449825888,70.58811965811957,71.09163660413653,71.9256986840319,72.6578363232208,72.92220804988642,73.28067358567336,73.14037666615761,72.84860751993071,72.73847001763636,72.42453489492935,72.23166056166035,72.53840509138104,72.64273226773197,72.56129271292292,72.17428181386485,71.89981379731346,71.6914001596691,71.58336630790303,71.5397194240941,71.68390453735243,71.6625705467369,71.85592349705223,71.84152135480234,71.81653500820133,71.7568058847467,71.54214983429235,71.40517144892111,71.3897070147067,71.54389807317406,71.60751567995126,72.01904278591748,71.93895167614652,71.61741828497752,71.57526147409843,71.50076266326239,71.4620469859356,71.37486042540361,71.24159500861599,71.30325907695679,71.29897305075866,71.2793929588928,71.13534459367781,71.10892641902242,71.14588891192652,71.22876164473378,71.4247604247603,71.5642141258211,71.64433698205607,71.63801760978467,71.6300487883113,71.5818580416495
68,81.70831807081808,81.89480820105821,80.3651811151811,79.74588420838423,79.51948107448112,80.25014584181261,80.92395124716566,80.95760772792028,80.70837233753902,80.25437271062268,80.39553779553782,80.86457612603445,80.13065104411258,79.80769921216347,79.3215842490843,78.4642148071836,77.82447089947092,77.13086532808752,76.62188296596197,76.55126755189266,76.43296242998636,75.88460104710116,75.54170050963538,74.97100058506312,74.52430199430209,74.36309347703589,73.88163203394694,73.62801361997796,73.64002778830366,73.63033357075028,73.39684262869751,73.28093854929796,73.30867604617612,73.25244454619464,73.21908134193855,73.03577618369296,73.22223060973076,73.38322957500606,73.48408550139337,73.70174755799766,73.69823500799123,73.63206048801307,73.84007096478044,73.78578897953909,73.8639163614165,74.10495069543995,73.98094902536411,74.00796088556525,74.03521487960283,74.13340750915765,74.09060776732375,74.14877459613064,74.25648848880009,74.4408620871586,74.43918461168477,74.45106583231599,74.46164333554702,74.4450195956663,74.3648110207434,74.19699218220072
69,73.2286528286528,71.33110500610496,71.96824379324374,72.10050747863241,71.00595950345944,69.4514423076922,68.61054567125989,67.94219640313385,68.31506127617239,68.45581043956051,68.84990194990203,69.14743632139471,69.55281221627382,69.37276622187349,69.53038766788778,69.47603276353286,69.14938740453456,69.08695224528563,68.71397055673376,68.561658017908,68.60857777583969,68.4916645854146,68.47893441099974,68.12843046228473,67.83922507122517,68.06710575749044,67.83850054266725,67.7482113785686,68.10194044461292,68.3210349681184,68.5794243241825,68.79584414428182,68.89000551917235,69.15116848021279,69.47812750741342,69.55899753538662,69.6531084656087,69.7282414101496,69.76167504148297,70.16494238400509,70.13707897793292,69.96788451848,69.97668656709381,70.06559112184145,70.29523142495398,70.44977006688994,70.32143896292871,70.43696167836835,70.51586709775526,70.50253540903583,70.35540552403339,70.39369393960783,70.46784168836092,70.72990143429998,70.84272533022572,70.96440599744203,71.14016362130432,71.24862909281043,71.17813554148329,71.06723756952954
70,77.8213726088726,76.06227360602365,72.59756986840326,71.2638176638177,69.99217338217338,70.68500966625959,71.39277719634855,71.43365766178259,72.80895966173736,72.61388329263323,73.05492100492084,73.53138566680225,73.88098134059659,73.06214787196916,72.69285205535192,72.26751977767587,71.61835960880065,71.89273560801328,71.55789714671282,71.38837327024814,71.61779173207732,71.18332292707274,71.1649132469784,71.1666683625016,71.08267480667472,71.07568113866179,70.90343613862117,70.92492150706421,71.06195090031281,70.86739808031454,70.86830517153078,70.75696543040279,70.4994320494319,70.33186753333798,70.19249970928529,70.14949803283116,70.43690792440773,70.71595120279306,70.75033499264251,70.99224613349593,71.11774559000148,71.0242636442038,70.94845540979229,70.94547038609497,70.76249095554608,70.73524103714276,70.74395431203891,70.80597813644641,70.86587706511122,70.78380128205077,70.7532017365345,70.71619489840586,70.81786319026821,70.91232250259961,70.97760082510013,70.9578580150002,70.85555698362647,70.66255999747315,70.51841409532028,70.44286248473698
71,72.54184981684978,69.28225478225471,70.84732905982901,70.24711284086283,69.14408323158318,68.94038885497223,68.65616242223389,68.90381817256818,69.09496789219007,68.8633053520553,69.20740463240462,70.21942579025914,70.74651740709439,71.17172401011688,71.32540123456798,71.11540146774533,70.70358998300186,70.39660889522006,70.02076478589645,70.03935363247874,69.96345063666502,69.85626641876644,69.79933707596749,69.63175281508606,69.50206064306052,69.43066317585537,69.14538751714666,69.1953618306295,69.59049811937729,69.54229514312836,69.67634523481284,69.63998922084852,69.60013104179765,69.39654019727536,69.31839685446812,69.20434953421045,69.21666955416941,69.44917381594995,69.78051863853125,70.05383674196158,69.96168513058747,69.73456002771478,69.73241639927691,69.7475315194066,69.65593621399191,69.7449899134683,69.6656918140962,69.6385366851514,69.64249935627502,69.56471815221838,69.49534583064018,69.44339827729281,69.38922927177677,69.52037941482415,69.6510378510381,69.70524903337422,69.7236643067785,69.75805676603106,69.75980655408632,69.63464438339446
72,73.63434065934067,73.2272842897843,73.54264855514852,71.8877009564509,71.481107041107,70.9157220865553,70.83774492703057,70.42326388888883,71.13584769140321,71.32222069597073,71.1395627520627,70.95921983109483,70.74503068156918,70.09050962265246,70.33330993080996,69.6506626475377,69.34477632933522,69.1558995274274,69.22622448214557,69.48557056369555,69.38923144756477,68.96800537425534,68.79711118189374,68.5940552503052,68.41745400895392,68.30339669233885,68.02054692563935,67.90286372027418,68.10492505578695,68.06148046398026,68.2407033229612,68.32792992597662,68.48145265228581,68.70117177212748,68.95804131054112,69.00559908198775,69.25972070972048,69.2582355996828,69.17382139465455,69.20278655372385,69.10131567844968,68.76081324980125,68.87337105185935,68.93319990194986,69.03531926920814,69.00050631735414,68.94080049186427,69.01125133547002,68.91871693121685,68.93413726088718,68.84011767100003,68.7363504195235,68.73160636533277,68.85904322871914,68.81670597920598,68.79636970172682,68.86416075802039,68.93317579610678,68.86108782930812,68.79611543549034
73,80.63475274725276,79.75613298738295,77.38226495726485,74.38088115588108,71.76925620675611,71.55346035137694,71.05040263968839,70.26112828144083,70.77409329353773,70.90471306471308,70.76832750582757,71.03886217948734,71.39070043204677,71.07005494505513,71.07229107312449,71.15550213675216,70.79803263185623,70.87081383123056,70.86269305742998,71.17843432030938,70.887315396244,70.29280164280168,70.1392815115641,69.75868776285446,69.60863776963784,69.27121959237358,69.17772351105704,69.14510000581446,69.30973801103131,69.1688480192648,69.06739811860795,69.02151537698425,68.86078905662251,68.7411291867176,68.7216905052621,68.60499465811981,68.72995069245086,69.03049048904326,68.97884406666475,69.31037494912513,69.40439597665231,69.24248660290348,69.2137499881688,69.40763125763155,69.53678164428192,69.68767054201875,69.64392378700936,69.62521208536887,69.62342110837055,69.6291371591376,69.61725073220218,69.69301123555972,69.95029718709013,70.0357875834733,70.25281875531925,70.30037029769224,70.2642934794256,70.13187234221769,70.0743924311726,69.9407614299286
74,71.37892246642247,70.85127696377694,68.48116605616602,66.81573310948306,65.08677859177858,65.54101461809799,66.0263954299669,67.01163703194955,68.62713449102343,69.36722222222225,68.85819735819744,69.41045143128486,69.79531088569557,69.6409460579104,69.53422636005976,70.03581953347586,69.64635525150247,69.2181290417403,68.89403771180106,69.38522308709831,69.45837742504433,68.82714022089036,68.73808793863161,68.55712250712266,68.61840496540513,68.65177201715687,68.47449991709279,68.44286368393537,68.56708857872677,68.50885429385461,68.72563872805839,68.86009742572267,68.97527904194592,68.91912168713657,68.97538010930882,68.92669060620457,69.15258486508492,69.33322756678022,69.5394006397212,69.56885251322753,69.55853720579327,69.3279540234897,69.38512792117433,69.39561376123864,69.38831366164678,69.45279757480822,69.30660758666056,69.26320059184619,69.29533943003311,69.28267338217316,69.20051373825864,69.28695446291583,69.29874012256077,69.51202836943573,69.65680097680088,69.74648516992261,69.81174240801428,69.96909349430894,70.0712237777915,70.14655219780217
75,79.23129324379326,79.23082010582013,75.86334791751456,71.55353581603578,68.54728123728121,69.0492979242979,69.84495464852607,70.20575841982094,72.19241509519289,73.30046906796912,73.70923197173207,73.40946148758655,73.00727630631484,72.59418970579691,72.2951899335233,71.9520032051282,71.6595672029496,71.52536545244881,71.41175990189149,71.31935108872605,71.36366164699497,71.23640133015141,71.14948085328528,71.0604845000679,70.67433964183974,70.5685922873424,70.0923125913868,69.93101506628311,70.126925357529,70.09077007868693,70.10361655966514,70.34516639321345,70.31380440547127,70.29451776437087,70.18612404790993,70.12491718672288,70.23254133254142,70.55530974873086,70.35971543888215,70.40618984025241,70.2100051371393,70.01029190166088,69.98633070202833,69.90939500314504,69.911510989011,70.04964077790163,69.89694717221315,69.92900111077202,69.94076482851995,69.94939489214482,69.92176933451428,69.95797799067012,69.98944697859774,70.10644652843705,70.1394110519109,70.21106150793626,70.20465944062416,70.1649098985304,70.31143386588276,70.2022007699088
76,83.15664936914938,77.76729242979246,73.74005392755394,73.51356964794475,73.59779914529919,74.82834842626515,75.84119570905297,76.41196008852272,77.08354926966052,77.29448921448932,77.23126595626601,77.29443766110441,76.52962023731261,75.51019499680214,75.18217032967037,74.5899575829263,73.8651158754099,73.39501820196259,73.00644131696757,72.89035841473336,72.80129004593282,72.70307447182442,72.55209030100332,72.39262396554066,72.21668945868952,71.920544519583,71.61854452132232,71.61236845165419,71.75875506996199,71.66708316374981,71.75236716688336,71.85453058226501,71.81642077058741,71.67964698699993,71.6322398104541,71.55813633383082,71.7212502337503,71.86892096694737,71.93099373323739,71.9053552350428,71.74558404558414,71.57747337539006,71.70538116061368,71.74441160691163,71.57743386243382,71.51995297375733,71.44325245282698,71.4916586114503,71.56543964350091,71.65791127391128,71.53352586048673,71.53892684950381,71.55891302094135,71.59936735932108,71.65898148148152,71.70905739432536,71.60222377525017,71.45781107462149,71.27608863985986,71.05181674806671
77,79.35608974358978,74.34761141636146,74.84755969339305,73.86752518315026,72.87662494912503,73.00044006919013,74.13624774696207,74.32746298840058,75.27826109076112,75.61414479039482,76.40495754245748,76.77758699633698,77.1238036536113,77.40843472004175,77.7205250305249,77.7520575778387,77.38823529411751,76.707982012843,76.62493894993877,76.23087072649555,76.13262035583452,75.92706136456127,75.50495567234694,75.04211542701114,74.58791697191681,74.49115165461295,74.07789497882064,73.93516501686115,74.01840904944318,74.16170617962253,74.09340905510233,74.03231185770221,73.81993962827266,73.54909577078661,73.29472076864901,73.11460325939461,73.25250085250052,73.43967664888685,73.39999908685776,73.56861072954796,73.57565120065098,73.26756957768848,73.14577488618171,73.0817380536129,73.17205037760571,73.1065513793772,73.10231892811649,73.2209561753829,73.32968195825296,73.5616193528689,73.57056858355838,73.47079390516858,73.29955834696366,73.24835748956083,73.12944740444709,73.13978074670005,73.10446450885013,73.11355723618627,72.98289529052211,72.80020426332904
78,76.9195868945869,74.72763024013021,75.52589200922529,75.02469474969469,72.48460012210006,72.15468050468054,71.68235943950225,71.44144090862834,71.68108974358974,70.95827940577942,70.91025872275873,71.04392933455432,71.09386838232987,70.67290213093773,70.41098019264672,70.55989774114757,70.53171730230537,70.40775109663981,69.99536046312346,69.86169617419606,69.80525878442532,69.5761347448846,69.70581324874786,69.7103740588114,69.69715588115565,69.64789925174517,69.46525441293949,69.4936693267049,69.64943212917333,69.50821869488516,69.57803412238871,69.59976565679663,69.48249512832822,69.56234438219708,69.60218370254061,69.61474570953722,69.75585118085101,69.90937412976876,69.85759134028352,70.05113400488386,70.0263802029045,69.85726180785696,69.84826279448359,69.90593896843886,69.87850698684028,69.90528315283743,69.7304119147204,69.75864632088583,69.7836374415456,69.87113420838412,69.8774748218374,69.99016927694792,70.05493727970126,70.17981504092603,70.23602545602533,70.30329079815675,70.30540123456777,70.38698361823343,70.27462223118992,70.12127187627176
79,70.51224053724053,70.56020299145294,70.96600020350017,70.18853912291407,69.1984299959299,70.82917005833654,71.5018976393974,72.12695678164408,73.29796047573804,72.8914733414732,72.6426212676211,72.93080060371709,72.84243527128129,72.78953064131628,72.95318681318669,73.1355629324378,73.04663087457193,72.71538715913704,72.41360880834554,72.47156466218959,72.53192918192904,72.30989589114571,72.32536961830425,72.10138676909499,71.91446927146916,71.69269806048638,71.55282413060178,71.4077279202278,71.49893776402382,71.30841100257757,71.51734806412226,71.60344614875868,71.59771216437883,71.51515283463813,71.48161782661782,71.45801098335821,71.56860335610342,71.87912623438947,71.83785495131659,72.05448832417594,72.05396775762635,71.95485335872262,71.86488864279576,71.73872643560156,71.65955082982873,71.78027817593059,71.73025983079197,71.81039822446091,71.74245253046286,71.71191117216128,71.49623115628025,71.45083572054742,71.5482528739606,71.65126914409345,71.65912124912148,71.68424626795182,71.61100802219246,71.53109272592052,71.53217812476308,71.39004926400783
80,73.76615791615791,72.2190349002849,71.53503086419754,70.67959274521773,69.3134442409442,70.26266364808035,71.73528184778183,72.5635963573463,73.93438079410296,73.69693274318267,73.07883690383684,73.14726207434535,73.1586456278763,72.66154536600959,72.22719712386369,72.4005586716523,72.37017495032194,72.1488293085515,71.86086316217893,72.02930759055751,72.10251443882392,72.09341908091903,72.39489701120125,72.23824637939201,71.94820004069993,71.47010112394716,71.17787952787943,70.99128419530193,71.11839764641478,70.86510361552014,70.8915324221775,70.96542642831699,70.9301260467926,70.8742877492876,70.93236481772179,70.79910968660948,70.88653708653693,70.97572510335652,70.92781704288099,71.08745179588917,70.99342148366529,70.8301767786886,70.78582360791657,70.78501602564093,70.9284413014967,70.80762661251775,70.64354698689793,70.65819279100516,70.70555129866338,70.74926098901082,70.60199200762911,70.55362817382029,70.5059666835609,70.67392550008273,70.7121944721943,70.7745020604394,70.7425509107525,70.69274688434157,70.61882411373927,70.45120633224785
81,71.26302401302397,72.45746082621076,70.13393705060365,69.41981328856323,68.77263838013832,69.68781966490292,70.3657334728762,70.5802967287341,71.70968095690307,71.96064916564906,72.80876068376053,74.02633165445654,73.86308545443156,73.67968922611772,73.46328279744947,73.32536630036627,72.92718613086257,72.23699209740873,72.13627203692994,72.32945614570613,72.27390667093036,72.04647505272499,71.86644104687575,71.5937097239181,71.03262433862436,70.72142935412165,70.48142759161276,70.41363996453275,70.63785366931914,70.8066902387735,70.91596705266048,70.91860119047608,70.76523784857106,70.64578754578744,70.5317868771439,70.5200542384569,70.61875323125315,70.92418479425054,71.04000566147995,71.38542506105,71.60620415041143,71.5076173275578,71.4130365543156,71.4775190087689,71.57957909374566,71.64746033957978,71.58052037599899,71.58585768976374,71.53347173423677,71.60439448514423,71.53506677599799,71.56348687815023,71.66129435728482,71.83032897315302,71.88550551300543,72.00077638961562,72.00942259494886,72.05708882433017,71.96871701744578,72.03841185049514
82,73.36951566951565,74.19841778591778,73.03370472120476,72.301165038665,71.45702482702481,73.14134106634101,72.57465550322692,71.98387769637768,72.99269151630267,73.09601800976807,73.00103183853182,72.95164538393699,72.76102423217809,72.54043367346942,72.34508784425459,72.27758286273912,71.80603018985367,71.5786166508388,71.40194262365313,71.29459986772484,71.4319606760083,70.95223295223302,70.7991276034755,70.56992161002584,70.40691717541728,70.41581392254483,70.1133341624084,69.88931097011476,70.04961545478815,70.19581824040185,70.2764591292819,70.21101794617441,70.37598235098254,70.36736679714646,70.33616576545171,70.13575724686858,70.2523634898637,70.44663260715913,70.42161928764517,70.49225134818903,70.44071604772842,70.23945008915256,70.27977468268179,70.27118598993607,70.16024872247105,70.17393317230297,70.08042663601196,70.22682726224429,70.28256335501271,70.35233679283715,70.23602901274505,70.19919744607274,70.19043462651985,70.39825168829829,70.39907740407764,70.43080293549077,70.43398319516776,70.53544236733921,70.52283841394039,70.38540114977641
83,77.38721509971512,76.05854446479445,74.29313865147193,72.03833435083429,69.82432336182328,68.64030745489072,68.95389848246985,69.109370548433,69.76031293809065,69.75956857956845,69.91786685536667,70.35552715031857,70.11971564759999,70.13910111052938,70.45842728259375,71.11924793956022,70.84378725849292,70.24173421742849,69.75226099436601,69.88540547415526,69.8288815241194,69.72243358493346,69.43392525349037,69.37495294057784,69.30159768009761,69.21793678187898,69.06123528392041,69.27427194168261,69.59497898334106,69.49518264143263,69.63976508855534,69.67855155550463,69.65219256052586,69.67874021403436,69.75084394441541,69.68258193709582,69.98516222266225,70.45463926911297,70.77168307713174,71.05185757529503,71.01297909407664,70.8723731515397,70.8228591068706,70.89435194435178,70.86147130647117,70.88246967404567,70.85158199759262,70.95817964828385,71.09595605641519,71.24411111111108,71.34539211696077,71.29276762233503,71.3219518165274,71.42337755694257,71.50323463573476,71.47917793185664,71.38751990374807,71.31808941377913,71.16619025199545,70.99860449735455
84,73.35768213268211,71.73512667887668,69.62304809388142,68.80644078144074,67.60503561253557,68.65998592456928,68.67224765974765,68.4401639448515,69.13121297426862,68.6405962555963,68.8883075258075,69.82019654727985,70.12932437932443,69.82701174486891,69.66835537918874,69.57179359991865,69.08527107424177,68.83183506308517,68.49136088083466,68.73595874033386,68.6979119425549,68.42232189107199,68.158942064377,68.14111742809688,68.1405293040296,68.0178774928777,67.8371555570632,67.93597411186721,68.16519550054059,68.29067324650691,68.38297983378656,68.5780420100735,68.70419472502837,68.63460266585297,68.57634281062884,68.53555120291261,68.69942731192762,68.94664666473908,68.88718209615674,69.18196695665479,69.16615158779821,69.11596156268806,69.24035480023888,69.29275377400408,69.18033498394645,69.39439124683729,69.39562377142202,69.60586599935586,69.68125015574027,69.7176272893776,69.59579851883795,69.63551284008035,69.60998994017885,69.75702622137834,69.92213980464008,70.21948786993457,70.4042834115205,70.51101243105579,70.59334976856192,70.4654678808848
85,80.83117114367117,75.54356939356941,72.5149979649979,71.20719118844113,69.35371286121287,70.17177621760955,71.06819800569797,71.49504286223035,72.51248360692799,73.01496489621485,73.34159867909867,73.85676722968383,73.99272799849722,74.02804269143557,74.51892992809661,74.82653706247459,74.45583267495024,74.301575430742,73.7441670415353,73.77058811558793,73.78160794232201,73.31144295519265,73.0387207800249,72.98828050807204,72.71510297110282,72.46232272001487,72.08538284417892,72.01760403947884,72.16425939960405,71.95055284221931,71.8624300878331,71.89759678978409,71.98837320087296,71.90986167971428,71.94467396360218,71.92021506014525,72.04433238183199,72.1503786174835,72.20936374878649,72.26199633699599,72.09114873383132,71.78067935151236,71.83413136174727,71.87788739038696,71.98517625378689,72.16018927730832,72.16410927527899,72.30474833808115,72.48225613200054,72.57776760276707,72.51537843057396,72.56244276556727,72.58351581158124,72.67591113447534,72.71862313612252,72.78881739127212,72.6720006926141,72.61339794464726,72.45901505901439,72.38148733211167
86,73.81233211233213,76.14082977207984,73.78921448921457,70.74739265364268,68.69091066341069,70.20087759462761,70.54073201930342,71.50668816137569,73.699690227468,73.7108669108669,73.99257131757125,73.79768009768007,74.02186335744017,73.88556093377507,73.54433082349735,73.02727125305236,72.58408748114617,72.60429668068541,72.14446238459385,72.20863349613339,72.25715884644434,71.80410492285475,71.50802365911053,71.3615206552705,71.08474827024811,70.96176074637594,70.55029262575545,70.25277014652006,70.34283766999279,70.15072327363993,70.2197715217876,70.24590010683757,70.10681170681164,69.95295853384077,69.78950636664909,69.74720229616048,69.85346995346978,70.16463942977083,70.14398278596981,70.24600376475368,70.2588506457408,70.12589988274503,70.02942589279778,70.07130450567924,70.1483014516346,70.15831906619934,70.0494674356375,70.14913862179479,70.32401759238486,70.32183658933657,70.23076833297421,70.3173706012648,70.31075757750278,70.4395325524954,70.51376123876108,70.55134373728103,70.53397212761227,70.52218713598006,70.38387217772792,70.2967366198615
87,76.35375966625965,71.13005443630438,69.60016110432773,68.69135632885619,67.39621896621887,68.28149843983178,68.74833347869058,69.12896888990637,68.97049360104917,68.8256145706146,68.59866059866066,68.87135056301722,69.15563304217146,69.22307764986341,69.20102123185461,69.0860592821531,68.97066873758048,68.91098477140146,68.92968023691705,69.02878052503044,69.18395909645899,69.10115023865013,68.95958906230636,68.9466899420024,69.05176332926335,69.2426691008422,69.12870257314695,69.11017809901732,69.17480509592576,69.15421499796496,69.38273136660227,69.48410106964788,69.47055999555991,69.57737825899581,69.52188601081451,69.54245777370772,69.78579857329856,70.22936748923593,70.11325216805987,70.21297746235251,70.09399066380776,69.81824318758846,69.80011405476523,69.87113349613354,69.95017252295037,69.96589801100683,69.85940354956325,69.93438591693811,69.86450167368548,69.8966126373627,69.86221789285524,69.93781121834013,70.06300107125583,70.1466579802229,70.14521506271517,70.16007898351666,70.2616669879829,70.32503210391152,70.34871380973088,70.30132944987115
88,72.62963980463981,71.34997964997966,70.81529812779812,68.44512489824993,68.0036955636956,69.17270977479318,69.50282574568288,68.78350376475383,70.15363191335423,69.79271571021579,69.88530312280322,70.12683319766664,70.07709996556162,69.72232433571719,69.35723137973137,68.92264321326819,68.49732876056405,68.27774414371638,68.29868528158009,68.8743747456248,69.2398782874974,69.31498200873206,69.4410789492311,69.41844559761223,69.50074949124952,69.32404159231083,69.1939370129185,69.18112553782211,69.24224453707224,69.16650403608752,69.24302634342972,69.36278521825412,69.39986988320332,69.38695069908314,69.44449401127982,69.52396808438482,69.67506105006113,69.65701406293519,69.87193406071614,70.16411502849013,70.18295474850363,69.97344116421507,69.97434737958004,70.11701758889265,70.12711934156388,70.329632615774,70.28489844473889,70.28612944732727,70.32027962589184,70.44703083028081,70.3669516667065,70.336649114774,70.36277357338665,70.37667331810836,70.44676647426637,70.41480046078253,70.38150682975234,70.31339461145478,70.17618806178119,70.01484796838956
89,76.27157610907608,77.37366198616193,76.37813559896891,73.52813771876266,70.95465913715907,70.8751560168226,71.00128350485491,70.69241325803823,71.76405621127834,72.00176485551476,72.29064870314876,72.47158713200385,72.06884685826991,71.28009804349088,71.32753120336453,71.3471668956044,71.11702548540786,70.93090659340669,70.81968302165683,70.79125127187645,70.80594147915586,70.48151524401536,70.25568031002818,69.89181102462351,69.5478677248677,69.26875215240595,69.26862252973365,69.37960564567703,69.52109121721176,69.3867319563152,69.40570095973312,69.65134500915738,69.67242017242009,69.72690048241506,69.78689356939346,69.79373954235058,69.91547385297382,70.07048350041771,70.18981468436589,70.31552096052091,70.35593066599162,70.14376393007338,70.10044012834696,70.2857526732526,70.21390833446404,70.33875042027223,70.4010699997403,70.51725883106094,70.46638083194213,70.48688186813197,70.38212280638763,70.37403758100889,70.36218006312356,70.61117112482862,70.69114422614433,70.58572409733131,70.54153046433748,70.61845518785177,70.67956495795485,70.58098544973551
90,80.2813441188441,74.48273046398046,74.04528388278386,72.36915954415954,71.78384208384209,71.25981718898386,71.12514026978312,70.83866058709818,71.37850302989202,70.97179334554338,71.26943241943248,71.18722230701398,71.01765559938639,70.84787342287349,70.67858228191575,70.36843139499408,69.95633394383415,70.088756896396,69.85544363044382,69.76660994098515,69.59318613485298,69.2331157268659,69.09358001097148,69.02537732329417,68.88634289784311,68.7914134654521,68.7524367265109,68.81955309901744,68.9511734593632,68.85626780626788,68.8332002376359,69.0259378497661,69.05943778443789,69.09186238598016,68.995002471074,68.92114776941183,69.24181984182,69.58926549814726,69.70188172463835,69.96172377391149,69.9004179199303,69.72084241816404,69.73261244569402,69.89007138694662,69.953221634333,69.88731165171406,69.79516708665668,69.8506174959302,69.85854098660239,69.91287230362245,69.84269154955449,69.77345261576049,69.8697870351174,70.06618618007522,70.16806610056626,70.21357600732611,70.1838299452336,70.16777846195961,70.15761746100748,70.12917692646874
91,75.3350529100529,73.96697954822959,73.81565086148423,70.62172491859997,69.55428164428174,69.258220560304,69.81341938484803,70.11627747252747,70.4374920861032,70.30165140415144,70.63304427054429,71.09111509632345,71.2406628627783,70.96829394150822,70.7601807760141,70.45361499033373,70.31277173262465,69.91600981323198,69.99810369941942,69.9272212047211,69.79690074035304,69.73987008362002,69.60985073702454,69.42171156389897,69.37618009767999,69.47036978335045,69.33784237024963,69.16606379731373,69.32487421582239,69.45274521774523,69.4681627213885,69.6105891648859,69.48098090181412,69.51471096985787,69.53791252398383,69.29356133835287,69.45537611787601,69.62446018893378,69.62902134664948,69.76509119352858,69.69729816254194,69.61606416070686,69.6305992134479,69.72955620768113,69.64268755935407,69.69633467378016,69.59459945098233,69.68809439017775,69.89242823503034,69.99572629222642,70.0529227217954,69.98474599652492,70.14522504050808,70.32553936975243,70.38951529951538,70.50365927888262,70.42956375982699,70.38164779026856,70.35138483613073,70.19771308167162
92,76.18120166870165,77.6704263329264,76.56568986568992,72.77111187423688,70.86742266992266,71.25430911680911,71.23224969474971,70.90416857448109,71.17975794781356,71.26077940577946,70.70179403929411,70.75290666123998,71.15056119094591,71.2809810890169,71.02495624745632,71.2911467872406,70.9609159903278,70.6776635915525,70.60105204249943,70.70965379527878,70.63134678372771,70.04365934990933,69.94324180248087,69.59597747931073,69.49556552706542,69.53551078551065,69.29290481466398,69.44576338013826,69.79522230642905,69.54818884818869,69.74037509682655,69.71853314509549,69.585997490164,69.53217817041327,69.40910314553152,69.23579653371303,69.34391355641345,69.63370405179609,69.87092569111795,70.20964323870565,70.23859890109881,70.08313685873202,70.25039268440425,70.42279768842249,70.60229683896328,70.72830687830663,70.66250411330172,70.64069198548337,70.64779295723145,70.65609666259637,70.55537569728723,70.51019027268998,70.58211329201878,70.79785985619293,70.95990879490853,71.0042479758995,70.93867164349591,70.85077505508511,70.79277013789704,70.71932217473864
93,76.26753154253157,72.55158984533983,72.83158153574823,71.88447675010171,70.04748982498975,71.27992385700716,72.37567663817666,71.55347985347986,71.31773899968347,71.53653897028903,71.3901011026011,71.51666624270794,72.19889014119792,72.61928636839363,73.15110704110712,73.02656949531962,72.84640672508327,72.81344966761644,72.66651725467523,72.48793981481494,72.34862273969432,72.02608710733712,71.7859620250925,71.58474257224263,71.48734595034605,71.44339583137669,71.07010826964535,70.80834950433166,70.99270802632867,70.8399820241487,70.70939219084386,70.53404812779816,70.27438641605313,70.05137886351133,70.10941391941402,70.23774829851227,70.45358105358119,70.63370646166713,70.62552283898452,70.77764435795707,70.5777472527475,70.25393409500582,70.22025655223355,70.26668424168449,70.4328387147833,70.42903472332837,70.2662319555938,70.34192369166333,70.4234799780719,70.42168162393175,70.32481475496195,70.26972230049155,70.35287952787961,70.45744603476088,70.52312039812045,70.57550102840284,70.53230646059592,70.40552160961647,70.29239107565385,70.18296788088463
94,78.79480565730569,75.9012871387872,75.18979276895945,75.07268772893774,72.94314306064298,74.12623880748873,74.59096095703234,75.8529583842083,76.64516743544517,76.40386446886444,76.77882811632816,77.39435329331167,77.50851570082342,77.35613480434908,77.29711165377833,76.94371470543342,76.5713181426417,76.39169182155288,75.6626938607201,75.80825117012608,75.87013246894186,75.39232110482092,75.19746863442491,74.88879561796207,74.5541717541715,74.07930520334344,73.73615934819608,73.4582332185009,73.48467801355714,73.34760378510357,73.3743461735396,73.21342465404945,73.02533145866455,73.13402119394746,72.931572620501,72.60029917356289,72.67352214852201,72.8244845554055,72.88968723584095,73.13253484940975,73.20860135799137,73.12326479737183,73.04139549081395,73.04128360065843,72.91887769637752,72.8577173028258,72.57926917448177,72.53792841032401,72.57744978943936,72.58168437118398,72.47480896917129,72.51194379872216,72.61956990423921,72.84152986930714,72.84861564361516,72.83116542022749,72.73180181579269,72.71247772023595,72.69166873615984,72.6576016653096
95,75.37471001220996,75.07592846967846,73.71011565594901,71.75086106023609,69.99702889702888,71.53686575769913,71.83246191639049,71.69383903133911,72.8258196535975,73.31233007733016,73.58452473452476,73.85469576719579,73.92798127798127,73.60205898598753,73.8945424637091,73.99519548738299,73.67202919629392,73.17127764211102,72.77720904826178,72.64875661375672,72.64618315987377,72.43452010952016,72.15806192599676,72.04999258072183,71.99679629629635,71.9602063178987,71.76621764723615,71.75268583929294,71.92176118900247,71.93835504002159,71.97076309294037,71.92532210266576,71.88712152045477,71.85616096866089,71.70420925635202,71.52118422986472,71.74165497915492,71.85128138187345,71.85485687152348,71.93539072039064,71.78989199598944,71.39357787274442,71.1777196855684,71.1250851000849,71.05112106000972,71.07234266337503,70.88081415235659,70.83963399640467,70.76775217412947,70.67849755799735,70.63431512206006,70.75697663269764,70.75702392471243,70.72521028354343,70.76108706108691,70.82929866925377,70.86406132853475,70.79310230797275,70.74954143471068,70.5616084995249
96,69.24068477818476,71.68987077737076,73.94365079365078,73.00978708791204,72.21169108669105,72.63173585673589,71.9055948020234,71.22058913308909,71.49641557002667,71.30076770451772,71.72450234950232,71.218830128205,71.05008805297248,70.5004447933018,70.2072978564644,69.80114341676834,69.28509570494863,69.01570880251433,68.86523118694171,69.05667429792422,69.17868722987765,68.82653966403961,68.74999159455668,68.35759797686863,68.06355209605192,68.10933752856809,68.14303878563116,68.39169573812404,68.57105174518941,68.65082688915999,68.83748440925832,69.05153658552065,68.96163265746563,69.02547807584536,68.98897057968452,68.91652817347227,69.21344132594102,69.79534118415673,70.05348311470078,70.33039644383365,70.44514949819802,70.46886434773309,70.68441129284119,70.87099104599072,71.0172538778091,71.06517868202624,70.94042055265426,70.98235102089234,71.0170429343896,71.09476943426912,70.94597807784055,70.85580640869074,70.88335224349338,70.95404494339644,70.85879666629631,70.83069873248401,70.81377053745437,70.78279853128953,70.67427188316977,70.54009496676123
97,73.07069597069602,71.01472578347582,69.8720221136888,68.98322013634522,68.12761396011403,68.22962199837214,69.42428992964726,69.97358948921475,70.16210487043844,70.36962352462372,70.49162735412753,71.0350100902186,70.8692808615887,70.33239432525168,70.11712589879275,70.10585667226312,69.97775054466251,69.63177401302424,69.2600772765248,69.32327228327239,69.52565943756433,69.18532439782453,69.11334231388592,68.81811194207032,68.74876902726915,68.58211604990463,68.5775139812178,68.60985867637663,68.73559043128024,68.80390856057537,68.7663410663412,68.76802232778806,68.53695779529119,68.41669345088475,68.35582664689821,68.30313687084532,68.4707894707896,68.724894233447,68.6974840330611,68.83675022893783,68.93302436046353,68.69160694904761,68.718026450294,68.6757085507086,68.75659849409858,68.77901459450376,68.69246854406434,68.70348928656229,68.75710703695415,68.7249770044772,68.66591072326385,68.71840160373836,68.71291707942675,68.79664337719912,68.74640489140509,68.8589322962093,68.85659742304503,68.79367412600185,68.63323813662811,68.51123499186012
98,80.60495014245016,81.26394993894993,77.68550061050064,74.53303444240952,72.8246978021978,72.36005969339297,73.10519361590794,73.68536006817264,74.26960159182384,74.53920634920638,74.74678469678474,75.0967172873423,74.97417895494826,74.63191500959361,74.36294498711163,74.32869003103379,73.78440829323185,73.44182890155118,73.05835957414907,72.66972705535207,72.1745709537376,71.60354668479665,71.0937509953814,70.74975622371456,70.4857376882376,70.25193403462625,69.95989255942953,70.0467421797779,70.25042173662861,70.33321242029581,70.54738239657605,70.6368343317563,70.38348996682338,70.17426739926744,69.96564887493463,69.74073706643156,69.74097476597484,69.90988649508394,70.04117004790095,70.34635658323177,70.50813268709628,70.66587301587316,70.8982727328659,71.1366775585527,71.43726947949175,71.62556526605447,71.6192570727146,71.77836061507944,71.99973929132112,72.23224928774943,72.3855021068258,72.56201130600179,72.67040742276595,73.02897108036002,73.19110759610774,73.40892521004145,73.3777393090991,73.25307258992612,73.16434754040696,73.02448641636154
99,75.66365486365486,74.84141992266989,74.09870777370779,74.07795965608457,72.7857773707773,73.24715099715094,74.24628902843185,74.12483465608462,74.88368380590603,74.05483974358971,73.89223600473606,73.39971552367392,73.58537342287357,73.3467305511949,73.00780932030933,72.98261186151811,72.73351827910652,72.35572287794511,72.18282833151255,72.10645935083438,72.0308535379964,71.6608608983609,71.50244133885437,71.12229132749962,70.97357264957256,70.8955380623648,70.59621301195362,70.56410020204646,70.67691290191279,70.61062779812768,70.6694885908594,70.96343498804418,71.07968713385357,71.10270311115877,71.16483807198072,71.1092428661871,71.25461464211445,71.47388704132109,71.48187948091777,71.74310007122487,71.89781051152987,71.81490081787685,71.97738769628286,72.22061318311296,72.34202844480608,72.3316149731909,72.11934604993111,72.16326015805174,72.13916880549522,72.19053042328035,72.04907377480902,72.01548147365448,72.0147008738989,72.21252845234321,72.21097624597621,72.24408186885863,72.19870723818087,72.29580429946805,72.25983630305656,72.19023232939885
