,0,1,2,3,4,5,6,7,8,9,10,11,12,13,14,15,16,17,18,19,20,21,22,23,24,25,26,27,28,29,30,31,32,33,34,35,36,37,38,39,40,41,42,43,44,45,46,47,48,49,50,51,52,53,54,55,56,57,58,59
0,62.82177960927964,61.76391178266182,63.510861823361836,62.20118666056167,61.150911680911676,62.34831433998095,63.334741118669704,63.67038499694753,64.46408786686571,64.80165445665452,65.6550764050765,65.9917573938408,65.97266366112521,65.97374483981626,66.37276149776153,66.74468451109084,66.54609728506792,66.3058155835934,66.01495860377447,65.7703874135125,65.5636180398086,65.0541000666002,64.56051609421183,64.3754078483246,64.45433251933264,64.38379512225679,64.37430696875158,64.37688364875885,64.46099427392554,64.34880019671708,64.37742083185657,64.33744149369171,64.10091960508652,63.77163102420475,63.57343842665285,63.33842267557557,63.269070444070536,63.511333622517945,63.45729796082364,63.40354446479457,63.351813261264574,63.06434034439993,62.931868368496346,62.947175972176,62.982850585628334,63.07530890003713,63.130974571134075,63.25827249525169,63.26490099092142,63.37189682539688,63.355413504433066,63.412609968379115,63.42684570844934,63.512641790651,63.65390748140742,63.713582457555574,63.675350234560675,63.71443307650197,63.791040903540846,63.85657678741012
1,68.51504375254375,67.86497252747256,67.6402964319631,65.33256257631261,62.69063695563695,61.85932370099035,62.22645938717359,62.30667480667481,63.625457875457855,63.6036965811966,63.41211658711666,63.04052621760955,63.04138763657995,62.961592607128345,62.50271503188174,62.08885709198215,61.750660477866376,61.92297743408859,61.77816469592792,61.95966091778598,61.64338260945409,61.07310652310656,61.1051275415406,60.90938199531956,60.93949552299552,60.97810122569735,61.027320844450436,61.01449375690439,61.43151814660427,61.370879120879025,61.371284316042285,61.40576064560426,61.33562687312679,61.276692343604005,61.180005232862264,61.098242266992166,61.27137783387774,61.463887817835044,61.63329002431555,61.99246578652812,62.05569887429626,61.77915758183597,61.6737308449516,61.76472011784496,61.82802503052489,62.02457220718078,62.015796595051825,62.08861787325318,62.04740692980481,62.03963848188844,62.0259671247416,62.06424286183898,62.06868141467186,62.156871335111916,62.33143643393623,62.38534744025794,62.275555609108075,62.1690748986006,61.97139244151945,61.79893416768411
2,69.79255698005696,71.68156033781032,70.16200990367659,67.40624872812373,65.22562983312984,65.73345204178541,66.9187489098203,66.67323972323973,67.91992719214942,68.089270960521,67.66703666703668,68.01230921855915,68.15699297141593,67.69861837897543,67.45796228462888,66.65165566493685,66.33792196365721,65.83087578573681,65.3666899620846,65.3059147334146,65.20657329883512,64.979948061198,64.7945223053918,64.50834138854962,64.1887824582824,63.90707613255689,63.803996894737715,63.49810708471441,63.534766606318584,63.44611094152779,63.313891022358895,63.23548789173796,63.09529976196645,62.89317316670262,62.855301761730345,62.67860605186995,62.73227980727986,62.83752396482666,62.752695725452234,62.801016101953664,62.64551455770981,62.32771927146935,62.18855737285976,62.175439722314756,62.28132410799079,62.37160431154999,62.342369175347955,62.52811291717554,62.6829127316374,62.86251251526261,62.67859676634187,62.67542001267965,62.6393387011312,62.76141165076353,62.961472508972534,63.06579688499336,63.020309231054895,62.88713571709267,62.7843098756235,62.68084825668169
3,63.91723646723646,66.0891534391534,63.35849613349613,59.74945309320301,58.189096459096426,57.906049043549004,58.119514215942786,58.15691264753767,58.67420521864972,59.53590608465611,60.82678848928853,61.61829848392355,62.40197903947912,62.18736154718304,62.193128137294835,62.42267818986571,62.66231595202181,62.89125712250709,62.853649079964775,62.98042735042722,63.306780432970754,62.91900506900495,62.962653509936025,62.90785913546322,62.61507692307689,62.68400390563849,62.679259183888796,62.66556122448984,62.66745558081766,62.6235683760684,62.558650563892506,62.5115661248473,62.44328726828718,62.37418061241583,62.20203412989115,62.148616763894374,62.14458359458343,62.33862152710824,62.61419296515433,62.899735958485806,63.03303441138791,63.12590739287153,63.23015518073642,63.48923888611371,63.66381223714539,63.873503720514385,63.895171091713365,64.05686527014623,64.27831778010325,64.31340262515236,64.09503698915437,64.0829744685511,64.14656670199092,64.2152490427951,64.23514781514757,64.23483650938985,64.17166893373013,64.05774721766078,64.03692416340704,63.88804877221524
4,69.57892755392757,70.2471815221815,68.88775607108938,68.18325574888077,66.39133801383802,66.2788173246507,67.24845412523992,67.07494467338229,67.23423551756893,67.25958994708999,67.00056471306478,66.67380740401582,66.51680989950232,66.54798643816513,66.60778286528306,66.63021437474578,66.16496325025749,66.1642989983269,66.11266172910925,66.26400691900704,66.25445738124318,65.7578322140823,65.22424439489662,64.80360470933405,64.39252299552308,64.08398668639057,63.885409412261275,63.705238131577374,63.65383334736783,63.705004578754554,63.8529287617997,63.90644014550267,63.68323204573205,63.527856933371616,63.169385720099946,63.04574938949934,63.060914485914424,63.23779681575725,63.368471817830724,63.64689852971091,63.62530065914202,63.60135327635318,63.63240894549023,63.59512281699767,63.58592106453204,63.63066637468796,63.54924098753873,63.58782305657292,63.53824319104919,63.56764560439549,63.414281225310475,63.364642426661504,63.39277075126116,63.570014998718484,63.66978253228231,63.76309896287555,63.69292783240144,63.67530560116764,63.61067263715562,63.515518077601286
5,66.80704110704112,67.4214616402116,66.65237247320574,62.3710126678876,59.46712250712248,60.3374491249491,61.624635879993,62.13825358669105,63.89062316284538,64.94462861212857,65.74526908276903,66.33918142043133,67.07817773394692,67.42166841095407,67.79280423280413,67.73562048483915,67.90526826115047,67.78283277936043,67.91310514534187,68.20968610093603,68.30249360427923,68.03259541384533,67.9605994850559,67.60914351851841,67.30433211233205,66.91178970602044,66.69470880628279,66.53876733385658,66.65085505171706,66.49594288427619,66.58811214174112,66.56767605947293,66.37460687460684,66.29720247073188,66.14982528053952,65.9575825023741,66.0027934527934,66.13991897478738,66.0374641265667,66.22216702279201,66.10374254246204,65.98234102757908,65.9009298302903,65.94953657453654,65.91554764165863,65.86056829643768,65.6995524077969,65.8792898266855,66.05896169212475,66.0837669922668,65.85780732520904,65.84472190914468,65.76831770605324,65.74650309395649,65.79349530099508,65.85865339191209,65.8515414247868,65.81919568298855,65.69146178680052,65.549099257224
6,63.04509055759058,62.07090710215715,61.274750712250736,60.0603670634921,58.532442002442075,58.60709706959714,59.46300802372231,60.2467096560847,62.06112976529651,62.54438237688246,62.31823731823736,62.463291954958684,62.68279484048719,62.63432176289324,62.96970899470903,62.90092751577127,62.67945126768651,62.80772113688778,62.921051560525264,62.94658323158324,62.92547604511898,62.453841297591346,62.25825923271578,62.3834446225072,62.54273850223854,62.61115435490433,62.44217032967033,62.48404921797782,62.72176855711345,62.70297381630719,62.63426237740761,62.447452431827486,62.320608403941804,62.20719073954378,62.04891984999136,61.93894513408416,61.950063937564096,62.102910320673594,62.071615113281915,62.20462492368758,62.36980106614265,62.344840179661645,62.514021400649355,62.71331099456108,62.78039874734326,62.87811421670126,62.78452922176331,62.79720505189259,62.7920303713671,62.70663756613761,62.511452572482014,62.42704429651546,62.44876882376891,62.60459411130718,62.73374884374889,62.846731096284685,62.735552735114126,62.716630176975,62.646587663748676,62.60373957061452
7,67.50442612942615,68.50401404151404,67.51974799891464,64.94169973544975,62.6383089133089,63.21511158594493,62.82792095470665,62.21211080586075,64.41966207660644,64.82965506715492,64.83940920190909,65.64062584791753,66.02874088162558,66.11317772835639,66.84305182471859,66.42874281389915,66.08407670760619,65.96344458011127,65.68947448750086,65.63246642246642,65.4766914743105,65.21930685055682,64.90712471908127,64.49871137735725,64.16662800162804,63.931002864656676,63.78021205474916,63.660221161114144,63.73260529381236,63.632933794600596,63.4703413223576,63.276404946326956,63.18399054649074,63.04860078646852,62.90317780103502,62.76989878691271,63.059672997173024,63.34643606880453,63.25445952433138,63.408171423483964,63.42394626601946,63.31448509603273,63.424871865860275,63.59792580105089,63.6430069416182,63.74246208702741,63.59062924860813,63.66580189679162,63.75307845971122,63.671746540496606,63.453283834901605,63.30516352415409,63.29147929289461,63.437420955245216,63.47470890220904,63.54281380821582,63.54207027540382,63.57970945083039,63.523040879397094,63.413714048297685
8,64.78711334961335,66.56802757427756,65.99709842626505,64.84021545584042,62.65894281644275,63.66492250033915,63.56994447351593,63.802674119861685,64.29657215212775,64.8330784493285,65.65600094350098,66.49092431488273,66.80836659778974,66.78463609802895,67.0808977750644,67.38742146164016,67.6339073236132,67.330282808755,67.05000937171982,66.92274089336573,66.8257909859099,66.38657546157533,66.20881288598666,65.94731400929311,65.75842673992662,65.76473145800057,65.55625876181418,65.35075186057318,65.3634424164595,65.38443460860115,65.43556543516212,65.38357546677841,65.0740384615383,64.77018512533202,64.65494825280531,64.53467177113,64.69522929522918,64.73481352955022,64.84089793160292,65.13095797720777,65.22362426417286,65.07051693896915,65.20341123131804,65.42338714526191,65.42688271604912,65.47016532179559,65.32556709445,65.41596628679957,65.5194884669374,65.46304548229544,65.39322483979346,65.3174294010832,65.21001393784412,65.2834611804519,65.39209355459354,65.45506524725275,65.49086373340752,65.42225327354627,65.29692223187978,65.14599859245682
9,73.29071021571022,68.81519383394384,66.38945699362365,64.91577762515259,62.3121408221408,63.5171703296703,65.47961727426016,65.62158501221005,66.75351433545885,68.04934523809528,68.50070670070674,68.60281678198342,68.97678727967181,69.02839372928653,69.20219508886173,69.3219067969068,69.40121322033085,68.92158006602449,68.40236676091939,68.22209452584457,68.11903066069733,68.011189042439,67.79811983507633,67.44083528354356,67.18735897435884,67.03846212548119,66.74289727761933,66.59833584074637,66.60808088782215,66.57928062678057,66.74378339700917,66.8327675073768,66.55694429027753,66.27731690966975,65.9852203616488,65.72639793334218,65.80945794695776,65.9454705138914,65.76112193836529,65.81013418294643,65.65137176509106,65.37598649146251,65.36214635923918,65.34427412864895,65.32803011802997,65.39015822140804,65.34931621766711,65.33385024504807,65.46589523477274,65.55609768009761,65.52698682036912,65.43004690288339,65.35048686463772,65.45449038273104,65.45424316424307,65.46529394877598,65.32746083513615,65.27766225632595,65.12526903416727,65.03610678673171
10,66.4983923483923,68.18705993080987,65.89743759327095,62.24068986568987,60.56303215303219,61.28708112874782,62.20630995988147,62.69352106227116,63.931393863338386,64.96351037851052,65.96858465608481,66.53701414326429,67.30057684480775,67.62444582533878,67.66879833129852,67.85217459045609,68.10443301252147,68.21731221453469,67.96868078315468,68.18613807488825,68.44065667577587,68.0211839086841,67.61962494027733,67.12622757258195,66.61526048026073,66.42987069910173,66.51967488958257,66.68797386475983,67.04199858251599,66.81835520960534,66.6148671668835,66.48738505418208,66.19168254584939,65.884263299337,65.62522312343756,65.30487185139974,65.35394061644074,65.49848606559145,65.42407368272762,65.39885594729355,65.25835331109734,65.03927965773212,65.20853647859468,65.20086221648727,65.21623535929088,65.19000106174002,65.15127782973512,65.38550792378906,65.51373917088193,65.62826953601939,65.5178826801374,65.47614048166916,65.44326692699309,65.5498964598499,65.55614246864228,65.58973723036212,65.60754450228114,65.56677113595192,65.47817460317442,65.34011828449307
11,71.04916056166054,70.08113807488806,69.26194037444043,66.94600885225888,64.43538258038261,65.00320512820514,66.16102098959237,66.52527536121278,67.60064046036257,68.42533526658517,68.61866328116321,68.45504383733551,68.27323228765543,68.03209597941745,67.94389058472393,67.93280168905169,67.16371770930596,67.02593101343103,66.71151489835702,66.60043472730975,66.53612806946143,66.24123538498542,66.31905978482067,65.95036269671687,65.81164468864456,65.75953965905876,65.8552778154629,65.76208009913354,65.76924480372745,65.77119759869748,66.0088749064554,66.08142472400264,65.9077490410822,65.70891929421325,65.5195187220186,65.18653916813625,65.20771334521311,65.20892134181584,65.15380310572593,65.33789491758218,65.4334912941618,65.44907177258351,65.72821222704931,65.95509606134598,65.87306765251205,65.90608985418757,65.8597605408774,65.94739265364258,66.12778193084313,66.16619607244601,66.01772845890477,65.86419061707502,65.83382326967212,65.93972446449278,66.03806499056479,65.99783190519778,65.97937721797348,65.99274521774495,65.96850273862964,65.97947446072426
12,70.27234940984943,67.21030728530732,64.42923110839781,61.07716091778595,59.24312067562068,60.17850020350021,60.80234824699109,60.88613082519326,61.61363168724272,61.78487077737073,61.849974099974034,62.168316290191285,62.53302690898844,62.49658519390662,62.50930674263999,62.792328360297084,62.61766202207372,62.51377357210684,62.53044684360466,62.60574837199837,62.87267525243711,62.41980496355488,62.2441042451912,62.0239212369421,61.85152869352869,61.8439572179957,61.85673397247461,61.56611430897138,61.69069039198352,61.620503323836644,61.54425095513806,61.48800906847785,61.40662778579439,61.38605365223007,61.233830019187046,61.135355616605445,61.30217896467879,61.510378242614905,61.44416293582943,61.769001831501704,61.715137809345045,61.520112724576975,61.43552853262155,61.4486782893033,61.312057274001724,61.306600374263404,61.24466407312151,61.31477570461948,61.43086412831305,61.58633770858767,61.46865538238082,61.4628178712313,61.46667760960207,61.539284583729,61.54199541199542,61.55454150677368,61.45161738034546,61.47577268676395,61.391355811482825,61.33359042192364
13,66.79421041921044,67.1426002238502,66.23492402659066,62.444480056980005,59.52444851444841,59.959386446886334,59.87205070062206,60.252847095034525,61.03365384615387,61.44549145299147,61.969609094609105,62.42393162393165,62.479066090604576,62.51258721437297,62.49621523538194,62.631876399063955,62.24464614905798,62.47942584678699,62.541928271533614,63.033998270248425,62.96896403860705,62.65266030266045,62.579617242660845,62.47378832587184,62.47891330891344,62.36581333552504,62.327904023274485,62.32401738473181,62.54436743014347,62.64757783882802,62.67541963711341,62.671326821327064,62.56093782760472,62.56347246163438,62.48927960927978,62.32639694410543,62.605855855856014,62.89324740805018,62.70734714003963,62.63930034086298,62.55999831243749,62.39514022133083,62.31915268194354,62.27011842324358,62.27957988513563,62.23477829537628,62.04883831692357,62.06756058370659,62.06951431976965,62.02816157916178,61.93373813913049,61.96936245734337,62.0695934219521,62.14640727927786,62.20356116106135,62.23428733138578,62.265302322758586,62.28937983312994,62.33587958651529,62.30269620811297
14,65.76494708994706,67.09339896214897,65.41645468728802,64.64476622914121,63.34595543345537,63.77668142043138,64.52213718820852,63.909419515669406,64.64295267489699,64.84281898656889,64.11164113664105,64.07021901709389,64.43302690898834,64.47886832083256,64.46706213539542,64.51835794413908,64.03831579640388,63.75797042463699,63.446203382387466,63.61249262311749,63.3946527898908,63.01747627372621,62.94400537063575,62.50263596357336,62.21060622710612,62.109960160921545,62.04790244049487,62.11556049770325,62.32840669866524,62.17890109890103,62.2042088437249,62.10558051612732,62.132826124492695,62.09777107424155,62.18583100761664,62.17993473861524,62.371442321442224,62.67905340273749,62.71469336693677,62.8802781593405,62.839873134994946,62.694994864042364,62.68064192482787,62.7698406917156,62.845218536607334,63.067121555980094,63.12502727768659,63.189485186880724,63.33514386218433,63.303830993080695,63.10987704198458,63.03293425769353,63.004644508181826,63.13914382942123,63.23506808006771,63.249516141926456,63.14844143835329,63.07388188918324,62.98331479411944,62.89542667209299
15,64.7228428978429,63.029494810744794,61.37779982363316,58.93081756206758,57.08342389092392,58.52800332383673,59.04211436711443,59.644660663410704,59.9260955094289,60.986978530728585,62.076667314167324,62.38445004070003,62.44837786857023,62.22824364788661,62.16270655270662,62.04489882224267,61.959709054562154,62.12346329082454,62.01066608829777,62.440918040293106,62.699726243773924,62.26833097458095,61.957878997009395,61.72502840523669,61.454496540496486,61.242386939983035,61.18857026032944,61.23683680737245,61.72424406691638,61.73020773979098,61.784921127259736,61.8723835915241,61.75161042661034,61.68800590749116,61.66156041048891,61.503004595712866,61.63403499653494,61.88892195767196,61.920990002400224,62.02470009157503,62.081412986290985,61.88976830048253,61.819599435878466,61.895619426869374,61.78213991769538,61.88312717877925,61.78112362420865,62.01227954144618,62.19226180093531,62.408629934880004,62.606204262331666,62.61695861118929,62.799419448475966,63.05509259259252,63.31497955747952,63.58864986699802,63.74798124227941,63.910499470197664,64.05291332960826,64.08149284357617
16,73.96695156695162,67.43725325600326,64.986685999186,64.03026175213674,62.94495726495724,63.615020010853335,63.93504636897495,63.568929334554376,64.57381743770634,64.91230514855516,65.06593036593038,65.28010319156158,65.70781401646796,65.66586429443578,65.89048806132146,65.55992413258042,65.30635130120424,65.05751509293168,64.65097680097672,64.73358516483509,64.58485546640298,64.03578157953143,64.00362761232306,63.750616436032956,63.85451933251911,64.07395119125864,64.3670114864557,64.64609352287896,65.0197414494826,65.29298280423257,65.45398269591803,65.59666068884806,65.44619254202573,65.27009310134295,64.98575367753924,64.8736084260388,64.96502945252928,65.10403613199654,65.11498270248258,65.40602004476985,65.35382431479974,65.17675506812395,65.16938102810181,65.23772870647856,65.1745224528557,65.11825916635685,65.01160351665662,65.18346635039326,65.3287338134275,65.2640192307691,65.04045434413067,65.03818387808765,65.02367446494803,65.10375533245903,65.23420533170531,65.31860864003717,65.33540180579651,65.36883894362335,65.30764376082155,65.14554402387716
17,74.97314814814817,70.14240435490436,67.32041954958623,64.37734152421653,62.539483109483136,63.69283594491926,65.34878917378916,66.17444673382175,67.75882738660515,68.46848494098494,69.0968647093647,69.23296872880202,68.66783757552989,68.05429312750736,67.51606566273225,67.07533259564505,66.82408335128915,66.87139211097538,66.65078722447137,66.41278210215705,66.33767442874577,65.66671522921519,65.11185322326624,64.69596391263055,64.30990415140421,64.17685693935705,63.945078121467084,63.84430944386303,64.13916361416365,64.00420499253829,64.02255126892216,63.94611107931413,63.787868458701666,63.704462340491666,63.436158788301576,63.282602569755234,63.32827910327891,63.362277220829675,63.31387362637345,63.581685490435355,63.6593447541617,63.60514080275971,63.6791348401812,63.87533855033841,63.90951465201453,63.95083025871064,63.736034473800345,63.7531930453804,63.789088132200185,63.81608781033765,63.58938816267229,63.563866973482206,63.53642010505213,63.69495536185352,63.60549071299069,63.542174417844045,63.42208619840195,63.40284768711492,63.35465032456556,63.38954382037715
18,68.22907509157507,67.21379222629221,65.99446988196982,63.909321581196544,62.24524725274723,61.82177113010443,62.34821355892778,62.641401480463934,64.06175778953548,63.99609381359375,64.02457126207125,64.36188568376072,64.11012413512415,63.698806980056915,63.61410086826743,63.913532445563575,63.760266884531475,63.50094090580195,63.194474433948066,63.114890109890055,62.95576898850702,62.58628177378175,62.404317301056444,62.269480904897605,62.10977024827015,61.82864871951403,61.75526010340813,61.670199393860045,61.81862044405142,61.72916276624603,61.738391954520885,61.799940380799704,61.642316325649645,61.61950983384808,61.45342171056459,61.47360969791533,61.70916122166133,61.912443635799065,61.84814332154091,61.998209071021705,61.976436785888126,61.77774858518911,61.909562971481684,62.037029637029775,62.051770790937574,62.151200540602844,62.14915785554097,62.34912293532092,62.45221026139392,62.5914233821733,62.34570175648602,62.41400110751068,62.53229749809937,62.71580075445815,62.88661995411995,62.95231817620212,62.901705028240094,62.900305864314454,62.884119223526,62.86639999660834
19,68.04384411884415,65.52695614570614,62.819419006918984,62.12586869149369,60.56422262922269,60.23621540496548,61.111263009477334,61.41370255901506,62.63126893682444,63.6031425518925,63.80767057017053,64.02820979175144,63.778815237469026,63.30698914181047,63.41071191154512,63.605709452584335,63.149521175991616,63.27837414642955,63.38732782811719,63.53159315221808,63.59765029943595,63.12845002219999,62.78709852948981,62.54257203059285,62.33451343101339,62.139023903446954,62.15556365787857,62.080202700738475,62.281248508834786,62.11826533034875,61.945740937676476,61.96379715481281,61.68406238822905,61.588877965716186,61.50740697133548,61.32719384524929,61.35485939235931,61.55672648501593,61.62000485269712,61.77780156186404,61.612526802465794,61.565305880186834,61.50298672042857,61.61462426462424,61.573037014425886,61.49487234786142,61.41560251214503,61.40992222476599,61.424139173373845,61.42681980056969,61.267773248900646,61.26748536363914,61.34098599688211,61.44831905063369,61.52363414363399,61.58323539886023,61.62926538211608,61.77646002624428,61.839800673275,61.84308489350134
20,72.88677757427757,69.85016025641025,66.60650183150187,62.68941035816041,61.12584859584869,60.31950210283549,61.308778126635424,60.847743055555654,61.546528060417025,62.051512515262615,62.506628556628684,62.53907500678341,62.61132204689912,62.43600354671793,62.25724257224262,62.339249147842956,62.23635590988537,62.383751356668085,62.262575509286094,62.381115181115234,62.339674787293866,61.92726185851191,61.703391153934646,61.49754973036227,61.36185551485551,61.375095488557044,61.455877010506704,61.68995108727261,61.92582119349368,62.06507444715776,62.15000689274877,62.14984499007933,61.920165482665496,61.62041900093377,61.58040394790403,61.4341507258175,61.605780780780876,61.90090356767997,61.90748645940963,61.91196861009375,61.80975311950942,61.52252081031861,61.38570635867165,61.42787074037091,61.51763317957778,61.597867561182916,61.53086048112655,61.585845818918784,61.66271087189458,61.72723748473754,61.52617641073528,61.44035330766101,61.50216574131675,61.58624234989979,61.69047878047879,61.736926202104776,61.71685552913626,61.65845148625326,61.68154658430089,61.50644663207177
21,62.51885429385433,65.02838827838828,64.2247795414462,63.94207875457874,62.38710419210418,63.375384954551635,64.97441348334213,66.0125769485146,67.13768201962662,67.13632733007749,67.16977420727436,66.83214285714308,66.05173757866086,65.64578718239456,65.18117250033941,65.15648561507965,64.61253920371593,64.52894592547398,64.21842962106146,64.54570818070842,64.4817668662909,64.06582399082421,63.86802746367982,63.62614956417049,63.481578551078705,63.51060627406803,63.3240380846864,63.19660227338818,63.27827951103831,63.189339472256336,63.159905536518615,63.037456915191434,62.80901629234982,62.599902888506016,62.34255988720289,62.145488089585406,62.23321137071151,62.298494098494245,62.346354346033955,62.64627174908437,62.68526236636005,62.47815074035328,62.57090242875136,62.63484825359833,62.62001175778961,62.749295159349586,62.714550697529525,62.705700655440346,62.776819769421905,62.73077146927157,62.50174102404511,62.48748845527711,62.5392256241315,62.81776961892735,63.028425000925346,63.093911164893726,63.09350602289245,63.142560576397294,63.192244055380144,63.189345916429744
22,64.66905779405778,65.64286223036221,64.2374626916293,62.941634869759774,61.04872914122906,61.00846221679552,61.2929065643351,61.27639779202273,62.34466264188477,62.94588166463163,64.16610149110144,65.29325269637765,65.83093203093212,65.51578180417474,65.42312711979385,65.57939942002452,65.65857932916762,65.65860862388645,65.26143135616825,65.18217389092392,65.18846444560731,64.94876674251682,64.74358642565177,64.35403820716336,64.12875376475387,63.82873735950672,63.710799454318106,63.63693565032862,63.78918168357843,63.79141788766803,63.74146923864685,63.745809167684264,63.719210110876915,63.60432213483702,63.357805686377255,63.255958740333845,63.25148623898636,63.40045385900664,63.56145314799177,63.718375814000964,63.66553537925507,63.482967275229306,63.513380493322515,63.472211122211306,63.49134558856801,63.48507414485698,63.288463053888755,63.283271329365235,63.340378178133435,63.31049216524232,63.213358391789946,63.206205973513924,63.249954980379826,63.297434861092604,63.32709891959918,63.27685130676229,63.2764690394079,63.2279531212724,63.146209463794484,63.05127111314632
23,72.0581857956858,72.12532560032564,70.94220085470091,68.77265847578353,67.28057692307695,67.79611145027809,67.13734083376936,66.55531262718756,66.543008637453,66.736166056166,66.83144540644535,67.08832120811279,67.54256715506698,66.9456654456653,66.4198646723646,65.98197719525841,65.35555525629051,65.33242266992262,65.20366621682403,65.03045914733406,64.81751482644331,64.20013481888475,64.13217758489495,63.59825477377559,63.40024135124136,63.06411078237997,62.87379181175479,62.71822198965053,62.94086126198192,62.71742368742369,62.717809714180724,62.660680580993095,62.665968753468775,62.470359746462705,62.342648264433954,62.24250285465561,62.285902660902686,62.502006083584995,62.49503342099494,62.726027167277145,62.677005345602836,62.61496380603514,62.57344866589047,62.60105103230098,62.65421448921446,62.71163733609385,62.706154149239296,62.89813034188037,63.06451911655991,63.14574694749705,63.14780957967244,63.23819434660784,63.35245217745228,63.5062915479583,63.61797332297343,63.683957733734665,63.676883269427286,63.51336189353447,63.396036229934786,63.27203881766405
24,66.72695868945871,64.55446937321936,64.3873388956722,61.552856634106604,58.89356939356935,60.058206993623635,62.00360050002908,63.11075117012617,65.46253730837064,65.73324837199834,66.23372414622406,65.98787859517017,66.37531855608773,66.41645190127333,66.70684540767874,66.99044979904359,66.9239199525965,66.78104706507492,66.28234689287326,66.13186304436303,66.0893944899897,65.68043114293113,65.30305029109375,65.01662914631655,64.79172547822536,64.50518044989185,64.25143957551349,64.2095830426186,64.42801004869959,64.166519129019,64.04313285281015,64.06005354599094,63.791834862668104,63.47439937513454,63.282038199895204,63.34862510175003,63.70127242627235,63.97440583295841,63.9957409755486,64.02282483719974,63.942187081211394,63.6164114434947,63.630618735269834,63.57179255929254,63.587495703884585,63.466515036895444,63.25044531906233,63.259837750983635,63.215693395795455,63.26071754171755,63.16941890716407,63.131487058169846,63.2020499765783,63.32306637121446,63.4107794057793,63.44944255479956,63.37358424551396,63.29842839950586,63.182142081082574,63.06839540089517
25,61.34982193732196,64.2647817460317,62.89100020350016,62.08675213675214,60.07191086691081,60.94824311490975,61.71423556602115,62.12544770044757,62.76923585673573,62.96998575498561,62.83500018500003,63.18959901980727,63.042061926677206,62.748167771381944,62.61719576719563,62.82684962606825,62.70621782901182,62.48769699950242,62.20011888696082,61.96104497354487,61.98100349826531,61.52895969770964,61.47551052007568,61.42119157848321,61.36247680097669,61.49177037350107,61.50661111864803,61.38985369788935,61.468609918178736,61.48077279202263,61.479568579568415,61.58138450091565,61.60724584057901,61.42076061193684,61.29696261410518,61.025843677926694,61.3240827365825,61.65506220144349,61.63950930361156,61.77681649369118,61.672372117493694,61.54006773649592,61.61458528551518,61.75815157065125,61.75161952245256,61.935781086867735,61.92577037816371,62.06710122439275,62.13285168157603,62.192718355718185,61.979370166869984,61.94220310494332,61.842029703350256,61.91417011486431,61.982704425204176,61.96876489912182,61.938350952166466,61.97515604606105,62.00971618619905,61.94662274453924
26,64.77495421245422,63.48445767195773,60.750830959164304,59.13464336589342,57.54362637362643,59.01887379595715,59.86784769463346,60.62158374033375,61.92797732103288,62.39522486772483,62.97255799755793,63.76090803486626,63.54395447856978,63.386197235304294,63.546378713878674,63.5195757656695,63.21778083028079,63.23005160991275,62.95145502645505,63.1003444240944,63.356483419578616,63.03567543567537,62.56250752065962,62.27837237993478,62.12100101750101,61.894874338624234,61.72910731244059,61.67214082214074,61.83103062327192,61.760609483109384,61.69305391442482,61.779581139346654,61.57170483837133,61.50311056046331,61.333626082911636,61.28073715122312,61.317978142978,61.59776109611622,61.658283501873136,61.9623569139193,61.948257715635684,61.869420460491874,61.9322399929958,61.94189618252117,61.83762797901693,61.86417876608101,61.820532954043635,61.82934483533447,61.85740408495515,61.946645197395206,61.843436619662086,61.783149106947185,61.81677475215212,62.11356093323688,62.304665519665605,62.3238110682308,62.316294029232644,62.19397349936142,62.09719462897426,62.011292565459236
27,71.51322242572239,70.95787291412285,69.1516737891737,66.26002874440366,63.39551383801382,62.81162070953736,61.92910561660557,61.04406415343913,62.16716693800029,63.064525844525875,63.24080271580272,63.815035273368565,63.83816841989918,63.87070142159429,63.8563685388685,63.57625915750915,63.22310475472233,63.24178537511864,63.18883881712819,63.434041259666174,63.55001259763156,63.322143365893304,63.211794163968015,63.156031237281084,62.956384004883816,62.743837270279386,62.374930282337544,62.08866267660894,62.327262711745384,62.18526302401287,62.134117137342784,62.216951248982305,61.96966906550219,61.73305097680078,61.58433542647805,61.458818342151496,61.581876931876785,61.7987516869094,61.970251270571616,62.269493030117914,62.227317544695545,62.14596754656272,62.0228065754228,62.080713036963004,62.17736128069456,62.289043615402235,62.30064925224488,62.48605080297783,62.70261373169532,62.839630647130676,62.8092309288389,62.86138133590068,62.99430141835809,63.15498584919891,63.21214553964564,63.187468021396626,63.17016803047506,63.09442926964474,62.99812512503191,62.793882275132326
28,63.09862637362633,60.84426638176631,59.33114740198068,57.96114290801789,56.79316035816032,57.72501611043273,58.798289871504124,58.88813530219772,59.99164066386284,60.06410612535611,61.25557821807822,61.79039182268347,62.206263110109276,62.29361627129483,62.8270645095645,63.118905486874226,63.07835326438262,62.89644524713962,62.620459267827606,62.71564814814807,62.773113020136805,62.44864209864205,62.37496792659833,62.20498575498572,62.19319332519334,61.98173018221094,61.773437193807574,61.79635789144719,61.99646137706485,61.99476393976388,62.050754591883546,62.13386720339838,62.110927190093804,61.96191688213739,61.78731292517,61.67074317143751,61.73588423588412,61.848633067711894,61.94655301962978,62.03112141330874,61.90806084159727,61.79126342132281,61.78604177906491,61.905356564731385,61.87348290598272,61.89271767885879,61.80704457087414,61.80825617283926,61.8628367097752,61.81225773300757,61.701304595912305,61.62243540825256,61.620567151227405,61.71198851731246,61.84434990934984,61.983797477324174,61.884825221886594,61.84384332940362,61.741207497775235,61.60668701668691
29,68.13095238095238,66.34739774114772,63.96511328177993,62.157717745217695,60.2866249491249,60.49629205670869,62.159702598988304,61.995844780219706,62.726854112965135,63.305279812779716,63.54392921892913,64.09647308709805,64.59474343320495,65.06588973196122,65.215400217067,65.3331775284902,65.31758151978758,65.23977835436185,65.03237099158171,65.08847629222649,64.87068773378316,64.31972656972673,63.93975044681584,63.51402688746457,63.25890008140018,63.00711331047883,62.86502302567134,62.940086451247296,63.10374352658855,63.119977445394326,63.0165399713789,62.994305650946465,62.966222357889194,62.812711580358744,62.621943426943524,62.57686881020217,62.7663814913815,63.02815867125076,63.15125583106356,63.298016508954056,63.43693801681615,63.37718169176507,63.634474590870006,63.71439521127027,63.783419933975544,63.80920982198162,63.5318876159302,63.53610411579159,63.67141943468477,63.892002238502194,63.706893768903576,63.57119963369964,63.459801798481045,63.59847280634313,63.68611508861502,63.70901469562173,63.66881939535434,63.60662217731169,63.51681118630259,63.45275505358836
30,71.66257122507122,67.68461029711027,66.63235822819156,64.39242852055351,64.15779304029297,65.29373643331975,66.37386185243325,66.42518505799754,67.80668159001486,68.59770400895388,69.34906852406841,69.56049128340783,69.3749268181959,68.77492259724393,68.49571123321115,68.24202469983709,68.07813689578377,67.62505539727749,67.47662264635939,67.4300147537647,67.42529023005204,66.75325207200197,66.33645020438495,65.91855285917785,65.55758506308506,65.21157485676717,65.04010103408251,64.94933608058606,65.16870675620676,65.16749135124131,65.05107050953825,64.9089086983618,64.64266412599743,64.53477519212804,64.44424501424488,64.23831866436024,64.31814383064373,64.53819136516495,64.63684045062243,64.86992623117618,64.94762016438843,64.95266633719012,64.77668585720907,64.76989792614792,64.71597860986752,64.64261095185007,64.47374187081638,64.55256261870854,64.49549163987943,64.49700356125368,64.3746519547992,64.29914050515028,64.16047546094731,64.26629452509097,64.25768768268786,64.23080865893388,64.3050933958831,64.31095638078418,64.23529400605685,64.1257985687154
31,62.86733312983308,65.37173890923883,64.95230124813457,62.79082850020349,60.55537647537643,60.41072106905434,61.57874731089021,61.43623321123326,62.47111597250491,63.150170431420534,63.99271978021986,63.73035883869224,63.72998614633236,63.4598170678529,63.52436881020224,63.76483929843316,63.53335368335384,63.07293277709965,62.76867810552042,62.818533526658726,62.53288902455586,62.08570434195453,62.223722372635564,61.90758462216809,62.09357041107052,62.3605287874519,62.31108020922831,62.26445832606547,62.54821709261373,62.48768806810487,62.657471739730006,62.73906758750527,62.667256663090185,62.63572206660463,62.62412509448245,62.640047850811946,62.9138879263881,63.3363420570659,63.70888474061568,64.04620980870996,64.19794080129465,64.18386182820727,64.41505215284299,64.81857633107646,65.04096990458115,65.30145137672322,65.25950432546188,65.23223877781177,65.19585129534117,65.14323443223451,64.91965213435815,64.86961174509266,64.9641131230755,65.17362307616953,65.33189837939857,65.51902654224094,65.46780992723986,65.41898911273933,65.21396063133375,64.97573158323183
32,66.11178266178268,68.60351037851036,68.04912834079501,67.02320538258036,64.39873524623523,64.93103717270377,66.50587170765739,66.76746095339841,66.93271096187758,66.56610602360598,66.74900701150699,66.74729259937587,66.80381249804316,66.56831683528101,66.7332811016143,66.44389086029697,65.82601151571723,65.66467208203298,65.18714896214881,65.22602767602754,65.10856469368363,64.76120476745469,64.3125384880819,63.977616461470504,63.624661375661276,63.431827431827294,63.14917525889745,63.22172037618463,63.61578933518587,63.58339353547681,63.70523028345603,63.769289911477365,63.53162053995393,63.37310086427728,63.16539827896966,63.07778781146837,63.19952218702218,63.19815859092173,63.27115228076765,63.51161744505494,63.485583499607856,63.190001720061176,63.09960471268604,63.12711593961584,63.13081117442218,63.19196052538435,63.17914739909415,63.29240170516206,63.2832850539482,63.47096214896202,63.41840180516639,63.4025351429197,63.3806958939034,63.475743717873335,63.48382931882926,63.63497250930279,63.618076976629524,63.60024420024413,63.53715051426907,63.42056089743576
33,63.65233516483517,62.02158628408628,64.28952991452988,62.600694444444414,60.56081298331298,60.42499321665988,60.0537640269783,60.150031160968666,61.67707117984893,63.21911579161579,64.1590206090206,65.11716312237145,65.74036152593843,65.50335884353741,65.58834011667344,65.75765510531139,65.1344073954368,65.08934704698589,64.89568418910518,64.98795304232796,65.13127943485077,64.87050958300951,64.68891056608446,64.43498740842485,64.31864997964993,64.09677823956662,63.847985536411336,63.71145397261453,63.77992716096158,63.69116469949802,63.617262725327215,63.71054766992258,63.68895934312591,63.57815874212921,63.40528402814104,63.18814229751711,63.21385025135007,63.414806246385,63.56627492877478,63.67564967439952,63.45399083752729,63.20869054886901,63.05679394894499,63.09199596699584,63.11875785736884,63.2925134044698,63.20638655080149,63.27127107075017,63.436307862583355,63.39357458282464,63.220416257671154,63.14246638333167,63.08258614202004,63.17604680127831,63.184269249269356,63.12897497674294,63.05597621189736,62.98719159193319,62.99623895407805,63.00881461131478
34,74.06113146113144,73.48016890516881,72.00694614027944,68.63515720390716,66.62654151404152,66.79358465608465,67.65661521018667,68.26284213471719,69.28152953014072,69.91811151811157,70.04705294705303,69.99276302401309,70.1465721956106,69.798910910518,69.11033204449858,68.64928138990624,68.09997725585951,67.84311943200821,67.38108385279423,66.89690170940156,66.7477285501094,66.16372423872414,65.71420188104959,65.2576677180843,64.97268091168098,64.89855025672335,64.79306215046957,64.73522170620382,64.84698012715243,64.65177842219501,64.64145266322683,64.42720861314608,64.26362356779023,63.92953176997298,63.5483735973022,63.413955309094185,63.44205015455016,63.566343743975295,63.69085644886919,63.95891025641015,63.95981466591209,63.956845964881545,64.21987392452495,64.49361957486944,64.49590659340649,64.65210279857003,64.66832984785094,64.90303628662983,65.13355791034343,65.22659839234822,65.24678280143952,65.29746006308481,65.40998706045855,65.53007864905989,65.53810735560707,65.44361636214286,65.33284662867963,65.15809886952093,64.96380541931356,64.80847044159509
35,68.6738298738299,66.62595136345142,66.73504782254778,64.93035968660966,63.58319902319902,63.26671923755261,63.35003270538991,63.66972998066757,64.27634479717821,64.5943192918194,65.46541606541624,66.53398792565473,67.22576469114938,67.95184167684181,68.11901980735334,68.40124262311781,68.3665738945152,68.48465297562532,68.2841320716322,68.30125661375673,68.40913013353499,68.30193787693796,68.2061737980217,68.18147088251261,68.19773992674001,68.08700788171944,67.80072619424475,67.35426187569043,67.18625935048351,66.86026895943566,66.65735882993953,66.42706361925114,66.29538517038519,66.07914841150135,65.80126286411999,65.57131014561567,65.5420424545424,65.77456301008931,65.8741569090928,65.97223544973546,65.85555803726537,65.62397111266162,65.52850576426168,65.51543803418811,65.60460034821149,65.73330667923064,65.5607080075165,65.48782634225343,65.35634318440432,65.39746204721193,65.15401962779407,64.99293110735412,64.91515011019723,64.96335498349377,64.9914175639174,65.06142235740433,64.9529037158422,64.83654951370454,64.77517987348477,64.59930419888741
36,69.05281847781845,68.53432794057791,67.37900386650384,65.25627162189663,63.22400590150592,64.3697429114097,64.18513067620219,63.220861950549526,64.09478869895541,63.675425824175875,63.425068912568975,63.63852046872886,63.48659051062909,63.003248008605254,62.83932302265652,62.980503726597696,62.85304262730757,62.663538416316385,62.38751901120342,62.55594067969089,62.63678726476372,62.545484607984925,62.53983804038188,62.68508703873325,62.573022588523,62.500112512132176,62.5372931081269,62.6798278606319,62.99387552103111,62.78881919006958,62.56335617787271,62.44508928571469,62.24929191179223,62.162227818478236,62.10371954764854,61.93348044702252,62.13047264297309,62.452782329756495,62.56981113615775,62.7392461589341,62.72289588234755,62.41727583483581,62.33512626477786,62.40719280719325,62.4184338398232,62.476328502415875,62.398781704899115,62.5836099664229,62.772430913757916,62.76993060643105,62.73405665685112,62.744781980840074,62.65084625367679,62.64839856645447,62.83742257742292,62.878600136636216,62.76384345836137,62.724063197339376,62.732516573194836,62.64704008954035
37,70.64578245828243,71.28548280423276,67.32525267941931,64.20193706756214,62.055679690679774,61.77400878442554,62.86664777021931,64.72749542124552,65.90262119567683,66.12391636141645,66.59616818366827,66.98934464455311,66.84420807113125,66.45522305075882,66.03049586216254,65.81616141381767,65.05507792860735,64.99379522226747,64.90580698541227,65.34067638380142,65.30289115646266,65.13680624930635,65.23947749110809,65.19333218864487,64.91656267806285,64.61914115087207,64.50896531452098,64.407133045526,64.42353058818588,64.23937779812788,64.21622996179453,64.15246251144694,63.96626336626338,64.02579649381124,63.949152421652464,63.735710187446344,63.821672496672555,64.02956710686976,64.07344387568747,64.19296207264965,64.13331596136483,63.92791950113387,64.06383635744105,64.14957114644625,64.25047539908661,64.31375672435462,64.2647046216196,64.28622282424382,64.26565155366191,64.25160795685802,64.13952422849488,64.04283796687643,63.89040275761982,63.922412721023846,64.15689643689647,64.16119069422645,64.1642168990854,64.1698126745541,64.08880326359142,63.962671788088464
38,68.21447395197396,64.3452966015466,61.66291208791206,60.115513074888064,59.070693935693924,58.749209740876346,59.284733124018786,59.14496909340656,61.04220876859762,62.609626577126555,63.470163632663606,64.06536850495183,64.80315934065932,65.14655684923537,65.49539682539682,65.93523319851441,66.03409376571135,66.07179911138239,65.60154392391227,65.1910159747659,65.03197303137772,64.46385952010942,64.3715723487462,64.3248463149504,64.29548514448511,64.05517007920865,63.7735828471941,63.58646360253513,63.689000989432124,63.66204653371334,63.75702912678731,63.68521109966434,63.53771521688202,63.45646382484638,63.28886098028978,63.18755327748405,63.42846651596673,63.35140602574837,63.24506772904233,63.40200218762744,63.30237611304708,63.11012510417298,63.07938448287313,63.11150666463194,63.112071632071924,63.20988325281833,63.02794479948758,63.09550942884294,63.151835447243826,63.19923616198631,63.03380846640664,62.94661866801308,62.86112829343983,63.05570394112082,63.19466422466442,63.228070036775655,63.19946063520651,63.20776888341566,63.20147003028383,63.08372117080468
39,69.06111619861619,68.55504426129426,66.67961945461944,64.7168281949531,62.796866096866005,62.96210741419065,63.44208674922954,63.508829365079265,65.01409465020569,65.80493386243377,66.20242488992484,65.97503094898926,65.73089759243607,65.45256991685557,65.32474935558261,65.06251208282454,64.65519344489923,64.45984997512765,64.05005435597535,63.98351699226693,63.60787691144832,62.932020525770525,62.800430004777844,62.47267712996887,62.26896255596254,62.167187744591686,62.14234669651342,62.037560141577984,62.21637667887662,61.97773809523806,61.84031979072297,61.7615786846255,61.504691296357954,61.28034143144436,61.2321431478574,60.884588533894075,60.99015884015883,61.327569591714344,61.49507085981449,61.779423076923095,61.931711287808916,61.944991230110375,62.14082296902072,62.41917284104791,62.489328901551154,62.64122969421883,62.734948345586595,62.87261364214482,62.89714860913828,63.04716921041907,63.003729739758995,62.99465890235104,62.942098912617546,62.963024295662954,63.0280374255372,63.09645509913341,63.002034020235534,62.96198028504046,62.877232293757544,62.782172025505126
40,68.25857753357757,66.05468304843303,62.99299789716452,61.23297212047204,59.281273911273836,59.87108855650516,60.60344932844925,61.1645807895807,61.66678254872694,62.29140567765569,62.99286731786732,63.89087895129568,64.36756754641382,64.67363146113156,65.03541174874522,65.25802394943032,65.37472228207533,65.24140466015479,65.20511722682794,64.96839489214513,64.75240905479022,64.4991499241501,64.28174780131317,64.04208680979532,63.860469067969284,63.670292296734836,63.52544449720397,63.59845485202655,63.681161319523646,63.470565391398935,63.40020481310823,63.28368437118457,63.127406235739784,62.998452051761014,62.763669254026546,62.607099189391036,62.66963694463716,63.05216433176983,63.31619209375645,63.62738120675644,63.664637992991864,63.56578325774777,63.50877121371331,63.53834776334799,63.52365667254577,63.62062574100637,63.54989110574236,63.5350759098156,63.66038629737618,63.66322273097287,63.392971162824225,63.33870701058207,63.29827850346729,63.45882446600058,63.61944999445019,63.671426845311025,63.54299896821852,63.453133903134166,63.33087158447355,63.19894324040188
41,63.02339743589745,64.32730463980462,64.96654795821458,63.28716804029303,62.83747863247862,62.56363620946955,62.88877769056346,63.2674711284087,64.1618341021119,64.55985704110704,64.57086524586522,64.1047148453398,63.64154887135657,63.163755523576924,62.985246235246194,62.97377295736674,62.56812468577171,62.53408713200378,62.58282565387831,62.47744912494915,62.6435844138225,62.168298368298366,62.058888534975466,61.98847807285302,62.05417887667878,61.901464418772036,61.68157889778254,61.56445396534673,61.85857121805392,62.10247676706003,62.185562152900765,62.236877416564866,62.20241579408241,62.151493781273196,62.063068346996936,61.90987569529235,61.999718537218584,62.36986577019479,62.59476952297476,62.86395057488814,62.81437468358207,62.60047483380825,62.57866264872085,62.6351496882747,62.66391918780806,62.750875050875024,62.72418816408183,62.85734826516083,62.953192046049274,63.03301383801385,62.971307668366435,63.028920216179756,62.97841697959616,63.04278233768971,63.0976582676582,63.20048603843252,63.23390018850556,63.32353453538808,63.309172081841744,63.27062542395894
42,70.47418599918602,72.73074633699636,70.38751865418529,67.96990613553102,65.50465404965392,65.93825888617546,67.1707352171637,67.27128103378095,67.57790326956992,68.42594118844116,69.04861481111476,68.96069054402396,68.81001025327956,68.40241729170307,68.0686928503596,68.0202206069394,67.49690380425676,67.3405476981866,67.0731826896301,67.07351877289385,67.02845102428445,66.40446104821116,65.7923612217092,65.39069177350456,65.03794993895028,64.66252035002066,64.50558495002973,64.41360526048062,64.53030012771424,64.54690391398755,64.5665539209897,64.44686736874266,64.13315465398824,63.916773953171244,63.71008401651274,63.57801208565105,63.75848760848766,63.80734287642187,63.76720515951287,63.923624338624414,63.91000315177155,63.71275449638563,63.57967056629861,63.56540762478267,63.5525218197441,63.616012811665044,63.49438945609168,63.585187410968715,63.662667991494715,63.652620573870784,63.44756009241323,63.38874389499411,63.39906831463452,63.476877477803626,63.66989565989587,63.86485951218127,63.91274509278927,63.849402569014934,63.75136345136374,63.59492292429822
43,68.50707163207163,69.5018086080586,67.10952380952386,63.275690628815624,61.1746306471306,62.42813983855648,63.23149674399673,63.8841136294261,65.24259541898428,65.36990079365077,65.15457829207824,65.70087717066885,65.81798706991017,65.86063579277862,65.47896079229412,64.96657699938949,64.46929750532688,64.32823989282316,63.88083135188392,63.839006155881094,64.03978792371643,64.06207658082656,63.968600360991644,63.765513074888034,63.94364468864468,63.69891792680252,63.60021913957096,63.451328747310875,63.74351308015097,63.69549552299547,63.75962490317327,63.73258769586889,63.459448267781475,63.27139086403784,63.27824611896032,63.07988018925514,63.330355080355,63.52072435361902,63.44784589816637,63.721802121489574,63.875724535175706,63.76043895478408,63.96186276040917,64.09852242664735,64.32279439696097,64.47227044292252,64.50275082482527,64.76433998100659,64.84626442151941,64.86136111111097,64.74351422905328,64.6504240239816,64.62397741147731,64.78121985182165,64.99893199393196,65.00091965739286,64.86365548843615,64.7582231625335,64.5691368659589,64.44631283068779
44,63.30318477818475,61.92185592185584,62.633134920634824,61.396184371184326,59.2674725274725,59.73010785510784,59.874659863945574,60.234834147334155,61.63111857278521,62.90852258852253,63.058372183372114,63.61715506715502,64.03589469647157,63.905225957904484,63.91754680504674,63.46409302503045,63.235916888122745,63.30002826391708,62.9696865025811,63.272724358974266,63.51436081555118,63.29802396677384,63.26390857532147,62.87565586419733,62.733423076922826,62.63051485551458,62.54085831863582,62.29892962526869,62.33070712812065,62.0932885632883,62.01566180235509,61.953161089488944,62.094041606541325,62.05645948550336,61.79788679574369,61.625458158096784,61.770025795025546,62.06206193903535,62.05771161412162,62.279254934879724,62.353974830498956,62.29843123146673,62.36771741393814,62.599983465608254,62.62089777506421,62.61118156199655,62.52939333125487,62.67517488298726,62.780898910235535,62.7271574074073,62.69326773444413,62.637665735261834,62.64441315148861,62.72683348030569,62.9654957079957,63.14193775800911,63.05727843469057,62.9294137615257,62.87406665838855,62.85570233007725
45,66.4993538868539,65.83545991045987,63.875144145977444,60.21917099104602,58.81337606837612,59.317579025912444,59.95911244839823,60.123833053520656,61.15378284267178,61.41160561660567,61.56768786768791,61.513849460724536,61.279514182398806,61.17016287284146,61.51659611992945,61.952692562067504,61.96784966123201,61.85254940532717,61.71049364865154,61.809644637769566,61.90239984882838,61.54581113331109,61.461760763391176,61.16794045075295,61.04087606837607,60.90038899846583,61.05249306591891,61.02032948863296,61.06139688855193,61.07109466151119,61.17613648299115,61.34585733999787,61.24883958633944,61.163926446646876,60.986053694982104,60.79918105300035,60.88083894333879,61.02929613028284,61.161873584629895,61.410073768823615,61.45714955775914,61.43610081496964,61.55086605900536,61.641471953971745,61.64120178175711,61.5945882217619,61.459136184933854,61.48748452550514,61.54233198773992,61.57392796092769,61.42549608162326,61.36964579224176,61.29766656299652,61.52031073350497,61.64095432345411,61.70016298185919,61.54681673914105,61.50225727337775,61.40327290412019,61.275357990774566
46,67.095233007733,68.86470543345543,68.6078601953602,66.95583664021169,65.13583028083028,64.53620522995519,64.23397653933374,63.762424323361806,65.15614061864065,66.0729354904355,66.81180532430535,67.71385666802333,67.3171957671957,66.9287633001917,66.78451634784955,66.45757529507517,66.02025814599331,65.7206439650883,65.43023263286409,65.128699124949,65.10367245188658,64.76589313464305,64.75670577409699,64.38854272656351,64.34605372405363,64.10464254406548,63.95631039056957,63.86747812372807,64.0836840203218,63.9339526522858,63.89216113933844,63.869472425722385,63.818328893328875,63.562797170150105,63.351177975463685,63.11440993420163,63.37954671704678,63.43201968596709,63.69595295492733,64.03502365689862,64.12372415299244,64.22080753241472,64.41139577476795,64.56290214415219,64.78504171754177,65.01282792288237,64.86482044354389,64.8793963463235,64.869202320733,64.84944810744811,64.76354493364293,64.69078251698441,64.63127116594103,64.71913146866851,64.78466681466693,64.82106635923611,64.76603046076738,64.69233918220993,64.53878610404041,64.35685693935696
47,67.22718762718759,68.87774470899471,68.13810880477548,66.98310821123319,66.31878815628811,66.45289818206481,67.96960651782076,69.25306649369142,70.470778501334,71.40517501017493,71.77358844858841,72.10885522656348,72.10043635139782,71.48189393278676,70.88345611178949,70.12676949786336,70.03448370801323,69.50691081038312,68.95273627444689,68.76510963573477,68.54018087291915,67.81239848114865,67.16865897789827,66.76822725885242,66.41758872608891,65.86114339720132,65.49039309455995,65.15649238327836,65.13361630387519,65.12989180572539,65.27647882285,65.32944282280243,65.1214910089912,64.90499787521864,64.64795075295096,64.33756995319517,64.43496972246993,64.4349324165115,64.3540660906047,64.60855616605636,64.63379617221105,64.55323940829915,64.48090955125862,64.42153656528676,64.34342151675507,64.39191672860173,64.35671561496055,64.51632294210447,64.64872698163543,64.68500966626007,64.44900823577342,64.50755846717438,64.44836326322236,64.58091130406005,64.69907712657773,64.69984146970816,64.60972677420114,64.50006043605245,64.41790844905319,64.2821015635606
48,74.09150386650388,72.12134462759462,68.46345984262646,64.35540674603175,61.76337912087912,61.87979921313254,61.97707570207566,62.361671372608775,64.3069399222176,64.79080891330887,64.81436433936433,64.87848154931496,65.1714422685577,65.40325200593057,65.50419380002714,65.3883947649572,65.11799420622948,64.85114044905713,64.56709160722325,64.57535256410262,64.88397775064446,64.61842671217674,64.34695346923608,63.772930869285105,63.43682397232409,63.22758562662416,63.10290138530886,63.006403715332354,63.02904860146247,63.022103344186746,63.1150726364437,63.31536426536435,63.29821012321016,63.308847021714676,63.25706567242286,63.049460441821616,63.02623351373352,63.018762317117606,62.83232757271216,63.05677655677661,62.866285351956165,62.53484456460654,62.423342774796325,62.47051883301882,62.683144643422445,62.73788233706712,62.61837888274055,62.58354881037166,62.62202806641586,62.62577279202281,62.46629817169039,62.45265606900224,62.42038150528712,62.55186061366609,62.76032236282217,62.84263238415004,62.83642359102869,62.797575979256855,62.727201078895824,62.66330577601394
49,67.46629019129026,68.09762413512419,64.31551858635193,60.60924145299145,59.92415649165649,60.324523470356795,61.24044639223204,62.81304627085867,64.54743194048734,65.28190781440762,65.65328745328725,66.50444139194114,67.18031057261808,67.32930948020214,67.26586148419462,67.45551803520534,67.05736730589653,66.66381201103414,66.27626973416436,66.17995853683344,66.17639615675317,65.85717661967651,65.5077252658773,65.22592359415268,65.0307456247456,64.84848607588981,64.51959066310907,64.22015778533624,64.21089936564061,63.991561864061694,63.82288392610961,63.74652428011785,63.40223788557101,63.03031883693626,62.87214198499887,62.63178560122978,62.729448679448375,62.910280642846146,62.983189839599824,63.11450740231962,63.05760991492667,62.76267842607094,62.7640580780112,62.820585317459965,62.811923189978394,62.9568094043635,62.839016942474174,62.90843762718743,63.10276209995584,63.162224969474885,62.864333796196476,62.793851456591774,62.804492554964135,62.823420518096306,62.8333227883227,62.780724624251285,62.71071821291105,62.69903670722626,62.691670202051434,62.57385293718616
50,68.32641432641428,64.13250407000405,61.460144485144525,60.09804512617021,58.12632478632492,59.98997761497776,61.72558942380384,61.60409416971927,63.01687921132373,63.272323463573514,63.481672031672126,63.55875856396694,63.70068133433524,63.53494171172743,63.34532424365762,63.019427910052976,62.614618197706505,62.66749677791346,62.73636361202154,62.81322166259667,63.07850940946183,62.689576858326866,62.5624073189291,62.3208204025914,62.126765771265916,62.25232733790437,62.2437374696634,62.190288679574486,62.272756410256505,62.28393467643472,62.289663830792904,62.293951910358224,62.17332698166037,62.02033505709987,61.958277225420204,61.949092445620316,62.13868937618951,62.35937814622042,62.25019763000546,62.34969602157118,62.3584330980674,62.25658383723873,62.28803572611722,62.2563981157732,62.33602812825038,62.45450034064171,62.422296911126786,62.532624050332565,62.49800061050072,62.54592623117628,62.43081860949511,62.35654536880515,62.398553516714045,62.50149365380861,62.52379916379934,62.456307597825614,62.32378676391852,62.38350753652499,62.32387893807408,62.256672856464704
51,66.58657916157917,64.07591320716314,63.64072208655532,62.72941977004465,61.01242775742769,61.47405796364127,61.55445447409742,61.81386599511607,63.23499638221867,63.666600529100556,63.899165186665165,63.92086682607521,63.940801790801785,63.64270161055872,63.70171415004746,63.607700892857125,63.2739869879576,63.33691719802831,63.20822783454361,63.56971459096461,63.635627555865625,63.371599002849,63.19391799826587,63.192342456925786,63.42163431013431,63.48781112050345,63.47041220096776,63.60618985842203,63.639890250235084,63.66238790530456,63.65676359184423,63.867000216218976,63.84177196260528,63.76828120136943,63.733849497063794,63.70086162551437,63.865802065802036,64.03976313647364,64.1434278565688,64.35525132275129,64.4033787238055,64.15062891253362,64.080243206406,64.016596944722,63.925447474336366,63.93314332607806,63.72677434858279,63.73813954178531,63.79244557407818,63.804767399267384,63.57719131812263,63.52544887448731,63.566701415286325,63.697556678575225,63.86425047175056,63.945482386330696,64.07220374654597,64.09122317656809,64.06796518766863,64.00071776217618
52,68.9669820919821,68.6866503866504,65.7083095916429,62.62173763736261,60.91245014245013,61.82341100257766,62.08947104482817,62.55390084452586,63.02630748880751,64.4502029914531,64.98159340659348,64.9520625593543,65.19486318524793,64.94987099540683,65.4711663953332,65.95550945004074,66.14106274988633,66.03974528557859,65.63649454833661,65.76014830077325,66.04232319708505,65.64901140526133,65.50604484082741,64.98614269603848,64.5269393569393,64.03954830781753,63.769859735600505,63.338278933368215,63.320319495319545,63.22263261429932,63.24331419774971,63.208388659951105,63.02127795044456,62.92876191074708,62.76750218035919,62.65492286776999,62.75080506330501,62.88490711286758,63.023176064201685,63.25426294770039,63.61823076426728,63.51834905614659,63.636276632497484,63.812124680874646,63.814361574639285,63.763501243120785,63.781978000329076,63.87218703364536,63.97402579468909,64.0238118640619,63.859686410176636,63.82707775664511,63.75832344629516,63.92636769095107,63.910916213416215,63.94725801645449,63.9199837199837,63.86111330400118,63.88697495222908,63.82346628679952
53,65.77197802197807,66.05471611721606,64.52774216524216,63.50363502238501,62.696240333740306,63.230603886853864,63.14870777370772,63.509837962962926,64.97717406050737,65.45021571021567,65.32116032116025,65.87304215845876,66.37719467142537,66.87303004535143,67.2727662460995,67.25490340099705,67.54721174794696,67.63321434224206,67.73944021378223,67.85693147130641,67.76917916739345,67.32523425648428,67.0437983312984,66.59181293243803,66.26824358974365,66.26287686672315,65.99475233271545,65.80015753096117,65.62005740109194,65.37694223985899,65.29698622763145,65.31200714794463,65.12613898447229,64.94491129785241,64.72690490726193,64.57040089540075,64.60375306625293,64.72275681190145,64.61480359621375,64.70853021978014,64.46030765756369,64.18331371009936,64.20029921628753,64.31422408609907,64.31545550128884,64.25907511369469,64.13456353536144,64.15406216083296,64.24034443447708,64.2810171957672,64.05115496340989,63.962768855076504,63.92666467006086,64.10878075114184,64.20643227143226,64.33163864904938,64.25357624831312,64.204765676533,64.04356551326892,63.85557760141097
54,66.04659645909643,67.92373066748064,66.20931691765021,63.4241605616605,60.836219983719886,61.044998982498875,61.89073274608989,62.58193681318673,63.47040089540079,63.39605006105005,63.59134152884149,63.65351165038665,63.43489441470209,63.38595775917204,63.798679622846315,63.5587136243386,63.24492715889775,63.170573305295555,62.91523011588803,63.27178240740748,63.4692741341551,63.388828301328346,63.29010679336768,63.12945305080718,63.10398901098903,62.814732632040354,62.65573248767702,62.51389161433815,62.463973271301015,62.382987213404064,62.35553701077913,62.330053323412876,62.4169002294004,62.43827255261089,62.296759404616644,62.04090679125414,62.270666133166266,62.395695033524106,62.41090982853815,62.52999809218571,62.305397966983456,62.096972813341985,62.204674588977085,62.35430807618326,62.361000542667384,62.466081161190026,62.5164541821458,62.708486912393255,62.784121896622004,62.749658119658264,62.630814519540124,62.66436819057025,62.61707213122324,62.69986800750708,62.707673067673205,62.74542887667901,62.655249948232566,62.45520916663183,62.371246542221364,62.30933608058628
55,66.27929385429384,67.67053825803826,63.59774284357615,61.47914758852254,60.343904151404146,61.59487349070684,62.734813070527395,63.22225592694342,64.88362727807171,65.05991147741143,65.54380896880889,66.07162020078682,66.377278419586,66.32033693819392,66.0384120200785,65.99887693325176,65.37589270751019,65.16709882195975,64.6268389992072,64.48256613756591,64.35880840940345,63.915569615569396,63.755638282812015,63.6504816171481,63.6337195767194,63.48589097867925,63.31188196234471,63.427345521541646,63.49045320898745,63.51022876814513,63.73180609712835,63.58309263074859,63.349905649905374,63.1559013562687,63.08482557125386,62.851112185139655,62.94474831974807,63.20304928989122,63.340810791772135,63.7098330026453,63.852088606966404,63.87779473612782,64.08702544225774,64.23259737947217,64.21980712702914,64.17323640530141,63.96753338269272,63.85178889397614,63.79130576528518,63.84939468864447,63.664084308937014,63.64063908847541,63.68311313075438,63.80705646376917,63.77472342472313,63.80734099729601,63.759297727937735,63.75066672631296,63.70048296806744,63.59480480938789
56,73.14266890516892,69.84692969067973,69.2586267127934,67.87248804436311,65.49280525030531,66.80011107719446,67.18389804639804,67.37197547822544,67.49780276308047,67.46453500203496,67.36727485477482,67.07558930267268,66.82623039353814,66.57318848479571,66.18568579568593,65.80631295787558,65.47587834279014,65.39606396689726,65.2713115588115,65.44878764753756,65.3726345523963,65.37973276723262,65.48310505919183,65.37141924433568,65.06452014651995,64.84161344353629,64.64065500685851,64.42630948747004,64.6905595203007,64.6852599715098,64.78913358147213,64.78595403439137,64.86476409393055,64.71350927122964,64.62230711087831,64.54678045719692,64.80088426338409,64.79039733414719,64.69788359788352,64.82875979344725,64.90942987680795,64.71848617652189,64.62404662520944,64.6574336543087,64.49389160222498,64.5182116092442,64.38229981208701,64.60710883445262,64.7429169469987,64.79263156288171,64.7396041322513,64.80231608669118,64.82692317291387,65.02802829029694,65.25690022940033,65.47371876635277,65.52149087105245,65.51036982653386,65.45878465539505,65.38922898860416
57,70.82403337403336,70.30682743182749,71.06443155609827,69.6610627798128,68.39789886039884,68.97792192375525,69.79213835106687,70.08045126170123,70.24768348935014,70.51773606023602,70.54564602064603,70.22536502848999,70.30320943301705,69.67774652596073,69.37261599511592,69.08312315577933,68.48524653451119,67.84437434992986,67.26121634213737,67.10329365079362,67.2127475919142,67.06376054501055,66.79709746774977,66.26827389431568,66.09614326414336,65.7317139413294,65.38430994588408,65.06504865835234,64.99787254571747,65.06582994166335,65.10039518426626,65.24484111085687,65.06177140760495,65.09538144317565,65.11104148497017,64.97912186835809,65.06897268147283,65.27373173853452,65.31676815587086,65.43879133597895,65.47743331645783,65.44683969029214,65.52182918287579,65.71987456987465,65.86587685976582,66.10627134540185,66.16567070636243,66.38130967219521,66.57352794597702,66.7057382987383,66.6124894259698,66.66461258648759,66.73562223066942,66.87023875472951,66.96483081733084,66.95676065832313,66.85595702218505,66.79447321516277,66.66914988652266,66.54334350834338
58,64.32675518925517,66.14793956043958,65.55172805589464,63.37803596866089,62.00571530321529,61.30760497218825,61.86232266410839,62.34181929181928,62.978764753764665,63.66490231990225,64.32393393643386,64.1830514007597,64.58776650699721,64.4091538752253,64.23301146384483,64.28333237942614,64.21299378725851,64.44190238773577,64.13698776856678,64.11913054538061,64.03333236428479,63.621641321641384,63.492873511351824,63.306232617690924,62.98567073667068,62.74481407125632,62.517600129637174,62.506628655735845,62.673407435476435,62.642337878171226,62.65560331245822,62.79112230362237,62.63945807279151,62.53192678780927,62.35350165707317,62.21620695405427,62.419544544544614,62.74166947818272,62.76012191749378,62.801562881562965,62.81604958952526,62.67529979940698,62.71297183651836,62.77563674751179,62.80181058653287,63.009981574383794,62.95549775283824,63.08855067579033,63.20392765775427,63.26870848595865,63.055568723215885,63.04133813124201,63.07221550287596,63.14901453142199,63.33873302623303,63.42631957163208,63.374247584773876,63.31480411351101,63.30050254202789,63.31184684913841
59,73.90137871387874,69.04674908424909,66.80050875050873,64.06071428571434,61.48696275946278,62.21137311762312,63.38228167335312,63.37486327330076,63.51726020892682,63.41538054538044,63.55592324342313,63.81622362976515,63.909593469208666,63.678570701784835,63.922478971645525,63.97874694749681,64.04861919126607,64.26107747704951,63.9830221922325,64.1633661477409,64.4590208733063,64.09144443519418,63.85125418060176,63.74930343576156,63.48524460724438,63.40896829310271,63.28157965148686,63.13647959183661,63.171440676181895,63.22967490842478,63.0979098559743,63.07462241173174,62.964851198184476,62.75570788144313,62.41502630966916,62.191420346628746,62.36881991881997,62.54180536812125,62.68176325099412,62.81571225071237,62.74496721661367,62.47809744268094,62.47828842131179,62.52027000777013,62.54597974042437,62.535626028561005,62.40783151049127,62.47961638091859,62.41776442567273,62.455733821734114,62.3517897044861,62.31936646864561,62.3154792621777,62.34919287673947,62.53794381544408,62.64451212643198,62.60244503709434,62.4770341248791,62.44879305408985,62.387946258988144
60,69.56089743589742,69.41620624745623,69.06182675349339,66.28145731583233,64.50285103785103,64.33205043413386,64.94986917844071,64.73048941798949,65.41813525980196,65.86113146113145,66.49893023643023,66.40131045651881,66.01266045208354,65.59296252689114,65.75370200786864,65.14351756461129,64.74353378103373,64.7694972979695,64.58852660497398,64.5026200651201,64.06046887415938,63.24724210974212,63.23960556351861,62.772652540360944,62.53326862026867,62.582381774208834,62.60926924584344,62.33312438223163,62.47753673529551,62.412038563288604,62.377461696010144,62.22642227564105,62.21369849286517,62.11613666834256,62.00573056573054,61.83557466196356,62.12941787941784,62.52821771308608,62.710427950492026,62.909499389499395,62.94519379671817,62.58543653216268,62.605870270986514,62.71532310282305,62.70296431963093,62.71285889030452,62.73764558924131,62.89171637583088,63.0373366807039,63.154049450549294,63.092578726647176,63.084583098525215,63.066121631687466,63.18806546676899,63.391625874125744,63.54796745086911,63.449366203971394,63.5061720208272,63.43750629470973,63.321502764211125
61,64.42124542124537,62.86815476190475,61.68126611043276,59.32248677248674,58.14927859177859,59.14123422873424,60.3609039769753,60.996502976190406,62.35306098222758,62.96200651200647,63.57588337588336,63.650012718762675,63.08814493910634,62.95720427059693,62.94967507800823,63.24872685185171,63.2423576695634,63.034665977026954,62.88854775828447,63.106076516076385,63.302001569858554,62.875719650719546,62.86160061757878,62.688857303961356,62.48419129019131,62.094398852571985,61.84960788525606,61.70529554770617,61.84200682778256,61.941197089946975,61.91722300996483,62.03547835266576,62.07688499771829,61.98987945605585,61.83812663526944,61.743686264866774,61.89087301587291,62.035765964055315,62.147592175156134,62.289821047008395,62.177338639228694,61.9186521260924,61.7391808880179,61.8502448939947,61.84853592909128,61.83024134681725,61.797940318152904,61.88421824124929,61.929709576137924,61.90460805860794,61.68521820409066,61.582838084280276,61.5245217745216,61.60378887230727,61.69677137677125,61.83214521919874,61.79619508172139,61.818418610444446,61.74806114318829,61.67395578958091
62,67.93992165242163,67.7855769230769,64.97056199972864,61.06867241554733,59.920973748473656,60.58436440103105,60.74770771556491,60.767652370777434,61.02504013476239,60.87674501424509,61.25762200762211,61.850365876407686,62.079731771078045,61.80002398395267,61.68456349206359,61.68913690476201,61.58803957480436,61.62047636005977,61.690512070775306,62.16955611518124,62.52514996026908,62.24862174862181,62.03440900886558,61.953399513295466,61.73297476597492,61.54654382298621,61.32919361160111,61.0658306805629,61.17525139292393,61.19224562474573,61.068016004306386,61.13423827330081,61.00531952615297,60.999984887117336,60.93465841037283,60.83769784742022,61.01748492998503,61.20888586316235,61.21665075190728,61.29333918396435,61.20342190555621,61.05196680524077,60.93359729202769,61.00573801198819,61.03150454483806,61.03962325918865,60.930453913698756,61.04962850613905,61.20371865473917,61.178003459503515,61.09209760827406,61.02939863733127,61.10046037121497,61.18367645728739,61.32198921448907,61.36042620573854,61.411349866832175,61.35781677613561,61.26682170622834,61.1274894858227
63,66.13364367114373,67.28267704517701,65.96290360873694,64.17385149572651,61.75493996744,62.92313458146794,64.00975202046634,63.88680173992679,64.2813271604939,64.51196479446486,65.16135901135902,65.53591693800034,65.63109796186724,65.31509390080824,64.98526115859461,65.25348048941814,65.01914667576446,64.76178718400949,64.58430585009539,64.57006562881567,64.724896069539,64.17127964627974,63.961460600591096,63.62387099782939,63.42619332519335,63.27836558028866,63.25045599119668,63.104226626548005,63.378413540482434,63.22233957400614,63.06266394895417,62.99992130265549,62.923845907179086,62.8175994756876,62.563863015291474,62.39425422828187,62.45993575993567,62.72174131910968,62.85979383863998,63.15282432844932,63.02608996694357,62.77116874527586,62.72113586241491,62.71395155770151,62.825821123321035,63.02186598626808,62.91698847842465,63.0223696538801,63.182542693512204,63.159038156288275,62.98004840112696,62.97029532967039,62.89786017616217,62.98068415637877,63.03254430754449,62.99619718079566,62.97622805232477,63.030893874644,62.987918641308625,62.97089150047508
64,65.28494098494099,68.2556954619454,64.36196411613076,61.49791921041919,59.80918396418397,60.97566731108394,63.05247398104536,63.62750368844119,65.07943460860132,65.68918243793242,66.03087098087096,66.22760056301719,66.09336589336588,65.9938052357695,65.73012243928915,65.64384316493694,65.33791148938212,65.16884468412249,65.02575991260208,65.02400844525853,65.06542168149318,64.40503408628415,63.97108195749506,63.41553533272284,63.16057366707365,63.05644254250028,62.949985302763096,63.04743299029022,63.28011610037487,63.138183591100486,63.15881910801286,63.117363177910185,62.93655942822621,62.534855095884666,62.21964285714307,62.061933308461256,62.22866259116274,62.42372932866368,62.46505340575866,62.6742965252342,62.61049936964587,62.33192639591469,62.323058347767834,62.46800710863229,62.53350201239111,62.59064584771123,62.50780802137205,62.673732893264265,62.70040025167587,62.7706004273506,62.61911904362904,62.59951668701697,62.62386855806686,62.836278621926944,62.99023347023363,63.07586823725231,63.024479021628245,62.97016037921224,62.93312310727579,62.94417429792439
65,62.268650793650785,64.63063441188442,62.329534662868014,60.57292938542942,59.424857549857585,60.484702720119394,62.76354729926154,63.07386103479848,64.3363117849229,65.01960164835165,66.00508056758052,66.2661511328178,65.6537862778247,65.3991165910809,65.1938719305386,65.07252969831092,64.85907790466614,64.61558868086645,64.42097149926104,64.54679970492475,64.33560381417533,63.7697145447146,63.42089615296138,63.15751000542666,62.77853520553524,62.80506676372072,62.809538883613115,62.666487695505744,62.887847880089346,62.86061151811157,62.88098684469655,63.006119791666656,63.043833481333486,63.0631691565515,63.18455142740856,63.193482199384995,63.328900053900064,63.44840694149904,63.51683351074378,63.713097018722024,63.57322843146017,63.323144756478136,63.29039195085714,63.33411357161362,63.196769660380845,63.23762785121485,63.19640746369478,63.31124296228464,63.42615559044131,63.65856064306061,63.4245443191522,63.330327498356354,63.23157708818086,63.25278333634818,63.304492266992334,63.329029939967505,63.282490949596294,63.327279904004044,63.36308928830108,63.39768688102014
66,74.22536121286122,72.53973595848599,69.4256223714557,65.38649521774524,61.84610093610094,62.90497557997558,63.98599845921275,64.54904609279605,65.34472991000763,65.83528744403735,66.26589059089048,66.10071055487708,65.57166533608826,65.22259033955449,65.24272385022374,65.55245408526648,65.61621746989374,65.2725585628362,64.96625805967899,64.79450727513216,64.31490396728479,63.62793132793114,63.2317798747145,63.07655105311335,63.12102950752925,63.31897189349097,63.287134076485806,63.393942053316955,63.693919905126656,63.8041146045311,63.92241554741543,63.93408501220984,63.74846126096108,63.37151954798994,63.098642944357,62.87372331886196,62.86947538197518,62.99231666238226,62.91011891717006,63.18789390008127,63.307384327506114,63.194246031745884,63.29737816016871,63.44128498815988,63.449357165468165,63.5876347082868,63.61075844958822,63.85836544820917,64.07904383975801,64.16640059015046,64.15029138435986,64.12120149259553,64.11480339192585,64.32639708542465,64.38953083953064,64.33312610834918,64.15283650722225,64.04860040980714,63.936811807150605,63.87177062135374
67,71.80526048026049,72.05752696377695,70.68519027269026,69.40302452177448,66.38435795685793,65.78815374440373,65.2914013896157,64.46936622405376,64.46901087595535,64.11669515669519,64.00180883930892,63.8289423924841,63.968887949657194,64.08556384092094,64.15020078686743,64.07763437372813,63.69858268093563,63.59118957174516,63.65303429513958,63.489562474562454,63.770536077678955,63.44950512450511,63.35386031038203,63.02639164462085,62.81243243793248,62.68558514135445,62.45188086947353,62.4744905227048,62.5796026132233,62.491614265364255,62.36710616146095,62.3317447598697,62.1515999432666,62.18432569609036,62.2319067969068,62.18184241170357,62.361991249491304,62.5482179005206,62.589073995804895,62.93807043650809,62.89159097451795,62.53507955888924,62.382064651541555,62.30522324897339,62.245043300321235,62.31442407230468,62.184714212108034,62.3243776285445,62.49570593805305,62.57958903133921,62.43033828916199,62.472297067249166,62.59007293370515,62.772127538099916,62.882636160136286,62.92638180272128,62.910761590586276,62.77461308646667,62.675658788794536,62.520970611179145
68,66.41056674806673,65.77350172975171,63.598850223850214,60.03575371387869,59.174792429792355,59.40453381495045,59.35784929356359,59.02651353276356,60.625015262515234,61.10207366707366,61.80288184038186,61.978992419617406,61.99698624025548,61.81108131286701,61.84273979107322,61.999840379528045,61.790967583614766,61.90394620811299,61.84057954715854,62.22193223443226,62.26628122759081,61.962172549672566,62.00417551450164,62.00747142517984,62.21734920634924,62.195106994145526,62.13759741630118,61.911706530903,61.994979334203535,61.94284679826342,62.05790762403661,62.098224778693506,61.88405992155992,61.85040894562952,61.83140604104889,61.73451829806,61.86609920359933,62.129917876957464,62.37012147396773,62.496666539479136,62.37438292285863,62.1398378297189,62.21677137462036,62.514533614533796,62.70958836431079,62.875414963458574,62.878544800353346,63.14968733041662,63.42821166928322,63.58915028490046,63.59511140638606,63.61522416330137,63.561433927707746,63.65595775109692,63.64000915750948,63.615012137333856,63.51307774421834,63.459288907133924,63.34658067920793,63.18698853615527
69,65.26643772893772,65.19663207163211,63.25974935558274,63.76332799145303,61.77591982091985,61.872693664360376,62.434073201930374,63.15779532967034,63.55522486772485,63.797907000407,64.5497553372553,64.49293642314463,64.6886129895744,63.9350899761613,63.96008750508745,63.875087759462765,63.67135195958732,63.76670397503733,63.47274569971943,63.566189204314284,63.621729703277396,63.00777694527704,62.96016461396906,62.91212712827306,62.73467521367523,62.73555559469026,62.57038280649398,62.4581654456655,62.51323716194404,62.42462979921308,62.35391655835195,62.38699109050657,62.27738542321863,62.33318594531818,62.34200302343147,62.23403230000445,62.20431090431079,62.2768985765695,62.21184227690628,62.395652090964525,62.457595521010084,62.22837035098928,62.18077952409334,62.25320015632506,62.29687864604526,62.406593627789206,62.378438828704674,62.508554427825075,62.54252541675989,62.56008129833102,62.38656539538873,62.314075659027395,62.40309099530781,62.61479634905546,62.80066082066064,62.84724829568564,62.722782918835385,62.61024430550282,62.57303139421773,62.45790488061317
70,68.3568986568987,66.31866096866099,63.82028557861893,62.192949989825046,60.49953398453404,62.08254477004483,63.22430737252165,63.809734305046774,65.10524182607503,66.14924094424079,66.36332001331981,66.68317731651047,67.32211773269444,67.8242179777892,67.94721340387993,68.15605158730146,68.39790155378384,68.51199803283129,68.55757529507525,68.61369352869347,68.4699720914006,67.69944916194913,67.1713266001309,66.71049785476872,66.37799206349213,65.94207268870736,65.55337395800355,65.06404532967025,65.10818246249273,64.97276743318406,64.9549404597792,64.95415585571837,64.9343075134742,64.72465015920896,64.55560134310129,64.4073699577171,64.50236665236656,64.84536153417731,64.82709461715874,65.18073934167687,65.30040749674899,65.18284323700995,65.13116156023135,65.11545052170057,65.05614434947779,65.04860923094623,64.92632740584875,64.92952978734233,64.85604239864448,64.91274633699638,64.82460925965835,64.80494564196493,64.78444020165732,64.7575525897286,64.79393291893298,64.72613060715751,64.6262727688168,64.6003703352843,64.42214418506805,64.25287834079515
71,70.83403540903541,69.40204772079771,69.76531339031344,68.55633012820515,67.49105921855926,68.84172093338759,68.89178004535144,69.51831946988193,70.15087957310175,69.365931013431,68.84323315573322,68.16114206010043,67.96791897561133,67.38329117971976,67.37345848595845,67.8622513481888,67.70072152792733,67.75922590783695,67.63804489857114,67.64478403540897,67.28889712580182,66.55698144448137,66.22366950682165,65.82151230328307,65.58310297110292,65.4782820278012,65.40245745338329,65.13055610064534,65.22992452949336,65.20949277574266,65.15985827195504,65.15171909976597,64.91409531826199,64.73703015394189,64.4503824350252,64.30131822909595,64.48019503019493,64.63677918085801,64.59151012804847,64.842941086691,64.857713526311,64.52360469116412,64.41582852978189,64.39908043345528,64.30840534979409,64.34316891844055,64.25640960694145,64.41089574006236,64.31512016894665,64.30798951973942,64.29371912582681,64.28235203187114,64.34190501148036,64.48713737394282,64.55359381359371,64.67055769957548,64.62152853644074,64.57014301152223,64.60466377627387,64.58400327296157
72,79.28834961334965,69.46455026455024,66.27708078958076,63.14483618233625,61.378150183150254,61.00491283407961,60.86684763649052,61.90460355616604,62.809460498349424,63.12936813186817,63.770063270063346,63.123519959978324,62.980126639742195,62.937000697715135,63.0366130782799,62.840316252035116,62.77384214369519,62.468855424411174,62.49904087140941,62.77490969678484,62.90530045351492,62.98384786509805,63.04785727557487,62.77232588013851,62.46377859177865,62.30870080773928,62.254353208519895,62.26624113320543,62.35292250852597,62.266322072988736,62.375015426628295,62.673429073819655,62.77394904478236,62.82500239411999,62.81671114599684,62.616465710215714,62.90936142186142,63.04940743953905,63.20672829070275,63.52743716931226,63.56424662735649,63.525430257573234,63.63123810943588,63.830219664594736,63.79831411386977,63.86518587089251,63.759903640488886,63.88052132088605,63.845681434967226,63.858018009768045,63.724274082852524,63.68416699931129,63.739799744280916,63.77171676917047,63.75661939911937,63.66476929981389,63.60241933180529,63.5546506813747,63.53534470864971,63.52729734771393
73,71.13427960927963,66.9546372608873,64.03666056166055,61.5870701058201,59.653426943426986,60.716159611992985,61.04066079423219,61.11088789682534,62.108256455478596,62.414151912901836,63.125888463388435,63.472204839913076,63.257526376757134,63.00988792953075,63.197854090354035,63.051949468355645,62.83224520577451,63.06641681363895,62.91198187777128,62.98845670533167,63.009820580653845,62.57692030192023,62.49321570136775,62.35351292226276,62.247094831094635,62.11121873141091,61.90392133586575,61.664235202627985,61.840429525774276,61.79278659611989,61.814966783515146,61.83803943452375,61.61613139946466,61.526809505853564,61.4046117506831,61.1067574786324,61.20404277904269,61.33050146734348,61.40463810880474,61.56385518416763,61.605634846183634,61.379675053782194,61.5235511258767,61.74201273263772,61.99298093881423,62.101712609049486,61.99559833389615,62.07071971238628,62.076228476738564,62.07928968253953,61.94706939755942,61.9003303943207,62.0485445895823,62.142414058849226,62.256558811558776,62.327993633350786,62.30401422002302,62.412962962962986,62.422166949497395,62.40086758920092
74,63.84248066748069,62.95034086284086,61.74260615927285,59.89308608058612,58.487886650386685,59.72416395333066,60.29074292110014,60.34855387667899,62.106030954642186,62.67300264550275,62.68293095793107,62.73487866300373,62.72047642528418,62.65310265131698,62.45519603852945,62.342858096764424,62.21422107304468,62.18079042870715,62.188712165028015,62.33244225681733,62.35836700777184,61.90375018500027,61.822310479375766,61.76982028388283,61.74698962148965,61.68100677812222,61.66920891180159,61.70201156317234,61.87162645783346,61.79952143535491,61.794314466895244,61.72475659467868,61.65484315067671,61.55574513993653,61.330163672306746,61.09609760095895,61.356079156079396,61.452188296596454,61.391869123279626,61.51815323565355,61.48102422645134,61.28600911874751,61.23968017340138,61.25106987919515,61.17324153213072,61.19307369361746,61.242588371046104,61.54882362043851,61.64197596621093,61.70854395604426,61.54918250776121,61.604341989919156,61.53777376536842,61.7348844571069,61.883662818663005,62.10249950941934,62.11424430020945,62.046626633264815,61.950002500638284,61.86250754646606
75,66.18689967439965,67.35600071225073,67.08737111653781,63.91462784900283,61.212242572242566,61.32970000678335,62.53332606546895,62.42579110704116,63.481224845113736,64.07242012617014,63.9010942760943,63.810021113146085,63.78759822798286,63.50549922960636,63.736974630308,63.66946574837203,63.7119239148651,63.46847612264283,63.323086562560356,63.31073616198626,63.680842393937695,63.14858151108158,62.7989895772505,62.36701176909509,62.31575579975587,62.23461910240766,62.128442545109294,62.12364018256881,62.26817256817261,62.432893772893735,62.4712820184594,62.69631267170326,62.59146902480237,62.47673124805478,62.47183397290539,62.35895273707773,62.58528886028878,62.907350507679396,63.093772763324,63.380657051281986,63.31383292633291,62.99645861193474,62.974109804923685,63.00476132663627,62.98669922669915,62.94966466705589,62.888644039175894,63.00393126356664,63.11328316430354,63.09679670329665,62.94849170437402,62.84821634028356,62.910529119727165,63.03110604244864,63.064140674140745,63.012843224896876,62.8151808474177,62.72842880299781,62.63967020894991,62.513123643332065
76,73.02979242979238,71.64937932437925,69.24718152218155,66.73973087098086,64.4408638583638,64.93028422195083,65.38818099889527,65.58371743996736,66.57541717541716,66.91252238502236,67.52745078995079,67.6122655508072,67.30991633010858,66.80655634048485,66.64033068783063,66.3836401734838,66.02498563527966,65.96800694161804,65.6348775250091,65.68274445461942,65.70015674360909,65.39847444222438,65.3839234839234,64.9232053825803,64.64187159137151,64.3761724742493,64.16929916791022,63.938423018780156,64.05533503852472,64.148429656763,64.1569258996678,64.0441609750203,63.82300107300103,63.4673733809763,63.20591720448862,62.97485090783697,63.102975915475845,63.17364484930264,63.236573421829775,63.44244149369146,63.36318259428009,63.19302708975325,63.10550811161273,63.21439116439113,63.14559987337762,63.07925746757262,62.91400806640164,62.90199970746843,62.88123458174477,62.86270115995116,62.63319686849099,62.61401431545656,62.63421990308776,62.86426762537863,63.05696682946672,63.316957562939635,63.2318337688951,63.30305522223611,63.20402145719923,63.12581671414988
77,69.92948717948721,67.94941239316243,65.98628917378922,63.03916742979244,60.617099104599156,60.35281678198353,61.45818652247223,62.11677477614983,62.85145559173343,63.813214285714366,64.20163678913684,65.05107049586226,65.1035444256598,65.27873640909354,65.87174365757693,66.48935312372807,66.35304741554741,66.28115672907343,65.91508364929426,65.80286706349214,65.80508096400956,65.25363594738599,64.82605068039845,64.52932798297374,64.16315689865681,63.65851198303114,63.39614668596147,63.117735406128276,63.14085354300879,63.067871218287955,63.33037814932986,63.375229573667106,63.1720347553681,62.98846079029904,62.85834031048312,62.70725605413104,62.89932129932134,62.9663714574899,62.931112833035925,63.03506791819292,63.09961893346038,62.96354560342653,62.99049228118992,63.115181346431285,63.115531022475395,63.24840219160866,63.223876094354736,63.29385906339035,63.26547587899624,63.27814713064704,63.09482680536603,63.10464860993709,63.10349434806976,63.225722143083175,63.36821567321565,63.401647261468696,63.31235576476805,63.270215903190056,63.16717972862033,62.950459486501146
78,68.80345950345948,71.60910663410661,70.63546330212995,68.56266915954409,66.63292531542528,67.33983686067016,67.92630312808889,68.23060897435897,69.46946196807309,69.08034798534804,69.03794862544872,68.84262566137582,68.75092788265883,68.18697853072862,67.74482058065398,67.36860373422883,66.74229991141766,66.42931646542765,66.03680408285676,66.16786604599108,65.87355854022528,65.14950396825407,64.9355017164801,64.6158418549045,64.4998713878715,64.60262769637774,64.50962725546054,64.36913101779173,64.30704865058313,64.27343152218158,64.10322826814759,63.9482533959096,63.78383129216456,63.5788120376355,63.35121664050232,63.233107787274434,63.20034333784331,63.45523611378868,63.40012392640592,63.467184193121646,63.39473331546502,63.12228133418613,63.28191391941399,63.34051781551787,63.28404727988067,63.455030547150194,63.37191307510476,63.46554677960951,63.52813660262658,63.526320919820975,63.31948105453011,63.294716919476585,63.27405852358688,63.441478900043734,63.666192788692825,63.765281230013436,63.786019625274086,63.88010653937386,63.784067917330695,63.69579848392357
79,67.23815120065117,67.91875254375249,65.91509462759457,63.47496311558804,60.163867521367486,61.78533696242029,62.87561994883425,62.04622189153439,63.23402353819021,63.242381969881905,63.521871184371115,63.83241164699489,64.369073056573,64.15863749345887,64.02162087912087,63.61501131969881,63.452690990926286,63.31907277393383,62.870236220894064,62.557142857142786,62.48953330619994,61.975967782217744,61.819497752649916,61.39844449531951,61.156107244607284,61.00541838859148,60.82214948974215,60.752287196930205,60.847296254193,60.782738095238315,60.6261660233437,60.462631321225345,60.362122753789684,60.2030317041349,60.147378772021916,60.05115882060356,60.29266464266489,60.640658001842425,60.91478037631907,61.15818833943857,61.251519426824544,61.10454786615528,61.183849537628866,61.23520819458342,61.36034843757089,61.42492888552695,61.461140553693994,61.5196129680507,61.635651989733795,61.707949328449466,61.488746039726614,61.44500416784083,61.40112491456841,61.567480102202445,61.67855052355071,61.76800368117346,61.73347926440049,61.64246128233218,61.5808495098752,61.51068859381391
80,64.78131868131874,67.8405092592593,66.30290496540502,63.097116656491714,60.78992266992272,61.200707163207184,61.47512282690851,61.59389880952373,62.330362230362205,62.82549450549441,63.68816461316455,64.79308396079225,65.10796351084807,64.63771040467458,64.64890347306998,65.2419598341472,64.94575402810685,65.10352451046886,64.7990124884861,64.61176943426942,64.79190359904645,64.59555675805679,64.20168927288493,64.22500847917519,64.22793142043149,64.04066344979805,64.02415566258152,63.97652788679566,64.178382313727,64.00806064306046,64.04532655218118,64.06380876068357,63.941619491619335,63.81318830951166,63.58227280655834,63.28965625423945,63.2855613855612,63.3797968478888,63.35959686087873,63.67598672161154,63.86755995810853,63.77327630482376,63.683612791170795,63.630382117882,63.60018190657067,63.5991625524233,63.451934226136174,63.57255057827955,63.80196336165705,63.98759361009346,63.89299799691943,63.92102117967492,63.87388545242309,63.9094931902801,63.937405094904896,63.96767708151617,63.82620627423241,63.72328630022582,63.76605513130921,63.75108448650101
81,70.11671754171762,63.673247354497434,61.13150861484198,60.06221382783886,58.78134106634112,59.779861111111124,59.531971335542615,59.95868119149358,61.51573734907058,62.45493691493678,63.21822113072105,63.420076566951444,63.04363200901649,62.6544330338972,62.301117894451075,62.27952501780611,62.28677278603738,62.4080936553158,62.45940010282112,62.61154787342291,62.573310463786655,61.970535483035505,61.662597547380145,61.19840888278385,60.928328856328854,60.714346373000254,60.7064168513243,60.91848581312872,60.99757887387197,60.898812745896066,60.86554495385148,60.94814465048849,60.932745957746015,60.6787122327564,60.5557362346648,60.37504070004071,60.62468044968038,61.018599650836485,61.01305975600845,61.07303355209604,61.01586631525655,60.933509579045264,61.244322344322335,61.42818593443587,61.61405655044533,61.72537724956189,61.72999062600108,61.67580170600984,61.787802135506055,61.85355698005686,61.674629011148426,61.62777220108924,61.611467716420364,61.808615689865555,61.86086792836774,61.89357675228197,61.998773286492515,62.05394553562656,61.99304305236502,61.93130570818063
82,64.9124796499797,66.45987739112743,66.35833333333338,65.46011268823774,63.682817460317516,63.59675925925929,63.366468980754654,63.38486340048839,64.30240695518475,64.33465455840461,64.60340816590823,64.93146918667756,65.34379989668452,65.60661739054598,65.27660222493554,64.92959242724868,64.45618371280138,64.10507450368559,63.94880095537984,63.79668396418398,63.48948000852766,63.20482318607325,63.03769354638925,62.724908424908506,62.64157794057794,62.615160960834125,62.37332922564415,62.31843130414568,62.56606441132309,62.37443121693124,62.402545557787526,62.508977220695996,62.34774361441036,62.20824130934435,62.13131170416893,62.057813418577325,62.215277915277944,62.43167614549197,62.46953797626881,62.581910739723305,62.6281985516742,62.40477983216075,62.31787039403314,62.32885551948047,62.244622846289445,62.41876725327802,62.28885511651464,62.33508523690813,62.411895936640924,62.5158013838015,62.38233049630118,62.382904613193155,62.54124574761376,62.62767913670703,62.64815554815566,62.78607976844604,62.869233893137576,62.91294094634632,62.93717198526538,62.867159985076775
83,64.10551994301997,64.28803164428163,62.20150759734088,59.266562372812366,57.9358628408629,58.71986331569668,60.236627129484354,60.56546474358978,61.93765545154441,62.28256410256415,62.92838596588598,63.570504341337696,63.58413207163215,63.41788330716915,63.47445970695977,63.07255545380549,62.94096399243459,62.85274216524214,62.6452565709145,62.953137464387495,63.25452715274147,62.78609029859034,62.63905412220634,62.49719954042878,62.497362230362384,62.31856704549037,62.154182871312685,61.971782698122176,61.89530072418032,61.76272401980757,61.6920570916541,61.66892265720413,61.57807932807948,61.47302111015362,61.32271992557722,61.332704178537625,61.447271859771995,61.68845122956979,61.6951710445302,61.9979147588524,61.861010105522425,61.55303554470233,61.49190767243101,61.68595004532509,61.73788721566504,61.7080111615438,61.715354739822864,61.81788936372267,61.83756904471184,61.94747863247852,61.88613684790144,61.893141064775506,61.86205181959887,61.95619394323087,62.04695017944996,62.04634980594776,62.02448277031581,62.088476625545276,62.118315966832675,62.04767272079747
84,66.56825396825396,63.56553469678466,62.59871116537781,61.14141737891734,59.71233516483515,60.334265194681834,60.127306820164016,59.95720581501841,61.00578336272792,61.853034696784725,62.90281477781482,63.53073107448114,63.69514691149305,63.536391287284076,63.30953941120597,63.25414186507927,63.12382328999963,63.55479271243149,63.6438301951459,63.74910434472927,63.86021813283713,63.43545991045992,63.201115711985324,63.00845628137298,62.760537851037846,62.78829756425914,62.59133258716597,62.46132623989777,62.678596515234545,62.843295177045306,62.887209519870964,62.8460271354804,62.68099770599783,62.402894640762376,62.08735493342642,61.809779739293674,62.0187873312874,62.189758048968656,62.1536032580905,62.31733223951984,62.32841557719622,62.18215848305145,62.359209212406974,62.51305939430949,62.54475240808581,62.68631505370645,62.57427281150692,62.56024962691627,62.714345414600466,62.708259157509055,62.514005203220776,62.42577966015453,62.3671538192764,62.49715467146016,62.62227300477294,62.751312303767605,62.69105098929656,62.67415512329292,62.62371156777923,62.624815832315704
85,66.85778897028895,65.56346153846151,63.056374643874626,59.31047517297521,57.09993589743597,57.65509852801523,58.15922437351009,59.05269764957266,60.07552570885907,61.24113044363049,62.188907851407826,62.83637523741683,63.34175158886688,63.65915169486586,64.02868674535331,64.01993316290181,63.791616390145734,63.33640562112783,62.81101230640708,62.56489010989012,62.69938247378726,62.3928333240834,62.22194417900949,61.97641708214635,61.86507916157931,61.847986522025124,61.82372077510978,61.81051968864478,61.82709026286628,61.84447581739265,61.758032842307244,61.781407235704286,61.588910163910334,61.44890678493637,61.245744520030456,61.16975110794574,61.323296510796716,61.492952734400326,61.513665951807205,61.75399585368358,61.69256976086263,61.45391665213118,61.376599132994684,61.38849645724665,61.44394100755229,61.489456698696,61.46347420310203,61.603478051655316,61.73470488317447,61.852034188034416,61.780958166742614,61.9053437392381,62.044405376245166,62.157329398996225,62.27068755318772,62.224188179545436,62.278317588843976,62.32911842308406,62.291948031566754,62.15556310202149
86,74.56352767602766,71.10262515262512,67.79215676299009,63.74360627798127,61.10157203907203,61.69616232532896,62.43341400662824,62.75537940069184,63.74371806177358,64.04518874643873,64.27187303437303,64.59258792904622,64.17836284086292,63.8813328536543,64.13890652557319,64.4718005952381,64.2545012449424,64.14458378555604,64.16252704410597,64.27352843915345,64.52586390681633,64.26108382358389,64.3496199854896,64.40313072344327,64.52902258852275,64.53059782098263,64.35552314626416,64.18733847171377,64.27241396853503,64.10533492741865,63.918126616514066,63.69374093788192,63.610543006376744,63.531173388159075,63.49261134368312,63.119628866504236,63.23181821931857,63.63726276160525,63.9013068365636,64.29077113858396,64.39507628775954,64.36119105761989,64.46126385457808,64.72485327172848,64.87802548274792,65.09087290527538,65.136943838274,65.37867816018881,65.57380817406354,65.78530118030145,65.87470502446008,66.00741044034325,66.04048415770124,66.28404680881545,66.49698107448118,66.72260959939538,66.80384035230534,66.92158900327013,66.9070943102723,66.84882419278253
87,64.71612230362229,65.80815018315019,64.42167616334291,61.94157509157516,60.69174501424502,60.38702770994438,60.55832025117734,60.69808582621068,61.5079975579974,62.00350223850211,62.57567108817091,62.7172199328447,62.865422575999375,62.80367172510019,63.06316951566945,63.29640122608868,63.15849403864108,62.98573604893049,62.994323683139534,62.91819520757028,62.84482915673401,62.37022375772385,61.99265718178771,61.87163546330218,61.72505901505911,61.64799982780759,61.35778482491453,61.17027697831273,61.36499901758523,61.43398266856604,61.47707849199789,61.497390904812875,61.4488560821895,61.26057063851193,61.028884528170344,60.86136916067483,61.110772860773,61.286312335325654,61.40008974880784,61.70625343406602,61.65059660303577,61.55645313681037,61.61354412168376,61.683999912124975,61.90970537692766,62.14286897683647,62.12299714666746,62.28631450532503,62.47825631473602,62.634283679283755,62.637385581013184,62.78109179815921,62.88911139524362,63.157969859358914,63.2143663743665,63.281124265945806,63.17411736249472,63.062926297840214,63.0475170388307,63.00558540225221
88,78.17112840862838,75.77646011396007,72.17418430335094,69.95644968457465,66.76854395604391,65.79977614977611,65.8716938484795,65.88955408017901,66.42932268348925,66.76581400081392,66.6692196692196,67.19660409035416,67.15847382674319,66.87943557764997,66.78508886175558,66.84843273046395,66.92003878474472,67.06110687152359,66.82984999892895,66.77581756206759,66.63176323235847,66.1923303548304,65.91211047406709,65.43983007733017,65.18487932437954,64.82007725180817,64.67487149339016,64.758315345369,64.98386997740448,64.8337701804369,64.61694697178572,64.46862026862031,64.3067808734475,64.01023830472354,63.80280336066041,63.56129949011884,63.707893882893764,63.75234252832926,63.63035362073814,63.81200384106629,63.68508368325444,63.5514122671861,63.69157816774097,63.928779091279125,64.16357335051782,64.29371151191802,64.15002781891079,64.16213539546874,64.20148420173935,64.19114407814403,63.98647292250235,63.90340324739366,63.89936089417228,64.09833289995326,64.23080169830178,64.28832572024535,64.2728498596919,64.28548727772854,64.19830379131223,64.11336165377824
89,64.930525030525,62.40301180301182,59.7092846967847,59.71429588929595,57.24657203907207,58.79165225206896,59.449684574684554,59.56310159747655,59.981316420205296,60.86064967439963,61.120399970399966,61.04910883869215,60.988941720672464,60.92758299901158,61.07417785917779,61.37484260531133,61.173638344226504,61.51087991226879,61.79050564445305,62.080734890109945,62.37950486462392,62.46368955118954,62.48272814142381,62.37219466490308,62.13026536426556,61.95946491186892,61.843479702739145,61.82264357666167,62.041048271651945,62.220152625152785,62.339844683393245,62.44854688135959,62.593144663978165,62.62412569728768,62.54890705855008,62.42732046759833,62.63740842490851,63.0157079397212,63.157169468708005,63.47214082214086,63.50720465171688,63.245500344012335,63.26579114253543,63.35513468013477,63.48761949984182,63.559197545610694,63.558392651477895,63.83488364451921,63.900414372098226,63.784264346764516,63.55661734779407,63.54963673256971,63.49934995123707,63.60442594100024,63.77584452584468,63.91352440548886,63.91210049696911,63.95472953770381,63.88988957527113,63.688059371184586
90,67.17755392755392,64.31691086691086,61.73555148555153,60.76197471509981,59.277032967033016,61.25717931759603,62.5349976742834,63.05839756308512,64.43956157011718,64.74719373219376,64.9009772634773,64.85146520146522,64.7580589994052,64.61492601314032,64.6906478089813,64.94296048280441,64.73488651871017,64.89112965224088,64.680199697963,64.57721077533593,64.28249728666405,63.46474382099388,63.124456964130935,62.631651488943305,62.44887647537658,62.25353327228343,62.06884110402646,61.952284653177664,62.11658193339235,61.965893196309906,61.883838965693855,61.987017799908486,61.781307427140796,61.64494691038808,61.53520509913369,61.55868507778229,61.76944526944523,61.9683408574856,61.90879186103544,62.29136192511194,62.34859808213468,62.26434288815244,62.29886773433287,62.44435425685427,62.49456857956862,62.66941624197065,62.65596656101979,62.83650708859044,63.037914683577924,63.08143538868535,62.99387234950965,62.97237093390949,63.02539960912609,63.133096481707646,63.31290367040375,63.37509039406373,63.27886605759426,63.30393869380949,63.26115275966981,63.18275344254522
91,68.83952482702482,69.48604242979242,66.35767874101205,63.71841804029297,60.43478530728528,60.70377068918738,61.28167698703404,61.07013443732186,61.90750067833394,61.242947191697105,61.7807303807303,62.61550925925916,62.7592897842897,62.4079924704924,62.37588590421911,62.10610150844516,61.77817430390948,61.853794148238514,61.76367253604087,62.265838420838314,62.37907048859424,62.169422013171946,61.990596078639506,61.88084914699494,61.78500386650386,61.425845699884135,61.46245666199365,61.46514295889289,61.59621629966446,61.60203839370496,61.538577894626144,61.67869782127581,61.55489556739546,61.435454074792155,61.175472265829264,61.06030346967831,61.096581334081186,61.38513431013417,61.45066215835432,61.781173051485354,61.84829258365821,61.862047575440215,61.86879785804179,61.91743915806389,61.943359336136886,62.00358215657108,62.022251448315046,62.20751106532335,62.38654458730974,62.403567562067494,62.27585021187956,62.20149063899062,62.13508746669134,62.17085575604104,62.28067636067649,62.45538621431488,62.41184924562128,62.39353097413451,62.33445172216367,62.264172432505845
92,72.98899572649573,70.79395095645093,73.2057454890788,68.85505062067563,67.3557203907204,67.50665445665443,67.89232586196874,68.29541488603986,68.44379324379324,67.76137311762311,67.52885124135122,67.27665428707093,66.82909935506092,66.15447337054482,65.70461640211641,65.35285122863253,64.87069058392588,64.74966337674674,64.60130936315147,64.61940374440371,64.59322659263132,64.09293900543902,63.91060877528267,63.50824069834481,63.18530911680901,62.829663481105655,62.66410388308527,62.459895560788304,62.55726478183363,62.339975749558995,62.1317798390378,62.21408189611298,62.261794070127266,62.210390929876056,62.106766527123575,61.900695575001016,62.14496116996105,62.233578470749414,62.3781746031745,62.59692791005283,62.7118057416837,62.82387626703096,63.03506154698008,63.305688293188176,63.3358521005742,63.49689264037079,63.31205890248433,63.327595369522314,63.319133691327416,63.35798290598276,63.30208906924577,63.440094921104354,63.46399438262632,63.527995221513656,63.59229483479478,63.67112713675215,63.610131543245565,63.579188946430314,63.451316111697444,63.264291310541225
93,70.02791005291004,69.69723748473754,66.84215676299014,65.76741834554339,62.58967948717951,63.06080755664097,64.5378350485494,64.97890466015467,65.17018382851721,64.76475427350431,64.83944527694527,64.94729090354096,65.1507740834665,65.09909733124027,65.12954619454624,65.26416488603996,65.08918665756909,65.03869386786056,64.95619738448681,65.25228123728122,65.08157499467028,64.7648603711104,64.50867441737003,64.29045266076518,64.20929324379325,64.22276325882096,64.12067015631831,63.95016170998316,64.09961510392553,63.95138634513642,63.93863861646122,63.74608898046405,63.526237651237736,63.32712193851908,63.171355892784526,63.07742207638053,63.21473011473027,63.41814016879825,63.446996415265836,63.5304502442004,63.50359165450646,63.39454171269666,63.228815155559495,63.32074904262418,63.276658074435986,63.346881580577346,63.30185542393006,63.34186571530334,63.25079333931389,63.2322362637364,63.08040422721813,63.083310830907166,63.1126436980213,63.27528678454634,63.4091915491918,63.42178878495869,63.3726323465361,63.35113065414811,63.327395611294136,63.23568206484899
94,62.213303825803834,62.24236874236878,61.357716049382724,61.01826541514047,59.91334859584862,61.07922941256275,62.16562009419152,61.71691277472518,63.177689594356124,64.2917149979649,64.98498075998064,65.69447242572227,66.00945806330404,66.04177277748691,66.13362908696239,66.29823113807483,65.89398836457659,65.80724121557455,65.46272947325585,65.83740257427758,66.21115011531681,66.13499625374622,65.95808647873866,65.8770826973952,65.78528001628001,65.7174268573308,65.542919323475,65.42171110965772,65.59826884482081,65.3920339845342,65.45055503039387,65.38717376373643,65.13661215327895,65.03014601139613,64.87856154427598,64.7125079138969,64.7755117755118,64.82884936700734,64.64732632040335,64.70934956247467,64.54570329174,64.35164798825524,64.41648221502884,64.47190402190415,64.44279948446624,64.3835005574136,64.36728398669891,64.45193208604664,64.53349821002882,64.63446571021564,64.49257104551212,64.39625403086936,64.30967086721803,64.40021537104874,64.42134088134092,64.44045420518644,64.40556510578442,64.41335680602926,64.40209846650521,64.30904787342281
95,65.41413817663819,64.71562372812373,64.38566680233346,61.33519790394788,59.32187016687019,59.30957298873968,59.64646709111002,60.72910688848197,61.5934292045404,61.20727004477011,62.028418340918414,62.64002594627607,63.20439716978196,63.55656397174271,63.42388787138802,62.94706037596672,62.459305346070096,62.49539948220503,62.41947925368972,62.998076414326384,62.950347888443176,62.572496716246775,62.423073826334786,62.07646371760967,61.97345685795693,61.99152167277173,62.02659182381416,61.96557248967972,62.09050338231374,62.018142891059526,61.94251234130265,61.99960778515469,61.67104084187418,61.41748261270325,61.335086051514686,61.17605268959442,61.441258016258104,61.591260603431714,61.55570218006118,61.83622061965814,61.92841247505883,61.83700578522008,61.96570240698148,62.110850260850235,62.151742413964584,62.06924348799344,62.00607902735562,62.072999020655224,62.27652780892566,62.31676271876257,62.20812474562446,62.19432283350529,62.14726695387043,62.26290323188437,62.350454545454134,62.3545892929818,62.272256763703766,62.33341990863511,62.27508890199537,62.255826719576405
96,63.759971509971486,63.14045329670327,65.02613451363449,63.34904736467232,61.59973239723239,61.97642280558946,62.238087243444426,62.840838675213654,64.34500407000407,65.03520197395198,65.52484274984273,65.61525657983994,65.81565190507492,66.13096219256927,66.3722473205806,66.44378179690682,66.46567939141474,66.589714477909,66.27270044770052,66.24728912291422,66.27401447758602,65.86088679838691,65.44454907009263,64.97366029032706,64.59556288156298,64.24563805140734,63.93765337885716,63.71243531600674,63.770612290008806,63.63113620946955,63.670381530058954,63.52265211640214,63.49587403337406,63.37341763628527,63.03814698528983,62.882905134988484,62.93065923065924,63.01360198037831,62.94828798931363,63.16759246540496,63.15220102842056,62.946280306994566,62.94226367947291,63.02215724090715,62.97529767557537,63.10340685884158,63.07537896500658,63.32714194563151,63.53621846785104,63.663235347985264,63.502301547399554,63.4134774858332,63.386556699764206,63.55261705030223,63.607651052651114,63.63137291775686,63.60905111782305,63.59104590333043,63.475991891034305,63.341232956858
97,64.33247863247861,63.498636548636526,64.05481108397774,61.62885632885635,59.96837505087505,60.82671109754438,61.875055235769416,61.71272385022381,62.054510921177524,62.70310541310538,63.29601509601503,63.78353980124813,63.91927538273685,63.44070985231688,63.51107210690534,63.61487904456638,63.32562725945065,63.11888170985382,62.89945215603097,62.917396978021856,63.04621102002043,62.959769859769764,63.11976805400709,62.98556250847909,62.858706145706016,62.83808036692644,62.68903322329236,62.55535641607067,62.59442479614897,62.49691205399536,62.553788550159524,62.553566977004465,62.33178318594988,61.984931707725856,61.75582490261062,61.66674382716047,61.974613762113684,62.27324614956183,62.29868155348917,62.478441188441145,62.50507757824832,62.2737735478807,62.328001746315735,62.49476969789476,62.62746653552209,62.73765008140007,62.58871623845025,62.685905173144675,62.76690764828512,62.869347883597925,62.72834378765747,62.58992380482764,62.60447402876652,62.801261041770374,62.96042235542245,63.21270431783832,63.13338617198276,63.05693742719612,62.99267373398746,62.87362103174618
98,69.11893569393564,64.07994759869759,62.077938882105514,59.244943019943015,58.82946988196988,60.78558625016958,62.39611314611313,62.03596548127793,63.86138470582913,64.84945868945867,65.14450410700412,64.86567841880341,64.82622843680537,64.46165947148091,64.55115723782399,64.19912749287757,63.87832124302728,63.73382173382183,63.84230287256609,64.00015593203099,64.11332538713499,63.94390840640852,63.644467891207086,63.127626212522095,62.84957387057389,62.76280016280017,62.82572336785289,62.646249418570775,62.79486547934811,62.90300671550663,62.96881457849194,62.90186170889291,62.69827610660933,62.584542663219,62.247878510378385,62.09636200990352,62.22503877503859,62.404907835828745,62.52953140164659,62.566656746031555,62.45988402970092,62.22115905478986,62.22427189520198,62.28554061679047,62.307816895038954,62.298182433508394,62.17985196442638,62.32765016619172,62.37970095852734,62.43291483516472,62.30387598059139,62.21920494035847,62.21645740702311,62.21329968042895,62.32206006955972,62.40635683760644,62.323515073295404,62.23640539696532,62.14470908093746,62.047139550264056
99,73.14813797313793,71.81552960927957,70.11647334147334,68.79884513634508,66.37412494912495,67.19566205399535,67.75691464620023,67.59015504171745,67.7764493736715,68.56124084249075,69.18255448255442,69.45032941595434,69.32288868538859,68.71911993429842,68.44968898385558,67.73670030779395,67.35931731667017,66.91339794464781,66.474151457704,66.38298712861206,66.19726655619502,65.66852360602347,65.44552365911049,65.2290725478224,65.11096296296276,65.0454406170751,65.14987413135547,65.04767064945622,65.15509048741797,64.95729989146649,64.79929349324506,64.6185767068579,64.42422824089478,64.16775703871278,63.89756453863588,63.71393552435201,63.9731914606913,64.31134674292556,64.35660436429652,64.47737446581182,64.35063742716166,64.00776728782665,63.77183308723993,63.87997546435036,63.822021435354685,63.88994631576139,63.79072482875656,63.93880600495169,64.0491270256575,64.26228205128194,64.18036771688726,64.06412340330601,63.95903272129691,63.901402643995276,63.93286889036902,63.97066017646388,63.9090944062436,63.7943574305644,63.68727373536699,63.583517077058744
