,0,1,2,3,4,5,6,7,8,9,10,11,12,13,14,15,16,17,18,19,20,21,22,23,24,25,26,27,28,29,30,31,32,33,34,35,36,37,38,39,40,41,42,43,44,45,46,47,48,49,50,51,52,53,54,55,56,57,58,59
0,101.55951363451368,98.68632733007738,95.41785714285717,92.45790725478233,91.22199531949529,90.17681793515115,90.8101219547647,91.91718749999993,92.89280513724945,93.1673982498981,92.76133912383894,92.77009861280686,93.08732702482702,93.18739243560674,94.2010761769095,95.4776585393774,96.66710898034431,96.87106000994895,97.21385622175094,97.14646672771671,97.27369953679482,97.00981356606354,97.19626245332765,96.82290585571835,96.56228795278801,96.48037220969914,96.44298075038814,96.5609670256991,96.94138001206964,97.0790683082349,97.13251818372785,97.24780267475575,97.57720473970468,97.76311304436305,98.14089089481938,98.03880169470442,97.90655628155628,97.96357988989554,97.85254870959989,97.89715265059004,98.0064725473261,97.90834362947446,97.71599062006025,97.48475020350008,97.5288259168813,97.54236465024492,97.29596019622595,97.06840754731363,96.94210273853118,97.00408984533965,96.96019346485011,96.95455243652344,97.0078777616512,97.02772351105668,96.86462962962946,96.92812536339314,96.92022149390559,96.88079431743213,96.89033408524924,96.78391975308628
1,105.3835520960521,100.97313542938542,97.44090354090348,97.56648224460724,97.77140008140017,96.00307370099051,94.66791819291834,93.5671035561662,93.91054470221155,93.52215150590168,93.07016640766648,92.38141491995668,92.4633468739238,92.49313840920985,92.84136379053045,93.87876252798138,94.63874404462643,95.05227863700085,94.76627171561368,95.08648402523386,94.94551330503704,94.91602887852879,95.10383708481525,95.44588336046658,94.92538400488391,94.38109522244126,94.10321021571018,94.63634640822134,95.41875078944035,95.81757563424213,96.19524695734357,96.4882203589233,96.73423305089958,96.79409116210562,97.18161419268537,97.48373750734834,97.63067573067556,97.57497549964653,97.48819790133892,97.3875267094016,97.27372638653115,97.19271130104445,97.2641442106557,97.3536277380026,97.45991566047103,97.38947439436554,97.31506085522035,97.27115140839099,97.1392569543079,97.04780168905167,97.05948749870322,97.06236684433803,97.31813541978642,97.13801270745724,97.0370672845674,96.96976949968025,96.85826737427602,96.86765329179107,96.80905153383945,96.5221921211503
2,90.94745115995114,100.057939051689,98.41586962420294,95.68850605413101,94.04231888481894,93.22808218016564,93.1567278620851,92.58530792124557,92.69368527562986,94.23482346357352,94.21245421245423,94.73596060575227,95.0405294136063,93.88764135996271,93.83818342151672,93.62868844118843,93.9657916157916,94.11270180436841,94.57975413962254,94.40383725071223,94.17434225827093,93.98412837162861,94.12023411371257,94.2869694156155,94.21457142857162,94.56054639804661,94.86315553445203,94.94808673469407,95.36953952816044,95.50261480803172,95.35072669266255,95.43009020782489,95.8347909806245,95.97147899758207,96.30897494040369,96.33534134332756,96.0220095095096,96.00978394169188,96.00142619725959,95.90727614977627,95.93802041454482,95.81132115239262,95.74775641025641,95.82528397528397,95.93876192737308,96.11996148979848,96.06676073138847,96.08405936270535,96.14568070818079,96.20990079365086,96.17157471250619,96.25179520443949,96.1914584629208,96.21287327213255,96.05034049284046,95.91802884615389,95.8663335689652,95.67842748726373,95.70060584424994,95.63402557319229
3,92.53517501017501,90.15054690679688,93.78631969881974,90.46200396825405,90.7365964590965,89.72826533034882,89.36535554392712,89.30147410459927,89.30204574232364,89.58480362230381,89.71031514781534,90.17485839777521,91.18612128612135,91.32571261410557,92.53303452720135,93.80330338064726,95.00987933635017,95.63967349522923,96.16330221922352,96.01301282051303,95.89131877822363,95.62162814037828,95.55736383182052,95.64609767161872,95.35873260073284,95.23215068407396,95.2674320535433,95.33047197511505,95.35280532047798,95.51346476054827,95.72878182152398,95.95778690349029,96.28268197851544,96.58975930115649,96.50691406477132,96.48355887939235,96.79319594319608,96.7822320223637,96.81806990492902,96.84029800061056,96.84101695504141,96.55933884237466,96.43125680305921,96.46902495652516,96.40714127436362,96.35011303109138,96.31819161925564,96.37055987993504,96.3954701477663,96.3071710419213,96.2435448538392,96.03746389828143,96.11031861220553,96.20088108051085,96.40801855551871,96.35027863175209,96.3619204706927,96.26535768669419,96.28014407124606,96.29537121828815
4,88.597033984534,90.98716676841678,92.80660527743865,94.78861543549048,94.41110093610101,93.38391330891329,92.71687307401592,92.84733541921042,93.30405078460636,92.748338929589,92.92400839900846,93.70457239519747,95.32882189036047,95.28014128728427,95.48727852394526,96.03287259615388,96.21783828916188,95.89503855198312,96.17052968960887,96.06925340862855,95.62057047890397,95.67074545824563,95.51227327422991,95.00734487349088,94.9184574684576,95.04483031213816,95.33341982092,95.51160895982338,95.89429708222825,96.25348731515409,96.79263214384191,97.26040569673395,97.51108767775459,97.76237460796308,98.07143133321735,97.95200193325228,98.00395299145342,97.76561368699566,97.56524777454305,97.33161579161613,97.14144827620473,96.86165620094224,96.83748035986454,96.69727910977949,96.60640075973447,96.66787649749638,96.49052641605859,96.3739644807357,96.18309006752929,96.18592022792065,96.14658638384174,96.07480325052485,96.12100909223592,96.11445878367226,96.19012487512536,96.24004493357218,96.34043084920327,96.46457938613162,96.54203296703353,96.53622473205863
5,97.12332621082624,90.73709299959305,90.92964150047486,91.74973799348798,92.44803520553523,92.15640347307024,92.46209445316589,92.02514562983312,92.41198277031607,92.51143569393564,92.75861592111593,93.17293828856327,93.81723685858299,93.42805577359147,93.06860093610088,93.65990759818877,93.53522588522573,94.02831874915186,94.11588051324881,94.30713904151393,94.1206799813942,94.22455553705547,94.26528153810759,94.59246413308915,94.2923982498983,94.3454543142044,94.25015450941389,94.25374622071061,94.79827691465631,95.15418922127265,95.3293764031668,95.62635804588943,95.99318906402263,96.0797197083964,96.43292328042342,96.1085321699907,96.0889041514044,96.00662085234474,96.40438516848788,96.60981824888077,96.48947271111912,96.35938063259502,96.28125313532296,96.40606708106706,96.71866684755574,96.77351234715363,96.68488707903589,96.55630087505078,96.61603872318153,96.68008536833533,96.71952893693087,96.76720535518609,96.90670725151843,97.04369987865351,97.17258288008281,97.23376022951909,97.26090234489355,97.48452530068904,97.38239938811971,97.29876441459773
6,99.89605209605205,95.38762210012207,93.50982905982909,93.88157178469683,92.93985958485972,92.64064407814423,90.83503474039192,90.43598392348397,90.08554809388144,89.87037444037452,89.71183862433875,90.15079704246395,91.08813515544315,91.26155554102014,92.03385191968559,92.49494747151034,93.13335128923401,93.84029586668501,94.06154595891469,94.58390211640227,93.98109022811417,93.57444476819491,93.7650528215748,93.88525195868962,93.7799696784699,93.7557809711658,93.89059772532018,94.29806002529232,94.67882825986293,95.25646604938285,95.71573368387902,95.9046539542635,96.12960912544276,96.28272133639817,96.64902857724323,96.58275279247525,97.08416218416245,96.81190114709887,96.5750339167008,96.61761294261309,96.41015776229203,96.51531993139156,96.44575169662393,96.30241737429256,96.42470763804124,96.40224204137266,96.09805386693712,95.81057692307725,95.714387672041,95.71330525030554,95.77777847606322,95.71800399564867,95.62328359097259,95.65118039539361,95.51591972841993,95.40680462890302,95.40888697884331,95.40302434634343,95.60506974193433,95.6138224121559
7,85.28062169312169,86.12473290598297,89.58037918871256,91.94142882580381,91.79299450549452,90.77721815221817,91.00357796964946,90.36576236263744,91.22197858725636,92.55593559218556,91.93853091353085,93.44191722629219,94.58238940546623,94.48621358799922,95.43217372134029,96.38187512718751,96.8648546170605,96.83376124903904,97.56532383308708,98.13541157916166,98.2540702463322,98.26111434861454,98.26053533825291,98.04474481922415,97.65218498168514,97.33035244669883,97.7001433922732,97.78393275045077,98.53120640534448,98.82441883733566,98.79647255373077,98.9182347311256,99.15666370666403,99.58977620962939,99.84120879120894,99.87590628250366,99.697925947926,99.56729952552327,99.5107172860378,99.8011710164835,99.7934145348779,99.6676704798728,99.62161325969457,99.5502813159062,99.621671301949,99.65052965351863,99.56186557729099,99.38875587182861,99.20986820247003,99.06532264957238,98.87322166758415,98.75652560580414,98.32499414456937,98.15426606144173,98.01939939689905,97.88460757166077,97.7601673342898,97.69903723351963,97.64760550968154,97.60988977072289
8,100.67686711436708,105.31728479853486,101.69952686202693,100.68857982295488,97.96879833129833,96.22756664631673,97.20408890051759,96.73415051383817,96.49061298783536,95.86271621896645,96.08723452473475,96.58775607108954,96.59858489089267,96.87867027152754,97.28357448107468,97.91892933455443,98.32028448131396,98.31766268710729,98.13427291519416,98.04568630443649,97.7643390119582,97.39628496503515,97.00076091380453,96.80725859788373,96.38137220187228,95.89580417801575,96.02137581211652,96.29782418309199,96.59087968225906,96.56469000135675,96.97912941300035,96.94271771342072,96.98913463080129,96.93386767099992,97.2777561195416,97.46676686225263,97.48515699765667,97.78374019985827,97.52483367771794,97.30823565323524,97.33150133515942,97.19248418028141,97.0671270267196,96.80811017685978,96.8400560756112,96.79493937021066,96.73655145091271,96.71195690883157,96.59889912619474,96.6505739723236,96.50029158386965,96.31801827979676,96.19782341173817,96.29113690664583,96.33451511451476,96.35117921100033,96.39545141343355,96.32287886124054,96.10464402985549,95.96792099104557
9,97.67156084656088,94.64934879934883,92.3258784425451,91.67547440984937,90.52307895807874,91.45315510107159,90.65453587417859,90.07133445258434,89.51879380907154,89.15107397232386,89.7417642542641,90.52877068918725,91.477521837137,91.804307663236,93.07139295889279,93.50765923890906,94.08708671502757,94.31695043639466,95.01032522545651,95.55611899674372,95.2743371707655,95.0870590058088,95.15581324874785,95.24882415038645,94.86530138380114,94.62251631915066,94.36045086600616,94.40372805104926,94.85365388123981,95.25040971374276,95.91305847676779,96.16689798916312,96.38657869907827,96.73331103809011,97.29951508808617,97.45378679961975,97.13921063921029,97.0647194910349,97.13314157352586,97.06166882885607,97.08335628914865,97.03263428590775,97.00272228847777,96.86840821215787,96.88553814498236,97.07653642653625,96.78032575186809,96.52820989774101,96.5201603290887,96.59352625152599,96.53061949851138,96.52115325913383,96.37029204198991,96.3759364777881,96.10132108632085,95.99685483167606,95.91219126877006,96.1190058664195,96.05345062188269,95.82652404694055
10,93.0177808302808,97.06596459096458,94.23936541853203,92.99536019536018,92.44275844525842,92.94938356396686,93.79409922088499,93.59379324379326,94.26032424365775,93.77609991860008,93.4537152662154,93.57329102224949,93.8955218214835,93.87762369905246,94.06290733957411,94.74622348137974,95.73839629869033,95.93978061547497,96.32697930724234,96.78935464997944,96.6791799910846,96.52213319088305,96.76728734228716,96.90141199464104,96.77281644281628,96.39060318242994,96.56294694674311,96.81684872667007,97.40824105651686,97.3191186745352,97.42688877729194,97.43844452711632,97.64893439893424,97.70437779812771,97.59860849467982,97.50396330778263,97.49689015939005,97.39658039329076,97.34954642935395,97.13455331705305,97.09978955100881,96.77252626121637,96.54765040084766,96.60023182835647,96.53269603852893,96.44756961034096,96.1334266403411,95.91570258445216,95.96597673868047,95.93202431827397,96.02851756087016,96.18755195125355,96.42465174587785,96.32996239014724,96.20014726014692,96.09550900488367,96.15925443951731,96.10142195767163,96.0283198126416,95.69019400352707
11,88.42664835164837,95.24000305250301,98.29272147605467,97.0849727818477,96.24543752543748,94.52886904761903,93.70506933542649,92.93134221102967,93.43232091982094,93.60080077330068,93.05740833240823,92.82196869488529,92.58987273410332,92.41791855631129,93.32812711979366,94.06753694800553,94.26864959659055,94.69453799800995,95.05972382880253,95.38360373422854,95.14578124697148,94.89145414770395,94.98170046539593,94.98889546024947,94.72494810744797,94.37938953852404,94.53935637407848,94.54275684632819,94.93245319495313,95.20524928774925,95.4301457652264,95.61730928215303,95.73997561080904,96.05241506859159,96.15455680562819,96.14798661986154,96.1854823229823,96.12487575777047,96.11991614748014,96.0129106888481,95.90718020687511,95.90455307479085,95.9481795013769,96.14914518351993,96.32200752950729,96.3311484710939,96.06456303743502,95.96014384920602,95.88998280630892,95.75612006511969,95.78638833026046,95.71175370213794,95.80224378172457,95.95950798172983,95.84475293225256,95.72789342766988,95.66319172218272,95.68794366552952,95.90306147085766,95.78937059082857
12,90.71490130240129,92.37722323972322,91.80571665988327,92.14773606023599,91.45151404151389,90.39893162393149,91.06817402174524,90.6567377645502,91.26906231628445,92.5117272079771,93.28925010175008,93.79894434269436,94.90471259509725,94.95505370951801,95.32436338353001,96.68516515313398,96.75608764873478,97.00432720571614,97.0208734978472,97.06196148758642,96.5066009167199,96.38983747733752,95.91582811311085,95.89137689085618,95.62969271469282,95.58921801133344,95.70573456036428,95.85476935432294,96.651785187992,97.22600054266718,97.30769936455427,97.23138624974568,97.74304661387993,98.00366315329552,98.37656433513578,98.46466388549723,98.27156565906566,98.18106899192432,97.91250587019826,97.74107842389108,97.61016793730218,97.55099715099718,97.69040378226426,97.50587618400118,97.61182110070993,97.67469474969464,97.52582666545419,97.17724751136193,97.25830945320716,97.49838603988577,97.62329518702042,97.69513076844785,97.6976452530696,97.59110035197982,97.65865699115683,97.8416262391707,97.95083452934317,98.13136710033253,98.24876020087873,98.13130842151661
13,91.41471306471307,95.58827584452584,96.25343237009899,96.03635531135536,94.33867419617437,92.23279744946429,91.8387587941161,91.41181827431839,91.92252803780596,92.65620421245437,92.31082436082444,92.3046915276083,92.38154761904767,92.3472836356766,92.71314441731121,93.22897079772093,94.48219193660384,94.41988451363466,94.41871827003419,93.94856430606438,93.61239534275255,93.4789580789581,93.85281582346789,94.07885018145423,94.07335978835971,93.89147529820598,94.24984530216011,94.2329681231467,94.81101813256988,94.9204867046534,95.31412915041949,95.26729863018934,95.53325316658659,95.60743942876313,95.93248778998795,95.94944616854363,96.12907729157747,96.07452364886589,95.97943186917567,95.74848277879546,95.5272725016629,95.5879828284591,95.61704811123435,95.6281037249789,95.7539336589338,95.84384787917415,95.81509809142797,95.8550489248407,95.90478973030007,95.9391410256412,95.88942098206819,95.86770784415023,95.67265437218279,95.51260090218427,95.29005892255897,95.33517364745049,95.10447031039143,95.23770578080926,95.25415933721021,95.11960063085056
14,91.57480158730156,94.82063237688239,93.67557319223974,91.69238527676015,93.20566341066332,92.61965218423555,94.0881751846038,93.77333129833144,94.19691584136024,94.51154354904345,94.22940716690705,94.65441765025095,94.97702874049027,94.16163403395555,94.18326448243118,94.45947547822547,95.14052826258688,95.57088731741494,95.98059946875723,96.2055489417989,96.17079941663266,96.15254999630005,96.00060983702296,95.49740176875608,95.1969267399269,94.88438096803498,94.76487473431932,94.69215470376203,95.43566990161841,95.97402048568742,96.44403268475872,96.76081969246063,96.95044677544705,97.14581986640842,97.49944444444466,97.70823356170598,97.49304414304433,97.33934837092745,97.34746981413655,97.02006512006515,96.89902940329772,96.85145199817813,96.88224839329483,96.88415612165605,96.86550728078498,96.6364500937869,96.38600080967092,96.36678919074737,96.38954974541696,96.25971326821303,96.41270749040342,96.53701032763519,96.63084563933612,96.55049848128542,96.41195822695815,96.44585150299429,96.50555662660923,96.67069518125552,96.56545170146869,96.41894434269442
15,96.77923280423285,98.46792582417596,94.47336691086699,95.04874847374855,93.52440577940592,92.15579127662465,92.59727309727312,92.70912126068383,92.97072875683986,93.89827380952377,94.34733784733778,94.2618093711843,94.6811723177107,94.26741089598222,94.84636277302938,95.5422991071428,96.54047469415119,97.2046966151133,97.9791326607116,98.08806776556774,98.13864032792603,97.94052452177439,97.85548720603046,97.49493348087086,97.14800488400475,96.51153885288494,96.09537526944929,96.5572983894412,97.06948970569653,97.02168057251386,97.0186381569446,97.49840045660379,97.71285890035905,97.44293315616854,97.6216717541718,97.37699288879837,97.33513004762992,97.26186473127254,96.82753409932883,96.8974299196172,96.7755302172983,96.79605427641121,96.71811648730237,96.54954998704977,96.62339449644988,96.45712471908107,96.3647912174507,96.12543095407666,96.0463670022342,95.8991041921041,95.78331976665302,95.68901304358029,95.54715358889882,95.5409268115286,95.42961122211116,95.44789195592756,95.55255892580445,95.69119072179407,95.83455864599928,95.5287686541853
16,94.59993386243384,93.68881512006516,94.98224121557458,93.7497290903542,93.00182539682541,93.17581145706143,93.63081647188785,92.55635683760673,92.45240356351447,91.88810490435469,91.78903503903486,92.0805737857819,93.18833982968582,93.51806791092488,94.3493393026725,94.55235551485548,95.50895131556881,95.48152642110966,95.50189710387076,95.85199328449319,95.1165397213015,94.82732475857479,94.53522610642177,94.81990783136617,95.04294098494094,95.0320514777246,94.78766562655451,94.83789773387988,95.44238593462735,95.96629137837473,96.339605734767,96.63028178418803,97.35913947163952,97.73377893892588,97.92345441595431,98.06936035929064,98.13940355190331,98.07375463230696,97.8449028416974,97.7330886243384,97.51132751620541,97.42863308428765,97.2362064722528,97.12883505383489,97.14903710487027,97.20375303038337,97.08719626512178,97.0405058675892,97.11588807073505,97.33185632885633,97.31336966410495,97.2639724413763,97.24679228004695,97.11923321877013,97.16765207015187,97.14789495392155,97.12091044919974,97.29523590234783,97.26436832157155,97.22109593338749
17,91.73747964997968,92.7550824175824,93.27131155881163,94.12244988807494,93.26018925518929,93.92122676706019,95.24169210419213,93.98281122812385,93.67815821010284,92.93085368335385,92.9741735116737,94.47738943155618,95.60503506465055,94.94858349322638,94.60793243793248,95.24188606532364,96.17617461514536,97.19841043729942,97.45556706938301,98.18649521774532,98.27485924569272,98.17446049321053,97.94295601741256,97.89726906966496,97.46268966218975,96.79590299301846,96.36472964621122,96.35892820803545,96.72100630850649,96.74484822276511,96.9530357635199,96.74342424069002,96.66802688052702,96.4657090186504,96.40371373335682,96.27604887396572,96.30391366641395,96.1787785435815,96.10340197551768,96.2380608974361,96.34492800559893,96.18522939802715,96.07713083643331,96.09679891867397,96.2180787319677,96.19208450567162,95.98122645675858,95.78390376984152,95.70952297891091,95.76957254782272,95.8388898864391,95.66883844431943,95.8531586687249,95.86057079922843,95.78284558034576,95.66712072649588,95.70994758977228,95.68998980744684,95.68191926560584,95.57395935083441
18,96.78253968253969,101.56404914529918,99.78606193189535,96.5085317460318,94.96749694749705,92.69249847374854,91.6482898715042,91.98502938034197,91.70596199068433,92.09030423280446,91.93518749768765,92.59748550061053,93.06017814094733,92.38101779173202,93.16654660154654,93.91177248677235,94.61187782805393,94.24883128702547,94.52069918385689,94.76983211233191,94.75651636723045,94.78919668294644,95.00199076286003,94.81805004409142,94.61988258038228,94.27964039165933,94.41007231794234,94.75623528257427,95.42780268900934,95.88273538190184,96.39426014546952,96.89751268696546,97.12136752136722,97.76118727405468,98.4668351357634,98.74526692443325,98.67338794838761,98.6338040614354,98.56896882794288,98.57417048229514,98.54543700427814,98.37179935364422,98.3140059015056,98.26675014799983,98.38847442680742,98.31915036453049,98.19565126559773,98.10017318715208,98.06394163281888,98.00651129426106,98.13526887963141,98.03747622569713,97.94044384162277,97.90568801911367,97.73789090539069,97.63391603436222,97.5772031574662,97.66866237211049,97.56144636907328,97.37601156559487
19,80.65434472934474,91.79704161579167,95.11068545651888,95.58837505087507,95.10208485958492,95.35188576855242,96.55175882318733,94.53028909747653,94.37300004522217,95.01138939763925,94.57643005142994,94.34106761294245,94.80598329732933,94.92892719053418,95.07742640075965,95.18503287800155,95.65625583566755,95.5629734206123,95.12373455005036,95.02241834554337,95.02171637885917,94.71296296296298,94.63104616800273,94.9947653812237,94.74270695970688,94.77174751886274,94.66061102820349,94.43887398976675,94.95732600732595,95.28166954958618,95.56023474733156,95.51114720060042,95.8005391213725,96.29169928655236,96.90555322983901,97.35329839913175,97.57755227755241,97.97027959856923,97.83674157039553,98.03845670533188,97.7877102008201,97.68098254258985,97.66934849173235,97.58518333518342,97.77999208610322,97.87750924598751,97.79547699148766,97.60218243369289,97.28176316314087,97.2662447089948,97.20737598458204,97.01314131915107,96.91078003931793,96.80210867664589,96.60867299367317,96.69554897813839,96.70169360366734,96.7851503620901,96.66317094706942,96.55041259666278
20,89.69963878713875,90.96238044363045,90.44285205535216,93.86723773911282,93.29271571021576,93.55642891059566,93.69776295133441,92.76221637159136,93.06869149369138,92.5329802604801,92.12522015022002,92.29782805928635,92.1769986068063,92.29896759986048,92.4633031474699,93.80491389397652,94.1151434077906,94.7674453375844,94.6069329306173,94.87174781237296,95.0909415760608,95.29233659858679,95.5148714409586,95.37442108431713,95.23519251119274,95.28260601577934,95.37063077526066,95.48060588551681,96.10659165228154,96.21443257359948,96.2931441766122,96.40623823514474,96.62080959164317,96.98592945725318,97.28813143206027,97.46626800411545,97.3506142131145,97.08965388899621,97.09942393788572,97.0765102258855,96.94040198735348,96.71700026164343,96.56601499275952,96.59438351000888,96.5895374892601,96.37062839535703,96.19404978394381,96.20985025776741,96.09066276693876,95.92653194953243,95.73472212246772,95.71321606634159,95.75920473656375,95.87986148796382,95.91717865467905,95.92757100703574,95.7639717170424,95.75967968015428,95.71061650214249,95.61476173517893
21,91.13073361823359,96.39288258038255,98.24216185049518,96.78701923076919,96.55461334961326,95.94302927011255,94.85401549508686,94.48606277981278,94.2254211323655,94.04197700447699,95.26769018019003,96.46112382987371,96.92036841363756,96.94348653991501,97.47220288970274,98.43451077279185,99.19430109650669,99.70439843078718,99.70609027911647,99.88045177045161,99.39901035912936,98.99225404225403,98.99694594857633,99.09824375084787,98.87331929181919,98.40845406374247,98.21488302506815,98.46122121925688,98.86633106676207,99.05704432912775,99.5429431381046,99.71438587454227,99.65947971781337,99.801052066126,99.89537022501342,99.78066253448229,99.62899272899307,99.45035558982971,99.38252807259273,99.22736467236528,99.16845188461109,99.0391634930332,99.05069343877547,99.19073923761486,99.07491803464079,99.09744563005489,98.97854934663499,99.00108989197584,99.11325160100715,98.9294613349618,98.88688351408983,98.8842480080464,98.81026418550034,98.70736680158004,98.7820769045772,98.92025235842226,99.04588527943815,99.09916178967934,99.11358846740227,99.26838166463185
22,107.25653744403748,107.2403490028491,104.85941358024698,101.02478378103382,99.67666666666666,97.25919057794054,96.04944255479975,94.14625877594638,93.94438791661042,94.69897334147359,94.92508140008154,95.0920868097953,95.7072645659185,94.91089561893143,94.9702638719306,95.40845638736272,95.9597587325529,96.230638651472,96.89367007261754,97.04324557387064,96.80341080876804,96.49517612017615,96.25569291819302,96.64330569122247,96.97812006512021,96.61294222159619,96.71619578980696,96.68069473515912,97.17389741484573,97.2585008818343,97.74132990665254,98.09877216244399,98.80721454471451,98.89429870238689,99.12843740915176,99.20166926694714,99.1528942403945,98.99591004755518,98.83725814783547,98.61273669617464,98.4260864925503,98.33464518285972,98.3469713963903,98.21236992174518,98.08680979514342,97.91590497867695,97.88016284346101,97.92256690069216,97.70010309984823,97.64940109890131,97.49455158131653,97.49007701700037,97.63972467958344,97.44674682313592,97.35701668701685,97.2184156782373,97.08289098815432,97.09253689318365,97.06943685630148,96.88321903405257
23,103.74835164835163,107.71128408628412,105.2868708452042,100.94958536833539,99.81172771672777,98.62934472934482,98.94485798592949,97.65346649877908,97.76967733912184,97.42795482295483,96.63736356236355,97.05291217270384,97.19850505619726,97.47457519332512,97.05052604802603,97.00500801282043,97.54320189614306,97.54252306335637,97.59376137994555,98.12313644688639,97.73802764695607,97.42650451400439,97.61024645644196,97.83847362128606,97.82363634513628,97.74923276509807,97.95194474592623,98.06455262660621,98.49486600564181,98.55741385158043,98.27456247456242,98.22172809829053,98.34165124998441,98.33466850415365,98.27580876795156,97.94489256885085,97.86618802868814,97.81980994152053,97.92155471546513,97.83099448005717,97.83543223939571,97.5642987964417,97.54889116051916,97.34674087486599,97.44342230814459,97.26614707756019,97.11305919258054,97.13940982821204,96.87777995813724,96.71756145706166,96.6416336477613,96.7185383793559,96.75788035339946,96.8311218702424,96.63100501350516,96.36789557169035,96.35671684553283,96.46170143713269,96.45513665556061,96.29042489146676
24,95.96648860398858,99.28353683353681,100.33151709401703,99.02626678876669,97.64982091982085,97.32227564102556,96.88797168440017,96.29323425417182,95.39805148555153,94.83748015873023,93.71000897250894,93.90547797110301,94.67108496916188,94.76220819524386,95.14405847239185,96.34101165038666,96.8567265795207,97.12409357617695,97.18987506158551,97.49776022588507,96.96633452526304,96.70122539497532,96.73414932491012,96.69523046398041,96.21849938949933,95.69125046961572,95.68930418004493,95.98012220914008,96.53215180413461,96.67915462623807,96.95347542242718,96.83838077431831,97.20650676484009,97.28603075845712,97.61452119309246,97.60067013747545,97.37717428967404,97.2140395058155,97.23529867568296,97.46659556878276,97.40221678727741,97.17592616818776,96.90810853659661,96.90775971713437,97.02966298105154,96.80655137937718,96.59000012989337,96.4470729887393,96.28367160050806,96.2467730972728,96.23728901817101,96.20190556416476,96.33071538000743,96.22441371214484,96.15255272505237,96.1866958108026,96.13454737270486,96.15699330203593,96.16992534301811,96.07725232329355
25,89.3509055759056,96.66595695970696,97.56853547686885,95.6843393874644,94.89614468864475,94.54793616876965,93.66445142159444,94.13516865079372,93.91498100664771,94.30958892958895,93.97340344840357,95.22332281915625,95.39537702326174,95.25769812198395,95.63852733686076,96.40123721764351,96.97942253824606,97.01129426129422,96.82575991260201,96.45336691086686,95.91554475066378,95.61178173678172,95.73323622834495,95.97702631088046,95.80405026455023,95.58289345981642,95.11351976213071,95.22243208180696,95.50113275932233,95.51068681318672,95.65550927567052,95.86401003510387,95.94060414893771,96.19934640522897,96.43040365718959,96.62312242798369,96.47502337502353,96.12624844697223,95.97451825240299,95.74112217643484,95.63305513366504,95.59258762621883,95.75381042299675,95.7945668914421,95.79198966671206,95.88891687016704,95.80345138510049,95.7003323836659,95.51669366159179,95.58583913308931,95.7280450214276,95.80941971134304,95.93857979895736,96.15834152986947,96.49997049247067,96.51111465419521,96.59567847681895,97.0122758866294,97.20667799714411,97.10278430674263
26,100.6985704110704,98.52190679690676,96.79793108126441,97.16628256003266,95.66507427757442,94.80276590693273,93.37292575149729,92.35318414224677,92.05993985438448,91.74412444037456,90.83202630702642,91.17289716456384,92.16096239942388,92.07460244781674,92.86989146655817,93.5340926434678,94.60442672795622,95.30329133315257,95.2590624531416,95.5123812067563,95.28670780277933,95.09406334406344,95.16945063792896,95.26120247422331,94.85830687830689,94.6610514307629,94.77599338247492,94.73578169515672,95.37329515950198,95.66424467507792,95.81086477739697,95.86369794846337,96.16803597636911,96.20337211807777,96.37294421187245,96.37321188328097,96.31314460064422,96.45629003063179,96.45880947162975,96.43458295177021,96.41883580511605,96.2021941682654,96.0528766883417,95.97415709290699,95.77530411974847,95.6726238033303,95.46764812216927,95.39844184557711,95.34765673668721,95.35327665852654,95.32904486580945,95.49156266632218,95.47300214635112,95.35924022822162,95.35481000480993,95.34298115079355,95.34078965219308,95.40245542292946,95.53655536240264,95.4284827363992
27,99.64224664224669,101.87911579161573,99.39280796364119,97.26511116198608,96.82242266992267,96.15999101207426,97.35891766963188,96.41692104192092,95.52890324695869,94.86442460317463,93.76651589151588,93.51766932912767,94.44757834757831,94.2509270161055,94.38925892009219,94.90907897079764,95.3644045224927,95.48208661194771,95.58548400916823,96.14425773300772,95.74009826152675,95.72471070596066,95.47710069720928,95.65586674128322,95.4901845746844,95.2848429526312,95.35182792173504,95.62099631519246,96.10636850378211,96.39603886853865,96.61111455748528,96.52476470288936,96.67005694922338,97.03967999592986,97.2478804000232,97.29395717451263,97.21983370733359,97.30833574320407,97.07532807885367,97.09217745217735,96.9050162800161,96.89525214644243,96.74465457023587,96.72437863062846,96.82049394021601,96.94579838438526,96.95193368491238,96.93207989926735,96.8689295681642,96.82813644688635,96.81616330292792,96.57822048855692,96.66027253668756,96.66848158700007,96.63788877788873,96.53170860224428,96.49663358895809,96.63420075295078,96.65630247028552,96.65847680097679
28,103.09148860398861,102.95952889702895,98.94192104192108,97.69026505901505,96.60472527472535,95.45078177994854,94.61620733763603,93.87352589540104,94.37481684981697,93.71761497761514,93.79309486809503,94.14615935761788,94.54939576093437,94.37884106634121,94.25015364265369,94.35526111619865,95.93359638727297,96.59875101750112,96.6779561082193,97.36425518925523,97.19939507141899,97.04920819920835,97.07100719329003,97.14703907203929,97.30228083028108,97.0395420462731,97.09827929272394,97.39649198354574,97.7849430901156,97.98580891330899,98.2013708364516,98.42516788766801,98.78654848238187,98.99166247695668,98.9240202918774,99.03179450436383,99.13396404646392,99.28150276867363,99.10579858175994,99.05688085063068,98.7791435867654,98.53141643409494,98.21717506223311,98.13918292355793,98.19123027178593,98.07954048769277,97.59537838048492,97.39681087623808,97.4597656217555,97.54989896214909,97.4913678006817,97.38092909583318,97.25294960106308,97.01543407723992,96.87501387501415,96.75690610645994,96.7682946682949,96.96692121735242,97.09871743134472,96.91801341405524
29,94.773316035816,96.78964438339435,93.10501458418116,94.00793269230766,93.9330199430199,91.49662867996204,92.15496758532467,91.67612179487175,92.28807941030168,93.12898504273511,94.05530996781009,94.2969898928234,94.01945853292028,93.8644230769233,93.6975803825806,94.1255294184983,95.04752717326261,95.70732176773865,95.88924019450364,96.35096611721634,95.90339990697164,95.85382326007357,95.57490864610457,95.59148478836003,95.51851221001245,95.61706975360845,95.54384411884433,95.632516788767,95.82760182027447,95.66311796228487,95.5037243819503,95.67551495090572,96.13665254498586,96.43555582489402,96.28140880283729,96.10431830258219,96.05773507023513,95.96347546215974,96.0550271072707,95.99451706857964,96.23311531512765,96.15582034808239,96.13371785406682,96.16623226310737,96.19088952200075,96.12869905859046,95.93375234891194,95.75796406525572,95.74039852815362,95.6196271876272,95.7344130814719,95.70209341050685,95.71852418196752,95.68647241818539,95.70778776778775,95.62629849482528,95.64953025369694,95.75415350932599,95.6326827362846,95.40518391330902
30,87.17409442409446,95.50441595441589,92.68926536426535,93.47993487993494,93.13580687830695,93.47141924433606,92.63142915285786,93.22818668599929,93.30059580337371,93.29359483109492,92.52727688977704,92.94495361891198,93.15813570332813,92.40696842839714,92.90201193867868,94.31251271876285,94.86280554957028,95.13580670872341,95.37907884026305,95.53416259666264,95.23778514254714,95.50488677988686,95.25151497053679,95.13969716625968,95.2603762718763,94.95168396418396,95.45055887185516,95.79109686609682,96.66732786689687,96.86638125763123,97.17287834626543,97.65296283577533,97.7751887001888,98.18358336924513,98.76371983836259,98.75728573124401,98.642501017501,98.79232268705951,98.80923656115976,98.82359305046806,98.95344237966198,99.01120825823199,99.01652054878798,99.02664592352097,99.11327092660439,99.120540801791,98.92569731293152,98.73432348901115,98.71569370727555,98.48321927146948,98.32207797648995,98.24297268792478,98.1834315317807,98.25930231462658,98.15643199393219,98.03420838420854,97.94534796749724,98.12506473411656,98.0343143595264,97.86696589675773
31,96.9062983312983,101.41513024013031,101.78922466422466,99.35536731786732,97.02676129426123,95.85643315018316,95.22141403569977,94.19403935185193,94.95185863519193,95.46992165242163,95.04691049691044,94.36647249355579,94.4559692088538,94.54910641607063,95.8516113824447,96.96398173585673,97.90487921664383,98.36362857821182,98.97924083713542,98.72887998575473,98.42559790297854,98.03263287638254,98.28856417334647,98.43189060168196,98.01054639804607,97.5418089211355,97.1962011411082,97.43956298331268,97.66254385780219,97.3563807488805,97.65155333018215,97.84130895146504,97.94875140291788,98.17062699011207,98.27828085935201,98.31127744426325,98.44035161535137,98.41472872887326,98.21802372603634,97.90434205840437,97.83518034585089,97.68632587650421,97.46026043293462,97.29546922984413,97.22671403699171,97.29645644210851,97.11212114323803,96.97561166649695,96.92074798783972,96.71304232804216,96.65989280327501,96.54507695829798,96.43181466506928,96.1879167985648,96.05407028157013,95.95471657145747,95.83986934929906,95.98377927946883,95.95959408607703,95.78632419278246
32,97.41721611721619,98.85309320309328,100.84469203635878,99.81057056369562,98.69590048840058,98.84433506308514,98.41547619047628,97.88080929487204,97.57532560032583,96.61661680911706,96.09920264920291,96.11426366843054,95.59307316615029,95.15923164137467,94.60919583502935,95.30556891025661,95.99593209078525,96.56547279880633,96.46884733200541,96.5607972120473,96.32771333604678,95.946993978244,96.04925722425722,96.11714404422746,95.65451831501834,95.0243542782004,95.10788186436329,95.21077042996674,95.70596413484334,95.78616317324631,96.09962483752778,96.60058331425492,96.79224247974221,97.1060855538794,97.35924777603324,97.22603558992425,96.94675252175234,97.03683474176876,97.1439887866167,96.97962555962526,97.1660294876755,97.03880579297221,96.90105749117352,96.93294425481899,96.9150087052862,96.7890582143297,96.70256377782945,96.6545685795683,96.54909525470727,96.49762535612513,96.55036679914107,96.47184281174647,96.48058396879132,96.53059766879188,96.54233294483276,96.35402230870963,96.33327942363013,96.37035528328619,96.4150877292825,96.22302206281363
33,96.52813390313398,95.88848951973954,95.87032797449459,95.14844958282455,93.26181623931619,93.06579500746169,92.56836952729806,92.41559892653639,92.1470509428843,91.46852106227101,90.80174408924405,90.93139711368869,91.19180285526434,91.07504215361347,90.6509435626101,91.02308487230351,91.42101738131147,91.77762232623341,92.16455669087244,92.49605947293436,92.71651888675683,92.75419302919289,93.15864455592704,93.1322577499659,93.16325457875439,93.10656229454288,93.02612942612926,93.04286023169941,93.28704914179038,93.66811541853193,94.1118657029946,94.26061348951957,94.98735862902508,95.58911588139507,96.0560535496248,96.10516381766358,96.13992825242812,96.11807188912438,96.35104137315659,96.26040102258831,96.21201097908383,96.07780055041917,96.12548792723166,96.15509513634464,96.11510299371368,96.14689275096839,96.17119064938167,95.97234177859127,95.77542880399965,95.57237403337352,95.61872261725149,95.53547008546958,95.3467925680185,95.35109117562772,95.52743053243007,95.38187549058047,95.32647493020265,95.47739551317112,95.3909680401203,95.1803304334552
34,89.34629120879124,93.27226800976807,93.6147537647538,93.13759793447294,93.2064153439154,92.45068511735197,91.8165489272633,90.86325740231999,92.03875717903499,92.75503306878305,93.11232933732933,93.27174696445522,92.9859510503741,92.95339336589329,93.59672703839364,94.2485236696174,95.17356263018027,95.74437321937319,96.02307692307689,95.87491681929187,96.04273019749218,95.49515114515118,95.29777432712216,95.45707862739114,95.33377899877905,95.14837884693665,95.00932520839942,95.18951501540803,95.92632783882796,96.13355972730984,96.39153209395161,96.32250473773921,96.41114179030855,96.4037488927195,96.19666114308983,95.99544272599836,96.32938226688228,96.46181599832904,96.46945070598903,96.25286337505071,96.21607837735877,95.98322116595911,95.94313612743828,95.84461487586468,95.89983957400611,96.09697658420464,95.78679586764672,95.74790341795526,95.4980184686815,95.48278184778161,95.50563206764168,95.41201071898163,95.43748617734448,95.30447719290295,95.2979548229547,95.26033735609616,95.25698050325236,95.33763709949052,95.12287023240411,94.85056301722962
35,94.87690781440784,89.33112281237287,89.05583367250031,90.04914529914524,89.58998168498161,90.70939577397908,91.15751642537354,90.03094538563283,91.2114316239316,91.1018503256003,91.65028536278541,92.82249779541448,92.98692472057857,93.57987419326714,95.26574074074088,96.3816401480464,97.36364229452467,97.05163337177235,96.91677832401534,96.83089921652441,96.6824907455861,96.63713693713706,96.8442438197874,97.03433302808315,96.95574013024022,96.69708975141674,96.95045090369169,97.04294217687085,97.56876815713032,97.84872184913857,97.90824914332998,97.83953468406611,97.82272681022691,97.72347943450893,97.60469286005015,97.48703124293415,97.48993815243826,97.1494259152155,96.98254920530559,96.80086322242585,96.80531768367145,96.9535289115647,97.06002132019576,97.04814202001704,96.97982397232396,96.86094576719573,96.49562929190593,96.3900751254918,96.24613889511855,96.3314920634921,96.45013786141237,96.42018350239503,96.4789074918792,96.46597128009167,96.34394411144406,96.2062181122449,96.18462966533147,96.36476622036973,96.20393755647996,96.10953194953194
36,97.14669312169315,102.29619708994706,100.18904999321656,98.56292989417983,95.03108363858364,91.99434608601271,90.41971044828186,89.65810757529505,89.90362173834373,89.96606735856724,90.15353396603398,89.73347196784704,89.87641784853328,90.14065607012041,90.84353140686477,91.50793841575093,91.97087822308404,92.15008535702978,92.50682287984921,92.9622418091169,92.84638738686371,92.98705137455165,93.22509533542161,93.6239500661378,93.39641839641858,93.48598235809796,93.41184992990561,93.6826308942381,94.19472267834338,94.51256664631669,94.47404781598335,94.27179201007331,94.3651843526845,94.42662560750814,94.65761279725574,94.58583695111469,94.70206992706994,94.81532798342006,94.94609018711576,95.13363464082215,95.00809645413298,94.89036063143196,94.91080952854203,94.83745559995559,94.88352959797399,94.86248141954658,94.73598273279124,94.62366082027549,94.57910291711322,94.71803367928383,94.54716645917635,94.62834239300601,94.57016197464321,94.62956471683329,94.48174205424208,94.36069847810921,94.40632028789932,94.62166022834137,94.6862476976885,94.62364214489224
37,97.06553724053724,97.53316035816039,100.40787884954553,98.72274877899895,96.87154558404573,95.4840311694479,94.45099351706496,94.78272219678472,94.0237224709448,93.86278490028485,95.38733164983165,96.41042048229546,97.50833920353149,97.35941842548984,98.33971950888612,98.49262184574687,98.29211616270427,97.57488213946539,97.31945836814252,97.2255352055351,96.78180974669056,96.3881810319309,96.27870392489945,96.30336390075968,95.93048534798523,95.56331987101207,95.6905641854715,96.10898834961324,97.05967275062093,97.19623914665573,97.03506324917612,96.93807059549253,96.99145144978503,97.1341305753073,97.25336662015252,97.25497939560444,97.0143778393778,97.1729299209562,97.0580493461903,96.90072255291005,96.79651654804093,96.6494177229297,96.58736654172709,96.84756886631892,96.86570151042373,96.8317101980145,96.68631049801256,96.59069272741141,96.39245678735465,96.51334167684153,96.66227964120102,96.78240985332313,96.84309337587628,96.9933956646919,97.00935592185591,97.08542148162682,96.96532570743098,96.97769436023744,96.85148356822084,96.72649801587306
38,98.89108669108674,94.18802910052915,94.24578924162266,94.46512006512019,91.71744200244214,91.8636446886448,91.75868437118444,91.86279507529515,91.90052683941575,91.96968304843304,91.98059394309401,92.65047356193202,93.66841050687218,92.94820992499575,93.39859788359797,93.59904132326015,93.77005225167002,94.43967179939406,94.42677179058775,94.23105565730573,94.20739214489218,94.15786551411563,94.48777892799646,94.51626772147615,94.41786752136765,94.35160843430087,94.29605303818278,94.51824833565924,94.92754515599366,94.83670058336743,95.03366270825971,95.02522321428602,94.93743062493098,95.43597210251653,95.68039566253877,95.52890056188683,95.62756107756121,95.47082717477468,95.53596044269135,95.59078983516497,95.57521541241064,95.52990508169096,95.51272101068622,95.27838249713263,95.39682437932439,95.27361000513169,95.09738285748918,94.97577997812368,94.64573449037727,94.58326984126971,94.43060234065123,94.46614275147915,94.59362641202254,94.82262319299355,94.85366217116223,94.88214249374968,94.73649570864485,94.81295375282443,94.77500129343349,94.71294566544564
39,99.74432234432238,93.62774725274727,90.9598171889839,90.37364545177049,89.6597466422467,91.18737959571303,92.11040758183623,92.51689560439561,94.0517065753178,94.29404914529923,93.8062062937065,94.10617326346511,94.21127038915516,93.64858930751794,94.00343372676708,94.18869524572649,95.20825402810686,96.04055222041315,96.5579292783238,96.89494836182314,96.65584893501534,96.36197668072646,96.93008396595343,97.49067057556636,97.1364222629222,96.7111629645283,96.63306972519935,96.53934912640271,96.99607139348514,97.20473426265094,97.07151522312806,97.09113470441585,97.21697022113686,97.65135237855823,97.72786600965162,97.504434325962,97.27197857197831,97.31080559304213,97.12040154764486,96.8949716371589,96.69424727260066,96.43199459270859,96.26121877691617,96.23626466126441,96.16528908334439,95.9518246447592,95.88718847149674,95.75452363994015,95.79517403420445,95.88917857142836,95.82968808606037,95.85104861306763,95.87132797321452,95.8049665355218,95.64688450438422,95.62433072053581,95.49915940135217,95.6206120268618,95.71937166725277,95.50946513363156
40,88.22229853479855,93.7165521978021,91.55633733550398,89.40300035612533,88.80661579161576,88.64431556098222,89.61978748764459,90.62107117419617,91.03633722244842,90.58900590150594,90.25753182003184,90.91669252815092,91.23280031933879,91.39941929763354,92.38285917785912,94.30286140364272,95.59464944097324,96.56989779767582,97.19883978107687,96.96297924297943,96.67963738201844,96.63525641025659,96.95890114314038,97.06268569393576,96.43362881562886,96.06215150590155,96.07395706145702,96.77021174922956,97.37068719913546,97.40425739384068,97.81630233565713,97.73885582010573,97.78896227229541,97.92360707103333,98.21853625210748,97.95664781463366,97.77161337161303,97.85189737163392,97.71184110286643,97.65562360093578,97.5549852586435,97.31645941139958,97.11991284985436,96.96041909479372,97.10067550761956,97.08947174001484,96.93786716632428,96.86306609093036,96.7467513684347,96.71974257224223,96.64821418595896,96.48909777010708,96.47006012855041,96.5566388172866,96.45973572723535,96.3310036193962,96.18667814479187,96.26818133973276,96.28496711229738,96.08631817256797
41,91.08112026862024,91.30402676027676,92.45370709537382,91.04849664224659,89.84149165649161,87.86203025369693,88.26630618059195,89.28698361823369,89.93767693212152,90.57112637362648,91.36268546268562,92.8881384818886,94.5415195203658,94.379615093901,94.36280491113845,94.75986594424117,95.24671287318364,95.76563786008245,96.19280814215037,96.43408119658125,96.53734374091525,96.27801342176352,96.14394454177071,96.41315650013567,96.18359849409849,96.2955169296516,96.36509481602072,96.98102451450661,97.52025826982717,97.99240672907332,97.89359483109467,98.102004953958,98.43104734771393,98.50345800713434,98.8458371126226,98.93981721724754,98.77092037092011,98.49318220765568,98.33208506830277,98.34851648351624,98.03321731340002,97.95997369033068,97.99031055077553,97.81893546268529,97.84116006421542,97.60639189715265,97.31197674468947,97.11992468372674,97.10275753158407,96.91989784289791,96.90813242675992,96.9769337411165,96.89951457522214,96.83601030313991,96.87497178747172,96.88397735696846,96.92112189305176,97.00615386369698,96.94255387581666,96.97502458960797
42,105.80960520960521,100.80315679690685,100.26472493555823,98.05024801587307,97.57025030525031,96.07988485280141,96.88621576835847,96.46592643467632,96.68158210102648,96.36099358974363,96.1403281903282,96.97245751933254,96.63249154691458,96.6951566951567,96.88499219915887,97.7718079085266,98.42106556297726,98.53114711934143,98.56130202643352,98.56712734025237,98.13244229315654,97.30967920967919,97.28490293925073,97.38733974358982,97.1219033374034,96.92778345230273,97.17795678258643,97.22655205244506,97.36285191500733,97.4265045448381,97.67513769086389,97.7208875470598,97.89531934115303,98.21897444875432,98.38575949183138,98.51405197169129,98.2429033429038,97.80589079536497,97.7640073364437,97.67111225580017,97.60378485561462,97.62351142023805,97.46283163434371,97.4578057359311,97.56440917107626,97.79466508732854,97.57004054849841,97.32135512057431,97.05672318988697,97.19286589336633,97.40981938359434,97.3856751510602,97.31367857334885,97.10259962088712,97.00358428608475,96.91637785990507,96.81290673264391,96.82971041570208,96.6702735353162,96.61124211436741
43,91.87417582417584,88.83612891737894,88.43487145570478,87.65490817053316,89.01310643060644,88.69751729751731,89.92006802721093,90.0272868335369,91.20159351964918,92.33559625559633,92.42763949013955,92.85742478971655,92.84374432547516,92.86408294086878,93.76856294939634,94.5361244658119,94.80966177069119,95.48579031565149,95.30959583788531,95.08606761294261,94.1936585460395,93.83923206423212,93.88280909911344,93.87887901064983,93.68149877899876,93.75694033530567,93.92801820949958,94.24834456218382,94.81439974457213,95.05810524352188,95.14689891947947,95.22682816315614,95.4178292386624,95.48528109961917,95.79500595964858,95.52477841088941,95.25428587928576,95.01841663453496,94.91940257036407,94.80491020553524,94.8030160219185,94.91154148981532,95.05048437780998,94.81659035409044,94.92752509835846,94.92045918051352,95.04823225434916,94.88255112942599,94.90709790021005,95.13275132275129,95.39195256450158,95.5584565096584,95.59199937030114,95.51255577412971,95.32497215747202,95.13040965317734,95.00177027326131,94.97222345024053,95.06005860116024,94.9596784696784
44,91.82899369149374,92.79633190883196,92.88090489757171,92.01837098087108,91.5166910866912,90.89245862162535,91.52480013372868,92.0982142857142,92.04416010943783,91.5677599715099,91.64861296111287,91.67114833468992,92.20891996180458,92.03806834699697,92.59826210826219,93.77662482193739,94.82012527233113,95.1687389770722,94.83844895358037,94.9506102462351,95.01553457565338,94.83185980685958,94.75449226699212,94.61063797313786,94.51752930402911,94.24691638489698,94.35975029771306,94.70530481423323,95.18959675382077,95.44630884547539,95.78826903383342,96.08603193681296,96.19227840061147,96.35691062749858,96.51758954008932,96.92101817935121,97.16825823075793,97.27254286892409,97.3703221042962,97.26398593304813,97.12402828652795,97.05874481558979,96.99194695270256,97.17924702612181,97.26990118934538,97.02222852630447,96.80366008105361,96.58307100885212,96.4532438555397,96.30654812779804,96.45779096538891,96.54747199915455,96.73385878621713,96.82090041302993,96.91646695896691,96.7835292931275,96.78330486115573,96.84523511290752,96.72691548877982,96.54790988332648
45,95.40522486772483,99.4502772690272,94.15384276217608,95.5066722629223,95.67149470899476,94.79204483787817,95.30372696086991,94.5115289224666,94.235670759282,94.28979141229149,94.47764041514044,94.70522317188981,95.26071154628845,94.87643903715339,94.83663105413106,95.28265478734231,96.28422454451864,96.42071716863376,96.16493075637813,96.28463929588926,95.84002170668819,95.35595099345079,95.33008927465423,95.44432510005413,95.7778589743588,95.7801595128516,95.42966128521671,95.3185246962031,95.3774527037456,95.85192460317452,96.19556369556366,96.12180520578957,96.11342423009089,96.5344543800427,96.75043563579288,96.85476854678238,96.89536817036809,97.0250716267163,97.22072219091439,97.39650869963354,97.40767282627026,97.41186745353409,97.36877880947657,97.28846038221047,97.32210475738263,97.3991245067333,97.0837263701626,96.83042084266046,96.77663288147986,96.7075238095238,96.64278152856589,96.67485236451591,96.83854514632826,96.83340474683077,96.70248075998089,96.67146318463301,96.61979592856804,96.70435683409845,96.68496806081579,96.43365672907365
46,102.94221611721606,104.19551282051283,101.81961402794741,98.05734126984133,97.34553520553524,96.67275895400896,95.84497790569216,94.90662520350013,93.7650386650387,95.0903403540904,95.20936748436743,95.61044422398575,95.87460826210818,95.75588333624037,96.16234466151124,96.79474206349192,97.14951608848645,97.31261588206021,97.00754664438877,97.13262744200247,96.84330920402348,96.54005693380684,96.36100427350428,96.46169659815504,96.48328123728136,96.34009893240679,95.82352085500257,95.79949597360329,96.11313734158573,96.0926068376069,96.08546138747758,95.98842910561666,96.1529339487675,96.14765555794996,95.90860660503549,95.92768408289265,95.72215883465907,95.66220398753315,95.7007768228924,95.59891928673187,95.38919314651035,95.33927263212988,95.19683427038092,95.34773120398134,95.29720831637516,95.32649904443407,95.27877049073884,95.34574546788112,95.50647732841635,95.58171743996772,95.63169296208541,95.78267684950417,96.02742251633804,96.12371747765305,96.21470668220707,96.25492833885725,96.27627883812136,96.3655171536641,96.50306172954517,96.38295940170981
47,93.28084045584053,95.15403439153441,93.81625627458959,92.00825193325196,90.57031542531546,90.72192629900972,91.3256744578174,91.60756321225075,91.92336125808347,91.49610551485556,91.41083962333968,91.82335122439298,92.45533131398528,92.17414348217937,92.23830959164312,93.61713980464008,94.73767836194334,95.41874689096927,95.0439852301695,94.70108847171348,94.18857491714621,93.83105783105773,93.86450071667448,94.02353119488527,93.87165995115983,93.53929451958294,93.31882263826704,93.36283286818995,93.62545927890758,94.04993369285039,94.08506620321143,94.36571848290603,94.73783546700211,95.08940287653512,95.49353915925337,95.34789504476998,95.38563866063858,95.26447944112404,95.39609827494436,95.58317701973942,95.65411467484635,95.68086468205514,95.59043702851841,95.29393430643425,95.18648736037618,95.04943230079088,94.87102016383916,94.72743500712241,94.66653958286601,94.67267083842081,94.55994487538605,94.5210673585674,94.55681092143357,94.5611243951522,94.59412198912202,94.54821110602363,94.52702786167704,94.65457577224826,94.69266088588125,94.66639236535073
48,93.51960724460724,92.31207519332513,91.8911409578076,92.51955001017502,92.33128917378917,92.44315137023474,92.96840295947447,92.51850134818892,92.60552050829837,92.33072140822158,91.34991304991328,91.28935524352202,92.32332464544017,92.99993386243402,93.89295753629102,94.78892958892973,95.82821171203538,95.20585628363416,94.90008086455468,94.47179741554751,94.38313370932434,94.367246873497,94.53224151050247,94.76538694715794,94.7556105006107,94.44039713847421,94.41156917499522,94.51035180097692,95.12691886657414,95.15887226970563,95.58080336628728,95.40383597883603,95.4353618603618,95.85875559625549,96.24252296645146,96.47985644756466,96.51636622886596,96.2804823222583,96.0115374179473,95.7724165649162,95.79601139601118,95.88602583483505,95.72986661271514,95.80377620065082,95.59708497264016,95.31350046893486,95.13414441153765,95.06536108567315,94.92961343267429,95.00448544973514,95.17337389371666,95.25371456356994,95.2399379708339,95.13133884291264,95.0108529433527,94.87255200156969,94.80461802654773,95.03160463419071,94.9983628581085,94.94334240605065
49,102.89193630443634,94.71874745624748,96.69968796635457,98.13247736060217,96.73981074481063,94.01906881698537,93.1456356474213,92.54010098697587,92.17456643151078,91.42839031339024,91.48984256484249,90.61915064102563,90.81708501612336,91.264222120472,91.91181183014498,93.30278286528267,94.13533840886758,94.59327403563493,94.87701491977779,94.90236518111487,94.47252795705141,94.20595330595297,94.51293199554034,94.41708384208357,94.03268030117992,93.8674468160042,93.64965951401115,93.6540294857256,94.09739975860636,94.4671798263462,95.18838473354576,95.75787291412264,96.41205492038796,96.9377712837269,97.35523824059499,97.47888741916475,97.6363796488792,98.00780704431969,98.29188203771477,98.70206387362592,98.77671051847834,99.06674346376677,99.21750598669169,99.46669233544195,99.36168509474027,99.33935528038744,99.11738822643035,98.9362774089332,98.62349077604128,98.51335541310495,98.149910918783,98.0683273457307,98.18239560055551,98.17017129818011,98.07923012172974,97.99000087214336,97.92831990945992,98.08391795784003,98.03864132571722,98.09648300773263
50,100.51225579975588,99.02087148962156,99.11836589336585,95.68398834961336,94.58392348392348,93.53942731651075,93.48073725216584,93.5964616402116,92.71621500927056,93.2857585470085,93.13990731490718,93.76648097273083,94.25197825678576,93.90443121693104,94.41519434269422,95.1696145578958,96.18356197179736,96.96529671460235,96.9283100914681,96.5191366503867,96.02323560478327,95.59835858585866,95.87029958769094,96.17708608906528,96.01328327228327,95.80446428571432,95.56855318892359,95.52455793214725,95.51997722902898,95.80746642246649,96.13507358829946,96.33983754960329,96.39181358764696,96.49210628695927,96.37196610268039,96.22918009202732,96.10026083776097,95.79618008696967,95.66424971040371,95.49577330077355,95.57460317460345,95.38485207473323,95.36513793054503,95.46906265031274,95.28682799710587,95.31241174284663,95.15219715272922,94.98321197513928,95.02554218268524,94.92094922669943,94.86880900508369,94.77858307113124,94.66102212776742,94.63666498967426,94.46468142968139,94.51373889833707,94.43500756877937,94.65173589182197,94.79237365741587,94.77833545312697
51,97.12518315018313,100.80746845746849,100.46122473205801,98.34762159137162,97.31880748880762,94.8489943698278,95.7626925984069,95.28514512108264,94.5694014832904,93.75516788766792,93.59440929440929,93.44836818274318,93.40441673710902,92.97995123262972,93.20343101343099,93.93218260327633,94.79816011874826,95.33160640799531,95.5875048197416,95.45820945258441,95.6446789542027,95.60349118474106,95.47439237493572,94.97553058438459,94.49597008546993,94.47524498293716,94.48152481948767,94.7441708093493,95.4010543415715,95.64266907475235,95.55249419039735,95.64457195004066,96.01996229079565,96.37189527520412,96.76528271992551,96.63017441663266,96.63452325952304,96.68000730994126,96.77403989647547,96.82695487382956,96.77996515679408,96.47232930209096,96.5145695497437,96.5140625578123,96.39467767828847,96.45202770257089,96.06698458161198,96.14218251848425,96.24215205618236,96.54918060643024,96.6369068567594,96.70153623086263,96.6363500318684,96.43272038318291,96.39457292707249,96.3203537451301,96.176102203514,96.1640944942664,96.09876839262382,95.8560899979644
52,90.75224358974359,93.16019027269029,94.20179249762572,94.3749516687016,95.04617012617,93.36634954551612,93.21896912611189,91.86325676638162,91.91655304571957,92.09258496133474,92.07735042735027,92.2879599952516,92.9464313108543,92.76768961858247,93.02477648894306,93.28604147588507,94.88967086834737,95.75681725681737,95.79726158344586,95.60313034188037,95.53021663081196,95.84890433640444,96.15315712870076,96.16607206450969,95.74138990639001,95.36358422560356,95.1272279503762,95.39878917378925,95.78568709387687,96.00221832180176,96.51381963317455,97.00861775666478,97.6346998680333,97.86867473485128,97.91651026222463,97.77808119092848,97.53370623370625,97.42888605059666,97.50447870031209,97.3510335266585,97.10957331963428,96.83891372075888,96.70134700570738,96.6089763246012,96.64666248360672,96.55210722248744,96.46474478043612,96.52911579161562,96.52946506441387,96.52336121286096,96.48619829698238,96.57302722206548,96.74810773607919,96.7496813714403,96.69603498353463,96.6582813681025,96.59975392541142,96.76352644800885,96.62148755199568,96.48175273029398
53,92.94013532763537,94.25827482702483,93.77526794193467,93.6940031033782,92.2731573056574,91.80742182200527,92.06114599686033,92.07164733414739,92.24084418667765,92.6627508140009,92.2333333333333,93.31865418532074,93.60833137660045,93.597759317402,94.16618335368301,95.06990231990197,96.18727854389589,96.45713013837982,97.21123588886718,98.24304385429352,98.68686309281509,98.67374685499648,98.50354178832399,98.61271473511017,98.01136894586853,97.76936734917466,97.75964722862835,97.8798500276176,98.53842697851297,98.56848154931461,98.66196203736494,98.85662854217506,98.5813596896926,98.52056743637587,98.72784086284051,98.82891200877276,98.98628449878419,99.00173644581491,99.13536233472081,99.2353318325188,99.16617293050173,99.01284546582119,99.0159146624259,99.11417714230171,99.10243861077147,99.02293380934644,99.0434061604271,98.88861045397474,98.89861038432431,98.82216971916937,98.86703675772263,98.79647015199863,98.81490101442901,98.84120040624643,98.72962666962638,98.61216794944444,98.58485922784143,98.66075595062631,98.87019273883638,98.8353803757964
54,88.61998880748877,92.33652574277575,92.9238264821598,90.39263583638584,90.44302299552288,89.23429911138238,88.65073623466473,88.61110920329669,89.88335311807528,89.97596408221396,90.45350806600797,90.9904109008275,92.06922137691366,91.58134484563047,92.07301315967972,93.47637521621893,95.1631155881157,95.79181335639693,95.9207931688198,95.85300875050902,95.68659708897843,95.45604002479045,94.80493244678073,94.8630498745086,94.34086833536865,94.37614410162526,94.44523508042067,94.44546703296744,94.98132745287954,94.98298857007225,95.42716186143635,95.53021485169943,95.58540178956856,96.06928897627435,96.24687496366076,96.20302678288796,96.25076133826147,96.24435715356786,96.1668642966722,96.15963141025645,96.08906819242186,95.9968553162005,95.87090373020608,95.79246563621561,95.78335831863609,95.65420493355275,95.53430991782052,95.27683383360461,95.11571343433589,95.18630616605611,95.32990096323424,95.30452915140403,95.28230738513739,95.49586319887236,95.38117419617413,95.25975156622471,95.1561782840291,95.23276730453449,95.1745059946331,94.93653278049116
55,105.53054029304027,108.04838471713475,102.7599833808167,99.10905703093205,98.06512820512829,97.89547805589476,97.14236728879587,96.40781504375263,96.90272577217026,95.72384768009765,95.44680597180586,96.94067799484445,97.85886439059493,97.53695890749447,97.29648148148135,97.0365349638785,97.22795943163561,97.26914088997394,97.4294047083519,97.49956527269005,96.95980507587643,96.50051175676171,96.37947811045643,96.32746680402936,96.35296947496956,96.34314399987477,96.52998500128137,96.43222734606668,96.59087968225904,96.61192663817666,96.67569387004885,96.44054471281031,95.98791208791224,96.08432464866314,96.12088028373763,95.97932183557205,95.78578166078184,95.6455055909005,95.86445464554451,95.8347354497356,95.6584235434847,95.53405091381298,95.73737269405892,95.64629028379044,95.57769818658727,95.71644602378316,95.55496161639788,95.51094046771132,95.44160831609815,95.47000162800165,95.50980771225866,95.5942011247299,95.83755778637845,95.93876009963965,95.81641192141188,95.77125277995809,95.73983659290681,95.86220667901708,95.8669269054863,95.81270994437666
56,94.6492623117623,96.68645706145703,96.7688034188033,96.19779965404952,95.11656186406178,94.10758631800296,93.59514870050576,92.1106201668701,91.66808325419431,91.7029904354905,91.82073805823813,91.45314662189662,92.00873211546293,92.09569342694341,92.5507268348935,93.33538391585276,93.98173316335087,94.19220424637084,93.73064713064711,93.73134895197396,93.26811079132507,92.95401172901178,92.73835492205063,92.83958439323024,92.75174806674801,92.70501432328349,92.83380986297657,93.10246725827089,93.56244368658172,93.72486535069875,94.32132846245753,94.52771815857756,94.70601281434608,95.0975548552753,95.64694240944222,95.79740692692054,95.93098015597984,95.91678488421886,96.00732913809819,96.22429792429776,96.21488603988585,95.92729410140097,95.87059729675988,95.88930363617847,95.97364423642196,96.1544993452601,96.05780401631463,96.11212967202545,96.1058821941474,96.09735632885626,96.0357265555794,95.84960072868728,95.54600208491709,95.44948399508583,95.42591205091207,95.3280906593407,95.37885748916462,95.5273427083773,95.67677976449174,95.82610619318966
57,94.48371489621488,100.10876577126577,101.47474901641563,101.70233262108248,100.15224257224246,98.26683625016949,97.1769630501773,96.27058849715094,95.95381958576394,95.08050620675606,95.1748339623337,94.72020629833108,95.03493863686151,94.57293738008016,94.46302231718893,94.97063682844917,95.98303945509808,95.86505562338874,95.80390613285321,96.03920533170505,95.76238104928554,95.19423030673008,95.18197408469122,95.0320184252474,95.1119464794463,94.85059367270887,94.70649259862208,94.40879048200456,94.8806608142813,94.90612349070666,95.02196932398537,95.02254384793439,95.40407046657042,95.7396280734517,95.72581908831907,95.82692703387146,95.95823254573243,95.85197140822135,96.01744348955883,96.15138291107031,96.2082418823271,96.00606648642339,95.83261291894979,95.6583605052352,95.80564079952934,95.67349443028756,95.76787229712727,95.66741103225435,95.66860957447653,95.91932997557967,95.86509412881934,95.8320994176761,95.78440708487864,95.77649874131349,95.76303132053121,95.68162420416874,95.67934205171046,95.73849539668504,95.6978716982954,95.46036053452723
58,94.25888787138783,98.72979242979235,95.82702821869478,92.16403388278383,91.63369352869347,91.50263532763525,92.19739810454088,91.10501373626366,91.1317590331478,91.14652218152196,91.70701566951551,91.9489604531269,92.7686950158102,92.73662749287729,93.11645400895387,93.91271303927547,94.83845106418636,94.47219932844936,94.76571690979586,95.11360500610515,94.80675063472704,94.36474428349442,94.12204725628642,93.59019319800576,93.32645685795698,93.42133269152514,93.61220153303506,93.77542389819196,94.4168264844991,94.42980056980083,94.5479418580227,94.54290992572254,94.78442653026005,94.94666439225274,94.93786252107692,94.63189031904314,94.64973709973712,94.49421082085549,94.54009384490142,94.41174857549845,94.55382257760287,94.42635787933382,94.39912139970251,94.27336147648623,94.25132829105026,94.35584908247928,94.47127313191115,94.54944599189353,94.58079072288223,94.73697507122478,94.73636827950521,94.81845580523427,94.93050429654163,94.86778459880276,94.71675222925192,94.58541430461041,94.5303196559772,94.60268716755749,94.6385143105478,94.47849596391222
59,93.40708689458691,96.91667429792439,100.95699531949532,100.17451159951156,98.96027167277177,97.98105921855928,96.035866910867,94.69598087098097,95.61302175191064,96.27859839234843,96.16080909830922,96.16423102360613,96.06466805986042,96.65905866620152,97.09589065255732,97.28754801332919,97.69355622590909,97.89971679555009,97.73623347899654,97.43199328449306,96.56481723743606,96.4995176120175,96.87269115747358,96.5753525217065,96.32056715506697,96.34888016186066,96.1959573177162,96.46596786150332,96.96403590024256,96.87645553520537,96.84423552850956,96.97640033577532,96.87452316202331,96.98491809116827,97.30784900284908,97.37188743612356,97.09951434951442,96.97024813636659,96.78475300815043,96.8519632682133,96.77985099814383,96.69623003759924,96.5989802510153,96.61023432585944,96.5070777370778,96.53143801649247,96.36473666207725,96.29204928944515,96.16467776365741,96.02223819698824,96.10901416122017,96.11588319088341,95.93261234747104,95.8449665732075,95.750561753062,95.5390036302985,95.53661200722634,95.56759610121703,95.51942236984637,95.3951664462084
60,88.21422466422469,87.67059422059424,87.52895977479304,86.5341422466422,87.51792938542934,88.90924484466153,88.5478341764056,88.7810852920228,89.87512379595708,91.01349460724467,90.76685305435319,90.93463403880087,91.12077424000512,91.02903475492776,91.05389804639819,92.19502759971525,92.44156162465003,92.21263086193656,91.9320737741793,92.02924068986601,92.33617555284262,92.45834258334291,92.93582731680591,93.14892759632376,93.0086052096055,92.44596815221846,92.61275060673232,92.70299454183406,93.1654268943064,93.64215167548521,94.49346616645022,95.0446821263229,95.59674630924644,96.00373976513701,96.4042386185245,96.7114995986526,96.96273141273169,97.23499775078758,97.38739942393825,97.59995942714731,97.47910722971744,97.41148201445858,97.247222932107,97.2966193528696,97.2085994663774,97.26036015112119,97.02149730686985,96.66099547636027,96.46713907785356,96.3343120675623,96.54221202726121,96.71239678234889,96.8082015381545,96.68352656431367,96.7269875494876,96.66286848072572,96.55294878935236,96.58593190813025,96.5109362389024,96.4206983448651
61,93.8685643060643,97.96593406593404,99.5698650115317,97.36094449531956,95.69999287749292,95.7381367860535,95.19522501308218,94.25365664428169,94.13969554108436,92.84482600732602,92.87584730084728,93.89021418396409,95.29351382235987,95.53508343508332,96.1086809795142,97.27069247303609,98.9166855203619,99.78995330800883,99.67598510164295,99.33233440170932,98.69093551950691,97.64154225404228,97.41627006246573,97.10907377730295,96.85793650793646,96.67230283961052,96.8046198314717,96.93390912989128,97.18519974597565,97.26908238366565,97.34174248690377,97.26390780804854,97.51866759783435,97.87517686561819,98.29440941333806,98.51647164563836,98.55436865436869,98.53518478354017,98.75667571981677,98.81973926536423,98.8212559685121,98.5716285588311,98.50279931093895,98.60804057054072,98.52833073305308,98.4503738210262,98.07088096104071,97.86635389109362,97.7851862234516,97.60233150183154,97.4724741036016,97.50235551485557,97.53907904639038,97.53419396961063,97.3473654123654,97.23336731059938,97.06750780084104,96.87234230488528,96.79684833371257,96.54016000203475
62,87.07351444851444,92.90325600325606,97.04564339981006,98.90952380952382,97.64238705738703,95.17974833808168,94.74891490784346,94.04686482498981,93.00063141590908,92.34684422059415,92.13517639767633,92.64305301180285,93.0255905419367,92.78834052851902,93.5108954008953,94.48909811253559,94.65471611721611,94.40541140957805,94.16185897435885,93.84689229751724,93.69028819505014,93.69859191734186,93.74109819327204,93.5699718491384,93.29775254375245,93.03732076328224,92.85599666108925,92.8122654296762,92.8966243526589,92.64853615520293,92.51565474549356,92.55577479522807,92.4679792429795,92.65733693049891,93.02019826734131,93.1791190419664,93.03125818125832,92.98578470749537,92.92706839694034,93.14129146316657,93.23825034495773,93.21953444483223,93.24062195341288,93.31355577293107,93.4380484330487,93.49925479110283,93.49692184293278,93.38607009310162,93.53194890898995,93.61805769230787,93.51648361623869,93.5519822680882,93.59395825174143,93.57403243190298,93.65971028971045,93.68990166579466,93.98789218416415,94.09189656926733,94.1404809330658,94.12327592931774
63,94.14498880748877,99.39420278795278,99.95634411884413,98.02057259869761,95.56505291005303,93.5797449464118,94.00851066922513,93.21697636853894,93.40380601908397,93.98542836792855,93.66060328560344,94.58966770112619,95.81489425816362,96.394041441363,97.25431997015342,97.43005284645929,97.51413129354327,98.11902274680067,97.98264625238323,97.72042607855117,97.71800855669909,97.7806702556704,97.96068243350867,97.90111501153179,97.90720146520154,97.81953406280336,97.82493951521737,97.91302328623767,98.50318618163456,98.7250050875052,98.7622379114314,98.70238842465413,99.04942017858696,99.62373979506349,100.1640913715916,100.41005644304273,100.62946490446515,100.56008557719102,100.42122637571373,100.45578970797733,100.3436699028163,100.2900657983992,99.9447168034378,99.56773053335546,99.42391862252963,99.2856016970146,99.05524240338056,98.74317542989411,98.76612614520774,98.90636731786732,99.21033860837782,99.23453192996463,99.26405840839797,99.24705678409374,99.26960604210595,99.49380995988129,99.33114061864052,99.27940367423113,99.1947939301752,99.10540598290586
64,89.4060592185592,93.69847120472117,92.34406627323285,92.67438059625557,91.47295278795265,91.04536528286519,91.14257078899924,90.66773567867304,90.89349534210642,91.51086182336184,92.52498519998531,94.32497880206232,94.67866613443553,94.82781702424565,95.04578652828661,95.82852309727318,95.68835410232472,95.88697231266684,95.99666875522136,96.14651200651205,95.78677975463697,95.37679311429324,95.82357594096733,96.12820936779283,96.12092043142064,95.69611392880647,95.58050279624378,95.90209405343356,96.19135141678261,96.3227823565325,96.41376596820159,96.3760483440172,96.30832238748927,96.40667989418021,96.46770989592457,96.24973884140586,96.08757576257602,96.0174318006557,96.01569873621169,95.94142195767208,95.73225453408389,95.65486995367961,95.7250927582325,95.59053989991503,95.66993872382768,95.61959463644253,95.37364239385522,95.22444811168778,95.21891638218177,95.23468742368748,95.16972665134432,95.2446978413325,95.1331277213352,94.88854425752567,94.71852850852845,94.67278693528684,94.71327642467986,94.75588062958748,94.5643696150052,94.53066781983452
65,94.17890720390723,98.23982753357761,97.12222052638724,96.06698082010581,93.80361314611321,91.3817188983856,91.44939313332172,90.98743131868133,90.50620166870173,90.54805657305666,89.67189107189111,89.64709461063636,90.51672067248992,90.28675831443692,90.45075837742515,91.22457296754183,91.7674713902655,92.51383518744629,92.5245630100892,92.42240308302799,92.5575464658798,92.68447871572866,92.75085691281342,93.15768552435225,93.3524977614978,93.37452431827428,93.60741814769582,94.00230046078251,94.67733990147777,95.24462844254508,95.52885353893416,95.57314783017912,95.58882490965827,95.58382547463435,95.73643772893779,95.82179049088771,95.64565760815752,95.36952986097707,95.55685547832965,95.41559676434662,95.37884913189775,95.27792555768733,95.38854364842723,95.33201497576486,95.63723081445289,95.7779964298984,95.57581378432421,95.42349060083424,95.22405341257374,95.31615038665028,95.2988683792605,95.2054669155631,95.48220409918527,95.40865469407139,95.41865930365934,95.50683379120876,95.55893142757176,95.77915026384854,95.68793028220993,95.56979064916565
66,98.14374745624744,103.59288512413505,98.12271062271058,94.71180682743176,93.1805504680503,93.10439390856035,94.82328696435819,93.67195004069995,93.68878431239546,93.28292785917782,92.49247141747126,92.60895697666518,92.75378040762645,92.89444916855622,93.71976393976385,95.58157687220184,96.95291154923511,97.93465297562527,98.68370204357034,98.65825854700843,98.15176197259508,97.9704554704553,97.96077002707429,98.0509564509564,98.41286365486368,97.88568023856482,97.8430657305657,98.10016116489331,98.68524290205323,99.02770723104064,99.09006361022513,98.92441986543571,99.11741977158648,99.47753791687626,99.76561922204806,99.6426492617469,99.399861812362,99.03296100829019,98.90821697296064,98.93961614774123,98.74697764972157,98.76678210457962,98.70523729070229,98.57583481333475,98.81484059150726,98.79644206437688,98.64783337230149,98.38699962267671,98.25081586969338,98.20169037444039,98.17979851484749,98.10501608434305,97.90388243831642,97.91550454860644,97.85533873533875,97.69399229242978,97.60083542188804,97.67912833494732,97.67717943544216,97.47535994098492
67,104.87205433455432,106.64682539682532,104.53530898114224,101.83561889499389,100.0967287342287,99.71365486365488,100.15961247746961,100.72698158323152,101.52693946999497,101.9400167887668,101.24768241018242,101.14354183625012,101.4537784508938,101.20781004709572,101.79904117487455,102.62669382122519,103.03591928224303,102.51429645457452,102.21893837157019,102.78864367114394,102.82412398007666,102.36584410959445,102.128677602591,101.85789559591679,101.01980972731009,100.33691963307379,100.41161797735901,100.08197878510407,100.49625577168703,100.49020875729211,100.71100624286116,100.62501287774754,100.80116180116215,101.01806154085591,101.28824277574309,101.48663568941367,101.32753165253185,101.13147719726695,101.08261103806002,100.7678839794467,100.45434770739674,100.35786819001133,100.13846496956994,100.11716859529389,100.01637814860065,99.7501096025555,99.43492117614478,99.11394548738326,98.907477178906,98.74514407814429,98.67012886351145,98.68652231849376,98.69305565154656,98.38349952516653,98.07519721019757,97.77042587868515,97.8385807824408,97.87934393990462,97.80837161896515,97.54333536833566
68,98.49176841676841,99.5511523199024,97.26929351512696,97.07812500000018,97.70458994709023,96.76715761090792,96.7652821384967,97.00843953500215,97.52261113372234,96.86362891737897,96.38388417138411,96.06217100800428,96.930153251307,97.17054843304834,97.23755528422187,97.48349804131048,98.37044997486174,98.54797008547008,98.15793918557077,97.85104115791613,97.68245416400165,97.50533263033245,97.46988263346938,97.58037431318668,97.34670288970277,96.93775261419485,97.11048666696814,97.11732913250766,97.26867026651495,97.40444308777629,97.56068868407544,97.60403423254934,97.58708267041548,97.44644398357582,97.78228051049443,97.49512744200202,97.35434500434455,97.34266408542685,97.15490618118784,97.07444266381734,97.29888794583879,97.38099707831817,97.47524609326896,97.75501616439071,97.91076821326781,97.70480039284347,97.49008867413077,97.11095085470038,96.93821121244547,96.78925885225836,96.60555495702512,96.47711356485355,96.48130101903641,96.40700615399635,96.23918914418867,96.23442151433176,96.26842721118987,96.26750110521614,96.21730113891081,96.05998210893995
69,104.04743080993074,101.20358414733411,99.90846900013561,100.8057081807082,99.32118640618638,97.82980345272003,96.65360776789348,95.27872723341476,95.53805397277638,95.5562739112741,95.42262737262759,94.8705755664091,95.2998865095021,95.44060446828324,96.00985347985365,96.65130971459108,97.31164978812056,97.52806974404217,98.45874622453591,98.49893187830706,98.59125482101692,98.31101329226345,98.30453385181663,97.8508945529781,97.5861951566954,97.20399056072154,96.81200236663221,96.72267192133286,96.82834442058596,97.00669023877373,97.14669952210284,97.26500718610106,97.53169916503268,97.6210815736553,97.73104889819206,97.64697660878251,97.57598436348479,97.0626910492047,96.87039463385672,96.76912304131096,96.84823004457205,96.85215153012825,97.02115751389071,97.14479802604876,97.2637017817581,97.34182028720149,97.26809831224799,97.0993920431428,97.05914266194968,97.07134025234107,97.08830322727464,96.88887127829516,96.75037397961997,96.57978404483107,96.51202121952196,96.4584740573587,96.37594779327303,96.36326803783757,96.16324424163463,95.91140516890579
70,97.88770858770856,97.82682387057396,94.70186202686203,91.09722476597476,91.15169719169712,91.53805623388942,92.36865660794227,92.6280684015058,92.70414575136788,92.39891229141222,93.45438126688119,93.38266941391937,94.3923131711593,94.83136991976261,95.17000610500597,96.21057596916968,96.56483875601532,96.73094135802477,96.94216095795043,97.07669820919826,96.68762985251085,96.51411759536775,96.54646241439737,96.51401819631009,96.39208567358597,96.43107780752041,96.26057522724221,96.26984926449244,96.4606100795759,96.61593067426426,96.70318970157697,96.56046420304259,96.66131923631953,96.73212430271293,97.19957264957308,97.44608318636136,97.40608960608995,97.26321318788466,97.08880801060333,96.83681191493734,96.6501899748855,96.5349902852884,96.37829989777724,96.23899318274378,96.17694014832969,96.12969996991806,96.03897267035629,95.91523739570677,95.8517407573536,95.74419536019602,95.76004622646852,95.77096482577323,95.94027691386255,95.77811788691497,95.58002516002588,95.55867528635457,95.50359436697225,95.54266636141705,95.60302421997403,95.26483736942136
71,93.03153235653234,95.37346866096867,91.49358974358972,91.429187016687,92.83350325600331,92.05203245828243,92.22549058084772,91.00340735653238,90.86537726676612,91.05265415140403,91.71845191845173,92.74376568647385,93.58647741147729,94.21297241118664,94.77700312033649,95.17979815323575,95.47678002825072,95.75165033012266,95.96042938542949,96.28559294871809,96.56990450026188,96.41159234284247,96.33977190281544,96.23081459435623,95.78575356125356,95.356633323941,95.0007275132275,94.9011054421769,95.14717134717141,95.41517755392768,95.63746783383883,95.55697799018104,95.86405307655309,95.85687935430586,96.10572983894421,96.14830119725963,96.15735474485483,96.02447384486868,96.01568921344568,96.11956552706572,95.96986186803284,95.72479758997649,95.56095742113214,95.63834071021597,95.73367894451262,95.65792522694738,95.38594473887066,95.19337988400528,95.06934809332802,95.13863166463197,95.22541338472742,95.33231798472214,95.3857534499046,95.12381593029762,94.93926434676449,94.91261583158914,94.89133249791148,95.09710249042146,95.11014689955364,95.00795304232801
72,92.55939153439157,98.80766687016684,101.50769061185724,99.49105235042727,98.7620777370777,97.07283272283264,96.8923331298331,95.93340265059017,95.43577929272377,94.8244017094018,94.374321974322,94.94479463437803,95.78080523465147,95.11435294203154,95.60015432098766,95.9251672517298,96.58834482510971,96.35075860353653,95.88781301544468,95.70477436914942,95.55167088202808,95.16430606430615,94.86969948328652,94.82593080145175,94.83681013431028,94.6867225900881,95.14237816367452,95.22793549043546,95.6211892832582,95.81544668294666,95.82593084931804,96.05259287876483,96.08895379312057,96.21346722449677,96.36399819756984,96.25627501356682,96.10750902000918,96.28919842340912,96.03259629734002,95.91546219983739,95.92120509346135,95.80504183867288,95.86725800039774,95.79004768379782,95.97995794329154,96.02807982074316,95.98231810545668,95.99322609296605,95.82337687822422,95.76360409035449,95.64383344505936,95.4969896645382,95.30810362767961,95.10323244999216,95.11251970252015,95.15451706857995,95.17753072139072,95.40663586094658,95.38890156453758,95.142926248135
73,96.48216320716327,96.82027879527888,95.23524623524631,95.30310210622717,94.38002645502654,94.7556818952654,93.07871605907332,92.07747252747265,91.7488507891288,92.54944037444055,92.46832750582766,91.8538012142181,92.1928954948187,92.13819916855643,92.56942714692727,93.70091066341095,94.19355024060941,94.47881336770259,95.0823693850013,95.49914402726941,94.7560613989189,94.38464405964437,94.31580400276093,94.27107371794911,94.21448534798571,94.26362003381277,94.40421641116126,94.83735555119519,95.50628622654516,95.49114706281412,95.70589674662295,95.44195474664252,95.52224658058017,95.82171451914127,96.35929734286907,96.67706368991128,96.67199025949066,96.45313269819897,96.50743480166607,96.59485856735895,96.77287429147223,96.56919212841873,96.70875950062027,96.75061790061825,96.88266528738797,96.68730866557,96.34375081183636,96.10780815442313,95.963970185144,96.03808964183999,96.00876327739104,95.98441951566988,96.0486810883041,95.97840655572166,95.98233525733552,95.89919726437601,95.87019061185748,95.78226846588932,95.76172023205939,95.60607363315718
74,97.75693935693931,102.56368284493281,102.10874372541038,97.42863375050868,96.78087912087908,95.25134649301316,94.48960113960109,94.22065908628396,94.54801191606735,93.93451617826605,94.00588716838706,94.05269129019116,94.74063272909417,94.35780604977033,95.3052665852666,96.52537393162402,96.98585763365165,97.2038679170623,96.71050168155425,96.18497786935272,96.07609962788523,96.09096852221843,96.22887490930955,96.34490401573726,96.27321469271452,96.40910878651248,96.45587795263708,96.37008456160221,96.51144004462955,96.60798772215416,96.88592878149305,97.12571702024802,97.44788899372212,97.67490064401805,97.69128830164527,97.30478734228723,97.06387073887065,96.612473357539,96.60026924642298,96.43942358567337,96.42908228853328,96.13478024400624,96.04978809949712,96.05124886687356,96.07935626102261,96.03078460388218,95.86428614726456,95.70431823192224,95.74590185891188,95.78492857142834,95.7027206181616,95.64773870182513,95.6767239922899,95.6550650823798,95.62144818144805,95.41805682743171,95.41462800519808,95.48738719773202,95.37944863516896,95.13568359110025
75,99.61451973951975,99.42081043956048,95.80990876407552,95.41671245421253,94.82931115181128,93.72219000135678,93.6117317867319,92.5049596815222,92.0171403699182,92.0167200854701,91.49116762866761,91.4532212386379,91.57668357283734,91.50447736787011,91.84627662460984,92.79048191391934,93.39325157413373,94.0110119047618,94.30337569350715,95.42799832112325,95.20743623660286,94.92230778480771,94.90928823591861,94.96325464658806,94.6025541310542,94.31103988603996,94.52917194259796,94.8537340470377,95.63709457847398,96.01750033916703,96.46581409928181,96.63079164758848,97.1317702359369,97.41471426177306,97.83327577184716,97.92954667503273,98.00335404085403,97.7812147891095,97.59615984680066,97.27047873422855,97.09445945878852,97.0191943087774,97.02509263991803,97.10712840400316,97.07298150409237,97.02637683371353,96.80578503450808,96.6090734593335,96.54706793584312,96.41089550264522,96.38065860247202,96.26668271187471,96.09551368442844,96.13201369104118,96.23938829688794,96.13179454474056,96.03924206884699,96.00449428445081,95.8685841387109,95.6279832281913
76,114.34564000814001,106.41373117623118,102.1588624338625,100.6550989519739,98.86983007733006,96.72709181250849,94.94290583754868,94.66775221306466,95.63255720616826,95.79670227920224,96.03484524734517,96.59073522927679,96.69542672427286,96.44464394732252,96.22075091575091,96.72842230107861,97.41869987311166,97.99957773707786,97.97470840562957,97.89718813593815,97.39448756710664,97.23776547526553,97.09792319194491,97.13682929724595,96.99900590150581,97.0013436883628,96.61640305853248,96.45524739810438,96.76928445118092,96.8675464658797,97.09674169916107,97.40848977411498,97.75551285134634,98.0986390923892,98.43081371009954,98.19374251006204,97.94317779317795,97.77304184606822,97.73187113219167,97.71011192511196,97.48928310849043,97.23585225400711,97.10614830905544,97.20797720797734,97.31666463166485,97.08743010210421,96.82711066514281,96.65381096526956,96.6426878016166,96.56009198209213,96.6034435426594,96.62959851757951,96.76871030786148,96.75483501409448,96.6441768416771,96.6013531855052,96.44472693485865,96.49792236818116,96.53242758497014,96.40849231786757
77,95.40223341473342,96.72307437932437,97.24382546465883,95.5176587301587,95.31165852665848,93.4052825261158,93.86445796267222,93.24040814509551,92.50277834305598,91.50122557997545,90.83450392200376,90.2551570343236,90.86629762687448,91.36481772196052,91.82907441324113,92.05307921245428,92.68535008020316,93.48085995794358,93.98829713171848,93.64458028083052,93.46584660929922,93.49329096829116,93.6928206455382,94.1517259361011,94.30195767195788,93.99788105413126,93.93872382761286,94.06926347462081,94.48591357556899,94.51301655135002,94.87208650071564,94.8992782102158,95.05320559070564,95.13437193253384,95.43592650735518,95.55184831886224,95.75930023430028,95.57654459332093,95.59350756081533,95.72315488909246,95.68723160308534,95.43508028567551,95.13549161863116,95.01777955840463,95.17977468005247,95.14801200208802,95.08962040717354,94.89940560982211,94.79709576138124,94.82503520553489,94.81063827240273,94.72297722754428,94.99659117960982,95.11533581302066,95.0229603729601,95.01533891868688,94.948403415947,95.07227309727281,95.13109026096284,94.9610127526791
78,104.67833231583231,98.47848748473747,95.01217948717948,95.64887184574683,94.31304945054934,94.18202584452577,96.17105572998435,96.0882853835979,96.34031734726177,96.2988893976394,95.66854534354539,96.06851639872475,95.88177655677666,95.73757740275603,96.74878544295217,97.92665693681309,97.94823313940958,98.28062367159588,97.97702911123959,97.49979980667464,97.56461858247563,97.19402911902907,97.25214604236335,97.08233130681043,96.57212779812788,96.49647416330122,96.27668735585416,96.5483843537417,96.93368682722156,97.03730497897186,96.84050917720299,96.74846246057209,97.16851913518612,97.57246567430427,97.74705142740888,97.69011949984203,97.54445131945154,97.61412224471458,97.74622754975341,97.97580382580414,97.87413214608368,97.85845906738804,97.93119740939555,97.98271577959126,98.00855910550399,97.90412087912122,97.54189874349481,97.30236208621659,97.26335387024201,97.34437128612173,97.3385489238435,97.35044613506204,97.25946055167796,97.03840190159681,96.95192381692425,96.91764319509896,96.62530890973919,96.65073260073302,96.54079894524854,96.31024538732916
79,89.5515059015059,91.61034035409034,89.36196411613082,89.74497608872616,88.99286426536429,91.53627391127388,92.76593988022556,92.41575409544159,91.7244352869353,92.20226393976385,91.30105450105438,91.83838268213269,93.12083215929363,93.25897072504208,93.91421008004336,94.03285288207157,93.87567035361148,94.10736444625311,94.30391068483152,95.25298890923868,95.29764085121195,94.96867646242619,94.94125502114595,95.18454161579122,95.07032153032115,94.81222351366542,94.92094092464421,94.9249445825335,95.49621314190244,95.95707027540325,96.2597018722015,96.48014855514812,96.87776282359576,97.0157033326146,97.22292357113731,96.98351930990783,96.73048721798685,96.57054910245665,96.41309145507834,96.56749236874204,96.57610324409075,96.45600119677466,96.48986474335285,96.41770070207545,96.44440363134781,96.19074704482286,96.12836273261773,95.98746799111353,95.98586203101483,96.30502686202661,96.26139641041573,96.28697755236188,96.30322163859879,96.20652340629178,96.06733146483135,96.06886783025163,96.07464441017063,96.24879364728491,96.3832288239067,96.34793311626633
80,94.21290700040701,98.38163665038664,98.35105989689329,97.52479014041516,96.78007936507939,95.40866995658654,95.5484257805686,94.74738947395201,95.08356453217571,95.65202991452998,96.36717772967773,96.74572903947907,96.73943246924023,96.73644179894185,97.00178266178268,97.5144723621286,97.99740956211546,98.34481781079006,98.38119310027209,98.89483211233215,98.35007292090629,97.93369130869134,97.89767854930899,97.67808239214496,97.33673829873833,97.18325545537087,97.08091130405947,97.30194288185356,97.55543222741498,97.61733940442274,97.66673543004181,97.60689722603783,97.75796425796425,98.0895460748402,98.11319117390558,98.14482233301695,97.90597465597484,97.87479047511964,97.75419640900441,97.62785803317078,97.40244001707431,97.15213130123864,96.95261994680618,96.73188038813056,96.80943223443246,96.80780456459814,96.84244981771592,96.85881081688383,96.9068418637297,96.84546174196186,96.96078052303554,96.82410127265909,96.77899820305498,96.72540954415977,96.6807386132388,96.60050802372253,96.5336682161246,96.57365917926289,96.53246802632428,96.3661288325875
81,99.13323667073668,101.76789021164015,105.8048738298738,104.34242597680095,103.54586792836788,100.84196174196178,99.63995653817086,97.39129527879537,96.83729028173475,95.97825193325188,95.61891580641571,96.06507978903798,96.045563304217,95.54592309145868,96.05539614706271,96.721833028083,97.54228075845721,98.56955778275224,99.18642653642651,98.86724079161579,98.5023138457663,98.25599562474576,98.11589845339867,97.91264139024577,97.34847557997573,96.9690035925614,96.53542090625432,96.71480572998438,97.42821460149055,97.84352513227523,98.21984307508514,98.58833896138596,99.0618939702273,99.12180923651513,99.39829350543651,99.08946066793304,98.90002186252201,98.68818788424073,98.45043869947727,98.32455318986568,98.19349146788171,97.93044653758936,97.89662828558174,97.636502039627,97.41537059648164,97.27804653076375,97.10628317702768,97.10155815442262,97.1266669366158,97.33024023199017,97.34476006926987,97.40158798644383,97.71354850600135,97.82351473115361,97.77654049654046,97.50077039362742,97.36874897357335,97.44247610626903,97.50703705428266,97.52711741961724
82,97.18246336996336,92.22163715913719,91.43270926604265,93.69719551282051,93.81282560032572,92.1599121557455,92.0377710913425,91.6855381308506,91.2586555419888,91.93299348799344,91.02232859732854,90.95257003798665,91.50099832503672,91.06308942380367,92.57442138108796,93.21396551943431,94.12635178002823,94.59630251435806,94.76786731786726,95.39895655270644,95.1169266139503,95.15254097754081,95.1603488701313,94.73843694885352,94.14054212454207,94.0975233633887,94.24122518428068,94.25273271701839,94.81092357514773,95.267411646995,95.59679257421188,95.79664924196176,96.0981066772734,96.26810149273385,96.60026280597701,96.61621303079632,96.59847663597654,96.62903265107194,96.75954220281129,96.75930644586872,96.88605961563259,96.75828887822912,96.70723656188747,96.55293722481196,96.54984319178742,96.46374389499363,96.34090916963231,96.1279398360125,96.0194128811473,95.64843732193698,95.42971891035586,95.38463798487811,95.4673845808277,95.44176323505002,95.45689292189262,95.36569168265564,95.29261008646942,95.29509204875555,95.36044525154666,95.23381520485661
83,94.776165038665,99.01151048026047,98.70983414733412,97.65322420634918,96.23260582010579,94.71904592321258,95.35066500959364,94.71324150386658,94.22604067742971,94.86017297517306,95.29032310282318,94.42005452109626,94.9822669139977,94.86431442235009,95.18555419888747,96.14217319139175,97.16571051497499,97.55140839099136,97.66618683460742,97.73696530321493,97.38093687617457,97.4042975542972,97.24345636247779,97.17181394993864,96.96491412291384,96.64162811903181,96.45894194968258,96.50538330716887,96.57462194574245,96.6861484194816,96.78886755418995,96.93317307692287,97.46730923397573,97.89013009049755,98.5426482644338,98.49451044069086,98.7101147851146,98.75624303815086,98.76625314381714,98.82789186507932,98.76672486276141,98.55146047735316,98.36239505541813,98.49471801346785,98.39272611133713,98.19730251632427,98.25946990361875,98.20314810575232,98.02088150889166,98.00160439560435,97.81481740844484,97.68942160937344,97.53090956911699,97.38747748307927,97.19271830021819,97.07889857331817,97.02508220337161,96.83238758368063,96.84207858212102,96.63971306471312
84,88.10072751322751,92.81159951159957,93.05410052910058,94.29777930402929,93.67907509157513,91.91640635598978,91.52345630559923,91.71679449023203,92.02658786686564,92.10064306064302,90.94258843008846,90.87237399945737,91.21313515544294,91.41368756904481,91.9582041107042,93.00411706349209,93.95161662955776,94.59799863202636,95.1084254439516,95.10941290191279,95.20501894489985,95.31282490657489,95.61090672612407,95.97512994335902,95.78976821326803,95.45022854638215,95.16871109000719,94.72069106488729,95.1787975594008,95.59894027269011,95.97843078367252,96.11296312194742,96.77023979107307,97.13098934018042,97.60833246118958,97.76161929634154,97.73226523226523,97.70864300173515,97.65835472694455,97.74769790394804,97.52362562911371,97.20023329844798,97.29162466517155,97.44200036075071,97.31468943607862,97.26830749765567,97.20510287584787,97.11357250966654,97.07627478341797,97.12070492470524,97.05783176518504,96.98755879981869,96.96820107739936,97.06740199957801,97.04569356569361,97.08483214867148,97.13600106034316,97.17789075547698,97.17996574988103,97.08936457061465
85,100.24452584452584,101.12016178266184,97.63978937728942,97.840951872202,94.59519434269451,93.35977140143827,92.12369832548418,91.5133566086692,91.75004409171066,91.80688695563677,91.50657305657285,91.85986297652937,93.01159051062872,93.24048491191327,93.4094926061591,94.46987592846942,95.75287743302408,96.28773176412045,96.52388878178341,96.80609584859577,96.72346769192013,96.4847337847338,96.66009737042346,96.54665666124002,96.50368315018312,95.97587172442945,95.87783750885598,96.37090982760624,97.04911635299555,97.07462064170392,96.97713150051845,97.1305871934778,97.3303958387291,97.46031760994978,97.40703427524835,97.13645494166319,97.05909040909026,97.21593754685847,97.30105220041098,97.41858376577109,97.42128785848274,97.35920935325667,97.23837410436215,97.0069355413102,97.14132908243984,96.98953809877689,96.78110966063063,96.5413557989075,96.27098980007112,96.28803713878686,96.3567765567763,96.41502261983007,96.5461501985085,96.47604840290005,96.24031653531628,96.28019643220517,96.15430545737544,96.23288835206925,96.144672778571,96.02121362433859
86,96.30676638176638,95.22825345950342,95.59996947496943,94.76713344525837,93.17540191290189,93.30115825532486,92.57940795976509,92.15318096255596,92.21726133948361,92.09156593406597,92.38883986383995,92.93731049043564,94.1929608496918,94.39056304145606,94.57163817663833,94.64414300976813,95.10893784864382,94.6564537828427,94.67534943127048,94.69153718966213,94.92997557997549,94.4927082177081,94.4238736706126,94.66831077872732,94.34428144078133,94.33361901631122,93.95331290794242,94.25852647682991,94.60912294920905,95.12454602496261,95.75425660062743,95.93829603556141,96.31171051171017,96.45290511503724,96.75740595383422,96.43955422149824,96.46281295031244,96.67348472677372,97.01939291714882,97.3314939458685,97.29372412817494,97.34726207434504,97.31471685076296,97.15524764587235,97.22500757472956,97.21797880058715,97.01858963534467,96.78741319444421,96.67510600699349,96.60952798127767,96.59026690448222,96.64324584781278,96.61321397854374,96.47773434555798,96.44335960335914,96.39901874745584,96.38259903676533,96.49674750536785,96.3782936852848,96.17191841337637
87,93.22975681725686,98.58552604802611,97.14458689458702,97.74427019739515,96.75329466829477,94.95877170668848,94.72342796092799,94.2059364824989,94.0316957219735,94.92633394383402,95.08169191919193,95.50022893772899,96.33154644500804,96.6317998139427,96.29771944105285,96.78231042684168,97.17066933611049,97.83683721114282,98.85947561210729,99.60533068783081,99.30629397057982,98.93100672475687,98.43839871883362,98.54455700549465,98.29387606837616,97.92086953288889,97.48198307179798,97.67955767777207,97.91538952745861,97.6439275539276,98.04422584583895,97.95387063746458,97.98888272221618,98.20872148004511,98.21266861445434,97.8048293142042,97.58424949674932,97.46698543902477,97.27004646587976,97.22691201159954,97.00093821038934,96.74440495571433,96.32749287749273,95.91222423409909,95.98114864559292,95.91387119321887,95.69503102295639,95.70612747591896,95.67077622868419,95.66375396825369,95.85742566257247,95.77937447168185,95.85293088288341,95.82623174150918,95.6873232323229,95.39621253415865,95.25818160072514,95.42304411744037,95.46858293150638,95.38405058675853
88,100.9607855107855,100.99385175010173,96.60417175417177,95.99553062678072,93.16422466422473,91.88910765160772,91.43616125937568,90.61109457671968,90.43153461764578,90.36984432234432,89.84309440559439,90.77801985822819,91.03461421057578,91.39830658759232,91.78501187084528,93.46311908577528,94.52138876918272,94.57152721249923,94.9556856885802,94.99578042328025,94.92916690892875,94.80496887371878,94.70136256657987,94.6508765347306,94.46478408628396,94.46182023105084,94.48053727822222,95.17203125908452,95.8927383759277,96.10435117351759,96.13939813173644,96.2529704670326,96.19211205461181,96.3233740932267,96.51714096749778,96.95616026206272,97.24520399520355,97.33056050917857,97.12293903864375,97.09161362942572,96.8785155901005,96.9377386282145,96.96722818525116,96.89531082343558,97.13313085063055,97.02987316628591,96.89524653833126,96.76004708061966,96.68776776888998,96.63795004069976,96.57557538684969,96.64805285526427,96.66228248515978,96.54701636669225,96.41365273615274,96.16660943223451,96.0782323508202,95.9793770964031,95.90476302573767,95.69867266992274
89,89.10519434269435,94.65465506715506,95.31078720662067,95.96909467846983,93.27172873422882,91.84757834757836,90.78742005349147,90.19222438441192,89.99546533713207,90.08369200244215,90.84195110445124,91.14610000339181,91.86256261544733,92.33389731961168,92.39147571564243,94.07520540801795,94.513139529316,94.6783309026365,94.79480512177882,94.5426055657305,93.8679659185611,93.61094461094449,93.81412755923606,93.95620294057771,94.19008180708154,93.97813605553955,94.15641911243728,94.2654803694979,94.98107342848694,95.20780609822246,95.62513703441097,95.90735669134061,96.18467689717643,96.19619379803159,96.37201232629764,96.10405120856467,95.88185204435158,95.60815915322452,95.7577349644653,95.91428876678837,95.80795412807566,95.91833124987848,95.82939785236269,95.80202043327019,95.81459107764644,96.14519993894973,96.11697429835714,96.0556800934404,95.9254901655411,95.82182682132675,95.73246985403826,95.66783522745034,95.67077794672105,95.57515224830007,95.54278527028494,95.47779930882584,95.37784989539355,95.436676175038,95.48227392507026,95.46090252340221
90,100.81568986568986,100.86850579975578,99.4398538190205,97.78692765567776,98.014990842491,95.06247286663962,93.68124454910173,93.69972654660154,94.61846481707592,95.54201210826218,94.89143449143457,94.42880969339313,94.46061918850387,94.27713529856395,94.7880630172298,94.81101762820522,95.18552664655608,95.94006184145076,95.90526985198045,95.81559676434684,95.6831077872745,95.50361074111089,95.19214511334089,95.05589302672657,94.68194037444059,94.55989441470227,94.69237138033452,95.30846742543191,95.6234605911332,95.90943443901791,96.1297566531439,96.1496324277575,96.07715771882458,96.4510189973428,96.46230187801653,96.2158441866778,96.29369589369611,96.40220463016544,96.36398242071338,96.30700778388302,96.2824030644155,96.37170596158704,96.357348960256,96.26145359270362,96.26284154117484,96.48231074481069,96.2306462646887,95.87256255511457,95.67188167086114,95.85241687016676,95.95284142146866,96.06598728906393,95.86075882538117,95.72455333589555,95.84084276834233,95.83370408526613,96.04283679283633,96.38514378341917,96.43244146782231,96.47588827838771
91,95.829187016687,95.99965659340657,96.83346900013565,96.53918142043132,93.39618233618224,92.5406712115044,93.29284624106043,93.19090608465605,92.73300208022407,93.4432936507934,94.70303354053321,95.35706018518492,95.86060392598824,96.27844823826942,97.07093677926983,98.04684829059812,99.66447933874382,100.52984584859551,100.91921443566153,101.14695156695132,100.54261803011782,100.0116938616936,99.69982260090934,99.53901840828912,99.37706308506303,99.18130576688269,99.18356622801069,99.43867739403464,99.68997814127128,99.82335605752291,99.96413752018611,99.90520658450373,100.0725966934302,100.1171558153178,100.16682060003511,100.21571516189587,100.09124412874432,100.18302353104998,100.28148682988446,100.11309015059038,100.16753427241258,100.09151501056289,100.02536606373832,100.15381794131807,100.01136119025023,99.79345525649887,99.51310313996501,99.22659334299976,99.16365226798914,99.08525213675229,99.02506035177619,99.07565462493358,98.96066955406593,98.91966876573369,98.80178562178571,98.72798182307122,98.82015749844703,98.93216224229162,98.86747687340917,98.64989434947778
92,85.951165038665,91.65099969474969,89.76127051960394,91.34450422262931,91.84598697598705,90.12556640889976,90.24780510494809,90.64449404761915,90.65662449690237,89.92335419210423,89.95432530432527,90.92157441324112,92.7537561441408,92.43205745973601,93.93124338624332,95.39952972374843,97.13405905097089,98.35371613982721,99.26066608829773,99.30838293650787,99.36292347423291,98.97643282643287,98.77653178142313,98.3795923212591,97.81267358567374,97.27720797720805,96.89398468472551,96.89814033519403,97.2239837270011,97.34508241758253,97.19646352751192,97.19972241300366,97.33718734968733,97.33475155019264,97.53674079888368,97.54097730972731,97.56444920194946,97.49762199301702,97.42478789017272,97.31144090862861,97.25402781500364,96.78073022656375,96.76483622966201,96.64587114274636,96.64000327861463,96.43040149263004,96.4321859385692,96.23537978225501,96.2073430348944,96.30068986569019,96.48510607946918,96.35447974390323,96.3941493691497,96.28648956496218,96.10029729529768,96.09941820745436,95.84777149426316,95.89256320786538,95.76224027855427,95.63121608329979
93,105.92203907203904,103.10297873422874,101.93879392212729,101.74063517501021,98.63446275946293,96.53719051010734,95.62189734868319,95.89396113146123,96.7644140324696,96.77726088726081,96.42364348614346,96.02701295617962,95.66533608841301,95.86945861678004,95.88396384479718,96.4300366300367,97.5075732002203,97.99670357934252,97.92678330441491,98.2624440374439,98.05284706475167,98.16188464313447,98.08719408610696,98.12871154694052,97.82865852665837,97.33526188910784,97.27887027238864,96.80449299377857,96.8659802043422,96.9248872269705,97.0099542780994,97.11458333333326,97.41310772560765,97.68801668103129,97.62488996453277,97.43079975579967,97.28773430023426,97.20113893173091,97.06738909238895,97.01482295482273,96.94667153081768,96.8927440064342,96.77041781431288,96.55777925777902,96.46207875457849,96.50094660773976,96.48441275036988,96.46534476326113,96.31071262448775,96.19299185999141,96.08638892879047,96.2645253162076,96.19087944724691,96.17512511493943,95.95959207459153,95.91853805090362,95.89993743261248,95.8820482120047,95.85130516062678,95.79935609143894
94,103.12031440781439,100.60929487179484,96.9284493284493,93.36746031746029,94.04795584045588,93.46128154253151,92.6714634571778,92.49153248372,92.21432528376984,92.06462708587708,91.65249472749468,92.17393925518917,93.08937063648595,93.54423294959,94.31830179080168,95.30880615333731,96.60164057075797,97.63197440419644,97.87246053167078,98.7405364774111,99.05070813225537,98.81358872608837,98.50023667958422,98.1929962013293,98.07847781847757,98.00143017594915,97.88307368214748,98.48541412291385,98.69071372433424,98.61335537918855,98.49058384864821,98.31621848926528,98.4450785325785,98.49231292944515,98.5792550438978,98.82026098901095,98.44833528583516,98.29605249769698,98.29824559343768,97.9692560795684,97.92727845776605,97.79769051495227,97.69815394553753,97.65257196507179,97.65012910957341,97.60274990709749,97.47581952129804,97.24348089217854,97.09945418338249,96.94890313390286,96.93245070107797,96.7433363467017,96.66841148893036,96.55228758724138,96.4265916490917,96.37589839888953,96.49419051546255,96.60202447616255,96.46157096983376,96.22526828110169
95,97.45703093203089,97.04340659340662,97.17644485144486,92.8991770960521,91.53841676841678,90.74631071089404,91.06285539856968,91.49082341269839,92.52669131280241,92.65265008140017,92.16147602397618,92.27561177248685,92.81481520616134,92.92151142508284,93.04040530457206,94.06884284696795,94.60324822236598,94.82461787184018,95.05777236895663,94.78474486161988,94.99722197996022,94.59428418803427,94.29249084249082,94.22267691798939,94.40067175417177,94.3385390250775,94.4337817874855,94.76771087708589,95.1090201465201,95.59387803554473,96.07850332164853,96.20479990206553,96.02073343323353,96.43633391390752,96.70969518576669,96.66660985619322,96.43745627495619,96.20234801747948,96.13041245316883,95.85360678673172,95.63124385776814,95.80809349380758,95.69229302136257,95.82500416250392,95.9582684393793,96.34090652704757,96.17058707643797,95.96498503425569,95.97809797911827,95.9105302197801,95.86407293686689,95.74847658573601,95.44581163944358,95.13834782330144,95.06621452621447,94.98547853436234,95.11771513898691,95.07918298176908,94.85114770665605,94.66316010378499
96,99.62705026455019,100.537583943834,99.17596153846156,98.73179563492069,98.52706654456661,96.96017840184514,96.40427495784643,96.13449710012216,95.34290462623794,94.97721815221814,94.08001396751392,93.97640118369274,94.14690601421356,93.91408839176678,94.77445394112041,94.9877680479242,96.47684945773173,96.68112252973359,96.63513323908062,96.56732855107853,95.94164122914117,95.79878246753238,95.42460693493294,95.45731540835695,95.38077024827011,95.42486615948144,95.41027713712887,95.41581977876608,95.68777156751281,95.99903371320028,96.04604224926797,96.07418202457254,96.48257729924381,96.89034586056637,97.01337592301864,96.9877364276667,97.0478859353858,96.80936797120985,96.89977275810593,97.12355222323949,96.94539742100683,96.86194182801289,96.92405467056601,96.9033846940094,96.9031608103827,96.80461868043362,96.53212423903891,96.24518499440359,96.20338267174986,96.34577106227088,96.37354786643982,96.23367576156012,96.32433248093596,96.23185475361366,96.1610515410512,95.96168227440518,95.89475745988875,95.99150439279714,95.81437599594341,95.59154702550495
97,89.19152930402933,98.21417124542121,101.87739960656621,99.97943884818885,97.30355006105006,94.39744352869354,94.3225260189546,94.20274788868541,94.16688486410709,93.60128256003244,92.80197395197388,92.78383530050199,92.63091794245645,92.91545002616438,93.03553588386933,94.40914955993087,95.42843256960903,95.55912641884868,96.33721268984424,96.79146850834351,96.69332107486869,96.23424700299704,95.68947505795342,95.87615528761367,95.6984114774115,95.00171272815506,94.80876690182254,94.46596350078497,94.74409182771255,94.68358601275273,94.68179263985714,94.81190889550261,95.37606991773647,96.08324819243926,96.34511541368677,96.32038280649384,96.44214021714005,96.48852914872636,96.3248806393036,96.00668994200234,95.65034582626028,95.54633639068143,95.59255851813981,95.58741443741435,95.61745602134489,95.66322187273268,95.45563630616823,95.40148894315564,95.37464127897802,95.40812535612537,95.57490503323844,95.57431602407561,95.52999065050949,95.49195269750827,95.33925898175906,95.28290062285605,95.29881193368047,95.46707893001009,95.31871684498829,95.27772936168789
98,99.94341168091172,99.57366707366711,100.73228361145034,97.78619123931635,95.92479039479052,94.00818579568592,93.55440069190081,92.80978263634528,93.20260536788335,94.00893009768029,93.242884892885,93.19263371659208,93.3294022572869,92.86231866678298,92.63801824718493,93.10599880443628,93.94503309870946,94.85701397368055,95.77999352012507,96.0354118335368,95.4227234626044,95.01294376919363,95.127354408876,94.90815696649014,94.33157753357732,94.17139628533846,93.89233426038965,93.7920187946972,94.26784082775447,94.74062881562858,95.02062129925017,95.20682949862615,95.50392447059093,95.80818744164317,95.92656171870442,95.93598660855601,96.03140503140484,95.95094948910719,96.07608207319723,96.08570372914089,96.01666319227255,96.19330048258584,96.11777846399912,96.02216637529112,96.265933613711,96.50185085647004,96.26062465902857,96.07594405016248,95.87164286960167,95.80862159137124,95.73930067753557,95.68974711186216,95.64571200113618,95.56776123396459,95.41758269508233,95.33413325265974,95.09866698441239,95.2234814674468,95.14383799659211,94.93666174874495
99,96.68788665038664,101.46246184371184,102.78044532627872,102.23193935693952,100.51643467643491,101.20881071089426,99.79073492644945,99.14843114061885,99.51720820331951,99.14899674399697,98.8956006956009,99.81199464116149,99.8799110077957,99.38626228269095,98.76455976122648,98.70889105107855,99.1521077234313,99.02536121286136,98.88846153846171,99.37213191900715,98.59366072639905,98.17546550671578,98.00006127125715,97.77120917277186,97.27465873015888,97.0142602767604,97.08459503459517,96.9743546136405,97.3631192721712,97.30458621625314,97.43702029750443,97.62444514397679,97.78383221716602,97.71813336445732,97.75543461829223,97.58766152828694,97.4370140745145,97.19326360773779,97.16487912609762,96.95970199939002,96.98896793134654,96.713326356184,96.63444027978963,96.62696100196149,96.56388108804825,96.80608321831195,96.60976681907582,96.35997098002349,96.18490724128522,96.2085790598295,96.10678513570714,95.96752518315068,96.13347194384978,96.09272986101735,96.28465007215051,96.29414764303202,96.13172104049335,96.24180587133208,96.28614086008187,96.20623371998404
