,0,1,2,3,4,5,6,7,8,9,10,11,12,13,14,15,16,17,18,19,20,21,22,23,24,25,26,27,28,29,30,31,32,33,34,35,36,37,38,39,40,41,42,43,44,45,46,47,48,49,50,51,52,53,54,55,56,57,58,59
0,137.8335266585266,134.4566900691901,137.33061999728668,136.20894510582013,136.28176027676028,133.17873677248684,131.83118059189476,131.68250216218954,132.28665095192858,132.70793599918588,132.1890775890775,133.19797559693387,133.05749819980574,133.61546710564554,134.69514448514437,135.58117114367096,136.58370202781953,137.10081287025707,136.87158521303223,137.3680781949529,137.92276367812056,138.0384712509708,138.17744465679192,138.47577754036038,138.72439234839197,138.628180864719,138.28201491581086,138.69546739635987,138.38609251540257,138.5452460656624,138.90526556776513,138.99235395680657,139.09482030315323,138.84607394239703,138.9449428745854,138.80572033419216,138.5756377256373,138.8569388214122,139.05401743318376,139.25990664428133,139.36121832097405,139.36033587224023,139.58454273977506,139.53014057701537,139.4539419119974,138.9793844340039,138.78294549225373,138.9077605650519,139.11053674216905,139.19445665445636,139.12815136025887,139.21300219545367,139.5395364418945,139.32520481918587,139.68312530062497,139.6736836080584,139.72603597669365,139.50333029837296,139.41693320019547,139.5548394044223
1,131.39090862840857,135.39590201465188,134.46911375661364,132.78095365282846,132.71914021164,132.22710622710605,129.3328165881736,130.40480514855508,132.55697892642334,135.0491651404151,137.24868187368193,137.78575371387888,137.03013759744556,136.45205171812347,137.49036290869665,139.1297504578758,139.90522606478538,139.91456750554016,139.83767806267844,138.68041183353725,137.59591764056094,137.17403545528586,137.88943303073785,138.77523423721382,138.8746369556374,139.18010041952394,139.97626057070536,140.8940924981108,141.2416607020058,141.48666191832896,141.36121893339674,141.6482298661989,142.10916012999368,142.6156581435996,142.1555609337755,142.1400457310182,142.14642595892613,142.13793698991074,142.20174618828466,142.10307132682132,142.19719132493515,142.47660195844716,142.57712208119173,142.75031184093663,142.7932439062994,142.54362303356885,142.31129350358106,142.1563977496271,142.05635367089465,141.7832810337813,141.8290804783453,141.52689969396698,141.39056354197865,141.18200200862225,140.7088289488289,140.70195823521718,140.77605418460672,140.796249280732,140.93043155839771,140.67617809659484
2,119.22542226292224,126.56552706552704,129.75413614163614,128.92894408831896,130.04309320309312,130.77849596391263,130.68914617128894,130.39545685795673,130.08343056120825,129.97176434676425,130.34757141007123,131.211371421788,132.4793325976018,133.59213980463977,134.97330891330898,135.89754305301187,136.72392504010162,138.26966292452408,138.93883372962335,138.74214514652033,138.25966674419067,138.3993467180968,137.98105545822946,138.2946829212456,138.83737606837602,139.17488416142243,138.50190781440756,138.30864821355874,138.12779444374252,138.06531932573589,138.18391002665194,138.55429592109297,138.72979196729204,138.94030426273088,139.41541077969654,139.51428274657442,138.9108402358403,138.81888026690658,138.79283353161563,139.03790000508744,139.30262267091533,139.39256957768865,139.48097308591483,139.5969123469121,139.66284538506744,139.4972455583868,139.1799873786575,138.7683894230767,138.6355669557198,138.57625885225875,138.71055727134134,138.8626830523462,138.85181345558672,138.70331319058147,138.59932308432278,138.05653844336857,137.79874722418552,137.8747819390058,137.78868909652783,137.58350529100497
3,117.64306064306066,124.45186457061459,132.76847442680784,140.85763634513634,142.33872303622306,138.0976020892688,138.06752863538583,138.6075078856328,138.57505935422589,138.6099140211638,137.55333370333344,137.31939272147562,137.05213557809674,138.0672237484735,139.71780525030502,140.9471780245215,140.5591886327176,139.85178458372857,140.05481813508075,139.96123804436246,139.70994631470765,140.30680245680196,140.58732813080584,140.3488169430871,139.99451098901017,139.96690069190007,139.74642329549673,139.3366669210414,139.99008497887752,139.8111667344997,140.04451091023643,140.10993033297694,139.61226874976845,139.36411124278737,139.4600114832255,139.38945289535545,139.43037763037748,139.31743715592378,138.8695191916343,138.82206514550228,138.79316512304285,138.81171276915293,138.48802874558658,138.47170052170011,138.70899188260256,138.91925056626084,138.77056824184424,138.4795957129286,138.49723167044564,138.47980402930372,138.40247512110224,138.24931524138233,138.46439859930396,138.33214615459946,137.94298266548222,137.7361567169597,137.6345330027341,137.8024290205318,137.8212579244353,137.691677604802
4,136.39778693528692,139.3889906389907,139.71046160629498,131.4798382173383,133.9968142043142,133.57814407814422,134.5305417466134,134.48086080586108,134.53968932302297,133.6790842490844,132.76409516409524,132.99356600189955,134.4403032153035,134.47984076109097,135.6883007733011,136.5450915114981,137.0098012281839,137.00206552706572,136.8341719683826,137.0338166463168,136.8107908405529,136.75255115255132,136.43629337651075,136.21385899979649,136.04309483109492,136.06160068563935,135.8853072853075,135.55972512936808,135.59468390804614,135.78807997558005,136.24642348392356,136.67598983770884,136.73690954107659,137.06338343029563,137.52803389732003,137.7824170171396,137.95612150612192,138.15123398774753,138.52736725525227,138.23318643162432,138.18925010175042,137.88724828962958,137.60878600297232,137.58869070744092,137.66050999412136,137.75043398630393,137.78660589804247,137.70677941849846,137.622771361292,137.46138502238523,137.45242973257697,137.49993014464175,137.45631551362683,137.45705966701328,137.62723822473816,137.69856677713818,137.732051996087,137.6144622857984,137.27569560853453,137.28357185253014
5,131.1824633699633,135.43181725681717,134.93718457468458,130.15861060236062,128.94538461538468,130.62398165106487,132.07118146403843,131.27479777167264,130.63583073305279,131.25048127798115,131.52548886298877,132.039725359517,133.09223411915704,132.57866918134766,132.94678944512273,133.65551167582416,134.98274677392314,135.84514454167223,136.36889178073383,136.59271927146918,136.04832524177752,136.38051809301794,136.5396190564669,136.69650615588114,136.99669006919012,137.26265399486564,137.0783735811515,137.7344585804408,138.15968134675043,138.14369658119665,138.1525306234983,138.0073466753155,138.00620028120028,137.77317179008347,138.0486410547124,138.0410377945099,138.22535461285452,138.22238395133118,138.16751784540224,138.14385492979218,138.2551186505452,138.14896917456412,137.5565127163964,137.70129511692,137.86961108849985,137.9680477031018,138.11788496176774,137.99018461284055,138.07897666392543,137.74166096866074,137.44434848013267,137.2718737281235,137.3043950284515,137.28943551304633,137.42255207755196,137.57499963660672,137.54696740069542,137.74472197661837,137.72737207080402,137.53054173449974
6,148.35968660968652,143.98782305657298,139.29334384751044,137.551586029711,137.01049552299548,134.69807607515926,131.11232484446748,129.7829504985754,129.68811276172391,128.6217389092389,129.46308552558557,130.55588412359262,132.46630310572627,133.91291753881052,135.650924569258,136.52045272435902,137.8235404845699,138.26111845972952,137.9790587580061,138.12428418803415,138.54853576758333,137.73510933510923,137.49507595866288,137.3891491995658,137.518725071225,137.90991319933627,138.26417642713932,137.73153126635262,137.62687992084514,137.54197683489323,137.9052603161472,138.17694533475776,138.46512021928686,137.92895254255544,137.5295427059711,137.61478570297993,137.60841597091573,137.41742711479543,137.4870327322249,137.60536922568147,137.89613697052704,138.0486853644591,138.3238486857672,138.29763373200873,138.70464195269759,138.96764014970532,138.90413700759436,138.28657852564098,138.16454372347232,138.14959879934892,138.11687595266034,138.20810439560452,138.16381603197667,137.7086297276115,137.43627113627124,137.62032930693638,137.64182420081542,137.74228076361692,137.6559000400101,137.3670923212589
7,129.6123066748068,132.34479039479055,135.20522317188983,134.10499338624348,134.38039886039903,134.86435354768707,132.9378772021631,130.8062798890926,131.92057274001743,132.55943426943435,132.20964405964415,133.21845916429265,133.04491014683347,133.18470950345986,133.93573938407295,134.7878205128208,135.72230272450884,136.6757908244022,136.39660636634352,136.24782356532393,135.7566915227633,135.8658429533433,136.1722945532732,136.0667760480264,135.86622161172187,135.86109741398215,134.62401113975199,134.57409351561145,135.28552324112695,135.7308570750238,136.10524226371012,136.7553549170737,137.28171781921787,137.11846869089527,137.18313317634772,137.24501424501457,137.3948590073593,137.10576280444724,137.24484935766992,137.24428291615789,137.26046028271637,137.38497768765626,136.95492766277653,136.67283630721116,136.46165762221315,136.67742928367915,136.75559831224726,137.05969742063496,137.08302476057568,136.8710072242571,136.92634290183307,136.80629158057027,136.80952860905663,136.64463974811153,136.50917055167008,136.5799913875801,136.69878274746625,136.6979588578721,136.71353681629054,136.74546355650466
8,138.6991147741148,143.18142297517295,143.6437830687832,142.78450854700864,138.86817765567767,137.46271537104877,137.5806325949183,137.13872863247875,137.64963709130376,138.16222680097684,138.67915972915966,139.59127111314606,139.9173073009612,139.48758648758667,139.04421923755277,139.04593190374456,138.68230924848595,138.96880087505102,139.25666302508415,139.45676332926342,139.41000615345862,138.22571571946565,138.076540408062,138.44128150013552,138.72813593813578,139.30483841301148,139.82890701548104,140.37470946712003,140.78836540215835,140.39660205535182,140.48917625086958,140.26094163359767,140.46181072014383,140.48255479542206,140.27977992906523,139.91553384886677,139.9087301587297,140.0772597894303,140.15698697076851,139.88751017500965,139.3421873293818,139.23488138845215,139.41462527567117,139.85876033688476,139.8970079817296,140.02658674859714,139.9915798543451,139.99189825413714,140.0856709900072,140.38740435490382,140.3625167588398,140.29818102125753,139.94476764500308,139.62214251797548,139.5095621045616,139.58510587461424,139.4489620597071,139.36027991803792,139.29453075957252,139.20604149708254
9,123.52279202279203,130.09970492470484,129.10841303757965,126.732733007733,125.80754884004884,126.33809099850771,127.70133219954643,129.10233516483504,132.21549427938308,133.83751678876675,132.63121554371548,131.24868615181109,131.32336456278753,130.94319001104705,131.75276319359654,132.2253984152423,132.18582381670632,131.58338420838422,131.45926193689365,132.5621962759464,133.4754762873813,134.0498411310914,134.64282153032178,135.45462814577408,136.238665649166,136.40851354841766,136.2765315274576,135.65171903162982,136.54970088978712,136.778519366436,137.03458863418533,137.39331501831512,137.46625118708462,137.6522738155092,137.62363276934713,137.60736303305745,137.16436422686417,136.9569863494204,136.4119813353786,136.5069205331704,136.67104551952107,136.6415062891253,136.66387421794383,136.69501436063928,136.91043006376347,136.86905403372825,136.61441939660065,136.56126945970746,136.78476759446218,137.06655189255258,137.27441892711573,137.25716907736208,137.0047141014129,136.86109839234902,136.61296980797033,136.58014928193555,136.59856844747245,136.6212080543983,136.4939619937507,136.54699693053917
10,108.91983109483103,112.36832773707768,117.68329432912765,122.40635302197796,126.26236263736266,125.6903998778998,125.60316297459143,124.852667124542,123.7917508931397,124.07517857142857,124.90348494098482,125.89825371387859,126.54995264706793,126.47959983138541,126.55932370099022,126.6032960673585,127.88309092867904,128.67305035499456,129.3079520382149,129.65814026251505,129.48451436129986,128.48403425278414,128.64828528958955,129.26091926977324,129.36418762718748,129.45145424376182,129.34011629659764,129.55022893772883,129.83621128233187,129.738266178266,129.37800179211453,129.36733249389488,129.83295007461675,129.76681555100674,130.05446479446482,129.8805028433501,129.85215696465707,129.6857387860679,129.93459529549293,130.0416475885229,130.21536414127905,130.26189943213782,130.48909463706002,131.21722976097996,131.39411149550065,131.0886220160681,130.76490898778184,130.72203875407052,131.0134843803215,131.37985012210052,131.71404151404198,132.0741525390569,132.41822325124267,132.57931062421852,132.4898110223116,132.4776820236649,132.54118067604983,132.3535769546554,132.45106872098472,132.5401747558006
11,141.01473850223846,138.123873117623,135.8020773979107,132.0345085470084,129.73107142857125,129.61620794329102,128.91956654456632,127.2551421957669,126.52355514855496,127.17416208791191,128.71098947348935,128.9615728021979,131.05369900754516,131.3173614745045,132.25640516890525,132.78612987128625,133.4983477579068,133.97732612038195,134.59583868860207,135.11272461334983,134.06944807837684,133.9637001887002,134.2399406752668,134.34729365927285,134.46409361009358,134.13533213581283,134.04868120562563,133.69693223443215,133.87854827165165,133.38238383530052,133.31040033741655,133.5550140542329,133.8201662534998,134.33561657569035,134.64140356997532,134.81170196829953,134.76962016962062,134.76209795321688,134.78555252914276,134.97535154660216,135.35873115141464,135.47463139814383,135.22850659246058,135.19446306008845,135.17408764075506,135.33192000230108,135.4298000069284,135.53416450447745,135.63133996577923,135.4163289580794,135.4318000989574,135.4379130662789,135.57737768869876,135.74308485581653,135.85209170459188,135.89086783751978,135.87486236959936,135.6483292808726,135.930607810269,136.0541067188986
12,124.73240231990232,131.14090354090362,132.67716218966223,129.18688568376075,128.90410154660168,130.14003357753379,129.57233196697513,127.85524712555994,128.34893049337526,128.28417022792053,127.64174205424237,126.81340811965843,126.71433580664375,127.22995850049455,127.41645604395637,129.48608535561695,130.87944767650686,130.9231642585811,130.70931361523483,130.11823641636155,130.30594220594233,130.56264846264847,131.31342835908072,131.73826906118614,132.1139641839647,132.12526415891864,132.21233437344605,132.3177186900407,132.84240593378578,133.0333730158735,133.04039446216896,133.3569469881972,133.78070525153885,134.41662925854126,134.6546988196989,134.5071506297201,134.71280318780316,135.02541007968634,134.92383417864178,134.94787126068366,135.2435384962823,135.35914575944324,135.69215908983344,135.94443172568148,136.31867057839247,136.66733578418325,136.36379872097928,136.04145479327738,135.95546854883577,136.25572486772472,136.5068012960168,136.17668239879768,136.31471181683426,136.0604806373324,136.06519952269946,136.0619562728937,136.0913914058649,135.82390039717606,135.93151812876368,136.04855548772187
13,133.16134513634512,140.68120675620673,135.72903778320432,133.71490638990625,132.28208078958068,129.15245217745203,129.6293643525785,129.28850160256403,129.91281712115037,130.51359177859166,129.22638426388426,130.28271011396015,131.5881993362762,132.24397385022394,132.34861145027824,133.26871470543347,133.7745591826475,134.08939679148028,134.65814670222585,135.22780118030138,134.91803714363255,134.9861716986719,135.50027516766679,135.87860640516897,135.1854342694344,134.99177585235287,135.25955207344109,134.97995813710114,135.8759562755254,136.3390861145031,136.9586513844581,137.58068496896647,137.6242741826078,138.14287988699786,138.3449187452762,138.13443449554586,137.77787911537948,137.98690342308797,138.30935253018615,138.6490903540906,138.8688195499174,138.73977302459477,138.47107327427133,138.8971962065715,138.93913342830047,138.93406936260234,138.77943771161898,138.76227657373522,138.56676530196967,138.47794464794484,138.3738676809757,138.15640526674207,138.06058287449824,137.84801832255562,138.09714322714336,138.3799284297053,138.38926804189973,138.31038903625125,138.21007920986762,137.97802681115195
14,130.8249592999593,132.33657407407412,134.97473884140547,139.49779583842087,137.5086833536834,135.12841286799622,134.2134462759462,134.23082010582002,133.68066126260558,131.0653947903946,130.43930051430036,131.86200693596513,132.930695266272,133.2501955055526,133.0165788224121,132.77718253968257,133.26133496133497,134.45048076923058,135.6285237666815,135.80138431013413,134.91575358063446,134.559192196692,134.37970903894796,134.3928751611041,133.83607977207956,133.7744908581447,133.93368474803663,134.96417251729767,135.62052299552306,136.02553724053735,136.26612968871044,136.82419824099526,137.21480325230345,137.55652801718986,137.69294188615626,136.92591815334887,136.88805715055724,136.8303290276976,137.0697509992382,137.39505469067984,137.41312861709224,137.12932874004318,137.42554270664752,137.62060439560426,137.71653586125782,137.49064186618514,137.38782906415872,137.70949402642097,137.7916517156311,137.43092195767184,137.436801016703,137.41517896277517,137.35740299183706,137.30869586517724,137.34381498131498,137.41867777559747,137.6002283129478,137.50000280689952,137.2823686044027,137.2003103378106
15,148.04665242165234,147.54450040700033,144.40201465201469,146.4080128205128,145.1228052503053,141.02091812508485,140.20891694284538,139.0542442511191,138.50998959887835,138.84850376475362,138.46416870166863,139.30157627865933,138.86488564853929,136.65481241641942,135.05150556233875,134.58987109533984,136.4196066460772,137.78785782119118,138.2668806096438,138.5951111619863,138.58280786673657,137.71041805416812,137.3004948151688,137.60526450786878,137.7421902726903,137.60685110829354,137.58375785736916,137.36853941362887,137.57327340603217,137.13474053724053,137.76608472172998,138.38797361492678,138.8420880045881,139.0939328509183,139.21235973021706,139.12227846741757,138.66751916751926,138.23760871195094,138.46297222483142,138.82949010480286,138.97647723775802,138.65900597418482,138.38043191735073,138.4617705211461,138.55802073441038,138.56117382014187,138.5214823690895,138.41198499610044,138.4731741048076,138.46104049654116,138.63271854325848,138.6228995452559,138.61951557352575,138.42458018661785,137.98078893328946,138.03092866954537,138.11112369599266,138.1551674140042,138.25183408869904,138.30867377221603
16,128.97881562881565,135.97080535205538,133.47386887803555,130.42558379120885,132.48215710215715,134.03553537511863,136.12016832373965,136.42991898148142,135.34398939537814,135.17552503052502,135.53274595774596,136.54488324175833,136.78667778090858,136.5283988167918,137.40645841812503,138.47261205229947,139.35234055160515,140.17977377560706,140.55336150204556,140.95016152828626,140.1577356726161,139.4594178969172,139.29285847003155,139.18258547008463,138.54721184371104,137.8891589180043,137.91191927071472,137.91021752718106,138.8675064558677,138.7768683014508,138.8222488085383,139.263845963064,139.82704949371535,139.84571257990294,140.02551064015273,140.07001749536397,139.43478327228254,138.66731050382296,138.36837085042146,137.73330242673927,137.8764843106299,138.02842328526782,138.20437620088714,138.23560236060163,138.04735630624444,137.78342280706346,137.30278773629783,136.99042414953814,137.0080664988823,136.9694833129828,137.06077054753464,137.01346281033733,137.0003010267155,136.92954135199443,136.9322772597765,136.7552744708988,136.71845238095182,136.8304986281275,136.749287059456,136.38319300298406
17,129.996626984127,136.4889168701669,141.56956993623658,144.6999605718356,143.726281033781,140.40304656762973,139.72181013430992,137.56479955229935,137.4160963008182,138.3950020350018,139.5099932474929,140.50394705603034,140.21598846310397,139.47716364323523,138.7560130918465,138.0830382580384,139.01842155665685,138.88183308461092,139.64097449821136,139.46191748066758,139.050688751284,139.04015822140838,138.85451947408487,138.51838836318024,138.867436914937,138.86285808208882,138.30342520990664,138.45818379702297,139.12315358651557,139.11847832722836,139.4056845484265,139.38817011981078,139.5583983917318,139.7616719337309,139.79625254375267,139.34548441527616,138.65971438471448,138.39506070196867,138.34316500213953,138.50905499593017,138.4184989130113,138.73240195650916,138.70817112474086,138.5820695508194,138.0911458192012,138.02666947585425,138.08667874678503,137.98409105362217,137.9342959100612,137.63638135938132,137.3856112387974,137.1235052518704,137.0413006542721,136.89382650100214,137.09410108410086,137.1618419857257,137.02429096244856,137.13830251006937,137.30015960969314,137.14756562881536
18,136.99191595441593,143.68530474155463,143.77210181793524,140.69283424908423,141.27563288563286,138.27455399538746,135.31556195127652,135.30145820614592,135.2034651562432,134.9700010175013,133.7353465978468,135.47090116673448,136.9076973951972,137.40881337577753,138.5357997557995,139.08818585927946,139.3681896262778,139.43062875910095,139.56972613156827,138.16031669719177,137.89946920363604,138.0813163688165,137.62236002725132,136.72395388176656,136.3448467643469,136.8332053630132,137.61269596315904,137.66254433397307,137.82440914768526,137.98702177452205,138.05934016700166,138.13149435922904,138.46230821647507,138.8881722988342,139.42168498168516,139.56519863880987,139.28163259413256,139.22931942570102,139.50509689740466,139.6163588726089,139.7634539692467,139.73848091943353,139.58680656122544,139.5208632802384,139.6882069370961,139.70669371892225,139.13911392980563,139.18153765601687,138.5857741936824,138.730157000407,138.97950852705745,138.98492327650976,139.04294881393938,139.11411839189628,138.97231231731254,138.56474059174977,138.33359011845874,138.28697475895777,138.20876266702564,138.2633706417041
19,111.09838726088722,124.88837759462756,122.44360500610503,118.09194647944662,116.71984228734247,116.89491588658272,116.161811006454,116.04408132376874,117.39611201555633,119.02945970695953,120.84988437488418,121.547323548365,123.35856970664668,123.11898402523391,123.89257224257227,124.7301418777981,125.75671131700526,127.00359234387003,128.31005772979444,128.04764830077312,127.37433595945484,127.8472155159653,128.68331873440556,129.4734765042055,130.385412087912,130.76430371622666,131.26220530155712,131.84178004535138,132.59466285630066,132.8243554131054,132.95741840298274,133.05282340633875,133.74656701323335,134.30254090952593,134.6314605500317,134.36640833446364,133.80824932074913,133.96425036951328,134.34464494432413,134.6616647588519,134.83393167356547,135.05235672616587,135.1948309765166,135.69279678654638,135.76300185411267,135.85962202049132,136.1242375237052,135.68666087962927,135.654190650619,135.62146774521756,135.93222116481894,135.75361643342387,135.7181088303727,135.69140437751508,135.8243137418135,135.67544624687477,135.21199446265234,135.16197221520488,135.1324933776204,135.2246208960791
20,136.8550417175416,130.43319597069595,131.35015092931752,127.60405092592585,126.62268315018308,128.5032983991318,128.52919065061937,126.9077266483519,127.29744776828134,128.63935134310165,129.8927470677474,131.4118013159683,133.3615682038762,133.84115537240564,135.00279100529136,136.7700819724261,138.09771092197593,137.5939079952971,138.06108861898358,138.37701668701683,137.3376400275212,136.98706363081376,136.17322401833283,135.71527523402534,135.74438848188848,135.89985461475848,136.21755170412598,136.47813808215602,136.69921845395987,136.42461131461138,136.90496474851312,137.1622276594933,137.43747332913995,137.5237742105388,137.51194284551403,137.01900691900673,136.28909651409646,136.0430698808988,136.1327026131513,136.19771265771263,135.60149746369254,135.88877357210686,136.17101234252388,136.55510797073288,136.94708983403422,137.3052896781157,137.1572172213128,136.99834412308343,136.80540417632227,136.46353317053283,136.42935669994446,136.52483485175756,136.8142224564391,136.8373643331973,136.8871904021901,136.72115748008582,136.91010378510356,136.76941970864365,136.62310753433619,136.77066366503854
21,138.56130443630443,125.20648656898655,124.11096357346337,124.56411273911266,125.20054029304022,125.96242114367115,124.03606968428409,123.28554258241758,124.29505268394153,125.26601800976805,125.75726819476826,126.89508547008569,127.43504430042907,127.37121816675402,128.18628001628022,129.95296124593003,130.96145077689192,131.42140991724324,131.89498345222026,132.1718223443222,131.81552318933265,131.6148289210788,130.78949938949916,130.1369653880068,130.25253886853866,130.8788659168465,131.22129026666045,131.66715052473967,131.66113339087462,131.90276743318387,132.0318466330561,132.68871782153008,133.0556751890083,133.15006942948096,133.19953049595895,133.09937239971958,133.48508591008584,133.6276464398174,133.95435464345712,134.28694826007333,134.45903689806144,134.5732841783439,134.7047257006561,134.29309822122337,133.93958972097892,134.4944932181349,134.91043804501288,135.23682378578226,135.16977720880791,135.36360124135126,135.21840350100143,135.21017853229384,134.92016504634424,134.98044758739206,135.1885976060976,135.25053527821396,135.30657966140447,135.20852095701264,135.38064497492482,135.32919507190354
22,104.29783272283271,119.84198717948699,126.467095712929,129.53771876271867,132.01213064713048,130.8724469203635,132.836190330833,133.69077826109057,134.35806821779033,135.39436406186397,135.70208680208665,136.27715074277555,137.30263024013018,138.34244469155178,138.83832112332112,139.64747182794065,140.47548181665832,140.00117634423185,139.55494880363295,139.85632504070017,140.274147964029,139.730469067969,139.5822213816779,139.2564367538327,138.72972018722032,138.45636857800338,138.46132572845536,138.41652567009706,139.21369959861337,139.60848765432112,139.2681924258539,139.41225468686434,139.91630159963526,140.14982567813476,140.59945636374235,140.71639929001057,140.6349715099717,140.21436872094787,140.1545212266368,140.21440514346793,140.01810717511964,139.89472958699173,139.77505241313412,139.65766687016713,139.54135576357817,139.71011528728937,140.21215123528964,139.83924437830694,139.5577294776276,139.43780097680113,139.57428365933268,139.86543989308421,139.73743405441536,139.95077226442987,140.0235489510491,140.26727407843487,140.3658028618555,140.33116061779853,140.39250869187293,140.31111696174173
23,133.67008038258038,141.90032051282054,140.33574481074487,142.53972196784702,141.12012515262518,136.81507342965676,136.79977033548465,137.3137445309321,137.48385451996575,138.70558811558826,138.2521251896254,136.83310609143965,135.83893350239518,135.60352309727304,136.95977106227107,137.89413156288165,138.74111003375722,138.4212197010809,138.20809181072352,137.60244937932453,137.8696225071226,138.1606832981835,138.39863433667807,138.5000250135669,137.6828840048842,137.84738091324658,137.93483998854387,138.53653791644876,139.34972685360623,139.65498999457344,140.1119851773078,139.9098963102871,140.03663928663954,140.19951773444444,140.2794730798305,140.15050224980814,139.96559829059868,139.6282257459894,139.21675811130987,138.79500457875503,138.74902381945108,138.5625548723767,138.41634745530135,138.4455371017874,138.46521571021606,138.2430880713492,138.06496776470212,138.04424475987014,137.98889771415307,138.08094037444047,138.1560631090041,138.06858583012416,138.17772373503507,138.31450881080528,138.5710822510825,138.46522990072108,138.3949301672987,138.3129897162226,137.96586163365833,137.7133407950076
24,134.74930301180305,137.97317358567366,135.7155525030526,134.85967897842906,131.7536864061865,131.5122744539412,130.63019579626732,129.93593368437118,129.36322977434097,129.4313690476191,128.07932761682764,127.29944291819301,126.54238243949803,125.90366809116816,126.72479616062955,127.81186883140015,129.25746396849343,130.74328251481018,130.86808072531744,130.11859254171733,129.44589729053988,129.1805289617787,129.1413799968146,129.48584316917635,129.98310276760256,130.1142058795903,130.46165811212072,130.20413287109682,131.03954307187038,131.92317205942177,132.8427256882898,133.21404024216488,133.64222459639086,134.14336709042553,134.11431027966694,133.77397868335325,134.12195175945138,133.8350476886657,133.8346980891849,133.55758407102132,133.45854924208558,133.7277746283697,134.04044791341283,134.1311096311096,134.31085526613307,134.03640530162275,133.83934459945124,133.54366669210444,133.15067518460393,133.36163441188447,133.39530333500934,133.48620405591583,133.6516518073124,133.75833220277707,133.72603479853515,133.89887956785313,134.05587044534448,134.40858104220203,134.4744476176682,134.10020324582837
25,128.0956298331298,139.98496896621896,139.94334554334554,141.41122812372825,138.0168182743183,139.0043989960657,139.24652668759833,138.29353250915776,135.92871161760075,133.29453754578785,132.7498751248754,133.58477224935592,134.41806338248665,134.1900408453982,134.8654748338084,135.6921429843307,136.11381227704774,136.38519479491717,136.26537176274033,136.30963827838826,136.33276304823912,136.57908619158616,136.54903470120865,136.24712810337806,136.11902299552307,136.71520479164707,136.8811532431903,137.44867306965534,138.2725699268804,138.5785278456114,138.8537202791237,138.8616232002953,138.77500354583702,138.57602513227528,138.55090935519513,138.69229751729756,138.8923437173436,138.63385466872293,138.40026950732062,138.08471713471687,137.804989229379,137.87262643661413,137.5656786258527,137.34202152014618,137.12621297426807,137.2767609403476,137.61968139228745,137.59676424077452,137.70194986419452,137.70895329670287,138.1469875984578,138.14523878009402,138.29812309458492,138.34388265198402,137.8083742183737,137.47088611619824,137.50282106619775,137.55895409666917,137.4907271165742,136.97983711504506
26,146.51323768823764,139.22775234025227,134.9394858228191,133.30087123524618,128.87738502238489,129.897851377018,131.63789319146443,131.63625864875857,130.50091179396733,131.1160388685388,131.95715349465345,132.97939687627175,134.36240098932376,134.72471946043362,135.29419719169698,135.25957214082186,135.77614827982455,136.52633349161107,136.69186936357966,136.90178011802982,136.73164137449822,136.1567351629851,135.97725022561985,135.65650246743994,135.39005474155448,135.25418799505323,135.72734213660138,136.42219605791033,137.2182402846196,137.14200922534258,137.4778585214069,137.94297161172148,138.18995140661798,138.36265905935008,138.18051151229707,137.33674916904064,137.3897387772385,137.39229818670583,137.15561817100254,137.03514652014627,137.12195444573473,137.2600703529272,137.46565922234495,137.57650058275007,137.8195168000718,137.87238457999283,137.7412534963062,137.90099132156368,137.80246723231346,137.81433272283206,138.02815594898863,138.04863615728928,137.8619420062811,137.38175460513375,137.15844562844535,136.83479735377014,136.81832912052155,136.9844149544574,137.08345724426164,137.19057463369913
27,143.76139601139613,144.5418091168093,146.04812271062295,144.02469856532363,143.71635938135944,140.50391907475262,139.24591836734717,137.91370065120094,138.46181657848342,137.7205118030119,137.954287841788,138.79979226020922,139.8688582073202,140.30134055759098,141.08356939356977,142.08795119810793,142.5115633005343,142.4148899968348,141.96940695756516,141.49271189458725,140.99266187956712,141.3314944314949,140.65715524411203,140.31702427587868,139.51153683353718,139.22904887135695,138.94494886115302,139.15470957613857,139.34572807460785,139.19440493148872,139.11390185382157,139.3207743500716,139.8611328486333,140.35470698963402,140.91900444793364,140.61615565504522,139.97495173745241,139.86981998264952,140.20350320382417,140.40146660052955,140.41481655201216,140.38478436246348,140.0889362145181,139.75271013708573,139.54609177859248,138.76387130381784,138.4097601078993,138.07832362467886,137.93404236542082,137.89221133496233,137.76832888426108,137.77617599636915,137.97239577334014,137.87881779571683,137.72328671328768,137.7334413519691,137.753459592715,137.76654658400452,137.7627229879358,137.72717685863591
28,140.0017043142043,143.22805504680494,143.45543515126838,140.1387973137972,139.4600997150996,138.39628866503864,138.2898656898658,137.5378071581198,137.49727083615986,137.34826668701675,138.65240962740975,140.01093813593846,141.44353417238057,141.1040347549279,140.81440917107605,141.58697757682162,142.50609333477004,143.43223245376043,144.12667539575457,144.28118284493308,143.35625036339357,143.61160783660833,143.63834740139137,143.5355616605622,142.18760866910904,142.02766761372573,141.9556378977679,142.20794268562156,142.30443823418003,142.38407305657347,142.62076440584542,142.4373200295079,142.09965173715202,142.3840202961529,142.1717091109951,141.2527596888711,141.195390582891,141.23882141250607,141.2370937822866,140.95208574989874,140.3968634910713,140.25678418803471,139.98884109000434,140.027372742998,140.11326606521067,139.88258270513745,139.70093772460814,139.4962017534936,138.89277740400215,138.83619881969906,138.96202167476707,139.00352251025345,138.7322830995003,138.76883611073438,138.71695276945306,138.73878368655187,138.64682628937044,138.58832584242086,138.41531278671118,138.4181803690138
29,119.08022486772484,116.73876678876682,125.54385768552443,127.22122125559629,129.6576343101343,128.97021265771255,127.66032109424958,128.05688911782656,129.2588273866051,130.5084742572242,129.3896617271617,129.80844780219792,131.10482804232836,131.14282153032184,132.42424942341643,133.13662685693959,134.6959982283514,135.60738083932546,136.0561510614144,136.6990270146522,136.66186866484506,136.82939583564612,136.73343751658987,136.97770570478917,136.77444668294658,136.58184895588735,136.26968600672308,136.42971121140764,136.95222657291617,137.19468983177322,137.4084551052293,137.78187417328033,137.8388270679937,137.51963762000514,137.55183615326465,137.6396879098268,137.83426805926803,138.26185897435894,138.5336522807677,137.97159798534813,137.93843870673143,137.37598939860848,137.60792018059445,137.77813841251316,137.53391466558108,137.4759685061313,137.2503262497941,137.1226789317933,136.99089346971965,136.75172364672312,136.6119231168245,136.95743910647712,137.29230183687693,137.3592175228746,137.1752380027376,136.9039658919118,136.90409713742997,137.08663222951958,137.12520600084108,137.11959969814083
30,148.55992063492064,147.0384284696783,140.27642789309448,140.2064763939764,134.26423585673584,130.37141161307835,130.78396345717792,131.09863336894617,131.56142540587024,132.34019739519783,133.99022089022128,135.74005647130687,136.74617106540217,136.4822569626144,135.7219061185731,136.39026792073707,136.33016082501402,136.54514906389934,137.0320965340704,138.09156135531148,138.74175073163187,139.03666171791198,139.4906920776489,140.03633241758283,140.39163797313824,140.54837904261004,139.58387675424743,139.78784994767167,140.69442234011206,141.20344966761635,141.25015016345657,141.1345095009159,141.57038809955483,142.0912116342264,142.55080397116117,142.53056954619464,142.8351480601481,142.51991544031023,141.9671944627075,141.3443917887669,141.12124864746818,140.74454474097342,140.5550270465971,140.69268879268904,140.81079455523934,140.86857459167277,140.8475277972624,140.84738237264315,140.68953510586198,140.4627035002041,140.22508499126212,140.54993014464213,140.42468572657293,140.44790055623423,140.46765327265354,140.7503760211352,140.71497868603169,140.9296128759494,140.6312966929495,140.17226173517875
31,123.87847476597473,125.5855667480668,124.86404660154669,123.54384539072035,122.07331705331693,124.05392161850484,124.99450113378666,124.99258368945854,125.80805634694515,127.086082112332,127.43155409405402,128.93908221408205,131.23025617544843,132.92504651433205,133.82829331162654,134.58916425010176,134.9639753764753,135.5647594175372,136.21873835229093,136.6513029100529,136.7055662150901,136.4471466033967,136.72902576489545,136.1532072479991,136.66375356125388,136.8338849362889,137.16874783309993,137.17409569597095,137.57577470422322,137.79336725003412,137.99784552365227,138.09503284620493,137.99580481247176,138.05899725274753,138.4944944473518,138.21563404445362,138.21961549461568,138.17634778720316,138.0961388445364,137.43955268111532,137.4690608961952,137.14821755625337,137.2367901155692,137.1509749509748,137.05437321937308,137.16322629664992,137.39462911005438,137.47170997405357,137.72986645818278,137.8296538461538,138.04916674647046,138.13489549090514,138.08072517105546,137.96236800750688,137.61503052503062,137.56783588435374,137.57064482788158,137.61828537044047,137.58362375226775,137.61488035883863
32,150.21234737484733,145.6239392551893,141.17824243657574,139.38620522995532,135.46118844118848,132.42430725139062,133.32432481539607,134.97037863756594,136.59418272057158,137.82611772486763,138.3536565286565,138.90932115723763,139.01419179111468,136.92827017559145,135.53788359788348,135.56534359737475,135.8628411621059,136.6373230678787,137.8966735749632,137.75982295482308,137.82829258484037,137.66947034447034,138.02829471253378,137.55260437864604,137.16402665852655,137.3488183291067,136.8057106302476,137.2833489592416,138.15948644267598,138.57554453262784,138.54505461682888,138.78364096840656,138.90760366177028,138.90465970576258,138.94838304552596,138.98690801225527,139.2186012936014,139.15673451791886,138.94986381140242,138.52382516788782,138.30702063293546,138.28202099928308,138.40389939517854,138.69589149276646,138.87858612580837,138.95958065686304,138.82756691692845,138.8495427604801,139.07163715913697,138.8213899063897,138.72324750412946,138.5944109843145,138.84317640779867,138.9823189413464,138.84763394013353,138.78749745624683,138.57886320145016,138.47923306737908,138.43853664383263,138.36233592796026
33,138.52025844525852,134.41946479446494,136.3907475240809,133.5759195665446,136.15255698005697,134.23570495862174,133.35682307110892,132.95282420126188,133.3808432822323,133.3020762108263,133.03608474858504,133.05263278388296,133.56496548323486,133.8630603523461,134.4929527879529,135.55394249847382,137.01898237927654,136.29398685162585,137.1856575198681,138.31885734635736,139.56441653584517,140.1013190513189,140.12447488099636,140.73749046092755,139.91609137159116,140.14784426755554,140.00060258671337,139.62592429065614,139.37744130071704,139.26928605345245,139.47339809234947,139.6230128523096,139.8561236602901,139.99487748090664,139.500375893947,139.25401220435904,139.21354458854415,139.01236236959878,138.82945939388208,138.91121069902283,138.95335440304908,138.78551817450588,138.62930982669312,138.37154084341537,138.10307262696108,138.16533805365287,137.90706892595162,137.60024992368724,137.689885728406,137.4052178469677,137.46222288060525,137.5189400965843,137.47283233887018,137.22719657742832,137.2384937284939,137.34538717730697,137.4053491099546,137.3653982990192,137.4757870111686,137.40194385090237
34,131.96524216524222,135.36786223036236,137.55644247727597,136.00186711436726,135.514872812373,135.5391212182879,132.4635763707193,130.0847298534798,129.61797811242243,131.60006308506294,132.84371785621784,132.02570207570193,131.64922982999897,131.13367056224197,130.95725953059272,131.09466797669907,131.44545057339155,132.38495031203348,132.47671716684866,132.4645103276352,132.0247378723568,132.4562310374809,132.65955344977067,133.12515538088428,132.93028469678447,131.95651435459095,131.84468657200108,132.27603349031895,132.4885780247847,133.04573989282298,133.3965267110424,133.54594017093976,133.76606202439484,134.05012808542173,134.1918762718758,134.50169767218324,133.92922812922754,133.99375160658,134.41313045928374,134.10785561660518,134.0711265473456,134.23004450355597,134.25394908708822,134.39244863932345,134.53513261429916,134.5097767470047,134.5826046294129,134.82071854649965,135.24193267050387,135.10089061864045,135.32033804974978,135.5326190280517,135.87403922946373,135.90036168392643,135.8972296222296,135.6335956123902,135.4513268570285,135.56458885941657,135.78138240447578,136.0468186982772
35,148.20021367521366,148.60522995523007,144.94613688780353,143.14343203093188,137.3007295482295,135.3289241622575,137.57274768881922,138.61428062678058,136.98820659792872,137.46410917785911,138.184231046731,137.5919685253017,137.6928317053315,138.19242143438558,138.83018789852107,139.0357766076515,140.1974074672604,140.02988287432754,139.75213675213692,138.7444871794874,138.25358644882468,138.01678552928567,138.6328548866595,138.62342308540264,138.48174827024866,138.86665825271632,138.28584505343798,138.78590670242494,139.53268195725119,139.85993928910636,140.22387467669762,140.88974947217164,141.42277367694055,141.4128930845844,141.54416288737718,141.50588991769555,141.4206430331431,141.25830602146394,141.2091919476535,140.92583333333334,140.80283026594012,140.762804523519,140.54185099999083,140.4608774327527,140.34545256184157,139.928420683584,139.5499863611567,139.58777016771833,139.994731525089,140.19569261294302,139.968870653675,139.971416146176,140.0298697022758,140.25093233241432,140.33480584230625,140.7381862680973,140.9097220437136,140.9219169719173,140.84734087318864,140.60741970221173
36,124.78277370777367,135.78303825803823,140.97939730023063,138.04702762515265,133.003717948718,132.709097307014,134.19788359788353,133.35921410765158,134.0893840727173,134.37451465201454,135.05349927849915,134.670201210826,135.53030939857837,133.87109861038414,133.086171482838,134.00210527319894,135.77186938878106,137.48093485732352,138.80646916436376,139.63567434879909,138.96423072077815,139.0855417730416,139.27993333156363,139.91879366775186,140.1301878306877,140.54891851382217,140.9264090504829,141.23928625937532,142.14045566502438,142.01507851716173,141.61945708115044,141.76529590201446,141.98219080302383,142.5405454703247,143.0422220768647,142.89299351625732,142.62896536646537,141.9874412259281,141.3517112279933,140.9415831043956,140.89237047956553,140.7184552880979,140.75237219713918,140.58437870000336,140.74689560439526,140.92036063775157,140.72760675101077,140.44782604548206,140.18495956990833,140.23312352462332,140.23436260544074,140.22342394962558,139.7566370823444,139.5796158745228,139.4093114293109,139.5632690309024,139.59116639533244,139.53793708685876,139.44525680690856,139.03195589133009
37,151.62746743996738,151.44677960927962,145.01479785646447,136.0723417785917,131.52570207570207,130.25947378239036,129.97885414849702,130.82872850529085,131.4425145841811,131.1535297110296,130.8673285048284,130.286853462895,130.70466289408597,128.86818746729452,128.6212023470357,129.41666380494507,130.68102001484357,131.51186264866817,132.11025614249294,132.6714585877085,132.89748604570025,132.4503579753579,132.80613597352723,133.35681831671397,133.60250325600327,133.77206646629722,134.09362931307368,134.19188561108203,134.22188030679402,134.13280525030515,134.38783561122258,134.72451430224848,134.785675589842,134.61141396729604,134.9941790220359,135.31889909216264,135.57647757647737,135.57433126084425,135.74622807154833,135.3976233719981,135.10738383116407,135.30980943659483,135.16306435812228,135.1394428488175,134.91180312485838,134.6515666197729,134.6970101706801,134.87274952092645,135.07796778051858,135.3941045991045,135.52187996281125,135.29747434723393,135.30008475975433,135.26780146294016,135.01378917378912,134.93566368320842,135.07075844882883,135.03716238263667,134.9908489580101,134.76702754036094
38,151.31690069190074,148.16153591778595,145.36996167412835,140.60267857142853,136.4610063085062,135.46331908831908,134.6211138728996,131.52705598799363,129.66592615203749,131.1623275335777,131.48313214563234,131.43319512277833,132.0645964434425,131.13965710215686,131.76104124270785,132.19975834350817,132.60734156910613,132.82121970108065,133.11314450656536,133.23612332112313,133.38866358509193,133.18712884337864,133.9737168427385,134.2593582536291,134.988746031746,134.64518428508813,134.4210641553234,135.35417629658707,136.78214741835438,137.26581467914804,137.52228655454473,138.14912320029518,138.45786451203122,138.5420741159712,138.45774085702658,138.09443144304248,138.55649330649325,138.92583836728568,139.35326043851686,139.2097854344729,139.02770717313393,138.81538655348177,138.92112947345507,139.128201081326,139.15687593270914,138.98854139017186,138.29184039955305,137.87774354310804,137.80371896621892,137.71292816442804,137.81905130998257,137.80298157149093,137.8168853333945,137.88172954446077,137.8842148592146,137.77379099075517,137.5020517818763,137.6722139769555,137.91421647247938,137.6719012854431
39,147.39494301994299,147.8505367317868,143.9130918464252,142.11065069190073,137.74427757427765,135.7162969746305,135.74529187743505,136.11586411273936,137.4255624519515,136.1570344932846,135.20519526769525,134.53496981413653,135.4035197708273,134.9665656433513,134.77879053045714,135.51260524776137,136.20831328257793,137.1407752227196,137.7414795000321,138.15652319902313,138.31101856697074,138.34679140304127,138.191660473182,138.56490405813304,138.96762535612513,139.00436821013707,139.026318605948,139.53099289929642,140.43005171712065,140.69393976393965,140.3756723712369,140.79061530194352,140.6362705196039,140.79704909741673,140.440305104948,140.46205032107812,140.01163127413142,140.03867762354614,139.9550196716864,139.72563771876267,139.64937994480675,139.3839973738783,139.21617495338404,139.4918900543897,139.8284286392615,139.58027563217735,139.42285134093623,139.04889929707613,138.7254680504678,138.83920472120457,138.9068877836033,138.854289158135,138.96194411807596,139.04024028098078,139.4384693084689,139.5838713369959,139.70671202579055,139.68722448528453,139.68354295578837,139.5264094084924
40,130.5350223850224,129.18643416768407,136.46429758513088,137.98745039682535,133.5383221408222,131.53830721747386,132.10851357637083,132.59483936202702,131.9596504318728,130.6337779812781,130.8538105413106,132.3265720390721,132.84350795216167,133.0306002529216,133.07099884683208,133.25126996845748,135.1696650027533,135.59945676751244,136.70436347278462,136.78388100325603,136.5251780626781,136.51693191068208,135.4952936154024,135.99846272554615,136.58880341880334,136.90855620519093,136.52518936824498,136.4427739258096,136.78566727015019,137.46749592999615,137.74124949124985,137.47867985602417,137.41442662276037,138.1535913296946,138.5419416826564,138.50992586374562,138.54078900328923,137.54417079022363,137.60438529893676,137.3531594678471,137.27523663102954,136.9336981801269,136.69234851066273,136.59724326599346,136.56065651426778,136.33825494151597,135.79959299959324,135.78281557370113,135.76029856387,135.56486782661793,135.45636726200465,135.5876969451489,135.6930912640819,135.76659157886004,135.61507566507564,135.3071600274725,135.18246292369108,135.18100141397548,135.1592552065008,135.24189424772737
41,134.73214285714283,147.22809065934055,153.84867046533714,155.15243564306053,150.98854395604386,148.05531135531135,145.76802721088427,142.01378841066318,139.1712471170803,137.26525793650782,136.58102499352486,136.78046186067,138.16717698256127,137.37057060003468,137.1838336046669,137.59213535307282,138.02391755847637,138.33308517614066,138.42803081421496,138.98833435083426,138.96778979398022,139.10213605838592,139.64585147139468,139.85033365554156,139.68863268213215,139.25132705613444,139.64042003949373,140.14323561689602,140.4070937364038,140.6404439696105,140.23740235272467,140.6244343330279,140.8884243842576,140.88122575953454,140.61286673643795,140.47072536516967,140.11224136224112,139.94227797056718,139.98215381484587,140.07518187830675,139.78197509356036,139.54648186910072,138.98065529431796,139.11179838679826,139.00235868041406,138.765691192865,138.72886109162698,138.4904873193935,138.40727139451633,138.36423707773722,138.42880266066572,138.5382582339316,138.73600408152308,138.5838501861651,138.29124375624392,137.9653371017212,138.0692202372028,138.28020434227366,138.28993329332351,138.28382673653547
42,136.86723137973138,133.17542735042727,131.17895977479287,134.5331107549857,134.09427553927546,129.9295041378374,130.14503968253942,132.07718317562038,134.38940837968596,135.1186955636953,134.92630101380078,134.9067400963235,136.29399478726398,136.9684770916913,137.8611111111111,138.05074086792825,138.40602420455346,138.31408730158716,137.4325364693785,137.14986238298727,137.63039760063563,138.39737253487246,139.31424412946131,138.74845149063884,137.88376455026452,137.6050342819574,138.1829010838269,138.38606823071098,138.8892388741525,139.4387376204041,139.55161700605225,139.0877321174194,139.26278967945606,139.37608722976344,139.80928556892826,139.6295613722695,139.54508588258568,139.52397687595035,139.3708714243969,139.20235004578737,139.03685885027326,138.59194187646537,138.44548466176343,138.55099426036884,138.46231210147835,137.9680098786073,138.0842397751968,138.45111437559336,138.578418699592,138.47606796906777,138.35846251606043,138.256794656554,138.29096593483368,138.11494887999498,138.07639739889711,138.19470790452903,138.41518486386875,138.39923634794292,138.30939403502933,138.2347519841266
43,130.08231074481077,129.57795329670324,131.5581128747794,130.9650704619454,132.91983821733814,131.53988773572104,132.06686071864638,130.7052204161578,128.23684314656515,128.14803469678463,128.30794437044437,128.40544363044347,129.5024991390373,129.487222004186,130.01504171754146,130.96920183404544,132.31441200411777,133.2019682991904,133.33044711136804,133.18148224460708,132.871584345989,132.68713161838144,132.74970713666355,132.5211341320716,132.9460146520145,133.1717316693278,133.93956175854336,134.57251711582097,135.5555090662853,136.15682692307715,136.79745756036104,136.84123136701277,136.9027802444471,136.94658778041153,136.8277713820573,136.16420134649317,135.98143225643227,135.98485744275212,136.34945146259236,136.9450452787953,136.85315958883032,136.7373818972033,136.99858732998257,137.06422397047385,136.68622066205393,136.67735783741225,136.5668767698023,136.54459325396817,136.60892929821506,136.89043935693937,137.18666744475567,137.54222922732518,137.71918411776883,137.57611086615688,137.0906388981386,137.2865540874465,137.3993083670711,137.47640309881658,137.62870180666755,137.81593347239146
44,136.2723901098901,137.38033170533174,140.6385853344188,138.21902218152223,138.22883190883195,137.35446598154917,136.2900750043606,135.3431305962555,135.20069416180516,133.30057132682114,132.49358511858478,132.08894951499093,133.13493198397015,133.54060701203528,134.97023029439674,136.1880739341675,136.9313177835234,136.60358386469466,137.1566541888907,137.3729614367111,137.59976330988206,137.3115449365446,136.55845521225925,136.21156538291925,135.36089886039863,135.43225262984865,135.75702697508243,135.76719376853285,135.36669561281616,134.86322208655523,134.6904802933028,135.00239112739118,135.4340562215563,136.18044722162387,136.7490548869123,136.6542503278616,136.61879269379284,136.36426000899698,136.09608783903667,136.310292404355,136.60007891837176,136.24657235401304,136.15110422523242,135.99685569060583,135.83885135440707,135.83655460883728,135.7474295109934,135.6359086708046,135.74581962821773,135.79585439560432,135.65622870230703,135.35291494474174,135.39959837506993,135.52948708527387,135.68388111888095,135.72862357549852,135.89965012245716,136.26333943833933,136.5356135703591,136.68534120200775
45,135.90626271876278,129.2636726699226,136.24251628001616,137.15089667277152,136.850293040293,136.252997388414,134.88529202279202,133.4619651760277,133.14243205354316,131.95660968660954,131.8528314278313,131.65027345339848,132.6049117904888,132.5053484214199,132.4012542395877,132.56203544719165,133.33127768201288,134.47910392077054,135.83034027376115,136.39597222222204,136.3812384925479,136.25333670958648,136.77338350055714,137.88205594559722,137.9053032153028,137.65689024294755,137.92274849635925,137.92837937525394,137.2241456500072,137.34270434812052,137.83010227526302,138.13651413690422,138.34478499895138,138.10324612751063,138.2379894179892,138.60612563876438,138.7371966746966,138.58400702611226,138.60590385398072,138.54165089540083,138.65409531750987,138.6217672539101,138.38964527074975,138.25719095719097,138.11487496043048,138.02090544318807,137.95140534209702,138.24333420244895,138.5380458166173,138.65123911273895,138.30721946898393,137.80662559484654,137.69341110496774,137.28460511539222,137.37679487179497,137.43081983327536,137.45652967889828,137.59231374468482,137.6564769975792,137.44464480735365
46,137.42506105006095,145.168577024827,143.95308981142313,145.46729624542127,139.34941493691494,137.87520689187366,136.47639761032627,133.92335164835188,132.57216512910966,131.83483923483936,132.34446571946572,132.24750669854845,132.81213526502015,133.17597934472957,134.1318596526932,135.69054836945483,135.84826755488533,136.09132297743412,136.15531617505292,135.58805657305646,135.01597839990688,134.84215437340418,135.12162079064225,135.57250055114616,135.68304599104582,136.2647864421901,135.2954683519495,135.18812449124917,135.30488347859017,135.16167548500857,135.2486861107826,136.00928183506286,136.47089299589285,136.9302613780553,136.7916771323912,136.55264522000607,136.5662306537303,136.6579865796967,136.92573534015804,137.12800468050435,136.8646212414503,136.94439393278657,136.75569753244153,136.56904611592077,136.28289512956144,135.93708514713916,135.94781908398915,135.59606492080442,135.86004107381672,135.79787606837607,135.904594715379,135.96092600419522,135.7810048878446,135.59875893139792,135.50694749694736,135.71444251846034,135.87176800619784,135.64564728853514,135.50046046232475,135.51549035069854
47,134.8324582824583,133.57377391127392,129.0211419753087,128.58300391737887,128.64578856328842,125.29639211097533,124.79685955578792,123.04684829059808,124.27327081354846,125.13858821733801,125.4156778406776,125.55111543549027,126.5500117403961,126.82692235013626,128.46401878985185,129.94529914529892,131.24119173310316,131.88081134400548,132.19424763832635,131.8799743080991,132.06622478051023,132.30919589669563,132.26066208348797,131.6978710911,131.7009906389904,132.1945888513195,132.53378744026884,132.8193194371766,133.45000087715601,133.80329873829885,134.58874266414594,135.1047070550977,135.48082827666167,135.52126921281345,135.78726234083385,135.653881059784,135.9838305338307,136.3351419413922,136.87838058190647,137.04835342897863,136.78626857559797,136.58493916797497,136.20313650604353,136.2570582195581,136.4706636367746,136.47353081700888,136.48147715168955,136.2852022495247,136.30413468806285,136.3013120675617,136.56584478520722,136.70707632823,137.13095180500827,137.48132065979274,137.60770673770656,137.541851724664,137.61404071075103,137.81012010020598,137.65706783799982,137.54205357142834
48,137.07583435083433,131.10551485551485,129.84233652150323,129.31355438542928,124.36827635327629,121.63485619318946,122.31746177103322,122.07653388278388,123.25294623072412,123.25964845339861,124.00334341584352,124.41793430335116,125.70279656241222,125.24710775335797,126.99897978564667,128.0721490893368,129.05069369628214,130.63544323474892,131.43822028361515,131.9467012617014,131.66217125026654,131.57192830317837,132.35043398630367,132.31612463539585,132.39713390313437,132.49574156256892,132.8211849364631,133.15334830513447,133.96814607806036,134.39396316646375,134.87418058345537,135.3530391483522,135.50035381285434,136.3477056848384,135.9949193267054,135.64086199294573,135.17491901241945,134.9603807863681,134.78959787838036,135.03268467643525,135.1949148525374,135.34300334806346,135.3428939385341,135.17159009971567,134.8192411703528,134.62551416980818,134.74592155283685,134.68426424077518,134.80972512936847,135.13798341473384,135.26208342311318,135.2685399447424,135.59432080847228,135.68412651306227,135.7443330743337,135.77806158788363,135.878727891667,136.05099574754786,135.85873740195797,135.83491597137444
49,129.05550976800976,133.46199888074895,125.43873287206615,118.41592897842891,118.73885124135118,121.23682505765838,121.88255276469567,122.602100503663,123.47156593406598,123.6610037647539,125.12642265142276,124.56214217880897,125.00458031996496,125.3911237571953,126.53550569800568,127.69606672262931,129.1733779836723,130.1564130828021,130.12700528029492,130.56364977614987,130.99099947671382,131.05377932252946,131.37293469413055,131.85928702855804,132.3694904354906,132.4521332300179,132.72597378615905,133.30505025728246,134.05570870700186,134.40306471306477,134.7427924823085,134.7513591587809,134.51086074419382,134.03488217936717,133.5428144078141,133.7594787285756,134.25339859089829,134.40586468843023,134.86646955845654,135.1398917633291,134.96895294181857,134.78828238560365,134.5491164305116,134.87283515095996,135.16287670148773,135.36773404735334,135.32756507676694,135.21769656847732,135.25639187909542,135.0617659747653,135.32260996991306,135.48597394414614,135.56226482287735,135.82255988181848,135.8964195989189,135.90168378248669,135.83056376696666,135.72845152133883,135.37147030621546,135.25837530524967
50,125.11212352462366,120.33514194139205,125.94102394519065,128.4797428266179,131.23649674399678,130.89953788495458,131.48846371882078,130.62089629120877,130.56421279337937,130.29768467643464,130.25439837939828,131.32383199362351,132.8123293729061,133.78317525728227,134.01391263057923,135.77804137413503,136.4368667552491,136.93641353502457,136.88486145920336,136.44610068172545,135.185122681551,134.76855413105386,134.9353136999874,134.71032975512128,135.11572669922657,135.40793181177781,134.9511991437917,134.39052997267294,134.84242944156753,134.8942923280425,135.47860228182827,135.95244693096262,136.46687695021032,136.46387003519376,136.2779479911625,135.47868985438453,135.23473665973688,135.2110441702549,135.348846179936,135.586213115588,135.83367208672098,135.82858923483926,136.07406721185794,135.96993527306037,136.1679135576359,136.2283098644515,136.24246075043988,136.11708405406353,135.8935387647126,135.9790835368339,136.3192540121467,136.8263168811249,136.996232270525,137.0111315553449,136.9020596995602,136.55152016469017,136.36516763775563,136.60144871093175,136.69604812952298,136.80676731447605
51,135.0562728937728,135.7223697598698,140.7219390177725,139.48098672161188,135.4312372812375,133.37973053181403,131.3769456073028,129.68633432539687,130.29334158639708,131.03681776556775,131.52659192659198,131.251079398996,131.876334491719,132.07927822838525,132.30323022656336,133.2451598748471,134.361580657904,135.57987156876038,136.5833909024698,136.46946479446476,135.69229606372463,135.87728937728932,135.72816442816435,135.43445618810196,135.5692437932437,134.64374921730672,134.18590120441962,134.62013580004646,135.7323617952927,136.77167497625808,137.06979646697363,136.86821819673375,136.957316448983,137.48933165146371,137.8659065934064,138.14313511848226,138.4448805948804,138.22640508857594,137.8086316698494,138.01041068884803,137.91835993726224,137.9292062765276,137.97898481793825,138.19627964627958,138.32334328223192,138.6495404655729,138.92879040777953,138.87124934286365,138.45971723854342,138.02626058201022,137.88223642733425,137.7505146207067,137.6478024857741,137.7024840214654,137.81823306323304,138.1229253881041,138.0908526658528,138.1719803025838,137.9461960983148,137.77996871184374
52,132.36491147741145,131.89793192918188,135.9127170668837,128.38255112942605,126.76146316646319,123.86626305792977,124.87960055817209,125.1335851648352,125.31786279564062,125.2036691086692,127.43867660117671,128.4345314407814,128.18010315894918,128.057835484621,128.93704144620787,129.2787526709399,130.0733154372858,131.36444512277828,131.55101053916817,131.89700778388254,131.7451869779248,130.90508519258492,131.2036457503845,130.76469907407383,130.99107244607205,130.66421820700623,130.32121282352702,130.6953307605088,131.37537594908216,131.57811864061793,131.80207603030104,131.73787854217457,132.2934833684826,132.97737541597743,133.12760334903095,132.40168043119337,132.37069349569254,132.1054868742359,132.2835627928568,132.28131384818798,132.274071220107,132.2613069800562,132.66259831899285,133.02710622710543,132.70198853615443,132.20388077099958,132.0347396496324,131.93612499575968,132.03265160765105,131.81794668294603,131.95080602041318,132.00030466328482,132.163500990623,132.45364727008183,132.84375439375376,133.1456676260243,133.30929772793755,133.81214001515673,134.11909185447286,134.0040756003253
53,142.3573565323565,145.75225885225885,142.50810269976947,139.94084249084273,139.46737789987804,134.10824091032433,134.4717134717136,134.2708797568174,135.6562044950935,136.6137133699635,136.6014642764645,137.17158458825128,136.36409317178544,135.37529216814931,134.81189390856062,134.97152745980875,135.66960933946234,135.8935425428481,135.48897510871197,135.77792887667889,135.42096706203844,134.84486578236564,135.030007874573,135.62275026285437,135.72944688644682,135.60926395541782,136.00560718431097,136.38146294842736,136.95199184595748,137.3269349477685,137.675893923878,137.85415696861045,137.54976998310352,137.5239658897748,137.28586255014832,137.37378691267583,137.6691731566733,137.66820751129973,137.87480576166496,137.58144548738326,137.61839654248203,137.66908722890892,137.83652485542038,137.79191052003577,137.51377063265988,137.5840066535722,137.50454541518414,137.19658024267451,137.0154786823159,136.97991646316703,137.2442238861363,137.23243744325538,137.16223420185744,137.15735624971796,136.997994412995,137.05749017021404,137.23715699505243,137.314245628255,136.83772497120026,136.39005935422657
54,134.3546906796906,139.34113756613752,141.9025335775335,141.63640873015862,141.57037952787954,141.24479717813043,140.73913381591953,139.208406466219,136.43049620132948,134.7874786324786,134.41147371147372,133.53820207570206,133.07386744309835,133.24893453107745,133.90876204042877,135.1866821835572,135.9148638942757,136.8948118753674,137.42670618854822,137.74115918803403,137.55397721766755,137.78998478373472,138.40974544778888,138.10906699396284,138.50730525030522,138.46248904229665,137.5784287900029,137.4790629179022,137.3133068081344,137.78349257224244,138.55208587708563,139.0808705039172,139.24381760215064,139.53249209940358,139.5594421187275,139.20710653800901,138.67095130845107,137.99988338902787,137.79935375640468,137.60422275640997,137.68197844386842,137.9754824650655,138.06457771341462,138.25724125411594,138.33197836114473,138.2131224451875,137.95941448228663,137.93949769366398,137.87636656616223,137.82722944647924,137.69281654257114,137.35772175651954,137.60956786923734,137.79951583909886,137.94390701890663,137.86940828681864,137.8088848367353,137.99506240088098,137.95324143057152,137.9734795991042
55,124.52707570207578,130.16512769637762,127.44389499389503,128.6405118030119,127.17503663003662,126.72218406593402,125.78256584685153,126.08796741452987,128.33675665897886,130.1358506308506,131.64785631035636,132.29144663207168,133.1134760182838,133.53052175998607,134.49924671008006,134.9594106125356,136.51883843280902,137.60497218830542,137.49561992588298,137.56529431216927,136.8815163672306,136.83585742960744,137.36944908955778,137.77175247591913,137.84191758241752,137.97230968817505,137.9962384494792,137.63616652857726,137.32604609630476,137.4839136480804,137.93754217705848,138.6551086500306,138.79688937605613,138.5042108082551,138.10288432467024,138.0231292113239,138.42423467423478,139.2077249748304,139.4314231708464,139.50745764652027,139.40011279371043,139.41861954183395,139.52659380886124,139.70817538942524,139.7355337358114,139.41733943391554,139.0288771118559,138.71827060863538,138.6332256651136,139.06392083842093,139.40161453470282,139.3199805892112,139.34440739204874,138.94177906284384,138.83808016058018,138.94182955767778,139.08989960656632,139.27496035254666,139.25307009374816,139.23733762379604
56,153.8344881969882,147.0197166259666,142.41331060914385,135.1960788054537,132.58669617419608,133.08398707773708,132.36640211640207,131.24745879120877,130.90351885768538,131.61253459503445,131.8537716912716,133.60486323090487,134.44779945837647,134.0996064451422,132.95272249355594,132.89494111212883,133.78582471450136,134.17522922036827,134.6573859863336,134.71330535205553,134.1700651200653,133.80495314870342,133.35061934844558,133.75520324582843,133.5398201058203,133.89357428540126,133.00248270248278,133.66441126664347,134.49506196230328,134.9036838624336,135.10168823112343,135.2754745688338,135.3412084828749,135.55958530848218,136.0776643990928,136.27454749468615,136.04274810524788,135.80518135616788,136.10761195120133,136.17884500915713,136.12674228436393,135.9042003411048,136.01883985953722,135.8536700567948,135.7368350065567,135.33087816973645,135.54820205405284,135.6447395197392,135.70422896264722,136.02772822547803,136.06871004812172,135.8408210646192,135.28990926962624,135.24063041725088,135.4902742627743,135.63946713835105,135.87465628101592,136.01594336378815,135.9973857122162,135.97876831501813
57,123.20626271876274,127.35029761904758,131.91098222764887,130.63681318681324,127.2425264550265,125.50822564780907,124.48984897377781,123.24561011904795,122.30201634784983,122.35650539275555,121.7804588929591,121.99495701058216,123.31716445947245,122.93186813186857,123.74036799620175,124.05433932387088,125.26116707366734,125.11070919820934,125.70328063749126,125.79600325600337,125.70791349303258,125.09524688274692,124.47867915096177,124.76707175925924,125.03386365486377,124.82972453116692,124.71251997316813,125.32453067765567,126.41427203065145,127.0437350766519,127.46375316738224,127.83412046576096,128.33999580666224,128.6438082070433,129.22583900226732,129.42442864491457,129.62805044055023,130.08838335154095,130.30638273170305,130.4562211284085,131.11832370429903,131.49208565904965,131.51208625569063,131.82059364246834,132.29424603174576,132.19689916564906,132.15811695199966,132.3060726792497,132.47523184487463,132.76528622303624,133.00366978700313,133.1453575537711,133.20110360464142,133.55553897405773,133.6846198246202,133.6465121518699,133.7597663139335,133.84318046257758,133.7601822534032,133.55340091235993
58,114.47424196174194,123.64333791208794,126.2218830552164,127.68917760480254,130.26134717134715,133.8091965133632,134.00056398627837,134.65262515262532,133.3164009858455,134.5366163003664,135.89414613164618,138.109196937322,138.62643389374176,138.47881562881594,138.4231779948449,137.50690819597102,138.919926560368,139.8798647854206,140.03665493862886,139.5644322344325,139.88968859623648,139.92052553927596,140.1339648475522,140.33285086826777,140.34667297517322,140.31656530791184,139.83017493480483,140.42719198790653,140.90727706201886,140.82697717406086,141.03794605931748,140.35511135276812,140.52656093906154,140.9206476393982,140.8661503575794,141.08753207954638,140.8514667139671,140.70493206841934,140.67924219655035,140.52292353479896,140.54546517168507,140.4752570401384,140.6156508220464,140.80807109557108,141.0418523040747,140.99400603422362,141.06396401077265,141.23801913749847,140.70870295615225,140.69453235653262,140.89295679810417,140.8287472410072,140.96078426290717,140.91149088394482,140.83188145188166,140.88931542168172,141.03998654042553,141.19179648576252,140.90292876458182,140.8127215608471
59,153.43450854700848,151.50517144892137,147.265469407136,138.6095327126577,135.13868640618637,135.3033246845746,135.4578529274958,136.9802763787138,137.4875146972369,135.96127340252337,136.02708171458167,134.3534658628409,133.22019426442515,133.35152879527905,134.48320614570642,135.27940832315863,135.74658897747162,135.7488756613759,135.49802685131644,136.08754527879543,135.55277632420496,135.06039122914146,135.42274402328766,135.66798411850507,135.80376455026462,135.53058079740777,135.768104169493,135.89629066370148,136.1782240747758,135.5610164835166,136.18304383788262,136.3321086754681,136.43792920042918,136.66436337355455,136.26490261061693,136.21320264098037,136.0354555104554,136.22796842533683,136.60528500464397,136.88293205636958,136.84094126289241,136.4521304533209,136.56576807129156,136.39622853997875,136.24399222177036,136.47024727486743,136.57397286519685,136.60783973935068,136.45448790627412,136.3457166259673,136.6775267941942,136.99162283585443,136.71328117200827,136.40846306471371,136.48795001295065,136.63078812721736,136.6882194803254,136.94555132766405,136.8167027965763,136.32555920160144
60,117.07980260480261,116.71733567358564,121.99197530864198,125.24649598087102,126.47386955636946,126.40779829738143,124.06754099075499,124.67529889092374,124.41623196762072,122.4470955433454,123.9677285677284,125.40596340387994,125.94915977896738,126.7114785016568,127.21449599782899,127.83956997863223,128.61287318346118,129.44686807533995,130.20342871066518,131.20949124949095,131.57323100180216,132.04359228734208,132.46990364707747,133.04218792395866,132.87240028489998,133.30658029648384,133.6338946547277,133.95855354962464,134.62088543640226,135.77904592321212,136.35213740858862,137.00862856761265,137.6040467248797,137.81220193205456,138.0172902494329,137.9167665796136,138.34748195998168,138.79933487565032,139.18493054903274,139.7069931573053,139.34546343448758,139.0270537773511,138.8482690651291,138.91263609076051,138.73923563062385,138.77069751906654,138.45154833346254,138.79371364553586,139.1083272075611,139.27491605616538,139.37775483412673,139.47960086565772,139.62148251817968,139.65739657290504,139.68052984052923,139.41542331676206,139.51873674570987,139.7642780830275,139.86786085069946,139.88448946886402
61,124.61795380545381,128.0740689865689,123.52762176095507,121.00525284900289,115.61939763939765,117.29491758241768,118.77801252979829,119.98901098901105,121.63216207660668,121.64759310134326,123.13640942390957,123.6918108126442,124.75531135531136,124.49979032211179,125.06300841134173,127.16363260582014,129.35502525796647,129.95724884683216,129.95065789473676,129.2311764855515,128.69657828943537,128.32709720834708,128.53462445364605,128.69348629765278,128.7552775742775,128.75138399705705,128.10946822382013,128.46335397406818,129.51141706314112,129.61921109754408,129.46122878018005,129.1387306992772,129.5051491718155,129.9288044063776,130.28061646025893,130.2686553158771,130.45379046629,131.08371208469836,131.50974413762816,131.97512706043892,132.38141584025664,132.40905273077826,132.66270397345914,132.83955963018403,132.8054023651241,132.69847684521568,132.81202177452133,132.5124134064232,132.44632578306,132.36897364672316,132.51842903828165,132.72028808975892,133.07631987160278,133.1754193423173,133.05509351759326,133.00449244868867,133.0197893237366,133.07275667340318,133.26727285583192,133.431964624881
62,136.62211538461543,132.77943376068382,123.23715404965411,123.01182972120476,125.17722629222631,127.74329551621221,128.56867695796274,128.34015758547022,128.9936643603312,129.64041870166886,128.85815665815682,129.4469606396692,131.69545998872957,133.36528177510348,135.14717711301057,135.5122516661581,135.97597680097695,135.83344073621862,136.20647210976168,136.6689392551894,136.52774434560166,136.4220763033263,136.53071039266675,136.8283340116672,137.21549491249496,137.3031470132434,138.09277781546314,137.8481583231584,138.1033321404013,137.72931929181942,137.2740115469954,137.2143152854089,137.26993931993906,137.88644987909663,138.26459052851882,137.782800417175,137.54093516593466,137.57595698648274,137.1895865293295,137.45094907407338,137.85744599799412,137.90302791344396,138.13561324549627,138.1591055934798,138.11366187310566,138.09920590681398,138.0438143515265,137.53266358448596,137.46438123478856,137.3804890109881,137.26591611003272,137.2769036074314,137.48649085016905,137.46267344623737,137.3927197802188,137.51834327213692,137.9061895300921,138.00825070523263,137.7724401226513,137.8711479107305
63,128.78773402523404,134.13223697598687,137.44729005562334,138.11601419413907,133.42083028083013,132.26710164835157,133.28921303564138,134.01556585775327,135.74020203047968,137.49015567765565,136.9556688681688,137.71426917989407,138.6792511975202,139.614914384557,139.78444817528117,141.57245084198183,143.0009283200456,143.80994833355896,144.11906716577738,143.61631003255968,142.11187617497123,141.52149748399734,141.4456001928828,140.74709482261557,140.75286955636946,140.17601221783914,140.16123509549456,140.55723697598717,141.44165614079427,141.966648860399,141.89405631704042,141.87612386167098,141.38769055019068,141.05053343987183,141.06829684865414,141.32626848460185,141.41645794145802,141.0617220133668,140.81463283867146,140.32514626577148,139.71137950802603,139.32842897842912,139.3552314933131,139.28222888222922,139.4397123863793,139.53331995098316,139.5649028178285,139.41595102428462,139.60347248178934,139.39870543345597,139.4310534327696,139.4807950596418,139.14396535505077,138.81351288457816,138.67508315758366,138.94362971684436,138.83808800848306,138.85170492821374,138.59447815994443,138.34103064373917
64,149.03142043142049,147.08716422466426,144.71912732329395,144.84310134310118,145.45454619454597,145.15871743996715,144.30227920227904,141.32312525437516,139.04348007959118,135.89628357753364,135.87385438635448,136.50161316307162,138.44385899001298,138.81752645502667,138.9075196716866,138.43519790394828,138.15694175105983,138.6729008388735,139.56501242422345,139.80815756003304,140.13698519293806,139.36653809153876,138.9195627842372,138.43439217033028,138.05506613756666,138.12453410193856,138.58557918419086,138.72957675591644,139.32866686315012,139.9311821665995,139.7981023606031,140.05575826083702,139.8851188934529,139.83445871938582,139.56969867434213,139.59793305973926,139.72156345906396,139.25051946104625,138.94488066539387,138.33257084350876,138.454919369249,138.63315757214608,138.72099755326533,138.86750067062619,138.82903167819887,138.5065962821401,137.92251036985107,137.87750655016316,137.99761759404657,137.85990048840083,138.2787077936591,138.37628224695558,138.49742207478067,138.27947304752863,138.00702168202173,137.9656966793128,137.88842431934555,138.02768260634653,138.2612393334853,138.42855786189162
65,134.85629833129835,136.847061965812,139.53029439696118,137.59603301790816,136.71912800162804,135.60077838827857,136.08040947148098,133.09003548534815,133.4210888391446,132.01043549043558,131.7040612165612,134.3301116707365,135.15274881813323,135.454811689633,136.75219407136063,136.905773682336,137.8594454020923,137.53387289151163,137.92813952616578,138.5017429792429,138.1893879489118,137.99201862951872,138.30227013324864,138.32469814136516,137.9949301994304,137.74244838139083,137.0806810473477,137.5184770916914,138.2737911035324,137.8638753222084,138.42624693108536,138.67411111747015,138.22775511525475,138.20453790490524,138.04578231292487,138.24000347646157,138.13642708642686,138.49224048368768,138.90693518257604,138.99687881562866,138.89918252479222,139.00133898288652,139.45827524112377,139.64161879786852,139.72489191878054,139.74246794871777,139.7743340780573,139.61827230446988,139.73122409525445,139.78917643467636,140.0101778033151,140.34682686437512,140.3578153677211,140.52170405040778,140.5704858104857,140.4417761388743,140.32177675313622,140.10936662315956,140.12820193773567,140.04481812169303
66,138.49520757020758,128.21158933658933,132.07195597612264,134.06153083028076,133.8639814814814,135.61484957943287,136.81335688121405,137.5111696174195,137.2628985212317,138.49327482702466,137.895788933289,138.7249029134446,137.85186124416904,136.67959038316195,136.6972510514179,136.479470963065,137.34829179535086,138.32854514312862,139.16393708630548,139.26509259259254,138.93705593348446,137.5484915547415,137.08711401320116,136.65275382410812,136.9777193732194,137.44179972449183,137.27210784757062,137.58439734868296,138.48082308815066,138.8669330823497,139.38445767195765,139.66354262057385,139.98331359998033,139.81760740621033,139.9767855689284,139.86750469181035,139.64318040568045,139.4282987115225,139.4475114273191,139.11055568274324,138.91872239097844,139.1256238250286,139.25417684167675,139.1593410062159,139.32341767286206,139.52361719399775,139.215339369063,138.9285141941394,139.15386183166814,139.35937210012227,139.34619414717488,139.30176859287482,139.2628644765442,139.0245962970504,139.12241027491058,139.41155790307616,139.5963081671419,139.40452077456425,139.21357984451248,139.35129909442435
67,147.35323565323566,146.68640109890106,147.22715201465198,144.3224384411884,144.05064407814416,139.57854514312857,137.24325905575913,135.0152924043549,135.53763397096716,135.73436100936084,135.45898684648674,134.37864477343655,134.26898148148177,134.71193128961008,135.656845407679,136.06315565221843,136.84927667648276,135.9197166259666,136.04900659769078,136.33253027065538,135.80629615093918,135.31160413660427,135.5675499017889,135.12899453941105,134.6811161986159,134.51117372655796,134.46904064728105,134.87359221466338,135.45422298008458,135.8281003256,135.99571550015057,135.75084404889046,135.8084932043261,135.28770514616042,135.45281557067204,135.49372597566955,135.54632159632075,135.57482997022387,135.5410963443006,135.3048475020341,135.15631595143694,135.3581246244927,135.2701313759444,135.57844632219533,135.8470621353946,136.05386871582445,136.34455409641515,136.56988281779894,136.63759240570403,136.76070706145657,136.80160366140717,136.312028036066,135.94339526650802,136.0155309282619,136.07257659007598,136.12140558680662,136.1381947568343,136.1413748368483,136.00620115132756,136.09012642450062
68,150.1534493284493,149.36152319902314,142.39222120472112,143.1172250203499,143.26797415547412,142.5136031406864,140.5983371126229,139.26139919108675,137.2629527879528,134.79051231176234,134.23904197654215,134.8421593067429,135.15870432985858,135.62853072853102,136.13670261836955,136.6116468889909,137.096030548972,137.84215082756776,137.82786694299867,137.88759920634922,138.20787763823483,137.93815860065865,138.1436596414858,137.6603511650389,137.92155006105017,137.18841575091588,136.4193973379159,136.66460222978088,137.68549815446366,138.33972391805725,138.88151430409494,139.41626570767195,139.77524913358246,140.1519136500753,140.46596807953935,140.19550377605916,140.470223245223,139.93710678940923,139.5710107437669,139.36852195258425,139.31707676921064,139.3554442360989,139.37502188810316,139.6228698384947,139.5054077917965,139.60862763444277,139.49254615557808,139.53709098578895,139.29456945171233,139.12995288970296,139.35114708276473,139.4165717651294,139.48022064413564,139.18072777702383,139.07710076960078,139.28683735246238,139.59433287635053,139.7588248915836,139.85907257369124,139.47571496404822
69,155.57713675213682,152.96702533577542,141.32560371727055,135.7195500101751,130.61994810744807,132.49906983448656,133.11754971219264,132.51304245523013,134.3815108759554,135.20917633292632,135.31731832981833,135.45499253832577,136.5822888294041,136.59421768707452,136.6703327228324,136.4264900030522,136.13496462687607,136.1765562112781,135.38400488400444,135.72813542938502,136.48626979281704,136.8649662837161,137.34321171984186,137.43780185863494,137.50927452177413,137.15152762123887,137.17893264143248,137.19371384237425,136.82891895779792,136.91809082892382,136.9716881983007,136.75600945639965,136.64543296209916,136.761774282362,136.92274289202794,136.84300072355575,136.69497285747238,136.11161919221092,136.30583589013042,136.39303825803788,136.25040886168895,135.9558199846885,135.88112713083603,136.0849031755278,136.37305476416552,136.60979610164347,136.65461209397338,136.49916681505192,136.5175537614311,136.53027950752934,136.59229412562718,136.69968369415443,136.6377633023856,136.69746858936634,136.65349474599438,136.69583160721513,136.30747666887973,136.35194684785154,136.54311660561618,136.52018764414555
70,124.11926129426136,132.66017246642258,139.76170295753636,140.88482270044784,143.52299857549875,141.40310676977361,139.5585157567302,138.70935973748485,138.70017919323496,137.34973239723266,137.77354543604562,138.4366754002171,137.70659966813813,137.7730707453921,138.3269003527336,138.09450931013427,138.60496211305016,138.4449246483966,139.16851851851825,139.59036502848974,140.2088212492971,140.83192779442751,141.0785654562827,140.57088081671398,139.46174521774515,139.0440949719794,139.15825231010405,138.8620225013083,139.4429350343144,139.65177011260346,140.19085102472215,140.61579177477634,140.86798309714996,141.06612484737494,140.396085818943,140.07851433545892,139.49697554697573,139.1487550339526,139.10391268275905,139.33383101851868,139.8634063204188,139.78710511270066,139.5665148697129,139.25268874643905,139.0347773933887,138.94430575463187,139.00279650412634,139.0733383996406,138.99980729776658,139.09203510378526,139.01107041107062,138.95970451379122,138.85333030002855,138.93134157509164,138.90702908202914,138.93517437423694,139.1027387735721,139.23742877492882,139.09882711450518,139.0589328958079
71,128.37322954822955,129.76873219373218,126.14313017229681,122.97617648555149,120.4213278388278,119.38637057387052,119.37994360137213,120.66016737891731,121.80241656491643,122.3307946682946,122.84147657897648,121.523862942613,122.92646441877235,123.65618858654591,125.12035171618516,126.17390968406605,126.24679128061493,126.39277800388928,126.39178903455237,126.16235704110717,126.13421759017008,126.77615000740012,127.17161636672517,127.43313470865574,127.33851872201893,127.28746243073196,127.89541992643865,128.3937648991223,129.16671403309365,129.4588342830013,130.39591063058842,130.91863569012037,131.75942945942987,132.07093029519547,132.20791950113426,132.3488440057888,132.3288791538795,132.13648437332688,131.8643890297741,131.73913614163652,131.91417775990985,132.01742712754654,131.9595940880828,131.6594580188334,131.97144349477708,132.157968913132,132.23126661557532,132.0480263659952,132.31068573338976,132.69350936100918,132.89510362549566,133.14157225431254,133.3875884073997,133.28674167910287,133.00683205683217,132.92764413992114,133.08795796471261,133.22290736881286,133.5576429847619,133.49659204992557
72,146.73802910052916,150.19694240944239,151.5608686067019,150.16293879731364,150.15232091982097,146.90273622981945,144.3413040002325,141.5621845746845,141.0079664676887,140.75433150183147,140.1580498205497,140.71209384751037,141.37633605710525,141.04971946043366,140.09306233889555,141.1390354726292,142.03634034810514,142.07747394066845,142.69291524752052,142.98275971713468,142.23482300327547,141.18171735671754,140.10259175204865,140.08907119115483,139.93770390720414,139.45404965404998,139.3818946999506,139.74382267864442,139.93413838715603,140.04699057115747,140.27088158257538,139.6322721115691,139.5527241277242,139.49677512030462,139.5734220012792,139.19644397526352,139.33814487564504,139.04894380716755,139.0027506444173,139.11790229446476,138.85349685319198,138.35675136151326,138.32246512101162,138.44463915713933,138.3959640256864,138.58432727699048,138.75902231141615,138.93097622863297,138.80868966634327,138.7261328856333,139.07271421389117,139.15404984972332,139.31925294307413,139.51815749408385,139.6034742109747,139.8873183942386,139.9078779570013,139.8141237035638,139.91986558639158,139.9134872303628
73,129.61117724867725,132.3734203296704,127.59323361823365,127.37348265160757,128.67257529507515,127.42577160493798,127.19489287167835,127.15896291208759,126.7135768552432,126.14065221815197,123.36801531801501,122.69668167480647,123.23405184559024,123.01254288039999,123.96243318409985,124.88246623168499,125.2009881730469,125.41443523040728,125.74715769123644,126.47839667277144,126.9022087039941,127.15261960261925,127.75508794747903,127.89236344288409,128.01412739112712,128.35324915469104,128.62915065044655,129.34461687452716,129.90865367072232,130.44133156966453,130.94157656859227,130.51066118487958,130.52901712485013,131.3989548169693,131.64859439502277,131.4752251220999,131.70800182050175,131.89834669472825,132.51293491646038,132.63904227716708,132.5132095208313,132.44039430587029,132.45531679775848,132.3623997530246,132.65098561931876,132.8895771398487,133.2582693606629,133.2667774258919,133.46616071947687,133.43798483923453,133.50539285514753,133.55484751181828,133.7204819115193,133.6041081603579,133.4513080438079,133.54967494476412,133.5990129347585,134.00530512750342,134.16921947324497,134.40018577872755
74,117.35211640211634,121.09237382987372,120.67474392891044,119.02930657305637,118.4211233211232,116.16699905033224,118.33395546252672,119.34049908424898,121.29611597250481,120.26602004477009,120.60506669256678,121.84059362705197,122.91451739144071,123.16922531833272,124.40542124542159,126.81692867317896,128.21427374368577,129.79217146022714,130.96232889917113,132.3907733007734,133.2409788844314,133.5843381155882,134.16036369025502,133.91227127425032,133.85882091982066,134.1215706302242,134.7906276850719,135.85526066195692,136.56743786226534,137.08225189933515,137.50449177465293,136.83882926968855,137.24436844020167,137.27021954080766,136.6529366532938,136.60544363044363,136.55279001529,136.86289655763338,137.39602796301526,137.66907229344744,137.83620603651107,137.72928089326916,137.7829043265092,137.79031015281046,137.62556787862366,137.05923614429065,136.93910527022243,136.6172871303081,136.6357165699004,136.78562830687864,136.67180983504548,136.6339621293952,136.20916605232674,136.16012978790783,136.02545029045044,136.244146825397,136.40905843669032,136.75691084936804,136.9598094858692,136.88923483923514
75,131.38286528286517,129.6559472934471,130.84685253018583,129.90085724460724,127.72247863247865,128.08817494234168,126.36046499796502,124.87620255901503,124.5513131415909,124.12090404965397,122.85614385614387,123.27710453127128,123.6397060204753,124.19084212744919,125.0217053317052,124.5386872964997,123.95379258541021,123.65603858589972,123.43377139429778,124.49807310744818,125.11462439676724,125.6545704295704,126.68534223425527,127.13710296262359,127.52799694749677,128.04036348267095,127.95871244667534,128.31396483807194,129.10162115981072,129.4728396757562,129.08490077723945,129.03934628739316,129.90647855231188,130.7167699130934,130.90855994534567,131.16815052231718,131.45424641674657,131.5107468189706,131.9575982540728,132.12399610805872,131.85913914450512,131.50227944454159,131.34529500430688,131.47108377733406,131.65260909872038,131.64105373290167,131.70429656041387,131.7252735593885,131.65259556203458,131.63991687016716,131.78587319543226,131.71680060502186,131.64923361055452,131.70628193822648,131.57990093240102,131.8864208129835,132.08650168869485,132.27735911119552,132.3528572808236,132.25816798941815
76,129.5914122914123,123.57842389092389,119.28174433591099,117.74006537444026,120.02852055352056,122.29681691765018,123.80752223966505,126.71743615181117,129.60645491339946,130.51148402523407,130.55214461464465,131.2026327838828,132.17851311793623,132.16251707948138,132.90701702618367,134.29135473901093,135.70947921903803,136.54292356306246,137.13878606773343,137.57357524420019,136.72109739907341,136.46735556110548,136.36011307533064,136.66269099342054,136.6321273911276,136.27123563758195,136.21429796198345,136.48396927146956,136.7745700181047,137.0827436914939,137.7435513411322,137.9094759551794,137.79629090045782,137.66382873662315,137.53024027559758,137.8134192839056,137.90703395703417,137.66301156202496,137.57164329023323,137.3338628154255,137.16207997061682,137.30369764715027,137.37754647376772,137.19287240537273,137.2660172749065,137.36193042062644,137.35858402826526,137.33656750271382,137.21244414127116,137.22640862840927,137.20104064417833,137.5059513047497,137.58369205043766,137.63690617510093,137.58214109964132,137.56767135807337,137.72881750315992,138.0270233358597,137.88097307588845,137.6826802672638
77,145.35025946275942,136.93034442409447,133.1839743589743,130.37482320919824,131.70460215710227,132.4973663681997,133.4459815977673,134.40454950142447,132.89870777370768,133.74785103785092,134.64144882894885,135.69998855311377,137.525340862841,138.35351873655466,139.30062644146008,139.69014295889318,139.84364271349585,139.37344831094845,139.78697116723447,140.1143536324787,140.11171240575993,140.12477638102618,139.98015386384915,139.85594199396257,139.22861314611293,138.92506222410043,138.49611766833985,138.2159903918832,138.8591297910262,138.491361077194,138.72921229009893,138.76094322344267,138.92195628445572,139.27041930019809,139.42514564800203,139.38341741848603,139.45911419661334,138.95567912837578,138.7574006240665,138.80822000915674,138.897234754856,138.7465982760618,138.77665509554967,138.7757476319969,138.96578347578276,138.72620607049868,138.4499707739062,138.55856979632924,138.64222359273282,138.75727421652314,138.8734952955529,139.0249967713897,138.9316384262127,138.7159180497131,138.89164761164636,138.81482271861606,138.62130093752785,138.60692181381725,138.58265626401126,138.7572800501959
78,132.939306064306,136.02451159951156,137.544764957265,130.4137489824991,131.13529507529526,129.98118640618645,130.42737877202177,132.05670787545802,131.9905061502286,131.20602004477024,130.18911690161718,130.21425730904912,130.85226159168482,131.6518820134894,131.9973093881431,132.45563441188463,132.81711376858453,133.07212810337822,133.63243418375012,133.8949842287343,133.6941387096148,133.47648601398595,133.77361442904922,134.7244032780489,134.81370716320706,134.9432097460944,134.55551994301987,135.04039261003535,135.66753259511881,135.93489044905692,135.55424347158208,135.57333956552696,136.12465975382634,136.50381113984054,136.57809509273807,136.56677859177876,136.8873040623043,136.7930081614294,136.931716941653,137.09184333028088,136.74318485263612,136.43203105316204,136.37930343773365,136.73482304732298,137.17679837652062,137.44519960715624,137.48978180015442,137.60720125746195,137.2447003770987,137.0603971306475,137.2612184474932,137.26554956795377,137.25964456577688,137.32201118497443,137.33315665815704,137.24296361707113,137.20061496333452,137.5262573154817,137.62170657340164,137.46746820309335
79,123.48495115995122,138.6995675620675,138.03279744946403,139.03111772486758,140.22522995522982,140.2694546194546,140.22405372405373,138.08226432132685,135.60955037760593,134.6776388888888,134.83940966440954,134.138624762583,135.1824355843586,135.23952337345187,135.43204721204685,136.06686762311733,136.3652137350664,136.3092581287023,136.4403565002247,136.51457010581987,136.02715322596248,135.53232808857786,135.13119768717567,134.8949508631797,135.38252747252716,135.10489359287405,135.16446019686742,134.6002467439967,135.51998266739648,136.1317877492877,136.7226466186142,136.9142392908016,137.36399850149834,137.50260136105717,137.34321254142674,137.22219706733583,137.12242255992243,136.5345509875114,136.47285450779026,136.80244365588115,137.18755137139289,137.36207131713087,137.24470284237725,137.4803993460243,137.46213166463164,137.488408451452,137.46491212688028,137.39145511124696,137.48858176970435,137.63704039479057,137.84280177883142,137.9577647068034,138.22885623286587,138.33901127165035,138.51804195804215,138.3178886672192,138.23484325129084,138.24797754129665,138.30921942150766,138.4416563220731
80,141.34787342287342,141.17084350834358,141.34017433184104,142.38695563695563,140.65896011395995,138.63737535612537,139.31324350252908,138.36881804538038,139.7671872880205,140.41360551485545,139.3895761645761,138.73085953398427,139.1570559782096,139.87731881214003,139.79187796771103,140.79740346459064,142.93864947688456,144.0056765251208,143.38833435083416,143.13064840252324,142.41205036145502,141.51865819365813,141.3959700323832,141.23827499660842,141.07440028490043,140.33254359600537,140.2019234537755,140.89800369934312,141.37927701289775,141.7229344729346,141.79555581813668,141.81189172517333,141.86887603137643,142.28170967104833,142.02182583289766,141.57750743341063,141.35829208329238,141.08865285542956,141.0089575310731,140.31649305555564,140.1584070401145,139.72599097331258,139.81707070922218,139.61140711140754,139.4722233527793,139.2961858089576,139.5695122056824,139.1062329356599,138.75790940918455,138.70950966625915,138.71229440494085,138.8894898015084,138.775740567957,138.49297114065553,137.99182928182844,137.81425373568152,137.80263015087488,137.9245899295459,137.9812832412399,137.92123914665478
81,127.52904965404966,130.60748117623115,132.04092049925382,129.4250877594628,129.8584706959708,130.00424721883059,131.87649863364146,132.8083803927554,131.9245771717994,131.321971916972,130.33613238613253,132.0263948243116,133.4838577377038,133.96827649863343,135.42805385972036,136.91905906593394,138.07812522444874,139.18049196174204,139.3057743182743,137.8450358669109,136.90617938058426,137.14014087764096,137.82202469430743,138.5975151777237,138.4836595441597,138.59725216023313,139.2646832933873,139.28121565934083,138.92426336434977,138.5018031813867,138.05139446873326,138.31761246565947,138.56956885706907,138.86246184371217,139.14286920751235,138.40148851919713,138.50999020999052,138.59562461174326,138.96556633063062,139.22607206450982,139.48105946673047,139.53032346841897,139.05049490776264,138.53900092962596,138.35874451680027,138.37531321335678,138.45112845192637,138.321414792769,138.31930749711373,138.1590709198212,137.80268151420128,137.86334276478522,137.60032358452185,137.50243211007125,137.36831141081163,137.35604958863908,137.27847182057735,137.26274051618913,137.26748351303462,137.0711915784835
82,122.0542226292226,129.5911172161172,133.1731244064577,133.4120459401709,130.84883903133903,129.48135175010177,129.2229293854294,130.11296423483935,131.196526364582,131.4561401098902,131.5095312095313,131.8401476224394,132.53543251620184,133.05340463108323,134.65380816714165,134.17577202889714,134.62116701381402,135.7234630081852,136.2197823618876,137.2016435185186,137.5707659844565,137.35573639323644,136.22758246182164,136.18772448616204,136.31211416361424,136.4635421558498,136.67855880402175,136.7297689909297,136.73105237674193,136.75142755392747,137.30195064791823,137.68216050442607,137.6379443087776,137.79022720199185,138.1025860515145,137.9028347295708,137.61167664917662,137.26460622710619,137.21040799181816,137.32102055352044,137.24335509792817,137.22804802120277,137.3571791795629,137.79397234709728,138.30361043277728,138.6590076489535,138.5076573446255,138.06023648419495,137.41110363559366,137.26219322344343,137.23719604650984,137.23422902773862,137.20784637270484,136.87545429536146,136.9134337884335,137.28072380661635,137.32644708280634,137.44881136583683,137.54870587667182,137.48328924162243
83,137.94262311762316,137.08302299552287,141.2707400624066,141.81060490435468,141.08318884818868,138.73560236060231,135.14879280772155,131.0359527625154,129.2829421607201,128.47731277981288,128.20565360565368,128.5616457231042,130.32910326852658,129.3589769027271,129.9637369420706,130.20949773606063,128.93743715434934,129.43346419527015,130.49168219694565,129.9690544871796,130.2262745411556,129.91195679320685,130.55376807170302,131.04458201906138,131.01033597883614,130.96370241226046,130.57451404905154,130.92068143496755,132.38575445946185,132.60607210690594,132.98219504509882,133.38665388431062,133.85811410811456,134.4632893114514,134.7113688295834,134.3600353864246,133.87165558415603,133.8656306899732,134.08258873130714,134.18519993895038,134.22774898994453,134.51803011803045,134.46200580212235,134.46711806711835,134.4916659883329,134.4512193422523,134.59713497692223,134.7713255494506,134.9868292799415,135.35434991859984,135.29835234663662,135.3116067515107,135.20525702459702,135.3253312531094,135.51858493358523,135.82130538112705,135.91477348999297,135.67277719885502,135.65848311293232,135.81416123999466
84,144.02104700854696,143.38977665852656,136.82441154524466,132.4816684472932,130.70210419210406,127.99217287342277,129.0117950171521,131.1629006410256,133.00163195857644,132.85489824989813,132.06127483627466,132.91874872812355,134.02216978178487,135.44202678934795,135.49809455976123,137.25260416666666,137.21475645813874,136.5105571383348,136.9045195788616,137.14530321530313,137.436379779832,137.82378015503005,138.46744350657377,138.3158240486363,137.411883190883,136.54044038226712,136.2234243808316,136.36026676696318,136.62100034384508,136.70840778049094,136.93402589047733,137.49817724231767,137.7476227476225,137.93060224089615,138.17122608872586,138.23314438904706,138.19792127292115,137.9728454415953,138.13700455527362,138.1230839183962,138.33246001965495,138.7999929743975,138.70129849693788,138.0255904974655,137.9419058924616,137.9602425855144,137.94714720858352,137.9458199786327,137.65447887335668,137.51980168905197,137.60606630116467,137.68870025985441,137.61553436081763,137.4225232329402,137.5203184778187,137.66710755349163,137.63883596098523,137.63519702679204,137.8566260011177,137.96424687966388
85,141.92519332519328,142.97223748473738,143.27702313118954,137.85455458892937,136.10944953194937,134.91346747388403,134.3536470143611,134.0391095594218,131.34556256500676,130.11999185999164,130.27948301698294,131.4517021944103,132.16797219874118,133.18917088202778,133.94498982498953,134.33372475325578,133.95904648184032,135.0235198186584,136.04321300044958,136.67149013023987,136.57118194856264,136.82616550116518,136.64970403992112,136.68335113960072,137.3497899877896,137.49512519175934,137.48722697055996,137.75706872492543,138.17956138688854,138.35857685524311,139.13175834022564,139.5412010009662,139.46887541470835,138.7994462101075,138.50304479911594,138.44041556437352,138.75313197813165,139.23553823126164,139.38358509961046,139.38908437627157,139.64313596295273,139.52860001550448,139.23432232065937,139.14623871498853,138.81028230000427,138.85557159225613,138.6942872730106,138.38345734126955,138.2143967049578,138.41524582824582,138.78670345631116,138.8607317006355,139.12558439115048,139.22187664872865,139.0432603507605,138.64233994345605,138.75725531778187,138.87776286612512,138.95110838627798,138.88026522859855
86,134.68563288563288,135.63901607651607,133.5505189255188,130.44512617012612,128.15456959706955,127.63486806403479,127.06018809233099,127.66289491758242,127.21037285759498,126.73148148148151,126.78993090243101,126.70514134784982,127.51716132869988,127.70742666724823,128.30268959435625,129.15241529304015,129.5714803442742,129.45152144666014,130.3752929331874,130.5344436813184,130.00641679748804,129.78568561068542,131.02774990709756,131.97497562237132,132.68992002441993,133.46131285025504,133.78958248541565,134.1539444517121,134.9897811320223,135.2229178537511,135.07378228104034,135.0516828512921,134.49275693442343,134.49181210945898,134.30927335891602,134.4677549687965,134.77088420838402,134.9879182464706,135.36553254437842,135.4346581196579,135.05161112600118,135.1287815909838,135.49665478793378,135.78317920505418,136.1115497671053,136.52432723275115,136.79844246572978,136.5962931166056,136.11375412191734,136.0823764753764,136.12909234919024,136.18134441235384,136.22326928836338,136.21710993910028,136.21201095201064,136.07909380632566,136.30580716392092,136.48982218292522,136.30079606520235,136.18159891805686
87,120.96452991452985,129.6714056776557,131.86359890109892,131.27591193528704,131.40364468864468,131.27100885225886,130.00770466306182,128.41941201159955,129.2296358476915,130.20010887260887,129.54413364413358,129.32845060032554,129.06058514135415,129.90005596255585,131.76908560575214,133.55038188085044,135.31128707893396,135.9267820399763,136.34091157380618,135.985557081807,134.82672878268107,134.7213071650572,134.28688684503916,134.87124584520444,135.15684289784323,135.14204216367713,134.97227008245562,135.6829323289149,136.47088315579762,136.78134055759125,136.56769516326045,136.55017981150883,136.86941052774472,137.6625128683959,137.9343188557481,137.64636342310015,137.8578134453139,138.1374528736376,138.31412004424865,138.34215137871436,138.21927742537534,137.89577603833595,137.66815706902952,137.41489101176634,136.88452686202706,136.53734505229087,136.3982171000789,136.5302748948583,136.53728518269338,136.63091595441605,136.73071695914842,136.83116312106705,136.7487397385984,136.84158620871605,136.804462666963,136.83954481365222,136.70838170925904,136.63308237898758,136.5698813662798,136.28805555555567
88,135.99264346764346,137.57403337403338,137.7055725139059,135.7699926231178,134.80539377289386,130.84723324515002,130.0872848712136,128.19824735449768,127.96026828110183,128.45563899063924,129.17841510341526,129.2278905508073,130.68578159732033,130.97480413105438,131.26210419210452,131.81567969067996,132.27986096147893,132.52632699091063,133.12670859841938,132.49105947293464,132.16593261236136,132.41625157250175,133.16455026455057,133.92276276963807,133.59076617826653,133.51141929651584,133.2731652949249,133.5991503866507,134.33137709991178,134.51382970424652,135.09686642509246,136.0347163397947,136.9303438845107,137.53666310541323,138.0126113436829,137.95483779337957,137.55095810095824,137.3865517158281,137.536326351711,137.7545367826618,138.1366203579618,138.25800845979435,138.06775338141637,137.7742492461245,137.8870764934656,137.9389667498366,138.10442905203584,138.21676597900594,138.38333686343933,138.32356064306103,138.3592398070342,138.5587837732071,138.62380616413668,138.71179538054568,138.88862156362183,138.8710690846853,138.74517820548542,138.63993717808378,138.44059354800885,138.6747380782798
89,132.80381054131058,126.59597578347572,125.45940001356662,128.879373982499,133.72357448107448,136.17553588386932,136.4099322635037,134.5390332468457,135.89982759010528,135.06116554741547,134.80784632034624,135.80738578551052,137.21714215271882,137.388097055061,137.95305962555926,138.24447814916533,139.41208970767752,139.26141410030252,140.11997863247814,141.09143009767962,141.32796020117408,141.34714891589869,141.30647462440925,141.1401064984397,140.83323239723225,140.71587751635795,141.16350205007578,141.31651931071528,141.499677732867,141.17177825261126,141.01706726666362,141.42949640058958,141.796086012752,142.29403534918166,142.88000944822298,142.8398509926281,142.65010078760005,142.0660522834858,142.3534938115058,142.64114659645833,143.00386439441255,142.46020214353484,141.83645493180325,141.82535577848046,141.83986060236015,141.9396206048376,141.640175811186,141.6417694766648,141.74672437350964,141.67298951973925,141.69997236786438,141.69620961303633,141.47059959607103,141.4114266306394,141.43959420209404,141.32567691072137,141.37699796142752,141.5783738053132,141.23745929995903,140.99585758377415
90,120.45837912087912,127.66116961741965,126.55774827024821,129.13380265567753,128.73726902726895,126.45631020214358,126.12728937728936,123.95338446275956,124.95051214217894,126.47105311355327,128.0318764568767,129.13744318952686,131.76292226292273,132.88709808709856,134.15635972052686,133.75861918752588,132.54945952740107,132.78511537331008,133.28012177880623,134.31938517501044,134.9141863868057,135.49597971472997,135.79544646175094,136.07430301180324,135.35090293040315,134.4185046257163,134.8559791374609,135.3038368873195,136.2122793075384,136.60184930809973,137.12330290677093,137.65168221535436,138.29664132164166,138.43550674543357,138.6959597941745,138.0549081705336,137.56168943668982,137.82286833536867,138.12923319557962,138.43748461029747,138.87101102375522,139.1433382754813,139.22856515792583,138.74887855200376,138.56488208293786,138.49350646334352,138.39018706864442,138.1282886480803,138.2488020482918,138.15161843711834,137.9784616980694,137.88597922732544,137.84878773392919,137.7546592125295,137.73409026159007,137.72963462628627,137.9731078943797,138.17703772121865,138.36452439588018,138.17491003595165
91,134.43384717134714,133.15273962148956,129.2571649029982,130.3047084859582,129.8316117216114,127.02686287477928,124.69167611489034,121.74089845339833,120.76141070863287,120.23252136752126,121.31708106708098,121.56586580857407,123.02929581102654,122.23038149020302,122.023195631529,123.51348983770856,126.31284804520087,127.01834752181965,127.16158398132073,127.72027523402514,127.41585969145494,127.70894013394019,127.88150249508965,127.8835707502378,127.99139702889745,128.06399866159524,127.94472369194621,128.4163090877378,129.86160424824237,130.44394858228208,130.30799345517113,130.38485688212288,131.31592635759336,131.9991161208076,132.15536150357616,132.3101121229597,132.02328633578674,131.7087857196414,132.02688289867825,132.3266662851043,132.4977198050373,132.44514421865654,132.62835337573742,133.20967909405442,133.4390436620995,133.28185651908495,133.3349064548535,133.6537859517028,134.03005656475074,134.2577884615386,134.6334974303113,134.7725555516421,134.30369688836683,134.14991746936184,134.05680735930727,133.8483671834117,133.71708053966807,133.78760885506557,133.7925811241488,133.84883733550396
92,133.9787901912902,136.66795380545386,137.6179215845883,141.9193096255596,142.670754985755,141.02042039750347,140.0097025989881,137.67821784696764,137.23865655948967,136.17859126984104,135.85037971287946,136.82364926739905,137.24536958767703,136.7513736263735,135.99320004069992,136.5793129324379,137.7515642581819,138.71952697508243,139.4641456740139,140.4122395197393,139.90417345000657,139.35830488955486,139.7058734140254,140.43945423789154,140.43525457875435,140.38670145737427,140.39462910203625,139.6792891301817,139.2122061527231,139.47624101207407,140.08819518295303,140.15689706705294,140.61506502756475,141.25760462304558,141.39368538868524,141.21945136910406,140.32689420189413,140.096835839599,140.30646113146113,140.29281160968648,140.462307047063,140.78147687850037,141.10850607187766,141.46016934454377,141.3662612490384,141.19414715719003,141.1377485300351,140.6421614265358,140.19296325367685,139.63035520960455,139.48630104463376,139.47423442832024,139.53890597522619,139.6277562029871,139.6852201502197,139.72638171187236,139.8183911523819,139.83072484667252,139.43402920055414,139.1411929351507
93,133.83181216931214,137.02483719983715,136.17293786460453,134.59705560643064,136.10427045177053,137.68970882512556,138.808309349381,137.3322725885229,135.78992052186527,134.71734737484763,134.64982563732585,135.5220691731112,136.07185357377702,135.96703442060627,135.2517094017097,134.87748874389524,134.99060667001868,135.22570264098073,135.4596365379263,136.3136299348802,135.7987494427973,135.06414788914796,134.916283334218,135.28874940645758,135.79724399674376,136.1008165445663,135.9602028972396,136.5587819422637,137.24896881534767,137.84425094966713,138.3087061982218,139.05014213217282,139.75784940368226,140.09645535564604,140.37040496540442,140.4900405021927,140.45278231528192,140.18760710536984,139.79827768385422,139.8178834706956,139.32464399872893,138.97205421342284,138.66571045233792,138.72784299034262,138.97656050739334,139.06115667746056,139.03726240268747,139.01949097391758,138.79349806467104,138.58197161172114,138.70472150398584,138.88205881547177,138.98185987667054,138.92873375766843,139.17219447219392,139.24687009419085,139.58082403301623,139.7562157909133,139.8595170836687,140.03477589539997
94,119.22501017501015,123.04228479853474,122.31881528964861,121.30203627391128,122.86616402116414,123.77620149911829,124.9405328798187,124.02023682336178,124.86052096052094,125.39082214082214,127.22340853590858,127.96352470831653,129.48128972167456,130.45875923018804,131.0800732600734,131.75807991198639,132.0632379875029,131.79622365802948,131.19118870895213,131.60407916157962,132.09251870263824,132.3295491545496,132.49489679000595,133.03646342083888,133.1556477411481,133.25943321279897,133.84839724747164,134.25248760829157,135.0342268044857,135.75547008547025,135.72451652290388,136.18151582214114,136.55628121878155,136.9146162524842,137.43824684574713,137.74279736467264,137.78898046398075,137.44485947775442,137.47554592843088,137.5261244658123,137.39936629540318,137.22104010407625,136.85493215871173,136.7657720751476,136.6979519965637,136.68211598184485,136.63830155266393,136.6819114816517,136.3445099590514,135.9659815832323,135.95093729799677,135.9367699430204,135.93878550694654,135.83436647371906,136.02847569097648,136.16373262980485,135.96353338831486,136.0227057983531,135.75974110635198,135.78526751797656
95,123.53225478225474,132.7904024216524,133.66041073124407,133.9457086894587,131.9333811558812,133.5011752136752,135.70589133089126,135.1406370828245,136.0471074707186,134.30247659747667,133.84446941946942,133.28595636616467,133.91159951159938,131.9161342955985,131.81810710894035,133.41130411833532,134.13246965452845,135.0149620698232,136.09986879592157,135.83968228530733,136.09863146113162,135.82554320679333,136.04945939728552,136.0797981532358,136.22872568172562,136.03218355718343,135.5537792625753,135.68912091545988,135.89084617489746,136.48630918464212,137.34306720758295,138.15410323183724,139.19963647463618,139.82309472934438,139.43079292400694,138.64511472323943,137.86418575168545,137.45576200115647,137.4397879423518,137.68121222527444,137.28174528723278,137.1606244064574,137.12604104551747,137.05901702464158,137.0242231945004,137.116988285466,137.05804929900606,137.0825452999926,137.3242526558846,137.48761121286043,137.4500376076348,137.49506101092564,137.53673936999323,137.33939368244836,137.17868714618632,137.00825665736284,136.84956640175847,136.9891987004046,136.91539159992448,136.75896265771163
96,104.70573361823355,116.85637210012197,124.23894485144483,125.60030906593406,126.54976597476593,129.08076668701673,132.03512704227,134.11758686914945,133.559436756659,133.89243640618656,133.8284456284458,133.70644756478092,134.05738001314919,133.7443623175766,133.88045991045988,134.7637356277981,135.07104970193203,135.18982583774263,135.4403270462482,135.69568986568993,135.3730175688509,135.61752229252232,135.50853307320702,135.56716185049532,135.77684818884842,135.83799544472632,135.8234963596077,136.37904129600602,137.0997056264302,137.18091252882957,136.48991082095964,136.48015634539104,136.5271560229896,136.4734004285477,136.78593784522377,137.0105448435312,137.04071379071402,136.58155431313352,136.65657096939174,136.82252709096485,136.99462982816652,137.088046906797,137.26838020936867,137.56090402652896,137.55286211730666,137.52306785404625,137.16216530711242,137.0405543048776,136.80396160906392,137.23464763939788,137.59030570917852,138.01488232209425,138.6093637930906,138.5453294819039,138.2640180190185,138.14797153904343,138.19752684774653,138.4101160652889,138.3355864082562,138.19501059896916
97,152.2679792429793,153.32173382173366,149.44803283136602,148.29883114570606,144.21411579161565,141.45635344593666,141.9198223733936,140.43497468966208,138.51735913263693,137.60310541310542,136.46012968512957,137.15598332994148,137.47261239472755,137.75926361997782,138.1698310948311,138.706979421042,139.23029998324125,138.07192629900962,137.9099059079322,138.6149651505902,138.65022215438884,138.80758662633662,138.93341429102293,138.86930347815763,138.47060398860395,137.7376512554398,137.97244475346344,138.58727669486612,139.44243909028404,139.5031740944242,139.6809861882443,139.5169827279202,139.81028416028408,139.83420314707072,139.73043054828767,139.4812775573192,139.27974774224765,139.20203513591653,139.03195853291987,138.90201261701247,138.79329888720122,138.68243926487963,138.45673076923086,138.7702866577868,139.0125306380862,138.8529737573215,138.7575541873414,138.65549408153575,138.45195754736562,138.52556481481486,138.60013377145714,138.59844469099266,138.62768034725576,138.64266117969817,138.6271861471862,138.69553516919595,138.74338249469844,138.68582375478937,138.47848821768335,138.17660604056476
98,117.38133903133902,127.48355209605208,129.71149776149758,126.13895502645487,126.46461436711421,125.70534442409424,124.78682917611485,126.45808913308903,128.08275957581515,129.8695451770451,129.46250323750317,128.70862332112318,128.62154675808497,130.23939182510586,130.74736874236854,131.4194463522587,131.44360261198477,131.3234525505357,131.98363162178933,132.66413486975972,133.0670082562938,133.14451590076564,132.4864897984461,131.8010073260071,131.5159098494098,131.55125133057808,131.84096157614655,132.73013311093646,133.45141415098294,133.73358601275262,134.19616697519933,134.41296566570014,134.66104744021408,134.35521005410706,134.3124831385545,134.65367430922967,134.68121170621149,134.39928386671772,134.35119621593935,134.3636717796088,134.43731225865326,134.18077250130767,134.0127695194551,133.72186436248904,134.1732259304478,134.42735750561823,134.4579344512854,134.7287913571766,134.8411554243186,135.017208994709,135.25482415188293,135.32940118108382,135.62739237526975,135.8801380032861,135.73081807081806,135.5962535975931,135.5380555198539,135.57689579737004,135.69278876333968,135.7461828449328
99,121.43770858770857,125.59196174196171,132.5356956315291,139.50710470085497,138.48124542124566,136.73537681454383,136.38456378277814,135.99712555962557,136.89969814136475,136.5670818070817,135.64684019684003,134.92727665852647,135.33771719733238,134.94143009767993,134.95353242436548,135.50155995624732,135.02449214728608,134.96454998191095,134.97342126684222,135.04427070614565,135.04077175029556,134.97140937765948,135.06819048503854,134.59655703093216,134.84475071225094,134.54857765098183,134.49770760789312,134.9763790772721,135.28761560916746,135.36213064713078,136.454530505337,137.01178600045793,137.42031857031873,137.49057225454314,137.49651578580168,137.36732281350356,137.4730437855441,137.19326079622152,137.32287798858349,137.58842668905214,137.7252629371537,137.92736011783686,137.97204605256977,137.91607015669555,137.93942680776038,137.57275253932886,137.62739177686012,137.88783058184111,137.84760503102348,138.150816951567,138.41582194131223,138.27044042140207,138.60979536710664,138.69373144002776,138.8302365227365,138.66338586182326,138.83955160336734,139.00365546012094,138.8919388913031,138.74971586284067
