,0,1,2,3,4,5,6,7,8,9,10,11,12,13,14,15,16,17,18,19,20,21,22,23,24,25,26,27,28,29,30,31,32,33,34,35,36,37,38,39,40,41,42,43,44,45,46,47,48,49,50,51,52,53,54,55,56,57,58,59
0,62.73615181115179,63.44282153032157,63.304105616605604,63.662361365486284,65.76921550671543,66.90108787817121,68.42220041862896,70.18030308811554,71.1343971871749,71.5072496947496,72.04170597920587,73.54334299959294,74.46065401834629,74.32689473225177,74.51047008546999,74.40756098646715,74.21533643371878,73.74217146022704,72.72638969217913,72.27973595848594,72.11803399422448,71.65418077293089,71.23644998318926,70.80496328517167,71.0424892144893,71.0773488619644,71.04985773828393,70.78590724751466,70.54805902909378,70.48732007190371,70.04150977457458,69.59074519230798,69.16538877788908,68.82199358375853,68.1958356590501,67.78075707728502,67.77971900471915,67.63774071931981,67.64996790958345,67.43918739825008,67.03054426377612,66.65505831249891,66.40206233258573,66.09401108151118,65.77397300230638,65.47203309975048,65.08162144199372,64.8733555699702,64.79418965388356,64.50800468050468,64.21284285794088,63.97072718058298,63.72675749303104,63.500331724174295,63.39999361749351,63.340447209866696,63.07936516861943,62.85222376601677,62.557768189124,62.375687152353755
1,65.70762617012613,71.21429588929585,72.43523945190614,70.21446250508755,71.1025234025234,72.03809862976534,72.36855849177273,73.54324506512003,72.94763148374257,73.24022537647531,73.51730861730857,73.6715027642111,74.16277863874019,73.90557917611488,74.06814814814811,73.70114723239722,72.80246863702745,72.01210006557228,71.16613863719122,70.84442714692709,70.43465317751023,70.33806656306638,69.97285594839933,69.8125139906389,70.05992287342269,70.59679819824031,70.8084691885616,70.57521040467462,70.53452503754227,70.50389584181247,70.15587098087092,70.09975786655467,69.85994761411422,69.66697700447693,69.23386766672478,69.07240650296204,69.07751927751927,69.16365954951478,69.28199101468323,69.1244544922669,69.04955180321029,68.99189899606563,69.07213325004018,69.08525432900423,69.03457400624056,69.02730275963965,69.01235451900342,69.13440923466969,69.13099733788519,69.00799338624348,68.70809511838931,68.50410434472938,68.29590763010577,68.00094787756827,67.934967994968,67.79552572097215,67.61378080171934,67.41070104065791,67.24678676627822,67.1012285476868
2,60.027503052503064,61.457567663817635,59.031242368742355,55.86561228123721,56.13499389499382,56.40046296296292,57.1730965463108,58.14937296499795,57.93178560123006,57.43829263329265,57.62756687756688,57.55459189730023,57.147436288782444,56.62650263096692,56.617083842083886,56.72099899521778,56.56034439416794,56.655270655270684,56.238040882119854,56.14455255392756,56.245882512549194,55.90444509194515,55.60542527118621,55.68202075702083,56.38056267806276,56.90505208822526,57.31306000241194,57.45181496744006,57.39191034061734,57.306472493555994,57.42532428742131,57.47479983847198,57.43401012567705,57.3803774928777,57.16510204081651,57.27264420250545,57.442395829895986,57.663058018979214,57.798127276332494,57.69657242063499,57.545468521992916,57.34426662402855,57.2009518367077,56.990017505642584,56.76493894993902,56.609420621648965,56.39287164765894,56.32932724104603,56.19794039105268,56.09441249491251,56.004987750085824,56.10653578081468,56.231442029319425,56.18602810940773,56.21381192881192,56.185522504942206,56.15854388464043,56.10407570558437,56.01471246111084,55.90965184506863
3,74.35064102564105,70.75300162800157,69.51333095916429,67.45520070207567,69.65949226699226,69.58075566408901,70.86162494912494,71.92673547517299,72.19812723284949,71.95902523402526,71.63515327265338,71.73981693460874,71.32107635953804,70.71523126344572,69.96845068511753,69.14368736009374,68.15557201513096,67.79003527336876,66.92482033074155,66.34843991656508,66.18557159330985,66.07430000555011,66.11926439100367,66.15135539614721,66.51000834350842,66.99198972323978,67.13609038423857,67.5443123510088,67.73515150239285,67.96582468457466,68.17357090340958,68.17714072675007,68.26950826950826,68.17047660944718,67.94978225478222,67.85255011192504,67.89577475827465,67.77526843283411,67.76611995554292,67.4448055301179,67.17932102901601,66.84186568502032,66.75798963095465,66.75157099844597,66.61130669741773,66.49589349861088,66.33475794300259,66.24645856651063,66.1778070568886,65.91524989824975,65.67661373666267,65.51811621426998,65.52460586234162,65.17360696573647,64.93453574203568,64.81136394194432,64.55400654413825,64.31721260859196,64.00845267413071,63.76349223307566
4,57.22092999592999,57.470571326821364,58.311102631936,57.68415114977616,58.60978835978838,59.300262006512064,61.357126867841174,62.211387744200245,63.462695021028374,62.88210673585676,63.625854700854745,65.3431327160495,65.05853605084386,64.3547869788942,63.77917989418001,63.14206063034197,62.47474532548072,61.56015720390728,60.51293779320103,60.12754833129848,59.675486220129216,59.38711473711488,59.12675983436869,59.03336110263212,59.474198616198834,59.66072230831861,59.86015993608596,59.93719474969481,60.20686514953755,60.358822581739254,60.5252231937716,60.63237561050062,60.729612362945716,60.63213163470515,60.632471946043374,60.521630941075344,60.68776963776958,61.05415836600042,61.305129379167845,61.05470963064713,61.002837586983965,60.974600146326424,60.99166489195566,60.782785964035995,60.6170894948673,60.68005653766531,60.51422228283937,60.405008224799985,60.317601106376735,60.08388654863665,60.01855363227925,59.977920912776796,60.02173142196734,59.87117221770007,59.88737826987834,59.974029558404574,59.88362296410543,59.738997656239086,59.547417530680235,59.3636192511192
5,79.81150793650797,76.05235297110293,75.55238095238094,75.03430123117616,74.18354395604392,74.3558446954281,76.04721713471717,78.99230260480266,79.43091224619002,80.66252442002438,81.35689819439823,82.52175417175417,82.90733109483106,82.89362935345075,82.67098188848189,82.26991154100524,81.33006595800705,80.14013108804764,78.75253036437239,77.78934396621891,77.09293103281189,76.43746184371169,75.59658385093157,74.87917514584173,74.83127045177037,74.86791975830428,74.68977769487014,74.35732509884288,73.78628110395346,73.06823209198203,72.31566869510414,71.8100967897842,71.23972570639225,70.6837674172232,70.0448371998371,69.55916132478622,69.27826562826543,69.25106061092889,69.23997331016551,69.01227767602758,68.9792823143432,68.86482922941246,68.87629435594542,68.81393039830532,68.68777845611172,68.74344010458138,68.7671907879354,68.86360261073793,68.8892772005016,68.57711996336981,68.27750833951804,68.01309200948626,67.78772289031721,67.34085313691794,67.0934464609464,66.89084666986443,66.50746774343256,66.28408803839825,65.85174156508894,65.44518586351913
6,61.83510887260895,63.85111670736673,63.75741588658257,62.0722400284901,62.00067053317056,61.91597815764486,61.760661230304095,61.00918040293048,60.37083559444674,60.46573005698008,60.16087847337845,60.458304928096574,60.40374596913056,59.76599584278155,59.21030626780621,58.40914065679685,58.077506942948,57.65781921268018,57.273648330227154,57.054623270248186,57.01040128302022,57.086044742294604,56.98341163667237,56.84305279982349,57.09948270248254,57.18422462508982,57.21528286528272,57.239302793766974,57.38856802520585,57.82048280423274,57.9959789016241,58.12211236390933,58.13196016946028,58.2030837762457,57.90382231525105,57.8438746438748,57.89029304029325,58.03835081828522,58.122775064441875,57.80475503663015,57.637326032143235,57.49433142915299,57.42624395415107,57.10438011063025,56.84681431737007,56.772710290917054,56.72517200097013,56.800469004375515,56.93988593605961,56.728976800977016,56.65729877421074,56.72521475141687,56.88722661859473,57.00935102277717,57.05033475783498,57.16478701523358,57.01277160136821,56.9241859114705,56.75737489911236,56.62826176909534
7,69.59460215710217,67.01751373626377,67.11691256274594,64.83293269230778,65.16675824175832,65.4748499186,65.54318419675569,65.46911312067567,65.44020089992317,65.58202024827033,65.81256290006289,66.63309846018183,66.98396144453848,67.0303062678064,67.27355480938826,67.02687824328459,66.28448460580827,65.90522571564254,64.90223368249703,64.83632173382189,64.28362622826921,63.84176194176202,63.33259564509572,63.185158051824786,63.496390923891,63.620531605147015,63.482195993307116,63.37537356823068,63.15558397541154,63.079727140143845,63.356191821917726,63.27253907839852,63.05586743503413,62.70239591563128,62.28199459270897,62.15165301519472,62.35364265364266,62.26320475333635,62.31645025202724,62.26330586080598,62.22459101422526,62.121200723879404,62.1662938590265,62.148777380027475,62.10349398543849,61.9332110120154,61.976282159526924,62.02658655965951,62.164694791225415,62.04550610500612,62.01979827543549,62.01379897701995,62.14105952572921,62.12055502796229,62.143747271247165,62.29703071399488,62.447187145213405,62.41240237253152,62.301144516186774,62.291841168091075
8,54.58789173789173,55.32948972323974,56.34439526522864,56.46401734839236,58.713275335775364,58.844920974087636,60.48441987906274,62.09506384818891,61.80224302446528,61.59161884411891,61.56242923742928,62.70047440984941,63.33424282270437,63.81620661084943,64.38026726360053,65.24648834961326,65.77411567190968,66.02737925654579,65.87948503737967,66.11675162800152,66.31993284493277,66.47113164613155,66.24895905221986,66.34323213437801,66.58717053317065,66.76981778904866,66.83988472090334,66.56853868684234,66.24782009178564,65.91863620946954,65.53038487796557,65.08508979446478,64.57341377758044,64.03255689027746,63.649914093842646,63.487705196038476,63.72354621104615,63.979199869331374,64.06168404245315,63.83246298840035,63.67767515907744,63.515648075469336,63.43477250570256,63.16340546028029,62.849121105231994,62.75368954716755,62.523062851254075,62.348635488739376,62.26785786964329,62.004602055351704,61.79357148842408,61.61317223552768,61.35853097810612,61.00516052020648,60.775204795204445,60.624049090789846,60.472924654941835,60.33150867331863,60.01881531839121,59.747589540089194
9,72.53298229548226,74.10509259259256,73.10587098087095,69.64142119454618,69.9904700854701,70.14001661918326,69.54058230129657,70.14846611721607,69.56325973409301,69.16603072853067,68.5188427313427,69.22437847646181,69.24732240693783,68.39626867841163,68.19239960656635,67.5357339997966,67.08332345758829,66.85451346493025,65.85198867896247,65.07644917582431,64.55914079306956,64.03956598956614,63.54358620445591,63.02297390109901,63.20345075295088,63.18813652515586,63.205575717149856,62.95553466044541,62.85777423406736,62.465015601682296,61.9111792180341,61.587522257834806,61.35889080055749,60.94652598218779,60.33913541484975,60.13779973884143,60.21851576851578,60.03631969881971,60.25342219508888,60.154253027065494,60.162390184341305,60.21847479020089,60.3363770811445,60.44075334387829,60.5104454393343,60.76712078179469,60.901702474042885,61.26264827957543,61.676209891771066,61.83001872201873,61.91595830639949,61.86470856422779,61.880771534545104,61.714718152218126,61.742814222814154,61.884745479388314,61.882605641596925,61.990382071632055,62.011819567751694,61.93959834147326
10,53.156878306878326,53.3424145299145,52.19228564645226,52.09363553113549,54.25985347985347,55.313555657305635,56.32383278097552,58.03653273809516,58.205554990277136,58.45404711029702,58.86627354127344,58.934924026590586,58.35998677248663,57.80821813768236,57.67925349342011,57.606332353988556,57.06062151356262,56.6706939922217,56.206981931323966,55.92627645502639,55.965388976103185,55.98363072113062,56.30706986250457,56.6923714981006,57.20734126984121,57.65677401302391,58.07186496630929,58.42209630647123,58.85081417624511,58.91557302265623,59.065599767615744,59.12344703907188,59.052945202945075,58.824035169623265,58.49690112797239,58.439278789625824,58.60297247797231,58.5137413512412,58.603068809158444,58.51400119556361,58.349042680445045,58.2395941139988,58.103438206926434,57.90455620768105,57.807727920227805,57.766159353930945,57.456042115882404,57.37550037732319,57.324391056788905,57.132056573056424,56.96873728123708,56.84605796625002,56.67475599173702,56.35709989598872,56.355023680023656,56.27586896403859,56.20887671457845,56.1008177725849,55.90515726426729,55.698330111246634
11,65.25163817663818,66.16575091575093,63.04512786596126,61.619052706552765,62.19189560439566,62.715385463302205,62.850226030583165,63.41441353785104,64.10549789716448,64.66425468050467,65.28268722018724,66.19115749219911,66.35994215898057,66.4060922873422,66.35787918871252,66.14366001475375,66.20567316670255,66.28154394473842,65.94233098772575,66.33429868742374,65.9190803244375,65.3223357660858,64.8078334306596,64.27447513905857,64.61203520553538,65.02188703390641,64.9388811634184,64.78175620675636,64.58292913982592,64.4191395333064,64.20947752963905,64.05232451287162,63.82455075788433,63.69822311403219,63.44936100936124,63.34244067403813,63.41779526779552,63.38509548443785,63.4120457771101,63.26415267602788,63.19187897694013,63.07694233676395,63.03759630765463,62.85552826802842,62.765047935603704,62.851578453752644,63.018274101784954,63.415042480667694,63.677726072114005,63.70345299145318,63.932716049382975,64.00161371747933,64.08087011695528,63.86773541958744,63.76056388056402,63.672041979184954,63.52555676941653,63.46004720853874,63.3031239868106,63.16070148216001
12,47.99706959706959,49.177027370777424,49.754882309048966,49.29868106430606,49.45712047212042,50.18466117216112,51.53208616780038,51.99768264143258,52.228861981639746,52.12043192918195,52.0582315832316,52.84667828313658,53.673556322594806,53.71862680969831,54.01448480531821,54.225618449837235,53.891807021954065,53.87186751006192,53.514278752436624,53.407288614163576,53.125891524701004,52.96811591186584,53.01432331758406,52.71292819834471,53.25573178673164,54.21944327040468,54.79235724837562,54.92937979679039,55.141065113047695,55.28846018179341,55.38456664303426,55.437804296397935,55.49619593369578,55.63624982044083,55.625935083434875,55.76869672251601,56.023837161337006,56.25178986461872,56.50665119543318,56.4770491198615,56.5175353891816,56.48658303777342,56.519906342580654,56.49629398379389,56.51713019490791,56.467542381129284,56.5012541241264,56.59455647554598,56.708425116078075,56.81061782661774,57.00827916636729,57.361368617137764,57.54969426974133,57.545255995718875,57.56919506419499,57.65791888336516,57.63081475055153,57.4636956514111,57.263435152418225,57.11455170601019
13,55.47055352055347,54.82229853479849,54.30507563424228,52.93025920838427,53.33225478225492,55.20082417582428,56.63975013082165,58.445728403541,59.44482318093437,59.76090404965416,59.73168683168694,60.46578228869904,60.63306760902919,60.572946101517495,60.850954755121414,60.745038410663426,60.04363792525556,59.22743295798853,58.573576301865806,58.4482114875865,58.63761773940348,58.80600556850561,58.739901744793144,58.751633089133136,59.12307488807494,59.667724867724864,59.78744366059179,59.889695621838506,60.260121152793594,60.31825142450153,60.27720075623315,60.2975708753054,60.37556363389712,60.4059284397521,60.33781920460501,60.50645138040977,60.90895565895568,61.136029577148015,61.366950262463085,61.58581807081804,61.78751687562657,61.74835019477876,61.95226393976396,61.984775756650755,61.91788585899698,61.90182165861512,61.86763264316455,61.791189925044094,61.73282998180951,61.552006105006036,61.522072390209544,61.62666733195569,61.60674535981133,61.48323375013186,61.60664400414404,61.67194631591956,61.63214553477719,61.504616384573374,61.31128037844147,60.98139728327232
14,60.238883801383835,57.844708994709045,57.83792735042739,55.25292658730168,56.72296703296712,57.30288546330216,59.798220826792246,61.39439420533171,61.108533441866776,61.321548127798145,61.2608405483406,61.28121184371194,60.969193982655526,60.03158286819,59.66755019671686,59.128152027370724,58.27260498216371,58.123236331569544,57.631208898314036,57.76095060032548,57.85072169893588,57.88315388315376,57.52053471890416,57.33034527201183,57.66545929995921,58.30119458532916,58.40996868357974,58.28011203412982,58.4359198910922,58.41744420702746,58.463789928709154,58.508016477157,58.665210252710104,58.63460281548506,58.50886679458104,58.59796796567625,58.73488763488756,58.7624313186812,58.97517858447338,59.02642017704513,59.01856877314186,58.869321617535796,58.8339719926928,58.573213360713225,58.29935151268473,58.20612624090876,58.15779936178867,58.04323298229547,58.075296009734785,57.92580728530732,57.774931867333905,57.71384231865014,57.657324951428755,57.49990107628993,57.58292735042735,57.66071873728133,57.49957131075556,57.320306776556805,57.157809492767136,56.887046448921424
15,63.5870014245014,67.97662037037036,66.02497964997964,63.853566341066326,64.70591676841673,64.41473171889835,64.63915125879409,64.81027230870976,63.961107154162704,63.58864367114366,63.184965959965986,63.32164436643604,63.12066192354649,62.87401338740622,62.60623863790529,62.481749847374815,61.91190027292967,61.21826357798579,60.640703253861155,60.42540954415959,59.850853247281876,59.563144263144295,59.57228216630393,59.6553020282187,60.07754070004064,60.19353417238028,60.02109317294499,59.914446697482354,59.7895260550433,59.881264075430735,60.007257572176975,60.038369645400884,60.04209817959825,59.9935481457541,59.653939473225314,59.64964839687075,59.9825252450254,60.157652812587145,60.24053880592354,60.07307158119666,59.866601521784524,59.72639809485055,59.58506308506319,59.27012478262491,59.15158334463899,59.15513461980865,59.00404467478949,58.967361429080334,59.01333206664847,58.7704201261702,58.48101911704857,58.43473797392063,58.31809078412852,58.07203699935181,57.981458726458776,57.92802988182463,57.75199706888323,57.634624594754094,57.464426094934744,57.32878027065548
16,41.31894078144079,49.82944647944647,50.64237213403883,49.70250050875051,50.800838420838396,50.56164190747521,52.00279085993369,53.31449175824173,52.94378193822641,53.03045278795287,53.22598003848014,54.38462555962562,54.962739895432236,54.88851059654632,54.709346086012765,54.58553749491248,54.21309583662525,54.18043373807263,53.939944144549415,53.92145629833132,54.08164670426578,54.30759795759801,54.621443391552106,54.90982863587033,55.585183760683755,56.13500633981404,56.64911835421092,56.837792531542476,57.00421298050601,57.04093270926598,57.20937774889372,57.21654456654438,56.72704733538046,56.47829670329647,56.151438019652076,55.99681409125833,56.051772101771896,56.2265245110638,56.26569051793392,56.0846873728122,55.880726173104044,55.82148841017867,55.674390327587744,55.50518925518902,55.38586012752657,55.356967780608834,55.47495323825083,55.72136306980026,55.853653036305786,55.8583619251116,55.787519452225006,55.83378299051341,55.86309235837507,55.83607634649274,55.904540829540565,55.94293690766879,55.978984230519,55.926987284745586,55.76717438242826,55.77937237145539
17,58.39216015466015,61.47296499796501,58.75069020485685,57.320189763939766,56.956242368742345,56.109405948989306,56.498490464561904,57.501285230972684,56.87323689684795,55.9658333333333,55.20769184519184,55.63237391466557,54.86635867693562,53.80795940170946,53.45222120472124,52.872900132275106,52.630359237712135,52.346571586849386,52.20403332048066,52.18187220187219,52.346144640192236,52.40300000924996,52.45835523172471,52.508460520960426,53.493952991452886,53.81782270436106,54.10584573177155,54.10822685911957,54.22611363732038,54.43572259530575,54.482357352921625,54.48150755494489,54.51849739766392,54.66300081998597,54.773331879760285,55.05766347849669,55.28408862158852,55.870761706616896,56.44123370693873,56.486364723239625,56.749247297417924,57.02801119735626,57.117165478793225,57.1084419053167,57.24588567810768,57.43511716745384,57.63648921015915,57.7887675306943,58.15227328416073,58.25979975579943,58.408010226882375,58.52118358849088,58.647635174049924,58.62178375465374,58.73773189773151,58.87895444502547,58.82364395675756,58.87313551710062,58.7960728772165,58.84134132071587
18,62.264575702075724,60.99899521774523,56.50648996065662,53.964902574277545,53.85592287342285,54.21835995794327,55.10054945054941,56.946387871387905,57.21460961877633,56.76905067155069,56.436905224405265,57.171014363722705,56.881791819291784,56.17353479853475,55.97935931352597,55.77229408323161,55.60866581675406,55.29192952109622,54.43052690486903,54.19667149979651,54.23247669438147,54.11970159470161,54.04938308470914,53.892801604259915,54.484913919413884,55.16990388528845,55.52284157886008,55.3097095034595,55.21609037514212,55.146953432370104,55.0938172043011,54.994589756308486,55.122464880798205,55.150975005386755,55.01756628292339,54.843644858228124,54.75049995049993,54.81881988625406,55.02103083288977,55.15602373321116,55.273050368781945,55.47620804019605,55.67869258218091,55.66744563307058,55.6964830642608,55.73462423245033,55.77557986733519,55.87527133360471,56.0039864236293,55.91289519739523,55.82290215231398,55.850845210700996,55.823966852504604,55.652734062919265,55.648659118659104,55.66028266541657,55.59489571507107,55.51575916101773,55.36079042583272,55.177583350291634
19,65.73507326007325,66.03898046398044,65.979887396554,65.51367139804636,66.8929181929182,66.65149403066074,67.05199793592665,67.65830598799359,67.09911929634158,66.35658017908023,65.92443713693717,65.8403371320038,65.04432938856014,63.78830309901733,63.06274759191414,62.421654011497736,61.83759366994659,61.40125887486996,61.06690122742755,61.37779685592184,61.8646583134678,61.906175074925095,61.813651103325014,61.75246044464789,62.0305059015058,62.184421668075366,62.33970251285053,62.234603756032264,62.41981811292157,62.40873202414866,62.454640953431245,62.3485793142043,62.26462842712846,61.956207205104334,61.56352840281421,61.49803000497454,61.63718773718782,61.712699349870526,61.79765374701283,61.74845645095656,61.86539392179644,61.98435919239495,62.13073953393724,62.407823079698105,62.34069777958673,62.54850084496831,62.74931686713609,62.7955470551825,62.80468216590664,62.64519383394378,62.51406086651177,62.571778728749834,62.52540316078044,62.375835481390965,62.21620749620741,62.04513870719222,61.6945688651829,61.390779247891345,60.997371915592275,60.7681779948446
20,63.79314713064715,59.48702431827432,58.91818952652285,56.739955993080976,57.393223443223434,59.1765991724325,60.45785801500089,61.22507694851438,61.35167491973039,61.73584503459495,61.19145252895247,61.79522919210417,61.6375837481605,60.93426325658454,60.505761090760934,60.36602786680899,60.13868239603519,60.16445331931429,60.06879351155655,60.301372354497246,60.2831024575071,60.069393106893,59.84198917024996,59.54584901980727,59.75178612128605,59.74133010863769,59.46659318048184,59.03230529391222,58.835571309277974,58.69479276895919,58.33095763257035,57.967506899928644,57.737438024937866,57.459481164260424,56.98313739170868,56.83970345498104,56.915128727628534,57.07085810145004,57.32591901213679,57.351475122099984,57.38053669456097,57.44332725255332,57.6664306300933,57.730976430976305,57.666375096097184,57.685082771495665,57.695313541856,57.778846471815186,57.873279904147246,57.698318376068336,57.63984115013522,57.58686631210657,57.49786295989108,57.25563177391867,57.210478595478456,57.20963982280935,57.04426459667678,56.79224295819112,56.588147665266106,56.35540564373879
21,51.60147537647539,52.42035765160763,54.279115791615766,54.476176485551456,55.55229853479854,55.62072988739655,55.03232382696672,55.34537672975177,55.175632546465884,54.8594861619862,55.006608669108736,55.54079882309052,55.579688722958,55.16298222280373,55.107916157916314,55.24983624593017,55.32025575187354,55.35009496676184,55.40372940899277,55.56993666056186,55.477298583251134,55.36187886187904,54.99698067632871,54.73604815323585,54.751978632478824,55.10008120440834,55.26464240492037,55.160818579568804,55.40890155502249,55.582946343779916,55.61221920254208,55.53276067104218,55.42564796314827,55.39134316119638,55.15300264550301,55.229744946412,55.54095675345715,55.43658130368697,55.771253117727866,55.591502085877515,55.46069157807005,55.33396309378504,55.33527096288772,55.24669601232149,55.237034436757114,55.3217721992183,55.389474926177456,55.4729725232333,55.66606561428025,55.56053958078995,55.55295145123614,55.597521015309844,55.59724708380407,55.49426157690081,55.47857836607867,55.53754824045036,55.487470546023516,55.38313518378204,55.266065306319796,55.22792616334311
22,58.69738502238502,57.689120370370354,54.23114570614569,52.90056344118842,54.31404863654864,54.74190323565325,55.900103203674696,56.54923051485555,57.55067098539324,57.83547924297928,58.74109362859356,60.20876280355442,60.3370479947402,60.33315090993651,60.52208689458678,61.05006677350414,61.00850361512112,60.252183387599864,59.45944562260335,59.174797771672615,59.09601890613781,58.847667147667046,58.68109615827,58.4026590693257,58.795948514448476,58.94260707241467,58.842122092584944,58.54897087039937,58.38678652126922,58.188820546737105,57.851379206217835,57.73420425061043,57.4946192696192,57.222175836146384,56.837563811849456,56.779680363360825,57.114461714461676,57.39314458689455,57.70246574413235,57.815477716727614,57.902250910787345,57.89553232261551,58.061287635706094,58.06954700392182,58.02636277302928,58.04272508892058,58.187756973129154,58.38282140313375,58.589607576852295,58.73756959706942,58.74699208743309,58.720852020130636,58.73535057709567,58.434920069642104,58.42767787767766,58.372062783446424,58.19998598704707,58.05661744066887,57.895522219462606,57.74162978225454
23,66.57692816442821,71.02557488807497,69.79606735856744,67.9955802299553,68.95318681318686,69.75309744268083,70.90958413279836,72.6525297619047,72.95678334011663,73.23641381766376,74.08069754319749,75.36261616469946,75.41067006355468,75.02994941566372,74.00894078144078,73.30895305504676,72.39931887284824,71.86003171211496,71.09927382558956,70.35761599511592,69.5517723898676,68.7629361379362,67.93263147882722,67.62470598460189,67.54792429792435,67.50722875770958,67.41249472406882,66.76054403599048,66.49478425469812,66.49553249219927,66.35651413998197,66.27589031339035,66.10040314623653,65.66518769901128,65.28166986452699,64.98724166779722,64.97682008932004,64.90955754771532,64.80717716518988,64.60593203093194,64.23268200859653,63.79373534314006,63.48911013620311,63.018161352536296,62.78541875819648,62.6172089283502,62.33307614371437,62.154470221136755,61.960105342503205,61.65852218152213,61.49441381965879,61.35080049935809,61.328285664370476,61.07558129456267,60.92877317127307,60.733595067300264,60.57456238530781,60.42027888299422,60.174907476390345,60.01542141500458
24,77.53151200651199,79.2171957671957,79.85393772893768,79.23319597069596,80.38848290598287,79.35305843847506,78.94839743589742,79.77850783475783,79.32774499163392,79.56963573463581,78.86539432789439,79.34386150115326,78.77843641401343,77.79498335659056,77.11012752679426,76.00282388329268,74.90323385764565,73.75926547732108,72.32371714542774,71.55502416564919,71.05997998914661,70.7722777222777,70.42448417122336,69.91317409442416,70.18994932844946,70.38521277511674,70.39943622906597,70.10427877347533,70.12270027226937,70.18490944240948,70.06627558522727,69.98868220899486,69.70870287120299,69.45157742584222,69.05501482644343,69.02826660222499,69.21814781814786,69.24535189469407,69.26662296630258,69.19486797924304,68.85397185244753,68.45990827955119,68.23919934501342,67.82628101065607,67.48591077646645,67.23139565748268,67.08070785597383,66.96765173483932,66.85325610708283,66.67901862026878,66.46099349996427,66.25263816489797,66.0546431643132,65.76953912856709,65.64787693787717,65.48891986816115,65.15134676077685,64.77735998835158,64.39755282382421,64.13384818884839
25,58.46510480260483,61.149687118437136,59.968874643874656,58.099552299552286,57.98967643467647,58.61808014516353,59.43202947845804,60.174167556980024,59.66939243883687,59.22701109076112,58.753973341473426,59.076726784018554,57.8015168592093,56.913413207163366,56.46230565730581,56.69381232193743,56.354096638655555,56.58660092479539,56.562863890495464,56.72402421652427,57.186897978564716,57.41205507455518,57.435584001345,57.60094246031758,58.36116117216132,58.80726163081946,59.31045312711986,59.5860896709112,60.2882448809174,60.762804232804314,60.847486772486846,60.965293835215846,61.05811796228477,60.92536360698137,60.458914181057146,60.231108539094784,60.298222260722426,60.452255906861375,60.71171652421674,60.713091549654195,60.53630915155319,60.38806907378352,60.20379385902658,60.041445360195524,59.787035228146486,59.6774111456178,59.51538667203575,59.49993407441339,59.474446811691855,59.34899786324806,59.1618680520644,59.16124240787725,59.14941829658831,59.03691088575367,58.99457607207627,58.922811555177816,58.72701402723359,58.52259439953426,58.17196827811253,57.948666649708436
26,63.41512006512003,61.10691137566131,61.72040767874098,62.114856786731806,62.68623931623933,63.98842507800838,64.3395241002383,64.17019930301171,64.43961640211631,64.28129629629625,64.23376253376252,64.18111984466152,63.50459832190601,62.692078754578674,61.525703432369966,60.4633674196173,59.47981098422262,58.57605085243961,57.9405367050103,57.56854446479443,57.47742237920805,57.463035806785776,57.28056307621519,57.022638337742436,57.51338827838817,57.666106062740646,57.95970940924641,57.94465902814113,58.014577105525305,57.89526946818596,57.82098776372952,57.791615155677505,57.77199821783136,57.97026413129336,58.06202206523622,58.125344395830425,58.37791225291212,58.655231963455485,59.09855306137346,59.2045394536018,59.3745504382698,59.31010511754542,59.33602533340888,59.32666754541741,59.26056934834705,59.26884301286467,59.3238936300106,59.382317952109545,59.429679051107456,59.408319902319796,59.36155073140359,59.402891659622355,59.56525675582275,59.482436613455064,59.62921439671434,59.751337014506674,59.797984633949525,59.88267344883726,59.91128262039284,59.857588013838125
27,74.88541412291406,73.6993182743183,71.96338353005022,69.80636574074079,69.66486365486371,70.15225037308366,70.86621533228667,71.37372303622296,70.77984782706997,70.46039122914124,69.43689736189737,69.5356006647674,68.22298339125274,67.63291942845525,67.38493691493701,67.03335241147752,66.06349924585228,65.3143193483472,64.36002479489332,63.878164682539804,63.23709130375807,62.578459272209344,61.91098989577254,61.36392789309454,61.447888481888405,61.559834147333994,61.60872544807709,61.52890429676125,61.52466632983852,61.345062406728836,61.08761947431281,61.219355413105255,61.12512441262419,61.09045524192564,60.88698136519545,60.9791227162753,61.247914535414345,61.52388195381599,61.67805628606894,61.669287367724635,61.397647090939486,61.50354187258925,61.49725464027768,61.57970640470621,61.550160878216225,61.476441865300366,61.62707938239833,61.79188638329241,61.88135138670825,61.79509188034158,61.74891217170606,61.752866319933275,61.898600456147406,61.873957532522155,61.837244699744595,61.96976631998935,61.8623376461094,61.862995593167895,61.80239449031816,61.75989273843429
28,58.99914021164023,60.41494963369963,58.70831298331298,57.18476037851037,57.90281847781843,58.05225885225881,58.42985711378559,60.07954250610491,61.074368018812386,62.0762047212046,62.851483238983135,64.50129688983847,65.26352963276028,64.83512050119178,64.59110466693781,63.849620662901735,63.001282949076874,62.045880251435605,61.006492727545144,60.61683226495704,60.36695277826202,60.23665408665383,59.83945249597398,59.40978963166441,59.56083251933227,59.54572082120144,59.28530144409761,59.24146879905796,59.33620566853314,59.296571191154456,59.24794612496222,59.16320748117622,59.06964100714092,59.120965758097995,58.9930908773765,58.81682084633467,58.89455691955684,59.137796012467014,59.24442866013374,59.10328220390716,59.03783552716476,58.981912344709905,58.79931862926044,58.728991610241565,58.73476507032063,58.85369784201301,58.856719078793496,58.884241347001684,58.935220590067466,58.8372913105413,58.993359309535705,59.014700639460166,59.072207631641575,58.980940792746324,58.93913789913784,58.95378901026226,58.836721522467094,58.832870370370344,58.76100039320373,58.67941425858087
29,57.081949531949576,55.729690679690705,53.18339099172431,50.97178596866097,51.293706756206795,50.74448429656765,51.056163149020314,52.40164580789581,52.05763069235293,52.38001424501429,52.978645428645464,53.32783882783887,52.822779891049194,52.771781789639036,52.72386650386665,52.89736340048857,52.76473730517867,52.49519315561002,52.330831351884214,52.45514906389923,52.52915721844307,52.255753274503405,52.0808154607069,51.93914750373098,52.65625356125371,53.627439458689594,54.566325050121435,55.17136043519982,55.691302471475005,55.926361246778065,55.96647974188315,56.14835292022803,56.06815314315332,55.98594397160589,55.725863858364036,55.846396774521985,56.20271109021129,56.50995892509073,56.89540076495223,56.80206438237702,56.80634970269127,56.82731384576639,56.859119057084364,56.79778150090663,56.694754443087916,56.70142527561016,56.701667077997,56.61145886328194,56.66895552482308,56.66226129426147,56.59866926827727,56.53247129473106,56.52655783245423,56.27544487405614,56.208766326266485,56.143180381127024,55.974393605095614,55.875385246937235,55.635914336762035,55.39043159001521
30,66.00942205942205,69.34573921448924,69.72980260480266,66.76661579161586,68.49992775742786,69.06507088590428,69.51936231757664,70.2609209656085,70.56436937548054,70.04992114367121,69.80468605468619,70.55532237823923,71.16016640055115,71.16775321239619,70.64609550942897,70.3890176663615,69.81841108238177,69.57352094921552,68.66746968918035,68.14497812372827,67.42451741380327,67.03041495541514,66.61437264426397,66.10556191493696,66.51896214896216,66.54073956670115,66.54252419391312,66.13583620413976,66.10758125973642,65.81305504680495,65.59131234655419,65.4675255011192,65.56943118609783,65.64122510115162,65.56434647363227,65.31896636028581,65.29837612337612,65.17292630615002,65.20552333469007,64.98860933048441,64.74720174811648,64.5306941295037,64.24579369811939,63.91301672864177,63.640543910821734,63.65538556652698,63.666353406247204,63.78838098629784,63.81295746015154,63.77444708994736,63.82974744028687,63.9247210677501,63.8229160427276,63.53073719833003,63.40918405668425,63.39071448558064,63.38510039343386,63.37386750382437,63.29655705248924,63.18067986026317
31,56.377528490028475,60.04860347985352,60.301729751729745,58.90018950956452,58.71672873422878,59.26102971102971,59.25434254898542,59.404945690883224,59.27573655768101,58.55433455433458,58.43979168979175,58.78445343237018,58.464250101750174,57.996722919937305,57.61359788359798,57.70826560592197,57.35972461634229,56.91566047121608,56.429896857528476,56.21515440577941,56.088519196852516,55.90254745254746,55.62385752331404,55.5737251560168,55.93765018315017,56.518413833317695,57.32662894375865,57.3183809741847,57.28255476962394,57.26375966625986,57.2957133666813,57.193612001424746,57.217487296654205,57.17041406306136,57.029733996162754,56.93633185230425,56.98356790856809,56.79107531114127,56.9818556087788,56.91263074888087,56.67605348580968,56.56181064306071,56.63507858420657,56.55139397639401,56.391709062542446,56.347178757233124,56.251183548524,56.32372695784152,56.511041547266025,56.609965710215704,56.76907425363306,56.88941593484858,56.71934701392253,56.49179875337286,56.43648444148458,56.440877649136716,56.3444859477756,56.20253962991044,56.064926998613586,55.989199650658186
32,56.50192307692302,61.59160816035813,59.673187152353805,58.462749287749276,57.44703703703705,57.3325981888482,58.640671696028825,59.21084147334151,58.56825962103744,58.23905728530729,58.48540163540162,58.77514880952376,58.13390665602205,57.530210331996045,57.601582214082214,57.578876996845764,56.99375164595757,56.41311163116723,55.77081325107644,55.54772079772079,55.321370670775394,55.17927281052278,54.866800490170014,54.77678274657443,55.041739926739936,55.369487883910985,55.78355624142666,56.255676020408146,56.58937781567088,56.981818104734856,57.0309852035659,57.040108300264606,57.07003567420236,57.148742189183416,56.88808666201526,56.61118516257413,56.601702664202804,56.914750016065945,57.15822662617547,57.128103123728245,57.24536354566856,57.39687360699277,57.497637386300276,57.55030895030906,57.59824345407693,57.7842788350942,57.78536779414456,57.91694340574566,57.95170701369694,57.753658119658276,57.650083594691644,57.54271792132389,57.547644773116666,57.45860268846405,57.534048729048976,57.527441275655754,57.377382915979645,57.257431967777094,57.028923673627375,56.95820656966516
33,51.88358770858768,54.608839540089505,54.08128476461808,53.40149827024826,53.7264662189662,54.2514668973002,54.96076225361933,56.34834401709392,57.14593508343496,56.638617724867615,56.554433066932965,57.14652523402517,56.89344925018,56.49772733879873,56.049616062949376,55.76434962606843,55.41962160932755,55.27571846877407,55.05923516055101,54.91854700854704,54.988189962594745,55.01958666333667,54.641047318221254,54.52727072310404,54.930182946682905,55.33698948843177,55.39702569378494,55.18792898569673,55.094167087701464,55.080144315560844,54.90377460054863,54.809052579364874,54.67902884152862,54.83774405061148,54.76476786441043,54.80318703929788,54.93915206415181,55.13554934344381,55.561698000479815,55.83855540293016,56.01396458103751,56.146526566466825,56.349614059497526,56.59766240703714,56.70421369782459,56.98674605386541,57.27659628590453,57.50491527184207,57.89271552332749,58.020285205534925,58.05513578650802,58.15140855405242,58.35769249967333,58.217004043624115,58.2748086173083,58.29518304116486,58.271758098950755,58.273081659719345,57.9957741803078,57.81911782661755
34,59.558613146113196,61.958292633292615,61.91822513905847,60.296978021978006,58.79216218966218,58.080579297245954,57.432416128844665,57.275420355107904,56.55830280830282,56.154846357346386,55.56186729936728,55.576121794871746,55.585859083935986,55.26737455666024,55.21025437525437,54.86090570309321,54.50242853551678,54.28201001673227,54.04085079150872,53.99246108058613,54.05581840998512,53.87568080068087,53.75756180212713,53.970758080653994,54.61034249084258,54.98128737359516,55.3462486244895,55.61736256468404,55.98275546292803,56.248957231040706,56.444915777173954,56.56428952991465,56.510398089564866,56.63798136776092,56.31562561776859,56.16326793062915,56.20305057805071,56.5964485198039,56.64926596433017,56.37768391330904,56.39715124532213,56.353914835165,56.355710428675664,56.28026822714328,56.1490716999051,56.152277985701936,56.212837507252466,56.38492784221959,56.444563222114304,56.35322476597477,56.30529709034613,56.25654644500796,56.21216624046807,56.12984895762672,56.2753192178191,56.36421857738803,56.34774409313859,56.30161080936918,56.21020182736264,56.13151828110141
35,57.78462047212043,59.475778388278364,58.658506308506254,57.357323463573394,58.58464997964993,59.26526251526245,59.80655634048484,60.58493907712656,60.259869759869716,60.240430402930336,60.44986309986303,61.23142339913165,61.71537091825542,62.0327504506074,62.60408899742216,62.5147226037849,62.32417193373054,61.761442081580775,61.002262333183225,60.650562169311996,60.54856096284648,60.07479765604744,59.56092597016492,59.312809277913274,59.5267519332518,59.34090765004216,59.348279481149774,58.941252761788384,58.95532398635838,59.02664902998223,59.29079539039201,59.4569999300467,59.55585618085606,59.69829374057299,59.54026120704673,59.54247798240834,59.82766997766985,60.16674016772686,60.49965248426768,60.58112103174583,60.57592505732732,60.585154296761225,60.55990454420668,60.470452811077585,60.57588805227666,60.73758748296761,60.694131941738064,60.65889878832562,60.57798075884781,60.52873758648737,60.47485914593737,60.63957022322383,60.54680725458998,60.402947267067354,60.2924967624965,60.14532185737514,59.993258163213994,59.7093282914401,59.47287143960846,59.329869929453
36,67.26073972323971,68.05435744810752,65.9277167277168,63.20493869556372,63.34457773707774,64.07204670329675,65.97497383568816,67.17908399470902,67.66784753312537,67.72444342694351,67.283011895512,67.98828813932984,67.38887401772025,66.21377587359741,65.43067562067573,65.11265071733835,64.20547056429422,63.14599839460963,62.35330071974814,61.80196326821327,61.42880230439758,61.28501845376847,60.87793460565213,60.8997293023336,61.41877940577949,61.560466172004745,61.76205399538737,61.69435523140882,62.02537086157774,62.557586487586455,62.9454278099438,63.12905919312164,63.54529328695986,63.853697119873495,64.1258148729576,64.63183223669319,65.29920428670405,65.77424718312857,66.16548962670738,66.38792315323549,66.51966829466814,66.57195658177784,66.7245739510273,66.88111252173742,66.90800852439733,67.01442230273742,67.03208786878989,67.0921924815153,67.26461131461124,67.40416788766784,67.41361915136412,67.39704748598975,67.43729448399252,67.44177689594346,67.5011980611979,67.55571027021904,67.46619138658612,67.47345918768336,67.31480989976757,67.07734957943293
37,70.89174806674805,70.26211843711842,71.0764228055895,69.31765873015874,71.38282560032559,71.69264770723105,72.54898685970116,73.76948196479445,73.67241045991038,74.02047059422057,73.99050810300817,75.29058641975308,75.08355170470557,74.58218791790217,73.76787240537243,73.15916323260073,72.73349463717106,72.39316974178082,71.26317288948862,70.49870573870564,70.15282356532347,69.78970682095681,69.36342194440017,68.9257822039072,69.18066666666664,69.14628436022676,69.33752091529874,68.74051034943896,68.15590308478242,68.02499016415686,67.80563580684547,67.41124799679481,67.16742778826105,66.87728084823661,66.58830019187148,66.26546064532162,66.27357274857265,66.04523702418427,65.98998309382917,65.60543027574269,65.32873236745186,64.96871039013894,64.76037590746893,64.66553319365813,64.48696682946675,64.4770038134168,64.5090349760562,64.60116376678876,64.79187016687011,64.84616300366287,64.92404793826354,64.83008985316675,64.85324294852597,64.7624477117533,64.87248806748813,65.02748497369042,65.03970529957384,64.94773895485116,64.82924780806151,64.65311753832603
38,74.66969373219372,76.79023707773709,72.70286765703432,70.60194724257231,70.22201159951172,70.12231294939636,70.47579219722073,70.43763863451359,69.7378284267173,69.3479527879527,69.17068117068108,68.79518976393966,68.30569526627204,67.91421884993295,67.61609652692967,67.74930714540069,67.32931151092895,67.59265336001427,67.41153016087208,67.65938848188831,67.76476248619092,67.79878223628207,67.30567743448157,67.54389711368854,68.21254497354485,68.95061656648181,69.86944538657492,70.33697707715561,70.85097188890292,71.2611521503188,71.64501687082328,71.84343775437517,72.05345580345565,72.35463202374956,72.48139179603461,72.7934843191787,73.11075773575764,73.56662837649664,74.17416538826782,74.54847947191689,74.62127470542111,74.38256911739067,74.42870595167119,74.23585835460834,73.91025245330798,73.79212719647494,73.78161224118655,73.70140945088852,73.58266593572704,73.2121994301993,73.05646222876601,72.67298016264347,72.2464005421551,71.71205229955206,71.37854367854342,71.18855438542927,70.85922320045117,70.7337954191401,70.44847452453372,70.18785510785501
39,74.50054436304434,72.50103530728526,69.63974698141358,69.24696911884409,69.30223341473341,68.44446479446479,68.96252253037972,69.6532369251119,68.99252984669651,68.89573209198207,68.18170671920672,68.23986357007193,67.4489449297142,67.06541477702197,66.75839709673043,66.33401855667489,65.63643461658175,65.01101642698873,63.89013505987204,63.422634818884994,63.19764521193109,62.951878445628566,62.7877548176463,62.950604353208746,63.474827024827235,63.61681009517567,63.62567475391569,63.39065425315449,63.22740375843849,63.30243420160107,63.24635915160131,63.22872643849228,62.984056221556365,63.015865983145574,62.67536324786344,62.700683845475666,62.96635907885929,63.13111303900799,63.312064692193076,63.02628205128224,62.75305845915621,62.66239352578656,62.515979498537824,62.281286075036256,62.0668001854115,62.013576449717974,62.000406459183296,61.92804444783632,61.920885454304,61.98909035409059,62.077543652788975,62.045324876334746,62.10937665583915,62.13793545275052,62.15259897509929,62.14767110369825,61.95889804639836,61.77290526363834,61.510673413216104,61.19791853208552
40,56.31547619047617,58.31800976800976,57.46959367792703,56.280734890109905,57.38643772893779,57.55028913987257,57.35928106285258,57.319611696174334,57.165213336046854,57.10896011396029,57.18915945165963,57.33327779473624,56.7897709840019,56.8692427612072,56.59939153439167,56.85650469322356,56.42945455960174,56.27738490932943,55.973751954673105,55.75812169312177,55.3531474698142,55.20696941946949,54.815638548247314,54.5969610636278,55.091892144892206,55.02946350302127,55.26000448454161,55.333167080935034,55.743574831936996,55.7377068918736,55.715969186130515,55.88254985754991,55.90440855440862,55.703302987861846,55.507765422408305,55.391333435083475,55.36772046772047,55.36621280766015,55.457995601264805,55.399359101546565,55.32175578486551,55.28855493051915,55.42872074093001,55.347370453620435,55.06219565414006,54.999596538726955,55.099679054200344,55.154468525301866,55.158013962605814,54.964881461131455,54.960408636389054,55.05645760934224,55.035724460724445,54.89340725289803,54.874016816516814,54.8532855289552,54.66415567051533,54.61053341613681,54.57602301966697,54.62577601410927
41,73.56980056980058,76.12867572242573,73.57767941934601,72.06852869352862,70.39707570207558,67.8226741622574,67.42217207395767,67.32339997964986,66.02058574141897,65.24240740740733,64.00614061864056,64.49697039072035,63.94700972104814,63.42044014186868,63.202981617148296,62.96652962199836,62.18197347314994,61.6336888934111,61.20225965554907,60.94384055759049,60.72443940539173,60.51242784992772,60.08382173382159,59.845933811558616,60.074994301994074,60.140048253028795,60.22936715205211,60.159811071864404,60.10766669473537,59.70780525030495,59.53846350781807,59.16937019866674,59.12560926727559,59.18731191194393,59.07809785452609,59.27259601252624,59.63584559834527,59.97214430306509,60.052930402930144,59.98027116402092,59.978125341234865,59.98729165455336,59.98804010373759,59.797475441225295,59.68447259530579,59.72420303126805,59.71997744178575,59.99442960588772,60.32375709135885,60.23222751322725,60.20901296415969,60.40873563758151,60.453117584721056,60.30903145208669,60.245050042549686,60.26425418992354,60.144629736734714,60.047515016911376,59.88157469492204,59.77487416904071
42,47.080163817663816,49.87915394790391,47.060193664360284,46.8702317358567,48.43109076109073,49.47801604259937,51.732032385603766,53.735809676434585,55.18786516980953,55.84923585673576,56.414782439782385,56.16209215167547,55.768367067405556,55.28898991220421,55.19088726088724,55.044060019841204,54.8512281835811,54.90445580653909,54.77514994751831,55.06625534188027,55.21626305792964,55.23694846819839,55.35255414874973,55.46962886650381,55.76831522181513,56.4736874236873,57.06945216991491,57.442470129077066,58.12924262838037,58.81307573599219,59.452461039557676,59.843611842439834,60.00177214760538,60.17416699585803,60.22489388917948,60.428150720164524,60.68129063129058,60.70865491720751,60.95570726756619,60.922319647944526,60.88614411785128,60.83479768688094,60.746697854255956,60.658090751840724,60.48165909193687,60.50083910654564,60.5633968080777,60.71143777133362,60.89066048275229,60.86379517704511,60.97943919733128,61.0125817914279,60.9701032283579,60.79667719968641,60.82742803492795,60.83196697482405,60.74457457746924,60.55856999003545,60.326285155522356,60.14994098494091
43,58.83865486365484,62.17654151404148,62.772111992945284,61.88807870370361,62.59681725681721,63.63007987382981,64.61208863887427,66.25703474765965,66.85728191561512,67.1689153439152,67.16569310319301,67.11036748745066,66.93426982561587,66.89724620617473,66.46881088047752,66.10399655321527,65.232385561062,64.29079924704924,63.61929556797978,63.73710953398452,63.63614599686027,63.54941169941168,63.28196523685648,63.0345638736263,63.46651831501831,63.94761396011403,64.11787184009405,64.38524096604452,64.58086185844797,64.54165598290588,64.57133437052778,64.72602767602756,64.85850785017432,64.89160950705048,64.8738670852955,65.10876506466772,65.5002032252031,65.47050358267455,65.78110226667911,65.75097756410241,65.63515068941885,65.63857867220949,65.50447499313768,65.2493578181077,65.06623241984339,64.87005859478674,64.58922044267776,64.48547941256265,64.54425973686173,64.44397069597062,64.45611907156014,64.15084873281977,64.03356582271667,63.66641040715102,63.38419275169274,63.269423912727405,63.05677566423171,62.857186276367216,62.56676169091416,62.33752230023051
44,54.754329466829475,55.68829873829877,53.00464658797998,52.161969627594644,52.377417582417564,53.07588861755525,54.11415925344494,55.568566213878704,56.474004544837875,58.332475071225076,60.12084165834161,62.49311278998778,63.30452553144856,63.835954488632936,64.28088115588103,64.65854414682526,64.33870334458555,63.82446439876982,63.3279545016386,63.15192053317044,63.344874217493114,63.771672540422394,63.74114995310633,64.03676337165903,64.80312271062246,65.36936578378864,66.00603396945962,66.35369625414245,66.75749231611272,66.96944156152453,66.90187023251504,66.95666558557146,66.90091683008316,66.98557991572666,66.91688906331736,66.96102207977178,67.09863311113283,67.4128405950772,67.53449393673733,67.25522067053302,67.00141221696087,66.6475215371048,66.2633129359873,65.82113731176221,65.50713030796358,65.4007846923607,65.33785515115301,65.2207563848189,65.18823228925275,64.92827146927142,64.7833701429289,64.5558989621489,64.27137059306867,63.891944312546165,63.714151589151534,63.61092550802359,63.32948530514307,63.12867203837015,62.88284708856721,62.66652464048274
45,65.98295685795682,69.21644027269029,68.28843949260624,66.49004502442008,66.87521265771274,67.18569139194142,67.90582664689812,70.0198806980058,70.3068166915391,71.01922110297124,71.40879953379967,72.3486208621627,72.50356477568037,72.17859722949032,71.74617351784045,71.61136771214919,71.09270152505466,71.03839850992651,70.68264973330781,70.78427146927169,71.02401205496459,70.68961825211835,70.3352362814321,70.35307900047498,70.97365608465624,71.2719111017189,71.39622865132131,71.58812521803594,71.70135257462844,71.87283390991723,71.96657935851479,72.09335237968047,72.1049621674621,72.05356035576618,71.83709474388033,71.87569642291857,72.078109015609,71.98107742647214,72.14307434018966,72.19838802401296,72.17269771781959,72.22325886194926,72.24034320545935,72.2390327265327,72.04794521322297,72.06579006742045,72.15202688367575,72.23266400844523,72.48855103702043,72.53967806267806,72.66938439193339,72.89432841019385,72.90292243570553,72.81285207419478,72.86933066933072,72.94041323260078,72.98076815971564,72.93520913154546,72.86566365210449,72.71690696649048
46,62.01472323972322,60.229408323158296,57.58058608058611,54.721002492877545,54.996408221408295,55.58346306471315,55.736864061864146,56.28684434778189,56.37399663094111,56.26122507122509,57.085527435527425,57.71264626577122,57.84562083215926,57.08380756148612,56.36688509021842,55.74922351953603,55.0226429888195,54.69766511780405,54.11938205556633,54.07875737688239,54.38730328313662,54.278376022126004,54.00732512254247,54.03588238536146,54.3987468457468,54.92701504336112,55.24705395770207,55.14276375079949,55.17686132513723,55.1420853683354,55.190892052988836,55.078837727665906,54.96162710746049,54.894774833010125,54.71035307285299,54.678414139872416,54.83821431321431,55.07910749094958,55.39290593072644,55.33720568783071,55.31768044511951,55.30633297478533,55.281889428400994,55.31506005568498,55.38486433319761,55.59818464546719,55.61536891989016,55.811784781576435,55.90284266942429,55.77157203907201,55.676108377824036,55.598711980683156,55.725231337495515,55.64267050679086,55.81240722240719,56.15916804756087,56.146454187462965,56.17378592831185,56.17895488848877,56.15930742097413
47,65.0315476190476,66.14499135124132,69.48872269705593,69.19128001627998,72.28397842897841,73.56601122642779,75.20390575033426,76.94833320614559,77.1427146927146,76.71637769637766,75.84686887186884,75.08026853547673,74.42124111643328,73.76206501831486,72.66651743318398,72.12084605209597,71.37878959276009,70.3594859358747,69.39456172482474,69.15025742775725,68.87638089423791,68.42122391497382,67.47270199607148,66.8144131138922,66.78947293447283,66.54852736295028,66.34447270836144,65.76617445054924,65.43261757399667,65.1620885904217,64.93959539564358,64.75288397944628,64.69965343298657,64.5261768596326,64.21840266875972,63.92506345249398,63.97851147851147,64.04614594713281,64.15853057199213,64.01765173483922,63.75455865272938,63.597776760276766,63.47921493880796,63.251484857734894,63.01350970017643,62.965691192865116,62.97253450843873,62.878906885938086,62.92602227704268,62.76816992266991,62.578354960217695,62.546445105820105,62.53411652114475,62.30675281508607,62.27514587264568,62.218693038112505,61.966010914037035,61.71190256901442,61.42894152300908,61.22688949938927
48,60.183796296296286,60.98999796499797,61.731880002713325,60.867896571021596,63.548658933658956,63.884422907339605,64.08420402348982,64.77090010683763,64.14898193370412,63.01985347985345,61.923793798793824,62.21910485347993,62.03822516514826,61.73182670504106,62.24715133631803,62.32597425722421,61.89627654480592,61.64917554153655,61.76179845982466,62.336960215710086,62.36376824233951,62.08492757242742,61.57741722850404,61.295143976393874,61.398338013837915,61.89315417488478,62.2518706944631,62.389900575614604,62.47896246473801,62.30452770994405,62.43844808118976,62.43931767017689,62.51003780170433,62.593924920395395,62.6026042211755,62.99080306267796,63.57254823504814,63.90159961870477,64.38454415954409,64.58789199226692,64.47443590736266,64.37497008062478,64.21441514988018,63.9704355829355,63.6840444534888,63.49543142043133,63.44538335974495,63.233660735483554,63.109504393943084,62.811970492470444,62.580160725258736,62.66682124855192,62.753859112585516,62.51245336453666,62.3153218078217,62.14139339496462,61.881711043991544,61.64044294626179,61.394159457930456,61.17141627662439
49,66.09640822140824,67.02152777777782,65.93843440510109,62.723087098087156,62.51849409849414,62.487851037851065,64.4097411186697,65.26730006105007,66.32890042056711,66.8525610500611,66.70893643393647,66.44463904151415,66.03584930027257,64.96033308622613,64.07181013431024,62.96264880952398,62.096219085925156,61.62783374033393,60.86930627851699,60.38339438339456,59.82631766381784,59.20291282791303,58.70545225708289,58.43013350461286,58.91134696784711,59.08643201527833,59.13160018993364,59.336876598930324,59.45200009122436,59.583676231176405,59.61456372182197,59.523317784646096,59.44457471540817,59.17146328616934,58.666057910343845,58.41025867136997,58.41206646206664,58.51257872244733,58.726248786825934,58.57278477309749,58.45622487268852,58.49577797643301,58.4963916574384,58.42770400895423,58.36638063582527,58.393652784413845,58.51670271218164,58.77170647639416,58.96832373975251,58.970624236874414,58.9410555675264,59.09866903040007,59.25776641248359,59.25599195043655,59.29542365042388,59.38513385589299,59.3613545080652,59.411285314302745,59.27541355380365,59.18045982566838
50,51.214784289784276,54.56336741961741,53.48953500203496,52.42991961741961,53.540196377696375,55.34088827838829,55.99972091400662,57.00393073361828,57.10872789761681,57.67418650793648,57.59672595922593,58.2447547822548,59.005530118030116,58.69942293156586,58.818172907339594,59.086918116605666,58.860203141085535,58.45724149821375,58.411128515733814,58.75005901505905,58.69970831637497,58.58385757760759,58.45604749517795,58.40709982532903,58.774076719576726,59.200545732757256,59.49773756764492,59.86403206581769,60.13478800892583,60.20941018857672,60.316442159990444,60.35112672339225,60.541674991674896,60.20962436256543,59.98485347985336,59.89250780084103,59.983306108306024,60.13659683396519,60.45041874080327,60.651680148555116,60.86172099129413,60.82378541872588,60.80079010137141,60.72902768527761,60.53221860444074,60.4491549211657,60.52030877908527,60.53613368691482,60.67265829408678,60.62404670329661,60.420025417574415,60.39837278106503,60.40371215088195,60.37911211730653,60.35526630776631,60.491367775742745,60.40747292019216,60.26369845831046,60.09652169864031,59.91010429385425
51,69.4476648351648,67.20524267399264,66.10045617962284,63.65085851648348,63.390334757834694,63.94033204449865,65.30833624047902,66.61015974765964,66.86430776014097,67.36388685388675,66.8267422392422,67.14874084249078,67.37705456936212,67.01006817256807,67.19254985754978,67.213454543142,66.92113678804853,66.20319353999908,65.37759355654093,64.92632936507937,64.18584365370081,63.906176924926896,63.784954256693375,63.32729276895942,63.68519800569803,64.09002183713726,64.16420770587442,64.2470623292052,64.1621845746845,64.13309201600859,64.17942875523516,64.19500915750909,64.18789235455895,63.96895170461338,63.59277123669971,63.40159521548406,63.6511204886205,63.999919804854,64.20726378322533,63.92037393162396,63.91632357028701,63.79348205806542,63.89191477127519,63.95135871073366,64.00017715823263,64.09919296685597,64.09187579559917,64.15335754137823,64.27303020109119,64.18190211640194,64.15335515972751,64.13385861823343,64.05778081108248,63.791706141937375,63.598638306138064,63.40195478298132,63.126823558182984,62.95303925799595,62.629824593171826,62.42368878035523
52,49.73078449328448,50.01262973137973,49.87099782933111,50.08066112128608,50.498663003662884,50.6448243114908,51.8163730449443,52.658671652421546,52.57541717541711,53.22079212454203,53.76736504236494,54.25314323022648,54.34091723803258,54.18429777894058,54.85479107312428,54.945278477309685,55.06163302928008,55.143567415095134,54.908623856650166,55.22855463980462,55.326033490319176,55.376404845154816,55.10761511033243,55.11843584656075,55.526461334961226,55.76153200432036,55.68495360949059,55.35721608087668,55.23102746551009,55.134270621353835,54.84234396129547,54.67967827889695,54.462215870549144,54.3412336302042,53.939805511948336,53.85157670261834,54.070345620345606,54.33274398603345,54.64133767467105,54.73826490638994,54.798510850035285,54.846919879062774,54.76989557600026,54.48310011747513,54.40404490571157,54.43947063403584,54.56773937252662,54.64272137006506,54.67719312999921,54.72975305250305,54.71652481505427,54.71719948498799,54.67641413443304,54.60163591552492,54.704501332001456,54.81035906884134,54.80508732657865,54.744767237870725,54.595579130536834,54.542734364401106
53,61.902314814814794,62.351147232397174,63.11858296024957,60.22212047212045,60.862032967032924,60.65869369827697,59.842525728239906,59.9690387159136,58.9013080540858,58.729150895400885,58.76745985495979,59.55116376678873,59.48702412260099,59.233300991336705,59.40432980599642,59.6127791768416,59.62179906150493,59.46035816035813,58.9275809716599,58.8672247659747,58.64010262224544,58.51141474266469,58.36842760701451,58.41603072853069,59.118303215303186,59.88569784915943,60.331933515729816,60.809401164311915,61.1010150449806,61.324033374033384,61.418059494269144,61.38090182387057,61.07721784388455,60.85641205200035,60.59747674283396,60.58386031406869,60.84833033583034,60.91170501038919,60.704671503709974,60.407063746438766,59.94594488618881,59.53956637498306,59.38089204077579,59.14083555333563,58.93911793967363,58.8191213878715,58.73529375470874,58.78464590964604,58.6410349854229,58.4508922466424,58.33357693504765,58.29679653501781,58.32159396333933,58.09092389092397,57.998731823731895,58.055491689197126,57.95357321366095,57.94490153046187,57.85148520656999,57.79452050264554
54,59.95996133496134,59.94921143671143,62.139307760141094,61.497516025641005,62.49947802197799,62.11256359381359,61.684259259259285,62.01140682234432,61.09787568398678,60.87257885632882,61.14456145706141,62.262997303622235,62.78110265802575,63.128399906971445,63.95770553520565,64.88815819597077,65.04495259642329,64.88946151585051,64.45760635563275,64.57686228123735,63.97941861929963,63.72916574166579,63.591243961352696,63.73612425383264,63.762851648351685,64.11566247143179,64.19520417853755,63.83016018373168,63.666245105469336,63.41799942341615,62.995571737104065,62.62609826516082,62.38753530420201,62.39480012090309,61.99670213384503,61.97694173110848,62.175459937960106,62.361759366364794,62.6601060027344,62.90465290496562,63.07130312099845,63.17890211640235,63.33579521253962,63.36993191993211,63.37057443585242,63.50706134646368,63.62348370699466,63.953339735110944,64.30234045999389,64.39803093203133,64.3875503762763,64.4214731849351,64.5182795017704,64.43656738494735,64.41392903392936,64.39168956043979,64.21734892787545,64.10727302710077,64.0158338679526,63.85102402998241
55,59.39568579568583,57.331855413105394,57.87062813729476,56.34868487993481,56.68099104599096,57.92771418396411,59.05731292517004,60.080607066544566,59.81894247727588,59.99265211640216,60.0182248307249,60.8526200651201,60.882455934378996,60.72122143729284,60.9066195224528,60.821657191188436,60.49683736742556,60.27865085017858,59.91302079986289,59.70031084656085,59.50489975192353,59.250370694120654,58.875070561483525,58.80970780762445,59.24126455026455,59.698541255752765,59.644013702346975,59.45704637624269,59.45123135166233,59.25408051824712,58.85350890149268,58.63628058862423,58.339289260122584,58.1668535576624,57.808521134949686,57.60585331592275,57.53856782606784,57.64086417967997,57.843148304686835,57.77680352055358,57.79776658526663,57.68586739539122,57.58118747101307,57.35491233303737,57.148251028806605,56.949744850560066,56.714936157223356,56.57578421771122,56.56807902037488,56.47896713471713,56.40797062414705,56.314612488650916,56.17377131952599,55.96708129833123,55.93526140526143,55.85559571050638,55.77371348599418,55.699751764837984,55.59696379420962,55.596122981956384
56,66.98501221001221,68.07492623117625,68.5069885361552,66.13811431623924,67.65783781033771,69.12177706552704,70.47110587824871,71.41781962250708,70.97256534617642,69.94019637769638,69.5665593665594,68.67551214217885,68.0175057136596,67.54864781382638,67.70268518518519,67.93059021418398,68.01107879049066,67.5612286890065,66.49799846839325,65.97607320919822,65.37198092912385,64.71967130092136,64.17766142874842,63.51450744471584,63.333386650386736,63.31589727935894,63.376675861861095,63.18715441304731,63.12352848301127,63.00683251933253,62.66827021544767,62.430297841626015,62.2068978860646,62.02361245780362,61.407128176056744,61.16093870121648,61.101968314468245,61.15244521560309,61.03823390522106,60.744473697598664,60.5150747739162,60.42325777176965,60.42135178559595,60.36261146261145,60.45574650657979,60.599451655429874,60.56209462326477,60.704679550773264,60.69959144219335,60.52421001220982,60.46394215805962,60.40417977677567,60.28516013162216,60.02796667495714,59.84655585155566,59.79303447874855,59.619927757427554,59.49091669824409,59.21146068307063,59.06961733482542
57,56.3340761090761,56.335854192104115,54.130408017907975,52.43995726495723,53.122576312576285,52.76970390720382,53.79837708587698,54.06811278998772,53.777318206484836,53.689765466015444,53.42710113960111,53.769575871659164,53.11538500673112,52.46795743938599,52.575609143942465,52.274980285917756,51.774128241039996,51.64027749513861,51.26948835764629,51.1499666768417,50.98084384751049,50.830998168498134,50.96294482490127,50.946624652353776,51.342729344729335,51.46382470805546,51.616235547716975,51.57096415489271,51.59851111532144,51.91410595577266,52.256455879843045,52.459162914631776,52.79741169324511,52.873906336038765,52.965300162800254,53.27702044611775,53.89976776226784,54.36254752800813,55.07282463500421,55.4319537291413,55.84135893465166,56.27443843634325,56.65216301786074,56.92672339234842,57.10750587889475,57.45353183451006,57.91792295568887,58.384692545109196,58.71955128205128,58.967900793650756,59.19358714995967,59.27823134842354,59.33372718301952,59.26760766668156,59.24827089577072,59.41026322387908,59.40852415940113,59.409554422269736,59.40041700295921,59.269146571021345
58,46.318315018315005,48.39154202279202,47.90988671822006,46.583587708587714,48.6224043549044,50.14263583638586,52.731827431827455,54.407886904761945,55.97262074345407,57.13648911273906,58.05501165501163,59.81321140279476,60.773748865095016,60.45622129193558,60.0078225478225,59.58168625356118,58.7936379252555,58.10835905349783,57.3682850288112,57.199724257224105,57.111717977789276,56.9290346227845,56.61081470864068,56.56736810643051,56.75858119658111,57.14345472903155,56.996421034383964,56.8213677030641,56.91905814492014,56.78616690408351,56.56160295797393,56.6570223468661,56.49645015478353,56.40914104958225,56.4027106227107,56.651760135440774,56.94789308539318,57.20952889702896,57.67175743297548,57.84101915445676,57.88909027963918,57.87077773417071,58.07431922083096,58.092277745402825,58.12046171935075,58.16645000530878,58.291196018323795,58.42595305928656,58.576140224099575,58.44431125356147,58.4006509013865,58.516957045803494,58.50116513465609,58.352810940774326,58.30336385836434,58.27472363945625,58.096432944898325,57.98761157425,57.806720766678936,57.566669040836246
59,62.09209910459912,61.545965608465615,59.77245285578619,58.36162876475381,59.049343711843825,59.516313932980715,60.3806296877726,61.72733198514456,63.00242956631849,63.64708943833948,63.41344257594257,64.33039063559886,64.54048871356545,63.93746220710493,63.72810948310931,62.799236556267694,61.77884346046108,61.23894852575403,60.490974498211365,60.32499898249905,60.31284788844321,60.210559810559914,60.08401550140691,60.302703373016,61.110734839234944,62.03777042046281,62.79682860006952,63.61084728763325,64.21159530125067,64.89953161036507,65.5050948901757,66.32261173433064,66.85149680566364,67.27638843999156,67.48010451189037,67.79574670442739,68.23122848122861,68.6803023852367,69.35795842334318,69.81411833536846,70.20635354934146,70.4612070469213,70.45740184664602,70.46783679283675,70.38958926875581,70.29688876944299,70.30403882957057,70.22418546923747,70.22908827755762,70.15816910866907,69.99038710925964,69.93884114461038,69.9611845439676,69.7759944188185,69.7998667073667,69.8404682866736,69.72260664124695,69.6751679753835,69.4712461973055,69.32435812644144
60,77.4363603988604,74.66404660154667,74.2519586894587,74.7150284900285,77.47619759869757,77.9653557861891,78.51132551311126,79.63458994709,79.26467292995078,79.08617979242989,78.59155335405336,78.26981583231576,77.45381836824139,75.88386352404214,74.87346052096055,73.74613572191711,72.69113786540271,71.72441408899752,70.5833172675279,69.90944775132287,69.68717318836374,69.4814921189922,68.9865260745696,68.78834579772084,69.28767663817666,69.64709386055537,70.01046085259046,70.12770655270648,69.97891580003646,69.62669074752405,69.32549693436785,69.38520044770031,69.49524919524902,69.46699810265964,68.99228937728911,68.82076309749895,68.71290590040562,68.54430346700055,68.36172409024942,68.11697611416326,67.7648122090192,67.36512648506667,67.10901210116296,66.77065584878055,66.3778283136614,66.24400835677994,65.89395528624232,65.65837170160069,65.50661707906593,65.29885449735438,65.24083780235726,65.19033853432869,65.24363313136871,64.96914060733481,64.91850445850426,64.82174526862008,64.66224455369164,64.52281921462938,64.25525082262352,64.00172237484726
61,57.69951159951155,56.33623575498574,54.81507088590425,53.875359940985035,55.15751933251945,55.73664275539286,57.714305337519704,59.352235322547855,60.411248473748486,60.706701261701255,61.5651357901358,62.7215265059015,62.97068266491333,62.48894812198376,62.318540564373755,62.493444431725536,62.435481457540135,62.12948350517778,61.419207473812584,60.821262973137785,60.18487872356903,59.72944763569745,59.18672227530911,59.26022100970007,59.76089702889688,60.29637828339742,60.28217300532101,60.425373386534055,60.710250796457665,60.760137023470286,60.66266099491896,60.61001554868734,60.65294936544925,60.63396732624662,60.389305192162254,60.499404055306776,60.54189491689487,60.64511786945991,60.81123516796588,60.87529749186,60.82208361873,60.63786448340023,60.58092599691444,60.48944446756955,60.40829489440613,60.35974080267574,60.24493609227667,60.3101201075161,60.51244964408246,60.41997150997157,60.46817496229266,60.50444197896123,60.453132751245974,60.28568696392786,60.31226458726469,60.291364686900465,60.268512092196346,60.20796501550816,60.058429909701125,59.957540106498456
62,65.530463980464,66.26043956043958,66.27835266585271,61.71595950345952,60.65767094017094,59.52243335368335,59.554591836734645,60.15391419922669,59.6290462623796,59.4047420634921,59.200209050209054,59.45202270723105,59.19748403306099,58.68281876853313,58.81190679690694,58.710852602258974,58.21501771648836,58.074723578890364,57.39417052246009,57.40959757834767,56.974203442060656,56.782848401598436,56.274401665162564,56.10636319698819,56.594027065527044,56.794036269997775,57.02610097378612,57.09475169341236,56.99665224622127,57.093133224799985,57.0245765882863,56.92618602462357,56.910115193448505,56.81292001843476,56.398250043607206,56.316433630669756,56.30329629079627,56.28109697320218,56.46627401563291,56.31604878917372,56.21090624596711,56.01809661898936,55.83667807214302,55.634849178599,55.58276862026844,55.853386066429415,55.78461062184454,55.78712659832439,55.73126064222987,55.6387940577939,55.54008335527924,55.58216653360865,55.64793514486888,55.51072719290286,55.432438394938195,55.4406381730041,55.33146202400574,55.22614846041557,54.9851414671328,54.86378535816022
63,58.842241554741555,59.950450244200226,59.50575905575902,56.30099206349204,57.467518315018324,57.560180097680096,58.563996453282144,59.006433150183156,58.93210837516394,59.76472883597884,59.493854756354715,59.32267119454617,58.825333427256496,57.71121867550434,57.163801722968316,56.69225586334961,56.096745792334005,55.551723533667875,54.94920661696964,54.69743309930795,54.44349623040088,54.57454212454202,54.544442674877374,54.50591910018983,54.970072853072736,55.105413692432826,55.18683410211185,54.947021810861045,55.10870279146139,55.14275657983988,55.2246924521118,55.553650284900264,55.91308167141501,56.047148453398435,56.14668992383273,56.25382198819688,56.64351755601745,56.9015077758497,57.055193299103415,56.88198412698392,56.95245999483784,56.68255300695753,56.47648981079189,56.382964720464464,56.295988445710414,56.36127601263444,56.508861026679895,56.73823058692821,56.96039730299908,57.0684870777368,57.24681761593498,57.42131097179133,57.6205488170107,57.55037459111491,57.67132848632803,57.845441595441095,57.757412494911996,57.631752084122276,57.590813690389425,57.52655592863875
64,65.68270248270247,62.52439967439966,60.349535341202035,57.703949175824164,58.422438949938936,58.33356905440237,58.675758038258095,58.82997240028496,57.79623072400858,57.14626780626787,56.19427655677662,56.39770044770054,56.13061425753738,55.46550635211356,55.33560134310146,55.22198533526674,55.004013742249214,55.162089042644766,55.02703660861573,55.00992877492895,55.00768794697383,54.76926245051263,54.59111478296279,54.50608508004358,54.96088665038681,55.12606563664266,55.15854512428597,54.949556660271085,54.89292345585471,55.00092355175706,55.16016089645134,55.44193217083857,55.618855527189005,55.90218493380273,55.65830193615925,55.59343612920024,55.83220294470315,55.84037497590148,55.83329067656009,55.540598290598446,55.40675732352581,55.33953221602052,55.243524789164496,55.21999771062288,55.07691471080373,55.17890853108256,55.1634335030613,55.34847904795838,55.45458093493823,55.39305891330904,55.28579598506077,55.207024768322924,55.21364392071947,55.008945152926685,54.988438505938525,55.086816275655636,54.94666170411784,54.901766504568236,54.75654356628932,54.68305759055755
65,64.1578652828653,63.477024827024856,62.02667887667888,59.788661223036264,60.07301790801794,59.86307573599249,61.216686289900714,62.637798890924,63.92060891783127,65.27781695156699,66.53016381766389,67.83275505358849,68.17013986725533,67.87027443456016,67.57105786189116,67.75573552604796,67.54658359070116,67.46489593225694,66.52735015958689,66.1072990435489,65.63042715661747,64.75599678099664,63.961577613207915,63.477975130579175,63.45862393162379,63.76603131555034,63.96000504981964,63.92060494069401,63.82213415575458,63.605653574819954,63.45138199613984,63.402075543090966,63.25396177896154,62.976115360673965,62.650346822489446,62.64850851309158,62.7643488268486,62.869066228605476,62.948827656199214,62.66564687627164,62.31701745634646,62.09056025544097,61.876929465882725,61.677508718133474,61.50894507755596,61.242662711684225,60.958450237705335,60.890764800400035,60.73813251185678,60.532925315425125,60.40061518909532,60.36744593547453,60.40174309443153,60.178193163146624,60.16980482480461,60.16939538635943,60.208690529742896,60.17262571400472,59.99468407455666,59.74976860331003
66,47.6260938135938,50.242544261294256,50.15254884004884,49.28976775539276,49.189096459096426,49.33776539818203,49.825186057328864,50.7260861823362,51.15642778003892,51.543909747659775,51.66754403004406,52.5409963878714,52.65965295388368,52.55337555962548,53.149123592456874,52.981874491249386,52.99230260480244,53.085366074254814,53.04959166077571,53.28889041514021,53.40454047715929,53.46660631035611,53.345743749004484,53.51015911172151,54.35467745217732,54.90857714223088,55.21195205685938,55.14612368451641,55.25170747196595,55.48055742097393,55.38689737681661,55.419533952736884,55.35497974247954,55.08272043860261,54.88599293563562,54.95479101659641,55.29668487168476,55.603459503459334,56.09981880654937,56.302272715710025,56.49141576580581,56.59317050894411,56.72179179562884,56.7744874338623,56.832008999231064,57.01659964431691,57.22519191801098,57.40721429419338,57.681256904471105,57.716640313390215,57.8743820177642,58.009080218214656,58.13488271860895,58.081401777235,58.23269998519992,58.29962288868532,58.29550657269954,58.23215303215298,58.16586637624763,58.16933836996323
67,59.850824175824144,61.78412698412694,60.89818376068375,61.184411884411865,59.99970492470493,59.457672805589525,59.85668861561719,60.58031199124947,60.77954992538324,60.61940730565729,60.443383005883035,60.66986204382044,60.02835892739741,58.98905859352291,58.74034221950896,58.57841307997564,57.70780273647932,57.34317369872935,56.41626930574305,56.10015669515675,55.674868693916345,55.333675352425345,54.76303197607549,54.33985127526792,54.82468009768003,54.9694841661187,54.90936590843984,54.88441224780494,55.07186311453539,55.045717846967726,54.9524840153871,54.94150354853467,55.118651410317895,55.134238011443806,55.04266730623864,54.94516814204303,55.20703904453896,55.34640353554813,55.480844108408036,55.32778439153422,55.255914286706826,55.255821559392885,55.247471864913656,54.96932500369998,54.73737428209651,54.44630713489414,54.353184778184826,54.430854340489795,54.31882397647706,54.15659279609284,54.11601985523558,54.15263620816511,54.18060787046639,54.015792086856955,54.01153577903588,53.9703818172569,53.87948432334408,53.84525388404709,53.76681411808546,53.6078645197397
68,67.30622710622707,66.68853021978018,65.12780660697324,63.69076363451356,64.45831400081391,64.9258937050603,65.18385952671663,65.33648377085878,65.01797924297924,64.75038308913304,64.15174686424682,64.29855514855508,63.90336284086277,63.12097214954348,62.91820037986696,62.43891941391934,61.61086691086684,60.78261034233244,60.215505376689464,60.10230336792826,59.78347965967005,59.32700910200907,58.80942095344264,58.87060757529509,59.334390923890986,59.585193403462696,59.79922406126115,59.46810352346065,59.269930388895865,59.13955653913979,58.85805631047563,58.68419502950751,58.39955337872,58.01615896358541,57.630834641548866,57.510230124813376,57.52749383999378,57.60124737591833,57.843238314392046,58.01883597883585,58.14124762996705,58.30688630152906,58.50403214356695,58.61614138176626,58.71821405960284,58.97162034825068,59.28302202131973,59.607444079839766,59.76461307966399,59.77263176638167,59.92243859082085,60.25914527957786,60.42989619569796,60.61838511282945,60.77216024716012,60.85500228937719,60.88180583224424,61.071766276507454,61.13591235349688,61.163276692443155
69,59.02811355311359,63.56555504680507,61.037109957943294,58.04097730972732,59.33057285307283,60.57047636005962,61.98235798592927,62.85641407203892,63.84330314746969,64.508348087098,65.21039793539785,65.81249872812366,65.95994137628755,65.79275284900291,65.71733380816713,65.08802401302394,64.48323128396657,64.16206275720167,63.18408440974226,62.65620802808305,62.41518935209413,62.23486952861955,61.904974252800315,61.685007758445145,61.98862026862016,62.38265865188935,62.39002264881898,62.189884949706396,62.155037507192695,61.93477920227917,61.79527567713051,61.803602112586546,61.69942064108736,61.655719552778386,61.57668280132561,61.62326685660014,61.957375782375735,62.18626574448934,62.31751797585128,62.119512617012596,61.94493942146375,61.94497572533281,61.924958945017,61.73740067802559,61.63649165649158,61.69649116986063,61.80044477783828,61.91050474409834,61.987282067894185,61.899177960927716,61.9829677312518,62.055974394195374,62.245323526927216,62.2460849764089,62.47096838346827,62.63503074306632,62.87957464887272,62.964942090157464,62.89649962404189,62.92269976936637
70,54.02050264550265,57.52372049247048,55.100440917107605,54.34065806878312,56.06903540903539,56.634623015873004,57.26374280481421,57.25786973443222,56.87889646361864,56.61486060236056,56.93397528397531,57.67035425993764,58.27776760276766,58.19465630269206,58.19359517026187,58.235695207570195,57.623108046637455,57.14274239135351,56.635188130582826,56.16962912087911,55.79636267612459,55.621422790172765,55.29729941958199,55.29985627798125,55.90631583231582,56.61720144172065,57.23979484164672,57.67399321908254,58.030064523599044,58.55110805860809,59.15816610211776,59.91763281567979,60.57674470591145,61.276772546625544,61.65677553927559,62.34011596685215,63.03150458150465,63.477720744168124,63.88210580966993,63.78255074786332,63.59696623385655,63.5074616741284,63.5188860020256,63.4018094174345,63.2143575046354,63.24235259507012,62.996598623992476,63.06481672262943,63.05169092056868,62.959897232397424,62.71322232596768,62.621870499514976,62.57460807012721,62.302392540587164,62.20928275428289,62.208514848247134,62.0925293111697,61.921206212370116,61.67160594427555,61.50834681522186
71,72.62243080993079,75.18864468864466,75.76271367521365,72.20009666259666,73.59388074888075,73.28435168226832,72.91206320134894,73.33070945258444,73.28658933658936,73.6246886446887,73.40630526880528,73.77576058201066,74.02574512382208,73.81493909529625,73.63577601410931,73.6164374109686,73.20281877708348,72.25730622258403,71.26424501424505,70.85111161986167,70.00943320348085,69.36245236245237,68.82991652067749,68.25549726122648,68.08664713064726,67.93760292414152,67.46713848565706,67.0179612550149,66.65647463966438,66.53444122235796,66.39197142463276,66.27446787876481,66.26657632490972,66.11863867341809,65.8375261643119,65.75533537964091,65.70445789195789,65.6171522556391,65.55760868998047,65.15286273911265,64.80669602529349,64.41598070139727,64.11338759216652,63.77965888278374,63.53330179080165,63.261679031515875,63.09496921518187,62.92310776607636,62.81830619305103,62.5004177859178,62.25960121940515,62.06299133558739,62.01952958816162,61.712888628860824,61.55809810559803,61.4145747027443,61.107204531985175,60.89182543191154,60.56294028476223,60.357782865282765
72,63.247797110297114,64.01001475376468,62.9140957807624,60.487293956043885,59.83941900691894,57.926840828924135,58.2197802197802,59.600342770655296,59.96569043096822,61.083595848595834,61.953389665889645,63.49413029100526,64.00942519019443,64.16571348624925,64.11622710622711,63.530049666768434,62.48041579879818,61.84637063039843,60.949856478803895,60.30101419413917,59.96095800143413,59.83538059163053,59.56791022986666,59.13802549687957,59.098878917378734,59.2117041968002,59.07310650597669,58.77010491162259,58.65255726074665,58.264364061863745,58.016153813330924,57.91653200676607,57.87150380483692,57.82173262467363,57.53463035641594,57.55398323384418,57.73728041228027,57.8756189351583,58.28008959226894,58.31718444749681,58.354413348620575,58.37244934298502,58.318339745955974,58.38079339641835,58.44431273459049,58.41966851586413,58.60332668710324,58.779286858974366,59.00423685347155,59.123597985347956,59.32538665038665,59.51545828637168,59.52620929036015,59.43417380801642,59.439638602138636,59.42393462192579,59.25074099065335,59.09111133917179,58.89042255610063,58.69363603988622
73,69.71196072446074,66.90795177045177,66.72056708723377,67.31825905575901,68.36600834350833,68.52905898114224,69.66583449619158,72.12278947903935,73.2976292226291,73.62772995522987,73.5751581751581,74.18798543277708,73.98628017281858,73.33062678062672,72.58079195495854,71.90098792989414,70.92587415307997,69.60866232532898,68.59603201379518,68.05935236060235,67.66962589879255,67.01690809190805,66.34453402877317,65.9798333418125,65.82800305250308,66.10606078394537,66.06666063703092,65.74609479475545,65.55779212805068,65.33181488264813,65.11307784211004,64.7476468699124,64.34652523402518,63.87510713687177,63.24780365137492,63.01066482385917,63.04517044517033,63.204455851166266,63.3708539442512,63.274238018925345,63.21970514805864,63.10122511967734,63.128476658999816,63.203606925481836,63.30972154388814,63.47716362743523,63.71781308722779,64.07768079721188,64.62828632063308,64.9662889702887,65.27479560200133,65.59029049654035,65.71346557006919,65.82003610244332,65.94073926073897,66.1043971488165,66.09948982141931,66.10552117103809,66.05056747238918,66.1764195835026
74,76.40633903133902,78.97490079365079,78.14407644824308,76.48624338624336,77.31336792836791,77.95991978700307,78.1337890284318,78.57268454924696,77.4610704110704,76.36214234839235,76.30188653938656,76.36121582892414,75.94806439998739,75.20960121227961,73.94228835978817,72.92318344271445,72.12461903564821,71.5538701781755,71.0112511513825,70.65119887057362,70.40129658701062,70.14819948569924,70.04911012900114,69.98114655406282,70.4482297517294,70.64930144641652,70.67272965374787,70.57662218733611,70.65652761988936,70.86453279744921,70.82626826578421,70.86473452762493,70.87160062160045,70.94046003016577,70.8250821268677,70.86314187355836,70.8196643071642,70.88514381573587,71.09471395176514,71.13073145604388,71.07923205971977,70.99077586875202,71.08922454591053,71.28284377659371,71.41563582508027,71.49155916547217,71.42245635570102,71.41724908000948,71.46457912835459,71.1904540089539,71.00057069836464,70.89542956153518,70.68094249391403,70.4011156710229,70.29118557368551,70.17135471175644,69.94837824618517,69.63515790563193,69.2815074363802,69.02322056030376
75,50.363792226292205,50.77950244200244,50.91596119929453,51.12222603785104,51.78944647944649,52.36936134852801,52.79937859759285,54.03466435185177,53.38014290236501,54.02817765567757,54.548765123764994,55.792096136887665,56.48703586299727,57.08101924530483,57.20377492877482,57.49131403897021,57.35978237448817,56.72908724505931,56.27057146070286,56.008373015872856,55.89471165959244,55.4726255226254,54.956593848985065,54.74891148589056,55.30269576719573,55.99740889452421,56.308333144907145,56.16612648264424,56.196899253364684,56.07329500746162,55.92713724447593,55.64188558836994,55.5325663533997,55.553452171466866,55.18939923832776,55.16273190544016,55.18112095612091,55.315561071482044,55.703005802364686,55.98928189865686,56.156774447323244,56.22635497218832,56.27025063652971,56.531358456358504,56.76685535657765,57.13374962396709,57.226357389655355,57.44848975291694,57.69678189346567,57.91653907203917,58.09536498360041,58.40393088037341,58.63412189662207,58.69547447579869,58.939798534798726,59.060600089394924,59.17455488793231,59.230394772851916,59.25993624235165,59.37896545584059
76,63.70983923483925,63.25677146927146,61.919714082214085,59.62424196174187,61.55442816442813,61.42735551485553,62.21601691958835,63.07272842897841,64.41389623750737,63.813965710215705,63.46270488770486,63.93372973477128,63.830087113740895,63.139726873655356,62.483235992402626,61.916561736874165,61.37122926093505,60.33299190521407,59.2069331983805,58.84036197598694,58.510101362482295,58.080266492766484,57.915407840951296,57.86847569868403,58.40347069597068,58.676281464262196,58.90618979785638,59.10928378830158,59.18728228986841,59.34446750780077,59.44766467105169,59.43242887031937,59.25295861545843,59.21194082333766,59.25730158730135,59.39475916316174,59.61828930578914,59.59753162286047,59.92434827755326,59.86086767399251,59.90672679849494,59.84738187297701,59.93354984808467,59.919950998076,59.89784052367387,59.97645392047562,60.1344076628651,60.248325468898344,60.324103145531694,60.20927370777359,60.09237273256866,60.15442133543088,60.16716447423989,59.94424037896249,60.044787249787134,60.19315294493847,60.1672701161734,60.204649628787365,60.03538851293076,59.905027387735586
77,48.36489112739108,50.69103835978835,50.359998643331956,48.45794159544157,48.7953317053317,49.355517399267406,50.881985144485135,51.85744810744808,52.2226925338036,52.094831603581625,51.91697099197101,52.9282504917922,52.64128549513168,52.87067998139432,53.47742979242976,53.63349549755798,53.726730050994725,53.878024239135286,54.0914653085705,54.683186304436255,55.45623074015924,55.88026626151619,55.93104484082735,56.033896774521644,56.42780545380533,57.307608559531516,57.55843018435611,57.482276404151364,57.71458184216794,57.839363044362884,57.65692524321544,57.47035065628801,57.131940744440634,56.6709015657544,56.25563840920972,56.07369208723359,56.25610596860585,56.437709792643865,56.83609350051644,56.89529825498561,56.854657797035685,56.917560129464725,57.069589142554086,57.154181929181796,57.22602699769352,57.265553830227596,57.25230117597117,57.40882862315131,57.61526822572716,57.59831857956832,57.629947947839796,57.730496951410124,57.872672226445566,58.01656369179489,58.43246216746194,58.674161742688334,58.81778359716933,58.94219006568124,59.004659378599825,59.07754917921559
78,63.17501526251525,66.28471204721203,66.56972425722425,62.5181407712658,62.56057590557593,62.41348867182202,62.60939371475087,62.7594443172568,62.483684936462716,62.29422822547828,62.34999491249498,63.15582052977894,63.762056213017786,63.19307263503696,62.85828584995256,63.07409251628003,63.011265831118806,62.70724912947141,61.8296692586166,61.51547161172158,61.10241220419782,60.77218776593766,60.419108890304415,60.194865435490364,60.479265160765095,60.78080014714619,60.75354938271599,60.861231394267016,60.69366377556017,60.584397808980924,60.391446098703966,60.36619464158509,60.47644068894053,60.32881652661049,60.15092403628102,60.17480695744571,60.44775806025799,60.6219606173553,60.61618909343263,60.33700524013018,60.28059551108327,60.267597437835455,60.342917128091436,60.37898779461267,60.2812689368244,60.494043637521834,60.62318570908987,60.685634263498784,60.91412312177609,60.941155575905476,61.04064328010399,61.123140810400386,61.2445062624307,61.19893322555349,61.24141830391821,61.49158544828181,61.59168915879435,61.628449942458474,61.52302380607461,61.54394841269838
79,68.95039173789175,70.28596102971105,68.66831332247999,67.69630647130647,67.11147944647946,66.31738061321397,65.57255436362577,64.3268308658934,62.79152139013257,62.07583333333342,61.28778120028124,61.60519773436444,60.980959033843554,59.99555715448559,59.33808370641694,58.538392857142796,58.237473066149484,57.565032164337616,56.9561309791572,56.58158730158722,56.501708674922874,56.42829161579155,56.108995151386445,55.89845149063898,56.4001811151811,56.79993092733475,56.757465065798364,56.58990457294026,56.529327010792535,56.63740079365077,56.69765564483303,56.61516362688233,56.45486935903592,56.275444707797526,55.88320948892366,55.94477852394503,55.8936150436149,55.86319645267001,55.942661600033276,55.79666425010165,55.57408065060492,55.434985197782666,55.38456604764736,55.33111795611789,55.368892958892914,55.557951438657916,55.81843354635904,56.005827631087996,56.255864335966336,56.39766330891329,56.7096809236515,56.99047433158014,57.14521745724585,57.21689551018263,57.37476495726504,57.50373731757667,57.62903849724028,57.78120289672017,57.97421695536107,58.0382640584724
80,62.055402930402906,63.330563186813166,64.08908390991722,62.73054410866904,61.302467439967415,60.8069274860941,61.92298970870389,62.35677592083831,61.170593090037535,60.38411324786322,60.333621471121475,60.70267772351102,60.42707648476879,59.55931558520844,58.92716693800029,58.21393531237292,57.336719816131634,57.145579523357355,56.41747718655615,56.36778871591377,56.402247950462296,56.07281376031382,55.86956853532948,55.809992495930075,56.48632132682145,57.091912040950625,57.638319842023655,57.98270557154488,58.170113363647864,58.22452058743723,58.344165124003844,58.594161451973974,58.548973557306915,58.32151446048512,57.88234752020473,57.783664162483674,58.20447067947082,58.424078893815874,58.81369778132618,58.908685897436136,58.87022705162969,58.937789987790055,59.21460102128717,59.2942084535836,59.44638165332622,59.81281199677951,59.94377018765335,60.155819469882125,60.48932911381911,60.650133496133556,60.79118125882836,60.99549736232436,61.24001178765332,61.15590791238951,61.20459623709642,61.236631308506475,61.263200915394115,61.27397451686259,61.21291269151452,61.23690382919553
81,66.53454924704928,66.9827584452585,67.02198819698825,66.31348443223447,67.6188878713879,68.67064000814004,69.51149340077914,69.8865155677656,69.8454783385339,69.42721560846562,68.95657721907733,68.5568253120338,67.27609537898005,66.12046994011278,64.97609110025779,64.14667754120889,63.2435206133736,62.55866571699907,61.710576923076985,61.155045533170586,60.815689623427765,60.24122636622641,59.6486215073172,59.249132368403224,59.45968966218969,59.654514573745274,59.45638368832807,58.966901418687065,58.90062453510715,58.511075668158924,58.17015423346059,57.84930889423062,57.663712984546144,57.37880650123281,57.049534565962986,56.95720150477079,56.93456918456909,56.74236874236858,56.9316892864968,56.72805530118007,56.65730739450231,56.655121542918955,56.80893981126516,56.923043969918695,57.144840591506984,57.408138902160395,57.59938008209258,57.831652654829504,57.8825910767235,57.84061691086664,57.900138160677066,57.947342169938004,58.125423030847266,58.00600325600299,57.976450031449666,57.927630966916276,57.702664424593834,57.50811176371476,57.24306642039647,57.07384496676116
82,58.22369759869759,58.65557590557591,57.969585198751886,56.493671143671115,57.05704314204313,57.45348409306744,58.532310744810765,59.802118945868955,59.90660810383034,60.016715506715435,59.55305389055378,59.63775310337804,59.426590823706114,58.19837999302271,57.30398962148957,57.02375069953194,56.204187016687,55.59595288970277,55.01372608872603,54.92043523606017,54.73072949977708,54.42302928552926,54.30834527791045,54.226353488332656,54.79224481074481,55.44385409818101,55.80341032424366,55.999445825338626,56.259145755266395,56.4243494776827,56.281677268370686,56.25701741834544,56.262818816985416,56.23033784026419,55.99272239665086,55.94238188509016,56.1086377586377,56.25177661032917,56.35913507195556,56.31605425824177,56.27281113195753,56.34453880555074,56.306101338368784,56.3894329050579,56.50177474788583,56.55034141583052,56.53033322075869,56.504571759259214,56.51765727658588,56.44290649165656,56.30644018291085,56.25015145111308,56.17794912110951,55.852026617072866,55.73839382839365,55.658085680853354,55.517137930295696,55.43678985446207,55.31047844967311,55.16658145095621
83,71.0690272690273,69.4370472120472,69.5770807895808,70.17884615384618,70.86713064713065,71.65528846153846,72.82928876678872,74.51129108160356,75.79005958033738,76.65379680504681,76.2783142783143,76.45733618233619,76.09296945931564,75.53092585324731,74.95159137159133,74.37949830840452,73.68700262156136,72.83607889024546,71.58520098322718,71.07455891330879,70.19267568850888,69.32104839604817,68.26950682168057,67.45133949769348,67.55321591371572,67.31908557966231,67.02844216825673,66.73775383016421,66.53457556173039,66.13409221950859,65.50708689458658,65.14027173636512,64.76752522169159,64.38592047930254,63.95549116227659,63.56623846832151,63.41691251691227,63.346707714799514,63.355005974556995,63.12695245726476,62.87840800798102,62.536553118398196,62.27155445760083,61.88247308247299,61.576999954777655,61.333712463060195,61.245421353665954,61.130839607922894,61.11809542498317,60.98592124542122,60.89219676474571,60.654318313452805,60.44184530528861,60.222799654049524,60.148136493136434,60.08668454561313,59.95693632228716,59.837403775981386,59.62272036657627,59.51773784086272
84,70.29115282865283,70.7417251729752,69.93710317460322,67.33566213878727,67.10928367928369,67.02156678198344,67.52569698819703,67.02787952787956,66.93347239180575,66.48940781440783,65.4879453879454,65.3764910629494,64.737244450706,64.00868037385895,63.82537579704244,63.41415471102966,63.037852833441036,62.54584294306521,61.927460478118455,61.62903744403752,61.7168386727911,61.418381387131404,61.274559599016065,61.181591710758326,61.476344322344225,61.9179086049277,62.32697300984327,62.539564800278946,62.91955251006956,63.40151624609946,63.52727444300012,63.50340131511992,63.37883628716952,63.44324588809874,63.26608974358964,63.34134784968107,63.50309609059598,63.62041267699149,63.824309795143044,63.737748524623484,63.54129316934195,63.36695713898098,63.11790588825476,62.82378905816402,62.483287319676144,62.4208657385287,62.26520341360756,62.12242105887925,61.97261219506103,61.84138339438315,61.730773220969056,61.67251455809122,61.59493937229761,61.34147249355561,61.27580317830291,61.24758143642043,61.25414988682501,61.30114854813099,61.188800159350684,61.16731473002266
85,62.44848392348391,63.80791361416361,62.144573327906635,58.72888812576308,58.212828652828605,57.5501534730701,58.29182510611074,59.18215303215295,60.36893682449224,61.325007122507024,61.72292661042653,61.77723977411472,61.471807786230805,60.908923847316636,60.50774148690818,59.94086697446078,59.346498300174865,59.09660493827173,58.407458282458364,58.313314255189326,57.8778029730411,57.54513981388983,56.9727214613084,56.779809388142674,57.21415689865683,57.659695806330326,58.061807157177505,58.267882216989335,58.590011473201145,58.923048263464985,58.963947969593185,59.066521672771756,58.9823404990073,58.742239609519196,58.4053122274553,58.38200535318609,58.49644218394236,58.67166862133984,58.787569398787554,58.578124491249625,58.48427911293778,58.35349027075229,58.25366974756523,58.12714750527264,57.87883541355774,57.60984155739598,57.4733235047065,57.33884840082749,57.32095335692268,57.18384310134305,56.89424832611101,56.81665296953749,56.76810537470902,56.585773545727115,56.49965636215616,56.45284064480471,56.22205736920632,56.04937318428675,55.83097842207993,55.69239621489598
86,85.99407305657307,84.7517831705332,87.40663919413926,86.84074837199847,85.5564265364267,83.93145180436859,84.06426100354679,85.10866465710222,84.76531508614855,84.74438746438756,85.1675273800275,86.22229090354102,86.43048746125689,86.05537422233863,85.56643026726374,84.55463090150607,83.03141115420537,81.91130584950044,80.58211393869308,79.63242953805472,78.59435044673147,77.54627432752436,76.67672422183297,75.916407627866,76.01339214489217,75.97028173037792,75.6454545968435,75.16817983603694,74.77956436921949,74.2323278727445,73.73621401000428,73.10604618182738,72.36796305546306,72.05571536306833,71.33115966044541,70.83783831908833,70.77925590425596,70.95510410642001,70.97519476013072,70.58702126577131,70.43285820999243,70.1681608184585,69.85507685682106,69.41152065527066,68.96184348573239,68.79058114791808,68.66729935745889,68.52475696564231,68.37536463914007,68.03270054945044,67.80091964136065,67.56064746329155,67.48877322014098,67.11805583819456,66.82117549117528,66.6311942191404,66.37344117059006,66.09747440458624,65.72469862999502,65.3882104700852
87,53.26135022385021,52.203060134310164,52.12798806132142,52.36877925315429,53.22129120879124,53.38161290869627,54.06760785510789,54.33136319698823,53.844416180527325,54.27070207570204,54.91169016169016,56.298345288970346,56.44990294605686,56.23881293970581,56.40083265499933,56.58088974104601,56.65741429050254,56.72981673676119,56.48624633164104,56.81131206756197,57.11887488613671,57.30652218152214,57.368787935092236,57.90944834486494,58.51671815221807,59.48102106227101,60.285321794118055,61.15701494272913,61.6436923708474,62.03054945054927,62.33440975094192,62.722574372964985,63.05088430088426,63.19751639972233,63.521763183906074,63.97277986930768,64.52277909777908,64.81572199730095,65.27017339260931,65.4791918498169,65.88718718047998,66.30409314010515,66.48999228592263,66.9266763329265,67.13897650703221,67.43974016120768,67.8256931996295,68.34690139143281,68.72535996694178,68.866223850224,68.93112824902053,69.19384901067608,69.32542754240879,69.22980891707753,69.2628651903653,69.1809505639864,69.08294936058105,68.86785986204106,68.60116141705147,68.30423263464955
88,62.989051689051735,62.49672619047622,61.4322598697599,61.13057336182336,62.172006512006554,63.568478666395364,64.62582126867841,66.50052528490035,65.99412336634566,66.45904660154672,67.01318635068648,67.14720017636698,67.10601069158767,67.20598872027446,67.39165309998651,67.55237713675221,67.62642569848465,67.62457321485118,67.26624038729322,67.22816315628836,67.25861508421048,67.23883061383077,66.64997080214486,66.46134004884014,66.90320512820526,67.61664377289387,67.81016182034706,67.89995693790343,68.29724292310506,68.65850427350436,68.97951081176895,68.94791412291417,68.84753363920035,68.72977342646469,68.07050235478822,67.44534196513374,67.23541439791443,67.03964920313607,67.02921101927517,66.83159302503059,66.54293022921074,66.14723905944149,65.98236576085422,65.75317668442678,65.6544095102429,65.6380199209004,65.6435532650959,65.80340884038814,65.8168852217322,65.78505525030515,65.77978734228738,65.79161393271974,65.89740930802253,65.68446860067233,65.59452057202058,65.534757562213,65.2779227270456,64.98231828835291,64.6864348144011,64.41086038190221
89,59.745955433455414,55.83282458282458,56.08958757292093,55.23922339234845,55.73589540089538,56.25092592592591,57.175602505959645,57.616957926332866,57.73613428752314,58.50844831094828,60.18921263921261,61.652539512956096,62.08350239504078,61.72639652014647,61.7561457061456,61.899694431725635,62.10334907467256,61.8688639035861,61.938672536041004,61.80622074684577,61.733873577921216,61.90038641913645,61.98792226292229,62.025631486568955,62.59420166870169,63.24958047650356,63.78831456609237,64.14888329263339,64.4479207893001,64.8216049382716,65.14892292593909,65.42877015923898,65.74997779997786,65.77407527113408,65.65429458108028,65.5948237462126,65.73724864974865,65.96506048775787,66.28297368585831,66.30494047619051,66.47692543454744,66.61123866213157,66.73710423942987,66.73001755189259,66.86108442997332,66.87843749447012,66.95770789494199,66.91692623541584,66.91902851494683,66.91091880341875,67.00711861667739,67.09675788954632,67.11365092803763,67.11227699769358,67.21807821807815,67.26190494360138,67.16546146348783,67.00342494351119,66.81977659816648,66.77177723511059
90,59.442022792022726,62.21564153439151,60.63548365215027,60.089780474155425,60.54344220594212,59.82452516619177,60.87989854061274,62.774835292022736,62.7190651426762,62.56621184371181,62.55262145262141,62.14018196309856,61.08740764221528,59.67254019129002,58.78642144892132,58.2330179080178,57.78576935047514,57.06818641749194,56.34011042563665,56.06951465201453,55.79918575692373,55.42323440448429,55.20457499424879,55.00450943732184,55.66256634106628,56.026961428884455,56.47311046292525,56.69264419442989,57.004175964520776,57.060509768009716,56.97639118647181,56.87707840481279,56.758223104056434,56.68018626253922,56.558913163556014,56.44718731628453,56.53020259270258,56.670080784225526,57.054037652755575,57.236317409442364,57.44141651031899,57.45386759404616,57.56264233182835,57.475139906389884,57.38349409849402,57.37174764647583,57.303572835753656,57.48267238163067,57.526569443406146,57.51888074888068,57.48982169790993,57.71021815613153,57.78214372105876,57.72863238441931,57.740899933399845,57.812132064364114,57.84251958243179,57.76897709570113,57.741139463173205,57.63467643467629
91,63.324806674806716,61.84431725681729,60.16170634920638,59.58568503255997,59.529525844525836,60.46261955636956,61.985821123321166,64.05513011294266,64.24718208745995,63.89589692714697,64.98527676027685,66.77932522724193,67.79952255721506,68.14849918599933,68.71924162257501,69.50669038715917,69.75994936436118,69.49412477954145,69.24164363901207,69.03289148351645,68.50956039110797,67.83576492951482,67.42632739643592,66.6565153981818,66.61219963369943,66.98416964090022,66.81795813925417,66.49910042008241,66.3883873310595,66.07622117080427,65.49406731261548,65.33641032000388,65.4256114256112,65.12453748593434,64.54885371242497,64.26806601320474,64.2076126951125,64.04689528307938,63.94864333197657,63.64011599511586,63.370166373824816,63.187526164311784,63.05177009682816,62.71823535261033,62.511894021616165,62.25479840208093,61.95627733180917,61.76163342830004,61.65030452351871,61.515392043141986,61.47782386458847,61.41289741241651,61.351028731924885,61.20190395167244,61.16375550375548,61.10993199095875,61.019228180851,60.818689213085754,60.529191328131986,60.28427197802204
92,65.7442358567358,68.13482397232391,67.83388108804773,69.2173611111111,70.48032967032965,69.18634937593269,68.5903540903541,67.93799921143665,67.26058370641695,66.85898351648339,66.52228234728221,66.97125305250295,66.28558475000776,65.03502601895454,64.35037986704644,63.975557081807004,63.473375888817,63.077995127300696,62.36772245785406,62.249827787952796,62.19687724092488,62.05830072705076,61.76928297145694,61.72595560303901,61.87719088319089,62.440671276728985,62.55029733640855,62.23024430926224,62.068632022511416,61.533771197937924,61.05449193876619,60.6923518900082,60.38610078193416,60.16335589791477,59.93978312692599,59.77739706281365,59.95388341638334,60.25945860912962,60.47721463009915,60.57066430097674,60.68997587778074,60.60035152237531,60.603217906124854,60.566850510600474,60.59017602767604,60.766734573799816,60.92088269295718,61.02303187745891,61.39519313830538,61.50079375254377,61.674591702778,61.784693262577825,61.93742579921813,61.98269409774033,62.0459385059385,62.10385396680038,62.07763024013024,62.10085268339586,62.05946750205229,62.02621336996343
93,67.05955942205945,65.13997252747255,60.78596526929863,57.683693274318294,57.581096866096836,56.48053690137021,56.931469852898395,57.91661515567763,57.810429385429316,57.81655118030111,58.27886049136046,59.29305385972055,59.437105914029,59.499502878074324,60.06014177180842,60.20429512617006,59.78675333381214,59.24077041785379,58.487495180258385,57.91809930809935,57.53812212919364,57.030129361379444,56.538208269186626,56.2110598121016,56.68994831094842,57.065555242478446,57.11753549948006,56.914558440897906,56.822900790142334,56.66178350970042,56.549850821222,56.45215646621919,56.35579867663227,56.3773243912953,56.12747994069451,56.04407729616094,56.172389697389974,56.1143866610974,56.06380122726297,55.845618640618824,55.59598211183593,55.32753939182531,55.122115266301535,54.98441385003906,54.85840761090781,54.80226006883633,54.82141330891353,55.100994289275725,55.21806708031216,55.35994088319109,55.4113518199305,55.420804373689236,55.453372055966646,55.41899655557088,55.38471463721486,55.38297675373586,55.35233293347342,55.30794045513881,55.23641463683844,55.27879731379734
94,67.70148046398052,63.833959096459125,61.75158390991733,60.41100936100944,60.81014550264556,60.98109991859997,62.070274434560176,63.22173191391948,62.79459650431883,61.72337352462361,61.90086487586496,62.51368369285042,62.95366222097008,62.94510218617371,63.19711368878042,63.624281071937375,63.82789209700985,63.75329076787425,63.37039072039087,63.26618004680519,63.164393036417025,62.76455350205371,62.20858903576316,61.68639516347868,61.81819149369172,62.01175252809886,61.94025064441745,61.842141984999216,61.85173413751007,61.826923246506645,61.88357622067302,61.81330843635537,61.44857102773779,61.10694609040208,60.71942700157005,60.47811821666011,60.38400323400351,60.28566742711506,60.39596482577276,60.384475096662854,60.21676196432318,60.1372034711323,60.25383183784374,60.37989637677158,60.47919221724795,60.58122976057779,60.526103122645914,60.56928387006533,60.51395596089493,60.36842887667909,60.30095126369661,60.25641671362849,60.15500168943586,59.879228470432395,59.736081788581934,59.725721971481015,59.644605548772326,59.41267753638454,59.112398249898504,58.923518348935275
95,72.73471204721204,76.25016025641027,72.76112467779129,69.51563263125762,69.6765547415548,69.93350970017639,70.30098988313273,72.23465481277982,71.63575668158998,71.41020960520962,71.84740629740631,73.32652074006238,73.6471373000219,73.88905641316347,74.0553222086555,74.026787304131,73.5627962723551,73.39834119070228,73.00146787909941,72.80520171957669,72.59216693800022,72.26246669996657,71.72879240324875,71.54552575125477,71.97238461538451,72.33866386462529,72.4457076531149,72.38492626751545,72.25134415393028,72.18373541581863,71.95196870035569,71.78307307565107,71.56372254288907,71.47505356843573,71.22878452235575,71.19091555306812,71.31525632775613,71.11285599147422,71.14499859115223,70.96556318681294,70.83446710245468,70.86007265441764,70.78185878505613,70.55354703167171,70.41857244607219,70.30422882270683,70.12735908693341,70.01583570750219,69.9105892784462,69.7118415750914,69.56248184458941,69.58843482905958,69.52098941414958,69.40707266841504,69.41083398083379,69.35794404834563,69.12385531135511,68.95056366047721,68.81796018639211,68.756323260073
96,76.90480260480257,73.9989392551892,71.4086775878442,68.69719805657297,67.73153337403332,66.6261599511599,66.47337926623635,67.12479522792022,66.58041084429975,66.35307590557589,65.75063455063452,65.42679631325461,65.04272251964557,64.34275793650797,63.92797822547828,63.56021443833941,63.148708970767736,62.8435626102292,62.50962689844263,62.36875305250298,62.15564325445271,61.90870657120653,61.52380333032502,61.57612582248,62.47451953601955,63.577512836166676,64.2681045463453,64.50304941421025,64.96754557702843,65.17799806674815,65.36805506321635,65.36584694240943,65.44654805071467,65.46811870047162,65.25784609570323,65.34745398634288,65.52300473550473,65.56005277617115,65.78775502749856,65.63693579568569,65.41381505802227,65.07474950093987,64.93403422589456,64.70902396214882,64.45245014244999,64.46778060908481,64.49985018921177,64.27779388821035,63.993388631398716,63.748577533577325,63.662500099754794,63.63498638114002,63.61091903379613,63.45408988302479,63.33806795056762,63.18923729213873,62.865218780569364,62.58718624128077,62.277874699060845,62.00133224799858
97,54.69406288156286,54.520026963776964,55.21505562338894,54.05164453601954,54.99556166056168,56.202469983719965,58.36784115355541,58.803276989214474,58.605845543345616,59.129393569393635,59.95552734302743,61.24790606769781,62.41608708243329,62.32391999534852,62.5120556912223,62.153795914733365,61.66480733318964,61.01743996743991,60.63173532120897,60.99952330077326,61.11033853712422,60.940688709438675,61.09580236591106,61.23817388244469,61.53194057794067,61.75584084718704,61.76718540375961,61.797114294435886,61.97144453566884,61.8788534459369,61.787071008442105,62.00256760022393,61.8409309825978,61.613094190667844,61.06028141171013,60.90976617261353,60.87744777744797,60.94993640618659,60.93001145340903,60.49087352462368,60.17834906737361,59.79801999147253,59.56503535224478,59.21692312317327,58.90531463392592,58.68615413370868,58.5348858883435,58.49769207451515,58.46323664997152,58.291910052910225,58.15636217449959,58.13590408878889,58.11979567427689,58.08495662430855,58.183361823361864,58.21739508837732,58.215179865618566,58.08564718327657,57.897641294675275,57.768248795957156
98,61.387927350427326,63.562599206349155,63.88175281508612,62.027932946682924,63.35663410663412,65.07974240265912,65.72659529623814,66.4636815730566,67.34720809026369,67.37844424094428,67.56088356088358,68.2578279744947,69.24441274537438,68.66700207860934,68.86713166463183,68.72039262820529,68.20074906030806,67.84128906073366,67.20160845489804,66.50813390313398,65.92455932515463,65.49932659932668,64.69863367309027,64.45475448548375,64.81043182743197,64.93734072195619,64.85033879015377,64.47600078492957,64.14816691928783,63.71041938000295,63.28756515288799,63.001727525946556,62.72099135432504,62.470613074289815,62.04068768533084,61.862717066884024,61.771934846935125,61.834814198959215,62.041602094487054,61.93692587505117,61.76680737961261,61.54897401980771,61.39328295520194,61.04719065656606,60.81661692217286,60.69563259807859,60.54240760224833,60.41658728038966,60.406293036140234,60.23704945054975,60.19517923978751,60.07795623180278,60.03625634498316,59.79208101569253,59.683783623783995,59.71081067576645,59.671421341816455,59.61835870068664,59.437006253320135,59.3342913953333
99,66.68801383801382,67.20368080993083,66.04916395333062,64.32310871998367,65.00372710622707,66.4111178944512,67.3907385603814,69.61380430911673,69.68746947496939,70.0280148555148,69.97419062419048,70.59566544566528,70.55684347703559,70.86911121286101,71.2067358567357,71.47601209554324,71.95804663745834,71.79670131822897,71.3640492791807,71.34125966625955,71.01043059674006,70.69099604099601,70.27120958751392,69.93096276794188,70.06507285307285,70.17508198710122,70.31130274046937,70.10191653584508,69.91538303650367,69.63016958350285,69.41807590557582,69.12227325625751,69.14394602311253,68.77621322033072,68.28592185592173,68.01027266200859,67.85959929709912,67.62775582117666,67.37699678052225,66.93859623015852,66.6742749684821,66.55501313060819,66.44525146472809,66.3835345210344,66.26061287477941,66.32929849940717,66.23775134440018,66.25948098968922,66.30218420090868,66.1749091371591,65.99389619095506,65.87265172505562,65.81668548083644,65.65730754156687,65.55066674066691,65.51926547328358,65.38356834036688,65.32098490589897,65.14722532646283,65.06223400827591
