,0,1,2,3,4,5,6,7,8,9,10,11,12,13,14,15,16,17,18,19,20,21,22,23,24,25,26,27,28,29,30,31,32,33,34,35,36,37,38,39,40,41,42,43,44,45,46,47,48,49,50,51,52,53,54,55,56,57,58,59
0,68.76232193732194,72.0355235042735,71.26787070953738,72.32607727920225,71.65119047619046,73.07325583367245,73.08367492296061,73.44728390822137,72.96175892009224,71.91419363044359,71.71233118733106,72.72470068511718,72.87806267806256,72.84645509913358,73.14662596662592,72.67989513380132,71.97424315880197,71.23884140550808,70.3706389370863,70.02205509768008,69.62765470860703,68.84751174751167,68.0508830139264,67.84101822174733,67.75771652421642,67.62165711781083,67.56359362516758,67.2090479461014,67.11514778325115,66.73828466286788,66.59058532566583,66.31449016839622,65.86622837039475,65.63706576647724,65.17246118960378,64.79114788246704,64.57039333289302,64.48594951588338,64.41988627469362,64.0989442155064,63.81350695375052,63.62683477237018,63.443080401510336,63.3622678247675,63.214857549857236,63.17008060377596,63.05214876730813,63.09452361874215,62.94510571627899,62.68914051689037,62.548431352597916,62.444842150370924,62.44410060589299,62.220973710788485,62.137010859510795,62.06046681493102,61.80925086933857,61.550677515332595,61.2780400860908,61.069186592728094
1,60.80165343915347,67.02118691493692,68.47645841812506,67.56640847578345,67.97745217745214,67.53919837878169,68.4211364032792,68.80060922873416,68.76566555872103,68.09397079772074,68.03626188626184,68.46387108262103,68.26512045646646,67.25510458456876,66.35098087098075,65.15229287494907,64.04064766932404,63.21785149007364,62.34470417496724,61.981970136345055,61.52042487935339,61.501996151996096,61.19151227194697,61.14197340082752,61.40182376882372,61.494445618484,61.600886356441805,61.34466556921907,61.338517501017435,61.13269858228187,61.02576263342391,61.08144586894585,60.956660623327295,60.68560625104742,60.147004477004494,60.11003835413562,60.404488966989035,60.59538255360629,61.02373021090976,61.24005430911687,61.42654374758032,61.66701540302727,61.83418188185626,61.927155367780344,61.96806663501106,62.209180734724185,62.46565252123759,62.66314791497078,62.80704069173447,62.82050020350014,62.74868522907732,62.87244665946587,62.97766086115144,62.97301455403307,63.08020525770536,63.1544721895169,63.07567396054246,63.08643811488645,63.06728665245616,63.01428613824452
2,76.26870166870168,77.90249542124546,75.12569868403203,73.14460088522584,72.37408933658926,72.10139567222892,72.49028431885564,71.61021698209184,70.89907576990899,69.56955433455427,68.78665917415911,68.53970034595025,67.39837473779765,66.18749890982018,65.23392416225732,64.34479039479014,63.4679561995736,62.874951668701414,61.68374997322341,61.30311304436281,60.80272544915381,60.545113913863666,60.44668449505384,60.42272270553494,60.98775213675197,61.42410479477776,61.624664978368564,61.29204568579556,61.213832049176794,61.07617707909374,60.91154305670434,60.71977640415136,60.53289534539537,60.153339947089954,59.69392493749627,59.55354938271594,59.75046475046457,60.03901902191356,60.20838094716282,60.23870802808283,60.180380098672536,60.015631722774344,60.01115216609377,59.96699862637339,59.88515873015848,59.873844472757256,59.74884567756882,59.634208066239076,59.55576756954285,59.29506074481051,59.16703835380287,59.12318288015386,59.10777466768019,58.87073714180176,58.78656898656879,58.696328093202915,58.52701643710398,58.459570561941014,58.281322734076724,58.097111399402806
3,62.57628205128202,64.98588217338215,63.80357651607643,62.54828932641433,62.08393060643063,61.673071835571854,61.78959459852318,62.6271819037445,62.827846741735726,62.89147792022797,63.188003200503275,63.53241164699501,62.66144688644686,61.80163345252631,61.71710622710623,61.294396431115224,60.34187704996541,59.60297223352795,59.12630374011972,58.663894230769415,58.153632236370505,57.56008459133479,57.15471633841216,57.05355023063371,57.4758630443632,58.028349143733934,58.23839540089559,57.9606436057331,57.933270353529124,57.89427655677669,57.73461357937173,57.57066703551091,57.53768376685056,57.41864136680327,57.15236292807734,56.90942107018506,56.8123972873974,56.70609697320233,56.7867921845487,56.67753077940588,56.44729754211466,56.12109933717077,56.04127552034526,55.85038630351124,55.681783227060926,55.647884482667024,55.53632272967375,55.36257567663812,55.393997782263064,55.36432661782657,55.33252900875449,55.282773707773714,55.344998598536314,55.32887319299343,55.46219761719744,55.47831196581177,55.5630956843675,55.53620891401051,55.51805624538667,55.576629019128895
4,72.31648351648354,70.86291971916972,71.52528150861484,69.90511039886042,70.14208384208382,71.63836911545249,74.19642348392354,76.88202966015476,77.63878996517887,77.91029965404972,78.39036010286013,79.35242716388552,78.84279022259794,78.1575585789871,77.45126882376881,76.93633241758235,76.56709012664892,76.08095266359143,75.37082262279621,74.95065527065519,74.42857845417362,73.79704693454686,73.09510405053884,72.45115698344863,72.35083719983709,72.09351930121147,72.06214199038264,71.86881886301522,71.58284107335821,71.29440306606962,70.94260933212529,70.61524041641215,70.35301056967712,69.72963711125465,69.01766381766373,68.6043619703341,68.35669103169094,67.9079830987725,67.75737544743947,67.20803215303218,66.68394085589206,66.20875438494485,65.95034618697404,65.63015364265358,65.21961561072659,64.94006753109997,64.77250549883505,64.6923417149977,64.68644667879333,64.65817277167255,64.66734390337311,64.69974288531967,64.79617170041692,64.61051766306389,64.60963277463271,64.73464827170189,64.69703014659154,64.66589485705863,64.41016000634643,64.2903357753358
5,61.45218253968254,63.88152981277978,62.052360602360544,61.775286172161145,61.48828958078961,59.82223663682002,59.5971764346765,59.73703894485154,58.43829195495869,57.59834147334153,56.59198949198955,56.13277243589749,55.709495241226065,54.82681042502475,54.18484907068243,53.75675270909646,53.47386907754557,53.94077013521463,53.97693057429905,54.205552248677314,54.46767011647968,54.696304390054436,54.89653939056119,54.811372269705686,55.237834554334626,55.655148555148614,55.996499419647606,56.04259967876039,56.343536587933194,56.440866232532976,56.39608951383147,56.648402046448936,56.83770550437219,56.93924381718501,57.05399499970932,57.17029942793836,57.467334779834864,57.71986577019479,58.20778844849363,58.43717618030122,58.51637829198806,58.54497197026959,58.74383737494202,58.74339618714615,58.56374429068872,58.52716362743533,58.405953896379415,58.536301574582794,58.54254483234074,58.50503774928772,58.44819233961383,58.3269855945336,58.22545365186875,58.02587976152793,57.92069180819186,57.877174999273215,57.760488025619516,57.62785996729954,57.4151421397183,57.24886616469941
6,67.29677452177455,71.46506919006916,69.19216524216527,68.74073183760684,67.95669108669112,67.57602598019268,66.9749832839119,67.3350847069597,67.15060993533214,66.38153184778183,65.15495430495425,65.00511633428299,63.72954588146893,62.69206312867018,62.28094898928219,61.61436616045982,60.85356933371627,59.83842592592582,59.046586016322735,58.691518111517986,58.309707201968955,57.69754088504076,57.221779388083604,56.83700375627442,57.1665575905574,57.609749225133676,57.91932856238401,58.17132227891141,58.33680652042709,58.148908730158595,57.9779924376697,57.7640435808403,57.67158674658664,57.31724694151157,56.99113625792188,56.9116941957219,57.21241337491331,57.54030375082996,57.61267780178027,57.49556929181926,57.352300544983414,57.055463738201745,56.935314384151496,56.83343843656336,56.61523402523395,56.55717946505981,56.540191939659934,56.554876267636615,56.60954613225015,56.61067745217741,56.550387448426605,56.48086188206379,56.38754962717223,56.09492351784019,56.12607244607235,55.92509684429318,55.724815243236215,55.64312423687416,55.560643664245305,55.554326499118126
7,57.810571835571814,61.66607397232397,60.54871286121289,59.153052503052486,59.157188644688624,59.28646130104463,61.01588827838826,61.92645884208382,62.04214545742319,62.58151353276347,62.65719650719647,63.5805517399267,64.6778940077017,64.44609206930645,64.69636684303364,64.89452107498998,64.48820865953238,64.21628793017697,63.662693057430076,63.63754553317068,63.43339704827811,62.99618437118444,62.70221726743477,62.15532259021851,62.25192816442829,62.22412025296646,62.20189029077924,62.03185068899358,61.9433467713641,61.616476224392926,61.23771285464831,61.008925550722346,60.719065039898325,60.46968744762851,60.14031934996211,59.80133504612661,59.68505057255048,59.39076832037348,59.45001200129398,59.38566010378501,59.225653682360914,59.183989863751655,59.07341695771923,58.908492664742624,58.594170962782044,58.55027395108918,58.50834188467169,58.549956438237714,58.51339924248092,58.43235185185188,58.344934041992815,58.289080942205864,58.10972164627828,57.96364534813615,57.89091713841722,57.94794982629816,57.88218989425146,57.79349992281041,57.60767592420145,57.508600512142294
8,67.38523097273097,64.8224028286528,62.82023131189793,59.70747990435482,60.59495522995513,60.73691324107983,61.07137551601828,64.38137146418387,66.28427565233108,66.30841676841668,66.31533466533457,67.49096628679953,67.92716532043448,67.69986881504732,68.29378985212311,68.51863298738286,68.37284738681787,67.87247688011573,66.72630695328054,66.02249185999176,65.219705845301,64.72237785362776,63.84415003273692,63.27137112501677,63.11179120879107,63.17249459941745,62.93128306878286,62.56076752282087,62.315567765567486,61.85304639804604,61.485658323158056,61.42773660078319,61.34627085877055,61.19904384830827,61.073141316355375,61.26130980644843,61.73076840576811,62.15706172482459,62.43014098911512,62.396202813390076,62.49185763423551,62.53912194507417,62.634370947742894,62.54732270044758,62.547626622348744,62.81120014245007,62.839447323755806,62.93788898215974,63.139215942787345,63.04287260887251,63.14248595449566,63.348023699946665,63.35322960582381,63.21672498454895,63.125536408036346,63.12191533664742,62.93141748602273,62.833544113932085,62.68831908831913,62.581033611450316
9,71.13115079365078,72.51870675620674,73.0123626373627,73.36257504070007,74.43400997151001,73.71392450142461,72.82820585499165,72.78572954822964,71.34261407316966,69.84109381359383,68.87984376734384,68.15525581671412,67.15857675088441,65.8546630618059,64.69754748338076,63.69184695512813,62.65278555866783,61.689158809297645,60.728360163228544,60.50682997557994,59.93805938329742,59.633335645835594,59.34982591884761,59.36630799755798,60.150994098494074,61.1448792304561,61.55440973635411,61.54983193063545,61.69022760445179,61.6067562067562,61.7365364921817,61.81820372914123,61.83149597316266,62.04470061528884,62.04660648874934,62.393213268213316,62.969610957111,63.23512199301678,63.48280031933878,63.58478797822543,63.49166083464859,63.499405004166846,63.449901326064065,63.50149815462308,63.50414631664622,63.51689217585947,63.709127200616514,63.8982762896825,64.18082249383271,64.2687208994709,64.34469014101371,64.51806612191236,64.52928031961056,64.48528382625618,64.58380554630573,64.74064762122815,64.73547535148431,64.75056892341401,64.69125664824843,64.62596569325761
10,57.35647639397639,58.69385683760681,59.525273029439695,59.322031440781466,61.53614875864877,62.65144909103245,64.39414791557655,65.3318312474563,65.76437333242893,66.02238756613755,65.66423946423944,66.22788079975572,66.12413551548161,65.43215521251237,64.92086216252883,64.43673687423693,63.783030776413206,63.27801406412521,62.57987864961557,62.453950447700464,62.19441755334615,61.5722497409997,60.950865539452494,60.68071178435763,60.79915079365075,60.596722277010635,60.50400462020821,60.11949531949515,59.76289156246045,59.40551502509824,59.16529599432819,58.946998054029244,58.66733436316766,58.5298002106825,58.126508808651636,57.92293291841902,58.0353373978374,58.05133774607459,58.31378009454935,58.164367368742404,57.8473559863804,57.62063988700896,57.5046177982224,57.299985893735894,57.235562678062706,57.3060806745589,57.562687155240305,57.69640620760409,57.828903258495075,57.7837962962963,57.83197417143496,57.868653435240034,57.841682313144574,57.757918513242544,57.92893106893105,57.95544199517418,57.92609542017434,57.90714487460178,57.74190327876762,57.634953364536685
11,62.014774114774156,63.897105209605265,65.76991758241763,65.6792544261295,65.96676638176645,66.23069885361558,67.64841342519922,69.2349517958894,68.78344808483713,69.1505240130242,69.05931429681446,68.90521850834361,69.41075185498273,69.6621613175186,69.7353300094968,69.95182673229556,69.8404857669564,70.0280847239181,69.5266767345715,69.68769790394792,69.66577417291703,69.85596764346772,69.92633801383816,69.89487985008823,70.61910012210011,71.33042601984909,71.93719569182525,72.32237448398155,72.60180887120531,72.70300705467359,72.47791300694512,72.4191457125049,72.25549820549807,72.01805121621285,71.69984141519838,71.71345433116251,71.84754218504202,71.84919363044351,71.89821898187263,71.75779482091963,71.56289347508836,71.45461230788582,71.43074509469831,71.26565830003302,71.039280739836,70.91054374369564,70.66069826548522,70.57553259818857,70.42006875399713,70.07309472934453,69.86910088821837,69.68894915625663,69.54153679130067,69.22471981036772,69.19569661819637,69.05999840106962,68.94943662575224,68.83421855921837,68.59571726923407,68.39981854565173
12,53.76777065527067,55.855090048840076,53.781445868945845,50.92201872201868,51.537744200244134,52.71164529914523,54.0961116925402,56.44249783781029,57.951231176231126,58.394710012209956,58.998047785547804,59.95512269366441,60.35297736451588,60.29998364730511,59.85562440645776,59.30794286731795,58.788009349038866,58.30640686474029,57.797416350705944,57.423392857142964,57.10753725991834,56.95118931993945,56.61590044416147,56.426629697463184,56.604172161172315,57.01337231144933,57.13748737545052,56.94196737455681,56.98479783307383,57.160458214624995,57.179160922709436,57.187314783017996,57.07335735252411,56.75076267686576,56.35132682132694,56.461018688102094,56.66518730268738,56.62728683353683,56.69883065652298,56.58064318783069,56.43968316010999,56.20748275093512,56.28807051045425,56.22437099937103,56.246027902139055,56.17925459202637,56.216022501926766,56.31569717897844,56.408347246102366,56.45702146927148,56.589536398605,57.01097678140946,57.255585504642106,57.364307006436604,57.53297720797722,57.731884757108006,57.810536223036245,57.907746077358155,57.89602355428629,57.9727041785375
13,69.03676231176233,69.8932310744811,68.3256783340117,65.59399292836797,65.45861721611725,64.9425900488401,65.23860907610909,65.72412240537247,64.18902681680467,63.087384513634596,62.685058922559,62.88709808709817,63.27692072884386,63.55347004186295,63.929876204042934,64.05654920889299,63.20852546146666,62.82127792475013,61.89233259430622,61.82041641229142,61.56424549876932,61.308968577718574,61.22622409796323,61.483577957536276,62.11712698412698,62.70699845026765,63.31113485280147,63.664393823768776,64.02188118395014,64.10056284764612,64.34260473695949,64.30260607448103,64.43206531123192,64.28605230553757,64.15453064131631,64.12158458825115,64.2845312345312,64.27709350834346,64.41680429020168,64.17115499084242,64.02483881294849,63.913215400120066,63.820692894530026,63.77397382709873,63.832685072129436,63.937587151173986,64.08944212800593,64.32391614943688,64.48580409575293,64.56536446886433,64.64520796922739,64.8641312302368,64.97358682547336,64.84376639307163,64.97384883634857,65.11188940854089,65.10540516176451,65.10348801103075,65.0048277836409,64.94461139940263
14,62.587983312983305,63.36218966218966,62.92877153710487,63.322400284900326,65.03549043549043,65.5457680436847,66.71265916623058,67.21865079365081,67.1474522905079,66.65377594627597,65.90860389610391,65.89590752611585,65.2141608747377,64.52429029304018,64.81282017365339,64.52566487332095,64.10309050970798,63.66702166146597,63.415441916757544,63.361860754985535,63.30330421342307,63.042743830243666,63.008879244748655,62.906368708451865,63.28137830687811,63.45571913841133,63.22494139947834,63.07753212396059,63.05594343396059,62.96884191425849,62.7888966022029,62.722681687525274,62.47519594602908,62.381371800856876,62.340436507936296,62.338892563197945,62.35385894135877,62.56694406957548,62.93726962733361,62.95657967032955,62.93650260083177,62.87494948834218,62.924988405220745,62.93887975450453,62.94049077465721,63.00861093415417,63.16581456368664,63.421681780796156,63.74762880732242,63.86564306064279,63.98921448921413,64.19450001565356,64.27946798135444,64.4132304338321,64.60751692751674,64.7136363306005,64.71254230662116,64.69019251820978,64.56218905858742,64.5446779609281
15,68.25598290598295,69.33444240944246,68.58293481210151,67.17282381969883,67.33409035409032,67.86198785782115,69.30028053956622,71.58881766381768,73.19135067607291,74.27363807488815,74.93412374662374,74.72265720390706,75.24491249491233,75.34295780277907,75.08023436440092,75.24812652625141,74.4600277717924,74.14646277076827,73.37879206563407,72.86453754578741,72.43246288543908,71.64601694601699,71.30418922864587,70.92578517161863,70.70381013431023,70.37300922012479,69.93262485114353,69.21060744810775,68.9355753441963,68.4559155813325,67.76163971930127,67.35427159645934,66.99804423971109,66.58348535995611,65.9861189604048,65.78290923325658,65.80341852841872,65.89528334725725,65.94601974473785,65.74309243996761,65.63887064832205,65.36944892629437,65.13440573208037,64.81052292614812,64.59738061321413,64.39827323441469,64.19805938742122,63.882318164089064,63.699990863256254,63.28922730972738,62.88690117072472,62.683660890391636,62.49873052349476,62.205808894466415,62.071118233618385,61.830492415983635,61.58666930859928,61.42306253771786,61.13781076895503,61.01710800773312
16,51.8085368335368,49.097471509971506,48.3842287342287,46.63201821326819,47.0869413919414,47.931309354225995,50.002705825920074,52.2463592541717,53.812320241486844,54.57387464387455,56.07680837680829,56.53667963980456,56.7762640493409,56.98167953078656,57.173703703703616,57.53301854395593,57.450955852426276,57.38661109980536,57.38656282801007,57.286859991859934,57.61391577998716,57.63731291856285,57.532427536231836,57.66438619251116,58.64154354904351,59.534455519551635,60.31875763125762,60.68155579539502,60.890071821537305,60.99112688237685,61.086202357976504,60.90044436177243,60.83372214205549,60.86698598242716,60.60896491075059,60.69792839619226,60.93936835186825,60.924021860205976,61.18175959842614,61.21567269536006,61.266808620467096,61.220814194623635,61.377062687527705,61.38012843637834,61.37323554017986,61.42612312204686,61.40932691225225,61.398930882003604,61.38511437542021,61.167291717541325,61.02767562865564,60.89470449422326,60.77294215218703,60.551671245420785,60.665351315350826,60.622000279812234,60.48790476904456,60.40048726018498,60.30901031642503,60.23981634106582
17,53.824338624338594,53.832590557590535,54.3902981277981,53.50902141839639,55.55160765160761,55.49480396147058,56.616835281120956,58.63935121591365,58.37902025957572,57.914425111925034,58.532914307914204,59.247176858635115,59.10188746438734,59.04330411651835,58.91211436711433,58.732226800976775,58.592769158945664,58.61218231357128,58.09554736199482,57.949664224664254,57.54108984049463,57.36357646982647,57.14701628886407,57.05988269061179,57.41482824582818,57.70923949625863,57.93605571383344,57.89102872986801,58.091634738186436,58.036133326549965,58.04491823886977,57.858091358872564,57.66636095386088,57.55297185113361,57.2667611489041,57.16420897775071,57.43798757548766,57.92491739498329,58.175242243511555,57.96630354599112,57.89090664304086,57.97665973796935,58.11424442267472,58.171534715284785,58.2696339257451,58.500079077524795,58.72366848084937,58.97992353903816,59.311983981626874,59.3307133699635,59.44267778336422,59.54407667652879,59.600229609663806,59.54076363451389,59.74385688385715,59.84943356081777,59.83915281437238,59.836266981741375,59.77325308871945,59.61771138583659
18,71.2276404151404,70.16301638176637,69.00664597747937,66.92610271672781,65.30790394790407,64.48776794193476,64.8820592767023,64.73167735042747,63.886987292543004,63.83600376475391,63.62123385873404,63.64999194478381,63.42078558905493,62.69859366823658,62.17320105820105,61.298647995523,60.50452787952789,59.96691058427173,58.92270473191526,58.77536299348798,58.41900740353117,58.09790857290855,57.626152651696145,57.24966528456113,57.94734289784287,58.34329779906702,58.4857836265244,58.42679552590266,58.474112318077836,58.44414716456386,58.18088378169031,57.94484747023817,57.498105289772035,57.22196260983031,56.697559015059056,56.56099197870035,56.70696534446537,56.68615274832381,56.764629838347815,56.73311622405376,56.7766060384963,56.70140390914205,56.54463978097699,56.493750346875366,56.39306346945235,56.555877837943044,56.60272105750828,56.688587348222754,56.75636882958313,56.706631257631315,56.8480418093164,57.01996718559229,57.20439838812485,57.31358156589637,57.4179438154438,57.52672975172974,57.50868981570742,57.455364423252405,57.28711998923878,57.30206798602648
19,47.433404558404554,46.35963064713065,48.86577804911136,49.48620777370772,52.59262210012206,54.0502382648216,55.78428542357112,57.307163207163214,57.217253425586755,56.97231990231987,56.933760221260236,57.70952974494644,57.5058467173852,57.61038904878191,58.22529270112605,58.40854128510375,58.63299037563737,58.82322841767289,58.24602344536558,58.21483007733008,58.35189860844619,58.450472675472646,58.18273389251646,57.994910163139274,58.233813593813544,58.5965522369368,58.480431948024496,58.30211858247569,58.30968011873176,58.25539394247725,58.31837130909712,58.33843975758042,58.72094880428217,58.963827090665326,58.95771701843133,59.01482060891784,59.46917934417932,59.996695531563915,60.623137059996004,61.02595479751725,61.32960245490738,61.32963205225111,61.45515873015871,61.46490349927844,61.51959130375792,61.63469401974838,61.68822870392017,61.81640603802066,61.940179973088135,61.81092989417991,61.81561135850352,62.05376974343312,62.13988901559656,62.12750408884667,62.27166953416948,62.35296319916852,62.36100793293777,62.35102890404618,62.27549969647431,62.33394307081815
20,77.33727106227109,75.02224002849002,72.59001492334824,68.68018162393163,67.95795991045995,66.75731922398593,65.78181653003084,64.62912469474978,62.57475297336412,61.50741249491257,60.383679283679356,59.72063364875871,58.90876811934512,57.814477585906246,57.3695136345138,57.045849549755935,57.155044111661894,56.811386966942656,56.47987463316425,56.16118666056178,56.2146910188578,55.89216570466581,55.538773867034855,55.33381579839926,55.82559299959314,56.021182218778534,56.13290372179271,56.26978785103794,56.146044201647705,56.064993725410424,56.087673959851465,56.422966905779475,56.62004677421346,56.576268135459316,56.379935461364056,56.480915355220986,56.43340057090068,56.453139526165906,56.67768059338577,56.724702635327695,56.696080387543816,56.740427253522505,56.8319032711475,56.794000559625644,56.754580224302515,56.89101900514952,57.12852596576007,57.42628141534396,57.72363758690292,57.76379833129833,57.76464862298193,57.94439865689868,58.12125050875055,58.08227937186275,58.21334646834649,58.232976844584044,58.27647252033212,58.31365898628824,58.24416989162742,58.35857939899601
21,57.45283374033374,57.66628001627999,56.489680843847495,55.23985424297921,55.81192714692713,55.93905508072168,56.50441450084301,57.29701999389496,57.228544860489244,57.30649267399262,57.391261053761,58.069016670058225,58.601322359976095,58.334663352520344,58.24950617283942,58.03577851546585,57.60020798917843,57.15765415140398,56.754454244585645,56.4965272690271,56.270976994786345,56.51584110334096,56.60057179133255,57.09014868233607,57.99635144485133,58.7388988682257,59.464339415728205,59.83230511221573,60.24245698426728,60.4748707773707,60.71732607297112,60.65477207977204,60.73692495775829,60.84203296703297,60.7411154718298,60.81297398589068,61.21176918676919,61.562839791787184,61.85995703014935,61.94768060643065,61.96338386094485,61.901095751690924,61.98007034954704,62.10897736522732,62.02965133631802,61.95007963051438,61.94162943045922,62.03300116164703,62.15245072387927,62.292189763939746,62.35192237863804,62.451955754359545,62.58964721511883,62.616731014184616,62.765078717578696,62.93714569160995,62.861450902898206,62.799788166813975,62.637747994315774,62.50192121150454
22,54.58458994708993,56.543022486772436,56.369034052367375,55.88401633089135,56.512794057794125,56.83792480667487,58.267601314029946,59.62191379222635,58.95345950345954,59.3147898860399,60.550250675250744,61.88215345611181,63.19404214019611,63.178585600907226,63.84350223850236,64.68934549247064,64.20252878929355,63.88780185863523,63.432415440310194,62.98856532356537,62.276684933232524,61.785628029378,61.159557210100665,60.877926163342785,61.034922059421994,61.36810721329949,61.05678560122997,60.59503186958541,60.18905396965742,59.995750746167396,60.023338683419325,59.85239859966424,59.86341420924754,59.830948490507254,59.47229737194017,59.4354731945009,59.53139733139722,59.68753320266464,59.80499227742807,59.72559358465598,59.61845151235387,59.51724518867366,59.34197215359993,59.08757642820129,58.98799224438099,58.852283847392336,58.74806166056144,58.67918288308894,58.63903196199093,58.4005216727715,58.240654652174015,58.083547497729924,58.016516729252324,57.820833992824475,57.852521922521696,57.74465802880956,57.539124252939835,57.27417433301038,57.060571921800545,56.902564526522724
23,61.098626373626374,60.592757936507944,61.543521910188566,59.1623931623931,60.55883903133901,61.593432030932,62.28790772719346,63.616259030321544,63.85297732103287,65.0562784900285,65.44955831205843,66.42236000881846,66.15056158229247,65.93612673701969,66.16215099715116,65.88015650437538,65.11145466733711,64.24746048704391,63.11057344215247,62.707132173382234,62.363897368064045,62.14115583490581,61.9836104917627,61.8612128612129,61.93551261701273,62.14044038226748,62.548945755890315,62.361244113029976,62.471421905042774,62.45802910052927,62.28275713235401,62.17511240206566,62.07895083311765,62.05801745912052,61.93174399674412,61.91801443155632,62.2216643841646,62.29320550307422,62.35240965112789,62.06427337708619,61.833662035796465,61.482936023412535,61.25096023700709,61.01254694379728,60.79871659205027,60.59356441666258,60.304135816902075,60.09573879053077,59.95532132266862,59.80270014245046,59.65861364488849,59.581538618077374,59.5206234017557,59.197522008170345,59.11068144818162,58.946122503488766,58.81459640911412,58.59655181185368,58.3609329622043,58.124043294668404
24,58.0300671550672,61.033811558811564,58.942149979649976,58.36493564306064,61.07941595441596,62.64216863383528,64.12678208035352,65.20643124236881,64.91929916791031,64.77850936100937,64.39713388463389,64.79267908017903,65.01331752293287,64.67618102796679,65.14765160765174,64.93973723036235,65.07867138308325,65.07770344367577,64.30783743546912,63.887916412291545,63.820178983274374,63.60384014134031,63.02714714834298,62.658772766585486,63.23808241758264,63.60277836479786,63.8113801836027,63.60965263242086,63.476097322218294,63.16462725546085,63.03827723948721,62.962498092185896,62.68604111937469,62.40481427613801,61.94262878655757,61.639865124587544,61.57461747461765,61.610982852430375,61.89424394456461,61.90915941697207,61.896685180221894,61.96666388065207,62.18393720835588,62.307023647648705,62.411449825894294,62.625868746792676,62.65861098121742,62.68188805792978,62.762912814698616,62.72889265364269,62.767910511783136,62.904740576375296,62.997175570760525,63.10913028158402,63.34156667406672,63.55308166535847,63.65423200094259,63.81783679283695,63.84555783199864,63.84038775267961
25,51.28355718355716,53.00287444037445,52.733872608872616,53.35973239723245,52.934779202279245,54.204069156152514,55.0363633060062,55.49688644688647,55.09596956541407,54.57810337810345,54.251230713730756,54.9674598935016,54.974070943301754,54.679127783592136,54.74540225206901,54.834211245930135,54.24373758050247,54.02689424772781,53.44444658655206,53.401524725274896,53.707429211000765,53.85470964220969,53.65370945479647,53.502655465676284,54.018969678469674,54.661438668169474,55.305097491671575,55.68828492935643,55.986865465313784,56.163833943833986,56.24705728858969,56.45167553800373,56.645062807562866,56.811790891570396,56.78523576952161,56.96226484420938,57.182298644798685,57.394780889188816,57.7392486668128,57.78663983007738,57.71782190257805,57.77840378316574,57.99936276040931,58.07761555574064,58.088251028806646,58.192206273999815,58.29818798223058,58.427675921686415,58.51421635809397,58.34167877492885,58.41353416010284,58.47026666353588,58.588258518211326,58.58202848249141,58.590751655751575,58.66293016672473,58.583049147084175,58.36932471264363,58.194456171574785,58.08213064713064
26,56.41190476190477,56.637296499796534,55.146148758648756,57.18860653235651,57.19394179894172,57.771889838556426,58.911878597592846,59.719431089743615,60.18956891873567,59.93313593813599,59.88225755725759,59.423735331027,59.02644054663285,58.167113640327834,58.194786663953316,58.36722025081396,58.717670700758944,59.064049427938386,59.06847406978992,59.572520604395656,59.68136277302949,59.66082251082258,59.43920785333834,59.44669142585815,59.684187220187304,60.02311625340482,60.20837591763529,60.10636519565102,60.120182834407174,60.22502832044512,60.179433842740394,60.08922482320931,60.05531690531702,60.02106900452501,59.80589016803308,59.931210289196514,60.18720987470995,60.52723569072264,60.9912604489529,60.86427490333758,60.876463216097584,60.92409975386183,60.90915727252953,60.90329959392478,60.81592807398381,60.9238074224489,60.76691162462452,60.703342808811676,60.70329836452292,60.56124786324794,60.52687539403231,60.62066886994768,60.48654220517428,60.277185366074185,60.336391016390984,60.432135044188584,60.418434440802855,60.41360469032882,60.19747392438079,60.01672229005565
27,74.03326210826211,71.75585571835576,68.73654185320862,65.21037851037865,64.23179283679298,63.730282526115964,63.612837228908745,63.71905461436724,63.68214455297804,62.68514346764362,61.92212787212802,62.04842456925804,61.85433181490888,61.00183259201134,60.21037104870459,60.0350974257226,59.8449941942591,59.71769490797284,59.21037770708843,59.361624694749835,59.59120927573323,59.69843096718116,59.84628766965742,60.054873193935855,60.502658323158485,61.02921871575728,61.098671595893876,61.18584837781272,61.307804934529244,61.153632309049144,60.5712987579925,60.37628427706573,59.96115612782303,59.703699065096316,59.446123902552685,59.473117199159084,59.58066431816454,59.501597476597674,59.45447217786982,59.26474104599131,59.13469343438879,59.01756303661092,58.86080160149953,58.82674142986668,58.66644496450079,58.626066938295466,58.53512142900465,58.574893798331544,58.532474583240166,58.36435582010607,58.22207099363982,58.072873325036994,57.97323127606164,57.71257612415043,57.74059357309381,57.660671768707765,57.55996963562789,57.42757506701508,57.31641944841135,57.167583350292084
28,71.77193732193733,74.04718660968663,73.52417243250582,72.59150895400904,73.14199531949544,73.8283687762855,73.39604700854704,74.46416297822553,74.73605175688512,75.1438263125764,75.16265077515078,75.5055195190612,74.44970453335846,73.33973196116071,72.02582553249228,70.9569549374237,70.16176530441228,69.47385813774693,68.28580559304233,67.4515926434675,66.55208999554225,65.64682516557501,64.87691644104672,64.44336250169563,64.61950630850615,65.00520588741728,65.22280069039317,65.41184643729284,65.75106714804988,65.98095356803691,65.97331964630348,66.0328768887362,66.28451178451172,66.5976180001914,66.78735900343027,67.14322754149124,67.25912327162307,67.2803963701988,67.34068112561683,67.39003395909624,67.37731717243888,67.51138922805563,67.60442778582289,67.77317092629559,67.80263363179986,67.94943528693487,68.05854116332792,68.1504189772414,68.27807897884391,68.33678256003219,68.36764326813305,68.52554015606859,68.73474660384997,68.7487814483181,68.95617789617751,69.06007425940435,69.03634763547018,69.14464382201423,69.12684590205747,69.14360627798101
29,66.73862942612949,67.64748931623924,70.3985127526794,68.82624643874638,69.38864977614979,69.43548365215041,69.18728705157288,69.76852996540501,68.54199339754899,67.97677401302403,66.98588679838684,67.16974587912091,66.29407618734548,65.06059109541259,64.65301994302004,64.24823972323982,63.2849131532956,63.15687858951753,62.38088383351548,62.292079517704614,61.98160043219576,61.895226070226144,61.63025495036369,61.636276878985264,62.44796581196583,62.909795012679616,63.208746363375965,63.23806598494088,63.57306937953476,63.58564170397483,63.49198586658243,63.576669814560276,63.162221420554545,62.93102345639092,62.48380923309472,62.3718545086599,62.44067432817421,62.63417491378008,62.71553645784404,62.552588268213114,62.29565663559552,61.90044515669504,61.68081608314163,61.400259462759465,61.11439096911315,60.884778848365784,60.684537123632865,60.530812898521226,60.42811905592512,60.13016168091153,59.957761936683326,59.936336037537814,59.93496757435419,59.71138470582901,59.5863922188921,59.536855522123254,59.33523793457988,59.12508025977837,58.86154070348976,58.61565264211088
30,79.4276862026862,79.18906695156699,77.45933726767066,77.83121947496952,79.03065425315421,79.33628154253158,80.38826167219032,80.9073749745625,80.03098290598295,79.64834147334162,79.25380915380936,80.1598841744677,80.12014925957254,79.18587345194511,79.15301282051306,78.64505399114792,78.45934754243596,77.94322372586277,77.3382923119766,77.11227818477825,76.55619803476942,75.92881863506855,75.45384349949566,75.2502439882648,75.5285081400082,75.5117458752074,75.78239157961382,75.92028987877205,76.07283096852068,75.97760480260489,75.89089910985079,75.66143369073059,75.54583765000434,75.41118637625993,75.16263997906853,75.002769157283,75.04513620763612,74.82202501445917,74.63828504116958,74.45973506817256,74.1068105562007,73.79461923658344,73.5800963786428,73.1321751165501,72.73900194455742,72.49957021641792,72.11814117718355,71.85740412172693,71.48503619396465,71.09862321937308,70.69226619422685,70.32172619047604,69.91054121455049,69.40174944225855,69.17981712731691,69.00303278897007,68.67435736777824,68.33435206236906,67.90347088567401,67.57838497150969
31,57.06477411477415,60.76097120472112,59.414070343236936,57.37727665852667,57.92885938135938,60.26382020757016,61.930350601779146,62.30290432946679,61.42088533894085,60.70053317053312,60.493531931031846,60.44391534391528,60.250717338217264,59.40983596430014,59.40086962420286,59.16858020451761,58.671559948765776,58.54316719802827,58.347239359081385,58.399128256003216,58.616738376262155,58.73240532615527,58.71512714338796,58.88771261531674,59.42328021978017,59.87629222629214,59.99370977102444,60.246423665619986,60.233020714917124,60.132712148961986,59.76908946787964,59.56095626017479,59.27009780343088,59.01658676291002,58.65829524972358,58.57651621783538,58.62389147389123,58.619019370006036,58.82891124782134,58.59943503255989,58.40957741445531,58.192646011395844,57.96039318132325,57.72981567044051,57.49284787229214,57.401727650368805,57.38609996189769,57.34331300451077,57.37937255488264,57.22264733414719,57.176430985499465,57.17207272784178,57.1298046206063,56.97437169312146,56.901828171827965,56.97274750712236,56.76051132103748,56.66632475123845,56.40794599311539,56.3250379867045
32,59.12671448921446,59.61148249898246,58.16893738977067,57.05105438542935,54.89324989824987,53.6112586487586,53.918898627827154,54.00475236568988,54.316804029304045,54.225356634106625,55.012917175417165,56.91565043752542,58.183815863623515,58.25913352520496,58.094369149369086,58.22825886497754,58.792985527544275,58.78961951114721,58.51900879335081,58.63191570004061,58.83947322518738,58.82021127021109,58.716737006954226,59.129959893501415,60.058347781847694,60.95447132995207,61.70642382309037,62.068733102215134,62.397958507010124,62.54442155067144,62.751557268895866,62.88244270197387,62.920193386859964,63.012529028705366,63.11107491714625,63.40987032514801,63.81557450307437,64.01524778827392,64.24778993561027,64.3855966371589,64.5803190486115,64.48278897028877,64.32555702264979,64.20689507251983,64.04218649663072,63.972437445806854,63.90176958581196,63.95485337386362,64.04708070651925,64.01484371184347,64.07713465728148,64.1200224632915,64.24119535251586,64.1746112769259,64.18121471121458,64.15963836923645,63.98462948682228,63.788701528356576,63.49360086711763,63.30310905915058
33,66.5747964997965,69.03620522995524,64.49923009089679,61.28409773097279,60.094797517297614,58.36353106769784,58.47976917262647,58.56980502136771,58.189136480803334,58.315509259259464,58.115305990306176,58.074213132546646,57.5993707147555,56.288005116576734,55.82684879934902,55.24292073667094,54.731132837750756,54.57243476687947,53.96454678362592,54.05286935286948,53.908149214101705,53.7143560143561,53.44501911132355,53.52517997049253,54.184790394790454,54.5532963119502,54.8268365893366,54.76902999447639,54.90791668420979,55.074166497083176,55.206978087623234,55.08227290649163,54.93641081141075,54.77994161339744,54.66296514332224,54.80656683851124,54.994757119757054,55.27872244714344,55.675491400811886,55.74914987789986,55.76026311087287,55.540657039168956,55.43440135445947,55.204906204906095,54.996825057658256,54.92193898090625,54.888551056902,54.93509594186664,55.00519943019934,54.834502442002304,54.852615975164845,54.8150916924954,54.98817855798974,54.93172115949887,55.0693653568653,55.306099010116775,55.39328476104784,55.4754434900986,55.53917577243842,55.63875898792567
34,68.05616605616606,70.58334859584859,70.64208045041379,67.32922771672773,66.24357142857146,65.798019264686,65.70359177859186,65.86999389499404,65.40635316329778,65.86743996744009,66.60393819143836,67.71865206552715,68.21775891487444,68.33425017442883,67.87146927146944,67.60233230311373,67.13709958342326,66.29128256003277,65.53077324722081,65.33499796499817,64.92615777080084,64.40581409331428,63.5312702394226,63.31141254578778,63.330428978429175,63.19334613036554,63.24434231749063,63.1513294740975,62.969535844105046,62.92666123999486,62.870896024525344,62.624111276455245,62.51707289623977,62.28769586894614,61.9200607593468,61.857472414417195,61.70764872014908,61.828017961571035,61.91919554804211,61.81119836182369,61.74186942235754,61.473907034323986,61.331248639388456,61.03321828634355,60.72393038031957,60.65797377944145,60.60111091627078,60.571383631800586,60.441163315143214,60.184269943020304,59.90594330324751,59.79450187455022,59.79912014959206,59.63454839913195,59.69605181855206,59.66377514681116,59.41270733814611,59.26566749821075,59.08569428060974,59.009618437118675
35,64.1688186813187,67.64143518518523,68.25378510378513,69.28668345543343,71.0128897028897,72.23907373490715,73.4609156055586,74.4202495421247,75.16042882015111,74.4499236874237,73.9942437192437,74.58311923416096,73.3358864781942,72.86823325484045,72.18112196445536,71.25279653795282,70.02658520673236,69.00147509383632,67.43690717177572,66.70930759055771,66.09792017946796,65.5814407814409,64.92823366247286,64.43776158255338,64.83181440781446,65.07866593876216,64.91970616831733,64.7785367245189,64.71847150295429,64.41706620539958,64.12344059763424,63.89437671703306,63.6301077009411,63.25983474586423,62.68685984650278,62.31106645412203,62.132375094875094,61.86788070603865,61.796851617044005,61.487270807895925,61.10983476776171,60.910407581836246,60.79037751654036,60.76855054667565,60.683464704020395,60.60969202898562,60.64477210142113,60.63757684252484,60.59367010540494,60.39641982091998,60.43868020142551,60.51326928947143,60.558020787737995,60.50688603234926,60.65705701705725,60.829042840427014,60.881844836450355,60.90832140401128,60.84876330511944,60.817961521503406
36,56.22291921041919,55.96968864468861,56.790813661646965,56.04705306267798,56.45043956043946,56.45870217745211,57.31261919297625,58.139844067968966,57.352889702889655,57.49682234432231,57.33718364968361,58.028913139329774,57.691076124729896,57.775691900691776,57.9186955636954,58.08279564763924,57.83526149776128,57.412434145072815,56.89306412398496,56.80631740944226,56.533813496908536,56.140443584193385,55.9258157703808,55.87120980870965,56.3287942612941,56.44293110735401,56.634011290492616,56.715474373509956,56.887288429960776,56.89012922262913,56.69927051741558,56.527600192053214,56.441262749595985,56.29550129881005,56.02806238734807,55.98178800366291,56.15202798952784,56.324305823318845,56.6059924287487,56.78897143365882,57.16780800500303,57.385897435897334,57.708504178852934,58.0064602064601,58.07378872156639,58.43225301268768,58.62318819871999,58.95069031084643,59.33432695422477,59.60066859991844,59.764505973329385,59.8482247542342,60.00813242487753,60.12193242285819,60.35413678913655,60.39807483356571,60.39880604288475,60.43161901954983,60.40271353724722,60.41734126984102
37,54.80844525844527,57.010571835571845,57.01818443901777,57.00610882173379,58.10988909238906,58.46352258852257,59.39126838769701,60.183734610297215,60.40258784425462,60.4000396825398,60.52229575979585,60.86635675281519,60.36809312482403,59.83313055991643,59.40688034188049,59.325172339235,59.03057859896109,58.55314209967003,57.74209026840618,57.49198234635748,57.308473360854414,56.931617456617545,56.655735830192434,56.543998439831896,57.206627187627305,57.68774302620473,58.21311087746292,58.40772174254328,58.60784738888209,58.85113112196462,59.10387897645982,59.0881720276254,59.22352246518929,59.404292357968984,59.26018562125717,59.47631427214771,59.599391699391774,59.63212250712254,59.8043899950952,59.8158185795687,59.7637499131403,59.68553622303637,59.78892592119352,59.861220839346004,59.872821304210376,60.01218236272602,60.101758761333464,60.26898964268779,60.52481321588483,60.52800172975186,60.62977836433734,61.02302154754096,61.469264941906744,61.72044366812906,61.83883163133186,62.06151048026072,62.19486224464314,62.21704805411725,62.22839319343575,62.19784137159155
38,69.37903947903946,72.03336640211639,73.40654253154258,72.639936914937,73.94713064713068,75.05147707231049,76.46145560788435,77.60259971509991,77.97826109076126,77.80386548636565,78.85169090169106,79.83616580179098,79.87054451958316,79.86229904354913,79.83663241079917,79.61034130799756,79.52961436711439,79.47393925518928,79.49230608572717,80.25180860805864,81.30340596352497,82.38980695230681,82.95242143122567,83.84009102394508,84.69635917785897,85.18936907109962,85.37666700583345,85.19721023024576,85.01670947188168,85.04606294939607,84.98348284033744,84.57948670253337,84.27255275588585,83.65545111206858,82.960533170533,82.52174088771297,82.37870851620829,82.3838922894842,82.38198644897349,82.05661617317853,81.64541367620629,81.28042994263235,81.02969683202241,80.73325447700444,80.45522509383613,80.34605441860859,80.23833824764657,80.05701482159797,79.92760179163218,79.76005555555537,79.69606785734217,79.64786324786304,79.61970525107292,79.47390458478394,79.49618372368361,79.45567293156572,79.36194019593133,79.13657714412017,78.81371565502918,78.55333723375388
39,59.91467745217748,63.558964183964235,62.71271197937869,62.12331857956858,62.97355820105824,63.703967406050815,64.08197714983436,64.80831934269438,65.20705410844306,65.21701312576316,65.54323361823363,65.87828016890512,66.35141236968154,65.66698499912778,65.69040055623375,65.65038633241751,65.3640804184921,65.06026969429736,64.04852194589027,63.56934065934061,62.95713074403546,62.467808349058274,62.13523982056584,62.0697395197395,62.620706756206694,63.26042625465703,63.69584350834348,63.89707123233902,64.1916482463896,64.40687474562475,64.4366951895178,64.54035265949332,64.66399125565789,64.52262847446666,64.09102142566422,63.94356006647666,63.763225038224945,63.41015546344484,63.219392917149264,62.83911375661361,62.38936872747833,61.882269560245604,61.51326359901921,61.18955153642639,60.89833661194758,60.76205241015008,60.571905714458744,60.41314791497068,60.225334217936094,59.977305250305164,59.7473205806539,59.588868147521985,59.39154879013368,59.124307534029725,59.03392875642871,59.00504080905864,58.93406522003015,58.865616535444246,58.61829880728198,58.37056038868553
40,63.138776963777,66.99180911680916,66.83918396418406,64.38835088522593,66.19157000407007,66.51276115859449,66.72450287807428,66.59379705942207,65.85163195857638,64.74378917378915,64.13591362341359,63.975200108533386,64.00747941517174,63.72093762718768,63.66351037851045,64.26197916666675,63.946626984127036,63.32278750056527,62.407574491785,62.37032407407408,62.07904044808805,62.00203592703589,61.59335173682999,61.26474655745481,61.67828917378917,61.94851777496001,61.83488294969773,61.62395942351294,61.610744284451144,61.603514448514346,61.44795925400748,61.50633553367912,61.54156183322836,61.77594462998865,61.82016701552406,61.93383544182146,62.25619878119871,62.59003357753353,62.94222042202805,62.92464311151802,63.0076435420947,63.12394785549537,63.19915334450205,63.09768772893758,62.95912641884853,62.98520619879305,62.99452963309341,63.07626625881831,63.394689059995095,63.57972354497352,63.711919326134975,63.89033256629405,63.95259117193073,64.01432292844319,64.24789386539373,64.43183161084941,64.5650508929017,64.70319074284586,64.80922769948192,64.90487128612126
41,69.20030016280015,65.43914580789581,64.90133123049795,63.845287698412704,63.73454008954009,62.61328262786595,62.91866605616599,64.27912469474964,63.62467948717942,63.214044566544494,63.15887307137304,63.31380028150863,62.83443066904612,62.57232760625627,62.53457943291289,62.47716505138394,61.65604724795923,61.131276285443185,60.66821514255747,60.54063415750937,60.48161278756537,60.550355431605645,60.53403496664388,60.44495192307709,60.84572059422073,61.29367290473081,61.31998993804568,61.03208943833969,60.63461819151501,60.41990689865709,60.17305542426526,59.78535386777589,59.547824397824485,59.28322380234157,58.71568652247233,58.56975252114151,58.64532389532401,58.65766834286585,58.7114721935236,58.59514804639814,58.53511309151564,58.58153393123646,58.78401186453524,58.68102464664977,58.52195620223412,58.387571446267266,58.465430944154534,58.5164190747526,58.522614375420666,58.21513787138805,58.06185697925915,58.0854420063557,58.123352704249115,57.96386665460759,57.914402079402336,58.052408388569305,58.25935699290976,58.298805927469765,58.071989404192806,57.93424128340796
42,49.24104599104599,49.60065883190885,51.6130850630851,49.26603963166467,50.15220085470086,51.34131054131054,52.258711989069106,54.092096560846535,54.575449396282735,55.28416564916575,57.06835849335857,59.06277302943978,59.17129629629634,59.829544959009354,60.17467846967862,60.447571352259004,59.83012790586332,59.69741045991063,59.305894008525804,58.731459605209785,58.239742136170804,57.95330872830882,57.70829285448856,57.75802257156432,58.295646927147004,58.36420411853107,58.43249577925513,58.55669188615626,58.58400295426165,58.49270807895812,58.54415084616706,58.39807851292232,58.30688015688017,58.38352291771408,58.340040409326136,58.585814622620205,58.96316123816127,59.09230581796378,59.35104920008775,59.26011917480677,59.07910325898143,59.191936546698585,59.14132130789121,59.00424714174729,58.849098381042985,58.84963303604621,58.979047705643616,59.11098667921597,59.13442070967595,59.01577350427365,58.96646765543843,59.075641906171,59.03645398975601,59.00269402237009,59.023558478558606,59.08455578812737,59.12141545102084,59.09607200749453,58.97064112911584,58.85366554741556
43,74.93350122100121,74.36169871794871,73.1481718898386,73.07362255799761,73.67220492470494,72.53340286256956,71.7524107506251,72.41292607855118,71.91248812915492,70.98406949531966,69.86595349095369,69.71827770994449,68.97592553457947,68.13461647479514,67.39899436982779,66.56270477207981,65.90176506500042,64.94316550219335,63.79102376668171,63.39721688034197,62.97860316491275,62.41248635623638,62.03942440409833,61.61129744098502,61.733114774114824,61.78845175479795,61.35897906962721,60.99562747107387,61.16536777398839,60.92623473748464,60.812768817204294,60.55692425340862,60.15537810954477,59.751014059469945,59.332667742310605,59.29228508117399,59.58739659989663,60.09983371891271,60.494761956941474,60.76112853581604,60.98776392983708,61.15524897280843,61.359776883323406,61.539042670292694,61.704989259711446,61.87570461945461,61.95047790074381,62.16108991317326,62.23607529092223,62.20775803825808,62.27815255731919,62.21856684981681,62.16515260595453,62.0554980855907,62.154697339697385,62.25891794217697,62.137535969553625,62.14967703114267,62.011429209522596,61.95366122303636
44,61.74241961741963,66.14457671957673,66.0163241079907,63.458562271062256,62.25170126170125,61.219009462759495,62.04753110645971,63.020032687220244,63.45611970334191,62.24915140415138,61.66969280719275,61.84647435897427,61.80873368084893,61.04645945985219,60.6430433455432,60.47503497659737,60.03219732337371,59.131733595622414,58.59760646273798,58.92900615588114,59.03559024749504,58.953609816109854,58.717639043726024,58.48103166123996,58.73651526251522,59.05854329075478,59.11188045493599,59.12465768358624,59.22610065541096,59.02308709808702,59.081916709335985,59.14160466269837,59.19810220643546,59.1623018865665,59.0429039479038,59.06609078935448,59.287595012594856,59.673556621253816,60.007203254959535,60.05530614061845,60.07679539295378,60.26022879237153,60.35284285051713,60.22830306267798,60.18759598426257,60.447447178425335,60.603602927804936,60.76786064051673,60.956235620011064,60.929544566544585,61.115414242620155,61.349336961115775,61.67665900661192,61.88559237401845,62.12058423058434,62.170509095732456,62.200379688537716,62.23065204272117,62.00461005566949,61.81132292090639
45,57.385286935286956,59.16232193732192,59.2006223714557,58.697223494098516,58.72414122914123,59.08185286935293,59.56776847491142,60.118306115181205,61.061192511192544,61.41596204721206,61.86095709845713,63.09421932234435,63.050928665351684,62.79936878597586,62.36586894586886,62.0682870370369,61.95999844382189,61.82156706462256,61.151751440567175,60.7972909035409,60.53958829970733,59.739892514892496,59.04894356850879,59.006972637701786,58.96078367928368,59.14774408284029,59.34526127165014,59.270795358741786,59.4443167305236,59.41986755528425,59.30730056980063,59.31184037316863,58.99792614792633,58.66591057363136,58.271435984650466,58.279104486049185,58.30553823053846,58.18851857207141,58.29228081984513,58.17087161680929,58.08530852616236,58.02319066515517,57.888184446905576,57.73030673030692,57.60573621851417,57.50656708428462,57.377009456264915,57.37899061779281,57.37690843736774,57.23207916157927,57.098349353986755,56.89544785698649,56.68410615415345,56.43144784742013,56.34045574795583,56.427363872899626,56.37329059829063,56.27863221548571,56.062839224491796,56.02329008954008
46,48.085017297517304,50.59218050468053,51.06195902862571,51.51714234839238,52.96590150590152,54.009292328042335,55.78911928019064,57.892177960927924,58.67997049247047,58.916638685388655,59.86555435305436,61.396074989824974,61.484818102125836,61.422464968893614,61.86840014923346,62.064351851851825,61.75393294069761,61.567649685705206,61.07471295760766,61.020213675213625,60.70965051262666,60.43232554482551,60.37299308984086,60.47450142450137,61.00751566951556,61.95660319025694,62.48665170563311,62.78340692046038,63.34784359956761,63.423997761497674,63.066326296164945,62.924197605056975,62.68868893452224,62.53651945821064,62.34163919413921,62.50991300366309,62.80136716386721,63.05842423901639,63.42831705331712,63.41700981888486,63.455698377954526,63.41519238037102,63.41555830044205,63.471613340363305,63.44253640392529,63.60298293695029,63.61271800500518,63.44780834520409,63.340025998189105,63.14644586894569,62.94254540847664,62.8103614868037,62.65697832914809,62.34592396629428,62.150435027934954,62.02491523853127,61.815410052910075,61.59671513830998,61.317476183577774,61.096143501560164
47,69.61085673585677,66.5029838217339,63.0299687966355,59.10332214082215,59.28505189255187,59.02835860127521,59.421366794580976,61.27896888990627,61.255859675304066,60.414097476597426,59.13688256188253,59.18303189865688,58.3409309351617,57.7719300540729,56.94610297110296,56.239386510480344,55.60339216883337,55.507316680233416,55.33065784118425,55.017080535205594,54.60514007597348,54.1872877122878,54.08122776981478,54.19872197632619,54.7237635327636,55.166972112645226,55.33172700070852,55.20961465782898,55.15964924283889,55.03613553113553,54.73675328554363,54.79343346179286,54.80250706084047,54.84928415810776,54.7757971393687,54.815849556821924,54.98561432311448,54.95747608872624,55.025413914196065,54.850814763939844,54.831721090562596,54.86517215148176,54.85862568740481,55.087718300218384,55.15626237959573,55.502723031799086,55.670690125477336,55.7650820148216,55.782727712574626,55.708431827431816,55.726875294277214,55.94495270576998,56.13444039363854,56.061704936010464,56.15429968179961,56.14547212047202,56.00567167562767,55.9882649677907,55.80367326490198,55.76214802943954
48,60.70779914529916,61.60814509564515,61.45749559082899,61.64077508140015,63.578039275539375,64.74927418260756,65.68448165591035,67.06830484330497,68.09203070591973,68.38978734228746,68.45036630036648,68.95269595373777,69.4416670580135,69.47712476016079,69.55542768959468,69.43866217694372,68.79975041298601,67.85979429521122,67.1906754064651,66.71191315628836,66.04739786227898,65.68941983942005,65.06330404699986,64.90226097205283,65.1788882783884,65.20323995804783,65.03337233753918,64.59434105907333,64.30507820723349,63.776537274454036,63.46779198996951,63.24142850783476,63.014510952010994,62.80978925758345,62.32632449561022,62.06808749378193,62.197576972576925,62.24202560353877,62.43522901599823,62.55573743386238,62.51703743411055,62.534843353295685,62.63758530444577,62.69684539997046,62.79417989417996,62.91519184318104,63.110029096199305,63.47834217287347,63.87558101384635,64.10457773707776,64.30885066277224,64.64758001080115,64.88803236421161,65.12659851294111,65.46069994819996,65.73485040918077,65.80094199173148,65.89710020981569,65.92927298690007,65.9180495353412
49,55.583211233211244,59.33297212047213,58.339704585537916,58.050782203907175,57.15525946275946,56.23399810066479,56.9362884470028,57.755074786324805,56.67808189752633,56.0471957671958,55.77803307803312,56.158858194274885,55.73559649040426,54.733453979882604,54.19609008275684,53.77088865995124,53.364766633149074,53.16625994889892,52.79369658119667,53.055129477004506,53.2138716882765,53.08937474562478,52.751914892675806,52.458418125084826,53.10216035816041,53.73830813061587,54.01880586834294,54.41591771323928,54.84404077723056,55.234007258174024,55.59447332834439,55.827741052350504,56.04777352277362,56.306144808350844,56.48995842781575,56.97545349455086,57.460897848397956,57.694142407300426,58.030564426077355,58.0780724715101,58.07105681130085,58.12548282845916,58.189411008887916,58.240410862286055,58.279119522453094,58.43884675107529,58.685496821933285,58.83408077262279,59.16479903316674,59.22563034188063,59.4572573758852,59.820570544128586,60.08532034003762,60.1075400593922,60.30772283272307,60.584615475463885,60.672288627552014,60.73586761259197,60.65872877906802,60.515515449057396
50,68.35273199023203,71.28151963776962,71.73151200651195,71.72462861212858,73.67839845339846,74.17358228191557,74.1368001046572,75.61666094322338,76.28645988784878,76.5139255189256,76.70871582121595,76.6982214930133,76.86260057606216,76.30857498982512,76.05507054673733,75.65311100936108,75.18254387224981,74.876983844345,73.92292295910723,73.62478378103377,73.15657596371884,72.81939750064751,72.45334182725479,72.2887608533441,72.2468384208383,72.13680183776326,71.8981394805467,71.5468223079829,71.8214408516131,72.07897825939479,71.94575193325181,71.70725017170317,71.55666802333448,70.99951444252896,70.27639644746769,69.85950854700837,69.71205807455796,69.45791682732462,69.43920235747154,69.155657051282,68.9542397530202,68.60998253289917,68.37939240991567,67.88967629592635,67.47078754578766,67.0705610412133,66.80000270611984,66.67643573633174,66.72980540812189,66.60334890109901,66.51110592385113,66.58130909332841,66.63908614969938,66.58701810021263,66.43750582750587,66.266442271353,65.92486995622961,65.66372170294586,65.36988791967606,65.15578941120604
51,71.91614265364265,74.55104802604806,75.34681522181528,76.71296677859179,78.48492266992272,77.77800332383674,77.56102971102978,77.67154685592195,77.47374112513008,76.36419871794878,75.89661634661643,75.68612001424505,74.70507967815666,72.7272875603233,71.33538563288572,69.8428355209606,68.78065012329726,67.67077934925166,66.45379474326852,65.48925569800575,64.59827121731887,64.07688145188146,63.7650687476775,63.85049136819969,64.08122201872199,64.71872730190033,65.10841906721531,65.41772632129769,65.43259529423321,65.11874389499393,64.78819239303121,64.43009783908231,64.07009148259158,63.90617967272394,63.419764521193216,63.211561920589766,63.4052951302952,63.68026222072285,63.98087645972268,63.872344703907274,63.83003799497705,63.59145904800669,63.467318695516425,63.16861078736085,63.15539105955774,63.17284378262637,63.06371169216916,62.97121065662735,62.88813261568359,62.59494057794051,62.38905348464167,62.27816863513973,62.15800600517579,61.97994185170104,62.022231009730895,61.989068586836304,61.94606655527696,61.74074354763996,61.469645702696404,61.23764957264943
52,61.64362026862023,63.57453449328446,62.30083095916424,59.20603505290999,59.48724765974761,59.78554978971641,60.90080455259031,61.74187779812785,62.13902625152625,62.57489926739924,62.89394956894955,63.52632614299278,63.795409896371474,62.78445403802556,62.250050535883965,61.992350936101076,61.442407347554514,60.92615684212922,59.96015894436963,59.59862255799766,59.38163047270204,58.921211427461564,58.610735962910006,58.16772486772498,58.30953235653244,58.42407524811383,58.50182829858768,58.44546212715869,58.46087901562055,58.42962776421123,58.1215958026444,57.97272858796323,57.79063976147338,57.45330238933207,56.956675824176116,56.76435057997586,56.77838855338883,56.78740213246822,57.05358108178656,57.14590265059048,57.14286706969668,57.275411482257084,57.52920724839367,57.571780881156215,57.54658515352992,57.5898410265261,57.686945786680155,57.80926212098121,57.975765202296145,57.81225223850258,57.65133362461821,57.47828916987601,57.39230999608386,57.12240132124415,56.94761340511366,56.896796325367994,56.65512222507861,56.40740960029776,56.124883504756646,55.93031025301883
53,57.04506003256002,57.06686507936509,54.44588760005432,52.24518722018728,51.24020757020763,51.05858516483526,52.96353639746503,54.8728556166056,56.12958666847556,56.81470187220191,57.38065360565363,58.71621387871392,58.81014839861003,58.520981961160565,57.93976597476602,57.72785409035418,57.4241988675813,57.1035654931489,56.34885986333363,56.34242495930007,56.50907392871684,56.66297360047368,56.6392938985331,56.80881495048171,57.584275335775445,57.988212642058855,58.390294924554226,58.50806060672144,58.73796278753182,58.70656559489896,58.454904190791325,58.2416882885633,58.29553902887241,58.215894862218484,57.85201683237402,57.820463923936124,57.902967390467374,57.83795747381277,57.98621207851982,57.822769764957336,57.726240606728524,57.64036462875759,57.46862535612546,57.35552988678002,57.165081852304176,56.950479442055624,56.73952179617082,56.74051190900158,56.625125422574506,56.46370767195777,56.3551509492687,56.348119286340605,56.28118333448533,56.05884792505176,56.01413401413421,56.021904707395905,55.98087401552324,56.044938283300446,56.107590298904036,56.14859822276507
54,48.17810846560843,49.04231277981275,49.14982702482698,50.21584757834754,52.37738705738701,52.897996370913006,54.36587010872723,54.94459643365893,54.812085650974545,54.43162444037442,54.662225737225704,55.438579398996055,56.01135922482072,55.81625675911394,55.86498711165376,55.648468978937665,55.210385992003616,54.90243861077186,54.231364736627754,54.25928673178658,54.35734393472473,54.40440809190792,54.479217984109134,54.37907127594614,55.02164245014231,55.40612907391739,55.589652391503996,55.490900270364314,55.593689739379194,55.605930335096836,55.476970013260164,55.588438803673036,55.732442094941945,55.851391881538845,55.69870472120464,55.75290906367289,55.88923442673437,56.133949858620895,56.496308558488,56.63954924704916,56.71115615414389,56.700754404325785,56.688086009597626,56.5380188098938,56.44765409487631,56.49682572861916,56.53791241264637,56.62388838013829,56.887104005216145,56.784089845339736,56.645118289480955,56.64026153689599,56.906673846767966,56.92918447293431,57.09436202686177,57.284019419733475,57.24357876528907,57.282654063688426,57.239076091830185,57.29346738909215
55,55.49509055759053,54.64277828652825,52.46041073124405,50.36219220594222,50.92332315832313,51.825356125356144,53.221443107157405,53.53659569597072,53.66052322163438,54.55819902319909,55.066235616235716,55.99504646587987,56.10821358129054,56.265109526716685,56.80475003391671,56.84455541564914,56.588265519883166,56.26301327273551,55.954551174945976,55.59953907203916,55.38475831928222,55.20781741406749,54.8192099768187,54.753913139329825,54.99968213268221,55.46299916251845,55.40259293175967,55.250051056747516,55.32016774732294,55.429090354090405,55.45856817913278,55.45394853988617,55.4158673117008,55.54236949053143,55.357083987441264,55.31366659318066,55.43150801900818,55.57775448235986,55.64671568934401,55.7750651200653,55.73107696278444,55.78760199236404,55.72531140263711,55.5763380138381,55.38535872563659,55.49758188671244,55.678697425506044,55.83657608787826,56.070208089340795,56.07787891737895,56.198226555579595,56.275452494442945,56.41758932891015,56.346420469105716,56.42401894401907,56.435517054044034,56.38368428193004,56.28435311495672,56.219821178507736,56.091593491385254
56,67.88379120879121,69.42763532763537,67.04618945868947,66.17122252747257,65.4579558404559,65.88734652692996,66.46344700273282,67.62877874440386,68.57418995613448,69.32586843711854,70.19159775409781,71.48730285917797,72.08109170032256,72.91308797023088,73.10157509157514,73.09944959554342,73.0360192367547,73.00750548320002,72.32218928732094,72.08415242165249,71.71457642886217,71.27603923853924,70.58476004671655,69.74538075735985,69.69441778591778,69.66868816724578,69.47339253681838,69.086535372696,68.84345273181464,68.61694749694733,68.17444825186745,67.84205188619234,67.47826679493326,66.9720565790417,66.34559756381175,66.07019979763028,65.96849569349558,66.00795029775277,65.88297746887483,65.66290254883997,65.34069495319494,65.00239706281374,64.70550858486901,64.41285358160356,64.10478598561933,63.97815934065933,63.76810242554933,63.733932281067744,63.66361271004132,63.40289255189259,63.16644291619793,63.089288649384955,63.1727925987361,63.150035989387995,63.19712833462844,63.216824106779654,63.070082256924515,62.88300922417309,62.76191372971039,62.57081035476875
57,60.923585673585656,62.13898555148558,59.47177960927963,56.909057030932075,56.68176841676846,57.63243962827299,59.45359613931049,61.03661477411482,61.53403936598382,61.096602055352065,60.911890424390485,60.73285510785518,59.92995679534142,59.14721204721205,58.46631461131463,57.8190606557794,57.55787815126054,57.24898645593093,56.677169954801585,56.26181929181936,56.07781581293495,55.82245324120334,55.70315513793785,55.48790827228333,56.05525559625568,56.7442460317461,56.96979698970441,56.950432256235864,57.05681936199187,57.106015126848554,57.29278362020307,57.685993780525074,57.844590748757426,57.89906584428643,57.76210695389269,57.77580778275229,57.89111996612,57.99216925861663,58.47786152593845,58.65371400590155,58.66021620655768,58.5485578134388,58.55540293040294,58.49188912938913,58.41894372088815,58.50033533294402,58.439815572528346,58.561078042328035,58.5643122939041,58.46339163614155,58.30842680376985,58.22282274349568,58.168081089071535,57.93032105925608,57.8685617160615,58.05641779681935,58.0967362316044,58.109268118535084,58.089238633306195,57.919910459910206
58,65.97706043956045,68.16460877085878,66.95588115588112,64.4334134615385,63.841208791208835,63.38200803825805,62.48468806325948,62.31858974358975,61.72859856193194,60.994180911680935,61.31629296629297,62.20467584113414,61.87817342913489,61.88194807837658,62.08284764618086,61.714510518416674,61.281431803490555,60.37849879030429,59.831136869952594,59.29365562678056,59.3137071922785,59.214932289932165,59.094376758507046,58.85072306166043,59.34557610907596,59.74775562756323,59.88441433395128,59.97877038635955,59.928314070986374,59.77634971509959,59.57601832158278,59.5607530779405,59.40748063664723,59.44792055711167,59.42357317285881,59.5664620359064,59.80324857824852,60.00106556455229,59.99517247946724,59.85196352258838,59.78575597843872,59.75514988759013,59.83351861316957,59.87079876142358,59.78536516980951,59.77630726761151,59.78545763731927,59.757837619556305,59.784473765086,59.53994179894176,59.400081300326384,59.4210473020569,59.47535996498251,59.220799416632616,59.110646575646356,59.22860858552811,59.06709116095064,59.02697360111141,58.77950451149589,58.716941731108236
59,66.55883699633704,69.78007478632483,70.04983889567225,68.21014066951564,68.93997659747653,68.55641110432771,68.62077737077729,68.41927528490025,67.23817946456826,66.53033424908413,66.15508611758598,66.06205865893351,64.99424681443898,63.88216175359009,63.5967697734362,63.01713726088704,62.827470432617275,62.40488683127556,61.80796167769834,61.71849384411867,61.50612123766868,61.443333749583594,61.307571534745236,61.362060990706595,61.95603703703677,62.2341935130394,62.46240126471589,62.53186195418315,62.53747263273103,62.858130172296605,62.807306641983786,62.7483562589029,62.45765453682099,61.93562360841749,61.536542531542395,61.188768343282156,61.10977350977347,60.95416358738726,61.06601781409475,60.9714849155474,61.10379813276158,61.22583265499933,61.45486945225316,61.54558890183887,61.540695744584625,61.66939865689869,61.793997718199876,62.075408060304,62.2925888548339,62.41528072853085,62.58871561445099,62.790459264738274,63.05957737231346,63.19405167020931,63.32597041847069,63.381537989127516,63.194937039893375,63.148967938192264,63.01937822064959,62.93827423348276
60,55.44538054538051,52.76294770044773,51.993023334689994,51.08605133292629,52.66891636141626,53.58396672771665,55.04683411826259,55.36618080993072,54.62655112377322,54.13134259259249,54.31392172642167,54.49974901641556,54.25235551485539,53.71111183789745,53.74259801926458,54.043735373422756,54.293154911537115,54.208772271966524,54.08168632050194,54.54431420431407,54.571110723491536,54.76253353128336,54.79059961777338,54.7186749592998,55.295489214489,55.91467549544452,55.99726311068874,55.95633721437272,55.974341782100204,55.904948277031494,55.64427754145488,55.81136326058192,55.76177264093924,55.57707181163057,55.448007878365,55.643346815221825,56.002437739937726,56.331862107191085,56.68448532711356,56.73901302401303,56.903503429722974,56.9623972808497,57.04230177660412,57.150564597439605,57.17881528964864,57.2868295553078,57.41131298764274,57.420104548229546,57.58831098984157,57.53537891737885,57.43598950976398,57.451820446291585,57.32333628984571,57.1006037172704,57.04726393976392,57.11893342272807,57.112954751551264,57.085338336631445,56.98457753012844,56.831661918328585
61,65.5110602360602,65.55626780626777,64.39115791615791,62.34841905779403,62.44644586894586,62.14657780491112,63.318937874294974,63.428366020553455,62.76108115135891,62.26305046805046,62.04970769970767,62.82385276760263,62.94726761842142,62.52224984010691,62.39527167277161,62.25577940577935,62.360772642390245,62.751221001221005,62.43780471477848,62.708746693121775,62.817383278097644,63.286745199245274,63.94369945674307,64.24698162562753,65.1039961334962,65.87583591622058,66.88781127994096,67.70008176347478,67.98129833129855,68.2307164903001,68.38978560268912,68.39953242648586,68.5383678050348,68.4782892216719,68.24678062678096,68.04063065278375,67.97189442189475,67.79146089047435,67.64227599323777,67.2687942612945,66.9575412956513,66.72032833788815,66.540898926655,66.35912282162307,66.07051926468625,65.90788629647356,65.91703794629358,65.97708969271504,65.9688681027969,65.77885083435096,65.58964792469706,65.48584245170798,65.31579747122211,64.96074358597515,64.80562992562996,64.7604522792023,64.5044795036023,64.24830849227396,63.86071221622063,63.64770333061994
62,66.5797975172975,59.982710113960096,56.36119929453263,54.45658831908833,54.88583638583639,55.1873668769502,56.23441406477115,57.976668701668615,58.01864853253736,57.46310592185583,57.20222555222546,57.969827703160966,57.7172360758899,57.078222934472954,56.51641703975045,56.0552706552707,55.455303873686255,55.11492419617425,54.60278661397089,54.74685159747663,54.93474572165054,54.88084739334746,54.84790792942972,55.08385607448115,55.480833740333836,55.99331795341419,56.09978933960422,55.95424170736678,55.963267686974625,55.914043040293066,55.92103896700677,55.76896812678065,55.65930042180043,55.71931785534725,55.5506998953427,55.65473477140136,55.75201905201899,55.96253440760013,56.32811916241397,56.2532305657305,56.50122881860678,56.437810337810255,56.405009299486,56.34368478743476,56.45282921810693,56.528831665516385,56.78320711990921,56.93612414784284,56.9727171637886,56.88449369149371,56.94388900859488,57.00157194123534,56.95934939449076,56.83548091997153,56.87281163281146,56.94834274521758,57.024231518968236,57.13800331214114,57.210693073404876,57.27836852191013
63,68.85837912087912,67.00505443630445,66.44441900691898,63.833222680097634,64.54025844525837,64.40842066883727,67.26986380022092,69.80121718559218,71.1189667842446,70.99514448514448,70.70910755910761,70.53980548772233,69.84973858050799,68.8128361387291,67.66528422195098,67.51855444902334,66.83887991093891,66.41806064306081,65.63323881284427,65.45609406796918,65.54437661104336,65.1580616143117,64.74545088566839,64.4939378137296,64.66704558404574,64.64758167402412,64.47222881713634,64.40778951537887,64.2933255441876,64.19902370777366,64.09870432733327,63.8920088013837,63.61933668183665,63.25588384926617,62.82952540845395,62.65889522000641,62.678989153989214,62.60877688344794,62.74665424793626,62.61407038563284,62.523212176260905,62.42149604143652,62.455030004448666,62.47596200096207,62.407760932483264,62.32715588557992,62.4202217502751,62.63289125033936,62.85679607618399,62.82416208791224,62.82303313063133,62.7610788250213,62.839248853871624,62.683026764045366,62.76812890812892,62.848222280365206,62.77288609700907,62.769530230306266,62.616421604133606,62.48970314407832
64,60.56616809116813,63.93547517297523,62.25419549586222,60.12534340659345,60.49424603174609,60.3753985212319,60.99040787255089,62.30888278388291,62.39789886039896,62.234694749694846,61.785508010508096,62.68653295007463,63.47739817162902,63.089138540031435,63.19500271333612,62.94346986925111,62.469024575642194,62.036811490978124,61.402680311890826,61.16645197395191,60.79802144504519,60.40165505790499,59.79098582576841,59.30653129663545,59.448460724460695,60.06624185999182,60.43849300562266,60.43233127652773,60.468487993488075,60.22526573734914,59.79585532448439,59.32971691213877,59.00894337144339,58.72362532619887,58.28374920053493,58.05422927124318,58.20576758076755,58.27139295889292,58.41890099454198,58.34191086691083,58.27271930869492,58.250833381785796,58.28306854644063,58.22169427794424,58.10434766879209,58.01705221107388,57.99752909619927,58.00644555097674,58.03221813145274,57.83148341473332,57.71668342550683,57.64626997824104,57.813842045445796,57.79962804685022,57.80171596921593,57.8604087628641,57.86824182964534,57.931581214124336,57.83740894228188,57.93782933116271
65,73.47853581603577,71.4431013431013,72.29343033509694,70.62374338624342,70.64620472120474,69.94038800705465,70.31985725914294,70.35000635938128,70.49771740605067,71.0241112128611,71.66978484478481,72.41312957875448,72.88432891894415,72.77679770626182,73.34195665445654,73.88238451363435,74.17623476741112,74.54844859358734,74.45411016858372,74.67930911680898,74.06496380603515,73.4671786546786,73.12201695245169,73.00141581026998,73.43458587708598,73.80726280485901,74.01526439952373,74.22852836647483,74.27244133580342,73.97355056980064,73.62205778092888,73.36965923255002,73.04406087739437,72.81034633939065,72.31349773242647,72.06649637656602,71.92208224708243,71.9927557944007,71.9783161401753,71.75051765364285,71.34634146341479,71.06098610384345,70.90429290778143,70.67862207237211,70.47835221363005,70.3507592548355,70.01718483447229,69.80955804419368,69.67637549525338,69.2936800976805,68.9936004173754,68.85242517454105,68.7102918308112,68.49793381344354,68.38271497021547,68.41646543767126,68.1229303672291,67.92939665698333,67.56642255265186,67.3216441120613
66,72.40325600325599,67.44239417989415,66.5117063492064,63.72085241147748,64.64379629629636,65.29323616198621,66.09248212105356,67.01574328449331,67.22639171528066,67.0766865079366,66.96878630628633,67.23745506037172,66.98578942425104,66.02316341066347,66.1240774657442,65.75254534238924,65.24059380162329,64.82299947994409,63.972933401880965,63.81227971102989,63.611471597186046,63.27315693565709,62.91785470970268,62.51351156559504,63.15755555555562,63.58089211358446,64.06494822050385,64.2825642115822,64.24888443293626,64.39512260887275,64.29300057767814,64.03695977055364,64.08839447589463,64.25631868131882,64.09821283214158,64.17561629471366,64.437888850389,64.60656997729379,64.99265820836345,65.11176078551094,65.32164460426661,65.33709348411739,65.31367154593906,65.15220219595223,65.23550083661196,65.19815301445736,65.27159440244547,65.47256403897038,65.62120368293853,65.57713553113571,65.6585488041372,65.6742903908771,65.69133117930316,65.61401155428975,65.72567386317426,65.77887640633215,65.67571805225359,65.62354181578368,65.63634901664614,65.63520188916074
67,61.979675417175386,65.26377950752955,64.42721476054813,64.10974002849008,65.16694342694349,65.47629731379747,67.27212192569354,68.33327482702504,68.69886379053061,69.18474409849426,69.44274383024391,70.04014338285182,70.10052596975682,70.29678069945928,69.72759191425855,69.46712772181522,68.79789616701377,68.05443263012707,67.40929460403144,67.19377925315425,67.33832562939705,67.39427563177564,67.3394954079736,67.25016555589467,67.88215995115989,68.120755651044,68.19690830431568,67.92053262544339,67.9146541198266,67.84654524487868,67.83739841401133,67.68708059879944,67.57520889604233,67.3396377995643,67.12912451305307,66.91649934427711,66.82271969771966,66.78767203800095,66.68189983093832,66.4112400793651,66.09812407556309,65.9586674128341,65.88242610103082,65.64711006586015,65.49410731244078,65.59144381182438,65.53781823968008,65.43938364875885,65.2362880316964,64.90422232397252,64.58568665357905,64.30617427444376,64.09230951613057,63.81487464010641,63.65632774632802,63.50517989781409,63.261440281616004,63.09019848287121,62.83896313197196,62.58975088183455
68,60.39033882783887,63.338891432641454,62.32498473748475,59.668828856328815,59.44676231176223,59.45995879120872,61.478633205418866,61.93700015262513,62.39796386740829,62.836102971102946,63.463764013764035,64.41992097408773,64.15153681788304,62.97316450084314,62.47551349884688,62.02677045177049,61.70965099715102,61.204432347487895,60.55668685602891,60.33695996133495,60.303763300191854,59.90370069745069,59.38916007502962,58.96692464557045,59.11667460317457,59.51766009987163,59.44167081204116,59.15247379934869,59.05541187739451,59.092359754442995,59.21017025089596,59.17699764066947,59.306000172666735,59.33486347530451,59.14556776556764,59.110735483651986,59.41550011549997,59.5128853115694,59.77039163353252,59.798994454619326,59.8020120462192,59.737557900652966,59.75798560827611,59.705135605135425,59.75409340659325,59.85798340146151,59.922339667818214,59.937999741384964,60.20294732667162,60.25342511192498,60.250922634010685,60.20978434848605,60.124790068421966,59.933896915841174,59.901057923557815,60.009226735566,60.0840125598898,60.09438155235568,59.9623974738381,59.95365757699085
69,62.72018213268212,58.70757020757018,60.145507733007754,60.40706400081403,61.15322140822143,60.771331060914434,60.947871242514125,60.87926142144898,59.797626396237554,59.20926892551897,58.286617086617106,58.73712903608741,58.544400222284914,58.17358058608062,57.364494641161336,56.76353180962555,56.0663709928416,55.63349415502195,55.01601198509093,55.01365308302808,55.215240711669274,55.07343674843675,54.964888030648865,54.73979128510372,55.38906389906382,56.00815253122937,56.28173001552621,56.04675508023703,56.11939181508131,55.964857210690326,56.02088158257499,56.010802045176916,56.12830487413804,56.089848033230204,56.02500203500183,56.18233971532565,56.694617007116804,56.94333590386201,57.30851178735771,57.442573260073026,57.54128063670724,57.56461240479076,57.632702837644544,57.72716843341828,57.64377730294387,57.53036223036212,57.31370151715882,57.15672387990082,57.1070598996618,56.99033038258029,56.92516180261269,56.83627880310556,56.85327692922008,56.69001699603526,56.73302715802694,56.75310028926074,56.60515185756393,56.50812562278056,56.384161734373386,56.20656364468844
70,56.326912901912934,56.5140949328449,56.95943393026729,58.56252670940168,59.33852360602363,60.21305199430202,61.424325542182686,64.14211118742364,65.50595464206576,66.34380240130241,67.65105681355679,69.15993377764207,69.32333716852948,69.20950127914413,69.79305894722548,70.8379473824785,71.36046380090482,70.598476009587,70.13978348649393,69.85413817663812,69.52479286586424,69.25170477670474,69.31856696041467,69.12624474291123,69.04207488807471,69.23136055539882,69.61155730414974,69.49036917117263,69.68079484372569,69.65659510242821,69.57681968569047,69.22488553113533,68.97550612967267,68.68835410232451,68.12873233908928,67.82361365486348,67.726514151514,67.69108535226941,67.68438840361902,67.42540700040688,67.30197903947891,67.09190844428929,66.97931799036438,66.87558020683021,66.66705433455431,66.55911703031272,66.39114265364267,66.29517079178547,66.16715807812756,65.93056491656499,65.7281430805941,65.71028321749483,65.6221569485721,65.41416465050735,65.3233852258853,65.20194488051644,64.98882926689957,64.72818960254315,64.40668946558782,64.12192350088186
71,65.36919515669513,65.81087708587707,63.349007936507945,61.45722807285309,62.28561762311767,61.58487145570487,60.69319509855232,61.05276951058203,60.7373524623525,60.15844780219782,60.01758426758427,60.28838056233885,60.1188077236154,59.13279914529917,58.52112162528833,58.57115734381361,57.99499988029399,57.60877029349257,57.127220294325646,57.14048865486372,56.95999888559415,56.740525215525246,56.66081205429031,56.6171448921449,57.18741452991454,57.71490247644097,57.760808310345325,57.73210597273099,57.642868721317015,57.6554973884141,57.71672525503179,57.62482432209007,57.77933979600667,57.566370244679305,57.34037444037471,57.12143648532567,57.372285472285746,57.795073152968165,57.98314079083344,57.89129973036253,57.6721636538713,57.50697278911596,57.586098214877545,57.444370213120436,57.392229005562555,57.35546010953639,57.41838310428757,57.4413737111656,57.52136098028978,57.362523300773496,57.26086471625707,57.21089498998179,57.21330017815886,57.10049876392487,57.09045473045487,57.149710012210136,57.051912991167605,56.99957615819703,56.84618264660662,56.763623914665764
72,49.41687525437527,51.68289835164839,51.848297381630736,51.321855921856006,53.27356837606845,54.38321038529379,56.212460026745816,58.23512858669121,59.94757099895997,61.64774674399681,61.634281921781955,62.61737552570886,62.87093273535581,62.703399180184846,62.324928096594746,62.134644955738715,61.570312911489445,61.201301553384916,60.72436673949835,60.531341575091616,60.40404069035025,60.48413877788884,60.09667432004396,59.83842486602914,60.123350427350445,59.835194577502314,59.771372608872646,59.62837392435612,59.70072751322751,59.90240944240947,59.944400462142404,60.017630112942584,60.0360808944142,59.84245448179273,59.60768881911733,59.48211600642149,59.427517215017126,59.277543083135086,59.26710914916031,59.00959528897021,58.685202060811726,58.337146418396316,58.129680386366346,57.818842846967755,57.55961787184001,57.408123418449435,57.26470343092673,57.03663448819694,56.94977251584395,56.63966615791622,56.567648355638624,56.54255932813634,56.68971488853568,56.65617585432404,56.71251831501833,56.83929016585268,56.70261488836052,56.63651153284783,56.513049881694116,56.33273750169598
73,52.28039275539274,54.31825905575902,54.86968355718352,55.73055682743177,57.86585470085463,58.71989299280958,60.7053542357113,62.05242038054535,61.70482973816301,61.774330484330484,62.279042716542676,63.20550128883464,63.4747593218747,62.98222062329206,63.063707773707755,63.47743182743179,63.34459826665703,63.04182409668519,62.561112717691586,62.20280372405367,62.092954774502346,62.06571715321711,61.824321813452194,61.87648427960919,62.44056308506301,62.919326062114465,63.4630662204735,63.448802437641554,63.54397078017752,63.538379968796434,63.35404505888358,63.40998136701246,63.36532680282662,63.209918240800405,62.84930213965912,62.74910883869206,62.682667282667175,62.82456408114291,62.91418344238842,62.69198310948297,62.42521007673435,62.27688722212519,62.11459344918633,62.046765156140076,61.78117939673484,61.713520818955466,61.56600518276036,61.70002575549439,61.764899122041875,61.807316849816786,61.9144921073842,62.00860952615749,62.05160102825188,61.8948925217443,61.91857253857253,61.921552942758325,61.83816923005522,61.758673845311776,61.46636158881924,61.24407195428033
74,64.46831501831501,65.5223137973138,62.15704110704109,62.8869187525438,63.479495319495356,63.3989824989825,64.59143336821913,66.24811507936512,66.12846854791302,66.89746743996747,67.8446826321827,68.47532008886178,68.69197935255626,68.11442453049598,67.60141873558548,67.20436094576726,66.84503429576965,66.20861088499983,65.44411589872121,64.6047761497762,64.11312285598005,63.529090354090414,63.036861407513605,62.58489795312717,62.69420553520564,62.504950338123436,62.02701144877074,61.50304105616605,61.13913870293182,60.97169057794054,60.66295180327437,60.35146758623325,59.88442113442114,59.419621908592525,58.83496874818302,58.72653868764983,58.873059460559496,58.88751218323589,59.01963216033731,58.814705306267854,58.69675963151582,58.543878035544765,58.47818572469741,58.42037245162248,58.37494188938644,58.315365924333435,58.14103743970773,58.35305875644424,58.432310640984156,58.40692724867731,58.37388872928093,58.457933572837376,58.59163902135597,58.46249227452925,58.626285196285146,58.758816010378396,58.83291419431757,58.832394162350894,58.69974450376981,58.59926655134979
75,70.04874847374846,70.91996336996338,70.02254103920771,68.46610322547824,69.77892348392352,69.69353293311623,70.7120450316878,71.38856010887253,71.7995257314701,71.41727716727715,71.74550680800671,72.43155991385144,72.00092592592584,70.8635683760682,70.20848799348785,69.54371216168076,68.91680732121901,67.59648792565449,66.36603849366995,65.60458562271052,64.89313501753963,64.10496933621921,63.54227871564813,62.853665547415424,62.71322893772885,62.95518514605051,63.103416353879304,62.81711981801271,62.59924985614638,62.34493776285432,62.104766335814595,61.75330703729131,61.642617105117,61.185679720606075,60.74714692714678,60.70227496269152,60.925051150051075,61.213886479018015,61.52488990117195,61.852100885225866,61.83230193474095,61.48780306994586,61.389361080349424,61.210664682539665,61.10046499796498,61.0493987896161,61.03717245126814,60.98064607075019,61.08777752859387,60.75038838013844,60.708478875880836,60.689975756081466,60.63996321637832,60.424706997392164,60.26383200133204,60.11442852782142,59.96961929396143,59.7967460142029,59.569425301628705,59.41936312915484
76,65.72866809116809,69.24265873015877,67.09925213675211,65.10433073870573,66.82691086691086,67.00626950210285,67.46196581196585,68.70791552197808,68.36344853705968,68.09828398453402,68.24332750582755,68.82875161104334,68.62073353996433,68.34840906448052,67.78917752001081,67.27906332671957,66.48908131628708,65.90903964862281,65.17500187434379,64.79413486975966,64.44866174389962,64.41488858363839,64.25225664029993,64.36758411341722,64.70775295075275,65.20896868444932,65.0833702648516,64.8965808331879,64.76240140765992,64.7261306132138,64.4650916735593,64.43136605870968,64.31137504470827,64.05049393689087,63.46215492179766,63.14717078189281,63.22938845438828,63.212822922691196,63.244731040564226,63.04364163614147,62.90683065805002,62.76926238444081,62.67314601849469,62.55135512635496,62.2628319314429,62.11208337757234,61.8943472406237,61.83157422245962,61.74249811035524,61.48860124135123,61.41512615017517,61.28883458955571,61.118105374709096,60.86834742760668,60.79891848891845,60.76604544595607,60.50894383394375,60.24950774002482,59.939291664079725,59.71366978700309
77,67.16500305250311,70.31246184371189,69.19102394519065,70.00771774521776,71.407791005291,72.29154371862705,73.01157044014181,72.89462059930807,73.18628747795411,73.00152421652413,73.06632441632429,73.03953245828248,72.65821318994394,71.76806609395894,70.83930199430196,70.68442205942203,70.45478045919216,69.9628386017274,69.36858090739658,69.22999516687007,68.85759007306615,68.60257612757597,68.08180730300286,67.7619382546465,67.93215120065103,68.28257588209502,68.21658451288071,67.86407058549905,67.84773255161177,67.97246116537768,68.01460540654067,67.79421359890088,67.55049903799883,67.29789437142357,67.0052170184311,67.01714503346429,67.32817927817912,67.30907664460278,67.48817546413686,67.21667887667873,67.03408653225713,66.71483661840789,66.6279580884231,66.29921178358671,65.97776455026447,65.91192079860546,65.68622422691558,65.6743154125966,65.67766709858539,65.57229812779813,65.41778452121588,65.31954179189754,65.13793752543755,64.87502176321628,64.68733664483675,64.51120359468587,64.28793145613338,64.09288196637344,63.934315566730945,63.83981108397782
78,49.91624440374445,54.184284696784715,52.253218694885405,48.93916361416368,49.48934676434685,49.841964285714376,51.42041034362475,52.426365359178035,52.83766788766811,52.98927859177879,53.00561336811358,53.51748278727462,53.95749115556824,53.235624527589046,52.740394790394994,52.69748263888909,52.27903050108951,52.10327183104981,51.94308768716686,52.261766636141886,52.58203698858486,52.7633313445816,52.837515483711364,52.81337441493714,53.61945950345977,54.04665985723702,54.239541408523124,54.36122812372838,54.67924596157377,54.78527794736148,54.699571172555245,54.68651477284303,54.58445289278634,54.464888284373664,54.32867303331598,54.19099016980966,54.33934896434898,54.294705379902744,54.601128904334054,54.662307565120095,54.69608832901519,54.70134261681884,54.92317050950781,54.83015491453006,54.85531644281657,55.03435293571176,55.19583419929176,55.39613678181399,55.50069740350364,55.44969698819709,55.510861623851945,55.56414874299504,55.7283203169997,55.63787835963776,55.69415538165542,55.653441606343485,55.621015323208454,55.47493114325023,55.248920241716974,55.04189433251943
79,72.4413258038258,74.55898453398453,77.22095373762046,77.19409849409853,77.52243589743591,78.16596204721205,78.14510800046509,78.46709338115583,77.53391161307822,77.83107600732602,77.78087375587377,77.82872320580655,77.45880334053412,77.15387740566304,76.76233719983708,75.83314859330473,75.04064018769887,74.2371523538189,73.16520628494301,73.13559905372394,72.87742964707222,72.39926439301419,72.08212803701915,71.86316667514564,72.43695604395587,72.93416279233568,73.26412856690614,73.44254153584488,73.73665214096225,73.98144569936213,73.94470325075136,73.89596767526425,73.80286441953085,73.46638131748406,72.80166245130509,72.41560761769072,72.16564229064211,71.95261845853935,71.70758560053417,71.18123880748875,70.70385967916454,70.13557777099444,69.71795167580052,69.19910217097723,68.70724652919108,68.49232461379209,68.14606346175506,67.86449027438616,67.57673504688815,67.26901332926337,66.94897392005248,66.62465727826314,66.44640159805265,66.10707379897201,65.96638731638738,65.88941362869939,65.659076644603,65.39221831010627,65.08962269682617,64.93238519196859
80,67.90408526658523,67.26004527879522,65.09121896621892,63.65853937728939,63.9398707773708,63.99283933658931,64.83693601372174,64.69414428164427,64.16239372767143,63.57014499389491,63.35596995596985,63.70856099918589,62.74306416517948,61.4537763823477,60.26992572242557,59.56844379578737,58.97328491225531,58.38324232351994,57.97139269112935,57.75002976190462,57.609665048355396,57.401218919968805,57.161151589955836,56.830913588725984,57.17846825396817,58.09889327197014,58.87850189933519,59.173370544799134,59.66997845704743,59.913945360195356,60.04392453424713,60.06379063644684,60.09559946226612,60.09626068376075,59.71578027792313,59.586943342151685,59.61851961851962,59.552805892937414,59.726835676194604,59.506055530117955,59.34422679849499,59.37657022210582,59.15261947354962,58.941347425722356,58.5855591733369,58.399524871263935,58.25958518431918,58.175523907034275,58.13401246334914,57.939343406593316,57.85726066779984,57.77212184183332,57.65257331766746,57.549573403276916,57.45056138306121,57.43858790845382,57.2632680347591,57.1417818372558,56.943007784744914,56.80149114774103
81,53.854283679283654,53.57031440781439,53.28196309862968,52.17269790394785,52.32744708994705,52.612521197937845,53.399771789057475,54.18252060439551,54.10437073214838,54.04692155067142,53.90953398453388,54.79576677180836,55.05820066685447,54.6641145560788,54.6439994573328,55.222493449837174,55.52072499940144,55.785961877628495,55.642574652443024,55.88186889499383,56.32950462236174,56.76132247382244,56.95291912194082,57.380689738502205,58.62271306471307,59.923948647506336,60.90617283950611,61.634992405081604,62.11078077414282,62.34671872880202,62.650845346409795,63.02120329034384,63.10999663916328,63.11337310565249,62.878907930693565,62.950652048568614,62.993984643984504,62.8182479435767,62.91838872191419,62.7552491605615,62.484747163405565,62.20199854158177,62.095283646155636,61.994309047433916,61.8165512368289,61.7111086779564,61.44133294798177,61.300907271740535,61.31794466870992,61.096830586080436,60.9422928288123,61.042688668169276,61.129425169519315,60.95978167066102,60.97350390350354,60.989385829117595,60.92844343765363,60.824101967636196,60.57164405744888,60.29903413715888
82,58.64703907203909,56.43921703296707,55.291971916971974,53.67713039275544,55.30045380545385,55.22155321530327,56.72095834060124,58.25493424399678,58.70775279247503,59.34096001221,59.3817904317904,60.78334435626101,60.92897764628535,60.78793352811205,60.44468728802063,60.467448870573904,60.808611350523115,61.12216286799622,61.50813384958126,61.41524954212453,61.41685732697633,61.39347966847958,61.59984626886792,61.866691892212664,62.42721937321926,62.64841132869971,62.76132064095022,62.64194484417695,62.49417989417991,62.162791174874485,61.80003708955322,61.49548468025028,61.20915766332425,61.1507827276209,60.90178920286062,60.66339540089537,60.677121764621745,60.73335515605253,60.94606357555081,60.86984470390724,60.96410541806885,61.16602673120536,61.3580169615055,61.44919050856568,61.46542780265025,61.765084452584624,61.863544129235784,62.093366105345396,62.19295183274785,62.20147903947925,62.065046844949066,62.02369965326726,62.014604499274625,61.90495287462908,62.03001572501595,62.12270444502609,62.14526505008969,62.13715808457202,62.195973886440164,62.30041802333494
83,68.62511701261703,68.2794541107041,67.7889957264957,67.31640466015463,69.56772486772482,71.16341151132814,72.14936914936912,72.90005405474139,72.27336804142341,72.30479242979226,72.30514855514838,72.73340116673441,71.61736522024978,70.63494207512063,69.78366809116807,69.18789714336589,67.9860841772606,66.56039151178032,65.07798047469095,64.35403159340657,63.915179177083914,63.43099469974468,62.716358540815044,61.974302799823555,62.210388481888444,62.27647987696056,62.378292934774336,62.15665064102549,62.24009445216325,61.924621150454286,61.53838752346795,61.05016963649756,60.50689372356018,60.15321784696763,59.661226088725826,59.61029682765768,59.68076538076511,59.75731342244473,59.8361721611719,59.7574609533982,59.884093729215515,59.85197625346413,59.98377748435865,59.95865153365134,59.88607425496296,59.94124152819791,59.97453140830788,60.05909995675608,60.17465363434738,60.22633475783459,60.43104674918387,60.70548168889511,60.95417626573282,60.98968301074777,61.190457597957554,61.319332246787546,61.28149611921529,61.10895304408227,60.893080820623176,60.57268823768824
84,56.38697089947089,54.78816646316644,55.64355413105415,56.78579187016688,59.64317969067968,61.16067782526117,63.04653686260831,65.83493971306474,67.71367182200521,68.10547669922676,69.07432012432022,69.90068511735181,69.72459613036537,69.07145509913367,68.2920801112467,68.19515892094006,67.56964854317782,66.40681188667294,65.64510501681548,65.65010047822538,65.61020480841893,65.1626005938504,64.45919245810538,64.2284075685117,64.85152136752134,65.10370585610958,64.94804112211494,64.90255846996895,64.72562365795102,64.85831010039318,64.72437554977854,64.57715074277553,64.18867937617917,63.961265082956025,63.56880792487911,63.67766345023263,63.71147782397756,63.91838918878367,64.4234678782753,64.5649750712248,64.6513028976441,64.5613570071901,64.45204979129376,64.22310802623284,63.94356645412182,63.76089655111377,63.419514478822876,63.19017242402655,63.11926129426132,62.73638736263735,62.44453621904604,62.27075829263339,62.106437901720994,61.79187638493204,61.54352776852786,61.39882405953841,61.21356739426919,60.97475413315927,60.632915813000594,60.40138634513641
85,63.20091575091574,62.24871286121283,64.24509394926056,63.26674552299545,64.09904761904761,63.40150250983581,63.015250159892986,63.565613553113536,62.54826120381672,61.69845441595438,61.18813038813031,60.37846459096454,60.677767602767474,60.30090266875964,60.06622235788886,60.20662615740723,60.19076767459106,59.82834955682168,59.23166864811585,59.0578619759868,59.03896641277574,58.70844780219763,58.413557979862176,58.13375199260606,58.818625356125246,59.236891847468726,59.63721886823736,59.72445218472002,59.921517164189474,59.87994217202539,59.96702853598001,60.07057180377481,60.185275989442495,60.02151296415981,59.81867201581464,59.85243818681292,60.01993408243381,60.270084800676656,60.507064326935875,60.61366122303595,60.65788563288538,60.765152043723205,60.85218419607925,60.83216413216388,60.716671980282875,60.893023592751646,60.9279580053514,60.87129640228579,60.803998363692045,60.47672568172545,60.3125073818699,60.14286722003044,60.100382906750575,59.83317637437984,59.86488881488857,59.774258586981624,59.567731026283454,59.56758241758217,59.51814721687571,59.51650106837572
86,68.88679792429788,69.0803317053317,68.59151573734906,65.00133165445664,63.466733821733804,62.397480837064194,62.46878888307458,62.57062092999587,61.543323497490036,61.01887413512402,60.8445568320567,61.24302333468987,59.91471228201986,58.95236241932667,57.97994437661103,57.393632669413826,56.67579963609363,56.76405875503087,56.60478841334096,56.533230565730506,56.29363286625181,56.15819065194054,55.930337235228436,55.74131350902172,55.911914733414655,56.06600940014399,56.4082236693348,56.54414609861039,56.6704456303594,56.637394010310665,56.559076109076116,56.647495993589715,56.813813192979865,56.86865423519839,56.916559683702594,57.073867747478886,57.32089795839801,57.64357367778426,58.03773793869955,58.102086894586996,58.13363783912575,58.19934141035338,58.34981945272648,58.441525719650755,58.46840184506855,58.68183251933258,58.79502647667544,58.96008513091853,59.51407899545658,59.70171601546606,59.85717457923351,60.118133727028024,60.16717608911014,60.11661079832392,60.069542679542785,60.051001057474394,59.897716602760596,59.67911930024018,59.43834771631399,59.150589811423266
87,66.03411680911684,68.23683353683359,67.69968627051965,63.74549501424506,62.194584859584914,62.499652353819044,62.72191987906273,62.3686107295482,61.977850133405724,61.64294159544166,61.66281172531184,62.0730684439019,61.97456951880037,61.83832635618359,61.79571801655139,62.19364284442417,61.74221521942117,61.21211391489172,60.795452305978685,60.64713166463173,60.57861866969015,60.22437030562036,59.82256905735167,59.58231371252204,60.088119047619095,60.604981645847175,60.903253553716624,60.96000821268688,61.2146271034203,61.30207366707375,61.11523297491049,60.945127759971605,60.83019403436073,60.475305100672735,60.21377521948944,60.317118465382286,60.46038717288713,60.526527188698296,60.698088011229025,60.368353683353675,60.22981340024022,59.96872226098417,59.948349518698315,59.69084804084802,59.53016935739154,59.479156381058495,59.287091592410704,59.22010507817798,59.31527279409931,59.22590852665848,59.195444488336655,59.10125984236559,59.04038855100182,58.76277114517863,58.76459605209614,58.69662207831857,58.4201490192719,58.19870935258869,57.986905537964915,57.836997269705655
88,76.12888685388685,76.70249287749289,76.21686847103513,73.60664936914942,74.896160968661,74.45211301044638,75.60130676202108,76.00549514143263,74.88700877311979,73.29674145299133,71.25524244274233,70.07644824311487,68.85060463041225,67.57743546136395,66.80163953330614,65.81491497507119,65.02401242548298,64.65758744855964,63.676425572478244,63.54936991249493,63.329540234897415,63.102169589669714,62.83806957937405,62.81634700176379,63.25522812372822,63.71984107416814,63.81994433892593,64.01851960869824,64.2298603216707,64.38415394790388,64.4435730040568,64.48274731634098,64.35227056893714,64.19013876918277,63.73752209430765,63.43318381721144,63.49752458502444,63.49533877428603,63.66473771954533,63.56618856837599,63.5800532574922,63.50713667945801,63.63769237868064,63.614002317127266,63.41011780400663,63.48293318999833,63.56832519332512,63.796467787613494,64.01252875997761,64.1715506715506,64.33943534678825,64.40382805406846,64.51849903241418,64.44987912464775,64.4621724571726,64.46737746380619,64.2913587387273,64.24067741007413,64.11979375771755,63.95527794736136
89,68.2635836385837,67.33206654456654,69.7217355175689,71.0697395197395,71.97191391941388,70.95819173110836,70.00459329030767,70.67594118844119,71.04684631212405,70.73005952380952,70.84731287231287,71.55235212318543,71.1626710184402,70.46721284667704,70.05346187762842,69.42178119912485,68.95261228422984,68.02339517478401,66.92218312876201,66.50308531746022,65.94035699749976,65.2286327098826,64.5269763851284,64.25465973070116,64.46823137973115,64.84321992110426,64.90669082289426,64.84581134804316,65.04170999817518,65.02113129154763,65.0245585358486,64.95210447827604,64.81255735005712,64.80337271660781,64.49108785394489,64.37714424207469,64.25124533874522,64.10633876357555,64.15827110923263,64.01396342083842,63.83654776795019,63.60427750159894,63.512921079781535,63.27105290542787,62.99969531497306,62.851424169630675,62.80857147186931,62.87963439916561,62.940941126145084,62.80656827431803,62.785869704006714,62.85933478914222,62.75276318719683,62.528696920363224,62.501778961778655,62.39852507776581,62.1441978343291,61.97257904930291,61.73852853831634,61.483729819562846
90,58.64613858363858,57.95912952787954,57.438069800569814,58.05023402523411,60.2004670329671,59.94559676434682,59.848313855456645,60.72127594627589,61.11903631348066,61.46218813593806,61.40434149184145,61.90258402862568,61.98500907923979,61.64954030757589,61.16840286256943,61.516074290292906,61.84007278124914,61.290632489937984,60.56932154103198,60.21338141025631,60.062579461984136,59.9476125726125,60.001738599564646,60.01899632003795,60.503053113553094,61.146387480041255,61.67000746167408,61.852071341357046,61.9220250375423,61.8442835097002,62.046694270484664,61.90098777090967,61.9803768762102,62.01755952380943,61.94780990173834,61.97368982612029,62.126967764467715,62.229070271833336,62.4934204209844,62.446273656898505,62.27677553927538,62.11355820105807,62.068827318245795,61.76247583435068,61.527421878532806,61.54086925554297,61.61576098251609,61.59535584978269,61.6217760791738,61.50523371998349,61.29780179878188,61.22083851867476,61.05668882131114,60.832020757020494,60.78190873940862,60.73740569945916,60.61009860834415,60.52617828372139,60.36610436801112,60.29235848256679
91,54.62955840455844,58.126152319902346,54.65943393026725,53.49403617216116,54.29408323158317,54.38103717270383,54.202806122449,54.421766254578756,54.15693935693934,54.014292328042295,53.94957912457907,55.347773792565434,55.73773363388745,56.05609664806088,55.84169006919007,55.91297758954012,55.73051724963488,55.814392834531695,55.542929171218624,55.87961894586893,56.04119934298505,56.320702214452254,56.11746673214071,56.16468911104333,56.925682132682184,57.55940894931285,57.85267037489266,57.928291615791665,57.97346462605091,57.98534459367798,57.94331222839285,57.970741281288134,57.860419827086524,57.94091162105869,57.798666492237935,57.711954647718485,57.87174207174199,57.93475381830636,58.12250425263234,58.056730006104885,57.84148860398848,57.76925984068829,57.757534595034464,57.59125596625585,57.52233878261643,57.56266844065746,57.36817657322966,57.23116912986691,57.12184377413957,56.93310459910446,56.70174012624979,56.763350689552404,56.81603792783019,56.725573380665764,56.67636187886169,56.804169846357155,56.84147182414704,56.829005971678114,56.78225297144765,56.76809769705575
92,58.95627798127797,58.944663207163195,59.884676434676436,56.94571759259258,57.09174704924705,56.84420363587027,56.50349584278159,56.81315946784702,56.367149979650044,57.02125203500205,57.65712666962672,58.82844848053184,59.54445696753402,59.13223188848203,59.249176841676935,59.18878713878714,58.69993206684382,58.561931329986884,58.22284744982114,57.94163970288972,57.71653511832089,57.42804718429722,57.26277870680051,57.18623299925387,57.69066849816855,58.05786645690491,58.553828064939104,58.88626900546535,59.34995000210511,59.613762040428625,59.69312234957395,59.78262553418795,59.76860438943771,59.85387473365413,59.568085789871525,59.36655869850316,59.51581856581859,59.64257304586251,59.91344849357672,59.975190781440844,59.91642891886799,59.80558608058609,59.894814649175075,59.72438209938206,59.70419312169309,59.65102336270811,59.65076778028905,59.70091363112195,59.74042261593284,59.60984086284098,59.61638805094703,59.733772521993814,59.887082632601725,59.75131088047777,59.612639860140035,59.34094360500627,59.176819095459585,59.068335719197904,58.86738564323312,58.70730998168502
93,72.71267297517299,74.11220238095233,73.66334283000941,72.87139041514033,72.95982498982492,72.51030813322474,73.63113771149476,74.73267831705321,73.73690758829642,72.2914667277167,70.9412245162246,70.36803308574149,69.03950134623221,67.49035263678132,65.9752669244337,65.15000349765982,64.01034529196296,63.257625604847846,62.170289505815866,61.70527269027274,61.13792735042735,60.77814708439709,60.35214515757996,60.35270506885092,60.60738583638589,60.80669535236843,60.8542292241366,60.2805650037792,60.03256810239566,59.883363180029804,59.69078931820862,59.34150736416355,59.198857469690786,58.92482223658694,58.591318535961356,58.401326566951575,58.264854689854765,58.27666495298087,58.515753785625755,58.55876297313819,58.54721229538329,58.41647733879903,58.451756135767965,58.52136162448679,58.39464602270174,58.2855901948295,58.06282386840914,58.129113459842785,58.11457528676931,57.97934015059032,57.83990888378162,57.77668230096142,57.62411947765748,57.31919261294294,57.19354959854993,57.14460642697286,56.97702018579253,56.8975294022712,56.760413088167816,56.594640567766035
94,66.69725274725273,67.83284747659751,69.66573904490573,69.14117953805454,68.79609890109896,68.96194376611052,69.36969881969887,70.43473366910877,70.89019976936655,70.84879273504285,70.3457616457617,70.45456985144489,69.74580985254066,69.11607469911044,68.66186134852799,68.04702253764745,67.3814808829514,66.92066685886124,66.40560884047721,65.95242521367517,65.49891078938694,65.2002682502682,64.68509515846463,64.3290329076787,64.75474847374839,64.53045087035464,64.54806618278838,64.68526694865982,64.83131604985056,64.87767297517298,64.63938565914373,64.30826878561253,63.86579146162473,63.44888419042823,63.01248052212322,62.782570914168005,62.631813544313395,62.633280316174876,62.739347286141985,62.581448285510604,62.37540154064528,62.29975131790596,62.29419125233062,62.1314415908164,61.9538392574502,61.74691188441176,61.60928458853978,61.46919770044759,61.29502442002431,61.098070207570125,60.929295649883855,60.91213184073755,60.886520895247266,60.76070900978299,60.79304223554214,60.95965063375763,60.887349516954615,60.93306720418774,60.81717231293484,60.694561372269526
95,66.51407203907199,64.83615944240947,63.137856125356144,60.625462962962956,60.45530118030117,61.94659137159134,62.5987324844468,63.55451961233216,63.32956518789858,63.16079721204729,63.821283346283444,64.16026700922546,63.27861330265186,62.62101357637081,62.44355447022118,62.231183226495766,61.19842736239804,60.5232931420432,59.77113885140209,59.47222756410266,59.07514051204539,58.6329415954417,57.96501964219368,57.53662325329005,57.87307997558011,58.22494521148381,58.14668935317096,57.821148031862535,57.93583217548759,58.229967100800565,58.39411392072694,58.71926193019953,58.73243870327212,58.67410115755709,58.357904238618545,58.1828658481436,58.35361707861704,58.29330163014366,58.33556661761784,58.107991961741874,58.03517724371376,57.93761362094686,57.79967865898092,57.54419238169233,57.29408899742229,57.17756067402803,57.15879629629622,57.166995340693184,57.264912827157644,57.087454619454526,56.88465029886589,56.929041435772035,56.874942309611974,56.76510536788302,56.75514541014528,56.91377332984455,56.98481888481867,56.92017932578257,56.82451677324539,56.8015165852664
96,71.16362942612946,69.41359126984129,68.55743962827303,68.00858643671143,69.3035236060236,67.1279507529508,65.88193281586143,66.24868742368747,65.6320377153711,65.15864621489627,64.918994893995,65.14006028693538,64.34773214677064,63.50533097854529,63.10380443630446,62.668154443935734,62.11941451794392,60.9813896237507,60.012665210033596,59.798409391534335,59.81627250615339,59.61385558885555,59.15080515297909,59.122238968593145,59.8479776149776,60.50072105600939,61.0007390072203,61.15711705622412,61.24088915554428,61.31776760276751,61.57456181811012,61.55246632707564,61.531775015108366,61.248927434221606,61.07523751380892,61.15985251888023,61.45753982003976,61.761298411627365,61.85535544702215,61.83619429181939,61.775126567199855,61.596902678450355,61.63429510842308,61.54809646372153,61.46322027766477,61.37594605475044,61.350036478494,61.39951530915082,61.49845640942593,61.38972934472945,61.36143491584672,61.50641221314299,61.75817082114248,61.898477705422145,62.05263523513524,62.22669677379496,62.34466240387292,62.424464233084954,62.36322734076974,62.27766712454208
97,52.75278286528285,56.26336996336997,56.84201600868264,54.88806598494091,55.212428774928696,56.61847612264271,58.70935882900157,61.571403133903075,62.71557228779443,63.86534442409434,64.69991304991294,65.66664207705867,66.14422215960676,66.12150960811672,65.88886718220049,65.33193426943424,64.85086308027483,64.15701623479401,63.29757272454638,62.89101444851441,62.520929753667836,62.04530885780887,61.535983259896284,61.10020265228595,61.38106573056573,61.616531456435276,61.70651125280743,61.578724417117115,61.61677420599821,61.62708180708167,61.558318399044076,61.59198113807468,61.53344818761465,61.71350972012718,61.58008096400928,61.65669021050937,61.657160594660276,61.47220334490039,61.449394456445425,61.37622786935255,61.19823550433274,60.98540479582114,60.78459562616504,60.59453625078593,60.65761757789507,60.79138729627833,60.752343283194065,60.82446432810994,61.01796740674268,61.03341086691071,61.07849361966999,61.14061648821253,61.30632223297306,61.19624221800136,61.326522829022686,61.45552948209184,61.46883206948977,61.41883868047639,61.25151219621531,61.09973095577229
98,61.387001424501435,61.19980158730165,58.83300603717273,57.7800887769638,58.5306033781034,59.14907661782665,59.17089438339436,59.58515529609272,58.41231854565175,57.96190323565313,58.06654410404399,57.998161290869554,57.95815566200181,57.9025379382522,57.87539750373088,57.60329479548232,57.09916475137064,56.703126271876286,56.000411820148635,55.7487332112332,55.68930654883033,55.35990907240904,55.20492868645036,54.94347061117884,55.145892755392644,55.59966950784246,55.75038438927318,55.88926863480432,55.82219608297193,55.850820444987114,55.8312697756247,56.01830595619669,56.21801208051218,56.15215410950708,56.05000465143327,56.195847323972345,56.32348983598985,56.478122121543166,56.79433499786063,56.786412418599916,56.81996684435709,56.83287557900649,56.88198644593985,56.88273312335801,56.92438678605335,56.988216674629605,57.10688848188835,57.05505125661363,57.07652344820695,56.95581919006907,56.94480406122553,57.14126436241815,57.160898971747955,56.93015053362268,56.86725552225549,56.86968510160469,56.83008563074353,56.72016581757961,56.482427929885546,56.30871710080039
99,53.42147435897439,56.44481074481075,57.22876984126984,55.009369912494904,54.24455229955229,54.73987501695836,54.96412509448221,55.340245980870996,55.04017489711939,54.96776149776158,54.83872747622756,55.580680623389036,55.05792124542137,54.36166237862673,53.970415479582215,53.531163830382695,53.15873404917536,53.16063938633393,52.44748061392804,52.6207173382174,52.6000661375662,52.444311938061965,52.45420449116106,52.4800641873559,53.23776923076929,53.51135707241481,54.09702682434167,54.315252521948956,54.555980625377224,54.46175213675215,54.55851451415964,54.700634825244194,55.01189443272775,55.022510863319695,54.75622855980002,54.76752928141817,54.978705216205206,55.168524677077336,55.359114461037635,55.51457481176234,55.54860043975902,55.6512144601431,55.80460324559172,55.81658364783373,55.896719237552624,56.01121197642947,56.0800230994381,56.34302990605082,56.61290398943473,56.668523809523904,56.82659727708754,57.04544805265967,57.24621393630832,57.2630812003497,57.3803109853111,57.5214944364499,57.6065982263352,57.669296555934636,57.72690764195015,57.7975624067292
