,0,1,2,3,4,5,6,7,8,9,10,11,12,13,14,15,16,17,18,19,20,21,22,23,24,25,26,27,28,29,30,31,32,33,34,35,36,37,38,39,40,41,42,43,44,45,46,47,48,49,50,51,52,53,54,55,56,57,58,59
0,51.72236975986978,50.2958511396011,50.733864129697466,51.31682946682948,53.33783679283682,54.63686321394652,55.96412727484151,57.98922339234832,58.37837471170798,58.33253663003652,58.562902375402246,59.63869768348923,60.21319464011758,59.70648002790845,60.47251424501412,60.54437544515658,60.141208192678725,59.87146248812903,59.10033979178708,59.163469169719086,59.16411419268556,59.25181277056272,59.21510303303775,59.13872078924156,59.770769841269825,60.110342897842955,60.33604572724947,60.34353832344907,60.4988996954514,60.63335113960117,60.88588102459072,61.07298550696984,61.00101935101927,60.89502067921179,60.55200302343154,60.3679521096187,60.59171300421292,60.73761754814378,60.87975890443828,60.77806191493682,60.507428750111615,60.48095032172405,60.51399265032981,60.45062969437963,60.39644383394372,60.518454039921316,60.7304714493543,60.86313805792958,61.02826181754745,60.99874592999591,61.01652381750423,61.12258275022696,61.23578579875747,61.19270206816503,61.31599187849193,61.415314298796574,61.43608745867526,61.37946411028322,61.16492898187826,60.98449921991602
1,60.94532458282458,65.36667175417175,64.14072378239037,64.67911324786314,65.80968864468853,65.84492266992261,67.79768300482576,69.81980565730554,71.69819902319887,73.31626017501004,74.16620971620964,74.64472298534785,73.70553207476277,72.45173338566187,71.07783374033367,69.7153849333537,68.11758181905242,66.95736444625335,65.86965062228218,65.08317943630439,64.62341512103411,64.18362193362188,63.724359859142396,63.62290882342952,63.89489601139586,64.39599358974345,64.8934808332955,65.1303773111808,65.77135927610057,66.36302079093733,66.77378474273624,66.99822748143045,67.03800859634175,66.9072253046516,66.66631969881946,66.410161302175,66.17721168971153,66.31705104106405,66.37908918005053,66.24613324175813,66.24757996068959,66.13591342519904,66.03632644272166,65.81522158397141,65.57287025731452,65.49147267788548,65.37174453796776,65.23621466303742,65.13700360486064,64.84181654456648,64.645176845667,64.44377533968883,64.42800220394561,64.25865591884114,64.12548359048364,63.980121391505364,63.740611589515105,63.57022853423717,63.456792940267526,63.2826938339438
2,56.34694240944243,59.49751729751731,58.36244064577401,57.58851622914123,57.99615079365076,58.19046516754851,59.113484068841224,60.86093241249493,61.87343135259806,62.245732600732694,61.76327468827475,62.59841524216533,62.89615345480744,62.42682060003502,62.05776862026877,61.99730171448942,61.99091281811887,61.72983680414249,61.22539334447245,61.17200167887681,60.66853862627687,60.516255041255185,60.229295623860956,59.94885955094304,60.54900203500216,61.37371579631204,61.99693751036358,62.052989999418685,62.16574161789688,62.27971594763275,62.34226256121428,62.37551606379736,62.55499176749183,62.60695955732726,62.4209079016223,62.71547463596076,63.272885660385676,63.65573000342737,63.983642627552896,63.95259221102969,64.045454872589,63.86406065275109,63.74158597646963,63.63278191715681,63.57215563243336,63.63286583585495,63.58887405935272,63.76482551977339,63.80655332951241,63.72421988196975,63.727654181330486,63.67404090745422,63.68272120088147,63.45776466332011,63.377063399563326,63.17165251250074,62.84958380638209,62.63680134520658,62.370998030532036,62.01475571496417
3,63.40259462759464,66.06278490028498,67.22051790801797,66.23559981684987,67.37442002442003,67.29748422873425,68.06134440955873,68.88896138583642,68.2876209695654,67.7137077737078,66.53591223591226,66.0643344695429,64.26027284681138,63.16892551892561,61.90278897028909,61.179359037952864,60.373331298331344,59.61569891014338,58.58909051474841,58.462558251933245,58.43685437137817,58.289282476782475,58.340618640618644,58.45713077431824,58.97352808302803,59.69612919132144,60.206001183315976,60.513174094424,60.92261290752658,61.170703601953484,61.63913604316823,62.01828401633087,62.07424088257423,62.27538021618906,62.31024928774923,62.562141330891244,63.098105110605054,63.59590482616796,63.91460687935045,63.928396799959266,63.96021335259133,64.09767476791279,64.11388451126817,64.04066685629175,64.06016924433582,64.1540923448531,64.08145258012271,64.23273332570197,64.38834452584446,64.41106857956851,64.50321859513028,64.68400077486602,64.72217528278836,64.63103067200285,64.66186544936537,64.5689265182568,64.37003852223135,64.14157465299687,63.861555534860436,63.677253849545345
4,62.05114977614978,61.22770909645906,59.11346662596661,59.47798382173387,62.47219678469684,62.895480599647286,62.90458892958901,64.11726890008151,63.88157249129484,63.62358465608479,63.26861841861851,63.05831086351931,63.5474852071006,63.06761512297224,63.123991317324595,62.60640675875045,61.79506452153499,61.430449565866155,60.86531526465725,60.65597095034582,60.28475759249553,60.051182382432266,59.57358567358558,59.19266954110695,59.82048555148543,60.171205308224394,60.33925217443719,60.63036114018238,61.06087147207812,61.453986738569895,61.73761865374754,62.3473626055656,62.42485431235423,62.59847165361865,62.4175042153613,62.48815572287789,62.9033233783233,63.250459482038416,63.708761596902555,63.8089758852258,64.00736819639249,64.21588125278596,64.07124270002166,63.97125131812615,64.0398433048431,64.23244556369534,64.39712047212028,64.51645585317442,64.54566928725077,64.52273911273895,64.43285889854498,64.55283109874443,64.63503198408847,64.6757034888978,64.80532837532827,64.85353136446886,64.73578533227659,64.64916810520269,64.50370327255925,64.48514643535486
5,65.78891432641431,58.4636981074481,56.112617012617,55.01733948921451,56.84586894586896,58.26503188169858,59.147281091923965,60.52116274928777,60.54127945100172,60.36184167684171,59.617179579679615,60.008347323972345,59.61807551422944,59.015182932147326,58.425668159001624,58.626933887871566,58.39670389523344,57.78455461719364,56.86946104577691,57.07304410866916,57.03016357540174,56.82361735486742,56.56100936100941,56.4311421024963,57.14655270655276,57.52405587645973,57.76458851505148,57.75664282807148,57.80295706847443,57.725166191833,57.624600548794206,57.423207767348494,57.18348611265286,56.91992925375282,56.39415750915754,56.24542746348301,56.39996727496729,56.691988919949495,57.04036491760859,57.13039288258049,57.19539754509278,57.205991021764966,57.29661408789328,57.26239327801845,57.1567068014292,57.064887920051135,57.143689978264575,57.256589696954414,57.3892094017095,57.51050936100942,57.74459427645703,57.87724417676342,57.78360277912169,57.529139062240944,57.38943870943874,57.311639030612305,57.13065650236714,57.03707817565586,56.94777581175895,56.804580026455156
6,60.02454212454211,62.626762820512766,63.30983753900418,62.177160917785905,61.39258343508342,60.28370556912218,60.855213239141804,61.48509806166052,61.324175824175775,61.64283933658928,61.70263486513482,62.06257588861748,61.62744787264018,61.12247078318505,60.58837199837197,60.04467783374028,59.27718702865755,58.90213449102335,58.3398140115245,58.201527269027224,57.76651186115466,57.35375642875635,57.20178527189388,57.34304135293709,57.499077126577006,57.407092177765165,57.505413293839055,57.245726859119515,57.3003838434871,57.30635497218815,57.30607579397893,57.36368777345338,57.40027287527289,57.38694276856039,57.31274347345767,57.479670188350674,57.59888253638252,57.91567112225009,57.9978357231562,57.9557287851037,58.04027777777775,57.977422863732414,57.98237735563316,58.01774637399635,57.9982567946457,57.987566801153804,57.930948917119174,57.95890461775879,58.08573650461404,58.12956308506306,58.16972026702421,58.278363623556025,58.493814553720284,58.496548598863455,58.51878408628415,58.503604224809685,58.44238516519235,58.271050955749416,58.06187854831938,57.8598375390044
7,61.7353785103785,65.04247303622307,64.24510412427078,63.3533132376882,64.64899877899876,65.3863468321801,65.96844583987438,66.05416539479036,65.5199322796545,64.28612993487991,63.114193676693674,62.944595797720815,62.36286864844564,61.30614352578646,60.19780592863942,59.409190577940706,58.95010414422186,58.35882597340942,57.64491517254685,57.29885098697613,57.01881504738659,56.950392431642534,56.68340079807481,56.7787473714558,57.108252950753055,57.255607408972864,57.519574081611225,57.42935345078214,57.48585480611354,57.35676349884694,57.394836346449374,57.38261694902327,57.554271654271695,57.9091000502765,58.178078085935205,58.44123846832177,58.612969287969264,58.69058182314759,58.91200364213185,58.64330827737079,58.281235171784,58.12895032656945,58.10576118541241,58.09470471657979,57.953747004024876,57.84937423687435,57.79783618666603,57.719830140923946,57.693081408387606,57.46423758648762,57.368347737955666,57.38743229704785,57.41575840302269,57.10903088680879,56.9463796388797,56.882215899180245,56.73379352940765,56.67906588143668,56.474852893497136,56.355653405236986
8,59.12427757427754,60.124475986975966,58.040503323836624,58.18274827024832,58.64771774521777,59.61994386786055,60.778449328449334,61.75869454619458,62.49010875955324,62.07296245421251,61.10464211714216,61.038643416768444,60.440033968880144,59.67473072562359,59.49328076244743,59.706972425722405,59.43949639684936,59.07251899335242,58.849925829531166,58.97984839234843,58.97086410062598,58.779898573648566,58.6459839677231,58.87171283577535,59.60401221001227,60.021346780000684,60.36596006873789,60.35038283475791,60.66225720320552,60.592714014380796,60.341902989483714,60.13254858567368,60.111637744971155,59.92351534630957,59.436537298680264,59.2541252600281,59.23242473242479,59.30991166484592,59.69712751635833,59.75993945868949,59.82453480349825,59.9027925557688,59.993132223074106,59.91321248196253,59.96832191471092,60.02752428730707,60.057065895097935,60.02678221662611,59.973860191207294,59.9137566137569,59.84362036837565,59.89230583341195,59.893721538768965,59.68561913052685,59.68541625041652,59.66812777995835,59.46926531071286,59.42458615777601,59.25625038803023,59.169788698955585
9,71.39923687423685,71.69762413512407,70.62821360738019,70.17817841880334,70.30675518925511,70.39336674128326,71.03744694458965,71.88664784289779,71.9044510016732,72.43589285714283,72.2618571243571,73.02103089811426,72.7991852164929,72.36648751380896,72.1653432370099,71.66651022588528,70.81502130766842,70.00630907158693,68.9658240151662,68.14179309116817,67.3805967401206,66.47932067932074,65.77459211480954,65.27081679894184,65.48991432641431,65.62866124260339,65.5363828215678,65.08334514361279,64.76393941307715,64.3985120743453,63.870319167093236,63.424406987688165,62.9417994042993,62.51423064952466,62.120007413221614,61.83088271039647,61.74038007787994,61.645225912002104,61.60322926124198,61.38793396418384,61.22928901495965,61.02027758396795,60.91114009805861,60.82187719687708,60.64331173970057,60.56474790306308,60.355558586409636,60.12799124101205,59.949177070095374,59.635316849816704,59.43121852729683,59.26036716132853,59.050537739688544,58.789272995522836,58.573318440818305,58.55016943208887,58.33196693657197,58.11099251961295,57.87711036609316,57.770585995794164
10,55.95012210012208,57.455438542938516,57.34365927282591,58.68582366707363,60.915163817663824,59.95658577533574,60.79177713820566,61.13925773300772,61.72818364762809,61.66716829466831,61.53803557553561,62.62756283068791,62.71844729344744,62.10250559625572,61.773090150590306,61.367490524521884,60.854778663602275,60.531062892868576,59.976402277060316,59.56125432437943,59.285582737368564,59.151153938654005,59.138522367326765,58.730873312644164,59.17386385836394,59.27672857769019,59.322501846575996,59.263028918832575,59.64041935076425,59.631594932845005,59.51778099439399,59.1823080420737,59.48318163318169,59.613212699609804,59.39149165649169,59.39998925971146,59.83221861971855,60.218627096587554,60.58888014881605,60.729696275946296,60.7943116729702,60.828423043006396,60.82191247598225,60.74447890072891,60.653589065255765,60.64443681318686,60.77593869881107,60.8672515177724,60.889373136311995,60.7774017094018,60.621104267918035,60.624049321405124,60.67160337042421,60.646327575031435,60.608719983720164,60.652736078405944,60.59444614027968,60.331007203205665,60.01758069300459,59.799962267670715
11,62.67420126170131,62.357074175824216,60.27171516754851,56.906440781440715,57.84900793650792,56.617573090489714,55.78514666550377,55.55841155372405,55.24304424998864,55.58977869352861,55.5694134569134,56.278016890516845,56.32615212422898,55.93405466887603,55.43806267806261,55.19705369861607,54.8957875457874,54.66623281553819,54.367046890731004,54.46762795075289,54.43942525728232,54.48801106301097,54.32130691369818,54.22432696547277,54.82594546194543,55.17574923296073,55.29321515247441,55.58885400313973,55.653719843375065,55.55842049925381,55.56734182782568,55.38878809269433,54.99667616334285,54.843750897795026,54.36025030525029,54.22936055713836,54.26545226545231,54.30483808345654,54.580139032382604,54.48375394281634,54.397299403396914,54.26510831540586,54.34852367701196,54.35176698301689,54.37947994392431,54.426636296473184,54.49595619116889,54.6593014431555,54.59282153032143,54.513706145706074,54.55974257224248,54.80960491609518,54.980525510478216,54.97892256063541,55.09538822288806,55.22595672350124,55.07597055316337,55.05932302850386,54.89871553430859,54.74023987586471
12,61.564270451770476,59.91290700040709,57.82215947632619,56.35013863451369,55.36264346764349,55.52617860534528,56.50727004476998,57.25106392450137,56.995723669334716,56.88672517297513,56.22223979723976,56.97895002374161,56.48026517641892,55.88668163846713,55.91143535476851,55.71741580179064,55.523575498575326,55.378502747252625,55.18894833236919,55.52534442409422,55.77439240653503,56.07272889147863,56.37730375502085,56.85347264618072,57.7564985754983,58.290479125575,58.47697847420039,58.45398860398828,58.459821516286766,58.63153388278361,58.520184102038606,58.465470626017236,58.1248257914922,58.16957073427638,57.75343232164634,57.72470704449845,57.93803831303808,57.9093363751256,57.92079172015047,57.77542569698803,57.746431053138174,57.73357801810164,57.59547661640665,57.42159992784968,57.280979514312634,57.25878789085291,57.144092865369196,57.07534128679936,57.08366474795017,56.8168013838011,56.73650564214261,56.67926919946113,56.53500174702967,56.33158549269625,56.3116100566097,56.203217120181044,55.93592492627546,55.83352604451712,55.6738424632489,55.58801714489178
13,56.090384615384586,56.4194419006919,58.16946309862977,58.35044134106635,58.51150997151,58.647906491656556,60.0981823071109,60.890967134717215,60.34081479220375,60.06004782254787,59.20452094202097,59.291215998507674,58.21021492752259,56.97808920576776,56.531566951566916,56.365514346764265,55.84506841198013,55.517144326866465,54.61660882976661,54.365939916564805,54.27597898133604,53.986373580123484,53.938533427120284,54.273913817663725,54.6499743589743,55.13263223599756,55.450891632373065,55.29571450375018,55.042030686427175,55.085418192918105,54.968783889348266,55.02404148224447,55.076307488807345,54.90474858746905,54.60678193499606,54.53929009519273,54.49190962940947,54.52880639097731,54.79021672771661,54.680601470288885,54.772863123777675,54.7726449696687,55.02367689373493,55.053944319569226,54.98854045131813,55.07767835023264,55.0687920531005,55.10947759801919,55.18462130273347,55.15387637362626,55.0768045679809,55.07343471165571,55.01620389568486,54.853037146324105,54.85883671883652,54.884747023809375,54.82535737491865,54.788190409526536,54.668748577223106,54.640653829195514
14,64.9288308913309,67.59165394790395,64.35506545923216,62.70670660358163,62.80798229548232,63.80070377153716,63.69177350427355,64.05373613654864,64.18595848595848,65.30845187220187,66.71313825063824,68.41434210080044,68.86980135249361,68.7552255945112,69.2256077872743,69.35447318884803,68.98926596279522,68.82503193822625,68.2926557847609,67.98717211029697,67.38192094501603,67.04993270618252,66.59058457645398,66.17845208418107,66.3888929588928,66.47158080523454,66.27286532055042,65.9938715550321,65.89336326189759,65.83133750508728,65.40908989457353,65.01384977869326,64.91974491557797,64.62903873087667,64.0309544159541,63.694470164608724,63.63590293590262,63.54314311419544,63.49764500693956,62.918683099307756,62.490670136096675,62.16495605364624,61.93644889778579,61.59769351019315,61.29668057251355,61.18191591017642,61.15159877553455,61.10957161087333,61.055461384797795,60.95562006511982,60.81880301978318,60.88592571068509,60.777601922884706,60.53357564931619,60.47910737410713,60.500706708965424,60.378988246970536,60.24205989572358,60.059200278691605,59.92683336724976
15,60.625961538461546,59.8573641636142,59.741712454212454,58.812671703296694,59.97633496133494,60.047247659747654,61.002841734984635,61.247772944648034,61.44778806584372,61.62910917785925,61.772028897028974,62.77691120607793,62.60371935756552,62.63401651258799,62.735312711979375,62.177804169210425,61.809001292824775,61.843764697236885,61.22723796671162,60.992630240130254,60.714292255363674,60.49915524290518,60.37918347755299,60.29314077126573,60.73745238095235,60.92163676779059,60.94326357798567,60.24732924152551,59.858443153270606,59.36777252068902,58.86827710819631,58.55402119581793,58.283541766874954,57.97587445234486,57.63912029769156,57.53479712160246,57.72014817014801,57.957185967054215,58.145741366895116,58.1498522079771,58.18139846828869,58.17366125937556,58.2746781857247,58.13074575887074,58.06210984488761,58.13247896427245,58.0874414395691,58.076853229717784,58.046357657837255,57.86792378917377,57.71216222956415,57.652052123446374,57.53127058999707,57.24175607485796,57.184403096903154,57.186183062968865,57.137081128747845,57.08590454086145,56.90683596848853,56.77473154931492
16,56.715542328042346,58.95530372405372,60.166827770994445,60.13806216931217,60.80343101343103,61.538378442545124,63.596148031862235,64.88887108262102,64.97402150318811,64.82591320716311,65.59892561142553,66.90597315493133,67.19908659716334,67.3646149485434,67.90808031474685,68.26210508241748,68.20818609495069,67.64790338262549,66.85540614356394,66.08421983109473,65.60903783165678,64.98611342361325,64.26316226044472,63.92672720797705,63.90173097273076,63.84224312012757,63.380544061562475,63.02426085818934,62.506566390187025,61.96631681590008,61.51886889991725,61.165999249592915,60.997608718441974,60.75514675955841,60.65593610093601,60.85330504115225,61.15152570152566,61.348174121200316,61.69588016446976,61.882433226495586,61.797848978031766,61.90735205050665,62.089483772041746,62.08861543549033,62.046884411884314,62.302154447806515,62.42002247161808,62.39240541480117,62.35883699633688,62.205261294261206,62.01695874931159,62.05889188268986,62.16967962156632,62.08203799801013,62.30059107559096,62.47815579757536,62.54152618012258,62.55223008154033,62.46594665535327,62.32389440035254
17,65.01928164428166,67.01227869352873,64.9914275539276,63.192060948311024,63.35738095238102,62.98803334011679,62.58096037560324,64.32377454721201,64.89675078008409,65.38715099715098,64.85440531690531,64.92369929453271,64.47229227325393,63.92408679283686,63.556008343508424,63.35143722018738,62.718312025665135,61.872880206213665,61.15323190454781,60.67698412698425,60.1087679516252,59.44201770451778,58.83968099131146,58.40607914462084,59.23035816035814,59.68676329012873,60.281110093610124,60.295851866387586,60.50636446886452,60.78950786867456,61.23029970328359,61.4398758648759,61.37861922028593,61.41513472910537,61.4700651200652,61.70977790213912,62.106343431343554,62.37341283229451,62.8267727998498,62.71530410561672,62.60206937371582,62.63735161443504,62.74685639511227,62.640801790801866,62.585402139013304,62.57084361894153,62.51817808865694,62.42510694359662,62.305221337619344,62.26092195767207,62.30749688764408,62.40148995413438,62.32573778422854,61.95500167699259,61.73008408258424,61.57525392101296,61.295305928639394,61.0541350013334,60.73220864979346,60.50232295482303
18,50.79656593406591,51.26462403337401,51.062299891466466,49.97889830077322,50.528490028489955,51.30089540089534,52.772151723937355,54.044408831908804,54.69126418848641,55.81442663817663,56.415703740703705,57.30193113213945,58.07132095112868,58.171089162160555,58.23643637226966,57.901555822649584,57.70279513514808,57.509045301406395,57.332173649936784,57.29364901302404,57.14261899916664,57.00823759573765,56.63376665604933,56.413058565662816,56.89490109890119,57.47924493597581,57.84118618007521,57.743451109076304,57.788526448009335,57.87289919956596,57.769589684509114,57.434557991198766,57.32847029513712,57.060544752089044,56.715983051340345,56.673728265047835,56.81391432641445,57.010248912880655,57.29945028855303,57.14246871184389,56.97639707853136,56.64607983506801,56.445188403328,56.35967227217236,56.218143852032796,56.1633708481535,56.13561957152388,56.15736702533583,56.35894123827799,56.41783821733823,56.48620178840768,56.660092729563914,56.964057448491445,56.957473733399645,56.927179487179494,56.98804227353341,56.858202486272674,56.89482065667413,56.807175020522436,56.667674840591474
19,64.55397842897843,65.64750457875462,66.41892721476052,63.81111619861619,63.22543142043146,62.829389668973064,63.28484359555796,63.59952050264557,62.38193766110439,61.48239926739933,60.63183113183122,60.199728666395416,59.482627735512516,58.77598116169553,58.485053588387004,58.21615728021982,57.702231319878415,57.27282056934838,56.78285403680143,56.72274521774524,56.806248909820354,56.84911408036412,56.625287333439516,56.54811147571564,57.10026292226294,57.38251678876685,57.708282646708554,57.615930795395045,57.77308429118764,58.06263176638167,58.07091965680666,58.0015466015465,57.98222441139106,57.7380663590222,57.43551543694399,57.322528885723344,57.29431808181805,57.38993865539918,57.44527018565479,57.114635861823395,56.8913272928517,56.6719147915577,56.49667856906236,56.26257099382105,56.081284199339805,56.089380717913365,56.106636488019475,56.008396927146926,55.87562181771362,55.82755118030118,55.74043179950044,55.59009061629256,55.44650910759411,55.201620087731285,55.11239778739788,55.14350907029483,55.1156206042171,55.00515960731485,54.94098399246707,54.911430521638856
20,68.49405779405782,67.24199226699237,64.12388074888086,62.24023707773715,62.291548636548725,61.88693783068792,62.388290016861504,63.19576274420029,63.09467620856516,62.54686202686205,61.96579254079257,61.83512201533046,61.51915406530803,60.601268242339756,59.67479276895958,59.114013214794504,58.67171227465352,58.29272741147747,57.87536978129089,58.1079952686204,57.871963001725,57.6830801143302,57.83637477659225,57.9018497320581,58.39221489621493,58.60027394258164,58.77887592517215,59.0976530248851,59.42792443826923,59.416186067019424,59.4467845326716,59.70219430453799,59.87591128007785,59.92723221767331,60.01699793592634,60.11285471216014,60.30209797709787,60.37961302829711,60.647444637508585,60.411359381359205,60.13098129287138,59.84137110684714,59.62144998627536,59.41117597680076,59.20945043639466,59.12327422979576,58.91152103412722,58.86818698277009,58.7464484023155,58.44559025234003,58.17694292816824,58.15608416690122,58.06249356862531,57.782646331720024,57.82981194731163,57.82859541252372,57.71323831301876,57.56358670862957,57.40391091174972,57.37955662393143
21,65.60926434676435,67.49080942205944,65.4223477140144,62.29256461131471,61.99000000000007,62.14757749966089,61.94231350659926,62.14170991045993,61.57822547822553,61.78132224257226,62.19960641210645,62.8769976936644,62.58230096114718,62.12339561893142,62.13244708994717,62.68985328907205,62.28903852139145,61.94981458870346,61.09740242700763,60.67453881766378,60.41599996123798,60.04153624153615,59.6259504786678,59.45707714353543,59.7496495726495,60.02977462352458,59.90793273941428,59.84350289261011,59.951517479965815,59.79432743182748,59.84012810666043,59.662901912902015,59.4055278055279,59.09464988987061,58.8786433804292,58.872141387419276,59.05630204380208,59.21023338260184,59.63090763699742,59.74036579161583,59.58882337175023,59.296187036068,59.166555333125075,58.970419279794285,58.749861619861626,58.89408732370688,59.08457652473608,59.335729760208906,59.44382916780875,59.44510531135537,59.50254265523888,59.70125485269724,59.7860702190891,59.738265010024314,59.835247622747644,60.093450291441386,60.33162821583881,60.50444928634589,60.49697733214688,60.50027540360875
22,58.72818477818472,61.24338115588116,58.85967304300638,57.19214743589746,57.02677045177046,57.332397232397284,58.55325745682896,60.11633979446488,59.78381777687342,60.01453500203504,59.64114034114036,59.80454314204317,58.9137456560534,58.21783388569111,57.6014431556099,58.1466610068174,58.02207229045472,57.98733522136309,57.63590493327337,57.76213955026459,57.56426609105188,57.35406584156594,57.044817601882926,56.972045007461794,57.33816341066351,57.24268318931796,57.08368531331505,56.72191897057982,56.60673603216719,56.40423297381644,56.44395161290338,56.57247166895621,56.60621631454979,56.59415774856961,56.58761032618183,56.52521254465705,56.913336963336995,57.13509776042671,57.379230847500104,57.489670075295095,57.500737315981254,57.431076055778455,57.47198583070679,57.27006500444003,57.15941663275,57.194133885438305,57.10684604993125,57.185796215744276,57.188209758873185,57.17016157916174,57.172783543617065,57.26444724257233,57.24146921387489,57.13132131928433,57.167935212935156,57.181104915256654,56.99779925240445,56.87518613251371,56.767597507639934,56.66987238841407
23,61.011156898656864,65.39140974765971,65.71116876950207,63.26714107651601,64.69380545380541,65.68906610364942,67.09671201814056,68.24928456959714,68.35056132139468,68.98547212047218,69.6894198394199,70.77474477682819,70.59073878400808,69.04483363858365,67.87758038258043,67.28495274979652,66.38368796236443,65.77361535069868,64.64272941970312,63.6654594017094,63.26973685485585,62.84636127761124,62.47933212117994,62.07431509462767,62.47223280423283,62.18960720547262,62.124400051251975,61.989883132740374,62.180127327972244,62.16494946411619,61.98078695498057,61.940239303520634,61.78254184087531,61.5943627450982,61.23791296005597,61.06586976552272,61.038272888273035,60.9913216534928,61.21990284169776,61.24869162087917,61.30067676226221,61.209590552745404,61.34840441642776,61.419767038517115,61.32774634830197,61.126742470492495,61.01539706353541,60.87876242199163,60.76450406169802,60.50825478225483,60.24956526770259,60.11025954102881,59.85054743474552,59.666207001160714,59.545336792836835,59.371378604860745,59.03307119293954,58.820835877085834,58.54600872291542,58.31602750644402
24,56.87465913715915,58.339786833536884,60.712508479175206,60.109790903540976,61.014398656898656,61.40196547279876,61.3745537531251,61.421621260683736,60.285987315153974,59.978221916971904,59.33469308469311,60.06398258377426,59.819941454556776,58.96849635153201,58.4442073667073,57.70472661019532,57.01275048480929,56.46861857278521,55.91626609258182,55.68105794668288,55.67009273794984,55.80194342694341,55.341847383695224,55.05989752916839,55.19010378510384,55.496374761278645,55.66169108669118,55.82016214605505,55.920452121314234,55.909574175824226,55.84241715572373,55.75997437169321,55.57283441866788,55.599413590222525,55.66604381068679,55.62930402930418,55.88875620125635,56.152904563759954,56.281096266032336,56.03601788258054,55.88048160060373,55.57936144543301,55.549993137783964,55.31771608021621,55.070135440691125,54.96200164569741,54.89318111951105,54.85986986585959,54.89339714518302,54.88187728937742,55.04624532149057,55.313889671582096,55.47300617795919,55.570993778169864,55.78108502608524,56.009201570585674,56.05097099943606,56.052234116458486,55.9943182915643,55.969852547144484
25,65.18923483923484,63.69077889702891,63.26615961199299,61.751245166870156,64.33493691493692,64.92321428571431,65.22447816733536,66.09142691798944,65.3154236195903,64.43873626373632,63.15426009176014,62.818881851173565,61.79746877054575,61.038831836153385,60.02600970017646,59.330028680809995,58.49884962532026,57.924054571971276,57.70702397018196,57.751568986569076,57.79544547163602,58.11953648203658,58.09926452372121,58.320041590354215,58.823080586080714,59.43704095050263,59.50282224634082,59.37403791644875,59.1800411912481,59.13405304571972,59.07498801974615,59.08237497456263,59.177129352129526,59.10163234097077,58.9277383859528,59.05372066205409,59.42876255376263,59.89587791594378,60.36223297120736,60.402289122914155,60.375032014056416,60.30259741360934,60.196282453549976,60.03469967532472,59.79961289739068,59.63018792801404,59.536012391863444,59.45560547669923,59.42368815047385,59.31189153439157,59.20304641799744,59.20991818900469,59.15636734858424,58.9761770979362,59.02046749546734,59.009369912494776,58.85834966690215,58.76557276535705,58.65076157364279,58.55409264346742
26,64.84250101750104,66.98212505087507,65.38416259666256,63.35107091982091,64.35461029711031,64.2303181386515,63.79824117681256,63.920792633292564,64.26522859856185,64.19566748066742,63.49885068635064,63.77900513838009,63.11741139914212,62.3499454910169,61.80544396961063,60.81330986721611,60.430634262251886,59.753556731334506,59.01986777842043,58.82400030525034,58.82283781033786,58.63573671698677,58.6959760046717,58.55991660731246,58.900066137566164,59.266987375160454,59.34965932558527,59.52071668410951,60.1172838336631,60.747253086419725,61.40076788504205,61.88214826261693,62.20561074727732,62.19057255380782,61.788584220012794,61.62903227174069,62.147884422884445,62.520555796542666,62.97702391388293,63.01676549145303,62.96484844198258,63.086557479116976,63.21361132407643,63.395318917193855,63.22345927734809,63.15553199819496,62.991942149654854,62.81947200176366,62.858068471588936,62.636642857142945,62.38952442800497,62.2256668545132,62.015071013891976,61.73847632991161,61.79713360713372,61.65428985696856,61.56928307235329,61.495058541394776,61.28355649372599,61.1230692070276
27,55.350646113146105,53.06362179487175,53.06630206213536,53.04880698005699,54.416429588929574,55.11094067969061,55.949859003430326,57.5796626984126,57.88306256500692,58.526437728937594,59.5833495208494,61.2977008716591,61.02174164866464,61.31005581719855,61.293644688644555,61.63231424247043,61.18927524001045,60.70872365802911,60.06862401730818,59.955419464794424,59.9255506618602,59.8429357679358,59.60085248889601,59.44313716761643,59.920745624745706,60.16699265833892,60.092002442002624,60.211891134659076,60.25356827080972,60.17035375118715,60.23882012551373,60.548918905168954,60.486132694466065,60.56205873374991,60.37739388917958,60.25174897119339,60.2372551122551,60.48899545873227,60.7184183338029,60.66093648249894,60.57390928854337,60.64734856193184,60.79305531892735,60.82932125744622,60.76489384072706,60.84311306648252,61.0617166324612,61.170000996302996,61.160848325899266,61.0440096662596,61.059064437740815,61.12160291631438,61.27738200827805,61.13685982227627,61.193950123949875,61.28568521425641,61.200420745596,61.17591329487861,61.04021586542752,60.91380782797434
28,51.4339997964998,53.71388125763125,54.70592863926203,52.63409900284896,53.762395197395186,54.988811728395014,56.499209256352025,58.547816188441026,59.533877131099196,60.836002238502125,61.58195184445172,62.76635590489746,63.06887894868657,62.38641563462982,61.978920092253375,61.15002130392749,60.337158837894094,59.62949791977566,58.562319259687655,58.498063695563694,58.37009443378489,58.432547313797286,58.382392808479764,58.461704017433185,59.50429772079776,60.34102505400587,60.99431216931223,61.30056689342415,61.34500354371059,61.24645383937072,60.852242605065406,60.697312366453225,60.51443957277311,60.211236353515964,59.87456320134909,59.77725941753741,59.865934478434674,59.99401883447954,60.3215192333784,60.3914676180303,60.36277894418156,60.28782959765124,60.22700518688907,60.17698655511169,60.015430855153184,59.96795878236108,59.86461586089255,59.88954284527212,59.98051620526119,59.95501923076932,59.82295582050498,59.91332153423518,59.95812829727936,59.86567432053553,59.82830123580136,59.885523050032056,59.80057453105695,59.79219480232415,59.56228313431707,59.408858703025366
29,64.60345950345948,63.801134513634494,64.31236263736265,63.64394078144083,64.97060541310542,65.32237230362232,65.8350325600326,67.33236925111929,67.68834509112295,68.474094932845,69.32284428534429,70.16666242707923,70.45486208947756,70.25412778359225,70.08880579297262,70.42036973443238,69.62934802125996,68.87966665536125,68.25524173682079,67.84975096662608,67.77491448146216,67.40630295630304,66.87952102245593,66.63184629799223,66.98295909645911,66.99136435146056,66.9391006798415,66.9186298985407,67.1199770535978,67.05949684574682,67.10524472540601,67.18723799348798,66.99135509552173,66.93892614738195,66.65363582184993,66.6345543345541,66.80843865843846,67.12809855836149,67.28801279442285,67.15677833740314,67.03009631515714,66.854188954784,66.79497058712158,66.74143992581482,66.58248281553844,66.56027288934894,66.56354726833442,66.532749012176,66.59499576387317,66.61247557997544,66.45969229572152,66.40091310932645,66.30521229294797,66.12962962962946,66.22438737188715,66.2931628474037,66.29916573841999,66.1959369254626,66.0333396280428,65.89991698887509
30,73.37663817663818,74.41083638583639,73.44954042870717,71.19245522995533,70.81266687016698,70.43190628815641,70.34321036106753,69.78540076821325,68.3156565142676,67.24355463980466,66.29754967254965,66.10915242165237,65.54852423217807,64.5825825629396,63.98258682675338,63.33796805046789,62.75611817376506,62.61329789038107,62.05890366942983,61.84583740333726,61.68794212841821,61.49099372849362,61.00950744102904,60.80217427248663,61.19005392755384,61.24551399455246,61.36231892250412,61.165938063259475,61.23430399421774,61.145237756071,61.13241692596523,61.11945573234631,61.073208273208245,60.900064341976055,60.60074117681246,60.36296381088035,60.423328960828854,60.818366027247464,61.151052983104094,61.204541997354404,61.311391668403786,61.535039706765765,61.768401387587296,61.9020395114144,61.91876068376057,62.03372385464765,62.02005061526322,62.07633494013687,62.060552939124214,61.740902625152444,61.57682501775619,61.60022277402061,61.6082728592161,61.517037395046486,61.47266465016449,61.435813673760045,61.40908432048781,61.352090087434945,61.20284244945261,61.16326948514446
31,71.9803266178266,69.17610144485141,67.54167684167683,65.34736721611722,66.79218355718356,65.54639126305791,65.28023940345362,65.16447776760269,64.58569789264226,64.31225172975167,63.74502950752948,64.54939543481214,64.67117850098622,64.23605187801623,63.82419040835707,63.76532261141643,62.90816843831555,62.33907740921631,61.73179851337747,61.46136192511192,61.11060623679669,60.69682169682167,60.05405850188454,59.75946784696779,59.72193080993081,59.799112817382046,59.769968834320736,59.58369200244205,59.44509546966444,59.41373321123324,59.438571330103606,59.449494747150986,59.78872809289477,59.890378630084534,59.70343842665264,59.77994025007911,59.86045881045878,60.04866466379623,60.404487831731416,60.28649788868532,60.10089899937449,59.966632628834915,59.912073004514724,59.73373062123051,59.67232939899596,59.555919201571285,59.27073385637207,59.06976008173917,58.99477097920964,58.75849226699214,58.61295777570279,58.59721322125161,58.6400796530512,58.47946409728806,58.4439108114107,58.51857975027612,58.37107039321939,58.27534077512515,58.062881562881444,57.87711089065249
32,54.68034696784695,56.45477462352464,57.38721849138516,56.7359381359381,58.162618030117955,58.75570648487306,59.967365108436496,61.12734343203091,61.38503877809438,61.333053520553584,61.99425805675815,62.840840795007495,63.28134803230959,63.363334350834364,63.176511328178016,62.934475478225494,62.862841461370934,62.74554080179086,62.0930582331899,61.86381715506727,61.52067707424858,61.158574989825084,60.70750053087022,60.5585533679285,60.875387464387615,61.04017818008218,60.98904226774616,60.45007286034096,60.158612093526145,59.76381037172729,59.46343971142381,59.364862033221584,59.150042858376345,58.84915173334301,58.4391502412932,58.1183056912224,58.20778897028901,58.188809898678294,58.54973336255384,58.68668612637359,58.66472559734747,58.503523339535185,58.44336825964728,58.36785483035479,58.3008308461085,58.242829272177005,58.228902441136384,58.18078746099566,58.21830349355846,58.00757427757413,57.83435292920569,57.76023048354763,57.71515193401971,57.48690843621384,57.47246762496752,57.381684073201846,57.18624463580602,56.984926424150544,56.80949975166083,56.72344449531954
33,51.43684879934883,53.93813085063089,52.13549891466558,52.314114010989044,52.51086080586084,53.42747252747255,55.14648017326583,56.93726788258035,57.59100924795363,58.40345492470487,59.58676971176967,61.31753874983042,62.1002473310166,62.72651753008891,63.00645265228598,63.16101413054536,63.08014855514851,62.68263012707454,62.25926648887166,62.1999035917785,61.97511773940337,61.309784197284124,60.78540593866674,60.419724681182934,60.80559035409036,61.06288469365397,61.204597220338016,61.03252114948549,60.87681413414181,60.506217100800534,60.194976827235024,59.83987713675231,59.62349995683339,59.36872456247472,58.96258343508363,58.96950916881492,59.38072179322202,59.87239720562114,60.433638714087664,60.63820309320333,60.67748233022645,60.710434230672554,60.69579996876531,60.64750550375567,60.456180527291835,60.3617004875159,60.230272170697894,60.23999860093628,60.433434460475425,60.412822649572824,60.39286811590747,60.31562813077251,60.20844247471618,60.03448348633546,60.10829735079743,60.0948240995116,59.95696916793403,59.86904770676313,59.82418746507722,59.82063644688631
34,61.119500407000444,59.17091218966224,57.9203228869896,55.70405982905985,56.546418396418325,57.49420194003526,58.15793142043135,58.53170405982902,58.38567358567356,58.61818732193731,58.83585673585672,59.31928715574543,58.698494489840606,57.38119040351176,56.70326414326405,55.96179092897836,55.423462675668446,55.18394072491288,54.494028607844264,54.421534900284804,54.42052953660085,54.46830553705543,54.451898745376944,54.52871324277567,55.18029649979646,55.504670329670304,55.75786434073466,55.626188114134486,55.79031917954326,55.677163715913665,55.44745870915226,55.33946679766984,55.363366417533015,55.3344289425171,55.11116838188255,54.98765954981219,55.304510417010256,55.674381734250005,56.060737375160315,56.18538397944633,56.24813164477779,56.3735855524544,56.3669170192424,56.145351407851244,56.0813765658209,56.14330849303669,56.09778390443276,56.0768683862433,56.157571349663094,55.95319943019937,55.81123251294814,55.775469420180954,55.6953682585759,55.523535740665444,55.53962296962307,55.56778110282589,55.5008829945235,55.419443479572884,55.22918460227794,55.04349944037453
35,55.39559422059423,55.719747150997165,55.771052096052095,55.762764550264535,57.65948819698815,57.940511803011745,58.642362928077155,60.18219754782257,60.83979050784607,61.15414021164021,61.60396085396083,62.166961318002926,61.88281205973509,61.59763649049368,62.270149911816546,62.72882357804239,62.35394700615299,62.20978525075758,61.28513752329557,60.80853123728139,60.24575653623294,60.161213786213985,60.1922136840617,59.91385306437411,60.39836975986996,60.6812331720988,60.853812613997945,60.569339423803896,60.47045317390162,60.43801282051297,60.463791569840105,60.600400482041245,60.59000058583408,60.34385549091449,60.04699938949958,59.75217745217772,60.00501889251919,60.09279863654887,60.36808947225636,60.229147079772254,60.07342672007326,59.81986149873073,59.69695033648541,59.52934912309932,59.429826572604554,59.32440321353387,59.057960538279914,58.79047057302291,58.687347582500905,58.3544101546604,58.11254568779098,58.138006598102926,58.121046144631265,57.948993710336566,57.86691641691658,57.8113871991106,57.82911846925018,57.77353778086551,57.70998823837821,57.64813619251131
36,54.08567358567358,53.9256613756614,52.94808879392214,54.16997608872613,53.698876678876694,54.32409781576451,54.81046281760571,55.37937271062275,54.98969441052774,55.522381969881955,55.93281857031858,56.88054495658667,56.78020060423909,56.26352694924121,56.43965472798808,56.82295673076922,56.65364055878761,56.83722612264281,56.64904729773151,57.06062703500203,57.32225008236917,57.26697145447149,57.23615269593534,57.53088433557183,58.08572588522588,58.72040050405442,59.23871327575035,59.52677226873652,59.88311123742161,60.314601309184695,60.514814650701844,60.57817730591181,60.71333697167042,60.44475867269994,60.16414777021928,60.453538359788475,60.95895964645979,61.21353262965115,61.39926335535314,61.225404456654495,60.97805659787368,60.81490723782399,60.5989727972287,60.34215865153375,60.23389940306619,60.248269805878635,60.19460410550849,60.10090430402945,60.10791854592891,59.92425478225496,59.74293924122369,59.60003972167449,59.505679383509694,59.29977313495843,59.326773041773166,59.43159322489691,59.43723116552072,59.44613296983995,59.32234803018708,59.232868420160216
37,66.72294464794459,68.4849486161986,68.51104497354503,67.16507809320309,67.8777818477818,67.72699514991174,68.47280219780215,67.57959083740327,66.83004567449007,65.18206400081392,64.5400002775002,64.21371845746846,63.20908393600691,62.120191944299044,61.77144892144894,61.6608312983313,60.99977764610121,60.665383202188764,59.98624526058731,59.83778261090757,59.675290472314174,59.116990879490764,58.29692980127753,58.10412003120325,58.43354863654851,58.72680821671193,58.90252980901117,58.798123800802266,58.6324989824988,58.452923619590074,58.45702223403814,58.38152456629007,58.4336556961556,58.33586152409674,58.148427524856004,58.06599356147956,58.186247098746996,58.7048119765224,59.11989084040352,59.17602398758632,59.373028653821144,59.63132631257615,59.99290281208873,59.9725715256964,59.82834305612071,59.86272064288359,59.90185466621625,59.92515442697723,59.99206961783476,59.91684991859982,59.96259187435647,59.93326797846014,59.78988546394188,59.632173005320965,59.56643856143834,59.39597651026194,59.22182093410128,59.07420029682927,58.74915935445555,58.60786019535977
38,65.53138990638993,62.46571275946283,62.32055860805867,61.11542658730164,61.22653133903141,61.060602360602395,61.44045002616435,62.43931115181119,61.536396011396,61.574030321530294,62.32136613386609,63.57139338285168,64.00474077204835,64.65022893772891,65.191684303351,65.60101495726501,65.66204272307215,65.49436417491972,64.96887651821865,64.88797390109893,64.69866998081287,64.18596981721987,64.06130487869622,64.12029872134045,64.41371693121698,64.56396911493063,64.48879844435393,64.10995624745621,63.8374724573001,63.457555623389055,63.0380381267479,62.67679827406399,62.34298155548164,62.07342751203053,61.71493124600279,61.67134180120301,61.79070059070066,62.01513439046341,62.24433525875839,62.25820881664634,62.143237961225815,62.170660842684725,62.244660012683354,62.17030434842944,62.2280701397369,62.45219249349692,62.57025011040976,62.79142352631934,63.04888905501153,63.186300264550255,63.326064385868285,63.4023352626718,63.33860533247333,63.15801517583929,63.110645280645315,62.9578279442119,62.72803741904624,62.40318012925774,62.06309998068483,61.80564204314205
39,65.09003357753357,67.19927248677246,67.96592389092388,67.91622405372404,68.26934676434674,68.05541564916565,68.17239883132737,68.81964094932842,68.72165411748743,68.2083257020757,67.73482165982172,68.5560905915073,67.98285197708282,66.6366649223793,65.52008309591649,64.52528362840862,63.55995834231124,62.819754782254726,61.867285200179865,61.502419108669066,61.149480832218885,60.94705919080912,60.76218059315878,60.72940132783877,61.007619861619794,60.96065871450477,61.16484722410642,61.42535739723231,61.45933627356029,61.32607753357739,61.14938835059785,61.07291332799137,61.17717344384003,61.20091500275314,60.8608003372288,60.88139103694645,60.93197785697774,60.96187209476671,61.01983931310837,60.92533959096446,60.760142747947484,60.58047536678475,60.527201943190185,60.49455324767813,60.50875039569476,60.6997175328696,60.772062777647825,60.81355215964585,60.8584415206864,60.93114794464791,60.96853657417385,61.00700823393135,61.051578854409044,60.85456848535549,60.86595497095492,60.90109054305477,60.745946240244464,60.64895574572301,60.41375256099838,60.38079746642256
40,66.37071123321122,69.97966015466015,69.17042294125628,68.9258597883598,68.03948310948311,66.96399233482569,66.54158890051748,67.7233987077737,67.709632908244,66.98799348799346,66.55985588485584,66.87186440103102,66.55026024545253,65.42435206988773,64.85506783340104,64.05615333740323,63.294905611817335,62.90543656446428,62.17399079964862,61.716072700447626,61.565335436168695,61.44584165834158,61.17307559590162,61.16002386887795,62.03751037851026,62.98426904292289,63.745789241622546,64.40999549392406,65.04508968043444,65.38206603581591,65.59550822534682,65.40798468025011,65.61215096631747,65.43040113481271,65.05707933600776,64.85352253199464,64.79385030635022,65.0458757738362,65.07466135478953,64.82285943223447,64.71429129813276,64.44709031048313,64.14019791577928,63.930227873977834,63.69544419572192,63.510351082090146,63.32197380043118,63.16647185761764,63.11505143571463,62.86562952787952,62.51860670194013,62.40749115556819,62.12794844917504,61.75586024058265,61.575657860658,61.43704167030069,61.150743668287745,60.924109862041156,60.63658942281853,60.47403600257791
41,70.00012210012208,71.48915089540091,69.65749219915888,69.65835241147742,69.95825295075294,71.01256020214359,71.5773533344963,73.06933633496133,73.04642404920185,73.76711741961742,73.56890470640475,75.37592719780223,75.86030298049525,75.26577417291699,74.79549857549848,74.84621267043136,74.442213423831,74.57400793650785,74.23421132960601,73.95208511396001,73.7837640754306,73.41842763717744,73.14470235883263,72.9149663800704,72.47137708587695,72.46268060643048,72.14708957023751,71.70199720913982,71.36650562081567,70.82342897842865,70.48823292895837,70.22245115995074,69.93929126429092,69.70906383921061,69.22672771672735,68.92983072739982,68.84255148005118,68.59765720390688,68.4975182106589,68.17872799654019,67.81482536208112,67.51563705254146,67.19916860701713,66.96697157009626,66.57844197983063,66.32152512342716,66.10235421591801,65.83516600105138,65.49882011412615,65.26122110297102,65.02049456534745,64.78891178266169,64.69243305611221,64.38995858393996,64.26609547859543,64.13848942889115,63.89503762968664,63.58883397892012,63.25707309796293,62.99167497625828
42,54.67606837606839,57.787891737891705,57.55333570750231,57.880296092796065,60.19107956857952,61.50405813322473,63.40569437176576,64.02499554843305,64.7344650205761,65.1868462555962,64.8669908794908,65.69245014245,65.25886086847603,64.84614548810964,64.18609279609274,63.79573444495319,63.198755356843634,62.214071473793766,61.40118431763176,61.1597443528694,60.99143312595697,60.53408882783886,59.98544619631575,59.52959825668161,60.04781542531542,60.3679526314142,60.54881498816692,60.63324720914019,60.814731484990155,60.77348663681998,60.522228130292646,60.43613956934268,60.25823852073853,59.86918124087247,59.543472730972766,59.488991345588545,59.67598738848737,59.85113585245163,60.240755351011785,60.43847451159954,60.528473276948894,60.52153395546255,60.38198526279921,60.21361485736485,60.148783747117065,60.23130905929821,60.0085326119901,59.94714559167686,59.769741907752106,59.50352075702075,59.27209174267994,59.141687212360345,59.21246083580989,59.108750414537454,59.08501295001297,59.03293096618994,59.010248288099284,58.977361567232386,58.78779947296909,58.51974333536848
43,55.62522893772894,61.42521113146116,61.82439458689459,62.577188899063884,63.66142348392348,64.43972408764077,64.56442307692312,65.86082748270252,65.73087324198444,66.39698667073675,66.93028221778226,68.01233465608468,67.63614007075545,67.00674385138669,66.24901607651606,65.44908711080592,64.22366408101705,63.62814577397914,62.61439335518287,62.13573717948723,61.92243177897943,61.402320827320835,60.786893923306955,60.26094958282458,60.28258892958895,60.082831822735635,59.819717662310296,59.516383219954626,59.54534423112008,59.55535544702215,59.21493018630128,58.89693859381376,58.75853375020056,58.56598718547264,58.20725739868603,58.27894550151501,58.52124995875006,58.753392696484916,59.058492872275025,58.930393391331044,58.79736479645032,58.51370464852621,58.40688161967247,58.198993714618844,57.897781282503615,57.66660030790476,57.497444232284735,57.42424757919558,57.52528147400601,57.39639987789996,57.34012704797024,57.26283176403375,57.3104982107341,57.12638059813988,57.119297091797115,57.15492861140186,57.07285985619324,57.014094757413815,56.96754171754185,56.88014507868688
44,73.47968559218559,70.08153490028488,67.52219169719166,65.18679156491656,64.00616605616611,63.40852665852671,64.2773060933776,65.29998092185598,65.4120653009542,64.79275946275943,65.114356014356,65.85861653778322,66.79365157634399,66.78520916913787,66.10525776692461,65.66786699989846,64.75458174722897,63.95007376882389,62.655982638219534,62.180223595848666,62.04483521328763,61.65749065749064,61.196011396011365,60.91564598595848,61.21776190476189,61.51280290222607,61.822667661556565,61.84632209721501,61.95377229730678,61.96369081535747,61.71373774075388,61.56939484126987,61.30688277771617,61.14566305154543,60.778163410663396,60.53907783317508,60.40620015620018,60.45598156716577,60.47923215198854,60.068618996743936,59.95325141209284,59.87054613155798,59.869492598271556,59.80349257224247,59.57637735721059,59.61138517279817,59.583122255994525,59.68895269468182,59.701194110122664,59.66633882783882,59.64343153215712,59.666953328011125,59.8557492647116,59.983729216599684,60.23926314426319,60.46961442162328,60.47401846853591,60.42164321151391,60.37819616039962,60.24466592049928
45,71.36740944240944,70.10743030118033,66.18637396554064,63.19549374236863,63.695886243386106,64.27730887939212,64.24226626548037,64.32016814204297,62.89447553475314,61.87583028083012,60.96834230584217,61.721431115181005,61.558460912307076,61.91122085586373,61.90356634106634,61.83501697954817,61.71940972970377,61.06139996834435,60.38432459353508,60.484303011802986,60.526215671453734,60.48601699226692,60.593917555874015,60.48530156186402,60.625162800162684,60.59263446667281,60.64910761392231,60.418202729809764,60.478198812681455,60.457639906389836,60.38513283311666,60.581791978276286,60.778774312107466,61.162282284708596,61.128632333275036,61.215150590150536,61.544749419749394,61.64486657348493,61.9606563664255,61.75463865995111,61.54098481689934,61.21330394693478,60.909122369878084,60.640085840085725,60.3056506353727,60.33694844808961,60.37417236034242,60.52713717609537,60.503891422258675,60.323988298738236,60.1662879966801,60.058890708650274,59.97276581734119,59.694775980192645,59.67571641321642,59.74202669850003,59.704134892073576,59.603814225366,59.473327331801976,59.372246303079756
46,67.46477920227919,64.87836538461535,64.74002849002851,64.12657331094829,65.73579975579969,66.91517263600595,69.13897901040754,70.95344233312974,71.3858120788676,71.36989774114768,71.11108289858272,71.00786570682378,70.45083395948757,69.86011141636122,69.51115995115983,68.58201980311338,67.77334656084639,66.96251469723676,66.28165311783722,65.78176867114357,65.42562309824208,65.00343475968471,64.1580986445116,63.507330034934135,63.88522629222627,64.08629523966056,63.99338982348234,63.75018315018309,63.38523149902456,62.831537104870435,62.49491659773913,62.41061651022591,62.28422087172087,62.04334853599559,61.63871867550438,61.35636404490573,61.284816409816415,61.27762073452861,61.50956320507601,61.487800035612544,61.444762227384146,61.368476607167,61.34600039280261,61.301055310430186,61.19865248948573,61.07668993647247,60.91869950380579,60.707588543786365,60.569684699276415,60.34111589336575,60.18747705634942,60.055991026423484,60.00060560508653,59.76590382354243,59.65225311725291,59.5792338035639,59.37124363615564,59.173168673599406,58.93338386346823,58.74181971577772
47,64.40517908017908,66.7197395197395,66.30751424501422,63.64493157305661,65.1707183557184,65.30100478225486,67.67650590150596,69.6529316748067,71.56440103106765,73.51119963369959,74.12733053983051,75.1201918837335,75.29354630412315,74.67078899936027,75.08177011260332,74.77458823005692,74.5856831621537,74.23913845927727,73.55437123792382,73.47951490638987,73.06144543287401,72.64868672993686,72.36616764877644,72.2957542650252,72.26293569393584,72.25353346795673,72.10343708075216,71.61989668730762,71.19033988042635,70.82348409306768,70.49201704806568,70.07011981074513,69.79833129833166,69.44606631114021,69.10949691842588,68.99959950029435,68.86112554862596,68.60892254675193,68.47587792075014,68.12988514957304,67.90443183735897,67.53735633854711,67.28716990373997,67.13378716191251,66.8311287477958,66.54983609385826,66.30268176465027,66.09981314017817,66.02781235204746,65.83745288970326,65.67246143471674,65.67353920118373,65.70475566536916,65.58663380515264,65.60894244644274,65.67314878408669,65.51363531692508,65.42046396292118,65.22731007222572,65.12736094152805
48,59.12107244607245,59.34107397232402,56.41381427214766,54.03275208587712,54.730164835164835,54.79160307285309,54.07884397348681,54.09836118742365,53.40946615113277,52.834467338217294,52.41326728826723,52.65871447225607,52.52415195203649,51.7693223443223,51.442643128476426,51.28762655168904,51.126869508487154,51.27029688418574,50.9790689330162,51.02496693121686,51.25686401341156,51.561570374070335,51.60598799348799,51.80078453568036,52.3342726902727,52.916224249397345,53.26762519031041,53.66431587592299,53.95954433497529,54.165218253968234,54.374715099715075,54.448378516737954,54.65418470418479,54.80145233307006,54.7507942322229,54.916074678921994,55.151788601788745,55.39708124477871,55.782202602715465,55.91707989926741,56.030027323624886,56.14039188324901,56.0787028755052,56.1078283984534,56.149572649572654,56.42487060041411,56.64623254011558,56.87227585300512,57.08907214289879,57.09248768823779,57.03781283168548,57.094164240318136,57.05666165595422,56.87674878276739,56.86613701113707,56.961094849264505,56.91586346564414,56.84561316716487,56.61118026668868,56.371981074481056
49,55.602645502645494,56.12022028897033,55.83639431556098,53.3393772893773,53.1860744810745,52.72505765839106,53.35366300366303,54.482469729344714,54.80828132772578,54.93322039072043,55.83453953453956,56.55740359177862,56.15409896371442,56.15379745915471,55.90242707909381,55.86621960215718,55.87409681821451,55.71205512594406,55.179196388406965,55.13064967439974,54.84338139814333,54.65528453028457,54.2061306648264,54.04121578652834,54.29743671143675,54.65059680348143,55.03228643784203,55.087756555613744,55.33176094339894,55.43105837064178,55.358456910473144,55.36098185668515,55.52473190389875,55.829389918360675,55.87414515378818,56.44275567539475,57.06003489753502,57.534038756078374,58.174840069711976,58.4792653642654,58.58644998858412,58.699094060701185,58.87438500345474,59.10861962111962,59.24904479265587,59.3899969696165,59.635059945964194,59.882800099206314,60.11284553503937,60.28051678876659,60.40710614730209,60.570214907955176,60.69748514064547,60.673181593783454,60.6884266659267,60.757949862637425,60.705217281094555,60.76406870587905,60.79019482557617,60.79100732600731
50,68.15632376882375,69.41439255189252,68.00694953194952,67.15443121693119,69.86455636955633,72.2873660290327,71.72301514622947,71.76507173382174,71.59385090218427,70.88369047619055,70.64608909608916,71.43613103717271,71.43810032560035,70.81160677946393,70.98467914801249,71.2225430530118,71.00113511216453,70.59245494731604,70.05232525758836,70.23363451363447,70.16628122759066,69.92368141118132,69.5719322344322,69.23364812271068,69.04056247456253,69.07025374909989,69.00409035409027,68.74162051572753,68.47751392923797,68.18245522995512,68.29907653576998,68.39990142958884,68.50660558577218,68.35628905408316,67.79447380661658,67.4556335639668,67.36705482955468,67.26115703253846,67.29914595138939,66.95065883190865,66.64810434597003,66.4754904597165,66.42633410947353,66.33229976042466,66.17737846515611,66.101681862823,65.91164908771282,65.77233520723094,65.83767629762515,65.69843355718342,65.60866092875884,65.61247143170198,65.59747016610207,65.42754591944386,65.35274716024696,65.43874362244867,65.35131221929448,65.21815511276705,65.02288825424401,64.80683073870553
51,60.52298026048024,59.746102971103,58.673083706417046,58.73135175010169,60.74174501424497,60.78922551214214,61.34715027036457,62.93856010887263,63.19847035680366,63.70657814407806,63.55161643911639,64.41614731718899,64.55994528975292,64.03343072271633,63.52190001356666,62.907958765771255,62.303049211137434,61.85224924252697,60.88896520146519,60.63043549043546,60.16454105858865,60.494421781921744,60.89897895984851,61.23167120302539,62.04940455840463,62.68006069784923,63.29176314083732,63.75016552561202,64.02100034384524,64.3179736467237,64.76373560728402,64.93206082112341,65.09475539892213,65.3584506452154,65.064955084598,64.80470636616487,65.01006129756144,65.00184970974456,65.18312657190873,64.89708193426952,64.68867124293965,64.55497509545141,64.3190417033441,64.09214408276917,63.85280355447032,63.84399397904836,63.689251292442925,63.71521280609832,63.59005891123238,63.27511141636145,63.07810796683349,63.03965455840458,62.85967528278858,62.53840915600186,62.34861453361468,62.184869578173235,61.85975604966845,61.59503459503469,61.33038628822538,61.167491096866165
52,67.90529609279612,71.29949124949127,68.73869386786053,67.6134437321938,68.25585164835167,67.93074040157377,68.67475434618298,69.55654634717143,69.58313492063502,69.49371693121704,70.00878149628169,70.62801561864077,70.46314533045307,69.75320294784589,69.09879629629638,68.54488260582025,67.55523534200017,66.564005901506,65.52051335603979,65.016562881563,64.63393753512817,64.04853734228749,63.21098878979327,62.92543116605636,63.246428164428295,63.5280787232712,63.55930335097019,63.06080204517724,62.72972471334555,62.103921448921575,61.72989204642437,61.346809180403014,60.905507455507546,60.567758983935576,60.082664108378566,59.915185778727654,59.960980348480625,59.94419167577092,60.20294396961093,60.08555949837227,60.15014307057019,59.92759341628414,59.86830945755392,59.65896071521102,59.55099240265935,59.43672282829918,59.354343971631444,59.46729200583392,59.64148548918986,59.77070726495749,60.02895748042836,60.23651214348367,60.43673284262936,60.40781582101056,60.4134959484963,60.506019699546826,60.55297672600338,60.58528904046178,60.595637679960085,60.59011167073711
53,56.17896316646313,53.033068783068735,52.4258394383394,50.25811457061453,50.20899572649566,51.17939730023057,52.27414529914523,52.246521418396384,51.53903812237143,51.409246031746,51.50741850741847,51.82095288970289,52.26512945743717,52.51703478399904,52.48673212589874,52.385960711741966,52.072716608010694,51.89762865735089,51.66562613799459,51.93597502035005,52.3843849933136,52.623884911384984,52.78480295871611,52.93627136752147,53.57620594220604,54.404069025703734,55.19335892159976,55.88808451799534,56.50982502491137,57.05577838827846,57.502467439967475,57.79594223773914,58.191292349625776,58.24107487011904,58.28342185592196,58.51151415456977,58.87642230142235,59.37404622667785,59.77688446406393,60.0023323667074,60.165714062360394,60.3432232009613,60.47039190353144,60.49510397010398,60.54824209740877,60.58935340022298,60.648377843590644,60.65985693511743,60.86873499705132,60.683933353683436,60.51878775726827,60.37937153658329,60.3004002810608,60.12213196611366,60.07280219780239,60.08621667684183,59.983623053360134,59.90002201661713,59.74700716734643,59.623365045448644
54,70.29019637769638,68.77798890923893,68.01071767738436,65.97610144485148,66.18796092796093,66.87869946411612,67.74710593639166,68.9120065120065,68.34042475014697,67.89624033374037,68.24359298109304,68.88731218627058,68.38834296045837,67.19696530321531,66.35942748609416,65.43899731634107,64.74774803083628,64.01086351919686,63.33684210526318,63.32121922059424,63.39390613795376,63.540991415991435,63.358446143228804,62.89253408628424,63.028532356532565,62.85361467236484,62.98553396192303,62.85441395575339,63.060533942430666,62.95345068511752,62.76609538907945,62.41001427681125,62.09905418655428,61.98038108405765,61.6894454619455,61.55522458508569,61.40139576389577,61.24078331512544,61.36579292028004,61.28897906491656,61.276831874087954,61.30885783088167,61.37592190324756,61.334354071854136,61.30492934020719,61.46181351860708,61.507208236995616,61.8040682022454,61.82444525429236,61.686565730565846,61.4642766365806,61.437058463260364,61.53660306325397,61.47211265243674,61.55139379139378,61.56294897232394,61.43996538711446,61.249408884538134,61.063287959686136,60.732080196038424
55,75.22273606023606,76.2572751322751,77.25623897707236,75.77707697395195,75.56155474155473,74.63774674399676,73.34502514681093,72.89989061864067,72.48348821959932,71.91394078144077,71.62633200133192,71.54518637226958,71.40137871387866,70.62809974417114,69.85028795278792,68.84213662494918,67.96316047786645,67.1257554945056,65.94827935222685,65.03504120879137,64.41718123146708,64.06725080475091,63.38218267240016,63.11935965269296,63.54741656491653,63.66291971916973,63.5930642231569,63.32684185853843,63.47506385696052,63.49627323294003,63.537258589678025,63.31344087047221,63.12898891232235,62.928931743637726,62.449465957323206,62.04774920295761,61.90862345862346,61.58147893772893,61.47131286330003,61.118667073667034,60.90576712131589,60.677475798011464,60.577344275018625,60.39125353812847,60.21619047619041,60.138488634956,59.923743819222565,59.85530457197125,59.95203863596724,59.781992266992305,59.65958615639989,59.657989731066635,59.66881445772958,59.539646267655584,59.63330798830799,59.807464096749804,59.931275839170524,59.985172027844484,59.8302029655844,59.720072920906304
56,68.9698310948311,68.33909493284489,66.3864417989418,64.29726165038667,65.31214794464795,65.62232312440645,66.07627405663116,66.44481519637766,65.37383496133492,64.63429792429795,63.50883838383837,63.261058116266405,62.99587051125508,62.56826959416239,62.06675518925509,61.6116662851037,61.149066891713844,60.56720283317492,59.967663014373365,59.70068045380526,59.40547270190118,58.922699291449184,58.279811673833336,57.9890516890516,58.4541805046804,58.51665649165644,58.63430561208338,58.63650048694684,58.62076965180402,58.45924959299943,58.231058890332896,57.95678212123511,57.675436137936,57.29803308075349,56.928956189313126,56.913111772486516,56.80896555896532,56.791929074823614,56.763001184475385,56.664225172975044,56.50838867546173,56.21253391670042,56.04458713121492,55.771362896362824,55.69310790033001,55.80744279874704,55.94313435776191,56.206753768993245,56.313770630352145,56.26836060236044,56.351184989665235,56.5327412260103,56.50760620406838,56.28349085756478,56.24182595182571,56.20866111401802,56.03302674421068,55.88950912593125,55.64837363672071,55.49022215438848
57,56.042541717541745,57.734864672364694,54.30433285849951,52.13961258648758,52.482581400081415,53.84602496269164,54.03841357055645,55.50964908933656,55.833926875593555,55.71246794871802,55.99920033670043,57.0291526760278,56.80482138943688,56.66890734926464,56.520322886989675,56.87082125050892,57.01205050396242,57.08113807488822,56.80017592057075,56.93331908831921,56.718104734771494,56.30681771931785,56.05732954646013,55.825203076244904,56.37558221408237,56.64832366707381,56.9377061381693,57.14710266585297,57.3181857255136,57.46162104870456,57.338633528956265,57.2995467350938,57.50212333962356,57.54722790825753,57.13568565032872,56.960127526794416,57.061864474364704,57.28060415461751,57.573079140707534,57.415599689662436,57.43994584909243,57.498356735856994,57.62137426526984,57.47620539183067,57.38730147424612,57.53416890074511,57.50886914503948,57.639187991792255,57.63650928625428,57.57401546601557,57.51318142641685,57.46656540574824,57.36114557175885,57.16600133405697,57.07068440818453,56.910504335281274,56.64305546630122,56.47908667003513,56.35069698819714,56.200760666802545
58,66.13387260887264,68.83506562881566,67.15912698412701,64.05561787749281,64.97597985347974,64.43175451092114,64.52965724751438,65.92308646214893,65.5846611721611,66.30900691900683,66.3526228401228,67.81635802469128,68.02880741053804,67.98282748997018,67.9397574955907,67.862406835063,67.23549043549042,66.78357753357753,65.56509864404607,64.96803571428582,64.73264361300082,64.3565048377549,63.93684415423551,63.553737620404284,63.855812169312124,64.02485676716448,63.73093561102819,63.02096215622997,62.71981670947185,62.64707773707767,62.489750646605465,62.33793752543751,62.15124088874087,61.97526245540951,61.483485958486,61.47573062225846,61.380202180202225,61.30061612364246,61.53739772810292,61.29144446988201,61.00381265076391,60.84882951043669,60.5079337867129,60.197376928626966,59.95878544295213,59.89865866822392,59.694479407511395,59.56074618861087,59.44810827872064,59.2889023199024,59.27699101007934,59.06710106133197,59.02607087182575,58.78167659672306,58.805852388352534,58.7036529195013,58.529377932009716,58.465555573098854,58.19864068762393,57.98548322819169
59,57.404588929588954,56.697532560032556,55.201792497625846,54.023096001221006,54.710957468457416,53.75104548229546,54.72217425431714,55.38670889295896,55.90388007054674,55.83518162393163,55.57260563510561,56.25926731447563,56.08858911743524,55.419542924007196,55.47295041378375,55.30443058099308,55.162648136177566,55.05404993668879,54.727195124563494,54.71963827838823,55.02191358024685,55.09555352055346,55.04885840809747,55.2464041938,55.940026048026006,56.48230311355305,56.7577211368877,56.828166063433805,57.12993768683413,57.20061558811553,57.17440722360064,57.27150234025218,57.28170255670234,57.26805615408538,57.17331894296165,57.449087782073775,57.81286836286833,57.79001403080348,58.01928255742352,57.97048229548225,57.91658092359308,57.889449120103826,57.94551554173642,57.90024443149434,57.67574582824572,57.69577936154016,57.65745839070299,57.64638670550123,57.642010748133124,57.485127798127756,57.457718942277715,57.51285994098485,57.67536946805805,57.61004471351688,57.69699411699406,57.76736310977376,57.76339647194908,57.71715962836647,57.4864545608189,57.29243928910584
60,62.25699023199022,64.14010734635733,64.79109347442679,64.3186368030118,65.6905341880342,66.26261870845205,67.195646549218,69.08493653337403,69.30727626283182,69.52622507122508,70.4227910977911,70.97651141296973,70.81313672082898,70.75687249258677,71.05051858635197,70.48307037291423,69.8082163207164,68.95402195541092,68.44898142792881,68.37144586894588,68.29553946934901,67.89862776112771,67.33735002919784,66.6146638854972,66.51205148555148,66.5216314846122,66.2179617193505,65.5939058956915,65.23618163445738,64.95626322751309,64.51903301298451,64.03789905118018,63.704140612473836,63.19225801431673,62.71462221640782,62.56251144688631,62.66167197417187,63.002647243107624,63.42183831126122,63.59176981583208,63.54061603482313,63.539269240459525,63.44220866342937,63.247642288267095,62.97431488264801,62.722651895206056,62.460446271616355,62.17109141822676,62.16881878514516,62.0810899470898,62.070711632231,62.183139714629874,62.12851901766969,61.970864800494184,61.875648610648355,61.76131333943803,61.523631282622205,61.230385387281636,60.90608819146926,60.60617233075539
61,64.77630240130236,66.9229014041514,68.91844220594218,71.75908882783885,72.30076821326828,72.14474291140965,72.38326356183505,72.30120383089141,71.31914654275772,70.48920787545796,70.15831668331676,69.93203601953607,69.15666463166468,68.91702824292123,69.13907271740622,69.23167544261311,68.63925369293034,68.09478276353292,67.4723437868176,66.98291412291424,66.26343658546048,65.47457010582019,65.05373245916735,64.82236891195238,65.38427106227121,65.73901333709046,66.0541958727145,66.01482626170136,66.03677090789174,66.0353532424367,65.92967476072334,65.6682186736876,65.55107361774047,65.30686693480834,64.89382333275213,64.76151344797205,64.74869361119389,64.81110307820862,64.86747153606156,64.53228797822574,64.10884990122824,63.790803486637195,63.36025581868637,63.006874953750255,62.55431590014952,62.422767248854484,62.14588951237913,61.915148470357046,61.76024426254047,61.620805453805666,61.44838845794744,61.244935780032,61.074507471913165,60.73223349010389,60.57741693491698,60.40867038054541,60.29035444737204,60.17588566446335,60.01701770451772,59.89162545787545
62,64.9689102564102,66.83366656491656,65.44160731244062,64.97452304639803,64.03595339845337,63.7976792497626,62.27689981975692,62.20127696377698,60.714973658029145,59.79602716727716,58.93155409405408,59.23841405508071,58.57768463730007,57.340234170591316,56.59628374711712,56.36698972323971,55.77350936100939,55.51248502012393,54.78249550157448,54.67250610500614,54.50118781130688,54.13799834424835,54.004776946081314,54.03737387226977,54.577828245828286,54.98856778904858,55.24458105337739,55.08369363771157,55.03331771995575,54.76228547686893,54.430703257316246,54.20215090176041,54.20202744786091,54.15579990543239,54.00904282225727,54.010592468231515,54.218133930634046,54.38427171025869,54.737029340555075,54.85620713776967,55.13986755114809,55.29982823613781,55.55458881127491,55.695674001924054,55.93300083661196,56.35652605244995,56.705568220195836,57.05026688203766,57.53442735458038,57.7507886650386,57.81670816474732,57.81695411070403,57.782630393715145,57.665832033192935,57.59768490768474,57.54083349686019,57.504438625052565,57.52613468906562,57.534361354276534,57.60430046805036
63,63.18826821326821,59.58751526251528,57.127377560710876,55.12765059015056,55.69186609686613,55.517142348392376,55.97966814931103,57.63875661375663,56.874156039433835,57.2051485551486,57.047441909941924,57.946647758106145,57.845238486584726,57.23549806674816,56.647148622981966,56.24127461080585,55.46388410064879,54.87802621760955,54.326574984469694,54.20647613960107,54.35244854351989,54.53654632404626,54.26210892569578,54.09123041310533,54.68358363858356,54.85314936132239,54.92645163478489,54.72539500843064,54.673718650442765,54.63610721069056,54.58023176047369,54.444259863400504,54.26608777025443,54.182875457875454,53.953994272922834,53.99136876497992,54.28834645084647,54.63328379709956,54.830990993811426,54.78533768315011,54.87916939654742,54.93055979514311,55.04669749931378,55.25585016835017,55.259462307240106,55.41966906885388,55.42373342772282,55.41111259496678,55.451883518975364,55.37152604802602,55.3453233857646,55.35911729829999,55.2012713963186,54.98483141515546,54.982813390313375,55.01540442031508,54.91208300309168,54.88422162926465,54.80164740313034,54.84088183421497
64,51.51146723646722,53.118439662189694,50.69552299552304,48.37328423890929,48.832107244607315,49.59168786460462,49.86579524972392,51.10782585470094,50.99917299778416,50.98454619454624,50.487463924963954,51.19243487993487,50.728858285589055,50.41963667945809,50.27660392077054,50.79434841778587,50.90007481625126,50.85525737122955,50.52851171732745,50.679823717948686,50.86376751555322,51.34348706848706,51.56084855160941,52.037191993962814,52.79639356939356,53.13330261262951,53.52540907309419,53.4535663410663,53.452199205647446,53.42305776014105,53.60524127903157,53.551754712301516,53.42700386033714,53.16537174698932,52.9669172626315,53.02478773798213,53.170592433092374,53.40371494976751,53.80293275100962,53.804255062067455,53.685349722544736,53.49931476151703,53.377423308818535,53.13851067913556,53.04722109166543,53.06346021128621,53.103288260203094,53.15183574141905,53.28945962389838,53.31987861212861,53.30809851005928,53.23119482013716,53.300149649442126,53.2630680105217,53.303643763643734,53.28770032051272,53.24721249348429,53.25162712447176,53.16765907507413,53.09585631189782
65,63.45814509564505,63.46271367521365,60.87144044227374,59.65453042328045,60.26471306471305,61.55317884276214,62.46321733821731,62.99832239519739,62.21346323429657,61.58128663003668,61.66704267954278,61.827064679148116,61.5326422153346,60.84312169312168,60.50585470085468,60.16878942816441,59.44226908712195,58.6070269750824,57.93094916779116,57.776872201872116,57.791177781653865,57.754958004957864,57.78758803595744,57.8301322327363,58.32239031339018,58.9222912948873,59.24314091258526,59.37490460927948,59.47135138169612,59.30540123456785,59.08620760959461,59.02582115511787,58.78613284863272,58.61417393880618,58.38060701203546,58.317029292723674,58.44308236808234,58.534408135723915,58.75842060361288,58.63413868538873,58.623020960520975,58.48038669883913,58.43042233391074,58.31178173678178,58.087006059783924,58.0995411291608,58.0483672356014,58.0479132749967,58.04015931158797,57.92716463166467,57.76249640882,57.73995746063053,57.66550028413237,57.452101422240325,57.4754574129574,57.539399092970484,57.318485226599236,57.11231334119255,56.84933543386925,56.5787120980871
66,69.0244454619454,72.11663868538862,73.63968762718756,72.10760836385836,72.03225376475372,71.65099969474964,71.64363480434906,72.14418116605613,72.45428989734539,71.92686050061045,71.68224136974132,71.31828873287202,70.31218731411039,69.16951276236989,68.80772418939078,68.74353155525027,68.69984797337739,68.48883603536378,67.76588613628078,67.1567183048432,66.47347520204649,65.90453712953698,65.37569013112481,64.74531779948445,65.06994993894986,65.1135828558905,64.95619620434427,64.67980533025168,64.62563628899824,64.48438949938935,64.10822600338712,63.69851365359156,63.358709500376,62.974276826114874,62.41805366591062,62.26774832677593,62.05859747109734,61.96398930017335,61.91249334710863,61.636208028082926,61.38748386888621,61.23064543481195,61.16963457515767,61.0508816415065,60.8500873920317,60.727417339102,60.561335719048394,60.421719513125694,60.13675172144552,59.843600223850224,59.718606103409975,59.601512554397125,59.497125847597445,59.258991976815985,59.17929033929025,59.18185759346465,59.099389231625985,58.84524642822048,58.554148731055406,58.39734093067413
67,60.39570614570616,55.65147537647538,56.24016754850082,54.19902828652818,54.86067663817653,55.11102462352452,57.235156840513845,58.864182056369415,60.66531791254004,62.52312271062259,63.54070836570824,64.83832459978277,65.27782199993726,65.1083191609976,64.84411613078267,64.10691519129007,63.27461334961322,62.54810942658154,61.95343379817051,61.73391152828635,61.54458374517875,61.48605167980148,61.2340935835499,61.163485280151754,61.54780972730943,61.79158820168411,61.74337663365428,61.581813077795104,61.316167740305545,61.21938729480391,61.11482498982491,60.919077349155415,60.69858767775428,60.61076231774755,60.40323856038137,60.33890938022873,60.52538582538568,60.67755888117709,60.96088726088705,60.84272257834733,60.734989130110804,60.70049518382824,60.771449513018986,60.88647960835434,60.91765081626164,60.9583774619098,61.044656820720405,61.14477725206864,61.30135026538062,61.22079222629201,61.205729129258366,61.15288441971122,61.10738033804056,60.98753627202687,61.057175509675375,61.15607148308029,61.27544948553705,61.40945907540723,61.54470287245699,61.70700337471155
68,48.683602971102985,51.68201566951571,52.771284425451135,53.79917963980465,54.51065527065526,54.94856193189527,55.90221451828594,56.8775011446886,56.218172568172555,55.6558175620676,55.64292374292375,56.45591931216927,56.815134936288736,56.90932721379138,57.47520858770851,58.24246095339837,58.441157317627926,58.11501803237913,57.56057558425975,57.27756181318681,57.12815546446501,57.10065767565767,57.285852090743326,57.675963234296496,58.36148148148145,59.186966203312224,59.70443592758392,59.785997369032955,59.984258557534346,60.45060422602075,60.807953411582325,60.94265920711226,60.95985372652039,60.87737421891833,60.45681725681726,60.38021455139514,60.60620895620902,61.03878660326035,61.51228710747946,61.48614010989015,61.54526241599417,61.54853322383087,61.59212170258689,61.69886710511715,61.79723217112114,62.00067984551689,62.14632985218099,62.36201000966635,62.59048511956692,62.670973239723374,62.67314685133318,62.75851061331835,62.753037048556024,62.660816695307545,62.77776815776831,62.8746724010118,62.996861366379086,63.03466775083172,62.99367614494754,62.9981191493693
69,68.32451668701667,64.98366147741149,64.75499253832588,62.944196428571495,63.34044261294269,63.73007648215987,64.42027152741446,65.01049234330489,64.65028433500663,63.920536731786775,62.93362655862662,62.5808035714287,61.62437501956745,60.89102891156478,60.199154456654504,59.383534289784315,58.504138535756184,57.8044979197757,56.95317219330385,56.65252899877905,56.37347568657094,55.958104395604394,55.81070189874539,55.82567621421789,56.54105046805046,57.04211436711432,57.38062414266113,57.5158076050933,57.64730941153349,57.74930725139048,57.8089947089946,57.85397938288554,58.08248063664718,58.253113702745885,58.27350572707701,58.31518125650055,58.715413215413044,58.96848397703641,59.25487396032248,59.284099765974574,59.06258462630397,58.940231869100806,58.92300404160858,58.77405441780434,58.79533385338925,58.83819820477411,58.95892294269937,59.215140521129875,59.520049546069764,59.62797283272259,59.826231275985975,60.07983518440237,60.33216455103245,60.43151765929537,60.48052651052645,60.62772136098028,60.60307838685026,60.4034316976127,60.13026185992282,59.901097798806106
70,60.499374236874196,59.39232041107038,60.58066917650251,58.714222120472094,60.18602055352058,61.66366843033513,62.61945898017337,63.98336322242579,64.09848901098908,64.01819393569397,63.627715802715876,63.601898911274056,62.596850051657924,61.403425344496995,60.12970187220204,59.52369441900711,58.874515489956806,58.096717146022804,57.29186052738696,57.16728556166065,57.09555327829142,57.11746887371892,56.98904262002091,57.065694953195,57.18863105413112,57.65496305688625,58.012129177407104,57.97317394906696,58.0556402888301,57.956542531542645,57.84552841125438,57.73379772715721,57.734122204955675,57.47469445042988,57.27988662131533,57.24612148396878,57.64631458381467,57.65481170875917,57.80341123738569,57.74923013329278,57.76576555783887,57.86129256545934,57.734063331156506,57.4489820364822,57.30619703341942,57.206760298880035,57.0383652005994,56.99484635734656,57.1102271311457,57.12947313797338,57.14678998380003,57.161046734604746,57.19338768324648,57.07077266012484,57.071814851815176,56.98963339074977,56.83303513413196,56.69940142871209,56.54973294909771,56.422625491792544
71,71.02401302401303,74.03754324379324,71.56185897435898,69.19205204517705,68.08148860398862,67.34242131325462,67.04872303622297,68.38888634513629,68.38438757744308,68.4353256003256,69.35921717171718,70.93773190544023,71.58882196862963,71.22135843653692,71.21989316239308,71.88296671499785,72.24019787402132,72.3342765002487,72.01556374911632,72.10614468864465,72.2114035215225,72.18672739297733,72.06245133690773,72.23056000712228,72.57313471713455,72.87477301900367,73.25323188471337,73.37209648816783,73.56243789735163,73.36608635191959,72.90344752320549,72.32431811533368,71.69757326007314,70.97499850367483,70.20505450898297,69.68321872314918,69.2547312422311,68.93001909153213,68.69609618776272,68.22761688542924,67.94871633560652,67.63257783882779,67.50770153618987,67.41432988307994,67.18819789264239,67.1733140450532,67.17821043219986,67.25054701278665,67.2575507919896,67.09311975986984,66.90073140367267,66.79676855373977,66.82060305173516,66.69167165995871,66.62950456950456,66.55252122216409,66.57927627116213,66.46474280030311,66.29271132978756,66.23252755731926
72,61.748438135938116,61.79471153846156,61.68186474019814,58.94087428774932,59.31599816849818,60.19106803690139,60.90199357520789,61.29095250814,59.7240152851264,58.87459045584044,59.06913225663228,59.19838683692855,58.84121974891209,58.21643227803937,57.922798127798046,57.577633419820906,57.11310750796041,57.10089540089536,56.457193999957155,56.589440628815694,56.25552914898161,55.9048338235839,55.395679381005536,55.21954449871126,55.45265303215312,55.73625414827345,55.99060413180784,55.81044501133783,55.92318130464684,55.72870387328719,55.61294343350791,55.478374764702856,55.3436133311133,55.223922346716456,54.98632522239663,54.822045855379116,55.09936419936417,55.619695071010824,55.93534328918947,56.11604726292229,56.135770248270276,56.13135053879107,56.13462366660051,55.99287471787483,55.94541593180493,55.97905042823531,56.144062340339,56.41240270146524,56.77174077811841,56.83908801383808,56.969307879847165,57.142399267399355,57.31689253269455,57.26153017078961,57.43053687053701,57.64005628961007,57.603316874808364,57.65067707675501,57.65081400081439,57.69092804572009
73,67.64759361009358,69.28611111111107,68.17401132817794,66.81327457264953,67.48489214489213,66.76606803690132,65.88775364846786,66.07910434472934,65.37733290372185,64.94344322344327,64.88148009398009,65.03566086691075,64.43484784446314,63.57840608465594,63.262535273368464,62.80564490486361,62.1972303023773,61.51223488445703,60.59661600582649,60.10297339234834,59.58156457739788,59.2700376012876,58.92614159190246,58.57682047890384,58.98685246235246,58.9908460129614,59.26845388836126,59.58617161608235,59.90243498519364,59.989886379053104,60.088734458492546,60.26520432692306,60.32709050209048,60.22431917211328,59.951167655096164,59.86759513634513,59.90747230747224,60.12574290962443,60.3105825323773,60.18239074582816,60.12534135918275,60.14203199798428,60.18556887771988,60.154725714100536,60.14331501831481,60.24376592610266,60.22885513816342,60.28881490808553,60.42513341722506,60.36555138380128,60.45102498264247,60.37338569550091,60.31615359657794,60.16702467628374,60.12123635623616,60.13278833435071,59.95035362623065,59.82410170448943,59.64668173947818,59.62160044430864
74,57.23141025641026,57.999531949531956,57.94564509564511,57.680607702482746,58.40058811558821,59.02996370913039,59.74125385196815,61.37266992266995,60.72697960475735,60.33857651607645,60.10149156399156,59.74210885565049,59.94765231207536,59.81757187917901,59.454568918735625,59.927543116605676,59.44914410208533,59.374575193325306,58.76195028168727,59.08973265160783,59.44660445374746,59.645889064639206,59.6898411371239,59.53347260378528,59.950073260073445,59.896889773332205,60.01378864619621,59.75244400110485,59.63173778647923,59.62517280558961,59.489792167211625,59.26833648122721,59.1344112677447,58.839199525964375,58.53732295482307,58.295444704472615,58.48804023804042,58.72001344172407,58.87153514813781,58.80222069597078,58.52152734347865,58.32955271139808,58.11026776840742,57.92533172845684,57.717839506172886,57.56560492647456,57.374594082040964,57.331162876475446,57.28459752643433,57.14571225071228,57.04063938965904,57.11940530978992,57.15973729275609,57.02176924584319,56.880577108077,56.750852429647026,56.55620889831406,56.40321311032511,56.21562096879888,56.01385073260068
75,59.98028083028083,63.85602360602366,61.91813017229688,60.292883852258846,61.88509055759052,61.6430835368335,62.48153453689174,62.95371960215718,62.69883948356179,61.58532102157109,61.19800338550343,61.0161570682404,60.51511732569427,60.338162102447804,60.94974019807351,61.12486200142453,60.87868574780343,60.63217394745177,60.19512108262112,59.985575905575956,59.37805226079042,59.1653631091132,58.64622374404995,58.13035693087788,58.3271469271471,58.409446714254535,58.486411085485315,58.146675678818625,57.883353683353754,57.57800671550668,57.17140937019961,56.971940978581635,56.59560424143756,56.26916493092957,55.897168730740056,55.7839004488309,55.997372784872745,56.028518946939954,56.129735814992166,56.089511472323885,55.88310638097215,55.735334903191955,55.85302919518027,55.733167180042145,55.61899278704827,55.61433658933655,55.50081053698069,55.28126854819557,55.227971206797726,55.05909330484325,55.00021427374369,55.00540762656147,54.83673111479715,54.68180284221947,54.75443861693855,54.78710281120985,54.66860679119442,54.57860888313465,54.469999154956646,54.29799128340775
76,56.98614672364671,57.57333638583634,56.60697496947494,55.282981023605984,56.39473341473332,56.77977292768955,57.70948165591021,58.197641305453786,57.92247094469314,57.708586691086595,57.09182900432893,57.68573505969331,58.000373344604014,57.89879353450779,57.940684778184796,58.32529984483111,58.60895969498911,58.652235675846796,58.30037593984961,58.32248982498982,58.547520204663094,58.57502497502501,58.224153041000854,58.380445114299235,58.97011355311352,59.79924802761338,60.30909834335764,60.63699342985061,60.78809348378322,60.532771842355324,60.36914805624496,60.01809291692125,59.930343113676635,59.70137602049382,59.42731016338176,59.235080184733064,59.09324021824032,58.88729757085029,58.826387062605164,58.62535790598306,58.49768592969828,58.275770757020865,58.239408524292344,58.053225478225585,57.784208271152806,57.686612672754116,57.6568090302134,57.717862760310766,57.76034954274752,57.62019627594628,57.451046629478064,57.462782650042286,57.40732091982086,57.195982472602864,57.14004356754357,57.025527737804495,56.7855704075002,56.66300532960009,56.46348016390382,56.27780491113823
77,59.814351851851875,62.79582824582832,60.844819223985944,59.835681216931306,60.88518620268628,62.85132614299288,64.13848406884131,65.81780245217757,66.2017433184101,65.60314204314219,65.33532856032866,65.57972247659755,64.91906092483016,63.8901869294727,63.62939017772348,63.0714921652422,62.170963214345576,61.33876622348847,60.47238368356792,60.233978937728956,59.848813884528205,59.44933099308101,58.842205278618316,58.667810931352605,59.007929588929606,59.57948991891302,59.93570486440858,60.00241293098443,60.37542384180319,60.77373422873422,60.738930245381844,60.689334204568596,60.77518407518411,60.62116252483909,60.3584151694867,60.23545185524361,60.392682380182485,60.49534078251193,60.76666692756443,60.655728403541,60.68546611473449,60.7475800434135,60.757197636558224,60.50643303455814,60.36819563152908,60.270535493089966,60.28215303215316,60.35911140364275,60.2805763208826,59.99467470492491,59.79806904243199,59.73961307567101,59.638508765867535,59.40177883673271,59.311067543567695,59.201875381563035,59.04975446093877,58.92695009332945,58.731525199533735,58.552878764753835
78,58.01418396418397,61.22985602360605,62.11305284221953,60.197120472120474,61.50626678876675,62.26614604531266,62.27036019536013,62.884028413715804,63.14696954280277,62.88865333740325,64.11467837717834,65.3066387701803,65.28681123008039,64.63828129542405,63.92150590150586,63.55398828601952,63.14425770308124,62.78986879889656,62.34944224878438,62.272079263329275,62.1919581080296,61.80972800347805,61.6577995876909,61.512974621828825,61.84051831501832,62.34700600325593,62.80480788073363,62.84449749985454,63.14366517900986,63.42461487586476,63.41317155067144,63.138170437779685,62.82335951085945,62.44552254662548,61.9648831327402,61.63747569303117,61.623074723074666,61.70558500953229,61.867408268369694,61.84672377391116,61.855844798832486,61.759176042211664,61.66692814076524,61.70718471343458,61.643157983991145,61.731248672824606,61.793488426466965,62.0242405838758,62.23653264724683,62.37054853479847,62.725180756063104,62.908561194859274,63.25305029526732,63.46550228749304,63.69829402079402,63.88336195054946,63.77407960785156,63.669845655621565,63.55276217034694,63.53806793515138
79,60.55359686609683,59.90495014245011,59.11545584045579,58.66816366503862,57.96229751729749,58.630666632749985,59.32242717599857,59.64757262413506,59.68867973590189,59.90793549043545,60.10491499241493,60.9440522825938,60.35340393224997,59.86385763707181,59.38337369420693,59.40573425417169,58.58876589097166,58.188278105639114,57.865667105798565,57.4552548840048,57.16122473205797,56.76178289303281,56.41666733025419,56.22737586487579,56.574426536426444,56.85324152343375,57.177078340041255,57.23474947671373,57.386710734986615,57.49030508072181,57.49262147649251,57.56512419871802,57.496893384393495,57.57237589480248,57.5309215652074,57.53987007077298,57.82753069003087,57.81763422980543,58.074398891706664,57.94709567053325,57.93226607403444,57.77140119580604,57.47837088621981,57.15630642505651,56.87889341111575,56.996845857443795,56.9757482962271,56.989554928096666,56.908431760982836,56.68560042735048,56.67933874404468,56.59740977505411,56.57755891906844,56.52251795700883,56.72906704406719,56.957375065410915,57.071080568229725,57.18781823221484,57.20217296827468,57.278571513363204
80,68.96967846967844,69.48647995522992,66.28624847374843,66.24410612535605,66.58396113146107,66.56930708180703,66.79963515320654,67.31811851343095,66.76350449961565,66.01294820919823,66.0827135827136,66.15509428842755,66.60694327040471,66.10307067271341,66.10580857414185,66.34968234890103,65.85899530752471,65.10695377153706,64.2372839149155,64.05468406593404,63.70698950520376,63.83903596403585,63.652551936791,63.717050561321365,64.08873748473745,64.12284759400148,64.10373366345584,63.82905982905975,63.57371601897449,63.45190035273361,63.284329991991136,63.08141915954406,62.980248609415156,62.77163626134207,62.45943470550608,62.33107250260024,62.35957550957548,62.54498371998367,63.01823100925659,63.114668294668185,63.03769977763871,62.86429794852401,62.67330006341618,62.407885517260326,62.27224042418469,62.257147723451894,62.36926410862567,62.51762767517969,62.54132050866741,62.363991554741425,62.43595279992322,62.53158518831578,62.478903460271255,62.248491554741534,62.2101687201687,62.21173669254024,62.04350352376661,61.83697458352631,61.5607025585839,61.33118521910187
81,69.90117521367523,73.04187271062271,73.13673857007194,71.81817638380137,72.44615282865281,71.77104870438211,71.61931216931227,71.03858173076937,70.15531192058981,68.90939000814005,67.92036944536954,67.78481252543759,67.28853863373092,66.22282109424962,65.6267307692307,64.77686775030514,63.69321237041814,63.038950786867304,62.08867574920197,61.489572395197285,61.21096914549285,60.47533646908628,59.76123542319178,59.39340828924143,59.69845563695542,59.65841023292921,59.72389431556075,59.60886606779449,59.34593455714122,59.15851512684819,58.98008487927813,58.658910924144976,58.416884812717754,58.195899470899064,57.91334946799199,57.75144824311455,58.02391223641191,58.20286319431022,58.37714575310695,58.21727360602325,58.099879388903474,58.038444701242014,58.01850408420147,57.86733891108861,57.6274553430106,57.49147422625655,57.47479000510889,57.38895301265069,57.29552403378907,57.1752827635325,57.110328134102424,57.13419674164846,57.15629554756896,56.95712872518411,56.93567830317805,56.9616248582763,56.95185604681187,56.92053369682655,56.82206519939547,56.76571632071608
82,61.38008241758237,62.94972781847778,64.85987993487993,66.21080967643469,68.68421143671146,68.65424976258308,69.7879622361765,70.92367915649166,71.48964579659024,71.618371998372,70.9445045695046,71.14233355379203,70.61959550421099,69.77464823536256,68.89249898249909,69.04928679538058,68.76263257439733,68.04438961244517,67.59121762740183,67.21565374440371,66.7695527356241,66.15341464091456,65.57603165755327,65.20918591439415,65.2322157102156,65.32409872890632,65.11081565896374,64.4601602927495,64.15538170322651,63.808346900013575,63.248065599275265,62.91096770706144,62.76298346715011,62.2522108202255,61.597804232804215,61.35456928616645,61.15244846494837,60.94475812929751,60.970905601995256,60.66335953398444,60.295692372216685,59.96114672364657,59.762753192113486,59.605059408184225,59.49476371365245,59.32937868291118,59.196937105447645,59.19790267602755,59.122861171330435,58.90655352055338,58.88153854134228,58.84357311136126,58.84730381428461,58.68205693483446,58.69978743478718,58.69629357084681,58.55821605295258,58.30762292464842,58.06574306892064,57.905144315560605
83,64.56709401709399,69.22603530728533,69.43729989146657,68.22263049450548,68.83803011803009,68.39209401709404,68.77747761497767,71.12921817765574,71.31438916022258,71.11272232397238,72.03130526880537,73.01187042124556,73.25691783287951,72.36067612942624,71.38169210419221,70.8437519078145,70.11698688022226,68.97975823045277,67.75126437889611,67.30587021774534,67.19874241719492,66.77095843970858,66.26209587513956,66.01962356701954,66.15187749287756,66.46741139914225,66.52371625288296,66.51063942671092,66.35934451882733,65.97095356803696,65.75893710530816,65.36603231837613,64.9909189575857,64.80464369508495,64.45633234490384,64.30451176909514,64.26778949278959,64.35523316839118,64.45759955856121,64.41487548331311,64.32800894904567,64.00634605694144,63.877387459655054,63.552674987050075,63.17490265906941,63.0659602776451,62.809538855549484,62.69445695122778,62.55098427649448,62.33420431420429,62.171768436719404,62.17472801415115,62.07485716589503,61.87460600099498,61.79103137603143,61.76734675707896,61.63588502952541,61.57057597574842,61.47049876520214,61.456753832587125
84,61.52651098901103,59.8771316646317,58.016281712115074,57.26291717541715,58.3014153439153,59.14391364808029,59.14002558288267,59.628415623728074,59.98886458192005,60.83540598290591,61.339337514337444,62.54500110229268,62.686049669703436,62.08906259084819,61.37120743454059,60.961222718253794,60.357816502669294,59.74587007642546,58.9186847996057,58.69588471713462,58.37675494699298,58.29033767158757,58.1412932880323,57.884724765974696,58.50092938542929,58.800962516827816,58.724291517809924,58.24431307779515,58.11593915343905,57.95806403473068,57.948574842123286,57.80935878357759,57.70071055487728,57.54758807369104,57.1776909994767,57.15447813503365,57.37231255981249,57.522843433369715,57.91290269559499,57.972279329466765,58.1626275598836,58.20391568308232,58.17472361832823,58.02909937284934,57.96716750327857,57.776898966572794,57.62435919084849,57.498140940849225,57.51488344422013,57.42490079365077,57.361237999473225,57.42593316583694,57.4426091989771,57.31061262982563,57.29494033744044,57.29058520844239,57.30076687445108,57.15651595371423,56.9001684050413,56.661287308370625
85,66.3397385022385,67.53587962962968,67.49772249355586,67.19593762718766,68.09213064713066,67.30131088047767,68.12690926798086,69.42346866096881,69.34284696784708,69.68975885225895,69.75732970732984,70.79758640279483,70.99400144015533,70.56894332519339,70.27666395333071,69.54184759106641,68.9640741339272,68.69709983946107,67.89377691022442,67.61452304639816,67.11203752156145,66.66189874939886,66.28105479464182,66.07799230090896,66.20289906389907,66.36715800225413,66.1290308114381,65.74078107738804,65.3671410326581,65.21024029982343,65.04325971221114,64.84911318426923,64.51348867182183,64.3293807907777,63.83683906041038,63.69272020417842,63.697431772431656,63.62376574448937,63.653038936372184,63.32805046805033,62.858032426020124,62.51528528790425,62.29723192397602,62.116831085580976,61.98559433364981,61.87070581391221,61.554566955896604,61.3864216609006,61.2134575930492,60.89931725681705,60.68257798846007,60.630970285056506,60.70103708311227,60.57407200138655,60.621810596810334,60.58794243124574,60.46825976979452,60.38303483712934,60.232848813145125,60.104135717677096
86,50.690064102564094,54.499013024012996,55.44517874101208,53.72826872201871,54.273892958892915,55.26454687288014,56.04879135414838,57.50988756613743,57.14854271243145,56.67023758648744,56.60488677988666,56.16252628544291,55.64542868100554,54.97693724925858,54.97589200922532,55.199264537545766,55.56504375254373,55.213048602631865,54.65658162500262,54.75886624949118,54.746630375797,54.49762876012873,54.10238227955617,53.839094932844915,54.24274643874645,54.57138219686296,54.98146791480124,54.88169552008843,55.088407330217734,55.17077872744546,54.95394659104343,54.7526159315222,54.750186079352765,54.780435550288566,54.807018576661434,54.635922449464154,54.94690693440697,55.296491495833635,55.615043491646105,55.75312334656095,55.6603961305182,55.64675853247295,55.54797363489237,55.42606456043966,55.351751006195556,55.4020791306118,55.325334259908765,55.157217897842926,55.00807843894585,54.8291301383802,54.77410639469464,54.651345840768954,54.58148560907998,54.34547730219031,54.36113368113372,54.3721603545265,54.35016949424856,54.27408977516749,54.21260899332948,54.242946174196256
87,54.80504171754171,57.667836792836816,57.12392653642655,56.556408984533995,56.517426739926734,55.92909120200786,55.94530350601783,56.89086920024429,56.436273345995644,55.65216371591377,55.863112813112885,56.33267238163078,56.11644594721524,55.85598835688137,55.62606634106653,55.48579409595054,54.94689662189676,54.66675428480998,54.35538766788786,54.28035714285733,54.1774163226546,53.849562705812886,53.92221868308837,54.160501034459514,54.79068579568599,55.61174685357397,56.01051794570325,56.043203638293036,56.095536854588744,56.0863039275541,56.06614248952979,56.070189922924456,55.78859674276352,55.44368236610894,55.1314412175128,55.03930832541956,55.20065298815303,55.53479973973398,55.67351262223065,55.59638291107053,55.55310027596623,55.46410062600548,55.51875952428284,55.52256759444271,55.453396983674864,55.57111049176275,55.53210367252929,55.56251695835046,55.679473578198206,55.65747212047227,55.735346289513096,55.895317929933455,56.04442323050821,56.11769575589027,56.37151339401342,56.57791477702186,56.57017409977929,56.57542059632571,56.531967036416155,56.342050434133725
88,66.50138380138384,66.97481939356935,65.64449871116537,63.49950269637764,63.378550061050014,62.349275878442505,60.858134920634875,60.29675671550665,58.936353615520225,58.35595899470895,57.76984774484768,57.85188492063484,57.42223122319268,56.381702061166266,55.763547347713946,54.94978632478629,54.30361601905716,53.878249502555036,53.20111496690442,53.326260938135924,53.67078197375818,53.99920334295336,54.1320922032879,54.57287639058475,55.44568803418808,56.01150637112182,56.42834625936486,56.40658995435791,56.58913554517019,56.77277235110586,56.90005793191295,56.83042184956269,56.80225792725814,56.72735611338572,56.51497616140486,56.49700925360661,56.75680405680419,57.05917879634996,57.19763026622018,56.93498321123343,56.76261477907839,56.46057510611102,56.487465688919336,56.51739209864224,56.37749129471374,56.5018490869037,56.50386639562198,56.629440014075655,56.89242698911085,56.9005052910054,56.849874707717944,56.84904844087548,56.961531838182864,56.71211231326984,56.698952343952534,56.682507885633115,56.61408141079216,56.439167824512865,56.34756877617063,56.246092202550734
89,59.26952075702074,61.5449277574277,60.5323497490164,59.56288537851041,57.78729548229551,57.00480938814273,57.53998124890984,57.63524114774117,58.100819653597476,58.06329314204318,58.11004782254788,59.13343635531142,59.58132102939802,59.57976226815524,59.57137803554486,59.082652879528055,58.92336691086715,58.5862832383668,58.272224899856695,58.321993284493495,58.08210506424813,57.655673724423885,57.194915370459015,57.21310668498185,57.721113146113304,58.418575655114296,59.10454709899164,59.23673832780975,59.393017837845434,59.46876390584722,59.58329952604138,59.54910634793439,59.469336219336114,59.168439063659484,58.74011134368259,58.61301496857032,58.53314839564819,58.42400204571235,58.49268651576325,58.2569787851036,58.01332070143028,57.95123759617789,57.94878988367346,57.920585317460116,57.93149346538213,58.183680057864606,58.41693305709239,58.63944003527316,58.95733960861494,59.24373656898635,59.45852216955132,59.58097204611607,59.7952270563116,59.904183530803564,60.11814315314281,60.19009726219518,60.317138733585764,60.38448591638229,60.407907190110414,60.45411409578057
90,52.029527879527855,52.612441493691456,53.40202991452981,53.397634310134194,55.05101648351638,55.69531016822678,55.957962672248286,56.78677566646307,56.95832089720971,56.662907000406946,56.61834600584597,57.19870777370775,57.156815300084546,56.206751482644364,55.41527676027677,54.96938053266171,54.31186825157409,54.08360749332966,53.554691482980914,53.56112382987371,53.418826433707245,53.53255286380279,53.184802295128314,53.074335020689134,53.510264143264095,53.939892497103955,54.48195706899406,54.5724033737426,55.12409828358102,55.27865554198887,55.53688030905778,55.693165890822215,55.968579106079225,56.30777789748384,56.04341589627305,56.10146929973321,56.41632429132431,56.79904555726926,56.988676779061365,56.88198908730166,56.89237432621588,56.81439788165991,56.71535870460302,56.59874650812163,56.48567856012307,56.47529286333638,56.460538387932075,56.54463946547284,56.720344309885164,56.61249002849004,56.592770954535666,56.67635259149691,56.739430564194826,56.64890778802828,56.658321585821696,56.581127990726245,56.421618326443,56.329270785089825,56.14108203472619,55.91152667548512
91,55.234106634106645,57.302927859177906,54.874392891059586,52.98415369352874,53.81265873015873,53.57905134988471,54.411143816500925,53.974618437118416,53.949915773526904,53.7133842083842,53.33981758981758,54.11456467914799,54.48432500547884,53.984148424326975,53.70213505630167,53.644650806369434,53.49911836529469,53.529954099398374,53.61174222950523,53.8935887260886,54.31137905304558,54.91370897620883,55.34231941568883,56.089548356735676,57.19162576312563,58.14993425378027,58.95116616922154,59.654524972381836,60.32566312997322,60.57319885361522,60.81003469350211,61.186995701057896,61.17026831193477,61.181784936196536,61.13717687074812,61.380140217292805,61.552312614812415,61.89208772465335,62.10898649071711,62.01413690476173,62.01141313519349,62.17171880148059,62.382825884279235,62.405567002441906,62.38455196038519,62.696080187927905,62.69616023259628,62.820212869691886,63.000495045392825,63.07217806267794,63.262597560391505,63.48791697974369,63.9087661552282,64.03327718235103,64.31354007103972,64.61217358203932,64.79979828488572,64.91940137608208,64.91927233156011,65.06051027675993
92,68.33782051282057,64.6670482295483,62.51452991452996,61.72000788563293,61.416525234025286,60.762025166191854,60.565540874469356,60.12436596967837,60.227292203680996,59.89898962148953,60.00167193917184,60.65821208112863,60.57368820638041,60.356090470376095,60.133360466693695,59.817732181013376,59.473424369747825,59.24291395333058,58.56170795578685,59.032638634513596,59.01764152954625,59.23173192548189,58.91532975880801,58.675103869895544,58.66530036630046,58.85437681976145,58.77175925925934,58.77485355253225,59.06350504540168,58.96826295617968,58.74803720771466,58.67032203907198,58.200092808426085,57.91161178146462,57.540230682016315,57.57873013046615,57.877537840037796,58.04975687080947,58.30242400050091,58.362664072039045,58.44425546224327,58.46740387038011,58.67905947411764,58.81012702575204,58.874798647854206,59.11304989294123,59.23513679976449,59.38155143467651,59.60026486174445,59.772366503866465,59.89398477339644,60.08575694248758,60.20317517911854,60.26151735781355,60.394755522255466,60.47907009491835,60.23000351662629,60.13281581126407,59.925585666687354,59.70518967914796
93,74.49100020350016,71.45472120472118,70.06037342287338,67.78078830891332,67.52027269027269,67.12237484737487,68.57273751380895,70.67881308506313,70.8337606837607,71.25149216524223,72.6911102786103,73.70405855718347,73.25628306878302,72.99182692307687,72.7860622710622,72.5156030601342,71.82868215662315,70.88950532492181,69.93632639290513,69.41045355107836,68.78741690408334,67.99727448477435,67.24595565465124,66.75946699905022,66.79802686202669,67.06110406687311,67.13325702075684,67.0606128990056,66.77273728825439,66.44089099172425,66.04569597069589,65.67881721866083,65.5484378276044,65.09538024611547,64.6261154718297,64.21815744697687,64.12192040942035,64.04609908853321,64.1195935474781,63.80430797212041,63.46992440711945,63.21083432660807,63.03896094215859,62.61713726088726,62.41984375706599,62.29039755534321,62.19999772685946,62.220405346967866,62.13941985829744,62.05722079772082,61.91716753653033,61.8894150543189,61.95827007548708,61.908372714391255,62.01206756206753,61.95325209677888,61.92811756956492,61.8359930459068,61.62008969530145,61.48351962081114
94,72.01170126170128,72.21934778184776,71.66158085741418,69.35822013634514,69.79229141229145,68.81892721476055,68.05724315367183,69.82360856735863,70.08647401980743,70.71023962148963,70.79436443186452,71.5657445563696,71.19566192354664,70.2326490638992,69.17567222900571,68.29256747303643,67.19096818214487,66.5308398905623,65.47209958657349,65.27427350427371,64.89859294145029,64.44191687941706,64.02850374263441,63.85698578042332,63.8713080993081,64.00406765599071,63.92367800238172,63.66863389586603,63.5044213927835,63.4817049925383,63.2451742552549,63.06097040979856,62.80256225256224,62.69238295745651,62.450307721379154,62.34445278230004,62.397546722546785,62.31546748816493,62.297803763188526,62.10447280728545,61.88890737762704,61.785022627284675,61.66729065508153,61.51264811577328,61.29264278930966,61.11558712020689,60.8724374128631,60.89324146147076,60.831043229257645,60.55291147741158,60.28387211009763,60.12774695923739,59.89500311009761,59.64256197334909,59.48477374477385,59.3479642711786,59.14615116851957,58.98422689220097,58.86049931706709,58.76324379324372
95,66.96967846967846,70.66062016687017,69.23201736535069,69.63735754985757,71.81200244200248,71.5484262650929,71.80136417814994,71.9774928774929,71.19570444987116,71.1514713064714,71.06357207607218,71.9758173924841,71.14704142011843,70.50412887377179,69.78596866096878,69.19030098951983,68.76370065120076,68.10916485777602,67.24267988346939,66.68359788359794,66.33123800802376,65.80047683797684,65.23481976960235,64.70455564882637,64.98058465608455,65.21226499639953,65.24280777521506,65.10712595935793,64.6599934388726,64.36342355175675,64.07720502317261,63.9726276327837,63.74316563066551,63.492841880341786,63.14214678178953,62.9327806324333,63.03727119977111,62.84655067155061,62.88995139475903,62.544793956043904,62.265311032689056,61.98019967246158,61.68943455338803,61.46383870758871,61.37072016460906,61.58839860823555,61.76431223425903,61.81114566374976,62.135563529441065,62.24606542531536,62.45282326605851,62.46142213377781,62.505164873561064,62.44456937095817,62.517347929847915,62.651318027210884,62.7028767609908,62.640151116444265,62.57994108841572,62.619409340659345
96,67.1721916971917,69.44391025641025,71.47557997557993,71.67996794871792,73.5355179080179,75.2560532831365,76.92468530147097,77.92988146113142,78.64734827929266,78.88960571835568,78.6172124172124,79.16839896214903,78.77287851037849,78.01970863131577,77.3703991995659,76.5007599460724,75.86000622471204,74.56686479672588,73.13536378339003,72.0374735449735,71.23277588813298,70.35872853997854,69.6377052697706,68.95029274352203,68.93103846153859,68.79916271406671,68.30915487119206,67.7698701596024,67.44046478744762,67.03698344865023,66.36765101684466,65.97785727004491,65.58223659057005,65.07445773181074,64.58408570265722,64.34240025663651,64.36513615263632,64.28924876293317,64.27216012857056,63.83803724053745,63.579588060990716,63.2802827683783,63.06810146141571,62.754618645243944,62.62849726405308,62.671292093574934,62.72202164462824,62.80347889957286,62.81124369772349,62.43246072446092,62.144408831909004,61.8704526509817,61.780129069044364,61.50150891632393,61.59274595774622,61.553945632740565,61.449920920535234,61.285996115953196,61.01574686299283,60.810629239587804
97,65.12454721204725,67.84428418803422,66.32919210419212,67.39349053724047,68.27790700040694,67.80333740333732,68.63562707134135,69.4488839285714,69.09853423325646,69.17961284086284,69.390503015503,70.22464472256141,70.46293361197215,69.67940323565313,69.73927180843836,69.77172110297101,69.69518303047712,68.75411098674988,67.64035998114946,67.30071326821324,66.66731326433708,66.23217985717989,65.78662738227969,65.24877560710907,65.31731176231177,65.65114625403086,66.14255490736967,66.4650117739403,66.76303015311623,67.04617097408746,67.39299992122552,67.63246941137548,67.97663463080114,68.1895861763508,68.36272603058305,68.53724039592086,68.84053380303375,69.00572116723434,69.2225009914113,69.26442091473346,69.27004638315621,69.32358300870217,69.34936548163304,69.18442263754767,69.03833898611678,68.97241587920936,68.81530191636574,68.68085338658258,68.65703529274961,68.50972741147734,68.28906934568693,68.07185680238568,67.95766562228822,67.54999434721655,67.33886428386424,67.22232497165527,66.91359425986609,66.61959856076226,66.1672508674626,65.77269569936223
98,68.11428062678063,68.42017195767195,69.06848799348796,67.9825524013024,68.727847985348,69.21468338760009,69.92265247979539,70.72444991351247,69.73528071722521,68.73091117216121,68.04042161542164,67.69454831433994,66.79408871043475,65.44844213326348,64.53151607651607,64.14330675111923,63.818402403696446,63.15571185501733,62.224353619090344,61.70299043549034,61.56831913677143,61.38739732489725,60.89933132487473,60.508444622507014,60.85830769230759,61.15831591841193,61.348411944708054,61.21360616896315,61.14396464008514,60.86416497083147,60.72288277731806,60.65346109330463,60.6465684007349,60.55210517967851,60.229062590848095,60.03630994776811,59.948929423929265,59.93556701583002,60.046987414294954,59.85339743589728,59.776395713590645,59.86103128573351,59.824298515868186,59.73945487382979,59.67706066567168,59.62326825750726,59.5234690939477,59.478083452041695,59.4888168332045,59.283392348392326,59.133476980535754,58.97026852243201,58.95413998126271,58.90648364838188,59.01283808783813,58.995584318128984,58.844400441988185,58.71362784724853,58.482659971854936,58.25093126780637
99,61.89971001221001,63.97415293040288,62.74082383665709,62.485534951159906,63.38461029711024,63.27935999185992,63.41202032094886,63.37377518315012,62.62772916384025,61.106377187627196,60.70684963184964,60.860422602089294,60.97124581259197,60.358180708180754,60.26605684439018,59.91047358312984,59.32487700208292,58.78548167367616,57.98226281515761,58.136118233618305,58.41392086749236,58.33299131424141,58.20658124082051,58.00603187321954,58.21107590557606,58.147364085345004,57.95162159514022,57.59956102098963,57.67801496077355,57.769808201058154,57.74329696587756,57.6729312932438,57.51073108989776,57.32472826737531,56.84893918251057,56.82536813752091,56.99836924836924,56.92652611764453,56.9627307640128,56.80880011192507,56.7196964620745,56.68006388452817,56.83262593349797,56.813078703703646,56.668758422647265,56.69218227424743,56.66723787441871,56.74248109143938,56.70749970928543,56.68987637362637,56.71189907586963,56.758626843242304,56.81066216278488,56.68633232336936,56.58584572834571,56.489224936769574,56.37601901834365,56.36086033219662,56.325767178521495,56.241101868810254
