,0,1,2,3,4,5,6,7,8,9,10,11,12,13,14,15,16,17,18,19,20,21,22,23,24,25,26,27,28,29,30,31,32,33,34,35,36,37,38,39,40,41,42,43,44,45,46,47,48,49,50,51,52,53,54,55,56,57,58,59
0,51.92452177452177,54.835991554741526,56.33654354904356,54.56559701872199,54.237298534798555,53.050061897978566,53.13945432874001,53.95118157305652,53.423265160765034,52.79779354904343,52.19812687312677,51.750407000406916,51.308987273410324,50.58458376940516,50.06917277167278,50.0922313797314,49.90642432186553,49.630738988377914,49.16170420709897,49.13308429995937,49.05969460433748,48.85387667887672,48.514735184300484,48.54715502475927,48.89566056166064,49.31630310572627,49.52884012421055,49.79814015349733,50.19136317067356,50.37698090489763,50.276227729856835,50.24292391636144,50.20839068339078,50.27587250712261,50.04035801500093,49.7680489135351,49.76880355630371,49.67094084034891,49.661285651670426,49.436650259462915,49.218151721810386,49.088040850243324,49.0351808075646,48.98119369056875,48.96875254375262,49.04591937852813,49.01808759601316,49.21183586860676,49.30691589212004,49.335488909238975,49.49634168482212,49.70684474891215,49.888331087151926,49.944935953963764,50.108277833277874,50.36853105558467,50.55307597697952,50.7546756803222,50.83819819540157,50.80437440645773
1,50.37676536426539,52.887695868945855,56.20759394926062,54.55186075498573,53.0522395197395,52.87706043956045,53.645504825862,54.00272563085069,53.85102089268763,53.99083028083035,52.94351250601256,52.5695741758242,51.77659747659747,50.90944022908304,50.24339777506439,49.88691557285306,49.322110596375296,48.927401019762165,48.492073934837144,48.51379705942209,48.332032143341685,48.27827797202797,48.148932508715156,47.906564789377335,47.80607142857148,47.74426559907333,47.68375408884671,47.53897483138556,47.6739874110564,47.57757122507127,47.540736966140265,47.51491513405589,47.54280210530231,47.43729575163423,47.23384571777454,47.09178071157266,47.208405108405444,47.366328347578694,47.69413384573675,47.76454517704547,47.78834105145108,47.92569238521645,48.03299531003046,48.226992105117354,48.25038291954987,48.251043159739154,48.36637916850714,48.392308858194646,48.44826100770015,48.36500529100569,48.40300990766716,48.53300450439916,48.6924444790015,48.65870330800929,48.673218078218476,48.63743249970967,48.59046458739485,48.66035737091813,48.6457248573778,48.54040479582186
2,42.2170177045177,39.44519739519741,42.118372676705995,41.81559065934064,43.34290801790796,43.938057081807024,45.35973966509671,46.46763710826202,46.69420872337532,46.38663766788764,45.76300782550777,46.14208172229004,46.032150292727174,45.45568855747421,44.89691595441591,45.086549908424885,45.376789006200745,45.618276862026846,45.70693266285373,46.19839590964587,46.46740023644786,46.75625786250787,46.92925846295409,47.147707654999266,47.693644688644625,48.16658820168434,48.52192111729153,48.81787821966399,49.140016560706265,49.05190645773989,48.90855734767031,48.6652561558812,48.3485611610612,48.02528953889247,47.78598334205473,47.73314467168629,47.804842479842414,47.883682898485475,48.04212441167562,47.77132860195347,47.57460118923522,47.460476020892585,47.25296684366444,47.06130894568389,47.06528897028892,47.0190663100989,46.87854469210853,46.90726283747115,46.96625250222189,46.851374033374036,46.96233560375718,46.96685783945396,47.00882288570961,46.884898212212946,46.929193214193106,46.86867822983884,46.704403905061696,46.70380036630023,46.659980305319145,46.61660756681576
3,42.994536019536035,44.11282814407817,47.09754612671281,47.76893442205945,48.80795889295887,48.59853649436982,48.8495101459387,48.76012095543353,48.855596255596325,48.51408424908434,47.804382191882254,48.140360873694185,47.903506465044885,47.355850630850625,46.8750830959164,46.4561081857956,45.862682850918034,45.760929939402025,45.56758536297999,45.412144892144774,45.1953294280674,45.10155885780871,45.11440272690261,44.87450969169707,45.18532946682935,45.435556964402956,45.49639597371061,45.56479173934514,45.76409431883553,45.95254324379308,46.03574349784011,45.95630500864862,45.77365227365214,45.69591922238968,45.616428716785784,45.5536607425496,45.810829373329376,46.117779223700275,46.5006561577074,46.569467719780135,46.773278437912474,46.934222677674995,47.09683781980289,47.31809868372366,47.49476371365258,47.61893679991504,47.747359260125215,48.033208371489664,48.21873603531772,48.30157071632075,48.311078092205584,48.49532683306725,48.68606359573344,48.809862693890466,49.03130582380578,49.26158624774691,49.34816171482835,49.474807639678296,49.579453895131856,49.523042328042266
4,53.90658831908832,53.86968864468862,51.775656288156206,50.271565934065876,49.521264753764704,49.076003934337265,49.3826399790685,49.69423776455022,49.42365181115177,49.33457264957262,48.58147593147586,49.24417607855098,48.94280039760801,48.36478138263847,47.731819970153204,47.706349206349124,47.73077641312934,47.837021491882616,47.92329568579571,48.295495777370874,48.61999510630467,49.202938959189005,49.50257870149181,49.53397457095385,49.84500549450559,50.20871685294773,50.37910429762293,50.42014524827036,50.593895871051124,50.6845646791481,50.647056468024296,50.66381829975585,50.74277003860342,50.936672083363284,50.675293767079545,50.41175241939138,50.56236043736053,50.611884679647936,50.69656319464023,50.56949023199038,50.39412529656448,50.14127274841578,49.89018608437228,49.71973512598534,49.55163874191676,49.45840090867291,49.43517955645642,49.41760817307715,49.446809822830474,49.283410663410926,49.23764673960776,49.14914520130888,49.11953400373234,49.00293172191339,49.050457227957445,48.93865731655933,48.81030121600322,48.78084396446491,48.77841992439477,48.693845645095884
5,47.0570563695564,46.03965201465204,48.98842083842081,47.088329263329264,46.92791107041107,47.09396706688372,48.157481539624385,48.59555606430609,47.69085944919282,47.368657407407476,46.88696904946915,47.097421482838215,47.16954736858588,46.82223821152399,46.18747693664369,46.10581183862443,45.642265196677,45.39934540767881,45.25416318574219,45.33625000000006,45.63607380274054,45.787785594035654,45.492863778733444,45.36443982329404,45.74881461131464,46.31764366331676,46.50074239889055,46.56567896389325,46.60518557113382,46.580785510785496,46.5562980030722,46.391090665700006,46.23380385047045,46.201712244726835,46.040285481713994,45.90710625537007,45.87775715275707,45.97863649508376,46.224455636955575,46.20036235754981,46.091832320795646,45.953337887861665,45.97418789221113,46.0229215229215,45.98346210373988,46.140335178106895,46.284895630374336,46.452894154456615,46.59011258960238,46.62462403337402,46.602329678310035,46.591399083466314,46.75209979573179,46.64964896214888,46.63688653938646,46.68821770161052,46.714004562688736,46.6891944900565,46.62419513944935,46.444521859313475
6,58.27897842897839,55.00054690679694,53.00145333061999,48.8972387566137,48.34622710622708,47.81503866503868,48.23452453631021,47.9829244251119,46.91107041107042,46.45492266992269,46.028161653161675,46.07227140143807,46.12759541028774,45.61598966509681,45.107575973409276,45.100455967643455,45.17046374105197,45.026299857549844,44.80379393997815,45.185730820105796,45.025312033645385,45.12042610167613,45.23128262639134,45.23583998948584,45.40234656084662,45.73017320998101,45.703155195284964,45.749566653584644,45.824689311327404,46.03576007326026,46.05142712723376,45.79305523758663,45.680625238958704,45.615842490842624,45.49063521134968,45.32582912200981,45.279837667337866,45.34076042135272,45.51983370380822,45.41985704110722,45.33705093461208,45.17400490823127,45.095429409092375,44.85154764217279,44.95559851670978,45.01302456601389,44.903296703296874,45.047142200006945,45.07941128221759,45.076584859585076,44.9948646125119,44.985982455934625,45.04604048118219,45.177519539788264,45.45985875235892,45.65207215899197,45.85813866932299,46.17170908593331,46.19938458434231,46.071506071089466
7,53.51893569393568,50.28536579161578,48.345643399810044,45.985782967032975,45.7771204721205,46.30002798127797,47.757427757427735,49.12623626373624,50.186865757699124,50.378943325193376,50.17343119843122,49.89419727648893,49.24364531479912,48.55033432176285,47.890181454348074,47.548053393365876,47.157671359141936,47.195563695563735,46.99715153267786,47.045865384615446,46.789504234742424,46.66881914381921,46.467758489497655,46.28059095611186,46.70087260887266,47.03330241695629,47.08221295165741,47.12305330251764,47.26915305320483,47.424544668294715,47.51618417424871,47.59078891305463,47.69367438117451,47.92463609375387,47.86240827955123,47.954670894948826,48.045318945319096,48.06237629329748,48.19868298842671,48.09752480158745,47.859378505415215,47.71005291005301,47.52639267493924,47.34357344044847,47.165724234613165,47.04647026685074,46.940215104044896,46.95929508377423,47.05974890566729,47.032601037851066,47.101474678190414,47.083164173789214,47.07834018706664,46.963491686639834,46.95296157546158,46.9388693565033,46.859031838856396,46.841841308436145,46.755552710001865,46.70285052910053
8,56.25316951566949,60.06593406593408,58.64416632749966,56.73158323158328,56.602401302401304,56.79214828381494,57.28905241583814,57.62791768416765,57.46653156514265,57.1883216320716,56.164105339105326,55.749002001085266,55.284212689020315,54.85504462468742,54.11227445394111,54.031600401912925,54.21283098709573,53.95359262650935,53.73898876464672,53.507178978429074,53.54430756633145,53.82972444222451,54.06877156659771,54.3152042209335,54.888021164021225,55.25051970821208,55.174020937910036,55.22281382638541,55.16042587680534,55.06240927282598,54.94077668150256,54.82400857244618,54.71629882463221,54.655010444348775,54.45555657305663,54.341135728983,54.371700409200436,54.47185726067312,54.5993789330329,54.54088242775749,54.38436100936102,54.09768954590388,53.93137842992498,53.70220381470384,53.43598075792518,53.336226022367335,53.105624940465376,53.12779081450957,53.077006761190475,52.93320522995526,52.915260021387496,52.97635718981873,52.90941370823446,52.74757976077422,52.766034058534075,52.71810870181407,52.58772215438889,52.542273483221834,52.34116179645849,52.14569435965272
9,64.24503459503458,67.39850936100935,67.01426536426528,63.708562271062206,61.84959808709804,60.625406152489454,60.027397668469106,59.574908424908436,59.73994935106052,59.37072344322348,58.66189874939877,58.03279236195906,56.94339994051537,55.79903446421314,55.24799959299963,54.81277186355313,54.29145927601802,53.89986546375432,53.87176006254948,53.88699608262104,53.79637139756183,54.10974742849738,53.985630894869935,53.54242470492461,53.670078551078454,53.90392031401634,53.83184382489927,53.83465390429671,53.982149348097565,53.95168430335088,53.88780886079268,53.86597937652614,53.68572199405531,53.6211519009313,53.52868684225819,53.419273447745574,53.538506776006685,53.62591896407675,53.59995303841447,53.441329237891615,53.3093191925508,53.249105447022075,53.28937859083203,53.19103859103852,53.0753276353276,53.09653198049936,53.1261965378987,53.16421035561663,53.182281984833025,53.20223931623935,53.22045596016189,53.41652343383116,53.65946227950948,53.81353709733345,54.088473378473395,54.1656351750102,54.215353287063934,54.36509015409889,54.472847036830196,54.46428757970434
10,58.057020757020716,58.98526149776147,58.22849511599515,57.57153540903552,56.959055759055836,56.623501729751794,56.90868291761152,56.56464120370367,56.25384445801112,55.38551434676433,54.63525317275318,54.32313076583909,53.63997957171035,52.74695040409326,51.53039614706287,51.034311406186426,50.74454409969116,50.54170171392391,49.991699869331455,49.9506051587302,49.82328623757199,50.49930139305142,50.7919723593637,51.05373126102297,51.598671550671625,51.982912635797256,52.1716865267791,52.24529496627707,52.24373342175066,52.25307861891196,52.18979905996043,51.83701875381566,51.65612905612905,51.46113819459405,51.12970623292052,50.93120435377377,50.79481033231033,50.587374151189906,50.72066792419356,50.64026455026457,50.38995130885379,50.200695534624124,50.00908048669676,49.875847416472375,49.751318907429926,49.73329639362236,49.74136076689254,49.79091731956301,49.78210381832816,49.82543671143657,49.77960678573412,49.73051534469793,49.802321054207766,49.774060130541514,49.78279442779432,49.67979070367454,49.50872132253701,49.400757687395526,49.28275603084918,49.18553986908148
11,43.03822242572243,44.92784645909644,48.217543413376724,47.69114646927147,47.918584656084704,48.35053418803424,49.63769259840692,50.159369912494974,49.7665875276987,49.263484940984995,48.83587986087987,49.087431318681304,48.85154307942768,48.20708217047502,47.597929046262394,47.63720015516892,47.4283813952932,47.10803656220327,46.66326366129001,46.81995650183156,47.18209973448077,47.75823158323169,48.02609823751141,48.29453644349491,48.600301180301315,48.86739907172612,48.984207818930194,48.889628212396254,48.90155607483212,48.767604802605014,48.5247297057783,48.3452427057898,48.200631467298294,48.023881197778415,47.7118176928892,47.54008021299696,47.60007975007985,47.62221967846973,47.89715425837225,47.79123982498986,47.61303195449537,47.5508125472411,47.5263862859793,47.507040528915525,47.392566589788785,47.44123975863104,47.29339306280795,47.31721452737074,47.35904672613855,47.3144823972324,47.302798626573114,47.32359956638801,47.400611652498434,47.32575549450546,47.430136622636596,47.37475952453633,47.26654885075937,47.229046496287886,47.28917766947429,47.13873244810749
12,40.38407610907612,41.87336691086688,44.52459299959297,45.530293549043485,45.4043294668294,46.22908781033779,47.717530815745114,48.5001259157509,48.55081513137064,49.448050976800936,49.17888361638357,49.71627196106361,49.48436296609369,48.97215172393744,48.64814984398316,48.40055358414728,47.87085308482367,47.60676383801385,47.24987441895338,47.09762108262107,46.879797032773176,47.08610532985529,47.15830214471515,47.2356085080043,47.55305270655263,48.14966989918903,48.677482702482585,48.975632122507044,49.0935279918038,49.12573310948302,48.93597900009183,48.67829209274521,48.53501436834773,48.43758364456894,48.16170402348974,47.98110853909463,48.156049043549,48.3722084324058,48.70426489464949,48.74291806573056,48.88239661196978,48.806519880031786,48.801233305884466,48.813093156843145,48.96497196219414,49.15026056873871,49.17204502550237,49.297813538698904,49.319643376276,49.26997873422874,49.28591579081775,49.2716763916283,49.23290665484063,49.137023187717624,49.09349835349833,49.05433846081168,48.889877649965406,48.8807290570222,48.7885049115982,48.8091146045313
13,61.07563085063086,57.0341422466423,55.646318342151666,51.25196250508747,49.999087301587274,49.71417039750362,50.128199313913484,50.13746693121682,50.271970673359476,50.7379553317053,50.36274373774364,50.4743441358024,50.59784328918938,50.424417117274174,49.64253900420561,49.15523981227096,48.853127618568685,48.94815097453975,48.67822333611796,48.43074557387047,48.172655386941024,48.06439671439665,47.911431402735715,47.62399966931213,47.59206084656074,47.79635441125817,48.18742274529302,48.893155306994494,49.24751817467324,49.65079059829049,50.14201721217838,50.2746866414834,50.056505531505486,49.90900563216736,49.750642333856575,49.55522204133314,49.570938245938216,49.517827956643714,49.796492100017645,49.78661095848584,49.74810794444928,49.63873747504689,49.62366198616183,49.64523971398959,49.71028286528277,49.793673576825704,49.98767156799068,50.236375873355016,50.31940966252189,50.18063064713068,50.13768384846817,50.15055404887141,50.093639178780755,49.795618056497766,49.74489186739194,49.665795522268844,49.48386279088046,49.38409093301346,49.26962190352034,49.17838870234713
14,50.81862026862027,50.71241351241349,54.074671008004316,52.464255189255155,51.294491249491195,50.20938814272148,50.00500683179256,49.76490956959706,49.925118708452,48.96437525437521,48.11221232471229,48.25651751797584,48.2863682257913,47.692696523053655,47.08210995794324,46.75635111416356,46.50329700256168,46.39847403111282,46.123833890281155,46.16175442612926,46.0502122216406,46.2756914381912,46.137806577480276,46.15981167751977,46.92360826210802,47.527762515262296,47.830294585386966,48.03964983429246,48.1507433020362,48.122273945190436,48.16708761668422,48.278994009462615,48.276594855761395,48.35000433934247,48.40684676434672,48.357005494505515,48.52764371514371,48.64784919028343,48.901083638583714,48.88219678469682,48.66908856725935,48.531896113146146,48.39580765917981,48.19612713675216,48.05646237507357,48.078120852577435,47.89776983261027,47.828393789852186,47.89407928617116,47.78713339438341,47.79320409075311,47.82728800757647,47.824909384815065,47.675691146987475,47.583139638139656,47.5179083813013,47.43462198944665,47.53484721695938,47.534523119692686,47.4363516653101
15,57.79533984533984,58.22984584859586,57.42861382444717,56.377070614570634,53.84229955229955,53.01040225206889,53.112345921274475,52.80389575702075,51.85652726902723,50.702247659747634,50.11709540459537,49.918080569122175,49.523096490404114,48.68650066864345,47.61626475376474,47.332130774318266,47.01628001628006,46.91017924976267,46.58016783411528,46.79453016890524,46.531885574742766,46.50728553853553,46.35764430818779,46.13448183760683,46.368082214082186,46.86916502301111,47.05272106151727,47.190146774521715,47.49885162729984,47.74493640618634,47.77696394107682,47.70710565476187,47.4641895141894,47.23834347841693,46.93191653584498,46.76706900352724,47.04016172766167,47.15090932459352,47.31323338342572,47.246776938339465,47.285710811320584,47.38127907145766,47.3113279808048,47.318627321752395,47.281954958621704,47.37561724708474,47.579118389490816,47.789088573463694,47.94790488234374,48.00981674806681,48.06175093969221,48.074421785479544,48.07183662773292,48.05592684921389,48.13757085507087,48.15453614672363,48.008746581553595,47.8528237407548,47.776056821395834,47.64725172975174
16,41.05032560032561,44.248054029303994,47.73964523131186,47.51681166056161,48.563607041106984,47.83525217066881,48.23042836792835,48.304941239316236,48.5162263148374,48.83241809116809,49.01716894216896,49.53429826346488,49.54185646974104,48.773854221175604,48.51253323836658,48.30569164631671,48.28195521798471,48.065573135712164,47.71740328385088,47.70383597883613,47.826584394441696,47.87795445295461,47.989530799313556,47.81571063966914,48.06938909238927,48.27406566012348,48.380715717752906,48.3150857244609,48.25025472611695,48.22214183964197,48.092171642574925,48.230117871133544,48.443981635648335,48.62857861093155,48.471767108552775,48.38408741464295,48.3531172656173,48.32591186834615,48.40166087473791,48.447824964387635,48.41595255467222,48.37936144543303,48.39887719945879,48.21863576238599,48.15494528105665,48.28680124223626,48.210790923025215,48.33241111704675,48.47476213318072,48.51846418396442,48.614757455689045,48.76887258930549,48.84479442639837,48.76725973786178,48.68384633884647,48.70147210593657,48.66697584416901,48.6276004168247,48.60665083504081,48.518046822005296
17,59.21286630036632,57.26236518111519,54.5640754307421,52.699257224257245,52.09043752543755,50.667167785917826,50.94123422873425,49.65305059523809,48.78794487405596,48.74954365079365,48.0874805749806,48.113428469678475,47.9678199649353,47.482667233560036,46.72941968525297,46.57050900488393,46.39527550336365,46.26658130963678,46.05008220337156,46.177739112739,45.93077165339054,46.237485431235264,46.362981985807885,46.309282788970116,46.76870288970273,47.18665821358112,47.11394503987082,47.18556947351576,47.256219387253715,47.14742690951012,47.01120202975031,46.826680466524145,46.79243904243896,46.74907646819399,46.60835557299825,46.55497119906826,46.716109516109384,46.73458258359559,46.88208245932589,46.747199328449156,46.61334154779258,46.46038359788341,46.441978069303474,46.30387332574819,46.263907090851376,46.32349564686506,46.4484489604169,46.46990518162378,46.544585856320396,46.48232295482282,46.5545475312631,46.61212225274712,46.76398795125199,46.72570471366756,46.746267991267864,46.661801103988445,46.52827715656648,46.56671105076266,46.51494277850201,46.49310871998365
18,59.522619047619024,56.01745522995519,54.423626373626355,50.28812957875456,50.12782356532359,49.60777285985623,50.89614149078437,51.49536464692722,51.27226461809799,51.07525488400497,50.897151459651546,50.771776641568415,50.36192902539068,49.615346095703345,49.001496404829844,48.57204193376075,48.201077653283626,47.92628798670476,47.69442677205845,47.886243386243514,47.90577359148807,47.87453102453121,47.749832333528154,47.58264736806417,47.82823748473765,47.931483046867854,47.89600272841035,47.93825894674132,48.070549661067126,48.09097510514196,48.10665183084554,47.9288154698313,47.897195397195645,47.784202398908526,47.560844089772914,47.525213816533565,47.58664364914393,47.606599431270745,47.72905461110612,47.514278083028316,47.41558315216874,47.319594283582624,47.27052299552328,47.07661562974095,47.14317980373568,47.101585974412345,47.121121589206936,47.16074629460074,47.343375341589876,47.227217745217985,47.172668226835135,47.15841434206845,47.19356190629802,47.1241568873516,47.080590705590986,47.0046083711265,46.81103908274989,46.717936876342335,46.678796227313455,46.715824854158456
19,46.45697496947495,46.97068325193322,47.50135666802333,47.66450574888073,47.22261701261698,46.0663003663003,46.55377492877486,46.56548572954812,46.333684936462696,46.1725295075295,45.66927563177565,45.70033916700583,45.893994004570914,45.68228021978023,45.187800501967196,44.90887737840866,44.78682994565351,44.70173286076061,44.551517683096584,44.79370573870568,44.92536436226908,45.01106717356713,45.074213869865964,44.92120896079223,45.261979039478945,45.71139581572264,45.960184996758976,45.9733492862956,46.03061537759802,45.94340727174048,45.93819813698834,46.12372240028473,46.0478876062208,45.97691110632273,45.61616562009398,45.583385904219035,45.748554598554435,45.91843618126496,46.18646997589285,46.3008389295887,46.38663810218669,46.33057469426499,46.27982733244339,46.18903827653806,46.14023006828542,46.144841933428694,46.14315600671964,46.1822092066882,46.19907012866186,46.09976566951558,46.11503587189855,46.201437024513865,46.401973664001886,46.364999566619815,46.37539932289915,46.286407367433966,46.19867680240464,46.10937662273844,46.09942373226247,45.98820182132658
20,57.10332722832726,54.02362637362639,53.60835537918873,51.396576109076136,50.416347171347255,50.56888990638994,52.35070716320719,52.90967071123331,52.980008366119584,52.91483160358171,51.89980621230629,51.91128408628417,51.66108880435815,51.54120079655805,50.893140008140115,50.56424088064725,49.90786408580536,49.51296776782899,49.28821546387348,49.45328245828258,49.40760170164948,49.48653730528742,49.142673107890666,48.81763626034477,48.886097069597234,49.024832503678866,48.9347785616306,48.897081952439265,49.00819474267766,49.0293657576992,49.04192842700921,49.010689484127106,49.1224072224073,49.124910220498464,48.979420169777235,48.86290445665435,48.826715176715105,48.88245132060916,49.121127104139866,49.27542493386243,49.22621665822889,49.26167134232612,49.24899243736455,48.92902872590368,48.75024827024824,48.74404043018172,48.66653937079468,48.77766935032559,48.90025562117401,48.976965811965826,49.23933589105166,49.46359038931163,49.63791419970676,49.52005334343309,49.59218235468243,49.590858298447685,49.41315120065131,49.38254450689806,49.37054989893985,49.29786138244489
21,55.257539682539694,55.13518772893767,54.68224799891461,52.566165547415494,51.6275722425722,50.294781915615246,50.57744854351997,50.321564662189594,49.99562926785143,49.94381003256003,49.36279923779927,48.93002730294399,48.31718207006671,47.920604758997655,47.394192443359096,47.293436164529886,47.177864564629246,46.85893252837692,46.58495678298302,46.56527192714685,46.4622533771343,46.42278346653345,46.16650740563782,46.2647293871252,46.52541676841674,46.823141299583554,46.86699132486165,46.95897980987265,47.206410080979026,47.26944868403203,47.217251565638726,47.07986381384826,46.8695485070486,46.65129985754998,46.492620065120214,46.447913840275135,46.57240385990404,46.68697705802991,46.93957322354781,46.96308646214919,46.95603365694848,46.9740895788517,46.99141714228942,46.84859145484165,46.790342558676116,46.833634933906936,46.910723594766345,47.03883705993099,47.19071073484355,47.12688746438762,47.17983143399828,47.23468171785496,47.27976910406174,47.15684297698205,47.124031894032086,47.091939756672055,47.12690156659471,47.22474027409393,47.31278490028513,47.25664580789608
22,62.630799755799735,62.005881155881134,60.47186609686607,56.690455840455826,55.04368538868536,53.33007393840721,52.96856067213206,52.78319660663408,52.444023877357175,52.17180199430194,51.47758954008947,51.25709961334954,50.89238322219082,50.58090186929465,49.79522554605879,49.45042989417982,48.83191541573885,48.31172387283493,47.69159544159536,47.486299348799285,47.310283059092505,47.42437724312716,47.502279865866775,47.55823179521091,48.10042429792427,48.66098294511755,48.88796710833742,49.06053204401417,49.39076547654131,49.552154727988096,49.50704471752864,49.44967249186003,49.4292252500587,49.38336834733906,49.071863480435034,48.92865508976633,48.97890610390619,49.08415376046963,49.42711588032106,49.62379705942206,49.847012765915274,50.04331683528114,50.103524102942735,50.055857799607864,50.056600981323264,50.05769861177478,50.06119500082276,50.16982420550141,50.19362151454,50.08094851444864,50.17188046158645,50.28265336871121,50.463920181844856,50.37423169251888,50.38551679801692,50.33746611358231,50.24359483109497,50.15679760852187,49.976298521002114,49.80738035883897
23,57.848132885632914,57.30015262515268,56.39351173517842,55.253464590964604,54.36462555962557,52.861001729751784,51.95141432641436,50.668779889092434,50.320861031972214,49.95054131054141,49.37159645909658,48.71332883937066,48.04125223067541,47.714303520553614,46.99791140957815,46.69887915903543,46.4443408987527,46.538703477592406,46.399560867981954,46.52491961741964,46.51870651394468,46.619244412994455,46.43924103271929,46.36605213844796,46.82246743996744,47.269862011208126,47.504462118813926,47.63425235478803,47.579154737344375,47.498081501831464,47.525085995247174,47.44356430606419,47.48260212010195,47.50514451507077,47.29911782661763,47.24652565798387,47.43057576807564,47.634123770965765,47.89925526752436,48.03716575091565,48.19043375323855,48.34074219431355,48.51980920672772,48.6018239861989,48.608487880432236,48.773751017500906,48.8711551450912,48.85141008682663,48.860801811567015,48.79980413105403,48.88219403145863,49.02977716727703,49.18058982422178,49.29004705000063,49.47997557997551,49.693131232193615,49.78868440688608,49.78706475516812,49.760642543269505,49.68345789241606
24,48.534060846560855,47.60300417175421,51.11387532220867,51.718672415547445,52.71563288563291,52.603753730837084,53.69397276004418,54.88112726393976,54.57738660516443,54.34509157509159,53.035832223332235,52.8049289445123,52.20522486772491,51.311041339612835,50.465263532763586,49.815578258547056,49.42795374560085,48.73898866051649,48.190248323800986,48.02817282254784,48.091747824485985,48.43843101343113,48.27218705207844,47.994471577805015,48.29312393162402,48.67816521085755,48.77740638990644,48.918931333217074,49.303539149228875,49.5468971306472,49.88924255254908,50.07246467363664,50.1115918032585,50.066504016136456,49.812439676725475,49.689336730656294,49.64785114785121,49.68826178694601,50.00791498387651,50.02759996947494,49.97397480568214,50.107399412756614,50.3119432139782,50.301627192252234,50.160164043775154,50.141682371573665,50.1481239013154,50.44626174365761,50.50745900924477,50.39416422466425,50.217485256210836,50.15860277542977,50.06627358490574,49.84794436530552,49.807067932067994,49.765609374091596,49.56937036323007,49.56080989572375,49.48311689879494,49.36209613688786
25,59.96251526251528,56.747191697191745,57.41131969881972,55.09356812169314,54.52001221001216,53.575830111246745,55.616129571486724,57.03954326923074,57.59494584633473,58.13141381766381,57.900508288008254,58.30514770723097,58.30240599855979,57.27968813593812,56.57568104734771,56.064828169515685,55.13765831118778,54.68944229638682,53.92268946940003,53.57809752747255,53.28101972982931,52.989222814222856,52.53795323034463,52.37526455026461,52.478902319902396,52.41573565323576,52.084566393825746,51.71813949938962,51.59120668603441,51.6265589811425,51.46874105583803,51.41644726800998,51.2884700176369,51.2038630623192,50.918656462585275,50.80793509474088,51.02103628353652,51.14601313647389,51.259940854492356,51.08516216422492,50.91122415299271,50.78828565614309,50.77799760532347,50.87399672087205,50.99074910686055,51.17699020987102,51.24253576407871,51.28446063966937,51.389128520761545,51.36737973138011,51.41772247360515,51.37015346654806,51.334648405403456,51.18730686323313,51.17552049802081,51.04623470114572,50.81012600946842,50.722919561281856,50.55970911542961,50.403087352462514
26,46.875483312983285,51.17014397639397,50.36827770994438,49.64022054334552,48.547213064713034,48.6205636955637,49.11243967672539,49.99283170533167,50.43170985393201,50.43009768009764,49.48620129870125,49.429677960927904,48.913849362887795,48.25777152741439,47.939174806674785,47.851988260581955,47.50196138284363,47.41713754352631,47.19234705353113,47.06475325600317,46.95797526987997,46.683184639434536,46.55502955176859,46.46781347510504,46.81149592999588,47.23035851256996,47.608741652723054,47.99329721204714,48.16925094381984,48.29398334689998,48.53536291963707,48.50398160866909,48.55431343348008,48.721769135004365,48.62556238734799,48.63629666372713,48.75065903815896,48.926346180622396,49.14604922617732,49.17736212861198,49.186806858453004,49.00391774231037,48.895323754625814,48.742948717948465,48.64493035770785,48.645882660012816,48.609644394218584,48.790384827363695,48.998978345916846,49.05147344322315,49.00226334123369,48.95467140587308,48.98691292111077,48.97341467688666,49.032299367299146,49.129433942380125,49.15599022484961,49.364193437469055,49.464504821919846,49.47698217677359
27,44.203016890516885,48.56923840048842,48.84969474969482,46.82930784493285,46.36468457468455,46.47389431556097,47.5566442816443,48.03848443223444,47.69354621715731,47.31371743996745,47.24292466792468,47.37953847849683,47.37046272815507,47.098923265887606,46.99877933794604,46.83173204110706,46.695213555507756,46.624850766517554,46.561780519675395,46.41268493081003,46.2728506502317,46.47393185518195,46.40173019412158,46.00977733686077,45.98504761904771,46.02956584014288,45.82760009195206,45.69216705913145,45.756091673333174,45.85773792565471,46.06003305237187,45.89344681649383,45.75137054303731,45.69141318920741,45.47050555264852,45.48039883213509,45.66417186417196,45.91041171304337,45.974919121714144,45.78963624338639,45.62833938870544,45.53809451130895,45.538981647121325,45.55152671402686,45.599814023425274,45.60384405248549,45.55158297179584,45.644868933150285,45.74048906497893,45.86446825396835,45.880449615743856,45.872210677499254,45.927841611568155,45.80408234598064,45.80596440596455,45.68911873510104,45.606251383444516,45.61622589575192,45.579238409111476,45.61527218152238
28,56.15644586894587,59.15985449735447,58.398329602496275,57.424423840048874,57.3780911680912,56.517043989960655,56.66050569800569,57.274084249084254,57.9526081942749,57.91801078551081,58.05486319236325,57.916177418260794,57.62736177640029,56.74193739461603,55.54785103785113,54.56845778642662,53.70667720079494,53.279384864107215,52.66310219994438,52.311699989825065,52.083170048646345,51.95138449513461,51.55609306152794,51.385340778049205,51.50932112332119,51.78930997777161,51.9500537014427,52.0510336720159,52.31758925939972,52.377024318274415,52.434679060485635,52.3553976839134,52.523228314895086,52.7070081878906,52.53722294900873,52.24165748089371,51.9959691834693,51.80685768909464,51.69768166306643,51.33005914224673,51.04935351459753,50.86165377832053,50.635856735856805,50.44781584156593,50.3017756523313,50.17160232078716,50.06563628451927,50.21748829873828,50.19366366815343,50.082841269841225,50.036372369460594,50.01087737938701,50.09150482641048,49.97508224799891,49.99360657860659,49.91288873989764,49.84165354625881,49.76375924522476,49.66547265509138,49.49603479853484
29,71.00575905575903,70.36529558404557,67.06259327092658,64.41790801790802,61.89598697598703,59.32261819970161,58.159457671957725,57.26457570207573,56.108281327725784,54.92170685795691,53.9356176231177,53.64405228259399,53.00746728342887,52.16466618698765,51.67249491249493,51.834303774928806,51.13567927170876,50.79074243657587,50.51334961334972,50.419612332112436,50.1457773707774,50.09252391127396,49.94439312700188,49.77778456111794,50.07080158730164,50.21301481638029,50.263228832210416,50.046777247223766,50.31929532791607,50.54742283950623,50.58448803287524,50.54757850656296,50.60022246272254,50.670595417654305,50.58426274783423,50.43076640437751,50.326959514459524,50.347728428978485,50.542085929265475,50.45365829772085,50.35107048552176,50.20720766226729,50.09819594703326,49.81789564602073,49.8263670691449,49.75148743165052,49.62158920669558,49.44973650963241,49.35910538818711,49.24687749287757,49.145143427741566,49.0148474922515,49.048431512582646,48.95349370279947,49.016317848818076,49.08540085906183,48.96774370041935,48.94333150884894,48.926094244738486,48.803940187898675
30,54.23365893365891,53.4523402523402,53.20874711708041,50.312759462759466,48.718951973951974,48.41499118165788,49.31314465957327,49.371541768416826,48.69016528738756,48.46683913308917,48.44546610796615,48.710455670872356,48.91062271062274,48.40179334554335,47.78533543616878,47.5852904329467,47.405833273480326,47.09332943291276,46.78419178287599,46.94240740740738,47.0949255770684,47.42490564990558,47.54002826883256,47.51113803249213,47.69046723646719,47.93858344291032,48.15238641673825,48.207422851619256,48.4231427097806,48.56929877221541,48.703586198747516,48.711663741351316,48.50857445024117,48.28849999401472,47.926798360369794,47.72824823067877,47.75589036839033,47.878863960113904,48.20571065923631,48.252866936304486,48.19728960064329,48.05329185805379,48.17157894861386,48.173809870684906,48.27357617690954,48.408863318645956,48.566170147819086,48.6386949277574,48.7639909504705,48.841559523809465,48.895973888130676,48.78283994317642,48.82504434768583,48.80280104840285,48.86470520220516,48.769426547328294,48.67620422137961,48.79112502280601,48.76048896959908,48.60990503323829
31,53.442612942612946,52.67733262108262,54.52449124949126,53.863598901098904,52.21131766381773,50.93962318545655,51.14812198383631,51.92567409442417,51.84365983810436,51.71065832315846,50.8935559810561,50.41774267399283,49.91577165711797,49.0083634949708,48.213375390042245,47.8147731608671,47.20247821350783,46.91789360331049,46.7446640104537,46.537527726902965,46.42586972110808,46.49871702371728,46.534771770098075,46.464223180369196,46.94945522995541,47.24480839673166,47.47438252762346,47.84068895720697,48.094541808766145,48.173561931895435,48.26276848897835,48.42764661553742,48.351189705356575,48.34696530321546,48.28738894703196,48.145982425496456,48.12127360877376,48.1301936732859,48.28109548333917,48.37847870879126,48.3597871189335,48.38552144504529,48.26863624101998,47.98759573759572,47.935393885949395,48.08946809028326,48.028331233384364,48.095678906355985,48.20326680122597,48.187796296296305,48.31210247631819,48.42166063992988,48.704676569063395,48.85584629705002,49.107685000184986,49.218667782283816,49.25249751872556,49.377044475320346,49.29456171574816,49.16726894247722
32,50.037566137566145,53.79397893772899,55.06653269569939,51.09508038258041,49.674147334147385,49.50414631664634,49.47771454735744,48.807665598290654,48.88342377786824,48.93649928774927,49.10832917082916,49.15342558675896,48.66694765348618,48.1261374207803,47.36255291005291,47.01307011853881,46.716339869281,46.61063910369462,46.39903257074309,46.43565043752541,46.72371383026138,46.926145382395354,46.94840783210349,46.89801926468595,47.36129100529101,47.82916705801324,47.96171426310321,48.186788294377614,48.25081610598854,48.38698022656361,48.550127844079526,48.67564833892964,48.81423268089939,49.162429971988836,49.065304668876195,48.97201292791579,49.19459803209811,49.31453727802418,49.44436030493727,49.33786439255198,49.15703986618633,49.025581429152986,49.04691709023116,48.83424237799247,48.67601365712485,48.55831154553991,48.48114159284388,48.50659319461425,48.583463324279904,48.56564886039912,48.591345954336475,48.7758914874303,48.787202524938714,48.72179873453055,48.62542133792165,48.58679519884907,48.4543238437978,48.488796173494705,48.465027886426434,48.36689068647424
33,43.16006817256817,44.36308251933251,48.67509157509155,47.46421194546189,45.70483923483918,45.00868437118436,46.48577242862956,47.855481150793636,47.7896480577036,47.349233312983294,46.70968753468756,47.129059405101124,47.307763141417006,47.10100587243448,47.29101987518661,47.290725796194664,47.25694653929967,47.10812078867651,46.88204244585838,47.119795227920356,47.43198369091241,47.84699212824227,48.21088482773273,48.540204432912894,49.08023219373235,49.30599914686469,49.363117283950764,49.60516000203512,49.8364737274221,49.9845424637092,49.88770317197748,49.786627015924026,49.512179949680004,49.402289676554474,49.280448717948815,49.167280134988545,49.29252123002127,49.249306894372744,49.45372927167802,49.4865328652829,49.23845260430626,49.07038466383703,49.054662994197855,48.84590606153106,48.81812802423915,48.84028120631384,48.85711536296643,48.826916505562345,48.804969765684035,48.76636406186408,48.70775385652838,48.58355962947308,48.52146149622567,48.37203294819039,48.3928657453658,48.424241598348814,48.36575689580082,48.41459087687539,48.27589583203988,48.070335436168705
34,54.236792836792844,50.22697649572652,48.690756003256,47.116058709808726,47.03899369149368,46.43220899470901,46.635120501191956,47.39136459605212,47.40475738253518,46.69623321123325,46.593369593369594,46.941905355447034,47.06227888920195,46.8229054014768,46.07614841948173,45.93473112535606,45.70816275228026,45.661925111924944,45.67145159908302,45.96732270044758,45.88508513091831,46.41283670033654,46.5641669321016,46.589335953398354,47.0088123728123,47.14323459659993,47.02289283076313,46.99099874992728,47.14512266150192,47.18039224664224,47.06103496264787,46.96753360933053,47.02583481333482,47.0115134729105,46.87102375138083,46.800646819743946,46.90243966493954,47.07679829916662,47.28722605741834,47.34705420736667,47.316830707684296,47.17419581080285,47.11208294289673,47.00617935305414,47.029252475918945,47.162496460865846,47.18966976679721,47.15298753137281,47.17443684433465,47.03546845746828,46.95759025832537,47.01454390516874,47.04448005697995,46.95091245345862,46.87421282421267,46.9074526498632,46.94942796806815,46.99981456921097,47.03517276822349,47.01675646113133
35,52.501159951159956,49.66399572649569,53.42272927689592,50.88291870166868,50.3391117216117,48.80081145706137,49.418710390138884,49.31495853683337,48.79941663274984,48.66095746845735,47.83583592333581,47.548484771401334,46.98614594095355,46.45725950636658,45.947098426265015,45.72734279609272,45.56688363379528,45.39212793379446,45.44190524387874,45.378501729751484,45.67168367346914,45.96290468790446,45.847564191042224,45.90309299111359,46.15759829059809,46.25469420180941,46.2042998839294,46.107813681027835,46.177300955749125,46.26137803554456,46.285031411240944,46.25684253535795,46.183433541766625,46.31489935717849,46.39056369556343,46.390915977026815,46.74976872476844,47.0439122646357,47.28338642601439,47.42283259564484,47.373166140543944,47.346377575246365,47.26758064287105,47.070371873496576,47.00971351693545,46.917694342694055,46.91029386295315,46.91716778591751,46.92818010598596,46.88036090761068,46.96912911888379,47.102967483015334,47.16655646938645,47.16417623871305,47.38438579938558,47.56658753779265,47.5423815057585,47.51628992814319,47.441945099783894,47.34538351309168
36,61.970812983312996,66.21472069597071,64.4415259123593,61.85228428978436,59.57508648758661,56.90600919142591,55.3640967498111,54.92899877899879,54.17429905485466,53.722359076109086,52.49102332852334,52.58150861484196,52.722434723396276,52.247825818361555,51.57246506579838,51.60426173941799,51.02337708587707,50.619051575995975,50.18715538847112,49.952413003662976,49.7757558578987,49.62941826691826,49.345249597423496,49.26101508445259,49.402451770451734,49.49795443160824,49.498633910670854,49.350152988545716,49.37316727014989,49.46428520553503,49.22757542636551,48.85441261574052,48.749436520269704,48.719289125906606,48.51505509041206,48.34295041378362,48.489595639595535,48.540545942848496,48.6963486062844,48.632579619454496,48.6384446628348,48.627801882861355,48.70924115720619,48.69317071817067,48.551423370867724,48.45575806037755,48.3226514128109,48.317255227411415,48.314606019452896,48.25263207163198,48.29445641504455,48.358739648883805,48.44597367168113,48.39877975248337,48.365394975394906,48.272345866765434,48.086270341094846,48.00243551148719,47.953226168056624,47.93793633835294
37,50.942801180301174,49.120411070411045,49.93186813186815,49.005123117623086,47.5075478225478,47.63251763668429,48.430325891040184,48.16034607753357,47.730509202731376,47.37023962148958,46.70839345839343,46.441680657305625,46.06206912745372,45.79539435432293,45.51942375525708,45.66059663715911,45.5592682372094,45.62186016144347,45.25247788274098,45.065554283679184,45.03142987964413,45.42994135494134,45.651302401302424,45.3993530389364,45.529868538868556,45.70022502426352,45.780701397368134,46.0183693456016,46.17331726383458,46.37264414597757,46.48899654706114,46.640234057031094,46.77977007560357,47.00120110009833,46.87521556485862,46.978059145073104,47.16043392293399,47.3996734625025,47.718779416215376,47.82053431522185,47.80125338753391,47.8664860602361,47.98536301123513,47.98578296703299,47.98231990231988,47.968866238431424,47.89806306774386,47.93513526404143,47.908538494762894,47.818913614163534,47.880989988587906,48.00714814032111,48.12304505417699,48.089885945672805,48.20892829392813,48.320060123408204,48.2968521731678,48.22252370075632,48.18294711409102,48.13415242165224
38,56.323616198616186,55.72624135124131,55.278337403337346,52.14139702889699,50.06717439967436,49.25903540903531,49.42014143264136,50.59496273402515,50.38862264278922,50.110997150997065,49.45653143153135,49.59185236060228,49.762463604771206,49.43308840630264,48.84195224528551,48.83537882834749,48.22223987885751,48.34874819110928,47.92887373347904,47.98868640618647,48.14602714305103,48.50366739741747,48.67569521863011,48.914674272486856,49.550619047619115,50.26970214614454,50.654481903556075,51.02238157014954,51.395635096066215,51.6019388481889,51.5717231543844,51.565103371743966,51.65704804454812,51.76148788575269,51.77572228036524,51.86552494573332,52.12929866679873,52.3725324261509,52.54558091481172,52.39595606939357,52.108677174225996,51.921757078899965,51.715058896744985,51.44777294464797,51.327230814453074,51.26846675868421,51.122929060695014,51.03552074854159,50.99351083534754,50.85967236467238,50.75675730406125,50.81901503944775,50.729257185860966,50.64264751880491,50.698553021052994,50.76287502180359,50.58276192618299,50.56004808569468,50.47723031049304,50.35403778320445
39,61.17417073667069,59.03697598697595,60.16352767602764,55.937728937728934,55.00604599104602,53.80111501153171,55.26295060759348,55.277139295889306,54.59246540496542,54.25671601546599,53.21642246642245,52.448478412020066,51.857324441939845,50.9878310512239,50.06088658255325,49.457765758547026,49.08867222102525,48.85895768326328,48.41116466379625,48.1428451872201,48.1446985774366,48.14126961001954,48.01460069720928,47.667227352123064,48.0330490435489,48.30613083497687,48.20934838481126,48.08497496220703,48.12794706889525,48.093264482431024,48.0068906153583,47.790704333282456,47.587495066661724,47.44234225741574,47.06682859468567,47.02068056686101,47.10333204083189,47.23426849709733,47.388758961835734,47.46358185795675,47.490593823520555,47.49787693567444,47.54316109170744,47.49350880600865,47.31211617600493,47.396016925908164,47.37949378241933,47.468565789919985,47.444931806666524,47.521452177452254,47.647437094495984,47.720579740772116,47.85425421015052,47.82648338458531,47.9055987530988,47.924186271730946,47.860603520910544,47.846431904621596,47.74018758234863,47.62493538868545
40,46.54930301180299,45.68824023199023,46.78197666530996,46.16503103378098,45.44978123728124,44.2884556030389,46.275442612942605,47.13026811151806,45.8691657622213,45.55859686609688,45.14674353424354,45.422792870709536,45.485771422309895,45.20221342810629,44.70407034323702,44.52486136548636,44.2978096794273,44.0812983312983,43.84479575005893,43.88150259462754,43.634412853460454,43.589672133422134,43.594391357434816,43.64311830145162,43.96197028897026,44.204931944835785,44.47597830838572,44.533126925984085,44.760382369865134,44.866350393433756,45.03234373153729,45.04725529100525,45.07402921152916,45.12232232636634,45.044795627652675,45.18147526341967,45.45442874192868,45.63826607116076,45.91657430888196,46.12403579059829,46.08576975192833,46.09452499660837,46.07890755884946,45.98654100529109,46.04892178808852,46.17163339880736,46.24295131582374,46.470003116096976,46.56982912212513,46.5155672568174,46.582681135132205,46.75943027769964,46.92172047903196,47.05243493646288,47.14659507159527,47.10898880385508,47.075144770758925,47.08025460331507,47.04843856708273,47.01569571632077
41,59.77938034188034,64.52689255189254,63.650486704653396,58.520877849002844,57.46912800162802,57.08970882512552,56.8379346182918,56.47985220797718,55.74305612083381,54.599480565730495,53.43312382062374,52.8187288020621,52.56689482170251,51.57394579626723,50.82851546601543,50.56349556115177,49.82563444181097,49.39535539049435,48.863805078936686,48.93544159544164,48.83722769734685,48.60245980870988,48.59732021199425,48.41886086521517,48.565055352055516,48.74789709933956,48.840019634001244,48.993835579103575,49.255302232888575,49.344269773436565,49.22480765948517,49.02034938441196,48.772983035483136,48.66125296272367,48.38112840862857,48.196451182562384,48.27430314930324,48.29567856607337,48.34686661866156,48.16142755392759,47.97815872023195,47.70572501792741,47.59134023814263,47.38031944906953,47.270688395966225,47.31999909309693,47.323212012573684,47.406324298772205,47.51086566494727,47.48802787952781,47.3562599256226,47.38649971823041,47.31553388086403,47.26666393448796,47.230163910163895,47.20667289886039,47.10182382594661,46.996486376012214,46.87166251043369,46.801543973002296
42,41.28553622303624,45.32767857142858,45.85219780219776,44.420509004883996,43.768249898249884,44.07559099850765,45.285568201639606,46.07872150997147,46.35563695563694,46.544580280830246,46.09671023421023,45.649456060914396,45.10588859146551,44.9042040961684,44.68598324514996,44.620887070105894,44.36517153870104,44.22477530185864,44.0436256238888,44.138871591371625,44.16871232823622,44.35487845487849,44.40469930632977,44.42526518620273,44.71678266178272,45.10352975016439,45.20672926182186,45.185442467585354,45.368688335929754,45.7500844525845,45.984287979046115,45.9761645617115,46.09669404669414,46.3052024228496,46.318716495145225,46.52678288789409,46.955146080146214,46.95781065912661,47.003364406249176,46.936764601139735,46.96011147840429,46.774249714130825,46.723752851369284,46.550445156695325,46.528785216840944,46.661778459061296,46.686918508993166,46.7970664173791,46.973806928143844,46.89558699633715,46.88938906046764,46.93820510863796,46.98219094846469,46.863041065587524,46.83494505494522,46.82698031135545,46.75901541603307,46.810914101862444,46.79780512958483,46.746284340659386
43,55.17246642246642,57.24552808302814,58.47006003256009,56.380605158730184,56.19726190476188,56.21830738705733,55.37746162567585,53.91552070614565,52.461649821371964,51.11892043142038,50.396840659340626,50.168588895672215,50.10226707053631,49.209735304378206,48.516029371862764,48.39202883343514,47.947880305968546,47.98096001221004,47.986950817214016,48.268632987383,48.58733671531293,49.24956270581271,49.339167595689325,49.40654910290328,50.08199572649572,50.23511904761908,50.09637392785541,50.105525575614855,50.35567449791586,50.28821343779674,50.291689314269895,50.16082700574874,50.03557291473944,49.995254405180646,49.826412727483955,49.7354692375524,49.924851637351495,49.94980747809682,50.14815923630018,49.96268149674391,49.83064464893726,49.58024400643445,49.487076908879196,49.496928071928075,49.440698118753694,49.40627643290685,49.37105696706761,49.44441190560981,49.5276238028789,49.42625010175005,49.370553021778406,49.33654804952872,49.39321787576496,49.40542158458816,49.4532652532652,49.454625359759255,49.379441124177916,49.34906267104539,49.38144871449951,49.2028172059422
44,64.30690883190883,63.710340354090356,63.84712725546058,61.82191697191703,60.92568681318692,59.5231668023336,60.280504680504805,60.438109864672455,59.838152331207965,59.24491859991869,58.02924297924306,57.172102665852776,56.04953116683897,54.65823885109607,53.526815900149295,52.961732104700914,52.58214495199804,52.16125356125369,51.86498163142914,51.67699811762324,51.58356517820817,51.55970464720474,51.72678084797661,51.82937843406604,52.21431339031348,52.428443653924504,52.439251609159086,52.00978636112571,51.80627938472775,51.543573293990015,51.21462165373461,50.93831098010794,50.73321416238087,50.54989166606812,50.35733560090708,50.2521572434768,50.24195912945924,50.22451347385568,50.301834632603956,50.1292639652016,50.13479046924177,49.99885470569999,49.985339585048905,49.88382797757799,49.97770316103651,50.03606045725612,49.95284846162508,50.19379737739114,50.34189456612929,50.38968762718764,50.45163478496809,50.50777517532325,50.68577255204614,50.65864065632583,50.739025419025424,50.80266485333452,50.61290789295175,50.55087759462753,50.49086646247657,50.45248914665577
45,52.325768213268255,52.64898249898251,53.31057861891199,51.35376984126986,50.85062678062677,50.235472629222656,51.01249709285423,51.737120344932855,51.52541943653056,50.95489367114369,50.98342398342406,50.46761294261302,49.917146457531146,49.42923244083965,48.81360805860815,48.38743131868145,48.10213944552193,47.84687514131972,47.643356253882715,47.780185948311065,47.71014957264966,47.737297887298,47.45968727327431,47.60598756952932,48.135742775742834,48.70474253310794,48.977424667239525,49.18582493895,49.45563081554466,49.89416344458019,50.26220869930552,50.65467494022189,51.03067241400582,51.391867623117726,51.666575963718905,51.92670643399828,52.159882822383075,52.458114838378286,52.81203325402073,53.01901925620699,53.16423732094485,53.22115190805687,53.28301802633215,53.13092775280292,52.98874937819396,53.04447950399051,52.94411895236373,53.03265340947641,53.05161979932395,52.87431471306476,52.87076939037727,52.809391436554954,52.676733207393646,52.40531879814292,52.36369177119182,52.26074871722197,52.08740226634966,52.02004178771417,51.884967370984334,51.69614977614968
46,53.78894993894997,54.175073768823786,54.499983041649735,51.380491961741974,49.30104395604395,47.53399046940714,47.550184603756016,47.549102691290166,46.8654140098584,46.583395909645894,46.52731573981568,47.09623990978152,47.01305571209415,47.08099598813882,46.91810778727444,46.68654323107443,46.36500514735802,45.931585492696485,45.36754894715404,45.43288003662988,45.32776445335956,45.307518638768514,45.171328812089584,45.32748037070946,45.58968599918596,45.88456959706957,45.88915174331839,45.96538734083369,46.156592529437305,46.35519230769226,46.36371476492438,46.29654780982903,46.17655307655303,46.14374566065736,45.919711029710975,45.75521624723007,45.827578127578064,46.02265894436943,46.30460080043408,46.30254642348394,46.28390027993686,46.32560444405683,46.30145585465352,46.192545070670015,46.07793356848902,46.07138289448057,46.01541708882126,46.09010978412011,46.17503571636215,46.16611996336986,46.11846155841244,46.141596126451766,46.15491088226928,46.01250838496194,46.0014299589298,45.95848532254769,45.90861975094417,45.936036026553126,45.85046822292569,45.76825566408885
47,67.03249389499393,66.60595238095242,65.29696615113286,62.3288893976394,61.21457468457469,58.6141678537512,57.97035946857374,57.5516432641432,55.74760661149541,55.05629884004874,53.737345062345014,53.508334605209555,52.475619892927554,51.45516745159598,50.60704958621627,50.16462975681727,49.750950465656345,49.31515567765568,48.856463273568515,48.58675951363453,48.44914166521308,48.411716061716085,48.323543203978055,48.163534883326626,48.37679242979251,48.621438159419014,48.806409502705876,48.76757514971807,48.83651670806845,48.9323924840592,48.85930865729257,48.76901804792437,48.59987697487708,48.51385312672092,48.26014811907683,48.07376020327426,48.19183991684008,48.45604007347445,48.74100907402205,48.742980260480415,48.677910549252225,48.72622899587212,48.73572966654386,48.504518398268615,48.47170623615092,48.56066595441617,48.594878614293776,48.662684104090644,48.760980289552045,48.70052248677281,48.68277530385402,48.751317663817986,48.75215211064298,48.6379824650661,48.62076294076322,48.55076721393714,48.47021890552624,48.39091818940984,48.28968279836954,48.17502314814846
48,45.24112739112739,48.08776200651198,46.89522961606295,45.5546983109483,45.77402421652423,45.38619081535753,46.94491758241756,47.96238362332106,47.86857165468282,48.03884971509978,47.79236504236508,47.58044871794873,47.191758241758194,46.58889833711256,45.64807895807887,45.532830624236844,45.24178487634367,45.084801078551024,44.781290298395554,44.867754884004874,45.06204164001782,45.571066664816655,45.653152925978944,45.6179135293718,46.16055921855913,46.51016561785782,46.58824560213439,46.53444622507113,46.791448430241424,46.956132478632355,46.87607887930457,46.767123906186235,46.549444845277954,46.41405124015393,46.20352026280577,46.138853558992245,46.15485884235869,46.08415483152306,46.17430757751247,46.04468749999977,45.890689121176756,45.811283359497466,45.8185052673423,45.785497488622354,45.82997184913837,45.910798008352174,45.901728994016,46.07379044566521,46.24245304959569,46.46594607244586,46.77075043692669,47.08513470148067,47.269763037451526,47.360121779797524,47.50100751100736,47.73016454445012,47.77065571692751,47.82596118759898,47.759912529403934,47.73286333265489
49,59.67571225071225,60.93530982905982,59.79222968389632,55.900709706959674,54.19528490028486,52.4332443019943,52.45638699924412,52.95165153133901,52.88109709220817,52.23813848188845,51.56174196174189,52.114858058608014,52.076601781409416,51.569246031746,50.56703635870293,49.94344570360191,49.43257679140027,49.15489615836827,48.595291112396325,48.81918701668691,49.112770606818096,49.32367192992177,49.31908854028408,49.25982397232387,49.371019739519596,49.69512362637346,49.93274525543027,50.18444513489138,50.44256610247975,50.81512939221254,50.99420221355683,51.22322175798717,51.533370487537006,51.703822362278096,51.65837548694668,51.52027808868068,51.51210138710118,51.47288333012001,51.47665069972748,51.239271723646596,51.038768277792535,50.891360810705955,50.783030330995345,50.63445836570828,50.63338579116349,50.72639121144545,50.713513604204955,50.77937673823078,50.864299938534494,50.86035897435883,50.93971496005796,51.06378479070776,51.13922677601914,51.17816725455603,51.33820596070587,51.450869781673234,51.53198666181116,51.72110726916749,51.77340838696762,51.73359262650924
50,56.68108974358972,55.426243894993874,54.22624304707639,50.30414122914126,49.66761090761091,48.5187847646181,48.75788490609917,49.079327559015006,48.77430244652461,47.79785409035402,47.087928737928664,47.191461470628035,47.189255971948185,47.153466771323814,46.844492606159186,46.834434460215626,46.49158706217519,45.83534628951288,45.48262295696498,45.44521698209193,45.58882565846848,45.78488664113657,45.67403890393011,45.48995768891595,45.93535653235644,46.51180986036745,46.84582353517528,47.02967141984986,47.273161130057574,47.466253391669966,47.33109975448675,47.18931194673374,47.16480849397506,47.11547289856098,47.001373335658876,47.08358092524743,47.42698866448845,47.75615092753228,48.10157282176487,48.0561230667478,48.03588366240778,47.90053879101471,47.858543104182374,47.767524373774094,47.84854519965605,47.9136874900459,47.880308540946565,47.930569016245826,47.94638797521429,47.83010012209993,47.95757120511999,47.994340248426575,48.05809306870608,47.99298404784498,48.08124875124861,48.075401549508555,48.09171316824815,48.13574560018514,48.21238022805808,48.245543260751504
51,57.60558099308102,58.33142297517303,55.24555521638858,54.11795253357751,52.46121184371182,51.03312559354223,49.86489548810976,49.714288893976374,49.17536630036633,49.37514499389502,49.62604247604245,50.066845153303454,49.606487351679604,49.08399834292687,48.600357142857035,48.47480762871376,47.960694833488866,47.802234262650906,47.481071803440216,47.417486772486775,47.417889848247036,47.66254601879607,47.582151262586144,47.46377378408638,47.826050671550824,48.14332930246406,48.28469471200966,48.29907207541148,48.41733312983327,48.3818471035139,48.3340221158771,48.40443105794686,48.426574351574494,48.48420434413092,48.34105195069497,48.210122439289265,48.37833561583577,48.53912519011211,48.718571089404485,48.7848368182744,48.73285647279557,48.74062130550232,48.73933351317079,48.74380422817934,48.733198684032146,48.83548446320202,48.881726006460205,48.839124927927166,48.73783587916255,48.529190272690386,48.39365757699106,48.497264389812614,48.537461219772695,48.42170461568627,48.45772930772949,48.43351239534291,48.42628455040753,48.543945518083575,48.47082600387699,48.393319512278
52,45.549918599918584,46.347413003663014,47.39060168226836,45.26887337199844,45.933583638583706,45.389635056301756,46.47493676957964,47.17731099918601,47.01582044498716,46.460410052910106,46.580861730861784,46.696116961741964,46.67946526408068,46.37281818710393,45.75655134988473,45.8321190094628,45.5618069022481,45.23240231990236,45.17965747702597,45.21829619454627,45.25532274163231,45.4417316479817,45.47570141211453,45.50572683489352,46.130968660968676,46.83044676121604,47.1955197922791,47.505522850165754,47.54764588859416,47.539208384208386,47.56076614544357,47.54555526938338,47.62326562326564,47.709707258971974,47.628183760683704,47.482673794826525,47.4651827651827,47.436448626909126,47.66443886123373,47.4278439153439,47.20412261631769,47.00711487586484,46.78757595763401,46.66299256299247,46.59709514765061,46.58228785103771,46.55286643025986,46.58576007325989,46.69675219904795,46.66617450142432,46.75385413424614,46.83973361040653,46.85569003847293,46.707430583819345,46.64319273319259,46.636686998517256,46.45952782597515,46.440607237589944,46.494272417789354,46.483099308099305
53,57.77912087912089,60.957684676434674,59.12817629900965,56.55649674399686,54.3508608058609,51.479959469542834,51.888959387173706,51.813712098087144,50.31260853344192,49.55570461945464,48.639727402227436,48.77585554877223,48.84120761716916,48.79612114076397,48.46426570343234,48.45599498880734,48.3490214034331,48.13022628092069,47.97572269348584,47.96273173585673,48.06241327015135,48.27575919450917,48.32198266709135,48.25764016076515,48.57473646723643,48.80733305156381,48.936780589095406,49.112791441362894,49.29895285110807,49.4689343372677,49.64379783895919,49.79637531160979,49.98158723992073,50.14349801886582,49.99467527181836,49.875690487496286,49.98638418638446,50.1404945322711,50.63121680076831,50.84746209808731,50.84486062717782,50.89279027850465,50.96167393115076,51.01078077015588,51.03373863790541,51.18696559077004,51.22204545848176,51.282313182573695,51.436151084365434,51.52588085063091,51.7846250608506,51.9601095574654,52.20486432679835,52.392610681499626,52.66573768823774,52.936487586487644,53.12860864768769,53.49101520286867,53.642100398032596,53.70792913105415
54,56.425142450142445,54.877070614570606,54.668221747388415,51.99062500000003,49.960817053317086,48.68185795685802,48.99765247979539,48.73852958384213,47.81627379821826,47.43709605209604,46.96463767713767,47.28670634920629,47.675832785448094,47.39722185882891,46.78804809388135,46.85322547822541,46.6123174483468,46.947283272283144,46.85464515990822,46.98133394383385,47.14773799833312,47.37317427942417,47.607077825556004,47.67638549721876,48.05697964997956,48.51293517735816,48.58690193551295,48.580162545787445,48.77385039928136,49.064278083028036,48.95447782504226,48.78115588115582,48.71742208408858,48.53199337427264,48.23188368509788,48.02571281599052,48.16263736263724,48.2951218859112,48.55491870427752,48.587612433862255,48.54639581285909,48.5208859042191,48.624884525465774,48.7688786907535,48.83044656989087,48.893974403213406,48.92296110115246,48.972229853479774,48.975472618839895,48.86735185185178,48.805644736527,48.67145303058752,48.65405733330251,48.54364598878477,48.46839817589807,48.38067901840211,48.24964128626397,48.20804790675467,48.12055869428737,48.03587301587286
55,50.60912189662187,50.75276505901507,49.88604497354498,49.25168269230773,49.73176332926338,49.44621065662736,49.80163599627891,50.83404494810745,50.878380364491456,50.67192155067152,50.29760748510748,50.91097247659744,50.58099855984465,49.91618953136805,49.1386704653371,48.93259914275536,48.8109710550887,48.398858420386134,47.7860851380588,47.49126577126575,47.28710559722459,47.169474506974495,46.96819070623422,46.747467906322115,47.08510459910457,47.25461632384704,47.56080755664085,47.72957820948892,47.80390702847599,47.86747829331162,47.9025401420563,47.88926234355926,47.82754144004147,47.73678550480016,47.54538505145651,47.56082677610463,47.670232732732856,47.79057646787918,48.04649196956897,47.90832303113564,47.768627713749765,47.66045845688713,47.53618304606685,47.38724469974479,47.23040112151234,47.15184764913042,47.1111738930889,47.121088556505285,47.27456870416059,47.27689214489218,47.303454316199456,47.34303050937673,47.33896808118508,47.162202286739344,47.2149053724054,47.246548582039686,47.130055016458556,47.073931009922426,46.92554789842929,46.85758258716594
56,54.30515873015874,54.52937779812776,53.755426672093314,52.06288792226291,50.93318579568582,50.05158899742238,50.05278504564219,50.69282089438342,50.10839155700265,49.48043192918189,48.732934195434176,49.00426078551076,48.84070865032403,48.36663650502933,47.54804945054941,47.17307565120059,46.78638613565078,46.46817482928586,46.394738448685686,46.33700345950333,46.15939855999368,46.086606680356574,45.84010524499645,45.62594288427612,46.05597720797712,46.42931205190813,46.648759967741356,46.942129993022746,47.301995003719036,47.52800518925509,47.47367544343342,47.321285167378846,47.06436017686009,47.0497926093514,46.937509884295594,46.958040236512446,47.02973962973957,47.121591237709595,47.29254589190481,47.25680402930401,47.17486685626924,47.13478533151142,47.12804990014276,47.03287800162785,47.03454336815433,47.00811213745982,46.97144729777693,47.02142602767589,47.05878477153974,46.992094627594504,46.86081783140593,46.80970607917708,46.76854280415588,46.64211540345787,46.668505938505774,46.632222349409716,46.44103456647305,46.377036142337744,46.383896321819904,46.245237756070935
57,54.56721611721611,50.41291717541718,51.622590218423596,48.850151353276374,48.030797720797736,47.87807794057794,49.130205971277405,50.19252836284086,50.355690657079535,50.88818630443633,51.197023347023375,51.72445478903814,52.085548354779114,51.30246598639457,50.4944515669516,49.8753084299959,49.3140002154708,48.82493527562968,48.26263736263734,48.04841447903945,47.896813041455914,47.91658549783547,47.63065332413152,47.41117958045032,47.73356471306464,47.906195407156865,48.02589615459978,48.013676848944584,48.14006076937098,48.33025895400882,48.31312970183925,48.14696498524611,48.010106405939595,47.769809398118106,47.5044188615616,47.37286296522397,47.48897413897404,47.62362476704575,47.81705436064397,47.73628675722417,47.61086542184098,47.48039699498023,47.42320872495282,47.340738312613276,47.27754827477046,47.339892786360096,47.415286329116064,47.665934065934024,47.73033180915828,47.627736670736645,47.582363714716664,47.64782460239197,47.681457771787954,47.590709650431876,47.53044844044847,47.56843130414564,47.56835339773939,47.69844374973687,47.65394557576765,47.50127179148015
58,55.39950142450142,57.033895502645485,57.47774725274729,55.75458129833135,56.41939153439159,54.982519332519395,54.668136955637,54.24176778083028,53.162908696242056,52.25350020350027,51.12522431272435,50.99105404626237,51.006114789768645,50.24973254258964,49.256427214760514,48.75910599816849,48.231133436280565,47.913115305476516,47.58853972538196,47.55319927757447,47.3524705893755,47.64189329189344,47.89537059156639,48.126530491113954,48.30782722832734,48.43275590150601,48.22799051086101,47.947508757776745,47.901750101750245,47.795759225342685,47.71081587170309,47.54039272359593,47.512414591581354,47.48161989154646,47.17979911622782,47.09660931917886,47.2681772431773,47.35170123492495,47.52556458261578,47.43823781542521,47.47063268709603,47.422985590247414,47.24534031859608,47.17299540737034,47.082891850947355,46.960561771159504,46.93333517349468,47.09670997405367,47.11463342968439,47.06900610500609,46.99448255085508,47.063404891049075,47.06280813002506,46.97324961561066,47.027837440337386,46.98405494142095,46.96804038229467,47.09902118156422,46.995261894414355,46.87654923009082
59,52.38119149369157,48.589522283272345,48.467068579568625,47.16182844932846,47.38420227920225,47.773416938000274,49.09926449212165,49.95983414733415,49.32084407362189,48.79834961334963,48.152285214785195,48.25710936440095,47.86137096521703,47.307800598871935,46.83699803283127,46.67847031440777,46.63453996983405,46.56781644281636,46.2576866846603,46.596816493691456,46.885062116014446,47.32145192770188,47.63927907840948,47.54259598426263,47.74083882783881,48.12382439497819,48.34702041785372,48.2545360558753,48.37021423659349,48.34893688102015,48.19527748237411,48.19565209096441,48.21162279078932,48.08519580909267,47.770795104366336,47.66287379030418,47.902834840334656,48.019150172439495,48.275352733685914,48.33680097680083,48.39554123608991,48.247117928367786,48.219684385381925,48.012065596440515,48.01106645412192,47.91778801914664,47.862030867083995,48.05035676129422,48.28984014851358,48.361076109076045,48.453682056868274,48.481215757177196,48.36680585312653,48.18662881186019,48.18122849372837,48.11610813128659,47.94204599818623,47.86093910080968,47.85861495691992,47.70101995997818
60,57.84688644688648,56.982308201058224,56.948273639940304,54.71822853072851,53.38943223443218,52.40280745489076,51.76535190999475,50.45470339845336,50.171512797901656,49.449892144892125,48.59141136641134,48.31797966693797,47.706195015810344,47.10891076516072,46.52917480667481,46.25338986823362,45.96183084344846,46.02288557635781,45.83442179165868,46.06577177452186,46.12330731437889,46.14652500277512,46.05847113836261,45.85688339438355,46.084725274725415,46.37550855483562,46.76246646015175,47.177413476074264,47.34505599764227,47.438172737756155,47.433615279583044,47.306784982956884,47.38612776112779,47.632840443869846,47.49822940287225,47.61336699565865,47.9364461989462,48.110140067048015,48.30558229756951,48.234957773707855,48.03814437594935,47.86486714343862,47.76253774218894,47.57465659340664,47.55392517975859,47.629913645131104,47.65505470691646,47.68665907780498,47.66365880906703,47.558610195360245,47.454770982467124,47.45238633339599,47.52589511292349,47.53972964621122,47.689807507307634,47.86342883307179,47.86697495162416,47.97528656688149,47.90757934783369,47.84344441052783
61,56.48250407000404,56.62403337403338,55.093279405779455,53.27857905982913,54.22475478225482,54.91296465879799,55.14300395371823,55.67268772893771,55.47290733957396,55.273161884411884,54.42250296000297,54.1390873015873,53.65159982467676,52.57788970288972,51.511373626373675,51.10145502645504,50.45579915726979,49.95117804006701,49.18534102349896,48.96819520757027,48.91764685931363,48.93092555592567,48.74735803648859,48.46498164258589,48.57093711843725,48.74628142512771,48.897860044619435,49.16319789668016,49.77257729499114,50.06412121828795,50.08631313429711,50.121206470034686,50.18206546539891,50.328281889679054,50.2258547008548,50.32614581920147,50.376177963678046,50.367318536726515,50.6703715444101,50.672724613349686,50.579404290379976,50.43154471190192,50.44532422788245,50.309077380952445,50.1914791073125,50.209807272035576,50.253128490894454,50.47881944444446,50.520730544965275,50.2773524623525,50.242595984262685,50.263960505306684,50.22215886838538,50.13090781817642,50.18474627224633,50.13450582155941,50.10790991010289,50.015081119391475,49.92591376765102,49.73386599511598
62,60.22767602767601,62.08425925925921,65.05975783475783,64.59126984126982,63.581347171347154,62.99422652964317,62.7636316064887,62.34420342389086,61.920220571609406,61.68287901912898,60.484775409775395,60.24960529439694,60.327752731598885,59.98457105064246,59.66485585402247,59.16644536019534,58.124077964519145,57.44280400669292,56.620256570914535,56.02090786528299,55.3236736147451,54.80831968956973,54.46172846879374,53.976725300162855,53.7783795278796,53.843182547509535,53.585276194998464,53.247675555264905,53.04595613518037,52.92679453262791,52.6588117229247,52.39063676485562,52.19628766295444,52.100525060451595,51.64047459154604,51.383850986976036,51.554316816816886,51.66713645759705,51.84166757980873,51.81730285917799,51.82326255496997,51.73788761943535,51.72990979735178,51.66482533670039,51.49723296251077,51.32689177770705,51.23555603183265,51.092010603208536,51.10358534134042,50.98939153439148,50.94709204194491,50.89129733336458,50.869856340375115,50.74687966354625,50.69677701927689,50.51945298418501,50.42001165663434,50.48587462984006,50.484801035436554,50.53015864536691
63,49.7693732193732,50.84823209198209,50.453961470628144,48.71392068579568,49.44965913715914,48.6143950956451,49.3683564451422,49.56686444342694,49.271407090851575,48.911898148148175,48.21577080327084,47.96449133428301,47.369737954353354,46.89415300308162,46.527082146248844,46.52278757122512,46.12749108190286,46.22729700854705,46.019559314954044,46.20321759259261,46.288320299629866,46.41423113923116,46.22579210242256,46.04825880138388,46.43278103378115,46.75538414576881,46.799088017606536,46.75479079452292,46.91524584929755,46.850944580111225,46.60784427639267,46.54342885124137,46.45169367669369,46.42332845531372,46.22344802023376,46.34314133654414,46.19011965261965,46.26304248870039,46.38401740709441,46.1450476953603,46.01249615334993,45.86558908463685,45.837217347682625,45.657684560809734,45.647693664360524,45.67349465148397,45.79313208462162,45.79308480870995,45.87217383901072,45.936069393569554,45.79796509772014,45.762173519144824,45.84012448069066,45.85301010717689,46.0438751063752,46.179564582243266,46.11484578611782,46.127528051450525,45.98951180646101,45.92873049789722
64,44.31435693935694,44.41445105820107,45.17413003663009,45.045086741961796,43.80804436304446,43.93771537104881,44.22419617419623,45.665259971510004,46.55600212544656,46.566738400488376,46.118067580567555,46.89257266653097,47.34585290066055,47.65380581719863,47.424896893230205,47.217035192816375,47.35306567071263,47.480611518111395,47.599717509585844,48.03722680097673,48.267674961722506,48.4386981074481,48.77841924581055,49.1005358838692,49.74628184778181,50.44376995867376,50.89077220790181,51.18628808360948,51.55737074228452,51.718936033102636,51.72491646644863,51.749648326210796,51.69711754295079,51.74547855466961,51.55346633525197,51.54341931216925,51.55927672177662,51.62802385236586,51.755001278398645,51.650001017500976,51.57498324845881,51.55984589704826,51.51482522645306,51.53515165390159,51.473375050874935,51.51743266797599,51.400346383324916,51.3727079729682,51.29481178307696,51.22156898656888,51.224481673011006,51.309507666478716,51.36055676503783,51.17701597099738,51.12334073334063,51.09536019536009,50.906031728180736,50.87449589841821,50.712814476797384,50.63412715371034
65,41.58586691086693,44.94982956857957,44.92129120879123,44.394463522588545,44.716296296296356,43.96893823768824,44.12799654049658,44.62054334554338,43.78317562067564,43.77263176638178,43.519646094646106,43.84695809591639,43.689752199367604,43.86407712657719,43.52851512684852,43.82726362179494,43.71887494313976,44.174550886356506,44.32085421888059,44.77080001017505,44.98534846987227,45.28459225959225,45.360635097591604,45.784201600868236,46.11822568172566,46.382447911774804,46.48620796213385,46.414574430199366,46.58631127812156,46.69028880070544,46.559513634513614,46.5437086640212,46.49951329534661,46.44328165026692,46.368981045409576,46.38495511689947,46.426415426415346,46.52103187991341,46.82359584859578,46.89251144688638,46.926431946553855,46.87687595693544,46.84686621518015,46.81288491600991,46.91182584904803,47.01598295022203,47.22872654335416,47.23714323870568,47.301070244947745,47.28733028083021,47.50945228518748,47.860384184903296,48.107245183188446,48.24836323655757,48.27733618233611,48.25105175082849,48.174635663232095,48.103294422690944,48.07433767582072,48.00941052774383
66,60.17956857956858,61.90596255596254,61.07023809523814,58.42173890923887,57.227440984940955,55.84984059150726,55.365457294028715,54.486027167277186,53.3958418125085,53.13978428978431,52.58399424649426,52.92030974426808,52.108896872358414,51.24903482760628,50.99537817121158,51.08815946784702,50.27015549809675,49.742835662280186,49.17570314675587,49.00429639804651,48.845588890827095,48.71968517593529,48.575135150678705,48.69456781644286,49.153467439967464,49.62980456153536,49.824876392469,49.964747223675836,50.053920010385546,50.266915276081946,50.11265049168277,49.94825943732196,49.784784351451016,49.59677257655206,49.25656186406199,49.120942714692816,49.29218105468119,49.5899911370307,49.9467833922963,49.93506575600342,49.86501744642008,49.83312983313006,49.84623027704445,49.716093744219,49.61749717360853,49.65215035568317,49.71855207440331,49.867098786630216,50.02867888913824,50.032923483923675,50.138618453079424,50.24669801352515,50.33646042113045,50.2591912374322,50.268381988382195,50.204885821850304,50.08466420681353,49.99249435111522,49.81307350841259,49.641847781847915
67,50.27110805860808,51.969101037851026,52.78995048161715,51.75882046194545,52.210077330077326,52.039217032967024,52.04283897319611,51.24537291412289,50.45367091755977,49.60524979649975,48.63213406963399,48.4767195767195,48.328906812560604,47.9750835804407,47.53900047483377,47.35721344627593,46.8859411285882,46.743011746483965,46.7684839770366,47.05065832315825,47.25544532627859,47.65291560291551,47.79087589141927,47.93100304402378,48.1444837199836,48.31262151310208,48.21602658315602,47.9916434095004,47.97541998231636,48.069694749694584,48.1009567791825,48.041314197954755,48.017746296913025,48.14986173956766,47.94473428687717,47.99106860217971,48.226645326645354,48.20401002506267,48.21953275831482,48.09972985347991,47.87389787267848,47.78245852472054,47.76878164901432,47.536434167684284,47.475631981187675,47.52800417175428,47.48814762857329,47.488080717507955,47.55258362197153,47.49732010582024,47.45729468425562,47.442979829999196,47.5510431305244,47.608564909027976,47.70199171199184,47.81747194604352,47.75770810573455,47.76907007424259,47.7006950911613,47.55686787749302
68,58.14884513634512,56.80628052503049,53.99150556233885,52.76488222425719,51.669982702482656,52.01595187220189,52.13044435723008,51.878872227309834,52.15558268891614,52.0299084249085,51.56620277870281,52.624255952381,52.156789079866016,51.458909674981136,50.45672839506178,50.13908730158727,49.90383119059583,49.16023832134936,48.64993787888515,48.458410154660065,48.38409185611562,48.31116591741586,48.39342937658146,48.29204102224927,48.78934940984935,49.30009411884403,49.755628288035616,50.18261472323964,50.44961124443878,50.58527777777773,50.61714341512727,50.66781056038869,50.67553942970605,50.847637452416826,50.906423919995255,51.05201041242703,51.203597141097106,51.282310343165534,51.44953338446916,51.606904253154134,51.67560206279709,51.78438620462419,51.95216136146362,52.13345716783213,52.38913761135976,52.53402379625205,52.650863035703495,52.713592011769116,52.777767083634465,52.664481684981716,52.5703237847846,52.61752322641751,52.593068226323,52.50142431299842,52.485329392829414,52.42418772530383,52.2143595277368,52.09051399590192,52.051969640528974,51.896782831366174
69,49.87772690272693,54.69548229548231,54.61214387464389,53.10590786528292,52.4651302401303,51.227970255053656,50.74627667306248,50.31231494200246,49.79737371681815,49.56338369963371,49.05594266844266,49.46486441798942,49.09580476503556,48.56012486191058,47.79382682132682,47.68368309930811,47.19536498360024,47.03716337674663,46.627552856500145,46.64599867724861,46.544630259511145,46.7830824268323,46.89855647573027,46.756555462284474,47.086761904761744,47.48848306252138,47.631548749604136,47.4811789566252,47.83346209984122,48.08020078686728,48.24056628855006,48.382491192256644,48.68461368878019,48.76792612344066,48.53954401418672,48.309164575136684,48.377799365299246,48.32922195981398,48.524992694864395,48.661148377085816,48.59822644609221,48.4815508895865,48.29667040539123,48.0365931522181,47.89515522543294,47.85901738157167,47.95622472484169,48.176649305555465,48.396994322759554,48.62846560846556,48.8471710479063,49.08221466923386,49.264009165188384,49.40198563439299,49.661305453805404,49.92746916608517,50.08960631636062,50.180347669571745,50.061570107544654,49.96095865554198
70,45.87420126170125,47.912278693528684,47.8668464251797,46.01198107448103,45.6676322751322,44.94773860398854,45.22347810919235,44.552945665445655,44.608713765658194,45.04850427350427,44.876200651200676,45.27664453601959,45.33505838890462,45.388483342054826,44.86613281779957,44.70712568681327,44.21993314419791,43.94931488264832,43.542413458860935,43.57908501221009,43.47053389731969,43.66526274651285,43.79412503760338,44.10146032593956,44.56005474155477,44.78119716821644,44.670065873769644,44.699126766091105,44.98939027128688,45.33706654456659,45.420995312930856,45.53564528642657,45.783865517198876,45.920105221575874,45.87742528635391,45.98714754895309,46.182498019997965,46.43895181329386,46.77259021842352,46.963750508750486,47.0693269354855,47.12817109037352,47.082884094802736,46.996244727494776,47.010891896169724,46.99651671798417,46.99552212956476,47.04690891670067,47.06074366865196,47.03211406186418,47.014813118979916,47.00859475282564,47.05091421506528,46.92384551319748,46.966288433788506,46.89261439618588,46.79072199730099,46.7631026939217,46.65431748101244,46.59518009768014
71,53.37033984533984,53.00297110297107,51.367623117623054,48.75003306878299,47.86518111518101,47.704100529100444,49.17195258445251,50.13996680402916,49.55373479401243,49.125719373219255,48.62536306286299,48.872722493555784,48.690199508468744,48.16277654224085,47.852527811694515,47.78609521265775,47.534108130431704,47.44418187265415,47.085549611207604,47.49366503866517,47.91455850146337,48.15169321419331,48.32702460582909,48.18377488637917,48.80517826617838,49.285178336620724,49.75358273413838,49.88976702860637,50.052083421048955,50.12173602631941,50.07424655690789,49.96037946428574,49.915632207298906,49.85351681270806,49.6052077155649,49.62320877425046,49.73744884994888,49.977393537261975,50.455059328136244,50.73508241758242,50.81597861262492,50.78290004748334,50.81167582417577,50.73371547434043,50.73585221363,50.661644746155574,50.594993678504274,50.61475069105269,50.639250205576616,50.53141748066736,50.50274426009708,50.540659242822606,50.51603024857734,50.43690636352672,50.357702020202005,50.225781931362306,50.041691479410794,49.998412172119124,49.892605699385435,49.719273504273595
72,53.61627492877493,50.697715710215725,50.34679656762989,48.0771253052503,46.91020044770047,46.008978598561924,46.43711843711843,46.68815756003254,46.28329037217929,45.667862739112785,45.494875494875515,45.96016949871122,45.849742885319905,45.17885160474458,44.83285680369026,45.11671213624354,44.98803149464927,44.77457123637689,44.53710933316207,44.58217160154671,44.73742804814247,45.11074203574218,45.43515067862905,45.63557543922141,46.22140476190491,46.88938276822905,47.37459526070653,47.79115119338352,48.21894639523966,48.56528439153456,48.62269650898704,48.714083009005094,48.64248760498776,48.6046709282005,48.35332141403581,48.26763880409723,48.366399916399985,48.55426881841366,48.65247774542656,48.64374046092803,48.46297450291363,48.24641415683099,48.031464089313054,47.95842641155155,47.88845125039585,47.977082227354096,48.08444078577072,48.27913900335789,48.402492358359886,48.36512922262941,48.34562334905487,48.379351969255985,48.460979795885656,48.486190061653225,48.56469650719667,48.53690049203463,48.40862992595466,48.3804682785288,48.236411877513724,48.148500033916875
73,48.477803215303204,48.0212861212861,48.85421075837743,48.67006512006512,47.8243874643875,48.3375602021436,48.79727673120533,48.41533183251938,48.11841111563338,47.98505545380548,47.818482443482466,48.327993148826536,48.0628616042078,47.87957257689408,47.03888549721891,46.867126131969975,46.55050276520872,46.285155508072194,45.88000958593062,45.876867368742374,45.910330542473396,46.149062974062986,46.11457813523034,46.229005138380195,46.56967114367119,46.658435279108375,46.52656224091417,46.754435759346514,47.07884510125893,47.25091982091985,47.32316669292477,47.03050658831911,46.896107596107605,46.8244396262778,46.621333943833946,46.57624375367432,46.71784243034244,46.767571707045356,46.830133944877474,46.767556598494075,46.643627837835204,46.58123013450403,46.584977425675156,46.45048712861221,46.3193711843713,46.41758131160318,46.354686782878396,46.321252098595984,46.288675732808514,46.18519820919833,46.12083891961355,46.15792388701051,46.135436776710456,46.138931755830015,46.299866429866505,46.436707802779274,46.60070591364458,46.7510624114073,46.74929939018923,46.78506223714559
74,45.17646011396009,47.096148758648724,49.215674603174584,47.8303635022385,46.67293142043145,46.213453059286394,47.38306224199082,48.07936762311763,47.02318884818883,46.8427162189662,46.161863599363556,46.636588488671784,46.2610367552675,46.083095674167076,45.76240299823628,45.809175315425264,45.69815622830322,45.76345277664715,45.552377203692934,45.53763583638581,45.44755072969354,45.42334817959813,45.526572039072036,45.52573175281509,45.70933964183965,46.15656562098866,46.45699871116536,46.91219911041337,47.22779356658664,47.392791853208514,47.4025683695039,47.368474638787184,47.65023371690041,47.755078227872346,47.57369672655391,47.57667718084384,47.66012633512631,47.72144932309406,47.9003995648226,48.040803062678044,48.20581365337462,48.32005143225375,48.33245260338279,48.30519515207013,48.235070320625844,48.21043292456333,48.20146162938717,48.16408327397911,48.19771840970817,48.076231583231554,48.11998890724379,48.16907070849377,48.32304534214914,48.248531783717,48.22883764383769,48.20199648235366,48.18080885975624,48.302462177031174,48.30951604892285,48.1529171754172
75,57.15984432234431,58.314557895807894,56.48155440238776,52.629220085470074,52.214344729344695,51.88256935965264,51.43340964590957,51.11581896113135,50.58554187581949,49.83230362230349,49.235994098493975,49.286225579975444,49.47091590745422,49.238645778824186,48.98365791615775,49.25700485856717,49.161742859536815,49.241800637633816,49.1815813572392,49.41793650793649,49.601144446382534,49.944183362933344,50.00819530710834,50.06485869454621,50.484861009360976,50.91998450267679,51.2147516920665,51.05753859236005,50.97252694623392,50.7599370845205,50.60411907387724,50.37203875407009,50.16999805749816,49.95334189231255,49.76293912436778,49.66274660267721,49.72197980947989,50.00072122078709,50.27315858405606,50.287101012413615,50.22920141060395,50.19041090082769,50.22520125223621,50.172193662818735,50.11135994663782,50.1540840500081,50.19435590020712,50.34844089167023,50.48525724086963,50.588054232804375,50.57619516467568,50.739046895056646,50.78132597660911,50.7424755799757,50.90435804935818,51.05755676202119,51.077205745846236,51.21643536061654,51.24436045749614,51.23309218559224
76,46.98800366300367,48.243170024420046,48.477145231311894,47.5545851139601,48.195968660968624,48.314715608465576,47.869802023373424,48.90026709401711,48.298501447112535,47.87297059422063,47.119955969956,46.80774742233079,46.68174994521153,46.74120552066989,46.479163614163724,46.3906695156696,45.89516178266191,45.569614593225815,45.295483366536075,45.294716880341916,45.499434317886745,45.78414247789253,46.00088389871004,46.20489672364677,46.41152849002854,46.84776188910808,46.95525143580699,47.2395473574045,47.67214292731535,47.9615298127798,48.18064040201136,48.2858200104293,48.44784844784833,48.54450519524035,48.55133118204529,48.51553102247533,48.6893918643917,48.75475213139675,48.8329655980296,48.87713382682119,48.85771997875646,48.880423038161034,48.85315957728732,48.76495448995428,48.738605910550106,48.7859411220822,48.85626055386671,49.00384403405221,49.08885753324514,49.07236568986554,48.996664492007476,48.91753526032359,48.89514565623047,48.8378023297004,48.81381516631506,48.818041655764745,48.83405540203773,48.81832238642569,48.68802961790235,48.58705586080571
77,52.348371998371995,50.17221967846969,49.622147605480926,47.15306140618642,47.09335266585267,46.13735246235252,45.78732847839998,45.58047542735052,45.16384762356991,45.07910409035413,44.5008856883857,44.769246879663534,44.42866965655425,43.93269485144482,43.38284188034186,43.54816563644686,43.707905384375934,43.900450809478556,43.98229575005887,44.04159747659749,44.03693892086751,44.25586057461061,44.25655668807849,44.3348131613757,44.574617826617846,45.03757298613074,45.31748575498579,45.37971557212628,45.5579172105034,46.009909951159905,46.1374550330195,46.00389273631457,45.79358619775288,45.700984282601915,45.5896794871795,45.54940137023478,45.72160525910532,45.96957444358769,46.278101160473035,46.34316201159965,46.29843726733986,46.392619241428925,46.57213502475146,46.66696567321578,46.812355854022606,46.92187881562889,47.06708221841204,47.22816750186548,47.45941396094463,47.51486691086697,47.67823495495072,47.86359635734642,47.912212891929954,48.02554417461833,48.272567062567134,48.48997770582598,48.469197120293686,48.54530370651067,48.44025742775748,48.24480472459643
78,46.825946275946244,50.45428113553113,49.24542802876135,47.55170558608059,47.48880443630445,46.36013600596932,47.10483167626023,47.73704212454217,48.19542124542129,48.01229802604805,47.88364922114923,48.379778863112186,48.394849488118695,48.36709837781263,48.11829805996471,47.85605349511599,47.45528651631586,47.00628306878303,46.62191911402437,46.77282407407409,47.01459241816395,47.09927410552426,46.750902036771784,46.55852793040312,46.85862962962986,47.160618992830734,47.505739459443355,47.88571555759074,48.26288524693715,48.405560303893836,48.51059382672305,48.57439601775561,48.641820216820406,48.676069423496074,48.55657712657731,48.51232278523966,48.55774634524654,48.601736981342434,48.79372645398305,48.68289835164853,48.49533972125452,48.40788139329827,48.456816191990825,48.489048451548676,48.48109053497966,48.58802390242632,48.491076299587206,48.53755447870057,48.73457125829597,48.771026556776775,48.952609989865095,49.212103663786515,49.506341047143074,49.51940035273378,49.60939477189489,49.69024589002277,49.78333145898946,49.992598557253835,50.21028728020263,50.29510624406467
79,53.911243386243356,51.01251017501016,52.59628612128613,51.367328042328026,52.43376678876685,52.94982193732199,53.76950694807844,53.897997430809944,54.17877266766154,54.549714082214024,54.4740231990231,55.16928122032279,55.94615267211413,56.0014081487295,54.97357142857137,54.096092478123715,53.26468433527259,52.643480644869534,52.092402748323785,52.02458282458284,51.86972353043784,51.56355426980424,51.341153049848664,50.99873851071771,51.030972120472114,51.37720425941579,51.88672745293112,52.12425740595384,52.519963896257046,52.78784272825943,52.93755957304344,52.898592509920654,52.814538702038774,52.86308970169275,52.76204212454223,52.623227004477094,52.45554084304092,52.44147762568831,52.380675698945005,52.097548967236484,51.75107110594913,51.485340959745685,51.32917329225466,51.12212729400225,51.03042870709534,50.926343764930756,50.81262751236156,50.8296112934134,50.941805067570364,50.95873076923074,50.94537575714038,50.88503754970094,50.732288091014425,50.59778288412543,50.610908350908296,50.65014880952374,50.54368283600733,50.53391243175721,50.49151731821221,50.45454034391536
80,51.41614265364262,49.94346509971506,50.193140347306986,47.896582468457424,47.15358262108256,46.7090616944783,48.31517530088953,49.056342211029715,48.65528252611588,49.16300417175417,48.85749111999112,48.83229929792429,48.7182445759369,48.18571319553467,47.818449667616385,48.001601292226326,47.95845543345547,47.71985229276901,47.40165531349746,47.26013914326415,46.95849782933121,46.7752786565287,46.67083112137462,46.52791747218832,46.93758424908425,47.46253639522873,47.496016106664236,47.45387849584277,47.69636155670634,47.875328822412165,48.015375589165956,47.926197471510015,48.04058472391808,48.21842604563194,48.28703849060987,48.399914219011414,48.62498171248165,48.848752088554605,49.064449688488054,49.03340112433854,49.06914850055081,49.0295947438803,49.02252475130373,49.03670449920439,49.017491181657746,48.95879275716216,48.86737556179031,48.78135662562729,48.78904089108155,48.62614010988995,48.67626469391164,48.72080182993633,48.698974819729415,48.56740661601759,48.63459309209296,48.72841562372799,48.65156382766017,48.6612325095082,48.5240856287465,48.45796754171736
81,72.42814407814407,69.2911172161172,67.18834452584457,64.48383572446076,63.33113349613354,61.34272232397235,59.7102833013548,59.01203194953197,57.66141975308645,56.24253459503462,54.828702316202346,54.18963971984807,53.65845308537617,52.88738589452876,52.230340862840876,51.72418758903132,50.908304304627784,50.401784583729,49.976069179358554,49.75765287952781,49.40083386631002,49.29743797868796,49.42025490612443,49.58204089506168,50.31322262922255,50.95178669265198,51.22069201374749,51.4108516483516,51.68810032560022,51.61761429928095,51.41224381950188,51.18279453474768,51.04527848694514,50.76730649524762,50.503107448107365,50.261632863021696,50.16282243782239,50.11899286142706,50.29541407073458,50.23542429792432,50.168688391554234,50.11178217725836,50.19687414222299,50.25997255059756,50.270188463799606,50.3261666976341,50.41553356021443,50.544653562101516,50.54307870889508,50.428049348799384,50.45270146520152,50.474114187094976,50.44625761205955,50.243988735886965,50.254487456987555,50.265953416623205,50.23255315996558,50.25091654035633,50.258027651883715,50.11382215778072
82,62.064092389092394,63.44943783068789,64.25801451634788,60.922800925925955,60.70049450549449,59.03771113146111,58.47589976161396,57.76163321632062,57.131500700945075,56.27985347985345,55.47544908794909,55.10760582010588,54.21152711248872,53.33835070352933,52.68450481617152,52.10076121794871,51.46115480380188,51.23465184506849,50.70007202836155,50.70139041514048,50.48701789832746,50.47364094239094,50.39608792978358,50.11220789241623,50.2166450956451,50.39164925174542,50.433572634498574,50.21528032153031,50.054875584185936,49.7357073327907,49.355006433232234,48.92507154304024,48.8336814420148,48.59475268739975,48.27292124542126,48.19776404151409,48.29856752356754,48.49362133967399,48.78780094549331,48.836719831094875,48.86313928844418,48.80771992557711,48.73272993156722,48.583503071003136,48.51402365124592,48.576280613508956,48.434958737086475,48.445034277065645,48.545147973719494,48.53414133089138,48.61391851612449,48.856606321029446,48.977023195183605,49.047393218921066,49.07772597772604,49.05770302779235,48.8965969053689,48.90727004477013,48.9050077433553,48.80692511192515
83,45.77988909238909,49.00079619454618,51.88755596255596,49.425903032153,50.276738909238894,49.2960181793515,48.93058753415895,49.402468711843724,49.68433726767059,49.62814662189658,49.204114866614816,49.30551612739108,49.02992000876614,48.69020945985229,48.035609143942466,47.83378135175007,47.81457480428068,47.864113304391054,47.72708293168819,47.83428037240537,47.865133874062465,48.21581844081851,48.61470731362041,48.92099189390862,49.27331176231186,49.7908544269122,50.169193084007965,50.36101553869417,50.66943707633368,50.719014041514114,50.52232512111553,50.264322757682166,49.96198677865344,49.84821697909935,49.52092156520726,49.348562497173596,49.62984852984854,49.9745689008847,50.32271518842035,50.32350910663415,50.42473582199195,50.275609047037726,50.109693471902865,49.90602256539768,49.838969271469416,49.81704834014631,49.7627762407019,49.70929285799089,49.61783772727662,49.48896082621094,49.45271702698184,49.3946497057075,49.37706255135512,49.28586662822782,49.354805934806016,49.3832306747486,49.3401014109348,49.41513471362611,49.367568448500705,49.359929538054544
84,58.53120675620678,57.25859025234029,54.07579873829877,49.90956450956456,47.791331908831964,47.278294159544174,48.478913018198725,48.96105896418393,48.99062711979374,48.818040801790744,48.05289432789434,48.66723816307155,49.29320074512384,49.22209176405604,48.31407814407809,47.84419229497342,47.434454080777535,46.9512328720661,46.63219399995703,46.84021978021968,46.87691508227211,47.30414238539225,47.36047406699568,47.27508691154514,47.58307956857946,47.77931303027446,47.878481737740884,47.88712134426407,47.94606876201689,48.08470984262639,48.15430665511301,48.143999605718285,48.35830897497556,48.38537297397577,48.30460927960915,48.2468408006601,48.2993794618793,48.49709731058399,48.906837737286246,49.1423326210824,49.187583013192516,49.201089816268116,49.226432310153,49.17943688256163,49.12816148871682,49.15740652262371,49.35264799227542,49.61331495472098,49.749365930743245,49.88772690272668,50.037122028298285,50.19914461428863,50.40044203699839,50.384191049005665,50.39165399415378,50.330121936594935,50.31057638754989,50.23218890783527,50.00303499858559,49.84527752340229
85,51.818808506308486,51.84840761090764,51.265928978429024,48.20141178266179,48.0225,47.343929758513134,48.127667306238806,48.087414784289834,47.6465320173654,47.33785765160769,46.793062955563016,46.771766890516965,46.77707452803613,46.98338638874358,46.83534086284092,46.88332888176644,46.784527699968855,46.553217846967804,46.13864120772012,46.39889448514442,46.611637304494415,46.84406958781956,46.88703305551133,46.94105553011801,47.221837199837154,47.58920940170935,47.60971411989926,48.00671659689515,48.32917315762146,48.626011396011414,48.6150864219413,48.661798719220606,48.63389203389201,48.723815359477065,48.70383932205357,48.630562197576026,48.770857120857066,48.97756664631664,49.22164707324963,49.26738858363853,49.34248910529396,49.291214120976,49.25055583950928,49.07076869889366,48.94794679600227,49.00341592787239,49.02222914988868,49.12235439136482,49.09025659714437,49.026304029303994,49.05409045384528,49.1934774271312,49.15903320125016,49.0212841428119,48.99430042180043,48.904678687714394,48.84532029860975,48.87169627945487,48.79292923021732,48.71539835164831
86,52.374750712250695,54.918828856328865,55.78835470085472,55.380008648758626,56.27328551078548,55.68551587301589,55.04522719344147,54.26382020757019,52.635649843983124,51.79609381359378,51.27386132386131,51.456790971374296,51.19584976988825,50.249632246060855,49.682334147334245,49.65690819597083,49.3766369795783,48.98516879211344,48.397212850502505,47.95734839234856,47.749997819640825,47.886380517630656,47.55394193165949,47.26646168260767,47.12011884411898,47.33974848157554,47.333540413633116,47.493486721611816,47.73359788359798,47.85082468457476,47.609745526277884,47.4808174030831,47.221060883561,47.01195294357067,46.86523417059137,46.955230237869166,47.30939703439707,47.71595267549223,48.0338829143317,47.95257033475785,47.73187408797167,47.57300485008822,47.42117549762902,47.251652976653055,47.106892325781374,47.06954564155666,47.064205613141894,47.25555481362783,47.24551583148534,47.26139794464809,47.28429497155002,47.33355581384438,47.30868965067093,47.22152061758557,47.21316868316881,47.273312492732266,47.28720206856185,47.282641783503955,47.200826159088976,47.044000050875106
87,60.54792938542941,59.92771164021163,57.24566035816037,54.31000585063093,52.6341015466016,51.623395740062435,51.65111343682774,51.094885149572704,50.23430787319684,49.338546499796614,48.62367771117781,48.65176112467788,48.13281010300249,47.38351066922505,46.93432234432243,46.66872201872211,46.506300126888505,46.57039156830844,46.38794984255527,46.29347476597492,45.99477682811029,46.00021113146127,46.084476473607026,46.1206308930268,46.49522446072452,46.71097335712726,46.79453488897934,46.74590928251648,46.68125289461503,46.7021028354362,46.682393786022814,46.656730133292704,46.700022200022275,46.69564374895264,46.33807299843017,46.20422277054222,46.159408859408764,46.264332171239914,46.51542140195979,46.42901594932842,46.10462578297942,45.877289498420424,45.81716855495926,45.86396809209312,45.869671460227025,45.90417120118204,45.910938352427685,46.033500373083676,46.09061614877941,45.982462962962956,46.057280419290244,46.06363539416429,46.010151492462846,45.914618663229774,46.03360093610096,46.1417732317286,46.09316516005117,46.148176480288576,46.201615843353146,46.147513821055455
88,49.80323056573058,56.28043345543344,54.281964794464784,52.705580993080964,51.92850529100522,51.72725122100116,50.878826530612194,50.60744747150995,49.79307760141091,49.601771978021915,48.941189828689794,49.33245404287067,49.086243777589864,48.58667764114187,47.771725681725606,47.56412895553513,47.107064449711416,46.89498513317945,46.52528864897272,46.486220746845625,46.351102050506704,46.65751424501416,46.766809116809064,46.99340680538591,47.29455596255588,47.74952901443276,47.86231684981676,47.829917073667,47.836932480035856,47.785426841676795,47.599572813685654,47.38428199404761,47.25223881057214,47.19857714453303,47.01232193732193,46.8675476529643,46.950082225082234,47.07957634470796,47.254514704194214,47.07796092796089,46.89297142559334,46.67232954435335,46.616075806192065,46.46380159192653,46.415631302853484,46.501917878819995,46.358640748534306,46.41798729819563,46.499667027983385,46.5188185795686,46.59079311211667,46.66891925738082,46.73692232819594,46.75334249084248,46.932052762052756,47.07653215666609,47.15638722875562,47.32890027437438,47.388745403999565,47.41942841880337
89,42.26655474155477,48.92602767602768,50.507015669515695,47.39895960520964,47.466381766381794,46.780913376746746,47.453133903133946,47.19069113756613,46.93596413874188,46.487763024012985,45.98596819846817,46.21383631800293,46.16117568329101,45.88807706843417,45.58322479989145,45.63116001475378,45.51766441619378,45.22487959571286,44.845028168712346,45.02136574074072,44.82739960656627,44.774857318607346,44.68805829838436,44.5309301231176,44.96657305657305,45.485715264080646,45.64997173608285,45.5884749840107,45.773072011003045,45.95277319902319,46.18532205548336,46.23348500457879,46.35106220939558,46.21439105556761,46.09359526716665,46.127980571383254,46.39218490468483,46.64899093353034,46.92503574298441,46.87072624135122,46.80752652947773,46.698950883772255,46.574802652128255,46.596955706330775,46.70442759914994,46.79452031462914,46.98634427038698,47.06925027133376,47.04941348334223,46.92260063085081,46.91691306152106,46.928874624307454,47.04678152909302,47.05643908560596,47.195397935398184,47.229737920809576,47.24033472213317,47.295831491305826,47.277744234735984,47.28568426943446
90,50.71122303622303,52.799778693528715,53.448187152353825,50.82596662596664,49.24257529507532,48.847256138922845,48.71736656200947,49.76161604599113,49.6612117306563,49.36411935286948,49.08355255855263,50.14654770383947,51.16716759024465,50.37613560381428,49.888168837335606,49.873244174806736,49.28283415930479,48.99644185546969,48.85852398089252,48.849290038665195,48.68013862240065,48.67204254079267,48.807718408805485,48.62872468966225,48.98676577126584,49.25842471275173,49.38018454453651,49.48337366998097,49.90095504750692,49.931911884411996,49.59714673021143,49.36150618767823,49.30676453176474,49.27418674734866,49.1847105936393,49.37184433365005,49.732587945088135,50.05148996958226,50.386993336673065,50.425224613349805,50.28056970130166,50.0624901883833,49.94048163292379,49.6970177970181,49.60523560801368,49.69067062164916,49.694692974480496,49.70168216235953,49.652381263861145,49.48368498168519,49.46333933858466,49.539608477349056,49.485113768132805,49.44277800388929,49.52597115847131,49.40532725376491,49.309043888210745,49.35624956142215,49.31905279278177,49.216742300909054
91,56.602523402523374,54.38559981684978,54.228764753764736,52.19986772486769,50.807276149776115,49.341092626509294,49.19766846909708,50.95710788054544,51.4201595215484,51.912683150183135,52.06711390461386,53.311236602903215,53.837647537647456,53.22086422175698,52.67801349884681,52.249464540089534,51.80917905623788,51.49580167774619,51.11906207827266,51.00462861212868,50.807020030234426,50.83110708735718,50.84347980924073,50.671258351987575,50.91734004884012,51.32288770702234,51.119075882964715,50.96284831240185,50.83534342413653,50.7043861077194,50.729348832171375,50.53381680530112,50.407567586734174,50.40735683162144,50.3579157218442,50.366256133269935,50.23153675653669,50.283007465244246,50.31755671915922,50.24343559218559,50.19555674677627,50.28157826520919,50.358678100538576,50.33252465127467,50.40512074345408,50.48064768363682,50.65165181548158,50.90757900471444,51.074105222064446,51.09779161579164,51.067575933507335,51.1859136767791,51.28161097288461,51.07038732872074,50.95945212195217,50.91754099075531,50.8431622146535,50.81143504484029,50.72789608382839,50.545089285714496
92,49.64760378510379,50.65609737484737,49.710495522995515,47.42748143060638,46.37224460724456,46.439936067019325,46.767684894470506,46.55149763431007,46.353941120607736,45.94185083435074,45.817637917637846,46.10956959706957,46.02107714223096,45.570634920634895,45.58545855379187,45.57185719373216,45.51395801910508,45.34818065165283,45.24244639376219,45.45249847374846,45.70167354691171,45.79887519887523,45.71004428341386,45.8998005274047,46.4259831094831,46.87280474155471,47.19378174980019,47.419885785510736,47.610532012687145,47.61069749694746,47.45746140060648,47.243553972069506,47.28525240191899,47.150956450956386,46.84425940461648,46.862634112286834,46.8522455147455,47.0285795953559,47.23659559813404,47.25345963064713,47.310294008159914,47.41925741806706,47.521227674134785,47.522600663225816,47.51574650657997,47.53670413724771,47.61093564630809,47.78971295872349,47.864366906713926,47.9562521367522,48.046331609566934,48.20953026674183,48.30252522634602,48.378254684273244,48.499954952455035,48.580635411215844,48.55133426515013,48.51177520595634,48.3488366859131,48.22028685049529
93,51.626103988603994,47.46820818070818,46.34450210283541,45.746808862433866,46.1884442409442,45.50811033102697,46.81207337635907,46.89576910358159,46.84434721656941,46.35981430606427,46.36854441854437,46.53893255664081,46.843871904448726,46.57268591197152,46.45172330755656,46.815079365079285,47.181903445138694,47.8086903066069,47.95706734785678,48.35710673585674,48.644748483439,48.81575253450259,48.85709353046313,48.80298869725957,49.38226109076113,49.776424110078004,49.898881125733055,49.985182641432694,50.20509048741809,50.228293481210144,50.26041625638399,50.379319768772895,50.13076599326598,49.860251322751346,49.63793970579688,49.457264250667116,49.476792039292114,49.43688360859419,49.48950865136769,49.32364036426546,49.167957900275056,49.08780888423756,49.10519197641303,49.17053721741235,49.14955241260808,49.090703801029996,49.10747917370267,49.18486912393179,49.23668984077158,49.20915008140017,49.168411680911774,49.19767677123457,49.16862391626554,49.0119117336711,48.96963998964011,48.943531600674575,48.835795239523414,48.741918761315404,48.735053513655295,48.58094169719178
94,64.69868233618233,63.403373015873015,61.80932370099039,58.605928215303294,55.70079466829469,54.48257275132279,54.37449270306423,53.432518060643126,51.7709226473115,51.103287545787495,50.255369630369586,49.904520672228955,49.34759439278665,48.71569095586946,48.12250135666796,47.77560032560022,47.344566245301486,46.916339653145144,46.60254616241457,46.756076516076554,46.70900730662631,46.746070133570086,46.525368291129126,46.39539178028759,46.71267399267394,47.0080865893365,46.940584347065716,46.8300706073026,46.83291492989755,46.87183099308087,46.67507417910631,46.55059825880127,46.50612242695571,46.62125918743562,46.59349700563982,46.620905547641655,46.85332489082496,47.099803729409075,47.492150762343144,47.65673852767611,47.6375402036988,47.62003435277251,47.624274616425815,47.56269690957193,47.60820750237423,47.540299454973365,47.46224789788617,47.39108912884953,47.528336053591126,47.498810846560836,47.482810218104305,47.464064309977786,47.567636460325176,47.521970767572626,47.535469530469506,47.40097162262336,47.34716536712143,47.333157989838995,47.36492527403542,47.29464285714285
95,50.72498982498983,47.47483465608467,48.04202957536291,45.87033602971104,45.75929894179892,45.63441781983445,46.61811587883014,47.725192053317,48.949586781531245,48.523146113146126,48.268425093425115,47.76202219848061,47.82212829905145,47.31150939008091,47.12264584181258,47.09161070411076,47.229899566664386,47.29564311717093,47.191868828053074,47.263857091982096,47.16847321549701,46.91603928478923,46.78583019235188,46.74209338115587,47.02906227106222,47.511338092107295,47.53898178296324,47.54583424181642,47.62257027774273,47.54307149640486,47.58016480234231,47.585348939255276,47.64306511389854,47.725345351815946,47.673327228327324,47.570889719848175,47.66402116402128,47.666663319623986,47.71767764524182,47.53914250101761,47.28340381389173,47.155701639630344,47.13028485295942,46.986797346172466,46.877562972007574,46.71635975739248,46.68596314048448,46.631801040394876,46.54520632428805,46.55310276760286,46.50911561205687,46.46569632290792,46.49051401079706,46.36469469316692,46.344975764975786,46.306891479882594,46.195014959050084,46.15284488021563,46.0542263370654,45.9984687457605
96,53.06806573056575,52.25142704517709,52.47220695970695,49.99155474155475,49.457319902319874,49.63142806267807,50.186928019070905,50.062829415954425,49.174837199837185,48.97959859584858,48.656447718947646,49.290309574684485,48.84653227826301,48.22637253619391,47.62628646045309,47.36817765567761,46.80146430367013,46.472472075249755,46.09279100529093,46.222930148555065,46.12055473186419,46.000395669145625,45.85068703438264,45.673348044702166,46.100267602767545,46.56023664725583,47.110601230045646,47.52258107302751,47.856465868103825,48.08718813593819,48.098133049746004,48.19286429716122,48.23635238218581,48.389146406425894,48.3757096342812,48.623018275449,48.83777513777534,49.10066673093011,49.436697087338274,49.40105285917797,49.19803597486537,49.02067356144752,48.99103972040031,48.792983521108596,48.61393004115232,48.405617822194,48.31412832636246,48.398626903574886,48.42220841327988,48.340406186406234,48.258446056485305,48.30749330797411,48.42853351225993,48.35888598712673,48.356780904280896,48.383282458282444,48.29057178201912,48.19977211485829,48.22206770003376,48.076089658797926
97,43.31312576312575,44.569899776149796,44.45396316646316,44.14897868335366,44.7556125356125,44.55918888210554,45.15732019303448,45.639638659951174,45.58215811965814,45.37163308913313,45.22537693787699,45.895246574413314,45.8406053348362,45.59597542008265,45.17120641703981,44.9264559803623,44.61299288946349,44.44472510514177,44.32467921941607,44.30985246235245,44.28406448049302,44.54943574943569,44.66575379129725,44.78802125729207,45.08898656898656,45.3145326539557,45.41136416738263,45.64467592592588,45.961400397176206,46.17986161986154,46.35136427192874,46.473316194800525,46.65829417496079,46.732788521391406,46.59145967788814,46.555156045086555,46.5844517594517,46.85286292654707,47.045440943197256,46.97804805148543,46.829509390789774,46.730684560148745,46.71773504273498,46.603116906241866,46.46984805318137,46.450592251950916,46.38707156712469,46.471286439255096,46.545025250637416,46.37256562881558,46.31648042407842,46.411820818070794,46.52957088334443,46.56086549767099,46.6309834609834,46.619920762108215,46.50217673814163,46.45176001361342,46.360602964204624,46.244810236060225
98,48.44903846153848,48.948834961334946,49.98576516076517,47.642704517704544,46.78121693121695,46.96991079907746,48.313325629397035,50.2114030067155,50.652992018269806,50.73093813593815,50.00379574129576,49.73029524487853,49.40183541529692,49.06346299203438,48.2207865282865,48.00786750864879,47.52615576144988,47.191706801429014,46.97418599918595,46.89042862230352,46.62225662344702,46.58108396233389,46.82574454530972,46.9853486212861,47.33526841676841,47.65628600388217,47.77547502223433,48.04967548985409,48.3013587147208,48.45591117216121,48.5317893575958,48.4865638990639,48.46713564213574,48.48548489908793,48.34197816733542,48.10185905915083,48.22287177287189,48.09719758798714,48.20071825135936,48.17669897232399,48.070543469628795,47.843878277806795,47.75384402419279,47.64549593924587,47.600408470130624,47.491086359292865,47.49438350262815,47.59763801977338,47.603564160707016,47.537175925925965,47.55639070442995,47.52637118045772,47.4637422151573,47.331323957249886,47.31819846819846,47.327696559392976,47.23467090089889,47.27748998287785,47.30024601105105,47.16568070818065
99,57.066315628815616,55.24307336182341,55.63782390449055,52.78841320716322,51.35461436711433,50.3223689119522,50.77158555729981,51.74470835877077,51.214978745534246,50.74637210012205,50.456496743996745,51.242578601953596,51.28589900128363,50.76148685970113,50.00618742368738,49.66170094373205,49.140803586391655,48.98744092841299,48.540075348627816,48.491500050874826,48.37464460143011,48.433075489325276,48.253285864698725,48.17605099375913,48.35243019942994,48.52560423906553,48.60696385233392,48.71932615995087,48.722691500708464,48.495831298331034,48.3230102931713,48.11774442282227,48.07299737299705,47.899512198041265,47.732430955287754,47.597888120109914,47.692390329889925,48.003594456225684,48.418109430929626,48.54333994708965,48.7286151066636,48.84933535379935,49.04220890005742,49.172713513338174,49.30262063039809,49.41162693988747,49.44616867568961,49.66882154303993,49.65313099598776,49.53739977614937,49.46118931903204,49.40865198725731,49.476288098693324,49.43273281930649,49.48269610019569,49.60826546964899,49.61182139822452,49.70836850729056,49.74096433227753,49.7287823904487
