,0,1,2,3,4,5,6,7,8,9,10,11,12,13,14,15,16,17,18,19,20,21,22,23,24,25,26,27,28,29,30,31,32,33,34,35,36,37,38,39,40,41,42,43,44,45,46,47,48,49,50,51,52,53,54,55,56,57,58,59
0,60.141575091575085,59.402103683353694,59.78465099715102,58.82287723850227,58.27305352055355,58.25370031203368,58.760403221117485,59.935982651607596,61.725496314385204,62.02942155067149,63.28193380693374,64.22792022792017,65.22414960395723,65.61262864119999,65.9597914122913,66.06310000763108,66.31651374224887,66.82496269162922,66.88522615298915,66.94250661375644,66.87951988487683,66.73203208828195,66.9119593972854,66.837526921381,66.89113675213673,67.04990607682912,67.0007989267248,66.96367303331589,67.1245561590389,67.2171723646724,67.06526842333294,66.9247581845238,66.7954241745908,66.72305507673147,66.63067925460776,66.64138035318587,66.81732996732991,66.93119577790632,66.79376402325126,66.90772563085072,66.8500728381827,66.6751463263369,66.62738367360467,66.75355431605438,66.83311117894458,66.9179230592275,66.85833051896888,67.01795952889701,67.20612483699216,67.35340160765166,67.19033423910886,67.153445414984,66.94840741892641,67.04424753915504,67.06481213231216,66.97006284885758,66.85384508279257,66.84075740670569,66.79325043286917,66.77836784357625
1,65.40933557183557,63.69403744403743,61.580560643060636,59.482083078958084,58.469925722425735,60.43341473341477,62.13952046630626,62.11171843203097,63.29467960023519,63.463931115181175,64.42976837976848,64.98973087098089,65.49805031151188,65.37661019536027,65.31379867046542,65.14569310897443,64.73231433599082,64.64661765703431,64.45393719341087,64.32603581603577,64.46092335794715,64.0950602638102,63.917525127851185,63.71373393196308,63.569376882376964,63.33072696534237,63.06080755664096,62.884440047386505,62.960899716503256,63.07333672500346,63.017979407092355,63.08460187093007,62.858636579469895,62.827519811343336,62.80686958544099,62.67737360376248,62.88978291478295,62.96672410192152,62.99708368554522,63.0409896469272,63.0289161380625,62.907767772351114,62.97941583610188,63.011073995449024,63.04540767874105,63.19355258268307,63.19747778816925,63.48917029151406,63.689245844858014,63.78695105820095,63.55911461450667,63.56856528443058,63.484181410832214,63.497320203801536,63.64167471417455,63.68123010422108,63.59410313533117,63.42214143614998,63.213983826907466,63.06774996608315
2,78.74671855921855,76.76251526251527,74.12907848324514,71.57973646723646,70.04427350427348,69.19043040293037,69.67683004825855,70.19828741859989,71.31849873377644,70.94362637362634,70.65455146705143,71.10851945122782,70.88968880122738,71.06346698936,71.21436168769515,71.3476028311967,71.4090814958463,71.18142269253391,70.54097182057721,70.35020782458291,70.11106241641966,69.63455410330418,69.26440980517073,68.70199281813865,68.48075437525445,68.31618022291109,67.84580657682515,67.4372590702948,67.50150976099255,67.23684981684988,66.96413440203767,66.92721322369762,66.50854361687693,66.3109140451052,66.09785641607071,65.7749696162891,65.95510840510846,66.0727021881628,66.04987568224762,66.22696555759069,66.23360470829999,66.13550727270983,66.1401864393145,66.28373004310517,66.28618618007518,66.19897884925072,65.96694474752991,65.94958028083029,65.87275142657799,65.7521969881969,65.48400528302487,65.47288076062107,65.45558684851133,65.58222915630317,65.61329300329292,65.59085393772895,65.54626987697162,65.54858874363188,65.57923470126867,65.53193223443235
3,72.50862840862843,72.46595950345952,70.2422025505359,67.28294541107041,64.21133394383399,63.27755223171892,63.30421100063965,63.68875534188043,64.53929815040937,64.66340150590153,65.38373247123243,66.06448836657164,66.42088459973064,66.38666928309775,66.35357549857537,66.24762763278382,65.82197532859284,65.47458706417027,65.15353635156254,65.17995014244997,64.99341701067875,64.55835460835449,64.36879412857657,64.00370327974468,63.82462433862407,63.65183639366305,63.80027830537063,63.962001242804575,64.07679974878235,63.84726885768543,63.625827293972435,63.52126338649771,63.30769986186645,63.07117524360163,62.98816806209654,62.900338460407774,63.1488705738704,63.537997236681235,63.693685493044285,63.87014168701648,63.92829794415133,63.80099593968613,63.70247572195217,63.69708936896411,63.711421561976856,63.74602710091812,63.71068722451668,63.90934352106187,64.2007391418102,64.38793203093167,64.45617722872576,64.59715862840824,64.68476570599172,65.02419315937793,65.22102092352051,65.35059342112875,65.46243118479923,65.49245093189018,65.30515804032717,65.25145884208352
4,69.85488400488404,68.67965252340254,67.64674908424904,64.1438644688644,62.51879120879114,64.5799306403473,65.87824074074071,65.87358312983314,66.2246676163343,66.0789763939764,65.92187765937771,65.49581807081807,65.30154425346737,64.93100652654235,64.75268789852126,64.82863057081809,64.61061522899762,64.55943562610231,64.50707511299615,64.54074964387463,64.5275275209799,64.12315601065603,63.70967355913006,63.39381232193722,63.054647130647076,62.773116644751205,62.78207219734993,62.5481661361125,62.652345339845226,62.67404066612392,62.75822961387471,62.7320406300875,62.5991044449378,62.58020077689192,62.77729155764862,62.825854135576286,62.99331556831547,63.360193619732975,63.59669077361371,63.974971637159,63.95016019436738,63.84273019749202,63.87722998362519,63.904190601065444,63.86384468412232,63.91220260214806,63.90711817733067,64.14149994488508,64.42340169278908,64.6300308302805,64.48649357178728,64.44367486146288,64.42016274256797,64.6340558532684,64.69269323269283,64.68591796761402,64.63069693464386,64.72778233898885,64.75970989148921,64.64231829127631
5,64.70794159544158,63.055817562067546,63.64830755664086,61.46068248880749,60.50473341473347,61.40857329398998,61.429268416768416,61.24939140720383,62.146604938271516,62.3338237688237,62.48474395974391,62.40257173382163,62.53783264456332,62.50073151055291,62.916506579839904,63.22864646927148,63.371141875553604,63.66005064893951,63.79919188998132,63.7710989010989,63.65876867841153,63.23174603174601,63.03330878059141,62.68832057217478,62.505128612128644,62.471941822422636,62.254955229955215,62.1599331719867,62.62735183080021,62.61409883326559,62.50576036866357,62.57633117750304,62.504947829947795,62.4226031865738,62.441061253561266,62.34124171867229,62.50073150073148,62.72975253304201,62.730534944637505,62.808153871591436,62.767275926422336,62.570462914510685,62.50713445684396,62.56736168923692,62.6072521819746,62.65078347578365,62.544967699755176,62.62970890991752,62.69010314137891,62.801047212047465,62.715159767611034,62.78115832707204,62.823526351356726,62.91621727038418,63.005592925593206,63.074595179952496,63.01348376282599,62.98662328252859,62.98219571545858,62.86222383326568
6,65.48756105006106,66.45796703296706,63.738780355447105,60.18041692104202,57.32818681318684,57.21308506308512,58.41037633001927,59.154838853276445,60.962901912902,62.22405881155894,62.56524031524044,62.91785035951718,63.48579568579584,63.14884731670456,63.29398249898259,63.144545240639054,62.90715063803296,62.806506071089366,62.731980056980014,62.86719296906795,63.062564926255384,62.527735458985454,62.41117592150198,62.26229904354899,62.153684371184326,61.91368773676467,61.878839935784285,61.905338791499425,62.00589273434088,62.204393908560526,62.17657696246406,62.17085177553932,62.07380536130543,61.9089885740621,61.73594118844116,61.577078811106546,61.772801097800986,61.9375769819848,62.08081019170758,62.42564128001618,62.49612270069578,62.42886274880308,62.23909534694405,62.25790147352636,62.16284674173554,62.31486834421605,62.34083080040518,62.56698580162109,62.7039059579875,62.75366625966618,62.565704230410056,62.608805395103396,62.727748116663115,63.03024389876227,63.322859917859795,63.307180650037665,63.17541574734543,63.17864458338586,63.13516302435783,63.00158000949657
7,62.717002442002425,61.38167480667482,60.394327431827456,59.00503790191293,57.30799348799354,58.47343474426809,58.969027269027386,59.498878205128314,60.42247885859007,61.13830382580393,61.19705479705487,61.36153125423966,61.559385272846846,61.24456436420727,61.58087437254101,61.51974969474962,61.743259055759,61.88890697779579,61.79485733564671,62.1186515567764,62.239803670755904,61.94755106005096,61.78216453433833,61.761440951024056,61.84005901505877,61.84069436617486,61.799004167985395,61.72025771847178,61.923577428318616,62.023235653235474,62.030188762849924,62.059894561456936,62.14044304460954,61.96666172879389,61.941404732833014,61.90658054651076,62.230738155737775,62.3997400017133,62.36773191196226,62.585484457671555,62.66799053475842,62.67717539294878,62.791973336740426,63.04547316109785,62.9530737575179,63.06774566013665,62.93288184431776,62.96922748355022,62.9483502986052,62.88255586080564,62.71769364440913,62.68487377117172,62.575766389445555,62.58590827039897,62.652961020461,62.73445367463211,62.82288092024913,62.789533072291576,62.75295739257589,62.685764058472195
8,64.0113247863248,61.626025132275196,61.64337776421116,60.02927477614982,59.91639092389097,60.89517110975445,62.43590761090765,63.28890796703303,65.43785329896448,66.47899623524633,67.45502506752521,67.971489197531,68.04832660217289,67.81583703994433,68.13472764889448,67.55879884004904,67.23528603749212,67.15312061909302,66.74029839556172,66.75141483516498,66.63579665484443,65.97757312132325,65.59630425934787,65.36996803350979,65.2677185592186,65.16632952161805,64.85719561645492,64.49539162887385,64.58896397344667,64.3762323633156,64.30413236703544,64.31450797466404,63.99873259456575,64.02972419737104,63.87873451944861,63.82622297969493,63.94722015971986,64.08889611850108,63.93562271062246,63.96770184676411,63.9620650803575,63.60935216679243,63.47349220546874,63.562283549783345,63.54986003708206,63.499338071348774,63.26720237012772,63.255864197530684,63.38138045816596,63.39228866503841,63.29247059222521,63.32291353589403,63.337339023659425,63.4724407023015,63.493290505790235,63.512538701377736,63.457535309070124,63.35952266922073,63.260551399322416,63.09070818070796
9,67.74080687830686,67.83533526658528,66.37551553384891,63.86730006105018,61.61019637769646,62.32593949260625,62.99695694517131,63.053297339234916,64.09427486094155,64.48372863247867,64.92506243756245,65.5024046940714,65.84408753639529,66.05780423280427,65.71958621625292,65.33817791005296,65.08044392970864,64.90708406819522,64.84027081592872,65.06505291005291,65.17138399519352,64.67583735708743,64.20474354550443,64.02252959232133,63.92271774521782,64.01450760777685,63.94123762040434,63.78362422960639,63.72038019451806,63.465478395061716,63.37789019522895,63.32513179817874,63.1214811423146,63.03974897651378,62.81008270829706,62.671748660290376,62.801463413963475,62.98805493969969,62.956983057303596,63.22520655270659,63.23052391375567,63.08169721592348,63.11493525853996,63.17129722129727,63.2001075159409,63.141412954999964,63.00227270759189,63.06694722137443,63.09991891139855,63.062001017501046,62.89716426456614,62.882861075889835,62.867759808325765,62.881944538657486,62.93439736189745,62.94529478458055,62.93127209048265,62.979962685781665,63.02732007477766,63.052597001763665
10,67.49607753357756,66.7486975986976,64.05368844118847,61.96187805250311,60.39911579161584,61.17638125763127,62.78678338856921,63.34509564509579,63.86536652647773,63.33012210012216,63.564815277315304,64.39607456586621,64.84706294417828,64.67512791441354,64.74161138244463,64.41942504833123,64.1681626924273,64.20435773074651,63.991967364993535,64.05102589540076,63.98948340019756,63.49233174233166,63.15317017925701,62.95318732193723,62.85809381359376,62.863838992204315,62.65969113191329,62.56415362084996,62.73329736993528,62.63975800434136,62.48313442829573,62.46353228657917,62.241520516520524,62.11887943211478,62.08084147334154,62.029172178130594,62.203858803858864,62.55263144506572,62.737463735220224,63.06496387871395,63.075958188153415,62.88430310870794,62.95541050250356,63.05927290302289,63.01090071451182,63.07133965068743,62.956798746958256,63.056169765805045,63.07394678262013,63.075554639804515,62.92452526594671,62.79082546726768,62.83266811804532,63.07236759296932,63.213686128686,63.38860653235642,63.512410924033546,63.63938044713898,63.80890528962557,63.77178028761359
11,68.58365893365894,65.10663156288155,63.89414258580921,61.502986365486315,59.73494098494095,61.09977699769369,62.778260363974674,64.39873702686204,66.39104542576763,67.52219881969879,68.7436207311207,69.11870294057798,68.81133300460222,68.3206454590383,68.0387162528829,67.34355222323967,67.03209856592206,66.78421714602261,66.4555341344814,66.58347044159535,66.30962943581976,65.83635392385379,65.50011037674068,65.16897681793499,64.93988726088709,64.75114644970398,64.44551790801772,64.09710539130157,64.13942237519797,64.27708689458663,64.24425062691168,64.1596762756917,63.92248970165618,63.763548624577886,63.56662058840616,63.394728214172495,63.40490064240051,63.52161145384808,63.60997098817592,63.738360297110184,63.76006680762767,63.539444880516236,63.63798272141288,63.684434893809865,63.64020485687154,63.59722520836649,63.56000885442385,63.71420632800856,63.88607695214853,63.937599613349654,63.79286751737727,63.89593263751914,63.901968768478255,63.93656022475475,64.05673835423852,64.0508137282693,64.02248489814308,63.9361307594069,63.87782744562434,63.84489519739557
12,63.973539886039916,66.01885175010177,66.02620743454082,63.27040979853483,61.76783679283682,62.30917361959031,63.00069989534276,63.51854204822951,64.64482826843938,64.49908781033777,64.83320383320378,65.13398411002572,65.50464176137251,65.39692314960168,65.13267568850897,65.26342497201871,64.89283679283676,64.77734873151546,64.53803204592687,64.68375508750518,64.90053636839356,64.61275229400233,64.16568389340134,63.70538660799074,63.35152787952778,63.167145283491365,63.101813789776685,63.01482535321815,63.11591968057482,63.184503798670384,63.15007778959383,63.096126818783006,63.00121298454622,62.848136925710364,62.79084685156109,62.61136096413869,62.711069311069274,62.91569816635604,62.926370756499004,63.05123079466834,62.876158462134185,62.63060170649466,62.548537519758504,62.58419705294716,62.463446275946346,62.54123002601268,62.413623256176514,62.56826329534671,62.57090580432426,62.60338308913319,62.430836665150515,62.393560783945446,62.3436133572926,62.436692311460824,62.49750536500536,62.657271589191204,62.57355006105002,62.55459094704787,62.50378656967641,62.419731549314896
13,66.20758038258039,63.6728810541311,60.203305182471865,58.61463293650789,56.76605514855506,58.23972154388814,59.263116314902064,59.238436736874256,61.03818907430027,60.96461487586497,61.17025890775902,61.192980514855584,61.355743010550775,61.510555119483826,61.43555148555158,61.631180364774195,61.48179002370183,61.42942612942617,61.38258921877344,61.690445665445644,62.15383767467102,61.74627386502386,61.51362632938716,61.49358719983711,61.37100915750909,61.069169327823104,61.00827868976016,60.93064767573701,61.04567526981322,61.0010407339574,60.96559484422387,61.06986909213474,60.92249956833295,60.86185373722142,60.80889150532014,60.84146881924668,61.103065703065795,61.34193027975929,61.46884359704877,61.72502645502653,61.71758986271186,61.64129116033877,61.55857800683382,61.66051275113775,61.529622167955495,61.636553392259934,61.61910899384303,61.80721185643051,62.02192143646227,62.25901495726502,62.33555956570667,62.55145052596973,62.65126189324304,62.879123611299526,63.17758926258919,63.44411557357977,63.548324872008976,63.61539636927568,63.778070179977014,63.88810795685802
14,64.82214590964591,64.5126017501018,64.99418837335504,62.57450651200661,60.765321530321614,60.5488680301181,61.628005261933865,62.135646876271906,63.28301338579123,63.83147588522597,64.27332389832402,64.86818571089414,65.17391714410954,64.76696646607368,65.3976231176232,65.64261230667485,65.72746354952243,66.1367835097002,66.23137732150892,66.09135709198209,66.02981641374495,65.66496928996924,65.22265532374216,65.11185558268889,64.97194586894582,64.71813225947835,64.41564030962174,64.0790947148089,64.12439704293143,64.10160018993346,64.03357261018544,64.07601289046595,63.92898367065028,63.584627055950456,63.160717047502594,62.90183560009932,62.84688685938668,62.92105865625585,63.02477628022488,63.23907814407801,63.16007177104718,63.09243088260925,63.16498376730917,63.28366575554059,63.24831637498287,63.386928540460964,63.20083868062579,63.43534173195623,63.70228979259582,63.77384635734623,63.60835857134857,63.60559694045252,63.591046279017796,63.77243099835675,63.9080981055979,64.09923196842817,64.19835727138339,64.33473792331534,64.35711923042417,64.33261234907054
15,67.78005189255192,70.19404761904762,69.26018518518515,67.79474333536831,65.86107448107448,65.70965438882101,65.37682278039424,64.62737904456657,65.576140166418,65.85483160358166,66.26921874421876,65.93586606294944,65.78231387558313,65.59605536659114,65.20899708316385,64.75746686762325,64.27299881491065,64.28099986433322,64.23017800912535,64.23925773300765,64.03295831152968,63.52091450216437,63.12342287342276,62.91368793243778,62.78619129019126,62.558525288813726,62.477665852665844,62.33486939647645,62.42403004084037,62.22007953466284,62.1426918809983,62.08416514041511,61.93928324761652,61.87960254614663,61.89787560323272,61.68759708655537,61.890560203060176,62.097556792622534,62.10299119209371,62.283118386243295,62.359539940637426,62.272990314359305,62.28691292557573,62.36549376549376,62.38895875729213,62.510856735856834,62.455298582426394,62.5814801036157,62.64305316754305,62.68609442409451,62.61335998786983,62.663451461288005,62.73556348438424,62.93000996774149,63.06480870980874,63.092673810977374,63.004660868695886,63.02291842097876,63.01890672102539,62.985689272147646
16,67.63348087098089,64.62021774521773,62.20504680504681,60.23060770248268,57.703549043549074,59.27475071225071,60.34691987906277,61.49797962454211,62.39326244742911,62.98220695970697,63.70561244311242,63.9218109822276,64.33065495757803,64.21779718297574,64.32298026048029,64.05501500814009,63.57972120472132,63.51939752634215,63.507843594028,63.79663512413531,64.19772297808035,63.89581529581552,63.730729194316275,63.754843940781605,63.94880158730171,64.04199794151727,63.90731244064585,63.668571210535596,63.83299282135499,63.79014906389919,63.682727756115,63.57016210063107,63.26419830169848,63.00618894993917,62.851947060875894,62.61711733482588,62.72799681549705,62.76229127840991,62.75440003965671,63.015730565730784,62.963132587827886,62.751141175843706,62.79032664148956,62.864051804677,62.98085662280127,63.24132403425903,63.194937066479895,63.23441951566971,63.27013665661644,63.22579232804259,63.069273464371726,63.079590005792156,63.05815392678619,63.22337576689442,63.420298220298285,63.3981023606024,63.40540168084035,63.33573796892777,63.11832338251841,62.9631892721477
17,58.33208180708183,58.220840964591005,58.59372710622712,59.88507707570208,59.510942205942136,60.941203703703664,62.20737034129893,63.25850122100114,64.32711583683798,64.79446072446072,64.69783041033043,64.44337861212863,64.07241045991043,63.86562009419153,63.62854700854697,63.306635378510336,62.672246163422635,62.81732804232804,62.72438655399182,63.08052935490437,63.427397426206944,63.24933191808191,63.15230530339222,62.86128938576854,62.64329344729341,62.39773547321616,62.10424260239067,61.99394841269839,62.033885590782056,61.90701312576309,61.900893595651745,61.940838675213776,61.84650688817365,61.763340934664576,61.63476641083794,61.49429959186916,61.82561077561092,62.09464513313213,62.30538140634309,62.60396621896634,62.7102883002274,62.71272445587928,62.766067287578984,62.877750374625414,62.88313797313803,63.000051428040585,63.106370097593555,63.15562338895672,63.236331015922836,63.29295309320307,63.19736696672966,63.20865237860424,63.240863992750754,63.23079316088571,63.2160658785658,63.22374892798994,63.23281833501132,63.15995440542863,62.955160023592335,62.76981659544177
18,65.45986975986976,64.94870268620264,61.45694783611449,58.66024623524625,57.08887667887671,57.46427045177047,57.87871315192748,58.1430987993488,59.58327680549908,59.68910002035004,59.934189421689446,60.89717304300637,60.48525249679102,60.27096015756731,60.39835877085883,60.28269008190891,60.25959174268009,60.486112806946245,60.642950860056246,60.777836792836894,60.91585654204708,60.83076044326047,60.88077077914042,60.72122782695702,60.84782336182337,61.09425346733039,61.1692309576569,61.21373190301758,61.33224039689548,61.57226071767729,61.623814775427554,61.53068115333731,61.46127791961118,61.44798430055775,61.346598784812976,61.23824842852614,61.383244370744244,61.725048599061594,62.02255304050154,62.285533552095835,62.23508802624638,62.11436941585731,62.02551667755137,62.09902770840256,62.090314860036926,62.20896009184037,62.145135912156995,62.220255265567566,62.459117639729676,62.67912382987354,62.66165746925518,62.65743264925923,62.584016978827954,62.642263694809664,62.699882062381704,62.86613256948046,62.82427721725942,62.835233955061305,62.76361330132493,62.76234440713595
19,67.62899369149365,67.65533933658935,67.68849206349206,64.5033272283272,62.2906043956044,63.239134784968094,64.31503357753355,64.56054449023202,65.6241509519288,66.05159645909652,66.83514633514632,67.09858270587438,67.12684402492096,66.39453892668178,65.79321733821735,65.81747240028491,65.50051114462883,65.39063899063903,65.12929894179902,65.50405957468462,65.69753861658621,65.5153355903356,65.54843105767027,65.31567735890661,64.94515588115597,64.69058811558814,64.40837817874858,64.28680809930822,64.39546141916846,64.2158173924842,64.19007115942615,64.09331088471725,63.90830157496831,63.872226262299804,63.724975434618294,63.759231560620435,63.9032246532247,64.08593251290621,64.10732026757665,64.3872821275946,64.36338547405617,64.03950920111636,64.02195033648525,64.1020421707922,64.08559388142726,64.08875971049885,64.00052195637308,64.10279961165378,64.22974923791256,64.33821642246652,64.12368492981247,63.931391765286065,63.77604293854297,63.951743412623074,64.0195546120547,64.03610765887565,63.93291722896997,63.85096452079225,63.69580177355615,63.53275208587727
20,65.89667277167278,66.35883445258449,66.76936304436309,64.73058099308103,62.33560337810343,63.20713776963782,63.80146229431952,64.60623155779419,66.54442974720762,67.37547517297521,67.6737110112111,68.43869005223179,68.58897146301001,68.6241507500437,68.94725342558691,69.08244937932452,68.8099526562763,68.85728191561535,68.37567904804757,68.14052655677659,67.76261265189842,67.08622696747702,66.73521792217447,66.53903663851575,66.28461314611312,66.25687752418517,66.00284391534387,65.89918490900634,65.84185051857459,65.55454670329667,65.47788494361066,65.4888569329975,65.38823491323488,65.13826312576309,64.92267123088547,64.53728547686875,64.65140621390613,64.59333804596949,64.34053293572508,64.4013484432233,64.31323669555363,64.09902586390668,64.13418625947683,64.23017815517801,64.1654320987653,64.13988382792718,64.04083372301443,64.10245196547272,64.16940301761716,64.10158302808287,63.860410232468894,63.84676268354142,63.753743539828335,63.76058332956476,63.69270498020489,63.58026075280532,63.50728521803079,63.585519820218146,63.54416264839996,63.39068596526935
21,64.25801282051283,65.65781186406181,63.73684032017363,61.423941798941804,59.449483109483054,59.58723799348797,60.356876126518976,60.673411426536376,62.08424456202234,62.392622100122104,62.85494644244643,63.23738425925923,63.65791968003502,63.100087941159316,63.429188373355,64.09941493691485,63.8445551724963,63.882549009632235,63.80173028725651,64.22837912087907,64.43294062639302,64.10074508824513,63.976762709914944,63.92082697395199,63.72269067969071,63.73073009611472,63.44579376384931,63.325399732542614,63.364800955749274,63.142771503188264,63.21265574330103,63.135526524979824,62.976774768441516,62.813689129498044,62.65620544799126,62.419682850585716,62.43744541244544,62.64954292783241,62.58600166452731,62.67651862026863,62.56558290399751,62.369367526212734,62.29153652118765,62.37554505679499,62.462583322027676,62.493455035302794,62.449545263640935,62.606578886005835,62.76735327220008,62.80839082214072,62.62682711261129,62.629692734259955,62.64324062555191,62.86001692066509,62.937188552188594,62.915056562154845,62.88882150176018,62.918676406607524,62.96894104012755,62.861680487722225
22,66.45484839234838,68.10341117216119,68.93092524759192,66.23754960317457,63.22819190069183,63.308470695970605,63.99348653991502,64.0304983211232,65.44154795821453,65.94384768009759,65.99647713397702,65.982170414462,65.77882619517231,65.59522864701427,65.5289641839641,65.43100484584848,65.10354898369594,64.76202318771755,64.34222388235538,64.11548890923882,64.06154282225707,63.766658572908575,63.53408097538534,63.25649144451232,62.98951037851042,62.84734686609691,62.669728025746615,62.50334521629165,62.53715545310373,62.39865842490845,62.373538901361414,62.475858675467975,62.48968993968986,62.426464004405126,62.266182190824985,62.02571663161936,62.236185223685176,62.45387413512407,62.524621176544215,62.5877514499389,62.60163904523658,62.44703761846618,62.55837095720816,62.6673673548674,62.68016347849683,62.80454712356889,62.69243910148168,62.74389213217345,62.95581927520702,62.9626484533984,62.8267909015458,62.79759566466298,62.74464900054529,62.83632271363762,63.035889018389106,63.17583371489634,63.19423683853522,63.27111630387504,63.45242010030155,63.536699735449815
23,67.23040293040292,63.40183913308913,62.04640482973814,59.49677324989824,58.10754578754582,59.69635819427486,61.56811878597589,62.6231583231583,64.53237688237688,65.4036116198616,66.44812224812223,67.25260565052234,67.4733050781128,66.83939691261116,66.36795719712386,65.74517863502236,65.41042579424933,65.1926420544476,64.93707907589486,64.91754095441591,64.79686779270112,64.48378057128052,64.22090721275501,64.13054877221538,64.07710195360194,64.10964277887354,64.26980245406168,64.20223523169952,64.38814927090796,64.34767687559362,64.13167103207427,64.32810910154664,64.36162510329184,64.30799995211768,64.3428878132451,64.29993160132061,64.63087359337375,65.00912484201969,65.14346099057649,65.56494963369981,65.57442312655745,65.53900481132641,65.53289249510192,65.47818385318399,65.55012865735098,65.5932372679657,65.54316899609482,65.67765345187254,65.7760775128126,65.82439102564136,65.6801283048836,65.62693158871082,65.51028645533391,65.47454513936022,65.45113238613268,65.44900966262605,65.37576883804985,65.2158551218899,65.12700594289606,65.078240062407
24,68.41984126984127,71.17795075295075,70.86205569122227,67.48126271876274,64.63623321123325,63.9246727038394,64.4704844758416,64.38701032763528,65.04758173924834,65.23730209605203,65.78389989639984,65.20490647469822,64.88314274756593,64.41153083028094,64.14295719712398,64.11252543752553,64.05501059398127,63.78357301135086,63.6939431913117,64.02283882783888,64.31604066127879,64.21272570022573,64.23499296597126,64.11831289852131,63.97010195360206,63.68086863279183,63.47693136767222,63.26236990522717,63.27528612830348,63.22346832180174,63.20869864902134,63.368154761904904,63.29909010742355,63.18427257655206,63.07249433106588,62.92298831569681,63.07362623612641,63.28647767924102,63.44082618473663,63.63962861212882,63.642488360781286,63.5104699643393,63.59502891595946,63.705010614385905,63.76232725093863,63.804787010493804,63.734196477281905,63.94303117792727,64.05770871230087,64.17327594627626,64.14652732888065,64.10731994145497,64.06804874021894,64.17003355869126,64.19330956080981,64.2496158025179,64.22021337174871,64.2769452689714,64.3290387892086,64.35394586894611
25,75.19418498168498,74.17188390313387,70.01681759598434,67.05871998371998,65.08477716727714,65.21425773300773,65.36617608581898,66.08024585368341,66.18887758332204,66.0962255799756,65.74824064824067,65.36506495048165,64.97863208728589,64.64813143205997,64.55195631528964,64.83127734533983,64.70009636333167,64.64572282141724,64.14537224471435,64.23003612128613,63.9549159834874,63.5177577052577,63.35096529879135,63.00427202041791,62.77143060643069,62.56234639648114,62.518227588598116,62.57950244200263,62.71993126605203,62.69707231040576,62.623349514882,62.48123267068603,62.296700984201195,62.1833827120594,62.11272530379691,61.9613232318095,61.99615508365525,62.19080339738254,62.31943635661603,62.37197789479053,62.42872182018538,62.35641340581828,62.592913578669496,62.94476692289204,63.11091733369517,63.19711195607943,63.06791061578312,63.09397787783218,63.19634281062861,63.24811609686615,63.09752238502248,62.94108219060145,62.86152291105117,62.946319001643026,62.99653864653866,62.972917756846414,62.85510401716554,62.78017986961967,62.62214159820103,62.51630664089005
26,78.5048789173789,76.56168345543338,73.49820919820924,69.93278261090765,66.7314092389093,66.02764635056303,65.98563215884646,65.4313174094424,66.4717191244969,67.4954436304436,68.17524651274648,69.09661808099307,69.99981958924269,70.01229431943725,70.05273843440516,70.12106608669119,70.10881096028159,69.9297155519378,69.6839387464388,69.49590684778188,69.17238356881218,68.3940721315722,67.90563142574011,67.25374249592993,67.03972161172149,66.70167163676774,66.35451261701259,66.07345030961105,66.027519718468,65.91715354090353,65.73894009216593,65.63479106252545,65.49932336182334,65.41886641408693,65.18444735159005,64.97235986749862,65.10544775544764,65.18791222179371,65.1509967596505,65.22545660358149,65.16969894378423,64.93762924685541,64.78479096269795,64.732919973545,64.62171279337949,64.68274019659886,64.5264003628366,64.53310874118169,64.44894834001977,64.42933129833126,64.28115558189086,64.22269692558149,64.1810085354896,64.18393582583384,64.23698070448063,64.23010976292213,64.20708743011365,64.15291496498384,64.06316542841955,63.97630545380538
27,76.18419312169314,74.1186838624338,70.99877730294394,70.29311914936913,69.42256715506714,70.40637125220456,70.70806006163147,70.67587059930807,71.80954924704918,72.10461894586892,72.35135050135058,72.52868420160094,72.69368484080026,72.86452809756388,72.8465998507666,72.20559975325604,71.64673741291395,71.13123728123742,70.83615020457144,70.99721484534004,70.96077436672697,70.36709725459751,69.74204778715678,69.23646935626125,68.82113288563315,68.45615490278973,68.01900070094533,67.62056042502492,67.56556390608124,67.3896279337947,67.30790056717487,67.1692692434881,66.97791868625214,66.89693657377491,66.66595499738368,66.38704594017106,66.37924779174793,66.4918116605618,66.35845556390441,66.54063021469288,66.40981007474929,66.26108773281413,66.34821180111898,66.39187722000244,66.20678695789829,66.17298899771744,65.98455595822637,65.87828684625573,65.76746779297814,65.63128540903556,65.54681202965537,65.51074128862612,65.46362520254058,65.52913388052312,65.5324591149594,65.49711302255969,65.40504725131949,65.29959098213436,65.26919050033482,65.12178630782819
28,64.89810744810744,62.04038207163209,59.57886650386652,57.762236721611764,56.403823768823756,58.19476495726494,59.40480187801615,60.1970517908018,61.55365848143631,62.268956552706584,62.806559181559244,63.7222586826754,63.94507959988734,64.03982571661159,64.43490333740344,64.3290706400083,63.97156443774099,63.716263905847235,63.55018663110769,63.81744836182335,63.757367918677424,63.2921157546157,63.00561660561653,62.90900255223168,62.78796031746034,62.78681631758554,62.80150232140967,62.60613153381003,62.64361132162853,62.80512311762312,62.90509800832381,62.87209249084248,62.7522414314081,62.616573744882544,62.5540339554625,62.42686400533625,62.421642521642546,62.47817433541126,62.55798607849904,62.7702037545789,62.69301994302004,62.59800194294257,62.5083679993565,62.606501369001535,62.7024761452541,62.848704345171875,62.88351778245405,63.03377319054413,63.23143673220214,63.32551933251942,63.35167668206887,63.501812912870655,63.65605230723155,63.934512692383,64.04774753024742,64.06017246642232,64.03414929774559,64.00892260676721,63.856930044218,63.71721679554996
29,65.1390822140822,66.35875559625553,64.66582892416223,63.52658221408216,62.51599816849807,64.05682997557992,65.26396229431936,66.0773179945054,66.99791073124398,67.20792328042322,67.69966144966139,68.3837356701939,68.98100873485484,69.1538955753241,69.26183150183154,69.08713878713894,68.89338654265138,68.51916180527299,68.12413083992043,68.13253841066349,68.00609604240566,67.40324374699397,67.02894104687599,66.50359220255072,66.15584350834365,66.04344611940778,65.83075453353246,65.56489076399794,65.5164217646976,65.39824769366433,65.27841420825293,65.18520696606632,64.95198011864676,64.59500362110653,64.3987676609105,64.13881681590023,64.31495850245858,64.45883324764915,64.38201293009001,64.37066061253576,64.19908313231501,63.92951298040602,63.86098948424541,63.906104196729316,63.934708316375094,63.897235272778815,63.73603220065991,63.879136141636224,63.969648256127925,63.889424399674574,63.723202015849225,63.74832787404918,63.65681178534974,63.74484956059049,63.640960150960304,63.651190567038974,63.519424362187685,63.27636152162036,63.14333795520254,63.04146604938288
30,67.8925061050061,68.49683302808302,66.86198616198617,64.32486772486772,62.25639804639798,62.320130409713656,62.94105035176464,62.344047619047586,63.225794781350274,63.67104344729337,63.697647260147185,63.35634708655532,63.06032489590174,62.598527167277055,62.74490028490018,62.58489964896197,62.20369711987346,62.15351122642775,61.814124252939955,61.91323539886025,62.01741452991442,61.374583287083176,61.17118149563791,60.68496748236322,60.6014914529914,60.657435193012006,60.59288144982573,60.534077017559056,60.78684090494413,60.62446530321508,60.56914132760887,60.57224448005675,60.52413204079851,60.608195222533254,60.71249927321338,60.712832807624245,60.96864364364341,61.18947073881257,61.300850787388995,61.526828322140624,61.34050870087438,61.04815638506094,61.05495558489726,61.138837088836894,61.159704924704684,61.28543303516113,61.282140908736494,61.376117767263416,61.46839434186352,61.55036630036606,61.45796852929179,61.34954046131906,61.347984484069144,61.50897548953073,61.54329217079191,61.60696842839675,61.55948302022847,61.52940709513971,61.52079021888331,61.51285646452301
31,67.55696988196988,63.301755189255196,61.08139838556506,58.22047339234843,57.449297924297966,58.888364875864944,59.10295656724238,59.22772753866514,60.64716625966641,61.83179283679296,63.0154623154624,62.86334918939097,63.083786121286295,62.84577228327246,63.02368640618656,63.269470199939136,63.29113158083766,63.18353344186695,62.87727277595718,63.05711665649184,63.2757757233949,62.90828245828259,62.718652563217915,62.637461843712,62.40878266178281,62.22210599229839,62.487307240085165,62.44604955229967,62.4990291636845,62.65956281372961,62.74933550619049,62.776595409798695,62.73463989714004,62.57123629366292,62.632183993255516,62.51247851942302,62.68788321288328,62.91349541053495,63.0769770827463,63.172512845950266,63.04199115022276,62.8233332364284,62.80262858373319,62.88553714803708,62.93072773933877,63.00203489143697,63.06259189982586,63.09715746252203,63.1950083268961,63.276531542531615,63.182852214960214,63.212335634451186,63.238716969613385,63.18092656657484,63.20114663114668,63.36924966567826,63.311773290062824,63.20846060867614,63.02528300324907,62.84940298127791
32,63.72626170126171,66.19676434676435,64.03457468457464,62.271950040700034,62.05702279202281,64.02475919142589,65.0736721611722,65.40461373117623,65.99023707773709,66.09156288156292,65.93500481000488,66.97287342287345,67.10042069753612,67.02853036513757,67.2829555012889,67.44667563339442,67.2473541980896,67.19395434812105,66.86649235267663,66.63995344932856,66.20872385991443,65.50701705701717,65.21921285236509,64.99586004273512,64.86006471306472,64.92816247143172,64.91269728214175,65.07467966887613,65.3451398537606,65.28479989146663,65.15518383945803,65.05390481913922,64.7685863519197,64.6154485084632,64.40161041339614,64.29625234590515,64.46794211794221,64.70139424415751,64.67172195088877,64.80604929792446,64.84525931385703,64.65681907378354,64.66951827242546,64.72558783808802,64.71862976529661,64.70161240731917,64.5621529672064,64.59726165038684,64.57590744478512,64.6943161375662,64.48251065383428,64.37236956419657,64.27256270110053,64.29930668611232,64.42854710104722,64.52889239563352,64.50308597348075,64.44291556145001,64.3429921773142,64.1693671143671
33,63.828337403337386,64.46863807488802,62.61392958892954,61.23144968457465,60.46586080586074,61.376805216388526,62.767428338856796,62.91432387057376,63.24084022972904,63.22867877492868,63.727270877270826,64.29376992606159,64.08994356782826,63.75226139601153,63.85145061728401,64.00329129782256,63.982731212143,63.80818636096414,63.607527633185576,63.32849002849011,63.04426565498001,62.569148212898256,62.459780396736974,62.29538966049396,62.38031013431014,62.34177213456063,62.076889160222436,61.87677717454496,61.880769757062815,61.89018416768418,62.03562336707502,61.99035647512207,61.951647889147814,61.836890546816946,61.78616591080872,61.775947971781264,61.984232721732695,62.250261872630325,62.393397201089556,62.7737778540904,62.89134627793168,62.961344046165465,63.03598628976537,63.29430164742665,63.51061264866822,63.76161621188796,63.912090942942044,63.93110023656902,64.00216717334072,64.12569240944251,63.981773663881505,63.88419184981689,63.903548486803274,64.03609829813537,64.13825637325644,64.17747570716335,64.07507595555853,64.09414419392878,64.12094387878298,64.03638659951173
34,63.70620166870169,63.53421855921858,60.901453330619994,58.76152955840455,57.70893467643464,58.179827194410485,58.37266338159194,58.62226037851039,60.259904241848716,60.37349053724058,60.706766381766414,61.41761379053055,61.748419742650576,61.692113276934755,61.97511836928512,62.11130062067574,61.98825354928316,62.32889872473225,62.14740082042734,62.6794195156697,63.120390720390844,63.08271705146719,63.16775229601332,63.27321237790005,63.29294953194968,63.5895721799569,64.14088413301391,64.45589169428469,64.99202665150955,65.3668733889568,65.5797438523246,65.84842970975792,65.7556921473589,65.69530782398444,65.63225986975995,65.31669987676935,65.39702339702339,65.51071937321932,65.41323247028365,65.29884233821723,65.14451653811403,64.96578507471362,64.77401858477438,64.72511712824208,64.70750271333598,64.70840223584788,64.55762021666283,64.5689103624,64.56821596770575,64.48881481481486,64.25668807409016,64.18494431138676,64.07710910682624,64.15638717421143,64.05917249417261,64.0847358494681,64.01375884511863,64.05796659438907,63.97953331194857,63.83316366503869
35,64.08195970695975,64.7785485347986,63.68411680911679,61.75029507529502,60.248285510785465,60.86919939628276,61.26414689807549,60.558283730158706,61.43997818025585,62.18865333740323,62.67055953305942,62.90265949328436,63.37242298299981,63.66728734228724,63.9702703161036,64.71945430148553,65.0607956857957,65.1498403088681,65.21385407964358,65.3657336182336,65.38997882628833,65.29142778517772,64.91669542213019,64.30825511294255,63.918670940170934,63.6956699461507,63.628489086359394,63.6589696348624,63.96332382496163,63.9576449938948,63.952991124765106,63.8886235437015,63.74077866577855,63.664458689458556,63.45513692656536,63.32562208881641,63.568402468402375,64.06906863847645,64.29614954134176,64.59822229853478,64.63438743957036,64.7102455084598,64.92325474912685,65.20405023217523,65.34704314204309,65.56377862274589,65.41243061509016,65.40518172992132,65.42021836817752,65.45686029711034,65.30672657952078,65.4117731716291,65.48720214097585,65.68463573463586,65.78888167388179,65.76165093174028,65.73891718255761,65.753469853901,65.83951249629236,65.73707943291299
36,63.95024928774929,61.243905168905144,59.70159578076247,57.16057310744812,56.434470899470874,57.130028150861456,58.01236409093553,59.0163391585267,60.09629007823451,60.690408526658494,60.58301467051466,60.752748100664796,60.85933713722184,60.7165438397582,60.869962691629425,60.756033463064824,60.65846830185077,60.69866566047131,60.78266687016697,61.17308022995532,61.499649931197666,61.16196928071939,61.17142503229469,60.896625288292014,60.52657326007329,60.439967244294216,60.51000655722883,60.50774100238399,60.55454928213552,60.48290852665853,60.500846331088255,60.47837412876477,60.38327228327235,60.3612302185832,60.276700970986745,60.30582279089236,60.54328229328244,60.899002179594454,61.168771328386825,61.44584783272293,61.508227240239535,61.313401336318066,61.378041973100196,61.50531678969188,61.59451747840648,61.6705068482243,61.536837000666885,61.70527839251802,61.64279931142187,61.64000966625978,61.49837808342731,61.51683357596839,61.51057673109583,61.742294690905986,61.814637862138056,61.90156086473068,61.88809050760827,61.87898570937384,61.73821880410887,61.59959054063247
37,75.55351546601545,70.17891737891733,66.88147300230632,63.84373092185584,62.54596357346351,63.28337827296153,64.51806136984698,64.76086182336172,65.5742001311445,65.33499236874228,65.17825415325407,65.31367055012885,65.39999295576219,65.03332570207564,64.89237450820778,64.53174698565323,64.18143928511573,64.08195292361957,63.97218875179401,64.09953271265773,63.893768290792174,63.427965321715355,63.422097467749694,63.232725800434125,63.209840862840764,63.16010378510369,63.0439762055501,63.14248230274995,63.35811825466972,63.25633750508724,63.237126150432374,63.33322919846334,63.26286691703338,63.15265463022793,62.90687772544903,62.66914951046886,62.64707152207144,62.5900436186619,62.577223500620775,62.81315781440766,62.94479064296125,62.974400401186024,63.15682589374441,63.40404063529055,63.62837979921308,63.783089354284954,63.563874492331834,63.504486967507695,63.56023720232896,63.5183385225885,63.3024505813721,63.31698365736817,63.278049431351114,63.36303936975221,63.46015743515734,63.60208605878237,63.6119931238351,63.586832659677334,63.48940315804705,63.375791446207955
38,65.70474155474156,65.16838624338627,63.935402252068926,61.37482193732192,59.740038665038654,61.210483652150316,62.428457323100226,62.66203449328452,63.2480616605617,63.92528642653645,63.95483451733456,63.9677897334148,64.14563218120927,64.08864977614998,63.800425654592516,63.93826789529933,63.46632640235598,63.12412381856837,63.01455615534571,63.16408959096467,63.080991142895975,62.57497224997227,62.43348374652725,62.11199697293449,61.917321733821794,61.76691125825751,61.62958421893625,61.58895084743324,61.624568614655054,61.64980870980889,61.775324123308174,61.8640774445463,61.8784820118154,61.90106358782835,61.81038897610328,61.7590267885407,61.95015922515923,62.259773632799934,62.302303987560414,62.563341091778646,62.45852926432206,62.2484068841213,62.13189688218771,62.17521818459332,62.12807681002142,62.0557421342749,61.83774474146828,61.83977867233082,61.89186518319181,61.85880565730582,61.72663518398821,61.68112525828885,61.68891471037717,61.77688181160418,61.94513773263781,62.00025119556377,61.98307333504706,61.97040580747478,61.96410446113841,62.008648843440575
39,65.84595543345543,63.8450829263329,61.59738332655001,59.49781746031737,57.44934167684162,58.665941697191634,59.07622172800736,59.40884017602756,60.58900929317583,61.19373524623514,62.905263255263186,63.17459851105682,62.954982624213336,62.39715354090347,62.319712725545976,62.397495993589665,62.64434059948757,62.757435106046195,62.530819838056715,63.034750712250776,63.471390536271564,63.32959494209499,63.32656783635048,63.16030982905985,63.0824625559626,62.887181835258765,62.78175658360835,62.684974962206994,62.74586859500642,62.71716185049504,62.73619661401903,62.89776769815808,62.75496756330072,62.494501454427706,62.33662960055797,62.164363722696876,62.349685812185626,62.412977823832925,62.39722639658518,62.55919515669491,62.556609785877825,62.436542701125774,62.51316681810845,62.66309650997126,62.90296533713178,63.21654556192579,63.11884054676594,63.24353293311611,63.39308234282707,63.36301709401697,63.09272047850472,63.0405015301649,63.07829843112856,63.0924739783535,63.0476258926259,63.029485271672804,63.028915147555544,62.913983797173415,62.81367667956644,62.70620099036759
40,64.00849613349615,65.07630494505496,63.97609381359384,62.75672949735458,59.80932437932448,59.14966337674683,58.83617361474513,59.278504655067245,60.805172862117374,61.734871794871886,63.18526334776338,63.52109703568036,64.1058154096615,64.22073194662471,63.87214896214884,63.32156688797299,62.926389487418795,62.883014516347735,62.89782924190806,62.98540114977609,63.082174835746216,62.9657869907869,63.08334881704438,62.65396380240126,62.367165445665414,62.052205042108845,61.81040771642619,61.73392330222683,61.98220811755291,61.9369174806674,61.849722648916156,61.978012438949854,61.97228342644991,61.774712855227406,61.60113480434894,61.58457496721373,61.59489338239328,61.83426086583969,61.722178521857884,61.92309015059006,61.88421123817454,61.74759518479749,61.744544301520925,61.81455847393335,61.717741599963674,61.840483379341954,61.8844902536391,62.06247000491785,62.17515501316506,62.137095543345424,62.03195451969949,61.94669546977227,61.83840375208281,61.867563763397015,61.879614089613995,61.9474321726553,61.94736154845793,61.908791910516015,61.93672385367291,61.919210927960876
41,61.47622608872607,59.026671245421234,58.98412698412701,57.25713268213277,56.53096866096871,58.82767348392354,59.90776498633649,60.99642729955236,62.53756726812286,63.558285510785545,64.6196918821919,65.23756189797855,65.69463385617236,65.64430708180709,65.96401302401307,66.36430511039885,66.43466655893128,66.88274770496993,66.88453987532937,66.84299577737082,67.23907858015002,67.09390447515449,66.90831276211723,66.44004629629647,66.03844240944257,65.84893847249624,65.53047717029206,65.22513191173908,65.42619872145734,65.44484126984126,65.39206972836006,65.35986594424094,65.23025863025862,64.94709907467258,64.78839976161404,64.619941324108,64.6906876656877,64.65569680076266,64.46493913256741,64.3344225681726,64.10424930760296,63.84578984727794,63.921528901761455,63.9816729566729,63.98038054538053,64.08192608518691,64.08059906996066,64.21990602954142,64.39477596288825,64.65172150997157,64.69352220945366,64.64705247565836,64.7151687323858,64.87890287010673,65.1247073297075,65.22418218355736,65.27875136559364,65.35606421834886,65.28923596021072,65.1370975783477
42,67.37359584859584,68.29198209198215,67.69666768416768,66.47190298127798,65.33003764753757,67.01356244064574,67.94579990115693,68.17352017195762,69.92697395197386,70.6421092796092,70.72270553520539,70.53086122981942,70.56366034250637,70.65833696726548,70.85647028897029,71.18598042582416,71.62006901051019,71.81126486682042,71.82531676413254,72.07830179080173,72.25726665309988,72.04472101972091,72.05387623648485,71.80765478734226,71.88979751729752,71.90830593907513,71.91537217926106,71.84951723210652,72.18923133061062,72.17007919549577,72.17070975619352,71.94273933531737,71.6591183507849,71.363872578946,71.13101735566002,71.00883699633677,71.15703271953248,71.37799868260375,71.27805132901268,71.46976114163597,71.41617727349417,71.30776135240407,71.23189214962457,71.37865918803412,71.25054368471034,71.26171563943295,70.8777905506628,70.82729658458813,70.79860394707316,70.65661202686184,70.2956000063841,70.12411643733746,69.93273012801305,69.88772064697982,69.99515188515183,70.05824911695444,69.89145647237746,69.75092250501726,69.59858584604342,69.35181734160896
43,66.98716422466421,69.17563848188848,68.14680165513506,66.14523173585685,64.12870777370786,63.17244268077608,63.27345848595855,63.56480082417589,64.38952821869495,64.47258343508352,64.4142686017687,64.91941179962019,64.53757670392288,64.23012384440959,64.14458384208393,64.41684059574693,64.48502178649245,64.28388419707876,63.85581823147626,63.76844754782272,63.571588222183664,63.128392440892625,62.78275313655769,62.60323247354521,62.62035877085891,62.58045458814708,62.463219787757005,62.39943583202526,62.5485284830114,62.592864774114915,62.424497978127086,62.351801453754646,62.23872146372154,62.25811412171712,62.02659427873719,61.88009230995346,61.97586061336071,62.14832058779439,62.20225402565164,62.37299628612145,62.45645889792247,62.37606571118492,62.33007460885384,62.43685400247916,62.40344763261448,62.438295973350485,62.42427703305379,62.402491605616696,62.346239918433845,62.29064967439973,62.15435789700505,62.150410326852665,62.06183420876813,62.06959914228428,62.100651293151266,62.05395898744106,61.91842185592181,61.91071665403557,61.900944378910424,61.687452431827424
44,66.320578958079,67.10094881969887,66.54837369420709,64.84300976800984,63.63427655677664,63.717233923483974,64.01921187278333,63.769870522995575,64.81243329715555,65.51055657305665,66.29542263292271,66.74745836725018,66.68056573056585,66.56688470259914,66.23076855243539,65.8490575396827,65.49843873446824,65.49394982589435,65.30834832808523,65.47886141636151,65.50292240827966,65.16355126355134,64.9213595583161,64.77506698548368,64.83897639397642,64.86195681099537,65.05795233573022,65.1617779376708,65.38159323116221,65.26428673178674,65.10094742473781,65.06010632885642,64.92087187503867,64.86212352462364,64.79703238560391,64.68204661850503,64.8501311751313,65.08166128462194,65.08063225947856,65.09051014957281,64.9630370420006,64.62489073977183,64.47407005139576,64.44284500222007,64.40857312440656,64.45512687795295,64.36922784662151,64.45548284662874,64.54323206083427,64.4780921855923,64.2415417734047,64.22776642872813,64.17006147242014,64.24461374530833,64.30618779368791,64.41538397944655,64.3357538254468,64.21593818856748,64.12061629519262,63.95890873015883
45,70.41261701261698,68.53624084249087,66.6545194003527,65.39435032560027,64.11629120879121,63.95251492334828,64.15663628699347,62.93987840862845,63.976953036675354,64.52567816442824,64.05733525733534,64.07777353819033,63.768449250180126,63.31411564625861,63.36297483380828,63.49442568426953,63.5302458162753,63.64013447971786,63.7160127883813,64.08655906593408,64.34309407523693,64.05494551744549,63.61086801684622,63.11868640618633,63.23783190883189,63.41131402429479,63.30929317595982,63.33390640444216,63.64343571498747,63.509301485551596,63.38220883059604,63.22557250330702,63.081614681614845,62.86869149369172,62.67715143322315,62.47187839167039,62.53372273372303,62.690800853630066,62.84614106216699,63.24717668905194,63.5067248131275,63.58915380254687,63.669945977795,63.80917161542185,63.869515330348946,63.94443858275405,63.79542470925476,63.79964302672658,63.766625239839776,63.71534198209222,63.54549825628282,63.65518935302605,63.58615229110533,63.621712623796135,63.77449920449937,63.89518858291205,63.84121994801845,63.80930215219032,63.77464275366839,63.71388948243136
46,65.98401505901504,65.99177604802601,65.75693935693934,63.162587759462745,61.99770960520959,61.450418871252175,62.380509041223306,62.57359266890518,64.01683738072634,64.00135938135948,64.39884513634523,64.64163147808995,64.70861392880639,64.3431126082913,64.11149131732483,63.8691671754173,63.75640846082034,63.590918803418944,63.33253754043237,63.2500127187628,63.19534081438848,62.51021177896181,62.176038514625475,62.09381338183428,62.027449938950014,61.801050765473875,61.69724332594704,61.641711909122655,61.99079144036047,61.97822903947906,61.90512951803267,62.05001812423686,61.866548112381444,61.71501816538584,61.58980376766101,61.48009117939686,61.686578336578485,61.7259426611402,61.56149593521407,61.71972285816058,61.780107979193566,61.4856632895325,61.48082957094606,61.541775585525784,61.5389208836433,61.624827135425164,61.5611056988719,61.70269796754199,61.85982303788454,61.85416239316266,61.800170880318255,61.78472760323752,61.7350622211474,61.83728434631233,61.89364080364096,61.866538388859944,61.779424522845694,61.79043408698592,61.69773019667092,61.66919193460856
47,75.35888787138788,73.62756155881154,69.71140109890109,66.06804919617423,63.65922568172574,63.56957926332931,63.29464867143449,63.51799577737089,64.23754522226756,64.77341829466837,65.24581113331125,65.5572365520284,65.58325115055898,64.94262602476893,64.5940547415548,64.49941938848198,64.30321500395037,64.33387543526439,64.40063433155547,64.25725910663415,64.40594269046656,64.23532393532399,64.15191046875836,63.94102034154131,63.766638787138845,63.61492850098615,63.61060443328959,63.47006130443627,63.597025563835935,63.52222815764488,63.370064299499795,63.26053002263936,63.21064228980892,63.184127732289454,63.13029274957842,62.96805753402974,63.07122837122835,63.145129651050716,63.1995045552738,63.36792366198614,63.13181973852701,62.78957630773099,62.70250932314875,62.72576023513516,62.63520734409614,62.74796643573808,62.706156963603675,62.849349647266216,62.93389513925215,63.01051353276332,62.89041344457996,62.92292361306768,63.020616778399685,63.1927800765763,63.35684519184513,63.463960295656705,63.417798948939286,63.30055243288005,63.177754495974874,62.9896904253154
48,67.18862433862435,66.57348137973135,66.21066001899341,63.134567053317056,61.11259462759464,61.181880850630826,62.45732455375319,62.560602996540545,63.656076742187885,64.34465862840864,64.99751359751365,65.60243733889564,65.83084710873165,65.97639906389901,66.16834113417444,66.51712454212449,66.6565568962628,66.81147458508573,66.3942570100465,66.41874872812372,66.48796417427371,65.9970282032782,65.47789058767322,65.09037210860124,64.8494544159543,64.70055062458898,64.782374055985,64.87149888801665,64.98829856286741,64.90014075430736,64.86622569485468,64.83649315094627,64.81383354300017,64.79912928846755,64.78014811907673,64.53731854565189,64.578070928071,64.8045264068291,64.96017331434007,65.12016101953608,65.05274911402967,64.72823977169224,64.602848884535,64.53959824897333,64.46469226247017,64.42560098918813,64.35095471904008,64.36396859313551,64.34048075884826,64.31931379731394,64.2297252946764,64.23840968504449,64.2296239661808,64.2669933033362,64.29819208569246,64.43703849061026,64.43789816421426,64.46314804288963,64.3397622151862,64.14870862162557
49,65.50463471713473,68.42888939763948,65.94869759869766,62.18303571428576,60.05511497761495,60.197898012481375,61.09482310018032,60.86016101953611,61.89270621353966,62.375819088319176,62.74149692899705,62.70552587844263,62.33509830625217,62.11439364207222,62.22954483787818,62.35999758343509,62.538930785989606,62.75920047031156,62.74514330698539,63.062399267399186,62.91529546291444,62.484606828356796,62.42262391392822,62.135608296024884,62.040793243793146,61.7824285401208,61.522583435083355,61.61453554712482,61.74875496470319,61.807586657169935,61.80102882481903,61.8013415114977,61.80402699152694,61.80122279681099,61.81859279609273,61.85423266291314,62.20746061996052,62.48439006169262,62.663680170731375,62.87046143671135,62.92714990519857,62.798224460724306,62.809490681583554,62.88925565175554,62.92170239225787,62.89004994602812,62.65593949982242,62.75491262210007,62.80400428181022,62.95189550264533,62.93987367026554,62.84284892457942,62.87104451278958,62.98887023470342,63.132599067598974,63.09660499883702,63.03057653035708,62.98201189774455,62.92149643357256,62.76868979785627
50,70.55167887667884,69.0365460927961,66.39941663274989,62.733437627187634,60.99634818884823,62.15205959164294,63.65794813651955,64.16159951159948,65.39728835978828,65.88190832315824,67.02222823472819,67.38912842558676,67.37154597539212,66.5662872841445,66.37605548772218,66.60788181725685,66.42079502741265,65.91758835300493,65.5811108969003,65.36967897842885,65.31332514487265,64.95621184371173,65.15522221337424,65.11647864095774,64.9572374847374,64.967077580539,64.74628630971212,64.64233203965334,64.75525539275536,64.4912284628951,64.28062382659154,63.88846996464181,63.74040188206852,63.51585730446021,63.41039202860627,63.315231000994885,63.498355085855096,63.83885233918136,63.953243088820095,64.1577770146521,64.10323193067097,63.87842013586065,63.69510700324655,63.679282176157194,63.62150771039659,63.73937850595457,63.844748071077966,64.01693142891074,64.25301543694414,64.33147446072452,64.14879695467934,64.12000318947425,64.1405017239922,64.21470100544168,64.20059607059595,64.17985002761776,64.1766583481494,64.0925693479571,64.02721194373713,63.990975020349765
51,71.8735754985755,73.27306420431422,73.12449633699627,69.66899547212039,67.72515160765158,67.72943121693123,66.80104221175645,66.38257465913713,67.02837697282138,66.78136853886852,66.36161569911567,66.07413046058885,66.12099222003076,65.84381323042041,65.6166524216524,65.47227055352052,64.97776012114247,64.70997207524987,64.48334672150467,64.6203757122508,64.69869784095984,64.3692837255338,64.14989360478496,63.77028070309324,63.491774725274716,63.04465811965811,62.902274491626244,62.80246217076565,62.90919066565613,62.91738332654995,62.97001063452669,62.88056938720995,62.808012974679635,62.70601492733846,62.55497790569215,62.43669476100026,62.477879252879184,62.67867665959763,62.58770180436842,62.659618691493634,62.4781643040789,62.197128345640216,62.189439877521195,62.25254884004878,62.3839278930945,62.457368476933624,62.42794133565404,62.573976669549474,62.73089164237108,62.69698137973114,62.54037773228929,62.56227468222643,62.54283199330351,62.586937642261546,62.58630776630759,62.63121175286343,62.62921200794,62.4321962759462,62.323041482998946,62.11730497897147
52,66.29295380545383,68.29519230769232,68.54850427350422,65.81953601953606,64.0371642246643,65.30332214082225,65.50286281179152,64.94201070919834,65.34157735268857,65.53297262922277,65.70805768305776,65.57026650047494,65.70630302745695,65.6317700156986,65.41447463030799,65.33748982498985,65.06200471641647,64.88319907972686,64.92708775142991,65.23482041107046,65.0738117041689,64.41470520220525,64.12139760400625,63.67539618945862,63.64211945461938,63.55073103534635,63.58919300863737,63.48936093668228,63.6147127138505,63.523563797313635,63.50697135898732,63.69544350325577,63.51627893711198,63.38768180349036,63.43396505610767,63.33164103129356,63.48530756030735,63.60947802197779,63.503944381828774,63.62420075295056,63.62740527313674,63.61477956567217,63.57035084854824,63.55545935545906,63.695751254917624,63.815040324007384,63.86997939019185,64.15607903863095,64.2502678727167,64.18420004069986,64.0139844541804,63.84551663614153,63.774495281099,63.79749534587492,63.80861416361412,63.84364379833132,63.78379558226049,63.70226622036967,63.58559046101419,63.381645383937006
53,65.08446275946277,67.13533272283273,66.75550976800977,65.55778388278391,64.20940679690676,65.33071242029574,66.99241525670088,67.59710393772889,68.68813198118752,69.29865333740338,69.04583055833052,68.88862137091303,68.60235042735044,68.14453529274957,67.89508275674943,67.15387413512406,66.36223934018047,66.21089376158817,66.28572312190724,66.17987281237274,66.2813661646994,65.91665556665554,65.63480494947888,65.32572730124818,65.10038603988603,65.03806256065874,65.0180303064563,65.08883946741096,65.1876412221241,65.06381969881988,64.87739719957477,64.69124710648161,64.49284542617889,64.46086466637946,64.27475812547253,64.08665702867101,64.14073510323519,64.28904338838564,64.25050222806647,64.50558124745638,64.72389166840395,64.70357978661555,64.85244555186416,65.05563568376071,65.24396961063628,65.44670794181678,65.5575781094399,65.77801328686759,65.8325280539567,65.91400610500625,65.76829087760477,65.78837358332561,65.68135947735009,65.76289644854465,65.85229409479412,65.89825807459741,65.87910543809669,65.8734589245365,65.70299921359245,65.44625669854838
54,66.3969474969475,65.08488502238504,63.75458553791894,62.8801612739114,62.57335266585279,64.18451448243125,65.24291746613193,66.37270935083455,68.53965314520892,68.70398097273115,68.87757797757813,69.13120378849558,68.67533929745484,68.33875588697033,68.17828618911965,68.00603537087929,67.77496229260953,67.59227518880314,67.38573758113245,67.33760073260083,66.96849623040109,66.37100584600593,66.07682265399662,65.74975325600326,65.54006593406586,65.08624612566913,64.7858132094243,64.5927032458282,64.53081764978312,64.50109940984942,64.44108143946853,64.51128504019125,64.46360152193478,64.29190443271322,64.18730812837954,63.86856882829105,64.07677925177933,64.21822893237375,64.25015014662459,64.4738432285308,64.55975758658693,64.44037153322873,64.46459759017907,64.59272024272028,64.56742866187315,64.63148347224435,64.52177289810271,64.58512636090765,64.61845871437713,64.7131846764347,64.66161387631975,64.65324729579537,64.64386562075246,64.7626740115166,64.95534058534048,64.86098619469152,64.69453655506275,64.65087452458131,64.55684700578762,64.37232371794865
55,63.90731074481079,65.91006308506311,65.73381495048163,62.772706807081704,60.8526566951566,62.090781440781335,63.48042836792823,63.82488871082607,64.26864966309398,64.69898300773289,64.64481166981157,64.75595238095237,64.32880897592439,63.63602171637886,63.58290835707504,63.3752747252747,63.09976836888605,62.904613519196886,62.895613231797476,62.95873880748883,63.07927665368141,62.604153254153296,62.300162578966955,62.11418460012203,61.92394037444032,61.821008852258736,61.5924215016806,61.655382398685894,61.90309460654279,61.91528947903941,61.94119402103273,61.98937204288766,61.72620774287439,61.57557264358728,61.557509302866364,61.506417887667844,61.83022899272894,62.04236338710014,62.287421730690916,62.58557577838821,62.562853023218814,62.296656782371024,62.20890999611924,62.28753225940717,62.37153314792197,62.45934928597964,62.66992137098518,63.08754313780354,63.357667493126634,63.576779202279155,63.55998727126178,63.69169650684075,63.782965113153836,63.91670340975903,64.10334896584898,64.25488264215943,64.30091003862941,64.37993505536605,64.54634217007093,64.5314083062
56,64.565466015466,63.40199938949939,61.7773419481753,59.54566035816039,57.393017908017995,58.679337098087174,59.967209576138174,60.688976648351684,62.2169781350337,63.51003815628817,64.78811836311839,65.17147647876813,65.47379308725462,65.37147835629986,64.97028049111393,64.38764467592601,63.90031961502557,63.77912907565692,63.598659308527786,63.408294159544255,63.41245203209499,62.99922438672446,62.80259683955339,62.83089323870581,62.749553927554054,62.72851018283723,62.6953245828247,62.73697198965064,62.96064972702909,62.983144078144136,63.02218365565152,62.90797673102377,62.7942723942726,62.792056459336095,62.6107369614515,62.52451174083138,62.69527645777672,62.82844343765424,62.8377679419348,63.0417376373628,62.92807297715851,62.6650017200614,62.589035953280344,62.69521034521054,62.59318093429228,62.60179821185277,62.61966288242905,62.66956813441211,62.85590244034138,62.8604577737079,62.72319642956911,62.609463933502454,62.611639731686964,62.81289984021469,63.10950956450959,63.193826857666195,63.14842483702136,63.02019116738952,63.048722777536454,62.95123931623942
57,65.41260683760683,62.60719118844119,60.97038393705055,58.82335419210411,58.13550875050868,58.7976538122371,59.59064262457121,59.93213649776155,60.97915479582151,61.58049603174603,62.4212925962926,62.45537791683625,62.895589133089096,62.398957788243386,62.15448209198207,62.08568503256,62.238745241686374,62.28443506082385,62.009288177709124,62.23555224867717,62.254463680058834,61.91758496133488,61.79030233051968,61.67776717880878,61.693444037443996,61.915775961929754,61.87912427079094,61.82798473021685,61.99620314232376,61.92185202143531,62.15079102498445,62.409802032458124,62.52721846055164,62.419670688788145,62.31119469155167,62.108700764256106,62.14321051821031,62.48906922755589,62.538831230497735,62.75510671041904,62.65170927762376,62.64290801790786,62.6462901439644,62.648927692677525,62.73833570750225,62.92187970041221,62.8563719377548,63.00169996862698,63.260276656449996,63.41871214896194,63.321189757954194,63.28767023574697,63.26916645548711,63.27143064411575,63.29239168239154,63.33950520379078,63.27705651236338,63.25234849760698,63.201398374067615,63.16003985212302
58,68.39085266585266,65.82808557183556,64.18747456247458,62.45921347171353,61.06568070818075,62.097271401438086,62.82183557183551,62.75471675315428,63.880442499886975,63.465425824175895,63.26918775668781,63.63338548026046,63.612420947997855,63.23535125588693,62.97775641025631,63.288329899267296,62.940096123919524,63.05402223804993,62.8869652764389,63.01694139194131,63.04399795530746,62.597904641654644,62.362868291129146,62.0893664784289,61.805409238909085,61.636080977427035,61.381235585402116,61.2707715564857,61.56519321993441,61.47803334011651,61.579252990139935,61.54654908170518,61.56500474833792,61.49058961191295,61.57574103145505,61.44616840207093,61.584029771529515,61.759595436239955,61.72495760412403,61.75728047415525,61.62295544338207,61.4528881281855,61.420849660674996,61.3771647334145,61.411089743589514,61.58347511988792,61.61251277288488,61.68539886039863,61.78235674000954,61.794033374033155,61.68354281883674,61.63736635515458,61.58755212292928,61.718257642562975,61.821052836052615,61.799243324466296,61.804065987618415,61.803433627355844,61.79653515034853,61.715558523266616
59,78.52280728530728,76.32396978021978,73.10531305114637,71.05199557387057,68.13472527472526,68.41287732329396,68.68550933193792,67.79249211436712,68.51233154705373,68.6018233618233,68.70770895770892,68.69353462895121,68.19219811527502,67.65933702540846,67.11954314204321,66.46209299959307,65.86677140941852,65.68244612897398,65.70121002292066,65.58647563085077,65.75842345485218,65.60890405890424,65.63675899382449,65.4277171516758,65.36151241351271,65.26666177483526,65.11412404468,64.86890080818696,64.92300745231816,64.79140059015087,64.63183645804645,64.45568798967264,64.14523994524019,64.03994185280973,63.87793142043166,63.80770926604287,64.01044533544565,64.13300933958854,64.23019447314344,64.55239163614189,64.54257149805957,64.45901990425824,64.57325782529294,64.80822753635277,64.8879020259578,65.10082107908221,65.1783631655974,65.41005704365092,65.63193686510023,65.86462749287762,65.88608098510073,65.95181937008871,65.83461730442875,65.92907245360958,65.99692298442316,66.08887235449748,65.99811440995667,65.86732707745655,65.72649676124264,65.53346196242045
60,66.29911986161984,64.32474053724053,63.368179351512666,61.34756944444447,60.055317460317504,61.33928910595578,62.93386098028955,64.1837746743997,66.68624112513008,67.4855840455841,67.7590071965073,68.14540979853493,68.49532301743857,68.90191290191304,69.24494234160915,69.40472120472138,69.2357427158899,68.90649250440933,68.28882569672058,67.78290242165251,67.18830237223109,66.44581483331498,65.90327303533827,65.87092427248673,65.87621916971905,65.92347746626587,65.75234289030578,65.6633403468224,65.60519258838225,65.46530118030114,65.43477834889123,65.62243446657509,65.52416256582919,65.30144096099974,65.06677481248913,64.9245034029756,65.1356213356213,65.33560610929023,65.11931856130566,65.11265466015462,65.05451261701259,64.82065951024282,64.73009697021327,64.71513636826144,64.57943664360334,64.57411112438294,64.3836069761602,64.29051678452723,64.30299249125781,64.22823616198609,64.00626231974265,63.92883783773208,63.86368452476946,63.770600156016926,63.74546213046224,63.73416414108394,63.64708807274614,63.59599174771608,63.55806162607027,63.524099681183145
61,62.68762718762719,63.79702889702886,64.45037986704652,60.80301943426943,58.8840954415954,59.61545584045577,60.23988894703176,60.723243538868516,61.458921788088425,62.239926739926695,62.64087024087018,62.7752140991724,62.82086033624491,62.26471088435372,62.200976800976854,62.478972387566266,62.40870980870995,62.54162596662608,62.5946195617249,63.175111925112006,63.52241651646423,63.22997742997753,63.095961626939975,62.839776870506036,62.64294932844927,62.386277042046196,62.38568413753596,62.36311050061049,62.50928399505986,62.4058784425451,62.34556320322457,62.417349187271114,62.16474975641646,62.124133777442665,62.03939589511019,61.91055883416993,62.0817267817268,62.43141855707649,62.50207439758723,62.83206819800572,62.92438044114872,62.910113838982845,62.925114764649585,62.90494632682127,62.89474788585892,63.08659696784692,63.14972700664181,63.22445807471829,63.29912297641865,63.382723850223535,63.2160241447003,63.14370851726591,63.14376607843557,63.25960860127496,63.41789571539544,63.47772281455284,63.51318172568143,63.47688044713872,63.486668494718984,63.26286011056802
62,63.374160561660574,61.57356277981282,60.095746845746866,58.844971001221104,57.60163003663007,59.562319393569396,62.034407523693226,63.115701312576284,63.758532876588404,64.11545126170124,64.03055786805787,64.0860169922669,64.03421190632724,63.43061805918947,63.55612535612538,63.37507345085472,63.090776652541415,62.91097968389637,62.92334843519055,63.18042760480262,63.19402629997872,62.59027037777037,62.432252570296015,62.41929669481756,62.42311497761499,62.189191008421844,62.03587162151984,61.939976524798034,62.112932964226175,62.06414377289392,62.20338351910948,62.21655013100341,62.30252556085898,62.24064737005919,62.13773184487476,62.08338434970389,62.24685990935999,62.56236759098609,62.68431509136644,62.69814967439973,62.5164519987691,62.17927423105998,62.201288558555994,62.21327572890071,62.32945145389588,62.36498668400842,62.381119510906764,62.54129549077469,62.50857711827102,62.54122212047215,62.40532093179151,62.456430312920574,62.422232301241564,62.449640200334535,62.432043419543255,62.51178883946724,62.511642532256325,62.56492024897166,62.521583524761205,62.33098451702588
63,59.42278184778185,60.491290191290176,60.3490181115181,60.00367063492056,59.00652523402518,59.04815408357073,59.74384557241695,59.82276086182338,61.327736512458706,61.79573107448105,62.163609076109026,62.822293023334566,63.02540778310005,63.163702468166804,63.78119081535758,63.7454985119049,63.39998354042487,63.42527387735733,63.550536597905094,63.978326973952036,64.13574771789055,63.83250060125058,63.69611159774204,63.10770841812505,62.87363919413914,62.64662502739421,62.414719848053174,62.34088518954594,62.41152162014243,62.487875457875596,62.40734061338913,62.43576865842502,62.3632165673834,62.224954212454286,62.22485347985353,62.05053220956005,62.34507804507809,62.8480639365508,63.06364286236083,63.374771062271044,63.3881348213665,63.1715486123224,63.11535657494957,63.19656119343615,63.03947338669556,63.15138015165186,63.12273930757972,63.26758294753086,63.353554089523534,63.458276862027006,63.343810002633674,63.26587829905145,63.21967866165987,63.27068127345922,63.24172928922948,63.301770906012145,63.27480872765983,63.25014411673912,63.31930846146957,63.29705560643072
64,66.0775081400081,62.0820996133496,61.436428232261584,60.66316773504276,59.604878917378954,60.436733482566794,61.2563615617187,61.36115944240947,62.825941188441135,63.89252696377697,64.54675093425095,65.40648444919282,66.16207343226576,66.1397570352927,66.617854768688,66.88984756562868,67.00853473868155,67.26721724777255,66.9294006919004,66.60223087098059,66.5860830087018,66.20218392718368,66.04921409106167,65.70582837301565,65.37666361416339,65.05330355186098,64.77172628468892,64.6616004200822,64.77617345936284,64.64609601817898,64.68772171675363,64.7638996998368,64.59823216906514,64.55469890947796,64.37791150648256,64.14974025460101,64.3091158466155,64.69854095709323,64.70940197029907,65.00110182641397,65.06878629500548,65.1417762902879,65.20667658138561,65.32361585174057,65.29083469000102,65.30646301162568,65.14447334580288,65.23807912766209,65.3140070435985,65.31346336996302,65.12232866080872,64.92701572821738,64.87168957003838,65.07694116582972,65.1706567506564,65.22438595630527,65.11715426386446,65.07388513466061,65.05774809779011,64.96139075430705
65,68.07432844932843,67.59737230362231,68.85213336046672,66.83248244810744,64.99490638990635,65.14558658933656,66.76372100122097,67.09037571225068,67.47550027133359,67.1730662393162,66.96899443149441,67.1589722391806,66.83697911774838,66.33152036455613,65.6513159679827,65.29769949379332,64.92716518231231,64.42749316013216,64.18034455797627,64.17802197802212,63.857694730313945,63.45929140304158,63.34145387623663,63.05238879561793,62.84991066341062,62.884864476691355,62.899677414492125,63.12356187132959,63.41632650555042,63.475818749151856,63.48986568986545,63.51417076846742,63.446847905181,63.356555848835065,63.322288650502735,63.01409676999939,62.979319566819406,63.185495924640485,63.23652045959716,63.317419235856484,63.1532564995977,62.82061893133296,62.701708100254336,62.67766319328791,62.66081637498276,62.6947586531823,62.545612838697764,62.60234714166999,62.736777574277525,62.88662800162796,62.805926145386934,62.763438057668836,62.70765170364228,62.893195273519346,63.00989473489474,63.20213130123846,63.22158610557734,63.213453117763486,63.20983319881625,63.234371184371156
66,67.09025742775742,68.16156898656897,65.89028456111788,62.60341371591374,61.439860602360554,60.91144179894173,61.20253939182504,60.697974537037005,62.45491792158456,61.84669210419207,61.573181448181465,61.597360856735904,61.714128001628026,61.53539122914121,61.79252543752546,61.76356742216115,61.47496827790944,61.278867634423165,61.26206113574528,61.18586156898655,61.14334190941329,60.85117475117473,60.89858478880215,60.60605603886848,60.629308302808305,60.604214019598736,60.73776021646404,60.65498757195198,60.80322635538162,60.72029066612411,60.8050392558457,60.735567384004845,60.750425654592284,60.67749557087795,60.497260015117206,60.44415813096375,60.83116275616286,61.16980686224119,61.237034688957834,61.5411542277168,61.59974773419902,61.55848559509271,61.5941041731739,61.74428118178119,61.678805679916785,61.7469367689476,61.7142883121606,61.78908316798941,61.94208031197827,62.070927553927554,61.93520304133042,61.94931964403108,61.861654418258155,61.87474581317178,61.8929462204462,61.95319250029075,61.886206702654114,61.837631748838746,61.804636441712866,61.69282390449075
67,75.4701516076516,71.7279532967033,69.94003018586356,67.31841549654052,65.50025946275947,66.24645061728395,67.03901825687544,67.16704759361015,67.41750553972783,66.85170482295489,66.50864228364233,66.38801299009634,66.09802409129342,65.94995384906107,65.8706467914802,65.6999036553725,65.55047852474334,65.58855056980066,65.43252361673419,65.62432590557597,65.59958234005859,65.12319856069858,64.99845914954615,64.93503722357893,64.7077380952381,64.61546718950567,64.48377877266773,64.2177016105588,64.15417298219025,63.975978666395434,64.04584514947429,64.01626793345547,64.04537052453725,63.928771636859885,63.94400604686314,63.81959608035995,64.0021341396341,64.33622571385726,64.3931663066278,64.68063085063079,64.66285227870586,64.49736830629683,64.5883990686316,64.5932603276353,64.69187581965356,64.9444492001557,64.98301509365339,65.1094645612875,65.22840613656949,65.23734788359796,65.02178260192971,64.96729272330238,65.03294044355363,65.13232101403395,65.19586311836316,65.1369992441422,65.19638778213353,65.13409295047234,65.06577531852963,65.025617199159
68,66.72913105413107,66.28979446479453,64.32906322072995,62.15057743182758,60.526685999186114,60.94054741554744,61.33917524274667,61.72459299959303,63.382634084023046,63.74705484330493,63.81672956672963,64.1364761396012,64.5168110735419,64.97082860922153,65.15489485822829,65.11167582417596,65.07589121118542,64.84297811242259,64.38385761412083,64.31616656491663,64.20440795976515,63.56920209420215,63.39638499584155,63.126869234160885,62.9520828245828,62.66933134529283,62.52804609656459,62.442979788069074,62.551309593982,62.49538003663007,62.47477598566307,62.449054359991806,62.268676847843466,62.150653445138666,61.921559683702434,61.82695105820099,61.99081650331649,62.04354141229145,61.96667958110267,62.120839819902386,62.081384198457414,61.88998827451215,61.9098507113043,61.84957473082484,61.87153213042113,61.91162981543425,61.85557763749261,62.024166073124555,62.17580247605765,62.1307178469679,61.94900594140797,61.87121382001198,61.79276345597115,61.962135018616635,62.10049237799244,62.11760749171472,61.989655227813195,61.898126657824996,61.73078259624874,61.65512540700049
69,68.66716524216521,66.59477513227513,67.03164258580927,65.4705395299145,63.115999185999115,62.843410832994074,62.27850747136459,61.726865842490824,62.86343157870936,63.331407712657715,63.72371008621007,64.28991571699902,64.45694796656335,64.64491503866505,64.57013736263733,64.96038486975982,65.01649039957861,65.3187833514222,65.3456608936871,65.3406957163206,65.39008517937077,64.898121091871,64.52202734865773,64.11999813458144,63.819677248677074,63.555044261294114,63.097988174376994,63.04785107419026,63.21270350020346,63.1416464862298,63.2559261228616,63.29356780372403,63.22663663496991,63.09009238310705,63.15315846851559,62.951044493058355,63.076785439285445,63.2160743739691,63.24255645826155,63.46097552910045,63.44813958624927,63.137369662964815,63.060821833205495,63.10289490601988,63.04441934608596,63.10434107961272,62.97426296123094,63.094697017874054,63.03943574377242,63.075582621082624,63.111086671135716,63.17531845825116,63.160606584191505,63.325609841119054,63.43259768009766,63.52680324800853,63.32880009853683,63.22919806885315,63.097604043790405,62.93506681590002
70,69.35177553927555,67.69120115995118,67.12580043413371,64.7956247456247,62.2858384208384,62.06633682675349,62.51648933077508,63.41632707570204,64.79438113326995,64.78730158730153,64.90708041958035,65.6290598290598,65.63133120440817,65.43387842316412,65.3040588115588,65.51988133394384,65.30384675237624,65.07959175598074,64.8084583788533,64.92570767195785,64.74649131732481,64.05498991749008,63.81422665498768,63.4242527726904,63.22622018722019,63.027856634106634,62.98639619982213,62.82098850223853,62.796177529367206,62.72048043006379,62.64817900140478,62.52061949913507,62.53699695366356,62.422921305274144,62.361572039071945,62.23909903111281,62.23529051029039,62.42153795278781,62.54908972793579,62.63309536528279,62.63245815837274,62.435014390371514,62.46321023937306,62.587888731638756,62.64263747569304,62.82087237440498,62.7751648568138,62.8486557327704,62.92305366591092,62.95770797720813,62.8049732856107,62.76169744607258,62.77003488300673,62.98645442349161,63.08687136937157,63.18259491830939,63.06302660140391,62.97254273504296,62.87347624911213,62.849823039615
71,66.07999084249082,64.41348951973951,63.15675281508614,62.16101317663817,59.87994708994711,60.01029371862706,60.4682328914472,60.84419452075703,62.13718683579794,62.91831400081401,63.339649702149735,63.72651607651619,64.0409649823111,64.28253132449557,64.38768688102019,64.75093991656483,64.83785223491097,64.98898950843386,65.0762866032602,65.31904329466822,65.68611522956753,65.53856120731118,65.61700177841482,65.6526832349749,65.59404110704111,65.80575749037287,65.87199064652769,66.15795722135007,66.33786314260449,66.15671296296289,65.82418616329892,65.75667194495311,65.37153587153573,65.13954008953998,65.03024943310645,64.90701566951562,65.03225780725772,65.30165732172303,65.28304178015712,65.51741859991853,65.5470617796837,65.36763571525468,65.41234453530964,65.43633449883446,65.33720695970698,65.3626159066376,65.36915304947217,65.48688049026588,65.63884725440849,65.72726037851038,65.54000963633315,65.5580843390939,65.55474789012516,65.52551459171822,65.56672401672394,65.65402975827078,65.65902755464153,65.67505719057436,65.57881605995999,65.47219559761209
72,68.38603988603991,65.3287316849817,64.47622608872612,62.01224562474564,59.736157916157964,60.02276658526667,60.022722978080154,60.7360297110297,61.718796635463306,61.82293599918604,62.08338559588562,61.828979276896,61.82023692119857,61.69064916564937,61.818218355718514,61.86321638431025,61.79628193157618,62.003784538506885,62.01944230233713,62.485122863247895,62.87465598775128,62.74888999889004,62.647151660738636,62.462988824447194,62.46996011396018,62.657647302839656,62.57512210012214,62.435623619105854,62.38771297348883,62.32677536969208,62.22800638728067,62.25143308658945,62.18243376993385,62.09661082381679,62.02203587417887,61.924954071134785,62.127021252021386,62.35636219287545,62.44483813906898,62.83048611111114,62.84693732193735,62.84550567377955,62.97083274176307,63.185901020276155,63.27484850540421,63.45339458247083,63.62054507746016,63.87898775607135,64.06182824167541,64.04751322751352,63.904672324770644,63.966828488463435,63.924940197817875,64.00516683248192,64.06309274059299,64.05750534188061,64.00574165113669,63.93421698033802,63.933117416168606,63.75775946275974
73,72.84773097273097,70.11950295075297,67.61653608736943,66.07325498575496,65.05274928774925,66.00003476461802,66.8406891389034,67.80705827737076,69.29877447655224,69.48123219373223,69.39613025863032,68.96844602157104,68.45428093985787,67.94439829350551,67.69371998372003,67.37502035002043,66.91370813282582,66.91531282503513,66.59348531585378,66.51327838827841,66.3384489408299,65.86457454582455,65.6221377253986,65.41919621659197,65.25643060643057,64.82929776775934,64.72006398950839,64.64932408860975,64.72175224201078,64.53290259123581,64.58943637008146,64.49498642272076,64.34795836879161,64.3676072565778,64.18815338101054,63.96401296748523,64.01181071181078,64.15949716706298,64.27153853980782,64.58284327940586,64.67265602509518,64.59937993003487,64.64618519938303,64.7672496484998,64.87747241441704,65.04917814673267,65.00279585465773,65.08044469034066,65.1495780485578,65.11617399267413,64.84040955413516,64.75803992126126,64.7005591456065,64.68299765221083,64.62951835201852,64.64054914166535,64.60228616412842,64.59926722383625,64.60580130791993,64.46278803757966
74,63.51497252747252,65.1610475172975,64.85360534527199,63.013651048026055,61.21783374033371,62.33774165649159,63.79658337694031,64.07664326414312,65.58827160493814,66.66529609279604,66.823642098642,67.34911435015597,67.8777308161924,68.2859479475551,68.39458825125494,68.69889569342693,68.88535127726308,68.87019909103245,68.5337775528565,68.52155270655268,68.42663987247319,67.85725200725197,67.514795349578,66.976420261837,66.55995075295083,66.36171808960277,66.00065967982644,65.72470892203042,65.80331933392281,65.56294430877769,65.350114386808,65.24637817333135,65.08635022385029,64.81691056764593,64.57496206174788,64.3198620438205,64.37882772882784,64.51131059486333,64.58211924590141,64.87582862739124,64.75350851722813,64.45410149814923,64.41552398936132,64.39957704332716,64.40051575996033,64.28335224558064,63.9861431515688,64.02091303757977,63.96804299253284,63.91152024827031,63.855152545348666,63.814508194796694,63.831089359627214,63.80885433153968,63.935624190624345,63.995603850514684,63.95577690665417,63.986654333852734,64.00629531328693,63.881480548772295
75,63.5686100936101,60.1302503052503,59.85820953737618,59.91141636141636,58.25706959706964,59.072128103378105,60.0264223210652,60.57063046906797,62.615403834848266,63.65317053317057,64.19736790986792,64.68157644824315,65.1593574872421,65.15704583115294,65.10615588115589,64.99648675976803,64.72786127271421,64.41389510695065,64.0760501681554,64.177501017501,64.03007539198012,63.307760295260245,63.010076799207226,62.84096056335635,62.55269943019942,62.32663798096486,62.16426950963985,62.16201614192682,62.50923399716497,62.57914122914115,62.484656576995235,62.49736832900898,62.30164835164838,62.32744828700713,62.21764361300072,62.084305612083305,62.19352993102985,62.4321905190325,62.61331739248397,62.73780537749272,62.615893862235154,62.46439073492627,62.465195667811734,62.52856703481683,62.62834803057008,62.65050211463235,62.64577975216254,62.92686149691344,63.278981439950705,63.32809015058994,63.34870567885252,63.35179500876596,63.39906687477415,63.54776988272331,63.53987512487484,63.65204799334248,63.5247796307006,63.35216087392804,63.26922533681007,63.112208825125435
76,65.17669413919414,65.42343559218558,64.80874033374035,62.45793905168906,60.18733211233208,61.20659001492331,62.37215971858818,62.97632847476586,63.89631608103816,64.22604141229134,64.22729770229765,64.83223146452318,64.70307011364709,64.83965855573007,64.99137294803971,65.00957913614174,64.6999775551247,64.75573305295536,64.41468709166088,64.51541335978844,64.31155348179166,63.5676566489067,63.2356700465397,63.042406262718764,62.93933475783478,62.729593038727586,62.66913712145194,62.5984372274551,62.78746368573956,62.594081026997756,62.558953844840985,62.56476107804234,62.48647617814288,62.37577764011594,62.096485842200075,61.97308455433446,62.20359755359752,62.55800210997571,62.63685858301236,62.86736034798523,62.885492048601684,62.82251693412394,62.78891645606743,62.91308772246257,63.06611348527997,63.35711432287505,63.55217972531788,63.82887137939212,64.07536723480585,64.16616320716308,64.03540135427374,64.06964902085082,63.97339887575719,63.93884809463494,63.99185619935603,63.8934329394149,63.73063579532864,63.64382236537399,63.580420693556235,63.48139660493821
77,68.59503459503456,69.42030423280423,68.35085300501967,66.25823158323158,64.39488095238094,65.31447988739652,65.10086269550555,64.59336334961334,64.67248846832176,64.60502594627589,64.6178978428978,64.478741436033,64.51347132212504,64.06963849642409,63.862961267127865,63.98898745929977,63.874580131197625,63.99097844028387,64.23156020392852,64.52669719169714,64.94297536678486,64.93084392459387,64.96063067367405,64.98896265771258,65.32154802604798,65.50537573181794,65.78929136706905,65.98159013605432,66.51156021500829,66.61090421923733,66.76068671471876,66.59918170660336,66.3424112924111,66.20141223155913,65.96074481074459,65.76199831547028,65.78126643126619,66.02318724160801,66.00240338958265,66.11913919413897,65.8589736144612,65.59226444851426,65.38385793792752,65.38591258278741,65.25434258128689,65.19443150448572,64.99677939278989,64.96432175077994,64.97003013048916,64.95455606430589,64.68140995714504,64.60882046194524,64.61859070349617,64.57517401151634,64.63185610685588,64.67127721815203,64.56838606487712,64.48901405905697,64.36985567006735,64.29587683150169
78,70.81926129426137,70.27850783475787,67.38605006105011,64.40818198005698,62.44572853072854,62.166104497354524,63.08768533054249,62.77668396418401,63.89142133586584,64.76704924704936,64.7953736078737,64.96209172771684,65.07568876991958,65.36995755567185,65.5183072174739,65.58900240384608,65.3731340826928,65.23958983403422,64.79900338452966,65.36135556573055,65.52228424133189,65.10025252525254,65.01846189237499,64.4195177893096,64.10411680911692,63.908066434989635,63.74698348633548,63.63177401302415,63.93803050397891,63.902435049518544,63.88972094214047,63.91873171677878,63.6709173542509,63.585615528262814,63.45335659049968,63.433409221951074,63.60835808335824,63.65249501960044,63.760588663473506,64.04206247456273,64.04384238164751,63.79189233385688,63.63412343470514,63.57049212361748,63.45938169854872,63.40147615066133,63.36178471843403,63.54961599935593,63.84250776623258,63.98155504680539,64.1520271213902,64.3089010793341,64.50012334800114,64.6653150861489,64.78812872312918,64.83248826239944,64.89625033024195,64.9301725015091,64.83037412995074,64.7869255358842
79,76.04696275946279,75.29101800976802,73.5266008682676,71.164080942206,68.62845339845343,68.28208095916436,68.76797706261995,69.26462912087923,70.6010943788723,71.05862993488006,71.23137834387843,70.95795219441061,70.79609475282554,70.31432641432643,69.59622880206219,69.08470250814001,68.46462927051164,67.94605831411393,67.79303948975006,67.80483084045586,67.72776251526253,67.17283572908573,66.71037386526517,66.33480976970556,66.05382600732592,65.74124518643741,65.48823693453312,65.23455796848651,65.22467422424313,64.9878554470221,64.80258117032305,64.76873966600522,64.89266289266284,64.77542390887972,64.7790390429676,64.64620062293672,64.90283662783665,65.16676332926338,65.24047671227163,65.26804830586083,65.13133704597122,64.84511878113065,64.79469101097006,64.88385977448476,64.76079059829058,64.7846008962856,64.6098878367495,64.68209622167952,64.76369213741654,64.80537087912083,64.65449974861735,64.70782575686428,64.68514093349002,64.69573412698408,64.70933048433035,64.67658303171682,64.57373642439421,64.59436418466584,64.51149319136599,64.34182726224392
80,71.22835775335773,68.72726648351653,68.2538783747117,65.63695054945056,63.64494607244602,64.14251288834618,63.548757195185665,62.37612624643868,63.30817109844879,63.543063695563625,63.426146538646464,63.243394298602546,63.4454838608683,63.08086262282681,62.7797642789309,62.75734126984129,62.709525305848835,62.775226959254695,62.409755960413825,62.42663232600729,62.38375898792556,62.07216255966251,61.93067920404866,61.84956968186123,61.904836385836255,61.65237273410333,61.54915000979806,61.39809963515316,61.60142871177351,61.7079514312847,61.5975550435227,61.65557749542117,61.46936242769568,61.27113813474101,61.175602796674106,60.9688126045764,61.09612964612957,61.31645058158205,61.482986078498804,61.76603632478619,62.01959334703222,61.94299656472259,61.92654648323235,62.091739279239135,62.12633100438643,62.23745122630979,62.1675492946768,62.30523620862147,62.3952939539672,62.34902360602334,62.12899269394335,62.13021048573904,62.07211711244701,62.09476947949143,62.06361286861257,62.09087292502441,62.037897807195804,62.01001650807669,62.069687782399534,62.132752594627426
81,68.02648555148554,71.34333028083027,68.27434032017366,64.62920863858365,62.23676027676027,62.65914902998233,62.6212330658759,63.115943605006045,64.81625005652783,65.44073667073671,65.83583777333787,65.51869954890797,65.48310009079243,65.1167916739345,64.90899267399264,64.58781033781032,64.1469112858818,63.971205569122155,63.70628628194415,63.8727787952788,63.97417630870014,63.56000342250349,63.27440277114196,63.09639698650116,62.915661782661864,62.91287256191108,62.88026782887902,62.976993393511265,63.084437672799766,62.96614909781579,62.87266696863472,62.78283714260282,62.76289389622727,62.63603405037235,62.55455869527302,62.40666943653067,62.51215074965087,62.887056851530645,62.923309904720234,63.088780525030636,63.17326975192837,63.180154248309094,63.4521607698934,63.82775812150817,64.04013917152811,64.2456826989436,64.25366657574101,64.36611297652964,64.5240625493176,64.6723006715506,64.49937673074922,64.3906747988478,64.28832782346926,64.3493471035137,64.46908813408801,64.53871418759809,64.46001926111582,64.39934327326576,64.32534922704419,64.26201558472394
82,74.05266585266587,72.03016890516894,72.54468186134852,71.11350605413102,69.50739723239722,70.1669515669516,71.18758358044074,71.61915318477821,73.20641251752373,73.70081654456656,73.86092426092432,73.88314594356261,73.72408424908426,73.25903613582186,72.8332885632885,72.1501414962352,71.45789491010073,70.86481509745389,70.49210258552358,70.24573997761496,70.25215928251637,69.71785459910457,69.19011188087273,68.7742052893094,68.53152808302796,68.49340776744609,68.25142958892947,67.8693334278155,67.7192888369611,67.51841880341868,67.2386789882756,67.01395200574873,66.83719135802454,66.67933260911191,66.54907262050102,66.55253216433753,66.6035938410937,66.54590937814604,66.53183278023008,66.76657114875852,66.80875795387983,66.63222377269987,66.61878330541114,66.64255385817877,66.43741339935774,66.29504554423029,66.01727846621465,66.07211368878039,66.00641596687522,65.96084910459909,65.75141153327428,65.57076670658401,65.42097271177455,65.39590936327046,65.35553437303439,65.25311173614752,65.20636866382486,65.15994896706114,64.95557142167328,64.75505079025929
83,67.22577330077335,63.611434167684145,61.86594424094422,59.7233987077737,57.46024216524211,57.89317850359511,58.63802401302397,59.204538690476156,60.20794555238998,60.49711538461533,61.42699661449659,61.99627213064713,62.41277198584894,62.408848988313295,62.494095441595405,62.16424374236871,61.77437004716412,61.41678396192278,61.06731626073727,61.43056980056977,61.671741816384696,61.792369898619896,61.536057139317975,61.54000072072992,61.74941676841684,61.57146946714253,61.38455565353715,61.220460128495915,61.44703170392832,61.466138074888086,61.581059546785376,61.55338827838827,61.41499534416198,61.33657527113405,61.2221009942438,61.09960176140725,61.350974188474154,61.561747049247,61.8246790958329,62.09326325295071,62.2135312745068,62.00959491346389,62.07184409044862,62.12121512746498,62.19780389363704,62.254133044893685,62.133901834965435,62.144793468491116,62.214681501415924,62.20712311762287,62.04843773691791,62.10031630584498,62.049075993887186,62.22453129004044,62.36267602767592,62.37278184778175,62.384912334254366,62.42855765722136,62.429546418741204,62.334453856328686
84,65.41737382987382,64.5345543345543,62.94763261429929,60.204828042328025,58.01475376475374,58.56749677791347,59.79538272573984,60.588051358363856,61.958678153122634,62.56511904761905,62.88460937210938,63.8506495048162,64.69055406843879,65.15766796034657,65.45592456925792,65.91169076872202,66.13625954655365,66.51232221996112,66.7007149283465,67.13665038665036,67.30572465453415,67.08757816257813,67.08335877085872,66.92651522859852,66.561947089947,66.1850601499638,65.83671520523359,65.66634251991375,65.72306744979149,65.5968559218559,65.70824586106845,65.62061981710418,65.48975515225513,65.4043561014149,65.22921347171342,65.10589048297378,65.30522253022251,65.50581823147614,65.58822294751779,65.66631931725684,65.70230054498352,65.64693611062665,65.7914981874285,66.13084207459217,66.25226721837846,66.38355519279442,66.16876066211181,66.16251897215444,66.14154685073059,66.11017928367932,65.93732333389204,65.70657051282059,65.57907144392993,65.55959578829955,65.63360824360824,65.6632772072504,65.6197509443123,65.50286601967635,65.35462480081122,65.15385115655943
85,65.35462454212455,64.12664326414327,62.32047551214217,61.453815628815605,59.82759564509557,60.41650725817387,61.43356517820803,61.68687423687422,62.85069868403202,64.02169566544565,63.96616207866207,64.17362001424499,64.43315801008113,64.13003226931805,64.57993623660292,65.06897130647133,64.8625691302162,64.57557969294079,64.28998056037524,64.21513990638985,63.92183750993265,63.49810374810367,63.1275853373679,62.763501178605345,62.61815160765156,62.64687235841079,62.54251816427744,62.39503096110247,62.58698967061038,62.637177791344456,62.64813485498968,62.64722492495933,62.56852730602745,62.372262622998065,62.29835441014024,62.31978460068748,62.296164021164074,62.42637161814801,62.49265207726752,62.627163079975624,62.48919302242475,62.313903666879845,62.26125285136912,62.27999720187219,62.26986580292137,62.273908287767,62.202544726746886,62.31399498456783,62.38663055576313,62.30675417175413,62.17455469367224,62.235506578535364,62.22425357661199,62.28939594356256,62.216247733747835,62.164882769347166,62.00884315489591,61.9435237814549,61.86764786531739,61.736420601003985
86,67.09721713471714,70.20566748066751,69.50497727581067,67.65038410663422,65.93818477818495,66.46540242165258,67.42275859061577,67.54034137159152,69.1397656355991,68.75757427757438,68.8162897287899,68.69712301587307,68.15764730283965,67.24459706959715,66.43630511463854,65.4773796805048,64.95118778280556,64.83755935422619,64.60805619818792,64.50506919006929,64.218459891079,63.65144207644207,63.7112732476863,63.64392339913168,63.56281827431832,63.220280164991756,63.161440479959055,63.064376380894316,63.22654467180336,63.19062152353825,63.20571179119567,63.28815374440379,63.13587939837941,63.091433239962704,62.95512093726389,62.81804128227749,62.91398018898036,63.04238293383047,63.019602939795405,63.11186291717555,62.89778085509804,62.702890914200545,62.73243864232245,62.793693921818985,62.82458180708187,62.8970983525332,62.87058307138104,62.899400310337874,63.0027219190484,62.92533353683347,62.80542338017818,62.69665075842953,62.720907534115014,62.84529537677673,63.04292577792561,63.13354173934516,63.0479388464036,62.95936416712265,62.91418465401503,62.76919642857131
87,61.38562779812779,63.415369352869384,63.11243725410392,61.894429181929205,59.92591778591779,61.61721187762855,62.1155590441305,61.8094831094832,63.34894123366355,63.742618030118116,63.798750323750426,63.83975037308379,63.612953179299396,63.4230420373278,63.30874847374853,63.428511332417656,63.233165744930474,63.4368872382762,63.19119085105939,63.504208129833245,64.1511788476075,64.30324883449889,64.4075790554052,64.38478539207712,64.2718241758242,64.0439611314612,63.83971965962712,63.63854421041924,63.64299345290727,63.574492436575795,63.4675230086521,63.2754946008853,63.16444296444306,63.197133340515826,63.051467527181984,63.03277059874288,63.014459789459835,63.101255944348104,63.08128593865778,63.198130341880365,62.97734943466665,62.79842529604448,62.73242976876708,62.75822915510425,62.89358363858376,63.112529197855416,63.2475621108601,63.46631488688783,63.57341602086507,63.72585164835172,63.7061618664561,63.85157751792382,63.84813893304476,63.968527280332985,64.01223609723624,64.09039070222123,64.05096412684149,64.12188390313409,64.00862642536394,63.91109143942501
88,64.88733211233213,65.1785841473342,65.5267840184507,63.80085724460724,61.46208892958895,62.373861246777935,63.688122129193594,64.5544070512821,65.6287494912495,66.06769993894994,66.87743830243835,66.63316163003664,66.0802538273693,65.74563891796036,65.5717914801248,65.98142170329669,66.05765879001173,65.80175010175003,65.57690888546149,65.70971611721608,65.58810735120257,65.01199841824844,64.82568504361993,64.92879994234174,64.74502096052106,64.35899881813349,64.13059342920458,64.16513932496082,64.34634594332876,64.34494301994305,64.28494114905412,64.20128538995738,64.05719003219018,63.91990650961262,63.78453601953627,63.57482532899225,63.711245036245295,63.82259668937326,63.675679768949244,63.892101521164264,63.89315805017045,63.687739476132506,63.75672390701475,63.864748677248826,63.96957117984913,64.0576029445596,64.09269953844435,64.19468122541055,64.31830712749098,64.33752503052524,64.27042962484163,64.20045748411152,64.07643582832281,64.13622369571459,64.24013967513984,64.30615933339162,64.2514985826391,64.18558183515098,64.10446131081741,64.0586042429794
89,63.54990842490844,66.43798840048838,62.804994234160944,60.883641127391165,59.17368844118848,60.87412749287751,62.85069480783767,63.52387120980864,64.17043707321476,64.67586284086279,65.33247539497532,65.5228590082757,64.91987766507003,64.65092701610565,64.43482295482303,64.54557577838831,63.80558099308095,63.5485514742459,63.086987768566686,63.27058633496135,63.46317082388513,63.130804612054675,62.77550587496243,62.38233533441869,62.21154029304031,62.155296288469394,61.9863724581318,61.784800715157935,62.00409403814582,62.09346764346769,62.06054475691577,62.03213713369965,61.966106578606535,61.87520978476854,61.77501148322571,61.697189718717446,61.65420489170484,61.92107083949194,62.15894552977889,62.42941341066345,62.58810553719093,62.42290794522945,62.299424165412574,62.25572934010439,62.28439876995441,62.373093733963344,62.30850641675114,62.41825884377975,62.5435941043085,62.64839438339447,62.56638017030185,62.606652304248506,62.610679441103876,62.720936119778536,62.86451187701177,62.858097854526335,62.90308534869927,62.8637684553632,62.870568007008636,62.85055648826468
90,68.98543447293446,69.86919770044773,69.40509259259257,67.85516890516891,66.3439458689459,67.56957332790668,68.60304886912037,69.27754947598697,70.13728236783794,70.1917882580383,70.50264642764638,70.61664122914122,70.21469193199965,69.58981517820807,69.22730056980065,69.15121082621094,69.07737107663591,69.48863677474803,69.76311264271806,69.89538563288572,70.07669704634003,69.5536294723797,69.50788054538083,69.44127047720838,69.12459625559659,68.75839223098866,68.43027725018494,68.31817020611699,68.3606504287542,68.14928859720557,67.91656147019077,67.6323783132379,67.32438055771408,66.9701994900526,67.01418469097051,67.13909620472134,67.55528908028923,67.75000294539781,67.66916502301132,67.64270019332534,67.30883401828534,66.98439177665375,66.82464269150326,66.75828257390764,66.65305928639279,66.66369678027299,66.7671167484997,66.88108317222897,66.94742873339817,66.99915537240558,66.77068549642092,66.62335722504005,66.47989465984759,66.63475434887482,66.56265984015991,66.49561311704177,66.37710560232497,66.34163412417733,66.28107767154385,66.13281415343926
91,64.33378612128614,65.01124592999597,62.379307420974136,60.18221408221413,58.9214173789174,60.362924806674826,62.038661404732906,62.859934625559696,64.18810993533224,63.77474816849824,64.20665676915681,64.89842032967039,64.91976926207698,65.0171914064772,65.5005009496677,65.66198679792434,65.89765795206974,65.97434512503955,66.13914031874565,66.29728785103788,66.45107927786499,66.40261636511637,66.66345866291525,66.68741075668167,66.83274623524635,66.8233811950159,66.65455425918395,66.27118582475728,66.37023546376997,66.14617894451236,65.9024848359527,65.79825609864686,65.63994971078316,65.45414901003143,65.2683073143788,65.03280564600011,65.1370038995039,65.18101463594884,64.95908980620509,64.89114214489207,64.54917780954358,64.34353063162577,64.25423990307696,64.24472656972641,64.2664254058697,64.37877979508399,64.25904406861842,64.45208248541564,64.5444033290971,64.66648219373208,64.50347396793462,64.45749526470665,64.45650336735224,64.51888236934508,64.55439921189893,64.51825796557918,64.46317226470714,64.36540382510185,64.22590574836318,64.05090990028474
92,66.45987993487995,66.22749796499797,66.98453059286396,64.76605616605623,62.87407000407011,62.0850172975174,62.62773489737781,63.6828900844527,64.9504267851491,65.42909798534814,65.85351315351326,66.15957680436858,66.74138215772845,66.24133052793785,66.16976699226716,65.54169115028512,64.9770373961552,64.6611241125131,64.54739305528784,64.95909518722021,65.23323885109599,64.95279211529213,64.92486573410494,64.6541535239452,64.46723015873005,64.23535933439766,64.14727592366474,63.900287989127236,63.91871500147354,63.9728293311626,63.887243491275676,64.03313412571217,63.89709040959034,63.85400895400886,63.703286237571845,63.51134301655128,63.725606238106174,63.98222921084755,64.12289312064944,64.39977831196576,64.41593456227595,64.37397026474402,64.54863595706617,64.82672200484697,64.76205422149862,64.71835560775776,64.52419206089415,64.5752454721204,64.63706133246944,64.57942531542525,64.40812614219473,64.38010961616725,64.29760733675818,64.4647307767677,64.72960872460858,64.87175117375993,64.69843554755816,64.6462958577181,64.42899972751648,64.21883818342141
93,64.34923687423688,64.49272486772489,63.754120879120876,63.82830051892551,61.668225478225466,62.0520477207977,62.888107593464696,63.007891356328834,64.61528569167463,65.5867531542532,66.26927609427611,66.49992241554747,67.20452631414176,67.63866830920409,67.81034866368198,67.74979204822957,67.54282422370663,67.79943585221368,67.54128510378514,67.57584935897435,67.63027428920277,67.33316706441698,66.92320477429169,66.44199587064168,66.19041595441593,66.20544480448324,66.07493518141659,65.79065843217624,65.7075558222109,65.54969017094008,65.45286689117316,65.32907175289971,65.01688095854749,64.7971634166486,64.56869948834225,64.2904699724143,64.34703920953909,64.417216117216,64.37818830030359,64.54141127391115,64.62530984146827,64.36124060022861,64.31435161522359,64.38134955322445,64.34170487948258,64.38182654704393,64.44132190701343,64.54232200091582,64.61682354871137,64.69352085877087,64.58035115755712,64.52269888231429,64.37533961496226,64.56139252551287,64.54775548525548,64.65602596807958,64.62074720276479,64.58598330947467,64.63651285155518,64.6732923789174
94,76.81451973951977,77.03311202686216,75.38701838285182,73.2486696174197,70.74976495726496,69.65618725410394,68.66137202744343,67.58419820919809,67.33669956586614,67.28913105413099,67.46321086321085,67.31951863722699,67.17920267054876,66.74089663643227,66.9445014245014,67.08095778642648,67.1114046900811,66.73319229638666,66.59134722489975,66.31322064509554,66.25094167296538,65.68850524475516,65.28003154253143,64.86912817121141,64.6408046398045,64.43971502144572,64.14205953511505,64.09318565032854,64.23319632155837,64.08632597340929,64.2637656399753,64.22279901811154,63.992807038640414,63.741867473485165,63.47070076748653,63.22134095328544,63.373624723624786,63.32385424030165,63.25677890485588,63.487830179080234,63.662677938592616,63.67141924433593,63.6512882036138,63.58814865689869,63.661071541627116,63.60418203977988,63.4049306583881,63.438265669515665,63.42620823054495,63.39398616198617,63.19252086874631,63.14070121473962,63.0781393746016,63.21503084535481,63.28405723905713,63.29220948528973,63.2048855222099,63.21863553113534,63.1398920759089,63.0432490503323
95,64.65900488400486,66.07576821326825,65.32474392891058,63.043646978021975,60.86997354497355,62.39821258987924,63.45987048665622,64.63521571021576,66.03212194184415,66.75309422059419,67.23707681207677,67.38488756613746,66.92266953132338,66.80330142740854,66.79074888074888,66.50145025691901,66.11277412674477,65.83290570026682,65.6054631771737,65.7166765873016,65.59153390701013,65.0871637621638,64.88015563341652,64.4348511056845,64.22941493691502,64.00149729188196,63.87220262590642,63.95741485696849,64.07762883668062,63.957300569800545,63.86875566190082,63.72241491147739,63.47715263131927,63.27505850630848,62.93558927844636,62.58610559964726,62.67910520410518,62.81038466893725,62.89821285077688,63.134103072853,63.1208315961364,63.06021195515237,63.19364783579891,63.361385142635086,63.44786471758686,63.429125413636214,63.20737536694977,63.315815251492126,63.49826318805892,63.51584676434663,63.36133675692482,63.327277832566146,63.244402976478305,63.34026571850641,63.4621721796722,63.571065178208066,63.637501160308226,63.64779281223247,63.79522869628797,63.84568325193324
96,63.80613044363046,64.10055962555965,62.431303418803445,62.31687016687022,61.50530830280835,62.59962861212866,64.10670896563755,65.53552922771684,67.62402376430161,68.62700956450965,69.32123062123067,69.5172559693394,69.93119149369157,70.2795769376127,70.23531847781848,70.26830007376888,70.15330598051187,70.15671381088048,70.0447609408136,70.12248728123728,70.12726248619107,69.88460867835866,69.81849175381774,69.53781690917096,69.17252564102542,68.6107851194387,68.17947474336329,67.92052008837696,67.9206579021231,67.99031559489858,67.91797087321247,67.85618561126343,67.54333675583645,67.39542842778107,67.31070992499536,66.93597459639096,66.93544822294794,67.11152842040971,67.01693317366366,67.17310388685365,67.06235122149734,66.90878381979552,66.8794664745244,66.86686334498813,66.74244313299847,66.67663850843184,66.51090252340236,66.52211580857397,66.53373981460709,66.51448941798938,66.30349591403507,66.23094064055603,66.13658789672941,66.11407024902397,66.10658535908534,65.9916630327344,65.9357212475633,65.83484300661016,65.70950061394963,65.48391246099567
97,72.67955840455836,65.95446682946678,62.48289411206073,60.85787672975167,58.43740842490839,59.18974952516618,59.6599962207105,60.11952520858767,61.00682630127072,61.56513838013836,62.42763070263067,62.30165852665853,62.90740897279358,63.315104075818404,63.449580111246796,63.52373130341888,63.30594011108716,63.22985771944102,62.97985428314368,63.391591371591325,63.703085208442296,63.621248427498394,63.58650837889964,63.71191154524485,63.695144281644325,63.716682907548346,63.73330054718943,63.62085513692661,63.70388071379458,63.592681623931675,63.68278552391461,63.691470320767216,63.532251390584776,63.33659247887195,63.158668527239946,63.096029767557525,63.26912901912897,63.55318598312021,63.69018124562999,63.88252925315429,63.78604832385326,63.493230711087925,63.388386054083796,63.41771480833988,63.3715100845657,63.40317958008183,63.1991510361191,63.24682401895937,63.25187531667108,63.25486202686189,63.068600616884794,63.13164212923811,63.12758838820145,63.245240921629524,63.225328282827945,63.23137582490233,63.25709733736022,63.20749266697516,63.07575933169133,63.012056115180904
98,70.02078245828244,70.20990537240534,68.81905948989271,65.87620573870569,63.80762210012207,63.81567629900961,64.1648286237572,63.56900946275944,63.981639759417526,64.38269129019127,64.4172364672364,65.10245175349343,65.01828097116555,65.23676848944703,65.40919787003112,65.35745828245817,65.39698640139815,65.23549637091304,65.24434992395518,65.62632554945061,65.76277642110985,65.53990847115858,65.41972093928624,65.06390796703303,64.93815954415953,64.74624307316614,64.50125567162603,64.30491362143141,64.40587940156908,64.24184625559627,64.14847850775274,64.02086735602369,63.9554820179821,63.88700486604909,63.7074569742428,63.56941646316656,63.729273091773244,63.94762587558652,64.03739159700704,64.18523898555155,64.14698100002984,64.16156971335548,64.41437291175671,64.65768964831476,64.8940331479221,65.26100880801978,65.3265345863751,65.54252899877909,65.7562527514059,65.8516015466017,65.81070311315425,65.84960591402914,65.91777459088792,66.01247522196611,66.21124412624428,66.29550528010371,66.28615555983994,66.28751798169925,66.242536543808,66.19038690476211
99,73.21704822954821,70.65773046398053,66.80619318952657,62.84003612128615,60.082837810337814,60.14993979785642,60.64759361009364,60.03700651200659,61.063428752317726,61.02075345950354,61.55439097939109,61.86225325600331,62.189954916877994,61.79850536368391,61.67355209605201,61.65170685795676,61.30161303837766,61.38382512549169,61.42938168069733,61.63044134106625,61.79721180494982,61.5286916786916,61.47265266939177,61.329321411613016,61.279804029303925,61.3695761325569,61.36896395785281,61.29467174690383,61.57499438620122,61.609022351105686,61.60379413000372,61.60598894739511,61.629213533380025,61.467449394287456,61.32039638932483,61.2805336510196,61.40364072864048,61.499209562367206,61.54366749110318,61.83019993894975,61.88074193196128,61.748309373606844,61.966272680807414,62.173344017093896,62.11020146520135,62.24314381270894,62.194567518769546,62.30482030508063,62.38599544824031,62.37626505901504,62.2977172065407,62.34136992814879,62.25447844433707,62.44790215785607,62.62007224257237,62.66410065628826,62.64221147598344,62.577805846771405,62.59191000462202,62.50431199972877
