,0,1,2,3,4,5,6,7,8,9,10,11,12,13,14,15,16,17,18,19,20,21,22,23,24,25,26,27,28,29,30,31,32,33,34,35,36,37,38,39,40,41,42,43,44,45,46,47,48,49,50,51,52,53,54,55,56,57,58,59
0,88.38882783882786,94.24750203500211,98.39493623660304,103.78318961131461,106.56137057387063,106.69237552570885,105.9092323681608,103.98570156695142,103.41876158820597,103.22582519332511,102.56536657786646,101.79172347714,100.94292406311632,100.02308419094125,98.71321835571827,98.17359044312171,97.76352019440256,97.53915598290592,97.9701866846602,98.4572697903948,98.56991297943682,98.76996221371216,98.76553790412486,98.32833316374995,97.64494546194553,97.51174274443511,97.45500648185842,97.24682884906109,96.93882134787314,96.77814645231324,96.87105275250443,97.14830729166677,96.96354386354396,97.0834430139577,97.02718617361482,96.90622908470148,96.86743955493958,96.83639052224576,96.7581171795915,96.79923814611308,96.7368594707009,97.04494495804026,97.11502955485521,97.09247222684726,96.89527269027268,96.67831583673971,96.43868950198738,96.35274905457197,96.30667397606175,96.2221193528694,96.09178397854873,96.03990374831719,96.05214961488542,96.01047649195795,95.93231934731935,95.93708863887434,96.04752265278586,96.15357607749858,96.19557671612766,95.98774581128761
1,83.15455840455841,90.11038614163613,92.22892077058742,93.85856990231987,93.60729649979643,93.70762532220854,94.13627318448744,94.2575027981278,94.08591382896945,94.17491809116822,93.50727050727063,93.11861433319783,93.26595011114257,93.23883983080425,92.99498643331988,92.92057864011004,93.47068759127599,93.80976716185067,94.08568965147921,95.1767106735857,96.58155343333918,97.51009268509276,98.16092840331973,98.30342007529505,98.00512026862026,97.68124667355438,97.3309391911244,97.37358567358575,97.14016374749146,97.02279083570758,96.85248270248283,96.8660585508243,97.0250291375292,96.77905967942755,96.76995915460215,96.98852753470827,97.4764694639696,98.00985503288155,97.92711783705391,98.27054194647958,98.19723003960814,98.11608632769354,97.98791670216094,97.99882363007369,97.93223838918281,97.66500847180195,97.58040574476746,97.58900070801116,97.5462931814973,97.50322120472119,97.5721766341864,97.66984322657399,97.65108095084508,97.8230251058954,97.91044603544604,97.97789724329901,97.98931115181114,98.19356535865153,98.17057387057382,97.9338631121964
2,89.43950447700449,91.54978378103381,95.94167175417182,96.91830102767607,96.06660765160774,94.87846035137707,94.78942961800108,94.14471662596664,94.20606543662096,93.97231430606426,94.0611222111222,93.83727445394119,93.62034923765694,93.77920991045987,93.97712216795549,93.42714660917778,93.0861188920012,93.40378284267165,93.66359568793774,94.75904685592177,95.06005412136358,95.33854247604238,95.77762448903738,95.51597879358282,95.75476210826197,95.23454357252419,94.82844311038735,94.69188379411572,94.51757434774649,94.39970051553365,94.36010706736491,94.50863635785485,94.35020442520414,94.33054238789511,94.1399177277748,94.17079715551927,94.32708656458651,94.51207238180906,94.69740198073517,94.88835164835149,94.98851303393968,95.03002645502616,95.0889090022808,94.97538110038074,94.92480045674453,95.02352672488506,94.84342142294246,94.80000339166988,94.74309449054323,94.53636538461515,94.54241323309923,94.62829494223699,94.7622770136918,94.90373488822539,95.02695841195816,94.91761993793222,95.00779798499076,95.15076724839636,95.21233142250072,94.99747176434659
3,96.35794668294673,99.92345339845342,100.6726173517841,100.33359533984535,99.24388176638182,99.72116910866912,98.83719620326757,97.54430962555945,96.70550354994775,95.91122456247432,96.01558117808102,95.58080102767586,94.98585399643083,95.03220463399026,94.91870268620264,94.4762791895603,94.30904708037043,94.50204404648834,95.54531976308284,96.59811304436303,97.16177951237482,96.98966935841943,96.52341690113448,96.06110750746183,95.78045197395207,95.38181960489663,95.15269920408815,94.84484399529047,94.35493330105407,94.48199481074491,94.34915235600725,94.39810442740153,94.51658788742135,94.54018754937877,94.62272007093439,94.73177076267358,94.75434706684707,94.85294606709073,94.56532773968665,94.68216206247457,94.99705210101538,95.15695788999338,95.13895573633924,95.15401947589416,95.04683059738579,95.22092689918743,95.1976472995086,95.33225255647092,95.33240460408791,95.13464306064274,95.06836559410063,95.07356336683222,94.92212507967189,94.92398362953885,94.9058651533648,94.97417391636101,95.07187109511634,94.92794601630784,94.83799366045115,94.73355014584169
4,99.25698005698008,100.26274420024427,102.06754171754177,102.80918676231181,104.04648046398046,103.47678825803835,102.91815512529804,101.13198260073256,99.77997218830556,99.11396316646318,98.18392533392534,97.43080908289247,97.64292054099745,97.56908795569518,96.73504205670885,95.43561698717966,94.93615061409203,94.51928673178695,95.24280921320418,96.0795304232806,96.37951261701282,96.63388162763178,96.77675165012137,96.36827982973823,96.37809829059834,96.31812815033982,96.12358736942087,95.99822700447712,95.92702640590576,95.7249572649573,95.79879721532956,95.77445404711048,96.04926262009609,96.36586538461563,96.24220129077285,96.38077205716114,96.53925532675561,97.0056307970784,97.39254941402397,97.88047784391554,98.1100029036006,98.38140613795376,98.75112930781538,98.79991836866844,98.93340037534479,98.95893244235633,98.967321872375,99.2012364757156,99.12642875831648,99.09462606837592,98.99499678788874,98.89112093390919,98.81642812987135,98.72844593677917,98.67497252747245,98.84016548927252,99.05279455761895,99.26063920115637,99.31611919938177,99.13601800976775
5,93.77638888888889,93.14690170940172,94.07003629086972,95.23708664021173,95.48669617419635,95.53413037579719,95.63034696784707,94.2408094220595,93.95662958440752,93.84803876678895,94.5069231694233,94.52043693189536,94.6519031182493,95.27036709983142,95.13690137023477,94.99680536477406,94.98908371040713,94.48307104418204,94.67165804468415,95.46235729548202,96.14909684671564,96.89806281681248,97.46315208543443,97.50895443291257,97.54806491656473,97.40010155442825,97.26651517207046,97.46405641316335,97.19671364714453,96.9556459435625,96.5601697585568,96.37740018950947,96.62576759660077,96.89736167971446,96.96236467236459,97.02586600642151,97.4236857736857,97.63330923462492,97.6034651127599,97.36635238603986,97.29918066350977,97.28281973758153,97.18549138200288,97.03437419062409,96.77789840817604,96.38684448602916,96.21648784627497,96.00506100766506,95.83450159062394,95.63187433862423,95.44967070873926,95.4091707171033,95.53669511829878,95.7235192533803,95.81255383505368,95.60001508081852,95.58474400031407,95.62237940858618,95.66045973800199,95.38872524080841
6,80.03937728937728,85.11314865689863,94.0816714150048,96.88601826414325,97.01370879120877,97.52141076516067,96.17819640676775,96.20046296296282,95.9440600551711,96.0033409645909,96.32255152255149,96.14581383123048,95.64974523339906,95.62896680039529,95.1574392891059,94.6401178393366,94.36828269769453,94.31673365215042,94.2581817792345,94.71372914122921,95.37075266003839,95.91033503533507,95.82918944984173,95.61467024487865,95.51269373219377,95.11621563977342,94.76081132516329,94.60707780975649,94.49401411168668,94.64717490842516,94.56307587275352,94.30537097451194,94.06309708809722,94.19676569345685,94.20492673992675,94.30703573689678,94.57091322091316,94.7151254203886,94.81711110589316,94.97150119556373,94.99545090185345,95.26037790472334,95.46185223045703,95.56712419524932,95.59471012526592,95.747785497514,95.76598613167788,95.84847427842242,95.69667027983373,95.4623179690682,95.22060399658463,95.14313822751349,95.19946571597544,95.28997667284733,95.38019869019901,95.42498828056891,95.41882983812835,95.47570435630797,95.35370292764374,95.26351114163633
7,85.18836487586486,87.51515059015061,90.4408390991725,95.30292531542537,97.72207163207163,98.6863722697056,98.96297023082734,97.917431064306,96.9515013792792,95.36929741554742,94.66280247530243,94.7745645943562,94.02182461413226,94.35673367637646,94.35643026726356,94.27410205535207,93.70817173023069,93.41942155067153,93.84474674935196,94.52683531746015,95.63783674438417,96.1150229400227,96.15298503831094,95.904861111111,95.70351221001215,95.2463974593781,94.79383733550391,94.6015907538228,94.47844353921931,94.37763278388267,94.64394143789292,94.54716784951142,94.9193880193879,95.05151637578105,95.09432321646614,95.11681703070585,95.40447287947275,95.56156282801011,95.45039330327783,95.58029647435896,95.6195339100826,95.77807152063087,95.80963159364308,95.87778309653291,95.85980938814261,95.74850504768983,95.80205578503457,95.8880203033849,95.7426216640503,95.63420757020765,95.6654068607501,95.78315184637312,95.8086099784214,95.89496864589466,95.99434269434273,96.07538764971807,96.22969933737477,96.32945042664868,96.51502417858346,96.28462157441321
8,94.31721611721618,94.043694037444,98.56642924976256,103.35726368538866,104.76372507122508,105.48488756613763,106.39427364963083,104.82613260582002,103.86186688825573,101.81571021571028,100.55057488807503,99.66040267602779,99.2206666197051,98.7124327722542,97.82028456111787,96.9430034086284,96.37153301491534,96.39113134807586,96.62126711008287,97.51082875457867,98.24215458263076,98.8947651885152,99.48714055670577,100.05538809184644,100.42470614570622,100.71728147208931,100.42558694734633,100.62661074045013,100.32323674090922,100.26987128612133,100.00036482334862,99.76864650106832,99.73087267670573,99.66312321937285,99.4919695912549,99.20861441798901,99.19759484759442,99.26583298524062,99.22394701689547,99.36711856430581,99.52637672851058,99.57112622826878,99.54486386782868,99.65440207940179,99.53893309365496,99.457367370954,99.30794538400892,99.27769913342804,98.98534331314922,98.78834208384194,98.6899744228174,98.56415441751966,98.5120583469639,98.56937284252098,98.45245855995864,98.5145397261469,98.31338094167042,98.10713724334424,97.93114424025453,97.6820270316104
9,87.25388685388685,89.84148860398864,92.96932234432242,95.21427935490435,93.79634106634104,95.6845526387193,95.89476059654632,95.21085991554743,95.69968513996285,95.7928291615792,95.96033549783556,95.65433709808718,95.49891518737682,95.42233814465962,95.00552536969202,94.96694107397238,94.66032643826776,94.24300072355648,94.611686534713,95.31111111111127,96.20132250906084,96.93517639767654,97.63952372104556,97.20821992436575,97.03697212047206,96.84110801947332,96.50689413467171,96.25464125821252,95.8547866405623,95.54313966897274,95.1617480339252,94.74342090201436,94.80223372306678,94.8955039921948,94.9540907901619,95.27049232917253,95.38022225522188,95.75950881477159,95.78293937781086,95.95134907916137,96.03893901942664,96.16949326026679,96.38096160944974,96.256339262589,96.30110116221208,96.18140450531725,96.04295802700022,96.03478083452013,95.95601104300064,95.74864468864446,95.7953524144698,95.86998577455279,95.9287835679343,96.19282218981269,96.39173113923087,96.46351850034857,96.46547744003853,96.21928217057497,96.07070924994632,95.69344398656877
10,104.61155881155878,101.1658552096052,101.79305555555563,103.20273453398461,104.59644790394793,103.84371693121697,102.6038352520496,100.59317829161593,99.36010378510407,98.70421143671163,97.5838924963927,97.15201168430347,96.57326555211182,95.9175711523927,95.72685693935708,95.59197859432243,95.05744810744828,94.57262328720684,94.65564231090562,94.98169515669535,94.88641345427074,94.80892070892074,95.02893153545327,95.02881202516609,95.27156715506698,95.00349942080685,94.63472372963084,94.7398297139366,94.62611802310055,94.68103700312017,94.21074497485779,94.07132809320304,94.21724479224481,94.27460826210826,94.02413526949259,93.86656209017335,94.05339900339912,94.21288156288179,94.34793512517884,94.20767602767613,94.32843791258443,94.80146907765966,95.19769086426065,95.39468610093601,95.1828512639624,95.09353555060088,94.96832465210134,94.98915015347323,94.89639254358653,94.77383597883609,94.69211436711454,94.51104301681237,94.61724424248017,94.57162660727491,94.66663012913025,94.82041225143907,94.97944772900912,95.1854154386482,95.22178573153148,95.01533390991727
11,90.47274114774122,91.62102920227925,94.36572208655538,94.45170049857552,92.11017602767599,93.26490045448378,93.572361765219,93.36806573056577,93.66652421652425,94.02165801790798,93.8929066304066,92.49090820444981,92.31992854012083,92.0795147973718,91.24752408085733,90.91387171855912,90.78246277143322,91.28698870573876,91.45386811044702,92.1716969373219,92.91470943078082,93.35288345913345,93.84316615349225,93.70800455331707,93.4348996743997,93.756354098181,93.80876765552696,93.78975031251822,93.47152874264945,93.27910476868816,93.32550399122991,93.25349336716542,93.4338838630507,93.88960652637145,94.1935488981922,94.33521655813365,94.54100845350882,94.79751381659318,94.85042787222312,94.80853505291046,94.82877827908358,94.83182476694427,94.87420327304086,94.81114441114478,94.67090625423984,94.54824049742545,94.71923282588196,94.71070114299297,94.66420472951106,94.53432397232417,94.4250416975909,94.54934136376463,94.5852902949603,94.83239977615,94.86791005291035,94.95349620617506,95.08155922212964,95.22301710103454,95.25418123935087,95.04083519875196
12,85.7545278795279,82.34614112739104,90.3628900420566,92.85317460317452,94.19369454619442,97.00094712386363,96.9274499970927,97.4685356888481,98.02888346221661,97.36518569393554,97.32880036630019,96.16466049382693,95.21547384239672,95.0789867870223,94.91543413376722,94.21747144637754,93.53501969163722,93.46563107674217,94.58379817064014,95.69054766992248,96.26931919491413,96.08830266955233,96.40764054785764,96.29712916327466,96.15638156288128,95.86430352055332,95.2945269750823,95.25656924094407,94.94027269027254,94.79051756885073,94.57491006603891,94.33123505545369,94.44608046274702,94.83638015035056,94.84975289260993,94.86759541898427,95.22532188782179,95.50881102328458,95.53783812341491,95.78465036121278,95.79327518687269,96.00080564276993,96.04368025385459,96.00232996170485,95.94899550038427,95.74593618941432,95.63895610890282,95.7590594686947,95.52763293962262,95.34002635327626,95.33104495359387,95.55669300428917,95.50894210611202,95.61537133134361,95.52572066822069,95.50870862768184,95.63702686202689,95.62773549885623,95.59506167090919,95.57304368471044
13,82.74147334147334,88.42002950752946,94.84658797992125,98.66111365486364,98.74502442002436,99.52608448650106,100.54143482179191,98.43662113349608,98.13065504454391,97.02994200244201,96.44236272986275,96.74383648758649,95.99331423562188,95.12882035292745,94.8103941120607,94.02630939662184,93.48721599750992,93.54552751774955,93.71825744917827,94.32506410256386,94.81369435238462,95.21488395863364,95.87974686344225,96.1527866809114,96.2062118437115,96.12571792523681,95.96277246416105,95.99138140298832,96.01803608269103,95.70156898656874,95.68733227644499,95.41106023606014,95.34432388599052,95.36710898034424,95.2641121576836,95.36212988400483,95.36922980672975,95.42515302679783,95.60477103618136,96.07733554639815,96.482166185215,96.51516052289857,96.59318570103447,96.9686455905205,97.15380432324861,97.12426043159722,97.37815165527921,97.59176947666525,97.55092478383291,97.55669403744402,97.47606069493327,97.47978274396559,97.55694194868728,97.60296121060013,97.61410774410771,97.58551550962264,97.41015876586049,97.25034138913443,97.04498544456173,96.77868589743593
14,90.50792633292636,88.39046855921849,90.31194715778044,93.61578907203901,94.49703907203906,94.81309862976538,94.36601037851044,93.93968699124956,93.14768518518524,93.03309015059018,92.64939551189552,92.27667633292627,92.37703265395567,92.06853014710161,91.64761870845213,91.56433277370785,90.74125727213973,91.24546166282279,92.06142037786768,92.91266330891328,93.20018411923171,93.42956811706809,93.62765899559375,93.60000572344322,93.24575905575915,93.10625802260418,92.4853346070939,92.4383677830106,92.29339869900214,92.24416751458413,92.28923516746103,92.51695267984347,92.83656174072854,93.06843981182232,93.38182961218689,93.47862216230278,93.61455163955176,93.81043233082717,93.78369924235322,94.24582417582434,94.34217157052535,94.58425271818136,94.67107694200723,94.58036257723768,94.39285058562845,94.19910647926956,94.0930185358377,94.25816788342833,94.24951305308451,94.15325752950761,94.03440170940173,93.8602550405436,93.90182478248526,93.93710100770295,94.03238511488509,94.0189663098145,94.20633331905253,94.16313225408037,94.12508062402114,93.89329305725123
15,96.28835470085473,93.07942867317868,94.23492402659078,94.10743793243799,97.4887026862027,97.93756020214362,98.61279943601384,97.56380876068391,97.2840274951388,97.53429385429392,97.0899947274948,96.11013685388689,95.89037913653303,95.64003793825225,94.74931725681725,94.36602055352043,94.45479482391237,94.9920013114456,95.62845575477138,96.88282051282027,97.70466499990286,98.02603068228056,98.32559678646635,98.70776713641284,99.05931176231158,99.1650206630974,98.87447805966308,98.82462316123011,98.3410512539821,98.28101682268333,97.92664556172618,97.74816786223047,97.55391938308613,97.44143787857021,97.3185989010988,97.26410228146328,97.62627847627843,97.61084602531969,97.71506984231344,97.76559243996735,97.81793060146711,97.77186973079829,97.65048414118189,97.59717805342815,97.5309390403835,97.43548910831512,97.39824979000507,97.4062675942884,97.28781947455413,97.10791269841262,97.00453785502806,96.87389219576717,96.8760070380354,96.82823716064455,96.8434741184741,96.79407305657301,96.75692614727696,96.70251173634779,96.86556526492946,96.67548560236041
16,91.56021062271066,95.54126984126981,97.42488468321807,98.81174323361824,98.28170940170938,98.97591744675078,98.82523983952554,98.00333231583227,98.12578234522671,97.82752035002025,97.5147838272838,96.90274089336587,96.69993660185966,96.05677146927147,95.61613553113553,94.97603721509974,94.87599266202201,95.1451826979604,95.67394554762959,96.27513405575898,96.64396403860673,97.08293095793073,96.87530635628438,96.72651798433019,96.27033964183943,95.83871278294339,95.6257962887591,95.60931649369124,95.71191844553888,95.85554775471418,95.81403577008402,95.68865979217527,95.6282723449389,95.65947128851532,95.80339787196917,95.85829475308623,95.8841063591062,96.08377541074907,96.14482522463285,96.210287571225,96.33165669019327,96.54199711223518,96.53337793773836,96.53112396862389,96.35487643015404,96.10270190759316,96.04676229011329,96.00494611484197,95.79738896779712,95.51716758241758,95.4948049590206,95.33759128158165,95.27364173213228,95.36694516046363,95.23873228623222,95.18191264753759,95.3766894087069,95.52754419112173,95.56366193442463,95.42893594831088
17,106.78020451770452,103.48015873015872,99.94408831908832,99.76135022385026,98.00110093610103,98.30647045855387,97.0265146229433,96.13971433658949,96.20010627232847,95.60924806674807,95.9002687127687,95.0517687559354,94.37497377978148,94.14234148787729,93.6880423280424,93.33884023962152,92.9678278148867,92.82388555374683,93.2897837542577,94.46563288563311,95.35451285927496,96.39773328523354,96.75041629063382,97.38575095814701,97.73106186406213,97.73508852258873,97.5387532220867,97.43380919675577,97.47045457735125,97.0812289716458,97.26194890832004,97.33219516305489,97.50191752691786,97.5534734192826,97.63556006163178,97.65588808054115,97.57113555863586,97.7154973437871,97.86846451269551,98.00995026963798,98.08651500938109,98.01431103068032,97.95416713992321,97.71531558719089,97.58669854836555,97.45334724655412,97.47701995600973,97.6409327940582,97.52876049687329,97.31194322344378,97.07443379061074,96.78991245577828,96.81463579223058,97.0592459752186,96.9321583046587,96.99526126155625,97.02348758291781,97.01693384839977,97.15034051792568,96.81239333197713
18,85.23308404558405,85.3576287138787,89.46833536833533,92.77772435897433,92.93138787138788,94.752090964591,97.74125239839528,97.57657521876268,98.66523029439675,99.10825193325174,99.75471334221314,99.41453076244731,98.63400527535133,98.12912669341227,97.07398758648748,96.12564865689853,95.6305244319949,95.51325719034048,95.64147441252709,96.44412265974758,96.57859371668889,96.92793664668658,96.66713980463976,96.55668307387052,96.92589967439966,96.46598807175734,96.25996566876186,96.33185686667821,96.22549278626856,96.03127035002026,96.14549345517075,95.96840659340643,96.16187747437735,96.37360048720338,96.45348305134002,96.43362021209226,96.49198456698451,96.64069562260336,96.41438120284256,96.61337543243772,96.91440595312515,97.22645429966828,97.56995236675438,97.58833978521439,97.49662381856788,97.35144440905277,97.19259053594133,97.15974882563393,97.00046047112346,96.9149061864059,96.75816524615517,96.73852992627013,96.63748800116703,96.73379799213116,96.60082232582211,96.66961251380877,96.7142248427334,96.77011187248236,96.81459786290273,96.66025183150164
19,89.79425111925113,92.85541056166059,97.05964590964595,99.02614468864473,98.23518111518119,97.32527387735722,96.92816224780512,95.04966867623119,94.40554198887536,95.20972680097695,95.67101417101419,95.58097061117897,95.39864398422098,94.71345972149554,93.97189526522872,93.41201859483121,92.99837349469709,93.2299272486774,94.01335844954274,94.40477258852263,95.09377289377296,95.39436859436863,95.63431323105246,95.45941252035001,95.3158323158323,94.93446197676968,94.82391014335457,94.46101354003137,94.22384180315214,94.10360551485552,94.28238311867344,94.35668959223638,94.62533608366934,95.03911094352266,95.28170765742193,95.10322604350391,95.38612376112381,95.68229976651052,95.64973910230337,95.60356061762324,95.61990269215897,95.98838098629791,96.16452861307535,95.90677655677673,95.58827997105797,95.47494248907306,95.47295027667387,95.54738693019968,95.34913564326858,95.29515374440412,95.09009452784004,94.93830108637842,95.17031623163737,95.36193208369174,95.33535196285233,95.39157563666524,95.39517463530646,95.43234258557553,95.4363318570947,95.34688619251132
20,91.20600325600321,88.7802096052096,92.20182471849135,93.04418243793243,94.16553927553925,93.64148690815354,92.8824408395837,92.49649152930405,93.01902105096559,93.32971611721624,93.38904891404894,92.42693070818063,91.97029053567515,91.78328754578752,91.92178707095373,91.32083683099306,90.58769931049346,90.03638979333425,91.04112417796625,92.43811278998767,93.4605318623174,93.94170112295076,94.50188879156232,94.81012901064942,94.65151302401262,94.39946052878716,93.94795086600628,93.88641945025861,93.73127043773584,93.5917745217744,93.78266276734007,93.72737968050453,93.68631538214849,93.93042073667057,93.99813666492224,94.36729751729733,94.80171751421734,95.36215378189051,95.47183544138653,95.59814344220581,95.79706103517067,96.10988611256454,96.51331494732644,96.72243659118651,96.59115475059906,96.51575434428682,96.50009612137266,96.49585283543608,96.24086034902352,95.98746377696368,96.04273594052982,96.00203588256456,96.0302312031084,95.915866609385,95.76656075406063,95.82264566617228,96.05013834443638,96.00164686048296,95.93799926532967,95.91148182064838
21,101.07214082214084,100.53354192104186,105.28438475105138,109.30020095645094,108.81812474562473,108.15718270926604,108.25001380894238,106.4147836538463,104.173946886447,103.69912189662197,104.09729067229078,103.9160608296026,103.7223106665415,102.97222694633423,102.24382817799501,101.4031539351854,99.97139774713324,99.48619985981131,99.23095291647948,99.7630242673995,100.23825028586957,100.98782745032769,101.27095875139382,100.9861034798537,100.95780952380971,100.55169081274863,100.44166534768402,100.14678942089662,100.10696654877694,99.6835873694208,99.6326466842598,99.28550983160387,99.39246586746611,99.23282173980725,99.43609076109098,99.42213474539884,99.4799366674369,99.93743600454147,99.96961311480551,100.23075931013442,100.66860240030982,100.73007151578592,100.96226325354245,100.95789407351911,100.9400808348031,100.80795873812183,100.88826918747141,101.13401961657178,101.12994962331697,101.1038650793652,100.7739778104976,100.95652775821056,100.84933795240404,101.10253075114196,100.8559172309174,100.69415799973858,100.6329142835724,100.82259124177243,100.79437046004855,100.62556946140313
22,95.93889906389909,98.26690577940579,99.06167073667078,98.58950066137582,98.19195360195368,98.27091134174476,98.54263256584696,98.08237497456246,97.4824130601909,96.66936253561263,96.80415741665759,96.125646537105,95.88325428133133,95.94340732019315,95.93040733957406,95.35918231074487,94.60851139601155,94.10850743906317,94.2351300259197,94.81485322547847,95.70414413628723,96.23804390054411,96.77018412344522,96.6396876271879,96.27804965404995,95.93560392598881,95.6120176291474,95.52844315076474,95.28183672968174,95.08063576855263,94.96035274462706,95.0209315857754,95.18462694712706,95.46318456869933,95.75812867027143,95.62050179758515,95.86906054406056,96.07857705160335,95.93086171900282,95.80723112535627,95.85206875328844,95.95567765567783,96.1919258927982,96.16476544289063,96.1374020937911,96.22505087505094,96.3079217866453,96.27867805419899,96.16312109092726,95.99896092796101,96.02912776221605,96.07494746172631,96.18779401939777,96.34231108397773,96.51524373774377,96.43623084917726,96.23869217202547,96.23239530265387,96.29629129502007,96.1115998507665
23,83.42110805860807,89.41722120472124,95.22510175010184,99.43604497354504,99.2309595034596,98.82115554198896,98.03539668003961,96.50059523809522,95.7986659431103,95.23675162800144,95.79973406223394,95.77484355921847,96.59634247518856,96.1184174952032,94.94069868403203,94.90898199023194,94.58932252388128,94.20081795776228,94.80774639590403,95.75822598697587,96.06715361358205,96.29738548488541,96.2590373997982,96.08120633224796,95.84219556369547,95.57361580726956,95.21633221031357,95.01961087853934,94.83841645264054,94.74223901098895,94.61227483687153,94.29279339005883,94.07948394198371,94.10074696545269,94.1660731728588,94.0437501413195,94.08444900944892,94.30608947582618,94.16455117769216,94.15875165343918,94.25835889494422,94.6275171037075,94.79595768142266,94.91579415954399,94.67239655406307,94.67762117109933,94.88161927709781,94.99411863213923,94.88237490967057,94.83306216931182,95.00275882432717,95.03428234870519,95.00924534061305,94.93623113854564,94.83048359048331,94.89896251235517,94.79121432498609,94.73804576649393,94.68621424087507,94.5004123422871
24,93.4807488807489,95.34219067969067,96.69952347035685,100.8017895299145,103.61584859584853,105.1219669990502,105.1538352520494,103.346571657509,102.59753199475402,101.72555606430593,101.06267713767706,100.73568121693111,99.10939896997581,98.39544268562116,97.13766856600176,96.20234279609265,95.70199280566912,95.6995644530365,96.6492208084312,98.440837148962,99.77191358024672,100.56525234025207,101.24406619950072,101.15896799959283,101.25083557183537,101.27692933846758,101.36819178763602,101.68760738269641,101.69428164428138,101.5222864943696,101.42803674819783,101.57947287087882,101.67225274725234,101.69554678709054,101.70245159602271,101.70873453963698,101.46848139348114,101.51526787053082,101.70783019212496,101.63112433862412,101.5827033513006,101.43953306393752,101.24464344871288,101.12291342916306,100.95337708587664,100.83926835040926,100.73755228223263,100.78542450990318,100.58307366292011,100.34199521774468,100.19982433144146,100.28617167198847,100.46070478263823,100.576393128476,100.59304454804408,100.44676816239274,100.3052239751798,100.29277293587613,100.1853526417082,99.97532822886956
25,96.51538970288972,95.33257020757014,96.18129833129827,99.37649954212448,96.43425111925097,97.05848426265084,98.00239912204191,97.62438250406994,96.49580393885948,95.01780270655271,94.89725552225553,94.75386226427887,95.03311417926794,95.07020902378036,94.63773775607098,94.33146590099706,93.74011018937482,93.80485998055431,94.54741072767385,95.95838344525848,96.88448456305606,97.45598336848344,97.21532356532359,96.6791465286257,96.25498148148145,95.75071146801915,95.29903695412956,94.86140146229434,94.6177697781146,94.54768688102018,94.38535733979278,94.18455989901285,94.63731700398344,94.75121576408314,94.72190447118993,94.84775768213242,95.19565554565533,95.63822858428111,96.01212443776541,96.08957570207563,96.12018262902397,96.04715438882094,96.06146664489675,95.93568167943155,95.8385969791524,95.83456970766734,95.68837559209878,95.7422810888955,95.76887360560816,95.83791971916958,95.78105552762399,95.58532362402548,95.51116688168567,95.55014103694653,95.62859640359626,95.68786402915853,95.8799377360779,95.89035523065675,95.88595486434453,95.63592482363305
26,84.55714285714284,91.82094525844526,93.41286460453131,95.82423687423695,94.3138776963778,94.74254256545926,94.51124847374852,93.0657375610501,92.67097069597072,92.62750407000415,92.23157213157215,92.45215286256956,91.95547141604835,91.27301623640905,90.59500644417305,90.37887445309315,89.73267046134687,89.98503793017672,90.3486534177322,90.76544591982082,91.23265354574875,91.77350126725125,92.12857386172603,92.21255914224655,92.34199877899873,92.50428857111538,92.3902074948371,92.16144979359258,92.12930753792818,91.99207621082616,91.8579466829466,92.03224206349196,92.12309233975894,92.15669351073764,92.27634484563058,92.26391715280612,92.19709379709391,92.16039819099036,92.05225402565156,92.61105998168506,92.91016359430994,93.04301691474306,93.27652175559146,93.15363398175892,93.21742368742352,93.11829035497487,93.2369858372515,93.23637173975689,93.14751221001193,92.90981817256788,92.9567616932811,93.04479225368628,93.01323336865771,93.31021834818114,93.30128806378784,93.30172611779736,93.31705447736127,93.57778067239249,93.6987578726983,93.539360246235
27,87.93379629629634,93.53402777777782,97.47838319088312,98.21862154049636,99.41565628815617,99.34803028761354,99.35077984185115,99.37586996336991,98.86293639488078,98.50072496947503,97.27093924593936,96.56287774725291,94.96474711186274,94.4945287516718,94.23173043006392,93.86139632936523,92.92825360913609,92.59658147922028,93.6566282158387,94.26174068986579,95.41887343256386,96.21300458800455,96.45623020296928,96.18803524793113,95.49960765160772,95.18365873798578,94.91476054809395,94.78598065294503,94.61962145453538,94.35413648080329,94.16665977391794,94.19142516915973,94.320638466472,94.65400237017897,94.79660154660164,94.79941931782216,94.91040669790674,94.96501644067439,94.93145787023997,95.07319177350433,95.08334015803534,95.16792861019061,95.23329298823494,95.2807089900841,95.25761769095108,95.19736666312761,94.98669606595143,94.75023413122378,94.68824765559474,94.67468447293462,94.72431877309346,94.73206429432408,94.64311142212101,94.82862117306573,94.98388999889015,95.14490350093041,95.07984178751734,95.02417205240498,94.94682953581271,94.80852640415155
28,97.11204212454209,90.03752035002032,92.24032526115857,96.08492953805452,97.20276353276358,96.89847714014377,96.09896723646719,94.8946498524623,94.72047042463691,94.85147792022777,95.2933806933805,95.63350673246481,95.4035354246891,95.06330673294937,95.48858906525544,95.16469939204275,95.4123790969376,95.79863513544032,96.05309641625401,97.0345530626778,97.54467410895958,97.74967879342853,97.36822897312008,96.93406657000388,96.29663308913284,95.80051383801363,95.64862317038222,95.88168461829154,95.62696219808271,95.26499949124931,94.95994640067201,94.59627006384801,94.67768820685471,94.67479216045382,94.67662000697706,95.03147399154334,95.13038505538503,95.51092367671313,95.73198866660397,95.80032000406996,96.37024752573531,96.59525432680185,96.98962160793542,97.08033309283297,96.91251560168223,96.75078966926787,96.6700534296278,96.65759076956972,96.52814698528958,96.48911650386627,96.49236016343832,96.30686206599641,96.0823179441101,96.05797504107665,96.12736282236257,96.19697883961248,96.27810168226807,96.24813727141292,96.26921542048638,96.0596895773976
29,85.54123422873423,85.71643009768012,87.39694240944242,90.5191417378917,90.87293345543344,92.03075651200652,94.20176827141117,95.11648160866915,94.81605277438607,95.10931522181518,94.49628010878003,94.11665988332649,93.403658698851,93.63317344031627,93.45965201465198,93.17114748677241,92.53717709305948,92.23438899063902,92.64329386500445,93.45078678266188,93.63529711029723,94.2240810115812,94.50189564863494,94.14313398792584,94.26715750915758,94.55396531886925,94.60808272660132,94.75448354555503,94.65688111377774,94.4754853479854,94.2573942783621,94.13854198463584,94.14244490077822,94.07987772031888,93.76608131286697,93.69813528806587,93.89629093379104,94.12185967054393,94.29322905252403,94.33287011599519,94.5572330672941,94.88284638641784,95.49786750716987,95.86144804269799,96.08670329670326,96.00818292013935,96.2765931468058,96.44593116181647,96.6187268985737,96.50993630443618,96.45377442999981,96.27859256128475,96.32485073452047,96.36810313314932,96.48186295186275,96.6414191958833,96.81032611800134,96.91121215948787,96.71427916088918,96.49738256342408
30,98.5392908017908,100.43562779812784,103.5667158458825,104.52186864061859,103.09390211640205,100.40963403880076,97.81947496947498,96.44261103479853,95.5809088545199,95.49517399267397,95.93668368668368,96.05788224121557,96.10862019035096,95.73005189255183,95.59376780626775,95.32214272995513,95.31473550958837,95.24832931985705,95.76221188655394,96.48605692918183,97.09363528887333,97.08363973988966,97.56857912618777,97.1617275471442,96.81003805453807,96.48450052440433,96.36708252310099,96.34243142769914,96.18292931525676,96.01209520417845,95.71848126485214,95.97693706756199,96.00619473119464,96.20168396418386,95.89254171754169,95.83366387984441,96.13992728992733,96.64822071203668,96.57698712730782,96.68961640211653,96.79199003345364,97.04064698529,97.23575841686318,97.35493129555647,97.17488750960997,97.2488407124279,97.13867034265994,97.081484767162,97.11120216706964,97.0502231379732,97.0973894116051,96.95812327807522,96.9407802888935,97.0717656657471,96.87944277944274,96.78330916768414,96.76336951709757,96.73834759589069,96.8179989893973,96.65036299348793
31,99.59772079772077,95.38541412291417,95.13406762990094,94.84668294668296,94.52241554741548,94.60024250440908,94.11581850688988,92.81543739824988,93.551132252521,93.26509259259245,93.38569763569747,93.31832137769622,93.49759948029165,93.14646854468266,92.98560134310131,92.58953627391124,92.21875643419742,92.48509021842347,92.75025705288854,93.49894408831896,93.99630114153923,94.69461094461099,95.20930394082573,94.9515133207842,94.76738583638591,94.77058854606935,94.50278154630007,94.66536771759989,94.687644555317,94.47010819427487,94.349997538304,94.2511122557997,94.09850766517424,94.08974777945346,94.07127972556522,94.11789756025843,94.15705416955392,94.35334008097146,94.15537136178149,94.43363260582004,94.8414342545438,95.35421657266878,95.66045659766573,95.94662386224863,96.06811513589274,96.28880162711674,96.45617006122316,96.79190768722005,96.94784943892073,96.98639336589322,97.16779100529078,97.06539439904805,97.32527414933062,97.35500582236682,97.4613751988751,97.35382162480369,97.264345693293,97.2207804408235,97.20784907183207,97.19688458146788
32,88.46413308913306,95.29762667887663,96.88351817935148,97.69519357956868,95.84285917785915,94.76885598968926,94.64213544392116,93.5297116656492,93.62212047212059,92.91740130240133,92.05821955821956,91.49699582824582,90.9621356563665,90.91013903424628,91.17852733686074,90.82136815730566,90.48358082549262,90.86524244788134,91.34904167469949,91.88735805860787,92.35726883345914,92.5855019980018,92.59742749199258,92.21178880918447,92.08530789580774,91.58131437650651,91.45223737168155,91.59095187220154,91.76813572761817,91.49178062678035,91.16574845405465,91.24174154838191,91.37452717036035,91.68583159759609,91.67998357462626,91.71292989417975,91.86456511456494,92.21061360666616,92.48079088527805,92.71336970899472,92.72094711972758,93.01703744888272,93.29504358690399,93.46060883560884,93.45125152625154,93.43308692113031,93.42618701235708,93.40810662138779,93.16908177801037,93.07344841269841,93.02641781783944,93.02922801023765,93.03902673147955,93.06560092856381,92.93247779997772,92.96630772501305,93.14159579861335,93.28015337950684,93.38282837689619,93.40649521774516
33,86.70484330484331,88.77676790801789,93.73402862569516,95.924102055352,97.22806471306475,97.47887074345411,97.35535205535209,94.96638685388686,94.65203443675667,94.25389906389913,93.13534289784299,92.49481625627459,92.47413864625399,92.79451203558341,91.74587606837599,91.74272295991038,91.52552161890394,91.75029196626416,92.51963428871325,93.63040521978037,94.89951886737614,94.89905372405384,94.81089787828932,94.70685901675495,94.52191982091998,94.59807437932446,94.66631487511125,94.60998077649862,94.45930995887889,94.12670889295883,94.00460435621721,93.80802156466225,94.07338433171788,94.19783047834534,94.21869033083328,94.33610998055453,94.56655116655122,94.94744553691922,95.51826414326416,96.14893251424502,96.67974329193844,97.15081666569762,97.69571430937714,97.71653311965814,97.95039026816809,97.9915519766064,98.1848068696474,98.52635539614712,98.72323640078748,98.84319749694754,98.96160040939456,99.1788494802918,99.22290154813743,99.36037973514833,99.37649794649795,99.35361067503926,99.15958325300431,99.05793545534928,99.02392101777698,98.81579119183293
34,100.35593203093201,96.73647486772487,96.46967168633844,97.11306980056982,97.96088013838023,99.00305250305254,100.73914907843489,100.4439840252341,99.98092863926202,99.16943477818482,98.4073153698154,97.50153388278387,96.30584241257324,95.84425547996989,95.9986952245287,95.99212803978433,95.72300180756068,95.86702250938365,96.07854491999235,96.58853937728941,96.91804465375894,96.81468184593184,96.75622998177349,96.31684430538597,96.3402855107855,96.36755326226475,96.06797509760463,96.01801939793,95.9333761385484,95.98718966218954,95.71599183373358,95.76613454543133,95.6365498698831,95.7318459862576,95.7960897435895,95.70442570546712,95.73690737440704,95.85909913673038,95.56978791626187,95.49878993691449,95.50529212206,95.57976481190724,95.55316856915654,95.6953057359303,95.52352315380047,95.22240282865242,95.05095060573754,95.12550514685903,95.06319522314386,94.91633658933621,94.87623376986087,94.91666451426036,94.8841598129331,94.93365299823601,95.01994653494621,95.01923049668557,95.10521540675016,95.06403353192107,95.0053647309999,94.93026327838784
35,80.14081705331706,90.15336029711031,93.31024453941123,95.11740817053314,96.72723544973542,96.88821140279468,96.71767035874178,97.0112987128611,96.64691866775188,95.39367877492857,95.09824712324688,94.97662503391649,94.54125340471482,94.2260320367462,93.76857515940831,93.01717382732988,92.34656473700576,91.9542353479851,92.54707120364989,93.48955789580776,94.2223775122584,94.63566734191727,95.25601276742574,95.73080865893355,95.72470166870167,95.48741038164107,95.22703820527892,95.35718737281235,95.45540626359582,95.56288444580103,95.31837426313227,95.43867473672167,95.43393597143618,95.55473137973148,95.6808452526311,95.72644174241425,95.70548708048742,95.90369647409156,96.00951950471213,96.23644027269054,96.27125224594762,96.20285578618942,96.02875386887044,95.87822050634578,95.69957920680172,95.45545380545413,95.32550420422791,95.22294422398623,95.18493444386328,95.10534656084677,95.19438908041869,95.2294517626251,95.37805442286601,95.49302597265579,95.48794224294248,95.44751484461331,95.3139202172099,95.2788236109359,95.25859452067098,95.11386879324404
36,97.03355209605209,93.51388380138384,98.7033950617284,102.66350859788375,106.40040700040716,106.19186423144765,106.2706952439097,105.48518073361844,104.91978474200728,103.6833475783479,103.45161597661621,102.57643255664111,101.36013939763956,100.4842538083611,99.26486942070291,98.08583924755803,97.3265816155523,96.94312904174032,97.56270537454759,98.32845467032975,98.86167897358375,99.28285187035188,99.76733600537946,99.78866673450007,99.39278713878716,99.33195168435562,98.67560560153163,98.89217487208565,98.79513125763128,98.14104599104617,97.63243350138538,97.25477891610741,96.94497909497956,96.8486823361828,96.54939473225237,96.71823460747115,97.06823100573146,97.56659838699348,97.65168070296313,97.73715112433898,97.63926325481235,97.68221105393759,97.85110221389338,97.58394371831918,97.36233640844789,97.14601637291892,97.02659152313447,97.15207411223072,96.92494414127103,96.66682926332969,96.58672879408223,96.43306369556423,96.54186517535626,96.58040161142068,96.67863987864051,96.81277690563469,97.03214928346574,97.17623687774613,97.29039289335955,97.21692519671741
37,85.5810337810338,92.76874236874238,94.92531203364535,95.09614494301991,94.49795584045573,94.19935812644142,93.36313303099021,92.59975770757018,93.58585956224833,93.96138634513619,93.37800579050568,92.86365952720102,93.28494842052517,93.33180199430188,93.05627119793776,92.14817549348797,92.004418947066,93.09583955139512,93.63916227534645,94.65509996947503,95.3034500552358,95.2240902615903,95.41919095397353,94.7627160069868,94.55853785103781,94.1988011098587,94.35371538612272,94.15904195011335,94.39967159277501,94.2989490910324,93.96020520697944,93.88573447675003,94.24838618171943,94.45706295338636,94.68824931682063,94.5842581287024,94.97334367334352,95.167130834565,95.26136600816088,95.0491714997964,95.25965695325438,95.51169896021068,95.8347399693328,95.9189975533724,95.68999118165767,95.42363787581156,95.39476355008244,95.33471713471685,95.32710498118638,95.11919851444831,95.0134848811317,95.04206055696419,95.02161959284581,95.09777101328011,95.31074083324059,95.42847449342963,95.61490960306725,95.67303981937582,95.73872220842544,95.54486611382428
38,97.79744098494096,95.11621896621897,96.44277574277574,97.92584706959701,97.50655982905988,98.7741656491657,96.8577126577127,95.28221344627597,94.81529190973644,95.3486477411478,94.66114209864219,94.0803228021979,93.78321788610255,93.41987070469224,93.06024046940726,92.8698221916974,92.35532452297171,91.98877470266372,92.53732729259055,93.88437449124962,94.9632580382581,95.37023000148008,95.34828064447638,94.82464663037588,94.8293095238096,94.59923726558345,94.01134212152735,93.6989001904181,93.29038391365982,92.94467456925794,93.02864166896433,93.40851966320716,93.86714150047497,94.28554564988401,94.49092011163455,94.33212561615368,94.54351384351413,94.77996567272919,94.86999324275001,95.1008372761502,95.20242450638831,95.3842131083206,95.50590600183665,95.24790614478155,95.1893025595807,95.0444792827949,95.00036987244478,95.01094343542307,94.70463025258987,94.56173137973184,94.59804021323676,94.58679322813978,94.80390317229971,95.15222616032837,95.3337297887301,95.63895475391044,95.65775889153109,95.97762260887286,96.15262023757812,96.00360738027429
39,97.41599002849004,95.46544312169304,98.13857515940842,99.92486772486767,102.32150793650791,101.98094898928221,101.7854722658294,100.88147130647125,99.00325656853437,98.07224206349208,97.1495014245015,96.36597773368615,95.25671746344828,94.83068783068782,94.25229242979233,93.69216746794864,93.7487942612941,93.61362631709846,93.92750037486866,94.77404176841668,94.90132226679839,95.26196581196578,95.69856886269929,95.65394493623648,95.51352808302796,95.45234377445905,95.34894613274236,95.22293429123782,94.69703030047853,94.25493640618633,94.0851054262344,94.13847775488388,94.57452624535944,94.77518180349048,94.94620006977134,94.98410211187966,95.0125572000569,95.05100933423277,95.07845076338637,94.85414415445632,95.28954133039456,95.43280810899817,95.47716834199358,95.41959140396605,95.24055329444178,95.19787021553286,95.05939857030249,95.01856494200214,94.77793725548806,94.6326706349204,94.42748090689244,94.58074574997627,94.66231608189132,94.66418518895344,94.71279627779603,94.56557766803279,94.67799636198735,94.69358763841495,94.72529843822188,94.5965906932571
40,87.12657712657708,91.65664173789172,93.30662901912896,93.54004629629625,93.98967032967035,95.0368699972867,97.16020771556498,96.7067581145707,97.06723872835002,97.85405321530328,97.15774179524182,97.02209376271875,96.53813202467042,96.11821254142689,95.67537579704245,95.40110653235642,94.99430199430185,94.58759496676156,94.33483280851698,95.06691977004476,95.96408512122794,96.3264166389168,96.92322136398245,96.97569486840341,96.94351790801812,96.91005995429097,96.22907791796693,95.99580589714527,95.96208264915164,95.569738332655,95.30911451153395,95.09342376373652,95.27112671279357,95.52916172879434,95.77394107215544,95.94656876045781,96.11869135619146,96.20133962041861,96.33103769449913,96.40117292429782,96.56824007067907,97.04944824796016,97.1840797768124,97.40143340455849,97.36320772848553,97.32021376369198,97.1906142025823,97.14572501187091,96.96328991303488,96.6948844118846,96.55080412506894,96.34096429745478,96.16804960413455,96.09345492470494,96.138611018611,96.2444687009419,96.157765317853,96.13428943342737,96.19265407379808,95.99167489146647
41,88.70862840862847,91.6346026658527,90.84110364943704,93.08114189051693,93.64619963369971,95.14765126848472,95.77567445781746,95.34232104700867,95.02593214398777,94.60379375254377,94.80480167980167,94.53561677520008,94.3264749851288,93.63154180475615,93.5570119386787,93.50501119251122,93.53781901649552,93.9035052910052,94.41086316217879,95.23772206959688,95.44946387386857,95.82442904317904,95.30014289253432,94.76017988570082,94.53677981277997,94.17524752669,93.73046096564636,93.76948805163109,93.84680434508037,93.93708825125515,93.6769903632809,93.7379290992573,94.0146883980219,94.44392088031809,94.40652247223683,94.47555849500297,94.41864914364915,94.29875128526436,94.12698595326796,94.1214869505494,94.21063499508612,94.53992540748484,94.71714027789601,94.58601433288914,94.59718344412768,94.62915162534705,94.69702878878394,94.76907729616045,94.64779794091,94.3931179283677,94.57405711572363,94.56011219905433,94.54583400526778,94.67496401061206,94.56485394235384,94.4841178992964,94.54758379210111,94.68223627426197,94.79375616536615,94.67833909917219
42,103.44434269434268,96.50564204314198,97.32691968525297,98.82400666463171,98.55791208791221,98.59111552028233,97.32912378626673,96.05441086691089,95.09180798625242,94.74351546601541,94.80744024494017,94.34152972798803,94.06678524466979,93.33155234315943,93.17596628679955,92.5748489646927,92.76531398884339,93.4982504635281,93.9678159072893,94.91007733007716,95.20180485299512,95.87531773781754,96.2023749800921,95.68530134988447,95.04210846560828,94.86872573651404,94.56152866338037,94.79143990929693,94.74760676743415,94.76019552977858,94.80539981225434,95.03637852309701,94.97056153722788,95.01447320381118,94.90743299028986,94.7856634106631,94.7079513579511,94.98804155152818,94.81575182889254,94.95097133190858,95.02328154004951,95.35866862414456,95.54886477648084,95.87462849650329,95.59791909736329,95.44723195484036,95.40518092034026,95.3822590218421,95.17849200119583,94.9527705535203,94.92303811838102,94.80825858614293,94.79126705754045,94.82843350065556,94.93448745698727,94.91050669733688,94.92966568843742,94.94017023844594,94.82832593489357,94.43402014652006
43,82.80283882783884,87.83170533170534,92.40473307556653,96.79704034391541,98.99295787545793,99.70210113960117,99.95316660852369,99.18649521774526,98.8715862840863,98.4028500203501,98.08937312687331,97.82085580314768,97.49619063272924,97.6296732368162,97.55578584995258,97.06755634411887,96.70977489286321,96.26599398543851,96.64055544845017,96.87321962759468,97.80221548733466,97.91805347430375,97.80373444993036,97.71802884615411,97.49933516483547,97.16680872546274,96.99137196822404,97.03982371794888,97.12425494365169,97.08381054131078,97.2061411109801,97.16624488069823,96.87005047421745,96.83906395891721,96.71025539275574,96.85500186541881,96.98156838156872,97.16267699162474,97.51834515199943,97.56321721103014,97.8016345781594,97.82559620714427,97.79447118342506,97.58797625985176,97.45600404739338,97.33841586151415,97.22869082257432,97.44114922500391,97.165811550506,97.01996855921914,96.809674439577,96.92674892771109,96.96216835226325,97.08606937472734,96.95751665001717,96.96166474068312,96.859523006234,96.97013450310916,96.86782937715193,96.63097968389692
44,91.24455636955632,92.74525590150589,92.0246845746846,97.23173204110711,100.57655982905989,100.53202245285583,99.83901098901104,98.12408615689857,96.6419979197756,96.19399827024816,95.10791754541742,95.19469924365741,95.42911461757596,95.22919210419194,94.46622269705588,94.13072980260465,93.84249533146568,93.8089133089131,94.27919719169701,94.99108491045978,95.48606096284655,95.64587542087534,95.96242634177418,95.79549183455431,96.04771855921858,96.11508112613888,95.83766204645838,95.48830745973605,95.43883871556287,95.23661206077864,95.12746678351515,95.04701411146715,95.0369177119176,95.36394829299229,95.30141839641827,95.1452051677745,95.1866322366322,95.71365874622445,95.70636277302947,95.37701401607659,95.34766545559236,95.35850473380252,95.418809216193,95.45843704906214,95.34530739836302,95.42478344924005,95.41316408178125,95.30813905423302,95.14352640934295,94.93100101750117,94.89665531454759,94.84259269042931,94.61773705853902,94.66495010476504,94.59143384393394,94.549647145183,94.54039648622991,94.62901018202756,94.68775515131462,94.55275420567101
45,90.69015567765565,90.07672466422461,93.86597137430476,97.87558506308515,97.49015771265782,98.72799993216668,99.21925111925118,98.97529698310964,99.17246190023982,98.63055504680518,97.99764448514455,96.9174208892959,96.99051728186342,96.79995021512873,96.35495353412011,95.77811673280402,95.75392336421746,95.8056541966263,96.24278377567838,97.59624516687002,97.95443436633904,98.28348387723373,98.87791536161079,98.94585156355961,98.77000223850202,98.6068321279858,98.23931774672496,98.19957392144876,98.39068425189106,98.08166547958207,97.81255629078208,97.67023316671747,97.57080789580786,97.39401350283704,97.11880894238033,96.93238140460357,97.33340579590578,97.4447372437504,97.50805730357007,97.52241643772886,97.56243448286129,97.56319868403203,97.78737364057133,97.62891448828941,97.60344197983083,97.40146321070239,97.22939138284883,97.0873726003934,96.98739253943337,96.91032427757423,96.7494495519005,96.63708292241945,96.62252574469552,96.71106230874747,96.6980242905243,96.67591402479798,96.68039266613835,96.63775051576779,96.62004804674302,96.36370938475108
46,101.01938848188853,99.84040750915756,102.97850529100535,101.4552057895808,100.35234126984139,99.97946258987935,100.58940490726206,99.19928393365893,99.01493013159673,99.05446479446474,98.94100344100333,98.54278422195082,98.53866621270465,98.15538839467408,97.32276014109351,97.12587187118453,96.80907491201627,96.63836289739088,97.28247943576912,98.67124465811996,99.41476951179365,99.56175398675433,100.05703756790749,99.73196161477439,99.6734470899474,99.20308009298431,98.90221344156566,99.37508721437327,99.39840410228375,99.15148724732093,98.98287447319753,98.97307803596905,99.2994819994824,99.61175064042736,99.7156372463517,99.87947333016797,100.02755076505102,100.33739878542535,100.36021975413017,100.49179919617443,100.91453934502744,100.95314965017371,100.97685764924165,100.98666472416501,101.01862761723908,100.90031398754263,100.99249030126715,101.17749584520438,101.20160775543447,101.25420879120897,101.4716328696722,101.69913805923431,101.97128314557573,102.19910949818373,102.2860832685834,102.36284177132407,102.27008189990666,102.27930332757943,102.38232548995292,102.26880324922001
47,77.34808709808716,82.83457214082205,88.58949769366431,93.80847323972321,93.89885632885631,94.2393993352326,94.33651811151796,93.15504426129418,93.71147401980723,93.72711843711824,93.63552512302492,93.76116919346063,93.94879934879911,94.0597073231,93.3601953601952,92.74028922466408,92.48705618999726,92.52862513001384,92.93980089111662,93.9727492877492,94.509974174855,94.74853271728252,95.05860186512339,94.99760463302111,94.75479365079345,94.41056283460102,94.22106453217542,94.39646436566055,94.14473583568393,93.80894756478077,93.55372471017617,93.49161595060015,93.57801103217753,93.69719738322654,93.62632754811297,93.7604750316553,93.90279276529257,93.84280385793537,93.79306116485586,94.08660816035801,94.22424729741795,94.38690597321546,94.60322240205957,94.64007069319557,94.72639974223304,94.63549972571708,94.56288318655335,94.56462996879661,94.50131797529765,94.28896906796913,94.10960730446037,94.27699694358355,94.2886897082653,94.39488997799194,94.39024716024727,94.27471936958548,94.17704749766156,94.18534359956784,94.22554470796007,93.92139516347859
48,93.15695461945467,91.91075752950752,95.02423009089674,95.30700040700039,96.52840455840447,97.44092134717124,96.86162494912493,95.63174221611726,95.7483352552797,95.00262718762718,95.06106116106108,95.00084876543204,94.40643686797529,94.14800061050059,93.7049704924705,93.60867324226706,93.37268099547514,92.86789982137209,92.97621778805981,93.74476037851021,93.88873335659032,94.24544205794182,94.64930986887482,94.43938068104713,93.93873890923862,93.76596928712279,93.9201086464972,93.86069865980551,93.905524504231,93.8446035137698,94.02354087071792,93.94872494403711,93.91931463598098,94.24480520840787,94.47442627478311,94.45242292429762,94.45361322861288,94.37877921298944,94.52220435072971,94.78148606023586,95.24251640410156,95.50918209876521,95.55771029143109,95.61365902615891,95.49058981142308,95.30518217692129,95.08054126724338,94.98801108228197,94.70900716819095,94.71075284900294,94.63730906892685,94.65441732412897,94.81908303960198,94.78508710939273,94.65334332334339,94.75136635850933,94.91364468864474,94.9664736923359,94.8937085670137,94.64335342897849
49,88.68132885632889,90.25084198209197,93.14855514855515,94.54658374033372,95.05075905575906,95.26257631257633,94.6644797662655,94.83806789275548,94.41298218242669,94.17607397232403,94.26026057276066,93.69228267874107,93.66071037224896,93.60799574103159,93.88688746438761,93.75952603530745,93.99630617204156,93.72563424230097,94.06078551078562,94.96981456043954,95.3259690485881,95.24784474784467,95.4658750066358,94.9463151624609,95.22374908424896,95.27094428007884,95.64999924629551,95.71400390284319,95.61356802520598,95.3831510310677,94.98906563866241,94.83502572369751,94.96647858314519,95.19329930690223,95.34177510320367,95.53091408334464,96.02908196658197,96.48655666945136,96.83748825960367,96.86361352767597,97.06602328340122,97.57697855495462,97.9513746912001,98.0959303428052,98.24569506625055,98.04535178991698,98.00247631604012,98.04853893213271,98.06174569950085,98.00950254375262,97.87282244806758,97.95529100529099,98.00352928867083,98.038444297472,97.927621082621,97.91746476902716,97.93997850752231,97.8536207247414,97.82731653939274,97.61495226224386
50,97.50564204314202,94.50190527065526,95.27338217338223,96.5675786019536,97.96558404558411,98.84634801926474,97.86089089481955,97.06324213980469,95.52526737665622,95.98927096052094,95.32272866022859,95.42111653778319,94.65228272439822,94.84860529681971,94.66962929046271,94.42559364825007,94.41239585577833,94.567039467734,94.59407278880975,95.12684422059431,95.67918192918196,95.78978012728014,95.67852453504628,95.63986123829875,95.5321908831909,95.5365267211422,95.26858767090256,95.29749240508181,94.93249196525073,94.86670702754049,94.80690407262998,94.6397326198107,94.79044612794611,94.9564145957528,94.85564669457533,94.94640511237735,94.90929638429654,95.0586104684791,94.98997017939344,95.04097082315853,94.93340964590978,95.00268317440943,94.91513201484133,94.88979562104566,95.0857277393389,95.1292071455116,95.06361470483826,95.0155129688984,94.82184065934077,94.68879080179074,94.66053742009616,94.50916915171724,94.26975996575055,94.38493683956654,94.42547489547493,94.37988991002393,94.5054801355241,94.50962257729519,94.56145490573479,94.40963590421943
51,97.06089743589745,96.88699379324383,96.16998202414867,98.37734788359786,100.34321632071627,100.6724842287342,99.44315221815218,97.01036324786318,97.1926824718492,96.67016585266596,96.95799432049441,96.2642183048433,95.68636666040513,95.18564742136181,94.90346662596676,94.04432361619872,93.37681324666634,92.93495031203379,93.33430183364408,94.90422924297933,95.63137440161259,95.84055666555679,96.16138362442729,96.02481006647693,95.75065262515281,95.01521359694459,94.94116300366308,94.99609988226068,95.00730793791153,94.71085283543626,94.47130351727131,94.39940635175024,94.4613425155093,94.42541358423726,94.17819567998156,94.20919156717787,94.30607805607823,94.57841291262359,94.31462057647975,94.25875712250733,94.6603209347114,94.84069446867089,94.97791111773702,94.94921490546518,94.9449222177003,94.98904361540258,94.92416597390029,95.01583644943044,94.8619628009936,94.82941218966236,94.9135475272732,95.06146596459114,95.19692503513272,95.23127864076947,95.17310559810561,95.26606279798244,95.3075178151933,95.2372680799405,95.32728566944671,95.15997515601677
52,93.03619251119255,98.16941900691911,97.30288800705465,99.06215404965407,99.29704008953996,99.6605413105411,99.34766774231045,97.97834058302786,97.99245409939832,96.28981786731755,95.77815702815661,95.14472722493518,95.00289322500821,94.03358371126188,93.4505609822272,93.01869594525809,93.11302221743364,93.3377976190473,94.00372110832603,94.89005825193293,95.0232288214428,95.50164465164444,95.67722987559925,95.7553444240943,96.11340659340658,96.26512202185286,96.13010578242066,95.88918832490275,95.73557744937075,95.66318935693945,95.61481136844051,95.50553520553531,95.15415140415148,94.98189012784611,94.89854511890242,95.01185459345184,95.226547839048,95.39642013688074,95.56625053484044,95.85772804741572,96.04576099149295,96.16872952884873,96.11285742681102,96.22371621434135,96.09162743634971,95.74700014156541,95.44584697217681,95.31688224969479,95.1827622868439,95.05133241758244,95.19009033812955,95.16065665993561,95.14485499650603,95.26313311174427,95.27713305213308,95.14103481670449,95.1502996272734,95.2825255603273,95.39130657478123,95.2196300535885
53,94.7704822954823,88.54260785510776,92.38650454483785,96.83181471306465,98.68722018722003,99.20227581060892,100.05567620210455,99.14891254578744,97.33111518111514,96.20101444851447,96.8380517630518,95.7549230090897,95.44282583513359,95.3388536397466,95.12350291683632,94.89305460164849,94.6944459407696,94.72680634694544,94.61439656834412,95.37517755392773,96.05035394499696,96.17056230806243,96.38678974005073,96.47359987620416,96.20785225885237,96.0830498027615,95.57439119522468,95.49899830658765,95.26221860833934,95.24702889702891,95.22592494124753,94.9605772410459,94.86095170261832,94.7363466326702,94.72123437409165,94.33189625446578,94.31778193028192,94.2939275271512,94.34782646128802,94.44983084045582,94.44167584899283,94.65747269705595,94.50747744933784,94.51117782680275,94.37724212001977,94.315942692573,94.24357740368366,94.24286254833126,94.24095576570063,94.23290394790392,94.22530335496022,94.20510198490967,94.32309736908795,94.58246054357159,94.57465978465977,94.5934250356126,94.69425790259126,94.78135385527621,94.89571321647587,94.78227199498029
54,92.87141330891332,95.51384055759056,95.85994437661101,100.71622914122909,99.6327991452991,99.27381715506706,99.77329423222274,98.60146074989817,98.02816103649425,96.95245115995102,96.87922771672757,96.21029965404955,95.36870793024629,94.65489926739916,94.31766517433167,94.12878256003242,93.54568190524049,93.49548512187387,94.11925379688529,95.13742266992256,95.68246821520619,96.4065885503384,96.68743209286667,96.67987679758504,96.91020105820098,97.31047360758892,97.13839671987805,96.93179690679676,96.46191493691478,96.68031746031733,96.52412297976811,96.41653264270434,96.53590514423834,96.70596405228743,96.61249767428329,96.66130811061369,96.92477614977611,96.9106694353405,96.88572720015033,97.33959605209603,97.63916783307026,98.16774824602197,98.21610278180037,98.29659472471968,98.02323418351195,97.79763231937139,97.48472914988861,97.55904113247854,97.29876446305009,96.98258770858762,96.697970584245,96.61930395103458,96.46008650678453,96.40512377711444,96.50076812076809,96.29815868655147,96.40775728495012,96.4056804625769,96.35596557397393,95.99023589065246
55,89.94258241758243,95.3443096255596,92.95524352191019,95.03754578754581,98.84793854293859,99.3908009428843,98.40843217628928,97.0190565221815,97.0169640030751,96.41460063085057,96.16549515299516,96.02139635056288,96.43480440499664,96.23618415314836,96.40921415004739,96.675342134717,96.4525234025234,96.29490316781984,96.18730453269926,96.65392882580377,96.77337199837194,96.88699471824461,97.13794747925175,97.30400068681323,97.13865018315025,96.9793337716415,96.7449134370431,96.42450396825399,96.63290370230024,96.48999185999178,96.44458984862203,96.40769660027482,96.32593563843578,96.50252070913847,96.55324233967097,96.45499098381057,96.47329651079677,96.5650291594372,96.63018129780974,96.56244391025672,96.51275425116901,96.70205983390521,96.77471297006196,96.82554482554507,96.6865694387919,96.68135086531844,96.47181662899767,96.32344725105153,96.2689239615261,96.1345994098495,96.10106508415335,96.00390514933783,96.0476134801606,95.99755460588786,95.94595931845923,95.83952419108654,95.94530226920561,95.87064255189244,95.74545987596825,95.71967185592182
56,99.37961945461947,94.72938288563283,98.20422771672779,100.83670253357757,101.9851068376068,100.2386141636141,99.71983908948198,98.66441989723238,98.61036437842002,99.09081094831102,98.76199032449041,98.52006851173527,97.92012577877969,98.25496395139261,97.72158289241631,97.18438517501032,96.81265681486292,96.72913388052302,97.01450099608013,97.72339209401719,97.99555473186432,97.6966808654309,97.73758228486501,97.4620995709538,97.300165852666,96.82184574684588,96.12386868960952,96.09830876795182,95.97946700489823,95.64317935151283,95.32209125999455,95.0793603098291,94.97177282593957,95.27258837295616,95.44420315134627,95.31671118233642,95.12683411433444,95.31837031146279,95.3717006877268,95.66499720187268,95.89011944469311,96.14747853557425,96.68058146633767,96.6480098605103,96.38122303622343,96.43748230433063,96.40341252522155,96.64724649386157,96.55012563022818,96.34657824582872,96.32009823872613,96.22394473404132,96.27317032199153,96.39335251511214,96.25564750064788,96.34262875021841,96.44325530707148,96.5673250599979,96.5074128398285,96.35801697530906
57,87.7298890923891,92.97900132275133,96.93598053181384,98.818596102971,101.14876271876263,100.22840523673855,99.7729991569277,98.28585164835145,97.62187966354601,96.7392989417986,96.76877983127957,96.73129833129813,96.51760824645426,96.46287792894923,95.82166497083149,95.40251863298704,95.28103228470847,95.0866300366299,95.37700742240197,96.4703357753356,96.9137830203304,97.25107693232663,97.10150545911378,97.16042578177965,96.84104171754146,96.28664784289766,95.93675251360416,96.14687754375234,96.10747126436763,96.00776471984787,95.83679759607159,96.10942285434467,96.41804060137369,96.49285295314695,96.42424835746262,96.47474209175604,96.43223910723927,96.67878242615112,96.5658089654888,96.77330191798977,96.99212441803928,97.3551004661125,97.61436900739238,97.51952630702647,97.4365883190885,97.45050941409664,97.28196360377241,97.27985867334846,97.12318978262873,97.00095390720413,96.91053013798137,96.84413645471362,96.78904746546283,96.86893644764037,96.7899318274321,96.61419704634007,96.57586853529851,96.48452319551477,96.46523785379733,96.43061694478376
58,94.49073056573057,95.35521723646721,97.97170838420838,99.19845339845338,99.58274928774922,99.02946513363175,98.80163526949238,97.20827355514854,96.37426400759733,96.19321377696382,95.6249454249454,95.5811215404965,95.23457272784192,95.34252936217223,95.08739248405921,94.80825320512827,94.49454679307631,94.4567465970246,94.33679230126623,94.86943655881184,95.4755211058785,96.1316803566805,96.08465232432634,95.599166921042,95.49844505494517,95.554171167152,95.56709382866794,95.42523093639157,95.20399316519996,94.971171143671,95.0451074612363,94.88158561635105,94.84252260085566,95.16404450669125,95.23624033373991,95.1958716309408,95.24193767943727,95.41260442773562,95.49896645377379,95.59250089031308,95.67326391990997,95.85824527104253,95.99741116979449,95.9930541680537,95.87207400624017,95.79895783564206,95.58168303327817,95.5993767806263,95.46598265679854,95.43216514041464,95.53516204202417,95.456502712031,95.34487534652575,95.4461355688202,95.46474183224129,95.55712005421775,95.60950470906566,95.65119468653911,95.61606289190995,95.52005062067519
59,95.59814814814817,92.14410103785107,93.71324616741292,95.1993182743184,95.94305453805467,95.92884615384627,96.09491685563123,95.69104917073669,96.06567403789634,97.34621591371591,96.26855598105595,95.4812890042057,95.14631586362358,94.96105478516193,94.99172907339569,95.17252715455842,95.42248826881179,95.7745059467281,95.72741361951887,96.62566239316244,97.49088827838837,98.27565235690243,98.36357678151161,97.99499007936522,97.78582030932047,97.1631713549985,96.60856830069814,96.41595841328002,96.2980288549256,96.16238180029859,96.3580039584073,96.1913819253663,96.22818770735432,96.15348838253244,96.19379513343793,96.05967883710922,96.04065617815593,96.37315926033013,96.4895077382255,96.43396151302386,96.32815946474469,96.1558720710505,96.15674473029114,96.19905360842847,95.99967948717939,95.90271871847948,95.71298114808752,95.82851133241768,95.68337517546712,95.5309443426944,95.41897539642646,95.37352198193557,95.62606664823664,95.62158892205211,95.66329476079498,95.69200362303071,95.86203069996957,95.85332064965718,95.85780725081604,95.61376712793412
60,94.0005341880342,90.57831959706962,93.67332790666124,96.89694876882373,95.5965201465201,95.42997981956316,95.52546150939015,94.58507580382589,92.69951499118174,92.78462352462354,93.12770331520335,92.93725071225072,92.31318485645409,92.73254913076345,92.50998270248276,92.52819686100935,92.64816909669852,92.80144315560982,93.46040957093587,94.18273249898262,94.60180969823838,94.72492831242856,94.96235511670304,95.1134178707096,94.8718844118845,94.78521962368121,94.47926521352451,94.4158761047155,94.58553797734841,94.46531932573605,94.58388163509136,94.68794722349422,94.84228626311976,94.84106409657893,94.83042444328166,94.72817417921583,94.80535645535642,94.73967865711292,94.7796002786388,95.012712530525,95.3137042496798,95.53317731651062,95.80478757891545,95.93493254430743,95.89496879663542,95.83085837270617,95.71279540002945,95.7481895901167,95.45116846494395,95.32216971916974,95.28884549546314,95.13172538821573,95.25875146865702,95.17432892039359,95.22883644133623,95.16538643235049,95.30146421966579,95.37798575147697,95.37580830970649,95.16557047890375
61,89.81672771672768,92.28584656084647,95.88703703703702,96.69599867724867,98.80295177045171,100.33692935151264,101.81160314553168,101.71899610805859,100.81304549360092,100.58016941391928,99.60263579013561,99.19550306946127,98.9845656836041,99.17389455782308,98.77238671822002,98.42400920838423,97.7616662476955,97.10435094740627,97.22942827153337,97.81162698412683,97.72077301005862,97.53319805194799,97.40082196386534,97.4768384971508,97.80938278388271,97.8669046053661,97.5206722290055,97.37771818128958,96.83636548636545,96.8009155813322,96.53777899221458,96.26342131537459,96.41090930674287,96.34210119945432,96.2637146055005,96.38323822525227,96.65523036773047,97.09834254439531,97.5143234140031,97.85822369759893,98.09830834251596,98.35591301335378,98.4239619123343,98.51995238557764,98.35262888346244,98.12538123108789,98.17518499034472,98.18423233787838,98.11312918940496,97.99782905982924,97.84786863463353,97.85481356250608,97.86764269971833,97.8231955373161,97.84430957930974,97.93583920213405,97.94643946047479,97.86883280353119,97.67462309347916,97.52202440306615
62,93.2916666666666,93.73408119658114,95.94535680369015,97.85674094424101,98.65620370370381,99.66756376339711,99.1210259317402,97.61594742063488,97.20756455478679,95.88983872608866,95.42859362859357,94.67577881223704,94.00074277574271,93.66452228327222,92.8095458553791,92.36734044312153,92.9006625727213,93.11305227694112,94.48245640811415,95.43347400284891,95.87569408105108,95.96322219447202,95.8833919502396,95.5587095967302,94.8835026455024,94.57498278075181,94.60602624398909,94.66852723995576,94.64099844918798,94.74335029168348,94.64840153872403,94.70751106532353,94.7723574265241,94.92873392946919,95.01838362695514,94.96018645706161,95.31244678744693,95.73064070432498,95.91321003308207,96.13245599308124,96.33463511420865,96.46899335232702,96.51167748057318,96.63665767103308,96.47317042011531,96.27031440781481,96.06599121918309,96.10455183319816,95.89213430182873,95.88030179080229,96.11242029575413,95.92222867944068,96.02735618679064,96.20862237899325,96.12882941132989,96.16502903511874,96.01726529643236,95.88378120921263,95.85148399936575,95.76119056098256
63,92.00926434676434,93.95286680911681,94.91427893094557,95.7648758648758,95.59391330891317,96.5568367589199,97.26255959648792,96.89979204822937,96.52422500339163,95.92791259666265,95.87691613941618,94.49150853005024,94.65343602266685,94.04445643642067,94.09786256952917,93.85915687321932,93.38440649764178,93.2425069529236,93.69236124499281,95.04427452177451,96.2836678973584,96.96965811965806,97.31452040310728,97.28297911579156,97.28434717134715,96.58546206286587,96.1833949486728,95.87083224315374,95.72008143516773,95.30407254782259,94.93847696508986,94.83201678240741,94.89064962814953,94.80639738801489,94.55023111808805,94.27284826798704,94.35570529320509,94.47643199880027,94.46919907016036,94.6265304487177,94.9154861173152,94.98297696571488,94.93545766249235,94.77930969493447,94.54936926242452,94.52677786183196,94.42259133695278,94.40111405762423,94.20836126269782,93.93587291412275,93.78550879041057,93.83387681584786,93.98592037766556,93.86382878095841,93.74421208421208,94.00038465172386,94.22702723689571,94.4958032468808,94.58905462083423,94.36942952109605
64,90.1684065934066,87.45296347171346,88.52759632342965,92.6543256512006,94.57276149776133,96.09708825125482,98.63183397290534,98.63101597476602,97.55689922217705,96.7482646520147,95.55168396418397,95.86120862162538,95.31092130803677,95.28086153264728,94.69196513363181,93.47981913919412,92.59296517752398,92.64415982679873,92.80313631300484,93.74308633496145,94.74194720623306,94.41331330706345,94.4469408610714,94.69726800976814,94.86894179894196,95.0656317507281,94.58658688704999,94.23768133321715,93.98518132569869,93.66394807353143,93.50447667625089,93.35716320716318,93.28666148666154,93.15792738035391,93.25974722367576,93.25420821462482,93.38559919809916,93.67134489535788,93.5938186813185,93.76769853988581,93.74539754509249,94.14554273988782,94.37051483185189,94.52315971065957,94.49764810292577,94.28675855143231,94.16863921145811,94.17548479683873,94.10321478408198,94.14149877899865,93.999601778033,94.06339491171208,94.13586047949238,94.15413067727869,94.25465580715567,94.12634337388796,94.29521694192744,94.31764785342375,94.37788780585393,94.31438017229691
65,88.79426129426123,91.44020400895391,95.40090557590563,99.09932844932845,98.77072039072051,98.78542175417185,99.35737688237703,98.24610678673177,98.04133541355758,97.51072039072027,96.99743959743947,95.99708528354351,96.05698905795049,95.95654616547462,95.40501865418526,94.55976387617012,94.23998659292785,94.31953799801026,94.8420021742391,95.95939484126993,96.540093416284,96.98454994080005,97.35865384615394,97.35873482227662,96.92587179487191,96.58656644281655,96.2424130225057,95.79981103552542,95.5651697121526,95.35388481888495,95.01838082765516,95.17261936558829,95.14590933757617,95.09331232493022,95.13633874062478,95.35084537376235,95.56378438878464,95.72208566287543,95.88434744268099,96.16539364570639,96.6772280790576,97.07678317053345,97.36955258350639,97.45784608909636,97.45276952471423,97.05240738528809,96.9181895626047,96.81043553283166,96.61921415696949,96.44310510785535,96.26397607476062,96.17423697207376,96.1919490711946,96.24877466497867,96.25665010915041,96.3555012282693,96.36326785625049,96.4785180097682,96.41769718824821,96.30029973884167
66,94.91768416768426,93.38161121286132,96.08480701397382,97.24789631664633,98.29838929588922,99.38612467779132,99.43235871271577,97.70569673382167,97.5648504273503,96.97942765567761,96.77625476375471,96.65031669719168,96.50642160546008,96.04857731554154,95.54255460588782,95.22386898402524,94.82852564102564,94.8744457445845,95.1883608594134,96.64664657102148,97.68308864856468,98.20053141303121,98.44519363486741,98.53164194987097,98.65610195360182,98.5500189803073,98.55915788600957,98.75352509593567,98.79734098915118,98.60794176502496,98.47377719353504,98.60422072140783,98.71914243164198,98.7378534319707,98.77440810512206,98.81369061750972,99.0833105083102,99.24607338324407,99.29156491656455,99.51609444953164,99.67248776517036,99.91760506909294,100.34570070325856,100.41611467236453,100.30342739564955,100.29311649501862,100.31963766139295,100.33276014109353,100.30550281162529,100.0774233821734,99.95067494234169,100.00356536270007,99.93073697790685,100.02183444127893,99.96318394568397,99.8745455767777,99.7309123056931,99.69106362188268,99.62885986424133,99.40050239112742
67,96.67471509971504,98.8596001221001,98.08473409306742,99.15069444444447,98.92699023199017,100.61309354226022,101.23790409326126,99.73369963369967,99.12103513770191,98.22129934879943,97.62940115440126,96.69637812033659,95.83918005071864,95.75418120239571,94.95638176638195,94.82349314458702,94.56020733079572,94.65586815447934,95.67143553327766,96.69099893162392,97.23322625346435,97.89100875975875,98.7370874696962,98.7458511396012,98.47866585266594,97.9085652061614,97.54799231975163,97.15407327460906,97.16605248200075,96.8185129222629,96.5326808197776,96.15357238247853,96.24949633699622,96.03183581124743,95.87327388220217,95.67084817188962,95.85289740289717,95.96611453848278,95.81675432829248,96.23388456450935,96.42985025363045,96.42487911118826,96.67014687508838,96.69112380674852,96.5014130828018,96.18681407159654,96.08794607677575,95.99710817731639,95.61420981701589,95.54977309727299,95.43542559473917,95.48794965718032,95.63407514916943,95.68221285744426,95.53053141303133,95.51562472745498,95.3818262715191,95.51981653404054,95.591390130585,95.5093008072174
68,79.4961334961335,83.6593737281237,87.4093627051961,90.32580764143269,90.36559829059829,91.11793684710345,92.8284907552764,92.57001678876671,93.09416293582953,93.12569190069186,93.11887233137229,93.10901336317998,93.41090956764019,93.06778664457218,93.07787783204427,92.61352831196568,92.5419611434314,92.72903071722487,93.25365764839418,94.31233898046362,95.10063472682481,95.77363654863613,96.10579245633552,95.45030291853166,94.89742124542087,94.88483277762084,94.57177075325188,94.47335891621576,94.38893239582869,93.9906742640073,94.02497521892647,94.07917429792408,94.41400004316638,94.8064705583085,94.80006933542619,94.95151932686618,95.19296150546116,95.40945151339851,95.24126605825283,95.38124262311715,95.52322818328867,95.65109405585537,95.82974214631125,95.57946578884012,95.36249072943444,95.10216783015633,95.06313723707277,94.84257086470568,94.76693910775484,94.56082153032092,94.58801792796828,94.51129651153623,94.5448350304476,94.59183191636826,94.74052493802421,94.74371829394086,94.67574563188533,94.7143286072159,94.65077148996588,94.4440692409437
69,84.331567969068,87.95309574684579,93.77608872608877,97.19055504680513,96.30216829466838,96.54378306878317,97.10506570149428,97.49029494810739,97.11844955456066,96.77291819291811,95.9059602434601,95.1229730531813,94.96929181929174,94.96932161753578,94.43402930402925,94.02541113400487,93.89012096291516,93.92012136526039,94.91873621018368,95.80373397435906,96.11776484097926,96.48098568098582,96.78563642476698,96.63018310778736,96.38448901098911,96.01759474499859,95.67792135847698,95.33760120501198,95.37311095673174,95.15313966897314,94.99073581734888,94.8980451261701,95.08689582022926,95.02302844214624,95.08816791673954,95.31263213381274,95.3807030932031,95.58834881005937,95.89294897884653,96.09675086487599,96.23700688426311,96.31251586817072,96.27468907061942,96.20517387704892,95.9931023606024,95.69260287820076,95.7428006390773,96.05851287986715,95.97748675172153,95.90565862840869,95.82905264669984,95.69700541623631,95.65597465078606,95.82036999351824,95.68155834905845,95.67985184458409,95.45541676484669,95.37677378496362,95.29586394459294,95.2805793820378
70,81.69621489621485,79.76363960113964,86.69959808709815,90.16595060032563,92.19883903133908,93.47673568715241,94.47908672015824,94.68606595950352,94.54844661511339,94.34289987789995,94.08808552558561,94.0196839811424,93.73362801728189,93.73009150241295,93.91049450549454,94.27055193070812,94.140465716201,94.01647390675171,94.04978819913032,94.7297875966626,95.10958994708993,95.5969155844156,95.8153830670135,95.76439997117082,95.67787037037041,95.23992126107511,95.12873743197811,94.84667059131338,94.63098957236875,94.10045177045163,93.69964124883467,93.74267287978215,93.8515422848755,93.93583818142626,93.87136446886436,94.23798218242638,94.65441815441778,95.15305477904123,95.06068036901334,95.12448501729713,95.1931834876953,95.74089469833481,95.74526258625052,95.81977617290076,95.74865294170809,95.67610067066548,95.7496141073266,95.8090992148281,95.5938523211479,95.33954721204694,95.24859275619055,95.18003496681354,95.23402024251057,95.32838045870422,95.38471139971112,95.34160061994858,95.37971486765323,95.44425199640695,95.5347044590687,95.39768204789021
71,95.3400335775336,94.73839031339033,98.16237959571299,100.25487637362642,100.62049959299956,100.82340506715505,100.67191987906276,99.37776760276769,98.6261305566862,97.86015516890522,97.34544437044435,96.84013193596527,96.38545638834105,96.18710353799639,95.11718627051962,94.07558887871393,93.85636985563457,94.20246630941081,95.25622175095867,95.8689540089541,96.57834006822121,97.01416060791084,97.48134810036997,97.3781230921857,97.57145421245434,97.80993648445579,97.63463592306191,97.55512820512821,97.49505406789898,97.35758275674962,96.97177665524465,96.94807708206176,96.88448603865287,97.1765262515263,97.038391621606,96.99999024894875,97.1301650551653,97.21342364993701,97.3502944230511,97.25440361721641,97.2218004556423,97.0959582194705,97.04222783030959,97.12246376308916,97.1115857188083,96.96951478473252,96.8273745659387,96.92762091303793,96.6156753299614,96.43838003663042,96.50195110807904,96.5758894328611,96.59301293570218,96.60182424742658,96.47805601805646,96.31589545540483,96.32403587315909,96.35603448275904,96.47138054193181,96.2440956111793
72,91.1391076516077,89.92803724053726,89.18448480531814,94.85676765364268,97.7456613756613,98.10172212047203,96.54097331240186,94.95528591778591,94.17396441007558,95.10990333740344,94.69906019906026,94.03756698548366,94.11396676685138,94.13540830862267,93.18487484737489,92.88364557895812,92.75648776604666,92.89610494957729,93.27528516804846,94.2735762617014,94.64567973913229,95.29366998742012,95.6665290828335,95.08637078585,95.0068986568986,94.83627156319452,94.29895329293461,94.1984802895516,93.86371451026613,93.91550773300762,93.95330031378407,94.17702880163809,94.07498550831882,94.20943866862983,94.3824736903308,94.4044151064985,94.64046739046742,95.05318089561511,95.1683961574987,95.38874682030918,95.70653037116442,96.00179879644159,96.01450873631099,96.03456740019234,96.15699000587888,95.96690666418925,96.05202125494675,96.14139119946424,96.18168248984591,95.97142134717151,96.09913522389023,96.13734708133752,96.06462350542552,96.09658270399025,96.11800597550616,96.22505950564003,96.42539111311056,96.57348962499843,96.57217824548346,96.25742555284235
73,94.69428164428156,94.81402625152623,102.92418599918595,105.25139397639394,104.66771978021978,105.81855328313661,104.7178600500029,102.4354236619863,101.45661827884054,101.45174755799758,99.5121313871314,99.35230379188712,99.17429635891168,98.7203838159195,98.51741520824858,98.24394618691494,97.66603162632582,97.72474081987987,98.40777933080577,99.40795812983328,99.85535908095451,100.19771756021768,100.18659066376465,100.22376055657311,99.50325274725282,98.54643228922082,98.04436511705042,98.07822911215776,98.15544784079277,98.13687932437945,97.98774731839259,98.2456031237281,97.87496284579616,97.88787901912906,97.65252398395283,97.46132506896413,97.77487886237903,98.03272484094872,98.46816617617915,98.83184968966232,99.16776519550926,99.43785479291444,99.41577067420103,99.32852725977737,99.21752950752959,99.11697324414729,98.9958489205831,98.8907978691834,98.65690457501701,98.3885199430201,98.15514376690852,98.09066804812002,98.09561322674541,98.11515596029494,98.11990990491,97.95498157596379,98.03533932766395,98.07235519907941,98.04147049591968,97.82513422534272
74,104.7257987382987,105.2794744607244,103.53861416361414,102.11576109076098,102.59646825396815,101.91081094831081,101.04448950520363,100.05992953805445,98.52353140686468,97.52724358974359,96.98068690568697,96.2517280558948,95.50803121380052,95.51388816210256,95.19967541717553,94.70018537596665,94.62233025688914,94.76505647130655,94.87465324636375,95.65700880138378,95.96661530709143,96.35199268324271,96.54423873228225,96.5229007682133,96.3528294668294,95.81487234275698,95.7251008079712,95.34872412640271,95.30219341641761,95.08577652285992,94.82997968280227,94.70629769536022,94.83567558984238,95.41077413871547,95.79594947380673,95.80869101320498,95.93016423016431,96.03312180022719,96.09762256973815,96.22576045482306,96.25756636092007,96.19027256914167,96.10539086236771,95.91306552244056,95.69673427395652,95.56314445417713,95.44631870296773,95.55341307997568,95.45997825870279,95.35655179080194,95.33545103226493,95.22876181866586,95.31091864983392,95.34722599074465,95.39738178488192,95.30533706538172,95.31228552149601,95.28592243484482,95.29285653925476,95.20818409985066
75,84.61370065120063,85.02011090761093,89.01686677520016,90.12333002645508,91.40829568579566,91.99808709808707,91.81757078899935,92.53279087810347,91.62194862750431,91.9684981684983,91.43420699670713,90.65014202618373,90.2023821264206,90.46778882493176,90.27201973951976,90.3847861340049,90.3472835715482,90.22449661963539,90.9904887753571,91.55400539275524,91.84300686086394,92.81781158656152,93.81848821468382,93.72863120675615,93.86336691086683,93.9431457609341,94.05986580292128,94.12962018140588,94.01362960156067,93.84660561660564,93.93021108222715,93.79965595746843,94.02671926838595,93.961170664847,93.87770655270647,93.99447256704191,94.27734341484341,94.56966749137793,95.00694940150078,95.27080128205138,95.49501709898057,95.74503592747648,95.79871226964246,95.80221422096416,95.62218875774424,95.24956811505714,95.08461884844849,94.99468694885348,94.84976431353967,94.82305352055336,94.7739133687661,94.82565540762636,94.8635403467948,94.7843364197528,94.8912331187328,95.01873809887172,95.27987034894899,95.22432388811669,95.21373134868868,95.02348561931873
76,89.41376678876688,93.31148758648764,94.15128883462211,97.23671906796903,97.27435490435478,98.09074582824579,98.5056696610267,97.02130647130635,96.18102417130183,95.51736416361405,94.19899036149027,93.25767492538318,93.31505197082114,93.86846691668109,94.19748541581859,93.96287297771647,93.35463800904957,93.22892953240145,93.43732354390224,94.57502849002823,95.38376552900336,95.56026519776498,95.97632363610603,95.6465152709942,95.75526129426109,95.80100771735364,95.70914902998214,95.5782262050117,95.38666635089028,95.13212013295328,95.01678023290916,94.9595061622404,95.0128054044718,95.07179367473456,94.95800308157428,95.0453976450502,95.38788706288675,95.97819763082892,96.5662993227092,96.88523008241724,96.9941851057702,96.98154677112993,97.45072005944078,97.78013202075674,98.00803486636792,98.13058729716309,98.36494492505106,98.56819747574939,98.52404437965647,98.59232041107018,98.65139557247369,98.91835708806826,99.01117331305977,99.00823196008344,99.1062899137896,99.10265831225608,99.2651613899417,99.10046226123767,99.03994122638152,98.76976987518623
77,85.87754375254374,89.15276251526255,91.95084961334965,95.40654634717131,95.77644892144887,94.6125966625966,93.48759302866445,92.61734457671949,92.15999920861029,91.99486721611721,92.32110019610019,91.85005214692707,92.37688433361511,92.03968362986227,91.55845373762038,91.43083759411871,91.80040610261184,92.00436931895253,92.59118951224197,93.66633852258829,94.11148952458458,94.11911699411674,93.85897657093288,93.50362760310662,93.26646255596242,92.95442104192092,92.58560198375002,92.41551707221342,92.58623093062747,92.69447106905442,92.43718982630268,92.3845750025438,92.48046459713136,92.61462283631415,92.8321120413979,92.60448138538437,92.76301727551746,93.04219389285181,92.79551360320596,92.9332235704111,93.39961806486193,93.85872216407935,93.87329118986104,93.62078928016433,93.4851718446163,93.21217539505588,93.19674475445763,93.25072348561933,93.1095990838338,93.06925407000415,93.10827757028738,93.21115552894409,93.23783270363464,93.20001469723694,93.18973998223993,93.33921376242805,93.48521419288959,93.48202417792929,93.53197221015012,93.28717295821455
78,93.2627289377289,89.42949226699226,95.92613620946956,97.38811431623937,97.93271672771664,97.00501628001628,97.23856256177683,95.65108491045986,95.15543402071175,95.0899028286527,95.56572594072581,95.47281152489474,95.35745162956694,95.25675148264426,94.60638346221677,94.26795030779402,93.63218325791846,93.62329794690899,93.88270435704639,94.4300976800976,95.06349254801619,95.39592860842848,95.62960021057843,95.37228157644824,95.41534696784696,95.07794997025763,95.05108231960078,94.93609094278726,95.03729035970397,95.136459774793,95.13054341118844,95.3867305148555,95.63551833968492,95.44733474586405,95.5397523111809,95.37388456450971,95.74021260271267,96.07313007411695,96.02764250232202,95.78146749084256,95.60015212881066,95.72764017287838,95.78366745227227,95.77023913586432,95.51536946592523,95.36357324237777,95.20612914469321,95.00447350681749,94.72815736795341,94.63334259259274,94.73376297812591,94.82269868664119,94.91710121639389,94.955008931398,95.11816803566823,95.00397724795063,94.98856444887168,94.9814424480375,95.04464328828759,94.94025259462784
79,101.66574582824576,101.98646469271478,99.76303249219923,101.61042811355311,101.09840354090353,100.28126865418534,100.46354947962092,98.68922148453403,97.28709921765478,97.66672669922683,97.74022597772614,97.93766873558562,97.23127485050583,96.39107070178521,95.55599240265931,95.00088204619479,94.3753244032658,94.73876735404536,96.04790073474302,96.5816432641435,97.02489001298544,97.69268347393363,97.61823981171825,96.99769642009244,96.7526621896624,96.14824989825017,95.79433722998564,95.30265458747634,95.33221460850801,95.46567646859344,95.64840974437784,95.75469052070638,95.54319507652876,95.3505252100844,95.23448485377088,95.21210190272708,95.31336377586405,95.33380339202733,95.5234798795699,95.66625826719608,95.78234499240631,95.8643674777607,96.15819360441489,96.04494232619268,96.02341156785643,95.95794115305026,95.71849535413406,95.41007972544475,95.18385090910647,95.00657427757473,94.91741991668512,94.89333722723197,94.89817243378609,95.03753419934023,95.24851944351994,95.39523200840225,95.58291606866224,95.69126720980225,95.65919665707851,95.52377704856924
80,89.32405372405377,90.180636955637,91.3973748473749,93.38795533170537,94.38266687016687,94.70097001763668,95.32509520902379,94.9896202177451,94.16603468547905,93.60066493691485,94.36856615606621,94.35168481210147,94.38952091355941,94.05334285423585,94.11274352191028,94.33124395858789,93.88622872225825,93.96033244019362,94.36299348799355,94.50320461945458,95.05622734848912,95.05121198246178,95.01580643591494,95.20497240028469,95.07417582417568,94.96579415954403,94.72980034368906,94.67013198441761,94.34806867780999,94.25888922805579,94.23799069807129,93.96442880036628,94.13592194842195,94.53501490339733,94.75403410081977,95.03690999072941,95.14012309012307,95.24032396696869,95.4746771391002,95.3374627340253,95.31762696427336,95.32062353431398,95.4985603543743,95.54238088300588,95.48593892732778,95.29575978570544,95.13958674304423,95.15130388515807,95.1447893565241,95.07486650386649,94.96735936539855,95.00117041968004,94.97847898956391,95.1014827250939,94.99548507048517,94.96429361808836,95.14432341537614,95.14031154828577,95.02683107068708,94.80869539411214
81,97.71444851444855,95.88026811151816,96.20957298873965,99.02709478021984,99.23524114774115,98.69389923348253,98.39858785394486,96.79575384106624,94.87260717677376,94.22763787138774,94.14960779960776,94.10938093542252,93.16437572399104,92.88095238095242,92.20260785510794,92.02665916259684,91.62061846105976,91.40008224799908,91.22497429471127,91.98767628205148,92.71885332480582,92.943754856255,93.18982255667049,92.7971978445937,92.51294973544982,92.31900926708622,92.40613402372661,92.30997768765619,92.4433990498645,92.35311440103101,92.4284430921527,92.49060019841262,92.51937414437398,92.63106505422665,92.67313753706603,92.79689181703074,93.3419038544039,93.82985655913293,94.0704659893763,94.21671779609295,94.15269550909812,94.10199890497518,94.19288802282996,94.29155057905065,94.1191596572154,94.00279691122104,93.82358426640364,94.06810441680263,94.14209785867973,94.02112047212073,93.83390213635339,93.80982495069058,93.89177868776947,94.01845662054018,94.18560735560756,94.25714303883964,94.37799850409516,94.50529854883322,94.43219795741005,94.14053410324262
82,81.49267399267401,89.62039072039069,93.5509513634513,99.29048890923886,100.20184269434266,101.29399335232677,102.31084220012792,101.05469767501019,99.66691482385919,99.32921499796481,98.59005346505323,97.50206934269417,96.73721783914073,96.31186079132488,96.28338895672215,95.32048388532749,94.57744290023699,94.22106368425813,95.1332787095945,95.95338039275556,96.52224208771842,97.07727342102362,98.0585958928352,97.89314331501855,97.5074420024422,97.02268870730437,96.98888229397522,96.98145586225978,96.862625082453,96.4309995251665,96.10921741042735,96.29368195461964,96.41453916453949,96.41688408269329,96.53533374033427,96.72235209492197,97.09367513117552,97.30422463744864,97.41350563017264,97.44183328245862,97.468209049307,97.77786923173879,98.14679061248887,98.35706134143693,98.36845984262708,98.3293774663346,98.23843631742623,98.52125114468917,98.66800644555802,98.80413614163676,98.81874705722802,98.68769410788707,98.64219423134585,98.54429125401415,98.5172750397757,98.48662013416542,98.51899183500126,98.51512997698407,98.44236003325044,98.17579483787863
83,92.87400284900286,94.04753001628002,97.22899877899874,100.13938110500618,99.81192612942611,98.89641500474823,98.49988734810152,98.24346192002433,97.46957050151487,96.80941137566126,97.18967097717093,97.14346297992125,97.25183345856416,97.01606161695442,96.31267127933795,95.41357314560445,95.2376280854222,94.68845447248228,95.13630979157296,96.07706705331702,96.56991806694185,97.0233158045658,96.72236157562251,96.24189200074622,96.06725559625558,95.75564126044895,95.60346986689574,95.49047291993722,95.48237249659664,95.76054588929591,95.86412964275861,95.6500585063085,95.57893233309902,95.39133044243337,95.39452482702471,95.58416344457999,95.65976979726975,95.8389496711865,95.83968697494338,95.93383178164423,95.968116729702,95.73785854797745,95.55995541925755,95.44315522440495,95.37261599511571,95.21345611916226,95.02603254704282,94.87698698870538,94.66146692498695,94.41579263329226,94.30507284110185,94.2145220875986,94.20285044270845,94.16822749438441,94.13757067007023,94.17733616416614,94.33090811073232,94.39298696195205,94.46577488738471,94.22230056980018
84,87.6619454619455,88.8586233211234,93.49818715235381,94.88680301180304,93.8862362637363,93.39563746438756,94.91162058840638,93.62362891737895,93.0278263917153,92.9508216320717,94.00548525548521,94.80887515262512,95.20133370902593,94.94522428629558,94.27934032017355,93.94539199226682,94.15415828724636,94.03287404467942,94.07259200351284,94.94179945054918,95.58101415779954,95.87280566655538,96.03112601971269,95.92400242504387,95.62403174603152,95.30894089884455,94.74407607139061,94.60172284725832,94.52337603328957,94.497977207977,94.6073777029421,94.98068576388873,95.49414998581645,95.66924244056572,95.5393708936563,95.31367464839654,95.43207781957749,95.62102987168738,95.50595994698537,95.62880876068363,95.9030790573472,96.10891100742275,96.13581781052697,96.00959595959584,95.78241758241747,95.53496332572409,95.29945920903361,95.28981958435068,95.2544600807354,95.18488166463149,95.10404845698942,94.88068665664798,94.89911074250676,94.97032712657696,94.9924223924222,95.03731530539544,95.16280801719374,95.22886431097618,95.19936294088812,95.13535951702593
85,95.24242470492472,100.03412189662191,101.45171618504942,103.67585342897836,105.43392246642233,107.32095882512539,107.5331291063433,106.84827279202263,106.41825566408883,106.33157814407804,105.59199180449174,104.15287147266305,103.35716712062867,102.12214372928649,101.34738366571678,100.80265663156258,100.12819525245963,99.60690544023856,99.95289934237283,100.74170558608037,101.49023998488268,101.80158660783633,101.743223664419,101.57285773639913,101.07728021977985,101.0493043815156,100.6698452267894,100.57681623931596,100.01217580312378,99.70946530321514,99.22335443827382,99.06746445105837,99.29238354238379,99.75076387392598,100.00820091284405,100.06844135802484,100.00620661870674,100.17265961377812,100.08760227189727,99.93922072140842,99.85702075702092,99.91419474484975,99.85041776698772,99.65356680356692,99.29474245918709,99.21984348180021,99.11889131357242,99.21421968270951,98.91861777678122,98.71704304029316,98.70330408516692,98.5576605107856,98.57208783529552,98.49400701322017,98.37703324453338,98.37849175460791,98.32637514369978,98.32607276184868,98.20318219131782,97.87232303961473
86,95.31476393976399,96.32953805453815,98.43945868945869,100.92358694546198,100.99014041514036,101.78283560575231,103.14649906971334,102.54920634920639,102.5814503911726,102.45607397232405,101.8130411255411,101.3470657814407,100.93219412354024,100.55348021687298,99.27161613078277,98.30185980107848,97.63042357968814,97.46790236512436,97.93825295075273,98.75649343711815,99.43366717057171,99.52182424057409,99.34973522853952,99.05874605718348,98.63692897842887,98.17892168372927,97.59215883567722,97.2652765059013,97.11958285966891,96.96209062542376,96.92065871702947,96.81233767679072,96.59814614397936,96.56247920108189,96.34193950229648,96.26119533758407,96.7265738265738,97.35734849945356,97.42817068970906,97.67767399267399,98.18399123460094,98.30071128166364,98.25255996157152,98.3623864561364,98.24749208610321,98.05199551857167,97.82339018349664,97.84249698989281,97.57895008430724,97.43668884818881,97.40038605185664,97.27421994849875,97.21010752873948,97.00669016340296,96.8707002257,96.85362039580762,96.88378424694187,97.06619844076721,97.06309566923956,96.98766466558112
87,94.6384564509564,97.99438593813593,101.94688983855654,105.87210520960525,105.9615425315426,106.75914055080737,107.74924341531496,107.37517170329687,106.98349669877462,106.60310643060662,106.2628626003627,104.92539809727319,104.56849308099315,104.1470448863307,103.17359042192386,101.61027326261699,100.91866785175615,100.4448717948718,100.49474219737381,101.21249491249488,101.65775796073417,102.10705613830625,101.6530230840014,101.1114464624882,101.04233455433454,100.59729168623396,100.07617389469239,99.80460310192457,99.70382106718326,99.37872269705606,98.99224352409836,98.72742928367926,98.63239939073263,98.69857864085805,98.20955491598343,98.24176106814978,98.11953065703047,98.06524778827402,98.07707491938254,98.04024394586877,97.98250196055062,98.09743577630482,98.19276237328553,98.40228787416278,98.40675044091705,98.36636418130978,98.21198161570496,98.12553609584857,97.95675568762303,97.79091483516491,97.6709417670203,97.52873804436307,97.63058742445538,97.71494501725992,97.74788350538354,97.78320759927914,97.8757023434656,97.74640602851822,97.53234032132359,97.27321818613501
88,103.32804741554745,99.98646214896222,97.54284357617698,98.00239367114376,96.5558801383802,95.98388193596537,95.66162349555215,95.27870115995132,94.79763487541278,95.59309930809947,95.39186739186752,94.443346815222,93.60583458564241,93.46674043549054,92.73915242165255,92.3337479649981,92.30629114893824,91.8699653484376,92.23075129061958,92.78455179080176,93.39843837820028,94.0790186665186,94.59799308984084,94.14704521944091,93.54819617419606,93.57080300397597,93.41323599240255,93.37672430083137,93.46438185058865,93.3127643806809,93.54560849843105,93.840803380647,94.06895727729045,94.11961532476222,94.05060076167199,94.17565544023864,94.5847977097976,95.00135166977265,95.04845939910042,95.12752098595848,95.30956364096606,95.45722013876775,95.64232047022745,95.65624098124096,95.46963313435545,95.30803527189417,95.25619939556131,95.29515595322907,95.20457262880748,95.241391737892,95.2383063196791,95.27827332034092,95.30725986976017,95.38557315455499,95.22486254486287,95.27834367187073,95.34621016572791,95.33344438128937,95.3261786628313,95.0362395706147
89,86.34589438339438,85.67394434269431,87.92027370777372,90.8432132682132,93.26568783068765,96.16542616334274,96.48662785627067,95.13510314916562,94.50360986749874,94.97857498982498,95.33054306804307,95.58317477275797,95.20954337685089,95.36612557416107,94.97077092660408,94.08450377747239,93.71840689267145,93.66244290688718,94.05768829124084,94.51864010989,94.74672752291792,94.96344003219,94.98634403036576,95.15752187627189,95.10110561660564,94.9810686108763,94.66657886009742,94.6810931958254,94.63439749905271,94.45765313390325,94.44672692898511,94.37770877849017,94.3154831279833,94.30449391295008,94.65660779696525,94.78862999140804,95.091732804233,95.16086008289977,95.06047999958284,95.0864655830283,95.27100308228371,95.27249573618624,95.19228911699851,95.23281752969261,95.00547901686798,94.75993512325043,94.5910112444688,94.24738968593145,94.04939801317367,93.98657895807912,93.99707867477484,94.03783127485057,94.29048310180391,94.37619292572998,94.31419774669776,94.26593361169253,94.30483232654282,94.2849740537241,94.37277029310938,94.18654761904773
90,99.23537342287341,97.32211792836794,95.18337742504407,99.27082570207571,97.0175468050468,97.2452118097951,96.6505639862782,95.40336792836791,94.94816171482839,94.86656440781438,94.21278166278164,93.56471772825942,93.21954619454624,93.03002827199258,92.78290733957397,92.52983312983316,93.20235222294062,93.47460317460339,94.11410443844674,95.46361925111943,96.43348959241834,96.84670468420481,97.3507801578454,97.3197446072447,97.15019678469692,96.92411320872876,96.14143754051167,95.76185152479802,95.56735681304653,95.57399216524227,95.70692655612025,95.78168577660777,95.76882376882386,95.81324337427284,95.90301049479623,95.84361051756886,96.09976253726256,96.45278848831488,96.37030671133233,96.17919655575899,96.22768136335209,96.2360768310173,96.24886927241582,96.20651836589337,96.03295753629085,95.94428960733305,95.7197414681457,95.88119742911415,95.80275254790564,95.50885866910873,95.459821378694,95.43451559124645,95.5999473011267,95.64034985076658,95.53332704332712,95.41493273591497,95.64391150597302,95.60798633040024,95.46322363292717,95.23397435897449
91,96.30420227920227,96.7415801790802,97.11125186541854,102.27938797313799,101.17096764346768,100.07913274996613,99.74091008198158,99.13323539886039,98.8271344910233,98.8262907000406,98.07674177674164,96.95712886650377,96.04562004946608,95.98810759346459,94.77643976393962,94.1848939255187,94.5158718188127,94.8544396961061,95.05218602060677,95.81165471102948,96.2989238715427,96.48370495245467,96.97964091061891,96.3974013447969,96.17544831094804,95.6677448263985,94.9325979062087,94.74434560148823,94.36321365416171,94.3197335843167,94.40272132288243,94.1245697878507,94.3503672253669,94.38227393521485,94.47685417756831,94.56203816759353,94.65743009492984,95.00039883362228,95.26357698569214,95.32676956145684,95.51888556339755,95.55605001259742,95.58013778856778,95.46760010822487,95.45171019309886,95.3813478791736,95.45130727231766,95.34147599121536,94.97827116194448,94.77366625966619,94.69629849090623,94.85461720437674,95.01140570645276,95.00114007220475,95.04366994116984,95.2257394143554,95.32099327735283,95.27201986232147,95.30485925718962,94.89615893365877
92,88.24973544973545,92.16060999185993,95.50579127662455,97.68948158323157,97.94989621489627,97.27932861891198,96.41118306296883,95.88166590354099,95.20545154434055,95.16985958485958,94.70228798978799,94.33527167277174,94.12130060110839,94.1065756003257,93.9935168226836,93.82592179232809,93.37746474658249,93.294679034957,93.89067139001357,94.80474587912093,95.5624013993062,96.22937016687007,96.79834324290839,96.5047610568443,96.52824094424092,96.30348709339091,96.18928985966022,96.25903159340658,96.04718713598024,95.85099969474975,95.77715004529517,95.73752464260274,96.16046253129589,96.1799086942469,96.17712832141416,96.21978403540912,96.29639763389768,96.35546344493726,96.27484750529626,96.35368233618239,96.57137149210322,96.83110137217282,96.82018994141089,96.61788743663757,96.5697923167369,96.31789828528971,96.2439673014142,96.34060507393855,96.12196898906097,95.97629008954024,96.0131662636567,96.0126846177329,95.80382196419947,95.8045850668537,95.78541560291578,95.72152096415506,95.7764992966749,95.88491888060865,95.79510573387697,95.65071479446485
93,89.14606227106228,94.108078958079,95.35645604395603,99.60868437118437,99.75816137566135,98.31140788224117,98.5353712425141,98.4378351393976,97.5172375977932,97.42968050468042,96.35435212935212,95.06718220051555,94.45429581102657,93.94297415547418,94.31887159137162,93.82799749440383,93.34666379372277,93.09289360331051,93.48746063877658,94.5926671245423,95.36950404093282,96.14586755836777,96.45861137654646,95.8688430589475,95.71060012210042,95.68216751197545,95.69958075189578,95.5141645226468,95.52644134282079,95.2052899877901,95.04527846705273,94.97469029812773,95.04770599770605,95.44560035552682,95.55719402290838,95.73622261226444,96.03932063932085,96.2892207816552,96.12547418156409,96.10119352869367,95.96582511887397,96.33794539895742,96.23213327370313,96.10355281292793,95.8881730203953,95.84583897382815,95.67997514699641,95.71479584266041,95.55151171579742,95.47645573870587,95.48428330021486,95.41036588945258,95.36327061303487,95.32714014380696,95.30719326969341,95.3445737215828,95.3759961691981,95.3953177410076,95.33848300945783,95.14986975986994
94,92.97009055759055,94.40634411884415,95.69794464794468,99.66631944444448,99.01690883190882,100.41954025912368,99.51129353450787,97.78119467338222,97.25197508253069,97.05914326414327,95.69686794686803,94.89302121489632,94.83369728562052,94.92407480086058,94.78503527336862,94.29648358007732,94.25939093586149,94.39923857007187,94.57622930188712,95.14585063085066,95.13329990115702,95.45526857401858,95.60888986215082,95.51744251119258,95.500271876272,95.16068415203047,94.41193566378765,94.61379622361783,94.30184009796099,94.32429131054154,94.2853832696576,94.24407289758862,94.41788319704986,94.49737679259745,94.84368538868546,94.9119423529147,95.33265697015706,95.34972232932765,95.23952208759896,95.18755443630434,95.45406851504406,95.34717922069107,95.34622507122498,95.34172228234725,95.18168260751598,95.06280005220225,94.95568415036514,95.06238701499139,94.85821455566378,94.84664367114398,94.71280604834566,94.66552589148792,94.7546524754077,94.79516677595426,94.7563463388467,94.80576368902297,94.9204405243882,95.14448795138475,95.36962561136315,95.1772032288701
95,94.97876984126985,97.7168142043142,97.24994742911409,95.891045991046,99.04048840048841,98.15744132410795,98.31970100005816,97.9683652574277,98.52368798896556,98.58814255189232,97.92201455951432,97.9245353412018,98.00322547822525,98.03304625268885,97.5979019129016,96.99329625813976,96.5096854126263,96.66187904173987,97.23692859284934,97.6398578042325,98.20901675484978,98.83178002552981,99.41324388172195,99.4901448667072,99.10234615384596,99.06292617638748,98.66091156785573,98.06826432496055,97.55473716896111,97.31946445529768,97.23132163535355,97.38579489087255,97.2544159544155,97.09196338791884,96.93601459387138,97.10308543051562,97.25803825803806,97.50710041663962,97.63800548928734,97.89844207875446,97.71401074083985,97.98408882783868,98.15779441273618,98.056461131461,98.0492970198524,98.16860279414608,98.13603945306055,98.07329282407387,97.8129690887341,97.70662006511972,97.60973199821197,97.40454235934963,97.28935060397288,97.50253254118965,97.57135558885525,97.47128112462904,97.3673186706079,97.33706984267293,97.40683855535522,97.16254248066714
96,80.55989010989006,87.77389855514855,91.80005257088591,96.43745548433053,97.49057285307283,96.5495743454076,95.33477309727294,93.43921385327619,93.94337663365431,94.97344220594213,94.98309653309653,94.6243564306064,94.15281378165987,94.27774943310658,93.78070478903811,93.4934355285919,93.1058365653955,92.97545137475697,93.19491249491253,94.46363349613337,94.97225395856331,95.73233155733135,95.9821050326484,95.87732244607247,95.86510805860796,95.24594212767275,94.50945503399194,94.31738364149064,94.10740688111366,93.76236484194803,93.59872992897175,93.49937248804417,93.62526624609944,93.74494511479793,93.8369395022965,93.93624819110916,94.41224356224346,94.9722879581431,95.46530934639891,95.85679805148538,96.23057739460157,96.58766304242478,96.64803728786266,96.79886143948623,96.56014527653403,96.55176835040947,96.45959676651157,96.50343735161435,96.62881469437588,96.52708333333335,96.40480060970262,96.42620642356229,96.54081686133586,96.81874924629575,96.66725376475394,96.65255274652617,96.86036726431489,96.77974690539362,96.71546360105698,96.62067867317884
97,94.45904049654048,96.8512311762312,99.90953737620403,100.21285485347983,99.31621591371588,98.31349291140954,98.15641461712883,95.91639512108252,95.13468660968636,94.89635531135514,94.69006179006156,94.24894561457047,93.8748497229265,93.7454546775974,93.72439255189241,93.12946778337393,93.11282021355544,93.3403032153031,93.70761599511592,94.49573489010987,95.6459445316588,96.27171855921858,97.06119405956363,97.30521575261156,98.07016117216116,98.18058647193261,98.1920273142495,98.41708602244319,98.14630664673774,97.88362298195636,97.69187476203606,97.18098258801388,97.37348469431805,97.58599589408416,97.81882333275183,98.12605438542926,98.02283231033213,98.14099471434977,98.16438759483606,98.23356964794436,98.09123931623897,98.04288572979011,98.05832445977754,97.91135970510923,97.65747150997097,97.49446037054683,97.44650585820754,97.2597807285302,96.87448522754603,96.75298850223807,96.66456233490503,96.63654120096382,96.6010440904305,96.54202985800173,96.43248482998452,96.53481915736347,96.74502700840381,96.96247245729968,97.11928362754601,97.0762064170394
98,95.58778490028486,94.08503510378507,94.64544498711166,98.40609355921853,98.93685897435891,99.55699786324782,99.79170227920227,99.13733402014637,98.18996630941055,98.57349562474539,98.1447797572795,97.37825557929699,97.10283569706624,96.49040968951661,96.40251390584706,95.82895203754565,95.64520427829227,95.90307963641277,96.44675497504419,97.22200905575878,97.57403434308175,97.49153254153231,97.85968196457308,97.31681335639651,97.0958080993079,96.52684578598021,96.25553181386498,95.93067184138596,95.44286187949965,95.1227416564915,94.70725199233254,94.76044496591372,94.92820296986982,95.3657503172211,95.51830368044672,95.56830427802672,95.50427721677744,95.60996950174595,95.6350593020467,95.95577228327241,96.1125523640768,96.37357925363891,96.70796738790946,97.062677831428,97.06796126712817,97.15005397179331,97.01759789658752,96.96626634361024,96.68240408495525,96.47667806267822,96.25467731252064,96.21243435161725,96.23119091774778,96.22821530321556,96.26795602545627,96.3286681820166,96.51228293311651,96.54741019676393,96.65551528665958,96.48174238570093
99,97.66400081400072,95.6842363654863,97.43242266992256,100.8221166564916,101.8481603581603,101.9938246167413,102.42844133379853,101.68267513736257,101.3635779858002,101.11887617012619,100.88039876789878,100.39078695224542,99.9150648852574,99.64118844118863,99.24947463030809,98.84180879884019,97.3031027795734,97.00508920092253,97.55265032238708,98.22389321326808,99.03389804639791,99.54870176120157,99.3492132062783,98.94757198819694,98.42429588929583,98.03815550546314,98.11541815523294,97.74290383888591,97.68550657516167,97.31433099308094,97.15604067378263,97.00236425900495,97.35659386909403,97.55542328042354,97.44882420489598,97.58309450323371,97.83322910822942,97.93754123556785,98.1775404913227,98.41103034696805,98.42190084080345,98.46163027889229,98.54212820986088,98.52321856384368,98.36433048433064,98.1902428288299,97.99654385212912,97.91661950125511,97.76997852865219,97.6063053520555,97.48495973888143,97.33663336307582,97.06003515178061,97.08302714089763,97.06105246605259,97.18860371605922,97.36050694756852,97.47542085947273,97.45744095044957,97.09227199498038
