,0,1,2,3,4,5,6,7,8,9,10,11,12,13,14,15,16,17,18,19,20,21,22,23,24,25,26,27,28,29,30,31,32,33,34,35,36,37,38,39,40,41,42,43,44,45,46,47,48,49,50,51,52,53,54,55,56,57,58,59
0,62.320645095645055,60.19002594627599,62.24178028761363,60.10317460317464,58.88708485958487,56.20993335368335,55.86133132740267,56.09225554538046,55.35037873648974,54.67972934472924,53.60755217005206,52.983046313254555,51.965330609561306,50.88485050002903,49.80274589607923,49.39633699633699,48.752840922693856,48.34292893320671,48.199767045819684,48.248921194546234,48.097158507277626,48.10877571502578,48.25364044168401,48.283016636141774,48.53722181522193,48.77297478162876,49.068901965661375,49.29498898918555,49.563755912031894,49.804061355311404,50.08627916289219,50.14041895604411,50.169406365239794,50.27567903229686,50.22213151927449,50.17114352982418,50.30280555280563,50.501894693999965,50.882251781931274,51.05256499287749,51.261022886327716,51.40353739073971,51.56140630472015,51.65920954045943,51.810043865599276,51.91578210436896,51.91725909039729,52.055671190306526,52.05823438655069,52.00277045177041,51.920092053915575,51.89218412463604,51.743476666589864,51.52371625288294,51.46561494061498,51.36446077896975,51.189621578876036,51.041731313067615,50.9487151893932,50.81249372541046
1,57.71921041921039,57.01662087912093,57.193445597612296,55.08823768823775,54.33143772893772,53.31998456790127,53.173658352229815,52.065672059422106,50.525035612535575,49.99630596255594,49.827806915306915,50.244887905304566,50.14372006198928,49.85236532647249,49.70006071089409,49.924717007529644,49.99993027125384,49.85041915389136,50.02953859006492,50.28351673789177,50.30188116557169,50.478928016428064,50.372475270301415,50.28011591032427,50.66424114774119,50.99183983751297,51.36547279880618,51.575386286993485,51.90333670161261,52.05334435626106,52.08945754066725,51.889850109381356,51.619762953096235,51.29210733438671,50.88531339031333,50.736244658119574,50.83567193567184,51.008594938200076,51.10643217181665,51.124797390109784,51.05389553987103,50.95609834389585,50.91553286291653,50.89986795611786,50.79035250757463,50.73555546707712,50.60947997038416,50.565835601512575,50.54902787122164,50.39925020350012,50.27448646125108,50.14580906984749,50.08211617173874,50.00249504439309,50.044517149517006,49.95858943470535,49.932721047633216,49.89554246838716,49.76667270268955,49.61302426739917
2,54.09889601139601,54.54475732600729,55.872257834757754,55.59948743386239,56.724375254375246,57.20764567222899,56.74290729112164,55.62261459605218,53.973948582281956,53.03497100122102,52.045695970695974,51.970128713878694,52.0400437525437,51.50188346706202,50.950451770451814,50.959170863858425,50.384114414996816,49.8682200515534,49.251683964184004,48.950381308506316,48.90184046553096,48.60278379028382,48.214527260179445,48.071132224257234,48.16944851444852,48.560715459753915,48.616303381118215,48.664435068899394,48.727510946907564,48.655389024555795,48.506874204051755,48.29392615486384,48.14140812890834,47.97547343723837,47.822384731670674,47.641393354587976,47.792486304986454,47.88534999357384,48.0044089101783,48.012330204517774,47.971264282239936,47.896153482760674,47.91988315302272,47.953026256151276,48.11445382806498,48.27139362248062,48.430058170749696,48.60861706773171,48.80714389540926,48.822952889702954,48.80797222022719,48.83643710278333,48.967744353829346,48.847796168166575,48.808429348429414,48.68593713660684,48.64000689044554,48.736356539373816,48.719629836579024,48.65604429521099
3,55.08985551485548,54.54321072446069,52.93361992945321,50.780685286935274,50.30826923076917,49.98192748609408,50.92350500029069,51.01481163512417,51.42615147198478,51.01678774928774,50.84895197395195,50.98503001627997,50.47648398609938,49.991758241758255,49.46760276760274,48.980450625763076,48.56388320285376,48.23150380997598,47.80725879870611,47.40082086894584,47.173447341899696,47.178875060125044,47.25097857054381,47.31083151031071,47.808014245014256,48.24490779875392,48.264191501228524,48.31270077475435,48.28005505031369,48.42468660968662,48.495555654023455,48.283602176180345,48.2111821820156,48.12549483468611,47.88194647944654,47.660114384072834,47.678352253352394,47.83757992738271,48.068918996483255,48.06508318070826,48.07729967638509,48.124888196019185,48.27355846134921,48.38478974728978,48.465135327635345,48.56624949124947,48.65949685657132,48.86056738400486,49.085358887144636,49.16956532356536,49.24628701908119,49.50193403462636,49.69698138165117,49.659881442288835,49.79217689717691,49.80565921347173,49.690202982527566,49.5716605792037,49.46093511792663,49.408368267534854
4,60.2430860805861,60.1883597883598,58.42011599511599,56.62537774725278,57.76847273097276,57.26046245421245,56.64497136461423,56.04501106532352,55.003758535702964,53.89775234025235,52.369274706774746,52.39029049654053,52.520799286183895,51.66037705680561,50.81266517433182,50.362848812067526,50.12527233115473,49.9785852778909,49.683657594841804,49.47867343304837,49.22927738046779,49.04354904354897,49.04245036364594,48.85940170940161,48.96545177045168,49.23948569237026,49.32669470447247,49.29823899645324,49.47709903442656,49.50514533306196,49.53182677537506,49.38297132554934,49.29425219841874,49.1484632741984,48.91442380370937,48.72202211368864,48.64959437459421,48.802550982156106,48.79559852540608,48.41434002340234,48.14917582417566,48.05583318797591,48.18616541726996,48.262504509379426,48.29613960113951,48.41665859301719,48.50088035486962,48.631257419278164,48.82013177676436,48.9231972934472,49.02101768057642,49.210976292226256,49.45625359964978,49.489717210087484,49.53767232767221,49.60981706785268,49.48966058308154,49.49852655326783,49.337140080572205,49.17037834079487
5,59.0788665038665,58.783073870573936,58.28980463980465,56.55232371794866,55.46026862026861,54.12167022792022,54.30590586662018,55.003948539886075,54.4771768868992,54.23510225885234,53.382973507973574,53.05366512345682,52.13605280047587,51.65893220536077,51.124200583367276,50.6540118157306,50.098239723239736,49.62544487405598,49.27719298245607,49.14705713268203,49.267743764172266,49.36832773707769,49.37295349577956,49.20807662630577,49.16919393569395,49.31981211452364,49.41762142178805,49.52858033170527,49.56068323439009,49.57805962555953,49.507514080901075,49.48702622608865,49.533302345802234,49.66500155617791,49.4143320832605,49.36072940690986,49.43671583671575,49.46037837649671,49.50321282468708,49.38556674806672,49.189207292256064,48.98731793999652,48.773520955788406,48.47297043234545,48.431438972550076,48.3971899276247,48.35467184509737,48.495467456925766,48.70773861437124,48.82700854700854,49.00616835053107,49.31840336479758,49.46567277935201,49.470648675741295,49.4692650867651,49.54958782123961,49.49164836949927,49.49699565281463,49.34321111249074,49.14044269773428
6,53.57684167684166,51.78158577533574,56.722580043413345,53.172771672771674,52.594718152218185,51.77752933794601,52.465782167567916,52.77601813695564,52.019729344729335,51.55986467236471,50.91621295371298,50.493549467507826,50.08208337246796,49.10682016396301,48.54688203771536,48.571046690577944,48.59229811582752,48.0668687536743,47.65931254418091,47.5014072039072,47.217218539837575,47.04575678950676,46.96930597582763,46.88382300569789,47.43685307285298,48.10393068469982,48.178224347668696,48.22790151316925,48.3459675382088,48.294247557997465,48.25445517743895,48.2581166374134,48.390887045053596,48.25862436855075,48.06125050875044,47.90922124429065,47.982276919776865,47.97913252682985,47.92823474009372,47.753608185795734,47.598117747203105,47.584054547745005,47.55988170959096,47.35416574166572,47.4272915253471,47.486016439277314,47.5528427246512,47.681847887837435,47.72058342262417,47.564976902726855,47.44031358982339,47.38944665555234,47.384834435306026,47.27677902515853,47.3258627483626,47.305649038461425,47.159442587951254,47.206927076754546,47.199603088374175,47.077759293175866
7,59.92103683353681,59.01593660968653,57.22190001356662,55.69938186813179,55.61202380952371,54.657847476597404,53.77784391534385,53.597694088319,52.502294464794325,51.38809065934045,50.94699652199633,50.9590260819426,50.80399408284008,50.16594823826953,49.30602869352856,48.75359782000403,48.44016914458083,48.29116159046707,47.91369743803946,47.97628103378098,47.79787439192196,47.84710174085165,47.56823538780051,47.585220161782544,48.05528978428965,48.67852172756006,48.68730384841483,48.58814556805612,48.60856525339269,48.66840879799199,48.522572439507734,48.3845502009563,48.31716863383513,48.219358555387885,47.952110878539386,47.73737719327996,47.73705477455475,47.80297779705673,47.94102811955372,47.84912011599507,47.912734893832386,48.05093077116878,48.25091326632019,48.46681443556437,48.47360387554825,48.62640249243506,48.527627101031285,48.502096476054696,48.522660162966176,48.332867012616866,48.3387738713718,48.37985592576925,48.35307554081125,48.234729759266685,48.16137649387639,48.0053095383451,47.87915667016527,47.817872931665875,47.719774873588314,47.65136624949112
8,50.55630850630852,51.633173076923086,54.335729548229594,50.921036833536874,50.460275742775806,48.82346018179354,48.361873510087825,48.07879718660966,48.05213449102341,47.68954161579166,47.10824915824918,47.64329975579979,47.88806393037165,47.47670031687891,46.81837233753902,46.76303132631261,46.908711604299846,46.78247382761272,46.47697448750079,46.96502416564915,47.23365554198888,47.876078088578105,48.28418272548706,48.33673242266991,48.63408852258851,49.11421761998682,49.41825019973162,49.73378775655551,50.059178210040194,50.25299789716448,50.21787092835465,49.932891038359664,49.77281884781876,49.581488514208935,49.25615675329954,49.114587431601166,49.06291208791197,49.10276813829435,49.05093362240787,48.83937576312565,48.656908583737724,48.539609376514036,48.49950899660193,48.47909971972464,48.579780332835824,48.757961392472225,48.79540002944261,48.88510516296976,48.95252495992296,48.982080687830745,49.055017676586374,49.219084503459534,49.37586487586491,49.49842532296241,49.66195434195445,49.65063466625976,49.596032817085515,49.52943244494975,49.351063202334466,49.237401471984846
9,49.94676943426944,49.7188492063492,48.02032797449464,46.56913029100532,46.69582824582822,46.77442087233754,47.93536470143612,49.054924704924645,49.50169922669923,49.043236161986165,48.33180708180712,47.86927825261163,47.45975979149058,47.27233632769347,47.13219780219782,47.20611136548634,47.04054412363227,47.05074814588692,46.93641770023343,46.93395451770448,47.228979155764854,47.52351583601584,47.70900399922137,47.87702758275671,48.391557997557996,49.078270483078164,49.399997927312754,49.827733080411654,50.254976281700436,50.783463064713104,51.01558762324894,51.29582156847784,51.454323300156645,51.58850463262237,51.50899529042391,51.3896048139104,51.3791212916213,51.255513650579445,51.31475806956574,51.215625381562795,51.0071584919145,50.74662407698112,50.567694224380126,50.30656843156827,50.20679136706901,50.176727760966784,50.05277333974132,50.050058400318704,50.20420186389565,50.06407071632059,50.084533685268845,50.10885450909478,50.14179039862989,50.07843434857313,50.04031403781398,49.90173829147034,49.67074595320202,49.55592527683034,49.48409361354267,49.37742885972045
10,43.884472934472946,47.57606074481076,48.72709605209606,46.9904583842084,46.85473850223851,46.69416802333473,47.448557328914504,47.42279965404968,47.40323113100885,46.64676383801374,46.3661916786916,46.64252942273771,46.875317773394656,46.96156789638925,46.395600664767265,46.610384551790744,46.69737365031479,46.53157983991316,46.07743129190499,46.0286561355312,45.98440388976109,46.34483872608878,46.474811983507685,46.64150089879259,47.08723789173789,47.551313554678934,47.672192450896176,47.86059382086167,47.97948261827579,47.82622846289518,47.546457291215425,47.42750432437937,47.299352345185724,47.1611154504537,46.99291150648292,46.887660397729825,46.9815744315744,47.08398065141482,47.38115144589499,47.501641610704084,47.500034619851704,47.464510291295994,47.44700807375227,47.504669751544796,47.45500135666807,47.48187532073402,47.36677144762248,47.441522838658244,47.693260613158536,47.77654507529505,47.83362411916332,47.87520271751034,47.90038521052668,47.95180163629234,48.15256512006507,48.27547413730446,48.2585960985083,48.19311871079101,48.138655898401545,48.05285697327352
11,54.939428164428165,57.85129731379727,60.78864129697461,59.20626144688643,59.16437525437528,58.32232482024152,57.875997877783604,57.69485208078961,56.43003832587168,55.47582570207573,54.33646862396866,53.77624219915891,53.318903212172515,52.91509099366249,52.01447463030809,51.45642106735867,50.87357669563565,50.5112097521821,49.95814027590352,50.05725707163215,50.205659243754496,50.150493719243784,50.085922652227026,49.828094474969504,49.89541371591373,49.989802096052124,49.77456417039752,49.526511897494075,49.541356855149985,49.577113180029855,49.60231432247557,49.3428325002543,49.2096613263279,49.05564054681697,48.75579277864993,48.628701442590334,48.78270495770491,49.0901459042906,49.2306763511891,48.968580458892895,48.71224475614716,48.48923786751161,48.47268057093633,48.345380776630726,48.1975239678017,48.389884270319,48.58925724590615,48.58893213268211,48.61211771033195,48.50202065527059,48.520622750524666,48.48846339735757,48.4781696116601,48.32305054342082,48.22114145114136,48.22387357186456,48.17457845111345,48.21535058172979,48.134680832350206,47.99028820716308
12,50.77010073260075,49.84293091168093,49.121369217202584,47.392947446072455,46.73986670736669,45.53356735856734,46.38023867666721,46.91704441391939,46.84001831501829,47.16516178266171,47.30463471713467,48.14808794600457,48.76544136063362,48.72770764288617,48.91800366300359,49.27046830484317,49.36441379970785,49.6571417265861,49.814996090653864,50.54127696377684,51.16658672015803,51.82764665889658,52.169276556776474,52.444065637294756,53.14260826210819,53.51785772987687,53.57094318575793,53.561690904994414,53.831976197493375,53.804057285307294,53.57264760329284,53.33412444037448,53.28581881081893,53.08675393234224,52.60774899703479,52.245648911274046,52.20604285604298,52.36659075573561,52.393388330567944,52.418223570411186,52.44783173014889,52.442629416439054,52.56782945736446,52.76346385096395,52.84774883552671,53.009619144945326,53.21439341785094,53.507055945597685,53.58433744071503,53.650831094831126,53.776818533681315,53.90909391534399,54.02857334838473,53.892789497882156,53.81995060495062,53.82258661477413,53.700070511035484,53.669928283721326,53.60080546415286,53.39899301315962
13,57.05394281644279,59.560574379324365,55.099859245692556,53.05045151607653,51.90587301587298,52.13957994166326,51.70112942612943,51.84678151709401,51.107086894586864,50.39789021164017,50.04733923483919,50.064267908017904,49.625117012617025,48.830904049654066,47.982166598833274,48.09053056318683,47.76866066939602,47.52285335549225,47.39293104556267,47.51558429995937,47.40360461848566,47.502523865023946,47.3555732512255,47.14037698412708,47.3158770858772,47.530821475533116,47.363395212469385,47.14979104889829,47.06608809453642,47.16038817663821,47.26749839169202,47.34151738018927,47.36641707058376,47.28699199765372,47.103991220419736,47.03915414575127,47.03479702229691,47.03156770130443,47.19069364870642,47.10650043243785,47.003630245093596,46.812773998488204,46.68275548740657,46.505098258223164,46.3943250576583,46.34059132292816,46.2613154772728,46.380926413478335,46.47492420655664,46.47451312576293,46.44447925893984,46.57323786434347,46.74503305918379,46.71538989131558,46.84381081881061,46.845285881446394,46.74139069182908,46.785848402874095,46.65683226064566,46.58825303554456
14,50.35774318274319,54.32190934065937,55.20199599782937,54.21933887871398,53.3617551892553,52.12973901098912,52.304397784755025,52.92794312169324,52.57344435400001,52.39715048840062,52.182336182336236,52.39820453466285,52.15864719326256,52.009290147682925,51.69035239451898,51.87543180199425,51.682778496013725,51.288787704065484,50.728915504573436,50.24393035205538,49.91971820067062,49.811808330558385,49.89194426748779,49.91327012108265,50.10769312169313,50.50810830906983,50.64373577382836,50.74894325251469,50.850569800569815,50.853280932030884,50.669256042643006,50.4172744645399,50.215677224010406,50.02690811367261,49.71154645618916,49.54572282141715,49.62210658460649,49.76482110725522,50.031348162758306,50.09303240740725,50.08768588006377,49.95601524797938,50.02769010705041,49.981415922040746,50.07408809297684,50.25981180655079,50.26277407580585,50.21439710944906,50.14745209439075,50.10870695970684,50.2282924138315,50.31255517986273,50.37942977707117,50.20054313827451,50.1838926813926,50.10820369280183,50.019930881334304,49.89243645881569,49.763350648096306,49.643424569257874
15,58.44982702482704,58.6259513634514,58.67295821462489,57.89585495522997,57.26654761904766,57.17034238909242,56.36942554799704,56.295747481685005,55.8626260570705,54.57984686609684,53.29733599733591,53.53899360670185,54.150249679095744,53.80954561311699,53.450010514177094,53.2463449455636,52.9208309392132,52.985051214217734,52.528045005676425,52.151823361823254,51.74461281663647,51.39118358493343,51.105003229459626,50.790213336046484,51.06419719169697,51.38385460693133,51.52009602194764,51.71830502500123,51.702916719295864,51.79554707638032,51.5636148200663,51.22177849638768,50.99982902899547,50.8635763065908,50.54726234083351,50.35939817641181,50.30820587070562,50.331645754342865,50.368810984836365,50.0992385276758,49.74894539742079,49.47260027230239,49.276999389499075,49.26026323213795,49.13248620720815,49.20416744085196,49.18173791338664,49.17044509310113,49.13175101542428,48.978589845339684,49.04797916317506,48.985560388685215,49.06971628999916,48.93465099715088,48.929372109372025,48.89579045293326,48.79770258980778,48.72776032237228,48.649135641508416,48.50739579093733
16,49.64732905982907,50.34209401709401,48.487550875050886,46.61536044973546,46.807319902319875,47.46350478225479,48.99443063550206,49.84074900793652,49.5772803328359,49.08122456247455,48.60791754541752,49.12725376475377,49.20828715444099,48.594413556020676,47.80103649436982,47.51412736568985,46.96993045081272,46.575690204856755,46.131802262065335,46.053167480667355,46.109573231001704,46.516557747807624,46.80749057705572,47.10998719644542,47.58331827431818,48.08451304749374,48.32207336559182,48.44297797110288,48.69826007325997,48.781035476868716,48.721936665484975,48.80947213955017,48.88750277500266,48.725921736215795,48.51693208907484,48.51821595328527,48.534435534435424,48.66974367007251,48.957007059891616,48.914700091575064,48.86813856874827,48.748457032385524,48.646039436446294,48.48178696303686,48.53809467281679,48.65898674594317,48.56924960382399,48.525237946852435,48.43732370237465,48.33747008547,48.13017010222886,48.058368358849044,47.93017658442176,47.8524472783731,47.81371961371952,47.79939004447926,47.6879201208148,47.736839062916594,47.753113984258064,47.76095229616068
17,50.585347985347994,53.14219322344321,54.66168091168089,52.4265237077737,51.54025234025234,50.727692986026334,51.46404878190596,50.478304970492516,49.59041061818846,48.92771418396421,48.00572483072486,47.877851122642845,47.41756050217591,46.75099860457006,46.31850800434137,46.249588865995136,46.2615638990639,46.16156955184733,45.76593701133173,45.93581807081801,45.93595606333699,45.99356939356939,45.84426107306543,45.69464328110162,46.00125254375253,46.41458861651171,46.63282024902401,46.911521200360525,47.19689592017184,47.26511328177998,47.1755251618155,47.052814662189625,47.086709740876366,47.11597341928214,46.9831360834931,46.808819331388605,46.78114776864762,46.82868121157582,47.006160577314354,47.02474193630434,47.003494247396596,47.06192317382783,47.1141377033818,47.02892917267912,46.85077024827023,46.80471302047387,46.80125412412647,46.87859729005563,46.93035870025667,46.782538563288576,46.701685460508976,46.84002066309756,46.839794464794416,46.66695307436044,46.74244449994446,46.731737946246824,46.67683864218949,46.61414650962058,46.63743300014477,46.56938949938942
18,59.491936304436294,58.35950854700851,57.78774759191421,53.74460088522588,51.99116503866503,50.86603581603585,51.00124789231935,50.99304220085469,50.73871534843761,50.47695360195363,49.615696340696346,49.42728598561929,49.2126667136282,48.87444727891153,47.85191832858499,47.48461824633697,47.13123907682728,46.8408504047392,46.69303922198652,46.90780728530719,46.91543791305693,47.088639369889336,46.993206189945305,46.92583095916428,47.079103378103405,47.476016131304625,47.63197836114509,47.72572678644109,47.797650976099256,47.837647368064026,47.714263394908514,47.58923611111106,47.49892175725505,47.48608612248312,47.372605384033875,47.45292234771392,47.586761761761714,47.67322740612208,47.83358862172964,47.78856023606027,47.62425610748787,47.48477309727312,47.47144383394383,47.35884948384948,47.31306256500698,47.31569749694745,47.25554689597237,47.30229987026859,47.35324489380607,47.22967551892548,47.22194360650237,47.20831582057541,47.19079007994103,47.19222487903048,47.316932141932135,47.36442289522645,47.4035611643068,47.34490863542589,47.170142381159366,47.13748193935694
19,46.49901811151817,45.83999796499797,45.94269434269436,44.75556064306069,46.559270451770445,46.10498236331565,46.07556543985112,45.71487522893767,45.25304741554737,45.00374033374035,44.61454425204429,45.161207349749084,45.2026255439717,44.884693150764576,44.390053588386884,44.20432851292222,44.200490495343445,44.17347176999957,43.87331951674054,44.04591753154248,44.09597844835934,44.1807879620379,44.18716798499402,44.44871392110971,45.122861823361795,45.57299474030239,46.0861987292542,46.5326616009651,47.01111233912951,47.264949972866596,47.241675200546126,47.183595657814344,47.275947046780274,47.19987371016773,47.07936478865041,46.97651098901092,47.157252444752345,47.44487996165616,47.759212036776084,47.803179945054865,47.83046261552354,47.64467435122191,47.62812621271916,47.537629615754554,47.49345724234607,47.49326381147027,47.49810614916999,47.51711139940309,47.77600597626114,47.84104222629224,47.830116533792996,47.82855205691743,47.89539417605451,47.765206364280395,47.75402171902171,47.76390605921852,47.70498495169546,47.727584364868825,47.769530069741904,47.7568384547551
20,46.01055657305658,47.77337199837207,48.86535917785923,48.88420965608472,48.15352971102976,48.44032950074621,49.54051834408981,49.443326465201515,49.31839528783979,49.051438746438805,49.09178275428284,49.420818494776945,49.30661923546547,48.68589925286359,48.03908865825541,48.19915801790812,48.46291298570713,48.6946312689368,48.597549696891804,48.831200396825416,48.86605204759971,48.56043632293633,48.25098410044061,47.98433006037176,48.307724664224715,48.55480847500086,48.480652218152315,48.7731670445957,49.0894523739352,49.27110636277309,49.28972143447955,49.29024184727314,49.23528123111459,49.048900201106086,48.761039449968045,48.65900714511828,48.789283101783134,48.787249641197064,48.7833402471224,48.5249276302402,48.322808402076745,48.0404767961316,47.94603813499165,47.77298916361422,47.70246721385613,47.68180719240508,47.55951298504497,47.65726495726501,47.75068992798592,47.60638858363869,47.63163680001926,47.62758122397555,47.711253081300306,47.65709188787895,47.80966699966703,47.82286688179546,47.72294955694082,47.67005941855084,47.56544557921679,47.42895595916435
21,58.781842694342714,53.34160052910053,51.42454551621221,48.95625890313393,49.34660663410665,48.25253866503866,48.651240624454914,49.11243831400082,48.68785951702627,48.274890618640654,47.552095589595645,47.762987976529715,47.849369932062295,47.74112920809353,47.3575037308371,46.965453296703316,46.60168396418396,46.37946202460096,46.09798240258774,46.267501526251586,46.25304378161527,46.38137603137605,46.32662025977246,46.3276020468729,46.67192796092805,46.8722685967879,46.84807032816304,46.68787774725285,46.85916312295633,46.82451244742922,46.760376212795684,46.639412901913,46.55789673289683,46.480064760947215,46.1689118553405,46.0300802977887,46.19919026169036,46.163610013281186,46.33621847051343,46.19492470492475,46.134566991274355,45.85786346589922,45.82732262354363,45.720541148666214,45.747581400081465,45.90088257153483,45.97940783605684,46.20152232990784,46.37870754528929,46.37711039886051,46.49263129753336,46.67852661939212,46.814574742169235,46.821740134008806,46.91610398860413,46.87074611896057,46.71142948182438,46.59577324814413,46.52053886164074,46.44979149708329
22,63.39077635327636,59.21349969474971,58.92175586758921,59.480160002035014,59.287950752950735,59.22203652828654,58.65498284784006,59.0093323921449,59.00173370867815,59.41358312983317,58.94875309875317,58.69210419210428,58.34970609874454,58.0236787022502,57.688972323972415,57.37825791107046,56.90205325720035,56.34499841722064,56.01039511171094,55.874227716727724,55.55222735817978,55.39330299330306,55.048291704270035,54.602798551757,54.69123850223857,54.81767340565422,54.72799861318387,54.67947573260093,54.8570516329139,55.053779507529654,55.04209303241578,55.03313094602175,54.87570870487559,54.617045985060955,54.40051078551105,54.4510734635737,54.566883779383986,54.50921855921873,54.49455049935833,54.20142908017918,53.90604259110367,53.73442726805832,53.63998542370643,53.60473612036119,53.45535838646956,53.350177399090484,53.25224662059771,53.20036789021164,53.05557320608339,52.78497252747248,52.629050950864624,52.446126549732284,52.34465821564871,52.20950185788142,52.13581483331473,52.005694099220804,51.77844977472166,51.66515602851804,51.61243843256546,51.43882292090614
23,48.30537749287747,50.154095441595466,52.96371930538593,50.5285472629222,51.6497792022791,51.81825735992392,52.06859337752187,52.35155932030925,51.738484714873586,51.098863960113924,50.73421948421947,50.97313712522044,50.28728515074671,49.46971008488866,49.202915479582195,48.727035002035,48.15181653858131,47.79188005924124,47.2840054195318,47.20479649979652,47.299076981219855,47.138760313760315,47.126445736228334,47.28114401031063,47.90956532356528,48.24907270436111,48.50680161744973,48.66978966800396,48.919172876931555,49.009183285849986,48.762898466527524,48.46746174832112,48.24965651632321,48.07166753453526,47.76928789464518,47.65429668068574,47.769678194678384,48.10021956600928,48.417392614508266,48.58867991961767,48.66596310193895,48.659116809117045,48.65717208071884,48.53745814370834,48.4911394880841,48.54604612376363,48.51995752474486,48.61814437491528,48.794317360643966,48.76435236060245,48.63580835468102,48.64723366910877,48.6686077898343,48.49375028263924,48.441161801161876,48.408039348217926,48.314803836514365,48.19665952661641,48.088619509805945,47.90044998982497
24,46.83895502645505,50.91151302401305,54.24052706552708,52.826961233211215,51.650438542938566,51.16363112196441,51.96724736903304,52.61925557081799,52.70911341744672,51.92985297110296,51.15722055722058,50.93213861755531,50.68541568830037,50.131493836851035,49.295415818749184,48.9337562321938,48.8643347937466,49.04701617826623,49.04348504809039,49.09432743182745,48.933071205690254,48.78361592111595,48.532312071986,48.40600028829197,48.75720614570614,48.988236318524784,49.11049834938724,49.19338533490319,49.34008936465834,49.40169871794878,49.29906406317702,49.18868379884002,49.05761645761652,48.987574217721274,48.79905038083615,48.782674218785395,48.972598422598466,49.10543051003588,49.31990388528854,49.10416679385432,49.024666334117605,48.94690643351361,48.85287242903523,48.568186211936215,48.484551847329634,48.52493441542357,48.6107379913231,48.65798939679147,48.60870804365706,48.512851648351734,48.403836078591034,48.42170946041142,48.35748362399313,48.24744409397195,48.22754847004855,48.196872456247554,48.06803297417339,48.03972990610925,47.91487215703322,47.8554365927283
25,66.62315832315835,65.08434065934064,63.70346628679965,62.11063415750918,61.57692307692312,61.37500254375258,60.76573856038143,59.23355463980457,57.38989056211276,56.133712861212835,55.17503145003145,54.79925849613348,53.99727114054039,53.02094017094019,51.93785917785929,51.39251182844944,50.93166253680976,50.6317239858908,50.19088827838844,50.05574353886867,49.90465797430099,49.679968642468786,49.54524052839286,49.32749393738994,49.434098494098656,49.59188542938557,49.52982954973708,49.50751206465506,49.61200475769452,49.63970662054013,49.42481176231191,49.24980031542548,49.05505466755481,48.82781144509101,48.63767849875016,48.41257108375188,48.47211950961976,48.625720551378734,48.86133822255644,49.02341994810776,49.112081211471796,49.116808632285135,49.100282770631885,49.053217731343054,49.04484545290133,49.11632525083649,49.29727136535689,49.460960711742366,49.40576227438511,49.31412128612165,49.36430905695647,49.38771758867948,49.30611297333027,49.224073320369904,49.23102240352271,49.090471012123125,48.99833424372932,49.05278207584274,49.07793687009823,48.91358762379624
26,60.46276455026456,62.24248575498577,60.775232329399024,58.44490995115996,57.38895502645499,56.45442867317864,56.622150997150946,56.22936253561252,54.83109370053815,54.271778591778535,53.4734792984792,53.41713895672221,52.50690374440368,51.544619599976706,50.595377492877525,50.01667397995526,49.2666139960258,48.662652059874326,48.24432662853725,48.07696835571848,47.74251458418136,47.72294372294384,47.433168100016054,47.31459562813741,47.719191900692,47.872834679565585,48.024514237477334,48.01713816937045,48.0333047380463,47.980217066883945,47.910728727664385,47.88309390262533,47.835238681072205,47.7880437645145,47.64305817198688,47.587986563333885,47.68532213532221,47.773205449521384,48.11339018294162,48.28476673789192,48.431781520196346,48.571269405198166,48.7776471590427,48.864577552077755,48.981698322254076,49.11208791208809,49.163391071103995,49.34034486925127,49.52619577134897,49.54967460317471,49.47668206883898,49.52598971541285,49.557700946851945,49.43533790455094,49.39279082029089,49.346054367259775,49.28163901563029,49.2829901021712,49.296858853638554,49.15190213336042
27,51.56729242979239,54.483915852665824,53.484503459503394,51.31334834147332,51.619881969882,52.36822513905853,52.39407087621375,52.42079326923081,51.474184303351045,50.52800773300776,49.5747553372553,50.042269536019525,50.15989167527633,49.498393075178825,48.723142721476066,48.44347972629227,48.173908580526216,47.70209435626098,47.20861876914503,47.25435617623114,47.03998972808497,47.14141275391276,47.05370149174496,46.955481786731816,47.06251119251121,47.29556213017759,47.30362946381473,47.42532123960704,47.586353206180874,47.66248643331986,47.641254414641644,47.4601618144588,47.46134498217842,47.41807785079852,47.107637944066624,47.11493931736999,47.112129987130075,47.28982311548113,47.494325996890204,47.51484406796919,47.40937329382464,47.304284769463464,47.28558851785604,47.11658422595934,47.09278331750568,47.10978847038643,47.09966130205504,47.24862764550275,47.37930714410315,47.39207468457474,47.657249395484754,47.68237698021356,47.83415453344702,47.885233045418296,48.09818718318724,48.37143638438291,48.45678664253234,48.539972615188205,48.58758847085125,48.49012074345416
28,47.26459096459097,47.560971204721206,48.545789241622586,47.17176180301181,47.20387566137565,47.26175552842214,48.20422917030056,48.14018938237682,47.80584441278878,47.510473137973065,46.9356467606467,47.17852012956169,46.94944585329189,46.676032763532646,46.11838963505617,45.99376971408209,45.78462196844536,45.980836216252726,45.86653358824396,46.32291971916952,46.34876034459345,46.34867146742124,46.21930000353894,46.18942668057229,46.53352584452562,46.84694397482843,47.08466041845657,47.22008801383787,47.26691753329669,47.290540801790684,47.23002185986046,47.27823692511181,47.0903647278646,46.90456917809847,46.739399529042295,46.75501811717079,46.82050319550309,46.80138326585687,46.994959456497824,46.984715481277895,47.000079166542506,46.904501351822724,46.81436522134189,46.78134573759568,46.86486433319758,47.000739900196386,46.985989335723296,47.03395263108798,47.01482727401087,47.03300925925916,47.159791551948324,47.19605199821534,47.340100579015505,47.29287598546838,47.393895733895576,47.36935868364423,47.24722641718237,47.18881704980822,47.15427971275406,47.06980667480644
29,60.796403133903155,57.68493589743586,58.90080721747384,57.36977004477003,57.195293040293045,57.842094017094034,58.17348537705687,57.16576935795695,55.846632636910535,54.31005748880761,52.76514319014329,52.126680572514,51.284748051094304,50.33119912494919,49.66396045312715,49.702859495828335,49.3589139074434,48.61977004477012,48.33043131332609,48.637421143671226,49.033014758610115,49.26914058164069,49.45606231530153,49.273883080653995,49.36546011396023,49.67237269496897,49.77032778606866,49.72219769317995,49.877029212805176,49.972006003256,50.031224480418004,50.05357810592182,50.10849274182605,50.2071817615935,50.24935519506946,50.3059016472211,50.27663748913753,50.17680365443531,50.078669134758954,49.757103810541366,49.47890906518957,49.17635739480974,49.09513646345039,48.95734612609607,48.80207864152302,48.834580435667334,48.80132989547875,48.852438610771884,48.935636000431884,48.821690069190055,48.74801936444093,48.72009760182837,48.84208374609317,48.71917235713535,48.677454027454054,48.62766530757605,48.53809720169376,48.669238488204044,48.658647034070825,48.63992046533719
30,44.57886650386651,47.2404711029711,48.93559048975715,46.613185541310536,46.752380952380996,47.057795753629094,48.10325963718821,48.72687919719166,48.46777291638398,48.09417633292632,47.719988807488726,48.019665326956925,47.763888106195736,47.28325084307224,46.594126984126966,46.51450161528285,46.18435262994089,45.930753685614825,45.63922198659046,45.72501017501025,45.54412877686695,45.53028846153852,45.3090604041691,45.3398139668973,45.71015181115184,46.04101781409478,46.31528135787397,46.507884179312725,46.73851890446718,46.85568969610637,46.86699948796722,46.907676409238924,46.995835491668885,47.062392114965725,47.02634949706382,47.25146364694983,47.353902116402146,47.462126068376115,47.69712268975095,47.65736085673591,47.591568639129626,47.58224545516216,47.53113635933407,47.388038466163486,47.559936688825616,47.73996423262733,47.852217502749454,47.863513579399005,47.833531953685,47.70344708994708,47.60610809851009,47.66319894492975,47.74583486918399,47.72941953451216,47.755291097791115,47.81770551703589,47.862883794243466,48.015704338764714,47.99736751791838,47.923079042870725
31,44.762779812779804,46.24135378510378,46.629071699905005,44.63437118437115,44.766264753764666,45.251585605752226,47.30243110064535,47.932891992266924,48.16778252611582,48.765407509157455,48.210702260702206,48.42309176163332,48.2879641370025,47.671705477062496,47.042292429792276,47.14238018925502,46.773494397759,46.90539105955766,46.78825295075292,46.84182030932028,46.90429118941021,47.17279965404965,47.30011900337987,47.614629544837896,47.82206613756617,48.16097824895905,48.176834893501564,48.21215150590152,48.27095753862998,48.349439187355884,48.23326637520188,48.05236886955641,47.90326417409752,47.812990196078495,47.70224649688939,47.55071479446488,47.58738724988738,47.72037545787558,48.00265463406503,47.97383394383408,47.76730173620431,47.533620292846635,47.372667556388635,47.337723156473395,47.32218785329921,47.25562888198783,47.186387784792345,47.23487463539576,47.28683561336654,47.28404181929218,47.38896799460557,47.52799839939294,47.87616225493613,47.90304600235183,48.01131202131229,48.03779062372843,47.989280359017535,48.070825263498,48.0270708732576,47.94317053317083
32,58.913258038258014,60.31888481888479,62.75063424230086,60.16471052096046,58.608396418396374,57.86985568443895,57.74029013314718,56.84570805352046,55.58796918102458,55.09359839234826,54.39887751137735,54.763868538868415,54.51557089634003,53.8348348741205,52.92788902455563,52.23909079924698,51.423277430630336,50.66619748564187,50.06418235760334,50.06340939153433,50.14826443397863,50.059678515928454,50.061207773707714,50.08789470560294,50.46881440781426,50.61601605303517,50.55462435369832,50.49905772137903,50.58734597139757,50.601093304843204,50.28509082017137,50.04645607575287,49.79787003120325,49.685610141492376,49.313412407697975,49.12101634219677,49.109530959530815,49.06507387592895,49.21867088277331,49.23126907814398,49.090869789650185,48.95913691687493,48.803549895410264,48.52258170070666,48.40588906977792,48.387684698554175,48.42304022809334,48.67051409238899,48.70809754304648,48.613467032967016,48.615863738657794,48.69909647866373,48.77026487663273,48.67450368561473,48.61871554371545,48.5469648489737,48.44234437589696,48.428238810997385,48.35094015369434,48.28479421041916
33,60.021998371998386,60.55444393569388,61.53712352462352,59.886249745624696,58.26978734228726,55.412918023334655,54.28512994941565,53.98885709198214,53.276071767738465,52.338626882376936,51.87566692566705,51.88627984669665,51.04426755580616,50.08580876795178,48.97440713607397,48.58059053215325,48.18947784241924,48.390213618685976,48.59832192661152,48.95924196174208,49.31032375913341,49.76089743589752,50.18997938454469,50.138421262379694,50.30733374033387,50.62669335650117,50.505124436606046,50.449503968254106,50.63522255203305,50.480995963912754,50.2851707432354,50.109049081705486,49.815136252636464,49.78429098135007,49.45062387348125,49.18387105435741,49.22295578545603,49.32186114324292,49.480382841280495,49.35994899776169,49.23590277157369,48.955307236855056,48.76814949692875,48.576214757464925,48.39316691538929,48.353565456283,48.24972202738175,48.39998929504152,48.500361731994495,48.536439255189386,48.537613421437065,48.718522627657336,48.75837643314064,48.76332087836728,48.85342768342778,48.930986812460155,48.924429039122124,49.0326834484163,49.08183251933259,49.017125135666895
34,49.346611721611744,47.104110704110695,47.05691561524894,46.01344627594625,45.95255901505896,46.80637294803949,49.22379353450772,49.356481481481346,48.93633213494319,49.01316391941386,48.67969946719942,48.658623321123265,48.231805907767374,47.87425540729104,47.59937423687418,47.292269536019475,46.985325241207505,46.70969254510913,46.29472613156812,46.327378917378866,46.263533248056994,46.32948232323226,46.33629227053134,46.42337750983575,46.69669556369547,47.29880189255183,47.71570079440442,48.010558208326,48.29318397120114,48.49281254239581,48.51770894875731,48.51511942918192,48.59760501843833,48.66978545691779,48.61470477934769,48.63623561366616,48.68555423555429,48.834475612107234,48.998263204032476,49.01170024420031,48.96137677814515,49.0070108242728,49.0570465494885,49.12040910478419,49.016590354090454,49.10443376068387,49.09651733215575,49.220611390924056,49.39568631481914,49.48021703296719,49.58594571731838,49.78104767383626,49.91393582832276,49.98918311626659,50.142797110297266,50.19958164355502,50.15677486094171,50.34945432122173,50.53076647144457,50.67922975172989
35,63.29470390720393,60.9067358567359,59.81961572378244,58.04356049043552,57.854822954822936,55.892376373626384,55.753912291412256,56.33915916259663,55.90595181567404,55.08186304436301,54.56038082288082,55.01231939356937,55.09301642090103,54.76203267631838,54.25289377289369,53.837557234432175,53.26320387129208,52.967098821959894,52.47206665167189,52.05418727106219,51.909728278775816,51.59821012321001,51.3224489479923,51.1085340778048,51.2713724053723,51.165799834068984,50.95239791073114,50.76315865021211,50.765205149256786,50.73965811965806,50.663270018511916,50.58447897588519,50.51821049321047,50.50148570111803,50.35328158613868,50.2037571225071,50.2336572836573,50.090405367050096,49.95281573839264,49.78734355921853,49.54027926680366,49.33456317712269,49.14554441036998,48.88579927017426,48.80540440012659,48.788762586045145,48.80175172542188,48.786603539207675,48.77811407224672,48.63217378917377,48.64668454276298,48.6743053598823,48.63632478632481,48.48362595908894,48.45822344322343,48.547249295017124,48.51447118508521,48.62738261897748,48.57091869994416,48.53596001221003
36,53.55752950752951,54.50351546601542,56.53770180436842,55.73931369556368,55.03340048840046,54.15883021299691,54.52541281469846,53.99863591269838,53.01135926830365,52.7060205535205,51.5291916416916,51.7351427893094,51.413715131022784,50.9131660997732,50.03104056437383,49.74908202330066,49.42895927601803,49.21648634287521,48.85163362465993,48.88545151607652,48.757411283601776,48.77895715395715,48.78201124559817,48.67827232566814,48.886285917785926,48.9365637033906,48.8596182110071,48.8574584641549,48.96906253070044,48.9539429860263,48.743397731300995,48.39929697039085,48.28897090563766,48.207895807895895,48.10104381068669,48.13843553565782,48.23581342331348,48.14491731465418,48.2561250952277,48.1918069546195,48.14285019406975,48.181140618640676,48.21814831378787,48.28389654327159,48.1753921901144,48.28518098246359,48.308036526121604,48.558533335877065,48.686294884254075,48.730963980464,48.75463800904983,48.70585425080626,48.69196634951359,48.70203707472235,48.74936609686621,48.912070105820234,48.81737204478448,48.83913343999568,48.735897608355394,48.74075362908712
37,64.08624847374846,61.99738756613756,61.43632987382986,57.71652930402927,56.093033170533126,56.519862467779085,56.7181892842607,56.16930390211646,55.99513351874468,56.49748880748886,56.18179736929742,55.75384106634108,54.830570035377725,54.26668265596835,53.435150929317494,53.11435153388263,52.528982319423385,52.0838225817391,51.76306417753772,51.51669134106624,51.25788466383693,51.025999000998894,50.89402284510964,50.737882622778336,51.12645563695551,51.338744286340365,51.57684864860782,51.827531033780936,51.99762220538067,52.03847340930665,51.95160666692913,51.91270667989406,51.75687414437395,51.78560026574713,51.631339612768016,51.55855633563951,51.68994928994913,51.75362377632103,51.91615152416425,51.748674577737006,51.56942359808209,51.448242630385415,51.28903571665195,51.24206696081696,51.20222335277895,51.19717455451155,51.15152549381276,51.38906854141232,51.55599796084489,51.60584757834759,51.74135353571628,51.69011096631288,51.671759451240646,51.499658948733085,51.39736920486924,51.2715929160126,51.16857233896714,51.10422789215899,50.99513143008912,50.91120378849559
38,51.559401709401754,50.86049297924305,53.936969203635904,52.79489596052103,52.278259055759094,51.255026455026496,50.98534362462933,52.21173878205125,51.59943698277028,51.21383190883191,50.53089040589041,51.17073327906655,51.36758280892887,51.44020546252683,51.169616741283356,51.62835075803823,51.84004973784385,51.754021955410906,51.72147087804988,51.867740638990696,51.74804179506567,51.93281556406565,51.79087721859469,51.60503111857289,51.87769637769652,51.83033581447061,51.74019110176536,51.57783864614241,51.3777893562378,51.18824752408097,50.86634090222809,50.553418485449875,50.29184257100932,50.13252337259695,49.76525219489513,49.48757334486505,49.557386782386835,49.53810835850315,49.626595519864814,49.410399114774144,49.45669552895165,49.38538069073785,49.38694356892031,49.2983371952122,49.28522984217431,49.382851789917034,49.50340797893997,49.71299020231318,49.913967693304514,49.95982977207985,49.97990664926945,50.09723141886608,50.275262342479394,50.16494134295066,50.05266039516042,49.92006094104309,49.679067683453646,49.51445605799054,49.351688793002346,49.28727708248543
39,46.9205636955637,46.4255112942613,46.99831942748609,46.08687678062679,46.065583028083,45.27907509157508,45.62427830106396,45.795394536019515,45.42426909510239,45.28928571428562,45.308536833536735,45.69934032017352,45.4963006011082,45.05869781673339,44.648652828652686,44.71972584706944,44.66476992506395,44.48625073486171,44.55621800227053,45.05249185999176,45.42317770412996,45.823360667110535,46.06478318380481,46.124431895265126,46.459704924704795,46.81974245483847,46.84611974102699,46.94267580963995,46.91072446072432,46.97037766246087,46.839687134848276,46.67876030219764,46.557471694971476,46.4498924142304,46.31001293679841,46.264683246280164,46.5070570570568,46.77016071160779,47.03149074334943,46.91291488603963,46.697292206438256,46.575963355427376,46.61908323158293,46.57621649184122,46.65605175688487,46.78883613367291,46.87713566968866,47.027135692239696,47.149903441229796,47.17525946275925,47.34231696952264,47.42144422529018,47.62603583523377,47.76458908032968,48.035391090390966,48.22939024434551,48.345529511099606,48.518006522532296,48.49784643322772,48.40196767738429
40,55.81893060643063,57.671110602360606,56.642614638447995,55.722180250305264,54.66335673585677,54.16557030932039,54.579121605907375,55.08734292328046,54.79181703070593,54.99652981277982,54.77508093758095,55.17677426739926,54.8472531385993,54.015857753357736,53.55322547822542,53.736480909137065,53.72723281620333,53.58698955365617,53.46162923333969,53.482267501017446,53.95390720390714,54.3233130295629,54.23529202279189,54.21064263668419,55.18017216117203,55.75763614946298,56.07417601260186,56.40129331647186,56.440969853900796,56.29258224799878,55.86403905234535,55.23674514143245,54.749302240968696,54.28664529914513,53.9195047677189,53.615366243838324,53.42908004157984,53.388060696613145,53.51617487450809,53.487310617622974,53.36141995989544,53.278912533674344,53.1878594381501,53.08369292744289,53.06324469768909,53.15940978305109,53.24629997661912,53.448339989485795,53.679646034237834,53.69460490435485,53.64627415068587,53.635105546163174,53.64640476574433,53.647677930779714,53.73014522514515,53.79571286848068,53.74574729201917,53.86512743323081,53.72973336299603,53.52347061117884
41,59.273951973952,57.9521265771266,58.33497150997152,56.889398911273936,56.724259259259256,55.073413546330194,54.01164021164021,53.630055072242605,52.6161986161986,51.834374745624714,50.93082796832796,50.752174908424905,50.50436977552363,49.68779362172217,48.670658662325295,48.23900876322748,47.93530010294712,47.704137837471144,47.13957489878539,47.16281873219375,47.29048273155418,47.52605033855031,47.25944373661764,47.049669524148655,47.551301994301944,47.973672356845405,47.975706597928806,47.97983349322634,48.01292349094072,48.17370556912224,48.04332798324722,48.03891146469259,48.02997326747322,48.08768255165315,47.98252369323792,47.98927652851257,48.056226281226174,48.17553740119522,48.35687295847548,48.32924196174187,48.21146065993623,48.102290225206865,48.18662589563748,48.086280270655216,48.27627515488618,48.405440201907474,48.42050145480991,48.36582404863647,48.41531089847415,48.3993678266178,48.529630726934634,48.59662943004286,48.67243455356658,48.635369654351095,48.69983849483845,48.79509083013544,48.762110939742456,48.804866900340926,48.6904198830045,48.602804487179306
42,51.10175518925515,51.66634106634103,50.24472764889424,47.74142246642242,46.71618538868538,46.301042090625415,47.8875334321763,48.68362968050467,47.674811762311755,47.34470136345137,46.73605514855513,46.85851563559896,46.9576801759494,46.48243139135995,45.874231447564796,45.807523466117246,45.390091634944575,45.35182613168724,45.533479799927136,46.146946733821736,46.5272053123244,47.22567131942142,47.23148745377015,47.03199362366036,47.33789641839653,47.58921977239294,47.68355699513115,47.627030823013044,47.85102153593543,48.05508377425048,48.056013431013504,47.96930437907004,47.80424621674618,47.75606640091929,47.506359817431175,47.473090065798324,47.404953304953196,47.40826826682082,47.36979000344376,47.236211334961276,46.989972651557935,46.88317041203937,46.759982158237854,46.65388107263097,46.61551756885081,46.64334675992277,46.69354373955432,46.64643397690271,46.70488649672323,46.69593956043956,46.81476184490895,47.01397449594568,47.145061760392004,47.09753736489853,47.175121822621904,47.315713213704356,47.37718236117367,47.59640155502234,47.583331091382064,47.49869929453277
43,61.55556064306067,63.61326312576308,64.24759021842357,61.16974587912086,60.43512006512001,59.35066391941394,59.4541630327344,59.158072598697615,58.760778727445384,58.85983770858771,58.42517251267252,58.31962165920499,57.68793830813058,56.9301387435316,56.07330789580788,55.927282699938914,55.61728644449231,54.79510327635323,54.23211902619791,53.85158628408623,53.43674075043118,53.032607901357835,52.845457300348535,52.536077618369255,52.53179772079768,52.772412612316415,52.893658142269175,53.17454157945223,53.53618409049438,53.64637905304569,53.663932542964766,53.520898199023144,53.34178568345234,53.283890115875366,52.882427757427685,52.54165465450184,52.53256127006122,52.443643965683414,52.552601541383545,52.462437932437936,52.37387975619684,52.337107050797506,52.24055392282134,52.12143539331039,51.93727614977615,51.727921444497525,51.6167060677699,51.62120885480264,51.622939145133024,51.43986396011399,51.42046813027208,51.439929772862484,51.56094754302303,51.4066863006678,51.416244403744436,51.498518354991575,51.565202268491795,51.66228930711685,51.652613511723736,51.58988018925529
44,56.120177045177044,54.91182336182337,54.43189017772352,51.873860398860394,51.40809625559626,50.03759496676167,49.83687859759289,49.55010874542129,48.62292995070777,48.23978937728942,47.56541051541053,47.048134157509146,47.09671973325816,46.62417691435546,46.10979344729341,46.02813326719572,45.9936864061864,46.158844627594604,46.40018127583912,47.10445996133491,47.21024914239192,47.558048433048384,47.8526811151811,47.803988180029855,48.223915343915344,48.64547075075917,48.9297713260676,49.06239934007786,49.12556769539522,48.984722052638645,48.791055017264675,48.72989481583233,48.6744650411317,48.57068594531829,48.241772632129795,48.21796920928868,48.289566077066134,48.22979524130846,48.414248145017424,48.46396774521783,48.38760683760697,48.532950680272265,48.72222257716455,48.77697799885316,48.811940826663246,48.90629379678312,48.797938153257405,48.795875093271015,48.71212445906331,48.55814824989832,48.52843905368426,48.562396488838914,48.54814402054977,48.45178552585975,48.534907129907275,48.52215154224096,48.533364572399826,48.65014464303275,48.61470383822097,48.60892127933814
45,50.796509971509984,53.09710012210014,56.048772215438916,55.67439077126578,54.53860500610507,55.41745268620273,58.57604293854305,59.96733058608063,61.21826696965588,61.77908933658935,61.40338087838083,61.352568342151685,60.393682884067424,59.51440018315014,58.39488637905303,58.10025151353272,57.46011725202901,56.801319359652716,55.86539559368511,55.375437525437526,54.8039147140338,54.41477550227557,54.03535816035826,53.56289152591249,53.54804904354919,53.81580570426742,53.87726996939976,53.66048680155846,53.56552917070181,53.52507173382197,53.09293115785075,52.78548598392371,52.54011204844558,52.29950067633912,52.009250973894055,51.81178760796839,51.66237459987475,51.54680464516009,51.48173650898029,51.287572496947625,51.170985338058614,51.00021767253918,50.74938594996741,50.51657751970263,50.39812915479595,50.44618005786502,50.56576054953734,50.7682503646047,50.888215573164715,50.856158831909,50.916449799293105,51.02738926849514,51.0842402531083,50.86487096579702,50.80963073963086,50.79153239287181,50.70767999057484,50.72194074284602,50.503387071183695,50.36103819020487
46,51.24308608058608,50.26320461945465,51.70097340930677,50.52904583842083,50.26833435083434,50.635632037715375,51.628807634164794,52.31953919922673,51.76472097860986,51.455832315832254,51.24323731823724,51.24993894993889,51.05147968128735,50.35735544217686,49.69219474969473,49.65663696835574,49.337558356676,49.20577799258356,49.054601514469915,49.46900005087507,49.72100703529271,49.95355547230545,49.84168192918187,49.511517687559355,49.66477411477413,49.56975908706678,49.480755852515124,49.27897170620384,49.16611914586051,48.97643416768416,48.601821490934384,48.52753151073457,48.41686014602676,48.289752268428714,48.26037836502121,48.22733728462899,48.29187209187218,48.38711294796839,48.524181563925346,48.62497850529116,48.640739499885974,48.54784241331875,48.52468303660181,48.4504164816666,48.514408831908945,48.60226062182595,48.61121480961919,48.744384984228866,48.885861927188635,48.90011507936526,48.97576272674327,49.11461552158682,49.140616912786896,49.03321519015982,48.98504255004273,48.90798483923503,48.7223519982294,48.65551836413928,48.58099497802909,48.50693783068802
47,47.12929894179895,49.62291157916157,48.017195767195766,47.194137922262904,48.43228530728525,48.206696852530065,48.431875399732455,49.151666793854254,49.33109143942471,48.79815018315013,48.63814380064377,48.990649589607884,48.52105483547789,48.239747950462224,48.04230803147469,48.13113139753765,48.664969534822454,48.58612863473968,48.56651591585797,48.74478861416359,48.71352549566837,48.81360907610913,49.006450514059246,48.670733703025384,48.79770146520147,48.97663054538054,49.24744965254222,49.60349420751208,49.83782524946318,50.037650420567125,50.18624289390428,50.16359588039284,50.15571928071936,50.37572212645748,50.37681362288511,50.463304532401814,50.59805506055507,50.75438931195509,50.97238932719703,50.949771189458694,50.88899336887145,50.72339997965007,50.638822633008694,50.54295160857662,50.47974879030436,50.51600794535579,50.52679307493139,50.55163849460728,50.645720577608365,50.55804304029308,50.624870019232766,50.75612907391752,50.74155608542404,50.587197576086474,50.57658073408075,50.43515493269958,50.28361109326023,50.28109605911331,50.22742234225286,50.179785222493564
48,50.543279405779415,50.87416564916568,51.49091880341887,51.316210063085144,50.10159340659346,49.981958011124746,50.54274085702662,50.82740066646319,50.55521017048799,50.669502442002496,50.487163762163796,50.255799755799785,50.10232029366651,49.475256919006966,48.88608906525576,48.54195188492069,48.41722090545622,47.83506930312491,47.48057296017829,47.38992750305257,47.33470865554206,47.49988807488814,47.601548371113644,47.96489621489627,48.560369963370015,49.12815699258014,49.50463641296979,49.610610718646456,49.970942626977134,50.21459147334144,50.279914037575296,50.22493545227922,50.268876031376045,50.40285379108904,50.442568172568066,50.26749324492372,50.272269109769034,50.233711147526876,50.29331293113341,50.21194609788354,50.059753864022085,49.88189623427712,49.752397871293105,49.599276764901724,49.49484002622892,49.333224283767784,49.18837851470833,49.2343882487112,49.09905227048081,49.03114733414733,49.00358160358162,49.10231412995837,49.18728094930925,49.24769884607849,49.36941188441192,49.431711509390155,49.36643246292378,49.284938090326136,49.24751358967471,49.14678181386529
49,51.98447802197803,54.251119251119206,52.46545075295076,49.6510683760684,49.97008648758649,49.244540259123575,49.242024245595644,49.10511103479853,48.46839472256141,48.15487891737894,47.60016233766239,47.72826363451369,47.66179048871358,47.28370799174372,46.73782763532768,46.804691315628844,46.600064341976164,46.593829704246396,46.11841034209462,46.32519256206766,46.43858969513743,46.63770812520822,46.61277627364591,46.78318537172714,47.07026292226302,47.323493511474425,47.519098870950884,47.739371293389326,47.89942107700744,48.04220611178955,48.1044702758414,48.16203067765583,48.208249158249316,48.2440187399748,48.28159006337597,48.492833825125736,48.75577473077497,48.92797083520789,49.2866265145114,49.28504362535642,49.17180504680536,49.2254993022853,49.276051575470426,49.269468147593365,49.349727196671864,49.46299901789053,49.573623992241224,49.68193522334169,49.8688364356734,49.94579568579594,49.93882315034296,50.02451913293281,50.15178101074351,50.275549262123576,50.47189190439215,50.5652974010119,50.55985601468077,50.61227088684005,50.54883444396178,50.45277430131614
50,49.08874135124136,49.240603378103394,48.01836928503599,46.78210215710217,46.89422262922268,46.60723273639948,47.29466829466838,48.033883419820945,47.8893032379144,48.14459706959713,48.08516807266813,48.251403303486676,47.90231833693379,47.77218515611373,47.39364909781574,47.70105152370769,47.80466165098508,47.708951747840516,47.25552797592263,47.287802960927834,47.44003818051426,47.59590455840448,47.798909504344245,48.25952953296701,48.6880071225071,49.016688777746445,49.06146026470097,49.14517050409904,49.23990410930061,49.39134666259659,49.428564207596374,49.35410323183755,49.35434133767465,49.410288581244416,49.306023606023565,49.21151514380682,49.289962352462354,49.353542510121464,49.571799307055734,49.52879044566547,49.518925394840046,49.39683351260737,49.271887984969474,49.117855177230254,49.063314226925435,49.16974029392515,49.351420712857,49.639791921042054,49.83324632661378,49.93050803825813,50.00611278699523,50.094258946182066,50.02744977768568,49.890054492832334,49.89471241721248,49.90558535379972,49.76996078158367,49.72596574881067,49.61120915337025,49.44125551146389
51,53.43458485958484,53.739278083028076,54.665795007461675,54.040780168905194,54.95884208384216,54.71320292361969,54.2338551659981,55.58488502238509,55.905896983674836,55.674967948717985,55.07070475820479,54.52144468186139,53.970253749099925,53.37096270131986,52.44224121557461,51.89879044566555,51.28189297086365,51.039237948265736,50.67876877021615,50.513122964998,50.30035103785107,50.40831783956783,50.12587859000902,49.91929309116808,50.14722079772084,50.50113744873367,50.57741731862111,50.448508452526426,50.341047219064585,50.08629527879535,49.964532212112815,49.80692314051681,49.55821385404712,49.466412740309714,49.22909776731187,49.121062129742555,49.305940555940445,49.48309489000267,49.901099944689584,49.88495205026442,49.767419121077545,49.73895417853742,49.632905036393346,49.39445161320154,49.43478135033686,49.257031263824715,49.172771889261206,49.049635607448096,48.991640087048246,48.97743783068786,49.08417207338779,49.02304336511071,49.04475103861903,49.04996928654342,49.114283309283365,49.17535839656382,48.99903230297975,48.903739754817394,48.752482530024956,48.668853021978045
52,57.83534798534799,59.34081705331702,57.03805792972454,54.22778922466418,52.237167277167195,51.43276098901093,52.288373597302055,51.90753586691075,50.90778388278378,50.23952737077727,49.04458041958035,48.68740079365071,48.19260628972163,47.614865326472426,46.89294498711162,46.66115594474969,46.34175195719314,46.36122388414058,46.356617237538316,46.46090532153038,46.54670789968411,46.570170801420865,46.30589951513872,46.099369573327984,46.25021489621501,46.733153705269196,46.75088880598149,46.74607498982504,46.77968874994743,46.893024521774585,46.78005517481328,46.869571155118024,46.812553650053715,46.72148662883964,46.49955927670223,46.35744627029359,46.49941562441573,46.70404322772752,46.94492006094577,46.90897792022797,46.86620171833593,46.86192220477947,47.093630680258705,47.20898800273813,47.38263001401905,47.585533900479696,47.824533789693504,48.0798840048841,48.33606708861822,48.34236141636154,48.35900189135498,48.40746933799839,48.55662748327862,48.64836606294955,48.85232545232559,48.89428382464112,48.90273074066948,49.011500217534866,49.05442638811296,48.9977138447974
53,49.24352360602358,51.57115384615382,49.61149945733277,46.523280423280426,47.112932437932436,46.78927977886311,48.52401157044013,48.06618844118845,47.419410527743885,46.99457570207572,46.16589891589895,46.304502865961226,45.87672035941269,45.482955404384015,45.14934133767475,45.13763863451369,45.16809505853624,45.189751503640366,45.25178732086628,45.58165140415142,45.88724707831852,46.072372997373,46.26900581302757,46.281169659815525,46.7876483516484,47.18546499796505,47.276129049277245,47.21434712774004,47.32745603693884,47.54029999321671,47.562730086520475,47.572232079263365,47.48995094411762,47.45554762503294,47.21353974068263,47.19276528512643,47.28534441034447,47.38854655334922,47.41796058879397,47.3621716015467,47.30909037890756,47.242834854739726,47.15806085602608,46.96777100214609,47.00954766426998,46.93503289182644,46.950890746369545,47.014483915004824,46.93086869668509,46.877054741554794,46.788277390728446,46.79719375176112,46.816032840325356,46.72252662461002,46.877740037740104,46.95764806456785,47.01879422559263,47.146253052503184,47.1629442512918,47.11085868606712
54,51.15107346357345,53.03539122914123,52.882380274046916,51.91434803622298,51.748242775742746,50.26723731515397,49.9086233211233,49.812223366910864,49.094288992900125,48.78218711843712,48.19076756576761,47.95964209401712,47.43626491030342,46.661441435548646,46.294928435761854,46.09499166921049,45.78639870478114,46.06137763984993,46.10759377075179,46.587759208384334,46.66838818148353,47.0307613682615,47.16283666011942,47.03302108770873,47.45030219780233,47.68811480542262,48.339291932347614,48.64217014797384,48.95507329515965,49.256158933659094,49.42469704727788,49.55847578347597,49.838013221346664,50.12242392683584,50.16836385836411,50.26549583389886,50.44696358446385,50.588208502024585,50.93331389645522,51.158989494302325,51.16678119757424,51.21720775917234,51.24376496673034,51.40788725163754,51.35471238637933,51.487107709118874,51.53704732029227,51.73737620404312,51.85403480684118,51.77283496133517,51.66583500921756,51.56891573526205,51.45089789665277,51.184129622092726,51.081948514448676,51.02024109323232,50.861817828046,50.70514066074425,50.547906534771066,50.38670957129306
55,58.38439662189665,59.34709757834764,59.332010582010625,58.63116605616609,57.83866910866915,56.74412477954148,55.80305977091691,55.09957392144885,53.914990051101064,53.17972476597465,52.19131146631139,51.84783060303884,51.59454462915993,51.00566384673521,51.156110432777034,51.47303049959294,51.49957205104254,51.72127368516251,52.0835960092539,52.681675315425295,53.10447288602042,53.57016363266354,53.697006113853895,54.03021660052904,54.35429080179071,54.53889867255241,54.524904091107715,54.38006824524673,54.414443777805744,54.34597561389222,54.07044865230342,53.66741898148137,53.406819415152626,53.29551865618031,53.05846139310413,52.94825314860028,52.89316349316337,53.016622619583025,53.214233534746214,53.259140466015296,53.2335739350982,53.23561725972427,53.19682385874228,53.020681401931235,52.9112027992582,52.8857365158994,52.95393762069275,53.03905656457722,52.99519023115945,52.885644993894815,52.87458541821269,53.03042112801709,53.05537749287729,52.84768848264198,52.78240962740943,52.6746034471479,52.4400357196408,52.24623980744651,52.0309502252297,51.920696988196774
56,64.33784086284088,64.41491147741152,62.567238163071494,59.6724804131054,59.52549552299551,58.38928317053317,58.764787196930016,59.22141903235656,58.650388346221696,57.645989519739565,56.190483590483666,55.826213369963426,55.018922388153186,54.2150899034827,53.1303364536697,52.406385136853814,51.98610123536592,51.68127063265945,51.06028747081378,50.747043650793685,50.30487915964112,50.324964849964914,50.09171444497538,50.0430839607924,50.48012657712666,50.97357491155576,51.3622356381616,51.47366507500438,51.639874285994985,51.578757292090636,51.231875681069226,50.912314147079755,50.71960107793444,50.52324885082255,50.282276440490904,50.12525691900711,50.173378185878384,50.106160834779416,50.088462321154786,49.896819800569936,49.58095895748346,49.36604465860428,49.25773986994926,49.023924223924304,48.974870551259514,49.091782905098235,49.14268200278847,49.308582515093,49.33268690870738,49.37077767602774,49.40534198009693,49.46053035283812,49.51846917931833,49.42395404663932,49.45618594368604,49.38461502122228,49.23639672543191,49.16394625489462,49.01223613956673,48.91795567087235
57,47.6521571021571,50.265756003255994,52.16575091575092,52.024771062271036,50.702984330484334,50.35773131189797,50.811992703064114,50.795217109279655,50.71933251933257,50.275455331705444,49.77399221149235,49.30396655813336,48.95076077768399,48.83222389383118,48.028486636820084,47.42804423585681,46.888762599056804,46.684871738344064,46.46875736349431,46.37991427553939,46.2914488729966,46.39277042402056,46.486145617667475,46.4105321954281,46.81547273097277,47.430978405497676,47.59072359396442,47.725319059247724,47.899306871289724,48.09294973544982,48.11602285110352,48.12127165369353,48.10956651373324,48.15270236299651,48.20266817838251,48.2333799687967,48.31859428109438,48.35598196881096,48.45791433163233,48.317712530525036,48.147338118069825,47.94019601430316,47.895854748180355,47.87129444629446,47.9135511916068,47.862773619295375,47.78482397232402,47.90733491045992,48.03503256003259,48.10058872608874,48.271006208751324,48.43692980808366,48.46650962594359,48.40770973710791,48.3947990897991,48.35804616184082,48.25513507772282,48.23624943862012,48.24175556866236,48.07005070546742
58,53.720767195767166,52.594953194953185,52.39689831773166,50.185593457468514,49.28001017501028,48.70213081671423,49.534816704459615,49.28338738807494,48.586137113914866,48.19402828652824,47.789629352129296,48.118330704789045,48.11042547196397,47.744397203325775,46.747194749694756,46.62657680860808,46.38688411261941,46.410527461221946,46.34880095537996,46.380689611314764,46.16347728550125,46.328524022274145,46.322162056944784,46.25810693935701,46.67705331705342,47.26479622585405,47.39859358748261,47.53229947962105,47.74513827487981,47.88286172161188,47.90729810810479,47.93480091956671,48.104643042143174,48.27414320429043,48.21222309436607,48.14510355899252,48.34877597377606,48.166928539297054,48.26158790165206,48.22611340048838,48.10627388645683,47.88424605597227,47.79760236533493,47.70724414474418,47.759387464387444,47.86129193873755,47.79342402081763,47.92607367555285,47.93317053317056,47.88495248270252,48.04526213619357,48.17145322626099,48.42939819614356,48.51748801609917,48.55243450993456,48.52692416710277,48.45519398567651,48.44383227723748,48.32924642839898,48.150541480124815
59,56.575457875457836,53.677564102564126,54.03540903540911,51.6411960724461,50.86418803418806,49.60111585944926,50.757302750159965,51.29798344017096,51.353397888120156,51.12390313390315,50.229078329078355,50.470311016144336,50.617758523527726,50.075345586952714,49.55471883055212,49.406427426739874,49.27210939931518,49.24545911907014,49.48006608401339,49.56304283679274,49.2724276605228,49.41789067414056,49.26757401213916,49.13696432811008,49.3486147741147,49.649825068094266,49.743477630051686,49.78266577998717,49.79051268016784,49.81238807488804,49.68749573306025,49.595467350936104,49.42849881599888,49.14980817113178,48.84019012733306,48.68108790643525,48.87753316503327,49.05746002292059,49.22060974400725,49.292114875864954,49.202818974160536,49.06942155067164,48.910204115436784,48.81444261756769,48.68676287704073,48.80953619649278,48.90756219745588,49.11216168091174,49.148273259242714,49.08413431013438,49.05500021946111,49.093619485927306,49.05811370669877,48.895736482310674,48.87129444629456,48.842509829786735,48.7194721133319,48.68118947623271,48.591122131164596,48.469828805453886
60,52.952782865282906,52.87154304029303,53.45343067426399,49.933641127391105,49.82831400081398,49.37419702211367,50.27151796616079,50.02806394993897,48.76802333469002,48.07717287342289,47.580463980463996,47.482494318952675,47.06256887699196,46.480386214314805,45.75187932437935,45.45199016839642,45.25843657976013,45.3302014086737,45.30641346957151,45.26751755189271,45.3195711475475,45.51925597550616,45.66252234078336,45.45033471543899,45.67914285714297,45.85034908111842,45.733014139495666,45.70964463776966,45.72444458478939,45.89161223036223,46.09540647524522,46.17839893035211,46.330071163404575,46.45992317867322,46.364540525611986,46.24578938294221,46.4047713922715,46.577064456011875,46.73128554731116,46.850835241147756,46.65509408161852,46.62607188886955,46.768845775241246,46.765536893662045,46.80237643015438,46.829184915326415,46.78233769776344,46.87235969084951,46.93353091541891,46.832510582010826,46.86286649987651,47.03001735621945,47.1869630282368,47.098885365320726,47.087249139749304,47.12657122143748,47.081684267649344,47.1137688062258,47.017396766761266,46.921430945597706
61,59.86805555555556,61.38812576312576,62.8047551214218,62.54566035816034,61.36472629222626,59.97653557861886,59.49022472236752,58.623268976393895,57.96817256817244,57.438435083435024,56.789938302438244,56.59421041921034,55.820243574089666,54.90906339031336,54.275656288156235,54.157143175111884,54.025826869209226,54.103224912947155,54.210081828502894,54.53416666666663,54.53741254336491,54.894758482258474,54.84988940206337,54.691349121557515,54.8952087912088,55.229955034281964,55.42478236783791,55.48545173411246,55.75834701696775,55.847181861348595,55.589296381635116,55.322692975427316,55.03053088886419,54.578724053724024,54.208848479562775,53.85108321462486,53.636998674498685,53.441085486151316,53.33286919633072,53.163956043956006,52.89586906995442,52.71674273698083,52.45022396853793,52.126969789469825,51.972475919142646,51.8859098228664,51.90016334138684,51.87009066358033,51.933716349787815,51.85460968660974,51.939516547359766,51.986435635233796,52.00693398146237,51.81585285427884,51.772454027454096,51.71972780030822,51.749776239030695,51.63801831150976,51.460625642405326,51.31594000135668
62,42.793650793650805,43.616636141636185,45.94135632885637,46.64297033984535,47.12057081807084,46.21138159679825,47.05053927553925,48.10874669312164,47.860952267896614,48.14259208384196,47.39083416583401,47.58361823361807,47.446282207820516,46.56198470841312,45.688236331569534,45.67744263838002,45.45482295482279,45.24867950979044,44.89768732729244,44.70530067155051,44.43604158187475,44.70669515669498,45.07224876572689,45.15863837165911,45.71583353683347,45.99977830218212,46.10902749513855,46.046934233094895,46.2233195444402,46.259076787410066,46.20370682185192,46.09228034696779,46.0467284258951,46.10839288706939,46.01820178498754,46.06145536562208,46.20870609620609,46.43637592913908,46.729847479206434,46.63413652319901,46.57928293477076,46.56473159776738,46.562969351922895,46.62539266289271,46.49578370189479,46.437714338801285,46.43189086327385,46.56763392857143,46.6385614196839,46.55434422059423,46.56876880381783,46.62094897623743,46.6186862142051,46.628336932272155,46.764970029970115,46.809130981452505,46.759233643224974,46.786648018329146,46.72099690955633,46.71313534459375
63,53.12465404965403,52.713975376475375,51.5792548500882,49.93455687830689,47.89962148962155,47.474516687016724,47.950922291993734,48.64024343711849,49.18905338488677,49.1436787749288,48.46332695082694,48.600318393026704,49.06170087035468,48.993105340426744,48.77952211368874,48.77733262108263,48.41520415858654,48.09531977795873,47.6960087183772,47.64842719780228,47.713803612613205,47.76311674436685,47.8280874520006,47.75093822072999,48.140604599104705,48.669181263892895,48.703747983840664,48.760315098261636,48.692384180315315,48.767190340523754,48.618899260834894,48.29752238502251,48.09798642715319,47.986344837080246,47.67090165125886,47.57895864423651,47.77434811184816,48.004997536576546,48.249876204042955,48.247922898860494,48.25400225339261,48.271831574510216,48.37339506961607,48.270425754800804,48.28995387328725,48.39982293270338,48.535903822339996,48.777416776895976,48.95824570365391,49.00631725681729,49.053103876878424,49.198761779531026,49.33346061695118,49.281531320188726,49.50431078181079,49.52208095310775,49.51459756942213,49.57050790843892,49.59208151390354,49.59857227648897
64,72.74955738705738,68.38753052503054,68.20722086555419,66.311451973952,65.16705026455028,62.728321292904624,61.760073260073284,61.53967872405376,60.61136774747893,60.32564051689063,59.271627909128036,59.19297076380422,58.50975313859939,57.54286731786739,56.38617453534124,55.87336500305255,55.483048732313485,55.10551287704071,54.53922225435386,54.05188568376066,53.436889741651605,53.04758181633176,52.772256728778444,52.60306352598024,52.741149979650004,52.60376847155695,52.41863873437947,52.51456207482992,52.63065028840885,52.47880019671676,52.30691720167521,52.14017062220185,51.9284766159766,51.675408496732054,51.24389615675332,50.940350981323235,50.86699240449247,50.97863247863256,51.08020882251656,50.89638838013841,50.52811020280532,50.28383626955058,50.10257770868239,49.95825598013102,49.85897311536202,49.84302901205076,49.78236919699689,49.76079504985757,49.84157602601478,49.67871031746028,49.52133131030182,49.40678692745992,49.330176296449814,49.27637381479965,49.252357919857836,49.123231365195565,48.91730099822198,48.87749357921763,48.763249587825754,48.632424959299854
65,65.25907610907612,69.87376628001631,68.8039411206078,64.15924018111517,61.45177757427754,59.13520214353546,58.017734315948545,57.07231252543748,56.2255912811468,55.269271469271416,54.14775872275867,54.28718160697323,54.000700510315866,53.08062714401993,51.76336894586884,51.639290165852564,51.29387374607952,51.14456484873134,50.799603442366404,50.299386446886224,49.799582824582664,49.53628478003463,49.487202491550164,49.27581824040145,49.420887667887555,49.71048358692573,49.52233414733399,49.311328965346654,49.34566491937167,49.467127764210936,49.40041471372102,49.299139575701965,49.14363738113736,49.120545739663335,48.95725652654221,48.81650768213268,48.81980125730121,48.80893232011643,48.748043267273935,48.555460164835054,48.45281276988578,48.21183571719267,48.08162180197047,48.018706640581506,47.96633631800284,48.030554338978106,48.122469020341256,48.329571547279734,48.51359526716657,48.52233150183135,48.58009947568757,48.65852206020466,48.702354458958155,48.702551760653556,48.79506687756687,48.81609159689514,48.75614508136435,48.80974064249922,48.74020741499549,48.699553825803754
66,73.78907203907201,70.3205993080993,68.10555725139062,63.72074938949944,60.665027472527505,59.10310846560848,58.49874193267044,57.787583307895666,57.01264697236909,56.386797924297774,55.3729002479001,55.26880808234955,54.57490490278933,53.57006257631239,52.73313966897282,52.297447026353126,51.73054089157016,51.50608013385775,50.97150247413387,50.7212065018314,50.507716049382644,50.49219252969251,50.32670232344142,50.20102809998641,50.42310459910458,51.03166737109042,51.21822721174572,51.230148373451954,51.47358549815447,51.61588522588525,51.43846268725302,51.24771380240137,51.05026917526927,50.850863828437475,50.485206843421274,50.27728118075362,50.256452056452275,50.15594113488868,49.987610098828185,49.70510658323169,49.67083792449658,49.570491743706164,49.48672220329214,49.34328194953212,49.27508513091864,49.259395847711275,49.154946353882714,49.253469784459604,49.45647203325798,49.42724979650005,49.43319227976117,49.518638564071544,49.69107162055301,49.57270873844972,49.64140405890436,49.56128653918863,49.38870904112165,49.29485118170495,49.18733056021225,49.04987544091746
67,52.90150081400084,48.22002950752954,48.78620607787279,47.965846306471306,47.78654049654052,48.30921177587847,50.19509346473633,51.152143747456286,50.57338499977396,50.46416717541725,49.921817071817166,50.05188619251129,49.521618374503056,48.71009869759876,48.15386277302951,48.420374503968375,48.5321210107976,48.156794363044455,47.778900242058185,47.97911858974364,47.984077804911216,47.944121850371936,47.81672749553191,47.98580734466155,48.47598148148155,49.02545846247775,49.33634777431083,49.52366580179088,49.58660407281106,49.740179928096694,49.59141721480438,49.49859886930201,49.43188000271338,49.24043728602552,49.03533592069314,48.880462849907374,48.9386037136038,49.13535990082053,49.33789812988543,49.252317612942726,49.25092307195974,49.147220041863,49.09284270854054,49.04246505809022,49.045278682223305,49.1295156031571,49.2599317841341,49.34786547364692,49.316249283596434,49.17987372812394,49.18130092492859,49.13264544394374,49.1916801053596,49.1223880372031,49.15760212010236,49.150649111140446,49.0061012574173,48.970122135208605,48.925776405013956,48.734434269434544
68,55.33161884411885,56.35376984126982,56.16637837471164,54.949290293040185,53.85871693121678,52.056771469271375,52.478423890923864,51.71795762108259,51.41230893592004,50.621799959299956,49.817980167980174,49.790147198480526,49.17358176012023,48.54895161055875,47.767652625152614,47.48805453805453,47.317434580669854,47.12868731063179,46.87883383672858,47.21286680911678,47.18293699246077,47.2558716746217,47.18396020243847,47.21733101003937,47.7599218559219,48.54054154534927,48.7784885210811,49.03734501279144,49.18677792513994,49.421572717406036,49.486911818766615,49.38167035510781,49.48763227513218,49.45726884770992,49.28192918192906,49.45092112105993,49.59792649792644,49.71984836557195,50.014393465034395,50.14419274013012,50.03556600355368,49.9614872230943,49.954734692525264,49.916780326155205,49.79478055894709,49.735674359859054,49.67233371435494,49.785318838183365,49.8104118387281,49.65668325193314,49.4885435370728,49.41689795247474,49.41140743428462,49.27591414929363,49.295072520072374,49.15751533519381,48.99990235560402,48.97554234558535,48.85759849064924,48.740899640482894
69,62.615873015873035,61.19228479853488,61.13671991588667,59.500462962962985,58.812390109890146,57.25299145299147,56.17912669341245,55.46418332824579,54.75415931804817,54.154990333740244,54.355466755466615,54.846233974358846,54.99958830343434,54.73735536949814,54.633419142585716,54.60231354293846,53.7525398620986,53.41860472346575,52.73002163528478,52.465605667480695,52.19549343954107,52.27574578199583,52.26809669798802,52.18117283950621,52.29662189662193,52.41037420556654,52.49994592170521,52.48153980609345,52.73656424992642,52.61646079229422,52.339836313626705,52.036799991096935,51.90603301019977,51.654921413009745,51.283246118960555,51.15845529213602,51.320324445324566,51.3893368571001,51.622293055947,51.740177299552386,51.66665041146757,51.73002463806038,51.86366752326056,51.96795843045843,52.03657124768239,52.271379576542635,52.174289156470046,52.228149801587314,52.24050339305442,52.16320136345137,52.18980872975974,52.25019342303,52.4052499212877,52.42837066054661,52.52906491656495,52.402061348043574,52.13726499296693,51.98415663200161,51.815878275836,51.70307980599648
70,50.56176739926737,53.89459198209198,54.196272554605926,55.135181369556385,54.66890618640619,52.971807590557596,51.6760349438921,51.06855031542531,50.70859562248457,49.860655270655364,49.624107836607934,49.49610169922677,49.06326703922861,48.75159856677717,47.90223307556645,47.58892100376486,47.208370741459085,47.221045877990505,47.4933110018638,47.77524903337417,47.88986690117657,48.17841440966455,48.50938290775261,48.573819062881626,49.260168701668704,49.747576977865435,50.00455934668899,50.15905848450494,50.3456903568973,50.28548382173393,50.20651676579107,50.03357705662409,49.88254245754268,49.648589713663455,49.33051005872457,49.104713149505045,49.07725802725826,49.26663225906673,49.48084202122694,49.39985335266614,49.32506340768563,49.39911901370259,49.495178701574275,49.616822991823184,49.79889815945388,50.029633721753434,50.20103287177766,50.35907176349896,50.532459528378006,50.44950844525852,50.32104271908197,50.21842635640719,50.24165773953515,50.12926502509846,50.02936332186337,49.94079107070182,49.829135784618266,49.88826663438734,49.808790518960066,49.731248134581385
71,44.543126780626785,45.8901251526252,47.58765771265775,45.10240003052507,46.03540598290605,46.16368962827302,47.36080077330082,47.95915623728128,47.25459458237239,47.26497608872611,47.17634911384914,47.422812796771204,47.38966727716733,47.22721706203854,46.927370099036814,46.70966212606839,46.68804825348947,46.5454079613802,46.14486295867882,46.12710012210018,46.07036237571961,46.04872534872544,46.156087974022824,46.16697361280703,46.883821530321626,47.31733293415996,47.61295278795286,47.77486390923897,47.93716124233369,48.098833265499955,48.19807922065989,48.22726886828445,48.294588436255076,48.47207064449709,48.55202918774334,48.744854553882185,49.0261066011065,49.103654569115015,49.205726313098005,49.17796232702467,49.25936584869495,49.29674847859353,49.296499559871435,49.17553835053808,48.96615802921333,48.84901324520864,48.72578921275704,48.69570635768527,48.591243053997864,48.55640445665415,48.592291432242085,48.79999999999968,48.9693422143891,49.004187864604276,49.00277028527002,48.97536657291094,48.8369977650677,48.78797875177164,48.72855935652524,48.560082163206964
72,44.867628205128185,48.716773504273505,48.43007224257224,46.648487739112724,46.54775030525032,46.917442511192554,48.35077184720043,49.37067371286115,48.6745489078822,48.13346967846963,48.09098309098301,48.1991855752272,48.241815378353785,47.78035387231807,47.118325193325155,46.65229192104186,46.46676452632329,46.3968078731967,46.399718848403005,46.38029736467235,46.50174331840991,46.46310749435745,46.44766461396893,46.599057963641265,47.08060419210414,47.73495409505024,48.06035910248871,48.39079779347633,48.81507147067491,48.9894324040157,49.144853906547425,49.144653032153,49.2195185986852,49.443431731666955,49.36479562765274,49.14771952584451,49.087943162943155,49.08714186641816,49.20988750091315,49.04928749491249,48.85851958565369,48.687619192976285,48.645280806617976,48.66685733248228,48.7810232668565,49.050997261594986,49.33322790290864,49.534820368674445,49.66887734336704,49.7140113960113,49.841698887532154,49.846669347390424,49.89154744626436,49.747537270685335,49.80278619528611,49.767312598116064,49.68343963541323,49.61415957924571,49.47122670957405,49.20236161986153
73,59.92806267806267,56.5492445054945,54.52072140822139,53.09257351444847,55.20022486772488,56.14678130511467,56.28161521018663,56.952423560236,56.92678175733718,56.990429894179755,56.34603729603715,56.47348519536009,56.94062529350979,56.68914653468214,56.183207841541,56.15755112942596,55.950949268596084,55.36604203409735,54.452346143135465,54.14637795075281,53.75088958660374,53.64088480963469,53.23990572631867,52.98869407983982,52.93679670329661,52.8856037303152,52.76703315545903,52.53420584045578,52.388370840525894,52.11298433048419,51.72623823309289,51.420894383394234,51.10283451116771,50.928714477243716,50.57234577591706,50.365689583050575,50.34762111012095,50.39896000685457,50.464627490268356,50.29669439356924,50.33518816323683,50.32295627652757,50.302830782481855,50.27176712176705,50.17681985709755,50.210051472279616,50.27739794681274,50.396600168735475,50.52207779937357,50.37688838013825,50.33471184770192,50.33722556823508,50.40130124941435,50.29207065225575,50.313974358974285,50.38348550424436,50.34457011474553,50.327667080684286,50.17437803094576,50.066650810609
74,50.38474765974767,49.55907102157107,48.38343677927014,46.38738298738302,46.30772486772489,46.56374813458147,47.74390226175935,48.50340036121287,48.078668091168105,47.85356227106227,47.459452584452585,47.399058387599986,47.044161500892166,46.447843624629215,45.60815018315011,45.50633966727711,45.396961263137726,45.20970837290285,44.857812533470494,44.92776276963783,45.15894092679817,45.25331196581208,45.107923457380124,45.152897546126866,45.6408176638178,46.11897150214472,46.277364370883,46.54386574074083,46.927342357514874,47.30382817799496,47.34023625717189,47.14863686660575,47.042521213354675,47.05226319160152,46.76517181231476,46.68741436033119,46.72795749045764,46.944319131161414,47.39510803773647,47.53405105311375,47.500613354577,47.55261425082877,47.579072961922,47.6579174297926,47.79736862931321,47.96997686291174,48.02441028238914,48.39702221967864,48.53658871362969,48.60146438746457,48.62951132019778,48.769179600670135,48.92486503712933,48.879477098690195,48.85109233359246,48.78795306049785,48.609154563759986,48.51019132527773,48.4365318219134,48.336543803419
75,48.80544363044367,52.26165547415547,53.901717880884505,53.138363603988566,52.179979649979565,51.18041649708305,51.70886170707591,52.76951121794865,52.14844435399992,51.24468253968256,50.41608345358345,50.5368140347307,50.030278482201545,49.089554625268875,48.079205670872305,47.70129985754983,47.38997013335242,47.04747998914661,46.602960124670616,46.79829085266586,46.83556432544529,47.139806721056715,47.17174488152744,47.30111882716043,47.587345950345885,47.71990682038748,47.870045335323,48.00044642857134,48.18947430283627,48.27160103785094,48.24955328423062,48.32809542887658,48.41865850199172,48.335915391797634,48.135834060119684,48.016604203409635,48.183755871255734,48.3266044384464,48.68280279786677,48.700827355514726,48.542148986965934,48.34210201174473,48.24570330616826,48.09729044104029,47.973743951521584,47.954909884801076,47.81587561374785,47.84413643840715,47.780816991020956,47.73659859584846,47.83889876463392,47.99199490858131,48.13673697022737,48.08903793394521,48.196186313686205,48.27125069044704,48.21291476554627,48.199245382650474,48.12488178017832,48.033063949938935
76,52.04690170940174,53.80891585266583,51.88787477954144,48.878925010175024,49.43801689051691,49.67528150861489,50.2556711145997,49.7678202584453,48.03121184371194,47.16718406593416,46.673716561216665,46.71776938339447,46.277244372436755,46.135447191697295,45.58650861484205,45.37218374796509,45.132100660777176,44.93397775064448,44.72075969839136,44.86896036833541,45.16001753977949,45.196379315129384,45.114631222239964,45.239016288495506,45.89561436711447,46.354877547666085,46.65736501153176,46.90810984650275,47.16328593182044,47.289079500746176,47.33823079548883,47.34822207595641,47.24206626706622,47.172468816586424,46.9977428920285,46.84470715755428,46.98668214918197,46.97250712250698,47.20944175719805,47.23852691290185,47.17224133138762,47.18314812392186,47.15135386792354,47.02237635050126,46.910465450187615,46.85249354108045,46.759304505581035,46.81658897622433,46.927640934273555,46.947361212861196,47.12227628943315,47.22331818822202,47.371127832684415,47.46885796816354,47.579815924815904,47.78881875399733,47.75826996265598,47.8140280058384,47.85488736781113,47.81390169244338
77,49.353032153032146,50.614064407814375,51.55330348663677,49.02306547619042,48.92772995522988,48.5937618708451,49.083392203034975,48.88135492979234,49.08906695156692,48.81383445258442,48.58525548525545,48.785091066341074,48.52625113490495,48.17000734054302,47.5952285985619,47.44172549094418,46.97959132370895,46.58104649979646,46.28271158665897,46.67502085877086,46.656548345834075,46.90113728863732,46.8383232910407,46.84144175654596,46.95690231990231,47.03396242290472,46.8750721672018,46.61045209750568,46.665602500947344,46.77702923619596,46.63382698543995,46.54626926892558,46.528502824336165,46.40878806650868,46.234074074074144,46.23751879550493,46.328707553707645,46.433247113510355,46.723266334804904,46.88128739316255,46.85428181800145,46.76104121848184,46.696213476446154,46.594959438709594,46.49438802966601,46.46844087876712,46.5320962036389,46.58403159340676,46.59880692814378,46.624779914530016,46.75150480420097,46.92743603440723,47.02813217530199,46.98027819231521,47.019990009990025,47.03861098392348,46.93931989874974,47.04993175725936,47.00165326669564,46.8969675925926
78,56.88475274725277,57.439624033374066,57.48641636141635,56.27160154660157,54.87314000814006,52.68251509293178,52.27081443688593,51.02956158424913,50.72711696739475,50.279942511192516,49.81288711288712,50.227546720255106,49.747064118218006,48.96648097273102,48.50718830552168,48.47282286579157,47.98574870118982,47.9894459706959,47.89749293104551,47.82813212250707,47.942424220400355,47.87399082399077,47.906977845021274,47.979652099443705,48.09698087098083,48.274035722112586,48.19941286422759,48.259446588464385,48.4883787349304,48.55654287070949,48.627789429805524,48.73355257300574,48.81689020855688,48.865936310421624,48.84192394906686,48.781240814227,48.86224191224196,49.005153374890256,49.08952221804789,49.126669591982115,49.156438175645526,49.187913420353915,49.264954307105505,49.3142446673697,49.30462307240087,49.36442119675815,49.411314503069825,49.58936987009906,49.5923619936375,49.62813298738296,49.53930835867106,49.46753672787324,49.42661129925277,49.21708516106663,49.16530876530878,49.043550224577025,48.94264471720614,48.85686795643701,48.733476731993754,48.54462912087919
79,52.34024216524215,49.17473799348798,48.4706332247999,46.575345950346,48.09100936100943,47.592083842083895,46.86720303506021,46.0790076821327,45.46294317822096,45.257912087912075,44.98215996965999,45.243140771265814,44.88010472433555,44.43602207977216,43.888478157644876,43.7993831400082,43.684163195192674,43.654163274996655,43.42357656962927,43.453717694342735,43.467573938407305,43.709636890886934,43.790771708163014,44.043412104870484,44.688500407000454,44.96258179142797,45.15066194093973,45.57769347055061,45.90520785089749,46.03985127526795,45.99022017409116,45.83102789860602,45.71375969709302,45.69747495151901,45.52494752601889,45.513496727038316,45.57580657580648,45.66405101964302,45.886205556077236,45.89453118640612,45.838048209694485,45.72828931430117,45.766573671806135,45.620884092759034,45.47892936281825,45.486148825007525,45.391939768269545,45.48808156542531,45.54559328615456,45.49662952787959,45.55654113497255,45.645157184339915,45.75601746262127,45.83296769245848,46.084059829059846,46.24120770102913,46.21078372569598,46.19281284647662,46.09286955981873,45.9222703839371
80,49.10257936507936,51.62435897435899,52.348489010989034,48.91187550875051,49.02245726495716,48.54895536562194,48.572329786615384,48.87914758852254,48.30484895762669,47.63501933251933,46.72399822399821,47.07917726563561,47.38342216899906,47.00159493284493,46.38577635327636,46.26790611009361,45.73923513849986,45.39363496585718,45.22281826360775,45.475371133496125,45.40872071050646,45.493253968253946,45.18503034807379,45.19428651980735,45.6829035409035,46.14130878025107,46.18506553460258,46.08491082330371,46.20416754382274,46.25256189797856,46.13068422020035,46.163525768213205,46.26444373527706,46.24300273528208,46.016970463399005,46.02223013611904,46.282149319649335,46.421109129661744,46.54322748713772,46.417357931420426,46.2433420689518,46.068567576603286,45.911669790158115,45.80992849742842,45.78728790756557,45.91047904390284,45.97998196641806,46.134634780728454,46.33951350992161,46.41664102564092,46.5328644848252,46.70066196268114,46.865021962663405,46.909193027479986,46.91904123654114,46.94751784260703,46.86249759012909,46.859117949419606,46.82165112821883,46.71437160832988
81,57.50727004477004,52.79284188034188,52.12602089268753,49.7187932437932,48.57661375661372,48.17965676299004,49.5702809756381,49.53060388685385,49.35253018586356,48.78211385836396,48.16232702482708,48.50979344729353,48.747680880373224,48.48352665852673,47.88688135938142,47.80723220645101,47.858678086619356,47.81559857323756,47.92310477047333,48.22980718355729,48.413288563288674,48.8816493691495,49.282393914459256,49.63023673857023,50.61776088726103,51.49325318556101,51.94736787560874,52.27311944008383,52.679684890460855,52.88711674128352,52.99434614071721,53.20637830051904,53.5499172124173,53.86825651200663,53.9409138612711,54.016807703613374,54.302741340241425,54.628755649808376,54.978470330714025,54.98619454619467,55.10904012428413,55.19946399499985,55.27976308790278,55.19759465071985,55.266886220775355,55.26895914069845,55.280803327877926,55.34727362722168,55.2959424551262,55.151358465608574,55.21387592073875,55.12617912714071,55.099970338885484,54.881513325494815,54.678142135642176,54.50389448514453,54.26969167934076,54.14237488246107,53.92449004228666,53.73014507868679
82,53.279471916971936,52.49856786731784,51.141990571157194,50.20867928367924,50.44547517297518,50.792758784425466,52.03291906506195,51.78173204110707,51.52678458372906,51.203214285714346,50.45215802715805,50.18296830484336,49.62954079396395,48.94557895807903,48.234705942206006,47.92164192867324,47.54848661686902,47.03241475602588,46.77985481867061,46.703221153846194,46.617078027792374,46.69988159988169,46.555517731061336,46.34310833842098,46.62094749694766,47.042926802542354,46.98955403307269,46.89230496685863,46.96952321305777,46.93428656220332,46.80719307574155,46.768291170635045,46.845173191006666,46.706843143240334,46.51503663003674,46.322811100936214,46.44399413149421,46.42394313775904,46.5932546204983,46.55804563492071,46.610645666438415,46.57611174099274,46.73314521395923,46.619555444555516,46.54112286890075,46.68555966979892,46.67973603425745,46.66827135056318,46.75864076399805,46.66723473748494,46.77742125340185,46.87480863153963,46.8653005275649,46.85415168679076,46.91183316683336,46.90762462570519,46.8587801412365,46.90637701219615,46.821563864572525,46.801034968118465
83,49.36277472527476,50.49296906796905,51.651658526658515,49.83433811558813,50.67466218966224,50.70831128747799,50.84207439386014,50.94284760378512,50.582051847329595,49.62853632478625,48.98253367003359,48.36318045380536,47.70482686828834,47.286877870806386,46.65137905304568,46.698970734126924,46.38215363068305,45.97519728214175,45.744764689501565,45.67926078551087,45.45274434560159,45.65743168868174,45.69436923784756,45.7207169566545,46.0455195360196,46.403834217776556,46.71846971615492,47.12507921972211,47.51460464822534,47.904696275946286,48.03196824083923,47.89170021240333,47.71346955513623,47.67441777993249,47.52123146694579,47.33318424117041,47.42677003927009,47.343778650686616,47.501345188524766,47.28801778083039,47.0153445357714,46.814865084210304,46.64815015948734,46.45286472786468,46.35986693347804,46.42032480402039,46.3720083305189,46.4306459647605,46.44676756538994,46.43437637362627,46.42841471346364,46.45767733868682,46.45366473149475,46.43415863971404,46.492692585192465,46.5351217730681,46.379662029004024,46.27845476681671,46.09053439498342,45.98614231447551
84,63.31718559218557,58.6232702482702,59.45379188712517,59.883344780219765,59.36493487993485,57.76386853886849,56.95455913134478,56.25636319698812,55.24513012707451,54.569450040699984,53.85521561771556,53.426483007732976,52.55301767320995,51.946388598174316,51.34186236602904,50.950848659442386,50.177345339845274,50.135893478948915,50.077227256174496,50.21143111518096,50.2299448126827,50.856692844192594,51.10209162817837,51.00979705094267,51.40100081400065,51.88416142262282,52.18207577744599,52.35144612332093,52.49857725288744,52.49725037308357,52.3507714955294,52.04931573056569,51.803613516113515,51.56117275970213,51.327733153090264,51.04229610410164,50.81659516659514,50.8023091917829,50.95236386358185,50.82167760480263,50.67096027278959,50.50884293175964,50.417257882083504,50.1118308774559,49.9666032424366,49.84604335881511,49.74584026099984,49.66023033679283,49.7015879245471,49.68250742775745,49.663989242420655,49.73048462399433,49.750572680289736,49.72832317716588,49.72442289192298,49.65308648031873,49.49016210397798,49.5523037626487,49.456051889102824,49.43237391466567
85,45.0233770858771,47.80740486365486,48.6153320444987,47.96986034798532,49.56356125356124,49.49367623117622,49.64059102273385,50.207567027879485,50.562481345814675,50.25399420024422,49.365795315795346,48.802954568579594,48.06702905356755,47.49737375719523,46.83872371455703,46.61387108262105,46.51477321697908,46.56451182562293,46.722212582738905,47.0335526048026,47.202505475124546,47.42894697894695,47.84369989913466,48.139318571089404,48.764818884818844,49.44486318524776,49.84322796545013,50.23264524827022,50.630130836596344,50.65168633835304,50.402191730014316,50.12291682565125,49.81884442717779,49.585256709521495,49.27744331065763,49.133992447881376,49.179775654775746,49.184034605745225,49.31593824029724,49.0955709452585,48.97926010304059,48.92569286974052,48.82450840503165,48.72930969493464,48.70891715280594,48.84462825821516,48.878431468059084,48.902841477581035,48.84697262299302,48.782932030932024,48.763340535644446,48.848873802479574,48.88733048049084,48.85838807111956,48.9276902726903,48.70415558317347,48.51443209162508,48.41766785258166,48.273982671440294,48.18992521367523
86,43.522430809930796,43.92997557997557,45.7290937457604,44.695037138787164,44.948600936100966,45.42429283679287,46.405266294552064,46.84559676434679,46.41611891195229,45.99271621896628,46.02978826728838,46.410827906661375,46.35092475188644,45.904744825280694,45.8947161172163,46.218375432438116,46.29622177931018,46.34446394654743,46.00599388428354,45.95296779609301,45.931546649999206,46.143815443815576,46.18202385376305,46.21314060168234,46.66958323158334,47.12331114398432,47.27370249777669,47.41926656346311,47.594342694342835,47.720606261023086,47.72836989772489,47.70450450880142,47.66385944302617,47.51478907802446,47.313977556834786,47.18584839800128,47.21311765061781,47.215225296146436,47.39510034125428,47.39305377492883,47.415765557838775,47.47447223191271,47.7140227021041,47.84380711880717,47.89444376611045,48.05703955867,48.07265357770676,48.27563901183695,48.36122615102212,48.34810022385028,48.46744226180506,48.545275958016376,48.58282813447911,48.638114363345885,48.79565360565363,48.8759572685912,48.75822256852955,48.7491202124822,48.7962443002696,48.75757512549165
87,57.82342796092795,55.648262617012634,56.901583909917264,54.93278006715514,54.79336691086697,53.36262294803971,52.934227280655946,52.31224180911694,51.3240769004659,50.806678876679,49.75398906648916,49.59919617419622,48.93293494255035,48.22237557416129,47.484783611450275,47.251494772588515,47.03083327348031,46.9670041378374,47.149217595270194,47.3546489621489,47.35591095412518,47.366652329152316,47.324506954398274,47.522329695767205,47.90860073260076,48.3300364343634,48.53777152203086,48.819646309378534,49.2969215331285,49.68497354497356,49.755732797668266,49.645542550620696,49.79357309357307,50.08750763125757,50.16828434792718,50.1487104587799,50.24662258412257,50.30846467129363,50.44088501716705,50.448345670533136,50.402271012636845,50.14314422350132,50.00868448949841,49.78052861490358,49.67870392981498,49.66276930597576,49.50891406662674,49.473151433828406,49.450232883140956,49.43265282865276,49.54869899526756,49.68236210904472,49.80821632071624,49.747969991256966,49.72657490657483,49.77665452933305,49.72467573849149,49.8022502561295,49.691024778736534,49.55463225817379
88,53.47068579568581,57.85945004070005,59.331344118844115,57.030348239723246,55.68578449328448,53.92269790394787,53.67826254433394,52.62690781440776,51.39619058924613,50.636768925518965,49.75252987752992,49.84895112603451,50.2619395917473,49.9345212657713,49.24397334147343,49.03921480718365,48.4211942469296,47.99550321078104,47.39389311955105,47.587251221001246,47.618909045099535,47.4736229048729,47.19435353294042,47.09019001831491,47.37845319495307,47.59293932563151,47.5374805921101,47.32861340048829,47.418995866840575,47.52358821733811,47.41347368282839,47.309347336690955,47.117100492100334,46.772153989800884,46.42049159834854,46.505232216343124,46.83143541893521,47.04256702118522,47.466895473946515,47.565354980667244,47.753627391127175,47.78085911002562,47.68897821601291,47.59735623173104,47.63572740017167,47.575439958591964,47.5272408836237,47.635366851512494,47.65383712092874,47.59157794057775,47.53394143982363,47.52140117717029,47.58291299022421,47.5171041921041,47.56671004920993,47.512995759201,47.49951686552553,47.400865402158395,47.25737231224513,47.07553707095365
89,63.76491147741148,59.90034340659338,56.96629867046533,54.44828042328041,52.13500712250715,50.7625864875865,50.86345572417003,50.38796805046806,50.07245059467284,49.44274318274319,48.89586015836016,48.67069724257219,48.74013376224908,48.35104548229545,47.90456111789441,47.97389505748874,47.552316909669784,47.03361201555638,46.56092207013249,46.52138965201454,46.440598048335985,46.56593082843067,46.4846406009448,46.416808268891465,46.6599045584044,47.031665023010994,47.280340749784976,47.37090546688742,47.497898334105074,47.48858329941647,47.579724158756235,47.53820636828432,47.75122454705769,47.74526323349836,47.642338508052624,47.614587855559925,47.877750552750435,47.94546797013895,48.15112512131733,48.14636713980451,47.99176705182794,47.903764390371435,47.8229311601404,47.8037671818921,47.84802695247127,47.953796937764196,48.012784250816054,48.15171385327622,48.23337143770807,48.17173616198604,48.306281173437945,48.45014049340966,48.535971732669786,48.452213253139156,48.45935101935101,48.44935715739285,48.35753129261899,48.38117009108386,48.23352631361105,48.13013787138786
90,55.03879731379728,55.14583842083841,55.07216117216116,53.29373219373218,51.68501424501423,50.71099833808163,52.17495057852202,52.452396850834326,52.16294713516937,51.82699226699231,51.00234487734496,50.810957638041046,49.93120440812754,49.47962890284321,48.634319291819295,48.55285186457063,48.57911309823078,48.15215144937369,47.83069961227856,48.11710495523003,47.89025306703888,47.99544113294123,48.03281241705161,48.11090294736136,48.38872323972325,48.77357725963496,49.00761693724656,49.2763768969126,49.5786875640324,49.829895027811645,49.80217236467236,49.89847676917983,49.89098694515353,49.93600696688924,49.80392740857019,49.892684591642876,50.03610739860732,50.21311384765322,50.50350072529552,50.527112840862756,50.26508966417496,50.032541862898974,49.837424515622175,49.62509354071855,49.52363564419115,49.518816690555816,49.404738740377034,49.28466562372811,49.234899246633944,49.1258064713065,49.0929477203987,48.968308365423724,48.95127187627183,48.837046269916605,48.703764106264074,48.607996286121256,48.50443344829308,48.436309611525125,48.243147130647124,48.134433675892055
91,54.86241859991862,54.25206043956043,55.12090116673445,52.501349460724356,50.714336589336504,49.631508614841884,49.80803971161111,49.34463458994713,48.912379030434636,48.61031135531145,48.07189847189854,48.194403320445076,48.059036974421694,47.3682685039829,46.658734228734325,46.34514493030122,46.38601504704449,46.44735477999374,46.23775410749096,46.279719932844934,46.367388607864854,46.59122497872506,46.76034400382238,47.153342914801364,47.6597435897437,47.996383175229454,48.18276711285981,48.39578972614696,48.65380369949342,48.70478242436585,48.607808171517895,48.5272928749492,48.42515894599237,48.220882861691784,47.90658381301249,47.6915933218017,47.70620689370696,47.811064252511635,48.00747341452473,47.853130469067985,47.70048902091581,47.497714620036014,47.381069511883425,47.22036782661778,47.11779835390946,47.142019252888836,47.197048164601384,47.33404092049929,47.44836618408055,47.45210429385436,47.51840769071167,47.51172014417213,47.619838390121416,47.50112254857629,47.47527130277136,47.47748533708362,47.4552483416519,47.50984072600455,47.43752604112777,47.34386175552844
92,46.10963064713067,46.47349155474153,47.19702211368878,47.71609813797315,48.55015364265366,47.69844491927821,47.755174719460356,46.90764524827019,46.58401110206659,45.98599715099706,45.23994523994514,45.543320953737584,45.27345613787922,44.82253001628003,44.66350393433725,44.68771399318273,44.26278130910484,44.19961730656177,44.19051903262437,44.49756868131876,44.65925174913278,45.230173761423835,45.54079183698754,45.875176790801845,46.59943854293859,46.968026595911276,47.27503881577966,47.66206683528123,47.78668950781029,47.74557149640493,47.55232679506882,47.38175652472529,47.251630005796784,47.22212930043816,47.06133060061639,46.943707038845965,47.14234440484445,47.44393301630148,47.719889144568675,47.71363298738306,47.72749101621062,47.73500784929366,47.822754872173554,47.84378017815528,48.01725557364459,48.108998469324675,48.07147738982853,48.21551148504279,48.46421417773461,48.47970451770452,48.592995203779516,48.6606822931342,48.88869153208774,49.04895489455674,49.31725237725237,49.48314518649339,49.548521499618,49.80281110970768,49.90568929657917,49.86953712182887
93,54.941931216931216,56.02237230362236,55.01711097544431,53.999707468457515,54.4047466422467,54.79694580111254,55.97854308390031,56.299070894383476,55.3869765522544,55.15071225071224,54.05193325193326,53.7652010412427,53.15069033530574,52.41160532589107,51.78641602224938,51.30739627849006,50.66431264813616,50.6771774521774,50.29807478096947,50.17849816849812,49.82442462740079,49.91577589077587,49.65383509405247,49.122757046194494,49.23977167277162,49.39518428508814,49.51562768507214,49.62096724373507,49.852396916621025,50.07358092524759,50.15087242506598,50.21949531949533,50.22776066526065,50.266870316502704,49.992778795278824,49.92181493917607,49.86354183854187,49.84056147312725,50.02856581927095,49.97214044057796,50.039747436393824,49.935145090799885,49.95647994339858,49.86351484163987,49.81489282322619,49.78986768062855,49.71905508793812,49.84009483957405,50.04707686493408,50.09011813186819,50.1599281165458,50.164779984972306,50.34645093725283,50.3882488053785,50.48040487290495,50.49107824219437,50.39734628594283,50.32664852707962,50.19156603754067,49.98757054673729
94,50.54615893365891,51.331740944241,51.561918328585094,51.03841956654462,52.05312271062277,50.742782526115946,50.908719256933644,50.43000419719175,49.82809998643329,50.016362433862405,49.65838328338329,49.25517908017906,48.836716915563024,48.47114112739111,47.75104666937998,47.24708740333745,46.874026191673245,46.75290355220904,46.64015915858014,46.88104599104595,46.78723084675462,46.977580058829965,46.896633177611335,46.89996311558807,47.25975295075288,48.065997855420825,48.58159039177547,48.888669217687024,49.14422515543202,49.14400776692433,48.88204176349327,48.58970686431609,48.36900676483992,48.14177500059833,47.84917538810371,47.770804221498445,47.888035425535165,47.98349225092623,48.11801498596346,47.967662418599694,47.843302361594844,47.64024567804314,47.528580420440754,47.40116792929282,47.23304922443801,47.29514928509485,47.310248941365884,47.46597126831496,47.62149792762034,47.809525234025195,47.88031155482134,48.010853996430896,47.99185471237358,47.88899892973971,47.87278110778113,47.827348610384355,47.65722854143906,47.59184446619792,47.475967143340036,47.36578644349477
95,49.96206756206758,52.28557692307696,48.99005562338897,47.874185999186004,47.628690476190485,48.140845882512544,48.73661986161986,48.305573361823384,47.620857640302084,47.39938899063897,47.47414021164018,47.92907975512134,47.70598564540864,46.961800468050384,46.66072785239449,46.501317027879466,46.19346734420262,46.27976473115364,45.93282431506118,45.57291361416363,45.80806660270949,45.94653170903173,45.7516288864115,45.54771973782389,45.641125356125364,45.84707174947558,45.975859976785884,45.93450509477297,46.15498680757302,46.2862610229277,46.35046657345043,46.23195255265565,46.10506915923584,46.06049417630303,46.00612288505156,45.93589602270167,45.97197472197481,46.14594244692936,46.4492774438288,46.4495821886448,46.386204299314166,46.39748023140894,46.49545673964291,46.509528087653194,46.5494464794466,46.74642425810919,46.768680560967965,46.81137460147893,46.8187266909207,46.74676831501851,46.8397611466241,46.984890892583394,47.13586259128731,47.14782867167151,47.13354839604864,47.23884809800014,47.19369729523262,47.215412245800415,47.138925363713746,47.04509242300932
96,61.95241656491653,63.779232804232784,63.27367216117217,60.53552096052102,59.850705128205206,59.31978615520289,60.19756889935464,60.19517577330075,58.991244403744396,57.71829059829057,56.139204776704766,55.351696258987886,54.52891620487772,53.32039835164835,52.13848358431682,51.712380125661284,51.28990549211126,50.91332728485493,50.418662039714526,50.45678495115979,50.731793757388814,51.28449328449314,51.29540708888519,51.241534391534216,51.52722059422045,51.734703046241336,51.805646000090285,51.938619614512305,52.12832178995951,51.99900471442121,51.744272289836644,51.474272486772364,51.07011769095087,50.75750571596139,50.48392391999522,50.26762693325178,50.30029136279117,50.33653029475384,50.517262687454824,50.46053520553504,50.351651205614445,50.30372090431601,50.3839105876895,50.36182035557019,50.45574277574264,50.60470218187595,50.49535510785496,50.34324644298586,50.302937878447956,50.22302279202266,50.20527085478053,50.17086728264601,50.14867638476117,49.99659193686955,49.912239057238864,49.79805757238773,49.57464164328179,49.520799036531606,49.42273450811572,49.29604030999845
97,73.07283781033779,67.79754019129018,65.29474630307959,62.299685846560784,62.78310134310131,62.892489994573275,63.419501133786795,64.72809701872195,64.56120720842938,65.32918142043138,65.42428173678171,66.21894714082211,66.06679033217499,64.88915380254669,63.62551349884686,62.677741529304015,61.6634112619406,61.069110082304434,60.19463750187424,59.478689204314094,58.55505770684335,57.94609718984714,57.35875316310098,56.910215074277566,56.71560561660558,56.621291404464465,56.38409024103468,56.201388525495666,55.99325028419863,55.730710046126795,55.34145660194059,54.95765844398667,54.584787126453925,54.22885258804387,53.85288694110138,53.58142735608027,53.517024992025085,53.46630197288096,53.5980058284545,53.605524013023945,53.52354100280927,53.40738524042095,53.34141134489968,53.408324430199414,53.50128928684478,53.67853282989148,53.82175492946766,54.00042289886039,54.08549593830202,54.090996743996676,54.22181751618018,54.390938566419265,54.59251023260447,54.63702149188245,54.72981046731032,54.697122470783036,54.52598760076813,54.49218796050674,54.288038499478965,54.18822335843148
98,48.110337810337825,49.13721255596256,49.21668023334689,48.30452660765162,50.05270451770451,48.6684905372405,48.76273765916617,49.01651022588519,48.535286935286955,48.115181115181166,47.62508232508232,47.52701719576715,47.322521602329225,46.70525757311461,45.899307760141,45.884624287749205,45.49586475615876,45.52347374847363,45.346700351305515,45.46611747049243,45.714400546543374,46.32135549635546,46.68692201518278,47.05476593237007,47.716944647944615,48.19400711468017,48.36629622092584,48.62397541281468,48.92927104823653,49.11165700040695,49.25008730815179,49.250956450956444,49.35356664939997,49.481653259594346,49.40258096400941,49.448527025957446,49.562626500126406,49.76932609301021,49.79775641025634,49.60576783170524,49.31792526579104,49.07623287206614,48.95030903635546,48.75430992618484,48.65788518066286,48.65623053476305,48.77017228240621,48.92316765025088,49.04413286071438,49.042593203093084,49.05383707614086,49.20635116308184,49.36411744265509,49.49435965269289,49.42669931919925,49.3133209961334,49.24226520717735,49.19657181101129,49.06728923932294,49.000524691357846
99,61.52773707773708,59.61152319902325,58.76037342287348,56.53441188441191,55.041091778591756,53.4073090489757,53.76382783882783,53.52062728937733,52.89338850449964,52.6475686813187,52.43478095978099,52.67129841609011,52.30830398234248,51.37656876853306,50.516781983448666,50.146888354700806,49.530417295123115,49.076145536562095,48.70817133646073,48.64729751729745,48.60284972963536,48.697893310393184,48.86432774150153,48.963234932505614,49.24962474562461,49.692528216085776,49.80137682961742,49.54289838798753,49.5681281840763,49.69448870573856,49.632343403311076,49.58610856735853,49.483015903849186,49.465544422897324,49.095982324553745,48.97845865554199,49.09726787226785,49.06886379945589,49.25777827348336,49.2140716575091,48.93764927484434,48.67280401476823,48.64630162042943,48.57960569523061,48.498024465246594,48.384435773566146,48.32645253682483,48.22561908577526,48.32055113254083,48.295725172975104,48.26997663737847,48.26108361901619,48.292651914821626,48.22156508614834,48.17800227550221,48.101193565032766,47.98871930538586,48.02440721794159,47.95862263129202,47.85026819630975
