"[28, 16, 30, 43, 45, 29, 22, 18, 38, 59, 66, 20, 20, 4, 53]",60.95017208672084
"[25, 12, 29, 48, 44, 26, 20, 19, 35, 58, 63, 22, 17, 4, 54]",73.80659180216789
"[35, 16, 30, 43, 44, 30, 14, 18, 39, 58, 69, 27, 22, 4, 51]",84.0395596205959
"[27, 15, 31, 48, 44, 29, 21, 15, 38, 60, 64, 19, 21, 3, 60]",62.05627981029825
"[27, 17, 28, 48, 46, 30, 19, 18, 36, 61, 69, 20, 23, 3, 47]",63.62244444444427
"[32, 15, 32, 44, 46, 32, 21, 21, 35, 58, 69, 20, 21, 3, 53]",67.00083672086697
"[29, 15, 28, 48, 49, 27, 17, 16, 37, 56, 67, 24, 17, 4, 54]",65.87879268292681
"[29, 15, 27, 48, 44, 26, 21, 20, 38, 62, 69, 21, 20, 3, 48]",68.50672052845528
"[26, 12, 25, 47, 42, 27, 21, 26, 42, 62, 69, 19, 21, 3, 54]",63.78953692411919
"[25, 15, 31, 43, 42, 27, 16, 15, 37, 60, 69, 20, 22, 2, 52]",73.2310287940378
"[28, 19, 29, 48, 43, 28, 21, 15, 37, 61, 65, 20, 22, 3, 54]",60.828935298103005
"[27, 22, 27, 48, 52, 31, 18, 16, 38, 54, 64, 21, 19, 5, 56]",61.8710027100271
"[29, 12, 29, 36, 48, 30, 21, 19, 40, 61, 68, 23, 20, 2, 56]",65.8069227642275
"[28, 16, 29, 47, 45, 28, 20, 20, 39, 61, 68, 20, 20, 2, 54]",56.98761382113808
"[28, 18, 27, 46, 44, 27, 21, 19, 40, 63, 66, 19, 21, 3, 54]",57.67715989159877
"[27, 17, 27, 48, 42, 25, 19, 21, 38, 60, 67, 22, 22, 2, 56]",62.00687432249327
"[32, 14, 32, 36, 42, 27, 21, 18, 35, 57, 68, 22, 20, 3, 54]",80.19254539295368
"[25, 17, 27, 43, 51, 27, 20, 24, 30, 61, 67, 19, 22, 3, 55]",71.66598814363148
"[25, 12, 26, 43, 45, 31, 22, 19, 38, 59, 65, 24, 14, 3, 55]",65.18731944444455
"[27, 14, 25, 41, 47, 28, 19, 19, 37, 61, 70, 19, 22, 5, 55]",72.86394275067755
"[25, 17, 29, 48, 46, 25, 22, 17, 41, 55, 61, 21, 20, 5, 58]",56.82492039295395
"[25, 12, 28, 48, 42, 25, 22, 15, 42, 58, 66, 19, 18, 5, 52]",65.85149356368565
"[25, 18, 30, 48, 44, 34, 20, 15, 39, 60, 63, 19, 22, 7, 61]",76.61559959349579
"[27, 22, 25, 48, 42, 31, 19, 15, 38, 65, 56, 19, 19, 3, 65]",57.15546002710024
"[25, 18, 26, 48, 43, 31, 22, 15, 37, 60, 71, 20, 23, 1, 45]",61.259054200541904
"[25, 21, 30, 47, 44, 31, 22, 18, 42, 52, 69, 20, 18, 5, 58]",61.30191192411949
"[28, 19, 28, 48, 49, 32, 18, 16, 41, 51, 67, 19, 20, 5, 57]",66.42090955284544
"[25, 21, 26, 48, 42, 29, 19, 15, 40, 60, 58, 19, 22, 4, 55]",61.77822865853618
"[25, 12, 27, 48, 42, 28, 19, 15, 42, 60, 73, 19, 20, 1, 56]",60.22096985094854
"[25, 22, 30, 48, 42, 29, 21, 15, 38, 64, 69, 19, 17, 3, 59]",59.68839668021681
"[25, 16, 22, 48, 42, 36, 16, 15, 42, 61, 69, 19, 21, 4, 56]",55.7970243902441
"[25, 20, 26, 48, 45, 27, 20, 15, 40, 59, 57, 21, 20, 4, 63]",55.26768665311649
"[25, 12, 28, 47, 42, 29, 22, 15, 42, 65, 69, 19, 21, 4, 60]",69.94642615176156
"[25, 18, 25, 44, 49, 35, 17, 16, 41, 59, 68, 20, 19, 4, 58]",56.47412398373991
"[28, 21, 29, 48, 42, 27, 20, 18, 39, 61, 66, 19, 21, 4, 56]",55.66305047425477
"[25, 15, 28, 48, 42, 25, 22, 17, 42, 52, 60, 21, 21, 6, 62]",56.5887537262874
"[25, 14, 32, 43, 42, 29, 22, 18, 31, 51, 65, 19, 22, 4, 57]",67.4406161924119
"[25, 20, 26, 48, 47, 36, 16, 20, 39, 58, 67, 19, 20, 7, 58]",56.74664532520316
"[25, 16, 26, 45, 48, 30, 22, 17, 41, 58, 66, 19, 22, 6, 49]",66.57883333333356
"[25, 17, 27, 48, 42, 25, 22, 15, 42, 58, 74, 19, 23, 4, 54]",58.588486449864526
"[25, 16, 27, 48, 43, 25, 22, 17, 42, 51, 56, 21, 20, 7, 65]",54.28955555555553
"[25, 17, 26, 48, 42, 25, 22, 15, 42, 51, 66, 19, 20, 6, 50]",60.80141734417342
"[25, 18, 30, 48, 44, 33, 22, 15, 39, 56, 57, 19, 22, 8, 65]",52.80919579945793
"[25, 22, 27, 48, 42, 31, 22, 15, 42, 59, 56, 19, 20, 5, 65]",59.63914905149079
"[25, 17, 27, 48, 42, 25, 22, 15, 41, 54, 70, 20, 23, 3, 45]",62.136017953929525
"[25, 18, 28, 48, 43, 28, 22, 15, 42, 51, 56, 21, 20, 8, 65]",58.98782892953955
"[26, 18, 30, 48, 44, 32, 18, 18, 42, 51, 59, 19, 23, 8, 60]",53.130443428184094
"[25, 22, 29, 48, 42, 31, 22, 15, 42, 54, 56, 19, 22, 6, 65]",54.456056571815566
"[25, 12, 29, 48, 42, 28, 21, 15, 42, 59, 66, 21, 20, 2, 60]",67.57187364498638
"[25, 21, 26, 48, 42, 29, 22, 15, 42, 51, 56, 19, 13, 5, 65]",66.39880487804894
"[25, 14, 22, 48, 42, 42, 15, 15, 42, 54, 59, 19, 20, 6, 65]",55.81621917344167
"[25, 14, 28, 48, 42, 25, 22, 15, 42, 61, 56, 21, 21, 4, 65]",53.39900745257456
"[25, 12, 26, 48, 42, 27, 22, 15, 42, 63, 62, 19, 21, 6, 65]",56.915573509485405
"[25, 19, 27, 47, 51, 28, 22, 15, 42, 56, 56, 20, 18, 8, 63]",56.00283130081304
"[26, 22, 32, 48, 42, 27, 20, 18, 42, 59, 61, 19, 21, 6, 64]",56.42743326558263
"[25, 13, 30, 48, 42, 25, 22, 15, 42, 51, 56, 20, 20, 8, 65]",51.97040481029827
"[25, 15, 32, 48, 42, 27, 22, 17, 38, 51, 56, 19, 23, 8, 62]",56.80440582655823
"[25, 16, 30, 48, 42, 28, 19, 15, 42, 51, 56, 19, 19, 8, 65]",53.406102303523156
"[25, 19, 26, 47, 45, 28, 22, 16, 42, 53, 64, 19, 23, 8, 52]",57.12493224932245
"[25, 16, 29, 48, 42, 25, 22, 15, 42, 53, 68, 19, 22, 4, 65]",56.313245934959404
"[25, 14, 24, 48, 42, 28, 22, 15, 42, 51, 56, 21, 19, 8, 65]",51.200758807587896
"[25, 19, 22, 48, 42, 39, 12, 15, 42, 51, 60, 19, 21, 6, 50]",57.376099932249275
"[25, 15, 29, 48, 45, 43, 21, 15, 42, 51, 56, 19, 19, 7, 65]",51.38771172086724
"[25, 20, 27, 48, 42, 33, 22, 15, 42, 51, 56, 19, 20, 8, 65]",50.11378184281839
"[25, 14, 25, 48, 42, 43, 21, 15, 40, 51, 56, 19, 22, 6, 65]",61.33216429539299
"[25, 15, 22, 48, 45, 43, 22, 15, 42, 51, 56, 20, 22, 8, 65]",51.671385162601815
"[27, 16, 26, 48, 42, 34, 16, 15, 42, 51, 56, 19, 23, 8, 65]",51.80867208672072
"[27, 17, 22, 48, 42, 42, 22, 15, 42, 51, 56, 19, 19, 7, 65]",50.561587398374044
"[25, 13, 29, 48, 42, 40, 18, 15, 42, 52, 60, 21, 20, 3, 64]",64.94190548780492
"[25, 15, 22, 48, 42, 43, 19, 15, 41, 51, 56, 19, 19, 6, 65]",59.93619105691065
"[25, 12, 22, 48, 42, 43, 14, 15, 42, 51, 56, 19, 19, 8, 65]",48.63701151761511
"[25, 12, 24, 48, 42, 25, 22, 15, 42, 52, 56, 19, 19, 7, 65]",52.628165311653106
"[25, 12, 22, 48, 42, 33, 17, 15, 42, 51, 56, 19, 20, 8, 65]",53.47460941734419
"[25, 16, 27, 48, 50, 40, 22, 15, 42, 51, 56, 19, 19, 8, 65]",50.19511686991891
"[25, 15, 22, 48, 44, 35, 14, 17, 42, 51, 56, 19, 19, 8, 65]",51.86781504065052
"[25, 12, 22, 48, 42, 43, 22, 15, 42, 51, 56, 19, 20, 8, 65]",52.23830250677499
"[25, 16, 28, 48, 42, 34, 19, 15, 42, 51, 56, 19, 23, 8, 65]",52.73876355013555
"[25, 12, 28, 48, 42, 43, 19, 15, 42, 51, 56, 19, 18, 8, 65]",50.75638448509491
"[25, 15, 22, 48, 42, 38, 20, 15, 42, 51, 56, 19, 23, 8, 65]",55.43001219512209
"[25, 14, 30, 48, 42, 43, 12, 15, 42, 51, 58, 19, 20, 4, 65]",52.548999661246526
"[25, 13, 22, 48, 43, 43, 22, 15, 42, 51, 58, 21, 19, 7, 65]",50.08014430894301
"[25, 20, 22, 48, 43, 43, 12, 15, 42, 51, 56, 19, 22, 6, 65]",53.431482046070755
"[25, 12, 22, 48, 47, 43, 12, 15, 42, 54, 57, 19, 18, 5, 65]",52.649138211382166
"[27, 12, 22, 48, 42, 39, 12, 15, 42, 51, 56, 19, 20, 8, 65]",50.786995596206026
"[25, 12, 22, 48, 42, 43, 12, 15, 36, 51, 56, 19, 18, 8, 65]",50.69124085365851
"[25, 12, 22, 48, 47, 43, 17, 15, 42, 51, 56, 19, 23, 7, 65]",51.40852168021695
"[29, 13, 22, 48, 42, 40, 12, 15, 42, 51, 56, 19, 22, 8, 65]",51.61366429539279
"[30, 12, 22, 48, 42, 43, 12, 15, 42, 51, 56, 19, 16, 7, 65]",50.23566971544739
"[25, 16, 26, 48, 42, 43, 15, 15, 42, 51, 56, 20, 19, 5, 65]",53.56561754742564
"[25, 12, 22, 48, 42, 43, 15, 15, 40, 51, 56, 19, 23, 6, 64]",51.07337974254741
"[25, 13, 22, 48, 42, 43, 14, 15, 42, 51, 56, 19, 19, 7, 65]",50.85910027100251
"[26, 12, 22, 48, 42, 43, 15, 15, 42, 51, 56, 19, 18, 8, 65]",50.90986178861766
"[25, 16, 22, 48, 42, 43, 12, 15, 42, 51, 56, 19, 19, 7, 65]",51.01339769647701
"[26, 14, 23, 48, 43, 43, 22, 15, 42, 51, 56, 19, 21, 6, 65]",50.23413855013548
"[27, 12, 22, 48, 47, 43, 12, 15, 42, 51, 56, 19, 19, 8, 65]",50.142511856368706
"[25, 14, 22, 48, 42, 43, 17, 15, 42, 51, 58, 19, 19, 8, 65]",50.152359078590834
"[25, 16, 25, 48, 42, 43, 15, 15, 42, 51, 56, 19, 23, 7, 65]",51.70800440379425
"[25, 12, 22, 48, 42, 43, 12, 15, 42, 51, 56, 19, 21, 6, 65]",51.703762195122025
"[25, 12, 22, 48, 42, 43, 12, 15, 42, 51, 56, 19, 19, 5, 65]",50.161076219512125
"[25, 14, 22, 48, 42, 43, 12, 15, 42, 51, 56, 19, 19, 5, 65]",55.27190108401097
"[25, 13, 22, 48, 42, 43, 12, 15, 40, 51, 63, 19, 20, 4, 65]",51.23201388888897
"[25, 15, 22, 48, 45, 43, 12, 15, 40, 51, 56, 19, 17, 5, 65]",49.582063346883274
"[25, 12, 22, 48, 44, 43, 12, 15, 42, 58, 57, 19, 20, 4, 65]",51.41189769647709
"[25, 12, 22, 48, 42, 42, 12, 15, 42, 51, 56, 19, 20, 6, 65]",50.41861077235768
"[25, 13, 22, 48, 42, 43, 12, 15, 41, 51, 56, 19, 16, 7, 65]",52.03818529810275
"[25, 14, 22, 48, 42, 43, 12, 15, 42, 51, 56, 19, 23, 4, 65]",50.131304200541905
"[27, 13, 22, 48, 42, 43, 12, 15, 37, 51, 56, 19, 20, 7, 65]",56.56943529810276
"[29, 12, 22, 48, 42, 43, 12, 15, 42, 51, 56, 19, 15, 5, 65]",52.70566192411915
"[25, 17, 22, 48, 42, 43, 12, 15, 42, 52, 56, 19, 19, 8, 65]",52.3069857723577
"[25, 12, 22, 48, 42, 43, 12, 15, 41, 55, 56, 19, 22, 6, 64]",51.34265243902437
"[25, 14, 22, 48, 42, 43, 14, 15, 42, 51, 56, 19, 21, 5, 65]",50.03968834688338
"[25, 12, 22, 48, 42, 43, 12, 15, 42, 51, 56, 19, 20, 8, 65]",51.503894308943
"[25, 17, 22, 48, 42, 43, 12, 15, 42, 51, 57, 19, 20, 6, 65]",50.81565989159894
"[26, 14, 22, 48, 42, 43, 21, 15, 42, 51, 56, 19, 21, 5, 65]",50.54174728997274
"[28, 12, 22, 48, 44, 43, 12, 15, 42, 51, 57, 19, 21, 6, 65]",50.6353126693769
"[25, 16, 22, 48, 42, 43, 12, 15, 42, 51, 60, 19, 19, 8, 65]",49.38469850948495
"[25, 16, 22, 48, 42, 43, 12, 15, 42, 51, 56, 19, 22, 6, 65]",52.3767835365856
"[25, 13, 22, 48, 42, 43, 15, 15, 42, 51, 56, 19, 22, 6, 65]",52.49368123306232
"[25, 12, 22, 48, 42, 43, 12, 15, 42, 52, 56, 19, 16, 4, 65]",50.470772018970024
"[25, 14, 22, 48, 42, 43, 12, 15, 42, 51, 56, 19, 20, 7, 65]",52.81348272357736
"[25, 13, 22, 48, 42, 43, 12, 15, 42, 51, 61, 19, 21, 3, 65]",53.74899762872627
"[25, 12, 22, 48, 45, 43, 12, 15, 39, 51, 56, 19, 15, 5, 65]",60.05373102981005
"[25, 14, 22, 48, 42, 43, 15, 15, 42, 59, 57, 19, 20, 7, 65]",50.618577913278884
"[25, 14, 22, 48, 42, 43, 12, 15, 40, 51, 58, 19, 20, 4, 65]",49.89890481029831
"[25, 15, 22, 48, 42, 43, 12, 15, 42, 51, 56, 19, 19, 5, 65]",51.559038279132736
"[25, 16, 22, 48, 42, 43, 12, 15, 42, 53, 56, 19, 21, 4, 65]",49.08702811653111
"[25, 15, 22, 48, 42, 43, 12, 15, 34, 51, 59, 19, 18, 4, 65]",49.924239837398304
"[25, 13, 22, 48, 42, 43, 12, 15, 42, 51, 56, 19, 15, 4, 65]",59.714646341463315
"[25, 19, 22, 48, 42, 43, 12, 15, 42, 56, 56, 19, 18, 8, 65]",50.086582655826454
"[25, 12, 22, 48, 42, 43, 12, 15, 42, 57, 56, 19, 18, 6, 65]",50.22212262872629
"[25, 12, 22, 48, 42, 43, 14, 15, 42, 53, 56, 19, 22, 6, 65]",49.85617716802177
"[25, 12, 22, 48, 42, 43, 12, 15, 42, 51, 56, 19, 21, 8, 65]",49.84225000000003
"[25, 17, 22, 48, 42, 43, 12, 15, 42, 51, 58, 19, 20, 6, 65]",49.96801626016254
"[27, 14, 22, 48, 42, 43, 14, 15, 42, 53, 57, 19, 20, 4, 65]",49.44780453929531
"[26, 14, 22, 48, 42, 43, 15, 15, 42, 51, 60, 19, 22, 5, 65]",51.059477303522854
"[25, 16, 22, 48, 42, 43, 12, 15, 42, 53, 61, 19, 20, 8, 65]",51.83349322493234
"[25, 16, 22, 48, 44, 43, 12, 15, 42, 51, 57, 19, 19, 6, 65]",50.31857486449872
"[25, 14, 22, 48, 42, 43, 17, 15, 42, 53, 56, 19, 21, 6, 65]",49.49749898373989
"[25, 12, 22, 48, 42, 43, 12, 15, 42, 52, 56, 19, 18, 5, 65]",59.23924017615189
"[25, 14, 22, 48, 42, 43, 12, 15, 42, 53, 57, 19, 20, 8, 65]",49.53139295392962
"[25, 14, 22, 48, 42, 43, 19, 15, 42, 51, 58, 19, 21, 5, 65]",53.38732723577196
"[25, 12, 22, 48, 42, 43, 12, 15, 38, 51, 56, 19, 22, 6, 65]",59.359385162601676
"[25, 16, 22, 48, 42, 43, 18, 15, 42, 55, 58, 19, 19, 8, 65]",50.13842479674801
"[25, 16, 22, 48, 42, 43, 12, 15, 39, 51, 60, 19, 21, 3, 65]",51.57127574525729
"[25, 15, 22, 48, 42, 43, 12, 15, 42, 53, 56, 19, 22, 2, 65]",50.24171375338761
"[25, 17, 22, 48, 42, 43, 12, 15, 42, 54, 58, 19, 18, 6, 65]",52.668857384823816
"[25, 15, 22, 48, 42, 43, 12, 15, 33, 51, 60, 19, 18, 5, 65]",60.66708638211391
"[25, 14, 22, 48, 42, 43, 13, 15, 41, 53, 56, 19, 20, 4, 65]",59.467290650406554
"[25, 19, 22, 48, 42, 43, 13, 15, 42, 57, 57, 19, 21, 8, 65]",50.78170494579954
"[25, 12, 22, 48, 42, 43, 12, 15, 42, 56, 56, 19, 16, 6, 65]",51.82725101626005
"[25, 12, 22, 48, 42, 43, 14, 15, 42, 54, 57, 19, 18, 8, 65]",52.1217401761519
"[25, 12, 22, 48, 42, 43, 12, 15, 42, 51, 58, 19, 21, 4, 65]",50.99404302168008
"[26, 12, 22, 48, 42, 43, 14, 15, 42, 51, 59, 19, 20, 6, 65]",51.20671002710027
"[26, 14, 22, 48, 42, 43, 12, 15, 42, 57, 58, 19, 19, 6, 65]",51.435018292683075
"[25, 16, 22, 48, 42, 43, 15, 15, 42, 52, 61, 19, 18, 5, 65]",51.650953590786116
"[25, 12, 22, 48, 42, 43, 13, 15, 42, 52, 63, 19, 21, 7, 65]",51.593228319783144
"[25, 13, 22, 48, 44, 43, 13, 15, 41, 51, 60, 19, 16, 6, 65]",49.894864837398295
"[25, 15, 22, 48, 42, 43, 16, 15, 42, 57, 56, 19, 19, 6, 65]",50.25517953929549
"[25, 12, 22, 42, 42, 43, 12, 15, 42, 52, 56, 19, 21, 5, 65]",53.23402947154487
"[25, 14, 22, 48, 42, 43, 12, 15, 42, 54, 59, 19, 21, 7, 65]",50.1218665311651
"[25, 16, 22, 48, 42, 43, 22, 15, 40, 57, 56, 21, 19, 8, 65]",51.60844817073173
"[25, 16, 22, 48, 42, 43, 14, 15, 37, 51, 56, 19, 22, 6, 65]",51.929113482384984
"[25, 17, 22, 48, 42, 43, 17, 15, 42, 54, 58, 19, 18, 8, 65]",49.621595867208576
"[25, 15, 22, 48, 42, 40, 17, 15, 37, 51, 60, 19, 20, 3, 65]",53.90897289972893
"[25, 16, 22, 48, 42, 43, 13, 15, 40, 55, 56, 19, 22, 6, 65]",48.54614600271012
"[25, 14, 22, 48, 42, 43, 13, 15, 42, 54, 57, 19, 19, 7, 65]",56.19816700542002
"[25, 15, 22, 48, 42, 39, 14, 15, 39, 51, 56, 19, 20, 7, 65]",56.01735027100264
"[25, 15, 22, 48, 42, 43, 14, 15, 38, 55, 56, 19, 21, 4, 62]",56.33251388888904
"[26, 13, 22, 48, 42, 43, 14, 15, 42, 56, 57, 19, 23, 6, 65]",49.01047594850969
"[25, 17, 22, 48, 42, 43, 15, 15, 40, 56, 56, 19, 17, 6, 65]",54.393713414634064
"[25, 13, 22, 48, 42, 41, 14, 15, 42, 53, 57, 19, 17, 8, 65]",51.53542649051475
"[25, 13, 22, 48, 42, 43, 15, 15, 36, 53, 58, 19, 20, 5, 65]",51.50176998644987
"[26, 15, 22, 48, 42, 43, 16, 15, 42, 51, 57, 19, 20, 6, 65]",51.56701084010853
"[25, 14, 22, 48, 42, 43, 12, 15, 42, 55, 58, 19, 21, 6, 65]",52.47225948509508
"[25, 15, 22, 48, 42, 43, 16, 15, 41, 58, 56, 19, 18, 7, 65]",53.620111788618004
"[25, 12, 22, 48, 42, 43, 18, 15, 42, 54, 65, 19, 21, 6, 65]",51.63952642276425
"[26, 12, 22, 48, 42, 43, 16, 15, 39, 51, 57, 19, 15, 6, 65]",60.89274796747971
"[25, 16, 22, 48, 42, 43, 15, 15, 42, 60, 56, 19, 18, 6, 65]",47.85176795392919
"[25, 12, 22, 37, 42, 43, 12, 15, 40, 53, 56, 19, 21, 6, 65]",51.38304573170717
"[25, 15, 22, 48, 42, 43, 14, 15, 42, 55, 60, 19, 22, 5, 65]",48.7623204607046
"[25, 15, 22, 48, 42, 43, 19, 15, 42, 62, 56, 22, 19, 7, 65]",50.91116226287248
"[25, 17, 22, 48, 42, 43, 14, 15, 38, 54, 56, 19, 19, 6, 65]",51.400302845528415
"[25, 17, 22, 48, 42, 43, 14, 15, 42, 57, 57, 19, 18, 6, 65]",51.16816023035227
"[25, 14, 22, 48, 42, 38, 16, 15, 37, 51, 56, 19, 19, 4, 65]",61.18074762872655
"[25, 16, 22, 48, 42, 42, 16, 15, 39, 56, 56, 19, 18, 8, 65]",49.31098170731708
"[25, 13, 22, 48, 42, 43, 19, 15, 42, 56, 56, 19, 23, 5, 65]",51.048556233062314
"[25, 16, 22, 48, 42, 35, 17, 15, 42, 51, 56, 19, 21, 8, 65]",49.44471476964793
"[25, 12, 22, 48, 42, 41, 16, 15, 40, 52, 56, 19, 18, 7, 61]",51.00038143631432
"[25, 12, 22, 48, 42, 43, 15, 15, 42, 56, 58, 19, 20, 4, 65]",50.55593123306218
"[25, 19, 22, 44, 42, 43, 18, 15, 39, 56, 56, 19, 21, 6, 63]",51.50901761517591
"[25, 15, 22, 45, 42, 41, 16, 15, 42, 51, 56, 20, 23, 4, 65]",50.61819207317056
"[25, 15, 22, 48, 42, 43, 17, 15, 38, 54, 56, 19, 19, 7, 65]",51.71793631436331
"[25, 18, 22, 48, 42, 43, 14, 15, 40, 51, 56, 19, 20, 6, 65]",50.189767953929476
"[25, 14, 22, 48, 42, 43, 15, 15, 42, 54, 57, 19, 22, 5, 65]",50.27180589430919
"[25, 14, 22, 48, 42, 42, 17, 15, 39, 62, 56, 19, 20, 7, 65]",49.93888075880769
"[25, 17, 22, 48, 42, 43, 19, 15, 41, 55, 58, 21, 21, 7, 65]",51.58864769647685
"[25, 12, 22, 48, 42, 43, 17, 15, 39, 51, 56, 19, 23, 6, 65]",59.935396002710014
"[25, 17, 22, 48, 42, 43, 15, 15, 42, 63, 56, 19, 18, 6, 65]",52.03233536585375
"[25, 14, 22, 44, 42, 42, 12, 15, 38, 54, 56, 19, 19, 6, 65]",51.94169241192403
"[25, 16, 22, 48, 42, 43, 17, 15, 40, 57, 57, 19, 22, 4, 65]",50.328628048780544
"[25, 14, 22, 48, 42, 43, 16, 15, 42, 63, 56, 21, 20, 6, 65]",49.27709688346873
"[25, 15, 22, 48, 42, 43, 13, 15, 40, 55, 56, 19, 16, 6, 65]",51.74633197831977
"[25, 13, 22, 48, 42, 43, 15, 15, 42, 58, 57, 19, 21, 5, 65]",49.88264972899733
"[25, 14, 22, 48, 42, 40, 12, 15, 39, 53, 56, 19, 19, 7, 65]",50.703804878048686
"[26, 15, 22, 48, 42, 41, 17, 15, 39, 55, 56, 19, 17, 8, 65]",52.518749322493214
"[25, 14, 22, 48, 42, 43, 18, 15, 42, 56, 56, 19, 23, 5, 65]",49.6839607046071
"[25, 17, 22, 48, 42, 36, 19, 15, 42, 51, 56, 19, 22, 6, 65]",49.526782859078295
"[26, 14, 22, 48, 42, 39, 14, 15, 42, 51, 56, 19, 15, 8, 65]",52.287714092140966
"[25, 12, 22, 48, 42, 43, 18, 15, 42, 56, 60, 19, 21, 7, 65]",51.72452472899746
"[25, 14, 22, 45, 42, 43, 18, 15, 39, 56, 56, 19, 23, 5, 61]",49.89127540650403
"[25, 17, 22, 46, 42, 42, 17, 15, 42, 53, 56, 20, 23, 3, 65]",50.47371883468856
"[25, 15, 22, 48, 42, 43, 14, 15, 42, 52, 56, 19, 19, 8, 65]",51.472486788617836
"[25, 16, 22, 48, 42, 43, 13, 15, 38, 56, 56, 20, 21, 6, 65]",51.64382994579952
"[25, 14, 22, 48, 42, 43, 18, 15, 41, 53, 57, 20, 22, 5, 65]",50.35224830623316
"[25, 14, 22, 48, 42, 43, 18, 15, 41, 65, 56, 19, 21, 5, 65]",51.26832181571799
"[25, 18, 22, 46, 42, 43, 18, 15, 41, 55, 57, 20, 20, 7, 65]",50.9607283197832
"[25, 18, 22, 48, 42, 43, 15, 15, 41, 55, 56, 19, 23, 6, 65]",51.294739498645114
"[25, 16, 22, 48, 42, 43, 18, 15, 42, 64, 56, 19, 18, 6, 65]",49.77001998644974
"[25, 15, 22, 48, 42, 42, 13, 15, 38, 51, 56, 19, 18, 6, 65]",50.68556842818443
"[25, 15, 22, 48, 42, 43, 17, 15, 39, 58, 56, 19, 22, 5, 65]",51.684954945799355
"[25, 15, 22, 48, 42, 43, 15, 15, 42, 62, 56, 19, 21, 6, 65]",50.89766192411921
"[25, 13, 22, 48, 42, 40, 17, 15, 42, 51, 56, 19, 15, 6, 65]",59.811018292683045
"[25, 16, 22, 48, 42, 43, 18, 15, 42, 56, 56, 19, 21, 7, 65]",50.55960501355005
"[25, 15, 22, 48, 42, 43, 12, 15, 40, 54, 56, 19, 20, 6, 65]",51.97739871273709
"[27, 15, 22, 48, 42, 43, 14, 15, 40, 55, 56, 19, 19, 6, 65]",50.01929776422756
"[25, 17, 22, 48, 42, 43, 12, 15, 42, 58, 56, 19, 18, 5, 65]",51.22798644986447
"[25, 16, 22, 48, 42, 40, 18, 15, 39, 51, 56, 20, 21, 5, 65]",49.83626727642292
"[28, 16, 22, 48, 42, 42, 13, 15, 39, 53, 56, 19, 15, 6, 65]",51.15016700542006
"[25, 13, 22, 48, 42, 43, 19, 15, 42, 57, 57, 19, 22, 8, 65]",53.065307588075676
"[25, 12, 22, 47, 42, 43, 16, 15, 42, 56, 56, 19, 23, 5, 62]",51.1148556910568
"[25, 15, 22, 48, 42, 43, 15, 15, 42, 57, 56, 20, 20, 8, 65]",49.65008909214109
"[25, 15, 22, 48, 42, 43, 15, 15, 42, 52, 56, 19, 21, 8, 65]",49.728965447154444
"[26, 13, 22, 48, 42, 43, 16, 15, 39, 58, 56, 20, 21, 6, 65]",48.90558299458011
"[25, 14, 22, 48, 42, 43, 18, 15, 40, 56, 57, 19, 20, 5, 65]",52.440189363143624
"[25, 14, 22, 48, 42, 43, 17, 15, 42, 62, 56, 19, 21, 5, 65]",52.345683943089384
"[25, 15, 22, 45, 42, 43, 14, 15, 42, 56, 61, 19, 19, 7, 65]",50.48534112466138
"[25, 21, 22, 48, 42, 42, 12, 15, 42, 58, 56, 22, 21, 6, 65]",50.82179844173428
"[25, 14, 22, 48, 42, 43, 19, 15, 42, 62, 56, 19, 18, 6, 65]",51.27425372628728
"[25, 16, 22, 48, 42, 41, 15, 15, 39, 51, 56, 19, 18, 6, 65]",48.376021680216674
"[25, 14, 22, 48, 42, 43, 15, 15, 40, 58, 58, 19, 20, 7, 65]",50.58894546070465
"[25, 15, 22, 48, 42, 43, 16, 15, 42, 58, 56, 20, 22, 6, 65]",50.14295867208678
"[25, 15, 22, 48, 42, 41, 20, 15, 41, 51, 56, 19, 20, 6, 65]",60.768866869918845
"[25, 18, 22, 48, 42, 43, 20, 15, 42, 54, 56, 19, 19, 7, 65]",49.468376355013575
"[25, 16, 22, 48, 42, 43, 16, 15, 39, 51, 56, 19, 21, 5, 65]",50.16603421409217
"[26, 16, 22, 48, 42, 43, 14, 15, 40, 55, 56, 19, 22, 5, 65]",50.07568563685632
"[25, 16, 22, 48, 42, 43, 12, 15, 42, 56, 56, 20, 16, 4, 65]",51.17091700541994
"[25, 14, 22, 48, 42, 41, 15, 15, 37, 51, 56, 21, 19, 7, 65]",50.32737906504054
"[29, 17, 22, 48, 42, 43, 15, 15, 35, 56, 56, 19, 21, 4, 65]",49.32180928184279
"[25, 16, 22, 48, 42, 43, 16, 15, 42, 59, 56, 20, 23, 8, 65]",49.86094546070437
"[25, 13, 22, 43, 42, 43, 16, 15, 42, 57, 56, 19, 17, 6, 64]",51.56821917344156
"[25, 14, 22, 48, 42, 43, 14, 15, 42, 59, 56, 19, 18, 8, 65]",49.76084180216756
"[25, 15, 22, 48, 42, 43, 16, 15, 41, 57, 56, 19, 21, 7, 65]",48.18180352303538
"[26, 12, 22, 48, 42, 43, 19, 15, 42, 57, 56, 20, 20, 6, 65]",51.07944817073155
"[25, 15, 22, 48, 42, 43, 15, 15, 42, 58, 57, 19, 18, 5, 65]",52.32194850948519
"[25, 14, 22, 48, 42, 43, 16, 15, 42, 60, 56, 19, 21, 8, 65]",51.04270121951209
"[25, 12, 22, 48, 42, 43, 13, 15, 41, 56, 60, 19, 20, 6, 65]",50.326712737127245
"[26, 12, 22, 48, 42, 43, 15, 15, 40, 55, 56, 22, 17, 6, 65]",50.69648238482378
"[25, 13, 22, 48, 42, 43, 17, 15, 42, 57, 56, 19, 19, 6, 65]",52.8126500677509
"[25, 17, 22, 48, 42, 39, 17, 15, 39, 52, 56, 19, 20, 6, 65]",53.36187059620594
"[25, 15, 22, 48, 42, 43, 14, 15, 42, 56, 59, 19, 19, 8, 65]",50.56861585365868
"[25, 13, 22, 48, 42, 43, 19, 15, 42, 56, 56, 22, 21, 6, 65]",50.46252066395683
"[25, 16, 22, 48, 42, 42, 12, 15, 40, 55, 56, 19, 22, 6, 64]",50.414985772357824
"[25, 14, 22, 48, 42, 43, 16, 15, 42, 56, 56, 19, 19, 6, 65]",50.12387025745272
"[25, 15, 22, 48, 42, 43, 15, 15, 40, 53, 56, 19, 22, 4, 65]",51.140383130081325
"[25, 16, 22, 48, 42, 43, 16, 15, 40, 55, 56, 19, 21, 6, 65]",50.355962059620644
"[25, 13, 22, 48, 42, 43, 18, 15, 41, 54, 56, 19, 18, 4, 65]",57.02815142276422
"[25, 14, 22, 48, 42, 37, 13, 15, 38, 51, 56, 22, 20, 8, 65]",51.835536585365986
"[25, 16, 22, 48, 42, 43, 17, 15, 35, 56, 56, 19, 23, 3, 65]",50.7181175474256
"[25, 14, 22, 48, 42, 43, 13, 15, 42, 59, 59, 21, 23, 4, 65]",49.940595189701895
"[25, 18, 22, 39, 42, 43, 18, 15, 42, 58, 56, 19, 13, 6, 65]",56.46148069105685
"[25, 14, 22, 48, 42, 43, 15, 15, 41, 57, 56, 19, 20, 8, 65]",50.00452405149059
"[25, 15, 22, 48, 42, 43, 17, 15, 40, 60, 56, 20, 20, 6, 65]",49.461265582655734
"[25, 15, 22, 48, 42, 43, 19, 15, 42, 57, 56, 21, 20, 6, 65]",51.79509756097548
"[25, 15, 22, 46, 42, 43, 12, 15, 42, 56, 56, 19, 19, 6, 65]",51.379944444444284
"[25, 14, 22, 48, 42, 43, 17, 15, 42, 60, 56, 21, 20, 8, 65]",50.186139566395866
"[25, 16, 22, 47, 42, 43, 13, 15, 41, 52, 60, 20, 21, 7, 65]",51.462434281842796
"[25, 12, 22, 46, 42, 43, 17, 15, 39, 53, 58, 19, 16, 6, 65]",59.774794715447285
"[25, 16, 22, 48, 42, 43, 15, 15, 42, 58, 56, 19, 19, 6, 64]",51.27525575880784
"[25, 15, 22, 48, 42, 42, 15, 15, 39, 52, 56, 19, 20, 6, 64]",51.32928997289969
"[25, 16, 22, 48, 42, 43, 14, 15, 42, 55, 58, 19, 19, 6, 65]",48.31585670731702
"[25, 13, 22, 46, 42, 43, 17, 15, 42, 65, 57, 20, 19, 6, 65]",51.082821476964796
"[25, 16, 22, 48, 42, 43, 12, 15, 39, 55, 56, 19, 21, 5, 65]",50.16100609756103
"[25, 12, 22, 48, 42, 43, 13, 15, 42, 60, 56, 19, 20, 5, 65]",48.917957317073125
"[25, 13, 22, 48, 42, 40, 14, 15, 41, 56, 56, 19, 21, 7, 65]",51.66052845528456
"[25, 13, 22, 48, 42, 43, 16, 15, 40, 55, 56, 19, 18, 7, 65]",49.95099796747965
"[25, 13, 22, 48, 42, 43, 18, 15, 40, 52, 56, 19, 22, 5, 63]",53.48130487804874
"[25, 15, 22, 48, 42, 37, 16, 15, 39, 51, 56, 19, 22, 6, 65]",49.969531504064925
"[25, 16, 22, 48, 42, 39, 16, 15, 39, 54, 56, 19, 22, 3, 64]",50.60412669376671
"[26, 12, 22, 48, 42, 43, 14, 15, 42, 56, 61, 20, 22, 5, 65]",50.675246612466154
"[25, 14, 22, 38, 42, 43, 18, 15, 41, 57, 56, 19, 19, 6, 64]",59.23466598915994
"[25, 14, 22, 47, 42, 43, 17, 15, 42, 51, 56, 19, 22, 8, 65]",50.542250338753334
"[25, 14, 22, 48, 42, 43, 16, 15, 42, 58, 56, 21, 20, 6, 65]",51.565956639566494
"[25, 16, 22, 48, 42, 43, 18, 15, 42, 59, 56, 20, 21, 6, 65]",50.77723780487806
"[25, 14, 22, 46, 42, 43, 16, 15, 42, 54, 56, 19, 20, 6, 65]",49.78772086720862
"[25, 14, 22, 47, 42, 43, 17, 15, 42, 60, 56, 21, 19, 6, 65]",50.00626998644994
"[25, 18, 22, 43, 42, 43, 17, 15, 39, 51, 58, 21, 20, 8, 65]",49.84101524390244
"[25, 13, 22, 46, 42, 43, 16, 15, 42, 53, 59, 19, 18, 6, 65]",58.82103082655808
"[25, 18, 22, 48, 42, 43, 16, 15, 42, 59, 56, 19, 19, 6, 64]",50.25496273712754
"[25, 13, 22, 48, 42, 43, 13, 15, 38, 53, 56, 19, 19, 6, 65]",51.15762466124661
"[25, 15, 22, 48, 42, 43, 15, 15, 42, 55, 58, 19, 19, 4, 65]",51.795959688346926
"[25, 15, 22, 45, 42, 43, 16, 15, 42, 65, 58, 19, 19, 6, 65]",53.20443868563666
"[25, 15, 22, 48, 42, 43, 13, 15, 39, 55, 56, 19, 19, 5, 65]",49.40610907859065
"[25, 12, 22, 48, 42, 43, 14, 15, 42, 59, 56, 19, 20, 5, 65]",49.649770325203136
"[25, 15, 22, 48, 42, 40, 15, 15, 40, 53, 57, 19, 18, 7, 65]",50.71632926829257
"[25, 12, 22, 48, 42, 43, 16, 15, 40, 55, 56, 20, 18, 7, 65]",50.52653556910551
"[25, 16, 22, 46, 42, 43, 12, 15, 40, 54, 56, 19, 23, 6, 62]",51.80843394308942
"[25, 16, 22, 48, 42, 39, 19, 15, 39, 51, 56, 19, 21, 5, 65]",49.85301456639563
"[27, 16, 22, 48, 42, 38, 14, 15, 40, 54, 56, 19, 20, 4, 65]",50.925601626016274
"[26, 14, 22, 45, 42, 43, 18, 15, 42, 54, 57, 19, 22, 7, 65]",51.555011517615156
"[25, 12, 22, 48, 42, 43, 19, 15, 40, 57, 56, 19, 23, 5, 61]",52.74912059620598
"[25, 13, 22, 47, 42, 43, 17, 15, 42, 51, 56, 20, 21, 7, 65]",49.865959688346955
"[25, 15, 22, 48, 42, 43, 16, 15, 42, 56, 56, 21, 22, 6, 65]",51.74841836043361
"[25, 13, 22, 48, 42, 43, 16, 15, 41, 61, 56, 19, 22, 6, 65]",50.966735433604306
"[25, 15, 22, 45, 42, 43, 19, 15, 42, 53, 56, 19, 20, 5, 65]",53.501704945799254
"[25, 15, 22, 44, 42, 43, 18, 15, 42, 63, 56, 20, 20, 5, 65]",51.90073475609753
"[25, 16, 22, 44, 42, 43, 14, 15, 40, 51, 61, 20, 19, 7, 65]",51.660113821138275
"[25, 14, 22, 43, 42, 43, 13, 15, 41, 56, 57, 19, 19, 6, 65]",52.63677337398353
"[25, 12, 22, 48, 42, 43, 17, 16, 42, 60, 56, 19, 19, 6, 64]",52.10681775067729
"[25, 13, 22, 48, 42, 41, 15, 15, 38, 54, 56, 19, 19, 6, 65]",50.84084180216802
"[25, 14, 22, 48, 42, 43, 17, 15, 40, 57, 56, 20, 20, 5, 65]",48.73116463414636
"[25, 16, 22, 43, 42, 43, 17, 15, 42, 60, 56, 22, 20, 6, 65]",50.92683197831966
"[25, 15, 22, 48, 42, 42, 13, 15, 39, 53, 56, 19, 19, 6, 65]",50.53895765582634
"[25, 15, 22, 48, 42, 43, 17, 15, 42, 60, 56, 19, 19, 6, 65]",52.420047425474436
"[25, 17, 22, 46, 42, 41, 14, 15, 37, 51, 58, 20, 18, 5, 65]",50.36036551490526
"[25, 17, 22, 45, 42, 43, 15, 15, 40, 57, 56, 20, 22, 4, 65]",51.515338753387674
"[25, 16, 22, 45, 42, 43, 12, 15, 41, 56, 56, 19, 17, 5, 65]",49.74580826558271
"[25, 15, 22, 47, 42, 41, 20, 15, 39, 51, 56, 19, 20, 6, 65]",51.04456266937669
"[29, 16, 22, 48, 42, 42, 13, 15, 35, 55, 56, 19, 17, 5, 65]",50.65549322493219
"[25, 16, 22, 44, 42, 43, 18, 15, 42, 57, 57, 21, 21, 7, 65]",50.943005081300846
"[25, 12, 22, 48, 42, 43, 14, 15, 42, 57, 56, 19, 23, 5, 63]",51.89328827913287
"[25, 12, 22, 48, 42, 42, 16, 15, 40, 53, 57, 21, 17, 6, 65]",49.58155657181582
"[25, 16, 22, 48, 42, 43, 16, 15, 42, 56, 56, 19, 23, 6, 65]",49.111539972899834
"[25, 12, 22, 47, 42, 43, 15, 15, 42, 60, 56, 22, 21, 6, 65]",50.27878455284543
"[26, 15, 22, 47, 42, 43, 18, 15, 41, 56, 56, 19, 19, 5, 65]",50.9973407859077
"[25, 15, 22, 43, 42, 43, 19, 15, 42, 59, 56, 19, 22, 6, 65]",50.4976710704607
"[25, 13, 22, 48, 42, 41, 12, 15, 42, 57, 65, 19, 20, 6, 65]",50.453397357723546
"[25, 16, 22, 46, 42, 43, 12, 15, 39, 53, 56, 19, 20, 6, 65]",50.205012872628735
"[25, 14, 22, 48, 42, 43, 17, 15, 42, 60, 56, 19, 18, 6, 64]",51.86455013550139
"[25, 15, 22, 47, 42, 39, 17, 15, 39, 53, 56, 19, 19, 6, 65]",52.48197425474263
"[25, 15, 22, 47, 42, 43, 17, 15, 40, 58, 56, 19, 20, 8, 65]",49.87807249322494
"[25, 15, 22, 48, 42, 43, 17, 15, 42, 56, 56, 23, 21, 6, 65]",51.92131910569109
"[25, 15, 22, 48, 42, 41, 18, 15, 40, 53, 56, 19, 19, 7, 64]",49.08372798102982
"[25, 15, 22, 48, 42, 43, 18, 15, 42, 61, 56, 19, 18, 6, 65]",49.60596341463408
"[25, 15, 22, 47, 42, 43, 14, 15, 37, 51, 57, 19, 20, 4, 65]",54.7536422764228
"[25, 19, 22, 42, 42, 43, 15, 15, 40, 56, 56, 19, 23, 5, 65]",50.8371602303522
"[25, 13, 22, 48, 42, 43, 12, 15, 40, 52, 56, 19, 19, 6, 65]",50.95182452574527
"[25, 14, 22, 46, 42, 40, 12, 15, 40, 51, 56, 19, 20, 8, 65]",51.65448069105708
"[29, 16, 22, 48, 42, 43, 16, 15, 35, 52, 56, 19, 19, 5, 64]",54.09768428184281
"[25, 13, 22, 48, 42, 43, 17, 15, 42, 59, 57, 22, 20, 6, 65]",50.638152439024324
"[25, 14, 22, 48, 42, 43, 13, 16, 42, 58, 56, 19, 23, 5, 65]",50.65892411924126
"[25, 13, 22, 45, 42, 42, 15, 15, 40, 54, 57, 22, 21, 6, 65]",60.5440067750676
"[25, 14, 22, 46, 42, 43, 17, 15, 42, 60, 58, 19, 20, 6, 65]",50.033788617886046
"[25, 16, 22, 43, 42, 43, 16, 15, 42, 57, 57, 22, 19, 6, 65]",51.126075880758805
"[26, 14, 22, 48, 42, 43, 15, 15, 42, 58, 56, 19, 19, 5, 65]",50.086231707317054
"[25, 15, 22, 48, 42, 43, 18, 15, 42, 56, 56, 19, 22, 7, 65]",49.70000542005426
"[25, 14, 22, 48, 42, 40, 15, 15, 42, 53, 62, 19, 22, 6, 65]",52.945132113821224
"[25, 17, 22, 48, 42, 42, 13, 15, 38, 53, 56, 19, 21, 6, 65]",49.46094410569093
"[25, 18, 22, 47, 42, 43, 17, 15, 42, 60, 56, 19, 19, 7, 64]",50.000098577235605
"[25, 17, 22, 46, 42, 41, 14, 15, 40, 51, 56, 19, 18, 6, 65]",50.79404674796736
"[25, 16, 22, 46, 42, 43, 15, 15, 42, 57, 56, 19, 19, 7, 65]",50.2905315040651
"[25, 13, 22, 48, 42, 43, 16, 15, 42, 56, 56, 22, 20, 6, 65]",51.88236856368555
"[25, 14, 22, 48, 42, 41, 20, 15, 40, 54, 56, 19, 19, 7, 63]",50.26547018970193
"[25, 13, 22, 46, 42, 43, 19, 15, 42, 61, 56, 19, 20, 6, 65]",51.14758570460707
"[25, 13, 22, 46, 42, 40, 14, 15, 39, 52, 56, 19, 22, 4, 65]",53.65040345528472
"[25, 15, 22, 48, 42, 43, 15, 15, 41, 55, 56, 21, 22, 7, 65]",50.59433604336046
"[25, 12, 22, 48, 42, 43, 17, 15, 40, 52, 56, 19, 22, 6, 65]",49.27972120596217
"[25, 14, 22, 47, 42, 36, 12, 15, 40, 52, 56, 20, 20, 8, 65]",51.394943428184334
"[25, 17, 22, 48, 42, 41, 16, 15, 38, 52, 56, 19, 22, 6, 62]",51.82203184281859
"[25, 12, 22, 48, 42, 43, 15, 15, 42, 59, 58, 21, 19, 6, 65]",48.36470460704582
"[25, 17, 22, 48, 42, 43, 16, 16, 41, 57, 56, 19, 21, 6, 65]",48.856856029810295
"[25, 14, 22, 41, 42, 42, 15, 15, 41, 54, 56, 21, 22, 6, 65]",50.537632791328036
"[25, 14, 22, 45, 42, 43, 17, 15, 42, 61, 57, 19, 19, 6, 65]",51.43547357723572
"[25, 18, 22, 46, 42, 43, 17, 15, 42, 55, 58, 20, 20, 6, 65]",50.998601287262716
"[26, 13, 22, 48, 42, 43, 13, 15, 42, 56, 56, 19, 19, 5, 64]",52.14735331978303
"[25, 15, 22, 48, 42, 43, 17, 15, 42, 57, 56, 19, 22, 7, 65]",50.77021951219502
"[25, 16, 22, 48, 42, 43, 17, 15, 40, 51, 57, 20, 23, 7, 65]",51.08452947154458
"[25, 17, 22, 48, 42, 38, 18, 15, 38, 53, 56, 19, 21, 6, 65]",50.299672764227644
"[25, 15, 22, 46, 42, 43, 16, 15, 42, 60, 56, 19, 19, 6, 65]",50.35371815718156
"[25, 17, 22, 46, 42, 42, 13, 15, 38, 51, 56, 19, 18, 6, 64]",50.64681639566399
"[25, 15, 22, 46, 42, 43, 14, 15, 42, 56, 57, 19, 20, 5, 65]",50.4394132791327
"[25, 13, 22, 48, 42, 43, 15, 15, 42, 64, 58, 21, 19, 6, 65]",50.90325813008121
"[25, 14, 22, 46, 42, 42, 18, 15, 40, 57, 56, 19, 19, 6, 63]",50.85859112466101
"[25, 14, 22, 47, 42, 43, 16, 15, 42, 63, 56, 19, 22, 6, 65]",50.40919647696472
"[25, 12, 22, 43, 42, 38, 13, 15, 39, 51, 57, 19, 20, 6, 65]",52.40031910569104
"[25, 12, 22, 48, 42, 43, 14, 15, 40, 55, 56, 20, 21, 7, 65]",49.754868224932075
"[25, 13, 22, 48, 42, 42, 15, 15, 41, 52, 56, 19, 22, 4, 65]",51.58271985094867
"[25, 15, 22, 48, 42, 35, 12, 15, 37, 53, 56, 21, 20, 7, 65]",49.4213655149051
"[25, 18, 22, 48, 42, 40, 15, 15, 39, 53, 56, 19, 21, 6, 62]",50.64269478319788
"[25, 14, 22, 48, 42, 43, 16, 15, 42, 58, 59, 20, 20, 6, 65]",50.826025067750656
"[25, 17, 22, 48, 42, 43, 18, 15, 41, 56, 56, 21, 19, 6, 65]",49.7100850271003
"[25, 15, 22, 48, 42, 42, 16, 15, 42, 54, 57, 19, 22, 7, 65]",50.63391294037933
"[25, 15, 22, 44, 42, 43, 17, 15, 42, 59, 56, 19, 19, 7, 65]",50.626540989159935
"[25, 13, 22, 48, 42, 43, 16, 15, 40, 59, 58, 19, 21, 6, 65]",49.95633401083995
"[25, 14, 22, 46, 42, 43, 15, 15, 42, 55, 56, 19, 19, 5, 64]",50.67676558265586
"[25, 15, 22, 48, 42, 43, 16, 15, 42, 59, 57, 19, 19, 7, 65]",50.68267615176141
"[25, 17, 22, 48, 42, 43, 14, 15, 40, 56, 60, 20, 20, 7, 65]",51.81933773712763
"[25, 13, 22, 48, 42, 37, 18, 15, 39, 53, 56, 19, 21, 6, 65]",49.78085975609771
"[25, 12, 22, 47, 42, 43, 16, 15, 42, 58, 56, 19, 18, 5, 65]",49.8238163956639
"[25, 13, 22, 48, 42, 40, 14, 15, 37, 54, 56, 19, 19, 5, 63]",50.481836720867385
"[25, 14, 22, 46, 42, 43, 15, 15, 42, 56, 56, 19, 21, 5, 65]",53.045685298103024
"[25, 14, 22, 48, 42, 43, 17, 15, 42, 62, 58, 20, 18, 6, 65]",50.523265921409184
"[25, 14, 22, 46, 42, 43, 14, 15, 42, 58, 56, 19, 19, 6, 64]",49.587746612466084
"[25, 16, 22, 47, 42, 43, 13, 15, 42, 58, 56, 19, 20, 5, 65]",51.23711788617904
"[25, 13, 22, 43, 42, 40, 15, 15, 38, 51, 57, 19, 19, 7, 65]",50.205815718157126
"[25, 16, 22, 48, 42, 43, 15, 15, 40, 55, 56, 19, 20, 6, 65]",51.53382079945811
"[25, 17, 22, 48, 42, 43, 12, 15, 42, 55, 56, 20, 20, 3, 65]",49.281644986449884
"[25, 16, 22, 48, 42, 41, 12, 15, 33, 52, 57, 22, 21, 5, 65]",50.352181233062446
"[27, 16, 22, 48, 42, 42, 14, 15, 39, 57, 56, 19, 17, 5, 65]",49.945911924119244
"[25, 17, 22, 48, 42, 43, 17, 15, 42, 57, 57, 20, 21, 6, 65]",50.61321510840112
"[25, 14, 22, 48, 42, 43, 17, 16, 42, 57, 56, 21, 21, 6, 65]",51.20005453929528
"[25, 14, 22, 48, 42, 43, 17, 15, 42, 53, 60, 19, 18, 7, 65]",49.91439295392967
"[25, 16, 22, 46, 42, 43, 16, 15, 42, 57, 56, 19, 20, 7, 65]",49.70337906504058
"[25, 12, 22, 48, 42, 43, 15, 15, 41, 59, 57, 21, 22, 6, 65]",50.827206300813096
"[25, 16, 22, 46, 42, 43, 18, 15, 41, 56, 56, 19, 19, 5, 64]",49.4095484417345
"[25, 15, 22, 44, 42, 43, 16, 16, 42, 59, 57, 20, 19, 5, 65]",50.41885433604349
"[25, 16, 22, 48, 42, 41, 13, 15, 41, 60, 65, 20, 17, 6, 65]",49.84009010840132
"[25, 13, 22, 48, 42, 43, 12, 15, 39, 53, 56, 19, 20, 6, 65]",52.06012195121941
"[25, 12, 22, 45, 42, 43, 16, 15, 42, 57, 56, 19, 18, 5, 65]",52.89290616531172
"[25, 12, 22, 48, 42, 39, 15, 15, 37, 54, 56, 19, 19, 5, 64]",53.84590210027091
"[25, 15, 22, 47, 42, 43, 17, 15, 42, 55, 56, 19, 20, 6, 65]",49.290543021680215
"[25, 16, 22, 48, 42, 43, 19, 15, 42, 59, 56, 20, 21, 6, 65]",52.24278624661254
"[25, 15, 22, 48, 42, 43, 15, 15, 42, 56, 56, 19, 19, 6, 65]",50.08798509485102
"[25, 13, 22, 47, 42, 43, 16, 15, 42, 55, 56, 19, 18, 5, 65]",49.209083333333204
"[25, 15, 22, 43, 42, 42, 16, 15, 37, 51, 57, 19, 19, 7, 65]",51.30629674796735
"[25, 18, 22, 48, 42, 43, 16, 15, 40, 55, 56, 19, 21, 5, 65]",49.789243902439196
"[25, 18, 22, 48, 42, 43, 14, 15, 42, 57, 56, 19, 18, 7, 65]",50.97144410569106
"[25, 15, 22, 47, 42, 43, 14, 15, 33, 51, 58, 19, 21, 5, 65]",50.92014905149063
"[29, 13, 22, 48, 42, 43, 13, 15, 35, 58, 56, 19, 18, 6, 65]",58.550888550135504
"[25, 12, 22, 48, 42, 43, 16, 15, 42, 59, 58, 20, 21, 6, 65]",48.97736144986447
"[25, 13, 22, 46, 42, 43, 14, 16, 42, 60, 56, 19, 23, 6, 65]",50.358383468834745
"[25, 14, 22, 48, 42, 43, 15, 15, 42, 55, 57, 21, 15, 7, 65]",52.58748475609778
"[25, 15, 22, 45, 42, 43, 17, 15, 42, 56, 56, 19, 22, 6, 65]",49.84144071815715
"[25, 13, 22, 46, 42, 43, 14, 15, 42, 57, 56, 22, 21, 6, 65]",51.11617682926852
"[25, 16, 22, 47, 42, 43, 21, 15, 39, 59, 56, 19, 19, 5, 64]",50.78812466124667
"[25, 15, 22, 42, 42, 43, 18, 15, 42, 58, 57, 20, 21, 5, 65]",56.07046036585336
"[25, 15, 22, 48, 42, 41, 16, 15, 42, 57, 63, 20, 20, 7, 65]",59.869370934959385
"[25, 14, 22, 45, 42, 43, 12, 15, 39, 53, 56, 19, 20, 6, 65]",51.67542987804882
"[25, 15, 22, 44, 42, 43, 15, 15, 42, 58, 56, 19, 18, 6, 65]",51.865882113821016
"[25, 18, 22, 48, 42, 40, 15, 15, 39, 51, 56, 19, 19, 6, 65]",53.35742716802136
"[25, 16, 22, 46, 42, 43, 16, 15, 41, 57, 57, 19, 19, 7, 65]",50.37000779132779
"[25, 15, 22, 48, 42, 43, 18, 15, 42, 59, 56, 21, 23, 6, 65]",51.671425813008355
"[25, 16, 22, 47, 42, 43, 20, 15, 41, 55, 56, 19, 19, 6, 65]",50.1639657859078
"[25, 13, 22, 44, 42, 43, 18, 15, 42, 58, 56, 19, 19, 6, 65]",51.45612940379411
"[25, 17, 22, 46, 42, 41, 13, 15, 37, 51, 57, 19, 22, 5, 65]",50.60484010840104
"[25, 19, 22, 48, 42, 43, 15, 15, 40, 57, 56, 19, 23, 6, 65]",49.66305555555568
"[25, 17, 22, 48, 42, 42, 16, 15, 40, 56, 56, 19, 19, 8, 65]",49.17395799458013
"[25, 14, 22, 47, 42, 35, 16, 15, 38, 51, 58, 19, 20, 7, 65]",52.63328827913284
"[25, 15, 22, 48, 42, 43, 14, 15, 39, 55, 56, 19, 20, 6, 65]",52.42772628726281
"[25, 12, 22, 48, 42, 43, 15, 15, 42, 61, 59, 22, 20, 6, 65]",51.743249999999954
"[25, 15, 22, 45, 42, 43, 14, 15, 42, 59, 56, 19, 21, 6, 65]",50.79660907859092
"[25, 15, 22, 45, 42, 43, 15, 15, 41, 55, 56, 22, 23, 7, 65]",52.74325372628731
"[25, 14, 22, 46, 42, 43, 17, 15, 42, 57, 56, 19, 21, 6, 65]",51.46809383468828
"[25, 15, 22, 44, 42, 43, 16, 15, 42, 56, 57, 20, 20, 6, 65]",52.27993055555568
"[25, 15, 22, 48, 42, 43, 16, 15, 42, 60, 56, 19, 19, 5, 63]",50.186426490514805
"[25, 15, 22, 45, 42, 43, 19, 15, 42, 57, 56, 19, 23, 6, 65]",49.807242886179054
"[25, 14, 22, 48, 42, 42, 18, 15, 42, 54, 58, 20, 22, 7, 65]",50.64980555555565
"[25, 17, 22, 47, 42, 43, 14, 15, 39, 55, 56, 19, 20, 6, 65]",49.115577235772385
"[25, 18, 22, 48, 42, 43, 16, 15, 42, 58, 56, 19, 20, 6, 64]",49.14115650406514
"[25, 17, 22, 45, 42, 41, 15, 15, 39, 51, 56, 19, 18, 6, 65]",50.90543360433607
"[25, 15, 22, 48, 42, 43, 15, 15, 41, 59, 58, 20, 19, 7, 65]",50.321467140921555
"[25, 13, 22, 48, 42, 43, 16, 15, 42, 59, 56, 21, 19, 6, 65]",51.74400271002723
"[25, 14, 22, 46, 42, 43, 21, 15, 41, 53, 56, 19, 19, 7, 65]",51.06329776422762
"[25, 16, 22, 43, 42, 43, 14, 15, 42, 60, 56, 19, 20, 5, 65]",52.34859315718143
"[25, 17, 22, 48, 42, 40, 13, 15, 39, 51, 57, 20, 22, 4, 65]",50.74153726287242
"[25, 12, 22, 48, 42, 43, 15, 15, 40, 57, 56, 20, 19, 7, 65]",51.32496815718151
"[25, 16, 22, 48, 42, 43, 15, 15, 40, 54, 56, 19, 21, 4, 65]",49.70709959349603
"[25, 15, 22, 45, 42, 28, 13, 15, 41, 51, 57, 19, 19, 8, 65]",50.50412500000007
"[25, 18, 22, 48, 42, 43, 15, 15, 41, 52, 56, 19, 21, 5, 65]",50.19571612466121
"[25, 13, 22, 47, 42, 43, 16, 15, 42, 59, 60, 21, 19, 6, 65]",50.89726930894276
"[25, 18, 22, 48, 42, 43, 21, 15, 42, 55, 56, 19, 19, 6, 65]",49.56463584010834
"[25, 14, 22, 48, 42, 43, 16, 15, 40, 53, 56, 21, 23, 6, 65]",50.631789972899675
"[25, 14, 22, 48, 42, 43, 16, 15, 42, 58, 56, 20, 19, 6, 65]",50.910843157181475
"[25, 15, 22, 43, 42, 43, 18, 15, 38, 56, 59, 19, 19, 6, 65]",51.14909552845539
"[25, 14, 22, 45, 42, 43, 13, 15, 42, 60, 56, 19, 19, 6, 63]",51.37932520325217
"[25, 15, 22, 48, 42, 43, 18, 15, 42, 59, 56, 19, 23, 8, 65]",50.37186043360435
"[25, 14, 22, 48, 42, 43, 13, 15, 42, 51, 56, 20, 21, 7, 65]",50.83586111111108
"[25, 18, 22, 48, 42, 42, 16, 15, 39, 56, 56, 19, 20, 6, 65]",49.47438990514881
"[25, 16, 22, 48, 42, 43, 16, 15, 42, 57, 56, 19, 20, 6, 64]",50.15216056910572
"[25, 14, 22, 48, 42, 41, 15, 15, 39, 51, 56, 19, 18, 6, 65]",50.30556537940376
"[25, 15, 22, 48, 42, 43, 15, 15, 42, 57, 57, 20, 19, 5, 65]",49.1881229674799
"[25, 14, 22, 48, 42, 43, 15, 16, 42, 62, 57, 20, 17, 6, 65]",49.68783909214091
"[25, 13, 22, 44, 42, 43, 20, 15, 41, 58, 56, 19, 20, 8, 64]",50.9044007452575
"[25, 14, 22, 48, 42, 43, 13, 15, 42, 58, 56, 19, 20, 5, 65]",49.30738584010832
"[25, 12, 22, 48, 42, 39, 15, 15, 38, 51, 58, 19, 19, 5, 65]",50.90419986449851
"[26, 12, 22, 45, 42, 43, 15, 15, 41, 55, 56, 21, 16, 6, 65]",51.38063990514908
"[25, 15, 22, 48, 42, 43, 14, 15, 40, 54, 56, 19, 23, 1, 64]",52.37776897018951
"[25, 15, 22, 48, 42, 36, 12, 15, 40, 51, 56, 21, 21, 6, 65]",50.74960264227639
"[25, 15, 22, 48, 42, 42, 18, 15, 41, 52, 56, 19, 21, 5, 65]",49.84380826558258
"[25, 16, 22, 44, 42, 43, 17, 15, 42, 57, 58, 19, 19, 6, 65]",52.45627235772347
"[25, 21, 22, 48, 42, 43, 22, 15, 42, 56, 56, 20, 18, 6, 65]",52.23344241192393
"[25, 13, 22, 47, 42, 43, 15, 15, 40, 53, 56, 20, 22, 6, 65]",50.36322493224919
"[25, 15, 22, 48, 42, 43, 15, 15, 42, 58, 56, 21, 19, 7, 65]",51.307601964769624
"[25, 13, 22, 43, 42, 43, 19, 15, 36, 58, 56, 19, 20, 6, 65]",51.540045731707465
"[25, 15, 22, 46, 42, 43, 16, 15, 42, 54, 56, 19, 19, 6, 63]",50.003341463414394
"[25, 14, 22, 48, 42, 43, 18, 16, 42, 59, 56, 21, 23, 8, 65]",51.29498780487799
"[25, 15, 22, 46, 42, 43, 12, 15, 42, 52, 61, 20, 18, 7, 65]",52.02885501355011
"[25, 18, 22, 48, 42, 41, 16, 15, 39, 56, 56, 19, 20, 6, 65]",51.04833604336036
"[25, 13, 22, 48, 42, 43, 16, 15, 42, 59, 56, 19, 17, 6, 65]",49.18632249322476
"[25, 14, 22, 48, 42, 40, 15, 15, 39, 52, 56, 19, 18, 6, 65]",51.99984281842817
"[25, 15, 22, 45, 42, 43, 16, 15, 42, 55, 57, 20, 20, 4, 65]",49.950800474254606
"[25, 16, 22, 48, 42, 43, 19, 15, 42, 63, 57, 19, 19, 6, 65]",50.45526219512198
"[25, 14, 22, 46, 42, 43, 17, 15, 41, 61, 56, 20, 21, 6, 64]",51.58209315718158
"[25, 12, 22, 48, 42, 43, 14, 15, 42, 59, 56, 19, 19, 6, 65]",51.179342818428275
"[25, 12, 22, 48, 42, 40, 15, 15, 38, 51, 59, 19, 18, 5, 65]",51.450713075880785
"[25, 15, 22, 43, 42, 43, 15, 15, 41, 54, 56, 21, 17, 5, 65]",53.23679810298104
"[25, 14, 22, 48, 42, 43, 14, 15, 40, 54, 56, 19, 23, 6, 63]",48.565977642276266
"[25, 15, 22, 48, 42, 43, 12, 15, 30, 51, 56, 20, 22, 5, 65]",50.453840785908035
"[28, 13, 22, 48, 42, 42, 20, 15, 35, 54, 56, 19, 21, 6, 65]",51.327743563685644
"[25, 17, 22, 44, 42, 43, 17, 15, 42, 58, 56, 21, 20, 6, 65]",52.918207317073126
"[25, 18, 22, 48, 42, 43, 18, 17, 42, 61, 56, 19, 22, 6, 65]",52.04510298102973
"[25, 12, 22, 43, 42, 42, 15, 15, 41, 52, 58, 19, 18, 8, 65]",49.954049119241134
"[25, 16, 22, 48, 42, 43, 16, 15, 42, 56, 56, 20, 20, 7, 65]",50.49771070460725
"[25, 12, 22, 48, 42, 43, 14, 15, 42, 58, 56, 19, 21, 6, 65]",51.34668529810305
"[25, 16, 22, 46, 42, 43, 19, 15, 42, 55, 56, 19, 19, 3, 65]",50.881103658536674
"[25, 14, 22, 47, 42, 43, 18, 16, 42, 58, 58, 20, 18, 6, 65]",52.00654302168049
"[25, 16, 22, 45, 42, 43, 12, 15, 42, 53, 64, 19, 18, 7, 65]",50.211774390244
"[26, 13, 22, 48, 42, 43, 15, 15, 41, 54, 56, 19, 20, 6, 65]",51.24061856368557
"[25, 12, 22, 48, 42, 43, 16, 15, 42, 58, 56, 19, 18, 6, 65]",50.553952574525916
"[25, 16, 22, 48, 42, 40, 15, 15, 38, 52, 56, 19, 18, 6, 64]",49.52011991869921
"[25, 15, 22, 46, 42, 43, 16, 15, 42, 55, 57, 19, 21, 5, 65]",52.943941395664076
"[25, 16, 22, 48, 42, 43, 21, 15, 42, 61, 56, 20, 22, 6, 65]",50.16509857723579
"[25, 16, 22, 48, 42, 43, 15, 15, 42, 60, 56, 20, 21, 6, 64]",51.0130626693768
"[25, 12, 22, 47, 42, 43, 15, 15, 42, 57, 56, 19, 19, 6, 65]",51.878351626016375
"[25, 12, 22, 42, 42, 43, 13, 15, 38, 51, 56, 19, 20, 6, 65]",55.894671409214226
"[25, 18, 22, 42, 42, 43, 16, 15, 40, 55, 56, 19, 23, 5, 65]",52.83656131436334
"[25, 14, 22, 47, 42, 40, 17, 15, 40, 56, 56, 21, 23, 8, 62]",51.365929200541984
"[25, 15, 22, 47, 42, 37, 13, 15, 30, 51, 57, 20, 20, 6, 65]",52.17289058265572
"[29, 14, 22, 46, 42, 42, 20, 15, 33, 59, 56, 20, 19, 6, 65]",51.07165921409194
"[25, 13, 22, 47, 42, 43, 15, 15, 42, 61, 56, 22, 21, 6, 65]",51.06075914634155
"[25, 13, 22, 47, 42, 43, 13, 17, 42, 63, 56, 19, 21, 6, 65]",50.987470528455304
"[25, 13, 22, 43, 42, 42, 15, 15, 39, 51, 58, 19, 16, 8, 65]",51.91860094850954
"[25, 15, 22, 47, 42, 43, 17, 15, 42, 56, 56, 19, 21, 6, 65]",49.16092615176159
"[25, 14, 22, 48, 42, 43, 12, 15, 42, 58, 56, 20, 21, 6, 65]",50.93947933604319
"[25, 16, 22, 46, 42, 43, 16, 15, 42, 58, 56, 19, 19, 3, 65]",53.951502371273676
"[25, 14, 22, 48, 42, 43, 17, 15, 42, 58, 60, 19, 15, 4, 65]",49.3478018292684
"[25, 16, 22, 48, 42, 42, 14, 15, 41, 53, 57, 19, 19, 7, 65]",50.728686991869935
"[27, 12, 22, 48, 42, 43, 15, 15, 42, 53, 56, 19, 21, 6, 65]",50.80659383468832
"[25, 16, 22, 47, 42, 43, 15, 15, 42, 57, 56, 19, 19, 6, 65]",51.46882418699182
"[25, 16, 22, 48, 42, 41, 15, 15, 39, 51, 56, 19, 18, 5, 64]",50.392579945799284
"[25, 16, 22, 48, 42, 43, 15, 15, 41, 57, 57, 19, 20, 6, 65]",48.85282892953912
"[25, 13, 22, 48, 42, 43, 18, 18, 42, 64, 56, 21, 20, 6, 65]",50.74008401083992
"[25, 16, 22, 48, 42, 43, 19, 15, 42, 56, 56, 20, 19, 6, 65]",51.31685128726268
"[25, 16, 22, 44, 42, 43, 15, 15, 42, 55, 56, 19, 20, 6, 65]",50.11634214092145
"[25, 13, 22, 39, 42, 41, 14, 15, 38, 52, 56, 19, 23, 7, 65]",51.503117547425546
"[25, 17, 22, 48, 42, 43, 15, 15, 39, 56, 56, 19, 23, 7, 65]",50.55458705962075
"[25, 15, 22, 47, 42, 41, 17, 15, 40, 56, 56, 21, 22, 8, 65]",55.862507113821195
"[25, 15, 22, 48, 42, 27, 15, 15, 36, 51, 57, 20, 19, 8, 65]",51.013319105691046
"[25, 18, 22, 48, 42, 41, 17, 15, 33, 57, 56, 19, 20, 5, 65]",51.80659925474244
"[25, 12, 22, 48, 42, 43, 16, 15, 42, 60, 56, 22, 21, 6, 65]",50.69055691056909
"[25, 12, 22, 46, 42, 43, 13, 15, 42, 57, 56, 21, 20, 6, 65]",50.75035433604316
"[25, 16, 22, 48, 42, 42, 14, 15, 39, 53, 56, 19, 23, 4, 65]",51.27502235772349
"[25, 14, 22, 48, 42, 43, 17, 15, 41, 57, 56, 20, 22, 6, 65]",49.91539464769659
"[25, 16, 22, 46, 42, 43, 20, 15, 42, 57, 56, 21, 20, 6, 65]",49.20974288617906
"[25, 14, 22, 44, 42, 43, 15, 15, 42, 60, 56, 19, 19, 8, 60]",52.718632452574504
"[25, 14, 22, 48, 42, 43, 17, 15, 42, 58, 56, 19, 20, 3, 65]",60.04400948509487
"[26, 15, 22, 48, 42, 41, 16, 15, 41, 54, 56, 20, 21, 7, 65]",49.918636517615425
"[25, 13, 22, 44, 42, 42, 15, 15, 40, 53, 56, 19, 21, 6, 65]",51.67198949864506
"[25, 19, 22, 44, 42, 43, 14, 15, 42, 58, 56, 19, 19, 6, 65]",48.9925247289975
"[25, 15, 22, 48, 42, 41, 15, 15, 39, 53, 56, 19, 20, 5, 64]",50.39633231707323
"[25, 16, 22, 48, 42, 43, 15, 15, 40, 57, 57, 19, 19, 6, 65]",50.311689701896896
"[25, 12, 22, 48, 42, 43, 14, 17, 42, 65, 56, 22, 18, 6, 65]",49.37526490514885
"[25, 14, 22, 48, 42, 43, 18, 15, 42, 55, 56, 19, 19, 6, 65]",50.08753353658518
"[25, 18, 22, 44, 42, 43, 16, 16, 42, 59, 56, 19, 20, 5, 65]",50.44781639566391
"[25, 15, 22, 48, 42, 41, 14, 15, 39, 53, 56, 19, 20, 7, 65]",50.845474254742406
"[25, 15, 22, 48, 42, 43, 14, 15, 39, 55, 58, 19, 23, 7, 65]",51.283862804877984
"[25, 14, 22, 48, 42, 43, 16, 15, 40, 55, 57, 20, 20, 8, 65]",51.831778455284365
"[25, 15, 22, 47, 42, 38, 12, 15, 40, 51, 57, 20, 19, 8, 65]",50.24766192411921
"[25, 17, 22, 48, 42, 43, 12, 15, 41, 54, 56, 19, 21, 5, 65]",50.40420020325207
"[25, 12, 22, 48, 42, 43, 17, 15, 42, 57, 60, 20, 20, 6, 65]",52.190545731707424
"[25, 14, 22, 46, 42, 43, 19, 15, 42, 53, 56, 20, 19, 6, 65]",51.63774728997293
"[25, 14, 22, 48, 42, 42, 14, 15, 40, 55, 56, 19, 23, 4, 65]",50.19668224932244
"[25, 15, 22, 47, 42, 43, 16, 15, 42, 58, 56, 21, 20, 6, 65]",49.77431063685648
"[25, 16, 22, 45, 42, 43, 19, 16, 41, 55, 56, 21, 19, 6, 65]",49.87077134146329
"[25, 14, 22, 46, 42, 43, 16, 16, 42, 59, 56, 19, 19, 8, 63]",50.88860433604332
"[25, 15, 22, 48, 42, 43, 16, 15, 42, 58, 56, 19, 19, 4, 65]",52.87967920054213
"[27, 14, 22, 48, 42, 42, 17, 15, 40, 54, 56, 21, 22, 5, 65]",49.02984349593489
"[25, 17, 22, 45, 42, 41, 15, 15, 38, 55, 56, 19, 20, 6, 65]",51.065306571815576
"[25, 17, 22, 43, 42, 43, 16, 16, 42, 57, 56, 19, 18, 6, 65]",50.58546104336046
"[25, 14, 22, 45, 42, 40, 15, 15, 39, 53, 56, 19, 20, 7, 63]",51.20826117886168
"[25, 14, 22, 48, 42, 43, 16, 15, 42, 56, 56, 19, 20, 6, 65]",52.17480453929537
"[25, 16, 22, 48, 42, 43, 14, 15, 42, 62, 56, 22, 20, 6, 65]",52.92725982384828
"[25, 13, 22, 47, 42, 43, 16, 15, 42, 55, 56, 19, 20, 6, 65]",51.22167818428186
"[25, 12, 22, 48, 42, 43, 15, 15, 42, 62, 56, 19, 19, 6, 65]",50.14658468834679
"[25, 16, 22, 48, 42, 40, 15, 15, 39, 54, 56, 20, 17, 6, 65]",49.794023035230325
"[25, 13, 22, 48, 42, 43, 17, 15, 41, 54, 60, 19, 22, 5, 65]",49.5597120596206
"[25, 14, 22, 47, 42, 43, 15, 15, 40, 55, 59, 19, 21, 5, 65]",49.754641937669575
"[25, 15, 22, 47, 42, 43, 12, 15, 37, 51, 57, 20, 21, 5, 65]",49.37719817073162
"[25, 12, 22, 48, 42, 42, 12, 15, 42, 53, 56, 19, 20, 5, 65]",50.20235264227655
"[25, 16, 22, 43, 42, 43, 17, 15, 42, 56, 63, 19, 19, 6, 65]",52.3123990514904
"[25, 19, 22, 46, 42, 43, 22, 15, 42, 52, 56, 19, 19, 6, 65]",54.27136754742542
"[25, 13, 22, 46, 42, 42, 15, 15, 41, 53, 56, 19, 19, 8, 65]",49.5175450542003
"[25, 16, 22, 44, 42, 43, 16, 15, 42, 57, 57, 20, 19, 6, 65]",50.056554200541825
"[25, 15, 22, 45, 42, 43, 14, 17, 41, 56, 56, 20, 20, 6, 65]",50.81025914634152
"[25, 16, 22, 46, 42, 43, 18, 16, 42, 56, 56, 19, 19, 8, 65]",51.69458672086708
"[25, 15, 22, 46, 42, 43, 15, 15, 42, 59, 57, 19, 16, 6, 65]",49.99320189701896
"[25, 15, 22, 48, 42, 43, 17, 15, 39, 55, 56, 23, 20, 5, 65]",51.676128387533915
"[25, 18, 22, 46, 42, 43, 14, 15, 37, 54, 56, 20, 20, 6, 65]",50.3627693089432
"[25, 13, 22, 48, 42, 43, 18, 15, 42, 57, 56, 19, 19, 6, 65]",51.887592479674886
"[25, 15, 22, 44, 42, 40, 15, 15, 39, 53, 56, 19, 20, 7, 65]",50.97640853658524
"[25, 14, 22, 48, 42, 43, 15, 15, 42, 55, 56, 19, 20, 6, 65]",50.81258265582647
"[25, 16, 22, 48, 42, 43, 20, 15, 42, 56, 56, 21, 22, 6, 65]",50.77990379403777
"[25, 17, 22, 46, 42, 43, 16, 15, 42, 57, 56, 19, 20, 6, 65]",51.82565887533882
"[25, 12, 22, 48, 42, 43, 13, 15, 42, 60, 56, 19, 19, 6, 65]",51.59812127371268
"[25, 15, 22, 48, 42, 40, 16, 15, 38, 55, 56, 21, 18, 5, 65]",59.135097899729104
"[25, 15, 22, 48, 42, 42, 17, 15, 42, 54, 62, 21, 21, 5, 65]",50.68305487804876
"[25, 15, 22, 46, 42, 43, 15, 15, 40, 55, 57, 19, 22, 5, 65]",52.1249793360435
"[25, 15, 22, 45, 42, 43, 14, 15, 34, 51, 57, 20, 21, 4, 65]",50.686535569105814
"[27, 15, 22, 47, 42, 40, 14, 15, 41, 57, 56, 19, 19, 5, 65]",51.361941734417314
"[25, 14, 22, 45, 42, 43, 16, 15, 42, 56, 62, 20, 19, 6, 65]",53.0827235772359
"[25, 22, 22, 48, 42, 43, 19, 15, 42, 62, 56, 19, 21, 6, 65]",50.218751016260214
"[25, 13, 22, 44, 42, 42, 17, 15, 40, 51, 56, 19, 17, 8, 65]",50.36677337398374
"[25, 14, 22, 47, 42, 43, 17, 15, 42, 58, 57, 19, 20, 7, 65]",50.20225711382116
"[25, 13, 22, 48, 42, 43, 15, 15, 41, 60, 56, 19, 21, 6, 65]",50.41896985094853
"[25, 16, 22, 48, 42, 43, 19, 15, 42, 58, 56, 20, 20, 4, 65]",50.829448848238464
"[25, 15, 22, 46, 42, 43, 18, 15, 42, 59, 59, 19, 14, 5, 65]",52.14881470189715
"[25, 16, 22, 48, 42, 42, 16, 15, 39, 54, 56, 20, 19, 6, 65]",52.59610467479693
"[25, 12, 22, 48, 42, 41, 13, 15, 41, 53, 56, 20, 20, 6, 65]",50.87235027100268
"[25, 12, 22, 48, 42, 43, 16, 15, 42, 59, 56, 19, 19, 6, 65]",51.83073306233046
"[25, 16, 22, 44, 42, 42, 15, 15, 38, 51, 56, 19, 18, 6, 65]",49.5080768970191
"[25, 16, 22, 46, 42, 43, 14, 15, 42, 55, 57, 19, 20, 6, 65]",50.69473882113825
"[25, 13, 22, 48, 42, 43, 16, 15, 42, 61, 58, 19, 21, 6, 65]",50.26390819783198
"[25, 17, 22, 48, 42, 43, 18, 15, 41, 56, 56, 19, 20, 7, 65]",49.654617208672036
"[25, 12, 22, 47, 42, 43, 13, 15, 42, 58, 56, 19, 20, 6, 65]",50.86892581300794
"[25, 14, 22, 48, 42, 41, 17, 15, 40, 53, 56, 19, 19, 6, 65]",55.68065447154477
"[25, 16, 22, 45, 42, 42, 14, 15, 41, 57, 58, 21, 21, 5, 65]",50.08276050135507
"[25, 15, 22, 48, 42, 43, 16, 15, 40, 55, 56, 19, 20, 5, 65]",51.377283197832085
"[25, 15, 22, 47, 42, 40, 14, 15, 35, 51, 56, 20, 19, 6, 65]",52.41279810298099
"[29, 18, 22, 46, 42, 41, 16, 15, 40, 58, 56, 19, 18, 5, 65]",48.93606808943078
"[25, 13, 22, 48, 42, 43, 15, 16, 42, 61, 56, 22, 21, 6, 65]",52.0300271002708
"[25, 12, 22, 48, 42, 43, 14, 15, 42, 65, 56, 19, 20, 6, 65]",50.35344817073163
"[25, 13, 22, 47, 42, 43, 17, 15, 40, 54, 56, 20, 19, 6, 65]",52.82409315718161
"[25, 13, 22, 48, 42, 43, 16, 15, 42, 58, 56, 19, 22, 7, 65]",51.63907147696464
"[25, 14, 22, 48, 42, 43, 16, 15, 39, 59, 56, 19, 21, 6, 65]",48.58400745257479
"[25, 14, 22, 46, 42, 43, 20, 15, 42, 60, 56, 20, 19, 5, 65]",50.516972222222066
"[25, 14, 22, 46, 42, 43, 19, 15, 42, 58, 56, 19, 20, 4, 65]",59.85523915989162
"[25, 15, 22, 48, 42, 42, 17, 15, 40, 56, 57, 19, 21, 7, 65]",51.532488821138244
"[25, 15, 22, 48, 42, 39, 15, 15, 42, 55, 56, 20, 21, 6, 65]",51.06368936314359
"[25, 17, 22, 46, 42, 43, 15, 15, 42, 62, 56, 19, 18, 6, 65]",51.114018292682935
"[25, 16, 22, 48, 42, 43, 15, 15, 38, 54, 56, 20, 18, 5, 65]",49.81772018970194
"[25, 17, 22, 44, 42, 43, 16, 15, 42, 57, 57, 20, 20, 6, 65]",50.412575203251954
"[25, 14, 22, 47, 42, 43, 14, 15, 42, 64, 59, 20, 20, 6, 65]",50.5136988482386
"[25, 13, 22, 48, 42, 43, 17, 15, 41, 54, 56, 19, 19, 7, 65]",49.40571070460709
"[25, 13, 22, 45, 42, 43, 17, 15, 42, 55, 56, 19, 21, 5, 65]",49.38076897018964
"[25, 15, 22, 48, 42, 41, 16, 15, 41, 52, 56, 19, 18, 7, 64]",50.39338753387554
"[25, 16, 22, 45, 42, 43, 12, 15, 39, 57, 56, 20, 21, 7, 65]",50.279634146341465
"[25, 15, 22, 48, 42, 43, 17, 15, 40, 56, 56, 19, 19, 6, 65]",50.82520934959365
"[25, 14, 22, 46, 42, 37, 15, 15, 38, 51, 56, 20, 21, 7, 65]",49.870053523035466
"[29, 17, 22, 48, 42, 43, 18, 15, 40, 57, 56, 19, 18, 5, 63]",50.3084664634145
"[25, 14, 22, 48, 42, 43, 15, 15, 42, 62, 56, 22, 20, 6, 65]",51.57249525745247
"[25, 12, 22, 48, 42, 43, 12, 16, 42, 59, 56, 19, 20, 6, 65]",52.07634112466116
"[25, 15, 22, 47, 42, 43, 14, 15, 40, 57, 56, 19, 21, 5, 65]",53.56118529810307
"[25, 16, 22, 47, 42, 43, 16, 16, 42, 58, 57, 20, 22, 6, 65]",49.69996307588091
"[25, 17, 22, 48, 42, 43, 18, 15, 39, 57, 56, 21, 21, 6, 65]",51.69432791327927
"[25, 15, 22, 45, 42, 43, 15, 15, 42, 58, 56, 19, 18, 7, 65]",51.741860772357796
"[25, 14, 22, 47, 42, 43, 16, 17, 42, 57, 56, 19, 22, 3, 65]",52.29342073170741
"[25, 14, 22, 48, 42, 40, 16, 15, 40, 56, 56, 20, 23, 7, 65]",51.57526388888867
"[25, 18, 22, 43, 42, 39, 16, 15, 38, 55, 56, 19, 20, 6, 64]",51.32441598916007
"[25, 20, 22, 47, 42, 43, 14, 15, 42, 58, 56, 19, 18, 6, 64]",50.506030149051405
"[25, 14, 22, 48, 42, 40, 15, 15, 40, 54, 56, 20, 19, 5, 65]",50.94978997289983
"[25, 16, 22, 48, 42, 43, 17, 15, 40, 57, 56, 20, 19, 6, 64]",50.10709857723597
"[25, 15, 22, 46, 42, 43, 19, 15, 42, 59, 57, 21, 19, 6, 65]",50.776390243902405
"[25, 14, 22, 47, 42, 43, 15, 15, 42, 54, 56, 19, 20, 6, 65]",49.79074830623299
"[25, 15, 22, 45, 42, 43, 18, 15, 42, 59, 56, 19, 21, 4, 65]",51.092856707316905
"[25, 16, 22, 44, 42, 41, 14, 15, 41, 54, 56, 19, 18, 7, 65]",50.37620223577236
"[25, 15, 22, 48, 42, 42, 14, 15, 39, 54, 56, 19, 21, 8, 65]",49.020855013550076
"[25, 15, 22, 48, 42, 43, 15, 15, 41, 56, 56, 19, 19, 7, 65]",49.478545731707506
"[25, 14, 22, 44, 42, 39, 15, 15, 36, 51, 56, 19, 21, 5, 65]",51.076922764227824
"[25, 16, 22, 48, 42, 43, 19, 15, 42, 56, 56, 19, 19, 4, 63]",52.494872967479736
"[25, 14, 22, 48, 42, 43, 16, 15, 42, 60, 56, 19, 19, 6, 65]",52.160427168021755
"[25, 12, 22, 48, 42, 43, 19, 16, 42, 55, 56, 19, 21, 6, 65]",52.8283970189702
"[25, 16, 22, 45, 42, 43, 13, 15, 40, 57, 56, 19, 21, 7, 65]",50.33027879403778
"[25, 17, 22, 46, 42, 43, 16, 15, 42, 57, 57, 21, 21, 5, 65]",50.67945630081329
"[25, 18, 22, 47, 42, 43, 19, 15, 42, 59, 56, 20, 20, 6, 65]",49.933036924119165
"[25, 16, 22, 48, 42, 43, 13, 16, 42, 56, 56, 19, 18, 7, 65]",49.62258875338768
"[25, 15, 22, 48, 42, 43, 15, 18, 42, 59, 56, 19, 20, 6, 64]",50.428267615176125
"[25, 14, 22, 47, 42, 43, 16, 15, 41, 55, 57, 21, 22, 4, 65]",52.14219918699189
"[25, 16, 22, 41, 42, 43, 16, 15, 38, 56, 56, 19, 19, 6, 65]",51.49495121951206
"[25, 17, 22, 48, 42, 43, 16, 15, 42, 58, 56, 19, 19, 6, 64]",50.6480003387532
"[25, 13, 22, 47, 42, 38, 15, 15, 41, 54, 56, 19, 19, 7, 65]",50.364769647696136
"[25, 14, 22, 48, 42, 43, 16, 15, 42, 57, 57, 19, 19, 6, 65]",50.18455250677489
"[25, 15, 22, 47, 42, 43, 22, 15, 42, 55, 56, 22, 18, 6, 65]",52.906921409214206
"[25, 15, 22, 46, 42, 43, 16, 15, 42, 58, 56, 19, 21, 5, 64]",50.51120460704608
"[25, 16, 22, 48, 42, 43, 15, 15, 42, 62, 56, 19, 19, 6, 65]",53.03839126016238
"[25, 15, 22, 48, 42, 41, 15, 15, 39, 57, 56, 19, 19, 5, 65]",49.814324525745285
"[25, 15, 22, 48, 42, 42, 16, 15, 40, 53, 56, 19, 20, 7, 65]",50.08137330623322
"[25, 15, 22, 48, 42, 43, 15, 15, 42, 55, 56, 19, 20, 6, 64]",49.07026321138234
"[25, 15, 22, 47, 42, 42, 13, 15, 33, 51, 57, 20, 21, 5, 65]",52.05387398373978
"[25, 16, 22, 48, 42, 43, 16, 15, 42, 58, 56, 19, 19, 5, 64]",52.91894241192411
"[25, 13, 22, 47, 42, 43, 17, 15, 42, 60, 56, 19, 19, 6, 65]",51.344841124661365
"[25, 15, 22, 46, 42, 43, 20, 16, 42, 53, 56, 19, 21, 6, 65]",51.82519817073157
"[25, 14, 22, 47, 42, 43, 14, 15, 40, 55, 56, 19, 20, 7, 65]",50.44069308943114
"[25, 18, 22, 46, 42, 43, 16, 15, 42, 56, 57, 20, 20, 6, 65]",50.42176422764217
"[25, 12, 22, 46, 42, 43, 18, 15, 42, 61, 56, 19, 21, 6, 65]",50.03685060975599
"[25, 15, 22, 48, 42, 43, 14, 16, 42, 55, 56, 19, 20, 5, 65]",51.98311720867213
"[25, 15, 22, 47, 42, 43, 15, 16, 42, 60, 57, 19, 17, 7, 65]",50.394493902438874
"[25, 14, 22, 46, 42, 43, 17, 15, 41, 54, 58, 20, 19, 3, 65]",51.042053523035335
"[25, 16, 22, 48, 42, 43, 15, 15, 38, 55, 56, 19, 19, 6, 65]",50.445396002709884
"[25, 13, 22, 48, 42, 43, 17, 15, 42, 59, 56, 19, 19, 5, 64]",50.3526985094848
"[25, 16, 22, 47, 42, 40, 15, 15, 39, 53, 56, 19, 19, 6, 65]",50.94053014905155
"[25, 14, 22, 48, 42, 43, 14, 16, 42, 57, 57, 19, 19, 6, 65]",51.92887601626035
"[25, 15, 22, 47, 42, 43, 15, 17, 42, 64, 56, 20, 20, 6, 65]",54.50717920054178
"[25, 15, 22, 48, 42, 43, 17, 15, 41, 57, 56, 19, 21, 7, 63]",50.181884823848165
"[25, 12, 22, 48, 42, 43, 14, 16, 42, 64, 56, 19, 18, 7, 64]",49.67318868563682
"[25, 14, 22, 48, 42, 41, 16, 15, 39, 55, 56, 20, 18, 5, 65]",50.98868462059634
"[25, 16, 22, 48, 42, 42, 15, 15, 40, 54, 56, 19, 19, 5, 65]",49.32845088075865
"[25, 15, 22, 48, 42, 43, 15, 15, 42, 55, 56, 19, 20, 5, 63]",49.38470121951235
"[25, 16, 22, 47, 42, 43, 12, 15, 38, 51, 57, 19, 21, 6, 65]",50.88284180216814
"[30, 15, 22, 47, 42, 43, 15, 15, 42, 60, 56, 19, 18, 6, 64]",49.628537262872605
"[25, 14, 22, 45, 42, 43, 16, 15, 42, 58, 57, 19, 19, 6, 65]",51.09837059620623
"[25, 18, 22, 42, 42, 43, 17, 15, 42, 54, 56, 19, 20, 6, 65]",49.9993719512195
"[25, 12, 22, 48, 42, 43, 16, 15, 40, 53, 56, 19, 19, 7, 65]",50.449826897018916
"[25, 18, 22, 46, 42, 43, 16, 15, 42, 58, 57, 19, 20, 8, 65]",52.04831504065041
"[25, 12, 22, 47, 42, 43, 16, 15, 42, 63, 56, 19, 21, 6, 65]",53.694958333333396
"[26, 14, 22, 48, 42, 43, 15, 15, 42, 55, 56, 19, 21, 4, 65]",49.01467344173435
"[25, 15, 22, 47, 42, 43, 17, 15, 42, 61, 59, 19, 14, 4, 65]",51.272809281842804
"[26, 15, 22, 46, 42, 43, 16, 15, 40, 55, 56, 20, 19, 8, 65]",55.86398475609754
"[25, 13, 22, 48, 42, 43, 16, 15, 39, 54, 56, 19, 20, 6, 65]",49.97497967479654
"[25, 12, 22, 48, 42, 43, 17, 16, 42, 58, 56, 19, 19, 5, 64]",50.48670697831996
"[25, 18, 22, 47, 42, 42, 15, 15, 38, 52, 56, 19, 19, 6, 65]",50.71800271002721
"[25, 16, 22, 48, 42, 43, 14, 15, 42, 57, 57, 19, 20, 6, 65]",49.77313008130099
"[25, 16, 22, 48, 42, 43, 12, 17, 42, 64, 56, 19, 21, 6, 65]",48.322799457994805
"[25, 15, 22, 48, 42, 43, 18, 15, 41, 54, 56, 19, 18, 7, 65]",49.37018495934966
"[25, 14, 22, 45, 42, 43, 17, 15, 42, 60, 56, 19, 19, 5, 64]",52.09273306233074
"[25, 14, 22, 48, 42, 42, 17, 15, 41, 53, 56, 20, 18, 6, 65]",52.55280115176153
"[25, 14, 22, 48, 42, 41, 14, 15, 40, 56, 56, 20, 20, 5, 65]",50.683019308943095
"[25, 15, 22, 48, 42, 43, 16, 15, 40, 55, 56, 19, 21, 5, 63]",50.625318766937546
"[25, 16, 22, 43, 42, 39, 14, 15, 40, 51, 58, 19, 21, 6, 65]",50.0185982384823
"[33, 16, 22, 45, 42, 43, 16, 15, 42, 58, 56, 19, 18, 6, 64]",50.80246409214095
"[25, 14, 22, 45, 42, 43, 16, 15, 42, 58, 56, 20, 19, 6, 65]",51.28698204607043
"[25, 16, 22, 42, 42, 43, 15, 15, 41, 62, 56, 20, 19, 6, 65]",51.53303658536601
"[25, 15, 22, 48, 42, 42, 16, 15, 41, 51, 56, 19, 20, 7, 65]",51.40789193766946
"[25, 14, 22, 47, 42, 43, 16, 15, 42, 60, 57, 19, 20, 8, 65]",50.180668021680205
"[25, 15, 22, 48, 42, 43, 15, 15, 42, 57, 56, 20, 20, 6, 65]",50.76414634146335
"[25, 12, 22, 47, 42, 43, 18, 15, 42, 55, 56, 19, 21, 6, 64]",49.4204041327911
"[25, 15, 22, 47, 42, 43, 17, 15, 42, 59, 57, 19, 14, 2, 65]",59.67255216802187
"[25, 15, 22, 47, 42, 43, 16, 15, 40, 56, 56, 20, 20, 8, 65]",50.130359756097576
"[25, 14, 22, 48, 42, 41, 16, 15, 40, 54, 56, 19, 20, 6, 65]",51.13020020325225
"[25, 17, 22, 46, 42, 43, 17, 15, 42, 60, 56, 19, 19, 5, 64]",52.290299796747924
"[25, 14, 22, 47, 42, 41, 15, 15, 38, 51, 56, 19, 18, 6, 65]",51.747929200541904
"[25, 16, 22, 47, 42, 43, 18, 15, 42, 55, 56, 19, 21, 6, 65]",50.543592140921454
"[25, 15, 22, 47, 42, 43, 14, 15, 42, 58, 56, 19, 20, 6, 65]",49.445810975609845
"[25, 15, 22, 48, 42, 43, 17, 15, 42, 55, 56, 19, 17, 6, 65]",52.08859349593503
"[25, 15, 22, 45, 42, 43, 17, 15, 42, 58, 56, 19, 19, 4, 65]",50.732610433604215
"[25, 14, 22, 47, 42, 41, 15, 15, 40, 56, 56, 19, 19, 7, 64]",52.49247256097558
"[25, 14, 22, 48, 42, 41, 13, 15, 40, 55, 56, 20, 22, 6, 65]",50.3925789295393
"[25, 13, 22, 47, 42, 43, 16, 15, 39, 57, 56, 19, 22, 5, 65]",50.281821138211406
"[25, 14, 22, 48, 42, 40, 16, 15, 36, 51, 57, 21, 21, 5, 65]",49.97003997289963
"[28, 18, 22, 48, 42, 43, 17, 15, 42, 56, 56, 19, 18, 4, 64]",58.79472594850932
"[25, 13, 22, 48, 42, 43, 15, 15, 42, 57, 56, 20, 19, 6, 65]",50.172621612466116
"[25, 13, 22, 47, 42, 43, 16, 15, 40, 64, 56, 19, 19, 6, 65]",50.44212364498643
"[25, 14, 22, 48, 42, 41, 16, 15, 41, 52, 56, 19, 20, 7, 65]",48.819035907858996
"[25, 12, 22, 48, 42, 43, 17, 16, 42, 57, 57, 20, 20, 7, 65]",50.22259857723583
"[25, 16, 22, 47, 42, 43, 16, 15, 42, 56, 56, 20, 19, 6, 65]",50.45997764227633
"[25, 13, 22, 44, 42, 43, 18, 15, 42, 56, 56, 19, 20, 7, 64]",51.184769986450085
"[25, 14, 22, 47, 42, 43, 18, 15, 42, 57, 56, 19, 15, 4, 59]",59.0645609756101
"[25, 15, 22, 48, 42, 43, 17, 15, 40, 56, 56, 21, 22, 5, 65]",49.64865006775063
"[25, 17, 22, 45, 42, 42, 15, 15, 41, 56, 56, 19, 21, 6, 65]",51.26401287262882
"[25, 18, 22, 47, 42, 43, 17, 15, 42, 59, 56, 19, 19, 5, 64]",50.31573340108402
"[25, 12, 22, 46, 42, 40, 15, 15, 39, 51, 56, 19, 18, 6, 65]",51.204505758807635
"[25, 14, 22, 48, 42, 43, 18, 15, 41, 55, 56, 21, 19, 6, 65]",50.96611382113817
"[26, 14, 22, 48, 42, 43, 16, 15, 42, 54, 56, 20, 19, 6, 65]",48.272519647696356
"[25, 14, 22, 48, 42, 43, 17, 15, 41, 55, 56, 19, 17, 4, 65]",49.28050542005411
"[25, 14, 22, 48, 42, 43, 17, 15, 42, 59, 56, 19, 20, 4, 64]",50.191130081300585
"[25, 15, 22, 48, 42, 42, 14, 15, 39, 57, 56, 19, 20, 7, 63]",49.645074525745486
"[25, 15, 22, 48, 42, 41, 14, 15, 40, 55, 56, 19, 22, 6, 65]",50.373985094850674
"[25, 12, 22, 48, 42, 43, 15, 15, 38, 56, 56, 20, 21, 5, 65]",50.677509823848105
"[25, 14, 22, 48, 42, 43, 12, 15, 33, 52, 56, 22, 19, 5, 65]",50.02535975609744
"[25, 17, 22, 48, 42, 43, 17, 15, 42, 58, 56, 19, 19, 3, 63]",51.491391937669476
"[25, 14, 22, 48, 42, 43, 15, 15, 42, 58, 57, 19, 19, 6, 65]",51.625270325203395
"[25, 17, 22, 48, 42, 43, 19, 15, 41, 55, 56, 19, 20, 6, 65]",49.77538821138249
"[25, 12, 22, 48, 42, 42, 13, 15, 39, 55, 56, 20, 20, 6, 65]",51.06217140921409
"[25, 12, 22, 48, 42, 43, 16, 15, 42, 56, 56, 20, 20, 5, 65]",51.35960806233069
"[25, 16, 22, 47, 42, 43, 17, 15, 40, 60, 56, 20, 21, 6, 65]",50.882796070460834
"[25, 14, 22, 46, 42, 43, 14, 15, 42, 58, 56, 19, 21, 6, 65]",51.062022018970026
"[25, 14, 22, 47, 42, 43, 19, 15, 42, 60, 56, 19, 19, 6, 57]",59.947737466124586
"[25, 15, 22, 46, 42, 43, 18, 15, 41, 55, 58, 21, 23, 4, 65]",49.453484756097474
"[25, 19, 22, 48, 42, 43, 16, 15, 39, 57, 56, 20, 21, 6, 65]",49.9461866531164
"[25, 15, 22, 48, 42, 43, 17, 15, 42, 58, 56, 19, 18, 5, 64]",50.06525508130102
"[25, 15, 22, 45, 42, 39, 15, 15, 37, 55, 56, 19, 19, 6, 65]",51.84809722222221
"[25, 14, 22, 48, 42, 43, 14, 15, 42, 59, 56, 22, 18, 6, 65]",50.47358976964773
"[27, 14, 22, 46, 42, 43, 18, 15, 42, 52, 56, 20, 19, 6, 65]",51.85454505420057
"[25, 14, 22, 46, 42, 43, 15, 15, 40, 56, 56, 19, 18, 5, 64]",58.960938685636854
"[25, 13, 22, 48, 42, 43, 15, 15, 42, 61, 56, 19, 20, 6, 63]",49.193833333333366
"[25, 16, 22, 48, 42, 43, 14, 15, 39, 56, 56, 19, 20, 6, 65]",49.51017682926828
"[25, 16, 22, 48, 42, 42, 15, 15, 40, 54, 57, 19, 20, 6, 65]",49.60879844173439
"[25, 16, 22, 47, 42, 43, 16, 15, 41, 54, 56, 21, 20, 7, 63]",51.62646036585379
"[25, 15, 22, 48, 42, 43, 12, 15, 34, 53, 56, 19, 19, 6, 65]",57.55681199186996
"[25, 15, 22, 48, 42, 43, 16, 15, 42, 60, 56, 19, 20, 4, 63]",51.61051456639576
"[25, 16, 22, 48, 42, 43, 15, 15, 42, 58, 56, 19, 20, 6, 65]",51.66300982384828
"[25, 18, 22, 47, 42, 43, 15, 15, 42, 52, 56, 19, 20, 6, 65]",51.558875338753445
"[25, 14, 22, 45, 42, 43, 14, 15, 40, 56, 56, 21, 20, 5, 65]",51.55813279132809
"[25, 20, 22, 46, 42, 43, 15, 15, 42, 59, 56, 19, 20, 6, 65]",49.34900033875338
"[25, 12, 22, 46, 42, 43, 17, 15, 40, 61, 56, 19, 22, 6, 65]",50.44939871273717
"[25, 15, 22, 46, 42, 43, 15, 15, 42, 58, 56, 20, 21, 4, 65]",49.123955284552835
"[25, 15, 22, 48, 42, 43, 16, 15, 42, 60, 56, 19, 20, 5, 59]",52.63768055555552
"[26, 14, 22, 46, 42, 42, 16, 15, 41, 56, 58, 20, 23, 4, 65]",50.14132317073184
"[25, 21, 22, 48, 42, 43, 16, 15, 39, 56, 56, 21, 20, 6, 65]",49.64811111111114
"[25, 13, 22, 47, 42, 43, 16, 15, 42, 57, 56, 19, 18, 6, 64]",49.772023035230376
"[25, 17, 22, 46, 42, 40, 15, 15, 38, 57, 56, 19, 19, 6, 65]",49.93083875338747
"[25, 15, 22, 44, 42, 43, 14, 16, 42, 60, 57, 19, 18, 6, 65]",50.6583543360434
"[27, 15, 22, 45, 42, 43, 16, 15, 42, 54, 56, 19, 19, 6, 65]",50.950379403794074
"[25, 15, 22, 47, 42, 43, 18, 15, 40, 55, 56, 19, 21, 7, 62]",51.927325542005526
"[25, 12, 22, 48, 42, 43, 15, 15, 42, 60, 56, 19, 19, 6, 64]",51.24655657181569
"[25, 16, 22, 48, 42, 42, 16, 15, 40, 53, 56, 19, 19, 5, 65]",49.267867886178884
"[25, 16, 22, 48, 42, 43, 15, 15, 40, 54, 57, 19, 21, 6, 65]",50.72970901083998
"[25, 17, 22, 47, 42, 43, 16, 15, 42, 56, 56, 20, 21, 6, 63]",50.64971341463422
"[25, 16, 22, 48, 42, 42, 16, 15, 39, 51, 56, 19, 21, 6, 65]",49.98983197831988
"[26, 14, 22, 48, 42, 43, 15, 15, 42, 59, 56, 19, 19, 4, 63]",49.96754403794042
"[25, 13, 22, 48, 42, 43, 17, 15, 42, 56, 57, 20, 21, 6, 65]",49.746954268292825
"[25, 13, 22, 47, 42, 43, 12, 15, 42, 62, 56, 19, 20, 6, 65]",49.172216124661176
"[25, 14, 22, 46, 42, 41, 17, 15, 42, 52, 56, 20, 20, 7, 65]",50.2969058265582
"[25, 22, 22, 44, 42, 43, 16, 15, 41, 59, 56, 19, 20, 7, 65]",50.12207554200547
"[25, 13, 22, 46, 42, 43, 16, 15, 42, 59, 56, 20, 21, 6, 65]",50.6828326558266
"[25, 15, 22, 48, 42, 43, 16, 15, 42, 56, 56, 20, 20, 5, 65]",53.60709789972904
"[25, 15, 22, 48, 42, 43, 15, 15, 42, 58, 56, 19, 16, 4, 64]",50.45324525745256
"[25, 14, 22, 47, 42, 42, 16, 15, 41, 57, 58, 20, 20, 6, 65]",51.857647018970106
"[26, 12, 22, 48, 42, 43, 16, 15, 42, 55, 56, 19, 19, 6, 65]",50.97875135501384
"[25, 14, 22, 46, 42, 43, 15, 15, 42, 58, 56, 19, 18, 6, 64]",52.83133028455282
"[25, 18, 22, 48, 42, 43, 15, 15, 42, 52, 56, 19, 19, 6, 65]",53.27205386178891
"[25, 16, 22, 48, 42, 43, 15, 15, 42, 57, 57, 19, 20, 6, 65]",51.387356707317075
"[25, 16, 22, 46, 42, 43, 15, 15, 42, 58, 56, 19, 19, 6, 65]",50.85923848238466
"[25, 15, 22, 47, 42, 43, 19, 15, 40, 54, 56, 19, 20, 5, 65]",50.97136009485106
"[25, 14, 22, 44, 42, 43, 16, 16, 42, 59, 56, 19, 19, 6, 65]",52.24257147696483
"[25, 15, 22, 48, 42, 41, 17, 15, 40, 52, 56, 19, 19, 5, 65]",51.91856571815711
"[26, 14, 22, 48, 42, 42, 14, 15, 40, 55, 56, 19, 23, 6, 65]",50.267030149051465
"[25, 15, 22, 48, 42, 43, 15, 15, 41, 57, 56, 19, 20, 6, 65]",50.794739498644866
"[25, 16, 22, 48, 42, 38, 17, 15, 40, 51, 56, 19, 21, 6, 65]",50.80673441734414
"[26, 15, 22, 48, 42, 43, 16, 15, 42, 57, 56, 19, 18, 6, 64]",48.99277981029815
"[25, 12, 22, 48, 42, 43, 18, 16, 42, 55, 58, 21, 21, 6, 65]",49.55356775067743
"[25, 12, 22, 48, 42, 43, 13, 15, 41, 60, 56, 19, 21, 6, 65]",50.26140074525748
"[25, 13, 22, 48, 42, 41, 16, 15, 42, 52, 56, 19, 19, 8, 65]",52.59107012195119
"[26, 14, 22, 46, 42, 43, 17, 15, 42, 58, 56, 20, 21, 7, 65]",50.208150067750715
"[25, 16, 22, 46, 42, 43, 16, 15, 42, 58, 56, 21, 20, 6, 65]",50.77105521680219
"[25, 14, 22, 48, 42, 43, 17, 15, 42, 55, 56, 19, 21, 7, 65]",49.561812330623326
"[25, 13, 22, 48, 42, 43, 17, 16, 42, 56, 56, 19, 18, 4, 65]",57.65066260162586
"[25, 14, 22, 48, 42, 43, 16, 15, 41, 56, 58, 21, 18, 7, 65]",50.78111009485099
"[25, 12, 22, 48, 42, 43, 15, 15, 40, 56, 56, 19, 19, 6, 65]",50.507425474254674
"[25, 16, 22, 46, 42, 43, 15, 15, 42, 58, 56, 19, 19, 6, 64]",50.42686788617885
"[25, 16, 22, 48, 42, 43, 16, 15, 42, 51, 56, 19, 18, 6, 65]",48.55196917344156
"[25, 17, 22, 48, 42, 43, 17, 15, 42, 55, 57, 19, 20, 6, 65]",49.742069444444425
"[25, 13, 22, 48, 42, 43, 18, 15, 42, 58, 56, 19, 19, 6, 65]",50.39255081300819
"[25, 15, 22, 48, 42, 42, 14, 15, 41, 53, 56, 19, 18, 5, 65]",52.16051490514912
"[25, 15, 22, 48, 42, 43, 15, 15, 42, 59, 56, 19, 20, 6, 65]",49.90201253387515
"[25, 15, 22, 48, 42, 41, 16, 15, 40, 56, 56, 19, 19, 6, 65]",51.70333163956638
"[26, 15, 22, 48, 42, 42, 13, 15, 40, 56, 56, 20, 23, 6, 65]",50.438384485094794
"[25, 13, 22, 48, 42, 43, 14, 15, 40, 57, 56, 19, 21, 6, 65]",49.531149051490715
"[25, 15, 22, 48, 42, 41, 15, 15, 40, 52, 56, 20, 19, 6, 65]",48.60282181571804
"[26, 16, 22, 48, 42, 43, 17, 15, 42, 59, 56, 19, 19, 6, 64]",49.35126050135499
"[25, 12, 22, 46, 42, 43, 14, 15, 42, 57, 58, 21, 19, 6, 65]",51.69166361788603
"[25, 18, 22, 48, 42, 43, 17, 15, 41, 55, 56, 19, 21, 6, 65]",51.62771375338737
"[25, 13, 22, 48, 42, 43, 14, 15, 42, 52, 56, 19, 20, 7, 65]",50.295961382113994
"[27, 12, 22, 47, 42, 43, 16, 15, 42, 57, 57, 21, 22, 6, 65]",50.42102879403793
"[25, 17, 22, 48, 42, 43, 16, 15, 42, 56, 56, 19, 20, 6, 65]",49.2660044037939
"[25, 15, 22, 48, 42, 43, 17, 15, 41, 58, 56, 19, 21, 7, 65]",50.6581165311656
"[25, 12, 22, 48, 42, 43, 17, 15, 42, 56, 56, 19, 20, 5, 63]",55.23123204607042
"[25, 14, 22, 47, 42, 43, 16, 15, 41, 54, 56, 21, 18, 6, 65]",49.39617852303524
"[25, 13, 22, 48, 42, 43, 15, 15, 39, 57, 56, 19, 20, 6, 65]",51.81183367208673
"[25, 17, 22, 47, 42, 43, 16, 15, 42, 58, 56, 19, 19, 5, 64]",50.1741466802169
"[25, 14, 22, 48, 42, 43, 17, 15, 35, 57, 56, 19, 19, 6, 64]",49.520156842818416
"[26, 14, 22, 48, 42, 43, 17, 15, 41, 55, 57, 19, 19, 6, 65]",50.539800135501274
"[25, 12, 22, 48, 42, 43, 18, 15, 42, 56, 56, 20, 19, 6, 65]",49.776680555555465
"[25, 15, 22, 48, 42, 41, 14, 15, 41, 55, 56, 19, 18, 6, 65]",50.244869579945814
"[25, 13, 22, 48, 42, 43, 16, 15, 42, 60, 56, 19, 21, 6, 65]",50.935381436314174
"[25, 16, 22, 47, 42, 43, 15, 15, 40, 56, 56, 19, 19, 6, 65]",51.19865887533863
"[25, 16, 22, 47, 42, 43, 16, 15, 40, 55, 59, 21, 20, 6, 65]",48.84198340108411
"[25, 15, 22, 48, 42, 43, 16, 15, 40, 55, 56, 19, 20, 6, 64]",50.49591598916004
"[25, 15, 22, 48, 42, 43, 14, 15, 40, 53, 56, 21, 19, 6, 65]",48.410337059620645
"[27, 17, 22, 48, 42, 43, 17, 15, 42, 58, 56, 19, 19, 5, 64]",50.031644986449884
"[26, 12, 22, 46, 42, 43, 13, 15, 42, 58, 57, 20, 18, 6, 65]",50.97666666666694
"[25, 21, 22, 48, 42, 43, 18, 15, 41, 54, 56, 19, 21, 6, 65]",50.657917682926644
"[25, 16, 22, 47, 42, 43, 16, 15, 40, 56, 56, 20, 21, 6, 65]",50.54480995934931
"[25, 12, 22, 47, 42, 43, 16, 15, 42, 58, 59, 19, 22, 5, 65]",52.82936111111092
"[25, 13, 22, 48, 42, 43, 17, 15, 40, 58, 56, 19, 20, 6, 65]",49.45150846883463
"[25, 16, 22, 48, 42, 43, 15, 15, 40, 57, 56, 21, 20, 6, 65]",51.045368224932304
"[25, 15, 22, 47, 42, 43, 16, 15, 42, 60, 58, 19, 19, 5, 63]",49.830690718157165
"[25, 14, 22, 47, 42, 43, 16, 15, 41, 56, 56, 22, 21, 5, 65]",53.40560365853665
"[25, 17, 22, 48, 42, 43, 16, 15, 39, 56, 56, 19, 20, 6, 65]",53.00102540650392
"[25, 14, 22, 48, 42, 43, 17, 15, 42, 59, 56, 19, 18, 5, 64]",50.43720528455292
"[26, 14, 22, 48, 42, 42, 16, 15, 36, 58, 56, 19, 19, 6, 64]",52.248067750677365
"[27, 14, 22, 48, 42, 43, 16, 15, 41, 57, 56, 19, 19, 6, 65]",53.292454607046096
"[25, 14, 22, 48, 42, 43, 17, 15, 42, 56, 56, 20, 19, 6, 65]",50.60810298102989
"[25, 15, 22, 48, 42, 41, 16, 15, 40, 54, 56, 19, 19, 6, 63]",50.40452777777774
"[25, 12, 22, 46, 42, 43, 16, 15, 42, 61, 56, 19, 20, 5, 65]",50.23488719512213
"[25, 16, 22, 48, 42, 43, 15, 15, 40, 55, 56, 19, 19, 6, 65]",49.0202903116532
"[25, 16, 22, 48, 42, 43, 17, 15, 40, 55, 58, 20, 18, 6, 65]",50.61042818428202
"[25, 16, 22, 48, 42, 43, 16, 15, 40, 55, 56, 19, 21, 6, 64]",49.801368902439116
"[25, 15, 22, 48, 42, 42, 14, 15, 40, 53, 56, 20, 20, 6, 65]",51.381306233062425
"[28, 17, 22, 48, 42, 43, 16, 15, 41, 57, 56, 19, 19, 6, 65]",50.045971544715506
"[25, 15, 22, 46, 42, 43, 18, 15, 42, 59, 58, 19, 19, 6, 65]",53.99325711382139
"[26, 17, 22, 47, 42, 43, 17, 15, 40, 55, 56, 20, 21, 6, 65]",49.825637533875295
"[25, 14, 22, 45, 42, 41, 16, 15, 41, 57, 56, 20, 20, 6, 65]",50.1857821815719
"[25, 18, 22, 48, 42, 43, 16, 15, 42, 57, 57, 19, 18, 5, 65]",50.76987296747962
"[25, 14, 22, 48, 42, 43, 16, 15, 38, 59, 56, 19, 20, 6, 65]",50.59852201897033
"[25, 16, 22, 47, 42, 43, 14, 15, 42, 57, 56, 21, 20, 3, 65]",50.37428895663958
"[25, 17, 22, 43, 42, 43, 16, 15, 42, 60, 57, 19, 15, 5, 65]",53.04643326558275
"[25, 15, 22, 46, 42, 43, 17, 15, 40, 57, 56, 19, 22, 6, 65]",50.574936991869976
"[26, 18, 22, 47, 42, 43, 15, 15, 39, 55, 56, 19, 19, 6, 65]",50.030276084011064
"[25, 14, 22, 48, 42, 43, 17, 15, 42, 58, 56, 19, 18, 5, 63]",50.351755081300844
"[26, 16, 22, 47, 42, 41, 15, 15, 39, 51, 56, 19, 19, 6, 64]",49.54811653116542
"[25, 15, 22, 48, 42, 43, 15, 15, 41, 57, 56, 19, 19, 6, 65]",51.47791836043372
"[25, 16, 22, 47, 42, 43, 14, 15, 42, 57, 56, 19, 20, 6, 65]",52.36137533875355
"[25, 15, 22, 46, 42, 41, 19, 15, 40, 54, 56, 19, 19, 7, 63]",49.67820426829277
"[25, 13, 22, 48, 42, 43, 14, 15, 42, 59, 56, 19, 19, 5, 65]",51.004051490514854
"[25, 15, 22, 48, 42, 43, 18, 15, 40, 55, 56, 19, 19, 6, 65]",52.1066951219513
"[25, 14, 22, 48, 42, 43, 16, 15, 40, 56, 58, 19, 22, 6, 65]",51.17900711382098
"[25, 13, 22, 47, 42, 43, 15, 15, 40, 56, 56, 19, 20, 6, 64]",49.8704854336044
"[25, 15, 22, 47, 42, 40, 15, 15, 40, 56, 56, 20, 21, 6, 65]",49.21472256097567
"[26, 17, 22, 48, 42, 43, 15, 15, 40, 57, 56, 19, 19, 6, 65]",49.04345020325208
"[25, 15, 22, 45, 42, 43, 20, 15, 42, 60, 56, 21, 20, 6, 65]",49.696682926829396
"[26, 14, 22, 48, 42, 43, 15, 15, 40, 56, 56, 20, 20, 6, 65]",50.75479031165306
"[25, 13, 22, 45, 42, 40, 15, 15, 42, 56, 56, 19, 19, 7, 65]",49.558626016260305
"[25, 20, 22, 45, 42, 43, 16, 15, 42, 57, 56, 20, 20, 7, 65]",50.38332655826565
"[25, 16, 22, 48, 42, 43, 15, 15, 40, 57, 56, 19, 20, 6, 65]",50.80425779132814
"[26, 14, 22, 48, 42, 43, 15, 15, 42, 56, 56, 20, 20, 4, 65]",49.851518292683
"[25, 15, 22, 48, 42, 43, 17, 15, 42, 57, 56, 19, 14, 6, 64]",58.3945128726286
"[25, 15, 22, 48, 42, 43, 17, 15, 40, 56, 57, 19, 20, 6, 65]",50.76784586720891
"[26, 17, 22, 46, 42, 43, 14, 15, 41, 55, 56, 19, 19, 6, 65]",50.731078252032326
"[25, 16, 22, 47, 42, 43, 16, 15, 42, 60, 56, 19, 19, 6, 63]",50.987772696477094
"[25, 16, 22, 46, 42, 40, 15, 15, 41, 51, 56, 19, 19, 6, 64]",50.213817073170546
"[25, 16, 22, 48, 42, 43, 15, 15, 41, 56, 56, 19, 19, 6, 65]",49.606783875338714
"[25, 16, 22, 46, 42, 43, 13, 15, 42, 57, 56, 19, 20, 6, 65]",49.11209518970206
"[25, 15, 22, 46, 42, 41, 16, 15, 40, 54, 56, 19, 19, 5, 65]",51.53569410569091
"[25, 15, 22, 48, 42, 43, 13, 15, 42, 58, 56, 19, 19, 6, 65]",51.72915616531153
"[26, 15, 22, 48, 42, 41, 17, 15, 40, 55, 56, 19, 19, 6, 65]",50.08995833333352
"[25, 15, 22, 48, 42, 43, 14, 15, 41, 57, 56, 19, 23, 6, 65]",52.18109010840125
"[25, 14, 22, 46, 42, 43, 15, 15, 40, 55, 56, 19, 21, 6, 65]",49.86247933604331
"[25, 15, 22, 44, 42, 40, 15, 15, 40, 56, 56, 22, 20, 6, 65]",50.37716531165308
"[25, 16, 22, 48, 42, 43, 16, 15, 40, 58, 56, 19, 19, 6, 65]",50.659746951219574
"[25, 13, 22, 46, 42, 43, 18, 16, 42, 60, 56, 23, 21, 6, 65]",50.300143631436335
"[26, 14, 22, 48, 42, 43, 15, 15, 41, 57, 56, 19, 19, 6, 65]",50.90953150406496
"[25, 14, 22, 45, 42, 43, 15, 15, 42, 56, 56, 19, 19, 7, 65]",51.27495155826561
"[25, 14, 22, 44, 42, 43, 16, 15, 42, 58, 56, 20, 21, 8, 65]",50.0150802845527
"[25, 17, 22, 47, 42, 43, 16, 15, 42, 56, 56, 19, 21, 6, 65]",51.77650813008134
"[25, 14, 22, 48, 42, 43, 18, 15, 41, 55, 56, 19, 20, 6, 65]",50.89411517615165
"[25, 13, 22, 48, 42, 43, 17, 15, 42, 57, 57, 19, 22, 4, 63]",60.336690379403855
"[25, 14, 22, 46, 42, 43, 18, 15, 42, 56, 57, 19, 20, 5, 65]",50.41523780487807
"[25, 14, 22, 47, 42, 42, 17, 15, 40, 55, 56, 19, 19, 6, 65]",49.465733062330656
"[25, 16, 22, 47, 42, 43, 15, 16, 42, 62, 56, 19, 19, 5, 63]",49.80965311653102
"[25, 15, 22, 47, 42, 39, 15, 15, 38, 51, 56, 19, 18, 6, 64]",50.20650677506758
"[25, 17, 22, 48, 42, 43, 15, 15, 40, 55, 56, 19, 19, 6, 65]",49.40080250677502
"[25, 12, 22, 44, 42, 43, 15, 15, 42, 53, 56, 20, 20, 6, 65]",49.53746104336036
"[25, 14, 22, 46, 42, 42, 16, 15, 40, 56, 56, 19, 19, 5, 64]",52.041219512195134
"[25, 16, 22, 46, 42, 43, 14, 15, 42, 58, 56, 19, 19, 6, 65]",49.200796747967495
"[25, 15, 22, 47, 42, 43, 13, 15, 41, 56, 56, 19, 19, 6, 65]",50.49416192411914
"[25, 16, 22, 48, 42, 43, 12, 15, 42, 57, 56, 20, 23, 6, 65]",50.439544715446964
"[25, 15, 22, 48, 42, 43, 15, 15, 40, 54, 56, 20, 21, 6, 64]",50.77065447154466
"[25, 15, 22, 45, 42, 41, 15, 15, 40, 54, 56, 22, 19, 6, 65]",51.85276219512213
"[27, 15, 22, 47, 42, 43, 16, 15, 41, 56, 56, 19, 19, 6, 65]",49.30735535230342
"[25, 14, 22, 48, 42, 43, 15, 17, 42, 61, 57, 22, 20, 6, 65]",50.85700237127363
"[26, 15, 22, 48, 42, 43, 17, 15, 41, 56, 56, 19, 20, 6, 65]",49.92096646341476
"[25, 15, 22, 48, 42, 43, 15, 15, 41, 54, 56, 19, 20, 7, 65]",50.318383130081315
"[25, 12, 22, 48, 42, 43, 16, 15, 42, 59, 56, 20, 22, 4, 65]",50.49808333333351
"[25, 17, 22, 47, 42, 43, 17, 15, 41, 57, 56, 19, 20, 6, 65]",49.27656436314334
"[25, 13, 22, 48, 42, 43, 16, 15, 40, 54, 56, 19, 20, 7, 65]",50.54931165311638
"[25, 14, 22, 48, 42, 43, 15, 15, 42, 59, 56, 19, 23, 5, 64]",50.91939871273737
"[25, 14, 22, 44, 42, 43, 17, 15, 42, 56, 56, 22, 21, 5, 65]",51.05198035230353
"[25, 15, 22, 48, 42, 41, 18, 15, 39, 55, 56, 19, 19, 6, 65]",51.30390379403793
"[25, 15, 22, 48, 42, 43, 17, 16, 42, 57, 56, 19, 19, 5, 65]",48.879224254742695
"[25, 14, 22, 48, 42, 40, 15, 15, 37, 53, 56, 19, 19, 5, 64]",50.395342140921386
"[25, 15, 22, 48, 42, 43, 15, 15, 40, 55, 57, 19, 19, 6, 65]",49.1333306233062
"[25, 15, 22, 45, 42, 43, 18, 15, 42, 53, 56, 20, 20, 6, 65]",51.2509613821139
"[25, 15, 22, 48, 42, 42, 16, 15, 40, 55, 56, 19, 19, 6, 63]",50.49828218157187
"[25, 16, 22, 46, 42, 43, 18, 15, 42, 57, 56, 19, 19, 6, 65]",48.49916531165314
"[25, 15, 22, 47, 42, 43, 12, 15, 39, 55, 56, 19, 19, 6, 65]",50.43336144986433
"[26, 16, 22, 48, 42, 43, 17, 15, 42, 55, 56, 20, 20, 6, 65]",50.14321951219511
"[25, 14, 22, 48, 42, 42, 16, 15, 40, 53, 56, 21, 22, 6, 65]",51.70785094850965
"[25, 14, 22, 46, 42, 42, 15, 15, 40, 53, 57, 19, 19, 6, 65]",49.615473577236045
"[29, 15, 22, 47, 42, 43, 16, 15, 42, 57, 56, 19, 18, 6, 65]",52.019472222222355
"[25, 15, 22, 47, 42, 43, 14, 15, 42, 61, 61, 19, 19, 6, 65]",50.44494241192419
"[25, 16, 22, 48, 42, 43, 17, 15, 40, 57, 56, 19, 20, 6, 65]",50.09600880758808
"[25, 13, 22, 48, 42, 43, 14, 15, 41, 53, 56, 20, 20, 6, 65]",49.76790819783196
"[25, 14, 22, 48, 42, 43, 16, 15, 42, 58, 57, 20, 19, 4, 65]",51.68144512195112
"[26, 15, 22, 48, 42, 43, 17, 15, 39, 59, 56, 20, 21, 6, 65]",49.42885501355009
"[25, 14, 22, 46, 42, 43, 15, 15, 40, 56, 56, 19, 19, 5, 65]",50.21956470189693
"[25, 15, 22, 48, 42, 43, 15, 15, 42, 60, 59, 19, 20, 6, 65]",50.13960433604342
"[26, 15, 22, 48, 42, 43, 15, 15, 42, 56, 56, 20, 23, 6, 65]",51.38245867208662
"[25, 16, 22, 47, 42, 42, 15, 15, 39, 55, 56, 19, 19, 6, 65]",50.37904945799445
"[25, 15, 22, 47, 42, 43, 17, 15, 42, 58, 56, 19, 19, 6, 65]",51.74612059620583
"[25, 16, 22, 48, 42, 41, 15, 15, 38, 51, 56, 19, 19, 4, 64]",50.41941903794016
"[25, 14, 22, 47, 42, 42, 15, 15, 42, 55, 57, 19, 19, 6, 65]",49.97350813008129
"[25, 17, 22, 48, 42, 43, 17, 15, 41, 54, 56, 21, 20, 6, 65]",53.372684281843
"[25, 16, 22, 48, 42, 41, 16, 15, 40, 54, 56, 19, 19, 7, 64]",51.400056910569134
"[25, 14, 22, 48, 42, 43, 21, 15, 41, 58, 56, 19, 19, 6, 65]",50.159673102980975
"[25, 15, 22, 48, 42, 43, 20, 15, 39, 53, 56, 19, 19, 6, 65]",50.52794308943095
"[25, 15, 22, 48, 42, 43, 19, 15, 39, 56, 58, 20, 18, 6, 65]",49.16867310298093
"[25, 14, 22, 48, 42, 42, 16, 15, 40, 54, 58, 20, 23, 6, 64]",50.97701626016276
"[25, 14, 22, 48, 42, 42, 14, 15, 40, 54, 56, 19, 21, 6, 65]",49.79088584010829
"[28, 16, 22, 46, 42, 43, 16, 15, 42, 59, 56, 19, 18, 6, 64]",51.898341124661286
"[25, 14, 22, 48, 42, 43, 15, 15, 42, 58, 58, 19, 19, 6, 65]",51.631151422764255
"[25, 16, 22, 46, 42, 43, 16, 15, 40, 58, 56, 19, 21, 6, 65]",52.14983943089446
"[25, 12, 22, 47, 42, 41, 15, 15, 40, 52, 56, 20, 19, 6, 65]",50.49608875338766
"[25, 17, 22, 44, 42, 43, 17, 15, 42, 57, 56, 19, 18, 8, 65]",51.865379742547454
"[25, 14, 22, 48, 42, 43, 15, 15, 42, 58, 56, 20, 22, 6, 65]",50.84237398373982
"[25, 16, 22, 47, 42, 43, 14, 15, 40, 57, 56, 19, 20, 5, 65]",52.47420596205969
"[25, 15, 22, 48, 42, 43, 18, 15, 42, 58, 57, 21, 15, 5, 65]",50.880435636856596
"[26, 14, 22, 48, 42, 43, 16, 16, 40, 56, 58, 19, 23, 6, 65]",50.71992107046059
"[25, 15, 22, 48, 42, 43, 13, 15, 41, 55, 56, 19, 20, 6, 65]",50.070642615176375
"[25, 15, 22, 45, 42, 43, 14, 15, 42, 60, 56, 19, 18, 7, 64]",49.91037771002709
"[25, 17, 22, 47, 42, 42, 15, 15, 39, 53, 57, 19, 19, 5, 64]",52.597251693766744
"[25, 15, 22, 48, 42, 42, 16, 16, 41, 56, 57, 19, 20, 6, 65]",52.45382249322497
"[25, 17, 22, 48, 42, 43, 16, 15, 41, 58, 56, 20, 19, 6, 65]",49.50202472899725
"[25, 15, 22, 48, 42, 41, 18, 15, 40, 55, 56, 19, 19, 7, 65]",49.69160094850939
"[25, 13, 22, 48, 42, 43, 19, 15, 42, 60, 56, 19, 19, 6, 65]",51.46952879403801
"[25, 16, 22, 46, 42, 43, 22, 15, 42, 54, 56, 19, 19, 6, 65]",51.68960128726271
"[25, 15, 22, 46, 42, 43, 12, 15, 41, 58, 57, 20, 20, 6, 65]",55.023614837398355
"[25, 15, 22, 48, 42, 42, 15, 15, 40, 54, 58, 19, 20, 6, 62]",51.15974051490515
"[25, 15, 22, 48, 42, 43, 13, 15, 40, 54, 56, 19, 20, 6, 65]",50.28113516260156
"[25, 17, 22, 48, 42, 42, 17, 15, 41, 58, 56, 19, 18, 6, 64]",50.87382554200542
"[25, 12, 22, 47, 42, 43, 16, 15, 42, 55, 56, 22, 21, 6, 65]",52.54122662601636
"[26, 17, 22, 48, 42, 43, 15, 15, 40, 57, 56, 19, 21, 6, 65]",49.035670054200565
"[25, 12, 22, 46, 42, 40, 16, 15, 40, 54, 56, 20, 20, 8, 65]",52.096026084010724
"[25, 17, 22, 47, 42, 43, 16, 15, 42, 56, 56, 19, 18, 8, 65]",50.847564024390365
"[25, 14, 22, 47, 42, 43, 14, 15, 42, 57, 56, 19, 21, 6, 65]",49.92603590785907
"[25, 14, 22, 48, 42, 43, 17, 15, 41, 56, 56, 19, 19, 7, 64]",50.62455487804875
"[25, 13, 22, 48, 42, 43, 20, 15, 42, 56, 57, 20, 13, 4, 65]",59.0656212737128
"[25, 14, 22, 48, 42, 43, 17, 15, 39, 55, 58, 19, 22, 6, 65]",51.47528082655835
"[25, 16, 22, 45, 42, 42, 14, 15, 41, 55, 56, 19, 20, 6, 65]",50.72957418699196
"[25, 16, 22, 44, 42, 43, 13, 15, 42, 62, 56, 19, 18, 7, 65]",51.45000169376687
"[25, 13, 22, 48, 42, 40, 15, 15, 39, 53, 56, 19, 19, 7, 64]",52.474386517615095
"[25, 16, 22, 48, 42, 43, 16, 15, 40, 56, 57, 21, 20, 6, 65]",51.84717411924139
"[26, 16, 22, 48, 42, 43, 15, 15, 40, 56, 56, 20, 20, 6, 65]",51.372579945799316
"[25, 14, 22, 48, 42, 41, 18, 15, 40, 55, 56, 19, 19, 6, 65]",49.646094850948415
"[25, 16, 22, 48, 42, 43, 16, 15, 42, 61, 56, 19, 19, 6, 65]",50.73839227642294
"[25, 16, 22, 45, 42, 43, 17, 15, 42, 57, 56, 19, 19, 6, 65]",50.10653455284556
"[25, 15, 22, 48, 42, 43, 12, 15, 42, 55, 56, 20, 23, 6, 65]",50.217329945799314
"[25, 16, 22, 48, 42, 41, 14, 15, 40, 56, 56, 19, 18, 6, 65]",51.01796985094857
"[25, 16, 22, 48, 42, 42, 17, 15, 40, 53, 56, 20, 19, 6, 65]",50.91455149051487
"[25, 15, 22, 48, 42, 43, 16, 15, 41, 58, 56, 19, 19, 5, 64]",50.91949627371277
"[25, 12, 22, 46, 42, 43, 16, 15, 42, 55, 56, 24, 21, 6, 65]",52.564461382113805
"[25, 16, 22, 48, 42, 43, 16, 15, 42, 57, 56, 20, 21, 6, 65]",50.96755826558253
"[25, 15, 22, 47, 42, 40, 16, 15, 41, 55, 57, 19, 20, 8, 65]",51.89913550135491
"[25, 15, 22, 48, 42, 43, 15, 15, 42, 58, 56, 19, 23, 4, 65]",50.47350982384852
"[25, 14, 22, 48, 42, 43, 17, 15, 42, 56, 57, 19, 19, 6, 65]",50.44558367208666
"[25, 14, 22, 48, 42, 42, 17, 15, 40, 55, 56, 19, 19, 7, 64]",50.1653031842817
"[25, 14, 22, 48, 42, 43, 18, 15, 42, 57, 56, 19, 23, 4, 63]",60.68984789972909
"[25, 16, 22, 46, 42, 43, 17, 15, 41, 56, 57, 21, 19, 5, 65]",50.818954268292856
"[25, 17, 22, 47, 42, 42, 18, 15, 39, 55, 56, 19, 21, 6, 65]",49.34313753387533
"[25, 15, 22, 47, 42, 43, 15, 15, 42, 60, 56, 19, 19, 5, 65]",48.6400718157182
"[25, 13, 22, 48, 42, 41, 15, 15, 39, 52, 56, 19, 18, 6, 65]",50.06302574525746
"[25, 14, 22, 48, 42, 43, 15, 15, 42, 56, 58, 19, 20, 6, 65]",50.663574186991816
"[27, 12, 22, 48, 42, 43, 15, 15, 41, 55, 56, 19, 20, 6, 65]",50.465851287262765
"[25, 14, 22, 47, 42, 41, 15, 15, 40, 55, 56, 19, 20, 6, 65]",53.34259823848238
"[25, 17, 22, 48, 42, 43, 16, 15, 42, 60, 56, 19, 19, 6, 65]",49.04534146341454
"[25, 15, 22, 46, 42, 43, 12, 15, 42, 59, 56, 19, 19, 6, 65]",49.63502811653129
"[25, 15, 22, 48, 42, 43, 12, 15, 39, 54, 56, 19, 21, 6, 65]",49.389884823848156
"[25, 13, 22, 47, 42, 41, 17, 15, 40, 56, 56, 19, 18, 6, 65]",50.210351626016376
"[25, 16, 22, 48, 42, 42, 18, 15, 40, 53, 56, 20, 19, 6, 65]",50.62330250677494
"[25, 15, 22, 48, 42, 43, 16, 15, 42, 57, 56, 19, 19, 4, 64]",50.73051693766967
"[25, 14, 22, 47, 42, 43, 16, 15, 41, 60, 58, 21, 19, 6, 65]",54.49581368563679
"[26, 16, 22, 48, 42, 43, 17, 15, 42, 57, 56, 20, 20, 6, 65]",51.88903726287272
"[25, 16, 22, 45, 42, 42, 14, 15, 41, 52, 57, 21, 20, 6, 65]",49.81860128726286
"[25, 13, 22, 48, 42, 43, 17, 15, 41, 59, 56, 19, 23, 4, 65]",50.500344512195134
"[25, 14, 22, 47, 42, 43, 17, 15, 40, 55, 57, 19, 20, 6, 65]",50.69207012195134
"[25, 14, 22, 48, 42, 43, 16, 15, 40, 57, 56, 19, 20, 4, 65]",50.26690718157165
"[25, 14, 22, 46, 42, 43, 16, 15, 42, 58, 56, 19, 23, 4, 64]",51.281266598915934
"[26, 14, 22, 48, 42, 43, 16, 15, 41, 57, 56, 22, 22, 5, 65]",52.89616395663966
"[25, 15, 22, 48, 42, 43, 17, 15, 38, 56, 56, 19, 20, 6, 65]",50.04281334688349
"[25, 15, 22, 48, 42, 43, 17, 15, 42, 58, 56, 19, 19, 6, 64]",49.60987127371266
"[25, 15, 22, 47, 42, 42, 15, 15, 39, 53, 56, 19, 19, 5, 65]",53.96079539295381
"[25, 14, 22, 48, 42, 43, 14, 15, 42, 55, 57, 19, 19, 6, 65]",50.23395494579939
"[26, 12, 22, 48, 42, 43, 17, 15, 41, 56, 56, 20, 20, 6, 65]",51.04697696476961
"[25, 14, 22, 48, 42, 42, 17, 15, 40, 55, 56, 19, 20, 7, 65]",51.00488787262864
"[26, 13, 22, 48, 42, 43, 18, 15, 42, 59, 56, 19, 19, 6, 65]",49.88478624661251
"[25, 15, 22, 48, 42, 43, 12, 15, 42, 58, 56, 19, 19, 6, 65]",48.329710704606974
"[25, 15, 22, 45, 42, 43, 15, 15, 38, 54, 56, 21, 20, 6, 65]",49.66779471544726
"[25, 15, 22, 45, 42, 43, 16, 15, 40, 54, 56, 19, 22, 6, 61]",51.37363617886182
"[25, 14, 22, 46, 42, 42, 15, 15, 40, 53, 56, 19, 21, 6, 65]",55.30401185636861
"[27, 16, 22, 48, 42, 42, 17, 16, 42, 59, 56, 19, 18, 4, 64]",55.21232079945823
"[25, 15, 22, 45, 42, 43, 16, 15, 42, 61, 60, 19, 19, 6, 65]",51.83037635501361
"[25, 15, 22, 48, 42, 43, 15, 16, 42, 57, 56, 20, 19, 6, 65]",49.514309281842806
"[25, 12, 22, 48, 42, 43, 15, 15, 40, 51, 57, 20, 20, 5, 65]",49.70118394308938
"[25, 13, 22, 47, 42, 43, 17, 15, 42, 58, 56, 20, 21, 8, 65]",50.39701287262871
"[25, 14, 22, 48, 42, 43, 17, 15, 41, 60, 56, 20, 21, 6, 65]",50.786448848238244
"[26, 15, 22, 48, 42, 42, 15, 15, 40, 58, 56, 19, 20, 3, 65]",48.17594817073201
"[25, 14, 22, 47, 42, 43, 17, 15, 42, 59, 58, 19, 23, 6, 65]",50.2014464769648
"[25, 12, 22, 48, 42, 43, 15, 15, 41, 57, 58, 20, 22, 6, 65]",49.69839769647691
"[26, 15, 22, 48, 42, 42, 14, 15, 40, 56, 56, 19, 19, 6, 65]",50.71767649051481
"[25, 15, 22, 48, 42, 43, 18, 15, 42, 60, 56, 19, 19, 7, 64]",51.66981029810283
"[25, 17, 22, 48, 42, 41, 15, 15, 39, 53, 56, 19, 19, 6, 63]",51.35323814363155
"[25, 16, 22, 47, 42, 43, 16, 15, 40, 56, 57, 19, 19, 6, 65]",49.85847730352308
"[26, 12, 22, 46, 42, 43, 16, 15, 40, 55, 56, 19, 19, 6, 65]",50.79367953929549
"[25, 16, 22, 48, 42, 42, 19, 15, 40, 56, 56, 19, 20, 7, 64]",51.047952574525624
"[25, 15, 22, 45, 42, 43, 18, 15, 42, 56, 56, 19, 19, 6, 65]",49.22259552845522
"[26, 15, 22, 48, 42, 43, 12, 15, 41, 55, 56, 19, 19, 6, 65]",50.69238922764212
"[25, 15, 22, 45, 42, 43, 16, 15, 42, 54, 56, 21, 21, 6, 65]",50.25342581300808
"[25, 16, 22, 48, 42, 43, 15, 15, 40, 54, 56, 19, 21, 6, 60]",50.14842073170751
"[26, 13, 22, 47, 42, 43, 13, 15, 40, 54, 56, 19, 21, 6, 65]",49.80928082655843
"[28, 16, 22, 48, 42, 39, 16, 15, 41, 59, 56, 19, 18, 6, 63]",50.82956842818434
"[25, 14, 22, 44, 42, 43, 16, 15, 42, 57, 56, 21, 20, 6, 65]",49.71384688346879
"[25, 16, 22, 47, 42, 43, 14, 15, 42, 56, 56, 19, 22, 6, 65]",51.484880420053955
"[25, 12, 22, 46, 42, 41, 15, 15, 41, 51, 56, 19, 20, 5, 65]",52.774067750677474
"[25, 15, 22, 47, 42, 43, 15, 15, 42, 57, 57, 20, 19, 7, 65]",50.75261348238488
"[25, 14, 22, 48, 42, 43, 16, 15, 41, 59, 56, 20, 21, 6, 65]",50.33140548780483
"[25, 15, 22, 48, 42, 43, 15, 15, 40, 57, 56, 19, 18, 3, 64]",49.03103760162605
"[25, 14, 22, 48, 42, 43, 18, 15, 42, 60, 61, 20, 14, 6, 65]",49.805811653116436
"[25, 17, 22, 45, 42, 43, 17, 15, 41, 55, 59, 19, 20, 7, 65]",49.917546747967286
"[27, 16, 22, 48, 42, 43, 13, 15, 40, 56, 56, 19, 19, 6, 65]",50.44299593495916
"[25, 15, 22, 48, 42, 43, 17, 15, 42, 62, 56, 19, 19, 6, 64]",49.05631978319771
"[26, 16, 22, 47, 42, 41, 15, 15, 40, 52, 56, 19, 19, 7, 63]",49.62815345528456
"[25, 15, 22, 46, 42, 43, 17, 15, 40, 56, 56, 19, 21, 6, 65]",51.89324762872614
"[25, 17, 22, 48, 42, 43, 16, 15, 41, 55, 56, 20, 19, 6, 65]",52.024134485095026
"[25, 17, 22, 48, 42, 42, 17, 15, 40, 55, 56, 19, 19, 6, 64]",50.54189227642273
"[25, 16, 22, 43, 42, 43, 17, 15, 42, 56, 56, 19, 19, 6, 65]",51.92700609756116
"[25, 16, 22, 48, 42, 43, 13, 15, 41, 55, 56, 19, 19, 6, 65]",48.88775203252045
"[25, 15, 22, 48, 42, 43, 15, 15, 42, 57, 56, 19, 22, 6, 65]",49.32504979674774
"[25, 15, 22, 48, 42, 43, 16, 15, 40, 56, 57, 19, 20, 6, 61]",50.24792852303524
"[25, 17, 22, 47, 42, 43, 17, 15, 40, 54, 56, 19, 20, 6, 65]",50.58326490514907
"[28, 17, 22, 47, 42, 40, 16, 15, 41, 59, 56, 19, 19, 6, 63]",51.57000914634149
"[25, 13, 22, 48, 42, 43, 16, 15, 42, 58, 56, 22, 20, 6, 65]",51.762049119241325
"[25, 15, 22, 45, 42, 43, 15, 15, 41, 57, 56, 19, 22, 6, 65]",49.66063990514907
"[25, 15, 22, 43, 42, 41, 14, 15, 42, 53, 56, 19, 19, 8, 65]",51.236822831978294
"[25, 16, 22, 47, 42, 43, 14, 15, 42, 58, 58, 19, 20, 4, 65]",49.740171747967416
"[25, 15, 22, 48, 42, 43, 15, 15, 42, 57, 56, 19, 20, 6, 65]",50.246899051490736
"[25, 14, 22, 48, 42, 43, 17, 15, 42, 57, 56, 19, 19, 4, 62]",56.18187533875337
"[25, 15, 22, 47, 42, 43, 18, 15, 42, 58, 58, 20, 15, 4, 65]",60.89501558265576
"[26, 16, 22, 48, 42, 43, 18, 16, 41, 54, 59, 20, 20, 5, 65]",50.39375982384837
"[25, 17, 23, 47, 42, 43, 12, 15, 40, 55, 56, 19, 19, 6, 65]",49.9475918021679
"[25, 15, 22, 48, 42, 43, 16, 16, 42, 60, 56, 19, 18, 5, 65]",50.38641937669392
"[25, 14, 22, 48, 42, 41, 15, 15, 40, 52, 56, 19, 19, 5, 65]",49.16581944444478
"[25, 15, 22, 48, 42, 43, 16, 15, 41, 55, 56, 19, 21, 6, 65]",50.61202269647709
"[25, 15, 22, 48, 42, 43, 16, 15, 42, 56, 56, 20, 19, 6, 65]",50.70749864498652
"[26, 13, 22, 48, 42, 42, 16, 15, 41, 55, 56, 19, 19, 6, 65]",50.44972933604339
"[25, 16, 22, 48, 42, 43, 16, 15, 42, 56, 56, 19, 19, 6, 65]",49.91694071815721
"[25, 16, 22, 48, 42, 42, 14, 15, 40, 56, 56, 19, 19, 6, 65]",48.87984146341489
"[25, 16, 22, 48, 42, 43, 14, 15, 41, 57, 56, 19, 22, 6, 65]",50.10541836043342
"[25, 13, 22, 48, 42, 42, 16, 15, 40, 56, 56, 19, 18, 5, 65]",50.475784552845695
"[25, 15, 22, 48, 42, 42, 19, 15, 40, 53, 56, 20, 19, 6, 65]",50.56671951219484
"[25, 18, 22, 47, 42, 43, 16, 15, 40, 58, 56, 19, 19, 6, 65]",51.6494705284552
"[25, 12, 22, 48, 42, 43, 15, 15, 42, 57, 56, 21, 19, 6, 65]",52.321350609756216
"[25, 15, 22, 46, 42, 43, 17, 15, 41, 56, 56, 20, 20, 6, 65]",49.416969173441736
"[25, 16, 22, 45, 42, 41, 14, 15, 40, 54, 56, 19, 18, 7, 65]",48.68933604336037
"[25, 14, 22, 47, 42, 43, 14, 16, 41, 59, 56, 19, 21, 3, 65]",53.52444749322487
"[25, 16, 22, 46, 42, 43, 15, 15, 41, 57, 56, 19, 20, 6, 65]",48.764123644986455
"[26, 15, 22, 48, 42, 43, 16, 15, 42, 58, 56, 19, 19, 5, 63]",49.154523373983835
"[25, 15, 22, 44, 42, 43, 16, 15, 42, 57, 56, 19, 23, 6, 65]",59.164082994580006
"[26, 14, 22, 48, 42, 42, 16, 16, 41, 54, 58, 22, 22, 5, 65]",50.39985975609744
"[25, 15, 22, 47, 42, 43, 18, 15, 40, 54, 56, 19, 19, 6, 65]",50.25165006775056
"[25, 15, 22, 48, 42, 43, 16, 16, 42, 58, 56, 19, 18, 5, 64]",50.92975948509493
"[25, 14, 22, 48, 42, 41, 15, 15, 38, 54, 56, 19, 18, 6, 64]",48.79729065040644
"[25, 15, 22, 48, 42, 43, 14, 15, 42, 56, 56, 21, 18, 6, 65]",50.096641260162706
"[25, 12, 22, 48, 42, 43, 17, 15, 42, 56, 56, 19, 20, 6, 65]",51.688005081300986
"[28, 13, 22, 48, 42, 42, 17, 15, 40, 55, 56, 19, 19, 6, 65]",50.8379705284554
"[25, 14, 22, 48, 42, 43, 18, 15, 42, 58, 56, 19, 19, 6, 65]",50.839599932249186
"[26, 15, 22, 48, 42, 41, 15, 15, 40, 57, 56, 19, 19, 6, 65]",49.99330962059605
"[25, 16, 22, 48, 42, 43, 15, 15, 40, 56, 56, 20, 20, 6, 65]",50.68331300813001
"[25, 13, 22, 48, 42, 43, 16, 15, 41, 55, 56, 19, 23, 5, 65]",51.04648001355026
"[25, 13, 22, 48, 42, 43, 17, 15, 40, 54, 56, 20, 20, 6, 65]",51.177268631436284
"[25, 14, 22, 48, 42, 43, 15, 15, 41, 55, 56, 19, 19, 5, 65]",50.696392953929575
"[25, 13, 22, 45, 42, 43, 16, 15, 42, 57, 57, 19, 20, 6, 65]",50.73398170731734
"[25, 15, 22, 48, 42, 43, 16, 16, 42, 56, 56, 20, 19, 6, 65]",49.0528424796748
"[25, 14, 22, 48, 42, 41, 15, 15, 40, 52, 56, 20, 20, 5, 65]",48.98491937669379
"[25, 15, 22, 46, 42, 43, 16, 15, 41, 55, 56, 19, 20, 7, 65]",49.64939871273714
"[25, 15, 22, 46, 42, 43, 17, 15, 39, 58, 56, 19, 20, 6, 65]",52.04110094850977
"[26, 16, 22, 46, 42, 43, 15, 15, 41, 57, 56, 19, 20, 4, 64]",50.291327913279076
"[25, 14, 22, 48, 42, 43, 15, 15, 42, 58, 56, 19, 18, 6, 65]",50.19664092140919
"[25, 13, 22, 48, 42, 42, 15, 15, 39, 58, 57, 20, 23, 6, 65]",50.21913143631439
"[25, 14, 22, 48, 42, 41, 18, 15, 40, 57, 56, 19, 20, 6, 65]",50.85901253387525
"[25, 16, 22, 48, 42, 43, 16, 15, 42, 58, 56, 19, 19, 5, 63]",51.508156842818444
"[25, 15, 22, 46, 42, 41, 15, 15, 39, 53, 56, 19, 18, 7, 64]",49.828489159891774
"[25, 15, 22, 48, 42, 43, 14, 15, 41, 56, 57, 23, 19, 6, 65]",51.46148204607047
"[25, 15, 22, 46, 42, 43, 16, 15, 41, 57, 56, 19, 20, 6, 65]",51.452840785907966
"[25, 16, 22, 48, 42, 42, 18, 15, 39, 56, 56, 19, 19, 6, 64]",50.454069783197646
"[25, 14, 22, 48, 42, 43, 19, 15, 42, 58, 56, 19, 19, 6, 65]",50.720911246612346
"[26, 14, 22, 48, 42, 43, 14, 15, 41, 58, 56, 19, 19, 6, 65]",51.11228319783204
"[25, 14, 22, 48, 42, 43, 16, 15, 40, 55, 56, 20, 21, 6, 65]",51.216165989160004
"[25, 14, 22, 48, 42, 42, 15, 15, 40, 54, 56, 19, 22, 5, 64]",50.715438346883616
"[25, 13, 22, 46, 42, 43, 14, 15, 40, 56, 56, 19, 20, 6, 65]",51.0230121951219
"[27, 14, 22, 46, 42, 43, 16, 15, 41, 56, 56, 19, 19, 6, 64]",50.31111111111093
"[25, 14, 22, 44, 42, 43, 16, 15, 41, 59, 56, 21, 20, 6, 65]",51.079977981029934
"[25, 16, 22, 48, 42, 43, 16, 16, 42, 59, 56, 19, 20, 6, 65]",50.45255216802172
"[25, 13, 22, 48, 42, 42, 15, 15, 41, 53, 56, 20, 20, 7, 65]",50.32968326558276
"[25, 15, 22, 48, 42, 43, 18, 15, 42, 56, 56, 19, 18, 8, 65]",51.40647628726293
"[25, 14, 22, 45, 42, 43, 18, 15, 39, 56, 56, 19, 20, 6, 65]",50.26685636856378
"[25, 14, 22, 46, 42, 43, 16, 15, 41, 57, 56, 19, 20, 4, 64]",51.1291473577235
"[26, 14, 22, 48, 42, 43, 15, 15, 42, 57, 56, 19, 16, 6, 65]",49.302394647696275
"[25, 15, 22, 48, 42, 42, 15, 15, 39, 55, 57, 20, 18, 6, 65]",50.536444444444435
"[25, 16, 22, 46, 42, 43, 13, 15, 40, 56, 56, 19, 21, 6, 65]",52.21283163956651
"[25, 16, 22, 48, 42, 43, 16, 15, 42, 59, 56, 19, 19, 7, 63]",51.920115514905184
"[25, 16, 22, 46, 42, 41, 15, 15, 39, 51, 56, 19, 19, 7, 64]",49.86741869918695
"[25, 16, 22, 46, 42, 43, 16, 15, 41, 55, 59, 20, 20, 6, 65]",49.619632791327845
"[25, 17, 22, 46, 42, 43, 15, 15, 41, 56, 56, 20, 20, 6, 65]",49.811492208671986
"[25, 15, 22, 48, 42, 43, 15, 15, 39, 56, 56, 19, 19, 6, 64]",49.67466565040628
"[25, 17, 22, 47, 42, 43, 17, 16, 42, 59, 56, 19, 19, 6, 65]",51.544715108400965
"[25, 15, 22, 48, 42, 43, 14, 15, 41, 58, 56, 19, 19, 6, 65]",50.159558604335956
"[25, 15, 22, 48, 42, 43, 15, 15, 40, 56, 56, 19, 21, 6, 65]",50.79112093495932
"[25, 15, 22, 46, 42, 43, 15, 15, 40, 54, 56, 20, 19, 7, 65]",51.62176016260168
"[25, 18, 22, 46, 42, 43, 15, 15, 40, 56, 56, 20, 20, 6, 65]",50.42078726287271
"[27, 16, 22, 45, 42, 42, 17, 15, 40, 57, 56, 19, 18, 6, 64]",49.31912466124676
"[25, 14, 22, 48, 42, 43, 15, 15, 42, 60, 56, 21, 19, 6, 65]",50.86406504065041
"[25, 16, 22, 48, 42, 43, 17, 15, 41, 59, 56, 19, 21, 6, 65]",50.887881097561106
"[25, 12, 22, 46, 42, 43, 14, 15, 40, 52, 56, 19, 20, 8, 65]",51.144686314362964
"[25, 15, 22, 48, 42, 43, 17, 15, 42, 59, 56, 20, 22, 7, 65]",50.89356029810305
"[25, 15, 22, 48, 42, 43, 15, 15, 41, 56, 56, 19, 21, 6, 65]",51.733842479674756
"[25, 14, 22, 48, 42, 43, 16, 15, 41, 57, 56, 19, 19, 5, 64]",51.029152777777774
"[25, 15, 22, 48, 43, 43, 16, 15, 42, 57, 56, 19, 19, 6, 65]",58.197683604335886
"[26, 16, 22, 48, 42, 41, 18, 15, 39, 53, 56, 20, 19, 5, 65]",50.2482130758807
"[25, 17, 22, 48, 42, 43, 12, 15, 41, 55, 56, 20, 21, 6, 65]",48.51776863143639
"[26, 15, 22, 48, 42, 43, 15, 15, 42, 57, 56, 19, 19, 6, 65]",50.36770833333314
"[25, 16, 22, 46, 42, 41, 15, 15, 39, 51, 56, 19, 19, 6, 64]",49.98887872628724
"[25, 17, 22, 48, 42, 43, 16, 15, 41, 56, 60, 19, 20, 6, 65]",50.897618563685825
"[26, 14, 22, 48, 42, 43, 16, 15, 41, 55, 56, 20, 20, 6, 65]",50.51688584010823
"[25, 15, 22, 48, 43, 42, 13, 15, 42, 56, 56, 19, 19, 6, 65]",51.199013550135554
"[25, 17, 22, 45, 42, 43, 17, 17, 42, 57, 56, 19, 19, 6, 65]",50.76918970189705
"[25, 16, 22, 48, 42, 43, 14, 15, 40, 56, 56, 19, 19, 6, 65]",48.2273018292683
"[25, 16, 22, 47, 42, 42, 14, 15, 40, 56, 56, 21, 21, 6, 65]",51.12308976964772
"[25, 15, 22, 48, 42, 41, 15, 15, 40, 55, 56, 20, 22, 6, 64]",49.0704532520327
"[25, 19, 22, 48, 42, 42, 17, 15, 40, 54, 56, 22, 20, 6, 65]",50.81045968834676
"[27, 17, 22, 48, 42, 42, 16, 15, 41, 58, 56, 19, 19, 6, 64]",50.806035230352286
"[25, 13, 22, 48, 42, 43, 15, 15, 42, 59, 57, 20, 20, 6, 65]",50.0649776422766
"[26, 16, 22, 48, 42, 43, 16, 15, 42, 58, 56, 19, 20, 6, 65]",51.15312500000009
"[25, 14, 22, 47, 42, 41, 15, 15, 41, 54, 56, 20, 20, 6, 65]",51.572923441734474
"[25, 15, 22, 48, 42, 43, 16, 15, 42, 58, 57, 20, 23, 5, 65]",49.31057994579941
"[25, 15, 22, 48, 42, 43, 14, 15, 41, 57, 56, 19, 21, 6, 65]",49.91232723577223
"[25, 15, 22, 48, 42, 43, 16, 16, 41, 58, 56, 19, 19, 4, 64]",51.247267276422726
"[25, 16, 22, 47, 42, 43, 16, 16, 42, 57, 56, 19, 19, 6, 64]",49.92715311653117
"[26, 16, 22, 48, 42, 41, 19, 15, 40, 54, 56, 19, 22, 5, 65]",50.60718258807566
"[26, 17, 22, 48, 42, 42, 16, 15, 40, 54, 56, 20, 20, 6, 65]",50.46818563685645
"[25, 15, 22, 48, 42, 43, 16, 15, 42, 57, 56, 19, 18, 5, 65]",51.16927269647709
"[25, 15, 22, 48, 42, 40, 15, 15, 39, 51, 56, 19, 18, 5, 65]",50.42195867208681
"[26, 17, 22, 48, 42, 43, 15, 15, 41, 56, 60, 20, 20, 6, 65]",53.87788651761526
"[27, 14, 22, 48, 42, 43, 16, 15, 42, 54, 56, 19, 19, 6, 65]",49.36526355013539
"[26, 16, 22, 48, 44, 41, 15, 15, 42, 55, 56, 19, 19, 6, 65]",48.79714701897018
"[25, 12, 22, 47, 42, 43, 19, 16, 42, 59, 56, 19, 19, 6, 65]",50.246005081301014
"[25, 16, 22, 48, 43, 43, 16, 15, 40, 54, 56, 19, 19, 6, 65]",50.10092649051492
"[25, 16, 22, 48, 42, 42, 15, 15, 40, 55, 56, 20, 20, 6, 65]",48.22846849593485
"[25, 15, 22, 47, 42, 41, 16, 15, 40, 55, 56, 20, 23, 5, 62]",50.803132791327975
"[25, 19, 22, 48, 42, 42, 15, 15, 40, 54, 56, 21, 20, 6, 65]",51.088397018970085
"[26, 17, 22, 47, 42, 43, 15, 15, 41, 56, 56, 19, 19, 5, 64]",49.28550304878017
"[25, 15, 22, 48, 42, 43, 17, 15, 42, 57, 59, 19, 20, 6, 65]",51.01874119241181
"[25, 16, 22, 48, 42, 43, 16, 15, 42, 57, 56, 20, 20, 6, 65]",50.454195799457786
"[25, 15, 22, 48, 42, 40, 16, 15, 41, 54, 56, 20, 20, 5, 65]",49.75992276422762
"[25, 15, 22, 48, 42, 43, 15, 15, 42, 57, 57, 19, 21, 5, 65]",49.354675135501545
"[25, 15, 22, 48, 42, 43, 17, 15, 40, 59, 56, 19, 20, 6, 65]",50.05595121951181
"[25, 15, 22, 46, 42, 43, 16, 15, 42, 59, 56, 19, 20, 6, 63]",53.19714939024381
"[26, 16, 22, 48, 42, 43, 15, 16, 42, 56, 56, 19, 19, 6, 65]",49.65323644986449
"[26, 15, 22, 48, 42, 43, 14, 15, 41, 56, 56, 19, 21, 5, 65]",50.48965311653095
"[26, 14, 22, 47, 42, 40, 16, 15, 40, 55, 56, 20, 21, 6, 65]",49.86092750677497
"[25, 15, 22, 48, 42, 43, 16, 15, 42, 60, 56, 19, 19, 5, 64]",52.0620511517616
"[25, 15, 22, 48, 42, 40, 15, 15, 37, 53, 56, 19, 19, 5, 65]",49.65578624661239
"[27, 17, 22, 48, 42, 43, 15, 15, 41, 55, 56, 20, 19, 6, 65]",50.52156910569083
"[25, 15, 22, 48, 42, 43, 16, 15, 42, 54, 56, 20, 19, 6, 65]",50.17678861788624
"[27, 16, 22, 48, 44, 41, 16, 15, 40, 55, 56, 19, 19, 6, 65]",50.867062669376715
"[26, 17, 22, 48, 42, 43, 17, 15, 42, 59, 56, 19, 19, 6, 65]",50.90613990514913
"[26, 16, 22, 48, 42, 43, 16, 15, 40, 55, 56, 19, 19, 6, 65]",50.46237161246624
"[25, 15, 22, 48, 43, 41, 16, 15, 40, 55, 56, 19, 19, 6, 65]",50.98258739837406
"[25, 15, 22, 48, 42, 42, 16, 15, 40, 54, 56, 20, 20, 6, 63]",50.79733502710018
"[26, 13, 22, 48, 42, 42, 14, 15, 40, 54, 56, 20, 19, 6, 65]",51.323211043360416
"[27, 17, 22, 48, 42, 43, 15, 15, 40, 56, 56, 19, 19, 5, 65]",50.23560670731704
"[25, 15, 22, 48, 42, 43, 18, 15, 42, 60, 58, 20, 20, 6, 65]",50.29416903794049
"[26, 14, 22, 48, 42, 43, 16, 15, 42, 56, 56, 20, 22, 6, 65]",50.357490853658376
"[25, 15, 22, 48, 42, 41, 16, 15, 40, 55, 56, 20, 20, 7, 65]",52.65514532520326
"[25, 15, 22, 48, 42, 43, 15, 15, 42, 58, 56, 20, 19, 8, 65]",50.6228272357726
"[25, 14, 22, 46, 42, 43, 17, 15, 41, 56, 56, 20, 20, 6, 65]",50.05438075880739
"[25, 15, 22, 47, 42, 43, 16, 15, 42, 58, 56, 19, 20, 5, 63]",50.652117208671996
"[26, 15, 22, 46, 42, 43, 15, 15, 42, 58, 56, 19, 18, 6, 65]",50.75350745257471
"[26, 15, 22, 48, 42, 43, 12, 15, 41, 56, 56, 19, 20, 7, 65]",50.51231605691071
"[26, 14, 22, 48, 42, 43, 15, 15, 40, 56, 56, 20, 22, 6, 65]",51.309278794037844
"[25, 15, 22, 47, 42, 43, 16, 15, 42, 61, 56, 19, 19, 5, 64]",49.45540582655815
"[25, 15, 22, 46, 42, 40, 15, 15, 38, 51, 56, 19, 19, 6, 64]",49.02393563685625
"[25, 16, 22, 48, 42, 43, 14, 15, 41, 55, 56, 19, 19, 6, 65]",50.54593394308945
"[25, 15, 22, 46, 42, 43, 16, 15, 42, 57, 56, 20, 19, 6, 65]",49.941195799458235
"[26, 16, 22, 48, 45, 41, 16, 15, 39, 55, 56, 19, 19, 6, 65]",50.62991700542005
"[25, 17, 22, 48, 42, 43, 17, 15, 42, 58, 56, 19, 19, 6, 65]",49.42368360433603
"[26, 15, 22, 48, 42, 42, 15, 15, 40, 55, 56, 19, 19, 6, 65]",49.54908570460693
"[26, 15, 22, 48, 42, 41, 16, 15, 40, 55, 56, 19, 19, 6, 65]",48.646713753387544
"[25, 15, 22, 48, 42, 42, 16, 15, 40, 54, 56, 19, 19, 7, 65]",49.78200406504063
"[25, 12, 22, 48, 42, 43, 15, 15, 40, 54, 56, 20, 19, 6, 65]",50.5584847560975
"[26, 15, 22, 48, 42, 42, 16, 15, 40, 58, 56, 19, 19, 5, 65]",49.56945460704605
"[25, 12, 22, 48, 42, 43, 16, 15, 42, 61, 58, 21, 20, 6, 65]",50.674441734417236
"[26, 16, 22, 48, 42, 43, 17, 15, 42, 57, 57, 20, 20, 6, 65]",50.42058265582641
"[25, 14, 22, 47, 42, 41, 15, 15, 41, 55, 56, 19, 19, 7, 65]",50.69956673441757
"[25, 16, 22, 46, 42, 43, 15, 15, 41, 57, 56, 20, 20, 7, 65]",50.67128692411923
"[25, 14, 22, 46, 42, 43, 15, 15, 42, 57, 56, 20, 20, 6, 65]",49.675858739837416
"[26, 15, 22, 48, 42, 43, 15, 15, 41, 57, 56, 19, 20, 4, 64]",50.0464105691057
"[26, 15, 22, 48, 42, 43, 16, 15, 40, 57, 56, 19, 18, 6, 65]",49.00715955284578
"[26, 15, 22, 48, 42, 43, 18, 15, 39, 55, 56, 19, 22, 6, 65]",49.13844986449858
"[25, 16, 22, 48, 42, 43, 12, 15, 40, 56, 56, 20, 18, 6, 65]",49.249341802167976
"[25, 15, 22, 47, 42, 43, 17, 16, 42, 61, 56, 19, 18, 5, 64]",50.41122594850955
"[26, 16, 22, 48, 42, 41, 15, 15, 39, 52, 56, 19, 19, 6, 64]",49.67441869918708
"[25, 14, 22, 48, 43, 42, 15, 15, 41, 56, 58, 19, 20, 6, 65]",50.12327574525744
"[25, 14, 22, 46, 42, 43, 16, 15, 42, 57, 56, 20, 20, 6, 65]",50.938347899729116
"[26, 16, 22, 48, 42, 41, 15, 15, 41, 55, 56, 19, 19, 6, 65]",50.315869579945605
"[25, 15, 22, 44, 42, 43, 19, 15, 42, 57, 56, 19, 19, 6, 65]",49.68500846883487
"[25, 15, 22, 47, 42, 43, 14, 15, 40, 56, 56, 19, 19, 6, 65]",51.22291192411894
"[25, 15, 22, 48, 42, 43, 16, 15, 40, 55, 56, 20, 20, 6, 65]",52.6534674796747
"[25, 15, 22, 48, 42, 42, 15, 15, 40, 55, 56, 19, 19, 5, 65]",50.42932689701906
"[25, 16, 22, 48, 42, 43, 16, 15, 40, 54, 56, 20, 19, 6, 65]",52.790561991869716
"[25, 15, 22, 48, 42, 43, 17, 15, 41, 59, 56, 19, 18, 7, 63]",51.34231368563689
"[26, 12, 22, 48, 42, 43, 16, 15, 42, 57, 58, 21, 20, 6, 65]",51.76800406504056
"[26, 17, 22, 48, 42, 43, 16, 15, 41, 57, 57, 19, 20, 6, 65]",49.616641260162716
"[25, 14, 22, 48, 42, 43, 16, 15, 40, 52, 56, 19, 20, 7, 65]",51.4265894308943
"[25, 15, 22, 44, 42, 43, 17, 15, 41, 57, 56, 20, 21, 4, 65]",50.67829945799477
"[25, 15, 22, 48, 42, 43, 17, 15, 39, 61, 56, 20, 21, 6, 65]",49.3556382113823
"[25, 16, 22, 48, 42, 43, 15, 15, 40, 58, 56, 19, 19, 5, 65]",51.33239193766935
"[25, 15, 22, 48, 42, 43, 17, 15, 40, 56, 56, 19, 19, 6, 64]",50.21727947154467
"[26, 15, 22, 48, 42, 42, 19, 15, 41, 55, 56, 20, 21, 5, 65]",49.258779471544905
"[25, 17, 22, 48, 42, 42, 15, 15, 40, 56, 56, 20, 18, 6, 65]",51.4066957994578
"[25, 15, 22, 48, 42, 43, 17, 15, 42, 57, 56, 19, 18, 6, 63]",48.575665989159816
"[26, 15, 22, 48, 42, 41, 15, 15, 39, 54, 56, 19, 18, 6, 64]",49.98047933604332
"[25, 16, 22, 48, 42, 43, 16, 15, 41, 56, 58, 19, 20, 6, 65]",50.08774796747973
"[25, 14, 22, 48, 42, 43, 17, 15, 42, 56, 56, 19, 20, 6, 65]",52.31244952574532
"[26, 14, 22, 48, 42, 41, 15, 15, 42, 55, 56, 19, 19, 6, 65]",51.5580220189703
"[26, 14, 22, 48, 42, 43, 19, 15, 42, 58, 56, 19, 19, 6, 65]",50.83242953929528
"[25, 16, 22, 48, 42, 43, 17, 15, 40, 55, 56, 19, 19, 6, 65]",50.14860501355001
"[25, 15, 22, 47, 42, 43, 16, 15, 40, 55, 56, 20, 20, 6, 65]",50.343237127371125
"[25, 15, 22, 45, 42, 43, 15, 15, 40, 55, 56, 19, 22, 4, 63]",54.548583333333404
"[25, 18, 22, 48, 42, 41, 15, 15, 40, 55, 56, 20, 20, 6, 65]",50.33863346883462
"[25, 16, 22, 45, 42, 43, 15, 15, 42, 58, 56, 19, 18, 5, 63]",50.71766429539287
"[26, 12, 22, 48, 42, 43, 16, 15, 42, 55, 58, 20, 19, 6, 65]",50.90144308943098
"[25, 16, 22, 48, 42, 43, 16, 16, 41, 56, 56, 19, 21, 6, 65]",49.51005081300816
"[25, 15, 22, 48, 42, 41, 16, 15, 40, 55, 56, 20, 20, 6, 65]",51.687283875338544
"[26, 15, 22, 48, 42, 43, 17, 15, 41, 56, 56, 20, 21, 5, 65]",51.21186415989166
"[25, 16, 22, 48, 42, 43, 16, 15, 37, 57, 56, 19, 20, 6, 65]",50.988306571815755
"[25, 15, 22, 47, 42, 43, 17, 15, 41, 57, 56, 19, 19, 6, 64]",49.72054844173458
"[25, 15, 22, 48, 42, 43, 17, 15, 40, 56, 56, 19, 19, 6, 64]",50.14121815718135
"[25, 15, 22, 48, 42, 43, 16, 15, 42, 55, 56, 20, 18, 5, 65]",49.69985602981041
"[25, 16, 22, 48, 42, 41, 17, 15, 41, 54, 56, 20, 20, 6, 65]",50.57259112466133
"[25, 15, 22, 47, 43, 43, 16, 15, 42, 55, 56, 19, 18, 7, 63]",51.03097459349608
"[25, 15, 22, 48, 42, 41, 15, 15, 39, 55, 56, 19, 19, 6, 65]",49.39887635501383
"[26, 17, 22, 48, 42, 43, 15, 15, 40, 55, 57, 19, 19, 6, 65]",49.90540108401083
"[25, 15, 22, 48, 42, 43, 16, 15, 42, 55, 56, 20, 20, 6, 65]",51.65465345528432
"[26, 15, 23, 48, 42, 42, 15, 15, 40, 55, 56, 19, 19, 6, 65]",50.48461619241189
"[25, 16, 22, 46, 42, 43, 17, 15, 42, 58, 56, 19, 19, 6, 65]",50.505796747967544
"[25, 16, 22, 48, 42, 43, 17, 15, 41, 56, 56, 19, 19, 6, 65]",51.391489159891506
"[25, 15, 22, 46, 42, 42, 16, 15, 40, 56, 56, 20, 21, 6, 65]",50.12358265582653
"[25, 15, 22, 48, 42, 43, 15, 15, 40, 55, 56, 19, 23, 6, 64]",51.12959281842829
"[26, 16, 22, 48, 42, 41, 15, 15, 40, 54, 56, 20, 20, 6, 65]",50.63262364498647
"[27, 16, 22, 45, 42, 43, 14, 15, 42, 57, 56, 19, 20, 3, 64]",50.71536991869923
"[25, 13, 22, 48, 42, 43, 15, 15, 42, 57, 57, 20, 18, 6, 65]",50.854085027100204
"[25, 14, 22, 48, 42, 43, 16, 17, 41, 58, 56, 19, 20, 6, 65]",49.78142987804895
"[25, 13, 22, 47, 42, 42, 15, 15, 40, 54, 56, 20, 20, 6, 65]",49.873906842818506
"[25, 15, 22, 48, 42, 43, 16, 15, 41, 55, 56, 19, 21, 8, 65]",50.458907520325134
"[25, 15, 22, 46, 42, 43, 16, 15, 42, 56, 56, 19, 20, 6, 65]",51.642822831978386
"[27, 15, 22, 48, 42, 43, 16, 15, 41, 56, 56, 19, 19, 6, 64]",51.97453523035251
"[25, 15, 22, 48, 42, 43, 16, 15, 40, 57, 56, 19, 19, 6, 65]",50.67747222222215
"[26, 14, 22, 48, 42, 43, 15, 15, 41, 55, 56, 20, 18, 5, 65]",50.27798848238492
"[25, 14, 22, 48, 42, 43, 13, 15, 40, 54, 56, 20, 22, 6, 65]",49.86206131436311
"[25, 16, 22, 45, 43, 43, 15, 15, 41, 56, 56, 19, 18, 6, 64]",50.263580284552894
"[25, 15, 22, 48, 42, 41, 15, 15, 40, 53, 56, 19, 20, 5, 65]",50.51071138211369
"[26, 17, 22, 48, 42, 42, 14, 15, 40, 55, 57, 19, 20, 6, 65]",52.89472831978294
"[26, 15, 22, 48, 42, 43, 15, 15, 41, 57, 56, 20, 20, 6, 65]",50.01253455284567
"[25, 16, 22, 48, 43, 42, 16, 15, 40, 55, 56, 19, 19, 6, 65]",49.91608536585378
"[25, 16, 22, 48, 42, 43, 16, 16, 42, 59, 56, 19, 19, 6, 65]",50.38315955284569
"[26, 16, 22, 48, 42, 42, 15, 15, 41, 57, 56, 19, 19, 6, 65]",49.48231504065032
"[25, 15, 22, 48, 42, 42, 16, 15, 40, 56, 56, 20, 20, 6, 65]",49.77332350948512
"[25, 15, 22, 48, 42, 42, 17, 15, 40, 55, 56, 20, 21, 7, 64]",50.187213414634186
"[27, 14, 22, 47, 42, 42, 15, 15, 40, 54, 56, 21, 20, 6, 65]",49.740798441734434
"[28, 16, 22, 46, 42, 42, 15, 15, 40, 57, 56, 19, 20, 3, 65]",52.501151422764394
"[25, 14, 22, 47, 42, 43, 15, 15, 42, 60, 56, 21, 18, 6, 65]",50.99868191056912
"[25, 15, 22, 48, 42, 43, 16, 15, 40, 57, 56, 19, 20, 6, 65]",50.119211043360515
"[25, 12, 22, 46, 42, 42, 16, 15, 42, 54, 56, 20, 20, 8, 65]",51.3902455962062
"[25, 15, 22, 48, 42, 43, 16, 15, 41, 57, 56, 21, 21, 8, 65]",50.43808502710014
"[25, 13, 22, 48, 42, 43, 16, 15, 42, 57, 56, 19, 20, 6, 65]",49.72076592140929
"[26, 15, 22, 48, 42, 43, 15, 15, 41, 58, 56, 19, 19, 6, 64]",51.82613008130067
"[25, 15, 22, 45, 42, 43, 16, 15, 40, 57, 56, 19, 19, 6, 65]",50.04394579945808
"[25, 14, 23, 48, 42, 42, 15, 15, 39, 55, 56, 20, 20, 6, 64]",50.370889227642216
"[25, 15, 22, 47, 42, 43, 14, 15, 40, 55, 57, 20, 22, 6, 65]",49.758911924119225
"[25, 16, 22, 45, 42, 43, 16, 15, 40, 59, 56, 19, 19, 5, 65]",53.50691971544694
"[25, 15, 22, 47, 42, 41, 15, 15, 41, 53, 56, 19, 19, 5, 65]",50.484025745257355
"[25, 14, 22, 47, 44, 42, 17, 15, 41, 55, 56, 20, 20, 6, 65]",49.72392140921387
"[27, 14, 22, 47, 42, 42, 16, 15, 40, 56, 56, 20, 19, 6, 65]",49.48738617886173
"[27, 15, 22, 48, 43, 42, 16, 15, 41, 55, 56, 19, 19, 6, 65]",51.07246104336041
"[25, 16, 22, 48, 42, 43, 17, 16, 42, 58, 56, 19, 19, 6, 65]",49.7041314363144
"[26, 16, 22, 48, 42, 42, 14, 15, 40, 57, 56, 19, 19, 6, 65]",51.31777269647704
"[25, 15, 22, 48, 42, 42, 16, 15, 40, 56, 56, 20, 19, 6, 65]",50.854860772357796
"[26, 14, 22, 48, 42, 41, 15, 15, 40, 55, 56, 20, 22, 6, 65]",48.67971375338753
"[27, 14, 22, 48, 42, 41, 15, 15, 40, 54, 56, 20, 20, 6, 65]",49.27058265582685
"[25, 17, 22, 46, 42, 41, 17, 15, 40, 56, 56, 19, 17, 5, 65]",51.163451897019016
"[25, 14, 22, 46, 42, 43, 15, 15, 42, 61, 57, 19, 23, 6, 65]",50.62892953929552
"[25, 16, 22, 48, 42, 43, 16, 15, 42, 57, 56, 19, 20, 6, 65]",52.31991768292667
"[25, 16, 22, 47, 42, 42, 16, 15, 42, 54, 56, 20, 20, 5, 65]",50.65423238482388
"[25, 15, 22, 48, 42, 43, 16, 15, 41, 58, 58, 21, 20, 4, 65]",49.587090785907655
"[25, 12, 22, 48, 42, 43, 16, 15, 41, 58, 56, 19, 20, 6, 65]",50.82438482384812
"[25, 15, 22, 48, 42, 43, 16, 15, 41, 58, 56, 19, 20, 5, 64]",49.72294004065061
"[25, 15, 22, 47, 42, 43, 16, 15, 40, 57, 56, 19, 18, 6, 65]",51.818586720867316
"[25, 14, 22, 47, 42, 42, 16, 15, 39, 55, 56, 19, 22, 6, 64]",51.06472662601619
"[25, 16, 22, 48, 42, 41, 17, 15, 40, 55, 58, 20, 20, 6, 65]",49.7583323170732
"[25, 16, 22, 48, 42, 43, 16, 15, 42, 59, 56, 19, 20, 4, 65]",52.10365413279137
"[25, 16, 22, 46, 42, 41, 15, 15, 41, 54, 56, 19, 19, 6, 65]",49.909831300813096
"[25, 13, 22, 48, 42, 42, 16, 15, 41, 56, 56, 20, 20, 6, 65]",50.240700542005506
"[25, 15, 22, 45, 42, 43, 17, 15, 41, 55, 56, 20, 19, 6, 65]",50.37990379403786
"[26, 14, 22, 48, 43, 42, 16, 15, 40, 54, 56, 19, 19, 6, 65]",50.741053523035156
"[26, 15, 22, 48, 42, 43, 16, 15, 42, 57, 56, 19, 19, 6, 65]",51.17274593495942
"[25, 15, 22, 48, 43, 43, 15, 15, 40, 56, 56, 19, 19, 6, 65]",48.66539126016265
"[25, 15, 22, 45, 42, 42, 16, 15, 40, 56, 56, 20, 20, 6, 65]",51.639884146341636
"[25, 14, 22, 47, 42, 43, 14, 15, 40, 55, 57, 20, 23, 5, 65]",51.01793224932269
"[25, 15, 22, 48, 42, 41, 15, 15, 40, 54, 56, 20, 19, 6, 65]",49.93990379403813
"[25, 16, 22, 48, 42, 40, 17, 15, 40, 55, 56, 19, 20, 6, 65]",56.866721544715496
"[25, 15, 22, 48, 42, 43, 16, 15, 42, 59, 57, 20, 20, 6, 65]",50.58747730352283
"[25, 16, 22, 48, 43, 43, 15, 15, 42, 56, 56, 19, 21, 6, 65]",50.99876151761499
"[25, 16, 22, 47, 42, 42, 15, 15, 42, 53, 57, 19, 20, 8, 65]",51.93145392953933
"[25, 15, 22, 48, 42, 43, 17, 15, 42, 58, 57, 20, 21, 6, 65]",50.33336212737125
"[25, 14, 22, 44, 42, 43, 17, 15, 40, 59, 56, 19, 22, 6, 65]",50.46787432249317
"[25, 15, 22, 47, 43, 43, 16, 15, 41, 58, 56, 19, 20, 5, 64]",49.60566395663988
"[25, 15, 22, 48, 42, 43, 16, 15, 42, 56, 56, 19, 18, 6, 64]",50.81322967479683
"[26, 15, 22, 47, 42, 41, 16, 15, 40, 55, 56, 19, 20, 6, 65]",49.517555555555695
"[25, 16, 22, 48, 42, 41, 15, 15, 40, 55, 57, 20, 19, 6, 65]",50.58014464769664
"[26, 16, 22, 48, 42, 43, 16, 15, 42, 57, 56, 19, 18, 7, 64]",49.05198238482414
"[25, 15, 22, 48, 43, 41, 16, 15, 38, 54, 56, 19, 18, 7, 64]",50.08740447154462
"[25, 14, 22, 48, 42, 43, 14, 15, 41, 56, 57, 20, 20, 6, 65]",50.17493902439032
"[25, 14, 22, 46, 42, 43, 16, 15, 41, 54, 56, 20, 19, 6, 65]",50.876306571815704
"[25, 15, 22, 48, 44, 42, 16, 15, 39, 54, 56, 19, 19, 6, 65]",48.232471205962064
"[26, 15, 22, 48, 42, 43, 16, 15, 42, 58, 56, 19, 19, 6, 65]",52.3111646341462
"[26, 15, 22, 48, 44, 43, 16, 15, 40, 55, 56, 19, 19, 6, 65]",50.08868766937663
"[26, 16, 22, 48, 42, 42, 15, 15, 40, 55, 56, 19, 20, 6, 65]",50.52163956639566
"[25, 15, 22, 48, 42, 42, 14, 15, 40, 55, 57, 20, 18, 7, 65]",48.698665650406504
"[25, 15, 22, 48, 42, 41, 14, 15, 40, 54, 56, 21, 20, 6, 65]",50.385076897018955
"[29, 15, 22, 48, 42, 40, 15, 15, 40, 56, 56, 19, 21, 6, 64]",49.748232723577374
"[25, 16, 22, 48, 42, 43, 16, 15, 42, 56, 57, 21, 18, 6, 65]",48.15896544715443
"[26, 16, 22, 48, 42, 43, 16, 15, 41, 56, 56, 19, 21, 6, 65]",49.54371375338752
"[25, 16, 22, 47, 42, 43, 15, 15, 41, 53, 57, 20, 20, 8, 65]",49.9975054200539
"[25, 14, 22, 48, 42, 43, 17, 15, 42, 58, 56, 19, 21, 8, 65]",50.113036585365755
"[25, 16, 22, 44, 42, 43, 17, 15, 42, 58, 56, 20, 23, 6, 65]",49.729034891598644
"[25, 15, 22, 47, 42, 43, 16, 15, 41, 58, 56, 19, 19, 5, 64]",51.933871951219395
"[25, 16, 22, 48, 42, 43, 16, 15, 41, 54, 56, 19, 18, 6, 64]",50.66952100270999
"[25, 14, 22, 48, 42, 42, 16, 15, 41, 54, 56, 21, 20, 5, 65]",50.668520325203254
"[26, 16, 22, 48, 42, 43, 14, 15, 41, 55, 56, 20, 21, 6, 65]",50.838588414633804
"[26, 16, 22, 48, 42, 43, 16, 15, 42, 57, 56, 19, 17, 7, 64]",50.8894278455286
"[26, 15, 22, 48, 44, 41, 14, 15, 40, 53, 56, 19, 18, 6, 64]",51.02177710027077
"[25, 16, 22, 48, 42, 43, 14, 15, 41, 55, 56, 20, 19, 6, 65]",48.904597899729005
"[25, 14, 22, 46, 42, 43, 15, 15, 41, 56, 56, 19, 20, 6, 65]",49.66588821138194
"[26, 16, 23, 48, 42, 42, 16, 15, 39, 54, 56, 19, 19, 6, 65]",49.01989295392947
"[25, 15, 22, 48, 42, 43, 18, 15, 42, 57, 56, 19, 19, 6, 65]",49.71611144986442
"[27, 17, 22, 48, 42, 42, 15, 15, 40, 57, 56, 19, 19, 6, 65]",49.882080623306166
"[25, 14, 22, 48, 42, 42, 15, 15, 40, 55, 56, 20, 20, 6, 65]",48.977539295392944
"[25, 16, 22, 48, 42, 42, 17, 15, 40, 54, 56, 20, 16, 6, 65]",49.000945460704436
"[25, 15, 22, 46, 42, 41, 15, 15, 40, 53, 56, 21, 20, 6, 65]",50.62419139566396
"[30, 15, 22, 48, 42, 43, 15, 15, 40, 56, 56, 19, 21, 6, 65]",50.68989397018974
"[25, 15, 22, 48, 42, 43, 16, 15, 41, 57, 56, 20, 17, 6, 65]",51.93624695121939
"[26, 16, 22, 48, 42, 43, 17, 15, 41, 57, 56, 20, 21, 6, 65]",49.727139905149
"[25, 16, 22, 48, 42, 43, 15, 15, 40, 56, 56, 20, 19, 7, 65]",48.526755081300976
"[25, 15, 22, 45, 42, 43, 16, 15, 41, 58, 56, 19, 20, 5, 65]",51.95892682926827
"[25, 14, 22, 46, 42, 43, 16, 15, 42, 57, 56, 20, 22, 6, 65]",51.16102845528464
"[26, 15, 22, 48, 42, 42, 16, 15, 42, 57, 56, 19, 18, 6, 64]",48.08259688346869
"[26, 16, 22, 48, 42, 43, 16, 15, 40, 58, 56, 19, 18, 6, 65]",49.429820121951174
"[25, 15, 22, 47, 42, 43, 17, 15, 40, 54, 56, 20, 21, 6, 65]",51.59424796747973
"[27, 16, 22, 47, 42, 43, 13, 15, 40, 55, 56, 20, 21, 6, 65]",49.623504065040734
"[26, 15, 22, 48, 42, 43, 16, 15, 42, 60, 56, 19, 18, 3, 64]",50.50890887533877
"[26, 16, 22, 48, 42, 41, 15, 15, 41, 53, 56, 19, 20, 6, 64]",49.96576117886183
"[25, 17, 22, 48, 42, 43, 14, 15, 41, 55, 57, 19, 19, 6, 65]",49.47477947154474
"[25, 14, 22, 45, 42, 43, 16, 15, 41, 56, 56, 19, 20, 6, 65]",50.161826897019345
"[27, 16, 22, 48, 42, 41, 16, 15, 40, 55, 56, 19, 19, 6, 65]",49.53117039295401
"[25, 16, 22, 46, 42, 43, 19, 15, 42, 56, 56, 19, 19, 6, 65]",50.22049153116531
"[26, 16, 22, 48, 42, 43, 15, 15, 40, 57, 56, 19, 19, 6, 65]",49.976082994579755
"[26, 15, 22, 48, 42, 43, 17, 15, 40, 55, 56, 21, 20, 6, 65]",50.926077574525884
"[25, 16, 22, 48, 42, 43, 16, 15, 40, 55, 56, 20, 23, 5, 65]",55.62296951219506
"[25, 16, 22, 47, 42, 42, 15, 15, 40, 53, 56, 20, 19, 6, 65]",49.54403692411895
"[25, 15, 22, 48, 43, 43, 18, 15, 40, 56, 56, 20, 17, 5, 65]",50.50914363143642
"[26, 15, 22, 48, 42, 43, 16, 15, 40, 57, 56, 20, 19, 6, 64]",51.61124593495931
"[26, 15, 22, 48, 42, 43, 17, 15, 41, 57, 56, 20, 20, 6, 65]",49.8406365176152
"[26, 14, 22, 48, 42, 42, 16, 15, 39, 57, 57, 20, 20, 6, 65]",49.3395487804878
"[25, 15, 22, 47, 42, 43, 15, 15, 41, 58, 57, 19, 19, 5, 65]",48.992129403794046
"[25, 14, 22, 47, 42, 43, 16, 15, 42, 57, 58, 20, 17, 6, 65]",50.51521138211379
"[26, 16, 22, 48, 43, 43, 15, 15, 42, 56, 56, 19, 18, 5, 65]",52.55845934959378
"[27, 14, 22, 48, 42, 43, 16, 15, 40, 59, 56, 19, 19, 5, 63]",51.93424186991869
"[26, 16, 22, 46, 42, 43, 17, 15, 40, 54, 56, 20, 20, 6, 65]",49.50712059620591
"[26, 16, 22, 48, 42, 43, 15, 15, 40, 55, 56, 20, 20, 6, 65]",50.371104336043125
"[25, 15, 22, 48, 42, 43, 16, 15, 42, 57, 56, 19, 21, 4, 61]",58.66349356368564
"[26, 15, 22, 48, 42, 41, 16, 15, 38, 54, 56, 19, 19, 5, 65]",51.14441836043368
"[26, 15, 22, 48, 42, 41, 15, 15, 41, 55, 56, 19, 19, 6, 65]",51.83083638211387
"[25, 15, 22, 47, 42, 42, 17, 15, 42, 56, 56, 20, 20, 6, 65]",49.26804505420061
"[27, 14, 22, 48, 43, 40, 16, 15, 40, 55, 56, 19, 19, 6, 65]",50.87861754742554
"[25, 16, 22, 47, 42, 43, 17, 15, 41, 58, 56, 19, 19, 6, 65]",49.05180047425469
"[26, 15, 22, 48, 42, 43, 17, 15, 40, 55, 56, 19, 19, 6, 65]",51.47507554200531
"[26, 16, 22, 48, 42, 42, 16, 15, 41, 56, 56, 20, 21, 6, 65]",50.050418021679896
"[25, 13, 22, 48, 42, 43, 15, 15, 40, 55, 56, 19, 21, 6, 63]",50.27595189701891
"[25, 15, 22, 48, 42, 43, 14, 15, 40, 53, 56, 20, 19, 6, 65]",51.334616869918804
"[25, 17, 22, 48, 42, 42, 16, 15, 40, 57, 56, 20, 19, 5, 65]",51.351643292682915
"[25, 15, 22, 48, 42, 43, 16, 15, 40, 56, 57, 19, 20, 6, 65]",50.464214769647526
"[25, 15, 22, 48, 42, 43, 16, 15, 41, 57, 56, 19, 20, 6, 65]",50.436999322493236
"[25, 14, 22, 48, 42, 43, 16, 15, 40, 56, 57, 21, 20, 6, 65]",50.81873069105699
"[25, 15, 22, 48, 42, 43, 17, 15, 41, 57, 56, 19, 20, 6, 65]",50.96424356368544
"[25, 15, 22, 48, 42, 43, 16, 15, 41, 59, 58, 19, 20, 6, 65]",53.38658468834693
"[25, 15, 22, 48, 43, 43, 15, 15, 40, 57, 56, 19, 18, 5, 62]",50.05015785907839
"[27, 15, 22, 48, 42, 43, 16, 15, 38, 57, 56, 19, 19, 5, 64]",55.53699457994599
"[26, 14, 22, 47, 42, 42, 16, 15, 40, 54, 56, 19, 19, 6, 65]",50.63465955284533
"[26, 15, 22, 48, 42, 42, 16, 15, 41, 55, 56, 20, 20, 6, 65]",49.28612703252034
"[25, 16, 22, 48, 42, 43, 15, 15, 42, 55, 56, 19, 22, 6, 62]",50.59501253387529
"[25, 15, 22, 48, 42, 41, 14, 15, 39, 54, 56, 19, 18, 6, 65]",48.821238482384935
"[25, 14, 22, 48, 42, 41, 17, 15, 39, 55, 57, 19, 20, 6, 65]",49.07321205962049
"[25, 15, 22, 48, 42, 43, 15, 15, 42, 55, 56, 20, 20, 6, 65]",49.821464092140936
"[25, 14, 22, 48, 42, 43, 16, 15, 40, 55, 56, 19, 19, 6, 65]",50.55391598915989
"[26, 15, 22, 48, 42, 43, 16, 15, 42, 58, 56, 19, 19, 6, 65]",49.2641080623306
"[27, 15, 22, 48, 42, 43, 16, 15, 40, 55, 56, 19, 19, 6, 65]",51.83686314363126
"[26, 16, 22, 47, 42, 42, 15, 15, 41, 56, 56, 19, 20, 6, 65]",50.31928455284536
"[26, 14, 22, 47, 43, 42, 15, 15, 40, 55, 56, 19, 20, 6, 64]",49.816716124660935
"[26, 14, 22, 48, 42, 41, 15, 15, 40, 55, 56, 19, 20, 6, 65]",53.027902439024274
"[27, 17, 22, 48, 42, 42, 15, 15, 40, 56, 56, 19, 20, 6, 65]",53.15845257452573
"[25, 15, 22, 48, 42, 43, 16, 15, 42, 55, 57, 22, 19, 6, 65]",49.15488482384809
"[25, 16, 22, 48, 43, 43, 15, 15, 41, 58, 56, 19, 21, 6, 65]",50.654583672086694
"[25, 17, 22, 48, 42, 43, 16, 15, 41, 56, 57, 20, 20, 6, 65]",49.21052506775065
"[25, 15, 22, 48, 42, 43, 16, 15, 40, 57, 56, 19, 20, 7, 65]",50.86772188346879
"[25, 16, 22, 48, 42, 43, 16, 15, 40, 60, 56, 19, 22, 6, 65]",48.75392615176132
"[26, 15, 22, 48, 42, 43, 16, 15, 41, 56, 56, 19, 19, 6, 63]",50.03442750677514
"[25, 16, 22, 48, 42, 43, 15, 15, 40, 55, 56, 19, 19, 6, 65]",50.19730284552851
"[26, 14, 22, 48, 42, 42, 17, 15, 40, 56, 56, 20, 22, 5, 65]",51.71181199186997
"[25, 15, 22, 48, 42, 42, 16, 15, 41, 55, 56, 20, 21, 6, 65]",49.751152439024374
"[25, 15, 22, 48, 42, 43, 16, 15, 42, 60, 56, 19, 20, 7, 63]",49.76672018970191
"[25, 16, 22, 48, 42, 41, 14, 15, 40, 51, 56, 19, 19, 6, 63]",50.72453252032523
"[25, 16, 22, 47, 42, 42, 15, 15, 38, 55, 57, 19, 20, 6, 65]",52.367364837398505
"[25, 15, 22, 48, 42, 43, 15, 15, 42, 55, 56, 20, 20, 6, 65]",51.024873306232976
"[25, 16, 22, 48, 42, 43, 16, 15, 40, 55, 56, 19, 19, 6, 65]",50.77119546070461
"[25, 15, 22, 48, 42, 43, 17, 15, 42, 57, 56, 19, 19, 6, 65]",49.279006775067714
"[25, 16, 22, 48, 42, 43, 15, 15, 40, 57, 56, 19, 19, 6, 65]",49.02705928184271
"[25, 15, 22, 48, 43, 43, 15, 15, 40, 56, 56, 19, 19, 6, 65]",49.95773001355006
"[25, 14, 22, 48, 42, 42, 15, 15, 40, 55, 56, 19, 20, 6, 64]",50.83290277777767
"[25, 15, 22, 48, 42, 40, 17, 15, 40, 54, 56, 20, 20, 6, 65]",50.31535670731712
"[27, 16, 22, 47, 42, 42, 16, 15, 41, 54, 56, 19, 19, 6, 65]",53.263682588075824
"[25, 16, 22, 48, 44, 43, 15, 15, 42, 56, 56, 21, 18, 6, 65]",50.33947764227636
"[25, 16, 22, 48, 44, 43, 16, 16, 41, 58, 56, 19, 22, 6, 65]",49.6778086043363
"[25, 16, 22, 47, 42, 42, 16, 15, 41, 57, 57, 20, 20, 6, 65]",49.64240210027096
"[25, 14, 22, 48, 42, 43, 15, 15, 42, 57, 56, 19, 20, 6, 65]",49.42471443089421
"[25, 14, 22, 48, 42, 43, 16, 15, 42, 59, 56, 19, 21, 6, 65]",49.283394647696355
"[26, 14, 22, 47, 42, 43, 16, 15, 42, 56, 56, 19, 19, 6, 64]",50.30538855013554
"[25, 14, 22, 48, 42, 43, 14, 15, 41, 55, 56, 19, 18, 6, 65]",51.239926490515046
"[25, 14, 22, 48, 42, 41, 17, 15, 41, 56, 56, 20, 22, 6, 65]",50.69860704607024
"[25, 16, 22, 48, 42, 43, 13, 15, 40, 56, 56, 20, 21, 6, 65]",50.200039634146556
"[25, 15, 22, 48, 42, 43, 16, 15, 42, 59, 56, 19, 18, 6, 65]",50.644129742547456
"[25, 14, 22, 48, 42, 40, 15, 15, 40, 52, 56, 19, 19, 5, 63]",50.439073509484984
"[25, 17, 22, 47, 42, 43, 13, 15, 39, 54, 57, 21, 20, 6, 65]",51.051636178861834
"[26, 15, 22, 46, 42, 43, 16, 15, 42, 56, 56, 20, 20, 6, 65]",49.39187500000015
"[25, 15, 22, 48, 42, 42, 16, 15, 40, 56, 56, 19, 19, 6, 65]",51.57795088075889
"[25, 16, 22, 48, 42, 43, 17, 15, 42, 56, 56, 19, 19, 6, 65]",49.85048577235783
"[25, 17, 22, 48, 43, 43, 16, 15, 40, 57, 56, 19, 19, 6, 65]",51.23588346883466
"[25, 15, 22, 48, 42, 43, 16, 15, 39, 56, 56, 20, 20, 6, 65]",50.743690040650456
"[25, 14, 22, 48, 42, 43, 16, 15, 40, 54, 56, 19, 21, 6, 64]",48.862161585365804
"[25, 15, 22, 48, 42, 40, 15, 15, 40, 53, 56, 21, 20, 6, 65]",51.13984789972909
"[26, 15, 22, 48, 42, 42, 17, 15, 41, 54, 56, 19, 18, 6, 65]",49.70612296747975
"[25, 15, 22, 48, 44, 43, 16, 15, 41, 57, 56, 19, 21, 6, 65]",51.67427913279115
"[26, 16, 22, 48, 42, 43, 16, 15, 42, 57, 56, 20, 22, 6, 65]",49.2728150406503
"[26, 14, 22, 47, 42, 42, 16, 15, 41, 56, 57, 20, 20, 7, 65]",50.72358604336041
"[25, 15, 22, 48, 42, 43, 17, 15, 42, 57, 56, 20, 21, 6, 65]",50.73121002710012
"[25, 14, 22, 48, 42, 43, 16, 15, 41, 59, 56, 21, 20, 6, 65]",49.69920833333343
"[25, 15, 22, 48, 42, 43, 16, 15, 41, 57, 56, 19, 18, 5, 64]",51.32122933604338
"[26, 15, 22, 47, 42, 42, 15, 15, 40, 56, 56, 19, 18, 6, 65]",51.62338990514922
"[25, 15, 22, 48, 42, 43, 17, 15, 41, 55, 57, 21, 21, 6, 65]",49.42023102981019
"[25, 16, 22, 48, 42, 42, 13, 15, 40, 56, 56, 19, 20, 6, 65]",50.15130860433619
"[25, 16, 22, 48, 43, 43, 15, 15, 42, 57, 56, 19, 18, 6, 65]",51.788161924119144
"[25, 15, 22, 48, 42, 39, 16, 15, 39, 53, 57, 19, 19, 5, 64]",50.81776930894306
"[25, 17, 22, 48, 42, 40, 16, 15, 41, 54, 57, 20, 20, 6, 65]",51.03346510840104
"[26, 16, 22, 47, 42, 43, 16, 15, 41, 56, 56, 20, 19, 6, 65]",50.13429200542007
"[26, 14, 22, 47, 43, 42, 16, 15, 40, 55, 56, 19, 19, 6, 65]",49.64398441734423
"[26, 15, 22, 48, 42, 43, 16, 15, 42, 55, 56, 19, 19, 6, 65]",51.77670901084006
"[26, 17, 22, 48, 43, 43, 15, 15, 40, 55, 56, 19, 19, 6, 65]",49.9043641598915
"[25, 15, 22, 48, 42, 43, 16, 15, 40, 56, 56, 20, 20, 6, 65]",50.631949186991875
"[25, 14, 22, 48, 42, 42, 15, 15, 40, 55, 56, 19, 22, 6, 64]",49.666157520325264
"[25, 15, 22, 48, 42, 42, 15, 15, 41, 54, 56, 20, 19, 6, 65]",49.649193766937536
"[27, 16, 22, 48, 42, 41, 16, 15, 41, 54, 56, 19, 18, 6, 64]",52.76402506775073
"[26, 15, 22, 48, 44, 43, 17, 15, 42, 57, 57, 19, 20, 6, 65]",49.44270359078597
"[26, 16, 22, 48, 42, 43, 16, 15, 42, 56, 56, 20, 20, 6, 65]",50.606978997289986
"[26, 15, 22, 48, 42, 43, 16, 15, 41, 56, 57, 20, 20, 7, 65]",49.98617886178855
"[25, 16, 22, 48, 42, 43, 16, 15, 41, 58, 56, 20, 21, 7, 65]",49.13899491869912
"[26, 15, 22, 48, 42, 43, 16, 15, 39, 57, 56, 21, 20, 6, 65]",51.03066124661213
"[25, 16, 22, 48, 42, 42, 15, 15, 40, 58, 56, 19, 19, 6, 65]",50.39303590785903
"[26, 16, 22, 48, 42, 41, 18, 15, 40, 56, 56, 19, 18, 6, 65]",50.886359756097654
"[26, 16, 22, 48, 43, 43, 15, 15, 41, 54, 56, 20, 18, 6, 65]",48.170170054200774
"[26, 15, 22, 48, 42, 42, 15, 15, 40, 54, 56, 19, 21, 6, 65]",50.86085636856371
"[25, 15, 22, 48, 43, 43, 15, 15, 41, 58, 56, 19, 19, 6, 65]",52.601735094850795
"[26, 16, 22, 48, 42, 42, 15, 15, 38, 54, 56, 19, 18, 7, 64]",52.75877777777762
"[25, 15, 22, 48, 42, 40, 17, 15, 42, 55, 58, 19, 20, 6, 65]",50.56557554200539
"[25, 14, 22, 48, 42, 43, 16, 15, 40, 56, 56, 20, 19, 6, 65]",50.15514261517643
"[25, 14, 22, 48, 44, 42, 16, 15, 39, 55, 56, 19, 19, 6, 65]",50.14860162601626
"[25, 15, 22, 48, 42, 43, 15, 15, 42, 57, 56, 19, 19, 6, 65]",49.016615514905055
"[26, 14, 22, 48, 42, 43, 14, 15, 41, 54, 56, 19, 19, 6, 65]",49.032737804878145
"[25, 16, 22, 48, 42, 42, 15, 15, 40, 55, 56, 19, 20, 6, 65]",49.258400745257575
"[25, 15, 22, 47, 42, 42, 15, 15, 40, 55, 56, 19, 21, 6, 63]",50.89065142276431
"[25, 14, 22, 48, 42, 43, 16, 15, 40, 53, 56, 20, 20, 6, 65]",48.97217953929525
"[27, 17, 22, 47, 42, 42, 15, 15, 40, 57, 56, 19, 19, 5, 64]",50.96711856368537
"[26, 15, 24, 48, 42, 43, 17, 15, 42, 56, 57, 21, 19, 6, 65]",50.83567920054204
"[25, 16, 22, 48, 42, 43, 16, 15, 41, 56, 56, 20, 19, 6, 65]",50.65372120596204
"[26, 16, 22, 48, 42, 43, 16, 15, 41, 56, 57, 20, 20, 5, 65]",50.681229674796896
"[25, 15, 22, 48, 43, 43, 16, 15, 41, 56, 57, 20, 19, 7, 65]",49.70993766937679
"[25, 16, 22, 47, 42, 43, 16, 15, 39, 57, 56, 19, 20, 6, 65]",49.3472523712736
"[26, 15, 22, 47, 42, 43, 15, 15, 41, 58, 56, 19, 20, 7, 64]",50.59345867208687
"[25, 16, 22, 48, 42, 43, 17, 15, 42, 55, 56, 19, 18, 6, 63]",52.26836314363149
"[26, 16, 22, 48, 43, 43, 14, 15, 40, 56, 57, 19, 18, 6, 65]",48.87288956639549
"[27, 16, 22, 48, 42, 42, 16, 15, 40, 55, 56, 20, 21, 6, 65]",50.46486720867193
"[26, 15, 22, 48, 43, 43, 16, 15, 40, 57, 56, 19, 19, 6, 64]",48.450350271002755
"[26, 17, 22, 48, 42, 42, 15, 15, 38, 54, 56, 19, 18, 7, 65]",50.04879505420062
"[26, 14, 22, 48, 42, 43, 14, 15, 40, 55, 58, 19, 20, 6, 65]",53.24183468834711
"[25, 13, 22, 48, 42, 43, 16, 15, 42, 55, 56, 20, 20, 6, 65]",51.569497967479634
"[26, 15, 22, 47, 42, 42, 16, 15, 39, 55, 56, 19, 19, 6, 65]",51.48271917344172
"[25, 15, 22, 48, 42, 43, 16, 15, 41, 59, 56, 19, 19, 6, 65]",49.74428590785898
"[25, 16, 22, 48, 42, 43, 16, 15, 40, 54, 56, 19, 19, 6, 65]",49.97447289972891
"[25, 16, 22, 48, 42, 42, 16, 15, 41, 55, 56, 20, 21, 6, 65]",50.822244579945725
"[26, 15, 22, 46, 42, 43, 16, 15, 40, 55, 56, 20, 21, 6, 63]",49.854365176151745
"[25, 16, 22, 48, 42, 43, 16, 15, 39, 56, 56, 20, 20, 6, 65]",51.823285230352525
"[27, 15, 22, 48, 44, 42, 17, 15, 39, 58, 56, 19, 19, 4, 64]",50.972101287262745
"[25, 17, 23, 48, 42, 43, 15, 15, 41, 58, 57, 20, 20, 6, 65]",50.41401219512185
"[25, 15, 22, 48, 42, 42, 16, 15, 40, 58, 56, 19, 20, 6, 65]",50.67229369918692
"[25, 16, 22, 48, 42, 43, 16, 15, 41, 56, 57, 21, 20, 6, 65]",51.31534925474259
"[25, 15, 22, 48, 42, 43, 16, 15, 41, 55, 57, 19, 21, 6, 65]",49.31309722222246
"[25, 13, 22, 48, 42, 43, 16, 15, 40, 58, 56, 19, 21, 6, 65]",50.731670054200734
"[26, 15, 22, 48, 42, 43, 16, 15, 42, 56, 56, 19, 19, 7, 64]",51.43651829268294
"[25, 15, 22, 48, 42, 43, 15, 15, 41, 60, 56, 19, 20, 6, 63]",51.28880691056924
"[26, 15, 22, 48, 45, 42, 16, 15, 40, 56, 56, 19, 19, 6, 65]",50.53610094850931
"[25, 16, 22, 48, 43, 43, 14, 15, 41, 56, 56, 21, 21, 6, 65]",51.405141260162665
"[26, 15, 22, 47, 42, 43, 16, 16, 41, 57, 56, 19, 18, 6, 64]",50.2132293360434
"[27, 17, 23, 48, 42, 40, 15, 15, 39, 52, 56, 19, 18, 6, 65]",50.25150508130083
"[25, 15, 22, 48, 42, 43, 14, 15, 40, 55, 57, 19, 19, 6, 65]",49.29550406504056
"[25, 14, 22, 47, 42, 43, 16, 15, 42, 55, 56, 19, 20, 6, 65]",51.160538279132815
"[26, 15, 22, 48, 42, 42, 16, 15, 39, 54, 56, 19, 19, 6, 65]",48.42984383468841
"[25, 15, 22, 48, 42, 43, 17, 15, 42, 58, 56, 19, 19, 6, 65]",49.19145731707316
"[25, 16, 22, 48, 42, 42, 16, 15, 40, 55, 56, 19, 19, 6, 65]",50.87355724932257
"[26, 15, 22, 48, 42, 42, 16, 15, 41, 55, 56, 20, 20, 6, 65]",50.08387466124672
"[25, 15, 22, 48, 43, 42, 16, 15, 40, 55, 56, 19, 22, 6, 65]",50.540918021680206
"[26, 17, 22, 48, 42, 43, 15, 15, 40, 56, 56, 20, 19, 6, 65]",50.20041260162613
"[26, 15, 22, 47, 43, 42, 18, 15, 39, 57, 56, 19, 19, 4, 64]",58.33838346883465
"[26, 17, 22, 48, 43, 43, 15, 15, 42, 58, 58, 19, 20, 6, 65]",50.51385806233055
"[26, 16, 22, 48, 43, 43, 16, 15, 41, 57, 56, 19, 21, 6, 65]",50.81299695121932
"[25, 15, 23, 48, 42, 43, 15, 15, 40, 56, 56, 20, 19, 7, 65]",48.765508468834724
"[25, 15, 22, 48, 42, 43, 16, 16, 41, 58, 57, 19, 22, 6, 65]",49.87195833333354
"[25, 13, 22, 46, 42, 43, 17, 15, 42, 57, 56, 19, 21, 6, 65]",51.2379075203252
"[25, 15, 22, 48, 42, 43, 17, 15, 41, 56, 56, 19, 19, 6, 65]",50.96469613821159
"[26, 14, 22, 48, 42, 43, 16, 15, 41, 57, 56, 19, 19, 6, 65]",49.63726490514893
"[26, 16, 22, 48, 44, 41, 16, 15, 40, 55, 56, 19, 19, 6, 65]",51.25711178861784
"[25, 15, 22, 48, 42, 43, 15, 15, 40, 56, 56, 19, 20, 6, 65]",50.02971849593498
"[25, 16, 22, 48, 42, 42, 15, 16, 42, 58, 56, 19, 18, 7, 65]",50.21075948509478
"[25, 14, 22, 48, 43, 40, 15, 15, 40, 53, 56, 19, 20, 5, 65]",48.90827947154466
"[25, 16, 22, 47, 42, 42, 16, 15, 40, 55, 56, 19, 20, 6, 65]",49.6773926151761
"[26, 15, 22, 48, 42, 43, 16, 15, 41, 55, 56, 19, 19, 6, 65]",50.70957046070454
"[25, 15, 22, 48, 42, 41, 16, 15, 40, 55, 56, 19, 19, 6, 65]",51.58303184281848
"[25, 15, 22, 48, 42, 43, 17, 15, 42, 57, 56, 19, 19, 6, 65]",50.86880182926819
"[25, 16, 22, 48, 42, 42, 15, 15, 40, 56, 56, 19, 19, 6, 65]",49.83447865853662
"[26, 15, 22, 48, 43, 41, 15, 15, 40, 54, 56, 19, 19, 6, 65]",50.2454969512195
"[25, 15, 22, 48, 44, 43, 15, 15, 40, 55, 56, 19, 23, 6, 65]",49.635439024390074
"[27, 14, 22, 48, 42, 42, 14, 15, 40, 55, 56, 20, 19, 6, 65]",51.24382689701892
"[25, 18, 22, 48, 42, 42, 16, 15, 40, 56, 56, 19, 18, 7, 64]",49.84649424119252
"[27, 15, 22, 48, 42, 43, 16, 15, 41, 56, 57, 19, 19, 6, 65]",50.22303794037942
"[25, 16, 22, 47, 43, 43, 16, 15, 42, 56, 56, 20, 21, 6, 65]",49.271254065040665
"[26, 15, 22, 48, 42, 43, 15, 15, 40, 56, 56, 19, 19, 6, 65]",49.13202608401067
"[25, 15, 22, 48, 42, 42, 16, 15, 42, 59, 57, 19, 21, 7, 65]",49.87808333333312
"[25, 14, 22, 46, 42, 43, 16, 15, 41, 56, 56, 20, 19, 6, 65]",50.166617547425474
"[25, 15, 22, 48, 42, 43, 17, 15, 41, 58, 56, 19, 18, 5, 65]",50.68424390243874
"[26, 15, 22, 48, 42, 43, 16, 15, 41, 55, 56, 19, 18, 6, 65]",51.902043699186564
"[26, 17, 22, 48, 42, 41, 16, 15, 41, 54, 56, 19, 18, 6, 65]",49.80341836043353
"[25, 15, 22, 48, 42, 43, 15, 15, 40, 56, 57, 19, 21, 6, 65]",51.260553861788665
"[25, 15, 22, 48, 43, 42, 15, 15, 42, 58, 56, 19, 19, 6, 65]",49.66464532520307
"[25, 15, 22, 48, 42, 42, 15, 15, 39, 53, 56, 19, 20, 6, 64]",49.93518902438998
"[25, 15, 22, 48, 42, 42, 16, 15, 41, 55, 56, 19, 20, 6, 65]",49.79233672086717
"[25, 16, 22, 48, 42, 43, 16, 15, 41, 56, 56, 20, 19, 6, 65]",48.79081876693747
"[25, 15, 22, 47, 42, 41, 16, 15, 40, 56, 56, 19, 19, 6, 65]",48.820372289972795
"[25, 15, 22, 47, 42, 43, 17, 15, 42, 58, 56, 19, 19, 6, 65]",48.80095833333337
"[26, 15, 22, 48, 42, 42, 15, 15, 40, 56, 56, 19, 19, 6, 65]",51.358532520325376
"[26, 16, 22, 48, 42, 41, 15, 15, 40, 54, 56, 19, 19, 6, 65]",50.680951897019064
"[25, 15, 22, 48, 42, 43, 15, 15, 40, 54, 56, 20, 18, 6, 65]",49.67126863143635
"[26, 13, 22, 48, 44, 41, 15, 15, 40, 55, 56, 19, 19, 6, 65]",51.160473238482275
"[26, 16, 22, 45, 42, 42, 15, 15, 41, 56, 56, 19, 19, 6, 64]",49.451115176151646
"[25, 15, 22, 48, 42, 43, 17, 15, 41, 55, 56, 20, 20, 6, 65]",50.58662398373983
"[26, 17, 22, 48, 44, 43, 16, 16, 41, 56, 56, 20, 20, 6, 65]",52.87031199186963
"[25, 15, 22, 48, 42, 43, 17, 15, 40, 56, 56, 20, 20, 6, 65]",51.31082012195113
"[25, 15, 22, 48, 43, 43, 15, 15, 42, 56, 56, 20, 20, 7, 65]",49.35491429539301
"[25, 16, 22, 45, 42, 43, 15, 15, 41, 59, 56, 20, 21, 6, 65]",51.893099932249314
"[25, 15, 22, 48, 42, 43, 15, 15, 42, 58, 56, 19, 18, 5, 65]",51.04113584010836
"[25, 15, 22, 48, 42, 43, 16, 15, 41, 54, 56, 19, 19, 6, 65]",51.30608739837411
"[26, 17, 22, 48, 42, 42, 15, 15, 41, 54, 56, 19, 19, 6, 65]",51.01904505420071
"[25, 16, 22, 48, 42, 43, 15, 15, 41, 56, 57, 19, 20, 6, 65]",50.11095054200526
"[26, 15, 22, 48, 42, 43, 14, 15, 41, 59, 56, 19, 19, 6, 65]",50.097245934959204
"[25, 16, 22, 48, 42, 42, 15, 15, 39, 53, 56, 19, 18, 6, 64]",50.92725203252047
"[25, 15, 22, 48, 42, 43, 15, 15, 42, 55, 57, 19, 20, 6, 65]",50.80579336043359
"[25, 16, 22, 48, 42, 43, 16, 15, 42, 56, 56, 20, 21, 6, 65]",51.42802811653105
"[25, 15, 22, 48, 43, 41, 16, 15, 39, 55, 56, 19, 19, 6, 65]",50.32085535230349
"[25, 15, 22, 46, 42, 43, 16, 15, 42, 59, 56, 19, 19, 6, 65]",50.614565718157216
"[25, 15, 22, 48, 43, 42, 16, 15, 40, 56, 56, 19, 19, 6, 65]",51.682089769647675
"[25, 17, 22, 48, 42, 42, 15, 15, 40, 56, 56, 20, 20, 6, 65]",49.853364837398345
"[26, 15, 22, 48, 42, 42, 15, 15, 40, 54, 57, 21, 17, 6, 65]",52.67976659891604
"[25, 15, 22, 47, 42, 42, 17, 15, 40, 53, 56, 19, 20, 6, 65]",49.00757181571807
"[27, 16, 23, 48, 42, 41, 17, 15, 41, 56, 56, 19, 19, 5, 65]",51.187852303523194
"[25, 15, 22, 48, 42, 43, 16, 16, 41, 54, 56, 21, 19, 6, 65]",50.74628489159871
"[27, 16, 22, 48, 43, 43, 16, 16, 40, 57, 56, 19, 19, 6, 65]",49.44483638211388
"[25, 15, 22, 46, 42, 43, 17, 15, 41, 56, 56, 20, 20, 6, 65]",50.009762533875254
"[25, 15, 22, 48, 44, 43, 15, 15, 41, 57, 56, 20, 19, 5, 65]",49.89869139566409
"[25, 15, 22, 48, 42, 43, 17, 15, 40, 57, 56, 19, 21, 6, 65]",50.526187669376625
"[26, 14, 22, 48, 42, 43, 16, 15, 42, 58, 56, 19, 19, 5, 64]",51.00127743902448
"[25, 15, 22, 48, 42, 43, 16, 15, 39, 60, 56, 19, 19, 6, 64]",49.127731029810136
"[26, 14, 22, 48, 43, 42, 14, 15, 41, 56, 56, 20, 19, 6, 65]",49.974953252032506
"[25, 16, 22, 48, 42, 43, 15, 15, 41, 56, 56, 20, 20, 6, 65]",50.984786924119156
"[25, 15, 22, 48, 42, 43, 19, 15, 41, 56, 56, 19, 18, 6, 65]",50.7593140243904
"[25, 15, 22, 48, 42, 41, 15, 15, 41, 53, 56, 19, 18, 7, 65]",50.04083536585355
"[25, 15, 22, 48, 42, 43, 16, 15, 41, 55, 56, 20, 20, 6, 65]",48.956151761517766
"[27, 14, 22, 47, 42, 43, 16, 15, 42, 56, 56, 20, 21, 6, 65]",49.900526422764045
"[25, 14, 22, 47, 42, 42, 16, 15, 40, 54, 56, 19, 19, 6, 65]",50.67932079945803
"[25, 15, 22, 48, 42, 43, 17, 15, 42, 59, 56, 19, 19, 6, 65]",50.669125677506955
"[25, 15, 22, 48, 44, 42, 15, 15, 40, 55, 56, 19, 19, 6, 65]",49.3786981707316
"[25, 15, 22, 48, 42, 42, 15, 15, 40, 56, 56, 20, 20, 6, 65]",51.19399695121958
"[27, 14, 22, 48, 42, 41, 15, 15, 40, 55, 56, 21, 17, 6, 64]",58.58113279132793
"[25, 16, 22, 47, 42, 42, 16, 15, 40, 55, 56, 21, 20, 6, 65]",49.709921409214246
"[27, 17, 22, 48, 42, 40, 16, 15, 40, 58, 56, 19, 19, 5, 65]",53.65598577235769
"[25, 16, 22, 48, 42, 42, 15, 16, 41, 53, 56, 21, 19, 6, 65]",51.67624932249321
"[25, 16, 22, 48, 42, 43, 16, 15, 41, 57, 56, 19, 20, 6, 65]",51.35515447154485
"[25, 16, 22, 46, 42, 42, 16, 15, 41, 56, 56, 20, 19, 6, 65]",50.174797086720815
"[26, 14, 22, 48, 43, 43, 16, 15, 41, 57, 56, 19, 20, 4, 65]",49.99019037940376
"[25, 14, 22, 48, 42, 43, 17, 15, 40, 57, 56, 20, 20, 6, 65]",49.38862161246599
"[26, 15, 22, 47, 42, 43, 16, 15, 42, 56, 56, 19, 19, 6, 64]",50.156085365853706
"[25, 15, 22, 47, 42, 43, 16, 15, 38, 60, 56, 19, 19, 6, 64]",51.350741531165326
"[26, 14, 22, 48, 43, 43, 16, 15, 41, 56, 56, 20, 18, 6, 65]",51.227205284552994
"[26, 16, 22, 48, 42, 43, 14, 15, 42, 56, 56, 20, 21, 6, 65]",51.59446104336056
"[25, 15, 22, 48, 42, 43, 15, 15, 42, 57, 56, 19, 19, 6, 64]",51.80434688346872
"[25, 15, 22, 47, 42, 40, 15, 15, 40, 53, 56, 19, 19, 6, 65]",50.599180894308596
"[25, 15, 22, 48, 42, 43, 16, 15, 42, 57, 57, 20, 20, 6, 65]",50.413397357723596
"[25, 15, 22, 48, 43, 43, 16, 15, 41, 57, 56, 20, 18, 6, 65]",50.58983773712728
"[26, 15, 22, 48, 42, 42, 15, 15, 40, 54, 56, 19, 19, 6, 65]",50.13469850948504
"[25, 16, 22, 48, 43, 43, 18, 15, 42, 57, 56, 19, 19, 6, 65]",50.91249220867212
"[26, 16, 22, 48, 42, 41, 14, 15, 40, 55, 56, 19, 19, 6, 65]",52.458963075880675
"[26, 14, 22, 48, 42, 42, 16, 15, 40, 54, 56, 21, 20, 6, 65]",50.68890819783213
"[25, 13, 22, 48, 42, 42, 15, 15, 40, 55, 56, 20, 18, 6, 63]",59.43381910569087
"[25, 14, 22, 46, 42, 42, 15, 15, 40, 54, 56, 20, 20, 6, 65]",49.51660060975594
"[27, 18, 22, 48, 42, 42, 16, 15, 40, 59, 56, 19, 18, 6, 63]",51.366777100271136
"[26, 16, 23, 48, 42, 42, 16, 15, 41, 58, 56, 20, 19, 6, 65]",49.63752066395666
"[25, 15, 22, 48, 44, 43, 16, 16, 42, 56, 56, 19, 21, 6, 65]",52.99229031165311
"[26, 15, 22, 47, 42, 43, 15, 15, 41, 57, 56, 20, 20, 6, 65]",51.046176151761586
"[26, 15, 22, 48, 43, 43, 17, 15, 41, 57, 56, 19, 20, 8, 64]",52.31763584010847
"[25, 14, 22, 48, 42, 43, 16, 15, 41, 59, 56, 20, 21, 6, 65]",51.89140176151785
"[25, 15, 22, 48, 43, 43, 16, 15, 42, 56, 56, 19, 19, 6, 64]",50.056061991869754
"[25, 15, 22, 47, 42, 42, 16, 15, 42, 55, 56, 19, 18, 6, 64]",50.562128387533846
"[25, 17, 22, 48, 42, 43, 17, 15, 41, 54, 56, 19, 19, 6, 65]",49.56798746612455
"[27, 15, 22, 48, 42, 43, 17, 15, 41, 56, 56, 20, 20, 6, 65]",51.071744579945744
"[25, 15, 22, 48, 42, 43, 15, 16, 42, 59, 56, 19, 19, 6, 64]",50.661069105690906
"[25, 15, 22, 48, 42, 41, 15, 15, 40, 53, 56, 19, 19, 5, 65]",50.466266937669175
"[26, 16, 23, 47, 42, 42, 15, 15, 42, 56, 56, 20, 19, 6, 65]",51.64926897018955
"[25, 16, 22, 48, 42, 43, 16, 15, 41, 56, 56, 20, 20, 6, 65]",51.55780453929522
"[25, 15, 22, 48, 42, 42, 16, 15, 40, 55, 56, 19, 19, 6, 65]",49.87784722222242
"[27, 16, 22, 48, 43, 43, 18, 15, 42, 57, 56, 19, 19, 6, 65]",48.92007486449883
"[26, 17, 22, 48, 42, 41, 14, 15, 40, 55, 56, 19, 19, 6, 65]",50.756543699187276
"[25, 15, 22, 48, 42, 42, 16, 15, 40, 54, 56, 20, 20, 6, 65]",50.536814024390125
"[25, 14, 22, 46, 43, 42, 15, 15, 40, 54, 56, 19, 21, 4, 63]",49.88383333333304
"[25, 15, 22, 48, 42, 43, 15, 15, 40, 54, 56, 20, 20, 6, 65]",50.31764227642286
"[27, 18, 22, 48, 42, 43, 16, 15, 40, 56, 56, 19, 19, 6, 63]",53.76526761517608
"[25, 15, 22, 48, 42, 42, 16, 15, 41, 57, 57, 19, 20, 6, 65]",50.61929031165321
"[26, 16, 22, 48, 42, 43, 15, 16, 41, 56, 56, 19, 20, 6, 65]",50.70377981029818
"[25, 15, 22, 48, 42, 43, 16, 15, 40, 56, 56, 19, 20, 6, 65]",50.221994579945935
"[25, 16, 22, 48, 42, 42, 17, 15, 42, 56, 56, 19, 20, 8, 64]",50.58742174796752
"[25, 15, 22, 48, 42, 43, 15, 15, 41, 58, 56, 19, 22, 6, 65]",50.14574051490516
"[25, 15, 22, 48, 42, 43, 16, 15, 41, 58, 56, 19, 19, 6, 64]",50.045677506775036
"[25, 15, 22, 48, 42, 43, 16, 15, 42, 54, 56, 19, 19, 5, 64]",51.95907689701903
"[25, 16, 22, 48, 42, 42, 15, 15, 40, 54, 56, 19, 19, 6, 65]",50.767913617886286
"[27, 16, 22, 48, 44, 43, 14, 15, 40, 55, 56, 20, 20, 6, 65]",49.75130115176135
"[25, 15, 22, 48, 42, 43, 16, 16, 42, 57, 56, 19, 19, 6, 64]",49.69621070460722
"[25, 15, 22, 48, 42, 42, 15, 15, 39, 53, 56, 19, 19, 5, 64]",50.39191632791326
"[26, 15, 22, 48, 42, 42, 16, 15, 41, 56, 56, 19, 19, 6, 65]",52.25009417344177
"[26, 15, 22, 48, 43, 42, 16, 15, 42, 55, 56, 19, 20, 6, 65]",49.25043766937674
"[25, 16, 22, 48, 43, 41, 16, 15, 40, 55, 56, 19, 19, 6, 65]",50.63168360433625
"[25, 15, 22, 48, 42, 43, 17, 15, 42, 58, 56, 19, 19, 6, 65]",50.24653726287249
"[25, 15, 22, 48, 43, 42, 14, 15, 40, 55, 56, 19, 19, 6, 65]",50.854480013550386
"[25, 16, 22, 48, 44, 42, 16, 15, 40, 56, 56, 20, 20, 6, 65]",49.3944583333336
"[25, 15, 22, 45, 45, 42, 15, 15, 40, 55, 56, 19, 22, 5, 63]",51.0567398373984
"[25, 15, 22, 48, 42, 41, 16, 15, 40, 55, 56, 20, 20, 6, 65]",49.72688313008135
"[27, 18, 22, 48, 45, 43, 16, 15, 41, 55, 56, 19, 19, 6, 64]",50.80342581300801
"[25, 15, 22, 47, 42, 43, 16, 15, 41, 55, 57, 20, 20, 6, 65]",53.807621612466114
"[25, 16, 22, 48, 42, 43, 17, 15, 41, 57, 56, 20, 20, 6, 65]",49.90339397018944
"[25, 16, 22, 48, 43, 42, 16, 15, 40, 55, 56, 19, 19, 6, 65]",49.20564803523055
"[25, 15, 22, 47, 42, 43, 15, 15, 42, 56, 56, 21, 21, 7, 65]",49.02696409214083
"[25, 15, 22, 48, 43, 43, 16, 15, 41, 57, 56, 19, 21, 6, 65]",49.199420392954075
"[26, 15, 22, 48, 42, 42, 15, 15, 41, 57, 56, 19, 19, 6, 64]",51.55005081300806
"[26, 15, 22, 46, 43, 43, 16, 15, 41, 54, 56, 19, 19, 5, 64]",50.64292649051492
"[27, 14, 22, 48, 42, 42, 14, 15, 40, 56, 56, 19, 19, 6, 65]",50.81646680216784
"[25, 17, 22, 48, 42, 42, 13, 15, 41, 56, 56, 20, 22, 6, 65]",49.26085027100277
"[25, 16, 22, 48, 42, 43, 16, 15, 42, 59, 56, 19, 19, 6, 65]",49.723635162601575
"[25, 16, 22, 46, 42, 41, 15, 15, 40, 52, 56, 19, 19, 6, 64]",51.24159112466136
"[25, 15, 22, 48, 42, 42, 15, 15, 42, 56, 58, 19, 20, 6, 65]",48.997633807588066
"[27, 14, 22, 48, 42, 43, 16, 15, 42, 54, 56, 20, 20, 6, 65]",49.30189058265568
"[25, 15, 22, 48, 42, 42, 16, 15, 40, 54, 56, 19, 19, 6, 65]",50.055464769648
"[25, 16, 22, 47, 43, 43, 16, 15, 41, 58, 56, 19, 19, 6, 65]",50.156764566395616
"[25, 14, 22, 48, 44, 42, 14, 15, 40, 56, 56, 19, 19, 6, 65]",50.81526219512219
"[25, 15, 22, 48, 45, 42, 16, 15, 40, 56, 56, 20, 20, 6, 65]",49.15526117886176
"[25, 14, 22, 46, 42, 42, 15, 15, 40, 55, 56, 19, 20, 6, 65]",50.946601626016296
"[25, 15, 22, 48, 43, 42, 16, 15, 40, 54, 56, 20, 20, 6, 65]",51.22469207317102
"[27, 18, 22, 48, 43, 42, 16, 15, 41, 57, 56, 19, 19, 6, 65]",49.64508333333322
"[25, 16, 22, 48, 43, 43, 16, 15, 42, 56, 56, 21, 19, 6, 64]",50.31639701897011
"[26, 17, 22, 48, 44, 43, 16, 15, 40, 56, 56, 19, 20, 6, 65]",50.162605691056946
"[26, 15, 22, 48, 42, 43, 16, 15, 41, 56, 56, 20, 19, 6, 65]",50.91326185636871
"[25, 15, 22, 48, 42, 43, 15, 15, 41, 56, 56, 20, 20, 7, 65]",49.24829844173433
"[25, 15, 22, 48, 44, 43, 16, 15, 40, 56, 56, 20, 19, 6, 65]",50.320746612466316
"[26, 16, 23, 48, 42, 43, 16, 15, 42, 57, 56, 19, 19, 6, 64]",48.387459688346866
"[26, 15, 22, 48, 42, 43, 16, 15, 38, 57, 56, 19, 19, 5, 64]",49.90730115176156
"[28, 15, 22, 48, 42, 42, 16, 15, 40, 56, 56, 19, 19, 6, 65]",51.78986856368559
"[25, 15, 22, 48, 42, 42, 15, 15, 41, 55, 57, 20, 20, 6, 65]",49.42676490514914
"[25, 15, 22, 48, 42, 43, 16, 15, 42, 59, 56, 19, 19, 6, 65]",49.79921409214096
"[25, 15, 23, 46, 42, 40, 15, 15, 39, 53, 56, 19, 18, 6, 64]",49.36445867208688
"[25, 16, 22, 48, 42, 43, 15, 15, 41, 55, 57, 19, 19, 6, 64]",50.62177371273713
"[26, 14, 22, 48, 42, 43, 16, 15, 41, 54, 56, 20, 20, 6, 65]",51.07911111111085
"[25, 15, 22, 48, 42, 42, 16, 15, 40, 54, 56, 19, 19, 6, 65]",50.3216609078591
"[26, 16, 22, 48, 42, 43, 15, 15, 42, 56, 56, 19, 19, 6, 65]",49.33116836043354
"[25, 16, 22, 48, 42, 42, 16, 15, 40, 56, 56, 19, 19, 6, 65]",49.75905453929542
"[26, 15, 22, 48, 44, 42, 16, 15, 40, 56, 56, 20, 20, 6, 65]",50.625093157181645
"[25, 14, 22, 48, 42, 43, 16, 15, 40, 55, 56, 19, 22, 7, 65]",49.77247323848243
"[25, 15, 22, 48, 42, 42, 15, 15, 40, 53, 56, 21, 20, 6, 65]",50.83417682926841
"[28, 15, 22, 48, 43, 42, 16, 15, 41, 58, 56, 19, 18, 6, 65]",49.79984586720868
"[25, 15, 22, 48, 42, 43, 16, 15, 42, 56, 57, 20, 19, 6, 65]",49.80708096205975
"[26, 16, 22, 48, 42, 43, 15, 15, 42, 57, 56, 19, 21, 6, 65]",49.05504945799464
"[25, 15, 22, 48, 42, 43, 16, 15, 41, 56, 56, 20, 20, 7, 65]",49.82921476964785
"[25, 15, 22, 48, 42, 43, 17, 15, 40, 57, 57, 19, 19, 7, 65]",49.779059281842756
"[25, 15, 22, 48, 42, 42, 16, 15, 39, 56, 56, 20, 20, 6, 65]",52.327273373983786
"[26, 16, 23, 48, 42, 43, 16, 15, 42, 56, 56, 19, 19, 6, 64]",49.03189397018965
"[25, 15, 22, 48, 42, 43, 16, 15, 41, 58, 56, 19, 19, 6, 65]",50.34720223577222
"[25, 16, 22, 48, 42, 42, 16, 15, 40, 55, 56, 19, 19, 6, 65]",50.84044715447146
"[26, 15, 22, 48, 42, 43, 17, 15, 40, 54, 57, 20, 19, 6, 65]",49.51083401083989
"[25, 15, 22, 48, 42, 43, 16, 15, 42, 61, 56, 19, 19, 6, 65]",50.03701659891583
"[25, 15, 24, 48, 43, 40, 15, 15, 39, 54, 56, 19, 18, 5, 65]",51.34755453929531
"[25, 17, 22, 48, 42, 43, 15, 15, 41, 55, 57, 19, 19, 6, 65]",49.92022459349602
"[25, 15, 22, 48, 42, 43, 16, 15, 41, 55, 56, 20, 20, 6, 65]",51.1945758807588
"[26, 15, 23, 48, 43, 42, 15, 15, 40, 54, 56, 19, 19, 6, 65]",50.7883499322494
"[26, 15, 22, 48, 42, 42, 18, 15, 42, 56, 56, 19, 19, 6, 65]",49.84462127371269
"[26, 16, 22, 48, 42, 41, 16, 15, 40, 55, 56, 19, 19, 6, 65]",49.84040887533864
"[25, 16, 22, 48, 42, 42, 16, 15, 40, 56, 56, 20, 20, 6, 65]",53.16180284552849
"[25, 15, 22, 48, 42, 42, 15, 15, 40, 55, 56, 19, 23, 6, 65]",49.69640853658541
"[25, 15, 22, 48, 42, 43, 14, 15, 40, 53, 56, 20, 20, 6, 65]",49.021132452574555
"[29, 17, 22, 48, 42, 43, 16, 15, 41, 56, 56, 19, 18, 6, 65]",53.55543394308945
"[26, 15, 22, 48, 42, 43, 16, 15, 41, 57, 56, 20, 19, 6, 65]",49.561538279132876
"[26, 15, 22, 48, 43, 43, 15, 15, 42, 56, 56, 20, 20, 6, 65]",49.89685467479659
"[25, 16, 23, 48, 42, 43, 15, 15, 40, 56, 56, 19, 20, 7, 65]",49.150662601626166
"[25, 15, 22, 46, 42, 43, 17, 15, 41, 56, 56, 19, 19, 7, 65]",51.01394817073146
"[26, 13, 22, 48, 42, 43, 16, 15, 40, 57, 56, 19, 22, 6, 65]",50.962951219512156
"[26, 15, 22, 48, 44, 43, 16, 15, 41, 57, 56, 19, 18, 6, 64]",48.887839769647655
"[25, 15, 22, 48, 42, 43, 16, 15, 42, 56, 56, 19, 19, 6, 65]",50.28425813008124
"[25, 16, 22, 48, 44, 43, 16, 15, 40, 55, 56, 20, 19, 6, 65]",51.6527090108403
"[25, 16, 22, 48, 42, 42, 13, 15, 40, 54, 56, 19, 21, 6, 65]",51.61350508130077
"[25, 16, 22, 48, 42, 43, 15, 15, 42, 59, 56, 19, 19, 6, 65]",48.67082960704599
"[25, 16, 22, 48, 44, 42, 15, 15, 39, 52, 56, 19, 19, 5, 65]",52.26700169376682
"[26, 15, 22, 48, 42, 43, 15, 15, 40, 55, 56, 19, 18, 6, 65]",49.97820155826569
"[26, 15, 23, 48, 42, 43, 16, 15, 40, 55, 56, 19, 19, 6, 65]",51.46522154471533
"[26, 16, 23, 48, 44, 41, 16, 15, 39, 55, 56, 19, 19, 6, 65]",51.03764295392943
"[26, 15, 22, 48, 44, 42, 17, 15, 42, 59, 56, 19, 19, 6, 65]",50.48365785907868
"[25, 16, 22, 48, 42, 42, 15, 15, 40, 55, 56, 19, 19, 6, 65]",50.04568021680218
"[26, 16, 22, 48, 42, 42, 16, 16, 40, 56, 56, 20, 20, 6, 65]",50.67612364498641
"[25, 16, 22, 48, 42, 43, 15, 15, 40, 55, 57, 20, 23, 5, 65]",49.86904098915981
"[26, 15, 22, 46, 42, 42, 14, 15, 40, 54, 56, 19, 19, 6, 65]",49.58796544715446
"[26, 18, 22, 48, 45, 43, 16, 15, 41, 56, 56, 19, 19, 6, 64]",52.13398204607056
"[25, 16, 22, 48, 42, 43, 16, 15, 40, 57, 56, 20, 18, 6, 65]",50.657670731707306
"[26, 15, 22, 48, 44, 42, 15, 15, 42, 56, 56, 20, 19, 6, 65]",48.83067378048778
"[25, 15, 24, 48, 42, 43, 15, 15, 40, 56, 56, 21, 20, 6, 65]",49.00700542005431
"[25, 15, 22, 47, 42, 43, 15, 15, 42, 55, 56, 20, 19, 5, 65]",49.11683468834704
"[27, 16, 22, 47, 42, 42, 16, 16, 40, 58, 56, 20, 21, 6, 65]",51.44852574525751
"[26, 15, 22, 48, 44, 43, 16, 15, 41, 57, 56, 19, 18, 5, 64]",50.343369918699075
"[25, 15, 22, 48, 42, 42, 16, 15, 40, 58, 56, 19, 19, 6, 65]",51.481902439024466
"[25, 16, 22, 48, 44, 43, 16, 15, 41, 55, 56, 20, 20, 6, 65]",50.48271714092121
"[26, 17, 22, 48, 42, 42, 13, 15, 40, 55, 56, 19, 20, 6, 65]",49.41500643631441
"[27, 15, 22, 48, 42, 43, 17, 15, 42, 57, 56, 19, 19, 6, 65]",49.778016937669314
"[26, 17, 22, 48, 42, 41, 15, 15, 39, 52, 56, 19, 19, 6, 63]",50.24941565040672
"[27, 14, 22, 48, 42, 43, 16, 15, 41, 56, 56, 19, 19, 6, 65]",49.541853997289955
"[26, 15, 22, 48, 42, 43, 16, 15, 41, 55, 56, 20, 19, 6, 65]",51.050585365853806
"[26, 16, 22, 48, 43, 41, 17, 15, 39, 55, 56, 19, 19, 6, 65]",50.73314024390265
"[25, 16, 22, 48, 42, 43, 15, 15, 42, 58, 56, 19, 19, 6, 65]",50.64847222222232
"[26, 15, 22, 48, 42, 42, 14, 15, 40, 55, 56, 19, 19, 6, 65]",50.24159688346891
"[26, 15, 22, 48, 42, 43, 16, 15, 42, 56, 56, 20, 20, 6, 65]",49.0631409214093
"[25, 14, 23, 48, 43, 42, 14, 15, 40, 55, 57, 20, 21, 6, 64]",49.96113448509501
"[25, 15, 22, 47, 42, 42, 15, 15, 40, 55, 56, 21, 19, 6, 65]",49.844189363143556
"[27, 17, 22, 48, 46, 42, 15, 15, 40, 57, 56, 19, 19, 6, 64]",49.869246612466256
"[25, 15, 22, 48, 43, 43, 16, 15, 42, 56, 56, 19, 20, 6, 65]",50.672173780487554
"[26, 14, 23, 48, 42, 42, 17, 15, 42, 56, 56, 20, 20, 6, 65]",51.08531131436305
"[25, 15, 22, 48, 42, 43, 17, 15, 40, 56, 56, 21, 20, 6, 65]",51.68089532520308
"[25, 15, 22, 48, 42, 42, 16, 15, 42, 56, 56, 19, 20, 5, 65]",51.62534180216803
"[25, 15, 22, 48, 42, 43, 16, 15, 40, 56, 56, 20, 19, 6, 65]",50.42388550135495
"[26, 16, 22, 48, 43, 43, 16, 15, 42, 56, 56, 19, 19, 5, 65]",50.672908875338635
"[25, 15, 22, 48, 43, 43, 16, 15, 39, 57, 56, 19, 19, 6, 65]",50.13086517615173
"[26, 14, 22, 48, 42, 43, 16, 15, 41, 57, 56, 20, 20, 6, 65]",48.99981470189691
"[26, 13, 22, 48, 42, 42, 15, 15, 40, 55, 56, 20, 21, 6, 65]",50.43083604336042
"[26, 15, 22, 48, 42, 43, 17, 15, 42, 59, 56, 19, 18, 6, 65]",49.87193665311651
"[26, 13, 22, 48, 42, 40, 15, 15, 39, 53, 56, 19, 19, 6, 63]",50.55920291327902
"[25, 15, 22, 48, 42, 43, 15, 15, 42, 55, 56, 19, 19, 6, 65]",48.93185433604314
"[26, 15, 22, 48, 42, 42, 16, 15, 40, 54, 56, 20, 18, 6, 65]",50.56941700541987
"[25, 15, 22, 48, 43, 42, 16, 15, 41, 54, 56, 19, 19, 6, 65]",50.26582452574513
"[26, 16, 22, 48, 42, 43, 17, 15, 42, 57, 56, 19, 19, 6, 65]",48.96143495934971
"[25, 15, 22, 48, 42, 42, 16, 15, 40, 55, 56, 19, 19, 6, 65]",49.012985433604484
"[25, 15, 22, 48, 42, 42, 15, 15, 41, 55, 56, 19, 19, 6, 65]",51.024755420054206
"[26, 15, 22, 48, 43, 41, 14, 15, 40, 54, 57, 19, 20, 7, 64]",52.154896341463505
"[25, 15, 22, 48, 42, 43, 16, 15, 40, 55, 56, 21, 20, 6, 65]",51.9387052845528
"[28, 16, 22, 48, 44, 42, 15, 16, 40, 57, 56, 19, 18, 6, 64]",50.51690142276425
"[27, 15, 22, 48, 42, 43, 16, 15, 42, 56, 57, 19, 20, 6, 65]",50.107205623306434
"[25, 16, 22, 48, 42, 43, 16, 15, 41, 57, 56, 19, 20, 6, 65]",49.611165989159815
"[26, 15, 22, 48, 42, 43, 17, 15, 41, 56, 56, 20, 20, 6, 65]",48.92910806233059
"[26, 15, 22, 48, 42, 43, 17, 15, 40, 57, 56, 19, 21, 8, 65]",50.760245257452674
"[25, 15, 22, 48, 42, 43, 16, 15, 40, 56, 56, 20, 20, 6, 65]",50.53937059620576
"[26, 16, 22, 48, 42, 43, 16, 15, 41, 57, 56, 19, 19, 7, 62]",50.13639329268306
"[26, 15, 22, 48, 42, 43, 16, 15, 41, 55, 56, 19, 19, 6, 65]",50.46646951219518
"[27, 14, 22, 48, 42, 43, 16, 15, 41, 56, 56, 20, 19, 6, 65]",50.45719647696486
"[27, 17, 22, 48, 42, 42, 16, 15, 40, 54, 56, 20, 20, 6, 65]",49.55336009485083
"[25, 15, 22, 48, 42, 43, 16, 15, 42, 58, 56, 19, 19, 6, 65]",51.168080962059456
"[25, 15, 22, 48, 43, 41, 15, 15, 39, 53, 56, 19, 18, 6, 65]",50.96667547425467
"[25, 16, 22, 48, 42, 43, 14, 15, 42, 55, 56, 19, 19, 6, 65]",48.81546646341477
"[25, 15, 22, 48, 43, 42, 16, 15, 41, 54, 56, 19, 21, 6, 65]",50.15777100271026
"[25, 14, 22, 48, 42, 43, 15, 15, 40, 55, 56, 19, 19, 6, 65]",51.455392953929824
"[27, 16, 22, 48, 43, 43, 16, 15, 42, 55, 56, 19, 19, 6, 65]",49.30732181571828
"[25, 15, 22, 48, 42, 41, 16, 15, 40, 56, 56, 19, 19, 6, 65]",50.81450338753398
"[25, 15, 22, 48, 42, 42, 15, 15, 39, 56, 56, 20, 19, 6, 65]",50.74942479674772
"[26, 15, 22, 48, 42, 41, 16, 15, 40, 54, 56, 19, 22, 6, 65]",49.099318766937635
"[25, 15, 22, 48, 42, 43, 15, 15, 40, 55, 56, 20, 20, 6, 65]",50.25004065040621
"[27, 17, 22, 48, 42, 42, 17, 16, 40, 56, 56, 19, 18, 4, 64]",50.84121409214087
"[26, 15, 22, 48, 42, 43, 16, 15, 42, 56, 57, 19, 19, 6, 65]",50.20101829268285
"[25, 16, 22, 48, 44, 43, 15, 15, 40, 56, 56, 19, 19, 6, 65]",49.15278184281836
"[25, 15, 22, 48, 43, 43, 14, 15, 41, 56, 56, 19, 20, 7, 65]",51.12416971544719
"[25, 15, 22, 48, 42, 43, 15, 15, 41, 56, 56, 19, 19, 6, 65]",49.43481029810286
"[25, 13, 22, 48, 42, 43, 16, 15, 41, 59, 56, 19, 21, 6, 65]",50.68154911924119
"[26, 15, 22, 48, 42, 42, 16, 15, 41, 58, 56, 19, 19, 6, 64]",50.34705013550124
"[27, 15, 22, 48, 42, 43, 16, 15, 42, 56, 56, 19, 18, 6, 65]",50.968322831978384
"[25, 15, 22, 48, 43, 43, 16, 15, 41, 55, 56, 19, 20, 6, 65]",52.65249186991864
"[26, 17, 22, 48, 42, 41, 14, 15, 40, 55, 56, 20, 19, 6, 65]",50.41239532520325
"[25, 15, 22, 48, 42, 43, 16, 15, 42, 57, 56, 19, 19, 6, 64]",51.00803252032545
"[25, 16, 22, 48, 44, 41, 15, 15, 40, 52, 56, 19, 18, 6, 65]",53.86427303523022
"[25, 15, 22, 48, 43, 43, 16, 15, 39, 56, 58, 19, 19, 6, 65]",49.487490853658684
"[26, 14, 22, 48, 45, 43, 16, 15, 41, 54, 56, 19, 19, 6, 65]",51.30375745257443
"[25, 16, 22, 48, 42, 42, 17, 15, 39, 55, 56, 19, 19, 6, 65]",52.03687533875344
"[27, 16, 22, 48, 43, 43, 17, 15, 42, 57, 56, 19, 19, 6, 65]",50.06141158536579
"[25, 16, 23, 48, 42, 43, 15, 15, 40, 56, 56, 19, 19, 6, 65]",50.504899051490476
"[25, 16, 23, 48, 42, 42, 15, 15, 39, 55, 56, 20, 19, 6, 65]",52.36216056910559
"[25, 14, 22, 48, 42, 42, 16, 15, 40, 54, 56, 20, 23, 5, 65]",50.49894376693747
"[25, 15, 22, 48, 43, 42, 15, 15, 40, 55, 56, 21, 20, 6, 65]",51.375679200542
"[26, 17, 22, 48, 43, 43, 17, 15, 40, 56, 56, 19, 19, 4, 64]",49.967539295392925
"[25, 16, 22, 48, 43, 43, 15, 15, 41, 57, 56, 20, 19, 6, 65]",50.095016598915976
"[25, 16, 22, 48, 44, 43, 14, 15, 41, 56, 56, 19, 19, 6, 65]",49.348543699187076
"[25, 15, 22, 48, 42, 43, 14, 15, 40, 56, 56, 19, 20, 6, 65]",50.53343597560963
"[25, 16, 23, 48, 42, 43, 15, 15, 41, 57, 56, 19, 19, 6, 65]",49.24508638211379
"[25, 15, 22, 48, 42, 42, 15, 15, 40, 59, 56, 19, 21, 6, 65]",50.46276219512196
"[26, 14, 22, 48, 42, 41, 16, 15, 42, 56, 56, 19, 18, 5, 65]",50.66633739837367
"[27, 15, 22, 48, 42, 43, 15, 15, 41, 59, 56, 19, 18, 6, 65]",51.766906842818436
"[25, 16, 23, 48, 43, 43, 16, 15, 41, 56, 56, 19, 20, 6, 65]",50.971943428184574
"[26, 16, 22, 48, 42, 42, 14, 15, 40, 56, 56, 21, 21, 6, 65]",50.15247628726284
"[25, 16, 22, 48, 42, 43, 15, 15, 41, 58, 56, 19, 19, 6, 65]",51.535374661246635
"[25, 16, 22, 48, 42, 41, 15, 15, 40, 52, 56, 19, 19, 6, 64]",50.30421239837413
"[26, 15, 22, 48, 45, 42, 15, 15, 39, 56, 58, 19, 20, 6, 65]",52.132787262872405
"[27, 16, 22, 48, 44, 43, 16, 15, 40, 54, 56, 20, 18, 6, 65]",50.84480250677476
"[25, 16, 22, 48, 43, 42, 17, 15, 40, 54, 56, 19, 19, 6, 65]",50.53412127371255
"[25, 16, 22, 48, 42, 42, 17, 15, 42, 58, 56, 19, 19, 6, 65]",49.11316090785928
"[26, 15, 24, 47, 42, 43, 16, 15, 40, 56, 56, 19, 19, 6, 65]",50.21529878048766
"[25, 16, 22, 48, 42, 42, 15, 15, 40, 54, 56, 19, 21, 6, 65]",50.46622527100269
"[25, 14, 22, 48, 42, 43, 15, 15, 40, 54, 56, 20, 21, 6, 64]",50.45426795392956
"[25, 15, 22, 48, 42, 42, 16, 15, 40, 54, 56, 20, 20, 6, 65]",50.37464837398358
"[27, 17, 22, 48, 42, 43, 16, 15, 40, 55, 56, 19, 19, 5, 65]",54.38237804878056
"[26, 15, 22, 48, 44, 43, 16, 15, 41, 56, 56, 20, 18, 6, 65]",49.60283096205958
"[26, 15, 22, 48, 44, 43, 16, 15, 41, 56, 56, 20, 19, 6, 65]",48.864031504065046
"[25, 16, 22, 48, 42, 42, 15, 15, 40, 56, 56, 19, 19, 6, 65]",49.07796849593489
"[26, 16, 22, 47, 43, 43, 16, 15, 42, 58, 56, 19, 20, 6, 65]",49.887686314363236
"[25, 16, 22, 47, 42, 43, 14, 15, 40, 57, 56, 20, 20, 6, 65]",50.40843055555552
"[26, 15, 23, 48, 44, 40, 15, 15, 41, 55, 56, 19, 18, 6, 65]",49.42341429539304
"[27, 15, 22, 48, 43, 43, 15, 15, 40, 56, 56, 19, 19, 6, 65]",49.79631199186996
"[27, 16, 22, 48, 44, 43, 15, 15, 40, 55, 56, 19, 19, 6, 65]",49.70889498644987
"[25, 15, 22, 48, 42, 42, 14, 15, 41, 54, 56, 20, 20, 6, 65]",50.07994275067751
"[25, 16, 22, 48, 42, 43, 15, 15, 41, 59, 56, 19, 19, 6, 65]",49.08305555555563
"[26, 15, 22, 48, 42, 41, 15, 15, 39, 52, 56, 19, 19, 6, 64]",51.938879403794125
"[27, 16, 22, 48, 43, 43, 15, 15, 40, 56, 57, 20, 20, 6, 65]",50.62993258807591
"[26, 16, 22, 48, 42, 43, 16, 15, 41, 56, 56, 19, 19, 6, 65]",49.899410907859206
"[25, 15, 22, 48, 42, 42, 16, 15, 40, 55, 56, 19, 19, 6, 65]",50.79611517615181
"[25, 16, 22, 47, 42, 43, 17, 15, 42, 57, 56, 19, 19, 6, 65]",51.30482994579935
"[27, 15, 22, 48, 42, 43, 15, 15, 41, 56, 56, 19, 19, 6, 65]",49.55268563685637
"[26, 16, 22, 48, 42, 42, 15, 15, 41, 56, 56, 19, 20, 6, 65]",50.190986111111236
"[25, 14, 22, 48, 42, 43, 14, 15, 40, 55, 57, 20, 22, 7, 65]",51.7607838753389
"[26, 15, 22, 48, 42, 43, 15, 15, 40, 54, 56, 20, 20, 6, 65]",50.028451219512114
"[26, 17, 22, 48, 42, 42, 16, 15, 41, 55, 56, 19, 19, 7, 63]",50.56150237127364
"[26, 16, 22, 47, 44, 42, 17, 15, 42, 55, 57, 20, 18, 6, 65]",51.42613719512201
"[27, 15, 22, 48, 43, 42, 16, 15, 41, 55, 56, 19, 19, 6, 65]",49.917476964769676
"[26, 16, 22, 48, 42, 42, 16, 15, 40, 56, 56, 19, 19, 6, 65]",49.98289498644996
"[26, 15, 22, 48, 42, 43, 17, 15, 41, 56, 56, 19, 21, 6, 65]",50.03337533875343
"[25, 14, 22, 48, 44, 43, 15, 15, 40, 58, 56, 20, 20, 6, 65]",50.22437804878044
"[26, 16, 22, 48, 44, 43, 17, 15, 41, 57, 56, 19, 18, 6, 62]",53.216407520325355
"[25, 15, 22, 48, 43, 43, 18, 15, 41, 55, 56, 19, 19, 6, 64]",50.00115006775054
"[26, 15, 22, 48, 43, 43, 15, 15, 40, 54, 56, 19, 19, 6, 65]",50.85770359078602
"[26, 15, 22, 48, 43, 42, 13, 15, 41, 54, 56, 19, 19, 6, 65]",51.184364159891864
"[26, 15, 22, 48, 42, 43, 17, 15, 41, 60, 56, 19, 19, 6, 65]",49.8019962737128
"[27, 15, 22, 48, 42, 41, 15, 15, 39, 55, 56, 19, 19, 6, 65]",49.58643021680214
"[25, 17, 22, 48, 42, 43, 15, 15, 41, 55, 57, 19, 20, 6, 65]",48.58413888888877
"[26, 16, 22, 48, 42, 42, 16, 15, 41, 55, 56, 19, 19, 6, 65]",50.99305487804852
"[25, 14, 22, 48, 42, 42, 15, 15, 39, 55, 56, 19, 19, 6, 65]",49.660108062330586
"[26, 16, 22, 46, 42, 43, 18, 15, 42, 57, 56, 19, 19, 6, 65]",49.66119884823832
"[25, 15, 22, 48, 42, 43, 15, 15, 41, 56, 56, 19, 19, 6, 65]",49.83172120596194
"[27, 15, 22, 48, 42, 41, 15, 15, 39, 56, 56, 20, 20, 6, 65]",50.466882452574325
"[25, 14, 22, 47, 42, 43, 14, 15, 40, 55, 57, 20, 21, 6, 64]",48.57565955284561
"[25, 15, 22, 48, 43, 43, 16, 15, 40, 54, 56, 20, 20, 6, 65]",49.96927879403769
"[28, 18, 22, 48, 44, 42, 16, 15, 40, 56, 56, 19, 19, 6, 63]",49.889466463414685
"[26, 16, 22, 48, 42, 43, 15, 15, 41, 55, 57, 20, 21, 6, 65]",50.30857960704595
"[27, 16, 22, 48, 43, 42, 16, 15, 41, 55, 56, 19, 20, 6, 65]",50.17902574525759
"[25, 16, 22, 48, 43, 42, 16, 15, 40, 56, 56, 19, 19, 6, 65]",49.969744918699206
"[25, 15, 22, 47, 42, 43, 15, 15, 41, 56, 56, 19, 20, 6, 65]",49.16200271002696
"[26, 13, 22, 48, 43, 42, 17, 15, 41, 58, 56, 20, 21, 6, 65]",49.099519308942924
"[26, 16, 22, 48, 42, 43, 17, 15, 42, 56, 56, 19, 18, 5, 64]",51.61714769647712
"[26, 15, 22, 48, 43, 43, 17, 15, 41, 56, 56, 19, 18, 6, 64]",51.7299366531168
"[26, 15, 22, 48, 43, 42, 16, 15, 41, 54, 56, 19, 18, 6, 65]",51.48993631436333
"[25, 16, 22, 48, 43, 42, 12, 15, 39, 55, 56, 19, 19, 6, 65]",48.970003726287146
"[25, 15, 22, 48, 42, 43, 16, 15, 42, 57, 56, 19, 19, 6, 65]",50.431248983739884
"[26, 15, 22, 48, 42, 41, 15, 15, 40, 55, 56, 19, 18, 6, 65]",50.49169173441721
"[26, 15, 22, 48, 42, 43, 16, 15, 41, 55, 58, 19, 20, 6, 65]",50.914059281842924
"[27, 17, 23, 52, 46, 41, 15, 14, 41, 54, 56, 19, 19, 6, 65]",51.58505995934954
"[27, 15, 24, 53, 46, 42, 14, 15, 39, 55, 56, 19, 19, 6, 65]",51.02353218157189
"[28, 17, 24, 50, 46, 40, 16, 15, 40, 54, 56, 19, 19, 6, 65]",50.684037601626024
"[27, 16, 23, 53, 46, 41, 14, 15, 40, 55, 56, 19, 19, 6, 65]",49.20711957994585
"[28, 16, 23, 52, 46, 41, 14, 15, 39, 56, 56, 19, 19, 6, 65]",51.461408875338755
"[27, 15, 24, 52, 47, 42, 13, 15, 40, 55, 56, 20, 20, 6, 63]",49.16082384823834
"[26, 16, 24, 52, 47, 42, 15, 14, 40, 54, 56, 19, 19, 6, 65]",49.43416869918696
"[28, 18, 23, 50, 46, 41, 15, 14, 40, 55, 56, 19, 19, 7, 64]",50.301640582655914
"[27, 17, 23, 52, 46, 41, 14, 15, 41, 54, 56, 19, 20, 6, 64]",50.80300033875337
"[28, 16, 24, 51, 46, 41, 15, 14, 41, 54, 56, 19, 19, 6, 65]",50.987993224932296
"[26, 17, 23, 52, 47, 41, 15, 14, 40, 55, 56, 19, 19, 6, 65]",49.77343597560978
"[27, 16, 24, 52, 46, 41, 14, 15, 40, 55, 56, 19, 19, 6, 65]",50.27351388888903
"[28, 14, 23, 53, 47, 40, 16, 14, 39, 56, 56, 19, 20, 6, 64]",50.7258641598917
"[27, 17, 23, 52, 46, 41, 16, 14, 40, 54, 57, 19, 18, 5, 66]",50.42888414634146
"[27, 16, 23, 52, 47, 41, 16, 14, 40, 54, 56, 19, 18, 7, 65]",51.20990989159883
"[27, 16, 23, 52, 47, 41, 15, 14, 41, 54, 56, 19, 18, 6, 66]",49.992118902439174
"[26, 17, 23, 52, 47, 42, 12, 15, 40, 56, 56, 19, 19, 6, 65]",50.379252710027075
"[27, 16, 23, 53, 46, 41, 15, 14, 40, 55, 56, 19, 19, 6, 65]",51.769982046070574
"[28, 16, 23, 52, 46, 41, 14, 15, 40, 55, 56, 19, 18, 6, 66]",50.01996578590782
"[28, 16, 23, 52, 46, 41, 15, 15, 40, 54, 57, 19, 19, 6, 64]",49.82951456639563
