"[10, 3, 10, 3, 10, 3, 10, 3, 30, 3, 30, 3, 10, 3, 10, 3, 30, 3, 10, 3, 10, 3, 10, 3, 10, 3, 30, 3, 10, 3]",41.66892397660823
"[10, 3, 10, 3, 10, 3, 10, 3, 30, 3, 30, 3, 10, 3, 10, 3, 30, 3, 10, 3, 10, 3, 10, 3, 10, 3, 30, 3, 10, 3]",36.31636452241714
"[10, 3, 10, 3, 10, 3, 10, 3, 30, 3, 30, 3, 10, 3, 10, 3, 30, 3, 10, 3, 10, 3, 10, 3, 10, 3, 30, 3, 10, 3]",49.23539766081883
"[10, 3, 10, 3, 10, 3, 10, 3, 30, 3, 30, 3, 10, 3, 10, 3, 30, 3, 10, 3, 10, 3, 10, 3, 10, 3, 30, 3, 10, 3]",48.90202729044834
"[10, 3, 10, 3, 10, 3, 10, 3, 30, 3, 30, 3, 10, 3, 10, 3, 30, 3, 10, 3, 10, 3, 10, 3, 10, 3, 30, 3, 10, 3]",46.598777777777926
"[10, 3, 10, 3, 10, 3, 10, 3, 30, 3, 30, 3, 10, 3, 10, 3, 30, 3, 10, 3, 10, 3, 10, 3, 10, 3, 30, 3, 10, 3]",50.6321150097465
"[10, 3, 10, 3, 10, 3, 10, 3, 30, 3, 30, 3, 10, 3, 10, 3, 30, 3, 10, 3, 10, 3, 10, 3, 10, 3, 30, 3, 10, 3]",44.414865497076015
"[10, 3, 10, 3, 10, 3, 10, 3, 30, 3, 30, 3, 10, 3, 10, 3, 30, 3, 10, 3, 10, 3, 10, 3, 10, 3, 30, 3, 10, 3]",40.265849902534036
"[10, 3, 10, 3, 10, 3, 10, 3, 30, 3, 30, 3, 10, 3, 10, 3, 30, 3, 10, 3, 10, 3, 10, 3, 10, 3, 30, 3, 10, 3]",56.84350292397656
"[10, 3, 10, 3, 10, 3, 10, 3, 30, 3, 30, 3, 10, 3, 10, 3, 30, 3, 10, 3, 10, 3, 10, 3, 10, 3, 30, 3, 10, 3]",47.092274853801186
"[10, 3, 10, 3, 10, 3, 10, 3, 30, 3, 30, 3, 10, 3, 10, 3, 30, 3, 10, 3, 10, 3, 10, 3, 10, 3, 30, 3, 10, 3]",52.76545419103316
"[10, 3, 10, 3, 10, 3, 10, 3, 30, 3, 30, 3, 10, 3, 10, 3, 30, 3, 10, 3, 10, 3, 10, 3, 10, 3, 30, 3, 10, 3]",34.57506627680318
"[10, 3, 10, 3, 10, 3, 10, 3, 30, 3, 30, 3, 10, 3, 10, 3, 30, 3, 10, 3, 10, 3, 10, 3, 10, 3, 30, 3, 10, 3]",69.70388693957094
"[10, 3, 10, 3, 10, 3, 10, 3, 30, 3, 30, 3, 10, 3, 10, 3, 30, 3, 10, 3, 10, 3, 10, 3, 10, 3, 30, 3, 10, 3]",37.83630799220281
"[10, 3, 10, 3, 10, 3, 10, 3, 30, 3, 30, 3, 10, 3, 10, 3, 30, 3, 10, 3, 10, 3, 10, 3, 10, 3, 30, 3, 10, 3]",39.172637426900536
"[10, 3, 10, 3, 10, 3, 10, 3, 30, 3, 30, 3, 10, 3, 10, 3, 30, 3, 10, 3, 10, 3, 10, 3, 10, 3, 30, 3, 10, 3]",60.47318908382063
"[10, 3, 10, 3, 10, 3, 10, 3, 30, 3, 30, 3, 10, 3, 10, 3, 30, 3, 10, 3, 10, 3, 10, 3, 10, 3, 30, 3, 10, 3]",57.64888888888879
"[10, 3, 10, 3, 10, 3, 10, 3, 30, 3, 30, 3, 10, 3, 10, 3, 30, 3, 10, 3, 10, 3, 10, 3, 10, 3, 30, 3, 10, 3]",49.30540350877189
"[10, 3, 10, 3, 10, 3, 10, 3, 30, 3, 30, 3, 10, 3, 10, 3, 30, 3, 10, 3, 10, 3, 10, 3, 10, 3, 30, 3, 10, 3]",49.30803313840154
"[10, 3, 10, 3, 10, 3, 10, 3, 30, 3, 30, 3, 10, 3, 10, 3, 30, 3, 10, 3, 10, 3, 10, 3, 10, 3, 30, 3, 10, 3]",41.94523196881089
"[10, 3, 10, 3, 10, 3, 10, 3, 30, 3, 30, 3, 10, 3, 10, 3, 30, 3, 10, 3, 10, 3, 10, 3, 10, 3, 30, 3, 10, 3]",46.008621832358685
"[10, 3, 10, 3, 10, 3, 10, 3, 30, 3, 30, 3, 10, 3, 10, 3, 30, 3, 10, 3, 10, 3, 10, 3, 10, 3, 30, 3, 10, 3]",33.76020662768029
"[10, 3, 10, 3, 10, 3, 10, 3, 30, 3, 30, 3, 10, 3, 10, 3, 30, 3, 10, 3, 10, 3, 10, 3, 10, 3, 30, 3, 10, 3]",43.371284600389906
"[10, 3, 10, 3, 10, 3, 10, 3, 30, 3, 30, 3, 10, 3, 10, 3, 30, 3, 10, 3, 10, 3, 10, 3, 10, 3, 30, 3, 10, 3]",41.26699025341127
"[10, 3, 10, 3, 10, 3, 10, 3, 30, 3, 30, 3, 10, 3, 10, 3, 30, 3, 10, 3, 10, 3, 10, 3, 10, 3, 30, 3, 10, 3]",29.1236530214425
"[10, 3, 10, 3, 10, 3, 10, 3, 30, 3, 30, 3, 10, 3, 10, 3, 30, 3, 10, 3, 10, 3, 10, 3, 10, 3, 30, 3, 10, 3]",28.61230214424948
"[10, 3, 10, 3, 10, 3, 10, 3, 30, 3, 30, 3, 10, 3, 10, 3, 30, 3, 10, 3, 10, 3, 10, 3, 10, 3, 30, 3, 10, 3]",37.19202339181281
"[10, 3, 10, 3, 10, 3, 10, 3, 30, 3, 30, 3, 10, 3, 10, 3, 30, 3, 10, 3, 10, 3, 10, 3, 10, 3, 30, 3, 10, 3]",37.830594541910415
"[10, 3, 10, 3, 10, 3, 10, 3, 30, 3, 30, 3, 10, 3, 10, 3, 30, 3, 10, 3, 10, 3, 10, 3, 10, 3, 30, 3, 10, 3]",39.36691423001941
"[10, 3, 10, 3, 10, 3, 10, 3, 30, 3, 30, 3, 10, 3, 10, 3, 30, 3, 10, 3, 10, 3, 10, 3, 10, 3, 30, 3, 10, 3]",42.43018518518514
"[10, 3, 10, 3, 10, 3, 10, 3, 30, 3, 30, 3, 10, 3, 10, 3, 30, 3, 10, 3, 10, 3, 10, 3, 10, 3, 30, 3, 10, 3]",41.991189083820636
"[10, 3, 10, 3, 10, 3, 10, 3, 30, 3, 30, 3, 10, 3, 10, 3, 30, 3, 10, 3, 10, 3, 10, 3, 10, 3, 30, 3, 10, 3]",34.32774269005848
"[10, 3, 10, 3, 10, 3, 10, 3, 30, 3, 30, 3, 10, 3, 10, 3, 30, 3, 10, 3, 10, 3, 10, 3, 10, 3, 30, 3, 10, 3]",24.755690058479523
"[10, 3, 10, 3, 10, 3, 10, 3, 30, 3, 30, 3, 10, 3, 10, 3, 30, 3, 10, 3, 10, 3, 10, 3, 10, 3, 30, 3, 10, 3]",38.57480701754395
"[10, 3, 10, 3, 10, 3, 10, 3, 30, 3, 30, 3, 10, 3, 10, 3, 30, 3, 10, 3, 10, 3, 10, 3, 10, 3, 30, 3, 10, 3]",25.58819688109163
"[10, 3, 10, 3, 10, 3, 10, 3, 30, 3, 30, 3, 10, 3, 10, 3, 30, 3, 10, 3, 10, 3, 10, 3, 10, 3, 30, 3, 10, 3]",34.6228089668616
"[10, 3, 10, 3, 10, 3, 10, 3, 30, 3, 30, 3, 10, 3, 10, 3, 30, 3, 10, 3, 10, 3, 10, 3, 10, 3, 30, 3, 10, 3]",44.35021247563354
"[10, 3, 10, 3, 10, 3, 10, 3, 30, 3, 30, 3, 10, 3, 10, 3, 30, 3, 10, 3, 10, 3, 10, 3, 10, 3, 30, 3, 10, 3]",33.204968810916185
"[10, 3, 10, 3, 10, 3, 10, 3, 30, 3, 30, 3, 10, 3, 10, 3, 30, 3, 10, 3, 10, 3, 10, 3, 10, 3, 30, 3, 10, 3]",32.608267056530174
"[10, 3, 10, 3, 10, 3, 10, 3, 30, 3, 30, 3, 10, 3, 10, 3, 30, 3, 10, 3, 10, 3, 10, 3, 10, 3, 30, 3, 10, 3]",30.047261208576916
"[10, 3, 10, 3, 10, 3, 10, 3, 30, 3, 30, 3, 10, 3, 10, 3, 30, 3, 10, 3, 10, 3, 10, 3, 10, 3, 30, 3, 10, 3]",36.52048148148152
"[10, 3, 10, 3, 10, 3, 10, 3, 30, 3, 30, 3, 10, 3, 10, 3, 30, 3, 10, 3, 10, 3, 10, 3, 10, 3, 30, 3, 10, 3]",28.169424951267036
"[10, 3, 10, 3, 10, 3, 10, 3, 30, 3, 30, 3, 10, 3, 10, 3, 30, 3, 10, 3, 10, 3, 10, 3, 10, 3, 30, 3, 10, 3]",20.421547758284564
"[10, 3, 10, 3, 10, 3, 10, 3, 30, 3, 30, 3, 10, 3, 10, 3, 30, 3, 10, 3, 10, 3, 10, 3, 10, 3, 30, 3, 10, 3]",30.36241520467839
"[10, 3, 10, 3, 10, 3, 10, 3, 30, 3, 30, 3, 10, 3, 10, 3, 30, 3, 10, 3, 10, 3, 10, 3, 10, 3, 30, 3, 10, 3]",38.8091676413255
"[10, 3, 10, 3, 10, 3, 10, 3, 30, 3, 30, 3, 10, 3, 10, 3, 30, 3, 10, 3, 10, 3, 10, 3, 10, 3, 30, 3, 10, 3]",22.723066276803134
"[10, 3, 10, 3, 10, 3, 10, 3, 30, 3, 30, 3, 10, 3, 10, 3, 30, 3, 10, 3, 10, 3, 10, 3, 10, 3, 30, 3, 10, 3]",31.65611306042895
"[10, 3, 10, 3, 10, 3, 10, 3, 30, 3, 30, 3, 10, 3, 10, 3, 30, 3, 10, 3, 10, 3, 10, 3, 10, 3, 30, 3, 10, 3]",30.574144249512727
"[10, 3, 10, 3, 10, 3, 10, 3, 30, 3, 30, 3, 10, 3, 10, 3, 30, 3, 10, 3, 10, 3, 10, 3, 10, 3, 30, 3, 10, 3]",23.496454191033106
"[10, 3, 10, 3, 10, 3, 10, 3, 30, 3, 30, 3, 10, 3, 10, 3, 30, 3, 10, 3, 10, 3, 10, 3, 10, 3, 30, 3, 10, 3]",30.1161695906432
"[10, 3, 10, 3, 10, 3, 10, 3, 30, 3, 30, 3, 10, 3, 10, 3, 30, 3, 10, 3, 10, 3, 10, 3, 10, 3, 30, 3, 10, 3]",31.384844054580956
"[10, 3, 10, 3, 10, 3, 10, 3, 30, 3, 30, 3, 10, 3, 10, 3, 30, 3, 10, 3, 10, 3, 10, 3, 10, 3, 30, 3, 10, 3]",23.902033138401567
"[10, 3, 10, 3, 10, 3, 10, 3, 30, 3, 30, 3, 10, 3, 10, 3, 30, 3, 10, 3, 10, 3, 10, 3, 10, 3, 30, 3, 10, 3]",26.531218323586774
"[10, 3, 10, 3, 10, 3, 10, 3, 30, 3, 30, 3, 10, 3, 10, 3, 30, 3, 10, 3, 10, 3, 10, 3, 10, 3, 30, 3, 10, 3]",24.45770955165693
"[10, 3, 10, 3, 10, 3, 10, 3, 30, 3, 30, 3, 10, 3, 10, 3, 30, 3, 10, 3, 10, 3, 10, 3, 10, 3, 30, 3, 10, 3]",33.66571539961013
"[10, 3, 10, 3, 10, 3, 10, 3, 30, 3, 30, 3, 10, 3, 10, 3, 30, 3, 10, 3, 10, 3, 10, 3, 10, 3, 30, 3, 10, 3]",22.045627680311895
"[10, 3, 10, 3, 10, 3, 10, 3, 30, 3, 30, 3, 10, 3, 10, 3, 30, 3, 10, 3, 10, 3, 10, 3, 10, 3, 30, 3, 10, 3]",33.357450292397665
"[10, 3, 10, 3, 10, 3, 10, 3, 30, 3, 30, 3, 10, 3, 10, 3, 30, 3, 10, 3, 10, 3, 10, 3, 10, 3, 30, 3, 10, 3]",24.87258674463938
"[10, 3, 10, 3, 10, 3, 10, 3, 30, 3, 30, 3, 10, 3, 10, 3, 30, 3, 10, 3, 10, 3, 10, 3, 10, 3, 30, 3, 10, 3]",26.499672514619885
"[10, 3, 10, 3, 10, 3, 10, 3, 30, 3, 30, 3, 10, 3, 10, 3, 30, 3, 10, 3, 10, 3, 10, 3, 10, 3, 30, 3, 10, 3]",31.69889083820664
"[10, 3, 10, 3, 10, 3, 10, 3, 30, 3, 30, 3, 10, 3, 10, 3, 30, 3, 10, 3, 10, 3, 10, 3, 10, 3, 30, 3, 10, 3]",23.659883040935696
"[10, 3, 10, 3, 10, 3, 10, 3, 30, 3, 30, 3, 10, 3, 10, 3, 30, 3, 10, 3, 10, 3, 10, 3, 10, 3, 30, 3, 10, 3]",29.985541910331424
"[10, 3, 10, 3, 10, 3, 10, 3, 30, 3, 30, 3, 10, 3, 10, 3, 30, 3, 10, 3, 10, 3, 10, 3, 10, 3, 30, 3, 10, 3]",19.154504873294325
"[10, 3, 10, 3, 10, 3, 10, 3, 30, 3, 30, 3, 10, 3, 10, 3, 30, 3, 10, 3, 10, 3, 10, 3, 10, 3, 30, 3, 10, 3]",24.075442495126673
"[10, 3, 10, 3, 10, 3, 10, 3, 30, 3, 30, 3, 10, 3, 10, 3, 30, 3, 10, 3, 10, 3, 10, 3, 10, 3, 30, 3, 10, 3]",25.863623781676402
"[10, 3, 10, 3, 10, 3, 10, 3, 30, 3, 30, 3, 10, 3, 10, 3, 30, 3, 10, 3, 10, 3, 10, 3, 10, 3, 30, 3, 10, 3]",22.18207602339179
"[10, 3, 10, 3, 10, 3, 10, 3, 30, 3, 30, 3, 10, 3, 10, 3, 30, 3, 10, 3, 10, 3, 10, 3, 10, 3, 30, 3, 10, 3]",26.098672514619906
"[10, 3, 10, 3, 10, 3, 10, 3, 30, 3, 30, 3, 10, 3, 10, 3, 30, 3, 10, 3, 10, 3, 10, 3, 10, 3, 30, 3, 10, 3]",29.7863450292398
"[10, 3, 10, 3, 10, 3, 10, 3, 30, 3, 30, 3, 10, 3, 10, 3, 30, 3, 10, 3, 10, 3, 10, 3, 10, 3, 30, 3, 10, 3]",20.38493762183234
"[10, 3, 10, 3, 10, 3, 10, 3, 30, 3, 30, 3, 10, 3, 10, 3, 30, 3, 10, 3, 10, 3, 10, 3, 10, 3, 30, 3, 10, 3]",21.92003313840163
"[10, 3, 10, 3, 10, 3, 10, 3, 30, 3, 30, 3, 10, 3, 10, 3, 30, 3, 10, 3, 10, 3, 10, 3, 10, 3, 30, 3, 10, 3]",20.29616959064327
"[10, 3, 10, 3, 10, 3, 10, 3, 30, 3, 30, 3, 10, 3, 10, 3, 30, 3, 10, 3, 10, 3, 10, 3, 10, 3, 30, 3, 10, 3]",19.817961013645196
"[10, 3, 10, 3, 10, 3, 10, 3, 30, 3, 30, 3, 10, 3, 10, 3, 30, 3, 10, 3, 10, 3, 10, 3, 10, 3, 30, 3, 10, 3]",23.89216959064339
"[10, 3, 10, 3, 10, 3, 10, 3, 30, 3, 30, 3, 10, 3, 10, 3, 30, 3, 10, 3, 10, 3, 10, 3, 10, 3, 30, 3, 10, 3]",25.768627680311916
"[10, 3, 10, 3, 10, 3, 10, 3, 30, 3, 30, 3, 10, 3, 10, 3, 30, 3, 10, 3, 10, 3, 10, 3, 10, 3, 30, 3, 10, 3]",25.17682651072126
"[10, 3, 10, 3, 10, 3, 10, 3, 30, 3, 30, 3, 10, 3, 10, 3, 30, 3, 10, 3, 10, 3, 10, 3, 10, 3, 30, 3, 10, 3]",19.088580896686175
"[10, 3, 10, 3, 10, 3, 10, 3, 30, 3, 30, 3, 10, 3, 10, 3, 30, 3, 10, 3, 10, 3, 10, 3, 10, 3, 30, 3, 10, 3]",27.09501949317733
"[10, 3, 10, 3, 10, 3, 10, 3, 30, 3, 30, 3, 10, 3, 10, 3, 30, 3, 10, 3, 10, 3, 10, 3, 10, 3, 30, 3, 10, 3]",25.50147758284604
"[10, 3, 10, 3, 10, 3, 10, 3, 30, 3, 30, 3, 10, 3, 10, 3, 30, 3, 10, 3, 10, 3, 10, 3, 10, 3, 30, 3, 10, 3]",20.92561793372324
"[10, 3, 10, 3, 10, 3, 10, 3, 30, 3, 30, 3, 10, 3, 10, 3, 30, 3, 10, 3, 10, 3, 10, 3, 10, 3, 30, 3, 10, 3]",21.11864132553606
"[10, 3, 10, 3, 10, 3, 10, 3, 30, 3, 30, 3, 10, 3, 10, 3, 30, 3, 10, 3, 10, 3, 10, 3, 10, 3, 30, 3, 10, 3]",28.87892982456148
"[10, 3, 10, 3, 10, 3, 10, 3, 30, 3, 30, 3, 10, 3, 10, 3, 30, 3, 10, 3, 10, 3, 10, 3, 10, 3, 30, 3, 10, 3]",27.826561403508784
"[10, 3, 10, 3, 10, 3, 10, 3, 30, 3, 30, 3, 10, 3, 10, 3, 30, 3, 10, 3, 10, 3, 10, 3, 10, 3, 30, 3, 10, 3]",15.453465886939565
"[10, 3, 10, 3, 10, 3, 10, 3, 30, 3, 30, 3, 10, 3, 10, 3, 30, 3, 10, 3, 10, 3, 10, 3, 10, 3, 30, 3, 10, 3]",18.975641325536074
"[10, 3, 10, 3, 10, 3, 10, 3, 30, 3, 30, 3, 10, 3, 10, 3, 30, 3, 10, 3, 10, 3, 10, 3, 10, 3, 30, 3, 10, 3]",38.221697855750506
"[10, 3, 10, 3, 10, 3, 10, 3, 30, 3, 30, 3, 10, 3, 10, 3, 30, 3, 10, 3, 10, 3, 10, 3, 10, 3, 30, 3, 10, 3]",23.80424366471733
"[10, 3, 10, 3, 10, 3, 10, 3, 30, 3, 30, 3, 10, 3, 10, 3, 30, 3, 10, 3, 10, 3, 10, 3, 10, 3, 30, 3, 10, 3]",18.637941520467823
"[10, 3, 10, 3, 10, 3, 10, 3, 30, 3, 30, 3, 10, 3, 10, 3, 30, 3, 10, 3, 10, 3, 10, 3, 10, 3, 30, 3, 10, 3]",21.455610136452247
"[10, 3, 10, 3, 10, 3, 10, 3, 30, 3, 30, 3, 10, 3, 10, 3, 30, 3, 10, 3, 10, 3, 10, 3, 10, 3, 30, 3, 10, 3]",20.20243664717354
"[10, 3, 10, 3, 10, 3, 10, 3, 30, 3, 30, 3, 10, 3, 10, 3, 30, 3, 10, 3, 10, 3, 10, 3, 10, 3, 30, 3, 10, 3]",21.205074074074048
"[10, 3, 10, 3, 10, 3, 10, 3, 30, 3, 30, 3, 10, 3, 10, 3, 30, 3, 10, 3, 10, 3, 10, 3, 10, 3, 30, 3, 10, 3]",17.721015594541957
"[10, 3, 10, 3, 10, 3, 10, 3, 30, 3, 30, 3, 10, 3, 10, 3, 30, 3, 10, 3, 10, 3, 10, 3, 10, 3, 30, 3, 10, 3]",21.432214424951255
"[10, 3, 10, 3, 10, 3, 10, 3, 30, 3, 30, 3, 10, 3, 10, 3, 30, 3, 10, 3, 10, 3, 10, 3, 10, 3, 30, 3, 10, 3]",17.240434697855726
"[10, 3, 10, 3, 10, 3, 10, 3, 30, 3, 30, 3, 10, 3, 10, 3, 30, 3, 10, 3, 10, 3, 10, 3, 10, 3, 30, 3, 10, 3]",18.15543079922029
"[10, 3, 10, 3, 10, 3, 10, 3, 30, 3, 30, 3, 10, 3, 10, 3, 30, 3, 10, 3, 10, 3, 10, 3, 10, 3, 30, 3, 10, 3]",26.961820662768048
"[10, 3, 10, 3, 10, 3, 10, 3, 30, 3, 30, 3, 10, 3, 10, 3, 30, 3, 10, 3, 10, 3, 10, 3, 10, 3, 30, 3, 10, 3]",21.81525341130605
"[10, 3, 10, 3, 10, 3, 10, 3, 30, 3, 30, 3, 10, 3, 10, 3, 30, 3, 10, 3, 10, 3, 10, 3, 10, 3, 30, 3, 10, 3]",28.76151267056534
"[10, 3, 10, 3, 10, 3, 10, 3, 30, 3, 30, 3, 10, 3, 10, 3, 30, 3, 10, 3, 10, 3, 10, 3, 10, 3, 30, 3, 10, 3]",25.405380116959044
"[10, 3, 10, 3, 10, 3, 10, 3, 30, 3, 30, 3, 10, 3, 10, 3, 30, 3, 10, 3, 10, 3, 10, 3, 10, 3, 30, 3, 10, 3]",20.494460038986418
"[10, 3, 10, 3, 10, 3, 10, 3, 30, 3, 30, 3, 10, 3, 10, 3, 30, 3, 10, 3, 10, 3, 10, 3, 10, 3, 30, 3, 10, 3]",18.463937621832347
"[10, 3, 10, 3, 10, 3, 10, 3, 30, 3, 30, 3, 10, 3, 10, 3, 30, 3, 10, 3, 10, 3, 10, 3, 10, 3, 30, 3, 10, 3]",17.071341130604264
"[10, 3, 10, 3, 10, 3, 10, 3, 30, 3, 30, 3, 10, 3, 10, 3, 30, 3, 10, 3, 10, 3, 10, 3, 10, 3, 30, 3, 10, 3]",18.007621832358705
"[10, 3, 10, 3, 10, 3, 10, 3, 30, 3, 30, 3, 10, 3, 10, 3, 30, 3, 10, 3, 10, 3, 10, 3, 10, 3, 30, 3, 10, 3]",18.262908382066282
"[10, 3, 10, 3, 10, 3, 10, 3, 30, 3, 30, 3, 10, 3, 10, 3, 30, 3, 10, 3, 10, 3, 10, 3, 10, 3, 30, 3, 10, 3]",17.218869395711472
"[10, 3, 10, 3, 10, 3, 10, 3, 30, 3, 30, 3, 10, 3, 10, 3, 30, 3, 10, 3, 10, 3, 10, 3, 10, 3, 30, 3, 10, 3]",24.213362573099428
"[10, 3, 10, 3, 10, 3, 10, 3, 30, 3, 30, 3, 10, 3, 10, 3, 30, 3, 10, 3, 10, 3, 10, 3, 10, 3, 30, 3, 10, 3]",14.834580896686138
"[10, 3, 10, 3, 10, 3, 10, 3, 30, 3, 30, 3, 10, 3, 10, 3, 30, 3, 10, 3, 10, 3, 10, 3, 10, 3, 30, 3, 10, 3]",20.17207212475632
"[10, 3, 10, 3, 10, 3, 10, 3, 30, 3, 30, 3, 10, 3, 10, 3, 30, 3, 10, 3, 10, 3, 10, 3, 10, 3, 30, 3, 10, 3]",16.548060428849897
"[10, 3, 10, 3, 10, 3, 10, 3, 30, 3, 30, 3, 10, 3, 10, 3, 30, 3, 10, 3, 10, 3, 10, 3, 10, 3, 30, 3, 10, 3]",18.38089473684213
"[10, 3, 10, 3, 10, 3, 10, 3, 30, 3, 30, 3, 10, 3, 10, 3, 30, 3, 10, 3, 10, 3, 10, 3, 10, 3, 30, 3, 10, 3]",20.711331384015615
"[10, 3, 10, 3, 10, 3, 10, 3, 30, 3, 30, 3, 10, 3, 10, 3, 30, 3, 10, 3, 10, 3, 10, 3, 10, 3, 30, 3, 10, 3]",13.865980506822634
"[10, 3, 10, 3, 10, 3, 10, 3, 30, 3, 30, 3, 10, 3, 10, 3, 30, 3, 10, 3, 10, 3, 10, 3, 10, 3, 30, 3, 10, 3]",18.146762183235865
"[10, 3, 10, 3, 10, 3, 10, 3, 30, 3, 30, 3, 10, 3, 10, 3, 30, 3, 10, 3, 10, 3, 10, 3, 10, 3, 30, 3, 10, 3]",18.99900779727094
"[10, 3, 10, 3, 10, 3, 10, 3, 30, 3, 30, 3, 10, 3, 10, 3, 30, 3, 10, 3, 10, 3, 10, 3, 10, 3, 30, 3, 10, 3]",14.159333333333343
"[10, 3, 10, 3, 10, 3, 10, 3, 30, 3, 30, 3, 10, 3, 10, 3, 30, 3, 10, 3, 10, 3, 10, 3, 10, 3, 30, 3, 10, 3]",18.604267056530233
"[10, 3, 10, 3, 10, 3, 10, 3, 30, 3, 30, 3, 10, 3, 10, 3, 30, 3, 10, 3, 10, 3, 10, 3, 10, 3, 30, 3, 10, 3]",19.799007797271003
"[10, 3, 10, 3, 10, 3, 10, 3, 30, 3, 30, 3, 10, 3, 10, 3, 30, 3, 10, 3, 10, 3, 10, 3, 10, 3, 30, 3, 10, 3]",21.949448343079947
"[10, 3, 10, 3, 10, 3, 10, 3, 30, 3, 30, 3, 10, 3, 10, 3, 30, 3, 10, 3, 10, 3, 10, 3, 10, 3, 30, 3, 10, 3]",14.779023391812881
"[10, 3, 10, 3, 10, 3, 10, 3, 30, 3, 30, 3, 10, 3, 10, 3, 30, 3, 10, 3, 10, 3, 10, 3, 10, 3, 30, 3, 10, 3]",16.120680311890823
"[10, 3, 10, 3, 10, 3, 10, 3, 30, 3, 30, 3, 10, 3, 10, 3, 30, 3, 10, 3, 10, 3, 10, 3, 10, 3, 30, 3, 10, 3]",16.85704873294345
"[10, 3, 10, 3, 10, 3, 10, 3, 30, 3, 30, 3, 10, 3, 10, 3, 30, 3, 10, 3, 10, 3, 10, 3, 10, 3, 30, 3, 10, 3]",16.265725146198807
"[10, 3, 10, 3, 10, 3, 10, 3, 30, 3, 30, 3, 10, 3, 10, 3, 30, 3, 10, 3, 10, 3, 10, 3, 10, 3, 30, 3, 10, 3]",14.95497855750486
"[10, 3, 10, 3, 10, 3, 10, 3, 30, 3, 30, 3, 10, 3, 10, 3, 30, 3, 10, 3, 10, 3, 10, 3, 10, 3, 30, 3, 10, 3]",16.45421832358675
"[10, 3, 10, 3, 10, 3, 10, 3, 30, 3, 30, 3, 10, 3, 10, 3, 30, 3, 10, 3, 10, 3, 10, 3, 10, 3, 30, 3, 10, 3]",14.901953216374297
"[10, 3, 10, 3, 10, 3, 10, 3, 30, 3, 30, 3, 10, 3, 10, 3, 30, 3, 10, 3, 10, 3, 10, 3, 10, 3, 30, 3, 10, 3]",26.652050682261176
"[10, 3, 10, 3, 10, 3, 10, 3, 30, 3, 30, 3, 10, 3, 10, 3, 30, 3, 10, 3, 10, 3, 10, 3, 10, 3, 30, 3, 10, 3]",14.654709551656927
"[10, 3, 10, 3, 10, 3, 10, 3, 30, 3, 30, 3, 10, 3, 10, 3, 30, 3, 10, 3, 10, 3, 10, 3, 10, 3, 30, 3, 10, 3]",14.52096686159845
"[10, 3, 10, 3, 10, 3, 10, 3, 30, 3, 30, 3, 10, 3, 10, 3, 30, 3, 10, 3, 10, 3, 10, 3, 10, 3, 30, 3, 10, 3]",17.00829434697857
"[10, 3, 10, 3, 10, 3, 10, 3, 30, 3, 30, 3, 10, 3, 10, 3, 30, 3, 10, 3, 10, 3, 10, 3, 10, 3, 30, 3, 10, 3]",15.608738791423015
"[10, 3, 10, 3, 10, 3, 10, 3, 30, 3, 30, 3, 10, 3, 10, 3, 30, 3, 10, 3, 10, 3, 10, 3, 10, 3, 30, 3, 10, 3]",18.06982456140349
"[10, 3, 10, 3, 10, 3, 10, 3, 30, 3, 30, 3, 10, 3, 10, 3, 30, 3, 10, 3, 10, 3, 10, 3, 10, 3, 30, 3, 10, 3]",16.325846003898633
"[10, 3, 10, 3, 10, 3, 10, 3, 30, 3, 30, 3, 10, 3, 10, 3, 30, 3, 10, 3, 10, 3, 10, 3, 10, 3, 30, 3, 10, 3]",16.393278752436636
"[10, 3, 10, 3, 10, 3, 10, 3, 30, 3, 30, 3, 10, 3, 10, 3, 30, 3, 10, 3, 10, 3, 10, 3, 10, 3, 30, 3, 10, 3]",15.818922027290437
"[10, 3, 10, 3, 10, 3, 10, 3, 30, 3, 30, 3, 10, 3, 10, 3, 30, 3, 10, 3, 10, 3, 10, 3, 10, 3, 30, 3, 10, 3]",15.15425536062375
"[10, 3, 10, 3, 10, 3, 10, 3, 30, 3, 30, 3, 10, 3, 10, 3, 30, 3, 10, 3, 10, 3, 10, 3, 10, 3, 30, 3, 10, 3]",16.97329434697855
"[10, 3, 10, 3, 10, 3, 10, 3, 30, 3, 30, 3, 10, 3, 10, 3, 30, 3, 10, 3, 10, 3, 10, 3, 10, 3, 30, 3, 10, 3]",14.802448343079925
"[10, 3, 10, 3, 10, 3, 10, 3, 30, 3, 30, 3, 10, 3, 10, 3, 30, 3, 10, 3, 10, 3, 10, 3, 10, 3, 30, 3, 10, 3]",17.011403508771934
"[10, 3, 10, 3, 10, 3, 10, 3, 30, 3, 30, 3, 10, 3, 10, 3, 30, 3, 10, 3, 10, 3, 10, 3, 10, 3, 30, 3, 10, 3]",16.280226120857723
"[10, 3, 10, 3, 10, 3, 10, 3, 30, 3, 30, 3, 10, 3, 10, 3, 30, 3, 10, 3, 10, 3, 10, 3, 10, 3, 30, 3, 10, 3]",15.395298245614049
"[10, 3, 10, 3, 10, 3, 10, 3, 30, 3, 30, 3, 10, 3, 10, 3, 30, 3, 10, 3, 10, 3, 10, 3, 10, 3, 30, 3, 10, 3]",14.743957115009739
"[10, 3, 10, 3, 10, 3, 10, 3, 30, 3, 30, 3, 10, 3, 10, 3, 30, 3, 10, 3, 10, 3, 10, 3, 10, 3, 30, 3, 10, 3]",14.745148148148123
"[10, 3, 10, 3, 10, 3, 10, 3, 30, 3, 30, 3, 10, 3, 10, 3, 30, 3, 10, 3, 10, 3, 10, 3, 10, 3, 30, 3, 10, 3]",15.700368421052657
"[10, 3, 10, 3, 10, 3, 10, 3, 30, 3, 30, 3, 10, 3, 10, 3, 30, 3, 10, 3, 10, 3, 10, 3, 10, 3, 30, 3, 10, 3]",15.33276218323586
"[10, 3, 10, 3, 10, 3, 10, 3, 30, 3, 30, 3, 10, 3, 10, 3, 30, 3, 10, 3, 10, 3, 10, 3, 10, 3, 30, 3, 10, 3]",15.879345029239792
"[10, 3, 10, 3, 10, 3, 10, 3, 30, 3, 30, 3, 10, 3, 10, 3, 30, 3, 10, 3, 10, 3, 10, 3, 10, 3, 30, 3, 10, 3]",17.215998050682256
"[10, 3, 10, 3, 10, 3, 10, 3, 30, 3, 30, 3, 10, 3, 10, 3, 30, 3, 10, 3, 10, 3, 10, 3, 10, 3, 30, 3, 10, 3]",18.42425536062381
"[10, 3, 10, 3, 10, 3, 10, 3, 30, 3, 30, 3, 10, 3, 10, 3, 30, 3, 10, 3, 10, 3, 10, 3, 10, 3, 30, 3, 10, 3]",16.706263157894735
"[10, 3, 10, 3, 10, 3, 10, 3, 30, 3, 30, 3, 10, 3, 10, 3, 30, 3, 10, 3, 10, 3, 10, 3, 10, 3, 30, 3, 10, 3]",15.922052631578984
"[10, 3, 10, 3, 10, 3, 10, 3, 30, 3, 30, 3, 10, 3, 10, 3, 30, 3, 10, 3, 10, 3, 10, 3, 10, 3, 30, 3, 10, 3]",18.39439571150101
"[10, 3, 10, 3, 10, 3, 10, 3, 30, 3, 30, 3, 10, 3, 10, 3, 30, 3, 10, 3, 10, 3, 10, 3, 10, 3, 30, 3, 10, 3]",17.92670370370369
"[10, 3, 10, 3, 10, 3, 10, 3, 30, 3, 30, 3, 10, 3, 10, 3, 30, 3, 10, 3, 10, 3, 10, 3, 10, 3, 30, 3, 10, 3]",16.8141754385965
"[10, 3, 10, 3, 10, 3, 10, 3, 30, 3, 30, 3, 10, 3, 10, 3, 30, 3, 10, 3, 10, 3, 10, 3, 10, 3, 30, 3, 10, 3]",17.5292300194932
"[10, 3, 10, 3, 10, 3, 10, 3, 30, 3, 30, 3, 10, 3, 10, 3, 30, 3, 10, 3, 10, 3, 10, 3, 10, 3, 30, 3, 10, 3]",15.624994152046769
"[10, 3, 10, 3, 10, 3, 10, 3, 30, 3, 30, 3, 10, 3, 10, 3, 30, 3, 10, 3, 10, 3, 10, 3, 10, 3, 30, 3, 10, 3]",14.272021442495163
"[10, 3, 10, 3, 10, 3, 10, 3, 30, 3, 30, 3, 10, 3, 10, 3, 30, 3, 10, 3, 10, 3, 10, 3, 10, 3, 30, 3, 10, 3]",16.528463937621854
"[10, 3, 10, 3, 10, 3, 10, 3, 30, 3, 30, 3, 10, 3, 10, 3, 30, 3, 10, 3, 10, 3, 10, 3, 10, 3, 30, 3, 10, 3]",15.3430662768031
"[10, 3, 10, 3, 10, 3, 10, 3, 30, 3, 30, 3, 10, 3, 10, 3, 30, 3, 10, 3, 10, 3, 10, 3, 10, 3, 30, 3, 10, 3]",14.561331384015574
"[10, 3, 10, 3, 10, 3, 10, 3, 30, 3, 30, 3, 10, 3, 10, 3, 30, 3, 10, 3, 10, 3, 10, 3, 10, 3, 30, 3, 10, 3]",14.143177387914212
"[10, 3, 10, 3, 10, 3, 10, 3, 30, 3, 30, 3, 10, 3, 10, 3, 30, 3, 10, 3, 10, 3, 10, 3, 10, 3, 30, 3, 10, 3]",14.039142300194953
"[10, 3, 10, 3, 10, 3, 10, 3, 30, 3, 30, 3, 10, 3, 10, 3, 30, 3, 10, 3, 10, 3, 10, 3, 10, 3, 30, 3, 10, 3]",14.307120857699811
"[10, 3, 10, 3, 10, 3, 10, 3, 30, 3, 30, 3, 10, 3, 10, 3, 30, 3, 10, 3, 10, 3, 10, 3, 10, 3, 30, 3, 10, 3]",13.894066276803143
"[10, 3, 10, 3, 10, 3, 10, 3, 30, 3, 30, 3, 10, 3, 10, 3, 30, 3, 10, 3, 10, 3, 10, 3, 10, 3, 30, 3, 10, 3]",15.469366471734853
"[10, 3, 10, 3, 10, 3, 10, 3, 30, 3, 30, 3, 10, 3, 10, 3, 30, 3, 10, 3, 10, 3, 10, 3, 10, 3, 30, 3, 10, 3]",14.67395906432752
"[10, 3, 10, 3, 10, 3, 10, 3, 30, 3, 30, 3, 10, 3, 10, 3, 30, 3, 10, 3, 10, 3, 10, 3, 10, 3, 30, 3, 10, 3]",15.277017543859651
"[10, 3, 10, 3, 10, 3, 10, 3, 30, 3, 30, 3, 10, 3, 10, 3, 30, 3, 10, 3, 10, 3, 10, 3, 10, 3, 30, 3, 10, 3]",16.753976608187095
"[10, 3, 10, 3, 10, 3, 10, 3, 30, 3, 30, 3, 10, 3, 10, 3, 30, 3, 10, 3, 10, 3, 10, 3, 10, 3, 30, 3, 10, 3]",20.449052631578887
"[10, 3, 10, 3, 10, 3, 10, 3, 30, 3, 30, 3, 10, 3, 10, 3, 30, 3, 10, 3, 10, 3, 10, 3, 10, 3, 30, 3, 10, 3]",14.873820662768042
"[10, 3, 10, 3, 10, 3, 10, 3, 30, 3, 30, 3, 10, 3, 10, 3, 30, 3, 10, 3, 10, 3, 10, 3, 10, 3, 30, 3, 10, 3]",15.375461988304075
"[10, 3, 10, 3, 10, 3, 10, 3, 30, 3, 30, 3, 10, 3, 10, 3, 30, 3, 10, 3, 10, 3, 10, 3, 10, 3, 30, 3, 10, 3]",19.615935672514624
"[10, 3, 10, 3, 10, 3, 10, 3, 30, 3, 30, 3, 10, 3, 10, 3, 30, 3, 10, 3, 10, 3, 10, 3, 10, 3, 30, 3, 10, 3]",17.34393372319689
"[10, 3, 10, 3, 10, 3, 10, 3, 30, 3, 30, 3, 10, 3, 10, 3, 30, 3, 10, 3, 10, 3, 10, 3, 10, 3, 30, 3, 10, 3]",14.024364522417146
"[10, 3, 10, 3, 10, 3, 10, 3, 30, 3, 30, 3, 10, 3, 10, 3, 30, 3, 10, 3, 10, 3, 10, 3, 10, 3, 30, 3, 10, 3]",19.060148148148162
"[10, 3, 10, 3, 10, 3, 10, 3, 30, 3, 30, 3, 10, 3, 10, 3, 30, 3, 10, 3, 10, 3, 10, 3, 10, 3, 30, 3, 10, 3]",15.950783625730994
"[10, 3, 10, 3, 10, 3, 10, 3, 30, 3, 30, 3, 10, 3, 10, 3, 30, 3, 10, 3, 10, 3, 10, 3, 10, 3, 30, 3, 10, 3]",15.284434697855724
"[10, 3, 10, 3, 10, 3, 10, 3, 30, 3, 30, 3, 10, 3, 10, 3, 30, 3, 10, 3, 10, 3, 10, 3, 10, 3, 30, 3, 10, 3]",16.336294346978583
"[10, 3, 10, 3, 10, 3, 10, 3, 30, 3, 30, 3, 10, 3, 10, 3, 30, 3, 10, 3, 10, 3, 10, 3, 10, 3, 30, 3, 10, 3]",15.049415204678352
"[10, 3, 10, 3, 10, 3, 10, 3, 30, 3, 30, 3, 10, 3, 10, 3, 30, 3, 10, 3, 10, 3, 10, 3, 10, 3, 30, 3, 10, 3]",17.367941520467852
"[10, 3, 10, 3, 10, 3, 10, 3, 30, 3, 30, 3, 10, 3, 10, 3, 30, 3, 10, 3, 10, 3, 10, 3, 10, 3, 30, 3, 10, 3]",16.422185185185228
"[10, 3, 10, 3, 10, 3, 10, 3, 30, 3, 30, 3, 10, 3, 10, 3, 30, 3, 10, 3, 10, 3, 10, 3, 10, 3, 30, 3, 10, 3]",15.686528265107253
"[10, 3, 10, 3, 10, 3, 10, 3, 30, 3, 30, 3, 10, 3, 10, 3, 30, 3, 10, 3, 10, 3, 10, 3, 10, 3, 30, 3, 10, 3]",16.425516569200756
"[10, 3, 10, 3, 10, 3, 10, 3, 30, 3, 30, 3, 10, 3, 10, 3, 30, 3, 10, 3, 10, 3, 10, 3, 10, 3, 30, 3, 10, 3]",17.5063937621832
"[10, 3, 10, 3, 10, 3, 10, 3, 30, 3, 30, 3, 10, 3, 10, 3, 30, 3, 10, 3, 10, 3, 10, 3, 10, 3, 30, 3, 10, 3]",16.790883040935693
"[10, 3, 10, 3, 10, 3, 10, 3, 30, 3, 30, 3, 10, 3, 10, 3, 30, 3, 10, 3, 10, 3, 10, 3, 10, 3, 30, 3, 10, 3]",16.792530214424957
"[10, 3, 10, 3, 10, 3, 10, 3, 30, 3, 30, 3, 10, 3, 10, 3, 30, 3, 10, 3, 10, 3, 10, 3, 10, 3, 30, 3, 10, 3]",16.134362573099413
"[10, 3, 10, 3, 10, 3, 10, 3, 30, 3, 30, 3, 10, 3, 10, 3, 30, 3, 10, 3, 10, 3, 10, 3, 10, 3, 30, 3, 10, 3]",15.196399610136464
"[10, 3, 10, 3, 10, 3, 10, 3, 30, 3, 30, 3, 10, 3, 10, 3, 30, 3, 10, 3, 10, 3, 10, 3, 10, 3, 30, 3, 10, 3]",17.26745224171538
"[10, 3, 10, 3, 10, 3, 10, 3, 30, 3, 30, 3, 10, 3, 10, 3, 30, 3, 10, 3, 10, 3, 10, 3, 10, 3, 30, 3, 10, 3]",16.52790058479535
"[10, 3, 10, 3, 10, 3, 10, 3, 30, 3, 30, 3, 10, 3, 10, 3, 30, 3, 10, 3, 10, 3, 10, 3, 10, 3, 30, 3, 10, 3]",13.657818713450302
"[10, 3, 10, 3, 10, 3, 10, 3, 30, 3, 30, 3, 10, 3, 10, 3, 30, 3, 10, 3, 10, 3, 10, 3, 10, 3, 30, 3, 10, 3]",18.345495126705604
"[10, 3, 10, 3, 10, 3, 10, 3, 30, 3, 30, 3, 10, 3, 10, 3, 30, 3, 10, 3, 10, 3, 10, 3, 10, 3, 30, 3, 10, 3]",16.485337231968792
"[10, 3, 10, 3, 10, 3, 10, 3, 30, 3, 30, 3, 10, 3, 10, 3, 30, 3, 10, 3, 10, 3, 10, 3, 10, 3, 30, 3, 10, 3]",17.067319688109123
"[10, 3, 10, 3, 10, 3, 10, 3, 30, 3, 30, 3, 10, 3, 10, 3, 30, 3, 10, 3, 10, 3, 10, 3, 10, 3, 30, 3, 10, 3]",15.978514619883047
"[10, 3, 10, 3, 10, 3, 10, 3, 30, 3, 30, 3, 10, 3, 10, 3, 30, 3, 10, 3, 10, 3, 10, 3, 10, 3, 30, 3, 10, 3]",16.463567251461967
"[10, 3, 10, 3, 10, 3, 10, 3, 30, 3, 30, 3, 10, 3, 10, 3, 30, 3, 10, 3, 10, 3, 10, 3, 10, 3, 30, 3, 10, 3]",17.009721247563363
"[10, 3, 10, 3, 10, 3, 10, 3, 30, 3, 30, 3, 10, 3, 10, 3, 30, 3, 10, 3, 10, 3, 10, 3, 10, 3, 30, 3, 10, 3]",16.93818323586744
"[10, 3, 10, 3, 10, 3, 10, 3, 30, 3, 30, 3, 10, 3, 10, 3, 30, 3, 10, 3, 10, 3, 10, 3, 10, 3, 30, 3, 10, 3]",17.63542300194929
"[10, 3, 10, 3, 10, 3, 10, 3, 30, 3, 30, 3, 10, 3, 10, 3, 30, 3, 10, 3, 10, 3, 10, 3, 10, 3, 30, 3, 10, 3]",16.829321637426876
"[10, 3, 10, 3, 10, 3, 10, 3, 30, 3, 30, 3, 10, 3, 10, 3, 30, 3, 10, 3, 10, 3, 10, 3, 10, 3, 30, 3, 10, 3]",15.41415204678362
"[10, 3, 10, 3, 10, 3, 10, 3, 30, 3, 30, 3, 10, 3, 10, 3, 30, 3, 10, 3, 10, 3, 10, 3, 10, 3, 30, 3, 10, 3]",16.61071345029238
"[10, 3, 10, 3, 10, 3, 10, 3, 30, 3, 30, 3, 10, 3, 10, 3, 30, 3, 10, 3, 10, 3, 10, 3, 10, 3, 30, 3, 10, 3]",17.438315789473645
"[10, 3, 10, 3, 10, 3, 10, 3, 30, 3, 30, 3, 10, 3, 10, 3, 30, 3, 10, 3, 10, 3, 10, 3, 10, 3, 30, 3, 10, 3]",16.57333333333329
"[10, 3, 10, 3, 10, 3, 10, 3, 30, 3, 30, 3, 10, 3, 10, 3, 30, 3, 10, 3, 10, 3, 10, 3, 10, 3, 30, 3, 10, 3]",19.13743664717343
"[10, 3, 10, 3, 10, 3, 10, 3, 30, 3, 30, 3, 10, 3, 10, 3, 30, 3, 10, 3, 10, 3, 10, 3, 10, 3, 30, 3, 10, 3]",15.444368421052667
"[10, 3, 10, 3, 10, 3, 10, 3, 30, 3, 30, 3, 10, 3, 10, 3, 30, 3, 10, 3, 10, 3, 10, 3, 10, 3, 30, 3, 10, 3]",13.87289083820663
"[10, 3, 10, 3, 10, 3, 10, 3, 30, 3, 30, 3, 10, 3, 10, 3, 30, 3, 10, 3, 10, 3, 10, 3, 10, 3, 30, 3, 10, 3]",16.03824366471731
"[10, 3, 10, 3, 10, 3, 10, 3, 30, 3, 30, 3, 10, 3, 10, 3, 30, 3, 10, 3, 10, 3, 10, 3, 10, 3, 30, 3, 10, 3]",15.32599415204674
"[10, 3, 10, 3, 10, 3, 10, 3, 30, 3, 30, 3, 10, 3, 10, 3, 30, 3, 10, 3, 10, 3, 10, 3, 10, 3, 30, 3, 10, 3]",15.89471539961017
"[10, 3, 10, 3, 10, 3, 10, 3, 30, 3, 30, 3, 10, 3, 10, 3, 30, 3, 10, 3, 10, 3, 10, 3, 10, 3, 30, 3, 10, 3]",13.74445614035091
"[10, 3, 10, 3, 10, 3, 10, 3, 30, 3, 30, 3, 10, 3, 10, 3, 30, 3, 10, 3, 10, 3, 10, 3, 10, 3, 30, 3, 10, 3]",15.512452241715428
"[10, 3, 10, 3, 10, 3, 10, 3, 30, 3, 30, 3, 10, 3, 10, 3, 30, 3, 10, 3, 10, 3, 10, 3, 10, 3, 30, 3, 10, 3]",14.479590643274891
"[10, 3, 10, 3, 10, 3, 10, 3, 30, 3, 30, 3, 10, 3, 10, 3, 30, 3, 10, 3, 10, 3, 10, 3, 10, 3, 30, 3, 10, 3]",15.079292397660826
"[10, 3, 10, 3, 10, 3, 10, 3, 30, 3, 30, 3, 10, 3, 10, 3, 30, 3, 10, 3, 10, 3, 10, 3, 10, 3, 30, 3, 10, 3]",14.585627680311848
"[10, 3, 10, 3, 10, 3, 10, 3, 30, 3, 30, 3, 10, 3, 10, 3, 30, 3, 10, 3, 10, 3, 10, 3, 10, 3, 30, 3, 10, 3]",16.607054580896634
"[10, 3, 10, 3, 10, 3, 10, 3, 30, 3, 30, 3, 10, 3, 10, 3, 30, 3, 10, 3, 10, 3, 10, 3, 10, 3, 30, 3, 10, 3]",16.46158479532163
"[10, 3, 10, 3, 10, 3, 10, 3, 30, 3, 30, 3, 10, 3, 10, 3, 30, 3, 10, 3, 10, 3, 10, 3, 10, 3, 30, 3, 10, 3]",16.42298050682259
"[10, 3, 10, 3, 10, 3, 10, 3, 30, 3, 30, 3, 10, 3, 10, 3, 30, 3, 10, 3, 10, 3, 10, 3, 10, 3, 30, 3, 10, 3]",15.827048732943478
"[10, 3, 10, 3, 10, 3, 10, 3, 30, 3, 30, 3, 10, 3, 10, 3, 30, 3, 10, 3, 10, 3, 10, 3, 10, 3, 30, 3, 10, 3]",15.528230019493217
"[10, 3, 10, 3, 10, 3, 10, 3, 30, 3, 30, 3, 10, 3, 10, 3, 30, 3, 10, 3, 10, 3, 10, 3, 10, 3, 30, 3, 10, 3]",15.52281091617935
"[10, 3, 10, 3, 10, 3, 10, 3, 30, 3, 30, 3, 10, 3, 10, 3, 30, 3, 10, 3, 10, 3, 10, 3, 10, 3, 30, 3, 10, 3]",15.267261208577013
"[10, 3, 10, 3, 10, 3, 10, 3, 30, 3, 30, 3, 10, 3, 10, 3, 30, 3, 10, 3, 10, 3, 10, 3, 10, 3, 30, 3, 10, 3]",14.945257309941512
"[10, 3, 10, 3, 10, 3, 10, 3, 30, 3, 30, 3, 10, 3, 10, 3, 30, 3, 10, 3, 10, 3, 10, 3, 10, 3, 30, 3, 10, 3]",15.469994152046748
"[10, 3, 10, 3, 10, 3, 10, 3, 30, 3, 30, 3, 10, 3, 10, 3, 30, 3, 10, 3, 10, 3, 10, 3, 10, 3, 30, 3, 10, 3]",14.91299415204677
"[10, 3, 10, 3, 10, 3, 10, 3, 30, 3, 30, 3, 10, 3, 10, 3, 30, 3, 10, 3, 10, 3, 10, 3, 10, 3, 30, 3, 10, 3]",14.632534113060432
"[10, 3, 10, 3, 10, 3, 10, 3, 30, 3, 30, 3, 10, 3, 10, 3, 30, 3, 10, 3, 10, 3, 10, 3, 10, 3, 30, 3, 10, 3]",14.972994152046809
"[10, 3, 10, 3, 10, 3, 10, 3, 30, 3, 30, 3, 10, 3, 10, 3, 30, 3, 10, 3, 10, 3, 10, 3, 10, 3, 30, 3, 10, 3]",14.430600389863557
"[10, 3, 10, 3, 10, 3, 10, 3, 30, 3, 30, 3, 10, 3, 10, 3, 30, 3, 10, 3, 10, 3, 10, 3, 10, 3, 30, 3, 10, 3]",13.861769980506821
"[10, 3, 10, 3, 10, 3, 10, 3, 30, 3, 30, 3, 10, 3, 10, 3, 30, 3, 10, 3, 10, 3, 10, 3, 10, 3, 30, 3, 10, 3]",15.784448343079974
"[10, 3, 10, 3, 10, 3, 10, 3, 30, 3, 30, 3, 10, 3, 10, 3, 30, 3, 10, 3, 10, 3, 10, 3, 10, 3, 30, 3, 10, 3]",16.734633528265096
"[10, 3, 10, 3, 10, 3, 10, 3, 30, 3, 30, 3, 10, 3, 10, 3, 30, 3, 10, 3, 10, 3, 10, 3, 10, 3, 30, 3, 10, 3]",14.978635477582868
"[10, 3, 10, 3, 10, 3, 10, 3, 30, 3, 30, 3, 10, 3, 10, 3, 30, 3, 10, 3, 10, 3, 10, 3, 10, 3, 30, 3, 10, 3]",14.847403508771905
"[10, 3, 10, 3, 10, 3, 10, 3, 30, 3, 30, 3, 10, 3, 10, 3, 30, 3, 10, 3, 10, 3, 10, 3, 10, 3, 30, 3, 10, 3]",14.740933723196877
"[10, 3, 10, 3, 10, 3, 10, 3, 30, 3, 30, 3, 10, 3, 10, 3, 30, 3, 10, 3, 10, 3, 10, 3, 10, 3, 30, 3, 10, 3]",14.492044834307976
"[10, 3, 10, 3, 10, 3, 10, 3, 30, 3, 30, 3, 10, 3, 10, 3, 30, 3, 10, 3, 10, 3, 10, 3, 10, 3, 30, 3, 10, 3]",16.058270955165668
"[10, 3, 10, 3, 10, 3, 10, 3, 30, 3, 30, 3, 10, 3, 10, 3, 30, 3, 10, 3, 10, 3, 10, 3, 10, 3, 30, 3, 10, 3]",15.891368421052643
"[10, 3, 10, 3, 10, 3, 10, 3, 30, 3, 30, 3, 10, 3, 10, 3, 30, 3, 10, 3, 10, 3, 10, 3, 10, 3, 30, 3, 10, 3]",15.623890838206659
"[10, 3, 10, 3, 10, 3, 10, 3, 30, 3, 30, 3, 10, 3, 10, 3, 30, 3, 10, 3, 10, 3, 10, 3, 10, 3, 30, 3, 10, 3]",14.858038986354783
"[10, 3, 10, 3, 10, 3, 10, 3, 30, 3, 30, 3, 10, 3, 10, 3, 30, 3, 10, 3, 10, 3, 10, 3, 10, 3, 30, 3, 10, 3]",15.819567251461987
"[10, 3, 10, 3, 10, 3, 10, 3, 30, 3, 30, 3, 10, 3, 10, 3, 30, 3, 10, 3, 10, 3, 10, 3, 10, 3, 30, 3, 10, 3]",15.747615984405474
"[10, 3, 10, 3, 10, 3, 10, 3, 30, 3, 30, 3, 10, 3, 10, 3, 30, 3, 10, 3, 10, 3, 10, 3, 10, 3, 30, 3, 10, 3]",15.461189083820644
"[10, 3, 10, 3, 10, 3, 10, 3, 30, 3, 30, 3, 10, 3, 10, 3, 30, 3, 10, 3, 10, 3, 10, 3, 10, 3, 30, 3, 10, 3]",14.822077972709524
"[10, 3, 10, 3, 10, 3, 10, 3, 30, 3, 30, 3, 10, 3, 10, 3, 30, 3, 10, 3, 10, 3, 10, 3, 10, 3, 30, 3, 10, 3]",13.492038986354741
"[10, 3, 10, 3, 10, 3, 10, 3, 30, 3, 30, 3, 10, 3, 10, 3, 30, 3, 10, 3, 10, 3, 10, 3, 10, 3, 30, 3, 10, 3]",15.571516569200778
"[10, 3, 10, 3, 10, 3, 10, 3, 30, 3, 30, 3, 10, 3, 10, 3, 30, 3, 10, 3, 10, 3, 10, 3, 10, 3, 30, 3, 10, 3]",13.032762183235883
"[10, 3, 10, 3, 10, 3, 10, 3, 30, 3, 30, 3, 10, 3, 10, 3, 30, 3, 10, 3, 10, 3, 10, 3, 10, 3, 30, 3, 10, 3]",14.730586744639357
"[10, 3, 10, 3, 10, 3, 10, 3, 30, 3, 30, 3, 10, 3, 10, 3, 30, 3, 10, 3, 10, 3, 10, 3, 10, 3, 30, 3, 10, 3]",13.705038986354745
"[10, 3, 10, 3, 10, 3, 10, 3, 30, 3, 30, 3, 10, 3, 10, 3, 30, 3, 10, 3, 10, 3, 10, 3, 10, 3, 30, 3, 10, 3]",14.911682261208563
"[10, 3, 10, 3, 10, 3, 10, 3, 30, 3, 30, 3, 10, 3, 10, 3, 30, 3, 10, 3, 10, 3, 10, 3, 10, 3, 30, 3, 10, 3]",15.113348927875215
"[10, 3, 10, 3, 10, 3, 10, 3, 30, 3, 30, 3, 10, 3, 10, 3, 30, 3, 10, 3, 10, 3, 10, 3, 10, 3, 30, 3, 10, 3]",14.625196881091643
"[10, 3, 10, 3, 10, 3, 10, 3, 30, 3, 30, 3, 10, 3, 10, 3, 30, 3, 10, 3, 10, 3, 10, 3, 10, 3, 30, 3, 10, 3]",15.561095516569218
"[10, 3, 10, 3, 10, 3, 10, 3, 30, 3, 30, 3, 10, 3, 10, 3, 30, 3, 10, 3, 10, 3, 10, 3, 10, 3, 30, 3, 10, 3]",15.199274853801153
"[10, 3, 10, 3, 10, 3, 10, 3, 30, 3, 30, 3, 10, 3, 10, 3, 30, 3, 10, 3, 10, 3, 10, 3, 10, 3, 30, 3, 10, 3]",14.58083820662769
"[10, 3, 10, 3, 10, 3, 10, 3, 30, 3, 30, 3, 10, 3, 10, 3, 30, 3, 10, 3, 10, 3, 10, 3, 10, 3, 30, 3, 10, 3]",15.530730994152048
"[10, 3, 10, 3, 10, 3, 10, 3, 30, 3, 30, 3, 10, 3, 10, 3, 30, 3, 10, 3, 10, 3, 10, 3, 10, 3, 30, 3, 10, 3]",14.105411306042887
"[10, 3, 10, 3, 10, 3, 10, 3, 30, 3, 30, 3, 10, 3, 10, 3, 30, 3, 10, 3, 10, 3, 10, 3, 10, 3, 30, 3, 10, 3]",14.357120857699774
"[10, 3, 10, 3, 10, 3, 10, 3, 30, 3, 30, 3, 10, 3, 10, 3, 30, 3, 10, 3, 10, 3, 10, 3, 10, 3, 30, 3, 10, 3]",15.987052631578905
"[10, 3, 10, 3, 10, 3, 10, 3, 30, 3, 30, 3, 10, 3, 10, 3, 30, 3, 10, 3, 10, 3, 10, 3, 10, 3, 30, 3, 10, 3]",13.416791423001941
"[10, 3, 10, 3, 10, 3, 10, 3, 30, 3, 30, 3, 10, 3, 10, 3, 30, 3, 10, 3, 10, 3, 10, 3, 10, 3, 30, 3, 10, 3]",16.272803118908442
"[10, 3, 10, 3, 10, 3, 10, 3, 30, 3, 30, 3, 10, 3, 10, 3, 30, 3, 10, 3, 10, 3, 10, 3, 10, 3, 30, 3, 10, 3]",15.694699805068279
"[10, 3, 10, 3, 10, 3, 10, 3, 30, 3, 30, 3, 10, 3, 10, 3, 30, 3, 10, 3, 10, 3, 10, 3, 10, 3, 30, 3, 10, 3]",14.853153996101357
"[10, 3, 10, 3, 10, 3, 10, 3, 30, 3, 30, 3, 10, 3, 10, 3, 30, 3, 10, 3, 10, 3, 10, 3, 10, 3, 30, 3, 10, 3]",14.932888888888847
"[10, 3, 10, 3, 10, 3, 10, 3, 30, 3, 30, 3, 10, 3, 10, 3, 30, 3, 10, 3, 10, 3, 10, 3, 10, 3, 30, 3, 10, 3]",16.03163157894736
"[10, 3, 10, 3, 10, 3, 10, 3, 30, 3, 30, 3, 10, 3, 10, 3, 30, 3, 10, 3, 10, 3, 10, 3, 10, 3, 30, 3, 10, 3]",15.340873294347011
"[10, 3, 10, 3, 10, 3, 10, 3, 30, 3, 30, 3, 10, 3, 10, 3, 30, 3, 10, 3, 10, 3, 10, 3, 10, 3, 30, 3, 10, 3]",16.49608771929822
"[10, 3, 10, 3, 10, 3, 10, 3, 30, 3, 30, 3, 10, 3, 10, 3, 30, 3, 10, 3, 10, 3, 10, 3, 10, 3, 30, 3, 10, 3]",15.400775828460032
"[10, 3, 10, 3, 10, 3, 10, 3, 30, 3, 30, 3, 10, 3, 10, 3, 30, 3, 10, 3, 10, 3, 10, 3, 10, 3, 30, 3, 10, 3]",14.282115009746608
"[10, 3, 10, 3, 10, 3, 10, 3, 30, 3, 30, 3, 10, 3, 10, 3, 30, 3, 10, 3, 10, 3, 10, 3, 10, 3, 30, 3, 10, 3]",14.535762183235887
"[10, 3, 10, 3, 10, 3, 10, 3, 30, 3, 30, 3, 10, 3, 10, 3, 30, 3, 10, 3, 10, 3, 10, 3, 10, 3, 30, 3, 10, 3]",16.01631773879142
"[10, 3, 10, 3, 10, 3, 10, 3, 30, 3, 30, 3, 10, 3, 10, 3, 30, 3, 10, 3, 10, 3, 10, 3, 10, 3, 30, 3, 10, 3]",14.135185185185174
"[10, 3, 10, 3, 10, 3, 10, 3, 30, 3, 30, 3, 10, 3, 10, 3, 30, 3, 10, 3, 10, 3, 10, 3, 10, 3, 30, 3, 10, 3]",13.386610136452274
"[10, 3, 10, 3, 10, 3, 10, 3, 30, 3, 30, 3, 10, 3, 10, 3, 30, 3, 10, 3, 10, 3, 10, 3, 10, 3, 30, 3, 10, 3]",15.15184210526318
"[10, 3, 10, 3, 10, 3, 10, 3, 30, 3, 30, 3, 10, 3, 10, 3, 30, 3, 10, 3, 10, 3, 10, 3, 10, 3, 30, 3, 10, 3]",15.594543859649107
"[10, 3, 10, 3, 10, 3, 10, 3, 30, 3, 30, 3, 10, 3, 10, 3, 30, 3, 10, 3, 10, 3, 10, 3, 10, 3, 30, 3, 10, 3]",15.921575048732942
"[10, 3, 10, 3, 10, 3, 10, 3, 30, 3, 30, 3, 10, 3, 10, 3, 30, 3, 10, 3, 10, 3, 10, 3, 10, 3, 30, 3, 10, 3]",14.59720077972707
"[10, 3, 10, 3, 10, 3, 10, 3, 30, 3, 30, 3, 10, 3, 10, 3, 30, 3, 10, 3, 10, 3, 10, 3, 10, 3, 30, 3, 10, 3]",14.794528265107223
"[10, 3, 10, 3, 10, 3, 10, 3, 30, 3, 30, 3, 10, 3, 10, 3, 30, 3, 10, 3, 10, 3, 10, 3, 10, 3, 30, 3, 10, 3]",14.438015594541906
"[10, 3, 10, 3, 10, 3, 10, 3, 30, 3, 30, 3, 10, 3, 10, 3, 30, 3, 10, 3, 10, 3, 10, 3, 10, 3, 30, 3, 10, 3]",13.763522417153993
"[10, 3, 10, 3, 10, 3, 10, 3, 30, 3, 30, 3, 10, 3, 10, 3, 30, 3, 10, 3, 10, 3, 10, 3, 10, 3, 30, 3, 10, 3]",16.491208576998016
"[10, 3, 10, 3, 10, 3, 10, 3, 30, 3, 30, 3, 10, 3, 10, 3, 30, 3, 10, 3, 10, 3, 10, 3, 10, 3, 30, 3, 10, 3]",14.219153996101358
"[10, 3, 10, 3, 10, 3, 10, 3, 30, 3, 30, 3, 10, 3, 10, 3, 30, 3, 10, 3, 10, 3, 10, 3, 10, 3, 30, 3, 10, 3]",14.95236842105264
"[10, 3, 10, 3, 10, 3, 10, 3, 30, 3, 30, 3, 10, 3, 10, 3, 30, 3, 10, 3, 10, 3, 10, 3, 10, 3, 30, 3, 10, 3]",15.258220272904516
"[10, 3, 10, 3, 10, 3, 10, 3, 30, 3, 30, 3, 10, 3, 10, 3, 30, 3, 10, 3, 10, 3, 10, 3, 10, 3, 30, 3, 10, 3]",16.444896686159854
"[10, 3, 10, 3, 10, 3, 10, 3, 30, 3, 30, 3, 10, 3, 10, 3, 30, 3, 10, 3, 10, 3, 10, 3, 10, 3, 30, 3, 10, 3]",15.095370370370384
"[10, 3, 10, 3, 10, 3, 10, 3, 30, 3, 30, 3, 10, 3, 10, 3, 30, 3, 10, 3, 10, 3, 10, 3, 10, 3, 30, 3, 10, 3]",14.921196881091635
"[10, 3, 10, 3, 10, 3, 10, 3, 30, 3, 30, 3, 10, 3, 10, 3, 30, 3, 10, 3, 10, 3, 10, 3, 10, 3, 30, 3, 10, 3]",16.475228070175437
"[10, 3, 10, 3, 10, 3, 10, 3, 30, 3, 30, 3, 10, 3, 10, 3, 30, 3, 10, 3, 10, 3, 10, 3, 10, 3, 30, 3, 10, 3]",13.735282651072136
"[10, 3, 10, 3, 10, 3, 10, 3, 30, 3, 30, 3, 10, 3, 10, 3, 30, 3, 10, 3, 10, 3, 10, 3, 10, 3, 30, 3, 10, 3]",15.519469785575074
"[10, 3, 10, 3, 10, 3, 10, 3, 30, 3, 30, 3, 10, 3, 10, 3, 30, 3, 10, 3, 10, 3, 10, 3, 10, 3, 30, 3, 10, 3]",14.609849902534092
"[10, 3, 10, 3, 10, 3, 10, 3, 30, 3, 30, 3, 10, 3, 10, 3, 30, 3, 10, 3, 10, 3, 10, 3, 10, 3, 30, 3, 10, 3]",13.761530214425003
"[10, 3, 10, 3, 10, 3, 10, 3, 30, 3, 30, 3, 10, 3, 10, 3, 30, 3, 10, 3, 10, 3, 10, 3, 10, 3, 30, 3, 10, 3]",14.416074074074084
"[10, 3, 10, 3, 10, 3, 10, 3, 30, 3, 30, 3, 10, 3, 10, 3, 30, 3, 10, 3, 10, 3, 10, 3, 10, 3, 30, 3, 10, 3]",14.769986354775856
"[10, 3, 10, 3, 10, 3, 10, 3, 30, 3, 30, 3, 10, 3, 10, 3, 30, 3, 10, 3, 10, 3, 10, 3, 10, 3, 30, 3, 10, 3]",14.86675438596487
"[10, 3, 10, 3, 10, 3, 10, 3, 30, 3, 30, 3, 10, 3, 10, 3, 30, 3, 10, 3, 10, 3, 10, 3, 10, 3, 30, 3, 10, 3]",14.491746588693966
"[10, 3, 10, 3, 10, 3, 10, 3, 30, 3, 30, 3, 10, 3, 10, 3, 30, 3, 10, 3, 10, 3, 10, 3, 10, 3, 30, 3, 10, 3]",14.4841637426901
"[10, 3, 10, 3, 10, 3, 10, 3, 30, 3, 30, 3, 10, 3, 10, 3, 30, 3, 10, 3, 10, 3, 10, 3, 10, 3, 30, 3, 10, 3]",15.09288304093568
"[10, 3, 10, 3, 10, 3, 10, 3, 30, 3, 30, 3, 10, 3, 10, 3, 30, 3, 10, 3, 10, 3, 10, 3, 10, 3, 30, 3, 10, 3]",16.201545808966873
"[10, 3, 10, 3, 10, 3, 10, 3, 30, 3, 30, 3, 10, 3, 10, 3, 30, 3, 10, 3, 10, 3, 10, 3, 10, 3, 30, 3, 10, 3]",14.426235867446401
"[10, 3, 10, 3, 10, 3, 10, 3, 30, 3, 30, 3, 10, 3, 10, 3, 30, 3, 10, 3, 10, 3, 10, 3, 10, 3, 30, 3, 10, 3]",15.882038986354793
"[10, 3, 10, 3, 10, 3, 10, 3, 30, 3, 30, 3, 10, 3, 10, 3, 30, 3, 10, 3, 10, 3, 10, 3, 10, 3, 30, 3, 10, 3]",15.029333333333296
"[10, 3, 10, 3, 10, 3, 10, 3, 30, 3, 30, 3, 10, 3, 10, 3, 30, 3, 10, 3, 10, 3, 10, 3, 10, 3, 30, 3, 10, 3]",12.709054580896703
"[10, 3, 10, 3, 10, 3, 10, 3, 30, 3, 30, 3, 10, 3, 10, 3, 30, 3, 10, 3, 10, 3, 10, 3, 10, 3, 30, 3, 10, 3]",15.142124756335253
"[10, 3, 10, 3, 10, 3, 10, 3, 30, 3, 30, 3, 10, 3, 10, 3, 30, 3, 10, 3, 10, 3, 10, 3, 10, 3, 30, 3, 10, 3]",14.872064327485331
"[10, 3, 10, 3, 10, 3, 10, 3, 30, 3, 30, 3, 10, 3, 10, 3, 30, 3, 10, 3, 10, 3, 10, 3, 10, 3, 30, 3, 10, 3]",14.009191033138414
"[10, 3, 10, 3, 10, 3, 10, 3, 30, 3, 30, 3, 10, 3, 10, 3, 30, 3, 10, 3, 10, 3, 10, 3, 10, 3, 30, 3, 10, 3]",14.618732943469773
"[10, 3, 10, 3, 10, 3, 10, 3, 30, 3, 30, 3, 10, 3, 10, 3, 30, 3, 10, 3, 10, 3, 10, 3, 10, 3, 30, 3, 10, 3]",14.05679922027291
"[10, 3, 10, 3, 10, 3, 10, 3, 30, 3, 30, 3, 10, 3, 10, 3, 30, 3, 10, 3, 10, 3, 10, 3, 10, 3, 30, 3, 10, 3]",14.270415204678388
"[10, 3, 10, 3, 10, 3, 10, 3, 30, 3, 30, 3, 10, 3, 10, 3, 30, 3, 10, 3, 10, 3, 10, 3, 10, 3, 30, 3, 10, 3]",14.322426900584766
"[10, 3, 10, 3, 10, 3, 10, 3, 30, 3, 30, 3, 10, 3, 10, 3, 30, 3, 10, 3, 10, 3, 10, 3, 10, 3, 30, 3, 10, 3]",16.082421052631588
"[10, 3, 10, 3, 10, 3, 10, 3, 30, 3, 30, 3, 10, 3, 10, 3, 30, 3, 10, 3, 10, 3, 10, 3, 10, 3, 30, 3, 10, 3]",12.81588693957118
"[10, 3, 10, 3, 10, 3, 10, 3, 30, 3, 30, 3, 10, 3, 10, 3, 30, 3, 10, 3, 10, 3, 10, 3, 10, 3, 30, 3, 10, 3]",14.50001364522419
"[10, 3, 10, 3, 10, 3, 10, 3, 30, 3, 30, 3, 10, 3, 10, 3, 30, 3, 10, 3, 10, 3, 10, 3, 10, 3, 30, 3, 10, 3]",14.613245614035108
"[10, 3, 10, 3, 10, 3, 10, 3, 30, 3, 30, 3, 10, 3, 10, 3, 30, 3, 10, 3, 10, 3, 10, 3, 10, 3, 30, 3, 10, 3]",14.502927875243659
"[10, 3, 10, 3, 10, 3, 10, 3, 30, 3, 30, 3, 10, 3, 10, 3, 30, 3, 10, 3, 10, 3, 10, 3, 10, 3, 30, 3, 10, 3]",14.034200779727072
"[10, 3, 10, 3, 10, 3, 10, 3, 30, 3, 30, 3, 10, 3, 10, 3, 30, 3, 10, 3, 10, 3, 10, 3, 10, 3, 30, 3, 10, 3]",14.851384015594537
"[10, 3, 10, 3, 10, 3, 10, 3, 30, 3, 30, 3, 10, 3, 10, 3, 30, 3, 10, 3, 10, 3, 10, 3, 10, 3, 30, 3, 10, 3]",14.264886939571142
"[10, 3, 10, 3, 10, 3, 10, 3, 30, 3, 30, 3, 10, 3, 10, 3, 30, 3, 10, 3, 10, 3, 10, 3, 10, 3, 30, 3, 10, 3]",15.070132553606228
"[10, 3, 10, 3, 10, 3, 10, 3, 30, 3, 30, 3, 10, 3, 10, 3, 30, 3, 10, 3, 10, 3, 10, 3, 10, 3, 30, 3, 10, 3]",15.207035087719277
"[10, 3, 10, 3, 10, 3, 10, 3, 30, 3, 30, 3, 10, 3, 10, 3, 30, 3, 10, 3, 10, 3, 10, 3, 10, 3, 30, 3, 10, 3]",15.74456140350878
"[10, 3, 10, 3, 10, 3, 10, 3, 30, 3, 30, 3, 10, 3, 10, 3, 30, 3, 10, 3, 10, 3, 10, 3, 10, 3, 30, 3, 10, 3]",13.701775828460029
"[10, 3, 10, 3, 10, 3, 10, 3, 30, 3, 30, 3, 10, 3, 10, 3, 30, 3, 10, 3, 10, 3, 10, 3, 10, 3, 30, 3, 10, 3]",14.206194931773846
"[10, 3, 10, 3, 10, 3, 10, 3, 30, 3, 30, 3, 10, 3, 10, 3, 30, 3, 10, 3, 10, 3, 10, 3, 10, 3, 30, 3, 10, 3]",14.965450292397646
"[10, 3, 10, 3, 10, 3, 10, 3, 30, 3, 30, 3, 10, 3, 10, 3, 30, 3, 10, 3, 10, 3, 10, 3, 10, 3, 30, 3, 10, 3]",13.843226120857713
"[10, 3, 10, 3, 10, 3, 10, 3, 30, 3, 30, 3, 10, 3, 10, 3, 30, 3, 10, 3, 10, 3, 10, 3, 10, 3, 30, 3, 10, 3]",14.658988304093562
"[10, 3, 10, 3, 10, 3, 10, 3, 30, 3, 30, 3, 10, 3, 10, 3, 30, 3, 10, 3, 10, 3, 10, 3, 10, 3, 30, 3, 10, 3]",15.8244658869396
"[10, 3, 10, 3, 10, 3, 10, 3, 30, 3, 30, 3, 10, 3, 10, 3, 30, 3, 10, 3, 10, 3, 10, 3, 10, 3, 30, 3, 10, 3]",15.241951267056514
"[10, 3, 10, 3, 10, 3, 10, 3, 30, 3, 30, 3, 10, 3, 10, 3, 30, 3, 10, 3, 10, 3, 10, 3, 10, 3, 30, 3, 10, 3]",14.026961013645206
"[10, 3, 10, 3, 10, 3, 10, 3, 30, 3, 30, 3, 10, 3, 10, 3, 30, 3, 10, 3, 10, 3, 10, 3, 10, 3, 30, 3, 10, 3]",14.9874931773879
"[10, 3, 10, 3, 10, 3, 10, 3, 30, 3, 30, 3, 10, 3, 10, 3, 30, 3, 10, 3, 10, 3, 10, 3, 10, 3, 30, 3, 10, 3]",14.646105263157912
"[10, 3, 10, 3, 10, 3, 10, 3, 30, 3, 30, 3, 10, 3, 10, 3, 30, 3, 10, 3, 10, 3, 10, 3, 10, 3, 30, 3, 10, 3]",14.560292397660847
"[10, 3, 10, 3, 10, 3, 10, 3, 30, 3, 30, 3, 10, 3, 10, 3, 30, 3, 10, 3, 10, 3, 10, 3, 10, 3, 30, 3, 10, 3]",16.108649122807023
"[10, 3, 10, 3, 10, 3, 10, 3, 30, 3, 30, 3, 10, 3, 10, 3, 30, 3, 10, 3, 10, 3, 10, 3, 10, 3, 30, 3, 10, 3]",16.306384015594574
"[10, 3, 10, 3, 10, 3, 10, 3, 30, 3, 30, 3, 10, 3, 10, 3, 30, 3, 10, 3, 10, 3, 10, 3, 10, 3, 30, 3, 10, 3]",14.270220272904492
"[10, 3, 10, 3, 10, 3, 10, 3, 30, 3, 30, 3, 10, 3, 10, 3, 30, 3, 10, 3, 10, 3, 10, 3, 10, 3, 30, 3, 10, 3]",14.299358674463905
"[10, 3, 10, 3, 10, 3, 10, 3, 30, 3, 30, 3, 10, 3, 10, 3, 30, 3, 10, 3, 10, 3, 10, 3, 10, 3, 30, 3, 10, 3]",14.237998050682265
"[10, 3, 10, 3, 10, 3, 10, 3, 30, 3, 30, 3, 10, 3, 10, 3, 30, 3, 10, 3, 10, 3, 10, 3, 10, 3, 30, 3, 10, 3]",16.185052631578905
"[10, 3, 10, 3, 10, 3, 10, 3, 30, 3, 30, 3, 10, 3, 10, 3, 30, 3, 10, 3, 10, 3, 10, 3, 10, 3, 30, 3, 10, 3]",15.119083820662741
"[10, 3, 10, 3, 10, 3, 10, 3, 30, 3, 30, 3, 10, 3, 10, 3, 30, 3, 10, 3, 10, 3, 10, 3, 10, 3, 30, 3, 10, 3]",14.274614035087676
"[10, 3, 10, 3, 10, 3, 10, 3, 30, 3, 30, 3, 10, 3, 10, 3, 30, 3, 10, 3, 10, 3, 10, 3, 10, 3, 30, 3, 10, 3]",15.706249512670519
"[10, 3, 10, 3, 10, 3, 10, 3, 30, 3, 30, 3, 10, 3, 10, 3, 30, 3, 10, 3, 10, 3, 10, 3, 10, 3, 30, 3, 10, 3]",14.338608187134506
"[10, 3, 10, 3, 10, 3, 10, 3, 30, 3, 30, 3, 10, 3, 10, 3, 30, 3, 10, 3, 10, 3, 10, 3, 10, 3, 30, 3, 10, 3]",14.234050682261248
"[10, 3, 10, 3, 10, 3, 10, 3, 30, 3, 30, 3, 10, 3, 10, 3, 30, 3, 10, 3, 10, 3, 10, 3, 10, 3, 30, 3, 10, 3]",15.343097465886903
"[10, 3, 10, 3, 10, 3, 10, 3, 30, 3, 30, 3, 10, 3, 10, 3, 30, 3, 10, 3, 10, 3, 10, 3, 10, 3, 30, 3, 10, 3]",14.891128654970759
"[10, 3, 10, 3, 10, 3, 10, 3, 30, 3, 30, 3, 10, 3, 10, 3, 30, 3, 10, 3, 10, 3, 10, 3, 10, 3, 30, 3, 10, 3]",14.792407407407357
"[10, 3, 10, 3, 10, 3, 10, 3, 30, 3, 30, 3, 10, 3, 10, 3, 30, 3, 10, 3, 10, 3, 10, 3, 10, 3, 30, 3, 10, 3]",14.83984210526317
"[10, 3, 10, 3, 10, 3, 10, 3, 30, 3, 30, 3, 10, 3, 10, 3, 30, 3, 10, 3, 10, 3, 10, 3, 10, 3, 30, 3, 10, 3]",14.883389863547789
"[10, 3, 10, 3, 10, 3, 10, 3, 30, 3, 30, 3, 10, 3, 10, 3, 30, 3, 10, 3, 10, 3, 10, 3, 10, 3, 30, 3, 10, 3]",14.49639181286547
"[10, 3, 10, 3, 10, 3, 10, 3, 30, 3, 30, 3, 10, 3, 10, 3, 30, 3, 10, 3, 10, 3, 10, 3, 10, 3, 30, 3, 10, 3]",14.844807017543902
"[10, 3, 10, 3, 10, 3, 10, 3, 30, 3, 30, 3, 10, 3, 10, 3, 30, 3, 10, 3, 10, 3, 10, 3, 10, 3, 30, 3, 10, 3]",15.732469785575036
"[10, 3, 10, 3, 10, 3, 10, 3, 30, 3, 30, 3, 10, 3, 10, 3, 30, 3, 10, 3, 10, 3, 10, 3, 10, 3, 30, 3, 10, 3]",14.831218323586775
"[10, 3, 10, 3, 10, 3, 10, 3, 30, 3, 30, 3, 10, 3, 10, 3, 30, 3, 10, 3, 10, 3, 10, 3, 10, 3, 30, 3, 10, 3]",14.876346978557516
"[10, 3, 10, 3, 10, 3, 10, 3, 30, 3, 30, 3, 10, 3, 10, 3, 30, 3, 10, 3, 10, 3, 10, 3, 10, 3, 30, 3, 10, 3]",14.938939571150103
"[10, 3, 10, 3, 10, 3, 10, 3, 30, 3, 30, 3, 10, 3, 10, 3, 30, 3, 10, 3, 10, 3, 10, 3, 10, 3, 30, 3, 10, 3]",14.58499805068225
"[10, 3, 10, 3, 10, 3, 10, 3, 30, 3, 30, 3, 10, 3, 10, 3, 30, 3, 10, 3, 10, 3, 10, 3, 10, 3, 30, 3, 10, 3]",13.19943079922027
"[10, 3, 10, 3, 10, 3, 10, 3, 30, 3, 30, 3, 10, 3, 10, 3, 30, 3, 10, 3, 10, 3, 10, 3, 10, 3, 30, 3, 10, 3]",15.361270955165729
"[10, 3, 10, 3, 10, 3, 10, 3, 30, 3, 30, 3, 10, 3, 10, 3, 30, 3, 10, 3, 10, 3, 10, 3, 10, 3, 30, 3, 10, 3]",15.139003898635497
"[10, 3, 10, 3, 10, 3, 10, 3, 30, 3, 30, 3, 10, 3, 10, 3, 30, 3, 10, 3, 10, 3, 10, 3, 10, 3, 30, 3, 10, 3]",14.19069590643272
"[10, 3, 10, 3, 10, 3, 10, 3, 30, 3, 30, 3, 10, 3, 10, 3, 30, 3, 10, 3, 10, 3, 10, 3, 10, 3, 30, 3, 10, 3]",13.945775828460027
"[10, 3, 10, 3, 10, 3, 10, 3, 30, 3, 30, 3, 10, 3, 10, 3, 30, 3, 10, 3, 10, 3, 10, 3, 10, 3, 30, 3, 10, 3]",14.929808966861632
"[10, 3, 10, 3, 10, 3, 10, 3, 30, 3, 30, 3, 10, 3, 10, 3, 30, 3, 10, 3, 10, 3, 10, 3, 10, 3, 30, 3, 10, 3]",14.919803118908348
"[10, 3, 10, 3, 10, 3, 10, 3, 30, 3, 30, 3, 10, 3, 10, 3, 30, 3, 10, 3, 10, 3, 10, 3, 10, 3, 30, 3, 10, 3]",15.322760233918107
"[10, 3, 10, 3, 10, 3, 10, 3, 30, 3, 30, 3, 10, 3, 10, 3, 30, 3, 10, 3, 10, 3, 10, 3, 10, 3, 30, 3, 10, 3]",13.954651072124776
"[10, 3, 10, 3, 10, 3, 10, 3, 30, 3, 30, 3, 10, 3, 10, 3, 30, 3, 10, 3, 10, 3, 10, 3, 10, 3, 30, 3, 10, 3]",14.104146198830389
"[10, 3, 10, 3, 10, 3, 10, 3, 30, 3, 30, 3, 10, 3, 10, 3, 30, 3, 10, 3, 10, 3, 10, 3, 10, 3, 30, 3, 10, 3]",14.786621832358716
"[10, 3, 10, 3, 10, 3, 10, 3, 30, 3, 30, 3, 10, 3, 10, 3, 30, 3, 10, 3, 10, 3, 10, 3, 10, 3, 30, 3, 10, 3]",15.86981871345028
"[10, 3, 10, 3, 10, 3, 10, 3, 30, 3, 30, 3, 10, 3, 10, 3, 30, 3, 10, 3, 10, 3, 10, 3, 10, 3, 30, 3, 10, 3]",13.535576998050669
"[10, 3, 10, 3, 10, 3, 10, 3, 30, 3, 30, 3, 10, 3, 10, 3, 30, 3, 10, 3, 10, 3, 10, 3, 10, 3, 30, 3, 10, 3]",14.214676413255345
"[10, 3, 10, 3, 10, 3, 10, 3, 30, 3, 30, 3, 10, 3, 10, 3, 30, 3, 10, 3, 10, 3, 10, 3, 10, 3, 30, 3, 10, 3]",14.260231968810942
"[10, 3, 10, 3, 10, 3, 10, 3, 30, 3, 30, 3, 10, 3, 10, 3, 30, 3, 10, 3, 10, 3, 10, 3, 10, 3, 30, 3, 10, 3]",14.643372319688103
"[10, 3, 10, 3, 10, 3, 10, 3, 30, 3, 30, 3, 10, 3, 10, 3, 30, 3, 10, 3, 10, 3, 10, 3, 10, 3, 30, 3, 10, 3]",15.245797270955157
"[10, 3, 10, 3, 10, 3, 10, 3, 30, 3, 30, 3, 10, 3, 10, 3, 30, 3, 10, 3, 10, 3, 10, 3, 10, 3, 30, 3, 10, 3]",13.765816764132571
"[10, 3, 10, 3, 10, 3, 10, 3, 30, 3, 30, 3, 10, 3, 10, 3, 30, 3, 10, 3, 10, 3, 10, 3, 10, 3, 30, 3, 10, 3]",15.276331384015618
"[10, 3, 10, 3, 10, 3, 10, 3, 30, 3, 30, 3, 10, 3, 10, 3, 30, 3, 10, 3, 10, 3, 10, 3, 10, 3, 30, 3, 10, 3]",15.72862962962966
"[10, 3, 10, 3, 10, 3, 10, 3, 30, 3, 30, 3, 10, 3, 10, 3, 30, 3, 10, 3, 10, 3, 10, 3, 10, 3, 30, 3, 10, 3]",15.755914230019473
"[10, 3, 10, 3, 10, 3, 10, 3, 30, 3, 30, 3, 10, 3, 10, 3, 30, 3, 10, 3, 10, 3, 10, 3, 10, 3, 30, 3, 10, 3]",15.287257309941513
"[10, 3, 10, 3, 10, 3, 10, 3, 30, 3, 30, 3, 10, 3, 10, 3, 30, 3, 10, 3, 10, 3, 10, 3, 10, 3, 30, 3, 10, 3]",13.479196881091603
"[10, 3, 10, 3, 10, 3, 10, 3, 30, 3, 30, 3, 10, 3, 10, 3, 30, 3, 10, 3, 10, 3, 10, 3, 10, 3, 30, 3, 10, 3]",14.5079883040936
"[10, 3, 10, 3, 10, 3, 10, 3, 30, 3, 30, 3, 10, 3, 10, 3, 30, 3, 10, 3, 10, 3, 10, 3, 10, 3, 30, 3, 10, 3]",14.003984405458095
"[10, 3, 10, 3, 10, 3, 10, 3, 30, 3, 30, 3, 10, 3, 10, 3, 30, 3, 10, 3, 10, 3, 10, 3, 10, 3, 30, 3, 10, 3]",15.07948732943467
"[10, 3, 10, 3, 10, 3, 10, 3, 30, 3, 30, 3, 10, 3, 10, 3, 30, 3, 10, 3, 10, 3, 10, 3, 10, 3, 30, 3, 10, 3]",15.13084600389863
"[10, 3, 10, 3, 10, 3, 10, 3, 30, 3, 30, 3, 10, 3, 10, 3, 30, 3, 10, 3, 10, 3, 10, 3, 10, 3, 30, 3, 10, 3]",14.948348927875239
"[10, 3, 10, 3, 10, 3, 10, 3, 30, 3, 30, 3, 10, 3, 10, 3, 30, 3, 10, 3, 10, 3, 10, 3, 10, 3, 30, 3, 10, 3]",13.916594541910314
"[10, 3, 10, 3, 10, 3, 10, 3, 30, 3, 30, 3, 10, 3, 10, 3, 30, 3, 10, 3, 10, 3, 10, 3, 10, 3, 30, 3, 10, 3]",15.402231968810867
"[10, 3, 10, 3, 10, 3, 10, 3, 30, 3, 30, 3, 10, 3, 10, 3, 30, 3, 10, 3, 10, 3, 10, 3, 10, 3, 30, 3, 10, 3]",15.300245614035125
"[10, 3, 10, 3, 10, 3, 10, 3, 30, 3, 30, 3, 10, 3, 10, 3, 30, 3, 10, 3, 10, 3, 10, 3, 10, 3, 30, 3, 10, 3]",14.033452241715384
"[10, 3, 10, 3, 10, 3, 10, 3, 30, 3, 30, 3, 10, 3, 10, 3, 30, 3, 10, 3, 10, 3, 10, 3, 10, 3, 30, 3, 10, 3]",14.577988304093555
"[10, 3, 10, 3, 10, 3, 10, 3, 30, 3, 30, 3, 10, 3, 10, 3, 30, 3, 10, 3, 10, 3, 10, 3, 10, 3, 30, 3, 10, 3]",14.984448343079924
"[10, 3, 10, 3, 10, 3, 10, 3, 30, 3, 30, 3, 10, 3, 10, 3, 30, 3, 10, 3, 10, 3, 10, 3, 10, 3, 30, 3, 10, 3]",14.64761988304094
"[10, 3, 10, 3, 10, 3, 10, 3, 30, 3, 30, 3, 10, 3, 10, 3, 30, 3, 10, 3, 10, 3, 10, 3, 10, 3, 30, 3, 10, 3]",15.914017543859654
"[10, 3, 10, 3, 10, 3, 10, 3, 30, 3, 30, 3, 10, 3, 10, 3, 30, 3, 10, 3, 10, 3, 10, 3, 10, 3, 30, 3, 10, 3]",14.910325536062414
"[10, 3, 10, 3, 10, 3, 10, 3, 30, 3, 30, 3, 10, 3, 10, 3, 30, 3, 10, 3, 10, 3, 10, 3, 10, 3, 30, 3, 10, 3]",14.912286549707636
"[10, 3, 10, 3, 10, 3, 10, 3, 30, 3, 30, 3, 10, 3, 10, 3, 30, 3, 10, 3, 10, 3, 10, 3, 10, 3, 30, 3, 10, 3]",15.96164522417154
"[10, 3, 10, 3, 10, 3, 10, 3, 30, 3, 30, 3, 10, 3, 10, 3, 30, 3, 10, 3, 10, 3, 10, 3, 10, 3, 30, 3, 10, 3]",15.140159844054553
"[10, 3, 10, 3, 10, 3, 10, 3, 30, 3, 30, 3, 10, 3, 10, 3, 30, 3, 10, 3, 10, 3, 10, 3, 10, 3, 30, 3, 10, 3]",15.465440545808953
"[10, 3, 10, 3, 10, 3, 10, 3, 30, 3, 30, 3, 10, 3, 10, 3, 30, 3, 10, 3, 10, 3, 10, 3, 10, 3, 30, 3, 10, 3]",15.125249512670567
"[10, 3, 10, 3, 10, 3, 10, 3, 30, 3, 30, 3, 10, 3, 10, 3, 30, 3, 10, 3, 10, 3, 10, 3, 10, 3, 30, 3, 10, 3]",14.982458089668647
"[10, 3, 10, 3, 10, 3, 10, 3, 30, 3, 30, 3, 10, 3, 10, 3, 30, 3, 10, 3, 10, 3, 10, 3, 10, 3, 30, 3, 10, 3]",15.492744639376227
"[10, 3, 10, 3, 10, 3, 10, 3, 30, 3, 30, 3, 10, 3, 10, 3, 30, 3, 10, 3, 10, 3, 10, 3, 10, 3, 30, 3, 10, 3]",14.360625730994178
"[10, 3, 10, 3, 10, 3, 10, 3, 30, 3, 30, 3, 10, 3, 10, 3, 30, 3, 10, 3, 10, 3, 10, 3, 10, 3, 30, 3, 10, 3]",15.437851851851834
"[10, 3, 10, 3, 10, 3, 10, 3, 30, 3, 30, 3, 10, 3, 10, 3, 30, 3, 10, 3, 10, 3, 10, 3, 10, 3, 30, 3, 10, 3]",14.222378167641331
"[10, 3, 10, 3, 10, 3, 10, 3, 30, 3, 30, 3, 10, 3, 10, 3, 30, 3, 10, 3, 10, 3, 10, 3, 10, 3, 30, 3, 10, 3]",14.245754385964899
"[10, 3, 10, 3, 10, 3, 10, 3, 30, 3, 30, 3, 10, 3, 10, 3, 30, 3, 10, 3, 10, 3, 10, 3, 10, 3, 30, 3, 10, 3]",15.532684210526288
"[10, 3, 10, 3, 10, 3, 10, 3, 30, 3, 30, 3, 10, 3, 10, 3, 30, 3, 10, 3, 10, 3, 10, 3, 10, 3, 30, 3, 10, 3]",15.71690058479533
"[10, 3, 10, 3, 10, 3, 10, 3, 30, 3, 30, 3, 10, 3, 10, 3, 30, 3, 10, 3, 10, 3, 10, 3, 10, 3, 30, 3, 10, 3]",13.634345029239805
"[10, 3, 10, 3, 10, 3, 10, 3, 30, 3, 30, 3, 10, 3, 10, 3, 30, 3, 10, 3, 10, 3, 10, 3, 10, 3, 30, 3, 10, 3]",13.84807992202726
"[10, 3, 10, 3, 10, 3, 10, 3, 30, 3, 30, 3, 10, 3, 10, 3, 30, 3, 10, 3, 10, 3, 10, 3, 10, 3, 30, 3, 10, 3]",15.522368421052617
"[10, 3, 10, 3, 10, 3, 10, 3, 30, 3, 30, 3, 10, 3, 10, 3, 30, 3, 10, 3, 10, 3, 10, 3, 10, 3, 30, 3, 10, 3]",14.748945419103299
"[10, 3, 10, 3, 10, 3, 10, 3, 30, 3, 30, 3, 10, 3, 10, 3, 30, 3, 10, 3, 10, 3, 10, 3, 10, 3, 30, 3, 10, 3]",14.956571150097469
"[10, 3, 10, 3, 10, 3, 10, 3, 30, 3, 30, 3, 10, 3, 10, 3, 30, 3, 10, 3, 10, 3, 10, 3, 10, 3, 30, 3, 10, 3]",16.553656920077962
"[10, 3, 10, 3, 10, 3, 10, 3, 30, 3, 30, 3, 10, 3, 10, 3, 30, 3, 10, 3, 10, 3, 10, 3, 10, 3, 30, 3, 10, 3]",14.687760233918107
"[10, 3, 10, 3, 10, 3, 10, 3, 30, 3, 30, 3, 10, 3, 10, 3, 30, 3, 10, 3, 10, 3, 10, 3, 10, 3, 30, 3, 10, 3]",15.03527680311888
"[10, 3, 10, 3, 10, 3, 10, 3, 30, 3, 30, 3, 10, 3, 10, 3, 30, 3, 10, 3, 10, 3, 10, 3, 10, 3, 30, 3, 10, 3]",16.474846003898637
"[10, 3, 10, 3, 10, 3, 10, 3, 30, 3, 30, 3, 10, 3, 10, 3, 30, 3, 10, 3, 10, 3, 10, 3, 10, 3, 30, 3, 10, 3]",13.85364717348926
"[10, 3, 10, 3, 10, 3, 10, 3, 30, 3, 30, 3, 10, 3, 10, 3, 30, 3, 10, 3, 10, 3, 10, 3, 10, 3, 30, 3, 10, 3]",14.119941520467796
"[10, 3, 10, 3, 10, 3, 10, 3, 30, 3, 30, 3, 10, 3, 10, 3, 30, 3, 10, 3, 10, 3, 10, 3, 10, 3, 30, 3, 10, 3]",14.179729044834302
"[10, 3, 10, 3, 10, 3, 10, 3, 30, 3, 30, 3, 10, 3, 10, 3, 30, 3, 10, 3, 10, 3, 10, 3, 10, 3, 30, 3, 10, 3]",15.711787524366446
"[10, 3, 10, 3, 10, 3, 10, 3, 30, 3, 30, 3, 10, 3, 10, 3, 30, 3, 10, 3, 10, 3, 10, 3, 10, 3, 30, 3, 10, 3]",14.333452241715413
"[10, 3, 10, 3, 10, 3, 10, 3, 30, 3, 30, 3, 10, 3, 10, 3, 30, 3, 10, 3, 10, 3, 10, 3, 10, 3, 30, 3, 10, 3]",15.16172709551653
"[10, 3, 10, 3, 10, 3, 10, 3, 30, 3, 30, 3, 10, 3, 10, 3, 30, 3, 10, 3, 10, 3, 10, 3, 10, 3, 30, 3, 10, 3]",14.033348927875252
"[10, 3, 10, 3, 10, 3, 10, 3, 30, 3, 30, 3, 10, 3, 10, 3, 30, 3, 10, 3, 10, 3, 10, 3, 10, 3, 30, 3, 10, 3]",13.89801559454191
"[10, 3, 10, 3, 10, 3, 10, 3, 30, 3, 30, 3, 10, 3, 10, 3, 30, 3, 10, 3, 10, 3, 10, 3, 10, 3, 30, 3, 10, 3]",14.064079922027297
"[10, 3, 10, 3, 10, 3, 10, 3, 30, 3, 30, 3, 10, 3, 10, 3, 30, 3, 10, 3, 10, 3, 10, 3, 10, 3, 30, 3, 10, 3]",14.373883040935619
"[10, 3, 10, 3, 10, 3, 10, 3, 30, 3, 30, 3, 10, 3, 10, 3, 30, 3, 10, 3, 10, 3, 10, 3, 10, 3, 30, 3, 10, 3]",13.548771929824582
"[10, 3, 10, 3, 10, 3, 10, 3, 30, 3, 30, 3, 10, 3, 10, 3, 30, 3, 10, 3, 10, 3, 10, 3, 10, 3, 30, 3, 10, 3]",14.634945419103293
"[10, 3, 10, 3, 10, 3, 10, 3, 30, 3, 30, 3, 10, 3, 10, 3, 30, 3, 10, 3, 10, 3, 10, 3, 10, 3, 30, 3, 10, 3]",13.76419298245613
"[10, 3, 10, 3, 10, 3, 10, 3, 30, 3, 30, 3, 10, 3, 10, 3, 30, 3, 10, 3, 10, 3, 10, 3, 10, 3, 30, 3, 10, 3]",14.844146198830385
"[10, 3, 10, 3, 10, 3, 10, 3, 30, 3, 30, 3, 10, 3, 10, 3, 30, 3, 10, 3, 10, 3, 10, 3, 10, 3, 30, 3, 10, 3]",15.474970760233898
"[10, 3, 10, 3, 10, 3, 10, 3, 30, 3, 30, 3, 10, 3, 10, 3, 30, 3, 10, 3, 10, 3, 10, 3, 10, 3, 30, 3, 10, 3]",13.51041715399613
"[10, 3, 10, 3, 10, 3, 10, 3, 30, 3, 30, 3, 10, 3, 10, 3, 30, 3, 10, 3, 10, 3, 10, 3, 10, 3, 30, 3, 10, 3]",13.63499415204679
"[10, 3, 10, 3, 10, 3, 10, 3, 30, 3, 30, 3, 10, 3, 10, 3, 30, 3, 10, 3, 10, 3, 10, 3, 10, 3, 30, 3, 10, 3]",15.45034502923974
"[10, 3, 10, 3, 10, 3, 10, 3, 30, 3, 30, 3, 10, 3, 10, 3, 30, 3, 10, 3, 10, 3, 10, 3, 10, 3, 30, 3, 10, 3]",13.336851851851854
"[10, 3, 10, 3, 10, 3, 10, 3, 30, 3, 30, 3, 10, 3, 10, 3, 30, 3, 10, 3, 10, 3, 10, 3, 10, 3, 30, 3, 10, 3]",15.062888888888896
"[10, 3, 10, 3, 10, 3, 10, 3, 30, 3, 30, 3, 10, 3, 10, 3, 30, 3, 10, 3, 10, 3, 10, 3, 10, 3, 30, 3, 10, 3]",14.730697855750494
"[10, 3, 10, 3, 10, 3, 10, 3, 30, 3, 30, 3, 10, 3, 10, 3, 30, 3, 10, 3, 10, 3, 10, 3, 10, 3, 30, 3, 10, 3]",15.065376218323616
"[10, 3, 10, 3, 10, 3, 10, 3, 30, 3, 30, 3, 10, 3, 10, 3, 30, 3, 10, 3, 10, 3, 10, 3, 10, 3, 30, 3, 10, 3]",15.461358674463952
"[10, 3, 10, 3, 10, 3, 10, 3, 30, 3, 30, 3, 10, 3, 10, 3, 30, 3, 10, 3, 10, 3, 10, 3, 10, 3, 30, 3, 10, 3]",15.3918440545809
"[10, 3, 10, 3, 10, 3, 10, 3, 30, 3, 30, 3, 10, 3, 10, 3, 30, 3, 10, 3, 10, 3, 10, 3, 10, 3, 30, 3, 10, 3]",14.051888888888875
"[10, 3, 10, 3, 10, 3, 10, 3, 30, 3, 30, 3, 10, 3, 10, 3, 30, 3, 10, 3, 10, 3, 10, 3, 10, 3, 30, 3, 10, 3]",15.380822612085783
"[10, 3, 10, 3, 10, 3, 10, 3, 30, 3, 30, 3, 10, 3, 10, 3, 30, 3, 10, 3, 10, 3, 10, 3, 10, 3, 30, 3, 10, 3]",15.48123001949316
"[10, 3, 10, 3, 10, 3, 10, 3, 30, 3, 30, 3, 10, 3, 10, 3, 30, 3, 10, 3, 10, 3, 10, 3, 10, 3, 30, 3, 10, 3]",14.6541695906433
"[10, 3, 10, 3, 10, 3, 10, 3, 30, 3, 30, 3, 10, 3, 10, 3, 30, 3, 10, 3, 10, 3, 10, 3, 10, 3, 30, 3, 10, 3]",14.303645224171511
"[10, 3, 10, 3, 10, 3, 10, 3, 30, 3, 30, 3, 10, 3, 10, 3, 30, 3, 10, 3, 10, 3, 10, 3, 10, 3, 30, 3, 10, 3]",15.15795126705654
"[10, 3, 10, 3, 10, 3, 10, 3, 30, 3, 30, 3, 10, 3, 10, 3, 30, 3, 10, 3, 10, 3, 10, 3, 10, 3, 30, 3, 10, 3]",14.45357894736841
"[10, 3, 10, 3, 10, 3, 10, 3, 30, 3, 30, 3, 10, 3, 10, 3, 30, 3, 10, 3, 10, 3, 10, 3, 10, 3, 30, 3, 10, 3]",15.326489278752428
"[10, 3, 10, 3, 10, 3, 10, 3, 30, 3, 30, 3, 10, 3, 10, 3, 30, 3, 10, 3, 10, 3, 10, 3, 10, 3, 30, 3, 10, 3]",14.984118908382047
"[10, 3, 10, 3, 10, 3, 10, 3, 30, 3, 30, 3, 10, 3, 10, 3, 30, 3, 10, 3, 10, 3, 10, 3, 10, 3, 30, 3, 10, 3]",14.139692007797239
"[10, 3, 10, 3, 10, 3, 10, 3, 30, 3, 30, 3, 10, 3, 10, 3, 30, 3, 10, 3, 10, 3, 10, 3, 10, 3, 30, 3, 10, 3]",15.250672514619875
"[10, 3, 10, 3, 10, 3, 10, 3, 30, 3, 30, 3, 10, 3, 10, 3, 30, 3, 10, 3, 10, 3, 10, 3, 10, 3, 30, 3, 10, 3]",14.615756335282633
"[10, 3, 10, 3, 10, 3, 10, 3, 30, 3, 30, 3, 10, 3, 10, 3, 30, 3, 10, 3, 10, 3, 10, 3, 10, 3, 30, 3, 10, 3]",14.43025730994151
"[10, 3, 10, 3, 10, 3, 10, 3, 30, 3, 30, 3, 10, 3, 10, 3, 30, 3, 10, 3, 10, 3, 10, 3, 10, 3, 30, 3, 10, 3]",15.718736842105226
"[10, 3, 10, 3, 10, 3, 10, 3, 30, 3, 30, 3, 10, 3, 10, 3, 30, 3, 10, 3, 10, 3, 10, 3, 10, 3, 30, 3, 10, 3]",15.419062378167705
"[10, 3, 10, 3, 10, 3, 10, 3, 30, 3, 30, 3, 10, 3, 10, 3, 30, 3, 10, 3, 10, 3, 10, 3, 10, 3, 30, 3, 10, 3]",14.812118908382027
"[10, 3, 10, 3, 10, 3, 10, 3, 30, 3, 30, 3, 10, 3, 10, 3, 30, 3, 10, 3, 10, 3, 10, 3, 10, 3, 30, 3, 10, 3]",14.405321637426923
"[10, 3, 10, 3, 10, 3, 10, 3, 30, 3, 30, 3, 10, 3, 10, 3, 30, 3, 10, 3, 10, 3, 10, 3, 10, 3, 30, 3, 10, 3]",13.971107212475616
"[10, 3, 10, 3, 10, 3, 10, 3, 30, 3, 30, 3, 10, 3, 10, 3, 30, 3, 10, 3, 10, 3, 10, 3, 10, 3, 30, 3, 10, 3]",14.840738791423007
"[10, 3, 10, 3, 10, 3, 10, 3, 30, 3, 30, 3, 10, 3, 10, 3, 30, 3, 10, 3, 10, 3, 10, 3, 10, 3, 30, 3, 10, 3]",15.035750487329429
"[10, 3, 10, 3, 10, 3, 10, 3, 30, 3, 30, 3, 10, 3, 10, 3, 30, 3, 10, 3, 10, 3, 10, 3, 10, 3, 30, 3, 10, 3]",15.558699805068262
"[10, 3, 10, 3, 10, 3, 10, 3, 30, 3, 30, 3, 10, 3, 10, 3, 30, 3, 10, 3, 10, 3, 10, 3, 10, 3, 30, 3, 10, 3]",14.78471929824563
"[10, 3, 10, 3, 10, 3, 10, 3, 30, 3, 30, 3, 10, 3, 10, 3, 30, 3, 10, 3, 10, 3, 10, 3, 10, 3, 30, 3, 10, 3]",13.289740740740726
"[10, 3, 10, 3, 10, 3, 10, 3, 30, 3, 30, 3, 10, 3, 10, 3, 30, 3, 10, 3, 10, 3, 10, 3, 10, 3, 30, 3, 10, 3]",15.036656920077968
"[10, 3, 10, 3, 10, 3, 10, 3, 30, 3, 30, 3, 10, 3, 10, 3, 30, 3, 10, 3, 10, 3, 10, 3, 10, 3, 30, 3, 10, 3]",13.401908382066287
"[10, 3, 10, 3, 10, 3, 10, 3, 30, 3, 30, 3, 10, 3, 10, 3, 30, 3, 10, 3, 10, 3, 10, 3, 10, 3, 30, 3, 10, 3]",13.76873489278753
"[10, 3, 10, 3, 10, 3, 10, 3, 30, 3, 30, 3, 10, 3, 10, 3, 30, 3, 10, 3, 10, 3, 10, 3, 10, 3, 30, 3, 10, 3]",15.091134502923984
"[10, 3, 10, 3, 10, 3, 10, 3, 30, 3, 30, 3, 10, 3, 10, 3, 30, 3, 10, 3, 10, 3, 10, 3, 10, 3, 30, 3, 10, 3]",15.575356725146195
"[10, 3, 10, 3, 10, 3, 10, 3, 30, 3, 30, 3, 10, 3, 10, 3, 30, 3, 10, 3, 10, 3, 10, 3, 10, 3, 30, 3, 10, 3]",14.236768031189081
"[10, 3, 10, 3, 10, 3, 10, 3, 30, 3, 30, 3, 10, 3, 10, 3, 30, 3, 10, 3, 10, 3, 10, 3, 10, 3, 30, 3, 10, 3]",14.87023196881092
"[10, 3, 10, 3, 10, 3, 10, 3, 30, 3, 30, 3, 10, 3, 10, 3, 30, 3, 10, 3, 10, 3, 10, 3, 10, 3, 30, 3, 10, 3]",15.731927875243631
"[10, 3, 10, 3, 10, 3, 10, 3, 30, 3, 30, 3, 10, 3, 10, 3, 30, 3, 10, 3, 10, 3, 10, 3, 10, 3, 30, 3, 10, 3]",14.515161793372322
"[10, 3, 10, 3, 10, 3, 10, 3, 30, 3, 30, 3, 10, 3, 10, 3, 30, 3, 10, 3, 10, 3, 10, 3, 10, 3, 30, 3, 10, 3]",15.412155945419148
"[10, 3, 10, 3, 10, 3, 10, 3, 30, 3, 30, 3, 10, 3, 10, 3, 30, 3, 10, 3, 10, 3, 10, 3, 10, 3, 30, 3, 10, 3]",14.162555555555551
"[10, 3, 10, 3, 10, 3, 10, 3, 30, 3, 30, 3, 10, 3, 10, 3, 30, 3, 10, 3, 10, 3, 10, 3, 10, 3, 30, 3, 10, 3]",15.582046783625715
"[10, 3, 10, 3, 10, 3, 10, 3, 30, 3, 30, 3, 10, 3, 10, 3, 30, 3, 10, 3, 10, 3, 10, 3, 10, 3, 30, 3, 10, 3]",13.883261208576979
"[10, 3, 10, 3, 10, 3, 10, 3, 30, 3, 30, 3, 10, 3, 10, 3, 30, 3, 10, 3, 10, 3, 10, 3, 10, 3, 30, 3, 10, 3]",14.837629629629623
"[10, 3, 10, 3, 10, 3, 10, 3, 30, 3, 30, 3, 10, 3, 10, 3, 30, 3, 10, 3, 10, 3, 10, 3, 10, 3, 30, 3, 10, 3]",15.74384600389861
"[10, 3, 10, 3, 10, 3, 10, 3, 30, 3, 30, 3, 10, 3, 10, 3, 30, 3, 10, 3, 10, 3, 10, 3, 10, 3, 30, 3, 10, 3]",14.84939961013643
"[10, 3, 10, 3, 10, 3, 10, 3, 30, 3, 30, 3, 10, 3, 10, 3, 30, 3, 10, 3, 10, 3, 10, 3, 10, 3, 30, 3, 10, 3]",15.029475633528273
"[10, 3, 10, 3, 10, 3, 10, 3, 30, 3, 30, 3, 10, 3, 10, 3, 30, 3, 10, 3, 10, 3, 10, 3, 10, 3, 30, 3, 10, 3]",14.891945419103283
"[10, 3, 10, 3, 10, 3, 10, 3, 30, 3, 30, 3, 10, 3, 10, 3, 30, 3, 10, 3, 10, 3, 10, 3, 10, 3, 30, 3, 10, 3]",13.813824561403514
"[10, 3, 10, 3, 10, 3, 10, 3, 30, 3, 30, 3, 10, 3, 10, 3, 30, 3, 10, 3, 10, 3, 10, 3, 10, 3, 30, 3, 10, 3]",14.906187134502895
"[10, 3, 10, 3, 10, 3, 10, 3, 30, 3, 30, 3, 10, 3, 10, 3, 30, 3, 10, 3, 10, 3, 10, 3, 10, 3, 30, 3, 10, 3]",15.108818713450221
"[10, 3, 10, 3, 10, 3, 10, 3, 30, 3, 30, 3, 10, 3, 10, 3, 30, 3, 10, 3, 10, 3, 10, 3, 10, 3, 30, 3, 10, 3]",16.08841130604287
"[10, 3, 10, 3, 10, 3, 10, 3, 30, 3, 30, 3, 10, 3, 10, 3, 30, 3, 10, 3, 10, 3, 10, 3, 10, 3, 30, 3, 10, 3]",13.822631578947377
"[10, 3, 10, 3, 10, 3, 10, 3, 30, 3, 30, 3, 10, 3, 10, 3, 30, 3, 10, 3, 10, 3, 10, 3, 10, 3, 30, 3, 10, 3]",16.103999999999978
"[10, 3, 10, 3, 10, 3, 10, 3, 30, 3, 30, 3, 10, 3, 10, 3, 30, 3, 10, 3, 10, 3, 10, 3, 10, 3, 30, 3, 10, 3]",13.990693957115024
"[10, 3, 10, 3, 10, 3, 10, 3, 30, 3, 30, 3, 10, 3, 10, 3, 30, 3, 10, 3, 10, 3, 10, 3, 10, 3, 30, 3, 10, 3]",14.808892787524357
"[10, 3, 10, 3, 10, 3, 10, 3, 30, 3, 30, 3, 10, 3, 10, 3, 30, 3, 10, 3, 10, 3, 10, 3, 10, 3, 30, 3, 10, 3]",15.148489278752448
"[10, 3, 10, 3, 10, 3, 10, 3, 30, 3, 30, 3, 10, 3, 10, 3, 30, 3, 10, 3, 10, 3, 10, 3, 10, 3, 30, 3, 10, 3]",14.988333333333323
"[10, 3, 10, 3, 10, 3, 10, 3, 30, 3, 30, 3, 10, 3, 10, 3, 30, 3, 10, 3, 10, 3, 10, 3, 10, 3, 30, 3, 10, 3]",15.50045419103316
"[10, 3, 10, 3, 10, 3, 10, 3, 30, 3, 30, 3, 10, 3, 10, 3, 30, 3, 10, 3, 10, 3, 10, 3, 10, 3, 30, 3, 10, 3]",15.182846003898604
"[10, 3, 10, 3, 10, 3, 10, 3, 30, 3, 30, 3, 10, 3, 10, 3, 30, 3, 10, 3, 10, 3, 10, 3, 10, 3, 30, 3, 10, 3]",14.970541910331397
"[10, 3, 10, 3, 10, 3, 10, 3, 30, 3, 30, 3, 10, 3, 10, 3, 30, 3, 10, 3, 10, 3, 10, 3, 10, 3, 30, 3, 10, 3]",13.516929824561414
"[10, 3, 10, 3, 10, 3, 10, 3, 30, 3, 30, 3, 10, 3, 10, 3, 30, 3, 10, 3, 10, 3, 10, 3, 10, 3, 30, 3, 10, 3]",14.31973684210531
"[10, 3, 10, 3, 10, 3, 10, 3, 30, 3, 30, 3, 10, 3, 10, 3, 30, 3, 10, 3, 10, 3, 10, 3, 10, 3, 30, 3, 10, 3]",15.78184015594545
"[10, 3, 10, 3, 10, 3, 10, 3, 30, 3, 30, 3, 10, 3, 10, 3, 30, 3, 10, 3, 10, 3, 10, 3, 10, 3, 30, 3, 10, 3]",16.376894736842058
"[10, 3, 10, 3, 10, 3, 10, 3, 30, 3, 30, 3, 10, 3, 10, 3, 30, 3, 10, 3, 10, 3, 10, 3, 10, 3, 30, 3, 10, 3]",12.994892787524371
"[10, 3, 10, 3, 10, 3, 10, 3, 30, 3, 30, 3, 10, 3, 10, 3, 30, 3, 10, 3, 10, 3, 10, 3, 10, 3, 30, 3, 10, 3]",14.828766081871336
"[10, 3, 10, 3, 10, 3, 10, 3, 30, 3, 30, 3, 10, 3, 10, 3, 30, 3, 10, 3, 10, 3, 10, 3, 10, 3, 30, 3, 10, 3]",14.015161793372286
"[10, 3, 10, 3, 10, 3, 10, 3, 30, 3, 30, 3, 10, 3, 10, 3, 30, 3, 10, 3, 10, 3, 10, 3, 10, 3, 30, 3, 10, 3]",15.809497076023403
"[10, 3, 10, 3, 10, 3, 10, 3, 30, 3, 30, 3, 10, 3, 10, 3, 30, 3, 10, 3, 10, 3, 10, 3, 10, 3, 30, 3, 10, 3]",15.379013645224177
"[10, 3, 10, 3, 10, 3, 10, 3, 30, 3, 30, 3, 10, 3, 10, 3, 30, 3, 10, 3, 10, 3, 10, 3, 10, 3, 30, 3, 10, 3]",15.490007797270943
"[10, 3, 10, 3, 10, 3, 10, 3, 30, 3, 30, 3, 10, 3, 10, 3, 30, 3, 10, 3, 10, 3, 10, 3, 10, 3, 30, 3, 10, 3]",15.575311890838217
"[10, 3, 10, 3, 10, 3, 10, 3, 30, 3, 30, 3, 10, 3, 10, 3, 30, 3, 10, 3, 10, 3, 10, 3, 10, 3, 30, 3, 10, 3]",14.105826510721228
"[10, 3, 10, 3, 10, 3, 10, 3, 30, 3, 30, 3, 10, 3, 10, 3, 30, 3, 10, 3, 10, 3, 10, 3, 10, 3, 30, 3, 10, 3]",14.43114424951267
"[10, 3, 10, 3, 10, 3, 10, 3, 30, 3, 30, 3, 10, 3, 10, 3, 30, 3, 10, 3, 10, 3, 10, 3, 10, 3, 30, 3, 10, 3]",15.13741130604285
"[10, 3, 10, 3, 10, 3, 10, 3, 30, 3, 30, 3, 10, 3, 10, 3, 30, 3, 10, 3, 10, 3, 10, 3, 10, 3, 30, 3, 10, 3]",14.806937621832347
"[10, 3, 10, 3, 10, 3, 10, 3, 30, 3, 30, 3, 10, 3, 10, 3, 30, 3, 10, 3, 10, 3, 10, 3, 10, 3, 30, 3, 10, 3]",13.941473684210552
"[10, 3, 10, 3, 10, 3, 10, 3, 30, 3, 30, 3, 10, 3, 10, 3, 30, 3, 10, 3, 10, 3, 10, 3, 10, 3, 30, 3, 10, 3]",16.150927875243667
"[10, 3, 10, 3, 10, 3, 10, 3, 30, 3, 30, 3, 10, 3, 10, 3, 30, 3, 10, 3, 10, 3, 10, 3, 10, 3, 30, 3, 10, 3]",15.335481481481468
"[10, 3, 10, 3, 10, 3, 10, 3, 30, 3, 30, 3, 10, 3, 10, 3, 30, 3, 10, 3, 10, 3, 10, 3, 10, 3, 30, 3, 10, 3]",15.213631578947416
"[10, 3, 10, 3, 10, 3, 10, 3, 30, 3, 30, 3, 10, 3, 10, 3, 30, 3, 10, 3, 10, 3, 10, 3, 10, 3, 30, 3, 10, 3]",15.083943469785583
"[10, 3, 10, 3, 10, 3, 10, 3, 30, 3, 30, 3, 10, 3, 10, 3, 30, 3, 10, 3, 10, 3, 10, 3, 10, 3, 30, 3, 10, 3]",14.621021442495142
"[10, 3, 10, 3, 10, 3, 10, 3, 30, 3, 30, 3, 10, 3, 10, 3, 30, 3, 10, 3, 10, 3, 10, 3, 10, 3, 30, 3, 10, 3]",13.70744834307988
"[10, 3, 10, 3, 10, 3, 10, 3, 30, 3, 30, 3, 10, 3, 10, 3, 30, 3, 10, 3, 10, 3, 10, 3, 10, 3, 30, 3, 10, 3]",14.461354775828477
"[10, 3, 10, 3, 10, 3, 10, 3, 30, 3, 30, 3, 10, 3, 10, 3, 30, 3, 10, 3, 10, 3, 10, 3, 10, 3, 30, 3, 10, 3]",13.866399610136462
"[10, 3, 10, 3, 10, 3, 10, 3, 30, 3, 30, 3, 10, 3, 10, 3, 30, 3, 10, 3, 10, 3, 10, 3, 10, 3, 30, 3, 10, 3]",15.112448343079944
"[10, 3, 10, 3, 10, 3, 10, 3, 30, 3, 30, 3, 10, 3, 10, 3, 30, 3, 10, 3, 10, 3, 10, 3, 10, 3, 30, 3, 10, 3]",14.3504834307992
"[10, 3, 10, 3, 10, 3, 10, 3, 30, 3, 30, 3, 10, 3, 10, 3, 30, 3, 10, 3, 10, 3, 10, 3, 10, 3, 30, 3, 10, 3]",15.833908382066276
"[10, 3, 10, 3, 10, 3, 10, 3, 30, 3, 30, 3, 10, 3, 10, 3, 30, 3, 10, 3, 10, 3, 10, 3, 10, 3, 30, 3, 10, 3]",14.394434697855699
"[10, 3, 10, 3, 10, 3, 10, 3, 30, 3, 30, 3, 10, 3, 10, 3, 30, 3, 10, 3, 10, 3, 10, 3, 10, 3, 30, 3, 10, 3]",14.466787524366456
"[10, 3, 10, 3, 10, 3, 10, 3, 30, 3, 30, 3, 10, 3, 10, 3, 30, 3, 10, 3, 10, 3, 10, 3, 10, 3, 30, 3, 10, 3]",15.653596491228095
"[10, 3, 10, 3, 10, 3, 10, 3, 30, 3, 30, 3, 10, 3, 10, 3, 30, 3, 10, 3, 10, 3, 10, 3, 10, 3, 30, 3, 10, 3]",15.2892709551657
"[10, 3, 10, 3, 10, 3, 10, 3, 30, 3, 30, 3, 10, 3, 10, 3, 30, 3, 10, 3, 10, 3, 10, 3, 10, 3, 30, 3, 10, 3]",15.62323196881093
"[10, 3, 10, 3, 10, 3, 10, 3, 30, 3, 30, 3, 10, 3, 10, 3, 30, 3, 10, 3, 10, 3, 10, 3, 10, 3, 30, 3, 10, 3]",14.563380116959062
"[10, 3, 10, 3, 10, 3, 10, 3, 30, 3, 30, 3, 10, 3, 10, 3, 30, 3, 10, 3, 10, 3, 10, 3, 10, 3, 30, 3, 10, 3]",14.600430799220273
"[10, 3, 10, 3, 10, 3, 10, 3, 30, 3, 30, 3, 10, 3, 10, 3, 30, 3, 10, 3, 10, 3, 10, 3, 10, 3, 30, 3, 10, 3]",14.285263157894745
"[10, 3, 10, 3, 10, 3, 10, 3, 30, 3, 30, 3, 10, 3, 10, 3, 30, 3, 10, 3, 10, 3, 10, 3, 10, 3, 30, 3, 10, 3]",15.234251461988274
"[10, 3, 10, 3, 10, 3, 10, 3, 30, 3, 30, 3, 10, 3, 10, 3, 30, 3, 10, 3, 10, 3, 10, 3, 10, 3, 30, 3, 10, 3]",15.106614035087741
"[10, 3, 10, 3, 10, 3, 10, 3, 30, 3, 30, 3, 10, 3, 10, 3, 30, 3, 10, 3, 10, 3, 10, 3, 10, 3, 30, 3, 10, 3]",13.837007797270969
"[10, 3, 10, 3, 10, 3, 10, 3, 30, 3, 30, 3, 10, 3, 10, 3, 30, 3, 10, 3, 10, 3, 10, 3, 10, 3, 30, 3, 10, 3]",13.844325536062357
"[10, 3, 10, 3, 10, 3, 10, 3, 30, 3, 30, 3, 10, 3, 10, 3, 30, 3, 10, 3, 10, 3, 10, 3, 10, 3, 30, 3, 10, 3]",15.759812865497054
"[10, 3, 10, 3, 10, 3, 10, 3, 30, 3, 30, 3, 10, 3, 10, 3, 30, 3, 10, 3, 10, 3, 10, 3, 10, 3, 30, 3, 10, 3]",15.697578947368424
"[10, 3, 10, 3, 10, 3, 10, 3, 30, 3, 30, 3, 10, 3, 10, 3, 30, 3, 10, 3, 10, 3, 10, 3, 10, 3, 30, 3, 10, 3]",15.349964912280711
"[10, 3, 10, 3, 10, 3, 10, 3, 30, 3, 30, 3, 10, 3, 10, 3, 30, 3, 10, 3, 10, 3, 10, 3, 10, 3, 30, 3, 10, 3]",14.002421052631561
"[10, 3, 10, 3, 10, 3, 10, 3, 30, 3, 30, 3, 10, 3, 10, 3, 30, 3, 10, 3, 10, 3, 10, 3, 10, 3, 30, 3, 10, 3]",14.623329434697851
"[10, 3, 10, 3, 10, 3, 10, 3, 30, 3, 30, 3, 10, 3, 10, 3, 30, 3, 10, 3, 10, 3, 10, 3, 10, 3, 30, 3, 10, 3]",15.812023391812883
"[10, 3, 10, 3, 10, 3, 10, 3, 30, 3, 30, 3, 10, 3, 10, 3, 30, 3, 10, 3, 10, 3, 10, 3, 10, 3, 30, 3, 10, 3]",14.992436647173506
"[10, 3, 10, 3, 10, 3, 10, 3, 30, 3, 30, 3, 10, 3, 10, 3, 30, 3, 10, 3, 10, 3, 10, 3, 10, 3, 30, 3, 10, 3]",14.783779727095535
"[10, 3, 10, 3, 10, 3, 10, 3, 30, 3, 30, 3, 10, 3, 10, 3, 30, 3, 10, 3, 10, 3, 10, 3, 10, 3, 30, 3, 10, 3]",15.747212475633514
"[10, 3, 10, 3, 10, 3, 10, 3, 30, 3, 30, 3, 10, 3, 10, 3, 30, 3, 10, 3, 10, 3, 10, 3, 10, 3, 30, 3, 10, 3]",15.291224171539934
"[10, 3, 10, 3, 10, 3, 10, 3, 30, 3, 30, 3, 10, 3, 10, 3, 30, 3, 10, 3, 10, 3, 10, 3, 10, 3, 30, 3, 10, 3]",15.011867446393726
"[10, 3, 10, 3, 10, 3, 10, 3, 30, 3, 30, 3, 10, 3, 10, 3, 30, 3, 10, 3, 10, 3, 10, 3, 10, 3, 30, 3, 10, 3]",14.126076023391834
"[10, 3, 10, 3, 10, 3, 10, 3, 30, 3, 30, 3, 10, 3, 10, 3, 30, 3, 10, 3, 10, 3, 10, 3, 10, 3, 30, 3, 10, 3]",15.386988304093576
"[10, 3, 10, 3, 10, 3, 10, 3, 30, 3, 30, 3, 10, 3, 10, 3, 30, 3, 10, 3, 10, 3, 10, 3, 10, 3, 30, 3, 10, 3]",16.751385964912277
"[10, 3, 10, 3, 10, 3, 10, 3, 30, 3, 30, 3, 10, 3, 10, 3, 30, 3, 10, 3, 10, 3, 10, 3, 10, 3, 30, 3, 10, 3]",13.622083820662741
"[10, 3, 10, 3, 10, 3, 10, 3, 30, 3, 30, 3, 10, 3, 10, 3, 30, 3, 10, 3, 10, 3, 10, 3, 10, 3, 30, 3, 10, 3]",15.68999220272911
"[10, 3, 10, 3, 10, 3, 10, 3, 30, 3, 30, 3, 10, 3, 10, 3, 30, 3, 10, 3, 10, 3, 10, 3, 10, 3, 30, 3, 10, 3]",14.538294346978548
"[10, 3, 10, 3, 10, 3, 10, 3, 30, 3, 30, 3, 10, 3, 10, 3, 30, 3, 10, 3, 10, 3, 10, 3, 10, 3, 30, 3, 10, 3]",13.142736842105249
"[10, 3, 10, 3, 10, 3, 10, 3, 30, 3, 30, 3, 10, 3, 10, 3, 30, 3, 10, 3, 10, 3, 10, 3, 10, 3, 30, 3, 10, 3]",14.044890838206634
"[10, 3, 10, 3, 10, 3, 10, 3, 30, 3, 30, 3, 10, 3, 10, 3, 30, 3, 10, 3, 10, 3, 10, 3, 10, 3, 30, 3, 10, 3]",14.508471734892805
"[10, 3, 10, 3, 10, 3, 10, 3, 30, 3, 30, 3, 10, 3, 10, 3, 30, 3, 10, 3, 10, 3, 10, 3, 10, 3, 30, 3, 10, 3]",15.079530214424912
"[10, 3, 10, 3, 10, 3, 10, 3, 30, 3, 30, 3, 10, 3, 10, 3, 30, 3, 10, 3, 10, 3, 10, 3, 10, 3, 30, 3, 10, 3]",15.384167641325533
"[10, 3, 10, 3, 10, 3, 10, 3, 30, 3, 30, 3, 10, 3, 10, 3, 30, 3, 10, 3, 10, 3, 10, 3, 10, 3, 30, 3, 10, 3]",14.738409356725146
"[10, 3, 10, 3, 10, 3, 10, 3, 30, 3, 30, 3, 10, 3, 10, 3, 30, 3, 10, 3, 10, 3, 10, 3, 10, 3, 30, 3, 10, 3]",15.030269005847947
"[10, 3, 10, 3, 10, 3, 10, 3, 30, 3, 30, 3, 10, 3, 10, 3, 30, 3, 10, 3, 10, 3, 10, 3, 10, 3, 30, 3, 10, 3]",14.634555555555526
"[10, 3, 10, 3, 10, 3, 10, 3, 30, 3, 30, 3, 10, 3, 10, 3, 30, 3, 10, 3, 10, 3, 10, 3, 10, 3, 30, 3, 10, 3]",12.371409356725119
"[10, 3, 10, 3, 10, 3, 10, 3, 30, 3, 30, 3, 10, 3, 10, 3, 30, 3, 10, 3, 10, 3, 10, 3, 10, 3, 30, 3, 10, 3]",12.970725146198848
"[10, 3, 10, 3, 10, 3, 10, 3, 30, 3, 30, 3, 10, 3, 10, 3, 30, 3, 10, 3, 10, 3, 10, 3, 10, 3, 30, 3, 10, 3]",14.849541910331364
"[10, 3, 10, 3, 10, 3, 10, 3, 30, 3, 30, 3, 10, 3, 10, 3, 30, 3, 10, 3, 10, 3, 10, 3, 10, 3, 30, 3, 10, 3]",13.789990253411316
"[10, 3, 10, 3, 10, 3, 10, 3, 30, 3, 30, 3, 10, 3, 10, 3, 30, 3, 10, 3, 10, 3, 10, 3, 10, 3, 30, 3, 10, 3]",13.787559454191062
"[10, 3, 10, 3, 10, 3, 10, 3, 30, 3, 30, 3, 10, 3, 10, 3, 30, 3, 10, 3, 10, 3, 10, 3, 10, 3, 30, 3, 10, 3]",14.958711500974694
"[10, 3, 10, 3, 10, 3, 10, 3, 30, 3, 30, 3, 10, 3, 10, 3, 30, 3, 10, 3, 10, 3, 10, 3, 10, 3, 30, 3, 10, 3]",13.338992202729008
"[10, 3, 10, 3, 10, 3, 10, 3, 30, 3, 30, 3, 10, 3, 10, 3, 30, 3, 10, 3, 10, 3, 10, 3, 10, 3, 30, 3, 10, 3]",15.563512670565302
"[10, 3, 10, 3, 10, 3, 10, 3, 30, 3, 30, 3, 10, 3, 10, 3, 30, 3, 10, 3, 10, 3, 10, 3, 10, 3, 30, 3, 10, 3]",13.786846003898637
"[10, 3, 10, 3, 10, 3, 10, 3, 30, 3, 30, 3, 10, 3, 10, 3, 30, 3, 10, 3, 10, 3, 10, 3, 10, 3, 30, 3, 10, 3]",15.95321832358675
"[10, 3, 10, 3, 10, 3, 10, 3, 30, 3, 30, 3, 10, 3, 10, 3, 30, 3, 10, 3, 10, 3, 10, 3, 10, 3, 30, 3, 10, 3]",14.94089668615985
"[10, 3, 10, 3, 10, 3, 10, 3, 30, 3, 30, 3, 10, 3, 10, 3, 30, 3, 10, 3, 10, 3, 10, 3, 10, 3, 30, 3, 10, 3]",14.836793372319676
"[10, 3, 10, 3, 10, 3, 10, 3, 30, 3, 30, 3, 10, 3, 10, 3, 30, 3, 10, 3, 10, 3, 10, 3, 10, 3, 30, 3, 10, 3]",15.395467836257325
"[10, 3, 10, 3, 10, 3, 10, 3, 30, 3, 30, 3, 10, 3, 10, 3, 30, 3, 10, 3, 10, 3, 10, 3, 10, 3, 30, 3, 10, 3]",13.902512670565288
"[10, 3, 10, 3, 10, 3, 10, 3, 30, 3, 30, 3, 10, 3, 10, 3, 30, 3, 10, 3, 10, 3, 10, 3, 10, 3, 30, 3, 10, 3]",15.22462768031188
"[10, 3, 10, 3, 10, 3, 10, 3, 30, 3, 30, 3, 10, 3, 10, 3, 30, 3, 10, 3, 10, 3, 10, 3, 10, 3, 30, 3, 10, 3]",14.632654970760223
"[10, 3, 10, 3, 10, 3, 10, 3, 30, 3, 30, 3, 10, 3, 10, 3, 30, 3, 10, 3, 10, 3, 10, 3, 10, 3, 30, 3, 10, 3]",16.186764132553623
"[10, 3, 10, 3, 10, 3, 10, 3, 30, 3, 30, 3, 10, 3, 10, 3, 30, 3, 10, 3, 10, 3, 10, 3, 10, 3, 30, 3, 10, 3]",14.657922027290413
"[10, 3, 10, 3, 10, 3, 10, 3, 30, 3, 30, 3, 10, 3, 10, 3, 30, 3, 10, 3, 10, 3, 10, 3, 10, 3, 30, 3, 10, 3]",13.805658869395717
"[10, 3, 10, 3, 10, 3, 10, 3, 30, 3, 30, 3, 10, 3, 10, 3, 30, 3, 10, 3, 10, 3, 10, 3, 10, 3, 30, 3, 10, 3]",13.67676608187137
"[10, 3, 10, 3, 10, 3, 10, 3, 30, 3, 30, 3, 10, 3, 10, 3, 30, 3, 10, 3, 10, 3, 10, 3, 10, 3, 30, 3, 10, 3]",14.850900584795328
"[10, 3, 10, 3, 10, 3, 10, 3, 30, 3, 30, 3, 10, 3, 10, 3, 30, 3, 10, 3, 10, 3, 10, 3, 10, 3, 30, 3, 10, 3]",14.676300194931752
"[10, 3, 10, 3, 10, 3, 10, 3, 30, 3, 30, 3, 10, 3, 10, 3, 30, 3, 10, 3, 10, 3, 10, 3, 10, 3, 30, 3, 10, 3]",15.669037037037
"[10, 3, 10, 3, 10, 3, 10, 3, 30, 3, 30, 3, 10, 3, 10, 3, 30, 3, 10, 3, 10, 3, 10, 3, 10, 3, 30, 3, 10, 3]",14.071576998050677
"[10, 3, 10, 3, 10, 3, 10, 3, 30, 3, 30, 3, 10, 3, 10, 3, 30, 3, 10, 3, 10, 3, 10, 3, 10, 3, 30, 3, 10, 3]",14.19850097465888
"[10, 3, 10, 3, 10, 3, 10, 3, 30, 3, 30, 3, 10, 3, 10, 3, 30, 3, 10, 3, 10, 3, 10, 3, 10, 3, 30, 3, 10, 3]",15.554317738791447
"[10, 3, 10, 3, 10, 3, 10, 3, 30, 3, 30, 3, 10, 3, 10, 3, 30, 3, 10, 3, 10, 3, 10, 3, 10, 3, 30, 3, 10, 3]",14.399013645224185
"[10, 3, 10, 3, 10, 3, 10, 3, 30, 3, 30, 3, 10, 3, 10, 3, 30, 3, 10, 3, 10, 3, 10, 3, 10, 3, 30, 3, 10, 3]",14.74615204678362
"[10, 3, 10, 3, 10, 3, 10, 3, 30, 3, 30, 3, 10, 3, 10, 3, 30, 3, 10, 3, 10, 3, 10, 3, 10, 3, 30, 3, 10, 3]",14.859545808966894
"[10, 3, 10, 3, 10, 3, 10, 3, 30, 3, 30, 3, 10, 3, 10, 3, 30, 3, 10, 3, 10, 3, 10, 3, 10, 3, 30, 3, 10, 3]",15.413750487329393
"[10, 3, 10, 3, 10, 3, 10, 3, 30, 3, 30, 3, 10, 3, 10, 3, 30, 3, 10, 3, 10, 3, 10, 3, 10, 3, 30, 3, 10, 3]",13.681994152046803
"[10, 3, 10, 3, 10, 3, 10, 3, 30, 3, 30, 3, 10, 3, 10, 3, 30, 3, 10, 3, 10, 3, 10, 3, 10, 3, 30, 3, 10, 3]",15.336978557504846
"[10, 3, 10, 3, 10, 3, 10, 3, 30, 3, 30, 3, 10, 3, 10, 3, 30, 3, 10, 3, 10, 3, 10, 3, 10, 3, 30, 3, 10, 3]",14.178003898635467
"[10, 3, 10, 3, 10, 3, 10, 3, 30, 3, 30, 3, 10, 3, 10, 3, 30, 3, 10, 3, 10, 3, 10, 3, 10, 3, 30, 3, 10, 3]",12.678867446393763
"[10, 3, 10, 3, 10, 3, 10, 3, 30, 3, 30, 3, 10, 3, 10, 3, 30, 3, 10, 3, 10, 3, 10, 3, 10, 3, 30, 3, 10, 3]",15.40763352826513
"[10, 3, 10, 3, 10, 3, 10, 3, 30, 3, 30, 3, 10, 3, 10, 3, 30, 3, 10, 3, 10, 3, 10, 3, 10, 3, 30, 3, 10, 3]",14.861789473684219
"[10, 3, 10, 3, 10, 3, 10, 3, 30, 3, 30, 3, 10, 3, 10, 3, 30, 3, 10, 3, 10, 3, 10, 3, 10, 3, 30, 3, 10, 3]",14.7626920077973
"[10, 3, 10, 3, 10, 3, 10, 3, 30, 3, 30, 3, 10, 3, 10, 3, 30, 3, 10, 3, 10, 3, 10, 3, 10, 3, 30, 3, 10, 3]",13.912475633528299
"[10, 3, 10, 3, 10, 3, 10, 3, 30, 3, 30, 3, 10, 3, 10, 3, 30, 3, 10, 3, 10, 3, 10, 3, 10, 3, 30, 3, 10, 3]",16.761189083820685
"[10, 3, 10, 3, 10, 3, 10, 3, 30, 3, 30, 3, 10, 3, 10, 3, 30, 3, 10, 3, 10, 3, 10, 3, 10, 3, 30, 3, 10, 3]",15.197089668615986
"[10, 3, 10, 3, 10, 3, 10, 3, 30, 3, 30, 3, 10, 3, 10, 3, 30, 3, 10, 3, 10, 3, 10, 3, 10, 3, 30, 3, 10, 3]",13.638040935672494
"[10, 3, 10, 3, 10, 3, 10, 3, 30, 3, 30, 3, 10, 3, 10, 3, 30, 3, 10, 3, 10, 3, 10, 3, 10, 3, 30, 3, 10, 3]",15.04535867446391
"[10, 3, 10, 3, 10, 3, 10, 3, 30, 3, 30, 3, 10, 3, 10, 3, 30, 3, 10, 3, 10, 3, 10, 3, 10, 3, 30, 3, 10, 3]",14.48082846003897
"[10, 3, 10, 3, 10, 3, 10, 3, 30, 3, 30, 3, 10, 3, 10, 3, 30, 3, 10, 3, 10, 3, 10, 3, 10, 3, 30, 3, 10, 3]",15.46959844054583
"[10, 3, 10, 3, 10, 3, 10, 3, 30, 3, 30, 3, 10, 3, 10, 3, 30, 3, 10, 3, 10, 3, 10, 3, 10, 3, 30, 3, 10, 3]",14.87067836257314
"[10, 3, 10, 3, 10, 3, 10, 3, 30, 3, 30, 3, 10, 3, 10, 3, 30, 3, 10, 3, 10, 3, 10, 3, 10, 3, 30, 3, 10, 3]",15.614481481481464
"[10, 3, 10, 3, 10, 3, 10, 3, 30, 3, 30, 3, 10, 3, 10, 3, 30, 3, 10, 3, 10, 3, 10, 3, 10, 3, 30, 3, 10, 3]",15.781444444444464
"[10, 3, 10, 3, 10, 3, 10, 3, 30, 3, 30, 3, 10, 3, 10, 3, 30, 3, 10, 3, 10, 3, 10, 3, 10, 3, 30, 3, 10, 3]",15.11121832358676
"[10, 3, 10, 3, 10, 3, 10, 3, 30, 3, 30, 3, 10, 3, 10, 3, 30, 3, 10, 3, 10, 3, 10, 3, 10, 3, 30, 3, 10, 3]",11.7195925925926
"[10, 3, 10, 3, 10, 3, 10, 3, 30, 3, 30, 3, 10, 3, 10, 3, 30, 3, 10, 3, 10, 3, 10, 3, 10, 3, 30, 3, 10, 3]",15.832185185185175
"[10, 3, 10, 3, 10, 3, 10, 3, 30, 3, 30, 3, 10, 3, 10, 3, 30, 3, 10, 3, 10, 3, 10, 3, 10, 3, 30, 3, 10, 3]",14.937853801169588
"[10, 3, 10, 3, 10, 3, 10, 3, 30, 3, 30, 3, 10, 3, 10, 3, 30, 3, 10, 3, 10, 3, 10, 3, 10, 3, 30, 3, 10, 3]",15.903343079922053
"[10, 3, 10, 3, 10, 3, 10, 3, 30, 3, 30, 3, 10, 3, 10, 3, 30, 3, 10, 3, 10, 3, 10, 3, 10, 3, 30, 3, 10, 3]",14.382282651072146
"[10, 3, 10, 3, 10, 3, 10, 3, 30, 3, 30, 3, 10, 3, 10, 3, 30, 3, 10, 3, 10, 3, 10, 3, 10, 3, 30, 3, 10, 3]",14.747883040935648
"[10, 3, 10, 3, 10, 3, 10, 3, 30, 3, 30, 3, 10, 3, 10, 3, 30, 3, 10, 3, 10, 3, 10, 3, 10, 3, 30, 3, 10, 3]",15.090456140350875
"[10, 3, 10, 3, 10, 3, 10, 3, 30, 3, 30, 3, 10, 3, 10, 3, 30, 3, 10, 3, 10, 3, 10, 3, 10, 3, 30, 3, 10, 3]",15.221873294346983
"[10, 3, 10, 3, 10, 3, 10, 3, 30, 3, 30, 3, 10, 3, 10, 3, 30, 3, 10, 3, 10, 3, 10, 3, 10, 3, 30, 3, 10, 3]",14.024732943469752
"[10, 3, 10, 3, 10, 3, 10, 3, 30, 3, 30, 3, 10, 3, 10, 3, 30, 3, 10, 3, 10, 3, 10, 3, 10, 3, 30, 3, 10, 3]",14.962824561403522
"[10, 3, 10, 3, 10, 3, 10, 3, 30, 3, 30, 3, 10, 3, 10, 3, 30, 3, 10, 3, 10, 3, 10, 3, 10, 3, 30, 3, 10, 3]",15.587300194931759
"[10, 3, 10, 3, 10, 3, 10, 3, 30, 3, 30, 3, 10, 3, 10, 3, 30, 3, 10, 3, 10, 3, 10, 3, 10, 3, 30, 3, 10, 3]",15.038692007797284
"[10, 3, 10, 3, 10, 3, 10, 3, 30, 3, 30, 3, 10, 3, 10, 3, 30, 3, 10, 3, 10, 3, 10, 3, 10, 3, 30, 3, 10, 3]",15.993847953216406
"[10, 3, 10, 3, 10, 3, 10, 3, 30, 3, 30, 3, 10, 3, 10, 3, 30, 3, 10, 3, 10, 3, 10, 3, 10, 3, 30, 3, 10, 3]",14.301707602339166
"[10, 3, 10, 3, 10, 3, 10, 3, 30, 3, 30, 3, 10, 3, 10, 3, 30, 3, 10, 3, 10, 3, 10, 3, 10, 3, 30, 3, 10, 3]",15.994707602339188
"[10, 3, 10, 3, 10, 3, 10, 3, 30, 3, 30, 3, 10, 3, 10, 3, 30, 3, 10, 3, 10, 3, 10, 3, 10, 3, 30, 3, 10, 3]",15.028325536062377
"[10, 3, 10, 3, 10, 3, 10, 3, 30, 3, 30, 3, 10, 3, 10, 3, 30, 3, 10, 3, 10, 3, 10, 3, 10, 3, 30, 3, 10, 3]",15.256259259259265
"[10, 3, 10, 3, 10, 3, 10, 3, 30, 3, 30, 3, 10, 3, 10, 3, 30, 3, 10, 3, 10, 3, 10, 3, 10, 3, 30, 3, 10, 3]",14.924354775828467
"[10, 3, 10, 3, 10, 3, 10, 3, 30, 3, 30, 3, 10, 3, 10, 3, 30, 3, 10, 3, 10, 3, 10, 3, 10, 3, 30, 3, 10, 3]",14.569768031189067
"[10, 3, 10, 3, 10, 3, 10, 3, 30, 3, 30, 3, 10, 3, 10, 3, 30, 3, 10, 3, 10, 3, 10, 3, 10, 3, 30, 3, 10, 3]",14.011769980506838
"[10, 3, 10, 3, 10, 3, 10, 3, 30, 3, 30, 3, 10, 3, 10, 3, 30, 3, 10, 3, 10, 3, 10, 3, 10, 3, 30, 3, 10, 3]",13.99977387914229
"[10, 3, 10, 3, 10, 3, 10, 3, 30, 3, 30, 3, 10, 3, 10, 3, 30, 3, 10, 3, 10, 3, 10, 3, 10, 3, 30, 3, 10, 3]",15.408140350877192
"[10, 3, 10, 3, 10, 3, 10, 3, 30, 3, 30, 3, 10, 3, 10, 3, 30, 3, 10, 3, 10, 3, 10, 3, 10, 3, 30, 3, 10, 3]",15.075678362573138
"[10, 3, 10, 3, 10, 3, 10, 3, 30, 3, 30, 3, 10, 3, 10, 3, 30, 3, 10, 3, 10, 3, 10, 3, 10, 3, 30, 3, 10, 3]",15.187062378167626
"[10, 3, 10, 3, 10, 3, 10, 3, 30, 3, 30, 3, 10, 3, 10, 3, 30, 3, 10, 3, 10, 3, 10, 3, 10, 3, 30, 3, 10, 3]",14.09795906432749
"[10, 3, 10, 3, 10, 3, 10, 3, 30, 3, 30, 3, 10, 3, 10, 3, 30, 3, 10, 3, 10, 3, 10, 3, 10, 3, 30, 3, 10, 3]",15.27298050682264
"[10, 3, 10, 3, 10, 3, 10, 3, 30, 3, 30, 3, 10, 3, 10, 3, 30, 3, 10, 3, 10, 3, 10, 3, 10, 3, 30, 3, 10, 3]",14.20167446393759
"[10, 3, 10, 3, 10, 3, 10, 3, 30, 3, 30, 3, 10, 3, 10, 3, 30, 3, 10, 3, 10, 3, 10, 3, 10, 3, 30, 3, 10, 3]",13.642155945419097
"[10, 3, 10, 3, 10, 3, 10, 3, 30, 3, 30, 3, 10, 3, 10, 3, 30, 3, 10, 3, 10, 3, 10, 3, 10, 3, 30, 3, 10, 3]",14.22150682261209
"[10, 3, 10, 3, 10, 3, 10, 3, 30, 3, 30, 3, 10, 3, 10, 3, 30, 3, 10, 3, 10, 3, 10, 3, 10, 3, 30, 3, 10, 3]",15.317779727095527
"[10, 3, 10, 3, 10, 3, 10, 3, 30, 3, 30, 3, 10, 3, 10, 3, 30, 3, 10, 3, 10, 3, 10, 3, 10, 3, 30, 3, 10, 3]",14.783631578947325
"[10, 3, 10, 3, 10, 3, 10, 3, 30, 3, 30, 3, 10, 3, 10, 3, 30, 3, 10, 3, 10, 3, 10, 3, 10, 3, 30, 3, 10, 3]",14.062619883040911
"[10, 3, 10, 3, 10, 3, 10, 3, 30, 3, 30, 3, 10, 3, 10, 3, 30, 3, 10, 3, 10, 3, 10, 3, 10, 3, 30, 3, 10, 3]",16.309434697855757
"[10, 3, 10, 3, 10, 3, 10, 3, 30, 3, 30, 3, 10, 3, 10, 3, 30, 3, 10, 3, 10, 3, 10, 3, 10, 3, 30, 3, 10, 3]",14.854532163742666
"[10, 3, 10, 3, 10, 3, 10, 3, 30, 3, 30, 3, 10, 3, 10, 3, 30, 3, 10, 3, 10, 3, 10, 3, 10, 3, 30, 3, 10, 3]",14.952810916179331
"[10, 3, 10, 3, 10, 3, 10, 3, 30, 3, 30, 3, 10, 3, 10, 3, 30, 3, 10, 3, 10, 3, 10, 3, 10, 3, 30, 3, 10, 3]",14.716091617933712
"[10, 3, 10, 3, 10, 3, 10, 3, 30, 3, 30, 3, 10, 3, 10, 3, 30, 3, 10, 3, 10, 3, 10, 3, 10, 3, 30, 3, 10, 3]",14.048972709551684
"[10, 3, 10, 3, 10, 3, 10, 3, 30, 3, 30, 3, 10, 3, 10, 3, 30, 3, 10, 3, 10, 3, 10, 3, 10, 3, 30, 3, 10, 3]",13.671405458089655
"[10, 3, 10, 3, 10, 3, 10, 3, 30, 3, 30, 3, 10, 3, 10, 3, 30, 3, 10, 3, 10, 3, 10, 3, 10, 3, 30, 3, 10, 3]",14.850181286549704
"[10, 3, 10, 3, 10, 3, 10, 3, 30, 3, 30, 3, 10, 3, 10, 3, 30, 3, 10, 3, 10, 3, 10, 3, 10, 3, 30, 3, 10, 3]",16.199442495126693
"[10, 3, 10, 3, 10, 3, 10, 3, 30, 3, 30, 3, 10, 3, 10, 3, 30, 3, 10, 3, 10, 3, 10, 3, 10, 3, 30, 3, 10, 3]",15.34162378167643
"[10, 3, 10, 3, 10, 3, 10, 3, 30, 3, 30, 3, 10, 3, 10, 3, 30, 3, 10, 3, 10, 3, 10, 3, 10, 3, 30, 3, 10, 3]",14.942608187134567
"[10, 3, 10, 3, 10, 3, 10, 3, 30, 3, 30, 3, 10, 3, 10, 3, 30, 3, 10, 3, 10, 3, 10, 3, 10, 3, 30, 3, 10, 3]",14.47699805068226
"[10, 3, 10, 3, 10, 3, 10, 3, 30, 3, 30, 3, 10, 3, 10, 3, 30, 3, 10, 3, 10, 3, 10, 3, 10, 3, 30, 3, 10, 3]",13.851678362573097
"[10, 3, 10, 3, 10, 3, 10, 3, 30, 3, 30, 3, 10, 3, 10, 3, 30, 3, 10, 3, 10, 3, 10, 3, 10, 3, 30, 3, 10, 3]",15.858619883040939
"[10, 3, 10, 3, 10, 3, 10, 3, 30, 3, 30, 3, 10, 3, 10, 3, 30, 3, 10, 3, 10, 3, 10, 3, 10, 3, 30, 3, 10, 3]",15.045541910331373
"[10, 3, 10, 3, 10, 3, 10, 3, 30, 3, 30, 3, 10, 3, 10, 3, 30, 3, 10, 3, 10, 3, 10, 3, 10, 3, 30, 3, 10, 3]",14.078235867446423
"[10, 3, 10, 3, 10, 3, 10, 3, 30, 3, 30, 3, 10, 3, 10, 3, 30, 3, 10, 3, 10, 3, 10, 3, 10, 3, 30, 3, 10, 3]",13.750286549707592
"[10, 3, 10, 3, 10, 3, 10, 3, 30, 3, 30, 3, 10, 3, 10, 3, 30, 3, 10, 3, 10, 3, 10, 3, 10, 3, 30, 3, 10, 3]",14.553703703703679
"[10, 3, 10, 3, 10, 3, 10, 3, 30, 3, 30, 3, 10, 3, 10, 3, 30, 3, 10, 3, 10, 3, 10, 3, 10, 3, 30, 3, 10, 3]",16.00314035087719
"[10, 3, 10, 3, 10, 3, 10, 3, 30, 3, 30, 3, 10, 3, 10, 3, 30, 3, 10, 3, 10, 3, 10, 3, 10, 3, 30, 3, 10, 3]",15.39231578947373
"[10, 3, 10, 3, 10, 3, 10, 3, 30, 3, 30, 3, 10, 3, 10, 3, 30, 3, 10, 3, 10, 3, 10, 3, 10, 3, 30, 3, 10, 3]",15.332894736842134
"[10, 3, 10, 3, 10, 3, 10, 3, 30, 3, 30, 3, 10, 3, 10, 3, 30, 3, 10, 3, 10, 3, 10, 3, 10, 3, 30, 3, 10, 3]",15.0140662768031
"[10, 3, 10, 3, 10, 3, 10, 3, 30, 3, 30, 3, 10, 3, 10, 3, 30, 3, 10, 3, 10, 3, 10, 3, 10, 3, 30, 3, 10, 3]",16.101442495126733
"[10, 3, 10, 3, 10, 3, 10, 3, 30, 3, 30, 3, 10, 3, 10, 3, 30, 3, 10, 3, 10, 3, 10, 3, 10, 3, 30, 3, 10, 3]",15.858779727095559
"[10, 3, 10, 3, 10, 3, 10, 3, 30, 3, 30, 3, 10, 3, 10, 3, 30, 3, 10, 3, 10, 3, 10, 3, 10, 3, 30, 3, 10, 3]",13.718300194931736
"[10, 3, 10, 3, 10, 3, 10, 3, 30, 3, 30, 3, 10, 3, 10, 3, 30, 3, 10, 3, 10, 3, 10, 3, 10, 3, 30, 3, 10, 3]",15.043502923976648
"[10, 3, 10, 3, 10, 3, 10, 3, 30, 3, 30, 3, 10, 3, 10, 3, 30, 3, 10, 3, 10, 3, 10, 3, 10, 3, 30, 3, 10, 3]",15.402062378167596
"[10, 3, 10, 3, 10, 3, 10, 3, 30, 3, 30, 3, 10, 3, 10, 3, 30, 3, 10, 3, 10, 3, 10, 3, 10, 3, 30, 3, 10, 3]",14.268243664717332
"[10, 3, 10, 3, 10, 3, 10, 3, 30, 3, 30, 3, 10, 3, 10, 3, 30, 3, 10, 3, 10, 3, 10, 3, 10, 3, 30, 3, 10, 3]",14.936538011695921
"[10, 3, 10, 3, 10, 3, 10, 3, 30, 3, 30, 3, 10, 3, 10, 3, 30, 3, 10, 3, 10, 3, 10, 3, 10, 3, 30, 3, 10, 3]",14.15060038986355
"[10, 3, 10, 3, 10, 3, 10, 3, 30, 3, 30, 3, 10, 3, 10, 3, 30, 3, 10, 3, 10, 3, 10, 3, 10, 3, 30, 3, 10, 3]",13.462487329434689
"[10, 3, 10, 3, 10, 3, 10, 3, 30, 3, 30, 3, 10, 3, 10, 3, 30, 3, 10, 3, 10, 3, 10, 3, 10, 3, 30, 3, 10, 3]",14.57885964912283
"[10, 3, 10, 3, 10, 3, 10, 3, 30, 3, 30, 3, 10, 3, 10, 3, 30, 3, 10, 3, 10, 3, 10, 3, 10, 3, 30, 3, 10, 3]",14.765335282651082
"[10, 3, 10, 3, 10, 3, 10, 3, 30, 3, 30, 3, 10, 3, 10, 3, 30, 3, 10, 3, 10, 3, 10, 3, 10, 3, 30, 3, 10, 3]",16.122218323586775
"[10, 3, 10, 3, 10, 3, 10, 3, 30, 3, 30, 3, 10, 3, 10, 3, 30, 3, 10, 3, 10, 3, 10, 3, 10, 3, 30, 3, 10, 3]",15.132695906432774
"[10, 3, 10, 3, 10, 3, 10, 3, 30, 3, 30, 3, 10, 3, 10, 3, 30, 3, 10, 3, 10, 3, 10, 3, 10, 3, 30, 3, 10, 3]",15.28046978557509
"[10, 3, 10, 3, 10, 3, 10, 3, 30, 3, 30, 3, 10, 3, 10, 3, 30, 3, 10, 3, 10, 3, 10, 3, 10, 3, 30, 3, 10, 3]",13.311803118908383
"[10, 3, 10, 3, 10, 3, 10, 3, 30, 3, 30, 3, 10, 3, 10, 3, 30, 3, 10, 3, 10, 3, 10, 3, 10, 3, 30, 3, 10, 3]",13.75622807017545
"[10, 3, 10, 3, 10, 3, 10, 3, 30, 3, 30, 3, 10, 3, 10, 3, 30, 3, 10, 3, 10, 3, 10, 3, 10, 3, 30, 3, 10, 3]",14.665684210526306
"[10, 3, 10, 3, 10, 3, 10, 3, 30, 3, 30, 3, 10, 3, 10, 3, 30, 3, 10, 3, 10, 3, 10, 3, 10, 3, 30, 3, 10, 3]",15.449362573099412
"[10, 3, 10, 3, 10, 3, 10, 3, 30, 3, 30, 3, 10, 3, 10, 3, 30, 3, 10, 3, 10, 3, 10, 3, 10, 3, 30, 3, 10, 3]",12.833286549707598
"[10, 3, 10, 3, 10, 3, 10, 3, 30, 3, 30, 3, 10, 3, 10, 3, 30, 3, 10, 3, 10, 3, 10, 3, 10, 3, 30, 3, 10, 3]",14.9812787524367
"[10, 3, 10, 3, 10, 3, 10, 3, 30, 3, 30, 3, 10, 3, 10, 3, 30, 3, 10, 3, 10, 3, 10, 3, 10, 3, 30, 3, 10, 3]",13.612614035087736
"[10, 3, 10, 3, 10, 3, 10, 3, 30, 3, 30, 3, 10, 3, 10, 3, 30, 3, 10, 3, 10, 3, 10, 3, 10, 3, 30, 3, 10, 3]",16.269054580896682
"[10, 3, 10, 3, 10, 3, 10, 3, 30, 3, 30, 3, 10, 3, 10, 3, 30, 3, 10, 3, 10, 3, 10, 3, 10, 3, 30, 3, 10, 3]",14.775502923976626
"[10, 3, 10, 3, 10, 3, 10, 3, 30, 3, 30, 3, 10, 3, 10, 3, 30, 3, 10, 3, 10, 3, 10, 3, 10, 3, 30, 3, 10, 3]",16.625730994152054
"[10, 3, 10, 3, 10, 3, 10, 3, 30, 3, 30, 3, 10, 3, 10, 3, 30, 3, 10, 3, 10, 3, 10, 3, 10, 3, 30, 3, 10, 3]",14.570064327485355
"[10, 3, 10, 3, 10, 3, 10, 3, 30, 3, 30, 3, 10, 3, 10, 3, 30, 3, 10, 3, 10, 3, 10, 3, 10, 3, 30, 3, 10, 3]",15.354477582845993
"[10, 3, 10, 3, 10, 3, 10, 3, 30, 3, 30, 3, 10, 3, 10, 3, 30, 3, 10, 3, 10, 3, 10, 3, 10, 3, 30, 3, 10, 3]",15.257163742690071
"[10, 3, 10, 3, 10, 3, 10, 3, 30, 3, 30, 3, 10, 3, 10, 3, 30, 3, 10, 3, 10, 3, 10, 3, 10, 3, 30, 3, 10, 3]",16.020272904483424
"[10, 3, 10, 3, 10, 3, 10, 3, 30, 3, 30, 3, 10, 3, 10, 3, 30, 3, 10, 3, 10, 3, 10, 3, 10, 3, 30, 3, 10, 3]",15.78265497076022
"[10, 3, 10, 3, 10, 3, 10, 3, 30, 3, 30, 3, 10, 3, 10, 3, 30, 3, 10, 3, 10, 3, 10, 3, 10, 3, 30, 3, 10, 3]",14.699604288499037
"[10, 3, 10, 3, 10, 3, 10, 3, 30, 3, 30, 3, 10, 3, 10, 3, 30, 3, 10, 3, 10, 3, 10, 3, 10, 3, 30, 3, 10, 3]",14.555536062378193
"[10, 3, 10, 3, 10, 3, 10, 3, 30, 3, 30, 3, 10, 3, 10, 3, 30, 3, 10, 3, 10, 3, 10, 3, 10, 3, 30, 3, 10, 3]",14.254504873294355
"[10, 3, 10, 3, 10, 3, 10, 3, 30, 3, 30, 3, 10, 3, 10, 3, 30, 3, 10, 3, 10, 3, 10, 3, 10, 3, 30, 3, 10, 3]",15.418842105263144
"[10, 3, 10, 3, 10, 3, 10, 3, 30, 3, 30, 3, 10, 3, 10, 3, 30, 3, 10, 3, 10, 3, 10, 3, 10, 3, 30, 3, 10, 3]",15.792998050682254
"[10, 3, 10, 3, 10, 3, 10, 3, 30, 3, 30, 3, 10, 3, 10, 3, 30, 3, 10, 3, 10, 3, 10, 3, 10, 3, 30, 3, 10, 3]",14.5221559454191
"[10, 3, 10, 3, 10, 3, 10, 3, 30, 3, 30, 3, 10, 3, 10, 3, 30, 3, 10, 3, 10, 3, 10, 3, 10, 3, 30, 3, 10, 3]",14.748070175438578
"[10, 3, 10, 3, 10, 3, 10, 3, 30, 3, 30, 3, 10, 3, 10, 3, 30, 3, 10, 3, 10, 3, 10, 3, 10, 3, 30, 3, 10, 3]",14.375085769980512
"[10, 3, 10, 3, 10, 3, 10, 3, 30, 3, 30, 3, 10, 3, 10, 3, 30, 3, 10, 3, 10, 3, 10, 3, 10, 3, 30, 3, 10, 3]",15.155896686159826
"[10, 3, 10, 3, 10, 3, 10, 3, 30, 3, 30, 3, 10, 3, 10, 3, 30, 3, 10, 3, 10, 3, 10, 3, 10, 3, 30, 3, 10, 3]",14.593247563352856
"[10, 3, 10, 3, 10, 3, 10, 3, 30, 3, 30, 3, 10, 3, 10, 3, 30, 3, 10, 3, 10, 3, 10, 3, 10, 3, 30, 3, 10, 3]",13.950461988304104
"[10, 3, 10, 3, 10, 3, 10, 3, 30, 3, 30, 3, 10, 3, 10, 3, 30, 3, 10, 3, 10, 3, 10, 3, 10, 3, 30, 3, 10, 3]",15.453499025341092
"[10, 3, 10, 3, 10, 3, 10, 3, 30, 3, 30, 3, 10, 3, 10, 3, 30, 3, 10, 3, 10, 3, 10, 3, 10, 3, 30, 3, 10, 3]",14.921042884990268
"[10, 3, 10, 3, 10, 3, 10, 3, 30, 3, 30, 3, 10, 3, 10, 3, 30, 3, 10, 3, 10, 3, 10, 3, 10, 3, 30, 3, 10, 3]",14.470013645224151
"[10, 3, 10, 3, 10, 3, 10, 3, 30, 3, 30, 3, 10, 3, 10, 3, 30, 3, 10, 3, 10, 3, 10, 3, 10, 3, 30, 3, 10, 3]",14.56547953216376
"[10, 3, 10, 3, 10, 3, 10, 3, 30, 3, 30, 3, 10, 3, 10, 3, 30, 3, 10, 3, 10, 3, 10, 3, 10, 3, 30, 3, 10, 3]",15.017929824561381
"[10, 3, 10, 3, 10, 3, 10, 3, 30, 3, 30, 3, 10, 3, 10, 3, 30, 3, 10, 3, 10, 3, 10, 3, 10, 3, 30, 3, 10, 3]",16.68292202729046
"[10, 3, 10, 3, 10, 3, 10, 3, 30, 3, 30, 3, 10, 3, 10, 3, 30, 3, 10, 3, 10, 3, 10, 3, 10, 3, 30, 3, 10, 3]",15.837822612085777
"[10, 3, 10, 3, 10, 3, 10, 3, 30, 3, 30, 3, 10, 3, 10, 3, 30, 3, 10, 3, 10, 3, 10, 3, 10, 3, 30, 3, 10, 3]",14.423875243664687
"[10, 3, 10, 3, 10, 3, 10, 3, 30, 3, 30, 3, 10, 3, 10, 3, 30, 3, 10, 3, 10, 3, 10, 3, 10, 3, 30, 3, 10, 3]",15.091732943469747
"[10, 3, 10, 3, 10, 3, 10, 3, 30, 3, 30, 3, 10, 3, 10, 3, 30, 3, 10, 3, 10, 3, 10, 3, 10, 3, 30, 3, 10, 3]",14.574840155945422
"[10, 3, 10, 3, 10, 3, 10, 3, 30, 3, 30, 3, 10, 3, 10, 3, 30, 3, 10, 3, 10, 3, 10, 3, 10, 3, 30, 3, 10, 3]",14.32811890838209
"[10, 3, 10, 3, 10, 3, 10, 3, 30, 3, 30, 3, 10, 3, 10, 3, 30, 3, 10, 3, 10, 3, 10, 3, 10, 3, 30, 3, 10, 3]",15.922750487329434
"[10, 3, 10, 3, 10, 3, 10, 3, 30, 3, 30, 3, 10, 3, 10, 3, 30, 3, 10, 3, 10, 3, 10, 3, 10, 3, 30, 3, 10, 3]",14.936793372319723
"[10, 3, 10, 3, 10, 3, 10, 3, 30, 3, 30, 3, 10, 3, 10, 3, 30, 3, 10, 3, 10, 3, 10, 3, 10, 3, 30, 3, 10, 3]",14.144826510721245
"[10, 3, 10, 3, 10, 3, 10, 3, 30, 3, 30, 3, 10, 3, 10, 3, 30, 3, 10, 3, 10, 3, 10, 3, 10, 3, 30, 3, 10, 3]",14.319974658869372
"[10, 3, 10, 3, 10, 3, 10, 3, 30, 3, 30, 3, 10, 3, 10, 3, 30, 3, 10, 3, 10, 3, 10, 3, 10, 3, 30, 3, 10, 3]",13.748382066276822
"[10, 3, 10, 3, 10, 3, 10, 3, 30, 3, 30, 3, 10, 3, 10, 3, 30, 3, 10, 3, 10, 3, 10, 3, 10, 3, 30, 3, 10, 3]",16.41377777777779
"[10, 3, 10, 3, 10, 3, 10, 3, 30, 3, 30, 3, 10, 3, 10, 3, 30, 3, 10, 3, 10, 3, 10, 3, 10, 3, 30, 3, 10, 3]",14.715549707602321
"[10, 3, 10, 3, 10, 3, 10, 3, 30, 3, 30, 3, 10, 3, 10, 3, 30, 3, 10, 3, 10, 3, 10, 3, 10, 3, 30, 3, 10, 3]",15.051549707602389
"[10, 3, 10, 3, 10, 3, 10, 3, 30, 3, 30, 3, 10, 3, 10, 3, 30, 3, 10, 3, 10, 3, 10, 3, 10, 3, 30, 3, 10, 3]",16.58784600389865
"[10, 3, 10, 3, 10, 3, 10, 3, 30, 3, 30, 3, 10, 3, 10, 3, 30, 3, 10, 3, 10, 3, 10, 3, 10, 3, 30, 3, 10, 3]",15.168769980506822
"[10, 3, 10, 3, 10, 3, 10, 3, 30, 3, 30, 3, 10, 3, 10, 3, 30, 3, 10, 3, 10, 3, 10, 3, 10, 3, 30, 3, 10, 3]",13.601463937621828
"[10, 3, 10, 3, 10, 3, 10, 3, 30, 3, 30, 3, 10, 3, 10, 3, 30, 3, 10, 3, 10, 3, 10, 3, 10, 3, 30, 3, 10, 3]",14.066734892787528
"[10, 3, 10, 3, 10, 3, 10, 3, 30, 3, 30, 3, 10, 3, 10, 3, 30, 3, 10, 3, 10, 3, 10, 3, 10, 3, 30, 3, 10, 3]",13.163631578947378
"[10, 3, 10, 3, 10, 3, 10, 3, 30, 3, 30, 3, 10, 3, 10, 3, 30, 3, 10, 3, 10, 3, 10, 3, 10, 3, 30, 3, 10, 3]",16.15973489278752
"[10, 3, 10, 3, 10, 3, 10, 3, 30, 3, 30, 3, 10, 3, 10, 3, 30, 3, 10, 3, 10, 3, 10, 3, 10, 3, 30, 3, 10, 3]",15.15185964912285
"[10, 3, 10, 3, 10, 3, 10, 3, 30, 3, 30, 3, 10, 3, 10, 3, 30, 3, 10, 3, 10, 3, 10, 3, 10, 3, 30, 3, 10, 3]",16.07721442495127
"[10, 3, 10, 3, 10, 3, 10, 3, 30, 3, 30, 3, 10, 3, 10, 3, 30, 3, 10, 3, 10, 3, 10, 3, 10, 3, 30, 3, 10, 3]",14.702814814814843
"[10, 3, 10, 3, 10, 3, 10, 3, 30, 3, 30, 3, 10, 3, 10, 3, 30, 3, 10, 3, 10, 3, 10, 3, 10, 3, 30, 3, 10, 3]",15.087775828460067
"[10, 3, 10, 3, 10, 3, 10, 3, 30, 3, 30, 3, 10, 3, 10, 3, 30, 3, 10, 3, 10, 3, 10, 3, 10, 3, 30, 3, 10, 3]",14.371549707602357
"[10, 3, 10, 3, 10, 3, 10, 3, 30, 3, 30, 3, 10, 3, 10, 3, 30, 3, 10, 3, 10, 3, 10, 3, 10, 3, 30, 3, 10, 3]",14.785941520467809
"[10, 3, 10, 3, 10, 3, 10, 3, 30, 3, 30, 3, 10, 3, 10, 3, 30, 3, 10, 3, 10, 3, 10, 3, 10, 3, 30, 3, 10, 3]",14.100539961013668
"[10, 3, 10, 3, 10, 3, 10, 3, 30, 3, 30, 3, 10, 3, 10, 3, 30, 3, 10, 3, 10, 3, 10, 3, 10, 3, 30, 3, 10, 3]",13.976134502923967
"[10, 3, 10, 3, 10, 3, 10, 3, 30, 3, 30, 3, 10, 3, 10, 3, 30, 3, 10, 3, 10, 3, 10, 3, 10, 3, 30, 3, 10, 3]",15.440395711500981
"[10, 3, 10, 3, 10, 3, 10, 3, 30, 3, 30, 3, 10, 3, 10, 3, 30, 3, 10, 3, 10, 3, 10, 3, 10, 3, 30, 3, 10, 3]",14.951095516569213
"[10, 3, 10, 3, 10, 3, 10, 3, 30, 3, 30, 3, 10, 3, 10, 3, 30, 3, 10, 3, 10, 3, 10, 3, 10, 3, 30, 3, 10, 3]",14.276376218323554
"[10, 3, 10, 3, 10, 3, 10, 3, 30, 3, 30, 3, 10, 3, 10, 3, 30, 3, 10, 3, 10, 3, 10, 3, 10, 3, 30, 3, 10, 3]",14.776087719298259
"[10, 3, 10, 3, 10, 3, 10, 3, 30, 3, 30, 3, 10, 3, 10, 3, 30, 3, 10, 3, 10, 3, 10, 3, 10, 3, 30, 3, 10, 3]",13.211769980506824
"[10, 3, 10, 3, 10, 3, 10, 3, 30, 3, 30, 3, 10, 3, 10, 3, 30, 3, 10, 3, 10, 3, 10, 3, 10, 3, 30, 3, 10, 3]",13.875719298245585
"[10, 3, 10, 3, 10, 3, 10, 3, 30, 3, 30, 3, 10, 3, 10, 3, 30, 3, 10, 3, 10, 3, 10, 3, 10, 3, 30, 3, 10, 3]",14.816855750487306
"[10, 3, 10, 3, 10, 3, 10, 3, 30, 3, 30, 3, 10, 3, 10, 3, 30, 3, 10, 3, 10, 3, 10, 3, 10, 3, 30, 3, 10, 3]",15.158483430799253
"[10, 3, 10, 3, 10, 3, 10, 3, 30, 3, 30, 3, 10, 3, 10, 3, 30, 3, 10, 3, 10, 3, 10, 3, 10, 3, 30, 3, 10, 3]",15.947245614035074
"[10, 3, 10, 3, 10, 3, 10, 3, 30, 3, 30, 3, 10, 3, 10, 3, 30, 3, 10, 3, 10, 3, 10, 3, 10, 3, 30, 3, 10, 3]",14.038877192982476
"[10, 3, 10, 3, 10, 3, 10, 3, 30, 3, 30, 3, 10, 3, 10, 3, 30, 3, 10, 3, 10, 3, 10, 3, 10, 3, 30, 3, 10, 3]",14.55047953216375
"[10, 3, 10, 3, 10, 3, 10, 3, 30, 3, 30, 3, 10, 3, 10, 3, 30, 3, 10, 3, 10, 3, 10, 3, 10, 3, 30, 3, 10, 3]",16.55242884990252
"[10, 3, 10, 3, 10, 3, 10, 3, 30, 3, 30, 3, 10, 3, 10, 3, 30, 3, 10, 3, 10, 3, 10, 3, 10, 3, 30, 3, 10, 3]",15.15868226120856
"[10, 3, 10, 3, 10, 3, 10, 3, 30, 3, 30, 3, 10, 3, 10, 3, 30, 3, 10, 3, 10, 3, 10, 3, 10, 3, 30, 3, 10, 3]",13.590543859649141
"[10, 3, 10, 3, 10, 3, 10, 3, 30, 3, 30, 3, 10, 3, 10, 3, 30, 3, 10, 3, 10, 3, 10, 3, 10, 3, 30, 3, 10, 3]",14.640933723196914
"[10, 3, 10, 3, 10, 3, 10, 3, 30, 3, 30, 3, 10, 3, 10, 3, 30, 3, 10, 3, 10, 3, 10, 3, 10, 3, 30, 3, 10, 3]",15.546840155945448
"[10, 3, 10, 3, 10, 3, 10, 3, 30, 3, 30, 3, 10, 3, 10, 3, 30, 3, 10, 3, 10, 3, 10, 3, 10, 3, 30, 3, 10, 3]",14.685974658869357
"[10, 3, 10, 3, 10, 3, 10, 3, 30, 3, 30, 3, 10, 3, 10, 3, 30, 3, 10, 3, 10, 3, 10, 3, 10, 3, 30, 3, 10, 3]",16.41059844054584
"[10, 3, 10, 3, 10, 3, 10, 3, 30, 3, 30, 3, 10, 3, 10, 3, 30, 3, 10, 3, 10, 3, 10, 3, 10, 3, 30, 3, 10, 3]",15.126779727095503
"[10, 3, 10, 3, 10, 3, 10, 3, 30, 3, 30, 3, 10, 3, 10, 3, 30, 3, 10, 3, 10, 3, 10, 3, 10, 3, 30, 3, 10, 3]",14.602643274853804
"[10, 3, 10, 3, 10, 3, 10, 3, 30, 3, 30, 3, 10, 3, 10, 3, 30, 3, 10, 3, 10, 3, 10, 3, 10, 3, 30, 3, 10, 3]",14.459775828459998
"[10, 3, 10, 3, 10, 3, 10, 3, 30, 3, 30, 3, 10, 3, 10, 3, 30, 3, 10, 3, 10, 3, 10, 3, 10, 3, 30, 3, 10, 3]",13.53449707602341
"[10, 3, 10, 3, 10, 3, 10, 3, 30, 3, 30, 3, 10, 3, 10, 3, 30, 3, 10, 3, 10, 3, 10, 3, 10, 3, 30, 3, 10, 3]",15.327064327485388
"[10, 3, 10, 3, 10, 3, 10, 3, 30, 3, 30, 3, 10, 3, 10, 3, 30, 3, 10, 3, 10, 3, 10, 3, 10, 3, 30, 3, 10, 3]",14.564294346978587
"[10, 3, 10, 3, 10, 3, 10, 3, 30, 3, 30, 3, 10, 3, 10, 3, 30, 3, 10, 3, 10, 3, 10, 3, 10, 3, 30, 3, 10, 3]",14.114908382066282
"[10, 3, 10, 3, 10, 3, 10, 3, 30, 3, 30, 3, 10, 3, 10, 3, 30, 3, 10, 3, 10, 3, 10, 3, 10, 3, 30, 3, 10, 3]",14.535286549707632
"[10, 3, 10, 3, 10, 3, 10, 3, 30, 3, 30, 3, 10, 3, 10, 3, 30, 3, 10, 3, 10, 3, 10, 3, 10, 3, 30, 3, 10, 3]",15.217732943469782
"[10, 3, 10, 3, 10, 3, 10, 3, 30, 3, 30, 3, 10, 3, 10, 3, 30, 3, 10, 3, 10, 3, 10, 3, 10, 3, 30, 3, 10, 3]",15.241935672514641
"[10, 3, 10, 3, 10, 3, 10, 3, 30, 3, 30, 3, 10, 3, 10, 3, 30, 3, 10, 3, 10, 3, 10, 3, 10, 3, 30, 3, 10, 3]",15.367068226120827
"[10, 3, 10, 3, 10, 3, 10, 3, 30, 3, 30, 3, 10, 3, 10, 3, 30, 3, 10, 3, 10, 3, 10, 3, 10, 3, 30, 3, 10, 3]",15.889730994152083
"[10, 3, 10, 3, 10, 3, 10, 3, 30, 3, 30, 3, 10, 3, 10, 3, 30, 3, 10, 3, 10, 3, 10, 3, 10, 3, 30, 3, 10, 3]",15.926037037037013
"[10, 3, 10, 3, 10, 3, 10, 3, 30, 3, 30, 3, 10, 3, 10, 3, 30, 3, 10, 3, 10, 3, 10, 3, 10, 3, 30, 3, 10, 3]",14.407927875243669
"[10, 3, 10, 3, 10, 3, 10, 3, 30, 3, 30, 3, 10, 3, 10, 3, 30, 3, 10, 3, 10, 3, 10, 3, 10, 3, 30, 3, 10, 3]",15.868079922027308
"[10, 3, 10, 3, 10, 3, 10, 3, 30, 3, 30, 3, 10, 3, 10, 3, 30, 3, 10, 3, 10, 3, 10, 3, 10, 3, 30, 3, 10, 3]",14.354177387914223
"[10, 3, 10, 3, 10, 3, 10, 3, 30, 3, 30, 3, 10, 3, 10, 3, 30, 3, 10, 3, 10, 3, 10, 3, 10, 3, 30, 3, 10, 3]",13.747785575048717
"[10, 3, 10, 3, 10, 3, 10, 3, 30, 3, 30, 3, 10, 3, 10, 3, 30, 3, 10, 3, 10, 3, 10, 3, 10, 3, 30, 3, 10, 3]",15.23469395711506
"[10, 3, 10, 3, 10, 3, 10, 3, 30, 3, 30, 3, 10, 3, 10, 3, 30, 3, 10, 3, 10, 3, 10, 3, 10, 3, 30, 3, 10, 3]",15.503060428849928
"[10, 3, 10, 3, 10, 3, 10, 3, 30, 3, 30, 3, 10, 3, 10, 3, 30, 3, 10, 3, 10, 3, 10, 3, 10, 3, 30, 3, 10, 3]",14.996397660818714
"[10, 3, 10, 3, 10, 3, 10, 3, 30, 3, 30, 3, 10, 3, 10, 3, 30, 3, 10, 3, 10, 3, 10, 3, 10, 3, 30, 3, 10, 3]",14.024352826510711
"[10, 3, 10, 3, 10, 3, 10, 3, 30, 3, 30, 3, 10, 3, 10, 3, 30, 3, 10, 3, 10, 3, 10, 3, 10, 3, 30, 3, 10, 3]",15.185906432748517
"[10, 3, 10, 3, 10, 3, 10, 3, 30, 3, 30, 3, 10, 3, 10, 3, 30, 3, 10, 3, 10, 3, 10, 3, 10, 3, 30, 3, 10, 3]",14.95265497076025
"[10, 3, 10, 3, 10, 3, 10, 3, 30, 3, 30, 3, 10, 3, 10, 3, 30, 3, 10, 3, 10, 3, 10, 3, 10, 3, 30, 3, 10, 3]",15.163460038986322
"[10, 3, 10, 3, 10, 3, 10, 3, 30, 3, 30, 3, 10, 3, 10, 3, 30, 3, 10, 3, 10, 3, 10, 3, 10, 3, 30, 3, 10, 3]",15.09266471734893
"[10, 3, 10, 3, 10, 3, 10, 3, 30, 3, 30, 3, 10, 3, 10, 3, 30, 3, 10, 3, 10, 3, 10, 3, 10, 3, 30, 3, 10, 3]",13.196473684210487
"[10, 3, 10, 3, 10, 3, 10, 3, 30, 3, 30, 3, 10, 3, 10, 3, 30, 3, 10, 3, 10, 3, 10, 3, 10, 3, 30, 3, 10, 3]",13.724999999999957
"[10, 3, 10, 3, 10, 3, 10, 3, 30, 3, 30, 3, 10, 3, 10, 3, 30, 3, 10, 3, 10, 3, 10, 3, 10, 3, 30, 3, 10, 3]",14.524214424951293
"[10, 3, 10, 3, 10, 3, 10, 3, 30, 3, 30, 3, 10, 3, 10, 3, 30, 3, 10, 3, 10, 3, 10, 3, 10, 3, 30, 3, 10, 3]",14.324752436647186
"[10, 3, 10, 3, 10, 3, 10, 3, 30, 3, 30, 3, 10, 3, 10, 3, 30, 3, 10, 3, 10, 3, 10, 3, 10, 3, 30, 3, 10, 3]",15.324945419103331
"[10, 3, 10, 3, 10, 3, 10, 3, 30, 3, 30, 3, 10, 3, 10, 3, 30, 3, 10, 3, 10, 3, 10, 3, 10, 3, 30, 3, 10, 3]",15.742426900584793
"[10, 3, 10, 3, 10, 3, 10, 3, 30, 3, 30, 3, 10, 3, 10, 3, 30, 3, 10, 3, 10, 3, 10, 3, 10, 3, 30, 3, 10, 3]",16.227419103313828
"[10, 3, 10, 3, 10, 3, 10, 3, 30, 3, 30, 3, 10, 3, 10, 3, 30, 3, 10, 3, 10, 3, 10, 3, 10, 3, 30, 3, 10, 3]",13.993861598440509
"[10, 3, 10, 3, 10, 3, 10, 3, 30, 3, 30, 3, 10, 3, 10, 3, 30, 3, 10, 3, 10, 3, 10, 3, 10, 3, 30, 3, 10, 3]",14.906432748538004
"[10, 3, 10, 3, 10, 3, 10, 3, 30, 3, 30, 3, 10, 3, 10, 3, 30, 3, 10, 3, 10, 3, 10, 3, 10, 3, 30, 3, 10, 3]",14.031877192982487
"[10, 3, 10, 3, 10, 3, 10, 3, 30, 3, 30, 3, 10, 3, 10, 3, 30, 3, 10, 3, 10, 3, 10, 3, 10, 3, 30, 3, 10, 3]",14.797376218323596
"[10, 3, 10, 3, 10, 3, 10, 3, 30, 3, 30, 3, 10, 3, 10, 3, 30, 3, 10, 3, 10, 3, 10, 3, 10, 3, 30, 3, 10, 3]",15.9664580896686
"[10, 3, 10, 3, 10, 3, 10, 3, 30, 3, 30, 3, 10, 3, 10, 3, 30, 3, 10, 3, 10, 3, 10, 3, 10, 3, 30, 3, 10, 3]",14.711419103313819
"[10, 3, 10, 3, 10, 3, 10, 3, 30, 3, 30, 3, 10, 3, 10, 3, 30, 3, 10, 3, 10, 3, 10, 3, 10, 3, 30, 3, 10, 3]",14.811323586744608
"[10, 3, 10, 3, 10, 3, 10, 3, 30, 3, 30, 3, 10, 3, 10, 3, 30, 3, 10, 3, 10, 3, 10, 3, 10, 3, 30, 3, 10, 3]",15.262803118908376
"[10, 3, 10, 3, 10, 3, 10, 3, 30, 3, 30, 3, 10, 3, 10, 3, 30, 3, 10, 3, 10, 3, 10, 3, 10, 3, 30, 3, 10, 3]",14.221793372319706
"[10, 3, 10, 3, 10, 3, 10, 3, 30, 3, 30, 3, 10, 3, 10, 3, 30, 3, 10, 3, 10, 3, 10, 3, 10, 3, 30, 3, 10, 3]",13.983508771929799
"[10, 3, 10, 3, 10, 3, 10, 3, 30, 3, 30, 3, 10, 3, 10, 3, 30, 3, 10, 3, 10, 3, 10, 3, 10, 3, 30, 3, 10, 3]",13.893846003898624
"[10, 3, 10, 3, 10, 3, 10, 3, 30, 3, 30, 3, 10, 3, 10, 3, 30, 3, 10, 3, 10, 3, 10, 3, 10, 3, 30, 3, 10, 3]",14.262945419103275
"[10, 3, 10, 3, 10, 3, 10, 3, 30, 3, 30, 3, 10, 3, 10, 3, 30, 3, 10, 3, 10, 3, 10, 3, 10, 3, 30, 3, 10, 3]",15.315093567251461
"[10, 3, 10, 3, 10, 3, 10, 3, 30, 3, 30, 3, 10, 3, 10, 3, 30, 3, 10, 3, 10, 3, 10, 3, 10, 3, 30, 3, 10, 3]",13.279559454191023
"[10, 3, 10, 3, 10, 3, 10, 3, 30, 3, 30, 3, 10, 3, 10, 3, 30, 3, 10, 3, 10, 3, 10, 3, 10, 3, 30, 3, 10, 3]",16.006528265107214
"[10, 3, 10, 3, 10, 3, 10, 3, 30, 3, 30, 3, 10, 3, 10, 3, 30, 3, 10, 3, 10, 3, 10, 3, 10, 3, 30, 3, 10, 3]",14.85688693957115
"[10, 3, 10, 3, 10, 3, 10, 3, 30, 3, 30, 3, 10, 3, 10, 3, 30, 3, 10, 3, 10, 3, 10, 3, 10, 3, 30, 3, 10, 3]",14.819292397660814
"[10, 3, 10, 3, 10, 3, 10, 3, 30, 3, 30, 3, 10, 3, 10, 3, 30, 3, 10, 3, 10, 3, 10, 3, 10, 3, 30, 3, 10, 3]",15.303046783625744
"[10, 3, 10, 3, 10, 3, 10, 3, 30, 3, 30, 3, 10, 3, 10, 3, 30, 3, 10, 3, 10, 3, 10, 3, 10, 3, 30, 3, 10, 3]",13.375639376218347
"[10, 3, 10, 3, 10, 3, 10, 3, 30, 3, 30, 3, 10, 3, 10, 3, 30, 3, 10, 3, 10, 3, 10, 3, 10, 3, 30, 3, 10, 3]",15.292873294347007
"[10, 3, 10, 3, 10, 3, 10, 3, 30, 3, 30, 3, 10, 3, 10, 3, 30, 3, 10, 3, 10, 3, 10, 3, 10, 3, 30, 3, 10, 3]",15.283504873294332
"[10, 3, 10, 3, 10, 3, 10, 3, 30, 3, 30, 3, 10, 3, 10, 3, 30, 3, 10, 3, 10, 3, 10, 3, 10, 3, 30, 3, 10, 3]",15.13946198830406
"[10, 3, 10, 3, 10, 3, 10, 3, 30, 3, 30, 3, 10, 3, 10, 3, 30, 3, 10, 3, 10, 3, 10, 3, 10, 3, 30, 3, 10, 3]",15.84946393762182
"[10, 3, 10, 3, 10, 3, 10, 3, 30, 3, 30, 3, 10, 3, 10, 3, 30, 3, 10, 3, 10, 3, 10, 3, 10, 3, 30, 3, 10, 3]",15.654851851851824
"[10, 3, 10, 3, 10, 3, 10, 3, 30, 3, 30, 3, 10, 3, 10, 3, 30, 3, 10, 3, 10, 3, 10, 3, 10, 3, 30, 3, 10, 3]",15.45340155945419
"[10, 3, 10, 3, 10, 3, 10, 3, 30, 3, 30, 3, 10, 3, 10, 3, 30, 3, 10, 3, 10, 3, 10, 3, 10, 3, 30, 3, 10, 3]",13.986161793372327
"[10, 3, 10, 3, 10, 3, 10, 3, 30, 3, 30, 3, 10, 3, 10, 3, 30, 3, 10, 3, 10, 3, 10, 3, 10, 3, 30, 3, 10, 3]",13.871087719298258
"[10, 3, 10, 3, 10, 3, 10, 3, 30, 3, 30, 3, 10, 3, 10, 3, 30, 3, 10, 3, 10, 3, 10, 3, 10, 3, 30, 3, 10, 3]",15.666641325536034
"[10, 3, 10, 3, 10, 3, 10, 3, 30, 3, 30, 3, 10, 3, 10, 3, 30, 3, 10, 3, 10, 3, 10, 3, 10, 3, 30, 3, 10, 3]",13.622054580896663
"[10, 3, 10, 3, 10, 3, 10, 3, 30, 3, 30, 3, 10, 3, 10, 3, 30, 3, 10, 3, 10, 3, 10, 3, 10, 3, 30, 3, 10, 3]",13.78052436647173
"[10, 3, 10, 3, 10, 3, 10, 3, 30, 3, 30, 3, 10, 3, 10, 3, 30, 3, 10, 3, 10, 3, 10, 3, 10, 3, 30, 3, 10, 3]",14.763748538011685
"[10, 3, 10, 3, 10, 3, 10, 3, 30, 3, 30, 3, 10, 3, 10, 3, 30, 3, 10, 3, 10, 3, 10, 3, 10, 3, 30, 3, 10, 3]",13.274785575048732
"[10, 3, 10, 3, 10, 3, 10, 3, 30, 3, 30, 3, 10, 3, 10, 3, 30, 3, 10, 3, 10, 3, 10, 3, 10, 3, 30, 3, 10, 3]",14.712274853801185
"[10, 3, 10, 3, 10, 3, 10, 3, 30, 3, 30, 3, 10, 3, 10, 3, 30, 3, 10, 3, 10, 3, 10, 3, 10, 3, 30, 3, 10, 3]",15.738584795321646
"[10, 3, 10, 3, 10, 3, 10, 3, 30, 3, 30, 3, 10, 3, 10, 3, 30, 3, 10, 3, 10, 3, 10, 3, 10, 3, 30, 3, 10, 3]",13.416900584795313
"[10, 3, 10, 3, 10, 3, 10, 3, 30, 3, 30, 3, 10, 3, 10, 3, 30, 3, 10, 3, 10, 3, 10, 3, 10, 3, 30, 3, 10, 3]",14.515366471734893
"[10, 3, 10, 3, 10, 3, 10, 3, 30, 3, 30, 3, 10, 3, 10, 3, 30, 3, 10, 3, 10, 3, 10, 3, 10, 3, 30, 3, 10, 3]",14.952594541910361
"[10, 3, 10, 3, 10, 3, 10, 3, 30, 3, 30, 3, 10, 3, 10, 3, 30, 3, 10, 3, 10, 3, 10, 3, 10, 3, 30, 3, 10, 3]",15.783721247563305
"[10, 3, 10, 3, 10, 3, 10, 3, 30, 3, 30, 3, 10, 3, 10, 3, 30, 3, 10, 3, 10, 3, 10, 3, 10, 3, 30, 3, 10, 3]",15.527803118908404
"[10, 3, 10, 3, 10, 3, 10, 3, 30, 3, 30, 3, 10, 3, 10, 3, 30, 3, 10, 3, 10, 3, 10, 3, 10, 3, 30, 3, 10, 3]",14.811382066276794
"[10, 3, 10, 3, 10, 3, 10, 3, 30, 3, 30, 3, 10, 3, 10, 3, 30, 3, 10, 3, 10, 3, 10, 3, 10, 3, 30, 3, 10, 3]",14.641851851851841
"[10, 3, 10, 3, 10, 3, 10, 3, 30, 3, 30, 3, 10, 3, 10, 3, 30, 3, 10, 3, 10, 3, 10, 3, 10, 3, 30, 3, 10, 3]",13.865483430799213
"[10, 3, 10, 3, 10, 3, 10, 3, 30, 3, 30, 3, 10, 3, 10, 3, 30, 3, 10, 3, 10, 3, 10, 3, 10, 3, 30, 3, 10, 3]",15.084653021442517
"[10, 3, 10, 3, 10, 3, 10, 3, 30, 3, 30, 3, 10, 3, 10, 3, 30, 3, 10, 3, 10, 3, 10, 3, 10, 3, 30, 3, 10, 3]",13.565009746588673
"[10, 3, 10, 3, 10, 3, 10, 3, 30, 3, 30, 3, 10, 3, 10, 3, 30, 3, 10, 3, 10, 3, 10, 3, 10, 3, 30, 3, 10, 3]",14.592231968810927
"[10, 3, 10, 3, 10, 3, 10, 3, 30, 3, 30, 3, 10, 3, 10, 3, 30, 3, 10, 3, 10, 3, 10, 3, 10, 3, 30, 3, 10, 3]",15.063284600389855
"[10, 3, 10, 3, 10, 3, 10, 3, 30, 3, 30, 3, 10, 3, 10, 3, 30, 3, 10, 3, 10, 3, 10, 3, 10, 3, 30, 3, 10, 3]",13.783333333333351
"[10, 3, 10, 3, 10, 3, 10, 3, 30, 3, 30, 3, 10, 3, 10, 3, 30, 3, 10, 3, 10, 3, 10, 3, 10, 3, 30, 3, 10, 3]",14.103588693957125
"[10, 3, 10, 3, 10, 3, 10, 3, 30, 3, 30, 3, 10, 3, 10, 3, 30, 3, 10, 3, 10, 3, 10, 3, 10, 3, 30, 3, 10, 3]",14.48303508771929
"[10, 3, 10, 3, 10, 3, 10, 3, 30, 3, 30, 3, 10, 3, 10, 3, 30, 3, 10, 3, 10, 3, 10, 3, 10, 3, 30, 3, 10, 3]",15.500614035087697
"[10, 3, 10, 3, 10, 3, 10, 3, 30, 3, 30, 3, 10, 3, 10, 3, 30, 3, 10, 3, 10, 3, 10, 3, 10, 3, 30, 3, 10, 3]",14.777764132553616
"[10, 3, 10, 3, 10, 3, 10, 3, 30, 3, 30, 3, 10, 3, 10, 3, 30, 3, 10, 3, 10, 3, 10, 3, 10, 3, 30, 3, 10, 3]",15.71646198830411
"[10, 3, 10, 3, 10, 3, 10, 3, 30, 3, 30, 3, 10, 3, 10, 3, 30, 3, 10, 3, 10, 3, 10, 3, 10, 3, 30, 3, 10, 3]",16.350894736842097
"[10, 3, 10, 3, 10, 3, 10, 3, 30, 3, 30, 3, 10, 3, 10, 3, 30, 3, 10, 3, 10, 3, 10, 3, 10, 3, 30, 3, 10, 3]",14.194126705653044
"[10, 3, 10, 3, 10, 3, 10, 3, 30, 3, 30, 3, 10, 3, 10, 3, 30, 3, 10, 3, 10, 3, 10, 3, 10, 3, 30, 3, 10, 3]",14.016304093567246
"[10, 3, 10, 3, 10, 3, 10, 3, 30, 3, 30, 3, 10, 3, 10, 3, 30, 3, 10, 3, 10, 3, 10, 3, 10, 3, 30, 3, 10, 3]",14.837980506822634
"[10, 3, 10, 3, 10, 3, 10, 3, 30, 3, 30, 3, 10, 3, 10, 3, 30, 3, 10, 3, 10, 3, 10, 3, 10, 3, 30, 3, 10, 3]",15.506647173489249
"[10, 3, 10, 3, 10, 3, 10, 3, 30, 3, 30, 3, 10, 3, 10, 3, 30, 3, 10, 3, 10, 3, 10, 3, 10, 3, 30, 3, 10, 3]",15.652670565302103
"[10, 3, 10, 3, 10, 3, 10, 3, 30, 3, 30, 3, 10, 3, 10, 3, 30, 3, 10, 3, 10, 3, 10, 3, 10, 3, 30, 3, 10, 3]",14.167461988304117
"[10, 3, 10, 3, 10, 3, 10, 3, 30, 3, 30, 3, 10, 3, 10, 3, 30, 3, 10, 3, 10, 3, 10, 3, 10, 3, 30, 3, 10, 3]",14.955165692007794
"[10, 3, 10, 3, 10, 3, 10, 3, 30, 3, 30, 3, 10, 3, 10, 3, 30, 3, 10, 3, 10, 3, 10, 3, 10, 3, 30, 3, 10, 3]",14.39290643274852
"[10, 3, 10, 3, 10, 3, 10, 3, 30, 3, 30, 3, 10, 3, 10, 3, 30, 3, 10, 3, 10, 3, 10, 3, 10, 3, 30, 3, 10, 3]",15.450473684210484
"[10, 3, 10, 3, 10, 3, 10, 3, 30, 3, 30, 3, 10, 3, 10, 3, 30, 3, 10, 3, 10, 3, 10, 3, 10, 3, 30, 3, 10, 3]",14.982109161793359
"[10, 3, 10, 3, 10, 3, 10, 3, 30, 3, 30, 3, 10, 3, 10, 3, 30, 3, 10, 3, 10, 3, 10, 3, 10, 3, 30, 3, 10, 3]",15.068315789473676
"[10, 3, 10, 3, 10, 3, 10, 3, 30, 3, 30, 3, 10, 3, 10, 3, 30, 3, 10, 3, 10, 3, 10, 3, 10, 3, 30, 3, 10, 3]",15.015623781676393
"[10, 3, 10, 3, 10, 3, 10, 3, 30, 3, 30, 3, 10, 3, 10, 3, 30, 3, 10, 3, 10, 3, 10, 3, 10, 3, 30, 3, 10, 3]",14.742690058479505
"[10, 3, 10, 3, 10, 3, 10, 3, 30, 3, 30, 3, 10, 3, 10, 3, 30, 3, 10, 3, 10, 3, 10, 3, 10, 3, 30, 3, 10, 3]",15.796419103313825
"[10, 3, 10, 3, 10, 3, 10, 3, 30, 3, 30, 3, 10, 3, 10, 3, 30, 3, 10, 3, 10, 3, 10, 3, 10, 3, 30, 3, 10, 3]",16.18536452241716
"[10, 3, 10, 3, 10, 3, 10, 3, 30, 3, 30, 3, 10, 3, 10, 3, 30, 3, 10, 3, 10, 3, 10, 3, 10, 3, 30, 3, 10, 3]",15.060779727095536
"[10, 3, 10, 3, 10, 3, 10, 3, 30, 3, 30, 3, 10, 3, 10, 3, 30, 3, 10, 3, 10, 3, 10, 3, 10, 3, 30, 3, 10, 3]",16.642766081871297
"[10, 3, 10, 3, 10, 3, 10, 3, 30, 3, 30, 3, 10, 3, 10, 3, 30, 3, 10, 3, 10, 3, 10, 3, 10, 3, 30, 3, 10, 3]",15.265888888888913
"[10, 3, 10, 3, 10, 3, 10, 3, 30, 3, 30, 3, 10, 3, 10, 3, 30, 3, 10, 3, 10, 3, 10, 3, 10, 3, 30, 3, 10, 3]",13.228639376218302
"[10, 3, 10, 3, 10, 3, 10, 3, 30, 3, 30, 3, 10, 3, 10, 3, 30, 3, 10, 3, 10, 3, 10, 3, 10, 3, 30, 3, 10, 3]",13.640115009746594
"[10, 3, 10, 3, 10, 3, 10, 3, 30, 3, 30, 3, 10, 3, 10, 3, 30, 3, 10, 3, 10, 3, 10, 3, 10, 3, 30, 3, 10, 3]",13.266649122806994
"[10, 3, 10, 3, 10, 3, 10, 3, 30, 3, 30, 3, 10, 3, 10, 3, 30, 3, 10, 3, 10, 3, 10, 3, 10, 3, 30, 3, 10, 3]",15.535235867446374
"[10, 3, 10, 3, 10, 3, 10, 3, 30, 3, 30, 3, 10, 3, 10, 3, 30, 3, 10, 3, 10, 3, 10, 3, 10, 3, 30, 3, 10, 3]",14.566978557504887
"[10, 3, 10, 3, 10, 3, 10, 3, 30, 3, 30, 3, 10, 3, 10, 3, 30, 3, 10, 3, 10, 3, 10, 3, 10, 3, 30, 3, 10, 3]",14.147087719298238
"[10, 3, 10, 3, 10, 3, 10, 3, 30, 3, 30, 3, 10, 3, 10, 3, 30, 3, 10, 3, 10, 3, 10, 3, 10, 3, 30, 3, 10, 3]",15.251220272904508
"[10, 3, 10, 3, 10, 3, 10, 3, 30, 3, 30, 3, 10, 3, 10, 3, 30, 3, 10, 3, 10, 3, 10, 3, 10, 3, 30, 3, 10, 3]",13.7438908382066
"[10, 3, 10, 3, 10, 3, 10, 3, 30, 3, 30, 3, 10, 3, 10, 3, 30, 3, 10, 3, 10, 3, 10, 3, 10, 3, 30, 3, 10, 3]",13.943986354775843
"[10, 3, 10, 3, 10, 3, 10, 3, 30, 3, 30, 3, 10, 3, 10, 3, 30, 3, 10, 3, 10, 3, 10, 3, 10, 3, 30, 3, 10, 3]",15.057964912280717
"[10, 3, 10, 3, 10, 3, 10, 3, 30, 3, 30, 3, 10, 3, 10, 3, 30, 3, 10, 3, 10, 3, 10, 3, 10, 3, 30, 3, 10, 3]",14.501003898635465
"[10, 3, 10, 3, 10, 3, 10, 3, 30, 3, 30, 3, 10, 3, 10, 3, 30, 3, 10, 3, 10, 3, 10, 3, 10, 3, 30, 3, 10, 3]",15.863187134502907
"[10, 3, 10, 3, 10, 3, 10, 3, 30, 3, 30, 3, 10, 3, 10, 3, 30, 3, 10, 3, 10, 3, 10, 3, 10, 3, 30, 3, 10, 3]",15.564808966861612
"[10, 3, 10, 3, 10, 3, 10, 3, 30, 3, 30, 3, 10, 3, 10, 3, 30, 3, 10, 3, 10, 3, 10, 3, 10, 3, 30, 3, 10, 3]",16.009346978557474
"[10, 3, 10, 3, 10, 3, 10, 3, 30, 3, 30, 3, 10, 3, 10, 3, 30, 3, 10, 3, 10, 3, 10, 3, 10, 3, 30, 3, 10, 3]",13.630204678362567
"[10, 3, 10, 3, 10, 3, 10, 3, 30, 3, 30, 3, 10, 3, 10, 3, 30, 3, 10, 3, 10, 3, 10, 3, 10, 3, 30, 3, 10, 3]",15.785169590643278
"[10, 3, 10, 3, 10, 3, 10, 3, 30, 3, 30, 3, 10, 3, 10, 3, 30, 3, 10, 3, 10, 3, 10, 3, 10, 3, 30, 3, 10, 3]",15.687376218323612
"[10, 3, 10, 3, 10, 3, 10, 3, 30, 3, 30, 3, 10, 3, 10, 3, 30, 3, 10, 3, 10, 3, 10, 3, 10, 3, 30, 3, 10, 3]",16.331432748538028
"[10, 3, 10, 3, 10, 3, 10, 3, 30, 3, 30, 3, 10, 3, 10, 3, 30, 3, 10, 3, 10, 3, 10, 3, 10, 3, 30, 3, 10, 3]",16.111089668615996
"[10, 3, 10, 3, 10, 3, 10, 3, 30, 3, 30, 3, 10, 3, 10, 3, 30, 3, 10, 3, 10, 3, 10, 3, 10, 3, 30, 3, 10, 3]",15.315448343079918
"[10, 3, 10, 3, 10, 3, 10, 3, 30, 3, 30, 3, 10, 3, 10, 3, 30, 3, 10, 3, 10, 3, 10, 3, 10, 3, 30, 3, 10, 3]",15.58652436647171
"[10, 3, 10, 3, 10, 3, 10, 3, 30, 3, 30, 3, 10, 3, 10, 3, 30, 3, 10, 3, 10, 3, 10, 3, 10, 3, 30, 3, 10, 3]",15.339715399610117
"[10, 3, 10, 3, 10, 3, 10, 3, 30, 3, 30, 3, 10, 3, 10, 3, 30, 3, 10, 3, 10, 3, 10, 3, 10, 3, 30, 3, 10, 3]",16.508345029239738
"[10, 3, 10, 3, 10, 3, 10, 3, 30, 3, 30, 3, 10, 3, 10, 3, 30, 3, 10, 3, 10, 3, 10, 3, 10, 3, 30, 3, 10, 3]",14.362709551656906
"[10, 3, 10, 3, 10, 3, 10, 3, 30, 3, 30, 3, 10, 3, 10, 3, 30, 3, 10, 3, 10, 3, 10, 3, 10, 3, 30, 3, 10, 3]",13.924473684210517
"[10, 3, 10, 3, 10, 3, 10, 3, 30, 3, 30, 3, 10, 3, 10, 3, 30, 3, 10, 3, 10, 3, 10, 3, 10, 3, 30, 3, 10, 3]",15.13898635477584
"[10, 3, 10, 3, 10, 3, 10, 3, 30, 3, 30, 3, 10, 3, 10, 3, 30, 3, 10, 3, 10, 3, 10, 3, 10, 3, 30, 3, 10, 3]",15.8484035087719
"[10, 3, 10, 3, 10, 3, 10, 3, 30, 3, 30, 3, 10, 3, 10, 3, 30, 3, 10, 3, 10, 3, 10, 3, 10, 3, 30, 3, 10, 3]",14.49087329434697
"[10, 3, 10, 3, 10, 3, 10, 3, 30, 3, 30, 3, 10, 3, 10, 3, 30, 3, 10, 3, 10, 3, 10, 3, 10, 3, 30, 3, 10, 3]",14.291695906432777
"[10, 3, 10, 3, 10, 3, 10, 3, 30, 3, 30, 3, 10, 3, 10, 3, 30, 3, 10, 3, 10, 3, 10, 3, 10, 3, 30, 3, 10, 3]",15.755017543859665
"[10, 3, 10, 3, 10, 3, 10, 3, 30, 3, 30, 3, 10, 3, 10, 3, 30, 3, 10, 3, 10, 3, 10, 3, 10, 3, 30, 3, 10, 3]",14.680904483430796
"[10, 3, 10, 3, 10, 3, 10, 3, 30, 3, 30, 3, 10, 3, 10, 3, 30, 3, 10, 3, 10, 3, 10, 3, 10, 3, 30, 3, 10, 3]",15.429551656920063
"[10, 3, 10, 3, 10, 3, 10, 3, 30, 3, 30, 3, 10, 3, 10, 3, 30, 3, 10, 3, 10, 3, 10, 3, 10, 3, 30, 3, 10, 3]",15.500688109161782
"[10, 3, 10, 3, 10, 3, 10, 3, 30, 3, 30, 3, 10, 3, 10, 3, 30, 3, 10, 3, 10, 3, 10, 3, 10, 3, 30, 3, 10, 3]",15.179345029239805
"[10, 3, 10, 3, 10, 3, 10, 3, 30, 3, 30, 3, 10, 3, 10, 3, 30, 3, 10, 3, 10, 3, 10, 3, 10, 3, 30, 3, 10, 3]",13.679754385964928
"[10, 3, 10, 3, 10, 3, 10, 3, 30, 3, 30, 3, 10, 3, 10, 3, 30, 3, 10, 3, 10, 3, 10, 3, 10, 3, 30, 3, 10, 3]",14.173844054580865
"[10, 3, 10, 3, 10, 3, 10, 3, 30, 3, 30, 3, 10, 3, 10, 3, 30, 3, 10, 3, 10, 3, 10, 3, 10, 3, 30, 3, 10, 3]",13.234183235867418
"[10, 3, 10, 3, 10, 3, 10, 3, 30, 3, 30, 3, 10, 3, 10, 3, 30, 3, 10, 3, 10, 3, 10, 3, 10, 3, 30, 3, 10, 3]",15.917037037037078
"[10, 3, 10, 3, 10, 3, 10, 3, 30, 3, 30, 3, 10, 3, 10, 3, 30, 3, 10, 3, 10, 3, 10, 3, 10, 3, 30, 3, 10, 3]",14.419475633528295
"[10, 3, 10, 3, 10, 3, 10, 3, 30, 3, 30, 3, 10, 3, 10, 3, 30, 3, 10, 3, 10, 3, 10, 3, 10, 3, 30, 3, 10, 3]",15.443467836257295
"[10, 3, 10, 3, 10, 3, 10, 3, 30, 3, 30, 3, 10, 3, 10, 3, 30, 3, 10, 3, 10, 3, 10, 3, 10, 3, 30, 3, 10, 3]",14.408846003898672
"[10, 3, 10, 3, 10, 3, 10, 3, 30, 3, 30, 3, 10, 3, 10, 3, 30, 3, 10, 3, 10, 3, 10, 3, 10, 3, 30, 3, 10, 3]",16.45326705653024
"[10, 3, 10, 3, 10, 3, 10, 3, 30, 3, 30, 3, 10, 3, 10, 3, 30, 3, 10, 3, 10, 3, 10, 3, 10, 3, 30, 3, 10, 3]",14.537582846003941
"[10, 3, 10, 3, 10, 3, 10, 3, 30, 3, 30, 3, 10, 3, 10, 3, 30, 3, 10, 3, 10, 3, 10, 3, 10, 3, 30, 3, 10, 3]",14.74634307992206
"[10, 3, 10, 3, 10, 3, 10, 3, 30, 3, 30, 3, 10, 3, 10, 3, 30, 3, 10, 3, 10, 3, 10, 3, 10, 3, 30, 3, 10, 3]",15.70388304093568
"[10, 3, 10, 3, 10, 3, 10, 3, 30, 3, 30, 3, 10, 3, 10, 3, 30, 3, 10, 3, 10, 3, 10, 3, 10, 3, 30, 3, 10, 3]",15.305614035087729
"[10, 3, 10, 3, 10, 3, 10, 3, 30, 3, 30, 3, 10, 3, 10, 3, 30, 3, 10, 3, 10, 3, 10, 3, 10, 3, 30, 3, 10, 3]",14.356044834308022
"[10, 3, 10, 3, 10, 3, 10, 3, 30, 3, 30, 3, 10, 3, 10, 3, 30, 3, 10, 3, 10, 3, 10, 3, 10, 3, 30, 3, 10, 3]",15.032538011695882
"[10, 3, 10, 3, 10, 3, 10, 3, 30, 3, 30, 3, 10, 3, 10, 3, 30, 3, 10, 3, 10, 3, 10, 3, 10, 3, 30, 3, 10, 3]",16.24676023391812
"[10, 3, 10, 3, 10, 3, 10, 3, 30, 3, 30, 3, 10, 3, 10, 3, 30, 3, 10, 3, 10, 3, 10, 3, 10, 3, 30, 3, 10, 3]",13.022600389863518
"[10, 3, 10, 3, 10, 3, 10, 3, 30, 3, 30, 3, 10, 3, 10, 3, 30, 3, 10, 3, 10, 3, 10, 3, 10, 3, 30, 3, 10, 3]",15.157337231968805
"[10, 3, 10, 3, 10, 3, 10, 3, 30, 3, 30, 3, 10, 3, 10, 3, 30, 3, 10, 3, 10, 3, 10, 3, 10, 3, 30, 3, 10, 3]",15.134204678362597
"[10, 3, 10, 3, 10, 3, 10, 3, 30, 3, 30, 3, 10, 3, 10, 3, 30, 3, 10, 3, 10, 3, 10, 3, 10, 3, 30, 3, 10, 3]",15.045902534113033
"[10, 3, 10, 3, 10, 3, 10, 3, 30, 3, 30, 3, 10, 3, 10, 3, 30, 3, 10, 3, 10, 3, 10, 3, 10, 3, 30, 3, 10, 3]",15.028606237816822
"[10, 3, 10, 3, 10, 3, 10, 3, 30, 3, 30, 3, 10, 3, 10, 3, 30, 3, 10, 3, 10, 3, 10, 3, 10, 3, 30, 3, 10, 3]",14.287805068226122
"[10, 3, 10, 3, 10, 3, 10, 3, 30, 3, 30, 3, 10, 3, 10, 3, 30, 3, 10, 3, 10, 3, 10, 3, 10, 3, 30, 3, 10, 3]",16.692099415204662
"[10, 3, 10, 3, 10, 3, 10, 3, 30, 3, 30, 3, 10, 3, 10, 3, 30, 3, 10, 3, 10, 3, 10, 3, 10, 3, 30, 3, 10, 3]",12.544518518518531
"[10, 3, 10, 3, 10, 3, 10, 3, 30, 3, 30, 3, 10, 3, 10, 3, 30, 3, 10, 3, 10, 3, 10, 3, 10, 3, 30, 3, 10, 3]",15.325483430799204
"[10, 3, 10, 3, 10, 3, 10, 3, 30, 3, 30, 3, 10, 3, 10, 3, 30, 3, 10, 3, 10, 3, 10, 3, 10, 3, 30, 3, 10, 3]",15.524274853801183
"[10, 3, 10, 3, 10, 3, 10, 3, 30, 3, 30, 3, 10, 3, 10, 3, 30, 3, 10, 3, 10, 3, 10, 3, 10, 3, 30, 3, 10, 3]",14.99815399610136
"[10, 3, 10, 3, 10, 3, 10, 3, 30, 3, 30, 3, 10, 3, 10, 3, 30, 3, 10, 3, 10, 3, 10, 3, 10, 3, 30, 3, 10, 3]",14.059430799220257
"[10, 3, 10, 3, 10, 3, 10, 3, 30, 3, 30, 3, 10, 3, 10, 3, 30, 3, 10, 3, 10, 3, 10, 3, 10, 3, 30, 3, 10, 3]",15.231230019493125
"[10, 3, 10, 3, 10, 3, 10, 3, 30, 3, 30, 3, 10, 3, 10, 3, 30, 3, 10, 3, 10, 3, 10, 3, 10, 3, 30, 3, 10, 3]",15.19570955165692
"[10, 3, 10, 3, 10, 3, 10, 3, 30, 3, 30, 3, 10, 3, 10, 3, 30, 3, 10, 3, 10, 3, 10, 3, 10, 3, 30, 3, 10, 3]",14.555594541910324
"[10, 3, 10, 3, 10, 3, 10, 3, 30, 3, 30, 3, 10, 3, 10, 3, 30, 3, 10, 3, 10, 3, 10, 3, 10, 3, 30, 3, 10, 3]",15.372803118908417
"[10, 3, 10, 3, 10, 3, 10, 3, 30, 3, 30, 3, 10, 3, 10, 3, 30, 3, 10, 3, 10, 3, 10, 3, 10, 3, 30, 3, 10, 3]",14.997658869395703
"[10, 3, 10, 3, 10, 3, 10, 3, 30, 3, 30, 3, 10, 3, 10, 3, 30, 3, 10, 3, 10, 3, 10, 3, 10, 3, 30, 3, 10, 3]",16.02462962962968
"[10, 3, 10, 3, 10, 3, 10, 3, 30, 3, 30, 3, 10, 3, 10, 3, 30, 3, 10, 3, 10, 3, 10, 3, 10, 3, 30, 3, 10, 3]",14.255586744639341
"[10, 3, 10, 3, 10, 3, 10, 3, 30, 3, 30, 3, 10, 3, 10, 3, 30, 3, 10, 3, 10, 3, 10, 3, 10, 3, 30, 3, 10, 3]",16.195465886939598
"[10, 3, 10, 3, 10, 3, 10, 3, 30, 3, 30, 3, 10, 3, 10, 3, 30, 3, 10, 3, 10, 3, 10, 3, 10, 3, 30, 3, 10, 3]",14.084372319688105
"[10, 3, 10, 3, 10, 3, 10, 3, 30, 3, 30, 3, 10, 3, 10, 3, 30, 3, 10, 3, 10, 3, 10, 3, 10, 3, 30, 3, 10, 3]",15.208617933723183
"[10, 3, 10, 3, 10, 3, 10, 3, 30, 3, 30, 3, 10, 3, 10, 3, 30, 3, 10, 3, 10, 3, 10, 3, 10, 3, 30, 3, 10, 3]",14.070834307992207
"[10, 3, 10, 3, 10, 3, 10, 3, 30, 3, 30, 3, 10, 3, 10, 3, 30, 3, 10, 3, 10, 3, 10, 3, 10, 3, 30, 3, 10, 3]",15.762920077972725
"[10, 3, 10, 3, 10, 3, 10, 3, 30, 3, 30, 3, 10, 3, 10, 3, 30, 3, 10, 3, 10, 3, 10, 3, 10, 3, 30, 3, 10, 3]",14.40222807017545
"[10, 3, 10, 3, 10, 3, 10, 3, 30, 3, 30, 3, 10, 3, 10, 3, 30, 3, 10, 3, 10, 3, 10, 3, 10, 3, 30, 3, 10, 3]",13.395506822612095
"[10, 3, 10, 3, 10, 3, 10, 3, 30, 3, 30, 3, 10, 3, 10, 3, 30, 3, 10, 3, 10, 3, 10, 3, 10, 3, 30, 3, 10, 3]",15.452530214424923
"[10, 3, 10, 3, 10, 3, 10, 3, 30, 3, 30, 3, 10, 3, 10, 3, 30, 3, 10, 3, 10, 3, 10, 3, 10, 3, 30, 3, 10, 3]",14.341966861598431
"[10, 3, 10, 3, 10, 3, 10, 3, 30, 3, 30, 3, 10, 3, 10, 3, 30, 3, 10, 3, 10, 3, 10, 3, 10, 3, 30, 3, 10, 3]",14.175335282651062
"[10, 3, 10, 3, 10, 3, 10, 3, 30, 3, 30, 3, 10, 3, 10, 3, 30, 3, 10, 3, 10, 3, 10, 3, 10, 3, 30, 3, 10, 3]",14.592961013645194
"[10, 3, 10, 3, 10, 3, 10, 3, 30, 3, 30, 3, 10, 3, 10, 3, 30, 3, 10, 3, 10, 3, 10, 3, 10, 3, 30, 3, 10, 3]",15.975563352826518
"[10, 3, 10, 3, 10, 3, 10, 3, 30, 3, 30, 3, 10, 3, 10, 3, 30, 3, 10, 3, 10, 3, 10, 3, 10, 3, 30, 3, 10, 3]",13.905964912280695
"[10, 3, 10, 3, 10, 3, 10, 3, 30, 3, 30, 3, 10, 3, 10, 3, 30, 3, 10, 3, 10, 3, 10, 3, 10, 3, 30, 3, 10, 3]",15.669871345029241
"[10, 3, 10, 3, 10, 3, 10, 3, 30, 3, 30, 3, 10, 3, 10, 3, 30, 3, 10, 3, 10, 3, 10, 3, 10, 3, 30, 3, 10, 3]",15.265879142300188
"[10, 3, 10, 3, 10, 3, 10, 3, 30, 3, 30, 3, 10, 3, 10, 3, 30, 3, 10, 3, 10, 3, 10, 3, 10, 3, 30, 3, 10, 3]",15.45816764132554
"[10, 3, 10, 3, 10, 3, 10, 3, 30, 3, 30, 3, 10, 3, 10, 3, 30, 3, 10, 3, 10, 3, 10, 3, 10, 3, 30, 3, 10, 3]",14.379840155945441
"[10, 3, 10, 3, 10, 3, 10, 3, 30, 3, 30, 3, 10, 3, 10, 3, 30, 3, 10, 3, 10, 3, 10, 3, 10, 3, 30, 3, 10, 3]",12.98822222222224
"[10, 3, 10, 3, 10, 3, 10, 3, 30, 3, 30, 3, 10, 3, 10, 3, 30, 3, 10, 3, 10, 3, 10, 3, 10, 3, 30, 3, 10, 3]",14.021345029239786
"[10, 3, 10, 3, 10, 3, 10, 3, 30, 3, 30, 3, 10, 3, 10, 3, 30, 3, 10, 3, 10, 3, 10, 3, 10, 3, 30, 3, 10, 3]",14.428645224171557
"[10, 3, 10, 3, 10, 3, 10, 3, 30, 3, 30, 3, 10, 3, 10, 3, 30, 3, 10, 3, 10, 3, 10, 3, 10, 3, 30, 3, 10, 3]",15.831781676413256
"[10, 3, 10, 3, 10, 3, 10, 3, 30, 3, 30, 3, 10, 3, 10, 3, 30, 3, 10, 3, 10, 3, 10, 3, 10, 3, 30, 3, 10, 3]",15.25564327485383
"[10, 3, 10, 3, 10, 3, 10, 3, 30, 3, 30, 3, 10, 3, 10, 3, 30, 3, 10, 3, 10, 3, 10, 3, 10, 3, 30, 3, 10, 3]",15.017374269005892
"[10, 3, 10, 3, 10, 3, 10, 3, 30, 3, 30, 3, 10, 3, 10, 3, 30, 3, 10, 3, 10, 3, 10, 3, 10, 3, 30, 3, 10, 3]",15.429703703703694
"[10, 3, 10, 3, 10, 3, 10, 3, 30, 3, 30, 3, 10, 3, 10, 3, 30, 3, 10, 3, 10, 3, 10, 3, 10, 3, 30, 3, 10, 3]",14.400522417153988
"[10, 3, 10, 3, 10, 3, 10, 3, 30, 3, 30, 3, 10, 3, 10, 3, 30, 3, 10, 3, 10, 3, 10, 3, 10, 3, 30, 3, 10, 3]",14.615545808966877
"[10, 3, 10, 3, 10, 3, 10, 3, 30, 3, 30, 3, 10, 3, 10, 3, 30, 3, 10, 3, 10, 3, 10, 3, 10, 3, 30, 3, 10, 3]",15.448834307992238
"[10, 3, 10, 3, 10, 3, 10, 3, 30, 3, 30, 3, 10, 3, 10, 3, 30, 3, 10, 3, 10, 3, 10, 3, 10, 3, 30, 3, 10, 3]",14.739465886939541
"[10, 3, 10, 3, 10, 3, 10, 3, 30, 3, 30, 3, 10, 3, 10, 3, 30, 3, 10, 3, 10, 3, 10, 3, 10, 3, 30, 3, 10, 3]",15.645516569200772
"[10, 3, 10, 3, 10, 3, 10, 3, 30, 3, 30, 3, 10, 3, 10, 3, 30, 3, 10, 3, 10, 3, 10, 3, 10, 3, 30, 3, 10, 3]",14.559124756335267
"[10, 3, 10, 3, 10, 3, 10, 3, 30, 3, 30, 3, 10, 3, 10, 3, 30, 3, 10, 3, 10, 3, 10, 3, 10, 3, 30, 3, 10, 3]",15.271738791422996
"[10, 3, 10, 3, 10, 3, 10, 3, 30, 3, 30, 3, 10, 3, 10, 3, 30, 3, 10, 3, 10, 3, 10, 3, 10, 3, 30, 3, 10, 3]",13.409311890838227
"[10, 3, 10, 3, 10, 3, 10, 3, 30, 3, 30, 3, 10, 3, 10, 3, 30, 3, 10, 3, 10, 3, 10, 3, 10, 3, 30, 3, 10, 3]",13.647313840155945
"[10, 3, 10, 3, 10, 3, 10, 3, 30, 3, 30, 3, 10, 3, 10, 3, 30, 3, 10, 3, 10, 3, 10, 3, 10, 3, 30, 3, 10, 3]",16.34342105263155
"[10, 3, 10, 3, 10, 3, 10, 3, 30, 3, 30, 3, 10, 3, 10, 3, 30, 3, 10, 3, 10, 3, 10, 3, 10, 3, 30, 3, 10, 3]",14.965222222222248
"[10, 3, 10, 3, 10, 3, 10, 3, 30, 3, 30, 3, 10, 3, 10, 3, 30, 3, 10, 3, 10, 3, 10, 3, 10, 3, 30, 3, 10, 3]",14.624251461988298
"[10, 3, 10, 3, 10, 3, 10, 3, 30, 3, 30, 3, 10, 3, 10, 3, 30, 3, 10, 3, 10, 3, 10, 3, 10, 3, 30, 3, 10, 3]",15.546171539960993
"[10, 3, 10, 3, 10, 3, 10, 3, 30, 3, 30, 3, 10, 3, 10, 3, 30, 3, 10, 3, 10, 3, 10, 3, 10, 3, 30, 3, 10, 3]",14.423097465886926
"[10, 3, 10, 3, 10, 3, 10, 3, 30, 3, 30, 3, 10, 3, 10, 3, 30, 3, 10, 3, 10, 3, 10, 3, 10, 3, 30, 3, 10, 3]",15.54744054580898
"[10, 3, 10, 3, 10, 3, 10, 3, 30, 3, 30, 3, 10, 3, 10, 3, 30, 3, 10, 3, 10, 3, 10, 3, 10, 3, 30, 3, 10, 3]",15.40555165692007
"[10, 3, 10, 3, 10, 3, 10, 3, 30, 3, 30, 3, 10, 3, 10, 3, 30, 3, 10, 3, 10, 3, 10, 3, 10, 3, 30, 3, 10, 3]",14.830682261208578
"[10, 3, 10, 3, 10, 3, 10, 3, 30, 3, 30, 3, 10, 3, 10, 3, 30, 3, 10, 3, 10, 3, 10, 3, 10, 3, 30, 3, 10, 3]",13.507161793372306
"[10, 3, 10, 3, 10, 3, 10, 3, 30, 3, 30, 3, 10, 3, 10, 3, 30, 3, 10, 3, 10, 3, 10, 3, 10, 3, 30, 3, 10, 3]",14.239703703703695
"[10, 3, 10, 3, 10, 3, 10, 3, 30, 3, 30, 3, 10, 3, 10, 3, 30, 3, 10, 3, 10, 3, 10, 3, 10, 3, 30, 3, 10, 3]",14.742038986354824
"[10, 3, 10, 3, 10, 3, 10, 3, 30, 3, 30, 3, 10, 3, 10, 3, 30, 3, 10, 3, 10, 3, 10, 3, 10, 3, 30, 3, 10, 3]",14.183670565302155
"[10, 3, 10, 3, 10, 3, 10, 3, 30, 3, 30, 3, 10, 3, 10, 3, 30, 3, 10, 3, 10, 3, 10, 3, 10, 3, 30, 3, 10, 3]",14.128530214424952
"[10, 3, 10, 3, 10, 3, 10, 3, 30, 3, 30, 3, 10, 3, 10, 3, 30, 3, 10, 3, 10, 3, 10, 3, 10, 3, 30, 3, 10, 3]",15.389561403508756
"[10, 3, 10, 3, 10, 3, 10, 3, 30, 3, 30, 3, 10, 3, 10, 3, 30, 3, 10, 3, 10, 3, 10, 3, 10, 3, 30, 3, 10, 3]",16.08402339181288
"[10, 3, 10, 3, 10, 3, 10, 3, 30, 3, 30, 3, 10, 3, 10, 3, 30, 3, 10, 3, 10, 3, 10, 3, 10, 3, 30, 3, 10, 3]",14.536044834307994
"[10, 3, 10, 3, 10, 3, 10, 3, 30, 3, 30, 3, 10, 3, 10, 3, 30, 3, 10, 3, 10, 3, 10, 3, 10, 3, 30, 3, 10, 3]",16.63412475633528
"[10, 3, 10, 3, 10, 3, 10, 3, 30, 3, 30, 3, 10, 3, 10, 3, 30, 3, 10, 3, 10, 3, 10, 3, 10, 3, 30, 3, 10, 3]",16.04323196881089
"[10, 3, 10, 3, 10, 3, 10, 3, 30, 3, 30, 3, 10, 3, 10, 3, 30, 3, 10, 3, 10, 3, 10, 3, 10, 3, 30, 3, 10, 3]",15.809255360623776
"[10, 3, 10, 3, 10, 3, 10, 3, 30, 3, 30, 3, 10, 3, 10, 3, 30, 3, 10, 3, 10, 3, 10, 3, 10, 3, 30, 3, 10, 3]",14.77628460038987
"[10, 3, 10, 3, 10, 3, 10, 3, 30, 3, 30, 3, 10, 3, 10, 3, 30, 3, 10, 3, 10, 3, 10, 3, 10, 3, 30, 3, 10, 3]",16.341497076023426
"[10, 3, 10, 3, 10, 3, 10, 3, 30, 3, 30, 3, 10, 3, 10, 3, 30, 3, 10, 3, 10, 3, 10, 3, 10, 3, 30, 3, 10, 3]",14.812290448343036
"[10, 3, 10, 3, 10, 3, 10, 3, 30, 3, 30, 3, 10, 3, 10, 3, 30, 3, 10, 3, 10, 3, 10, 3, 10, 3, 30, 3, 10, 3]",15.103729044834319
"[10, 3, 10, 3, 10, 3, 10, 3, 30, 3, 30, 3, 10, 3, 10, 3, 30, 3, 10, 3, 10, 3, 10, 3, 10, 3, 30, 3, 10, 3]",15.430440545808981
"[10, 3, 10, 3, 10, 3, 10, 3, 30, 3, 30, 3, 10, 3, 10, 3, 30, 3, 10, 3, 10, 3, 10, 3, 10, 3, 30, 3, 10, 3]",14.5476686159844
"[10, 3, 10, 3, 10, 3, 10, 3, 30, 3, 30, 3, 10, 3, 10, 3, 30, 3, 10, 3, 10, 3, 10, 3, 10, 3, 30, 3, 10, 3]",13.894011695906435
"[10, 3, 10, 3, 10, 3, 10, 3, 30, 3, 30, 3, 10, 3, 10, 3, 30, 3, 10, 3, 10, 3, 10, 3, 10, 3, 30, 3, 10, 3]",16.12996686159844
"[10, 3, 10, 3, 10, 3, 10, 3, 30, 3, 30, 3, 10, 3, 10, 3, 30, 3, 10, 3, 10, 3, 10, 3, 10, 3, 30, 3, 10, 3]",14.772220272904505
"[10, 3, 10, 3, 10, 3, 10, 3, 30, 3, 30, 3, 10, 3, 10, 3, 30, 3, 10, 3, 10, 3, 10, 3, 10, 3, 30, 3, 10, 3]",13.47856530214423
"[10, 3, 10, 3, 10, 3, 10, 3, 30, 3, 30, 3, 10, 3, 10, 3, 30, 3, 10, 3, 10, 3, 10, 3, 10, 3, 30, 3, 10, 3]",16.196941520467853
"[10, 3, 10, 3, 10, 3, 10, 3, 30, 3, 30, 3, 10, 3, 10, 3, 30, 3, 10, 3, 10, 3, 10, 3, 10, 3, 30, 3, 10, 3]",14.34722417153997
"[10, 3, 10, 3, 10, 3, 10, 3, 30, 3, 30, 3, 10, 3, 10, 3, 30, 3, 10, 3, 10, 3, 10, 3, 10, 3, 30, 3, 10, 3]",14.434231968810883
"[10, 3, 10, 3, 10, 3, 10, 3, 30, 3, 30, 3, 10, 3, 10, 3, 30, 3, 10, 3, 10, 3, 10, 3, 10, 3, 30, 3, 10, 3]",15.376762183235885
"[10, 3, 10, 3, 10, 3, 10, 3, 30, 3, 30, 3, 10, 3, 10, 3, 30, 3, 10, 3, 10, 3, 10, 3, 10, 3, 30, 3, 10, 3]",16.935682261208584
"[10, 3, 10, 3, 10, 3, 10, 3, 30, 3, 30, 3, 10, 3, 10, 3, 30, 3, 10, 3, 10, 3, 10, 3, 10, 3, 30, 3, 10, 3]",15.218526315789479
"[10, 3, 10, 3, 10, 3, 10, 3, 30, 3, 30, 3, 10, 3, 10, 3, 30, 3, 10, 3, 10, 3, 10, 3, 10, 3, 30, 3, 10, 3]",15.395760233918118
"[10, 3, 10, 3, 10, 3, 10, 3, 30, 3, 30, 3, 10, 3, 10, 3, 30, 3, 10, 3, 10, 3, 10, 3, 10, 3, 30, 3, 10, 3]",13.360543859649084
"[10, 3, 10, 3, 10, 3, 10, 3, 30, 3, 30, 3, 10, 3, 10, 3, 30, 3, 10, 3, 10, 3, 10, 3, 10, 3, 30, 3, 10, 3]",14.223727095516589
"[10, 3, 10, 3, 10, 3, 10, 3, 30, 3, 30, 3, 10, 3, 10, 3, 30, 3, 10, 3, 10, 3, 10, 3, 10, 3, 30, 3, 10, 3]",14.557586744639384
"[10, 3, 10, 3, 10, 3, 10, 3, 30, 3, 30, 3, 10, 3, 10, 3, 30, 3, 10, 3, 10, 3, 10, 3, 10, 3, 30, 3, 10, 3]",14.902853801169597
"[10, 3, 10, 3, 10, 3, 10, 3, 30, 3, 30, 3, 10, 3, 10, 3, 30, 3, 10, 3, 10, 3, 10, 3, 10, 3, 30, 3, 10, 3]",15.905261208577022
"[10, 3, 10, 3, 10, 3, 10, 3, 30, 3, 30, 3, 10, 3, 10, 3, 30, 3, 10, 3, 10, 3, 10, 3, 10, 3, 30, 3, 10, 3]",14.550637426900536
"[10, 3, 10, 3, 10, 3, 10, 3, 30, 3, 30, 3, 10, 3, 10, 3, 30, 3, 10, 3, 10, 3, 10, 3, 10, 3, 30, 3, 10, 3]",14.865668615984426
"[10, 3, 10, 3, 10, 3, 10, 3, 30, 3, 30, 3, 10, 3, 10, 3, 30, 3, 10, 3, 10, 3, 10, 3, 10, 3, 30, 3, 10, 3]",12.996688109161825
"[10, 3, 10, 3, 10, 3, 10, 3, 30, 3, 30, 3, 10, 3, 10, 3, 30, 3, 10, 3, 10, 3, 10, 3, 10, 3, 30, 3, 10, 3]",16.322202729044825
"[10, 3, 10, 3, 10, 3, 10, 3, 30, 3, 30, 3, 10, 3, 10, 3, 30, 3, 10, 3, 10, 3, 10, 3, 10, 3, 30, 3, 10, 3]",14.946863547758275
"[10, 3, 10, 3, 10, 3, 10, 3, 30, 3, 30, 3, 10, 3, 10, 3, 30, 3, 10, 3, 10, 3, 10, 3, 10, 3, 30, 3, 10, 3]",14.585660818713448
"[10, 3, 10, 3, 10, 3, 10, 3, 30, 3, 30, 3, 10, 3, 10, 3, 30, 3, 10, 3, 10, 3, 10, 3, 10, 3, 30, 3, 10, 3]",14.919105263157922
"[10, 3, 10, 3, 10, 3, 10, 3, 30, 3, 30, 3, 10, 3, 10, 3, 30, 3, 10, 3, 10, 3, 10, 3, 10, 3, 30, 3, 10, 3]",15.95144249512666
"[10, 3, 10, 3, 10, 3, 10, 3, 30, 3, 30, 3, 10, 3, 10, 3, 30, 3, 10, 3, 10, 3, 10, 3, 10, 3, 30, 3, 10, 3]",15.02346198830411
"[10, 3, 10, 3, 10, 3, 10, 3, 30, 3, 30, 3, 10, 3, 10, 3, 30, 3, 10, 3, 10, 3, 10, 3, 10, 3, 30, 3, 10, 3]",15.43102144249515
"[10, 3, 10, 3, 10, 3, 10, 3, 30, 3, 30, 3, 10, 3, 10, 3, 30, 3, 10, 3, 10, 3, 10, 3, 10, 3, 30, 3, 10, 3]",13.16534502923976
"[10, 3, 10, 3, 10, 3, 10, 3, 30, 3, 30, 3, 10, 3, 10, 3, 30, 3, 10, 3, 10, 3, 10, 3, 10, 3, 30, 3, 10, 3]",13.308198830409362
"[10, 3, 10, 3, 10, 3, 10, 3, 30, 3, 30, 3, 10, 3, 10, 3, 30, 3, 10, 3, 10, 3, 10, 3, 10, 3, 30, 3, 10, 3]",13.324339181286549
"[10, 3, 10, 3, 10, 3, 10, 3, 30, 3, 30, 3, 10, 3, 10, 3, 30, 3, 10, 3, 10, 3, 10, 3, 10, 3, 30, 3, 10, 3]",15.043641325536075
"[10, 3, 10, 3, 10, 3, 10, 3, 30, 3, 30, 3, 10, 3, 10, 3, 30, 3, 10, 3, 10, 3, 10, 3, 10, 3, 30, 3, 10, 3]",15.206980506822667
"[10, 3, 10, 3, 10, 3, 10, 3, 30, 3, 30, 3, 10, 3, 10, 3, 30, 3, 10, 3, 10, 3, 10, 3, 10, 3, 30, 3, 10, 3]",16.29227290448346
"[10, 3, 10, 3, 10, 3, 10, 3, 30, 3, 30, 3, 10, 3, 10, 3, 30, 3, 10, 3, 10, 3, 10, 3, 10, 3, 30, 3, 10, 3]",15.590695906432778
"[10, 3, 10, 3, 10, 3, 10, 3, 30, 3, 30, 3, 10, 3, 10, 3, 30, 3, 10, 3, 10, 3, 10, 3, 10, 3, 30, 3, 10, 3]",14.605009746588683
"[10, 3, 10, 3, 10, 3, 10, 3, 30, 3, 30, 3, 10, 3, 10, 3, 30, 3, 10, 3, 10, 3, 10, 3, 10, 3, 30, 3, 10, 3]",14.080085769980501
"[10, 3, 10, 3, 10, 3, 10, 3, 30, 3, 30, 3, 10, 3, 10, 3, 30, 3, 10, 3, 10, 3, 10, 3, 10, 3, 30, 3, 10, 3]",17.35538791423003
"[10, 3, 10, 3, 10, 3, 10, 3, 30, 3, 30, 3, 10, 3, 10, 3, 30, 3, 10, 3, 10, 3, 10, 3, 10, 3, 30, 3, 10, 3]",15.467130604288513
"[10, 3, 10, 3, 10, 3, 10, 3, 30, 3, 30, 3, 10, 3, 10, 3, 30, 3, 10, 3, 10, 3, 10, 3, 10, 3, 30, 3, 10, 3]",12.862138401559456
"[10, 3, 10, 3, 10, 3, 10, 3, 30, 3, 30, 3, 10, 3, 10, 3, 30, 3, 10, 3, 10, 3, 10, 3, 10, 3, 30, 3, 10, 3]",14.268265107212452
"[10, 3, 10, 3, 10, 3, 10, 3, 30, 3, 30, 3, 10, 3, 10, 3, 30, 3, 10, 3, 10, 3, 10, 3, 10, 3, 30, 3, 10, 3]",14.288458089668643
"[10, 3, 10, 3, 10, 3, 10, 3, 30, 3, 30, 3, 10, 3, 10, 3, 30, 3, 10, 3, 10, 3, 10, 3, 10, 3, 30, 3, 10, 3]",14.107479532163746
"[10, 3, 10, 3, 10, 3, 10, 3, 30, 3, 30, 3, 10, 3, 10, 3, 30, 3, 10, 3, 10, 3, 10, 3, 10, 3, 30, 3, 10, 3]",15.84217153996104
"[10, 3, 10, 3, 10, 3, 10, 3, 30, 3, 30, 3, 10, 3, 10, 3, 30, 3, 10, 3, 10, 3, 10, 3, 10, 3, 30, 3, 10, 3]",14.94696296296299
"[10, 3, 10, 3, 10, 3, 10, 3, 30, 3, 30, 3, 10, 3, 10, 3, 30, 3, 10, 3, 10, 3, 10, 3, 10, 3, 30, 3, 10, 3]",14.107436647173481
"[10, 3, 10, 3, 10, 3, 10, 3, 30, 3, 30, 3, 10, 3, 10, 3, 30, 3, 10, 3, 10, 3, 10, 3, 10, 3, 30, 3, 10, 3]",16.72713060428853
"[10, 3, 10, 3, 10, 3, 10, 3, 30, 3, 30, 3, 10, 3, 10, 3, 30, 3, 10, 3, 10, 3, 10, 3, 10, 3, 30, 3, 10, 3]",14.19396686159842
"[10, 3, 10, 3, 10, 3, 10, 3, 30, 3, 30, 3, 10, 3, 10, 3, 30, 3, 10, 3, 10, 3, 10, 3, 10, 3, 30, 3, 10, 3]",14.303914230019506
"[10, 3, 10, 3, 10, 3, 10, 3, 30, 3, 30, 3, 10, 3, 10, 3, 30, 3, 10, 3, 10, 3, 10, 3, 10, 3, 30, 3, 10, 3]",14.003434697855761
"[10, 3, 10, 3, 10, 3, 10, 3, 30, 3, 30, 3, 10, 3, 10, 3, 30, 3, 10, 3, 10, 3, 10, 3, 10, 3, 30, 3, 10, 3]",15.588881091617939
"[10, 3, 10, 3, 10, 3, 10, 3, 30, 3, 30, 3, 10, 3, 10, 3, 30, 3, 10, 3, 10, 3, 10, 3, 10, 3, 30, 3, 10, 3]",14.001442495126708
"[10, 3, 10, 3, 10, 3, 10, 3, 30, 3, 30, 3, 10, 3, 10, 3, 30, 3, 10, 3, 10, 3, 10, 3, 10, 3, 30, 3, 10, 3]",15.781083820662769
"[10, 3, 10, 3, 10, 3, 10, 3, 30, 3, 30, 3, 10, 3, 10, 3, 30, 3, 10, 3, 10, 3, 10, 3, 10, 3, 30, 3, 10, 3]",14.571356725146199
"[10, 3, 10, 3, 10, 3, 10, 3, 30, 3, 30, 3, 10, 3, 10, 3, 30, 3, 10, 3, 10, 3, 10, 3, 10, 3, 30, 3, 10, 3]",14.809245614035088
"[10, 3, 10, 3, 10, 3, 10, 3, 30, 3, 30, 3, 10, 3, 10, 3, 30, 3, 10, 3, 10, 3, 10, 3, 10, 3, 30, 3, 10, 3]",14.32206432748537
"[10, 3, 10, 3, 10, 3, 10, 3, 30, 3, 30, 3, 10, 3, 10, 3, 30, 3, 10, 3, 10, 3, 10, 3, 10, 3, 30, 3, 10, 3]",15.251058479532128
"[10, 3, 10, 3, 10, 3, 10, 3, 30, 3, 30, 3, 10, 3, 10, 3, 30, 3, 10, 3, 10, 3, 10, 3, 10, 3, 30, 3, 10, 3]",15.560354775828475
"[10, 3, 10, 3, 10, 3, 10, 3, 30, 3, 30, 3, 10, 3, 10, 3, 30, 3, 10, 3, 10, 3, 10, 3, 10, 3, 30, 3, 10, 3]",14.794937621832336
"[10, 3, 10, 3, 10, 3, 10, 3, 30, 3, 30, 3, 10, 3, 10, 3, 30, 3, 10, 3, 10, 3, 10, 3, 10, 3, 30, 3, 10, 3]",15.48392202729048
"[10, 3, 10, 3, 10, 3, 10, 3, 30, 3, 30, 3, 10, 3, 10, 3, 30, 3, 10, 3, 10, 3, 10, 3, 10, 3, 30, 3, 10, 3]",14.43645224171543
"[10, 3, 10, 3, 10, 3, 10, 3, 30, 3, 30, 3, 10, 3, 10, 3, 30, 3, 10, 3, 10, 3, 10, 3, 10, 3, 30, 3, 10, 3]",14.844235867446407
"[10, 3, 10, 3, 10, 3, 10, 3, 30, 3, 30, 3, 10, 3, 10, 3, 30, 3, 10, 3, 10, 3, 10, 3, 10, 3, 30, 3, 10, 3]",14.981417153996105
"[10, 3, 10, 3, 10, 3, 10, 3, 30, 3, 30, 3, 10, 3, 10, 3, 30, 3, 10, 3, 10, 3, 10, 3, 10, 3, 30, 3, 10, 3]",14.447311890838249
"[10, 3, 10, 3, 10, 3, 10, 3, 30, 3, 30, 3, 10, 3, 10, 3, 30, 3, 10, 3, 10, 3, 10, 3, 10, 3, 30, 3, 10, 3]",15.437031189083838
"[10, 3, 10, 3, 10, 3, 10, 3, 30, 3, 30, 3, 10, 3, 10, 3, 30, 3, 10, 3, 10, 3, 10, 3, 10, 3, 30, 3, 10, 3]",14.308450292397664
"[10, 3, 10, 3, 10, 3, 10, 3, 30, 3, 30, 3, 10, 3, 10, 3, 30, 3, 10, 3, 10, 3, 10, 3, 10, 3, 30, 3, 10, 3]",14.671093567251496
"[10, 3, 10, 3, 10, 3, 10, 3, 30, 3, 30, 3, 10, 3, 10, 3, 30, 3, 10, 3, 10, 3, 10, 3, 10, 3, 30, 3, 10, 3]",15.948910331384006
"[10, 3, 10, 3, 10, 3, 10, 3, 30, 3, 30, 3, 10, 3, 10, 3, 30, 3, 10, 3, 10, 3, 10, 3, 10, 3, 30, 3, 10, 3]",14.929894736842117
"[10, 3, 10, 3, 10, 3, 10, 3, 30, 3, 30, 3, 10, 3, 10, 3, 30, 3, 10, 3, 10, 3, 10, 3, 10, 3, 30, 3, 10, 3]",14.073949317738757
"[10, 3, 10, 3, 10, 3, 10, 3, 30, 3, 30, 3, 10, 3, 10, 3, 30, 3, 10, 3, 10, 3, 10, 3, 10, 3, 30, 3, 10, 3]",12.770479532163767
"[10, 3, 10, 3, 10, 3, 10, 3, 30, 3, 30, 3, 10, 3, 10, 3, 30, 3, 10, 3, 10, 3, 10, 3, 10, 3, 30, 3, 10, 3]",12.682534113060436
"[10, 3, 10, 3, 10, 3, 10, 3, 30, 3, 30, 3, 10, 3, 10, 3, 30, 3, 10, 3, 10, 3, 10, 3, 10, 3, 30, 3, 10, 3]",15.334978557504895
"[10, 3, 10, 3, 10, 3, 10, 3, 30, 3, 30, 3, 10, 3, 10, 3, 30, 3, 10, 3, 10, 3, 10, 3, 10, 3, 30, 3, 10, 3]",14.129768031189077
"[10, 3, 10, 3, 10, 3, 10, 3, 30, 3, 30, 3, 10, 3, 10, 3, 30, 3, 10, 3, 10, 3, 10, 3, 10, 3, 30, 3, 10, 3]",15.45286159844055
"[10, 3, 10, 3, 10, 3, 10, 3, 30, 3, 30, 3, 10, 3, 10, 3, 30, 3, 10, 3, 10, 3, 10, 3, 10, 3, 30, 3, 10, 3]",15.232134502923982
"[10, 3, 10, 3, 10, 3, 10, 3, 30, 3, 30, 3, 10, 3, 10, 3, 30, 3, 10, 3, 10, 3, 10, 3, 10, 3, 30, 3, 10, 3]",15.252249512670542
"[10, 3, 10, 3, 10, 3, 10, 3, 30, 3, 30, 3, 10, 3, 10, 3, 30, 3, 10, 3, 10, 3, 10, 3, 10, 3, 30, 3, 10, 3]",14.917405458089698
"[10, 3, 10, 3, 10, 3, 10, 3, 30, 3, 30, 3, 10, 3, 10, 3, 30, 3, 10, 3, 10, 3, 10, 3, 10, 3, 30, 3, 10, 3]",14.845499025341097
"[10, 3, 10, 3, 10, 3, 10, 3, 30, 3, 30, 3, 10, 3, 10, 3, 30, 3, 10, 3, 10, 3, 10, 3, 10, 3, 30, 3, 10, 3]",14.669280701754396
"[10, 3, 10, 3, 10, 3, 10, 3, 30, 3, 30, 3, 10, 3, 10, 3, 30, 3, 10, 3, 10, 3, 10, 3, 10, 3, 30, 3, 10, 3]",14.764228070175417
"[10, 3, 10, 3, 10, 3, 10, 3, 30, 3, 30, 3, 10, 3, 10, 3, 30, 3, 10, 3, 10, 3, 10, 3, 10, 3, 30, 3, 10, 3]",13.783990253411332
"[10, 3, 10, 3, 10, 3, 10, 3, 30, 3, 30, 3, 10, 3, 10, 3, 30, 3, 10, 3, 10, 3, 10, 3, 10, 3, 30, 3, 10, 3]",14.958247563352833
"[10, 3, 10, 3, 10, 3, 10, 3, 30, 3, 30, 3, 10, 3, 10, 3, 30, 3, 10, 3, 10, 3, 10, 3, 10, 3, 30, 3, 10, 3]",15.37893957115008
"[10, 3, 10, 3, 10, 3, 10, 3, 30, 3, 30, 3, 10, 3, 10, 3, 30, 3, 10, 3, 10, 3, 10, 3, 10, 3, 30, 3, 10, 3]",12.593838206627673
"[10, 3, 10, 3, 10, 3, 10, 3, 30, 3, 30, 3, 10, 3, 10, 3, 30, 3, 10, 3, 10, 3, 10, 3, 10, 3, 30, 3, 10, 3]",14.307530214424997
"[10, 3, 10, 3, 10, 3, 10, 3, 30, 3, 30, 3, 10, 3, 10, 3, 30, 3, 10, 3, 10, 3, 10, 3, 10, 3, 30, 3, 10, 3]",15.237567251461993
"[10, 3, 10, 3, 10, 3, 10, 3, 30, 3, 30, 3, 10, 3, 10, 3, 30, 3, 10, 3, 10, 3, 10, 3, 10, 3, 30, 3, 10, 3]",15.348637426900577
"[10, 3, 10, 3, 10, 3, 10, 3, 30, 3, 30, 3, 10, 3, 10, 3, 30, 3, 10, 3, 10, 3, 10, 3, 10, 3, 30, 3, 10, 3]",13.673391812865532
"[10, 3, 10, 3, 10, 3, 10, 3, 30, 3, 30, 3, 10, 3, 10, 3, 30, 3, 10, 3, 10, 3, 10, 3, 10, 3, 30, 3, 10, 3]",12.079506822612068
"[10, 3, 10, 3, 10, 3, 10, 3, 30, 3, 30, 3, 10, 3, 10, 3, 30, 3, 10, 3, 10, 3, 10, 3, 10, 3, 30, 3, 10, 3]",14.660040935672535
"[10, 3, 10, 3, 10, 3, 10, 3, 30, 3, 30, 3, 10, 3, 10, 3, 30, 3, 10, 3, 10, 3, 10, 3, 10, 3, 30, 3, 10, 3]",15.10460038986359
"[10, 3, 10, 3, 10, 3, 10, 3, 30, 3, 30, 3, 10, 3, 10, 3, 30, 3, 10, 3, 10, 3, 10, 3, 10, 3, 30, 3, 10, 3]",14.592875243664674
"[10, 3, 10, 3, 10, 3, 10, 3, 30, 3, 30, 3, 10, 3, 10, 3, 30, 3, 10, 3, 10, 3, 10, 3, 10, 3, 30, 3, 10, 3]",15.10295711500977
"[10, 3, 10, 3, 10, 3, 10, 3, 30, 3, 30, 3, 10, 3, 10, 3, 30, 3, 10, 3, 10, 3, 10, 3, 10, 3, 30, 3, 10, 3]",16.599896686159862
"[10, 3, 10, 3, 10, 3, 10, 3, 30, 3, 30, 3, 10, 3, 10, 3, 30, 3, 10, 3, 10, 3, 10, 3, 10, 3, 30, 3, 10, 3]",15.924233918128683
"[10, 3, 10, 3, 10, 3, 10, 3, 30, 3, 30, 3, 10, 3, 10, 3, 30, 3, 10, 3, 10, 3, 10, 3, 10, 3, 30, 3, 10, 3]",14.959138401559475
"[10, 3, 10, 3, 10, 3, 10, 3, 30, 3, 30, 3, 10, 3, 10, 3, 30, 3, 10, 3, 10, 3, 10, 3, 10, 3, 30, 3, 10, 3]",14.637931773879117
"[10, 3, 10, 3, 10, 3, 10, 3, 30, 3, 30, 3, 10, 3, 10, 3, 30, 3, 10, 3, 10, 3, 10, 3, 10, 3, 30, 3, 10, 3]",15.851688109161799
"[10, 3, 10, 3, 10, 3, 10, 3, 30, 3, 30, 3, 10, 3, 10, 3, 30, 3, 10, 3, 10, 3, 10, 3, 10, 3, 30, 3, 10, 3]",14.973226120857724
"[10, 3, 10, 3, 10, 3, 10, 3, 30, 3, 30, 3, 10, 3, 10, 3, 30, 3, 10, 3, 10, 3, 10, 3, 10, 3, 30, 3, 10, 3]",15.178206627680318
"[10, 3, 10, 3, 10, 3, 10, 3, 30, 3, 30, 3, 10, 3, 10, 3, 30, 3, 10, 3, 10, 3, 10, 3, 10, 3, 30, 3, 10, 3]",15.3475536062378
"[10, 3, 10, 3, 10, 3, 10, 3, 30, 3, 30, 3, 10, 3, 10, 3, 30, 3, 10, 3, 10, 3, 10, 3, 10, 3, 30, 3, 10, 3]",14.052058479532151
"[10, 3, 10, 3, 10, 3, 10, 3, 30, 3, 30, 3, 10, 3, 10, 3, 30, 3, 10, 3, 10, 3, 10, 3, 10, 3, 30, 3, 10, 3]",15.241563352826507
"[10, 3, 10, 3, 10, 3, 10, 3, 30, 3, 30, 3, 10, 3, 10, 3, 30, 3, 10, 3, 10, 3, 10, 3, 10, 3, 30, 3, 10, 3]",14.734886939571167
"[10, 3, 10, 3, 10, 3, 10, 3, 30, 3, 30, 3, 10, 3, 10, 3, 30, 3, 10, 3, 10, 3, 10, 3, 10, 3, 30, 3, 10, 3]",14.479912280701758
"[10, 3, 10, 3, 10, 3, 10, 3, 30, 3, 30, 3, 10, 3, 10, 3, 30, 3, 10, 3, 10, 3, 10, 3, 10, 3, 30, 3, 10, 3]",13.978547758284602
"[10, 3, 10, 3, 10, 3, 10, 3, 30, 3, 30, 3, 10, 3, 10, 3, 30, 3, 10, 3, 10, 3, 10, 3, 10, 3, 30, 3, 10, 3]",15.480253411306052
"[10, 3, 10, 3, 10, 3, 10, 3, 30, 3, 30, 3, 10, 3, 10, 3, 30, 3, 10, 3, 10, 3, 10, 3, 10, 3, 30, 3, 10, 3]",13.95033723196879
"[10, 3, 10, 3, 10, 3, 10, 3, 30, 3, 30, 3, 10, 3, 10, 3, 30, 3, 10, 3, 10, 3, 10, 3, 10, 3, 30, 3, 10, 3]",14.47992787524367
"[10, 3, 10, 3, 10, 3, 10, 3, 30, 3, 30, 3, 10, 3, 10, 3, 30, 3, 10, 3, 10, 3, 10, 3, 10, 3, 30, 3, 10, 3]",14.199048732943462
"[10, 3, 10, 3, 10, 3, 10, 3, 30, 3, 30, 3, 10, 3, 10, 3, 30, 3, 10, 3, 10, 3, 10, 3, 10, 3, 30, 3, 10, 3]",15.465315789473639
"[10, 3, 10, 3, 10, 3, 10, 3, 30, 3, 30, 3, 10, 3, 10, 3, 30, 3, 10, 3, 10, 3, 10, 3, 10, 3, 30, 3, 10, 3]",13.436185185185225
"[10, 3, 10, 3, 10, 3, 10, 3, 30, 3, 30, 3, 10, 3, 10, 3, 30, 3, 10, 3, 10, 3, 10, 3, 10, 3, 30, 3, 10, 3]",13.994623781676419
"[10, 3, 10, 3, 10, 3, 10, 3, 30, 3, 30, 3, 10, 3, 10, 3, 30, 3, 10, 3, 10, 3, 10, 3, 10, 3, 30, 3, 10, 3]",14.730083820662752
"[10, 3, 10, 3, 10, 3, 10, 3, 30, 3, 30, 3, 10, 3, 10, 3, 30, 3, 10, 3, 10, 3, 10, 3, 10, 3, 30, 3, 10, 3]",14.558970760233898
"[10, 3, 10, 3, 10, 3, 10, 3, 30, 3, 30, 3, 10, 3, 10, 3, 30, 3, 10, 3, 10, 3, 10, 3, 10, 3, 30, 3, 10, 3]",14.816656920077964
"[10, 3, 10, 3, 10, 3, 10, 3, 30, 3, 30, 3, 10, 3, 10, 3, 30, 3, 10, 3, 10, 3, 10, 3, 10, 3, 30, 3, 10, 3]",14.237224171539953
"[10, 3, 10, 3, 10, 3, 10, 3, 30, 3, 30, 3, 10, 3, 10, 3, 30, 3, 10, 3, 10, 3, 10, 3, 10, 3, 30, 3, 10, 3]",14.338461988304113
"[10, 3, 10, 3, 10, 3, 10, 3, 30, 3, 30, 3, 10, 3, 10, 3, 30, 3, 10, 3, 10, 3, 10, 3, 10, 3, 30, 3, 10, 3]",13.99437426900585
"[10, 3, 10, 3, 10, 3, 10, 3, 30, 3, 30, 3, 10, 3, 10, 3, 30, 3, 10, 3, 10, 3, 10, 3, 10, 3, 30, 3, 10, 3]",13.901048732943481
"[10, 3, 10, 3, 10, 3, 10, 3, 30, 3, 30, 3, 10, 3, 10, 3, 30, 3, 10, 3, 10, 3, 10, 3, 10, 3, 30, 3, 10, 3]",15.315502923976624
"[10, 3, 10, 3, 10, 3, 10, 3, 30, 3, 30, 3, 10, 3, 10, 3, 30, 3, 10, 3, 10, 3, 10, 3, 10, 3, 30, 3, 10, 3]",14.60089278752435
"[10, 3, 10, 3, 10, 3, 10, 3, 30, 3, 30, 3, 10, 3, 10, 3, 30, 3, 10, 3, 10, 3, 10, 3, 10, 3, 30, 3, 10, 3]",14.580783625730986
"[10, 3, 10, 3, 10, 3, 10, 3, 30, 3, 30, 3, 10, 3, 10, 3, 30, 3, 10, 3, 10, 3, 10, 3, 10, 3, 30, 3, 10, 3]",15.25208382066277
"[10, 3, 10, 3, 10, 3, 10, 3, 30, 3, 30, 3, 10, 3, 10, 3, 30, 3, 10, 3, 10, 3, 10, 3, 10, 3, 30, 3, 10, 3]",15.777304093567222
"[10, 3, 10, 3, 10, 3, 10, 3, 30, 3, 30, 3, 10, 3, 10, 3, 30, 3, 10, 3, 10, 3, 10, 3, 10, 3, 30, 3, 10, 3]",14.766555555555513
"[10, 3, 10, 3, 10, 3, 10, 3, 30, 3, 30, 3, 10, 3, 10, 3, 30, 3, 10, 3, 10, 3, 10, 3, 10, 3, 30, 3, 10, 3]",14.595859649122785
"[10, 3, 10, 3, 10, 3, 10, 3, 30, 3, 30, 3, 10, 3, 10, 3, 30, 3, 10, 3, 10, 3, 10, 3, 10, 3, 30, 3, 10, 3]",15.213405458089653
"[10, 3, 10, 3, 10, 3, 10, 3, 30, 3, 30, 3, 10, 3, 10, 3, 30, 3, 10, 3, 10, 3, 10, 3, 10, 3, 30, 3, 10, 3]",15.164395711500957
"[10, 3, 10, 3, 10, 3, 10, 3, 30, 3, 30, 3, 10, 3, 10, 3, 30, 3, 10, 3, 10, 3, 10, 3, 10, 3, 30, 3, 10, 3]",13.642290448343058
"[10, 3, 10, 3, 10, 3, 10, 3, 30, 3, 30, 3, 10, 3, 10, 3, 30, 3, 10, 3, 10, 3, 10, 3, 10, 3, 30, 3, 10, 3]",14.871226120857738
"[10, 3, 10, 3, 10, 3, 10, 3, 30, 3, 30, 3, 10, 3, 10, 3, 30, 3, 10, 3, 10, 3, 10, 3, 10, 3, 30, 3, 10, 3]",14.419764132553617
"[10, 3, 10, 3, 10, 3, 10, 3, 30, 3, 30, 3, 10, 3, 10, 3, 30, 3, 10, 3, 10, 3, 10, 3, 10, 3, 30, 3, 10, 3]",16.21629044834308
"[10, 3, 10, 3, 10, 3, 10, 3, 30, 3, 30, 3, 10, 3, 10, 3, 30, 3, 10, 3, 10, 3, 10, 3, 10, 3, 30, 3, 10, 3]",15.629592592592608
"[10, 3, 10, 3, 10, 3, 10, 3, 30, 3, 30, 3, 10, 3, 10, 3, 30, 3, 10, 3, 10, 3, 10, 3, 10, 3, 30, 3, 10, 3]",15.18469200779727
"[10, 3, 10, 3, 10, 3, 10, 3, 30, 3, 30, 3, 10, 3, 10, 3, 30, 3, 10, 3, 10, 3, 10, 3, 10, 3, 30, 3, 10, 3]",12.878649122806989
"[10, 3, 10, 3, 10, 3, 10, 3, 30, 3, 30, 3, 10, 3, 10, 3, 30, 3, 10, 3, 10, 3, 10, 3, 10, 3, 30, 3, 10, 3]",13.768571150097426
"[10, 3, 10, 3, 10, 3, 10, 3, 30, 3, 30, 3, 10, 3, 10, 3, 30, 3, 10, 3, 10, 3, 10, 3, 10, 3, 30, 3, 10, 3]",14.057826510721236
"[10, 3, 10, 3, 10, 3, 10, 3, 30, 3, 30, 3, 10, 3, 10, 3, 30, 3, 10, 3, 10, 3, 10, 3, 10, 3, 30, 3, 10, 3]",15.037307992202784
"[10, 3, 10, 3, 10, 3, 10, 3, 30, 3, 30, 3, 10, 3, 10, 3, 30, 3, 10, 3, 10, 3, 10, 3, 10, 3, 30, 3, 10, 3]",15.39032748538009
"[10, 3, 10, 3, 10, 3, 10, 3, 30, 3, 30, 3, 10, 3, 10, 3, 30, 3, 10, 3, 10, 3, 10, 3, 10, 3, 30, 3, 10, 3]",15.439134502923961
"[10, 3, 10, 3, 10, 3, 10, 3, 30, 3, 30, 3, 10, 3, 10, 3, 30, 3, 10, 3, 10, 3, 10, 3, 10, 3, 30, 3, 10, 3]",15.481263157894757
"[10, 3, 10, 3, 10, 3, 10, 3, 30, 3, 30, 3, 10, 3, 10, 3, 30, 3, 10, 3, 10, 3, 10, 3, 10, 3, 30, 3, 10, 3]",14.452978557504899
"[10, 3, 10, 3, 10, 3, 10, 3, 30, 3, 30, 3, 10, 3, 10, 3, 30, 3, 10, 3, 10, 3, 10, 3, 10, 3, 30, 3, 10, 3]",15.92803118908379
"[10, 3, 10, 3, 10, 3, 10, 3, 30, 3, 30, 3, 10, 3, 10, 3, 30, 3, 10, 3, 10, 3, 10, 3, 10, 3, 30, 3, 10, 3]",15.506387914230023
"[10, 3, 10, 3, 10, 3, 10, 3, 30, 3, 30, 3, 10, 3, 10, 3, 30, 3, 10, 3, 10, 3, 10, 3, 10, 3, 30, 3, 10, 3]",13.875649122807012
"[10, 3, 10, 3, 10, 3, 10, 3, 30, 3, 30, 3, 10, 3, 10, 3, 30, 3, 10, 3, 10, 3, 10, 3, 10, 3, 30, 3, 10, 3]",15.538518518518506
"[10, 3, 10, 3, 10, 3, 10, 3, 30, 3, 30, 3, 10, 3, 10, 3, 30, 3, 10, 3, 10, 3, 10, 3, 10, 3, 30, 3, 10, 3]",15.006003898635484
"[10, 3, 10, 3, 10, 3, 10, 3, 30, 3, 30, 3, 10, 3, 10, 3, 30, 3, 10, 3, 10, 3, 10, 3, 10, 3, 30, 3, 10, 3]",14.929118908382032
"[10, 3, 10, 3, 10, 3, 10, 3, 30, 3, 30, 3, 10, 3, 10, 3, 30, 3, 10, 3, 10, 3, 10, 3, 10, 3, 30, 3, 10, 3]",14.03797270955166
"[10, 3, 10, 3, 10, 3, 10, 3, 30, 3, 30, 3, 10, 3, 10, 3, 30, 3, 10, 3, 10, 3, 10, 3, 10, 3, 30, 3, 10, 3]",13.529610136452257
"[10, 3, 10, 3, 10, 3, 10, 3, 30, 3, 30, 3, 10, 3, 10, 3, 30, 3, 10, 3, 10, 3, 10, 3, 10, 3, 30, 3, 10, 3]",14.38371150097468
"[10, 3, 10, 3, 10, 3, 10, 3, 30, 3, 30, 3, 10, 3, 10, 3, 30, 3, 10, 3, 10, 3, 10, 3, 10, 3, 30, 3, 10, 3]",14.247405458089634
"[10, 3, 10, 3, 10, 3, 10, 3, 30, 3, 30, 3, 10, 3, 10, 3, 30, 3, 10, 3, 10, 3, 10, 3, 10, 3, 30, 3, 10, 3]",15.136972709551678
"[10, 3, 10, 3, 10, 3, 10, 3, 30, 3, 30, 3, 10, 3, 10, 3, 30, 3, 10, 3, 10, 3, 10, 3, 10, 3, 30, 3, 10, 3]",15.284994152046771
"[10, 3, 10, 3, 10, 3, 10, 3, 30, 3, 30, 3, 10, 3, 10, 3, 30, 3, 10, 3, 10, 3, 10, 3, 10, 3, 30, 3, 10, 3]",14.76938596491228
"[10, 3, 10, 3, 10, 3, 10, 3, 30, 3, 30, 3, 10, 3, 10, 3, 30, 3, 10, 3, 10, 3, 10, 3, 10, 3, 30, 3, 10, 3]",14.880204678362585
"[10, 3, 10, 3, 10, 3, 10, 3, 30, 3, 30, 3, 10, 3, 10, 3, 30, 3, 10, 3, 10, 3, 10, 3, 10, 3, 30, 3, 10, 3]",14.89862573099414
"[10, 3, 10, 3, 10, 3, 10, 3, 30, 3, 30, 3, 10, 3, 10, 3, 30, 3, 10, 3, 10, 3, 10, 3, 10, 3, 30, 3, 10, 3]",16.105695906432754
"[10, 3, 10, 3, 10, 3, 10, 3, 30, 3, 30, 3, 10, 3, 10, 3, 30, 3, 10, 3, 10, 3, 10, 3, 10, 3, 30, 3, 10, 3]",15.732594541910311
"[10, 3, 10, 3, 10, 3, 10, 3, 30, 3, 30, 3, 10, 3, 10, 3, 30, 3, 10, 3, 10, 3, 10, 3, 10, 3, 30, 3, 10, 3]",13.386888888888882
"[10, 3, 10, 3, 10, 3, 10, 3, 30, 3, 30, 3, 10, 3, 10, 3, 30, 3, 10, 3, 10, 3, 10, 3, 10, 3, 30, 3, 10, 3]",14.752298245614051
"[10, 3, 10, 3, 10, 3, 10, 3, 30, 3, 30, 3, 10, 3, 10, 3, 30, 3, 10, 3, 10, 3, 10, 3, 10, 3, 30, 3, 10, 3]",15.914469785575008
"[10, 3, 10, 3, 10, 3, 10, 3, 30, 3, 30, 3, 10, 3, 10, 3, 30, 3, 10, 3, 10, 3, 10, 3, 10, 3, 30, 3, 10, 3]",15.706364522417157
"[10, 3, 10, 3, 10, 3, 10, 3, 30, 3, 30, 3, 10, 3, 10, 3, 30, 3, 10, 3, 10, 3, 10, 3, 10, 3, 30, 3, 10, 3]",15.618109161793395
"[10, 3, 10, 3, 10, 3, 10, 3, 30, 3, 30, 3, 10, 3, 10, 3, 30, 3, 10, 3, 10, 3, 10, 3, 10, 3, 30, 3, 10, 3]",14.928662768031195
"[10, 3, 10, 3, 10, 3, 10, 3, 30, 3, 30, 3, 10, 3, 10, 3, 30, 3, 10, 3, 10, 3, 10, 3, 10, 3, 30, 3, 10, 3]",14.514440545808949
"[10, 3, 10, 3, 10, 3, 10, 3, 30, 3, 30, 3, 10, 3, 10, 3, 30, 3, 10, 3, 10, 3, 10, 3, 10, 3, 30, 3, 10, 3]",13.900362573099434
"[10, 3, 10, 3, 10, 3, 10, 3, 30, 3, 30, 3, 10, 3, 10, 3, 30, 3, 10, 3, 10, 3, 10, 3, 10, 3, 30, 3, 10, 3]",15.081814814814782
"[10, 3, 10, 3, 10, 3, 10, 3, 30, 3, 30, 3, 10, 3, 10, 3, 30, 3, 10, 3, 10, 3, 10, 3, 10, 3, 30, 3, 10, 3]",14.04943274853799
"[10, 3, 10, 3, 10, 3, 10, 3, 30, 3, 30, 3, 10, 3, 10, 3, 30, 3, 10, 3, 10, 3, 10, 3, 10, 3, 30, 3, 10, 3]",14.917220272904487
"[10, 3, 10, 3, 10, 3, 10, 3, 30, 3, 30, 3, 10, 3, 10, 3, 30, 3, 10, 3, 10, 3, 10, 3, 10, 3, 30, 3, 10, 3]",14.9703606237817
"[10, 3, 10, 3, 10, 3, 10, 3, 30, 3, 30, 3, 10, 3, 10, 3, 30, 3, 10, 3, 10, 3, 10, 3, 10, 3, 30, 3, 10, 3]",14.140660818713451
"[10, 3, 10, 3, 10, 3, 10, 3, 30, 3, 30, 3, 10, 3, 10, 3, 30, 3, 10, 3, 10, 3, 10, 3, 10, 3, 30, 3, 10, 3]",13.887083820662783
"[10, 3, 10, 3, 10, 3, 10, 3, 30, 3, 30, 3, 10, 3, 10, 3, 30, 3, 10, 3, 10, 3, 10, 3, 10, 3, 30, 3, 10, 3]",15.282300194931766
"[10, 3, 10, 3, 10, 3, 10, 3, 30, 3, 30, 3, 10, 3, 10, 3, 30, 3, 10, 3, 10, 3, 10, 3, 10, 3, 30, 3, 10, 3]",15.00492202729045
"[10, 3, 10, 3, 10, 3, 10, 3, 30, 3, 30, 3, 10, 3, 10, 3, 30, 3, 10, 3, 10, 3, 10, 3, 10, 3, 30, 3, 10, 3]",12.493362573099427
"[10, 3, 10, 3, 10, 3, 10, 3, 30, 3, 30, 3, 10, 3, 10, 3, 30, 3, 10, 3, 10, 3, 10, 3, 10, 3, 30, 3, 10, 3]",14.09665497076021
"[10, 3, 10, 3, 10, 3, 10, 3, 30, 3, 30, 3, 10, 3, 10, 3, 30, 3, 10, 3, 10, 3, 10, 3, 10, 3, 30, 3, 10, 3]",15.617518518518526
"[10, 3, 10, 3, 10, 3, 10, 3, 30, 3, 30, 3, 10, 3, 10, 3, 30, 3, 10, 3, 10, 3, 10, 3, 10, 3, 30, 3, 10, 3]",14.648935672514593
"[10, 3, 10, 3, 10, 3, 10, 3, 30, 3, 30, 3, 10, 3, 10, 3, 30, 3, 10, 3, 10, 3, 10, 3, 10, 3, 30, 3, 10, 3]",13.25069200779725
"[10, 3, 10, 3, 10, 3, 10, 3, 30, 3, 30, 3, 10, 3, 10, 3, 30, 3, 10, 3, 10, 3, 10, 3, 10, 3, 30, 3, 10, 3]",13.442799220272848
"[10, 3, 10, 3, 10, 3, 10, 3, 30, 3, 30, 3, 10, 3, 10, 3, 30, 3, 10, 3, 10, 3, 10, 3, 10, 3, 30, 3, 10, 3]",14.791789473684222
"[10, 3, 10, 3, 10, 3, 10, 3, 30, 3, 30, 3, 10, 3, 10, 3, 30, 3, 10, 3, 10, 3, 10, 3, 10, 3, 30, 3, 10, 3]",13.645058479532175
"[10, 3, 10, 3, 10, 3, 10, 3, 30, 3, 30, 3, 10, 3, 10, 3, 30, 3, 10, 3, 10, 3, 10, 3, 10, 3, 30, 3, 10, 3]",15.697444444444464
"[10, 3, 10, 3, 10, 3, 10, 3, 30, 3, 30, 3, 10, 3, 10, 3, 30, 3, 10, 3, 10, 3, 10, 3, 10, 3, 30, 3, 10, 3]",14.349602339181263
"[10, 3, 10, 3, 10, 3, 10, 3, 30, 3, 30, 3, 10, 3, 10, 3, 30, 3, 10, 3, 10, 3, 10, 3, 10, 3, 30, 3, 10, 3]",15.996666666666698
"[10, 3, 10, 3, 10, 3, 10, 3, 30, 3, 30, 3, 10, 3, 10, 3, 30, 3, 10, 3, 10, 3, 10, 3, 10, 3, 30, 3, 10, 3]",14.732261208577013
"[10, 3, 10, 3, 10, 3, 10, 3, 30, 3, 30, 3, 10, 3, 10, 3, 30, 3, 10, 3, 10, 3, 10, 3, 10, 3, 30, 3, 10, 3]",13.148692007797258
"[10, 3, 10, 3, 10, 3, 10, 3, 30, 3, 30, 3, 10, 3, 10, 3, 30, 3, 10, 3, 10, 3, 10, 3, 10, 3, 30, 3, 10, 3]",15.400964912280694
"[10, 3, 10, 3, 10, 3, 10, 3, 30, 3, 30, 3, 10, 3, 10, 3, 30, 3, 10, 3, 10, 3, 10, 3, 10, 3, 30, 3, 10, 3]",15.775120857699768
"[10, 3, 10, 3, 10, 3, 10, 3, 30, 3, 30, 3, 10, 3, 10, 3, 30, 3, 10, 3, 10, 3, 10, 3, 10, 3, 30, 3, 10, 3]",16.63923196881089
"[10, 3, 10, 3, 10, 3, 10, 3, 30, 3, 30, 3, 10, 3, 10, 3, 30, 3, 10, 3, 10, 3, 10, 3, 10, 3, 30, 3, 10, 3]",14.470740740740785
"[10, 3, 10, 3, 10, 3, 10, 3, 30, 3, 30, 3, 10, 3, 10, 3, 30, 3, 10, 3, 10, 3, 10, 3, 10, 3, 30, 3, 10, 3]",15.725957115009795
"[10, 3, 10, 3, 10, 3, 10, 3, 30, 3, 30, 3, 10, 3, 10, 3, 30, 3, 10, 3, 10, 3, 10, 3, 10, 3, 30, 3, 10, 3]",14.324389863547767
"[10, 3, 10, 3, 10, 3, 10, 3, 30, 3, 30, 3, 10, 3, 10, 3, 30, 3, 10, 3, 10, 3, 10, 3, 10, 3, 30, 3, 10, 3]",14.668896686159838
"[10, 3, 10, 3, 10, 3, 10, 3, 30, 3, 30, 3, 10, 3, 10, 3, 30, 3, 10, 3, 10, 3, 10, 3, 10, 3, 30, 3, 10, 3]",14.622198830409312
"[10, 3, 10, 3, 10, 3, 10, 3, 30, 3, 30, 3, 10, 3, 10, 3, 30, 3, 10, 3, 10, 3, 10, 3, 10, 3, 30, 3, 10, 3]",16.400649122806975
"[10, 3, 10, 3, 10, 3, 10, 3, 30, 3, 30, 3, 10, 3, 10, 3, 30, 3, 10, 3, 10, 3, 10, 3, 10, 3, 30, 3, 10, 3]",14.75883625730991
"[10, 3, 10, 3, 10, 3, 10, 3, 30, 3, 30, 3, 10, 3, 10, 3, 30, 3, 10, 3, 10, 3, 10, 3, 10, 3, 30, 3, 10, 3]",15.509200779727104
"[10, 3, 10, 3, 10, 3, 10, 3, 30, 3, 30, 3, 10, 3, 10, 3, 30, 3, 10, 3, 10, 3, 10, 3, 10, 3, 30, 3, 10, 3]",15.358421052631593
"[10, 3, 10, 3, 10, 3, 10, 3, 30, 3, 30, 3, 10, 3, 10, 3, 30, 3, 10, 3, 10, 3, 10, 3, 10, 3, 30, 3, 10, 3]",15.632686159844008
"[10, 3, 10, 3, 10, 3, 10, 3, 30, 3, 30, 3, 10, 3, 10, 3, 30, 3, 10, 3, 10, 3, 10, 3, 10, 3, 30, 3, 10, 3]",15.684118908382048
"[10, 3, 10, 3, 10, 3, 10, 3, 30, 3, 30, 3, 10, 3, 10, 3, 30, 3, 10, 3, 10, 3, 10, 3, 10, 3, 30, 3, 10, 3]",14.460754385964911
"[10, 3, 10, 3, 10, 3, 10, 3, 30, 3, 30, 3, 10, 3, 10, 3, 30, 3, 10, 3, 10, 3, 10, 3, 10, 3, 30, 3, 10, 3]",15.317128654970734
"[10, 3, 10, 3, 10, 3, 10, 3, 30, 3, 30, 3, 10, 3, 10, 3, 30, 3, 10, 3, 10, 3, 10, 3, 10, 3, 30, 3, 10, 3]",14.296307992202697
"[10, 3, 10, 3, 10, 3, 10, 3, 30, 3, 30, 3, 10, 3, 10, 3, 30, 3, 10, 3, 10, 3, 10, 3, 10, 3, 30, 3, 10, 3]",14.28334502923978
"[10, 3, 10, 3, 10, 3, 10, 3, 30, 3, 30, 3, 10, 3, 10, 3, 30, 3, 10, 3, 10, 3, 10, 3, 10, 3, 30, 3, 10, 3]",16.55150292397663
"[10, 3, 10, 3, 10, 3, 10, 3, 30, 3, 30, 3, 10, 3, 10, 3, 30, 3, 10, 3, 10, 3, 10, 3, 10, 3, 30, 3, 10, 3]",14.315980506822628
"[10, 3, 10, 3, 10, 3, 10, 3, 30, 3, 30, 3, 10, 3, 10, 3, 30, 3, 10, 3, 10, 3, 10, 3, 10, 3, 30, 3, 10, 3]",15.070727095516622
"[10, 3, 10, 3, 10, 3, 10, 3, 30, 3, 30, 3, 10, 3, 10, 3, 30, 3, 10, 3, 10, 3, 10, 3, 10, 3, 30, 3, 10, 3]",16.437142300194914
"[10, 3, 10, 3, 10, 3, 10, 3, 30, 3, 30, 3, 10, 3, 10, 3, 30, 3, 10, 3, 10, 3, 10, 3, 10, 3, 30, 3, 10, 3]",15.49008382066274
"[10, 3, 10, 3, 10, 3, 10, 3, 30, 3, 30, 3, 10, 3, 10, 3, 30, 3, 10, 3, 10, 3, 10, 3, 10, 3, 30, 3, 10, 3]",14.386048732943449
"[10, 3, 10, 3, 10, 3, 10, 3, 30, 3, 30, 3, 10, 3, 10, 3, 30, 3, 10, 3, 10, 3, 10, 3, 10, 3, 30, 3, 10, 3]",13.124551656920072
"[10, 3, 10, 3, 10, 3, 10, 3, 30, 3, 30, 3, 10, 3, 10, 3, 30, 3, 10, 3, 10, 3, 10, 3, 10, 3, 30, 3, 10, 3]",13.398592592592603
"[10, 3, 10, 3, 10, 3, 10, 3, 30, 3, 30, 3, 10, 3, 10, 3, 30, 3, 10, 3, 10, 3, 10, 3, 10, 3, 30, 3, 10, 3]",14.815456140350927
"[10, 3, 10, 3, 10, 3, 10, 3, 30, 3, 30, 3, 10, 3, 10, 3, 30, 3, 10, 3, 10, 3, 10, 3, 10, 3, 30, 3, 10, 3]",16.202563352826502
"[10, 3, 10, 3, 10, 3, 10, 3, 30, 3, 30, 3, 10, 3, 10, 3, 30, 3, 10, 3, 10, 3, 10, 3, 10, 3, 30, 3, 10, 3]",14.825239766081854
"[10, 3, 10, 3, 10, 3, 10, 3, 30, 3, 30, 3, 10, 3, 10, 3, 30, 3, 10, 3, 10, 3, 10, 3, 10, 3, 30, 3, 10, 3]",15.630660818713428
"[10, 3, 10, 3, 10, 3, 10, 3, 30, 3, 30, 3, 10, 3, 10, 3, 30, 3, 10, 3, 10, 3, 10, 3, 10, 3, 30, 3, 10, 3]",15.421171539961055
"[10, 3, 10, 3, 10, 3, 10, 3, 30, 3, 30, 3, 10, 3, 10, 3, 30, 3, 10, 3, 10, 3, 10, 3, 10, 3, 30, 3, 10, 3]",14.48036842105258
"[10, 3, 10, 3, 10, 3, 10, 3, 30, 3, 30, 3, 10, 3, 10, 3, 30, 3, 10, 3, 10, 3, 10, 3, 10, 3, 30, 3, 10, 3]",15.680239766081913
"[10, 3, 10, 3, 10, 3, 10, 3, 30, 3, 30, 3, 10, 3, 10, 3, 30, 3, 10, 3, 10, 3, 10, 3, 10, 3, 30, 3, 10, 3]",15.070479532163755
"[10, 3, 10, 3, 10, 3, 10, 3, 30, 3, 30, 3, 10, 3, 10, 3, 30, 3, 10, 3, 10, 3, 10, 3, 10, 3, 30, 3, 10, 3]",15.633233918128655
"[10, 3, 10, 3, 10, 3, 10, 3, 30, 3, 30, 3, 10, 3, 10, 3, 30, 3, 10, 3, 10, 3, 10, 3, 10, 3, 30, 3, 10, 3]",15.153890838206644
"[10, 3, 10, 3, 10, 3, 10, 3, 30, 3, 30, 3, 10, 3, 10, 3, 30, 3, 10, 3, 10, 3, 10, 3, 10, 3, 30, 3, 10, 3]",15.145600389863535
"[10, 3, 10, 3, 10, 3, 10, 3, 30, 3, 30, 3, 10, 3, 10, 3, 30, 3, 10, 3, 10, 3, 10, 3, 10, 3, 30, 3, 10, 3]",16.385138401559423
"[10, 3, 10, 3, 10, 3, 10, 3, 30, 3, 30, 3, 10, 3, 10, 3, 30, 3, 10, 3, 10, 3, 10, 3, 10, 3, 30, 3, 10, 3]",14.648972709551597
