"[30, 3, 15.412416475423106, 3, 10, 3, 30, 3, 30, 3, 10, 3, 10, 3, 10, 3, 30, 3, 24.964969343397957, 3, 10, 3, 10, 3, 10, 3, 30, 3, 10, 3]",60.90909551656923
"[30, 3, 15.721313827486693, 3, 10, 3, 30, 3, 30, 3, 10, 3, 10, 3, 10, 3, 30, 3, 27.558991649749604, 3, 10, 3, 10, 3, 10, 3, 30, 3, 10, 3]",60.919235867446396
"[30, 3, 10.3455721710578, 3, 10, 3, 30, 3, 30, 3, 10, 3, 10, 3, 10, 3, 30, 3, 24.030708279987188, 3, 10, 3, 10, 3, 10, 3, 30, 3, 10, 3]",49.417469785575086
"[30, 3, 13.453644443569413, 3, 10, 3, 30, 3, 30, 3, 10, 3, 10, 3, 10, 3, 30, 3, 28.250556129698197, 3, 10, 3, 10, 3, 10, 3, 30, 3, 10, 3]",51.832949317738915
"[30, 3, 10, 3, 10, 3, 30, 3, 30, 3, 10, 3, 10, 3, 10, 3, 30, 3, 20.567594491579385, 3, 10, 3, 10, 3, 10, 3, 30, 3, 10, 3]",41.071738791423016
"[30, 3, 14.398813529020465, 3, 10, 3, 30, 3, 30, 3, 10, 3, 10, 3, 10, 3, 30, 3, 27.704631198931303, 3, 10, 3, 10, 3, 10, 3, 30, 3, 10, 3]",41.06168226120861
"[30, 3, 12.97483642511228, 3, 10, 3, 30, 3, 30, 3, 10, 3, 10, 3, 10, 3, 30, 3, 24.23988843530946, 3, 10, 3, 10, 3, 10, 3, 30, 3, 10, 3]",47.8161715399611
"[30, 3, 13.292418411722869, 3, 10, 3, 30, 3, 30, 3, 10, 3, 10, 3, 10, 3, 30, 3, 30, 3, 10, 3, 10, 3, 10, 3, 30, 3, 10, 3]",76.49381091617934
"[30, 3, 10, 3, 10, 3, 30, 3, 30, 3, 10, 3, 10, 3, 10, 3, 30, 3, 19.22642599236365, 3, 10, 3, 10, 3, 10, 3, 30, 3, 10, 3]",53.61576218323577
"[30, 3, 14.13308723780344, 3, 10, 3, 30, 3, 30, 3, 10, 3, 10, 3, 10, 3, 30, 3, 25.90641717400088, 3, 10, 3, 10, 3, 10, 3, 30, 3, 10, 3]",73.1275165692008
"[30, 3, 10, 3, 10, 3, 30, 3, 30, 3, 10, 3, 10, 3, 10, 3, 30, 3, 23.828500448633328, 3, 10, 3, 10, 3, 10, 3, 30, 3, 10, 3]",27.174623781676438
"[30, 3, 12.478137335762622, 3, 10, 3, 30, 3, 30, 3, 10, 3, 10, 3, 10, 3, 30, 3, 24.098170311353826, 3, 10, 3, 10, 3, 10, 3, 30, 3, 10, 3]",39.991189083820636
"[30, 3, 17.035436318832332, 3, 10, 3, 30, 3, 30, 3, 10, 3, 10, 3, 10, 3, 30, 3, 30, 3, 10, 3, 10, 3, 10, 3, 30, 3, 10, 3]",45.197656920078046
"[30, 3, 11.789930095032135, 3, 10, 3, 30, 3, 30, 3, 10, 3, 10, 3, 10, 3, 30, 3, 25.11278898599965, 3, 10, 3, 10, 3, 10, 3, 30, 3, 10, 3]",38.676294346978636
"[30, 3, 15.559128938175618, 3, 10, 3, 30, 3, 30, 3, 10, 3, 10, 3, 10, 3, 30, 3, 23.27269240492297, 3, 10, 3, 10, 3, 10, 3, 30, 3, 10, 3]",42.1648382066278
"[30, 3, 11.74303787809246, 3, 10, 3, 30, 3, 30, 3, 10, 3, 10, 3, 10, 3, 30, 3, 30, 3, 10, 3, 10, 3, 10, 3, 30, 3, 10, 3]",59.49389278752452
"[30, 3, 10.923522551170409, 3, 10, 3, 30, 3, 30, 3, 10, 3, 10, 3, 10, 3, 30, 3, 30, 3, 10, 3, 10, 3, 10, 3, 30, 3, 10, 3]",55.0093196881091
"[30, 3, 12.063065799520043, 3, 10, 3, 30, 3, 30, 3, 10, 3, 10, 3, 10, 3, 30, 3, 28.4805655943959, 3, 10, 3, 10, 3, 10, 3, 30, 3, 10, 3]",63.00024951267044
"[30, 3, 12.599846366636847, 3, 10, 3, 30, 3, 30, 3, 10, 3, 10, 3, 10, 3, 30, 3, 30, 3, 10, 3, 10, 3, 10, 3, 30, 3, 10, 3]",43.69881676413253
"[30, 3, 14.783245655054163, 3, 10, 3, 30, 3, 30, 3, 10, 3, 10, 3, 10, 3, 30, 3, 22.9183648427444, 3, 10, 3, 10, 3, 10, 3, 30, 3, 10, 3]",56.49286744639377
"[30, 3, 15.412416475423106, 3, 10, 3, 30, 3, 30, 3, 10, 3, 10, 3, 10, 3, 30, 3, 24.964969343397957, 3, 10, 3, 10, 3, 10, 3, 30, 3, 10, 3]",28.146239766081855
"[30, 3, 15.721313827486693, 3, 10, 3, 30, 3, 30, 3, 10, 3, 10, 3, 10, 3, 30, 3, 27.558991649749604, 3, 10, 3, 10, 3, 10, 3, 30, 3, 10, 3]",39.68276413255355
"[30, 3, 10.3455721710578, 3, 10, 3, 30, 3, 30, 3, 10, 3, 10, 3, 10, 3, 30, 3, 24.030708279987188, 3, 10, 3, 10, 3, 10, 3, 30, 3, 10, 3]",35.01576608187124
"[30, 3, 13.453644443569413, 3, 10, 3, 30, 3, 30, 3, 10, 3, 10, 3, 10, 3, 30, 3, 28.250556129698197, 3, 10, 3, 10, 3, 10, 3, 30, 3, 10, 3]",34.136128654970754
"[30, 3, 10, 3, 10, 3, 30, 3, 30, 3, 10, 3, 10, 3, 10, 3, 30, 3, 20.567594491579385, 3, 10, 3, 10, 3, 10, 3, 30, 3, 10, 3]",26.73328654970759
"[30, 3, 14.398813529020465, 3, 10, 3, 30, 3, 30, 3, 10, 3, 10, 3, 10, 3, 30, 3, 27.704631198931303, 3, 10, 3, 10, 3, 10, 3, 30, 3, 10, 3]",30.61384990253416
"[30, 3, 12.97483642511228, 3, 10, 3, 30, 3, 30, 3, 10, 3, 10, 3, 10, 3, 30, 3, 24.23988843530946, 3, 10, 3, 10, 3, 10, 3, 30, 3, 10, 3]",30.714113060428826
"[30, 3, 13.292418411722869, 3, 10, 3, 30, 3, 30, 3, 10, 3, 10, 3, 10, 3, 30, 3, 30, 3, 10, 3, 10, 3, 10, 3, 30, 3, 10, 3]",36.75778167641336
"[30, 3, 10, 3, 10, 3, 30, 3, 30, 3, 10, 3, 10, 3, 10, 3, 30, 3, 19.22642599236365, 3, 10, 3, 10, 3, 10, 3, 30, 3, 10, 3]",37.05135867446384
"[30, 3, 14.13308723780344, 3, 10, 3, 30, 3, 30, 3, 10, 3, 10, 3, 10, 3, 30, 3, 25.90641717400088, 3, 10, 3, 10, 3, 10, 3, 30, 3, 10, 3]",25.524331384015593
"[30, 3, 10, 3, 10, 3, 30, 3, 30, 3, 10, 3, 10, 3, 10, 3, 30, 3, 23.828500448633328, 3, 10, 3, 10, 3, 10, 3, 30, 3, 10, 3]",28.90574853801169
"[30, 3, 12.478137335762622, 3, 10, 3, 30, 3, 30, 3, 10, 3, 10, 3, 10, 3, 30, 3, 24.098170311353826, 3, 10, 3, 10, 3, 10, 3, 30, 3, 10, 3]",28.545682261208608
"[30, 3, 17.035436318832332, 3, 10, 3, 30, 3, 30, 3, 10, 3, 10, 3, 10, 3, 30, 3, 30, 3, 10, 3, 10, 3, 10, 3, 30, 3, 10, 3]",30.922859649122834
"[30, 3, 11.789930095032135, 3, 10, 3, 30, 3, 30, 3, 10, 3, 10, 3, 10, 3, 30, 3, 25.11278898599965, 3, 10, 3, 10, 3, 10, 3, 30, 3, 10, 3]",36.374705653021415
"[30, 3, 15.559128938175618, 3, 10, 3, 30, 3, 30, 3, 10, 3, 10, 3, 10, 3, 30, 3, 23.27269240492297, 3, 10, 3, 10, 3, 10, 3, 30, 3, 10, 3]",40.37935282651071
"[30, 3, 11.74303787809246, 3, 10, 3, 30, 3, 30, 3, 10, 3, 10, 3, 10, 3, 30, 3, 30, 3, 10, 3, 10, 3, 10, 3, 30, 3, 10, 3]",38.85516959064331
"[30, 3, 10.923522551170409, 3, 10, 3, 30, 3, 30, 3, 10, 3, 10, 3, 10, 3, 30, 3, 30, 3, 10, 3, 10, 3, 10, 3, 30, 3, 10, 3]",21.054756335282608
"[30, 3, 12.063065799520043, 3, 10, 3, 30, 3, 30, 3, 10, 3, 10, 3, 10, 3, 30, 3, 28.4805655943959, 3, 10, 3, 10, 3, 10, 3, 30, 3, 10, 3]",36.319327485380086
"[30, 3, 12.599846366636847, 3, 10, 3, 30, 3, 30, 3, 10, 3, 10, 3, 10, 3, 30, 3, 30, 3, 10, 3, 10, 3, 10, 3, 30, 3, 10, 3]",36.28691423001952
"[30, 3, 14.783245655054163, 3, 10, 3, 30, 3, 30, 3, 10, 3, 10, 3, 10, 3, 30, 3, 22.9183648427444, 3, 10, 3, 10, 3, 10, 3, 30, 3, 10, 3]",44.7433411306043
"[30, 3, 15.412416475423106, 3, 10, 3, 30, 3, 30, 3, 10, 3, 10, 3, 10, 3, 30, 3, 24.964969343397957, 3, 10, 3, 10, 3, 10, 3, 30, 3, 10, 3]",25.327651072124752
"[30, 3, 15.721313827486693, 3, 10, 3, 30, 3, 30, 3, 10, 3, 10, 3, 10, 3, 30, 3, 27.558991649749604, 3, 10, 3, 10, 3, 10, 3, 30, 3, 10, 3]",26.085224171539952
"[30, 3, 10.3455721710578, 3, 10, 3, 30, 3, 30, 3, 10, 3, 10, 3, 10, 3, 30, 3, 24.030708279987188, 3, 10, 3, 10, 3, 10, 3, 30, 3, 10, 3]",25.95833333333332
"[30, 3, 13.453644443569413, 3, 10, 3, 30, 3, 30, 3, 10, 3, 10, 3, 10, 3, 30, 3, 28.250556129698197, 3, 10, 3, 10, 3, 10, 3, 30, 3, 10, 3]",20.34171929824567
"[30, 3, 10, 3, 10, 3, 30, 3, 30, 3, 10, 3, 10, 3, 10, 3, 30, 3, 20.567594491579385, 3, 10, 3, 10, 3, 10, 3, 30, 3, 10, 3]",22.87112670565297
"[30, 3, 14.398813529020465, 3, 10, 3, 30, 3, 30, 3, 10, 3, 10, 3, 10, 3, 30, 3, 27.704631198931303, 3, 10, 3, 10, 3, 10, 3, 30, 3, 10, 3]",25.720929824561352
"[30, 3, 12.97483642511228, 3, 10, 3, 30, 3, 30, 3, 10, 3, 10, 3, 10, 3, 30, 3, 24.23988843530946, 3, 10, 3, 10, 3, 10, 3, 30, 3, 10, 3]",19.953824561403472
"[30, 3, 13.292418411722869, 3, 10, 3, 30, 3, 30, 3, 10, 3, 10, 3, 10, 3, 30, 3, 30, 3, 10, 3, 10, 3, 10, 3, 30, 3, 10, 3]",21.593467836257375
"[30, 3, 10, 3, 10, 3, 30, 3, 30, 3, 10, 3, 10, 3, 10, 3, 30, 3, 19.22642599236365, 3, 10, 3, 10, 3, 10, 3, 30, 3, 10, 3]",29.763364522417127
"[30, 3, 14.13308723780344, 3, 10, 3, 30, 3, 30, 3, 10, 3, 10, 3, 10, 3, 30, 3, 25.90641717400088, 3, 10, 3, 10, 3, 10, 3, 30, 3, 10, 3]",17.127974658869405
"[30, 3, 10, 3, 10, 3, 30, 3, 30, 3, 10, 3, 10, 3, 10, 3, 30, 3, 23.828500448633328, 3, 10, 3, 10, 3, 10, 3, 30, 3, 10, 3]",22.67999025341127
"[30, 3, 12.478137335762622, 3, 10, 3, 30, 3, 30, 3, 10, 3, 10, 3, 10, 3, 30, 3, 24.098170311353826, 3, 10, 3, 10, 3, 10, 3, 30, 3, 10, 3]",20.48141910331385
"[30, 3, 17.035436318832332, 3, 10, 3, 30, 3, 30, 3, 10, 3, 10, 3, 10, 3, 30, 3, 30, 3, 10, 3, 10, 3, 10, 3, 30, 3, 10, 3]",22.817793372319723
"[30, 3, 11.789930095032135, 3, 10, 3, 30, 3, 30, 3, 10, 3, 10, 3, 10, 3, 30, 3, 25.11278898599965, 3, 10, 3, 10, 3, 10, 3, 30, 3, 10, 3]",21.894896686159864
"[30, 3, 15.559128938175618, 3, 10, 3, 30, 3, 30, 3, 10, 3, 10, 3, 10, 3, 30, 3, 23.27269240492297, 3, 10, 3, 10, 3, 10, 3, 30, 3, 10, 3]",38.913506822612135
"[30, 3, 11.74303787809246, 3, 10, 3, 30, 3, 30, 3, 10, 3, 10, 3, 10, 3, 30, 3, 30, 3, 10, 3, 10, 3, 10, 3, 30, 3, 10, 3]",27.52446783625728
"[30, 3, 10.923522551170409, 3, 10, 3, 30, 3, 30, 3, 10, 3, 10, 3, 10, 3, 30, 3, 30, 3, 10, 3, 10, 3, 10, 3, 30, 3, 10, 3]",21.82740935672513
"[30, 3, 12.063065799520043, 3, 10, 3, 30, 3, 30, 3, 10, 3, 10, 3, 10, 3, 30, 3, 28.4805655943959, 3, 10, 3, 10, 3, 10, 3, 30, 3, 10, 3]",20.1950214424951
"[30, 3, 12.599846366636847, 3, 10, 3, 30, 3, 30, 3, 10, 3, 10, 3, 10, 3, 30, 3, 30, 3, 10, 3, 10, 3, 10, 3, 30, 3, 10, 3]",25.556766081871352
"[30, 3, 14.783245655054163, 3, 10, 3, 30, 3, 30, 3, 10, 3, 10, 3, 10, 3, 30, 3, 22.9183648427444, 3, 10, 3, 10, 3, 10, 3, 30, 3, 10, 3]",31.409840155945442
"[30, 3, 15.412416475423106, 3, 10, 3, 30, 3, 30, 3, 10, 3, 10, 3, 10, 3, 30, 3, 24.964969343397957, 3, 10, 3, 10, 3, 10, 3, 30, 3, 10, 3]",27.65573489278751
"[30, 3, 15.721313827486693, 3, 10, 3, 30, 3, 30, 3, 10, 3, 10, 3, 10, 3, 30, 3, 27.558991649749604, 3, 10, 3, 10, 3, 10, 3, 30, 3, 10, 3]",23.176307992202723
"[30, 3, 10.3455721710578, 3, 10, 3, 30, 3, 30, 3, 10, 3, 10, 3, 10, 3, 30, 3, 24.030708279987188, 3, 10, 3, 10, 3, 10, 3, 30, 3, 10, 3]",28.348434697855833
"[30, 3, 13.453644443569413, 3, 10, 3, 30, 3, 30, 3, 10, 3, 10, 3, 10, 3, 30, 3, 28.250556129698197, 3, 10, 3, 10, 3, 10, 3, 30, 3, 10, 3]",16.430448343079927
"[30, 3, 10, 3, 10, 3, 30, 3, 30, 3, 10, 3, 10, 3, 10, 3, 30, 3, 20.567594491579385, 3, 10, 3, 10, 3, 10, 3, 30, 3, 10, 3]",22.399194931773902
"[30, 3, 14.398813529020465, 3, 10, 3, 30, 3, 30, 3, 10, 3, 10, 3, 10, 3, 30, 3, 27.704631198931303, 3, 10, 3, 10, 3, 10, 3, 30, 3, 10, 3]",19.443814814814797
"[30, 3, 12.97483642511228, 3, 10, 3, 30, 3, 30, 3, 10, 3, 10, 3, 10, 3, 30, 3, 24.23988843530946, 3, 10, 3, 10, 3, 10, 3, 30, 3, 10, 3]",18.84347563352822
"[30, 3, 13.292418411722869, 3, 10, 3, 30, 3, 30, 3, 10, 3, 10, 3, 10, 3, 30, 3, 30, 3, 10, 3, 10, 3, 10, 3, 30, 3, 10, 3]",20.15156725146198
"[30, 3, 10, 3, 10, 3, 30, 3, 30, 3, 10, 3, 10, 3, 10, 3, 30, 3, 19.22642599236365, 3, 10, 3, 10, 3, 10, 3, 30, 3, 10, 3]",19.300019493177373
"[30, 3, 14.13308723780344, 3, 10, 3, 30, 3, 30, 3, 10, 3, 10, 3, 10, 3, 30, 3, 25.90641717400088, 3, 10, 3, 10, 3, 10, 3, 30, 3, 10, 3]",19.14138791423003
"[30, 3, 10, 3, 10, 3, 30, 3, 30, 3, 10, 3, 10, 3, 10, 3, 30, 3, 23.828500448633328, 3, 10, 3, 10, 3, 10, 3, 30, 3, 10, 3]",23.002331384015616
"[30, 3, 12.478137335762622, 3, 10, 3, 30, 3, 30, 3, 10, 3, 10, 3, 10, 3, 30, 3, 24.098170311353826, 3, 10, 3, 10, 3, 10, 3, 30, 3, 10, 3]",21.65424561403517
"[30, 3, 17.035436318832332, 3, 10, 3, 30, 3, 30, 3, 10, 3, 10, 3, 10, 3, 30, 3, 30, 3, 10, 3, 10, 3, 10, 3, 30, 3, 10, 3]",19.6143216374269
"[30, 3, 11.789930095032135, 3, 10, 3, 30, 3, 30, 3, 10, 3, 10, 3, 10, 3, 30, 3, 25.11278898599965, 3, 10, 3, 10, 3, 10, 3, 30, 3, 10, 3]",21.41701169590645
"[30, 3, 15.559128938175618, 3, 10, 3, 30, 3, 30, 3, 10, 3, 10, 3, 10, 3, 30, 3, 23.27269240492297, 3, 10, 3, 10, 3, 10, 3, 30, 3, 10, 3]",24.213588693957114
"[30, 3, 11.74303787809246, 3, 10, 3, 30, 3, 30, 3, 10, 3, 10, 3, 10, 3, 30, 3, 30, 3, 10, 3, 10, 3, 10, 3, 30, 3, 10, 3]",22.59647563352825
"[30, 3, 10.923522551170409, 3, 10, 3, 30, 3, 30, 3, 10, 3, 10, 3, 10, 3, 30, 3, 30, 3, 10, 3, 10, 3, 10, 3, 30, 3, 10, 3]",21.133376218323583
"[30, 3, 12.063065799520043, 3, 10, 3, 30, 3, 30, 3, 10, 3, 10, 3, 10, 3, 30, 3, 28.4805655943959, 3, 10, 3, 10, 3, 10, 3, 30, 3, 10, 3]",19.41206432748542
"[30, 3, 12.599846366636847, 3, 10, 3, 30, 3, 30, 3, 10, 3, 10, 3, 10, 3, 30, 3, 30, 3, 10, 3, 10, 3, 10, 3, 30, 3, 10, 3]",22.471196881091615
"[30, 3, 14.783245655054163, 3, 10, 3, 30, 3, 30, 3, 10, 3, 10, 3, 10, 3, 30, 3, 22.9183648427444, 3, 10, 3, 10, 3, 10, 3, 30, 3, 10, 3]",20.710052631578964
"[30, 3, 15.412416475423106, 3, 10, 3, 30, 3, 30, 3, 10, 3, 10, 3, 10, 3, 30, 3, 24.964969343397957, 3, 10, 3, 10, 3, 10, 3, 30, 3, 10, 3]",16.40810526315796
"[30, 3, 15.721313827486693, 3, 10, 3, 30, 3, 30, 3, 10, 3, 10, 3, 10, 3, 30, 3, 27.558991649749604, 3, 10, 3, 10, 3, 10, 3, 30, 3, 10, 3]",22.254906432748555
"[30, 3, 10.3455721710578, 3, 10, 3, 30, 3, 30, 3, 10, 3, 10, 3, 10, 3, 30, 3, 24.030708279987188, 3, 10, 3, 10, 3, 10, 3, 30, 3, 10, 3]",18.084040935672515
"[30, 3, 13.453644443569413, 3, 10, 3, 30, 3, 30, 3, 10, 3, 10, 3, 10, 3, 30, 3, 28.250556129698197, 3, 10, 3, 10, 3, 10, 3, 30, 3, 10, 3]",17.410118908382067
"[30, 3, 10, 3, 10, 3, 30, 3, 30, 3, 10, 3, 10, 3, 10, 3, 30, 3, 20.567594491579385, 3, 10, 3, 10, 3, 10, 3, 30, 3, 10, 3]",18.73730994152051
"[30, 3, 14.398813529020465, 3, 10, 3, 30, 3, 30, 3, 10, 3, 10, 3, 10, 3, 30, 3, 27.704631198931303, 3, 10, 3, 10, 3, 10, 3, 30, 3, 10, 3]",14.749744639376225
"[30, 3, 12.97483642511228, 3, 10, 3, 30, 3, 30, 3, 10, 3, 10, 3, 10, 3, 30, 3, 24.23988843530946, 3, 10, 3, 10, 3, 10, 3, 30, 3, 10, 3]",17.131582846003894
"[30, 3, 13.292418411722869, 3, 10, 3, 30, 3, 30, 3, 10, 3, 10, 3, 10, 3, 30, 3, 30, 3, 10, 3, 10, 3, 10, 3, 30, 3, 10, 3]",16.571062378167653
"[30, 3, 10, 3, 10, 3, 30, 3, 30, 3, 10, 3, 10, 3, 10, 3, 30, 3, 19.22642599236365, 3, 10, 3, 10, 3, 10, 3, 30, 3, 10, 3]",17.321450292397635
"[30, 3, 14.13308723780344, 3, 10, 3, 30, 3, 30, 3, 10, 3, 10, 3, 10, 3, 30, 3, 25.90641717400088, 3, 10, 3, 10, 3, 10, 3, 30, 3, 10, 3]",19.70601169590643
"[30, 3, 10, 3, 10, 3, 30, 3, 30, 3, 10, 3, 10, 3, 10, 3, 30, 3, 23.828500448633328, 3, 10, 3, 10, 3, 10, 3, 30, 3, 10, 3]",18.473781676413264
"[30, 3, 12.478137335762622, 3, 10, 3, 30, 3, 30, 3, 10, 3, 10, 3, 10, 3, 30, 3, 24.098170311353826, 3, 10, 3, 10, 3, 10, 3, 30, 3, 10, 3]",18.505329434697813
"[30, 3, 17.035436318832332, 3, 10, 3, 30, 3, 30, 3, 10, 3, 10, 3, 10, 3, 30, 3, 30, 3, 10, 3, 10, 3, 10, 3, 30, 3, 10, 3]",17.6159005847953
"[30, 3, 11.789930095032135, 3, 10, 3, 30, 3, 30, 3, 10, 3, 10, 3, 10, 3, 30, 3, 25.11278898599965, 3, 10, 3, 10, 3, 10, 3, 30, 3, 10, 3]",20.032191033138414
"[30, 3, 15.559128938175618, 3, 10, 3, 30, 3, 30, 3, 10, 3, 10, 3, 10, 3, 30, 3, 23.27269240492297, 3, 10, 3, 10, 3, 10, 3, 30, 3, 10, 3]",18.674820662768056
"[30, 3, 11.74303787809246, 3, 10, 3, 30, 3, 30, 3, 10, 3, 10, 3, 10, 3, 30, 3, 30, 3, 10, 3, 10, 3, 10, 3, 30, 3, 10, 3]",16.704676413255417
"[30, 3, 10.923522551170409, 3, 10, 3, 30, 3, 30, 3, 10, 3, 10, 3, 10, 3, 30, 3, 30, 3, 10, 3, 10, 3, 10, 3, 30, 3, 10, 3]",18.21246003898636
"[30, 3, 12.063065799520043, 3, 10, 3, 30, 3, 30, 3, 10, 3, 10, 3, 10, 3, 30, 3, 28.4805655943959, 3, 10, 3, 10, 3, 10, 3, 30, 3, 10, 3]",15.909278752436627
"[30, 3, 12.599846366636847, 3, 10, 3, 30, 3, 30, 3, 10, 3, 10, 3, 10, 3, 30, 3, 30, 3, 10, 3, 10, 3, 10, 3, 30, 3, 10, 3]",19.820968810916238
"[30, 3, 14.783245655054163, 3, 10, 3, 30, 3, 30, 3, 10, 3, 10, 3, 10, 3, 30, 3, 22.9183648427444, 3, 10, 3, 10, 3, 10, 3, 30, 3, 10, 3]",18.4434152046784
"[30, 3, 15.412416475423106, 3, 10, 3, 30, 3, 30, 3, 10, 3, 10, 3, 10, 3, 30, 3, 24.964969343397957, 3, 10, 3, 10, 3, 10, 3, 30, 3, 10, 3]",15.579888888888885
"[30, 3, 15.721313827486693, 3, 10, 3, 30, 3, 30, 3, 10, 3, 10, 3, 10, 3, 30, 3, 27.558991649749604, 3, 10, 3, 10, 3, 10, 3, 30, 3, 10, 3]",19.21731968810918
"[30, 3, 10.3455721710578, 3, 10, 3, 30, 3, 30, 3, 10, 3, 10, 3, 10, 3, 30, 3, 24.030708279987188, 3, 10, 3, 10, 3, 10, 3, 30, 3, 10, 3]",17.824284600389856
"[30, 3, 13.453644443569413, 3, 10, 3, 30, 3, 30, 3, 10, 3, 10, 3, 10, 3, 30, 3, 28.250556129698197, 3, 10, 3, 10, 3, 10, 3, 30, 3, 10, 3]",15.899894736842073
"[30, 3, 10, 3, 10, 3, 30, 3, 30, 3, 10, 3, 10, 3, 10, 3, 30, 3, 20.567594491579385, 3, 10, 3, 10, 3, 10, 3, 30, 3, 10, 3]",17.450483430799235
"[30, 3, 14.398813529020465, 3, 10, 3, 30, 3, 30, 3, 10, 3, 10, 3, 10, 3, 30, 3, 27.704631198931303, 3, 10, 3, 10, 3, 10, 3, 30, 3, 10, 3]",17.556668615984385
"[30, 3, 12.97483642511228, 3, 10, 3, 30, 3, 30, 3, 10, 3, 10, 3, 10, 3, 30, 3, 24.23988843530946, 3, 10, 3, 10, 3, 10, 3, 30, 3, 10, 3]",16.724943469785554
"[30, 3, 13.292418411722869, 3, 10, 3, 30, 3, 30, 3, 10, 3, 10, 3, 10, 3, 30, 3, 30, 3, 10, 3, 10, 3, 10, 3, 30, 3, 10, 3]",17.237680311890795
"[30, 3, 10, 3, 10, 3, 30, 3, 30, 3, 10, 3, 10, 3, 10, 3, 30, 3, 19.22642599236365, 3, 10, 3, 10, 3, 10, 3, 30, 3, 10, 3]",15.608719298245632
"[30, 3, 14.13308723780344, 3, 10, 3, 30, 3, 30, 3, 10, 3, 10, 3, 10, 3, 30, 3, 25.90641717400088, 3, 10, 3, 10, 3, 10, 3, 30, 3, 10, 3]",17.84711111111105
"[30, 3, 10, 3, 10, 3, 30, 3, 30, 3, 10, 3, 10, 3, 10, 3, 30, 3, 23.828500448633328, 3, 10, 3, 10, 3, 10, 3, 30, 3, 10, 3]",15.538707602339153
"[30, 3, 12.478137335762622, 3, 10, 3, 30, 3, 30, 3, 10, 3, 10, 3, 10, 3, 30, 3, 24.098170311353826, 3, 10, 3, 10, 3, 10, 3, 30, 3, 10, 3]",21.45305653021448
"[30, 3, 17.035436318832332, 3, 10, 3, 30, 3, 30, 3, 10, 3, 10, 3, 10, 3, 30, 3, 30, 3, 10, 3, 10, 3, 10, 3, 30, 3, 10, 3]",16.005547758284628
"[30, 3, 11.789930095032135, 3, 10, 3, 30, 3, 30, 3, 10, 3, 10, 3, 10, 3, 30, 3, 25.11278898599965, 3, 10, 3, 10, 3, 10, 3, 30, 3, 10, 3]",16.54375633528264
"[30, 3, 15.559128938175618, 3, 10, 3, 30, 3, 30, 3, 10, 3, 10, 3, 10, 3, 30, 3, 23.27269240492297, 3, 10, 3, 10, 3, 10, 3, 30, 3, 10, 3]",17.011434697855705
"[30, 3, 11.74303787809246, 3, 10, 3, 30, 3, 30, 3, 10, 3, 10, 3, 10, 3, 30, 3, 30, 3, 10, 3, 10, 3, 10, 3, 30, 3, 10, 3]",17.07566666666669
"[30, 3, 10.923522551170409, 3, 10, 3, 30, 3, 30, 3, 10, 3, 10, 3, 10, 3, 30, 3, 30, 3, 10, 3, 10, 3, 10, 3, 30, 3, 10, 3]",15.448571150097479
"[30, 3, 12.063065799520043, 3, 10, 3, 30, 3, 30, 3, 10, 3, 10, 3, 10, 3, 30, 3, 28.4805655943959, 3, 10, 3, 10, 3, 10, 3, 30, 3, 10, 3]",16.410467836257276
"[30, 3, 12.599846366636847, 3, 10, 3, 30, 3, 30, 3, 10, 3, 10, 3, 10, 3, 30, 3, 30, 3, 10, 3, 10, 3, 10, 3, 30, 3, 10, 3]",17.3753372319688
"[30, 3, 14.783245655054163, 3, 10, 3, 30, 3, 30, 3, 10, 3, 10, 3, 10, 3, 30, 3, 22.9183648427444, 3, 10, 3, 10, 3, 10, 3, 30, 3, 10, 3]",16.095317738791426
"[30, 3, 15.412416475423106, 3, 10, 3, 30, 3, 30, 3, 10, 3, 10, 3, 10, 3, 30, 3, 24.964969343397957, 3, 10, 3, 10, 3, 10, 3, 30, 3, 10, 3]",17.82841715399611
"[30, 3, 15.721313827486693, 3, 10, 3, 30, 3, 30, 3, 10, 3, 10, 3, 10, 3, 30, 3, 27.558991649749604, 3, 10, 3, 10, 3, 10, 3, 30, 3, 10, 3]",16.994062378167634
"[30, 3, 10.3455721710578, 3, 10, 3, 30, 3, 30, 3, 10, 3, 10, 3, 10, 3, 30, 3, 24.030708279987188, 3, 10, 3, 10, 3, 10, 3, 30, 3, 10, 3]",16.12957699805071
"[30, 3, 13.453644443569413, 3, 10, 3, 30, 3, 30, 3, 10, 3, 10, 3, 10, 3, 30, 3, 28.250556129698197, 3, 10, 3, 10, 3, 10, 3, 30, 3, 10, 3]",16.116619883040954
"[30, 3, 10, 3, 10, 3, 30, 3, 30, 3, 10, 3, 10, 3, 10, 3, 30, 3, 20.567594491579385, 3, 10, 3, 10, 3, 10, 3, 30, 3, 10, 3]",14.877612085769991
"[30, 3, 14.398813529020465, 3, 10, 3, 30, 3, 30, 3, 10, 3, 10, 3, 10, 3, 30, 3, 27.704631198931303, 3, 10, 3, 10, 3, 10, 3, 30, 3, 10, 3]",15.415756335282653
"[30, 3, 12.97483642511228, 3, 10, 3, 30, 3, 30, 3, 10, 3, 10, 3, 10, 3, 30, 3, 24.23988843530946, 3, 10, 3, 10, 3, 10, 3, 30, 3, 10, 3]",17.076206627680254
"[30, 3, 13.292418411722869, 3, 10, 3, 30, 3, 30, 3, 10, 3, 10, 3, 10, 3, 30, 3, 30, 3, 10, 3, 10, 3, 10, 3, 30, 3, 10, 3]",18.09366276803118
"[30, 3, 10, 3, 10, 3, 30, 3, 30, 3, 10, 3, 10, 3, 10, 3, 30, 3, 19.22642599236365, 3, 10, 3, 10, 3, 10, 3, 30, 3, 10, 3]",15.705869395711524
"[30, 3, 14.13308723780344, 3, 10, 3, 30, 3, 30, 3, 10, 3, 10, 3, 10, 3, 30, 3, 25.90641717400088, 3, 10, 3, 10, 3, 10, 3, 30, 3, 10, 3]",16.381315789473682
"[30, 3, 10, 3, 10, 3, 30, 3, 30, 3, 10, 3, 10, 3, 10, 3, 30, 3, 23.828500448633328, 3, 10, 3, 10, 3, 10, 3, 30, 3, 10, 3]",16.40490643274858
"[30, 3, 12.478137335762622, 3, 10, 3, 30, 3, 30, 3, 10, 3, 10, 3, 10, 3, 30, 3, 24.098170311353826, 3, 10, 3, 10, 3, 10, 3, 30, 3, 10, 3]",16.129017543859636
"[30, 3, 17.035436318832332, 3, 10, 3, 30, 3, 30, 3, 10, 3, 10, 3, 10, 3, 30, 3, 30, 3, 10, 3, 10, 3, 10, 3, 30, 3, 10, 3]",17.237719298245608
"[30, 3, 11.789930095032135, 3, 10, 3, 30, 3, 30, 3, 10, 3, 10, 3, 10, 3, 30, 3, 25.11278898599965, 3, 10, 3, 10, 3, 10, 3, 30, 3, 10, 3]",16.49393762183237
"[30, 3, 15.559128938175618, 3, 10, 3, 30, 3, 30, 3, 10, 3, 10, 3, 10, 3, 30, 3, 23.27269240492297, 3, 10, 3, 10, 3, 10, 3, 30, 3, 10, 3]",16.538688109161804
"[30, 3, 11.74303787809246, 3, 10, 3, 30, 3, 30, 3, 10, 3, 10, 3, 10, 3, 30, 3, 30, 3, 10, 3, 10, 3, 10, 3, 30, 3, 10, 3]",17.697894736842105
"[30, 3, 10.923522551170409, 3, 10, 3, 30, 3, 30, 3, 10, 3, 10, 3, 10, 3, 30, 3, 30, 3, 10, 3, 10, 3, 10, 3, 30, 3, 10, 3]",16.983873294347006
"[30, 3, 12.063065799520043, 3, 10, 3, 30, 3, 30, 3, 10, 3, 10, 3, 10, 3, 30, 3, 28.4805655943959, 3, 10, 3, 10, 3, 10, 3, 30, 3, 10, 3]",18.32105068226122
"[30, 3, 12.599846366636847, 3, 10, 3, 30, 3, 30, 3, 10, 3, 10, 3, 10, 3, 30, 3, 30, 3, 10, 3, 10, 3, 10, 3, 30, 3, 10, 3]",16.60019103313838
"[30, 3, 14.783245655054163, 3, 10, 3, 30, 3, 30, 3, 10, 3, 10, 3, 10, 3, 30, 3, 22.9183648427444, 3, 10, 3, 10, 3, 10, 3, 30, 3, 10, 3]",15.775198830409359
"[30, 3, 15.412416475423106, 3, 10, 3, 30, 3, 30, 3, 10, 3, 10, 3, 10, 3, 30, 3, 24.964969343397957, 3, 10, 3, 10, 3, 10, 3, 30, 3, 10, 3]",17.4547290448343
"[30, 3, 15.721313827486693, 3, 10, 3, 30, 3, 30, 3, 10, 3, 10, 3, 10, 3, 30, 3, 27.558991649749604, 3, 10, 3, 10, 3, 10, 3, 30, 3, 10, 3]",17.345881091617944
"[30, 3, 10.3455721710578, 3, 10, 3, 30, 3, 30, 3, 10, 3, 10, 3, 10, 3, 30, 3, 24.030708279987188, 3, 10, 3, 10, 3, 10, 3, 30, 3, 10, 3]",17.753335282651083
"[30, 3, 13.453644443569413, 3, 10, 3, 30, 3, 30, 3, 10, 3, 10, 3, 10, 3, 30, 3, 28.250556129698197, 3, 10, 3, 10, 3, 10, 3, 30, 3, 10, 3]",13.936317738791463
"[30, 3, 10, 3, 10, 3, 30, 3, 30, 3, 10, 3, 10, 3, 10, 3, 30, 3, 20.567594491579385, 3, 10, 3, 10, 3, 10, 3, 30, 3, 10, 3]",16.900651072124784
"[30, 3, 14.398813529020465, 3, 10, 3, 30, 3, 30, 3, 10, 3, 10, 3, 10, 3, 30, 3, 27.704631198931303, 3, 10, 3, 10, 3, 10, 3, 30, 3, 10, 3]",15.471021442495116
"[30, 3, 12.97483642511228, 3, 10, 3, 30, 3, 30, 3, 10, 3, 10, 3, 10, 3, 30, 3, 24.23988843530946, 3, 10, 3, 10, 3, 10, 3, 30, 3, 10, 3]",18.488485380116963
"[30, 3, 13.292418411722869, 3, 10, 3, 30, 3, 30, 3, 10, 3, 10, 3, 10, 3, 30, 3, 30, 3, 10, 3, 10, 3, 10, 3, 30, 3, 10, 3]",17.322456140350834
"[30, 3, 10, 3, 10, 3, 30, 3, 30, 3, 10, 3, 10, 3, 10, 3, 30, 3, 19.22642599236365, 3, 10, 3, 10, 3, 10, 3, 30, 3, 10, 3]",17.58395321637428
"[30, 3, 14.13308723780344, 3, 10, 3, 30, 3, 30, 3, 10, 3, 10, 3, 10, 3, 30, 3, 25.90641717400088, 3, 10, 3, 10, 3, 10, 3, 30, 3, 10, 3]",16.145465886939565
"[30, 3, 10, 3, 10, 3, 30, 3, 30, 3, 10, 3, 10, 3, 10, 3, 30, 3, 23.828500448633328, 3, 10, 3, 10, 3, 10, 3, 30, 3, 10, 3]",16.174842105263156
"[30, 3, 12.478137335762622, 3, 10, 3, 30, 3, 30, 3, 10, 3, 10, 3, 10, 3, 30, 3, 24.098170311353826, 3, 10, 3, 10, 3, 10, 3, 30, 3, 10, 3]",16.121444444444457
"[30, 3, 17.035436318832332, 3, 10, 3, 30, 3, 30, 3, 10, 3, 10, 3, 10, 3, 30, 3, 30, 3, 10, 3, 10, 3, 10, 3, 30, 3, 10, 3]",16.511163742690073
"[30, 3, 11.789930095032135, 3, 10, 3, 30, 3, 30, 3, 10, 3, 10, 3, 10, 3, 30, 3, 25.11278898599965, 3, 10, 3, 10, 3, 10, 3, 30, 3, 10, 3]",17.905545808966878
"[30, 3, 15.559128938175618, 3, 10, 3, 30, 3, 30, 3, 10, 3, 10, 3, 10, 3, 30, 3, 23.27269240492297, 3, 10, 3, 10, 3, 10, 3, 30, 3, 10, 3]",17.239514619883046
"[30, 3, 11.74303787809246, 3, 10, 3, 30, 3, 30, 3, 10, 3, 10, 3, 10, 3, 30, 3, 30, 3, 10, 3, 10, 3, 10, 3, 30, 3, 10, 3]",16.329497076023436
"[30, 3, 10.923522551170409, 3, 10, 3, 30, 3, 30, 3, 10, 3, 10, 3, 10, 3, 30, 3, 30, 3, 10, 3, 10, 3, 10, 3, 30, 3, 10, 3]",15.533446393762187
"[30, 3, 12.063065799520043, 3, 10, 3, 30, 3, 30, 3, 10, 3, 10, 3, 10, 3, 30, 3, 28.4805655943959, 3, 10, 3, 10, 3, 10, 3, 30, 3, 10, 3]",16.680990253411355
"[30, 3, 12.599846366636847, 3, 10, 3, 30, 3, 30, 3, 10, 3, 10, 3, 10, 3, 30, 3, 30, 3, 10, 3, 10, 3, 10, 3, 30, 3, 10, 3]",15.175814814814833
"[30, 3, 14.783245655054163, 3, 10, 3, 30, 3, 30, 3, 10, 3, 10, 3, 10, 3, 30, 3, 22.9183648427444, 3, 10, 3, 10, 3, 10, 3, 30, 3, 10, 3]",16.848233918128667
"[30, 3, 15.412416475423106, 3, 10, 3, 30, 3, 30, 3, 10, 3, 10, 3, 10, 3, 30, 3, 24.964969343397957, 3, 10, 3, 10, 3, 10, 3, 30, 3, 10, 3]",15.387514619883063
"[30, 3, 15.721313827486693, 3, 10, 3, 30, 3, 30, 3, 10, 3, 10, 3, 10, 3, 30, 3, 27.558991649749604, 3, 10, 3, 10, 3, 10, 3, 30, 3, 10, 3]",15.558309941520433
"[30, 3, 10.3455721710578, 3, 10, 3, 30, 3, 30, 3, 10, 3, 10, 3, 10, 3, 30, 3, 24.030708279987188, 3, 10, 3, 10, 3, 10, 3, 30, 3, 10, 3]",16.004286549707658
"[30, 3, 13.453644443569413, 3, 10, 3, 30, 3, 30, 3, 10, 3, 10, 3, 10, 3, 30, 3, 28.250556129698197, 3, 10, 3, 10, 3, 10, 3, 30, 3, 10, 3]",17.02192592592587
"[30, 3, 10, 3, 10, 3, 30, 3, 30, 3, 10, 3, 10, 3, 10, 3, 30, 3, 20.567594491579385, 3, 10, 3, 10, 3, 10, 3, 30, 3, 10, 3]",16.18167251461986
"[30, 3, 14.398813529020465, 3, 10, 3, 30, 3, 30, 3, 10, 3, 10, 3, 10, 3, 30, 3, 27.704631198931303, 3, 10, 3, 10, 3, 10, 3, 30, 3, 10, 3]",16.841775828460044
"[30, 3, 12.97483642511228, 3, 10, 3, 30, 3, 30, 3, 10, 3, 10, 3, 10, 3, 30, 3, 24.23988843530946, 3, 10, 3, 10, 3, 10, 3, 30, 3, 10, 3]",17.355545808966824
"[30, 3, 13.292418411722869, 3, 10, 3, 30, 3, 30, 3, 10, 3, 10, 3, 10, 3, 30, 3, 30, 3, 10, 3, 10, 3, 10, 3, 30, 3, 10, 3]",16.317056530214437
"[30, 3, 10, 3, 10, 3, 30, 3, 30, 3, 10, 3, 10, 3, 10, 3, 30, 3, 19.22642599236365, 3, 10, 3, 10, 3, 10, 3, 30, 3, 10, 3]",15.1080175438596
"[30, 3, 14.13308723780344, 3, 10, 3, 30, 3, 30, 3, 10, 3, 10, 3, 10, 3, 30, 3, 25.90641717400088, 3, 10, 3, 10, 3, 10, 3, 30, 3, 10, 3]",16.92332163742687
"[30, 3, 10, 3, 10, 3, 30, 3, 30, 3, 10, 3, 10, 3, 10, 3, 30, 3, 23.828500448633328, 3, 10, 3, 10, 3, 10, 3, 30, 3, 10, 3]",17.115463937621858
"[30, 3, 12.478137335762622, 3, 10, 3, 30, 3, 30, 3, 10, 3, 10, 3, 10, 3, 30, 3, 24.098170311353826, 3, 10, 3, 10, 3, 10, 3, 30, 3, 10, 3]",18.34888693957116
"[30, 3, 17.035436318832332, 3, 10, 3, 30, 3, 30, 3, 10, 3, 10, 3, 10, 3, 30, 3, 30, 3, 10, 3, 10, 3, 10, 3, 30, 3, 10, 3]",17.275647173489258
"[30, 3, 11.789930095032135, 3, 10, 3, 30, 3, 30, 3, 10, 3, 10, 3, 10, 3, 30, 3, 25.11278898599965, 3, 10, 3, 10, 3, 10, 3, 30, 3, 10, 3]",15.992764132553587
"[30, 3, 15.559128938175618, 3, 10, 3, 30, 3, 30, 3, 10, 3, 10, 3, 10, 3, 30, 3, 23.27269240492297, 3, 10, 3, 10, 3, 10, 3, 30, 3, 10, 3]",16.05505263157896
"[30, 3, 11.74303787809246, 3, 10, 3, 30, 3, 30, 3, 10, 3, 10, 3, 10, 3, 30, 3, 30, 3, 10, 3, 10, 3, 10, 3, 30, 3, 10, 3]",17.637855750487336
"[30, 3, 10.923522551170409, 3, 10, 3, 30, 3, 30, 3, 10, 3, 10, 3, 10, 3, 30, 3, 30, 3, 10, 3, 10, 3, 10, 3, 30, 3, 10, 3]",16.61129044834311
"[30, 3, 12.063065799520043, 3, 10, 3, 30, 3, 30, 3, 10, 3, 10, 3, 10, 3, 30, 3, 28.4805655943959, 3, 10, 3, 10, 3, 10, 3, 30, 3, 10, 3]",17.20489863547753
"[30, 3, 12.599846366636847, 3, 10, 3, 30, 3, 30, 3, 10, 3, 10, 3, 10, 3, 30, 3, 30, 3, 10, 3, 10, 3, 10, 3, 30, 3, 10, 3]",15.60337426900584
"[30, 3, 14.783245655054163, 3, 10, 3, 30, 3, 30, 3, 10, 3, 10, 3, 10, 3, 30, 3, 22.9183648427444, 3, 10, 3, 10, 3, 10, 3, 30, 3, 10, 3]",15.750769980506801
"[30, 3, 15.412416475423106, 3, 10, 3, 30, 3, 30, 3, 10, 3, 10, 3, 10, 3, 30, 3, 24.964969343397957, 3, 10, 3, 10, 3, 10, 3, 30, 3, 10, 3]",17.670469785575033
"[30, 3, 15.721313827486693, 3, 10, 3, 30, 3, 30, 3, 10, 3, 10, 3, 10, 3, 30, 3, 27.558991649749604, 3, 10, 3, 10, 3, 10, 3, 30, 3, 10, 3]",16.69367251461988
"[30, 3, 10.3455721710578, 3, 10, 3, 30, 3, 30, 3, 10, 3, 10, 3, 10, 3, 30, 3, 24.030708279987188, 3, 10, 3, 10, 3, 10, 3, 30, 3, 10, 3]",17.793148148148177
"[30, 3, 13.453644443569413, 3, 10, 3, 30, 3, 30, 3, 10, 3, 10, 3, 10, 3, 30, 3, 28.250556129698197, 3, 10, 3, 10, 3, 10, 3, 30, 3, 10, 3]",15.869052631578933
"[30, 3, 10, 3, 10, 3, 30, 3, 30, 3, 10, 3, 10, 3, 10, 3, 30, 3, 20.567594491579385, 3, 10, 3, 10, 3, 10, 3, 30, 3, 10, 3]",16.57154385964914
"[30, 3, 14.398813529020465, 3, 10, 3, 30, 3, 30, 3, 10, 3, 10, 3, 10, 3, 30, 3, 27.704631198931303, 3, 10, 3, 10, 3, 10, 3, 30, 3, 10, 3]",17.266561403508774
"[30, 3, 12.97483642511228, 3, 10, 3, 30, 3, 30, 3, 10, 3, 10, 3, 10, 3, 30, 3, 24.23988843530946, 3, 10, 3, 10, 3, 10, 3, 30, 3, 10, 3]",17.560138401559474
"[30, 3, 13.292418411722869, 3, 10, 3, 30, 3, 30, 3, 10, 3, 10, 3, 10, 3, 30, 3, 30, 3, 10, 3, 10, 3, 10, 3, 30, 3, 10, 3]",16.199783625731015
"[30, 3, 10, 3, 10, 3, 30, 3, 30, 3, 10, 3, 10, 3, 10, 3, 30, 3, 19.22642599236365, 3, 10, 3, 10, 3, 10, 3, 30, 3, 10, 3]",17.65260623781675
"[30, 3, 14.13308723780344, 3, 10, 3, 30, 3, 30, 3, 10, 3, 10, 3, 10, 3, 30, 3, 25.90641717400088, 3, 10, 3, 10, 3, 10, 3, 30, 3, 10, 3]",16.11906627680312
"[30, 3, 10, 3, 10, 3, 30, 3, 30, 3, 10, 3, 10, 3, 10, 3, 30, 3, 23.828500448633328, 3, 10, 3, 10, 3, 10, 3, 30, 3, 10, 3]",16.35270175438593
"[30, 3, 12.478137335762622, 3, 10, 3, 30, 3, 30, 3, 10, 3, 10, 3, 10, 3, 30, 3, 24.098170311353826, 3, 10, 3, 10, 3, 10, 3, 30, 3, 10, 3]",16.939859649122816
"[30, 3, 17.035436318832332, 3, 10, 3, 30, 3, 30, 3, 10, 3, 10, 3, 10, 3, 30, 3, 30, 3, 10, 3, 10, 3, 10, 3, 30, 3, 10, 3]",15.625009746588706
"[30, 3, 11.789930095032135, 3, 10, 3, 30, 3, 30, 3, 10, 3, 10, 3, 10, 3, 30, 3, 25.11278898599965, 3, 10, 3, 10, 3, 10, 3, 30, 3, 10, 3]",16.41229629629628
"[30, 3, 15.559128938175618, 3, 10, 3, 30, 3, 30, 3, 10, 3, 10, 3, 10, 3, 30, 3, 23.27269240492297, 3, 10, 3, 10, 3, 10, 3, 30, 3, 10, 3]",17.378452241715383
"[30, 3, 11.74303787809246, 3, 10, 3, 30, 3, 30, 3, 10, 3, 10, 3, 10, 3, 30, 3, 30, 3, 10, 3, 10, 3, 10, 3, 30, 3, 10, 3]",16.561487329434733
"[30, 3, 10.923522551170409, 3, 10, 3, 30, 3, 30, 3, 10, 3, 10, 3, 10, 3, 30, 3, 30, 3, 10, 3, 10, 3, 10, 3, 30, 3, 10, 3]",14.460144249512647
"[30, 3, 12.063065799520043, 3, 10, 3, 30, 3, 30, 3, 10, 3, 10, 3, 10, 3, 30, 3, 28.4805655943959, 3, 10, 3, 10, 3, 10, 3, 30, 3, 10, 3]",16.75946393762179
"[30, 3, 12.599846366636847, 3, 10, 3, 30, 3, 30, 3, 10, 3, 10, 3, 10, 3, 30, 3, 30, 3, 10, 3, 10, 3, 10, 3, 30, 3, 10, 3]",17.901366471734878
"[30, 3, 14.783245655054163, 3, 10, 3, 30, 3, 30, 3, 10, 3, 10, 3, 10, 3, 30, 3, 22.9183648427444, 3, 10, 3, 10, 3, 10, 3, 30, 3, 10, 3]",17.306444444444473
"[30, 3, 15.412416475423106, 3, 10, 3, 30, 3, 30, 3, 10, 3, 10, 3, 10, 3, 30, 3, 24.964969343397957, 3, 10, 3, 10, 3, 10, 3, 30, 3, 10, 3]",17.627417153996102
"[30, 3, 15.721313827486693, 3, 10, 3, 30, 3, 30, 3, 10, 3, 10, 3, 10, 3, 30, 3, 27.558991649749604, 3, 10, 3, 10, 3, 10, 3, 30, 3, 10, 3]",16.428155945419096
"[30, 3, 10.3455721710578, 3, 10, 3, 30, 3, 30, 3, 10, 3, 10, 3, 10, 3, 30, 3, 24.030708279987188, 3, 10, 3, 10, 3, 10, 3, 30, 3, 10, 3]",15.069695906432703
"[30, 3, 13.453644443569413, 3, 10, 3, 30, 3, 30, 3, 10, 3, 10, 3, 10, 3, 30, 3, 28.250556129698197, 3, 10, 3, 10, 3, 10, 3, 30, 3, 10, 3]",16.864719298245625
"[30, 3, 10, 3, 10, 3, 30, 3, 30, 3, 10, 3, 10, 3, 10, 3, 30, 3, 20.567594491579385, 3, 10, 3, 10, 3, 10, 3, 30, 3, 10, 3]",15.458335282651053
"[30, 3, 14.398813529020465, 3, 10, 3, 30, 3, 30, 3, 10, 3, 10, 3, 10, 3, 30, 3, 27.704631198931303, 3, 10, 3, 10, 3, 10, 3, 30, 3, 10, 3]",16.200304093567247
"[30, 3, 12.97483642511228, 3, 10, 3, 30, 3, 30, 3, 10, 3, 10, 3, 10, 3, 30, 3, 24.23988843530946, 3, 10, 3, 10, 3, 10, 3, 30, 3, 10, 3]",17.423933723196868
"[30, 3, 13.292418411722869, 3, 10, 3, 30, 3, 30, 3, 10, 3, 10, 3, 10, 3, 30, 3, 30, 3, 10, 3, 10, 3, 10, 3, 30, 3, 10, 3]",15.851107212475652
"[30, 3, 10, 3, 10, 3, 30, 3, 30, 3, 10, 3, 10, 3, 10, 3, 30, 3, 19.22642599236365, 3, 10, 3, 10, 3, 10, 3, 30, 3, 10, 3]",15.959830409356744
"[30, 3, 14.13308723780344, 3, 10, 3, 30, 3, 30, 3, 10, 3, 10, 3, 10, 3, 30, 3, 25.90641717400088, 3, 10, 3, 10, 3, 10, 3, 30, 3, 10, 3]",15.952877192982417
"[30, 3, 10, 3, 10, 3, 30, 3, 30, 3, 10, 3, 10, 3, 10, 3, 30, 3, 23.828500448633328, 3, 10, 3, 10, 3, 10, 3, 30, 3, 10, 3]",17.589481481481492
"[30, 3, 12.478137335762622, 3, 10, 3, 30, 3, 30, 3, 10, 3, 10, 3, 10, 3, 30, 3, 24.098170311353826, 3, 10, 3, 10, 3, 10, 3, 30, 3, 10, 3]",16.910027290448365
"[30, 3, 17.035436318832332, 3, 10, 3, 30, 3, 30, 3, 10, 3, 10, 3, 10, 3, 30, 3, 30, 3, 10, 3, 10, 3, 10, 3, 30, 3, 10, 3]",15.90746003898636
"[30, 3, 11.789930095032135, 3, 10, 3, 30, 3, 30, 3, 10, 3, 10, 3, 10, 3, 30, 3, 25.11278898599965, 3, 10, 3, 10, 3, 10, 3, 30, 3, 10, 3]",16.303044834307986
"[30, 3, 15.559128938175618, 3, 10, 3, 30, 3, 30, 3, 10, 3, 10, 3, 10, 3, 30, 3, 23.27269240492297, 3, 10, 3, 10, 3, 10, 3, 30, 3, 10, 3]",16.437771929824578
"[30, 3, 11.74303787809246, 3, 10, 3, 30, 3, 30, 3, 10, 3, 10, 3, 10, 3, 30, 3, 30, 3, 10, 3, 10, 3, 10, 3, 30, 3, 10, 3]",15.109438596491204
"[30, 3, 10.923522551170409, 3, 10, 3, 30, 3, 30, 3, 10, 3, 10, 3, 10, 3, 30, 3, 30, 3, 10, 3, 10, 3, 10, 3, 30, 3, 10, 3]",17.056908382066275
"[30, 3, 12.063065799520043, 3, 10, 3, 30, 3, 30, 3, 10, 3, 10, 3, 10, 3, 30, 3, 28.4805655943959, 3, 10, 3, 10, 3, 10, 3, 30, 3, 10, 3]",16.510202729044842
"[30, 3, 12.599846366636847, 3, 10, 3, 30, 3, 30, 3, 10, 3, 10, 3, 10, 3, 30, 3, 30, 3, 10, 3, 10, 3, 10, 3, 30, 3, 10, 3]",17.733432748538053
"[30, 3, 14.783245655054163, 3, 10, 3, 30, 3, 30, 3, 10, 3, 10, 3, 10, 3, 30, 3, 22.9183648427444, 3, 10, 3, 10, 3, 10, 3, 30, 3, 10, 3]",18.456619883040965
"[30, 3, 15.412416475423106, 3, 10, 3, 30, 3, 30, 3, 10, 3, 10, 3, 10, 3, 30, 3, 24.964969343397957, 3, 10, 3, 10, 3, 10, 3, 30, 3, 10, 3]",17.816627680311882
"[30, 3, 15.721313827486693, 3, 10, 3, 30, 3, 30, 3, 10, 3, 10, 3, 10, 3, 30, 3, 27.558991649749604, 3, 10, 3, 10, 3, 10, 3, 30, 3, 10, 3]",16.292838206627692
"[30, 3, 10.3455721710578, 3, 10, 3, 30, 3, 30, 3, 10, 3, 10, 3, 10, 3, 30, 3, 24.030708279987188, 3, 10, 3, 10, 3, 10, 3, 30, 3, 10, 3]",16.02442884990252
"[30, 3, 13.453644443569413, 3, 10, 3, 30, 3, 30, 3, 10, 3, 10, 3, 10, 3, 30, 3, 28.250556129698197, 3, 10, 3, 10, 3, 10, 3, 30, 3, 10, 3]",13.832313840155955
"[30, 3, 10, 3, 10, 3, 30, 3, 30, 3, 10, 3, 10, 3, 10, 3, 30, 3, 20.567594491579385, 3, 10, 3, 10, 3, 10, 3, 30, 3, 10, 3]",16.73560428849901
"[30, 3, 14.398813529020465, 3, 10, 3, 30, 3, 30, 3, 10, 3, 10, 3, 10, 3, 30, 3, 27.704631198931303, 3, 10, 3, 10, 3, 10, 3, 30, 3, 10, 3]",16.70129044834309
"[30, 3, 12.97483642511228, 3, 10, 3, 30, 3, 30, 3, 10, 3, 10, 3, 10, 3, 30, 3, 24.23988843530946, 3, 10, 3, 10, 3, 10, 3, 30, 3, 10, 3]",18.628456140350877
"[30, 3, 13.292418411722869, 3, 10, 3, 30, 3, 30, 3, 10, 3, 10, 3, 10, 3, 30, 3, 30, 3, 10, 3, 10, 3, 10, 3, 30, 3, 10, 3]",17.1079298245614
"[30, 3, 10, 3, 10, 3, 30, 3, 30, 3, 10, 3, 10, 3, 10, 3, 30, 3, 19.22642599236365, 3, 10, 3, 10, 3, 10, 3, 30, 3, 10, 3]",16.127569200779742
"[30, 3, 14.13308723780344, 3, 10, 3, 30, 3, 30, 3, 10, 3, 10, 3, 10, 3, 30, 3, 25.90641717400088, 3, 10, 3, 10, 3, 10, 3, 30, 3, 10, 3]",15.478072124756327
"[30, 3, 10, 3, 10, 3, 30, 3, 30, 3, 10, 3, 10, 3, 10, 3, 30, 3, 23.828500448633328, 3, 10, 3, 10, 3, 10, 3, 30, 3, 10, 3]",15.43055555555555
"[30, 3, 12.478137335762622, 3, 10, 3, 30, 3, 30, 3, 10, 3, 10, 3, 10, 3, 30, 3, 24.098170311353826, 3, 10, 3, 10, 3, 10, 3, 30, 3, 10, 3]",17.03723976608187
"[30, 3, 17.035436318832332, 3, 10, 3, 30, 3, 30, 3, 10, 3, 10, 3, 10, 3, 30, 3, 30, 3, 10, 3, 10, 3, 10, 3, 30, 3, 10, 3]",16.416688109161804
"[30, 3, 11.789930095032135, 3, 10, 3, 30, 3, 30, 3, 10, 3, 10, 3, 10, 3, 30, 3, 25.11278898599965, 3, 10, 3, 10, 3, 10, 3, 30, 3, 10, 3]",17.05547758284602
"[30, 3, 15.559128938175618, 3, 10, 3, 30, 3, 30, 3, 10, 3, 10, 3, 10, 3, 30, 3, 23.27269240492297, 3, 10, 3, 10, 3, 10, 3, 30, 3, 10, 3]",16.535522417154024
"[30, 3, 11.74303787809246, 3, 10, 3, 30, 3, 30, 3, 10, 3, 10, 3, 10, 3, 30, 3, 30, 3, 10, 3, 10, 3, 10, 3, 30, 3, 10, 3]",15.749175438596497
"[30, 3, 10.923522551170409, 3, 10, 3, 30, 3, 30, 3, 10, 3, 10, 3, 10, 3, 30, 3, 30, 3, 10, 3, 10, 3, 10, 3, 30, 3, 10, 3]",14.928304093567238
"[30, 3, 12.063065799520043, 3, 10, 3, 30, 3, 30, 3, 10, 3, 10, 3, 10, 3, 30, 3, 28.4805655943959, 3, 10, 3, 10, 3, 10, 3, 30, 3, 10, 3]",16.214647173489286
"[30, 3, 12.599846366636847, 3, 10, 3, 30, 3, 30, 3, 10, 3, 10, 3, 10, 3, 30, 3, 30, 3, 10, 3, 10, 3, 10, 3, 30, 3, 10, 3]",15.543348927875241
"[30, 3, 14.783245655054163, 3, 10, 3, 30, 3, 30, 3, 10, 3, 10, 3, 10, 3, 30, 3, 22.9183648427444, 3, 10, 3, 10, 3, 10, 3, 30, 3, 10, 3]",16.103678362573092
"[30, 3, 15.412416475423106, 3, 10, 3, 30, 3, 30, 3, 10, 3, 10, 3, 10, 3, 30, 3, 24.964969343397957, 3, 10, 3, 10, 3, 10, 3, 30, 3, 10, 3]",15.906623781676457
"[30, 3, 15.721313827486693, 3, 10, 3, 30, 3, 30, 3, 10, 3, 10, 3, 10, 3, 30, 3, 27.558991649749604, 3, 10, 3, 10, 3, 10, 3, 30, 3, 10, 3]",18.3284951267057
"[30, 3, 10.3455721710578, 3, 10, 3, 30, 3, 30, 3, 10, 3, 10, 3, 10, 3, 30, 3, 24.030708279987188, 3, 10, 3, 10, 3, 10, 3, 30, 3, 10, 3]",17.213202729044852
"[30, 3, 13.453644443569413, 3, 10, 3, 30, 3, 30, 3, 10, 3, 10, 3, 10, 3, 30, 3, 28.250556129698197, 3, 10, 3, 10, 3, 10, 3, 30, 3, 10, 3]",16.76660233918129
"[30, 3, 10, 3, 10, 3, 30, 3, 30, 3, 10, 3, 10, 3, 10, 3, 30, 3, 20.567594491579385, 3, 10, 3, 10, 3, 10, 3, 30, 3, 10, 3]",14.814894736842083
"[30, 3, 14.398813529020465, 3, 10, 3, 30, 3, 30, 3, 10, 3, 10, 3, 10, 3, 30, 3, 27.704631198931303, 3, 10, 3, 10, 3, 10, 3, 30, 3, 10, 3]",17.725892787524394
"[30, 3, 12.97483642511228, 3, 10, 3, 30, 3, 30, 3, 10, 3, 10, 3, 10, 3, 30, 3, 24.23988843530946, 3, 10, 3, 10, 3, 10, 3, 30, 3, 10, 3]",15.551255360623793
"[30, 3, 13.292418411722869, 3, 10, 3, 30, 3, 30, 3, 10, 3, 10, 3, 10, 3, 30, 3, 30, 3, 10, 3, 10, 3, 10, 3, 30, 3, 10, 3]",17.055668615984423
"[30, 3, 10, 3, 10, 3, 30, 3, 30, 3, 10, 3, 10, 3, 10, 3, 30, 3, 19.22642599236365, 3, 10, 3, 10, 3, 10, 3, 30, 3, 10, 3]",15.921836257309941
"[30, 3, 14.13308723780344, 3, 10, 3, 30, 3, 30, 3, 10, 3, 10, 3, 10, 3, 30, 3, 25.90641717400088, 3, 10, 3, 10, 3, 10, 3, 30, 3, 10, 3]",15.311239766081854
"[30, 3, 10, 3, 10, 3, 30, 3, 30, 3, 10, 3, 10, 3, 10, 3, 30, 3, 23.828500448633328, 3, 10, 3, 10, 3, 10, 3, 30, 3, 10, 3]",18.358241715399622
"[30, 3, 12.478137335762622, 3, 10, 3, 30, 3, 30, 3, 10, 3, 10, 3, 10, 3, 30, 3, 24.098170311353826, 3, 10, 3, 10, 3, 10, 3, 30, 3, 10, 3]",17.43305653021441
"[30, 3, 17.035436318832332, 3, 10, 3, 30, 3, 30, 3, 10, 3, 10, 3, 10, 3, 30, 3, 30, 3, 10, 3, 10, 3, 10, 3, 30, 3, 10, 3]",15.794171539960994
"[30, 3, 11.789930095032135, 3, 10, 3, 30, 3, 30, 3, 10, 3, 10, 3, 10, 3, 30, 3, 25.11278898599965, 3, 10, 3, 10, 3, 10, 3, 30, 3, 10, 3]",15.469140350877176
"[30, 3, 15.559128938175618, 3, 10, 3, 30, 3, 30, 3, 10, 3, 10, 3, 10, 3, 30, 3, 23.27269240492297, 3, 10, 3, 10, 3, 10, 3, 30, 3, 10, 3]",15.472288499025304
"[30, 3, 11.74303787809246, 3, 10, 3, 30, 3, 30, 3, 10, 3, 10, 3, 10, 3, 30, 3, 30, 3, 10, 3, 10, 3, 10, 3, 30, 3, 10, 3]",15.373754385964979
"[30, 3, 10.923522551170409, 3, 10, 3, 30, 3, 30, 3, 10, 3, 10, 3, 10, 3, 30, 3, 30, 3, 10, 3, 10, 3, 10, 3, 30, 3, 10, 3]",16.371107212475625
"[30, 3, 12.063065799520043, 3, 10, 3, 30, 3, 30, 3, 10, 3, 10, 3, 10, 3, 30, 3, 28.4805655943959, 3, 10, 3, 10, 3, 10, 3, 30, 3, 10, 3]",17.035115009746587
"[30, 3, 12.599846366636847, 3, 10, 3, 30, 3, 30, 3, 10, 3, 10, 3, 10, 3, 30, 3, 30, 3, 10, 3, 10, 3, 10, 3, 30, 3, 10, 3]",17.052576998050657
"[30, 3, 14.783245655054163, 3, 10, 3, 30, 3, 30, 3, 10, 3, 10, 3, 10, 3, 30, 3, 22.9183648427444, 3, 10, 3, 10, 3, 10, 3, 30, 3, 10, 3]",15.240736842105253
"[30, 3, 15.412416475423106, 3, 10, 3, 30, 3, 30, 3, 10, 3, 10, 3, 10, 3, 30, 3, 24.964969343397957, 3, 10, 3, 10, 3, 10, 3, 30, 3, 10, 3]",17.31425146198833
"[30, 3, 15.721313827486693, 3, 10, 3, 30, 3, 30, 3, 10, 3, 10, 3, 10, 3, 30, 3, 27.558991649749604, 3, 10, 3, 10, 3, 10, 3, 30, 3, 10, 3]",17.69373294346978
"[30, 3, 10.3455721710578, 3, 10, 3, 30, 3, 30, 3, 10, 3, 10, 3, 10, 3, 30, 3, 24.030708279987188, 3, 10, 3, 10, 3, 10, 3, 30, 3, 10, 3]",16.63289863547759
"[30, 3, 13.453644443569413, 3, 10, 3, 30, 3, 30, 3, 10, 3, 10, 3, 10, 3, 30, 3, 28.250556129698197, 3, 10, 3, 10, 3, 10, 3, 30, 3, 10, 3]",16.233512670565364
"[30, 3, 10, 3, 10, 3, 30, 3, 30, 3, 10, 3, 10, 3, 10, 3, 30, 3, 20.567594491579385, 3, 10, 3, 10, 3, 10, 3, 30, 3, 10, 3]",16.189052631578917
"[30, 3, 14.398813529020465, 3, 10, 3, 30, 3, 30, 3, 10, 3, 10, 3, 10, 3, 30, 3, 27.704631198931303, 3, 10, 3, 10, 3, 10, 3, 30, 3, 10, 3]",19.25753606237812
"[30, 3, 12.97483642511228, 3, 10, 3, 30, 3, 30, 3, 10, 3, 10, 3, 10, 3, 30, 3, 24.23988843530946, 3, 10, 3, 10, 3, 10, 3, 30, 3, 10, 3]",15.943191033138403
"[30, 3, 13.292418411722869, 3, 10, 3, 30, 3, 30, 3, 10, 3, 10, 3, 10, 3, 30, 3, 30, 3, 10, 3, 10, 3, 10, 3, 30, 3, 10, 3]",17.493639376218283
"[30, 3, 10, 3, 10, 3, 30, 3, 30, 3, 10, 3, 10, 3, 10, 3, 30, 3, 19.22642599236365, 3, 10, 3, 10, 3, 10, 3, 30, 3, 10, 3]",17.793709551656864
"[30, 3, 14.13308723780344, 3, 10, 3, 30, 3, 30, 3, 10, 3, 10, 3, 10, 3, 30, 3, 25.90641717400088, 3, 10, 3, 10, 3, 10, 3, 30, 3, 10, 3]",15.201520467836271
"[30, 3, 10, 3, 10, 3, 30, 3, 30, 3, 10, 3, 10, 3, 10, 3, 30, 3, 23.828500448633328, 3, 10, 3, 10, 3, 10, 3, 30, 3, 10, 3]",16.85411306042886
"[30, 3, 12.478137335762622, 3, 10, 3, 30, 3, 30, 3, 10, 3, 10, 3, 10, 3, 30, 3, 24.098170311353826, 3, 10, 3, 10, 3, 10, 3, 30, 3, 10, 3]",17.248779727095542
"[30, 3, 17.035436318832332, 3, 10, 3, 30, 3, 30, 3, 10, 3, 10, 3, 10, 3, 30, 3, 30, 3, 10, 3, 10, 3, 10, 3, 30, 3, 10, 3]",17.317857699805042
"[30, 3, 11.789930095032135, 3, 10, 3, 30, 3, 30, 3, 10, 3, 10, 3, 10, 3, 30, 3, 25.11278898599965, 3, 10, 3, 10, 3, 10, 3, 30, 3, 10, 3]",16.0575536062378
"[30, 3, 15.559128938175618, 3, 10, 3, 30, 3, 30, 3, 10, 3, 10, 3, 10, 3, 30, 3, 23.27269240492297, 3, 10, 3, 10, 3, 10, 3, 30, 3, 10, 3]",17.13104093567251
"[30, 3, 11.74303787809246, 3, 10, 3, 30, 3, 30, 3, 10, 3, 10, 3, 10, 3, 30, 3, 30, 3, 10, 3, 10, 3, 10, 3, 30, 3, 10, 3]",16.136477582846
"[30, 3, 10.923522551170409, 3, 10, 3, 30, 3, 30, 3, 10, 3, 10, 3, 10, 3, 30, 3, 30, 3, 10, 3, 10, 3, 10, 3, 30, 3, 10, 3]",17.081288499025366
"[30, 3, 12.063065799520043, 3, 10, 3, 30, 3, 30, 3, 10, 3, 10, 3, 10, 3, 30, 3, 28.4805655943959, 3, 10, 3, 10, 3, 10, 3, 30, 3, 10, 3]",17.597169590643293
"[30, 3, 12.599846366636847, 3, 10, 3, 30, 3, 30, 3, 10, 3, 10, 3, 10, 3, 30, 3, 30, 3, 10, 3, 10, 3, 10, 3, 30, 3, 10, 3]",16.352727095516595
"[30, 3, 14.783245655054163, 3, 10, 3, 30, 3, 30, 3, 10, 3, 10, 3, 10, 3, 30, 3, 22.9183648427444, 3, 10, 3, 10, 3, 10, 3, 30, 3, 10, 3]",17.531890838206618
"[30, 3, 15.412416475423106, 3, 10, 3, 30, 3, 30, 3, 10, 3, 10, 3, 10, 3, 30, 3, 24.964969343397957, 3, 10, 3, 10, 3, 10, 3, 30, 3, 10, 3]",17.277183235867447
"[30, 3, 15.721313827486693, 3, 10, 3, 30, 3, 30, 3, 10, 3, 10, 3, 10, 3, 30, 3, 27.558991649749604, 3, 10, 3, 10, 3, 10, 3, 30, 3, 10, 3]",17.261401559454175
"[30, 3, 10.3455721710578, 3, 10, 3, 30, 3, 30, 3, 10, 3, 10, 3, 10, 3, 30, 3, 24.030708279987188, 3, 10, 3, 10, 3, 10, 3, 30, 3, 10, 3]",18.232734892787533
"[30, 3, 13.453644443569413, 3, 10, 3, 30, 3, 30, 3, 10, 3, 10, 3, 10, 3, 30, 3, 28.250556129698197, 3, 10, 3, 10, 3, 10, 3, 30, 3, 10, 3]",15.162697855750508
"[30, 3, 10, 3, 10, 3, 30, 3, 30, 3, 10, 3, 10, 3, 10, 3, 30, 3, 20.567594491579385, 3, 10, 3, 10, 3, 10, 3, 30, 3, 10, 3]",17.035251461988317
"[30, 3, 14.398813529020465, 3, 10, 3, 30, 3, 30, 3, 10, 3, 10, 3, 10, 3, 30, 3, 27.704631198931303, 3, 10, 3, 10, 3, 10, 3, 30, 3, 10, 3]",17.77918908382063
"[30, 3, 12.97483642511228, 3, 10, 3, 30, 3, 30, 3, 10, 3, 10, 3, 10, 3, 30, 3, 24.23988843530946, 3, 10, 3, 10, 3, 10, 3, 30, 3, 10, 3]",16.07296686159845
"[30, 3, 13.292418411722869, 3, 10, 3, 30, 3, 30, 3, 10, 3, 10, 3, 10, 3, 30, 3, 30, 3, 10, 3, 10, 3, 10, 3, 30, 3, 10, 3]",15.52290643274852
"[30, 3, 10, 3, 10, 3, 30, 3, 30, 3, 10, 3, 10, 3, 10, 3, 30, 3, 19.22642599236365, 3, 10, 3, 10, 3, 10, 3, 30, 3, 10, 3]",17.023773879142336
"[30, 3, 14.13308723780344, 3, 10, 3, 30, 3, 30, 3, 10, 3, 10, 3, 10, 3, 30, 3, 25.90641717400088, 3, 10, 3, 10, 3, 10, 3, 30, 3, 10, 3]",16.798608187134455
"[30, 3, 10, 3, 10, 3, 30, 3, 30, 3, 10, 3, 10, 3, 10, 3, 30, 3, 23.828500448633328, 3, 10, 3, 10, 3, 10, 3, 30, 3, 10, 3]",16.507974658869404
"[30, 3, 12.478137335762622, 3, 10, 3, 30, 3, 30, 3, 10, 3, 10, 3, 10, 3, 30, 3, 24.098170311353826, 3, 10, 3, 10, 3, 10, 3, 30, 3, 10, 3]",16.042267056530193
"[30, 3, 17.035436318832332, 3, 10, 3, 30, 3, 30, 3, 10, 3, 10, 3, 10, 3, 30, 3, 30, 3, 10, 3, 10, 3, 10, 3, 30, 3, 10, 3]",14.785085769980482
"[30, 3, 11.789930095032135, 3, 10, 3, 30, 3, 30, 3, 10, 3, 10, 3, 10, 3, 30, 3, 25.11278898599965, 3, 10, 3, 10, 3, 10, 3, 30, 3, 10, 3]",17.723730994151992
"[30, 3, 15.559128938175618, 3, 10, 3, 30, 3, 30, 3, 10, 3, 10, 3, 10, 3, 30, 3, 23.27269240492297, 3, 10, 3, 10, 3, 10, 3, 30, 3, 10, 3]",17.71531773879139
"[30, 3, 11.74303787809246, 3, 10, 3, 30, 3, 30, 3, 10, 3, 10, 3, 10, 3, 30, 3, 30, 3, 10, 3, 10, 3, 10, 3, 30, 3, 10, 3]",15.882364522417154
"[30, 3, 10.923522551170409, 3, 10, 3, 30, 3, 30, 3, 10, 3, 10, 3, 10, 3, 30, 3, 30, 3, 10, 3, 10, 3, 10, 3, 30, 3, 10, 3]",15.839666666666671
"[30, 3, 12.063065799520043, 3, 10, 3, 30, 3, 30, 3, 10, 3, 10, 3, 10, 3, 30, 3, 28.4805655943959, 3, 10, 3, 10, 3, 10, 3, 30, 3, 10, 3]",17.713165692007763
"[30, 3, 12.599846366636847, 3, 10, 3, 30, 3, 30, 3, 10, 3, 10, 3, 10, 3, 30, 3, 30, 3, 10, 3, 10, 3, 10, 3, 30, 3, 10, 3]",18.272748538011708
"[30, 3, 14.783245655054163, 3, 10, 3, 30, 3, 30, 3, 10, 3, 10, 3, 10, 3, 30, 3, 22.9183648427444, 3, 10, 3, 10, 3, 10, 3, 30, 3, 10, 3]",16.203013645224193
"[30, 3, 15.412416475423106, 3, 10, 3, 30, 3, 30, 3, 10, 3, 10, 3, 10, 3, 30, 3, 24.964969343397957, 3, 10, 3, 10, 3, 10, 3, 30, 3, 10, 3]",16.935641325536
"[30, 3, 15.721313827486693, 3, 10, 3, 30, 3, 30, 3, 10, 3, 10, 3, 10, 3, 30, 3, 27.558991649749604, 3, 10, 3, 10, 3, 10, 3, 30, 3, 10, 3]",17.747037037037074
"[30, 3, 10.3455721710578, 3, 10, 3, 30, 3, 30, 3, 10, 3, 10, 3, 10, 3, 30, 3, 24.030708279987188, 3, 10, 3, 10, 3, 10, 3, 30, 3, 10, 3]",17.84383625730993
"[30, 3, 13.453644443569413, 3, 10, 3, 30, 3, 30, 3, 10, 3, 10, 3, 10, 3, 30, 3, 28.250556129698197, 3, 10, 3, 10, 3, 10, 3, 30, 3, 10, 3]",16.15128265107211
"[30, 3, 10, 3, 10, 3, 30, 3, 30, 3, 10, 3, 10, 3, 10, 3, 30, 3, 20.567594491579385, 3, 10, 3, 10, 3, 10, 3, 30, 3, 10, 3]",15.665888888888905
"[30, 3, 14.398813529020465, 3, 10, 3, 30, 3, 30, 3, 10, 3, 10, 3, 10, 3, 30, 3, 27.704631198931303, 3, 10, 3, 10, 3, 10, 3, 30, 3, 10, 3]",16.68316179337234
"[30, 3, 12.97483642511228, 3, 10, 3, 30, 3, 30, 3, 10, 3, 10, 3, 10, 3, 30, 3, 24.23988843530946, 3, 10, 3, 10, 3, 10, 3, 30, 3, 10, 3]",15.768805068226133
"[30, 3, 13.292418411722869, 3, 10, 3, 30, 3, 30, 3, 10, 3, 10, 3, 10, 3, 30, 3, 30, 3, 10, 3, 10, 3, 10, 3, 30, 3, 10, 3]",16.129465886939567
"[30, 3, 10, 3, 10, 3, 30, 3, 30, 3, 10, 3, 10, 3, 10, 3, 30, 3, 19.22642599236365, 3, 10, 3, 10, 3, 10, 3, 30, 3, 10, 3]",16.111528265107232
"[30, 3, 14.13308723780344, 3, 10, 3, 30, 3, 30, 3, 10, 3, 10, 3, 10, 3, 30, 3, 25.90641717400088, 3, 10, 3, 10, 3, 10, 3, 30, 3, 10, 3]",16.718362573099377
"[30, 3, 10, 3, 10, 3, 30, 3, 30, 3, 10, 3, 10, 3, 10, 3, 30, 3, 23.828500448633328, 3, 10, 3, 10, 3, 10, 3, 30, 3, 10, 3]",15.214565302144266
"[30, 3, 12.478137335762622, 3, 10, 3, 30, 3, 30, 3, 10, 3, 10, 3, 10, 3, 30, 3, 24.098170311353826, 3, 10, 3, 10, 3, 10, 3, 30, 3, 10, 3]",17.319949317738757
"[30, 3, 17.035436318832332, 3, 10, 3, 30, 3, 30, 3, 10, 3, 10, 3, 10, 3, 30, 3, 30, 3, 10, 3, 10, 3, 10, 3, 30, 3, 10, 3]",16.020846003898637
"[30, 3, 11.789930095032135, 3, 10, 3, 30, 3, 30, 3, 10, 3, 10, 3, 10, 3, 30, 3, 25.11278898599965, 3, 10, 3, 10, 3, 10, 3, 30, 3, 10, 3]",17.795179337231954
"[30, 3, 15.559128938175618, 3, 10, 3, 30, 3, 30, 3, 10, 3, 10, 3, 10, 3, 30, 3, 23.27269240492297, 3, 10, 3, 10, 3, 10, 3, 30, 3, 10, 3]",16.734943469785648
"[30, 3, 11.74303787809246, 3, 10, 3, 30, 3, 30, 3, 10, 3, 10, 3, 10, 3, 30, 3, 30, 3, 10, 3, 10, 3, 10, 3, 30, 3, 10, 3]",16.87267836257312
"[30, 3, 10.923522551170409, 3, 10, 3, 30, 3, 30, 3, 10, 3, 10, 3, 10, 3, 30, 3, 30, 3, 10, 3, 10, 3, 10, 3, 30, 3, 10, 3]",17.612955165692046
"[30, 3, 12.063065799520043, 3, 10, 3, 30, 3, 30, 3, 10, 3, 10, 3, 10, 3, 30, 3, 28.4805655943959, 3, 10, 3, 10, 3, 10, 3, 30, 3, 10, 3]",17.372152046783615
"[30, 3, 12.599846366636847, 3, 10, 3, 30, 3, 30, 3, 10, 3, 10, 3, 10, 3, 30, 3, 30, 3, 10, 3, 10, 3, 10, 3, 30, 3, 10, 3]",16.691516569200786
"[30, 3, 14.783245655054163, 3, 10, 3, 30, 3, 30, 3, 10, 3, 10, 3, 10, 3, 30, 3, 22.9183648427444, 3, 10, 3, 10, 3, 10, 3, 30, 3, 10, 3]",17.788510721247523
"[30, 3, 15.412416475423106, 3, 10, 3, 30, 3, 30, 3, 10, 3, 10, 3, 10, 3, 30, 3, 24.964969343397957, 3, 10, 3, 10, 3, 10, 3, 30, 3, 10, 3]",16.34133528265108
"[30, 3, 15.721313827486693, 3, 10, 3, 30, 3, 30, 3, 10, 3, 10, 3, 10, 3, 30, 3, 27.558991649749604, 3, 10, 3, 10, 3, 10, 3, 30, 3, 10, 3]",17.167493177387957
"[30, 3, 10.3455721710578, 3, 10, 3, 30, 3, 30, 3, 10, 3, 10, 3, 10, 3, 30, 3, 24.030708279987188, 3, 10, 3, 10, 3, 10, 3, 30, 3, 10, 3]",18.246163742690072
"[30, 3, 13.453644443569413, 3, 10, 3, 30, 3, 30, 3, 10, 3, 10, 3, 10, 3, 30, 3, 28.250556129698197, 3, 10, 3, 10, 3, 10, 3, 30, 3, 10, 3]",16.311029239766054
"[30, 3, 10, 3, 10, 3, 30, 3, 30, 3, 10, 3, 10, 3, 10, 3, 30, 3, 20.567594491579385, 3, 10, 3, 10, 3, 10, 3, 30, 3, 10, 3]",16.707037037037058
"[30, 3, 14.398813529020465, 3, 10, 3, 30, 3, 30, 3, 10, 3, 10, 3, 10, 3, 30, 3, 27.704631198931303, 3, 10, 3, 10, 3, 10, 3, 30, 3, 10, 3]",15.031715399610164
"[30, 3, 12.97483642511228, 3, 10, 3, 30, 3, 30, 3, 10, 3, 10, 3, 10, 3, 30, 3, 24.23988843530946, 3, 10, 3, 10, 3, 10, 3, 30, 3, 10, 3]",15.634709551656877
"[30, 3, 13.292418411722869, 3, 10, 3, 30, 3, 30, 3, 10, 3, 10, 3, 10, 3, 30, 3, 30, 3, 10, 3, 10, 3, 10, 3, 30, 3, 10, 3]",16.114368421052625
"[30, 3, 10, 3, 10, 3, 30, 3, 30, 3, 10, 3, 10, 3, 10, 3, 30, 3, 19.22642599236365, 3, 10, 3, 10, 3, 10, 3, 30, 3, 10, 3]",16.980734892787556
"[30, 3, 14.13308723780344, 3, 10, 3, 30, 3, 30, 3, 10, 3, 10, 3, 10, 3, 30, 3, 25.90641717400088, 3, 10, 3, 10, 3, 10, 3, 30, 3, 10, 3]",15.357575048732947
"[30, 3, 10, 3, 10, 3, 30, 3, 30, 3, 10, 3, 10, 3, 10, 3, 30, 3, 23.828500448633328, 3, 10, 3, 10, 3, 10, 3, 30, 3, 10, 3]",17.65867641325536
"[30, 3, 12.478137335762622, 3, 10, 3, 30, 3, 30, 3, 10, 3, 10, 3, 10, 3, 30, 3, 24.098170311353826, 3, 10, 3, 10, 3, 10, 3, 30, 3, 10, 3]",16.257998050682264
"[30, 3, 17.035436318832332, 3, 10, 3, 30, 3, 30, 3, 10, 3, 10, 3, 10, 3, 30, 3, 30, 3, 10, 3, 10, 3, 10, 3, 30, 3, 10, 3]",16.293298245614093
"[30, 3, 11.789930095032135, 3, 10, 3, 30, 3, 30, 3, 10, 3, 10, 3, 10, 3, 30, 3, 25.11278898599965, 3, 10, 3, 10, 3, 10, 3, 30, 3, 10, 3]",17.70306627680315
"[30, 3, 15.559128938175618, 3, 10, 3, 30, 3, 30, 3, 10, 3, 10, 3, 10, 3, 30, 3, 23.27269240492297, 3, 10, 3, 10, 3, 10, 3, 30, 3, 10, 3]",15.634752436647176
"[30, 3, 11.74303787809246, 3, 10, 3, 30, 3, 30, 3, 10, 3, 10, 3, 10, 3, 30, 3, 30, 3, 10, 3, 10, 3, 10, 3, 30, 3, 10, 3]",18.15856140350878
"[30, 3, 10.923522551170409, 3, 10, 3, 30, 3, 30, 3, 10, 3, 10, 3, 10, 3, 30, 3, 30, 3, 10, 3, 10, 3, 10, 3, 30, 3, 10, 3]",17.628259259259224
"[30, 3, 12.063065799520043, 3, 10, 3, 30, 3, 30, 3, 10, 3, 10, 3, 10, 3, 30, 3, 28.4805655943959, 3, 10, 3, 10, 3, 10, 3, 30, 3, 10, 3]",15.951397660818712
"[30, 3, 12.599846366636847, 3, 10, 3, 30, 3, 30, 3, 10, 3, 10, 3, 10, 3, 30, 3, 30, 3, 10, 3, 10, 3, 10, 3, 30, 3, 10, 3]",14.721286549707575
"[30, 3, 14.783245655054163, 3, 10, 3, 30, 3, 30, 3, 10, 3, 10, 3, 10, 3, 30, 3, 22.9183648427444, 3, 10, 3, 10, 3, 10, 3, 30, 3, 10, 3]",16.526830409356712
"[30, 3, 15.412416475423106, 3, 10, 3, 30, 3, 30, 3, 10, 3, 10, 3, 10, 3, 30, 3, 24.964969343397957, 3, 10, 3, 10, 3, 10, 3, 30, 3, 10, 3]",15.142539961013643
"[30, 3, 15.721313827486693, 3, 10, 3, 30, 3, 30, 3, 10, 3, 10, 3, 10, 3, 30, 3, 27.558991649749604, 3, 10, 3, 10, 3, 10, 3, 30, 3, 10, 3]",16.400701754385988
"[30, 3, 10.3455721710578, 3, 10, 3, 30, 3, 30, 3, 10, 3, 10, 3, 10, 3, 30, 3, 24.030708279987188, 3, 10, 3, 10, 3, 10, 3, 30, 3, 10, 3]",16.299896686159816
"[30, 3, 13.453644443569413, 3, 10, 3, 30, 3, 30, 3, 10, 3, 10, 3, 10, 3, 30, 3, 28.250556129698197, 3, 10, 3, 10, 3, 10, 3, 30, 3, 10, 3]",15.05785575048733
"[30, 3, 10, 3, 10, 3, 30, 3, 30, 3, 10, 3, 10, 3, 10, 3, 30, 3, 20.567594491579385, 3, 10, 3, 10, 3, 10, 3, 30, 3, 10, 3]",17.144686159844035
"[30, 3, 14.398813529020465, 3, 10, 3, 30, 3, 30, 3, 10, 3, 10, 3, 10, 3, 30, 3, 27.704631198931303, 3, 10, 3, 10, 3, 10, 3, 30, 3, 10, 3]",14.819335282651062
"[30, 3, 12.97483642511228, 3, 10, 3, 30, 3, 30, 3, 10, 3, 10, 3, 10, 3, 30, 3, 24.23988843530946, 3, 10, 3, 10, 3, 10, 3, 30, 3, 10, 3]",17.811358674463943
"[30, 3, 13.292418411722869, 3, 10, 3, 30, 3, 30, 3, 10, 3, 10, 3, 10, 3, 30, 3, 30, 3, 10, 3, 10, 3, 10, 3, 30, 3, 10, 3]",16.81275828460035
"[30, 3, 10, 3, 10, 3, 30, 3, 30, 3, 10, 3, 10, 3, 10, 3, 30, 3, 19.22642599236365, 3, 10, 3, 10, 3, 10, 3, 30, 3, 10, 3]",16.801610136452272
"[30, 3, 14.13308723780344, 3, 10, 3, 30, 3, 30, 3, 10, 3, 10, 3, 10, 3, 30, 3, 25.90641717400088, 3, 10, 3, 10, 3, 10, 3, 30, 3, 10, 3]",14.355146198830427
"[30, 3, 10, 3, 10, 3, 30, 3, 30, 3, 10, 3, 10, 3, 10, 3, 30, 3, 23.828500448633328, 3, 10, 3, 10, 3, 10, 3, 30, 3, 10, 3]",16.245265107212454
"[30, 3, 12.478137335762622, 3, 10, 3, 30, 3, 30, 3, 10, 3, 10, 3, 10, 3, 30, 3, 24.098170311353826, 3, 10, 3, 10, 3, 10, 3, 30, 3, 10, 3]",18.30815009746586
"[30, 3, 17.035436318832332, 3, 10, 3, 30, 3, 30, 3, 10, 3, 10, 3, 10, 3, 30, 3, 30, 3, 10, 3, 10, 3, 10, 3, 30, 3, 10, 3]",16.398863547758296
"[30, 3, 11.789930095032135, 3, 10, 3, 30, 3, 30, 3, 10, 3, 10, 3, 10, 3, 30, 3, 25.11278898599965, 3, 10, 3, 10, 3, 10, 3, 30, 3, 10, 3]",17.417081871345033
"[30, 3, 15.559128938175618, 3, 10, 3, 30, 3, 30, 3, 10, 3, 10, 3, 10, 3, 30, 3, 23.27269240492297, 3, 10, 3, 10, 3, 10, 3, 30, 3, 10, 3]",15.815947368421032
"[30, 3, 11.74303787809246, 3, 10, 3, 30, 3, 30, 3, 10, 3, 10, 3, 10, 3, 30, 3, 30, 3, 10, 3, 10, 3, 10, 3, 30, 3, 10, 3]",16.30262183235863
"[30, 3, 10.923522551170409, 3, 10, 3, 30, 3, 30, 3, 10, 3, 10, 3, 10, 3, 30, 3, 30, 3, 10, 3, 10, 3, 10, 3, 30, 3, 10, 3]",17.059768031189115
"[30, 3, 12.063065799520043, 3, 10, 3, 30, 3, 30, 3, 10, 3, 10, 3, 10, 3, 30, 3, 28.4805655943959, 3, 10, 3, 10, 3, 10, 3, 30, 3, 10, 3]",15.814085769980492
"[30, 3, 12.599846366636847, 3, 10, 3, 30, 3, 30, 3, 10, 3, 10, 3, 10, 3, 30, 3, 30, 3, 10, 3, 10, 3, 10, 3, 30, 3, 10, 3]",16.424128654970755
"[30, 3, 14.783245655054163, 3, 10, 3, 30, 3, 30, 3, 10, 3, 10, 3, 10, 3, 30, 3, 22.9183648427444, 3, 10, 3, 10, 3, 10, 3, 30, 3, 10, 3]",16.068430799220263
"[30, 3, 15.412416475423106, 3, 10, 3, 30, 3, 30, 3, 10, 3, 10, 3, 10, 3, 30, 3, 24.964969343397957, 3, 10, 3, 10, 3, 10, 3, 30, 3, 10, 3]",18.506171539961016
"[30, 3, 15.721313827486693, 3, 10, 3, 30, 3, 30, 3, 10, 3, 10, 3, 10, 3, 30, 3, 27.558991649749604, 3, 10, 3, 10, 3, 10, 3, 30, 3, 10, 3]",15.23308771929824
"[30, 3, 10.3455721710578, 3, 10, 3, 30, 3, 30, 3, 10, 3, 10, 3, 10, 3, 30, 3, 24.030708279987188, 3, 10, 3, 10, 3, 10, 3, 30, 3, 10, 3]",15.922325536062354
"[30, 3, 13.453644443569413, 3, 10, 3, 30, 3, 30, 3, 10, 3, 10, 3, 10, 3, 30, 3, 28.250556129698197, 3, 10, 3, 10, 3, 10, 3, 30, 3, 10, 3]",18.523567251461984
"[30, 3, 10, 3, 10, 3, 30, 3, 30, 3, 10, 3, 10, 3, 10, 3, 30, 3, 20.567594491579385, 3, 10, 3, 10, 3, 10, 3, 30, 3, 10, 3]",17.498949317738795
"[30, 3, 14.398813529020465, 3, 10, 3, 30, 3, 30, 3, 10, 3, 10, 3, 10, 3, 30, 3, 27.704631198931303, 3, 10, 3, 10, 3, 10, 3, 30, 3, 10, 3]",16.91559454191037
"[30, 3, 12.97483642511228, 3, 10, 3, 30, 3, 30, 3, 10, 3, 10, 3, 10, 3, 30, 3, 24.23988843530946, 3, 10, 3, 10, 3, 10, 3, 30, 3, 10, 3]",17.903222222222208
"[30, 3, 13.292418411722869, 3, 10, 3, 30, 3, 30, 3, 10, 3, 10, 3, 10, 3, 30, 3, 30, 3, 10, 3, 10, 3, 10, 3, 30, 3, 10, 3]",17.31728265107211
"[30, 3, 10, 3, 10, 3, 30, 3, 30, 3, 10, 3, 10, 3, 10, 3, 30, 3, 19.22642599236365, 3, 10, 3, 10, 3, 10, 3, 30, 3, 10, 3]",15.86774463937621
"[30, 3, 14.13308723780344, 3, 10, 3, 30, 3, 30, 3, 10, 3, 10, 3, 10, 3, 30, 3, 25.90641717400088, 3, 10, 3, 10, 3, 10, 3, 30, 3, 10, 3]",15.885656920077984
"[30, 3, 10, 3, 10, 3, 30, 3, 30, 3, 10, 3, 10, 3, 10, 3, 30, 3, 23.828500448633328, 3, 10, 3, 10, 3, 10, 3, 30, 3, 10, 3]",16.248300194931748
"[30, 3, 12.478137335762622, 3, 10, 3, 30, 3, 30, 3, 10, 3, 10, 3, 10, 3, 30, 3, 24.098170311353826, 3, 10, 3, 10, 3, 10, 3, 30, 3, 10, 3]",17.44537231968808
"[30, 3, 17.035436318832332, 3, 10, 3, 30, 3, 30, 3, 10, 3, 10, 3, 10, 3, 30, 3, 30, 3, 10, 3, 10, 3, 10, 3, 30, 3, 10, 3]",17.550315789473693
"[30, 3, 11.789930095032135, 3, 10, 3, 30, 3, 30, 3, 10, 3, 10, 3, 10, 3, 30, 3, 25.11278898599965, 3, 10, 3, 10, 3, 10, 3, 30, 3, 10, 3]",16.30247173489274
"[30, 3, 15.559128938175618, 3, 10, 3, 30, 3, 30, 3, 10, 3, 10, 3, 10, 3, 30, 3, 23.27269240492297, 3, 10, 3, 10, 3, 10, 3, 30, 3, 10, 3]",17.143814814814803
"[30, 3, 11.74303787809246, 3, 10, 3, 30, 3, 30, 3, 10, 3, 10, 3, 10, 3, 30, 3, 30, 3, 10, 3, 10, 3, 10, 3, 30, 3, 10, 3]",17.102413255360638
"[30, 3, 10.923522551170409, 3, 10, 3, 30, 3, 30, 3, 10, 3, 10, 3, 10, 3, 30, 3, 30, 3, 10, 3, 10, 3, 10, 3, 30, 3, 10, 3]",14.870662768031185
"[30, 3, 12.063065799520043, 3, 10, 3, 30, 3, 30, 3, 10, 3, 10, 3, 10, 3, 30, 3, 28.4805655943959, 3, 10, 3, 10, 3, 10, 3, 30, 3, 10, 3]",14.7044210526316
"[30, 3, 12.599846366636847, 3, 10, 3, 30, 3, 30, 3, 10, 3, 10, 3, 10, 3, 30, 3, 30, 3, 10, 3, 10, 3, 10, 3, 30, 3, 10, 3]",17.582990253411314
"[30, 3, 14.783245655054163, 3, 10, 3, 30, 3, 30, 3, 10, 3, 10, 3, 10, 3, 30, 3, 22.9183648427444, 3, 10, 3, 10, 3, 10, 3, 30, 3, 10, 3]",15.968021442495123
"[30, 3, 15.412416475423106, 3, 10, 3, 30, 3, 30, 3, 10, 3, 10, 3, 10, 3, 30, 3, 24.964969343397957, 3, 10, 3, 10, 3, 10, 3, 30, 3, 10, 3]",18.554407407407417
"[30, 3, 15.721313827486693, 3, 10, 3, 30, 3, 30, 3, 10, 3, 10, 3, 10, 3, 30, 3, 27.558991649749604, 3, 10, 3, 10, 3, 10, 3, 30, 3, 10, 3]",15.404272904483456
"[30, 3, 10.3455721710578, 3, 10, 3, 30, 3, 30, 3, 10, 3, 10, 3, 10, 3, 30, 3, 24.030708279987188, 3, 10, 3, 10, 3, 10, 3, 30, 3, 10, 3]",14.181370370370367
"[30, 3, 13.453644443569413, 3, 10, 3, 30, 3, 30, 3, 10, 3, 10, 3, 10, 3, 30, 3, 28.250556129698197, 3, 10, 3, 10, 3, 10, 3, 30, 3, 10, 3]",16.46522807017542
"[30, 3, 10, 3, 10, 3, 30, 3, 30, 3, 10, 3, 10, 3, 10, 3, 30, 3, 20.567594491579385, 3, 10, 3, 10, 3, 10, 3, 30, 3, 10, 3]",16.759807017543867
"[30, 3, 14.398813529020465, 3, 10, 3, 30, 3, 30, 3, 10, 3, 10, 3, 10, 3, 30, 3, 27.704631198931303, 3, 10, 3, 10, 3, 10, 3, 30, 3, 10, 3]",17.907337231968782
"[30, 3, 12.97483642511228, 3, 10, 3, 30, 3, 30, 3, 10, 3, 10, 3, 10, 3, 30, 3, 24.23988843530946, 3, 10, 3, 10, 3, 10, 3, 30, 3, 10, 3]",17.141721247563407
"[30, 3, 13.292418411722869, 3, 10, 3, 30, 3, 30, 3, 10, 3, 10, 3, 10, 3, 30, 3, 30, 3, 10, 3, 10, 3, 10, 3, 30, 3, 10, 3]",16.902978557504863
"[30, 3, 10, 3, 10, 3, 30, 3, 30, 3, 10, 3, 10, 3, 10, 3, 30, 3, 19.22642599236365, 3, 10, 3, 10, 3, 10, 3, 30, 3, 10, 3]",15.661575048732928
"[30, 3, 14.13308723780344, 3, 10, 3, 30, 3, 30, 3, 10, 3, 10, 3, 10, 3, 30, 3, 25.90641717400088, 3, 10, 3, 10, 3, 10, 3, 30, 3, 10, 3]",16.517068226120834
"[30, 3, 10, 3, 10, 3, 30, 3, 30, 3, 10, 3, 10, 3, 10, 3, 30, 3, 23.828500448633328, 3, 10, 3, 10, 3, 10, 3, 30, 3, 10, 3]",17.226473684210525
"[30, 3, 12.478137335762622, 3, 10, 3, 30, 3, 30, 3, 10, 3, 10, 3, 10, 3, 30, 3, 24.098170311353826, 3, 10, 3, 10, 3, 10, 3, 30, 3, 10, 3]",16.626900584795308
"[30, 3, 17.035436318832332, 3, 10, 3, 30, 3, 30, 3, 10, 3, 10, 3, 10, 3, 30, 3, 30, 3, 10, 3, 10, 3, 10, 3, 30, 3, 10, 3]",16.73491228070179
"[30, 3, 11.789930095032135, 3, 10, 3, 30, 3, 30, 3, 10, 3, 10, 3, 10, 3, 30, 3, 25.11278898599965, 3, 10, 3, 10, 3, 10, 3, 30, 3, 10, 3]",17.438411306042877
"[30, 3, 15.559128938175618, 3, 10, 3, 30, 3, 30, 3, 10, 3, 10, 3, 10, 3, 30, 3, 23.27269240492297, 3, 10, 3, 10, 3, 10, 3, 30, 3, 10, 3]",14.787910331384037
"[30, 3, 11.74303787809246, 3, 10, 3, 30, 3, 30, 3, 10, 3, 10, 3, 10, 3, 30, 3, 30, 3, 10, 3, 10, 3, 10, 3, 30, 3, 10, 3]",15.351569200779725
"[30, 3, 10.923522551170409, 3, 10, 3, 30, 3, 30, 3, 10, 3, 10, 3, 10, 3, 30, 3, 30, 3, 10, 3, 10, 3, 10, 3, 30, 3, 10, 3]",16.554789473684213
"[30, 3, 12.063065799520043, 3, 10, 3, 30, 3, 30, 3, 10, 3, 10, 3, 10, 3, 30, 3, 28.4805655943959, 3, 10, 3, 10, 3, 10, 3, 30, 3, 10, 3]",15.816272904483467
"[30, 3, 12.599846366636847, 3, 10, 3, 30, 3, 30, 3, 10, 3, 10, 3, 10, 3, 30, 3, 30, 3, 10, 3, 10, 3, 10, 3, 30, 3, 10, 3]",15.640066276803136
"[30, 3, 14.783245655054163, 3, 10, 3, 30, 3, 30, 3, 10, 3, 10, 3, 10, 3, 30, 3, 22.9183648427444, 3, 10, 3, 10, 3, 10, 3, 30, 3, 10, 3]",16.32087329434695
"[30, 3, 15.412416475423106, 3, 10, 3, 30, 3, 30, 3, 10, 3, 10, 3, 10, 3, 30, 3, 24.964969343397957, 3, 10, 3, 10, 3, 10, 3, 30, 3, 10, 3]",16.596204678362596
"[30, 3, 15.721313827486693, 3, 10, 3, 30, 3, 30, 3, 10, 3, 10, 3, 10, 3, 30, 3, 27.558991649749604, 3, 10, 3, 10, 3, 10, 3, 30, 3, 10, 3]",14.583270955165696
"[30, 3, 10.3455721710578, 3, 10, 3, 30, 3, 30, 3, 10, 3, 10, 3, 10, 3, 30, 3, 24.030708279987188, 3, 10, 3, 10, 3, 10, 3, 30, 3, 10, 3]",15.443056530214388
"[30, 3, 13.453644443569413, 3, 10, 3, 30, 3, 30, 3, 10, 3, 10, 3, 10, 3, 30, 3, 28.250556129698197, 3, 10, 3, 10, 3, 10, 3, 30, 3, 10, 3]",15.715013645224175
"[30, 3, 10, 3, 10, 3, 30, 3, 30, 3, 10, 3, 10, 3, 10, 3, 30, 3, 20.567594491579385, 3, 10, 3, 10, 3, 10, 3, 30, 3, 10, 3]",17.78792007797267
"[30, 3, 14.398813529020465, 3, 10, 3, 30, 3, 30, 3, 10, 3, 10, 3, 10, 3, 30, 3, 27.704631198931303, 3, 10, 3, 10, 3, 10, 3, 30, 3, 10, 3]",16.696399610136435
"[30, 3, 12.97483642511228, 3, 10, 3, 30, 3, 30, 3, 10, 3, 10, 3, 10, 3, 30, 3, 24.23988843530946, 3, 10, 3, 10, 3, 10, 3, 30, 3, 10, 3]",15.386183235867449
"[30, 3, 13.292418411722869, 3, 10, 3, 30, 3, 30, 3, 10, 3, 10, 3, 10, 3, 30, 3, 30, 3, 10, 3, 10, 3, 10, 3, 30, 3, 10, 3]",16.423690058479544
"[30, 3, 10, 3, 10, 3, 30, 3, 30, 3, 10, 3, 10, 3, 10, 3, 30, 3, 19.22642599236365, 3, 10, 3, 10, 3, 10, 3, 30, 3, 10, 3]",16.81033723196878
"[30, 3, 14.13308723780344, 3, 10, 3, 30, 3, 30, 3, 10, 3, 10, 3, 10, 3, 30, 3, 25.90641717400088, 3, 10, 3, 10, 3, 10, 3, 30, 3, 10, 3]",16.726637426900623
"[30, 3, 10, 3, 10, 3, 30, 3, 30, 3, 10, 3, 10, 3, 10, 3, 30, 3, 23.828500448633328, 3, 10, 3, 10, 3, 10, 3, 30, 3, 10, 3]",17.417013645224145
"[30, 3, 12.478137335762622, 3, 10, 3, 30, 3, 30, 3, 10, 3, 10, 3, 10, 3, 30, 3, 24.098170311353826, 3, 10, 3, 10, 3, 10, 3, 30, 3, 10, 3]",15.79437037037037
"[30, 3, 17.035436318832332, 3, 10, 3, 30, 3, 30, 3, 10, 3, 10, 3, 10, 3, 30, 3, 30, 3, 10, 3, 10, 3, 10, 3, 30, 3, 10, 3]",16.09083040935668
"[30, 3, 11.789930095032135, 3, 10, 3, 30, 3, 30, 3, 10, 3, 10, 3, 10, 3, 30, 3, 25.11278898599965, 3, 10, 3, 10, 3, 10, 3, 30, 3, 10, 3]",15.705594541910365
"[30, 3, 15.559128938175618, 3, 10, 3, 30, 3, 30, 3, 10, 3, 10, 3, 10, 3, 30, 3, 23.27269240492297, 3, 10, 3, 10, 3, 10, 3, 30, 3, 10, 3]",17.732865497076045
"[30, 3, 11.74303787809246, 3, 10, 3, 30, 3, 30, 3, 10, 3, 10, 3, 10, 3, 30, 3, 30, 3, 10, 3, 10, 3, 10, 3, 30, 3, 10, 3]",16.617122807017505
"[30, 3, 10.923522551170409, 3, 10, 3, 30, 3, 30, 3, 10, 3, 10, 3, 10, 3, 30, 3, 30, 3, 10, 3, 10, 3, 10, 3, 30, 3, 10, 3]",16.632775828460055
"[30, 3, 12.063065799520043, 3, 10, 3, 30, 3, 30, 3, 10, 3, 10, 3, 10, 3, 30, 3, 28.4805655943959, 3, 10, 3, 10, 3, 10, 3, 30, 3, 10, 3]",14.825111111111106
"[30, 3, 12.599846366636847, 3, 10, 3, 30, 3, 30, 3, 10, 3, 10, 3, 10, 3, 30, 3, 30, 3, 10, 3, 10, 3, 10, 3, 30, 3, 10, 3]",15.82905653021445
"[30, 3, 14.783245655054163, 3, 10, 3, 30, 3, 30, 3, 10, 3, 10, 3, 10, 3, 30, 3, 22.9183648427444, 3, 10, 3, 10, 3, 10, 3, 30, 3, 10, 3]",16.78638596491225
"[30, 3, 15.412416475423106, 3, 10, 3, 30, 3, 30, 3, 10, 3, 10, 3, 10, 3, 30, 3, 24.964969343397957, 3, 10, 3, 10, 3, 10, 3, 30, 3, 10, 3]",15.218943469785607
"[30, 3, 15.721313827486693, 3, 10, 3, 30, 3, 30, 3, 10, 3, 10, 3, 10, 3, 30, 3, 27.558991649749604, 3, 10, 3, 10, 3, 10, 3, 30, 3, 10, 3]",16.969424951267033
"[30, 3, 10.3455721710578, 3, 10, 3, 30, 3, 30, 3, 10, 3, 10, 3, 10, 3, 30, 3, 24.030708279987188, 3, 10, 3, 10, 3, 10, 3, 30, 3, 10, 3]",15.488633528265112
"[30, 3, 13.453644443569413, 3, 10, 3, 30, 3, 30, 3, 10, 3, 10, 3, 10, 3, 30, 3, 28.250556129698197, 3, 10, 3, 10, 3, 10, 3, 30, 3, 10, 3]",15.833713450292402
"[30, 3, 10, 3, 10, 3, 30, 3, 30, 3, 10, 3, 10, 3, 10, 3, 30, 3, 20.567594491579385, 3, 10, 3, 10, 3, 10, 3, 30, 3, 10, 3]",17.526894736842067
"[30, 3, 14.398813529020465, 3, 10, 3, 30, 3, 30, 3, 10, 3, 10, 3, 10, 3, 30, 3, 27.704631198931303, 3, 10, 3, 10, 3, 10, 3, 30, 3, 10, 3]",15.19592592592592
"[30, 3, 12.97483642511228, 3, 10, 3, 30, 3, 30, 3, 10, 3, 10, 3, 10, 3, 30, 3, 24.23988843530946, 3, 10, 3, 10, 3, 10, 3, 30, 3, 10, 3]",18.564561403508808
"[30, 3, 13.292418411722869, 3, 10, 3, 30, 3, 30, 3, 10, 3, 10, 3, 10, 3, 30, 3, 30, 3, 10, 3, 10, 3, 10, 3, 30, 3, 10, 3]",14.852352826510693
"[30, 3, 10, 3, 10, 3, 30, 3, 30, 3, 10, 3, 10, 3, 10, 3, 30, 3, 19.22642599236365, 3, 10, 3, 10, 3, 10, 3, 30, 3, 10, 3]",16.074781676413227
"[30, 3, 14.13308723780344, 3, 10, 3, 30, 3, 30, 3, 10, 3, 10, 3, 10, 3, 30, 3, 25.90641717400088, 3, 10, 3, 10, 3, 10, 3, 30, 3, 10, 3]",16.38695906432747
"[30, 3, 10, 3, 10, 3, 30, 3, 30, 3, 10, 3, 10, 3, 10, 3, 30, 3, 23.828500448633328, 3, 10, 3, 10, 3, 10, 3, 30, 3, 10, 3]",14.70989083820662
"[30, 3, 12.478137335762622, 3, 10, 3, 30, 3, 30, 3, 10, 3, 10, 3, 10, 3, 30, 3, 24.098170311353826, 3, 10, 3, 10, 3, 10, 3, 30, 3, 10, 3]",17.327499025341115
"[30, 3, 17.035436318832332, 3, 10, 3, 30, 3, 30, 3, 10, 3, 10, 3, 10, 3, 30, 3, 30, 3, 10, 3, 10, 3, 10, 3, 30, 3, 10, 3]",18.1621208576998
"[30, 3, 11.789930095032135, 3, 10, 3, 30, 3, 30, 3, 10, 3, 10, 3, 10, 3, 30, 3, 25.11278898599965, 3, 10, 3, 10, 3, 10, 3, 30, 3, 10, 3]",16.059115009746588
"[30, 3, 15.559128938175618, 3, 10, 3, 30, 3, 30, 3, 10, 3, 10, 3, 10, 3, 30, 3, 23.27269240492297, 3, 10, 3, 10, 3, 10, 3, 30, 3, 10, 3]",17.128040935672537
"[30, 3, 11.74303787809246, 3, 10, 3, 30, 3, 30, 3, 10, 3, 10, 3, 10, 3, 30, 3, 30, 3, 10, 3, 10, 3, 10, 3, 30, 3, 10, 3]",17.118237816764125
"[30, 3, 10.923522551170409, 3, 10, 3, 30, 3, 30, 3, 10, 3, 10, 3, 10, 3, 30, 3, 30, 3, 10, 3, 10, 3, 10, 3, 30, 3, 10, 3]",15.153325536062379
"[30, 3, 12.063065799520043, 3, 10, 3, 30, 3, 30, 3, 10, 3, 10, 3, 10, 3, 30, 3, 28.4805655943959, 3, 10, 3, 10, 3, 10, 3, 30, 3, 10, 3]",16.95454580896683
"[30, 3, 12.599846366636847, 3, 10, 3, 30, 3, 30, 3, 10, 3, 10, 3, 10, 3, 30, 3, 30, 3, 10, 3, 10, 3, 10, 3, 30, 3, 10, 3]",15.860604288499017
"[30, 3, 14.783245655054163, 3, 10, 3, 30, 3, 30, 3, 10, 3, 10, 3, 10, 3, 30, 3, 22.9183648427444, 3, 10, 3, 10, 3, 10, 3, 30, 3, 10, 3]",17.41041520467837
"[30, 3, 15.412416475423106, 3, 10, 3, 30, 3, 30, 3, 10, 3, 10, 3, 10, 3, 30, 3, 24.964969343397957, 3, 10, 3, 10, 3, 10, 3, 30, 3, 10, 3]",14.702674463937603
"[30, 3, 15.721313827486693, 3, 10, 3, 30, 3, 30, 3, 10, 3, 10, 3, 10, 3, 30, 3, 27.558991649749604, 3, 10, 3, 10, 3, 10, 3, 30, 3, 10, 3]",17.400253411306064
"[30, 3, 10.3455721710578, 3, 10, 3, 30, 3, 30, 3, 10, 3, 10, 3, 10, 3, 30, 3, 24.030708279987188, 3, 10, 3, 10, 3, 10, 3, 30, 3, 10, 3]",15.58253411306043
"[30, 3, 13.453644443569413, 3, 10, 3, 30, 3, 30, 3, 10, 3, 10, 3, 10, 3, 30, 3, 28.250556129698197, 3, 10, 3, 10, 3, 10, 3, 30, 3, 10, 3]",16.981228070175426
"[30, 3, 10, 3, 10, 3, 30, 3, 30, 3, 10, 3, 10, 3, 10, 3, 30, 3, 20.567594491579385, 3, 10, 3, 10, 3, 10, 3, 30, 3, 10, 3]",16.018504873294308
"[30, 3, 14.398813529020465, 3, 10, 3, 30, 3, 30, 3, 10, 3, 10, 3, 10, 3, 30, 3, 27.704631198931303, 3, 10, 3, 10, 3, 10, 3, 30, 3, 10, 3]",15.667633528265108
"[30, 3, 12.97483642511228, 3, 10, 3, 30, 3, 30, 3, 10, 3, 10, 3, 10, 3, 30, 3, 24.23988843530946, 3, 10, 3, 10, 3, 10, 3, 30, 3, 10, 3]",14.472220272904504
"[30, 3, 13.292418411722869, 3, 10, 3, 30, 3, 30, 3, 10, 3, 10, 3, 10, 3, 30, 3, 30, 3, 10, 3, 10, 3, 10, 3, 30, 3, 10, 3]",14.838824561403445
"[30, 3, 10, 3, 10, 3, 30, 3, 30, 3, 10, 3, 10, 3, 10, 3, 30, 3, 19.22642599236365, 3, 10, 3, 10, 3, 10, 3, 30, 3, 10, 3]",16.604109161793385
"[30, 3, 14.13308723780344, 3, 10, 3, 30, 3, 30, 3, 10, 3, 10, 3, 10, 3, 30, 3, 25.90641717400088, 3, 10, 3, 10, 3, 10, 3, 30, 3, 10, 3]",17.873639376218346
"[30, 3, 10, 3, 10, 3, 30, 3, 30, 3, 10, 3, 10, 3, 10, 3, 30, 3, 23.828500448633328, 3, 10, 3, 10, 3, 10, 3, 30, 3, 10, 3]",16.65973489278752
"[30, 3, 12.478137335762622, 3, 10, 3, 30, 3, 30, 3, 10, 3, 10, 3, 10, 3, 30, 3, 24.098170311353826, 3, 10, 3, 10, 3, 10, 3, 30, 3, 10, 3]",15.437670565302133
"[30, 3, 17.035436318832332, 3, 10, 3, 30, 3, 30, 3, 10, 3, 10, 3, 10, 3, 30, 3, 30, 3, 10, 3, 10, 3, 10, 3, 30, 3, 10, 3]",16.559208576998053
"[30, 3, 11.789930095032135, 3, 10, 3, 30, 3, 30, 3, 10, 3, 10, 3, 10, 3, 30, 3, 25.11278898599965, 3, 10, 3, 10, 3, 10, 3, 30, 3, 10, 3]",15.037415204678394
"[30, 3, 15.559128938175618, 3, 10, 3, 30, 3, 30, 3, 10, 3, 10, 3, 10, 3, 30, 3, 23.27269240492297, 3, 10, 3, 10, 3, 10, 3, 30, 3, 10, 3]",16.561935672514615
"[30, 3, 11.74303787809246, 3, 10, 3, 30, 3, 30, 3, 10, 3, 10, 3, 10, 3, 30, 3, 30, 3, 10, 3, 10, 3, 10, 3, 30, 3, 10, 3]",17.522077972709546
"[30, 3, 10.923522551170409, 3, 10, 3, 30, 3, 30, 3, 10, 3, 10, 3, 10, 3, 30, 3, 30, 3, 10, 3, 10, 3, 10, 3, 30, 3, 10, 3]",15.831617933723217
"[30, 3, 12.063065799520043, 3, 10, 3, 30, 3, 30, 3, 10, 3, 10, 3, 10, 3, 30, 3, 28.4805655943959, 3, 10, 3, 10, 3, 10, 3, 30, 3, 10, 3]",16.56973684210528
"[30, 3, 12.599846366636847, 3, 10, 3, 30, 3, 30, 3, 10, 3, 10, 3, 10, 3, 30, 3, 30, 3, 10, 3, 10, 3, 10, 3, 30, 3, 10, 3]",16.94403508771931
"[30, 3, 14.783245655054163, 3, 10, 3, 30, 3, 30, 3, 10, 3, 10, 3, 10, 3, 30, 3, 22.9183648427444, 3, 10, 3, 10, 3, 10, 3, 30, 3, 10, 3]",17.314397660818766
"[30, 3, 15.412416475423106, 3, 10, 3, 30, 3, 30, 3, 10, 3, 10, 3, 10, 3, 30, 3, 24.964969343397957, 3, 10, 3, 10, 3, 10, 3, 30, 3, 10, 3]",14.433551656920102
"[30, 3, 15.721313827486693, 3, 10, 3, 30, 3, 30, 3, 10, 3, 10, 3, 10, 3, 30, 3, 27.558991649749604, 3, 10, 3, 10, 3, 10, 3, 30, 3, 10, 3]",14.316395711500965
"[30, 3, 10.3455721710578, 3, 10, 3, 30, 3, 30, 3, 10, 3, 10, 3, 10, 3, 30, 3, 24.030708279987188, 3, 10, 3, 10, 3, 10, 3, 30, 3, 10, 3]",15.85791033138399
"[30, 3, 13.453644443569413, 3, 10, 3, 30, 3, 30, 3, 10, 3, 10, 3, 10, 3, 30, 3, 28.250556129698197, 3, 10, 3, 10, 3, 10, 3, 30, 3, 10, 3]",17.643019493177466
"[30, 3, 10, 3, 10, 3, 30, 3, 30, 3, 10, 3, 10, 3, 10, 3, 30, 3, 20.567594491579385, 3, 10, 3, 10, 3, 10, 3, 30, 3, 10, 3]",14.609214424951253
"[30, 3, 14.398813529020465, 3, 10, 3, 30, 3, 30, 3, 10, 3, 10, 3, 10, 3, 30, 3, 27.704631198931303, 3, 10, 3, 10, 3, 10, 3, 30, 3, 10, 3]",16.139947368421023
"[30, 3, 12.97483642511228, 3, 10, 3, 30, 3, 30, 3, 10, 3, 10, 3, 10, 3, 30, 3, 24.23988843530946, 3, 10, 3, 10, 3, 10, 3, 30, 3, 10, 3]",16.67631384015592
"[30, 3, 13.292418411722869, 3, 10, 3, 30, 3, 30, 3, 10, 3, 10, 3, 10, 3, 30, 3, 30, 3, 10, 3, 10, 3, 10, 3, 30, 3, 10, 3]",15.51838206627681
"[30, 3, 10, 3, 10, 3, 30, 3, 30, 3, 10, 3, 10, 3, 10, 3, 30, 3, 19.22642599236365, 3, 10, 3, 10, 3, 10, 3, 30, 3, 10, 3]",16.787504873294324
"[30, 3, 14.13308723780344, 3, 10, 3, 30, 3, 30, 3, 10, 3, 10, 3, 10, 3, 30, 3, 25.90641717400088, 3, 10, 3, 10, 3, 10, 3, 30, 3, 10, 3]",15.566153996101356
"[30, 3, 10, 3, 10, 3, 30, 3, 30, 3, 10, 3, 10, 3, 10, 3, 30, 3, 23.828500448633328, 3, 10, 3, 10, 3, 10, 3, 30, 3, 10, 3]",15.905883040935679
"[30, 3, 12.478137335762622, 3, 10, 3, 30, 3, 30, 3, 10, 3, 10, 3, 10, 3, 30, 3, 24.098170311353826, 3, 10, 3, 10, 3, 10, 3, 30, 3, 10, 3]",16.046440545808988
"[30, 3, 17.035436318832332, 3, 10, 3, 30, 3, 30, 3, 10, 3, 10, 3, 10, 3, 30, 3, 30, 3, 10, 3, 10, 3, 10, 3, 30, 3, 10, 3]",15.07992787524361
"[30, 3, 11.789930095032135, 3, 10, 3, 30, 3, 30, 3, 10, 3, 10, 3, 10, 3, 30, 3, 25.11278898599965, 3, 10, 3, 10, 3, 10, 3, 30, 3, 10, 3]",17.25776998050676
"[30, 3, 15.559128938175618, 3, 10, 3, 30, 3, 30, 3, 10, 3, 10, 3, 10, 3, 30, 3, 23.27269240492297, 3, 10, 3, 10, 3, 10, 3, 30, 3, 10, 3]",16.75597270955165
"[30, 3, 11.74303787809246, 3, 10, 3, 30, 3, 30, 3, 10, 3, 10, 3, 10, 3, 30, 3, 30, 3, 10, 3, 10, 3, 10, 3, 30, 3, 10, 3]",18.65877777777781
"[30, 3, 10.923522551170409, 3, 10, 3, 30, 3, 30, 3, 10, 3, 10, 3, 10, 3, 30, 3, 30, 3, 10, 3, 10, 3, 10, 3, 30, 3, 10, 3]",17.636723196881086
"[30, 3, 12.063065799520043, 3, 10, 3, 30, 3, 30, 3, 10, 3, 10, 3, 10, 3, 30, 3, 28.4805655943959, 3, 10, 3, 10, 3, 10, 3, 30, 3, 10, 3]",17.25924561403507
"[30, 3, 12.599846366636847, 3, 10, 3, 30, 3, 30, 3, 10, 3, 10, 3, 10, 3, 30, 3, 30, 3, 10, 3, 10, 3, 10, 3, 30, 3, 10, 3]",17.384914230019465
"[30, 3, 14.783245655054163, 3, 10, 3, 30, 3, 30, 3, 10, 3, 10, 3, 10, 3, 30, 3, 22.9183648427444, 3, 10, 3, 10, 3, 10, 3, 30, 3, 10, 3]",16.398816764132548
"[30, 3, 15.412416475423106, 3, 10, 3, 30, 3, 30, 3, 10, 3, 10, 3, 10, 3, 30, 3, 24.964969343397957, 3, 10, 3, 10, 3, 10, 3, 30, 3, 10, 3]",17.077448343079883
"[30, 3, 15.721313827486693, 3, 10, 3, 30, 3, 30, 3, 10, 3, 10, 3, 10, 3, 30, 3, 27.558991649749604, 3, 10, 3, 10, 3, 10, 3, 30, 3, 10, 3]",16.52179532163743
"[30, 3, 10.3455721710578, 3, 10, 3, 30, 3, 30, 3, 10, 3, 10, 3, 10, 3, 30, 3, 24.030708279987188, 3, 10, 3, 10, 3, 10, 3, 30, 3, 10, 3]",17.680604288499033
"[30, 3, 13.453644443569413, 3, 10, 3, 30, 3, 30, 3, 10, 3, 10, 3, 10, 3, 30, 3, 28.250556129698197, 3, 10, 3, 10, 3, 10, 3, 30, 3, 10, 3]",16.468499025341128
"[30, 3, 10, 3, 10, 3, 30, 3, 30, 3, 10, 3, 10, 3, 10, 3, 30, 3, 20.567594491579385, 3, 10, 3, 10, 3, 10, 3, 30, 3, 10, 3]",16.885559454191036
"[30, 3, 14.398813529020465, 3, 10, 3, 30, 3, 30, 3, 10, 3, 10, 3, 10, 3, 30, 3, 27.704631198931303, 3, 10, 3, 10, 3, 10, 3, 30, 3, 10, 3]",15.675237816764158
"[30, 3, 12.97483642511228, 3, 10, 3, 30, 3, 30, 3, 10, 3, 10, 3, 10, 3, 30, 3, 24.23988843530946, 3, 10, 3, 10, 3, 10, 3, 30, 3, 10, 3]",16.134122807017476
"[30, 3, 13.292418411722869, 3, 10, 3, 30, 3, 30, 3, 10, 3, 10, 3, 10, 3, 30, 3, 30, 3, 10, 3, 10, 3, 10, 3, 30, 3, 10, 3]",18.44462768031189
"[30, 3, 10, 3, 10, 3, 30, 3, 30, 3, 10, 3, 10, 3, 10, 3, 30, 3, 19.22642599236365, 3, 10, 3, 10, 3, 10, 3, 30, 3, 10, 3]",15.452107212475617
"[30, 3, 14.13308723780344, 3, 10, 3, 30, 3, 30, 3, 10, 3, 10, 3, 10, 3, 30, 3, 25.90641717400088, 3, 10, 3, 10, 3, 10, 3, 30, 3, 10, 3]",15.289329434697864
"[30, 3, 10, 3, 10, 3, 30, 3, 30, 3, 10, 3, 10, 3, 10, 3, 30, 3, 23.828500448633328, 3, 10, 3, 10, 3, 10, 3, 30, 3, 10, 3]",15.985417153996075
"[30, 3, 12.478137335762622, 3, 10, 3, 30, 3, 30, 3, 10, 3, 10, 3, 10, 3, 30, 3, 24.098170311353826, 3, 10, 3, 10, 3, 10, 3, 30, 3, 10, 3]",16.005810916179325
"[30, 3, 17.035436318832332, 3, 10, 3, 30, 3, 30, 3, 10, 3, 10, 3, 10, 3, 30, 3, 30, 3, 10, 3, 10, 3, 10, 3, 30, 3, 10, 3]",16.300914230019508
"[30, 3, 11.789930095032135, 3, 10, 3, 30, 3, 30, 3, 10, 3, 10, 3, 10, 3, 30, 3, 25.11278898599965, 3, 10, 3, 10, 3, 10, 3, 30, 3, 10, 3]",17.02358479532164
"[30, 3, 15.559128938175618, 3, 10, 3, 30, 3, 30, 3, 10, 3, 10, 3, 10, 3, 30, 3, 23.27269240492297, 3, 10, 3, 10, 3, 10, 3, 30, 3, 10, 3]",16.251943469785548
"[30, 3, 11.74303787809246, 3, 10, 3, 30, 3, 30, 3, 10, 3, 10, 3, 10, 3, 30, 3, 30, 3, 10, 3, 10, 3, 10, 3, 30, 3, 10, 3]",15.309471734892755
"[30, 3, 10.923522551170409, 3, 10, 3, 30, 3, 30, 3, 10, 3, 10, 3, 10, 3, 30, 3, 30, 3, 10, 3, 10, 3, 10, 3, 30, 3, 10, 3]",14.924163742690062
"[30, 3, 12.063065799520043, 3, 10, 3, 30, 3, 30, 3, 10, 3, 10, 3, 10, 3, 30, 3, 28.4805655943959, 3, 10, 3, 10, 3, 10, 3, 30, 3, 10, 3]",15.114155945419139
"[30, 3, 12.599846366636847, 3, 10, 3, 30, 3, 30, 3, 10, 3, 10, 3, 10, 3, 30, 3, 30, 3, 10, 3, 10, 3, 10, 3, 30, 3, 10, 3]",16.09838596491229
"[30, 3, 14.783245655054163, 3, 10, 3, 30, 3, 30, 3, 10, 3, 10, 3, 10, 3, 30, 3, 22.9183648427444, 3, 10, 3, 10, 3, 10, 3, 30, 3, 10, 3]",16.684692007797253
"[30, 3, 15.412416475423106, 3, 10, 3, 30, 3, 30, 3, 10, 3, 10, 3, 10, 3, 30, 3, 24.964969343397957, 3, 10, 3, 10, 3, 10, 3, 30, 3, 10, 3]",16.360768031189103
"[30, 3, 15.721313827486693, 3, 10, 3, 30, 3, 30, 3, 10, 3, 10, 3, 10, 3, 30, 3, 27.558991649749604, 3, 10, 3, 10, 3, 10, 3, 30, 3, 10, 3]",15.837701754385927
"[30, 3, 10.3455721710578, 3, 10, 3, 30, 3, 30, 3, 10, 3, 10, 3, 10, 3, 30, 3, 24.030708279987188, 3, 10, 3, 10, 3, 10, 3, 30, 3, 10, 3]",18.36130604288502
"[30, 3, 13.453644443569413, 3, 10, 3, 30, 3, 30, 3, 10, 3, 10, 3, 10, 3, 30, 3, 28.250556129698197, 3, 10, 3, 10, 3, 10, 3, 30, 3, 10, 3]",15.149937621832365
"[30, 3, 10, 3, 10, 3, 30, 3, 30, 3, 10, 3, 10, 3, 10, 3, 30, 3, 20.567594491579385, 3, 10, 3, 10, 3, 10, 3, 30, 3, 10, 3]",17.696461988304065
"[30, 3, 14.398813529020465, 3, 10, 3, 30, 3, 30, 3, 10, 3, 10, 3, 10, 3, 30, 3, 27.704631198931303, 3, 10, 3, 10, 3, 10, 3, 30, 3, 10, 3]",15.646621832358678
"[30, 3, 12.97483642511228, 3, 10, 3, 30, 3, 30, 3, 10, 3, 10, 3, 10, 3, 30, 3, 24.23988843530946, 3, 10, 3, 10, 3, 10, 3, 30, 3, 10, 3]",16.461968810916154
"[30, 3, 13.292418411722869, 3, 10, 3, 30, 3, 30, 3, 10, 3, 10, 3, 10, 3, 30, 3, 30, 3, 10, 3, 10, 3, 10, 3, 30, 3, 10, 3]",16.20523976608188
"[30, 3, 10, 3, 10, 3, 30, 3, 30, 3, 10, 3, 10, 3, 10, 3, 30, 3, 19.22642599236365, 3, 10, 3, 10, 3, 10, 3, 30, 3, 10, 3]",16.47096881091614
"[30, 3, 14.13308723780344, 3, 10, 3, 30, 3, 30, 3, 10, 3, 10, 3, 10, 3, 30, 3, 25.90641717400088, 3, 10, 3, 10, 3, 10, 3, 30, 3, 10, 3]",15.933382066276838
"[30, 3, 10, 3, 10, 3, 30, 3, 30, 3, 10, 3, 10, 3, 10, 3, 30, 3, 23.828500448633328, 3, 10, 3, 10, 3, 10, 3, 30, 3, 10, 3]",17.78041130604288
"[30, 3, 12.478137335762622, 3, 10, 3, 30, 3, 30, 3, 10, 3, 10, 3, 10, 3, 30, 3, 24.098170311353826, 3, 10, 3, 10, 3, 10, 3, 30, 3, 10, 3]",16.010729044834317
"[30, 3, 17.035436318832332, 3, 10, 3, 30, 3, 30, 3, 10, 3, 10, 3, 10, 3, 30, 3, 30, 3, 10, 3, 10, 3, 10, 3, 30, 3, 10, 3]",15.92345224171543
"[30, 3, 11.789930095032135, 3, 10, 3, 30, 3, 30, 3, 10, 3, 10, 3, 10, 3, 30, 3, 25.11278898599965, 3, 10, 3, 10, 3, 10, 3, 30, 3, 10, 3]",17.70957309941518
"[30, 3, 15.559128938175618, 3, 10, 3, 30, 3, 30, 3, 10, 3, 10, 3, 10, 3, 30, 3, 23.27269240492297, 3, 10, 3, 10, 3, 10, 3, 30, 3, 10, 3]",15.616680311890859
"[30, 3, 11.74303787809246, 3, 10, 3, 30, 3, 30, 3, 10, 3, 10, 3, 10, 3, 30, 3, 30, 3, 10, 3, 10, 3, 10, 3, 30, 3, 10, 3]",17.25487914230017
"[30, 3, 10.923522551170409, 3, 10, 3, 30, 3, 30, 3, 10, 3, 10, 3, 10, 3, 30, 3, 30, 3, 10, 3, 10, 3, 10, 3, 30, 3, 10, 3]",16.76494736842106
"[30, 3, 12.063065799520043, 3, 10, 3, 30, 3, 30, 3, 10, 3, 10, 3, 10, 3, 30, 3, 28.4805655943959, 3, 10, 3, 10, 3, 10, 3, 30, 3, 10, 3]",16.490783625730987
"[30, 3, 12.599846366636847, 3, 10, 3, 30, 3, 30, 3, 10, 3, 10, 3, 10, 3, 30, 3, 30, 3, 10, 3, 10, 3, 10, 3, 30, 3, 10, 3]",16.33373099415204
"[30, 3, 14.783245655054163, 3, 10, 3, 30, 3, 30, 3, 10, 3, 10, 3, 10, 3, 30, 3, 22.9183648427444, 3, 10, 3, 10, 3, 10, 3, 30, 3, 10, 3]",15.888658869395734
"[30, 3, 15.412416475423106, 3, 10, 3, 30, 3, 30, 3, 10, 3, 10, 3, 10, 3, 30, 3, 24.964969343397957, 3, 10, 3, 10, 3, 10, 3, 30, 3, 10, 3]",14.714633528265129
"[30, 3, 15.721313827486693, 3, 10, 3, 30, 3, 30, 3, 10, 3, 10, 3, 10, 3, 30, 3, 27.558991649749604, 3, 10, 3, 10, 3, 10, 3, 30, 3, 10, 3]",16.622438596491246
"[30, 3, 10.3455721710578, 3, 10, 3, 30, 3, 30, 3, 10, 3, 10, 3, 10, 3, 30, 3, 24.030708279987188, 3, 10, 3, 10, 3, 10, 3, 30, 3, 10, 3]",17.256161793372296
"[30, 3, 13.453644443569413, 3, 10, 3, 30, 3, 30, 3, 10, 3, 10, 3, 10, 3, 30, 3, 28.250556129698197, 3, 10, 3, 10, 3, 10, 3, 30, 3, 10, 3]",15.783009746588766
"[30, 3, 10, 3, 10, 3, 30, 3, 30, 3, 10, 3, 10, 3, 10, 3, 30, 3, 20.567594491579385, 3, 10, 3, 10, 3, 10, 3, 30, 3, 10, 3]",17.040307992202735
"[30, 3, 14.398813529020465, 3, 10, 3, 30, 3, 30, 3, 10, 3, 10, 3, 10, 3, 30, 3, 27.704631198931303, 3, 10, 3, 10, 3, 10, 3, 30, 3, 10, 3]",15.58630409356726
"[30, 3, 12.97483642511228, 3, 10, 3, 30, 3, 30, 3, 10, 3, 10, 3, 10, 3, 30, 3, 24.23988843530946, 3, 10, 3, 10, 3, 10, 3, 30, 3, 10, 3]",15.151984405458107
"[30, 3, 13.292418411722869, 3, 10, 3, 30, 3, 30, 3, 10, 3, 10, 3, 10, 3, 30, 3, 30, 3, 10, 3, 10, 3, 10, 3, 30, 3, 10, 3]",16.816196881091642
"[30, 3, 10, 3, 10, 3, 30, 3, 30, 3, 10, 3, 10, 3, 10, 3, 30, 3, 19.22642599236365, 3, 10, 3, 10, 3, 10, 3, 30, 3, 10, 3]",16.00436842105263
"[30, 3, 14.13308723780344, 3, 10, 3, 30, 3, 30, 3, 10, 3, 10, 3, 10, 3, 30, 3, 25.90641717400088, 3, 10, 3, 10, 3, 10, 3, 30, 3, 10, 3]",17.329873294346974
"[30, 3, 10, 3, 10, 3, 30, 3, 30, 3, 10, 3, 10, 3, 10, 3, 30, 3, 23.828500448633328, 3, 10, 3, 10, 3, 10, 3, 30, 3, 10, 3]",17.274612085769977
"[30, 3, 12.478137335762622, 3, 10, 3, 30, 3, 30, 3, 10, 3, 10, 3, 10, 3, 30, 3, 24.098170311353826, 3, 10, 3, 10, 3, 10, 3, 30, 3, 10, 3]",16.410961013645224
"[30, 3, 17.035436318832332, 3, 10, 3, 30, 3, 30, 3, 10, 3, 10, 3, 10, 3, 30, 3, 30, 3, 10, 3, 10, 3, 10, 3, 30, 3, 10, 3]",17.136033138401547
"[30, 3, 11.789930095032135, 3, 10, 3, 30, 3, 30, 3, 10, 3, 10, 3, 10, 3, 30, 3, 25.11278898599965, 3, 10, 3, 10, 3, 10, 3, 30, 3, 10, 3]",17.13593957115012
"[30, 3, 15.559128938175618, 3, 10, 3, 30, 3, 30, 3, 10, 3, 10, 3, 10, 3, 30, 3, 23.27269240492297, 3, 10, 3, 10, 3, 10, 3, 30, 3, 10, 3]",15.396348927875264
"[30, 3, 11.74303787809246, 3, 10, 3, 30, 3, 30, 3, 10, 3, 10, 3, 10, 3, 30, 3, 30, 3, 10, 3, 10, 3, 10, 3, 30, 3, 10, 3]",17.254206627680308
"[30, 3, 10.923522551170409, 3, 10, 3, 30, 3, 30, 3, 10, 3, 10, 3, 10, 3, 30, 3, 30, 3, 10, 3, 10, 3, 10, 3, 30, 3, 10, 3]",15.89061208577002
"[30, 3, 12.063065799520043, 3, 10, 3, 30, 3, 30, 3, 10, 3, 10, 3, 10, 3, 30, 3, 28.4805655943959, 3, 10, 3, 10, 3, 10, 3, 30, 3, 10, 3]",15.735214424951248
"[30, 3, 12.599846366636847, 3, 10, 3, 30, 3, 30, 3, 10, 3, 10, 3, 10, 3, 30, 3, 30, 3, 10, 3, 10, 3, 10, 3, 30, 3, 10, 3]",16.9038304093567
"[30, 3, 14.783245655054163, 3, 10, 3, 30, 3, 30, 3, 10, 3, 10, 3, 10, 3, 30, 3, 22.9183648427444, 3, 10, 3, 10, 3, 10, 3, 30, 3, 10, 3]",16.884992202729105
"[30, 3, 15.412416475423106, 3, 10, 3, 30, 3, 30, 3, 10, 3, 10, 3, 10, 3, 30, 3, 24.964969343397957, 3, 10, 3, 10, 3, 10, 3, 30, 3, 10, 3]",17.196867446393757
"[30, 3, 15.721313827486693, 3, 10, 3, 30, 3, 30, 3, 10, 3, 10, 3, 10, 3, 30, 3, 27.558991649749604, 3, 10, 3, 10, 3, 10, 3, 30, 3, 10, 3]",15.073904483430821
"[30, 3, 10.3455721710578, 3, 10, 3, 30, 3, 30, 3, 10, 3, 10, 3, 10, 3, 30, 3, 24.030708279987188, 3, 10, 3, 10, 3, 10, 3, 30, 3, 10, 3]",14.897286549707573
"[30, 3, 13.453644443569413, 3, 10, 3, 30, 3, 30, 3, 10, 3, 10, 3, 10, 3, 30, 3, 28.250556129698197, 3, 10, 3, 10, 3, 10, 3, 30, 3, 10, 3]",15.74360038986358
"[30, 3, 10, 3, 10, 3, 30, 3, 30, 3, 10, 3, 10, 3, 10, 3, 30, 3, 20.567594491579385, 3, 10, 3, 10, 3, 10, 3, 30, 3, 10, 3]",15.969001949317716
"[30, 3, 14.398813529020465, 3, 10, 3, 30, 3, 30, 3, 10, 3, 10, 3, 10, 3, 30, 3, 27.704631198931303, 3, 10, 3, 10, 3, 10, 3, 30, 3, 10, 3]",16.171693957115004
"[30, 3, 12.97483642511228, 3, 10, 3, 30, 3, 30, 3, 10, 3, 10, 3, 10, 3, 30, 3, 24.23988843530946, 3, 10, 3, 10, 3, 10, 3, 30, 3, 10, 3]",14.504165692007785
"[30, 3, 13.292418411722869, 3, 10, 3, 30, 3, 30, 3, 10, 3, 10, 3, 10, 3, 30, 3, 30, 3, 10, 3, 10, 3, 10, 3, 30, 3, 10, 3]",16.047005847953223
"[30, 3, 10, 3, 10, 3, 30, 3, 30, 3, 10, 3, 10, 3, 10, 3, 30, 3, 19.22642599236365, 3, 10, 3, 10, 3, 10, 3, 30, 3, 10, 3]",16.38177387914231
"[30, 3, 14.13308723780344, 3, 10, 3, 30, 3, 30, 3, 10, 3, 10, 3, 10, 3, 30, 3, 25.90641717400088, 3, 10, 3, 10, 3, 10, 3, 30, 3, 10, 3]",15.546647173489298
"[30, 3, 10, 3, 10, 3, 30, 3, 30, 3, 10, 3, 10, 3, 10, 3, 30, 3, 23.828500448633328, 3, 10, 3, 10, 3, 10, 3, 30, 3, 10, 3]",15.824329434697825
"[30, 3, 12.478137335762622, 3, 10, 3, 30, 3, 30, 3, 10, 3, 10, 3, 10, 3, 30, 3, 24.098170311353826, 3, 10, 3, 10, 3, 10, 3, 30, 3, 10, 3]",16.006575048732945
"[30, 3, 17.035436318832332, 3, 10, 3, 30, 3, 30, 3, 10, 3, 10, 3, 10, 3, 30, 3, 30, 3, 10, 3, 10, 3, 10, 3, 30, 3, 10, 3]",17.74822027290448
"[30, 3, 11.789930095032135, 3, 10, 3, 30, 3, 30, 3, 10, 3, 10, 3, 10, 3, 30, 3, 25.11278898599965, 3, 10, 3, 10, 3, 10, 3, 30, 3, 10, 3]",16.70237231968808
"[30, 3, 15.559128938175618, 3, 10, 3, 30, 3, 30, 3, 10, 3, 10, 3, 10, 3, 30, 3, 23.27269240492297, 3, 10, 3, 10, 3, 10, 3, 30, 3, 10, 3]",16.992263157894737
"[30, 3, 11.74303787809246, 3, 10, 3, 30, 3, 30, 3, 10, 3, 10, 3, 10, 3, 30, 3, 30, 3, 10, 3, 10, 3, 10, 3, 30, 3, 10, 3]",16.199473684210545
"[30, 3, 10.923522551170409, 3, 10, 3, 30, 3, 30, 3, 10, 3, 10, 3, 10, 3, 30, 3, 30, 3, 10, 3, 10, 3, 10, 3, 30, 3, 10, 3]",15.838471734892792
"[30, 3, 12.063065799520043, 3, 10, 3, 30, 3, 30, 3, 10, 3, 10, 3, 10, 3, 30, 3, 28.4805655943959, 3, 10, 3, 10, 3, 10, 3, 30, 3, 10, 3]",16.21160818713451
"[30, 3, 12.599846366636847, 3, 10, 3, 30, 3, 30, 3, 10, 3, 10, 3, 10, 3, 30, 3, 30, 3, 10, 3, 10, 3, 10, 3, 30, 3, 10, 3]",15.630588693957137
"[30, 3, 14.783245655054163, 3, 10, 3, 30, 3, 30, 3, 10, 3, 10, 3, 10, 3, 30, 3, 22.9183648427444, 3, 10, 3, 10, 3, 10, 3, 30, 3, 10, 3]",18.662101364522425
"[30, 3, 15.412416475423106, 3, 10, 3, 30, 3, 30, 3, 10, 3, 10, 3, 10, 3, 30, 3, 24.964969343397957, 3, 10, 3, 10, 3, 10, 3, 30, 3, 10, 3]",15.079274853801165
"[30, 3, 15.721313827486693, 3, 10, 3, 30, 3, 30, 3, 10, 3, 10, 3, 10, 3, 30, 3, 27.558991649749604, 3, 10, 3, 10, 3, 10, 3, 30, 3, 10, 3]",16.2258752436647
"[30, 3, 10.3455721710578, 3, 10, 3, 30, 3, 30, 3, 10, 3, 10, 3, 10, 3, 30, 3, 24.030708279987188, 3, 10, 3, 10, 3, 10, 3, 30, 3, 10, 3]",15.01818518518521
"[30, 3, 13.453644443569413, 3, 10, 3, 30, 3, 30, 3, 10, 3, 10, 3, 10, 3, 30, 3, 28.250556129698197, 3, 10, 3, 10, 3, 10, 3, 30, 3, 10, 3]",15.692421052631575
"[30, 3, 10, 3, 10, 3, 30, 3, 30, 3, 10, 3, 10, 3, 10, 3, 30, 3, 20.567594491579385, 3, 10, 3, 10, 3, 10, 3, 30, 3, 10, 3]",14.501846003898612
"[30, 3, 14.398813529020465, 3, 10, 3, 30, 3, 30, 3, 10, 3, 10, 3, 10, 3, 30, 3, 27.704631198931303, 3, 10, 3, 10, 3, 10, 3, 30, 3, 10, 3]",15.022270955165684
"[30, 3, 12.97483642511228, 3, 10, 3, 30, 3, 30, 3, 10, 3, 10, 3, 10, 3, 30, 3, 24.23988843530946, 3, 10, 3, 10, 3, 10, 3, 30, 3, 10, 3]",14.21612865497075
"[30, 3, 13.292418411722869, 3, 10, 3, 30, 3, 30, 3, 10, 3, 10, 3, 10, 3, 30, 3, 30, 3, 10, 3, 10, 3, 10, 3, 30, 3, 10, 3]",15.9847972709552
"[30, 3, 10, 3, 10, 3, 30, 3, 30, 3, 10, 3, 10, 3, 10, 3, 30, 3, 19.22642599236365, 3, 10, 3, 10, 3, 10, 3, 30, 3, 10, 3]",15.530571150097467
"[30, 3, 14.13308723780344, 3, 10, 3, 30, 3, 30, 3, 10, 3, 10, 3, 10, 3, 30, 3, 25.90641717400088, 3, 10, 3, 10, 3, 10, 3, 30, 3, 10, 3]",16.895196881091643
"[30, 3, 10, 3, 10, 3, 30, 3, 30, 3, 10, 3, 10, 3, 10, 3, 30, 3, 23.828500448633328, 3, 10, 3, 10, 3, 10, 3, 30, 3, 10, 3]",14.127444444444496
"[30, 3, 12.478137335762622, 3, 10, 3, 30, 3, 30, 3, 10, 3, 10, 3, 10, 3, 30, 3, 24.098170311353826, 3, 10, 3, 10, 3, 10, 3, 30, 3, 10, 3]",16.20945224171539
"[30, 3, 17.035436318832332, 3, 10, 3, 30, 3, 30, 3, 10, 3, 10, 3, 10, 3, 30, 3, 30, 3, 10, 3, 10, 3, 10, 3, 30, 3, 10, 3]",17.83484015594544
"[30, 3, 11.789930095032135, 3, 10, 3, 30, 3, 30, 3, 10, 3, 10, 3, 10, 3, 30, 3, 25.11278898599965, 3, 10, 3, 10, 3, 10, 3, 30, 3, 10, 3]",14.718058479532171
"[30, 3, 15.559128938175618, 3, 10, 3, 30, 3, 30, 3, 10, 3, 10, 3, 10, 3, 30, 3, 23.27269240492297, 3, 10, 3, 10, 3, 10, 3, 30, 3, 10, 3]",16.773697855750466
"[30, 3, 11.74303787809246, 3, 10, 3, 30, 3, 30, 3, 10, 3, 10, 3, 10, 3, 30, 3, 30, 3, 10, 3, 10, 3, 10, 3, 30, 3, 10, 3]",15.753797270955113
"[30, 3, 10.923522551170409, 3, 10, 3, 30, 3, 30, 3, 10, 3, 10, 3, 10, 3, 30, 3, 30, 3, 10, 3, 10, 3, 10, 3, 30, 3, 10, 3]",17.46761403508772
"[30, 3, 12.063065799520043, 3, 10, 3, 30, 3, 30, 3, 10, 3, 10, 3, 10, 3, 30, 3, 28.4805655943959, 3, 10, 3, 10, 3, 10, 3, 30, 3, 10, 3]",17.38350097465891
"[30, 3, 12.599846366636847, 3, 10, 3, 30, 3, 30, 3, 10, 3, 10, 3, 10, 3, 30, 3, 30, 3, 10, 3, 10, 3, 10, 3, 30, 3, 10, 3]",17.36087329434697
"[30, 3, 14.783245655054163, 3, 10, 3, 30, 3, 30, 3, 10, 3, 10, 3, 10, 3, 30, 3, 22.9183648427444, 3, 10, 3, 10, 3, 10, 3, 30, 3, 10, 3]",17.334385964912308
"[30, 3, 15.412416475423106, 3, 10, 3, 30, 3, 30, 3, 10, 3, 10, 3, 10, 3, 30, 3, 24.964969343397957, 3, 10, 3, 10, 3, 10, 3, 30, 3, 10, 3]",16.3290916179337
"[30, 3, 15.721313827486693, 3, 10, 3, 30, 3, 30, 3, 10, 3, 10, 3, 10, 3, 30, 3, 27.558991649749604, 3, 10, 3, 10, 3, 10, 3, 30, 3, 10, 3]",16.30186549707603
"[30, 3, 10.3455721710578, 3, 10, 3, 30, 3, 30, 3, 10, 3, 10, 3, 10, 3, 30, 3, 24.030708279987188, 3, 10, 3, 10, 3, 10, 3, 30, 3, 10, 3]",17.32631384015596
"[30, 3, 13.453644443569413, 3, 10, 3, 30, 3, 30, 3, 10, 3, 10, 3, 10, 3, 30, 3, 28.250556129698197, 3, 10, 3, 10, 3, 10, 3, 30, 3, 10, 3]",16.984773879142313
"[30, 3, 10, 3, 10, 3, 30, 3, 30, 3, 10, 3, 10, 3, 10, 3, 30, 3, 20.567594491579385, 3, 10, 3, 10, 3, 10, 3, 30, 3, 10, 3]",17.1817719298246
"[30, 3, 14.398813529020465, 3, 10, 3, 30, 3, 30, 3, 10, 3, 10, 3, 10, 3, 30, 3, 27.704631198931303, 3, 10, 3, 10, 3, 10, 3, 30, 3, 10, 3]",16.140444444444437
"[30, 3, 12.97483642511228, 3, 10, 3, 30, 3, 30, 3, 10, 3, 10, 3, 10, 3, 30, 3, 24.23988843530946, 3, 10, 3, 10, 3, 10, 3, 30, 3, 10, 3]",15.122169590643285
"[30, 3, 13.292418411722869, 3, 10, 3, 30, 3, 30, 3, 10, 3, 10, 3, 10, 3, 30, 3, 30, 3, 10, 3, 10, 3, 10, 3, 30, 3, 10, 3]",15.483173489278757
"[30, 3, 10, 3, 10, 3, 30, 3, 30, 3, 10, 3, 10, 3, 10, 3, 30, 3, 19.22642599236365, 3, 10, 3, 10, 3, 10, 3, 30, 3, 10, 3]",15.861393762183264
"[30, 3, 14.13308723780344, 3, 10, 3, 30, 3, 30, 3, 10, 3, 10, 3, 10, 3, 30, 3, 25.90641717400088, 3, 10, 3, 10, 3, 10, 3, 30, 3, 10, 3]",16.73748927875246
"[30, 3, 10, 3, 10, 3, 30, 3, 30, 3, 10, 3, 10, 3, 10, 3, 30, 3, 23.828500448633328, 3, 10, 3, 10, 3, 10, 3, 30, 3, 10, 3]",17.20035867446394
"[30, 3, 12.478137335762622, 3, 10, 3, 30, 3, 30, 3, 10, 3, 10, 3, 10, 3, 30, 3, 24.098170311353826, 3, 10, 3, 10, 3, 10, 3, 30, 3, 10, 3]",16.433113060428838
"[30, 3, 17.035436318832332, 3, 10, 3, 30, 3, 30, 3, 10, 3, 10, 3, 10, 3, 30, 3, 30, 3, 10, 3, 10, 3, 10, 3, 30, 3, 10, 3]",16.892167641325543
"[30, 3, 11.789930095032135, 3, 10, 3, 30, 3, 30, 3, 10, 3, 10, 3, 10, 3, 30, 3, 25.11278898599965, 3, 10, 3, 10, 3, 10, 3, 30, 3, 10, 3]",16.547440545808936
"[30, 3, 15.559128938175618, 3, 10, 3, 30, 3, 30, 3, 10, 3, 10, 3, 10, 3, 30, 3, 23.27269240492297, 3, 10, 3, 10, 3, 10, 3, 30, 3, 10, 3]",16.889883040935647
"[30, 3, 11.74303787809246, 3, 10, 3, 30, 3, 30, 3, 10, 3, 10, 3, 10, 3, 30, 3, 30, 3, 10, 3, 10, 3, 10, 3, 30, 3, 10, 3]",15.893372319688131
"[30, 3, 10.923522551170409, 3, 10, 3, 30, 3, 30, 3, 10, 3, 10, 3, 10, 3, 30, 3, 30, 3, 10, 3, 10, 3, 10, 3, 30, 3, 10, 3]",17.852423001949333
"[30, 3, 12.063065799520043, 3, 10, 3, 30, 3, 30, 3, 10, 3, 10, 3, 10, 3, 30, 3, 28.4805655943959, 3, 10, 3, 10, 3, 10, 3, 30, 3, 10, 3]",17.151729044834298
"[30, 3, 12.599846366636847, 3, 10, 3, 30, 3, 30, 3, 10, 3, 10, 3, 10, 3, 30, 3, 30, 3, 10, 3, 10, 3, 10, 3, 30, 3, 10, 3]",16.768438596491247
"[30, 3, 14.783245655054163, 3, 10, 3, 30, 3, 30, 3, 10, 3, 10, 3, 10, 3, 30, 3, 22.9183648427444, 3, 10, 3, 10, 3, 10, 3, 30, 3, 10, 3]",16.365300194931734
"[30, 3, 15.412416475423106, 3, 10, 3, 30, 3, 30, 3, 10, 3, 10, 3, 10, 3, 30, 3, 24.964969343397957, 3, 10, 3, 10, 3, 10, 3, 30, 3, 10, 3]",16.491931773879184
"[30, 3, 15.721313827486693, 3, 10, 3, 30, 3, 30, 3, 10, 3, 10, 3, 10, 3, 30, 3, 27.558991649749604, 3, 10, 3, 10, 3, 10, 3, 30, 3, 10, 3]",14.556029239766096
"[30, 3, 10.3455721710578, 3, 10, 3, 30, 3, 30, 3, 10, 3, 10, 3, 10, 3, 30, 3, 24.030708279987188, 3, 10, 3, 10, 3, 10, 3, 30, 3, 10, 3]",16.84159649122808
"[30, 3, 13.453644443569413, 3, 10, 3, 30, 3, 30, 3, 10, 3, 10, 3, 10, 3, 30, 3, 28.250556129698197, 3, 10, 3, 10, 3, 10, 3, 30, 3, 10, 3]",16.209198830409356
"[30, 3, 10, 3, 10, 3, 30, 3, 30, 3, 10, 3, 10, 3, 10, 3, 30, 3, 20.567594491579385, 3, 10, 3, 10, 3, 10, 3, 30, 3, 10, 3]",15.987654970760223
"[30, 3, 14.398813529020465, 3, 10, 3, 30, 3, 30, 3, 10, 3, 10, 3, 10, 3, 30, 3, 27.704631198931303, 3, 10, 3, 10, 3, 10, 3, 30, 3, 10, 3]",16.911214424951247
"[30, 3, 12.97483642511228, 3, 10, 3, 30, 3, 30, 3, 10, 3, 10, 3, 10, 3, 30, 3, 24.23988843530946, 3, 10, 3, 10, 3, 10, 3, 30, 3, 10, 3]",16.138715399610124
"[30, 3, 13.292418411722869, 3, 10, 3, 30, 3, 30, 3, 10, 3, 10, 3, 10, 3, 30, 3, 30, 3, 10, 3, 10, 3, 10, 3, 30, 3, 10, 3]",15.139795321637427
"[30, 3, 10, 3, 10, 3, 30, 3, 30, 3, 10, 3, 10, 3, 10, 3, 30, 3, 19.22642599236365, 3, 10, 3, 10, 3, 10, 3, 30, 3, 10, 3]",17.3054795321637
"[30, 3, 14.13308723780344, 3, 10, 3, 30, 3, 30, 3, 10, 3, 10, 3, 10, 3, 30, 3, 25.90641717400088, 3, 10, 3, 10, 3, 10, 3, 30, 3, 10, 3]",15.151826510721275
"[30, 3, 10, 3, 10, 3, 30, 3, 30, 3, 10, 3, 10, 3, 10, 3, 30, 3, 23.828500448633328, 3, 10, 3, 10, 3, 10, 3, 30, 3, 10, 3]",16.78826120857695
"[30, 3, 12.478137335762622, 3, 10, 3, 30, 3, 30, 3, 10, 3, 10, 3, 10, 3, 30, 3, 24.098170311353826, 3, 10, 3, 10, 3, 10, 3, 30, 3, 10, 3]",15.27413255360624
"[30, 3, 17.035436318832332, 3, 10, 3, 30, 3, 30, 3, 10, 3, 10, 3, 10, 3, 30, 3, 30, 3, 10, 3, 10, 3, 10, 3, 30, 3, 10, 3]",17.24033918128651
"[30, 3, 11.789930095032135, 3, 10, 3, 30, 3, 30, 3, 10, 3, 10, 3, 10, 3, 30, 3, 25.11278898599965, 3, 10, 3, 10, 3, 10, 3, 30, 3, 10, 3]",15.7540116959064
"[30, 3, 15.559128938175618, 3, 10, 3, 30, 3, 30, 3, 10, 3, 10, 3, 10, 3, 30, 3, 23.27269240492297, 3, 10, 3, 10, 3, 10, 3, 30, 3, 10, 3]",16.84843079922024
"[30, 3, 11.74303787809246, 3, 10, 3, 30, 3, 30, 3, 10, 3, 10, 3, 10, 3, 30, 3, 30, 3, 10, 3, 10, 3, 10, 3, 30, 3, 10, 3]",15.361853801169561
"[30, 3, 10.923522551170409, 3, 10, 3, 30, 3, 30, 3, 10, 3, 10, 3, 10, 3, 30, 3, 30, 3, 10, 3, 10, 3, 10, 3, 30, 3, 10, 3]",15.108434697855785
"[30, 3, 12.063065799520043, 3, 10, 3, 30, 3, 30, 3, 10, 3, 10, 3, 10, 3, 30, 3, 28.4805655943959, 3, 10, 3, 10, 3, 10, 3, 30, 3, 10, 3]",16.029777777777795
"[30, 3, 12.599846366636847, 3, 10, 3, 30, 3, 30, 3, 10, 3, 10, 3, 10, 3, 30, 3, 30, 3, 10, 3, 10, 3, 10, 3, 30, 3, 10, 3]",16.74369785575052
"[30, 3, 14.783245655054163, 3, 10, 3, 30, 3, 30, 3, 10, 3, 10, 3, 10, 3, 30, 3, 22.9183648427444, 3, 10, 3, 10, 3, 10, 3, 30, 3, 10, 3]",16.622625730994173
"[30, 3, 15.412416475423106, 3, 10, 3, 30, 3, 30, 3, 10, 3, 10, 3, 10, 3, 30, 3, 24.964969343397957, 3, 10, 3, 10, 3, 10, 3, 30, 3, 10, 3]",16.732001949317727
"[30, 3, 15.721313827486693, 3, 10, 3, 30, 3, 30, 3, 10, 3, 10, 3, 10, 3, 30, 3, 27.558991649749604, 3, 10, 3, 10, 3, 10, 3, 30, 3, 10, 3]",15.939538011695923
"[30, 3, 10.3455721710578, 3, 10, 3, 30, 3, 30, 3, 10, 3, 10, 3, 10, 3, 30, 3, 24.030708279987188, 3, 10, 3, 10, 3, 10, 3, 30, 3, 10, 3]",15.024253411306042
"[30, 3, 13.453644443569413, 3, 10, 3, 30, 3, 30, 3, 10, 3, 10, 3, 10, 3, 30, 3, 28.250556129698197, 3, 10, 3, 10, 3, 10, 3, 30, 3, 10, 3]",15.516516569200782
"[30, 3, 10, 3, 10, 3, 30, 3, 30, 3, 10, 3, 10, 3, 10, 3, 30, 3, 20.567594491579385, 3, 10, 3, 10, 3, 10, 3, 30, 3, 10, 3]",17.842898635477553
"[30, 3, 14.398813529020465, 3, 10, 3, 30, 3, 30, 3, 10, 3, 10, 3, 10, 3, 30, 3, 27.704631198931303, 3, 10, 3, 10, 3, 10, 3, 30, 3, 10, 3]",15.798376218323517
"[30, 3, 12.97483642511228, 3, 10, 3, 30, 3, 30, 3, 10, 3, 10, 3, 10, 3, 30, 3, 24.23988843530946, 3, 10, 3, 10, 3, 10, 3, 30, 3, 10, 3]",17.27932943469788
"[30, 3, 13.292418411722869, 3, 10, 3, 30, 3, 30, 3, 10, 3, 10, 3, 10, 3, 30, 3, 30, 3, 10, 3, 10, 3, 10, 3, 30, 3, 10, 3]",16.964113060428847
"[30, 3, 10, 3, 10, 3, 30, 3, 30, 3, 10, 3, 10, 3, 10, 3, 30, 3, 19.22642599236365, 3, 10, 3, 10, 3, 10, 3, 30, 3, 10, 3]",15.791235867446382
"[30, 3, 14.13308723780344, 3, 10, 3, 30, 3, 30, 3, 10, 3, 10, 3, 10, 3, 30, 3, 25.90641717400088, 3, 10, 3, 10, 3, 10, 3, 30, 3, 10, 3]",16.221015594541875
"[30, 3, 10, 3, 10, 3, 30, 3, 30, 3, 10, 3, 10, 3, 10, 3, 30, 3, 23.828500448633328, 3, 10, 3, 10, 3, 10, 3, 30, 3, 10, 3]",17.59133528265106
"[30, 3, 12.478137335762622, 3, 10, 3, 30, 3, 30, 3, 10, 3, 10, 3, 10, 3, 30, 3, 24.098170311353826, 3, 10, 3, 10, 3, 10, 3, 30, 3, 10, 3]",16.53957699805069
"[30, 3, 17.035436318832332, 3, 10, 3, 30, 3, 30, 3, 10, 3, 10, 3, 10, 3, 30, 3, 30, 3, 10, 3, 10, 3, 10, 3, 30, 3, 10, 3]",17.39251267056531
"[30, 3, 11.789930095032135, 3, 10, 3, 30, 3, 30, 3, 10, 3, 10, 3, 10, 3, 30, 3, 25.11278898599965, 3, 10, 3, 10, 3, 10, 3, 30, 3, 10, 3]",15.872900584795284
"[30, 3, 15.559128938175618, 3, 10, 3, 30, 3, 30, 3, 10, 3, 10, 3, 10, 3, 30, 3, 23.27269240492297, 3, 10, 3, 10, 3, 10, 3, 30, 3, 10, 3]",16.755249512670538
"[30, 3, 11.74303787809246, 3, 10, 3, 30, 3, 30, 3, 10, 3, 10, 3, 10, 3, 30, 3, 30, 3, 10, 3, 10, 3, 10, 3, 30, 3, 10, 3]",16.47434697855751
"[30, 3, 10.923522551170409, 3, 10, 3, 30, 3, 30, 3, 10, 3, 10, 3, 10, 3, 30, 3, 30, 3, 10, 3, 10, 3, 10, 3, 30, 3, 10, 3]",17.806208576998053
"[30, 3, 12.063065799520043, 3, 10, 3, 30, 3, 30, 3, 10, 3, 10, 3, 10, 3, 30, 3, 28.4805655943959, 3, 10, 3, 10, 3, 10, 3, 30, 3, 10, 3]",16.86668226120857
"[30, 3, 12.599846366636847, 3, 10, 3, 30, 3, 30, 3, 10, 3, 10, 3, 10, 3, 30, 3, 30, 3, 10, 3, 10, 3, 10, 3, 30, 3, 10, 3]",16.328547758284582
"[30, 3, 14.783245655054163, 3, 10, 3, 30, 3, 30, 3, 10, 3, 10, 3, 10, 3, 30, 3, 22.9183648427444, 3, 10, 3, 10, 3, 10, 3, 30, 3, 10, 3]",16.37665886939573
"[30, 3, 15.412416475423106, 3, 10, 3, 30, 3, 30, 3, 10, 3, 10, 3, 10, 3, 30, 3, 24.964969343397957, 3, 10, 3, 10, 3, 10, 3, 30, 3, 10, 3]",15.934175438596482
"[30, 3, 15.721313827486693, 3, 10, 3, 30, 3, 30, 3, 10, 3, 10, 3, 10, 3, 30, 3, 27.558991649749604, 3, 10, 3, 10, 3, 10, 3, 30, 3, 10, 3]",15.541395711500986
"[30, 3, 10.3455721710578, 3, 10, 3, 30, 3, 30, 3, 10, 3, 10, 3, 10, 3, 30, 3, 24.030708279987188, 3, 10, 3, 10, 3, 10, 3, 30, 3, 10, 3]",16.898465886939583
"[30, 3, 13.453644443569413, 3, 10, 3, 30, 3, 30, 3, 10, 3, 10, 3, 10, 3, 30, 3, 28.250556129698197, 3, 10, 3, 10, 3, 10, 3, 30, 3, 10, 3]",15.231920077972726
"[30, 3, 10, 3, 10, 3, 30, 3, 30, 3, 10, 3, 10, 3, 10, 3, 30, 3, 20.567594491579385, 3, 10, 3, 10, 3, 10, 3, 30, 3, 10, 3]",16.929384015594565
"[30, 3, 14.398813529020465, 3, 10, 3, 30, 3, 30, 3, 10, 3, 10, 3, 10, 3, 30, 3, 27.704631198931303, 3, 10, 3, 10, 3, 10, 3, 30, 3, 10, 3]",15.188793372319685
"[30, 3, 12.97483642511228, 3, 10, 3, 30, 3, 30, 3, 10, 3, 10, 3, 10, 3, 30, 3, 24.23988843530946, 3, 10, 3, 10, 3, 10, 3, 30, 3, 10, 3]",16.475343079922023
"[30, 3, 13.292418411722869, 3, 10, 3, 30, 3, 30, 3, 10, 3, 10, 3, 10, 3, 30, 3, 30, 3, 10, 3, 10, 3, 10, 3, 30, 3, 10, 3]",16.280237816764117
"[30, 3, 10, 3, 10, 3, 30, 3, 30, 3, 10, 3, 10, 3, 10, 3, 30, 3, 19.22642599236365, 3, 10, 3, 10, 3, 10, 3, 30, 3, 10, 3]",17.327062378167653
"[30, 3, 14.13308723780344, 3, 10, 3, 30, 3, 30, 3, 10, 3, 10, 3, 10, 3, 30, 3, 25.90641717400088, 3, 10, 3, 10, 3, 10, 3, 30, 3, 10, 3]",16.50207017543859
"[30, 3, 10, 3, 10, 3, 30, 3, 30, 3, 10, 3, 10, 3, 10, 3, 30, 3, 23.828500448633328, 3, 10, 3, 10, 3, 10, 3, 30, 3, 10, 3]",17.442500974658845
"[30, 3, 12.478137335762622, 3, 10, 3, 30, 3, 30, 3, 10, 3, 10, 3, 10, 3, 30, 3, 24.098170311353826, 3, 10, 3, 10, 3, 10, 3, 30, 3, 10, 3]",17.22800389863545
"[30, 3, 17.035436318832332, 3, 10, 3, 30, 3, 30, 3, 10, 3, 10, 3, 10, 3, 30, 3, 30, 3, 10, 3, 10, 3, 10, 3, 30, 3, 10, 3]",16.316629629629634
"[30, 3, 11.789930095032135, 3, 10, 3, 30, 3, 30, 3, 10, 3, 10, 3, 10, 3, 30, 3, 25.11278898599965, 3, 10, 3, 10, 3, 10, 3, 30, 3, 10, 3]",15.870134502923998
"[30, 3, 15.559128938175618, 3, 10, 3, 30, 3, 30, 3, 10, 3, 10, 3, 10, 3, 30, 3, 23.27269240492297, 3, 10, 3, 10, 3, 10, 3, 30, 3, 10, 3]",15.918095516569185
"[30, 3, 11.74303787809246, 3, 10, 3, 30, 3, 30, 3, 10, 3, 10, 3, 10, 3, 30, 3, 30, 3, 10, 3, 10, 3, 10, 3, 30, 3, 10, 3]",15.881793372319668
"[30, 3, 10.923522551170409, 3, 10, 3, 30, 3, 30, 3, 10, 3, 10, 3, 10, 3, 30, 3, 30, 3, 10, 3, 10, 3, 10, 3, 30, 3, 10, 3]",16.63963937621832
"[30, 3, 12.063065799520043, 3, 10, 3, 30, 3, 30, 3, 10, 3, 10, 3, 10, 3, 30, 3, 28.4805655943959, 3, 10, 3, 10, 3, 10, 3, 30, 3, 10, 3]",16.552192982456145
"[30, 3, 12.599846366636847, 3, 10, 3, 30, 3, 30, 3, 10, 3, 10, 3, 10, 3, 30, 3, 30, 3, 10, 3, 10, 3, 10, 3, 30, 3, 10, 3]",17.370048732943467
"[30, 3, 14.783245655054163, 3, 10, 3, 30, 3, 30, 3, 10, 3, 10, 3, 10, 3, 30, 3, 22.9183648427444, 3, 10, 3, 10, 3, 10, 3, 30, 3, 10, 3]",15.1861364522417
"[30, 3, 15.412416475423106, 3, 10, 3, 30, 3, 30, 3, 10, 3, 10, 3, 10, 3, 30, 3, 24.964969343397957, 3, 10, 3, 10, 3, 10, 3, 30, 3, 10, 3]",17.155656920077995
"[30, 3, 15.721313827486693, 3, 10, 3, 30, 3, 30, 3, 10, 3, 10, 3, 10, 3, 30, 3, 27.558991649749604, 3, 10, 3, 10, 3, 10, 3, 30, 3, 10, 3]",16.32849707602342
"[30, 3, 10.3455721710578, 3, 10, 3, 30, 3, 30, 3, 10, 3, 10, 3, 10, 3, 30, 3, 24.030708279987188, 3, 10, 3, 10, 3, 10, 3, 30, 3, 10, 3]",16.06397076023391
"[30, 3, 13.453644443569413, 3, 10, 3, 30, 3, 30, 3, 10, 3, 10, 3, 10, 3, 30, 3, 28.250556129698197, 3, 10, 3, 10, 3, 10, 3, 30, 3, 10, 3]",14.993411306042871
"[30, 3, 10, 3, 10, 3, 30, 3, 30, 3, 10, 3, 10, 3, 10, 3, 30, 3, 20.567594491579385, 3, 10, 3, 10, 3, 10, 3, 30, 3, 10, 3]",16.607732943469784
"[30, 3, 14.398813529020465, 3, 10, 3, 30, 3, 30, 3, 10, 3, 10, 3, 10, 3, 30, 3, 27.704631198931303, 3, 10, 3, 10, 3, 10, 3, 30, 3, 10, 3]",16.42540350877191
"[30, 3, 12.97483642511228, 3, 10, 3, 30, 3, 30, 3, 10, 3, 10, 3, 10, 3, 30, 3, 24.23988843530946, 3, 10, 3, 10, 3, 10, 3, 30, 3, 10, 3]",17.82673684210525
"[30, 3, 13.292418411722869, 3, 10, 3, 30, 3, 30, 3, 10, 3, 10, 3, 10, 3, 30, 3, 30, 3, 10, 3, 10, 3, 10, 3, 30, 3, 10, 3]",17.02986744639374
"[30, 3, 10, 3, 10, 3, 30, 3, 30, 3, 10, 3, 10, 3, 10, 3, 30, 3, 19.22642599236365, 3, 10, 3, 10, 3, 10, 3, 30, 3, 10, 3]",15.636074074074068
"[30, 3, 14.13308723780344, 3, 10, 3, 30, 3, 30, 3, 10, 3, 10, 3, 10, 3, 30, 3, 25.90641717400088, 3, 10, 3, 10, 3, 10, 3, 30, 3, 10, 3]",17.459491228070185
"[30, 3, 10, 3, 10, 3, 30, 3, 30, 3, 10, 3, 10, 3, 10, 3, 30, 3, 23.828500448633328, 3, 10, 3, 10, 3, 10, 3, 30, 3, 10, 3]",17.28518518518518
"[30, 3, 12.478137335762622, 3, 10, 3, 30, 3, 30, 3, 10, 3, 10, 3, 10, 3, 30, 3, 24.098170311353826, 3, 10, 3, 10, 3, 10, 3, 30, 3, 10, 3]",16.61708382066275
"[30, 3, 17.035436318832332, 3, 10, 3, 30, 3, 30, 3, 10, 3, 10, 3, 10, 3, 30, 3, 30, 3, 10, 3, 10, 3, 10, 3, 30, 3, 10, 3]",16.780808966861585
"[30, 3, 11.789930095032135, 3, 10, 3, 30, 3, 30, 3, 10, 3, 10, 3, 10, 3, 30, 3, 25.11278898599965, 3, 10, 3, 10, 3, 10, 3, 30, 3, 10, 3]",14.59194152046783
"[30, 3, 15.559128938175618, 3, 10, 3, 30, 3, 30, 3, 10, 3, 10, 3, 10, 3, 30, 3, 23.27269240492297, 3, 10, 3, 10, 3, 10, 3, 30, 3, 10, 3]",15.868282651072098
"[30, 3, 11.74303787809246, 3, 10, 3, 30, 3, 30, 3, 10, 3, 10, 3, 10, 3, 30, 3, 30, 3, 10, 3, 10, 3, 10, 3, 30, 3, 10, 3]",18.3924269005848
"[30, 3, 10.923522551170409, 3, 10, 3, 30, 3, 30, 3, 10, 3, 10, 3, 10, 3, 30, 3, 30, 3, 10, 3, 10, 3, 10, 3, 30, 3, 10, 3]",16.46894736842105
"[30, 3, 12.063065799520043, 3, 10, 3, 30, 3, 30, 3, 10, 3, 10, 3, 10, 3, 30, 3, 28.4805655943959, 3, 10, 3, 10, 3, 10, 3, 30, 3, 10, 3]",15.706169590643261
"[30, 3, 12.599846366636847, 3, 10, 3, 30, 3, 30, 3, 10, 3, 10, 3, 10, 3, 30, 3, 30, 3, 10, 3, 10, 3, 10, 3, 30, 3, 10, 3]",15.991693957115011
"[30, 3, 14.783245655054163, 3, 10, 3, 30, 3, 30, 3, 10, 3, 10, 3, 10, 3, 30, 3, 22.9183648427444, 3, 10, 3, 10, 3, 10, 3, 30, 3, 10, 3]",15.779317738791395
"[30, 3, 15.412416475423106, 3, 10, 3, 30, 3, 30, 3, 10, 3, 10, 3, 10, 3, 30, 3, 24.964969343397957, 3, 10, 3, 10, 3, 10, 3, 30, 3, 10, 3]",16.510405458089647
"[30, 3, 15.721313827486693, 3, 10, 3, 30, 3, 30, 3, 10, 3, 10, 3, 10, 3, 30, 3, 27.558991649749604, 3, 10, 3, 10, 3, 10, 3, 30, 3, 10, 3]",15.00186744639375
"[30, 3, 10.3455721710578, 3, 10, 3, 30, 3, 30, 3, 10, 3, 10, 3, 10, 3, 30, 3, 24.030708279987188, 3, 10, 3, 10, 3, 10, 3, 30, 3, 10, 3]",14.918438596491244
"[30, 3, 13.453644443569413, 3, 10, 3, 30, 3, 30, 3, 10, 3, 10, 3, 10, 3, 30, 3, 28.250556129698197, 3, 10, 3, 10, 3, 10, 3, 30, 3, 10, 3]",16.355241715399597
"[30, 3, 10, 3, 10, 3, 30, 3, 30, 3, 10, 3, 10, 3, 10, 3, 30, 3, 20.567594491579385, 3, 10, 3, 10, 3, 10, 3, 30, 3, 10, 3]",15.778520467836255
"[30, 3, 14.398813529020465, 3, 10, 3, 30, 3, 30, 3, 10, 3, 10, 3, 10, 3, 30, 3, 27.704631198931303, 3, 10, 3, 10, 3, 10, 3, 30, 3, 10, 3]",15.419465886939552
"[30, 3, 12.97483642511228, 3, 10, 3, 30, 3, 30, 3, 10, 3, 10, 3, 10, 3, 30, 3, 24.23988843530946, 3, 10, 3, 10, 3, 10, 3, 30, 3, 10, 3]",18.037052631578902
"[30, 3, 13.292418411722869, 3, 10, 3, 30, 3, 30, 3, 10, 3, 10, 3, 10, 3, 30, 3, 30, 3, 10, 3, 10, 3, 10, 3, 30, 3, 10, 3]",16.21724366471735
"[30, 3, 10, 3, 10, 3, 30, 3, 30, 3, 10, 3, 10, 3, 10, 3, 30, 3, 19.22642599236365, 3, 10, 3, 10, 3, 10, 3, 30, 3, 10, 3]",15.61378752436646
"[30, 3, 14.13308723780344, 3, 10, 3, 30, 3, 30, 3, 10, 3, 10, 3, 10, 3, 30, 3, 25.90641717400088, 3, 10, 3, 10, 3, 10, 3, 30, 3, 10, 3]",16.01776023391811
"[30, 3, 10, 3, 10, 3, 30, 3, 30, 3, 10, 3, 10, 3, 10, 3, 30, 3, 23.828500448633328, 3, 10, 3, 10, 3, 10, 3, 30, 3, 10, 3]",15.866824561403488
"[30, 3, 12.478137335762622, 3, 10, 3, 30, 3, 30, 3, 10, 3, 10, 3, 10, 3, 30, 3, 24.098170311353826, 3, 10, 3, 10, 3, 10, 3, 30, 3, 10, 3]",15.195426900584804
"[30, 3, 17.035436318832332, 3, 10, 3, 30, 3, 30, 3, 10, 3, 10, 3, 10, 3, 30, 3, 30, 3, 10, 3, 10, 3, 10, 3, 30, 3, 10, 3]",15.767984405458074
"[30, 3, 11.789930095032135, 3, 10, 3, 30, 3, 30, 3, 10, 3, 10, 3, 10, 3, 30, 3, 25.11278898599965, 3, 10, 3, 10, 3, 10, 3, 30, 3, 10, 3]",16.864910331384035
"[30, 3, 15.559128938175618, 3, 10, 3, 30, 3, 30, 3, 10, 3, 10, 3, 10, 3, 30, 3, 23.27269240492297, 3, 10, 3, 10, 3, 10, 3, 30, 3, 10, 3]",16.19910136452242
"[30, 3, 11.74303787809246, 3, 10, 3, 30, 3, 30, 3, 10, 3, 10, 3, 10, 3, 30, 3, 30, 3, 10, 3, 10, 3, 10, 3, 30, 3, 10, 3]",17.21110331384014
"[30, 3, 10.923522551170409, 3, 10, 3, 30, 3, 30, 3, 10, 3, 10, 3, 10, 3, 30, 3, 30, 3, 10, 3, 10, 3, 10, 3, 30, 3, 10, 3]",14.447046783625735
"[30, 3, 12.063065799520043, 3, 10, 3, 30, 3, 30, 3, 10, 3, 10, 3, 10, 3, 30, 3, 28.4805655943959, 3, 10, 3, 10, 3, 10, 3, 30, 3, 10, 3]",18.023179337231948
"[30, 3, 12.599846366636847, 3, 10, 3, 30, 3, 30, 3, 10, 3, 10, 3, 10, 3, 30, 3, 30, 3, 10, 3, 10, 3, 10, 3, 30, 3, 10, 3]",16.78524366471733
"[30, 3, 14.783245655054163, 3, 10, 3, 30, 3, 30, 3, 10, 3, 10, 3, 10, 3, 30, 3, 22.9183648427444, 3, 10, 3, 10, 3, 10, 3, 30, 3, 10, 3]",17.090869395711433
"[30, 3, 15.412416475423106, 3, 10, 3, 30, 3, 30, 3, 10, 3, 10, 3, 10, 3, 30, 3, 24.964969343397957, 3, 10, 3, 10, 3, 10, 3, 30, 3, 10, 3]",14.914446393762185
"[30, 3, 15.721313827486693, 3, 10, 3, 30, 3, 30, 3, 10, 3, 10, 3, 10, 3, 30, 3, 27.558991649749604, 3, 10, 3, 10, 3, 10, 3, 30, 3, 10, 3]",15.673218323586767
"[30, 3, 10.3455721710578, 3, 10, 3, 30, 3, 30, 3, 10, 3, 10, 3, 10, 3, 30, 3, 24.030708279987188, 3, 10, 3, 10, 3, 10, 3, 30, 3, 10, 3]",14.356161793372316
"[30, 3, 13.453644443569413, 3, 10, 3, 30, 3, 30, 3, 10, 3, 10, 3, 10, 3, 30, 3, 28.250556129698197, 3, 10, 3, 10, 3, 10, 3, 30, 3, 10, 3]",15.62131968810916
"[30, 3, 10, 3, 10, 3, 30, 3, 30, 3, 10, 3, 10, 3, 10, 3, 30, 3, 20.567594491579385, 3, 10, 3, 10, 3, 10, 3, 30, 3, 10, 3]",15.274717348927936
"[30, 3, 14.398813529020465, 3, 10, 3, 30, 3, 30, 3, 10, 3, 10, 3, 10, 3, 30, 3, 27.704631198931303, 3, 10, 3, 10, 3, 10, 3, 30, 3, 10, 3]",17.01254385964911
"[30, 3, 12.97483642511228, 3, 10, 3, 30, 3, 30, 3, 10, 3, 10, 3, 10, 3, 30, 3, 24.23988843530946, 3, 10, 3, 10, 3, 10, 3, 30, 3, 10, 3]",15.6848323586745
"[30, 3, 13.292418411722869, 3, 10, 3, 30, 3, 30, 3, 10, 3, 10, 3, 10, 3, 30, 3, 30, 3, 10, 3, 10, 3, 10, 3, 30, 3, 10, 3]",16.357177387914245
"[30, 3, 10, 3, 10, 3, 30, 3, 30, 3, 10, 3, 10, 3, 10, 3, 30, 3, 19.22642599236365, 3, 10, 3, 10, 3, 10, 3, 30, 3, 10, 3]",14.901157894736835
"[30, 3, 14.13308723780344, 3, 10, 3, 30, 3, 30, 3, 10, 3, 10, 3, 10, 3, 30, 3, 25.90641717400088, 3, 10, 3, 10, 3, 10, 3, 30, 3, 10, 3]",16.890442495126717
"[30, 3, 10, 3, 10, 3, 30, 3, 30, 3, 10, 3, 10, 3, 10, 3, 30, 3, 23.828500448633328, 3, 10, 3, 10, 3, 10, 3, 30, 3, 10, 3]",16.789693957115
"[30, 3, 12.478137335762622, 3, 10, 3, 30, 3, 30, 3, 10, 3, 10, 3, 10, 3, 30, 3, 24.098170311353826, 3, 10, 3, 10, 3, 10, 3, 30, 3, 10, 3]",13.56449512670567
"[30, 3, 17.035436318832332, 3, 10, 3, 30, 3, 30, 3, 10, 3, 10, 3, 10, 3, 30, 3, 30, 3, 10, 3, 10, 3, 10, 3, 30, 3, 10, 3]",16.045007797270973
"[30, 3, 11.789930095032135, 3, 10, 3, 30, 3, 30, 3, 10, 3, 10, 3, 10, 3, 30, 3, 25.11278898599965, 3, 10, 3, 10, 3, 10, 3, 30, 3, 10, 3]",16.899530214424935
"[30, 3, 15.559128938175618, 3, 10, 3, 30, 3, 30, 3, 10, 3, 10, 3, 10, 3, 30, 3, 23.27269240492297, 3, 10, 3, 10, 3, 10, 3, 30, 3, 10, 3]",15.833849902534112
"[30, 3, 11.74303787809246, 3, 10, 3, 30, 3, 30, 3, 10, 3, 10, 3, 10, 3, 30, 3, 30, 3, 10, 3, 10, 3, 10, 3, 30, 3, 10, 3]",15.74385575048731
"[30, 3, 10.923522551170409, 3, 10, 3, 30, 3, 30, 3, 10, 3, 10, 3, 10, 3, 30, 3, 30, 3, 10, 3, 10, 3, 10, 3, 30, 3, 10, 3]",16.804779727095507
"[30, 3, 12.063065799520043, 3, 10, 3, 30, 3, 30, 3, 10, 3, 10, 3, 10, 3, 30, 3, 28.4805655943959, 3, 10, 3, 10, 3, 10, 3, 30, 3, 10, 3]",17.873116959064316
"[30, 3, 12.599846366636847, 3, 10, 3, 30, 3, 30, 3, 10, 3, 10, 3, 10, 3, 30, 3, 30, 3, 10, 3, 10, 3, 10, 3, 30, 3, 10, 3]",14.28459259259257
"[30, 3, 14.783245655054163, 3, 10, 3, 30, 3, 30, 3, 10, 3, 10, 3, 10, 3, 30, 3, 22.9183648427444, 3, 10, 3, 10, 3, 10, 3, 30, 3, 10, 3]",15.92139376218322
"[30, 3, 15.412416475423106, 3, 10, 3, 30, 3, 30, 3, 10, 3, 10, 3, 10, 3, 30, 3, 24.964969343397957, 3, 10, 3, 10, 3, 10, 3, 30, 3, 10, 3]",16.866068226120866
"[30, 3, 15.721313827486693, 3, 10, 3, 30, 3, 30, 3, 10, 3, 10, 3, 10, 3, 30, 3, 27.558991649749604, 3, 10, 3, 10, 3, 10, 3, 30, 3, 10, 3]",15.136631578947398
"[30, 3, 10.3455721710578, 3, 10, 3, 30, 3, 30, 3, 10, 3, 10, 3, 10, 3, 30, 3, 24.030708279987188, 3, 10, 3, 10, 3, 10, 3, 30, 3, 10, 3]",16.758292397660806
"[30, 3, 13.453644443569413, 3, 10, 3, 30, 3, 30, 3, 10, 3, 10, 3, 10, 3, 30, 3, 28.250556129698197, 3, 10, 3, 10, 3, 10, 3, 30, 3, 10, 3]",15.912578947368429
"[30, 3, 10, 3, 10, 3, 30, 3, 30, 3, 10, 3, 10, 3, 10, 3, 30, 3, 20.567594491579385, 3, 10, 3, 10, 3, 10, 3, 30, 3, 10, 3]",15.837598440545817
"[30, 3, 14.398813529020465, 3, 10, 3, 30, 3, 30, 3, 10, 3, 10, 3, 10, 3, 30, 3, 27.704631198931303, 3, 10, 3, 10, 3, 10, 3, 30, 3, 10, 3]",17.26930214424952
"[30, 3, 12.97483642511228, 3, 10, 3, 30, 3, 30, 3, 10, 3, 10, 3, 10, 3, 30, 3, 24.23988843530946, 3, 10, 3, 10, 3, 10, 3, 30, 3, 10, 3]",15.789438596491225
"[30, 3, 13.292418411722869, 3, 10, 3, 30, 3, 30, 3, 10, 3, 10, 3, 10, 3, 30, 3, 30, 3, 10, 3, 10, 3, 10, 3, 30, 3, 10, 3]",15.66650292397663
"[30, 3, 10, 3, 10, 3, 30, 3, 30, 3, 10, 3, 10, 3, 10, 3, 30, 3, 19.22642599236365, 3, 10, 3, 10, 3, 10, 3, 30, 3, 10, 3]",13.84651851851855
"[30, 3, 14.13308723780344, 3, 10, 3, 30, 3, 30, 3, 10, 3, 10, 3, 10, 3, 30, 3, 25.90641717400088, 3, 10, 3, 10, 3, 10, 3, 30, 3, 10, 3]",17.465183235867464
"[30, 3, 10, 3, 10, 3, 30, 3, 30, 3, 10, 3, 10, 3, 10, 3, 30, 3, 23.828500448633328, 3, 10, 3, 10, 3, 10, 3, 30, 3, 10, 3]",17.335684210526296
"[30, 3, 12.478137335762622, 3, 10, 3, 30, 3, 30, 3, 10, 3, 10, 3, 10, 3, 30, 3, 24.098170311353826, 3, 10, 3, 10, 3, 10, 3, 30, 3, 10, 3]",14.765957115009751
"[30, 3, 17.035436318832332, 3, 10, 3, 30, 3, 30, 3, 10, 3, 10, 3, 10, 3, 30, 3, 30, 3, 10, 3, 10, 3, 10, 3, 30, 3, 10, 3]",17.033959064327473
"[30, 3, 11.789930095032135, 3, 10, 3, 30, 3, 30, 3, 10, 3, 10, 3, 10, 3, 30, 3, 25.11278898599965, 3, 10, 3, 10, 3, 10, 3, 30, 3, 10, 3]",16.165912280701765
"[30, 3, 15.559128938175618, 3, 10, 3, 30, 3, 30, 3, 10, 3, 10, 3, 10, 3, 30, 3, 23.27269240492297, 3, 10, 3, 10, 3, 10, 3, 30, 3, 10, 3]",15.407808966861534
"[30, 3, 11.74303787809246, 3, 10, 3, 30, 3, 30, 3, 10, 3, 10, 3, 10, 3, 30, 3, 30, 3, 10, 3, 10, 3, 10, 3, 30, 3, 10, 3]",16.56969395711498
"[30, 3, 10.923522551170409, 3, 10, 3, 30, 3, 30, 3, 10, 3, 10, 3, 10, 3, 30, 3, 30, 3, 10, 3, 10, 3, 10, 3, 30, 3, 10, 3]",14.266315789473667
"[30, 3, 12.063065799520043, 3, 10, 3, 30, 3, 30, 3, 10, 3, 10, 3, 10, 3, 30, 3, 28.4805655943959, 3, 10, 3, 10, 3, 10, 3, 30, 3, 10, 3]",16.86704288499023
"[30, 3, 12.599846366636847, 3, 10, 3, 30, 3, 30, 3, 10, 3, 10, 3, 10, 3, 30, 3, 30, 3, 10, 3, 10, 3, 10, 3, 30, 3, 10, 3]",16.83801169590638
"[30, 3, 14.783245655054163, 3, 10, 3, 30, 3, 30, 3, 10, 3, 10, 3, 10, 3, 30, 3, 22.9183648427444, 3, 10, 3, 10, 3, 10, 3, 30, 3, 10, 3]",14.79653411306042
"[30, 3, 15.412416475423106, 3, 10, 3, 30, 3, 30, 3, 10, 3, 10, 3, 10, 3, 30, 3, 24.964969343397957, 3, 10, 3, 10, 3, 10, 3, 30, 3, 10, 3]",17.121218323586675
"[30, 3, 15.721313827486693, 3, 10, 3, 30, 3, 30, 3, 10, 3, 10, 3, 10, 3, 30, 3, 27.558991649749604, 3, 10, 3, 10, 3, 10, 3, 30, 3, 10, 3]",16.260278752436598
"[30, 3, 10.3455721710578, 3, 10, 3, 30, 3, 30, 3, 10, 3, 10, 3, 10, 3, 30, 3, 24.030708279987188, 3, 10, 3, 10, 3, 10, 3, 30, 3, 10, 3]",17.400524366471767
"[30, 3, 13.453644443569413, 3, 10, 3, 30, 3, 30, 3, 10, 3, 10, 3, 10, 3, 30, 3, 28.250556129698197, 3, 10, 3, 10, 3, 10, 3, 30, 3, 10, 3]",14.836937621832329
"[30, 3, 10, 3, 10, 3, 30, 3, 30, 3, 10, 3, 10, 3, 10, 3, 30, 3, 20.567594491579385, 3, 10, 3, 10, 3, 10, 3, 30, 3, 10, 3]",16.11599220272899
"[30, 3, 14.398813529020465, 3, 10, 3, 30, 3, 30, 3, 10, 3, 10, 3, 10, 3, 30, 3, 27.704631198931303, 3, 10, 3, 10, 3, 10, 3, 30, 3, 10, 3]",16.51170760233919
"[30, 3, 12.97483642511228, 3, 10, 3, 30, 3, 30, 3, 10, 3, 10, 3, 10, 3, 30, 3, 24.23988843530946, 3, 10, 3, 10, 3, 10, 3, 30, 3, 10, 3]",16.103380116959052
"[30, 3, 13.292418411722869, 3, 10, 3, 30, 3, 30, 3, 10, 3, 10, 3, 10, 3, 30, 3, 30, 3, 10, 3, 10, 3, 10, 3, 30, 3, 10, 3]",14.53362962962965
"[30, 3, 10, 3, 10, 3, 30, 3, 30, 3, 10, 3, 10, 3, 10, 3, 30, 3, 19.22642599236365, 3, 10, 3, 10, 3, 10, 3, 30, 3, 10, 3]",15.739068226120867
"[30, 3, 14.13308723780344, 3, 10, 3, 30, 3, 30, 3, 10, 3, 10, 3, 10, 3, 30, 3, 25.90641717400088, 3, 10, 3, 10, 3, 10, 3, 30, 3, 10, 3]",16.935413255360615
"[30, 3, 10, 3, 10, 3, 30, 3, 30, 3, 10, 3, 10, 3, 10, 3, 30, 3, 23.828500448633328, 3, 10, 3, 10, 3, 10, 3, 30, 3, 10, 3]",16.408153996101376
"[30, 3, 12.478137335762622, 3, 10, 3, 30, 3, 30, 3, 10, 3, 10, 3, 10, 3, 30, 3, 24.098170311353826, 3, 10, 3, 10, 3, 10, 3, 30, 3, 10, 3]",16.89276803118911
"[30, 3, 17.035436318832332, 3, 10, 3, 30, 3, 30, 3, 10, 3, 10, 3, 10, 3, 30, 3, 30, 3, 10, 3, 10, 3, 10, 3, 30, 3, 10, 3]",16.781413255360604
"[30, 3, 11.789930095032135, 3, 10, 3, 30, 3, 30, 3, 10, 3, 10, 3, 10, 3, 30, 3, 25.11278898599965, 3, 10, 3, 10, 3, 10, 3, 30, 3, 10, 3]",16.175286549707636
"[30, 3, 15.559128938175618, 3, 10, 3, 30, 3, 30, 3, 10, 3, 10, 3, 10, 3, 30, 3, 23.27269240492297, 3, 10, 3, 10, 3, 10, 3, 30, 3, 10, 3]",17.053789473684194
"[30, 3, 11.74303787809246, 3, 10, 3, 30, 3, 30, 3, 10, 3, 10, 3, 10, 3, 30, 3, 30, 3, 10, 3, 10, 3, 10, 3, 30, 3, 10, 3]",16.401842105263142
"[30, 3, 10.923522551170409, 3, 10, 3, 30, 3, 30, 3, 10, 3, 10, 3, 10, 3, 30, 3, 30, 3, 10, 3, 10, 3, 10, 3, 30, 3, 10, 3]",16.733046783625692
"[30, 3, 12.063065799520043, 3, 10, 3, 30, 3, 30, 3, 10, 3, 10, 3, 10, 3, 30, 3, 28.4805655943959, 3, 10, 3, 10, 3, 10, 3, 30, 3, 10, 3]",15.846838206627636
"[30, 3, 12.599846366636847, 3, 10, 3, 30, 3, 30, 3, 10, 3, 10, 3, 10, 3, 30, 3, 30, 3, 10, 3, 10, 3, 10, 3, 30, 3, 10, 3]",17.61605458089665
"[30, 3, 14.783245655054163, 3, 10, 3, 30, 3, 30, 3, 10, 3, 10, 3, 10, 3, 30, 3, 22.9183648427444, 3, 10, 3, 10, 3, 10, 3, 30, 3, 10, 3]",15.374325536062397
"[30, 3, 15.412416475423106, 3, 10, 3, 30, 3, 30, 3, 10, 3, 10, 3, 10, 3, 30, 3, 24.964969343397957, 3, 10, 3, 10, 3, 10, 3, 30, 3, 10, 3]",15.134598440545796
"[30, 3, 15.721313827486693, 3, 10, 3, 30, 3, 30, 3, 10, 3, 10, 3, 10, 3, 30, 3, 27.558991649749604, 3, 10, 3, 10, 3, 10, 3, 30, 3, 10, 3]",16.848358674463903
"[30, 3, 10.3455721710578, 3, 10, 3, 30, 3, 30, 3, 10, 3, 10, 3, 10, 3, 30, 3, 24.030708279987188, 3, 10, 3, 10, 3, 10, 3, 30, 3, 10, 3]",16.774077972709566
"[30, 3, 13.453644443569413, 3, 10, 3, 30, 3, 30, 3, 10, 3, 10, 3, 10, 3, 30, 3, 28.250556129698197, 3, 10, 3, 10, 3, 10, 3, 30, 3, 10, 3]",14.992816764132563
"[30, 3, 10, 3, 10, 3, 30, 3, 30, 3, 10, 3, 10, 3, 10, 3, 30, 3, 20.567594491579385, 3, 10, 3, 10, 3, 10, 3, 30, 3, 10, 3]",14.574818713450277
"[30, 3, 14.398813529020465, 3, 10, 3, 30, 3, 30, 3, 10, 3, 10, 3, 10, 3, 30, 3, 27.704631198931303, 3, 10, 3, 10, 3, 10, 3, 30, 3, 10, 3]",16.202643274853845
"[30, 3, 12.97483642511228, 3, 10, 3, 30, 3, 30, 3, 10, 3, 10, 3, 10, 3, 30, 3, 24.23988843530946, 3, 10, 3, 10, 3, 10, 3, 30, 3, 10, 3]",16.473072124756314
"[30, 3, 13.292418411722869, 3, 10, 3, 30, 3, 30, 3, 10, 3, 10, 3, 10, 3, 30, 3, 30, 3, 10, 3, 10, 3, 10, 3, 30, 3, 10, 3]",15.912432748537992
"[30, 3, 10, 3, 10, 3, 30, 3, 30, 3, 10, 3, 10, 3, 10, 3, 30, 3, 19.22642599236365, 3, 10, 3, 10, 3, 10, 3, 30, 3, 10, 3]",14.719783625731004
"[30, 3, 14.13308723780344, 3, 10, 3, 30, 3, 30, 3, 10, 3, 10, 3, 10, 3, 30, 3, 25.90641717400088, 3, 10, 3, 10, 3, 10, 3, 30, 3, 10, 3]",17.239709551656933
"[30, 3, 10, 3, 10, 3, 30, 3, 30, 3, 10, 3, 10, 3, 10, 3, 30, 3, 23.828500448633328, 3, 10, 3, 10, 3, 10, 3, 30, 3, 10, 3]",15.15084210526317
"[30, 3, 12.478137335762622, 3, 10, 3, 30, 3, 30, 3, 10, 3, 10, 3, 10, 3, 30, 3, 24.098170311353826, 3, 10, 3, 10, 3, 10, 3, 30, 3, 10, 3]",15.884573099415194
"[30, 3, 17.035436318832332, 3, 10, 3, 30, 3, 30, 3, 10, 3, 10, 3, 10, 3, 30, 3, 30, 3, 10, 3, 10, 3, 10, 3, 30, 3, 10, 3]",15.744079922027323
"[30, 3, 11.789930095032135, 3, 10, 3, 30, 3, 30, 3, 10, 3, 10, 3, 10, 3, 30, 3, 25.11278898599965, 3, 10, 3, 10, 3, 10, 3, 30, 3, 10, 3]",15.386719298245644
"[30, 3, 15.559128938175618, 3, 10, 3, 30, 3, 30, 3, 10, 3, 10, 3, 10, 3, 30, 3, 23.27269240492297, 3, 10, 3, 10, 3, 10, 3, 30, 3, 10, 3]",17.104791423001963
"[30, 3, 11.74303787809246, 3, 10, 3, 30, 3, 30, 3, 10, 3, 10, 3, 10, 3, 30, 3, 30, 3, 10, 3, 10, 3, 10, 3, 30, 3, 10, 3]",16.4486744639376
"[30, 3, 10.923522551170409, 3, 10, 3, 30, 3, 30, 3, 10, 3, 10, 3, 10, 3, 30, 3, 30, 3, 10, 3, 10, 3, 10, 3, 30, 3, 10, 3]",19.07569980506823
"[30, 3, 12.063065799520043, 3, 10, 3, 30, 3, 30, 3, 10, 3, 10, 3, 10, 3, 30, 3, 28.4805655943959, 3, 10, 3, 10, 3, 10, 3, 30, 3, 10, 3]",15.969947368421067
"[30, 3, 12.599846366636847, 3, 10, 3, 30, 3, 30, 3, 10, 3, 10, 3, 10, 3, 30, 3, 30, 3, 10, 3, 10, 3, 10, 3, 30, 3, 10, 3]",14.14869590643274
"[30, 3, 14.783245655054163, 3, 10, 3, 30, 3, 30, 3, 10, 3, 10, 3, 10, 3, 30, 3, 22.9183648427444, 3, 10, 3, 10, 3, 10, 3, 30, 3, 10, 3]",17.05524561403512
"[30, 3, 15.412416475423106, 3, 10, 3, 30, 3, 30, 3, 10, 3, 10, 3, 10, 3, 30, 3, 24.964969343397957, 3, 10, 3, 10, 3, 10, 3, 30, 3, 10, 3]",15.823265107212467
"[30, 3, 15.721313827486693, 3, 10, 3, 30, 3, 30, 3, 10, 3, 10, 3, 10, 3, 30, 3, 27.558991649749604, 3, 10, 3, 10, 3, 10, 3, 30, 3, 10, 3]",16.362419103313865
"[30, 3, 10.3455721710578, 3, 10, 3, 30, 3, 30, 3, 10, 3, 10, 3, 10, 3, 30, 3, 24.030708279987188, 3, 10, 3, 10, 3, 10, 3, 30, 3, 10, 3]",16.256467836257304
"[30, 3, 13.453644443569413, 3, 10, 3, 30, 3, 30, 3, 10, 3, 10, 3, 10, 3, 30, 3, 28.250556129698197, 3, 10, 3, 10, 3, 10, 3, 30, 3, 10, 3]",17.277602339181254
"[30, 3, 10, 3, 10, 3, 30, 3, 30, 3, 10, 3, 10, 3, 10, 3, 30, 3, 20.567594491579385, 3, 10, 3, 10, 3, 10, 3, 30, 3, 10, 3]",15.703920077972672
"[30, 3, 14.398813529020465, 3, 10, 3, 30, 3, 30, 3, 10, 3, 10, 3, 10, 3, 30, 3, 27.704631198931303, 3, 10, 3, 10, 3, 10, 3, 30, 3, 10, 3]",16.785736842105262
"[30, 3, 12.97483642511228, 3, 10, 3, 30, 3, 30, 3, 10, 3, 10, 3, 10, 3, 30, 3, 24.23988843530946, 3, 10, 3, 10, 3, 10, 3, 30, 3, 10, 3]",15.341387914230005
"[30, 3, 13.292418411722869, 3, 10, 3, 30, 3, 30, 3, 10, 3, 10, 3, 10, 3, 30, 3, 30, 3, 10, 3, 10, 3, 10, 3, 30, 3, 10, 3]",15.30006042884988
"[30, 3, 10, 3, 10, 3, 30, 3, 30, 3, 10, 3, 10, 3, 10, 3, 30, 3, 19.22642599236365, 3, 10, 3, 10, 3, 10, 3, 30, 3, 10, 3]",15.32332748538011
"[30, 3, 14.13308723780344, 3, 10, 3, 30, 3, 30, 3, 10, 3, 10, 3, 10, 3, 30, 3, 25.90641717400088, 3, 10, 3, 10, 3, 10, 3, 30, 3, 10, 3]",17.602368421052603
"[30, 3, 10, 3, 10, 3, 30, 3, 30, 3, 10, 3, 10, 3, 10, 3, 30, 3, 23.828500448633328, 3, 10, 3, 10, 3, 10, 3, 30, 3, 10, 3]",15.551307992202734
"[30, 3, 12.478137335762622, 3, 10, 3, 30, 3, 30, 3, 10, 3, 10, 3, 10, 3, 30, 3, 24.098170311353826, 3, 10, 3, 10, 3, 10, 3, 30, 3, 10, 3]",15.729532163742716
"[30, 3, 17.035436318832332, 3, 10, 3, 30, 3, 30, 3, 10, 3, 10, 3, 10, 3, 30, 3, 30, 3, 10, 3, 10, 3, 10, 3, 30, 3, 10, 3]",18.3832319688109
"[30, 3, 11.789930095032135, 3, 10, 3, 30, 3, 30, 3, 10, 3, 10, 3, 10, 3, 30, 3, 25.11278898599965, 3, 10, 3, 10, 3, 10, 3, 30, 3, 10, 3]",15.151426900584816
"[30, 3, 15.559128938175618, 3, 10, 3, 30, 3, 30, 3, 10, 3, 10, 3, 10, 3, 30, 3, 23.27269240492297, 3, 10, 3, 10, 3, 10, 3, 30, 3, 10, 3]",16.76207992202734
"[30, 3, 11.74303787809246, 3, 10, 3, 30, 3, 30, 3, 10, 3, 10, 3, 10, 3, 30, 3, 30, 3, 10, 3, 10, 3, 10, 3, 30, 3, 10, 3]",15.428633528265067
"[30, 3, 10.923522551170409, 3, 10, 3, 30, 3, 30, 3, 10, 3, 10, 3, 10, 3, 30, 3, 30, 3, 10, 3, 10, 3, 10, 3, 30, 3, 10, 3]",16.062048732943488
"[30, 3, 12.063065799520043, 3, 10, 3, 30, 3, 30, 3, 10, 3, 10, 3, 10, 3, 30, 3, 28.4805655943959, 3, 10, 3, 10, 3, 10, 3, 30, 3, 10, 3]",15.059631578947375
"[30, 3, 12.599846366636847, 3, 10, 3, 30, 3, 30, 3, 10, 3, 10, 3, 10, 3, 30, 3, 30, 3, 10, 3, 10, 3, 10, 3, 30, 3, 10, 3]",16.55788304093574
"[30, 3, 14.783245655054163, 3, 10, 3, 30, 3, 30, 3, 10, 3, 10, 3, 10, 3, 30, 3, 22.9183648427444, 3, 10, 3, 10, 3, 10, 3, 30, 3, 10, 3]",14.367013645224194
"[30, 3, 15.412416475423106, 3, 10, 3, 30, 3, 30, 3, 10, 3, 10, 3, 10, 3, 30, 3, 24.964969343397957, 3, 10, 3, 10, 3, 10, 3, 30, 3, 10, 3]",15.443569200779708
"[30, 3, 15.721313827486693, 3, 10, 3, 30, 3, 30, 3, 10, 3, 10, 3, 10, 3, 30, 3, 27.558991649749604, 3, 10, 3, 10, 3, 10, 3, 30, 3, 10, 3]",16.851253411306068
"[30, 3, 10.3455721710578, 3, 10, 3, 30, 3, 30, 3, 10, 3, 10, 3, 10, 3, 30, 3, 24.030708279987188, 3, 10, 3, 10, 3, 10, 3, 30, 3, 10, 3]",17.409740740740737
"[30, 3, 13.453644443569413, 3, 10, 3, 30, 3, 30, 3, 10, 3, 10, 3, 10, 3, 30, 3, 28.250556129698197, 3, 10, 3, 10, 3, 10, 3, 30, 3, 10, 3]",14.516538011695914
"[30, 3, 10, 3, 10, 3, 30, 3, 30, 3, 10, 3, 10, 3, 10, 3, 30, 3, 20.567594491579385, 3, 10, 3, 10, 3, 10, 3, 30, 3, 10, 3]",15.629781676413275
"[30, 3, 14.398813529020465, 3, 10, 3, 30, 3, 30, 3, 10, 3, 10, 3, 10, 3, 30, 3, 27.704631198931303, 3, 10, 3, 10, 3, 10, 3, 30, 3, 10, 3]",15.387370370370363
"[30, 3, 12.97483642511228, 3, 10, 3, 30, 3, 30, 3, 10, 3, 10, 3, 10, 3, 30, 3, 24.23988843530946, 3, 10, 3, 10, 3, 10, 3, 30, 3, 10, 3]",17.17036257309943
"[30, 3, 13.292418411722869, 3, 10, 3, 30, 3, 30, 3, 10, 3, 10, 3, 10, 3, 30, 3, 30, 3, 10, 3, 10, 3, 10, 3, 30, 3, 10, 3]",16.397504873294338
"[30, 3, 10, 3, 10, 3, 30, 3, 30, 3, 10, 3, 10, 3, 10, 3, 30, 3, 19.22642599236365, 3, 10, 3, 10, 3, 10, 3, 30, 3, 10, 3]",14.724627680311912
"[30, 3, 14.13308723780344, 3, 10, 3, 30, 3, 30, 3, 10, 3, 10, 3, 10, 3, 30, 3, 25.90641717400088, 3, 10, 3, 10, 3, 10, 3, 30, 3, 10, 3]",16.230118908382032
"[30, 3, 10, 3, 10, 3, 30, 3, 30, 3, 10, 3, 10, 3, 10, 3, 30, 3, 23.828500448633328, 3, 10, 3, 10, 3, 10, 3, 30, 3, 10, 3]",17.95774269005851
"[30, 3, 12.478137335762622, 3, 10, 3, 30, 3, 30, 3, 10, 3, 10, 3, 10, 3, 30, 3, 24.098170311353826, 3, 10, 3, 10, 3, 10, 3, 30, 3, 10, 3]",14.788226120857734
"[30, 3, 17.035436318832332, 3, 10, 3, 30, 3, 30, 3, 10, 3, 10, 3, 10, 3, 30, 3, 30, 3, 10, 3, 10, 3, 10, 3, 30, 3, 10, 3]",16.393818713450287
"[30, 3, 11.789930095032135, 3, 10, 3, 30, 3, 30, 3, 10, 3, 10, 3, 10, 3, 30, 3, 25.11278898599965, 3, 10, 3, 10, 3, 10, 3, 30, 3, 10, 3]",15.106015594541896
"[30, 3, 15.559128938175618, 3, 10, 3, 30, 3, 30, 3, 10, 3, 10, 3, 10, 3, 30, 3, 23.27269240492297, 3, 10, 3, 10, 3, 10, 3, 30, 3, 10, 3]",18.035118908382064
"[30, 3, 11.74303787809246, 3, 10, 3, 30, 3, 30, 3, 10, 3, 10, 3, 10, 3, 30, 3, 30, 3, 10, 3, 10, 3, 10, 3, 30, 3, 10, 3]",17.480031189083782
"[30, 3, 10.923522551170409, 3, 10, 3, 30, 3, 30, 3, 10, 3, 10, 3, 10, 3, 30, 3, 30, 3, 10, 3, 10, 3, 10, 3, 30, 3, 10, 3]",16.51298635477585
"[30, 3, 12.063065799520043, 3, 10, 3, 30, 3, 30, 3, 10, 3, 10, 3, 10, 3, 30, 3, 28.4805655943959, 3, 10, 3, 10, 3, 10, 3, 30, 3, 10, 3]",16.691438596491242
"[30, 3, 12.599846366636847, 3, 10, 3, 30, 3, 30, 3, 10, 3, 10, 3, 10, 3, 30, 3, 30, 3, 10, 3, 10, 3, 10, 3, 30, 3, 10, 3]",15.843421052631607
"[30, 3, 14.783245655054163, 3, 10, 3, 30, 3, 30, 3, 10, 3, 10, 3, 10, 3, 30, 3, 22.9183648427444, 3, 10, 3, 10, 3, 10, 3, 30, 3, 10, 3]",16.843539961013633
"[30, 3, 15.412416475423106, 3, 10, 3, 30, 3, 30, 3, 10, 3, 10, 3, 10, 3, 30, 3, 24.964969343397957, 3, 10, 3, 10, 3, 10, 3, 30, 3, 10, 3]",17.484385964912292
"[30, 3, 15.721313827486693, 3, 10, 3, 30, 3, 30, 3, 10, 3, 10, 3, 10, 3, 30, 3, 27.558991649749604, 3, 10, 3, 10, 3, 10, 3, 30, 3, 10, 3]",17.353762183235876
"[30, 3, 10.3455721710578, 3, 10, 3, 30, 3, 30, 3, 10, 3, 10, 3, 10, 3, 30, 3, 24.030708279987188, 3, 10, 3, 10, 3, 10, 3, 30, 3, 10, 3]",16.62665692007792
"[30, 3, 13.453644443569413, 3, 10, 3, 30, 3, 30, 3, 10, 3, 10, 3, 10, 3, 30, 3, 28.250556129698197, 3, 10, 3, 10, 3, 10, 3, 30, 3, 10, 3]",15.234487329434689
"[30, 3, 10, 3, 10, 3, 30, 3, 30, 3, 10, 3, 10, 3, 10, 3, 30, 3, 20.567594491579385, 3, 10, 3, 10, 3, 10, 3, 30, 3, 10, 3]",17.052231968810908
"[30, 3, 14.398813529020465, 3, 10, 3, 30, 3, 30, 3, 10, 3, 10, 3, 10, 3, 30, 3, 27.704631198931303, 3, 10, 3, 10, 3, 10, 3, 30, 3, 10, 3]",15.363690058479534
"[30, 3, 12.97483642511228, 3, 10, 3, 30, 3, 30, 3, 10, 3, 10, 3, 10, 3, 30, 3, 24.23988843530946, 3, 10, 3, 10, 3, 10, 3, 30, 3, 10, 3]",15.849814814814824
"[30, 3, 13.292418411722869, 3, 10, 3, 30, 3, 30, 3, 10, 3, 10, 3, 10, 3, 30, 3, 30, 3, 10, 3, 10, 3, 10, 3, 30, 3, 10, 3]",14.94813840155943
"[30, 3, 10, 3, 10, 3, 30, 3, 30, 3, 10, 3, 10, 3, 10, 3, 30, 3, 19.22642599236365, 3, 10, 3, 10, 3, 10, 3, 30, 3, 10, 3]",15.612497076023386
"[30, 3, 14.13308723780344, 3, 10, 3, 30, 3, 30, 3, 10, 3, 10, 3, 10, 3, 30, 3, 25.90641717400088, 3, 10, 3, 10, 3, 10, 3, 30, 3, 10, 3]",17.735290448343047
"[30, 3, 10, 3, 10, 3, 30, 3, 30, 3, 10, 3, 10, 3, 10, 3, 30, 3, 23.828500448633328, 3, 10, 3, 10, 3, 10, 3, 30, 3, 10, 3]",18.050216374269002
"[30, 3, 12.478137335762622, 3, 10, 3, 30, 3, 30, 3, 10, 3, 10, 3, 10, 3, 30, 3, 24.098170311353826, 3, 10, 3, 10, 3, 10, 3, 30, 3, 10, 3]",16.006617933723213
"[30, 3, 17.035436318832332, 3, 10, 3, 30, 3, 30, 3, 10, 3, 10, 3, 10, 3, 30, 3, 30, 3, 10, 3, 10, 3, 10, 3, 30, 3, 10, 3]",16.702040935672482
"[30, 3, 11.789930095032135, 3, 10, 3, 30, 3, 30, 3, 10, 3, 10, 3, 10, 3, 30, 3, 25.11278898599965, 3, 10, 3, 10, 3, 10, 3, 30, 3, 10, 3]",15.066037037037033
"[30, 3, 15.559128938175618, 3, 10, 3, 30, 3, 30, 3, 10, 3, 10, 3, 10, 3, 30, 3, 23.27269240492297, 3, 10, 3, 10, 3, 10, 3, 30, 3, 10, 3]",15.55270565302139
"[30, 3, 11.74303787809246, 3, 10, 3, 30, 3, 30, 3, 10, 3, 10, 3, 10, 3, 30, 3, 30, 3, 10, 3, 10, 3, 10, 3, 30, 3, 10, 3]",18.352836257309985
"[30, 3, 10.923522551170409, 3, 10, 3, 30, 3, 30, 3, 10, 3, 10, 3, 10, 3, 30, 3, 30, 3, 10, 3, 10, 3, 10, 3, 30, 3, 10, 3]",15.375690058479522
"[30, 3, 12.063065799520043, 3, 10, 3, 30, 3, 30, 3, 10, 3, 10, 3, 10, 3, 30, 3, 28.4805655943959, 3, 10, 3, 10, 3, 10, 3, 30, 3, 10, 3]",16.09600779727095
"[30, 3, 12.599846366636847, 3, 10, 3, 30, 3, 30, 3, 10, 3, 10, 3, 10, 3, 30, 3, 30, 3, 10, 3, 10, 3, 10, 3, 30, 3, 10, 3]",18.66838596491226
"[30, 3, 14.783245655054163, 3, 10, 3, 30, 3, 30, 3, 10, 3, 10, 3, 10, 3, 30, 3, 22.9183648427444, 3, 10, 3, 10, 3, 10, 3, 30, 3, 10, 3]",16.349382066276775
"[30, 3, 15.412416475423106, 3, 10, 3, 30, 3, 30, 3, 10, 3, 10, 3, 10, 3, 30, 3, 24.964969343397957, 3, 10, 3, 10, 3, 10, 3, 30, 3, 10, 3]",16.526056530214426
"[30, 3, 15.721313827486693, 3, 10, 3, 30, 3, 30, 3, 10, 3, 10, 3, 10, 3, 30, 3, 27.558991649749604, 3, 10, 3, 10, 3, 10, 3, 30, 3, 10, 3]",17.056458089668602
"[30, 3, 10.3455721710578, 3, 10, 3, 30, 3, 30, 3, 10, 3, 10, 3, 10, 3, 30, 3, 24.030708279987188, 3, 10, 3, 10, 3, 10, 3, 30, 3, 10, 3]",15.600066276803128
"[30, 3, 13.453644443569413, 3, 10, 3, 30, 3, 30, 3, 10, 3, 10, 3, 10, 3, 30, 3, 28.250556129698197, 3, 10, 3, 10, 3, 10, 3, 30, 3, 10, 3]",16.049452241715382
"[30, 3, 10, 3, 10, 3, 30, 3, 30, 3, 10, 3, 10, 3, 10, 3, 30, 3, 20.567594491579385, 3, 10, 3, 10, 3, 10, 3, 30, 3, 10, 3]",17.410592592592547
"[30, 3, 14.398813529020465, 3, 10, 3, 30, 3, 30, 3, 10, 3, 10, 3, 10, 3, 30, 3, 27.704631198931303, 3, 10, 3, 10, 3, 10, 3, 30, 3, 10, 3]",16.77117348927876
"[30, 3, 12.97483642511228, 3, 10, 3, 30, 3, 30, 3, 10, 3, 10, 3, 10, 3, 30, 3, 24.23988843530946, 3, 10, 3, 10, 3, 10, 3, 30, 3, 10, 3]",15.663183235867455
"[30, 3, 13.292418411722869, 3, 10, 3, 30, 3, 30, 3, 10, 3, 10, 3, 10, 3, 30, 3, 30, 3, 10, 3, 10, 3, 10, 3, 30, 3, 10, 3]",17.501300194931794
"[30, 3, 10, 3, 10, 3, 30, 3, 30, 3, 10, 3, 10, 3, 10, 3, 30, 3, 19.22642599236365, 3, 10, 3, 10, 3, 10, 3, 30, 3, 10, 3]",14.00669005847956
"[30, 3, 14.13308723780344, 3, 10, 3, 30, 3, 30, 3, 10, 3, 10, 3, 10, 3, 30, 3, 25.90641717400088, 3, 10, 3, 10, 3, 10, 3, 30, 3, 10, 3]",16.08953606237817
"[30, 3, 10, 3, 10, 3, 30, 3, 30, 3, 10, 3, 10, 3, 10, 3, 30, 3, 23.828500448633328, 3, 10, 3, 10, 3, 10, 3, 30, 3, 10, 3]",17.991109161793357
"[30, 3, 12.478137335762622, 3, 10, 3, 30, 3, 30, 3, 10, 3, 10, 3, 10, 3, 30, 3, 24.098170311353826, 3, 10, 3, 10, 3, 10, 3, 30, 3, 10, 3]",13.770869395711536
"[30, 3, 17.035436318832332, 3, 10, 3, 30, 3, 30, 3, 10, 3, 10, 3, 10, 3, 30, 3, 30, 3, 10, 3, 10, 3, 10, 3, 30, 3, 10, 3]",16.9987251461988
"[30, 3, 11.789930095032135, 3, 10, 3, 30, 3, 30, 3, 10, 3, 10, 3, 10, 3, 30, 3, 25.11278898599965, 3, 10, 3, 10, 3, 10, 3, 30, 3, 10, 3]",15.722126705653045
"[30, 3, 15.559128938175618, 3, 10, 3, 30, 3, 30, 3, 10, 3, 10, 3, 10, 3, 30, 3, 23.27269240492297, 3, 10, 3, 10, 3, 10, 3, 30, 3, 10, 3]",16.030128654970753
"[30, 3, 11.74303787809246, 3, 10, 3, 30, 3, 30, 3, 10, 3, 10, 3, 10, 3, 30, 3, 30, 3, 10, 3, 10, 3, 10, 3, 30, 3, 10, 3]",15.837534113060391
"[30, 3, 10.923522551170409, 3, 10, 3, 30, 3, 30, 3, 10, 3, 10, 3, 10, 3, 30, 3, 30, 3, 10, 3, 10, 3, 10, 3, 30, 3, 10, 3]",18.519571150097473
"[30, 3, 12.063065799520043, 3, 10, 3, 30, 3, 30, 3, 10, 3, 10, 3, 10, 3, 30, 3, 28.4805655943959, 3, 10, 3, 10, 3, 10, 3, 30, 3, 10, 3]",16.806093567251423
"[30, 3, 12.599846366636847, 3, 10, 3, 30, 3, 30, 3, 10, 3, 10, 3, 10, 3, 30, 3, 30, 3, 10, 3, 10, 3, 10, 3, 30, 3, 10, 3]",15.049766081871352
"[30, 3, 14.783245655054163, 3, 10, 3, 30, 3, 30, 3, 10, 3, 10, 3, 10, 3, 30, 3, 22.9183648427444, 3, 10, 3, 10, 3, 10, 3, 30, 3, 10, 3]",14.927996101364537
"[30, 3, 15.412416475423106, 3, 10, 3, 30, 3, 30, 3, 10, 3, 10, 3, 10, 3, 30, 3, 24.964969343397957, 3, 10, 3, 10, 3, 10, 3, 30, 3, 10, 3]",16.79983430799222
"[30, 3, 15.721313827486693, 3, 10, 3, 30, 3, 30, 3, 10, 3, 10, 3, 10, 3, 30, 3, 27.558991649749604, 3, 10, 3, 10, 3, 10, 3, 30, 3, 10, 3]",15.346003898635493
"[30, 3, 10.3455721710578, 3, 10, 3, 30, 3, 30, 3, 10, 3, 10, 3, 10, 3, 30, 3, 24.030708279987188, 3, 10, 3, 10, 3, 10, 3, 30, 3, 10, 3]",16.729329434697895
"[30, 3, 13.453644443569413, 3, 10, 3, 30, 3, 30, 3, 10, 3, 10, 3, 10, 3, 30, 3, 28.250556129698197, 3, 10, 3, 10, 3, 10, 3, 30, 3, 10, 3]",15.662134502923957
"[30, 3, 10, 3, 10, 3, 30, 3, 30, 3, 10, 3, 10, 3, 10, 3, 30, 3, 20.567594491579385, 3, 10, 3, 10, 3, 10, 3, 30, 3, 10, 3]",15.8762709551657
"[30, 3, 14.398813529020465, 3, 10, 3, 30, 3, 30, 3, 10, 3, 10, 3, 10, 3, 30, 3, 27.704631198931303, 3, 10, 3, 10, 3, 10, 3, 30, 3, 10, 3]",16.63585575048736
"[30, 3, 12.97483642511228, 3, 10, 3, 30, 3, 30, 3, 10, 3, 10, 3, 10, 3, 30, 3, 24.23988843530946, 3, 10, 3, 10, 3, 10, 3, 30, 3, 10, 3]",15.939224171539937
"[30, 3, 13.292418411722869, 3, 10, 3, 30, 3, 30, 3, 10, 3, 10, 3, 10, 3, 30, 3, 30, 3, 10, 3, 10, 3, 10, 3, 30, 3, 10, 3]",15.867403508771947
"[30, 3, 10, 3, 10, 3, 30, 3, 30, 3, 10, 3, 10, 3, 10, 3, 30, 3, 19.22642599236365, 3, 10, 3, 10, 3, 10, 3, 30, 3, 10, 3]",16.64821247563352
"[30, 3, 14.13308723780344, 3, 10, 3, 30, 3, 30, 3, 10, 3, 10, 3, 10, 3, 30, 3, 25.90641717400088, 3, 10, 3, 10, 3, 10, 3, 30, 3, 10, 3]",15.49683430799221
"[30, 3, 10, 3, 10, 3, 30, 3, 30, 3, 10, 3, 10, 3, 10, 3, 30, 3, 23.828500448633328, 3, 10, 3, 10, 3, 10, 3, 30, 3, 10, 3]",17.255668615984405
"[30, 3, 12.478137335762622, 3, 10, 3, 30, 3, 30, 3, 10, 3, 10, 3, 10, 3, 30, 3, 24.098170311353826, 3, 10, 3, 10, 3, 10, 3, 30, 3, 10, 3]",16.264405458089655
"[30, 3, 17.035436318832332, 3, 10, 3, 30, 3, 30, 3, 10, 3, 10, 3, 10, 3, 30, 3, 30, 3, 10, 3, 10, 3, 10, 3, 30, 3, 10, 3]",15.82747173489273
"[30, 3, 11.789930095032135, 3, 10, 3, 30, 3, 30, 3, 10, 3, 10, 3, 10, 3, 30, 3, 25.11278898599965, 3, 10, 3, 10, 3, 10, 3, 30, 3, 10, 3]",14.351918128654937
"[30, 3, 15.559128938175618, 3, 10, 3, 30, 3, 30, 3, 10, 3, 10, 3, 10, 3, 30, 3, 23.27269240492297, 3, 10, 3, 10, 3, 10, 3, 30, 3, 10, 3]",15.887011695906425
"[30, 3, 11.74303787809246, 3, 10, 3, 30, 3, 30, 3, 10, 3, 10, 3, 10, 3, 30, 3, 30, 3, 10, 3, 10, 3, 10, 3, 30, 3, 10, 3]",14.470206627680337
"[30, 3, 10.923522551170409, 3, 10, 3, 30, 3, 30, 3, 10, 3, 10, 3, 10, 3, 30, 3, 30, 3, 10, 3, 10, 3, 10, 3, 30, 3, 10, 3]",17.426333333333364
"[30, 3, 12.063065799520043, 3, 10, 3, 30, 3, 30, 3, 10, 3, 10, 3, 10, 3, 30, 3, 28.4805655943959, 3, 10, 3, 10, 3, 10, 3, 30, 3, 10, 3]",14.933939571150134
"[30, 3, 12.599846366636847, 3, 10, 3, 30, 3, 30, 3, 10, 3, 10, 3, 10, 3, 30, 3, 30, 3, 10, 3, 10, 3, 10, 3, 30, 3, 10, 3]",15.949163742690097
"[30, 3, 14.783245655054163, 3, 10, 3, 30, 3, 30, 3, 10, 3, 10, 3, 10, 3, 30, 3, 22.9183648427444, 3, 10, 3, 10, 3, 10, 3, 30, 3, 10, 3]",16.065998050682246
"[30, 3, 15.412416475423106, 3, 10, 3, 30, 3, 30, 3, 10, 3, 10, 3, 10, 3, 30, 3, 24.964969343397957, 3, 10, 3, 10, 3, 10, 3, 30, 3, 10, 3]",15.61974658869393
"[30, 3, 15.721313827486693, 3, 10, 3, 30, 3, 30, 3, 10, 3, 10, 3, 10, 3, 30, 3, 27.558991649749604, 3, 10, 3, 10, 3, 10, 3, 30, 3, 10, 3]",16.6963274853801
"[30, 3, 10.3455721710578, 3, 10, 3, 30, 3, 30, 3, 10, 3, 10, 3, 10, 3, 30, 3, 24.030708279987188, 3, 10, 3, 10, 3, 10, 3, 30, 3, 10, 3]",16.632808966861585
"[30, 3, 13.453644443569413, 3, 10, 3, 30, 3, 30, 3, 10, 3, 10, 3, 10, 3, 30, 3, 28.250556129698197, 3, 10, 3, 10, 3, 10, 3, 30, 3, 10, 3]",16.464017543859633
"[30, 3, 10, 3, 10, 3, 30, 3, 30, 3, 10, 3, 10, 3, 10, 3, 30, 3, 20.567594491579385, 3, 10, 3, 10, 3, 10, 3, 30, 3, 10, 3]",15.44615594541915
"[30, 3, 14.398813529020465, 3, 10, 3, 30, 3, 30, 3, 10, 3, 10, 3, 10, 3, 30, 3, 27.704631198931303, 3, 10, 3, 10, 3, 10, 3, 30, 3, 10, 3]",16.959076023391827
"[30, 3, 12.97483642511228, 3, 10, 3, 30, 3, 30, 3, 10, 3, 10, 3, 10, 3, 30, 3, 24.23988843530946, 3, 10, 3, 10, 3, 10, 3, 30, 3, 10, 3]",16.270604288499044
"[30, 3, 13.292418411722869, 3, 10, 3, 30, 3, 30, 3, 10, 3, 10, 3, 10, 3, 30, 3, 30, 3, 10, 3, 10, 3, 10, 3, 30, 3, 10, 3]",15.873436647173467
"[30, 3, 10, 3, 10, 3, 30, 3, 30, 3, 10, 3, 10, 3, 10, 3, 30, 3, 19.22642599236365, 3, 10, 3, 10, 3, 10, 3, 30, 3, 10, 3]",17.221824561403537
"[30, 3, 14.13308723780344, 3, 10, 3, 30, 3, 30, 3, 10, 3, 10, 3, 10, 3, 30, 3, 25.90641717400088, 3, 10, 3, 10, 3, 10, 3, 30, 3, 10, 3]",16.361612085769963
"[30, 3, 10, 3, 10, 3, 30, 3, 30, 3, 10, 3, 10, 3, 10, 3, 30, 3, 23.828500448633328, 3, 10, 3, 10, 3, 10, 3, 30, 3, 10, 3]",15.21623781676416
"[30, 3, 12.478137335762622, 3, 10, 3, 30, 3, 30, 3, 10, 3, 10, 3, 10, 3, 30, 3, 24.098170311353826, 3, 10, 3, 10, 3, 10, 3, 30, 3, 10, 3]",15.491799220272886
"[30, 3, 17.035436318832332, 3, 10, 3, 30, 3, 30, 3, 10, 3, 10, 3, 10, 3, 30, 3, 30, 3, 10, 3, 10, 3, 10, 3, 30, 3, 10, 3]",15.715690058479561
"[30, 3, 11.789930095032135, 3, 10, 3, 30, 3, 30, 3, 10, 3, 10, 3, 10, 3, 30, 3, 25.11278898599965, 3, 10, 3, 10, 3, 10, 3, 30, 3, 10, 3]",15.522458089668607
"[30, 3, 15.559128938175618, 3, 10, 3, 30, 3, 30, 3, 10, 3, 10, 3, 10, 3, 30, 3, 23.27269240492297, 3, 10, 3, 10, 3, 10, 3, 30, 3, 10, 3]",17.851668615984398
"[30, 3, 11.74303787809246, 3, 10, 3, 30, 3, 30, 3, 10, 3, 10, 3, 10, 3, 30, 3, 30, 3, 10, 3, 10, 3, 10, 3, 30, 3, 10, 3]",16.379401559454188
"[30, 3, 10.923522551170409, 3, 10, 3, 30, 3, 30, 3, 10, 3, 10, 3, 10, 3, 30, 3, 30, 3, 10, 3, 10, 3, 10, 3, 30, 3, 10, 3]",15.57821442495123
"[30, 3, 12.063065799520043, 3, 10, 3, 30, 3, 30, 3, 10, 3, 10, 3, 10, 3, 30, 3, 28.4805655943959, 3, 10, 3, 10, 3, 10, 3, 30, 3, 10, 3]",16.257265107212472
"[30, 3, 12.599846366636847, 3, 10, 3, 30, 3, 30, 3, 10, 3, 10, 3, 10, 3, 30, 3, 30, 3, 10, 3, 10, 3, 10, 3, 30, 3, 10, 3]",17.538602339181264
"[30, 3, 14.783245655054163, 3, 10, 3, 30, 3, 30, 3, 10, 3, 10, 3, 10, 3, 30, 3, 22.9183648427444, 3, 10, 3, 10, 3, 10, 3, 30, 3, 10, 3]",16.031372319688085
"[30, 3, 15.412416475423106, 3, 10, 3, 30, 3, 30, 3, 10, 3, 10, 3, 10, 3, 30, 3, 24.964969343397957, 3, 10, 3, 10, 3, 10, 3, 30, 3, 10, 3]",16.379920077972677
"[30, 3, 15.721313827486693, 3, 10, 3, 30, 3, 30, 3, 10, 3, 10, 3, 10, 3, 30, 3, 27.558991649749604, 3, 10, 3, 10, 3, 10, 3, 30, 3, 10, 3]",17.8789902534113
"[30, 3, 10.3455721710578, 3, 10, 3, 30, 3, 30, 3, 10, 3, 10, 3, 10, 3, 30, 3, 24.030708279987188, 3, 10, 3, 10, 3, 10, 3, 30, 3, 10, 3]",15.7122105263158
"[30, 3, 13.453644443569413, 3, 10, 3, 30, 3, 30, 3, 10, 3, 10, 3, 10, 3, 30, 3, 28.250556129698197, 3, 10, 3, 10, 3, 10, 3, 30, 3, 10, 3]",17.7078499025341
"[30, 3, 10, 3, 10, 3, 30, 3, 30, 3, 10, 3, 10, 3, 10, 3, 30, 3, 20.567594491579385, 3, 10, 3, 10, 3, 10, 3, 30, 3, 10, 3]",16.57975633528268
"[30, 3, 14.398813529020465, 3, 10, 3, 30, 3, 30, 3, 10, 3, 10, 3, 10, 3, 30, 3, 27.704631198931303, 3, 10, 3, 10, 3, 10, 3, 30, 3, 10, 3]",16.638072124756345
"[30, 3, 12.97483642511228, 3, 10, 3, 30, 3, 30, 3, 10, 3, 10, 3, 10, 3, 30, 3, 24.23988843530946, 3, 10, 3, 10, 3, 10, 3, 30, 3, 10, 3]",18.42666471734891
"[30, 3, 13.292418411722869, 3, 10, 3, 30, 3, 30, 3, 10, 3, 10, 3, 10, 3, 30, 3, 30, 3, 10, 3, 10, 3, 10, 3, 30, 3, 10, 3]",15.383563352826531
"[30, 3, 10, 3, 10, 3, 30, 3, 30, 3, 10, 3, 10, 3, 10, 3, 30, 3, 19.22642599236365, 3, 10, 3, 10, 3, 10, 3, 30, 3, 10, 3]",16.486660818713485
"[30, 3, 14.13308723780344, 3, 10, 3, 30, 3, 30, 3, 10, 3, 10, 3, 10, 3, 30, 3, 25.90641717400088, 3, 10, 3, 10, 3, 10, 3, 30, 3, 10, 3]",16.423231968810946
"[30, 3, 10, 3, 10, 3, 30, 3, 30, 3, 10, 3, 10, 3, 10, 3, 30, 3, 23.828500448633328, 3, 10, 3, 10, 3, 10, 3, 30, 3, 10, 3]",14.37161403508773
"[30, 3, 12.478137335762622, 3, 10, 3, 30, 3, 30, 3, 10, 3, 10, 3, 10, 3, 30, 3, 24.098170311353826, 3, 10, 3, 10, 3, 10, 3, 30, 3, 10, 3]",16.29108966861596
"[30, 3, 17.035436318832332, 3, 10, 3, 30, 3, 30, 3, 10, 3, 10, 3, 10, 3, 30, 3, 30, 3, 10, 3, 10, 3, 10, 3, 30, 3, 10, 3]",16.076869395711494
"[30, 3, 11.789930095032135, 3, 10, 3, 30, 3, 30, 3, 10, 3, 10, 3, 10, 3, 30, 3, 25.11278898599965, 3, 10, 3, 10, 3, 10, 3, 30, 3, 10, 3]",15.191575048732947
"[30, 3, 15.559128938175618, 3, 10, 3, 30, 3, 30, 3, 10, 3, 10, 3, 10, 3, 30, 3, 23.27269240492297, 3, 10, 3, 10, 3, 10, 3, 30, 3, 10, 3]",16.261272904483373
"[30, 3, 11.74303787809246, 3, 10, 3, 30, 3, 30, 3, 10, 3, 10, 3, 10, 3, 30, 3, 30, 3, 10, 3, 10, 3, 10, 3, 30, 3, 10, 3]",15.786481481481495
"[30, 3, 10.923522551170409, 3, 10, 3, 30, 3, 30, 3, 10, 3, 10, 3, 10, 3, 30, 3, 30, 3, 10, 3, 10, 3, 10, 3, 30, 3, 10, 3]",16.307103313840184
"[30, 3, 12.063065799520043, 3, 10, 3, 30, 3, 30, 3, 10, 3, 10, 3, 10, 3, 30, 3, 28.4805655943959, 3, 10, 3, 10, 3, 10, 3, 30, 3, 10, 3]",17.071968810916122
"[30, 3, 12.599846366636847, 3, 10, 3, 30, 3, 30, 3, 10, 3, 10, 3, 10, 3, 30, 3, 30, 3, 10, 3, 10, 3, 10, 3, 30, 3, 10, 3]",14.828360623781684
"[30, 3, 14.783245655054163, 3, 10, 3, 30, 3, 30, 3, 10, 3, 10, 3, 10, 3, 30, 3, 22.9183648427444, 3, 10, 3, 10, 3, 10, 3, 30, 3, 10, 3]",16.759584795321615
"[30, 3, 15.412416475423106, 3, 10, 3, 30, 3, 30, 3, 10, 3, 10, 3, 10, 3, 30, 3, 24.964969343397957, 3, 10, 3, 10, 3, 10, 3, 30, 3, 10, 3]",14.34730409356723
"[30, 3, 15.721313827486693, 3, 10, 3, 30, 3, 30, 3, 10, 3, 10, 3, 10, 3, 30, 3, 27.558991649749604, 3, 10, 3, 10, 3, 10, 3, 30, 3, 10, 3]",16.464785575048754
"[30, 3, 10.3455721710578, 3, 10, 3, 30, 3, 30, 3, 10, 3, 10, 3, 10, 3, 30, 3, 24.030708279987188, 3, 10, 3, 10, 3, 10, 3, 30, 3, 10, 3]",16.5445185185185
"[30, 3, 13.453644443569413, 3, 10, 3, 30, 3, 30, 3, 10, 3, 10, 3, 10, 3, 30, 3, 28.250556129698197, 3, 10, 3, 10, 3, 10, 3, 30, 3, 10, 3]",16.935510721247535
"[30, 3, 10, 3, 10, 3, 30, 3, 30, 3, 10, 3, 10, 3, 10, 3, 30, 3, 20.567594491579385, 3, 10, 3, 10, 3, 10, 3, 30, 3, 10, 3]",15.649107212475647
"[30, 3, 14.398813529020465, 3, 10, 3, 30, 3, 30, 3, 10, 3, 10, 3, 10, 3, 30, 3, 27.704631198931303, 3, 10, 3, 10, 3, 10, 3, 30, 3, 10, 3]",15.286849902534136
"[30, 3, 12.97483642511228, 3, 10, 3, 30, 3, 30, 3, 10, 3, 10, 3, 10, 3, 30, 3, 24.23988843530946, 3, 10, 3, 10, 3, 10, 3, 30, 3, 10, 3]",15.60379532163743
"[30, 3, 13.292418411722869, 3, 10, 3, 30, 3, 30, 3, 10, 3, 10, 3, 10, 3, 30, 3, 30, 3, 10, 3, 10, 3, 10, 3, 30, 3, 10, 3]",15.481697855750511
"[30, 3, 10, 3, 10, 3, 30, 3, 30, 3, 10, 3, 10, 3, 10, 3, 30, 3, 19.22642599236365, 3, 10, 3, 10, 3, 10, 3, 30, 3, 10, 3]",17.407649122807037
"[30, 3, 14.13308723780344, 3, 10, 3, 30, 3, 30, 3, 10, 3, 10, 3, 10, 3, 30, 3, 25.90641717400088, 3, 10, 3, 10, 3, 10, 3, 30, 3, 10, 3]",17.589417153996088
"[30, 3, 10, 3, 10, 3, 30, 3, 30, 3, 10, 3, 10, 3, 10, 3, 30, 3, 23.828500448633328, 3, 10, 3, 10, 3, 10, 3, 30, 3, 10, 3]",17.747970760233944
"[30, 3, 12.478137335762622, 3, 10, 3, 30, 3, 30, 3, 10, 3, 10, 3, 10, 3, 30, 3, 24.098170311353826, 3, 10, 3, 10, 3, 10, 3, 30, 3, 10, 3]",16.473625730994158
"[30, 3, 17.035436318832332, 3, 10, 3, 30, 3, 30, 3, 10, 3, 10, 3, 10, 3, 30, 3, 30, 3, 10, 3, 10, 3, 10, 3, 30, 3, 10, 3]",16.954495126705645
"[30, 3, 11.789930095032135, 3, 10, 3, 30, 3, 30, 3, 10, 3, 10, 3, 10, 3, 30, 3, 25.11278898599965, 3, 10, 3, 10, 3, 10, 3, 30, 3, 10, 3]",16.5676783625731
"[30, 3, 15.559128938175618, 3, 10, 3, 30, 3, 30, 3, 10, 3, 10, 3, 10, 3, 30, 3, 23.27269240492297, 3, 10, 3, 10, 3, 10, 3, 30, 3, 10, 3]",13.941789473684244
"[30, 3, 11.74303787809246, 3, 10, 3, 30, 3, 30, 3, 10, 3, 10, 3, 10, 3, 30, 3, 30, 3, 10, 3, 10, 3, 10, 3, 30, 3, 10, 3]",15.532442495126698
"[30, 3, 10.923522551170409, 3, 10, 3, 30, 3, 30, 3, 10, 3, 10, 3, 10, 3, 30, 3, 30, 3, 10, 3, 10, 3, 10, 3, 30, 3, 10, 3]",15.963245614035046
"[30, 3, 12.063065799520043, 3, 10, 3, 30, 3, 30, 3, 10, 3, 10, 3, 10, 3, 30, 3, 28.4805655943959, 3, 10, 3, 10, 3, 10, 3, 30, 3, 10, 3]",15.494313840155924
"[30, 3, 12.599846366636847, 3, 10, 3, 30, 3, 30, 3, 10, 3, 10, 3, 10, 3, 30, 3, 30, 3, 10, 3, 10, 3, 10, 3, 30, 3, 10, 3]",15.433350877192966
"[30, 3, 14.783245655054163, 3, 10, 3, 30, 3, 30, 3, 10, 3, 10, 3, 10, 3, 30, 3, 22.9183648427444, 3, 10, 3, 10, 3, 10, 3, 30, 3, 10, 3]",17.18462962962964
"[30, 3, 15.412416475423106, 3, 10, 3, 30, 3, 30, 3, 10, 3, 10, 3, 10, 3, 30, 3, 24.964969343397957, 3, 10, 3, 10, 3, 10, 3, 30, 3, 10, 3]",15.990444444444442
"[30, 3, 15.721313827486693, 3, 10, 3, 30, 3, 30, 3, 10, 3, 10, 3, 10, 3, 30, 3, 27.558991649749604, 3, 10, 3, 10, 3, 10, 3, 30, 3, 10, 3]",17.19950877192977
"[30, 3, 10.3455721710578, 3, 10, 3, 30, 3, 30, 3, 10, 3, 10, 3, 10, 3, 30, 3, 24.030708279987188, 3, 10, 3, 10, 3, 10, 3, 30, 3, 10, 3]",18.2820350877193
"[30, 3, 13.453644443569413, 3, 10, 3, 30, 3, 30, 3, 10, 3, 10, 3, 10, 3, 30, 3, 28.250556129698197, 3, 10, 3, 10, 3, 10, 3, 30, 3, 10, 3]",15.625518518518524
"[30, 3, 10, 3, 10, 3, 30, 3, 30, 3, 10, 3, 10, 3, 10, 3, 30, 3, 20.567594491579385, 3, 10, 3, 10, 3, 10, 3, 30, 3, 10, 3]",16.370635477582855
"[30, 3, 14.398813529020465, 3, 10, 3, 30, 3, 30, 3, 10, 3, 10, 3, 10, 3, 30, 3, 27.704631198931303, 3, 10, 3, 10, 3, 10, 3, 30, 3, 10, 3]",16.305253411306033
"[30, 3, 12.97483642511228, 3, 10, 3, 30, 3, 30, 3, 10, 3, 10, 3, 10, 3, 30, 3, 24.23988843530946, 3, 10, 3, 10, 3, 10, 3, 30, 3, 10, 3]",16.71876998050683
"[30, 3, 13.292418411722869, 3, 10, 3, 30, 3, 30, 3, 10, 3, 10, 3, 10, 3, 30, 3, 30, 3, 10, 3, 10, 3, 10, 3, 30, 3, 10, 3]",15.631649122806998
"[30, 3, 10, 3, 10, 3, 30, 3, 30, 3, 10, 3, 10, 3, 10, 3, 30, 3, 19.22642599236365, 3, 10, 3, 10, 3, 10, 3, 30, 3, 10, 3]",17.186230019493216
"[30, 3, 14.13308723780344, 3, 10, 3, 30, 3, 30, 3, 10, 3, 10, 3, 10, 3, 30, 3, 25.90641717400088, 3, 10, 3, 10, 3, 10, 3, 30, 3, 10, 3]",15.830415204678348
"[30, 3, 10, 3, 10, 3, 30, 3, 30, 3, 10, 3, 10, 3, 10, 3, 30, 3, 23.828500448633328, 3, 10, 3, 10, 3, 10, 3, 30, 3, 10, 3]",16.920159844054616
"[30, 3, 12.478137335762622, 3, 10, 3, 30, 3, 30, 3, 10, 3, 10, 3, 10, 3, 30, 3, 24.098170311353826, 3, 10, 3, 10, 3, 10, 3, 30, 3, 10, 3]",16.44473099415203
"[30, 3, 17.035436318832332, 3, 10, 3, 30, 3, 30, 3, 10, 3, 10, 3, 10, 3, 30, 3, 30, 3, 10, 3, 10, 3, 10, 3, 30, 3, 10, 3]",17.237300194931798
"[30, 3, 11.789930095032135, 3, 10, 3, 30, 3, 30, 3, 10, 3, 10, 3, 10, 3, 30, 3, 25.11278898599965, 3, 10, 3, 10, 3, 10, 3, 30, 3, 10, 3]",16.899048732943502
"[30, 3, 15.559128938175618, 3, 10, 3, 30, 3, 30, 3, 10, 3, 10, 3, 10, 3, 30, 3, 23.27269240492297, 3, 10, 3, 10, 3, 10, 3, 30, 3, 10, 3]",15.77285380116956
"[30, 3, 11.74303787809246, 3, 10, 3, 30, 3, 30, 3, 10, 3, 10, 3, 10, 3, 30, 3, 30, 3, 10, 3, 10, 3, 10, 3, 30, 3, 10, 3]",15.599253411306037
"[30, 3, 10.923522551170409, 3, 10, 3, 30, 3, 30, 3, 10, 3, 10, 3, 10, 3, 30, 3, 30, 3, 10, 3, 10, 3, 10, 3, 30, 3, 10, 3]",16.708200779727076
"[30, 3, 12.063065799520043, 3, 10, 3, 30, 3, 30, 3, 10, 3, 10, 3, 10, 3, 30, 3, 28.4805655943959, 3, 10, 3, 10, 3, 10, 3, 30, 3, 10, 3]",16.606064327485434
"[30, 3, 12.599846366636847, 3, 10, 3, 30, 3, 30, 3, 10, 3, 10, 3, 10, 3, 30, 3, 30, 3, 10, 3, 10, 3, 10, 3, 30, 3, 10, 3]",16.627021442495085
"[30, 3, 14.783245655054163, 3, 10, 3, 30, 3, 30, 3, 10, 3, 10, 3, 10, 3, 30, 3, 22.9183648427444, 3, 10, 3, 10, 3, 10, 3, 30, 3, 10, 3]",16.338672514619912
"[30, 3, 15.412416475423106, 3, 10, 3, 30, 3, 30, 3, 10, 3, 10, 3, 10, 3, 30, 3, 24.964969343397957, 3, 10, 3, 10, 3, 10, 3, 30, 3, 10, 3]",14.73631189083822
"[30, 3, 15.721313827486693, 3, 10, 3, 30, 3, 30, 3, 10, 3, 10, 3, 10, 3, 30, 3, 27.558991649749604, 3, 10, 3, 10, 3, 10, 3, 30, 3, 10, 3]",15.922857699805078
"[30, 3, 10.3455721710578, 3, 10, 3, 30, 3, 30, 3, 10, 3, 10, 3, 10, 3, 30, 3, 24.030708279987188, 3, 10, 3, 10, 3, 10, 3, 30, 3, 10, 3]",16.131115009746598
"[30, 3, 13.453644443569413, 3, 10, 3, 30, 3, 30, 3, 10, 3, 10, 3, 10, 3, 30, 3, 28.250556129698197, 3, 10, 3, 10, 3, 10, 3, 30, 3, 10, 3]",15.472923976608179
"[30, 3, 10, 3, 10, 3, 30, 3, 30, 3, 10, 3, 10, 3, 10, 3, 30, 3, 20.567594491579385, 3, 10, 3, 10, 3, 10, 3, 30, 3, 10, 3]",16.94206627680314
"[30, 3, 14.398813529020465, 3, 10, 3, 30, 3, 30, 3, 10, 3, 10, 3, 10, 3, 30, 3, 27.704631198931303, 3, 10, 3, 10, 3, 10, 3, 30, 3, 10, 3]",16.033011695906403
"[30, 3, 12.97483642511228, 3, 10, 3, 30, 3, 30, 3, 10, 3, 10, 3, 10, 3, 30, 3, 24.23988843530946, 3, 10, 3, 10, 3, 10, 3, 30, 3, 10, 3]",16.62983235867444
"[30, 3, 13.292418411722869, 3, 10, 3, 30, 3, 30, 3, 10, 3, 10, 3, 10, 3, 30, 3, 30, 3, 10, 3, 10, 3, 10, 3, 30, 3, 10, 3]",14.615060428849912
"[30, 3, 10, 3, 10, 3, 30, 3, 30, 3, 10, 3, 10, 3, 10, 3, 30, 3, 19.22642599236365, 3, 10, 3, 10, 3, 10, 3, 30, 3, 10, 3]",17.39944249512671
"[30, 3, 14.13308723780344, 3, 10, 3, 30, 3, 30, 3, 10, 3, 10, 3, 10, 3, 30, 3, 25.90641717400088, 3, 10, 3, 10, 3, 10, 3, 30, 3, 10, 3]",14.093690058479524
"[30, 3, 10, 3, 10, 3, 30, 3, 30, 3, 10, 3, 10, 3, 10, 3, 30, 3, 23.828500448633328, 3, 10, 3, 10, 3, 10, 3, 30, 3, 10, 3]",16.655050682261198
"[30, 3, 12.478137335762622, 3, 10, 3, 30, 3, 30, 3, 10, 3, 10, 3, 10, 3, 30, 3, 24.098170311353826, 3, 10, 3, 10, 3, 10, 3, 30, 3, 10, 3]",16.34505263157895
"[30, 3, 17.035436318832332, 3, 10, 3, 30, 3, 30, 3, 10, 3, 10, 3, 10, 3, 30, 3, 30, 3, 10, 3, 10, 3, 10, 3, 30, 3, 10, 3]",17.322255360623785
"[30, 3, 11.789930095032135, 3, 10, 3, 30, 3, 30, 3, 10, 3, 10, 3, 10, 3, 30, 3, 25.11278898599965, 3, 10, 3, 10, 3, 10, 3, 30, 3, 10, 3]",15.923629629629634
"[30, 3, 15.559128938175618, 3, 10, 3, 30, 3, 30, 3, 10, 3, 10, 3, 10, 3, 30, 3, 23.27269240492297, 3, 10, 3, 10, 3, 10, 3, 30, 3, 10, 3]",15.859128654970737
"[30, 3, 11.74303787809246, 3, 10, 3, 30, 3, 30, 3, 10, 3, 10, 3, 10, 3, 30, 3, 30, 3, 10, 3, 10, 3, 10, 3, 30, 3, 10, 3]",17.43216959064328
"[30, 3, 10.923522551170409, 3, 10, 3, 30, 3, 30, 3, 10, 3, 10, 3, 10, 3, 30, 3, 30, 3, 10, 3, 10, 3, 10, 3, 30, 3, 10, 3]",16.861415204678355
"[30, 3, 12.063065799520043, 3, 10, 3, 30, 3, 30, 3, 10, 3, 10, 3, 10, 3, 30, 3, 28.4805655943959, 3, 10, 3, 10, 3, 10, 3, 30, 3, 10, 3]",17.231551656920107
"[30, 3, 12.599846366636847, 3, 10, 3, 30, 3, 30, 3, 10, 3, 10, 3, 10, 3, 30, 3, 30, 3, 10, 3, 10, 3, 10, 3, 30, 3, 10, 3]",16.304886939571144
"[30, 3, 14.783245655054163, 3, 10, 3, 30, 3, 30, 3, 10, 3, 10, 3, 10, 3, 30, 3, 22.9183648427444, 3, 10, 3, 10, 3, 10, 3, 30, 3, 10, 3]",15.314144249512639
"[30, 3, 15.412416475423106, 3, 10, 3, 30, 3, 30, 3, 10, 3, 10, 3, 10, 3, 30, 3, 24.964969343397957, 3, 10, 3, 10, 3, 10, 3, 30, 3, 10, 3]",15.329095516569248
"[30, 3, 15.721313827486693, 3, 10, 3, 30, 3, 30, 3, 10, 3, 10, 3, 10, 3, 30, 3, 27.558991649749604, 3, 10, 3, 10, 3, 10, 3, 30, 3, 10, 3]",15.615803118908415
"[30, 3, 10.3455721710578, 3, 10, 3, 30, 3, 30, 3, 10, 3, 10, 3, 10, 3, 30, 3, 24.030708279987188, 3, 10, 3, 10, 3, 10, 3, 30, 3, 10, 3]",17.177881091617973
"[30, 3, 13.453644443569413, 3, 10, 3, 30, 3, 30, 3, 10, 3, 10, 3, 10, 3, 30, 3, 28.250556129698197, 3, 10, 3, 10, 3, 10, 3, 30, 3, 10, 3]",17.919994152046787
"[30, 3, 10, 3, 10, 3, 30, 3, 30, 3, 10, 3, 10, 3, 10, 3, 30, 3, 20.567594491579385, 3, 10, 3, 10, 3, 10, 3, 30, 3, 10, 3]",15.587095516569146
"[30, 3, 14.398813529020465, 3, 10, 3, 30, 3, 30, 3, 10, 3, 10, 3, 10, 3, 30, 3, 27.704631198931303, 3, 10, 3, 10, 3, 10, 3, 30, 3, 10, 3]",13.834810916179338
"[30, 3, 12.97483642511228, 3, 10, 3, 30, 3, 30, 3, 10, 3, 10, 3, 10, 3, 30, 3, 24.23988843530946, 3, 10, 3, 10, 3, 10, 3, 30, 3, 10, 3]",16.127844054580905
"[30, 3, 13.292418411722869, 3, 10, 3, 30, 3, 30, 3, 10, 3, 10, 3, 10, 3, 30, 3, 30, 3, 10, 3, 10, 3, 10, 3, 30, 3, 10, 3]",17.028861598440553
"[30, 3, 10, 3, 10, 3, 30, 3, 30, 3, 10, 3, 10, 3, 10, 3, 30, 3, 19.22642599236365, 3, 10, 3, 10, 3, 10, 3, 30, 3, 10, 3]",17.515522417153957
"[30, 3, 14.13308723780344, 3, 10, 3, 30, 3, 30, 3, 10, 3, 10, 3, 10, 3, 30, 3, 25.90641717400088, 3, 10, 3, 10, 3, 10, 3, 30, 3, 10, 3]",15.147493177387926
"[30, 3, 10, 3, 10, 3, 30, 3, 30, 3, 10, 3, 10, 3, 10, 3, 30, 3, 23.828500448633328, 3, 10, 3, 10, 3, 10, 3, 30, 3, 10, 3]",17.243397660818715
"[30, 3, 12.478137335762622, 3, 10, 3, 30, 3, 30, 3, 10, 3, 10, 3, 10, 3, 30, 3, 24.098170311353826, 3, 10, 3, 10, 3, 10, 3, 30, 3, 10, 3]",16.35526120857706
"[30, 3, 17.035436318832332, 3, 10, 3, 30, 3, 30, 3, 10, 3, 10, 3, 10, 3, 30, 3, 30, 3, 10, 3, 10, 3, 10, 3, 30, 3, 10, 3]",15.40700974658873
"[30, 3, 11.789930095032135, 3, 10, 3, 30, 3, 30, 3, 10, 3, 10, 3, 10, 3, 30, 3, 25.11278898599965, 3, 10, 3, 10, 3, 10, 3, 30, 3, 10, 3]",15.917072124756311
"[30, 3, 15.559128938175618, 3, 10, 3, 30, 3, 30, 3, 10, 3, 10, 3, 10, 3, 30, 3, 23.27269240492297, 3, 10, 3, 10, 3, 10, 3, 30, 3, 10, 3]",17.477434697855767
"[30, 3, 11.74303787809246, 3, 10, 3, 30, 3, 30, 3, 10, 3, 10, 3, 10, 3, 30, 3, 30, 3, 10, 3, 10, 3, 10, 3, 30, 3, 10, 3]",17.080783625731005
"[30, 3, 10.923522551170409, 3, 10, 3, 30, 3, 30, 3, 10, 3, 10, 3, 10, 3, 30, 3, 30, 3, 10, 3, 10, 3, 10, 3, 30, 3, 10, 3]",16.771571150097476
"[30, 3, 12.063065799520043, 3, 10, 3, 30, 3, 30, 3, 10, 3, 10, 3, 10, 3, 30, 3, 28.4805655943959, 3, 10, 3, 10, 3, 10, 3, 30, 3, 10, 3]",14.413327485380144
"[30, 3, 12.599846366636847, 3, 10, 3, 30, 3, 30, 3, 10, 3, 10, 3, 10, 3, 30, 3, 30, 3, 10, 3, 10, 3, 10, 3, 30, 3, 10, 3]",15.400861598440573
"[30, 3, 14.783245655054163, 3, 10, 3, 30, 3, 30, 3, 10, 3, 10, 3, 10, 3, 30, 3, 22.9183648427444, 3, 10, 3, 10, 3, 10, 3, 30, 3, 10, 3]",16.418150097465904
