"[10, 3, 10, 3, 10, 3, 10, 3, 30, 3, 30, 3, 10, 3, 10, 3, 30, 3, 10, 3, 10, 3, 10, 3, 10, 3, 30, 3, 10, 3]",41.66892397660823
"[10, 3, 10, 3, 10, 3, 10, 3, 30, 3, 30, 3, 10, 3, 10, 3, 30, 3, 10, 3, 10, 3, 10, 3, 10, 3, 30, 3, 10, 3]",36.31636452241714
"[10, 3, 10, 3, 10, 3, 10, 3, 30, 3, 30, 3, 10, 3, 10, 3, 30, 3, 10, 3, 10, 3, 10, 3, 10, 3, 30, 3, 10, 3]",49.23539766081883
"[10, 3, 10, 3, 10, 3, 10, 3, 30, 3, 30, 3, 10, 3, 10, 3, 30, 3, 10, 3, 10, 3, 10, 3, 10, 3, 30, 3, 10, 3]",48.90202729044834
"[10, 3, 10, 3, 10, 3, 10, 3, 30, 3, 30, 3, 10, 3, 10, 3, 30, 3, 10, 3, 10, 3, 10, 3, 10, 3, 30, 3, 10, 3]",46.598777777777926
"[10, 3, 10, 3, 10, 3, 10, 3, 30, 3, 30, 3, 10, 3, 10, 3, 30, 3, 10, 3, 10, 3, 10, 3, 10, 3, 30, 3, 10, 3]",50.6321150097465
"[10, 3, 10, 3, 10, 3, 10, 3, 30, 3, 30, 3, 10, 3, 10, 3, 30, 3, 10, 3, 10, 3, 10, 3, 10, 3, 30, 3, 10, 3]",44.414865497076015
"[10, 3, 10, 3, 10, 3, 10, 3, 30, 3, 30, 3, 10, 3, 10, 3, 30, 3, 10, 3, 10, 3, 10, 3, 10, 3, 30, 3, 10, 3]",40.265849902534036
"[10, 3, 10, 3, 10, 3, 10, 3, 30, 3, 30, 3, 10, 3, 10, 3, 30, 3, 10, 3, 10, 3, 10, 3, 10, 3, 30, 3, 10, 3]",56.84350292397656
"[10, 3, 10, 3, 10, 3, 10, 3, 30, 3, 30, 3, 10, 3, 10, 3, 30, 3, 10, 3, 10, 3, 10, 3, 10, 3, 30, 3, 10, 3]",47.092274853801186
"[10, 3, 10, 3, 10, 3, 10, 3, 30, 3, 30, 3, 10, 3, 10, 3, 30, 3, 10, 3, 10, 3, 10, 3, 10, 3, 30, 3, 10, 3]",52.76545419103316
"[10, 3, 10, 3, 10, 3, 10, 3, 30, 3, 30, 3, 10, 3, 10, 3, 30, 3, 10, 3, 10, 3, 10, 3, 10, 3, 30, 3, 10, 3]",34.57506627680318
"[10, 3, 10, 3, 10, 3, 10, 3, 30, 3, 30, 3, 10, 3, 10, 3, 30, 3, 10, 3, 10, 3, 10, 3, 10, 3, 30, 3, 10, 3]",69.70388693957094
"[10, 3, 10, 3, 10, 3, 10, 3, 30, 3, 30, 3, 10, 3, 10, 3, 30, 3, 10, 3, 10, 3, 10, 3, 10, 3, 30, 3, 10, 3]",37.83630799220281
"[10, 3, 10, 3, 10, 3, 10, 3, 30, 3, 30, 3, 10, 3, 10, 3, 30, 3, 10, 3, 10, 3, 10, 3, 10, 3, 30, 3, 10, 3]",39.172637426900536
"[10, 3, 10, 3, 10, 3, 10, 3, 30, 3, 30, 3, 10, 3, 10, 3, 30, 3, 10, 3, 10, 3, 10, 3, 10, 3, 30, 3, 10, 3]",60.47318908382063
"[10, 3, 10, 3, 10, 3, 10, 3, 30, 3, 30, 3, 10, 3, 10, 3, 30, 3, 10, 3, 10, 3, 10, 3, 10, 3, 30, 3, 10, 3]",57.64888888888879
"[10, 3, 10, 3, 10, 3, 10, 3, 30, 3, 30, 3, 10, 3, 10, 3, 30, 3, 10, 3, 10, 3, 10, 3, 10, 3, 30, 3, 10, 3]",49.30540350877189
"[10, 3, 10, 3, 10, 3, 10, 3, 30, 3, 30, 3, 10, 3, 10, 3, 30, 3, 10, 3, 10, 3, 10, 3, 10, 3, 30, 3, 10, 3]",49.30803313840154
"[10, 3, 10, 3, 10, 3, 10, 3, 30, 3, 30, 3, 10, 3, 10, 3, 30, 3, 10, 3, 10, 3, 10, 3, 10, 3, 30, 3, 10, 3]",41.94523196881089
"[10, 3, 10, 3, 10, 3, 10, 3, 30, 3, 30, 3, 10, 3, 10, 3, 30, 3, 10, 3, 10, 3, 10, 3, 10, 3, 30, 3, 10, 3]",46.008621832358685
"[10, 3, 10, 3, 10, 3, 10, 3, 30, 3, 30, 3, 10, 3, 10, 3, 30, 3, 10, 3, 10, 3, 10, 3, 10, 3, 30, 3, 10, 3]",33.76020662768029
"[10, 3, 10, 3, 10, 3, 10, 3, 30, 3, 30, 3, 10, 3, 10, 3, 30, 3, 10, 3, 10, 3, 10, 3, 10, 3, 30, 3, 10, 3]",43.371284600389906
"[10, 3, 10, 3, 10, 3, 10, 3, 30, 3, 30, 3, 10, 3, 10, 3, 30, 3, 10, 3, 10, 3, 10, 3, 10, 3, 30, 3, 10, 3]",41.26699025341127
"[10, 3, 10, 3, 10, 3, 10, 3, 30, 3, 30, 3, 10, 3, 10, 3, 30, 3, 10, 3, 10, 3, 10, 3, 10, 3, 30, 3, 10, 3]",29.1236530214425
"[10, 3, 10, 3, 10, 3, 10, 3, 30, 3, 30, 3, 10, 3, 10, 3, 30, 3, 10, 3, 10, 3, 10, 3, 10, 3, 30, 3, 10, 3]",28.61230214424948
"[10, 3, 10, 3, 10, 3, 10, 3, 30, 3, 30, 3, 10, 3, 10, 3, 30, 3, 10, 3, 10, 3, 10, 3, 10, 3, 30, 3, 10, 3]",37.19202339181281
"[10, 3, 10, 3, 10, 3, 10, 3, 30, 3, 30, 3, 10, 3, 10, 3, 30, 3, 10, 3, 10, 3, 10, 3, 10, 3, 30, 3, 10, 3]",37.830594541910415
"[10, 3, 10, 3, 10, 3, 10, 3, 30, 3, 30, 3, 10, 3, 10, 3, 30, 3, 10, 3, 10, 3, 10, 3, 10, 3, 30, 3, 10, 3]",39.36691423001941
"[10, 3, 10, 3, 10, 3, 10, 3, 30, 3, 30, 3, 10, 3, 10, 3, 30, 3, 10, 3, 10, 3, 10, 3, 10, 3, 30, 3, 10, 3]",42.43018518518514
"[10, 3, 10, 3, 10, 3, 10, 3, 30, 3, 30, 3, 10, 3, 10, 3, 30, 3, 10, 3, 10, 3, 10, 3, 10, 3, 30, 3, 10, 3]",41.991189083820636
"[10, 3, 10, 3, 10, 3, 10, 3, 30, 3, 30, 3, 10, 3, 10, 3, 30, 3, 10, 3, 10, 3, 10, 3, 10, 3, 30, 3, 10, 3]",34.32774269005848
"[10, 3, 10, 3, 10, 3, 10, 3, 30, 3, 30, 3, 10, 3, 10, 3, 30, 3, 10, 3, 10, 3, 10, 3, 10, 3, 30, 3, 10, 3]",24.755690058479523
"[10, 3, 10, 3, 10, 3, 10, 3, 30, 3, 30, 3, 10, 3, 10, 3, 30, 3, 10, 3, 10, 3, 10, 3, 10, 3, 30, 3, 10, 3]",38.57480701754395
"[10, 3, 10, 3, 10, 3, 10, 3, 30, 3, 30, 3, 10, 3, 10, 3, 30, 3, 10, 3, 10, 3, 10, 3, 10, 3, 30, 3, 10, 3]",25.58819688109163
"[10, 3, 10, 3, 10, 3, 10, 3, 30, 3, 30, 3, 10, 3, 10, 3, 30, 3, 10, 3, 10, 3, 10, 3, 10, 3, 30, 3, 10, 3]",34.6228089668616
"[10, 3, 10, 3, 10, 3, 10, 3, 30, 3, 30, 3, 10, 3, 10, 3, 30, 3, 10, 3, 10, 3, 10, 3, 10, 3, 30, 3, 10, 3]",44.35021247563354
"[10, 3, 10, 3, 10, 3, 10, 3, 30, 3, 30, 3, 10, 3, 10, 3, 30, 3, 10, 3, 10, 3, 10, 3, 10, 3, 30, 3, 10, 3]",33.204968810916185
"[10, 3, 10, 3, 10, 3, 10, 3, 30, 3, 30, 3, 10, 3, 10, 3, 30, 3, 10, 3, 10, 3, 10, 3, 10, 3, 30, 3, 10, 3]",32.608267056530174
"[10, 3, 10, 3, 10, 3, 10, 3, 30, 3, 30, 3, 10, 3, 10, 3, 30, 3, 10, 3, 10, 3, 10, 3, 10, 3, 30, 3, 10, 3]",30.047261208576916
"[10, 3, 10, 3, 10, 3, 10, 3, 30, 3, 30, 3, 10, 3, 10, 3, 30, 3, 10, 3, 10, 3, 10, 3, 10, 3, 30, 3, 10, 3]",36.52048148148152
"[10, 3, 10, 3, 10, 3, 10, 3, 30, 3, 30, 3, 10, 3, 10, 3, 30, 3, 10, 3, 10, 3, 10, 3, 10, 3, 30, 3, 10, 3]",28.169424951267036
"[10, 3, 10, 3, 10, 3, 10, 3, 30, 3, 30, 3, 10, 3, 10, 3, 30, 3, 10, 3, 10, 3, 10, 3, 10, 3, 30, 3, 10, 3]",20.421547758284564
"[10, 3, 10, 3, 10, 3, 10, 3, 30, 3, 30, 3, 10, 3, 10, 3, 30, 3, 10, 3, 10, 3, 10, 3, 10, 3, 30, 3, 10, 3]",30.36241520467839
"[10, 3, 10, 3, 10, 3, 10, 3, 30, 3, 30, 3, 10, 3, 10, 3, 30, 3, 10, 3, 10, 3, 10, 3, 10, 3, 30, 3, 10, 3]",38.8091676413255
"[10, 3, 10, 3, 10, 3, 10, 3, 30, 3, 30, 3, 10, 3, 10, 3, 30, 3, 10, 3, 10, 3, 10, 3, 10, 3, 30, 3, 10, 3]",22.723066276803134
"[10, 3, 10, 3, 10, 3, 10, 3, 30, 3, 30, 3, 10, 3, 10, 3, 30, 3, 10, 3, 10, 3, 10, 3, 10, 3, 30, 3, 10, 3]",31.65611306042895
"[10, 3, 10, 3, 10, 3, 10, 3, 30, 3, 30, 3, 10, 3, 10, 3, 30, 3, 10, 3, 10, 3, 10, 3, 10, 3, 30, 3, 10, 3]",30.574144249512727
"[10, 3, 10, 3, 10, 3, 10, 3, 30, 3, 30, 3, 10, 3, 10, 3, 30, 3, 10, 3, 10, 3, 10, 3, 10, 3, 30, 3, 10, 3]",23.496454191033106
"[10, 3, 10, 3, 10, 3, 10, 3, 30, 3, 30, 3, 10, 3, 10, 3, 30, 3, 10, 3, 10, 3, 10, 3, 10, 3, 30, 3, 10, 3]",30.1161695906432
"[10, 3, 10, 3, 10, 3, 10, 3, 30, 3, 30, 3, 10, 3, 10, 3, 30, 3, 10, 3, 10, 3, 10, 3, 10, 3, 30, 3, 10, 3]",31.384844054580956
"[10, 3, 10, 3, 10, 3, 10, 3, 30, 3, 30, 3, 10, 3, 10, 3, 30, 3, 10, 3, 10, 3, 10, 3, 10, 3, 30, 3, 10, 3]",23.902033138401567
"[10, 3, 10, 3, 10, 3, 10, 3, 30, 3, 30, 3, 10, 3, 10, 3, 30, 3, 10, 3, 10, 3, 10, 3, 10, 3, 30, 3, 10, 3]",26.531218323586774
"[10, 3, 10, 3, 10, 3, 10, 3, 30, 3, 30, 3, 10, 3, 10, 3, 30, 3, 10, 3, 10, 3, 10, 3, 10, 3, 30, 3, 10, 3]",24.45770955165693
"[10, 3, 10, 3, 10, 3, 10, 3, 30, 3, 30, 3, 10, 3, 10, 3, 30, 3, 10, 3, 10, 3, 10, 3, 10, 3, 30, 3, 10, 3]",33.66571539961013
"[10, 3, 10, 3, 10, 3, 10, 3, 30, 3, 30, 3, 10, 3, 10, 3, 30, 3, 10, 3, 10, 3, 10, 3, 10, 3, 30, 3, 10, 3]",22.045627680311895
"[10, 3, 10, 3, 10, 3, 10, 3, 30, 3, 30, 3, 10, 3, 10, 3, 30, 3, 10, 3, 10, 3, 10, 3, 10, 3, 30, 3, 10, 3]",33.357450292397665
"[10, 3, 10, 3, 10, 3, 10, 3, 30, 3, 30, 3, 10, 3, 10, 3, 30, 3, 10, 3, 10, 3, 10, 3, 10, 3, 30, 3, 10, 3]",24.87258674463938
"[10, 3, 10, 3, 10, 3, 10, 3, 30, 3, 30, 3, 10, 3, 10, 3, 30, 3, 10, 3, 10, 3, 10, 3, 10, 3, 30, 3, 10, 3]",26.499672514619885
"[10, 3, 10, 3, 10, 3, 10, 3, 30, 3, 30, 3, 10, 3, 10, 3, 30, 3, 10, 3, 10, 3, 10, 3, 10, 3, 30, 3, 10, 3]",31.69889083820664
"[10, 3, 10, 3, 10, 3, 10, 3, 30, 3, 30, 3, 10, 3, 10, 3, 30, 3, 10, 3, 10, 3, 10, 3, 10, 3, 30, 3, 10, 3]",23.659883040935696
"[10, 3, 10, 3, 10, 3, 10, 3, 30, 3, 30, 3, 10, 3, 10, 3, 30, 3, 10, 3, 10, 3, 10, 3, 10, 3, 30, 3, 10, 3]",29.985541910331424
"[10, 3, 10, 3, 10, 3, 10, 3, 30, 3, 30, 3, 10, 3, 10, 3, 30, 3, 10, 3, 10, 3, 10, 3, 10, 3, 30, 3, 10, 3]",19.154504873294325
"[10, 3, 10, 3, 10, 3, 10, 3, 30, 3, 30, 3, 10, 3, 10, 3, 30, 3, 10, 3, 10, 3, 10, 3, 10, 3, 30, 3, 10, 3]",24.075442495126673
"[10, 3, 10, 3, 10, 3, 10, 3, 30, 3, 30, 3, 10, 3, 10, 3, 30, 3, 10, 3, 10, 3, 10, 3, 10, 3, 30, 3, 10, 3]",25.863623781676402
"[10, 3, 10, 3, 10, 3, 10, 3, 30, 3, 30, 3, 10, 3, 10, 3, 30, 3, 10, 3, 10, 3, 10, 3, 10, 3, 30, 3, 10, 3]",22.18207602339179
"[10, 3, 10, 3, 10, 3, 10, 3, 30, 3, 30, 3, 10, 3, 10, 3, 30, 3, 10, 3, 10, 3, 10, 3, 10, 3, 30, 3, 10, 3]",26.098672514619906
"[10, 3, 10, 3, 10, 3, 10, 3, 30, 3, 30, 3, 10, 3, 10, 3, 30, 3, 10, 3, 10, 3, 10, 3, 10, 3, 30, 3, 10, 3]",29.7863450292398
"[10, 3, 10, 3, 10, 3, 10, 3, 30, 3, 30, 3, 10, 3, 10, 3, 30, 3, 10, 3, 10, 3, 10, 3, 10, 3, 30, 3, 10, 3]",20.38493762183234
"[10, 3, 10, 3, 10, 3, 10, 3, 30, 3, 30, 3, 10, 3, 10, 3, 30, 3, 10, 3, 10, 3, 10, 3, 10, 3, 30, 3, 10, 3]",21.92003313840163
"[10, 3, 10, 3, 10, 3, 10, 3, 30, 3, 30, 3, 10, 3, 10, 3, 30, 3, 10, 3, 10, 3, 10, 3, 10, 3, 30, 3, 10, 3]",20.29616959064327
"[10, 3, 10, 3, 10, 3, 10, 3, 30, 3, 30, 3, 10, 3, 10, 3, 30, 3, 10, 3, 10, 3, 10, 3, 10, 3, 30, 3, 10, 3]",19.817961013645196
"[10, 3, 10, 3, 10, 3, 10, 3, 30, 3, 30, 3, 10, 3, 10, 3, 30, 3, 10, 3, 10, 3, 10, 3, 10, 3, 30, 3, 10, 3]",23.89216959064339
"[10, 3, 10, 3, 10, 3, 10, 3, 30, 3, 30, 3, 10, 3, 10, 3, 30, 3, 10, 3, 10, 3, 10, 3, 10, 3, 30, 3, 10, 3]",25.768627680311916
"[10, 3, 10, 3, 10, 3, 10, 3, 30, 3, 30, 3, 10, 3, 10, 3, 30, 3, 10, 3, 10, 3, 10, 3, 10, 3, 30, 3, 10, 3]",25.17682651072126
"[10, 3, 10, 3, 10, 3, 10, 3, 30, 3, 30, 3, 10, 3, 10, 3, 30, 3, 10, 3, 10, 3, 10, 3, 10, 3, 30, 3, 10, 3]",19.088580896686175
"[10, 3, 10, 3, 10, 3, 10, 3, 30, 3, 30, 3, 10, 3, 10, 3, 30, 3, 10, 3, 10, 3, 10, 3, 10, 3, 30, 3, 10, 3]",27.09501949317733
"[10, 3, 10, 3, 10, 3, 10, 3, 30, 3, 30, 3, 10, 3, 10, 3, 30, 3, 10, 3, 10, 3, 10, 3, 10, 3, 30, 3, 10, 3]",25.50147758284604
"[10, 3, 10, 3, 10, 3, 10, 3, 30, 3, 30, 3, 10, 3, 10, 3, 30, 3, 10, 3, 10, 3, 10, 3, 10, 3, 30, 3, 10, 3]",20.92561793372324
"[10, 3, 10, 3, 10, 3, 10, 3, 30, 3, 30, 3, 10, 3, 10, 3, 30, 3, 10, 3, 10, 3, 10, 3, 10, 3, 30, 3, 10, 3]",21.11864132553606
"[10, 3, 10, 3, 10, 3, 10, 3, 30, 3, 30, 3, 10, 3, 10, 3, 30, 3, 10, 3, 10, 3, 10, 3, 10, 3, 30, 3, 10, 3]",28.87892982456148
"[10, 3, 10, 3, 10, 3, 10, 3, 30, 3, 30, 3, 10, 3, 10, 3, 30, 3, 10, 3, 10, 3, 10, 3, 10, 3, 30, 3, 10, 3]",27.826561403508784
"[10, 3, 10, 3, 10, 3, 10, 3, 30, 3, 30, 3, 10, 3, 10, 3, 30, 3, 10, 3, 10, 3, 10, 3, 10, 3, 30, 3, 10, 3]",15.453465886939565
"[10, 3, 10, 3, 10, 3, 10, 3, 30, 3, 30, 3, 10, 3, 10, 3, 30, 3, 10, 3, 10, 3, 10, 3, 10, 3, 30, 3, 10, 3]",18.975641325536074
"[10, 3, 10, 3, 10, 3, 10, 3, 30, 3, 30, 3, 10, 3, 10, 3, 30, 3, 10, 3, 10, 3, 10, 3, 10, 3, 30, 3, 10, 3]",38.221697855750506
"[10, 3, 10, 3, 10, 3, 10, 3, 30, 3, 30, 3, 10, 3, 10, 3, 30, 3, 10, 3, 10, 3, 10, 3, 10, 3, 30, 3, 10, 3]",23.80424366471733
"[10, 3, 10, 3, 10, 3, 10, 3, 30, 3, 30, 3, 10, 3, 10, 3, 30, 3, 10, 3, 10, 3, 10, 3, 10, 3, 30, 3, 10, 3]",18.637941520467823
"[10, 3, 10, 3, 10, 3, 10, 3, 30, 3, 30, 3, 10, 3, 10, 3, 30, 3, 10, 3, 10, 3, 10, 3, 10, 3, 30, 3, 10, 3]",21.455610136452247
"[10, 3, 10, 3, 10, 3, 10, 3, 30, 3, 30, 3, 10, 3, 10, 3, 30, 3, 10, 3, 10, 3, 10, 3, 10, 3, 30, 3, 10, 3]",20.20243664717354
"[10, 3, 10, 3, 10, 3, 10, 3, 30, 3, 30, 3, 10, 3, 10, 3, 30, 3, 10, 3, 10, 3, 10, 3, 10, 3, 30, 3, 10, 3]",21.205074074074048
"[10, 3, 10, 3, 10, 3, 10, 3, 30, 3, 30, 3, 10, 3, 10, 3, 30, 3, 10, 3, 10, 3, 10, 3, 10, 3, 30, 3, 10, 3]",17.721015594541957
"[10, 3, 10, 3, 10, 3, 10, 3, 30, 3, 30, 3, 10, 3, 10, 3, 30, 3, 10, 3, 10, 3, 10, 3, 10, 3, 30, 3, 10, 3]",21.432214424951255
"[10, 3, 10, 3, 10, 3, 10, 3, 30, 3, 30, 3, 10, 3, 10, 3, 30, 3, 10, 3, 10, 3, 10, 3, 10, 3, 30, 3, 10, 3]",17.240434697855726
"[10, 3, 10, 3, 10, 3, 10, 3, 30, 3, 30, 3, 10, 3, 10, 3, 30, 3, 10, 3, 10, 3, 10, 3, 10, 3, 30, 3, 10, 3]",18.15543079922029
"[10, 3, 10, 3, 10, 3, 10, 3, 30, 3, 30, 3, 10, 3, 10, 3, 30, 3, 10, 3, 10, 3, 10, 3, 10, 3, 30, 3, 10, 3]",26.961820662768048
"[10, 3, 10, 3, 10, 3, 10, 3, 30, 3, 30, 3, 10, 3, 10, 3, 30, 3, 10, 3, 10, 3, 10, 3, 10, 3, 30, 3, 10, 3]",21.81525341130605
"[10, 3, 10, 3, 10, 3, 10, 3, 30, 3, 30, 3, 10, 3, 10, 3, 30, 3, 10, 3, 10, 3, 10, 3, 10, 3, 30, 3, 10, 3]",28.76151267056534
"[10, 3, 10, 3, 10, 3, 10, 3, 30, 3, 30, 3, 10, 3, 10, 3, 30, 3, 10, 3, 10, 3, 10, 3, 10, 3, 30, 3, 10, 3]",25.405380116959044
"[10, 3, 10, 3, 10, 3, 10, 3, 30, 3, 30, 3, 10, 3, 10, 3, 30, 3, 10, 3, 10, 3, 10, 3, 10, 3, 30, 3, 10, 3]",20.494460038986418
"[10, 3, 10, 3, 10, 3, 10, 3, 30, 3, 30, 3, 10, 3, 10, 3, 30, 3, 10, 3, 10, 3, 10, 3, 10, 3, 30, 3, 10, 3]",18.463937621832347
"[10, 3, 10, 3, 10, 3, 10, 3, 30, 3, 30, 3, 10, 3, 10, 3, 30, 3, 10, 3, 10, 3, 10, 3, 10, 3, 30, 3, 10, 3]",17.071341130604264
"[10, 3, 10, 3, 10, 3, 10, 3, 30, 3, 30, 3, 10, 3, 10, 3, 30, 3, 10, 3, 10, 3, 10, 3, 10, 3, 30, 3, 10, 3]",18.007621832358705
"[10, 3, 10, 3, 10, 3, 10, 3, 30, 3, 30, 3, 10, 3, 10, 3, 30, 3, 10, 3, 10, 3, 10, 3, 10, 3, 30, 3, 10, 3]",18.262908382066282
"[10, 3, 10, 3, 10, 3, 10, 3, 30, 3, 30, 3, 10, 3, 10, 3, 30, 3, 10, 3, 10, 3, 10, 3, 10, 3, 30, 3, 10, 3]",17.218869395711472
"[10, 3, 10, 3, 10, 3, 10, 3, 30, 3, 30, 3, 10, 3, 10, 3, 30, 3, 10, 3, 10, 3, 10, 3, 10, 3, 30, 3, 10, 3]",24.213362573099428
"[10, 3, 10, 3, 10, 3, 10, 3, 30, 3, 30, 3, 10, 3, 10, 3, 30, 3, 10, 3, 10, 3, 10, 3, 10, 3, 30, 3, 10, 3]",14.834580896686138
"[10, 3, 10, 3, 10, 3, 10, 3, 30, 3, 30, 3, 10, 3, 10, 3, 30, 3, 10, 3, 10, 3, 10, 3, 10, 3, 30, 3, 10, 3]",20.17207212475632
"[10, 3, 10, 3, 10, 3, 10, 3, 30, 3, 30, 3, 10, 3, 10, 3, 30, 3, 10, 3, 10, 3, 10, 3, 10, 3, 30, 3, 10, 3]",16.548060428849897
"[10, 3, 10, 3, 10, 3, 10, 3, 30, 3, 30, 3, 10, 3, 10, 3, 30, 3, 10, 3, 10, 3, 10, 3, 10, 3, 30, 3, 10, 3]",18.38089473684213
"[10, 3, 10, 3, 10, 3, 10, 3, 30, 3, 30, 3, 10, 3, 10, 3, 30, 3, 10, 3, 10, 3, 10, 3, 10, 3, 30, 3, 10, 3]",20.711331384015615
"[10, 3, 10, 3, 10, 3, 10, 3, 30, 3, 30, 3, 10, 3, 10, 3, 30, 3, 10, 3, 10, 3, 10, 3, 10, 3, 30, 3, 10, 3]",13.865980506822634
"[10, 3, 10, 3, 10, 3, 10, 3, 30, 3, 30, 3, 10, 3, 10, 3, 30, 3, 10, 3, 10, 3, 10, 3, 10, 3, 30, 3, 10, 3]",18.146762183235865
"[10, 3, 10, 3, 10, 3, 10, 3, 30, 3, 30, 3, 10, 3, 10, 3, 30, 3, 10, 3, 10, 3, 10, 3, 10, 3, 30, 3, 10, 3]",18.99900779727094
"[10, 3, 10, 3, 10, 3, 10, 3, 30, 3, 30, 3, 10, 3, 10, 3, 30, 3, 10, 3, 10, 3, 10, 3, 10, 3, 30, 3, 10, 3]",14.159333333333343
"[10, 3, 10, 3, 10, 3, 10, 3, 30, 3, 30, 3, 10, 3, 10, 3, 30, 3, 10, 3, 10, 3, 10, 3, 10, 3, 30, 3, 10, 3]",18.604267056530233
"[10, 3, 10, 3, 10, 3, 10, 3, 30, 3, 30, 3, 10, 3, 10, 3, 30, 3, 10, 3, 10, 3, 10, 3, 10, 3, 30, 3, 10, 3]",19.799007797271003
"[10, 3, 10, 3, 10, 3, 10, 3, 30, 3, 30, 3, 10, 3, 10, 3, 30, 3, 10, 3, 10, 3, 10, 3, 10, 3, 30, 3, 10, 3]",21.949448343079947
"[10, 3, 10, 3, 10, 3, 10, 3, 30, 3, 30, 3, 10, 3, 10, 3, 30, 3, 10, 3, 10, 3, 10, 3, 10, 3, 30, 3, 10, 3]",14.779023391812881
"[10, 3, 10, 3, 10, 3, 10, 3, 30, 3, 30, 3, 10, 3, 10, 3, 30, 3, 10, 3, 10, 3, 10, 3, 10, 3, 30, 3, 10, 3]",16.120680311890823
"[10, 3, 10, 3, 10, 3, 10, 3, 30, 3, 30, 3, 10, 3, 10, 3, 30, 3, 10, 3, 10, 3, 10, 3, 10, 3, 30, 3, 10, 3]",16.85704873294345
"[10, 3, 10, 3, 10, 3, 10, 3, 30, 3, 30, 3, 10, 3, 10, 3, 30, 3, 10, 3, 10, 3, 10, 3, 10, 3, 30, 3, 10, 3]",16.265725146198807
"[10, 3, 10, 3, 10, 3, 10, 3, 30, 3, 30, 3, 10, 3, 10, 3, 30, 3, 10, 3, 10, 3, 10, 3, 10, 3, 30, 3, 10, 3]",14.95497855750486
"[10, 3, 10, 3, 10, 3, 10, 3, 30, 3, 30, 3, 10, 3, 10, 3, 30, 3, 10, 3, 10, 3, 10, 3, 10, 3, 30, 3, 10, 3]",16.45421832358675
"[10, 3, 10, 3, 10, 3, 10, 3, 30, 3, 30, 3, 10, 3, 10, 3, 30, 3, 10, 3, 10, 3, 10, 3, 10, 3, 30, 3, 10, 3]",14.901953216374297
"[10, 3, 10, 3, 10, 3, 10, 3, 30, 3, 30, 3, 10, 3, 10, 3, 30, 3, 10, 3, 10, 3, 10, 3, 10, 3, 30, 3, 10, 3]",26.652050682261176
"[10, 3, 10, 3, 10, 3, 10, 3, 30, 3, 30, 3, 10, 3, 10, 3, 30, 3, 10, 3, 10, 3, 10, 3, 10, 3, 30, 3, 10, 3]",14.654709551656927
"[10, 3, 10, 3, 10, 3, 10, 3, 30, 3, 30, 3, 10, 3, 10, 3, 30, 3, 10, 3, 10, 3, 10, 3, 10, 3, 30, 3, 10, 3]",14.52096686159845
"[10, 3, 10, 3, 10, 3, 10, 3, 30, 3, 30, 3, 10, 3, 10, 3, 30, 3, 10, 3, 10, 3, 10, 3, 10, 3, 30, 3, 10, 3]",17.00829434697857
"[10, 3, 10, 3, 10, 3, 10, 3, 30, 3, 30, 3, 10, 3, 10, 3, 30, 3, 10, 3, 10, 3, 10, 3, 10, 3, 30, 3, 10, 3]",15.608738791423015
"[10, 3, 10, 3, 10, 3, 10, 3, 30, 3, 30, 3, 10, 3, 10, 3, 30, 3, 10, 3, 10, 3, 10, 3, 10, 3, 30, 3, 10, 3]",18.06982456140349
"[10, 3, 10, 3, 10, 3, 10, 3, 30, 3, 30, 3, 10, 3, 10, 3, 30, 3, 10, 3, 10, 3, 10, 3, 10, 3, 30, 3, 10, 3]",16.325846003898633
"[10, 3, 10, 3, 10, 3, 10, 3, 30, 3, 30, 3, 10, 3, 10, 3, 30, 3, 10, 3, 10, 3, 10, 3, 10, 3, 30, 3, 10, 3]",16.393278752436636
"[10, 3, 10, 3, 10, 3, 10, 3, 30, 3, 30, 3, 10, 3, 10, 3, 30, 3, 10, 3, 10, 3, 10, 3, 10, 3, 30, 3, 10, 3]",15.818922027290437
"[10, 3, 10, 3, 10, 3, 10, 3, 30, 3, 30, 3, 10, 3, 10, 3, 30, 3, 10, 3, 10, 3, 10, 3, 10, 3, 30, 3, 10, 3]",15.15425536062375
"[10, 3, 10, 3, 10, 3, 10, 3, 30, 3, 30, 3, 10, 3, 10, 3, 30, 3, 10, 3, 10, 3, 10, 3, 10, 3, 30, 3, 10, 3]",16.97329434697855
"[10, 3, 10, 3, 10, 3, 10, 3, 30, 3, 30, 3, 10, 3, 10, 3, 30, 3, 10, 3, 10, 3, 10, 3, 10, 3, 30, 3, 10, 3]",14.802448343079925
"[10, 3, 10, 3, 10, 3, 10, 3, 30, 3, 30, 3, 10, 3, 10, 3, 30, 3, 10, 3, 10, 3, 10, 3, 10, 3, 30, 3, 10, 3]",17.011403508771934
"[10, 3, 10, 3, 10, 3, 10, 3, 30, 3, 30, 3, 10, 3, 10, 3, 30, 3, 10, 3, 10, 3, 10, 3, 10, 3, 30, 3, 10, 3]",16.280226120857723
"[10, 3, 10, 3, 10, 3, 10, 3, 30, 3, 30, 3, 10, 3, 10, 3, 30, 3, 10, 3, 10, 3, 10, 3, 10, 3, 30, 3, 10, 3]",15.395298245614049
"[10, 3, 10, 3, 10, 3, 10, 3, 30, 3, 30, 3, 10, 3, 10, 3, 30, 3, 10, 3, 10, 3, 10, 3, 10, 3, 30, 3, 10, 3]",14.743957115009739
"[10, 3, 10, 3, 10, 3, 10, 3, 30, 3, 30, 3, 10, 3, 10, 3, 30, 3, 10, 3, 10, 3, 10, 3, 10, 3, 30, 3, 10, 3]",14.745148148148123
"[10, 3, 10, 3, 10, 3, 10, 3, 30, 3, 30, 3, 10, 3, 10, 3, 30, 3, 10, 3, 10, 3, 10, 3, 10, 3, 30, 3, 10, 3]",15.700368421052657
"[10, 3, 10, 3, 10, 3, 10, 3, 30, 3, 30, 3, 10, 3, 10, 3, 30, 3, 10, 3, 10, 3, 10, 3, 10, 3, 30, 3, 10, 3]",15.33276218323586
"[10, 3, 10, 3, 10, 3, 10, 3, 30, 3, 30, 3, 10, 3, 10, 3, 30, 3, 10, 3, 10, 3, 10, 3, 10, 3, 30, 3, 10, 3]",15.879345029239792
"[10, 3, 10, 3, 10, 3, 10, 3, 30, 3, 30, 3, 10, 3, 10, 3, 30, 3, 10, 3, 10, 3, 10, 3, 10, 3, 30, 3, 10, 3]",17.215998050682256
"[10, 3, 10, 3, 10, 3, 10, 3, 30, 3, 30, 3, 10, 3, 10, 3, 30, 3, 10, 3, 10, 3, 10, 3, 10, 3, 30, 3, 10, 3]",18.42425536062381
"[10, 3, 10, 3, 10, 3, 10, 3, 30, 3, 30, 3, 10, 3, 10, 3, 30, 3, 10, 3, 10, 3, 10, 3, 10, 3, 30, 3, 10, 3]",16.706263157894735
"[10, 3, 10, 3, 10, 3, 10, 3, 30, 3, 30, 3, 10, 3, 10, 3, 30, 3, 10, 3, 10, 3, 10, 3, 10, 3, 30, 3, 10, 3]",15.922052631578984
"[10, 3, 10, 3, 10, 3, 10, 3, 30, 3, 30, 3, 10, 3, 10, 3, 30, 3, 10, 3, 10, 3, 10, 3, 10, 3, 30, 3, 10, 3]",18.39439571150101
"[10, 3, 10, 3, 10, 3, 10, 3, 30, 3, 30, 3, 10, 3, 10, 3, 30, 3, 10, 3, 10, 3, 10, 3, 10, 3, 30, 3, 10, 3]",17.92670370370369
"[10, 3, 10, 3, 10, 3, 10, 3, 30, 3, 30, 3, 10, 3, 10, 3, 30, 3, 10, 3, 10, 3, 10, 3, 10, 3, 30, 3, 10, 3]",16.8141754385965
"[10, 3, 10, 3, 10, 3, 10, 3, 30, 3, 30, 3, 10, 3, 10, 3, 30, 3, 10, 3, 10, 3, 10, 3, 10, 3, 30, 3, 10, 3]",17.5292300194932
"[10, 3, 10, 3, 10, 3, 10, 3, 30, 3, 30, 3, 10, 3, 10, 3, 30, 3, 10, 3, 10, 3, 10, 3, 10, 3, 30, 3, 10, 3]",15.624994152046769
"[10, 3, 10, 3, 10, 3, 10, 3, 30, 3, 30, 3, 10, 3, 10, 3, 30, 3, 10, 3, 10, 3, 10, 3, 10, 3, 30, 3, 10, 3]",14.272021442495163
"[10, 3, 10, 3, 10, 3, 10, 3, 30, 3, 30, 3, 10, 3, 10, 3, 30, 3, 10, 3, 10, 3, 10, 3, 10, 3, 30, 3, 10, 3]",16.528463937621854
"[10, 3, 10, 3, 10, 3, 10, 3, 30, 3, 30, 3, 10, 3, 10, 3, 30, 3, 10, 3, 10, 3, 10, 3, 10, 3, 30, 3, 10, 3]",15.3430662768031
"[10, 3, 10, 3, 10, 3, 10, 3, 30, 3, 30, 3, 10, 3, 10, 3, 30, 3, 10, 3, 10, 3, 10, 3, 10, 3, 30, 3, 10, 3]",14.561331384015574
"[10, 3, 10, 3, 10, 3, 10, 3, 30, 3, 30, 3, 10, 3, 10, 3, 30, 3, 10, 3, 10, 3, 10, 3, 10, 3, 30, 3, 10, 3]",14.143177387914212
"[10, 3, 10, 3, 10, 3, 10, 3, 30, 3, 30, 3, 10, 3, 10, 3, 30, 3, 10, 3, 10, 3, 10, 3, 10, 3, 30, 3, 10, 3]",14.039142300194953
"[10, 3, 10, 3, 10, 3, 10, 3, 30, 3, 30, 3, 10, 3, 10, 3, 30, 3, 10, 3, 10, 3, 10, 3, 10, 3, 30, 3, 10, 3]",14.307120857699811
"[10, 3, 10, 3, 10, 3, 10, 3, 30, 3, 30, 3, 10, 3, 10, 3, 30, 3, 10, 3, 10, 3, 10, 3, 10, 3, 30, 3, 10, 3]",13.894066276803143
"[10, 3, 10, 3, 10, 3, 10, 3, 30, 3, 30, 3, 10, 3, 10, 3, 30, 3, 10, 3, 10, 3, 10, 3, 10, 3, 30, 3, 10, 3]",15.469366471734853
"[10, 3, 10, 3, 10, 3, 10, 3, 30, 3, 30, 3, 10, 3, 10, 3, 30, 3, 10, 3, 10, 3, 10, 3, 10, 3, 30, 3, 10, 3]",14.67395906432752
"[10, 3, 10, 3, 10, 3, 10, 3, 30, 3, 30, 3, 10, 3, 10, 3, 30, 3, 10, 3, 10, 3, 10, 3, 10, 3, 30, 3, 10, 3]",15.277017543859651
"[10, 3, 10, 3, 10, 3, 10, 3, 30, 3, 30, 3, 10, 3, 10, 3, 30, 3, 10, 3, 10, 3, 10, 3, 10, 3, 30, 3, 10, 3]",16.753976608187095
"[10, 3, 10, 3, 10, 3, 10, 3, 30, 3, 30, 3, 10, 3, 10, 3, 30, 3, 10, 3, 10, 3, 10, 3, 10, 3, 30, 3, 10, 3]",20.449052631578887
"[10, 3, 10, 3, 10, 3, 10, 3, 30, 3, 30, 3, 10, 3, 10, 3, 30, 3, 10, 3, 10, 3, 10, 3, 10, 3, 30, 3, 10, 3]",14.873820662768042
"[10, 3, 10, 3, 10, 3, 10, 3, 30, 3, 30, 3, 10, 3, 10, 3, 30, 3, 10, 3, 10, 3, 10, 3, 10, 3, 30, 3, 10, 3]",15.375461988304075
"[10, 3, 10, 3, 10, 3, 10, 3, 30, 3, 30, 3, 10, 3, 10, 3, 30, 3, 10, 3, 10, 3, 10, 3, 10, 3, 30, 3, 10, 3]",19.615935672514624
"[10, 3, 10, 3, 10, 3, 10, 3, 30, 3, 30, 3, 10, 3, 10, 3, 30, 3, 10, 3, 10, 3, 10, 3, 10, 3, 30, 3, 10, 3]",17.34393372319689
"[10, 3, 10, 3, 10, 3, 10, 3, 30, 3, 30, 3, 10, 3, 10, 3, 30, 3, 10, 3, 10, 3, 10, 3, 10, 3, 30, 3, 10, 3]",14.024364522417146
"[10, 3, 10, 3, 10, 3, 10, 3, 30, 3, 30, 3, 10, 3, 10, 3, 30, 3, 10, 3, 10, 3, 10, 3, 10, 3, 30, 3, 10, 3]",19.060148148148162
"[10, 3, 10, 3, 10, 3, 10, 3, 30, 3, 30, 3, 10, 3, 10, 3, 30, 3, 10, 3, 10, 3, 10, 3, 10, 3, 30, 3, 10, 3]",15.950783625730994
"[10, 3, 10, 3, 10, 3, 10, 3, 30, 3, 30, 3, 10, 3, 10, 3, 30, 3, 10, 3, 10, 3, 10, 3, 10, 3, 30, 3, 10, 3]",15.284434697855724
"[10, 3, 10, 3, 10, 3, 10, 3, 30, 3, 30, 3, 10, 3, 10, 3, 30, 3, 10, 3, 10, 3, 10, 3, 10, 3, 30, 3, 10, 3]",16.336294346978583
"[10, 3, 10, 3, 10, 3, 10, 3, 30, 3, 30, 3, 10, 3, 10, 3, 30, 3, 10, 3, 10, 3, 10, 3, 10, 3, 30, 3, 10, 3]",15.049415204678352
"[10, 3, 10, 3, 10, 3, 10, 3, 30, 3, 30, 3, 10, 3, 10, 3, 30, 3, 10, 3, 10, 3, 10, 3, 10, 3, 30, 3, 10, 3]",17.367941520467852
"[10, 3, 10, 3, 10, 3, 10, 3, 30, 3, 30, 3, 10, 3, 10, 3, 30, 3, 10, 3, 10, 3, 10, 3, 10, 3, 30, 3, 10, 3]",16.422185185185228
"[10, 3, 10, 3, 10, 3, 10, 3, 30, 3, 30, 3, 10, 3, 10, 3, 30, 3, 10, 3, 10, 3, 10, 3, 10, 3, 30, 3, 10, 3]",15.686528265107253
"[10, 3, 10, 3, 10, 3, 10, 3, 30, 3, 30, 3, 10, 3, 10, 3, 30, 3, 10, 3, 10, 3, 10, 3, 10, 3, 30, 3, 10, 3]",16.425516569200756
"[10, 3, 10, 3, 10, 3, 10, 3, 30, 3, 30, 3, 10, 3, 10, 3, 30, 3, 10, 3, 10, 3, 10, 3, 10, 3, 30, 3, 10, 3]",17.5063937621832
"[10, 3, 10, 3, 10, 3, 10, 3, 30, 3, 30, 3, 10, 3, 10, 3, 30, 3, 10, 3, 10, 3, 10, 3, 10, 3, 30, 3, 10, 3]",16.790883040935693
"[10, 3, 10, 3, 10, 3, 10, 3, 30, 3, 30, 3, 10, 3, 10, 3, 30, 3, 10, 3, 10, 3, 10, 3, 10, 3, 30, 3, 10, 3]",16.792530214424957
"[10, 3, 10, 3, 10, 3, 10, 3, 30, 3, 30, 3, 10, 3, 10, 3, 30, 3, 10, 3, 10, 3, 10, 3, 10, 3, 30, 3, 10, 3]",16.134362573099413
"[10, 3, 10, 3, 10, 3, 10, 3, 30, 3, 30, 3, 10, 3, 10, 3, 30, 3, 10, 3, 10, 3, 10, 3, 10, 3, 30, 3, 10, 3]",15.196399610136464
"[10, 3, 10, 3, 10, 3, 10, 3, 30, 3, 30, 3, 10, 3, 10, 3, 30, 3, 10, 3, 10, 3, 10, 3, 10, 3, 30, 3, 10, 3]",17.26745224171538
"[10, 3, 10, 3, 10, 3, 10, 3, 30, 3, 30, 3, 10, 3, 10, 3, 30, 3, 10, 3, 10, 3, 10, 3, 10, 3, 30, 3, 10, 3]",16.52790058479535
"[10, 3, 10, 3, 10, 3, 10, 3, 30, 3, 30, 3, 10, 3, 10, 3, 30, 3, 10, 3, 10, 3, 10, 3, 10, 3, 30, 3, 10, 3]",13.657818713450302
"[10, 3, 10, 3, 10, 3, 10, 3, 30, 3, 30, 3, 10, 3, 10, 3, 30, 3, 10, 3, 10, 3, 10, 3, 10, 3, 30, 3, 10, 3]",18.345495126705604
"[10, 3, 10, 3, 10, 3, 10, 3, 30, 3, 30, 3, 10, 3, 10, 3, 30, 3, 10, 3, 10, 3, 10, 3, 10, 3, 30, 3, 10, 3]",16.485337231968792
"[10, 3, 10, 3, 10, 3, 10, 3, 30, 3, 30, 3, 10, 3, 10, 3, 30, 3, 10, 3, 10, 3, 10, 3, 10, 3, 30, 3, 10, 3]",17.067319688109123
"[10, 3, 10, 3, 10, 3, 10, 3, 30, 3, 30, 3, 10, 3, 10, 3, 30, 3, 10, 3, 10, 3, 10, 3, 10, 3, 30, 3, 10, 3]",15.978514619883047
"[10, 3, 10, 3, 10, 3, 10, 3, 30, 3, 30, 3, 10, 3, 10, 3, 30, 3, 10, 3, 10, 3, 10, 3, 10, 3, 30, 3, 10, 3]",16.463567251461967
"[10, 3, 10, 3, 10, 3, 10, 3, 30, 3, 30, 3, 10, 3, 10, 3, 30, 3, 10, 3, 10, 3, 10, 3, 10, 3, 30, 3, 10, 3]",17.009721247563363
"[10, 3, 10, 3, 10, 3, 10, 3, 30, 3, 30, 3, 10, 3, 10, 3, 30, 3, 10, 3, 10, 3, 10, 3, 10, 3, 30, 3, 10, 3]",16.93818323586744
"[10, 3, 10, 3, 10, 3, 10, 3, 30, 3, 30, 3, 10, 3, 10, 3, 30, 3, 10, 3, 10, 3, 10, 3, 10, 3, 30, 3, 10, 3]",17.63542300194929
"[10, 3, 10, 3, 10, 3, 10, 3, 30, 3, 30, 3, 10, 3, 10, 3, 30, 3, 10, 3, 10, 3, 10, 3, 10, 3, 30, 3, 10, 3]",16.829321637426876
"[10, 3, 10, 3, 10, 3, 10, 3, 30, 3, 30, 3, 10, 3, 10, 3, 30, 3, 10, 3, 10, 3, 10, 3, 10, 3, 30, 3, 10, 3]",15.41415204678362
"[10, 3, 10, 3, 10, 3, 10, 3, 30, 3, 30, 3, 10, 3, 10, 3, 30, 3, 10, 3, 10, 3, 10, 3, 10, 3, 30, 3, 10, 3]",16.61071345029238
"[10, 3, 10, 3, 10, 3, 10, 3, 30, 3, 30, 3, 10, 3, 10, 3, 30, 3, 10, 3, 10, 3, 10, 3, 10, 3, 30, 3, 10, 3]",17.438315789473645
"[10, 3, 10, 3, 10, 3, 10, 3, 30, 3, 30, 3, 10, 3, 10, 3, 30, 3, 10, 3, 10, 3, 10, 3, 10, 3, 30, 3, 10, 3]",16.57333333333329
"[10, 3, 10, 3, 10, 3, 10, 3, 30, 3, 30, 3, 10, 3, 10, 3, 30, 3, 10, 3, 10, 3, 10, 3, 10, 3, 30, 3, 10, 3]",19.13743664717343
"[10, 3, 10, 3, 10, 3, 10, 3, 30, 3, 30, 3, 10, 3, 10, 3, 30, 3, 10, 3, 10, 3, 10, 3, 10, 3, 30, 3, 10, 3]",15.444368421052667
"[10, 3, 10, 3, 10, 3, 10, 3, 30, 3, 30, 3, 10, 3, 10, 3, 30, 3, 10, 3, 10, 3, 10, 3, 10, 3, 30, 3, 10, 3]",13.87289083820663
"[10, 3, 10, 3, 10, 3, 10, 3, 30, 3, 30, 3, 10, 3, 10, 3, 30, 3, 10, 3, 10, 3, 10, 3, 10, 3, 30, 3, 10, 3]",16.03824366471731
"[10, 3, 10, 3, 10, 3, 10, 3, 30, 3, 30, 3, 10, 3, 10, 3, 30, 3, 10, 3, 10, 3, 10, 3, 10, 3, 30, 3, 10, 3]",15.32599415204674
"[10, 3, 10, 3, 10, 3, 10, 3, 30, 3, 30, 3, 10, 3, 10, 3, 30, 3, 10, 3, 10, 3, 10, 3, 10, 3, 30, 3, 10, 3]",15.89471539961017
"[10, 3, 10, 3, 10, 3, 10, 3, 30, 3, 30, 3, 10, 3, 10, 3, 30, 3, 10, 3, 10, 3, 10, 3, 10, 3, 30, 3, 10, 3]",13.74445614035091
"[10, 3, 10, 3, 10, 3, 10, 3, 30, 3, 30, 3, 10, 3, 10, 3, 30, 3, 10, 3, 10, 3, 10, 3, 10, 3, 30, 3, 10, 3]",15.512452241715428
"[10, 3, 10, 3, 10, 3, 10, 3, 30, 3, 30, 3, 10, 3, 10, 3, 30, 3, 10, 3, 10, 3, 10, 3, 10, 3, 30, 3, 10, 3]",14.479590643274891
"[10, 3, 10, 3, 10, 3, 10, 3, 30, 3, 30, 3, 10, 3, 10, 3, 30, 3, 10, 3, 10, 3, 10, 3, 10, 3, 30, 3, 10, 3]",15.079292397660826
"[10, 3, 10, 3, 10, 3, 10, 3, 30, 3, 30, 3, 10, 3, 10, 3, 30, 3, 10, 3, 10, 3, 10, 3, 10, 3, 30, 3, 10, 3]",14.585627680311848
"[10, 3, 10, 3, 10, 3, 10, 3, 30, 3, 30, 3, 10, 3, 10, 3, 30, 3, 10, 3, 10, 3, 10, 3, 10, 3, 30, 3, 10, 3]",16.607054580896634
"[10, 3, 10, 3, 10, 3, 10, 3, 30, 3, 30, 3, 10, 3, 10, 3, 30, 3, 10, 3, 10, 3, 10, 3, 10, 3, 30, 3, 10, 3]",16.46158479532163
"[10, 3, 10, 3, 10, 3, 10, 3, 30, 3, 30, 3, 10, 3, 10, 3, 30, 3, 10, 3, 10, 3, 10, 3, 10, 3, 30, 3, 10, 3]",16.42298050682259
"[10, 3, 10, 3, 10, 3, 10, 3, 30, 3, 30, 3, 10, 3, 10, 3, 30, 3, 10, 3, 10, 3, 10, 3, 10, 3, 30, 3, 10, 3]",15.827048732943478
"[10, 3, 10, 3, 10, 3, 10, 3, 30, 3, 30, 3, 10, 3, 10, 3, 30, 3, 10, 3, 10, 3, 10, 3, 10, 3, 30, 3, 10, 3]",15.528230019493217
"[10, 3, 10, 3, 10, 3, 10, 3, 30, 3, 30, 3, 10, 3, 10, 3, 30, 3, 10, 3, 10, 3, 10, 3, 10, 3, 30, 3, 10, 3]",15.52281091617935
"[10, 3, 10, 3, 10, 3, 10, 3, 30, 3, 30, 3, 10, 3, 10, 3, 30, 3, 10, 3, 10, 3, 10, 3, 10, 3, 30, 3, 10, 3]",15.267261208577013
"[10, 3, 10, 3, 10, 3, 10, 3, 30, 3, 30, 3, 10, 3, 10, 3, 30, 3, 10, 3, 10, 3, 10, 3, 10, 3, 30, 3, 10, 3]",14.945257309941512
"[10, 3, 10, 3, 10, 3, 10, 3, 30, 3, 30, 3, 10, 3, 10, 3, 30, 3, 10, 3, 10, 3, 10, 3, 10, 3, 30, 3, 10, 3]",15.469994152046748
"[10, 3, 10, 3, 10, 3, 10, 3, 30, 3, 30, 3, 10, 3, 10, 3, 30, 3, 10, 3, 10, 3, 10, 3, 10, 3, 30, 3, 10, 3]",14.91299415204677
"[10, 3, 10, 3, 10, 3, 10, 3, 30, 3, 30, 3, 10, 3, 10, 3, 30, 3, 10, 3, 10, 3, 10, 3, 10, 3, 30, 3, 10, 3]",14.632534113060432
"[10, 3, 10, 3, 10, 3, 10, 3, 30, 3, 30, 3, 10, 3, 10, 3, 30, 3, 10, 3, 10, 3, 10, 3, 10, 3, 30, 3, 10, 3]",14.972994152046809
"[10, 3, 10, 3, 10, 3, 10, 3, 30, 3, 30, 3, 10, 3, 10, 3, 30, 3, 10, 3, 10, 3, 10, 3, 10, 3, 30, 3, 10, 3]",14.430600389863557
"[10, 3, 10, 3, 10, 3, 10, 3, 30, 3, 30, 3, 10, 3, 10, 3, 30, 3, 10, 3, 10, 3, 10, 3, 10, 3, 30, 3, 10, 3]",13.861769980506821
"[10, 3, 10, 3, 10, 3, 10, 3, 30, 3, 30, 3, 10, 3, 10, 3, 30, 3, 10, 3, 10, 3, 10, 3, 10, 3, 30, 3, 10, 3]",15.784448343079974
"[10, 3, 10, 3, 10, 3, 10, 3, 30, 3, 30, 3, 10, 3, 10, 3, 30, 3, 10, 3, 10, 3, 10, 3, 10, 3, 30, 3, 10, 3]",16.734633528265096
"[10, 3, 10, 3, 10, 3, 10, 3, 30, 3, 30, 3, 10, 3, 10, 3, 30, 3, 10, 3, 10, 3, 10, 3, 10, 3, 30, 3, 10, 3]",14.978635477582868
"[10, 3, 10, 3, 10, 3, 10, 3, 30, 3, 30, 3, 10, 3, 10, 3, 30, 3, 10, 3, 10, 3, 10, 3, 10, 3, 30, 3, 10, 3]",14.847403508771905
"[10, 3, 10, 3, 10, 3, 10, 3, 30, 3, 30, 3, 10, 3, 10, 3, 30, 3, 10, 3, 10, 3, 10, 3, 10, 3, 30, 3, 10, 3]",14.740933723196877
"[10, 3, 10, 3, 10, 3, 10, 3, 30, 3, 30, 3, 10, 3, 10, 3, 30, 3, 10, 3, 10, 3, 10, 3, 10, 3, 30, 3, 10, 3]",14.492044834307976
"[10, 3, 10, 3, 10, 3, 10, 3, 30, 3, 30, 3, 10, 3, 10, 3, 30, 3, 10, 3, 10, 3, 10, 3, 10, 3, 30, 3, 10, 3]",16.058270955165668
"[10, 3, 10, 3, 10, 3, 10, 3, 30, 3, 30, 3, 10, 3, 10, 3, 30, 3, 10, 3, 10, 3, 10, 3, 10, 3, 30, 3, 10, 3]",15.891368421052643
"[10, 3, 10, 3, 10, 3, 10, 3, 30, 3, 30, 3, 10, 3, 10, 3, 30, 3, 10, 3, 10, 3, 10, 3, 10, 3, 30, 3, 10, 3]",15.623890838206659
"[10, 3, 10, 3, 10, 3, 10, 3, 30, 3, 30, 3, 10, 3, 10, 3, 30, 3, 10, 3, 10, 3, 10, 3, 10, 3, 30, 3, 10, 3]",14.858038986354783
"[10, 3, 10, 3, 10, 3, 10, 3, 30, 3, 30, 3, 10, 3, 10, 3, 30, 3, 10, 3, 10, 3, 10, 3, 10, 3, 30, 3, 10, 3]",15.819567251461987
"[10, 3, 10, 3, 10, 3, 10, 3, 30, 3, 30, 3, 10, 3, 10, 3, 30, 3, 10, 3, 10, 3, 10, 3, 10, 3, 30, 3, 10, 3]",15.747615984405474
"[10, 3, 10, 3, 10, 3, 10, 3, 30, 3, 30, 3, 10, 3, 10, 3, 30, 3, 10, 3, 10, 3, 10, 3, 10, 3, 30, 3, 10, 3]",15.461189083820644
"[10, 3, 10, 3, 10, 3, 10, 3, 30, 3, 30, 3, 10, 3, 10, 3, 30, 3, 10, 3, 10, 3, 10, 3, 10, 3, 30, 3, 10, 3]",14.822077972709524
"[10, 3, 10, 3, 10, 3, 10, 3, 30, 3, 30, 3, 10, 3, 10, 3, 30, 3, 10, 3, 10, 3, 10, 3, 10, 3, 30, 3, 10, 3]",13.492038986354741
"[10, 3, 10, 3, 10, 3, 10, 3, 30, 3, 30, 3, 10, 3, 10, 3, 30, 3, 10, 3, 10, 3, 10, 3, 10, 3, 30, 3, 10, 3]",15.571516569200778
"[10, 3, 10, 3, 10, 3, 10, 3, 30, 3, 30, 3, 10, 3, 10, 3, 30, 3, 10, 3, 10, 3, 10, 3, 10, 3, 30, 3, 10, 3]",13.032762183235883
"[10, 3, 10, 3, 10, 3, 10, 3, 30, 3, 30, 3, 10, 3, 10, 3, 30, 3, 10, 3, 10, 3, 10, 3, 10, 3, 30, 3, 10, 3]",14.730586744639357
"[10, 3, 10, 3, 10, 3, 10, 3, 30, 3, 30, 3, 10, 3, 10, 3, 30, 3, 10, 3, 10, 3, 10, 3, 10, 3, 30, 3, 10, 3]",13.705038986354745
"[10, 3, 10, 3, 10, 3, 10, 3, 30, 3, 30, 3, 10, 3, 10, 3, 30, 3, 10, 3, 10, 3, 10, 3, 10, 3, 30, 3, 10, 3]",14.911682261208563
"[10, 3, 10, 3, 10, 3, 10, 3, 30, 3, 30, 3, 10, 3, 10, 3, 30, 3, 10, 3, 10, 3, 10, 3, 10, 3, 30, 3, 10, 3]",15.113348927875215
"[10, 3, 10, 3, 10, 3, 10, 3, 30, 3, 30, 3, 10, 3, 10, 3, 30, 3, 10, 3, 10, 3, 10, 3, 10, 3, 30, 3, 10, 3]",14.625196881091643
"[10, 3, 10, 3, 10, 3, 10, 3, 30, 3, 30, 3, 10, 3, 10, 3, 30, 3, 10, 3, 10, 3, 10, 3, 10, 3, 30, 3, 10, 3]",15.561095516569218
"[10, 3, 10, 3, 10, 3, 10, 3, 30, 3, 30, 3, 10, 3, 10, 3, 30, 3, 10, 3, 10, 3, 10, 3, 10, 3, 30, 3, 10, 3]",15.199274853801153
"[10, 3, 10, 3, 10, 3, 10, 3, 30, 3, 30, 3, 10, 3, 10, 3, 30, 3, 10, 3, 10, 3, 10, 3, 10, 3, 30, 3, 10, 3]",14.58083820662769
"[10, 3, 10, 3, 10, 3, 10, 3, 30, 3, 30, 3, 10, 3, 10, 3, 30, 3, 10, 3, 10, 3, 10, 3, 10, 3, 30, 3, 10, 3]",15.530730994152048
"[10, 3, 10, 3, 10, 3, 10, 3, 30, 3, 30, 3, 10, 3, 10, 3, 30, 3, 10, 3, 10, 3, 10, 3, 10, 3, 30, 3, 10, 3]",14.105411306042887
"[10, 3, 10, 3, 10, 3, 10, 3, 30, 3, 30, 3, 10, 3, 10, 3, 30, 3, 10, 3, 10, 3, 10, 3, 10, 3, 30, 3, 10, 3]",14.357120857699774
"[10, 3, 10, 3, 10, 3, 10, 3, 30, 3, 30, 3, 10, 3, 10, 3, 30, 3, 10, 3, 10, 3, 10, 3, 10, 3, 30, 3, 10, 3]",15.987052631578905
"[10, 3, 10, 3, 10, 3, 10, 3, 30, 3, 30, 3, 10, 3, 10, 3, 30, 3, 10, 3, 10, 3, 10, 3, 10, 3, 30, 3, 10, 3]",13.416791423001941
"[10, 3, 10, 3, 10, 3, 10, 3, 30, 3, 30, 3, 10, 3, 10, 3, 30, 3, 10, 3, 10, 3, 10, 3, 10, 3, 30, 3, 10, 3]",16.272803118908442
"[10, 3, 10, 3, 10, 3, 10, 3, 30, 3, 30, 3, 10, 3, 10, 3, 30, 3, 10, 3, 10, 3, 10, 3, 10, 3, 30, 3, 10, 3]",15.694699805068279
"[10, 3, 10, 3, 10, 3, 10, 3, 30, 3, 30, 3, 10, 3, 10, 3, 30, 3, 10, 3, 10, 3, 10, 3, 10, 3, 30, 3, 10, 3]",14.853153996101357
"[10, 3, 10, 3, 10, 3, 10, 3, 30, 3, 30, 3, 10, 3, 10, 3, 30, 3, 10, 3, 10, 3, 10, 3, 10, 3, 30, 3, 10, 3]",14.932888888888847
"[10, 3, 10, 3, 10, 3, 10, 3, 30, 3, 30, 3, 10, 3, 10, 3, 30, 3, 10, 3, 10, 3, 10, 3, 10, 3, 30, 3, 10, 3]",16.03163157894736
"[10, 3, 10, 3, 10, 3, 10, 3, 30, 3, 30, 3, 10, 3, 10, 3, 30, 3, 10, 3, 10, 3, 10, 3, 10, 3, 30, 3, 10, 3]",15.340873294347011
"[10, 3, 10, 3, 10, 3, 10, 3, 30, 3, 30, 3, 10, 3, 10, 3, 30, 3, 10, 3, 10, 3, 10, 3, 10, 3, 30, 3, 10, 3]",16.49608771929822
"[10, 3, 10, 3, 10, 3, 10, 3, 30, 3, 30, 3, 10, 3, 10, 3, 30, 3, 10, 3, 10, 3, 10, 3, 10, 3, 30, 3, 10, 3]",15.400775828460032
"[10, 3, 10, 3, 10, 3, 10, 3, 30, 3, 30, 3, 10, 3, 10, 3, 30, 3, 10, 3, 10, 3, 10, 3, 10, 3, 30, 3, 10, 3]",14.282115009746608
"[10, 3, 10, 3, 10, 3, 10, 3, 30, 3, 30, 3, 10, 3, 10, 3, 30, 3, 10, 3, 10, 3, 10, 3, 10, 3, 30, 3, 10, 3]",14.535762183235887
"[10, 3, 10, 3, 10, 3, 10, 3, 30, 3, 30, 3, 10, 3, 10, 3, 30, 3, 10, 3, 10, 3, 10, 3, 10, 3, 30, 3, 10, 3]",16.01631773879142
"[10, 3, 10, 3, 10, 3, 10, 3, 30, 3, 30, 3, 10, 3, 10, 3, 30, 3, 10, 3, 10, 3, 10, 3, 10, 3, 30, 3, 10, 3]",14.135185185185174
"[10, 3, 10, 3, 10, 3, 10, 3, 30, 3, 30, 3, 10, 3, 10, 3, 30, 3, 10, 3, 10, 3, 10, 3, 10, 3, 30, 3, 10, 3]",13.386610136452274
"[10, 3, 10, 3, 10, 3, 10, 3, 30, 3, 30, 3, 10, 3, 10, 3, 30, 3, 10, 3, 10, 3, 10, 3, 10, 3, 30, 3, 10, 3]",15.15184210526318
"[10, 3, 10, 3, 10, 3, 10, 3, 30, 3, 30, 3, 10, 3, 10, 3, 30, 3, 10, 3, 10, 3, 10, 3, 10, 3, 30, 3, 10, 3]",15.594543859649107
"[10, 3, 10, 3, 10, 3, 10, 3, 30, 3, 30, 3, 10, 3, 10, 3, 30, 3, 10, 3, 10, 3, 10, 3, 10, 3, 30, 3, 10, 3]",15.921575048732942
"[10, 3, 10, 3, 10, 3, 10, 3, 30, 3, 30, 3, 10, 3, 10, 3, 30, 3, 10, 3, 10, 3, 10, 3, 10, 3, 30, 3, 10, 3]",14.59720077972707
"[10, 3, 10, 3, 10, 3, 10, 3, 30, 3, 30, 3, 10, 3, 10, 3, 30, 3, 10, 3, 10, 3, 10, 3, 10, 3, 30, 3, 10, 3]",14.794528265107223
"[10, 3, 10, 3, 10, 3, 10, 3, 30, 3, 30, 3, 10, 3, 10, 3, 30, 3, 10, 3, 10, 3, 10, 3, 10, 3, 30, 3, 10, 3]",14.438015594541906
"[10, 3, 10, 3, 10, 3, 10, 3, 30, 3, 30, 3, 10, 3, 10, 3, 30, 3, 10, 3, 10, 3, 10, 3, 10, 3, 30, 3, 10, 3]",13.763522417153993
"[10, 3, 10, 3, 10, 3, 10, 3, 30, 3, 30, 3, 10, 3, 10, 3, 30, 3, 10, 3, 10, 3, 10, 3, 10, 3, 30, 3, 10, 3]",16.491208576998016
"[10, 3, 10, 3, 10, 3, 10, 3, 30, 3, 30, 3, 10, 3, 10, 3, 30, 3, 10, 3, 10, 3, 10, 3, 10, 3, 30, 3, 10, 3]",14.219153996101358
"[10, 3, 10, 3, 10, 3, 10, 3, 30, 3, 30, 3, 10, 3, 10, 3, 30, 3, 10, 3, 10, 3, 10, 3, 10, 3, 30, 3, 10, 3]",14.95236842105264
"[10, 3, 10, 3, 10, 3, 10, 3, 30, 3, 30, 3, 10, 3, 10, 3, 30, 3, 10, 3, 10, 3, 10, 3, 10, 3, 30, 3, 10, 3]",15.258220272904516
"[10, 3, 10, 3, 10, 3, 10, 3, 30, 3, 30, 3, 10, 3, 10, 3, 30, 3, 10, 3, 10, 3, 10, 3, 10, 3, 30, 3, 10, 3]",16.444896686159854
"[10, 3, 10, 3, 10, 3, 10, 3, 30, 3, 30, 3, 10, 3, 10, 3, 30, 3, 10, 3, 10, 3, 10, 3, 10, 3, 30, 3, 10, 3]",15.095370370370384
"[10, 3, 10, 3, 10, 3, 10, 3, 30, 3, 30, 3, 10, 3, 10, 3, 30, 3, 10, 3, 10, 3, 10, 3, 10, 3, 30, 3, 10, 3]",14.921196881091635
"[10, 3, 10, 3, 10, 3, 10, 3, 30, 3, 30, 3, 10, 3, 10, 3, 30, 3, 10, 3, 10, 3, 10, 3, 10, 3, 30, 3, 10, 3]",16.475228070175437
"[10, 3, 10, 3, 10, 3, 10, 3, 30, 3, 30, 3, 10, 3, 10, 3, 30, 3, 10, 3, 10, 3, 10, 3, 10, 3, 30, 3, 10, 3]",13.735282651072136
"[10, 3, 10, 3, 10, 3, 10, 3, 30, 3, 30, 3, 10, 3, 10, 3, 30, 3, 10, 3, 10, 3, 10, 3, 10, 3, 30, 3, 10, 3]",15.519469785575074
"[10, 3, 10, 3, 10, 3, 10, 3, 30, 3, 30, 3, 10, 3, 10, 3, 30, 3, 10, 3, 10, 3, 10, 3, 10, 3, 30, 3, 10, 3]",14.609849902534092
"[10, 3, 10, 3, 10, 3, 10, 3, 30, 3, 30, 3, 10, 3, 10, 3, 30, 3, 10, 3, 10, 3, 10, 3, 10, 3, 30, 3, 10, 3]",13.761530214425003
"[10, 3, 10, 3, 10, 3, 10, 3, 30, 3, 30, 3, 10, 3, 10, 3, 30, 3, 10, 3, 10, 3, 10, 3, 10, 3, 30, 3, 10, 3]",14.416074074074084
"[10, 3, 10, 3, 10, 3, 10, 3, 30, 3, 30, 3, 10, 3, 10, 3, 30, 3, 10, 3, 10, 3, 10, 3, 10, 3, 30, 3, 10, 3]",14.769986354775856
"[10, 3, 10, 3, 10, 3, 10, 3, 30, 3, 30, 3, 10, 3, 10, 3, 30, 3, 10, 3, 10, 3, 10, 3, 10, 3, 30, 3, 10, 3]",14.86675438596487
"[10, 3, 10, 3, 10, 3, 10, 3, 30, 3, 30, 3, 10, 3, 10, 3, 30, 3, 10, 3, 10, 3, 10, 3, 10, 3, 30, 3, 10, 3]",14.491746588693966
"[10, 3, 10, 3, 10, 3, 10, 3, 30, 3, 30, 3, 10, 3, 10, 3, 30, 3, 10, 3, 10, 3, 10, 3, 10, 3, 30, 3, 10, 3]",14.4841637426901
"[10, 3, 10, 3, 10, 3, 10, 3, 30, 3, 30, 3, 10, 3, 10, 3, 30, 3, 10, 3, 10, 3, 10, 3, 10, 3, 30, 3, 10, 3]",15.09288304093568
"[10, 3, 10, 3, 10, 3, 10, 3, 30, 3, 30, 3, 10, 3, 10, 3, 30, 3, 10, 3, 10, 3, 10, 3, 10, 3, 30, 3, 10, 3]",16.201545808966873
"[10, 3, 10, 3, 10, 3, 10, 3, 30, 3, 30, 3, 10, 3, 10, 3, 30, 3, 10, 3, 10, 3, 10, 3, 10, 3, 30, 3, 10, 3]",14.426235867446401
"[10, 3, 10, 3, 10, 3, 10, 3, 30, 3, 30, 3, 10, 3, 10, 3, 30, 3, 10, 3, 10, 3, 10, 3, 10, 3, 30, 3, 10, 3]",15.882038986354793
"[10, 3, 10, 3, 10, 3, 10, 3, 30, 3, 30, 3, 10, 3, 10, 3, 30, 3, 10, 3, 10, 3, 10, 3, 10, 3, 30, 3, 10, 3]",15.029333333333296
"[10, 3, 10, 3, 10, 3, 10, 3, 30, 3, 30, 3, 10, 3, 10, 3, 30, 3, 10, 3, 10, 3, 10, 3, 10, 3, 30, 3, 10, 3]",12.709054580896703
"[10, 3, 10, 3, 10, 3, 10, 3, 30, 3, 30, 3, 10, 3, 10, 3, 30, 3, 10, 3, 10, 3, 10, 3, 10, 3, 30, 3, 10, 3]",15.142124756335253
"[10, 3, 10, 3, 10, 3, 10, 3, 30, 3, 30, 3, 10, 3, 10, 3, 30, 3, 10, 3, 10, 3, 10, 3, 10, 3, 30, 3, 10, 3]",14.872064327485331
"[10, 3, 10, 3, 10, 3, 10, 3, 30, 3, 30, 3, 10, 3, 10, 3, 30, 3, 10, 3, 10, 3, 10, 3, 10, 3, 30, 3, 10, 3]",14.009191033138414
"[10, 3, 10, 3, 10, 3, 10, 3, 30, 3, 30, 3, 10, 3, 10, 3, 30, 3, 10, 3, 10, 3, 10, 3, 10, 3, 30, 3, 10, 3]",14.618732943469773
"[10, 3, 10, 3, 10, 3, 10, 3, 30, 3, 30, 3, 10, 3, 10, 3, 30, 3, 10, 3, 10, 3, 10, 3, 10, 3, 30, 3, 10, 3]",14.05679922027291
"[10, 3, 10, 3, 10, 3, 10, 3, 30, 3, 30, 3, 10, 3, 10, 3, 30, 3, 10, 3, 10, 3, 10, 3, 10, 3, 30, 3, 10, 3]",14.270415204678388
"[10, 3, 10, 3, 10, 3, 10, 3, 30, 3, 30, 3, 10, 3, 10, 3, 30, 3, 10, 3, 10, 3, 10, 3, 10, 3, 30, 3, 10, 3]",14.322426900584766
"[10, 3, 10, 3, 10, 3, 10, 3, 30, 3, 30, 3, 10, 3, 10, 3, 30, 3, 10, 3, 10, 3, 10, 3, 10, 3, 30, 3, 10, 3]",16.082421052631588
"[10, 3, 10, 3, 10, 3, 10, 3, 30, 3, 30, 3, 10, 3, 10, 3, 30, 3, 10, 3, 10, 3, 10, 3, 10, 3, 30, 3, 10, 3]",12.81588693957118
"[10, 3, 10, 3, 10, 3, 10, 3, 30, 3, 30, 3, 10, 3, 10, 3, 30, 3, 10, 3, 10, 3, 10, 3, 10, 3, 30, 3, 10, 3]",14.50001364522419
"[10, 3, 10, 3, 10, 3, 10, 3, 30, 3, 30, 3, 10, 3, 10, 3, 30, 3, 10, 3, 10, 3, 10, 3, 10, 3, 30, 3, 10, 3]",14.613245614035108
"[10, 3, 10, 3, 10, 3, 10, 3, 30, 3, 30, 3, 10, 3, 10, 3, 30, 3, 10, 3, 10, 3, 10, 3, 10, 3, 30, 3, 10, 3]",14.502927875243659
"[10, 3, 10, 3, 10, 3, 10, 3, 30, 3, 30, 3, 10, 3, 10, 3, 30, 3, 10, 3, 10, 3, 10, 3, 10, 3, 30, 3, 10, 3]",14.034200779727072
"[10, 3, 10, 3, 10, 3, 10, 3, 30, 3, 30, 3, 10, 3, 10, 3, 30, 3, 10, 3, 10, 3, 10, 3, 10, 3, 30, 3, 10, 3]",14.851384015594537
"[10, 3, 10, 3, 10, 3, 10, 3, 30, 3, 30, 3, 10, 3, 10, 3, 30, 3, 10, 3, 10, 3, 10, 3, 10, 3, 30, 3, 10, 3]",14.264886939571142
"[10, 3, 10, 3, 10, 3, 10, 3, 30, 3, 30, 3, 10, 3, 10, 3, 30, 3, 10, 3, 10, 3, 10, 3, 10, 3, 30, 3, 10, 3]",15.070132553606228
"[10, 3, 10, 3, 10, 3, 10, 3, 30, 3, 30, 3, 10, 3, 10, 3, 30, 3, 10, 3, 10, 3, 10, 3, 10, 3, 30, 3, 10, 3]",15.207035087719277
"[10, 3, 10, 3, 10, 3, 10, 3, 30, 3, 30, 3, 10, 3, 10, 3, 30, 3, 10, 3, 10, 3, 10, 3, 10, 3, 30, 3, 10, 3]",15.74456140350878
"[10, 3, 10, 3, 10, 3, 10, 3, 30, 3, 30, 3, 10, 3, 10, 3, 30, 3, 10, 3, 10, 3, 10, 3, 10, 3, 30, 3, 10, 3]",13.701775828460029
"[10, 3, 10, 3, 10, 3, 10, 3, 30, 3, 30, 3, 10, 3, 10, 3, 30, 3, 10, 3, 10, 3, 10, 3, 10, 3, 30, 3, 10, 3]",14.206194931773846
"[10, 3, 10, 3, 10, 3, 10, 3, 30, 3, 30, 3, 10, 3, 10, 3, 30, 3, 10, 3, 10, 3, 10, 3, 10, 3, 30, 3, 10, 3]",14.965450292397646
"[10, 3, 10, 3, 10, 3, 10, 3, 30, 3, 30, 3, 10, 3, 10, 3, 30, 3, 10, 3, 10, 3, 10, 3, 10, 3, 30, 3, 10, 3]",13.843226120857713
"[10, 3, 10, 3, 10, 3, 10, 3, 30, 3, 30, 3, 10, 3, 10, 3, 30, 3, 10, 3, 10, 3, 10, 3, 10, 3, 30, 3, 10, 3]",14.658988304093562
"[10, 3, 10, 3, 10, 3, 10, 3, 30, 3, 30, 3, 10, 3, 10, 3, 30, 3, 10, 3, 10, 3, 10, 3, 10, 3, 30, 3, 10, 3]",15.8244658869396
"[10, 3, 10, 3, 10, 3, 10, 3, 30, 3, 30, 3, 10, 3, 10, 3, 30, 3, 10, 3, 10, 3, 10, 3, 10, 3, 30, 3, 10, 3]",15.241951267056514
"[10, 3, 10, 3, 10, 3, 10, 3, 30, 3, 30, 3, 10, 3, 10, 3, 30, 3, 10, 3, 10, 3, 10, 3, 10, 3, 30, 3, 10, 3]",14.026961013645206
"[10, 3, 10, 3, 10, 3, 10, 3, 30, 3, 30, 3, 10, 3, 10, 3, 30, 3, 10, 3, 10, 3, 10, 3, 10, 3, 30, 3, 10, 3]",14.9874931773879
"[10, 3, 10, 3, 10, 3, 10, 3, 30, 3, 30, 3, 10, 3, 10, 3, 30, 3, 10, 3, 10, 3, 10, 3, 10, 3, 30, 3, 10, 3]",14.646105263157912
"[10, 3, 10, 3, 10, 3, 10, 3, 30, 3, 30, 3, 10, 3, 10, 3, 30, 3, 10, 3, 10, 3, 10, 3, 10, 3, 30, 3, 10, 3]",14.560292397660847
"[10, 3, 10, 3, 10, 3, 10, 3, 30, 3, 30, 3, 10, 3, 10, 3, 30, 3, 10, 3, 10, 3, 10, 3, 10, 3, 30, 3, 10, 3]",16.108649122807023
"[10, 3, 10, 3, 10, 3, 10, 3, 30, 3, 30, 3, 10, 3, 10, 3, 30, 3, 10, 3, 10, 3, 10, 3, 10, 3, 30, 3, 10, 3]",16.306384015594574
"[10, 3, 10, 3, 10, 3, 10, 3, 30, 3, 30, 3, 10, 3, 10, 3, 30, 3, 10, 3, 10, 3, 10, 3, 10, 3, 30, 3, 10, 3]",14.270220272904492
"[10, 3, 10, 3, 10, 3, 10, 3, 30, 3, 30, 3, 10, 3, 10, 3, 30, 3, 10, 3, 10, 3, 10, 3, 10, 3, 30, 3, 10, 3]",14.299358674463905
"[10, 3, 10, 3, 10, 3, 10, 3, 30, 3, 30, 3, 10, 3, 10, 3, 30, 3, 10, 3, 10, 3, 10, 3, 10, 3, 30, 3, 10, 3]",14.237998050682265
"[10, 3, 10, 3, 10, 3, 10, 3, 30, 3, 30, 3, 10, 3, 10, 3, 30, 3, 10, 3, 10, 3, 10, 3, 10, 3, 30, 3, 10, 3]",16.185052631578905
"[10, 3, 10, 3, 10, 3, 10, 3, 30, 3, 30, 3, 10, 3, 10, 3, 30, 3, 10, 3, 10, 3, 10, 3, 10, 3, 30, 3, 10, 3]",15.119083820662741
"[10, 3, 10, 3, 10, 3, 10, 3, 30, 3, 30, 3, 10, 3, 10, 3, 30, 3, 10, 3, 10, 3, 10, 3, 10, 3, 30, 3, 10, 3]",14.274614035087676
"[10, 3, 10, 3, 10, 3, 10, 3, 30, 3, 30, 3, 10, 3, 10, 3, 30, 3, 10, 3, 10, 3, 10, 3, 10, 3, 30, 3, 10, 3]",15.706249512670519
"[10, 3, 10, 3, 10, 3, 10, 3, 30, 3, 30, 3, 10, 3, 10, 3, 30, 3, 10, 3, 10, 3, 10, 3, 10, 3, 30, 3, 10, 3]",14.338608187134506
"[10, 3, 10, 3, 10, 3, 10, 3, 30, 3, 30, 3, 10, 3, 10, 3, 30, 3, 10, 3, 10, 3, 10, 3, 10, 3, 30, 3, 10, 3]",14.234050682261248
"[10, 3, 10, 3, 10, 3, 10, 3, 30, 3, 30, 3, 10, 3, 10, 3, 30, 3, 10, 3, 10, 3, 10, 3, 10, 3, 30, 3, 10, 3]",15.343097465886903
"[10, 3, 10, 3, 10, 3, 10, 3, 30, 3, 30, 3, 10, 3, 10, 3, 30, 3, 10, 3, 10, 3, 10, 3, 10, 3, 30, 3, 10, 3]",14.891128654970759
"[10, 3, 10, 3, 10, 3, 10, 3, 30, 3, 30, 3, 10, 3, 10, 3, 30, 3, 10, 3, 10, 3, 10, 3, 10, 3, 30, 3, 10, 3]",14.792407407407357
"[10, 3, 10, 3, 10, 3, 10, 3, 30, 3, 30, 3, 10, 3, 10, 3, 30, 3, 10, 3, 10, 3, 10, 3, 10, 3, 30, 3, 10, 3]",14.83984210526317
"[10, 3, 10, 3, 10, 3, 10, 3, 30, 3, 30, 3, 10, 3, 10, 3, 30, 3, 10, 3, 10, 3, 10, 3, 10, 3, 30, 3, 10, 3]",14.883389863547789
"[10, 3, 10, 3, 10, 3, 10, 3, 30, 3, 30, 3, 10, 3, 10, 3, 30, 3, 10, 3, 10, 3, 10, 3, 10, 3, 30, 3, 10, 3]",14.49639181286547
"[10, 3, 10, 3, 10, 3, 10, 3, 30, 3, 30, 3, 10, 3, 10, 3, 30, 3, 10, 3, 10, 3, 10, 3, 10, 3, 30, 3, 10, 3]",14.844807017543902
"[10, 3, 10, 3, 10, 3, 10, 3, 30, 3, 30, 3, 10, 3, 10, 3, 30, 3, 10, 3, 10, 3, 10, 3, 10, 3, 30, 3, 10, 3]",15.732469785575036
"[10, 3, 10, 3, 10, 3, 10, 3, 30, 3, 30, 3, 10, 3, 10, 3, 30, 3, 10, 3, 10, 3, 10, 3, 10, 3, 30, 3, 10, 3]",14.831218323586775
"[10, 3, 10, 3, 10, 3, 10, 3, 30, 3, 30, 3, 10, 3, 10, 3, 30, 3, 10, 3, 10, 3, 10, 3, 10, 3, 30, 3, 10, 3]",14.876346978557516
"[10, 3, 10, 3, 10, 3, 10, 3, 30, 3, 30, 3, 10, 3, 10, 3, 30, 3, 10, 3, 10, 3, 10, 3, 10, 3, 30, 3, 10, 3]",14.938939571150103
"[10, 3, 10, 3, 10, 3, 10, 3, 30, 3, 30, 3, 10, 3, 10, 3, 30, 3, 10, 3, 10, 3, 10, 3, 10, 3, 30, 3, 10, 3]",14.58499805068225
"[10, 3, 10, 3, 10, 3, 10, 3, 30, 3, 30, 3, 10, 3, 10, 3, 30, 3, 10, 3, 10, 3, 10, 3, 10, 3, 30, 3, 10, 3]",13.19943079922027
"[10, 3, 10, 3, 10, 3, 10, 3, 30, 3, 30, 3, 10, 3, 10, 3, 30, 3, 10, 3, 10, 3, 10, 3, 10, 3, 30, 3, 10, 3]",15.361270955165729
"[10, 3, 10, 3, 10, 3, 10, 3, 30, 3, 30, 3, 10, 3, 10, 3, 30, 3, 10, 3, 10, 3, 10, 3, 10, 3, 30, 3, 10, 3]",15.139003898635497
"[10, 3, 10, 3, 10, 3, 10, 3, 30, 3, 30, 3, 10, 3, 10, 3, 30, 3, 10, 3, 10, 3, 10, 3, 10, 3, 30, 3, 10, 3]",14.19069590643272
"[10, 3, 10, 3, 10, 3, 10, 3, 30, 3, 30, 3, 10, 3, 10, 3, 30, 3, 10, 3, 10, 3, 10, 3, 10, 3, 30, 3, 10, 3]",13.945775828460027
"[10, 3, 10, 3, 10, 3, 10, 3, 30, 3, 30, 3, 10, 3, 10, 3, 30, 3, 10, 3, 10, 3, 10, 3, 10, 3, 30, 3, 10, 3]",14.929808966861632
"[10, 3, 10, 3, 10, 3, 10, 3, 30, 3, 30, 3, 10, 3, 10, 3, 30, 3, 10, 3, 10, 3, 10, 3, 10, 3, 30, 3, 10, 3]",14.919803118908348
"[10, 3, 10, 3, 10, 3, 10, 3, 30, 3, 30, 3, 10, 3, 10, 3, 30, 3, 10, 3, 10, 3, 10, 3, 10, 3, 30, 3, 10, 3]",15.322760233918107
"[10, 3, 10, 3, 10, 3, 10, 3, 30, 3, 30, 3, 10, 3, 10, 3, 30, 3, 10, 3, 10, 3, 10, 3, 10, 3, 30, 3, 10, 3]",13.954651072124776
"[10, 3, 10, 3, 10, 3, 10, 3, 30, 3, 30, 3, 10, 3, 10, 3, 30, 3, 10, 3, 10, 3, 10, 3, 10, 3, 30, 3, 10, 3]",14.104146198830389
"[10, 3, 10, 3, 10, 3, 10, 3, 30, 3, 30, 3, 10, 3, 10, 3, 30, 3, 10, 3, 10, 3, 10, 3, 10, 3, 30, 3, 10, 3]",14.786621832358716
"[10, 3, 10, 3, 10, 3, 10, 3, 30, 3, 30, 3, 10, 3, 10, 3, 30, 3, 10, 3, 10, 3, 10, 3, 10, 3, 30, 3, 10, 3]",15.86981871345028
"[10, 3, 10, 3, 10, 3, 10, 3, 30, 3, 30, 3, 10, 3, 10, 3, 30, 3, 10, 3, 10, 3, 10, 3, 10, 3, 30, 3, 10, 3]",13.535576998050669
"[10, 3, 10, 3, 10, 3, 10, 3, 30, 3, 30, 3, 10, 3, 10, 3, 30, 3, 10, 3, 10, 3, 10, 3, 10, 3, 30, 3, 10, 3]",14.214676413255345
"[10, 3, 10, 3, 10, 3, 10, 3, 30, 3, 30, 3, 10, 3, 10, 3, 30, 3, 10, 3, 10, 3, 10, 3, 10, 3, 30, 3, 10, 3]",14.260231968810942
"[10, 3, 10, 3, 10, 3, 10, 3, 30, 3, 30, 3, 10, 3, 10, 3, 30, 3, 10, 3, 10, 3, 10, 3, 10, 3, 30, 3, 10, 3]",14.643372319688103
"[10, 3, 10, 3, 10, 3, 10, 3, 30, 3, 30, 3, 10, 3, 10, 3, 30, 3, 10, 3, 10, 3, 10, 3, 10, 3, 30, 3, 10, 3]",15.245797270955157
"[10, 3, 10, 3, 10, 3, 10, 3, 30, 3, 30, 3, 10, 3, 10, 3, 30, 3, 10, 3, 10, 3, 10, 3, 10, 3, 30, 3, 10, 3]",13.765816764132571
"[10, 3, 10, 3, 10, 3, 10, 3, 30, 3, 30, 3, 10, 3, 10, 3, 30, 3, 10, 3, 10, 3, 10, 3, 10, 3, 30, 3, 10, 3]",15.276331384015618
"[10, 3, 10, 3, 10, 3, 10, 3, 30, 3, 30, 3, 10, 3, 10, 3, 30, 3, 10, 3, 10, 3, 10, 3, 10, 3, 30, 3, 10, 3]",15.72862962962966
"[10, 3, 10, 3, 10, 3, 10, 3, 30, 3, 30, 3, 10, 3, 10, 3, 30, 3, 10, 3, 10, 3, 10, 3, 10, 3, 30, 3, 10, 3]",15.755914230019473
"[10, 3, 10, 3, 10, 3, 10, 3, 30, 3, 30, 3, 10, 3, 10, 3, 30, 3, 10, 3, 10, 3, 10, 3, 10, 3, 30, 3, 10, 3]",15.287257309941513
"[10, 3, 10, 3, 10, 3, 10, 3, 30, 3, 30, 3, 10, 3, 10, 3, 30, 3, 10, 3, 10, 3, 10, 3, 10, 3, 30, 3, 10, 3]",13.479196881091603
"[10, 3, 10, 3, 10, 3, 10, 3, 30, 3, 30, 3, 10, 3, 10, 3, 30, 3, 10, 3, 10, 3, 10, 3, 10, 3, 30, 3, 10, 3]",14.5079883040936
"[10, 3, 10, 3, 10, 3, 10, 3, 30, 3, 30, 3, 10, 3, 10, 3, 30, 3, 10, 3, 10, 3, 10, 3, 10, 3, 30, 3, 10, 3]",14.003984405458095
"[10, 3, 10, 3, 10, 3, 10, 3, 30, 3, 30, 3, 10, 3, 10, 3, 30, 3, 10, 3, 10, 3, 10, 3, 10, 3, 30, 3, 10, 3]",15.07948732943467
"[10, 3, 10, 3, 10, 3, 10, 3, 30, 3, 30, 3, 10, 3, 10, 3, 30, 3, 10, 3, 10, 3, 10, 3, 10, 3, 30, 3, 10, 3]",15.13084600389863
"[10, 3, 10, 3, 10, 3, 10, 3, 30, 3, 30, 3, 10, 3, 10, 3, 30, 3, 10, 3, 10, 3, 10, 3, 10, 3, 30, 3, 10, 3]",14.948348927875239
"[10, 3, 10, 3, 10, 3, 10, 3, 30, 3, 30, 3, 10, 3, 10, 3, 30, 3, 10, 3, 10, 3, 10, 3, 10, 3, 30, 3, 10, 3]",13.916594541910314
"[10, 3, 10, 3, 10, 3, 10, 3, 30, 3, 30, 3, 10, 3, 10, 3, 30, 3, 10, 3, 10, 3, 10, 3, 10, 3, 30, 3, 10, 3]",15.402231968810867
"[10, 3, 10, 3, 10, 3, 10, 3, 30, 3, 30, 3, 10, 3, 10, 3, 30, 3, 10, 3, 10, 3, 10, 3, 10, 3, 30, 3, 10, 3]",15.300245614035125
"[10, 3, 10, 3, 10, 3, 10, 3, 30, 3, 30, 3, 10, 3, 10, 3, 30, 3, 10, 3, 10, 3, 10, 3, 10, 3, 30, 3, 10, 3]",14.033452241715384
"[10, 3, 10, 3, 10, 3, 10, 3, 30, 3, 30, 3, 10, 3, 10, 3, 30, 3, 10, 3, 10, 3, 10, 3, 10, 3, 30, 3, 10, 3]",14.577988304093555
"[10, 3, 10, 3, 10, 3, 10, 3, 30, 3, 30, 3, 10, 3, 10, 3, 30, 3, 10, 3, 10, 3, 10, 3, 10, 3, 30, 3, 10, 3]",14.984448343079924
"[10, 3, 10, 3, 10, 3, 10, 3, 30, 3, 30, 3, 10, 3, 10, 3, 30, 3, 10, 3, 10, 3, 10, 3, 10, 3, 30, 3, 10, 3]",14.64761988304094
"[10, 3, 10, 3, 10, 3, 10, 3, 30, 3, 30, 3, 10, 3, 10, 3, 30, 3, 10, 3, 10, 3, 10, 3, 10, 3, 30, 3, 10, 3]",15.914017543859654
"[10, 3, 10, 3, 10, 3, 10, 3, 30, 3, 30, 3, 10, 3, 10, 3, 30, 3, 10, 3, 10, 3, 10, 3, 10, 3, 30, 3, 10, 3]",14.910325536062414
"[10, 3, 10, 3, 10, 3, 10, 3, 30, 3, 30, 3, 10, 3, 10, 3, 30, 3, 10, 3, 10, 3, 10, 3, 10, 3, 30, 3, 10, 3]",14.912286549707636
"[10, 3, 10, 3, 10, 3, 10, 3, 30, 3, 30, 3, 10, 3, 10, 3, 30, 3, 10, 3, 10, 3, 10, 3, 10, 3, 30, 3, 10, 3]",15.96164522417154
"[10, 3, 10, 3, 10, 3, 10, 3, 30, 3, 30, 3, 10, 3, 10, 3, 30, 3, 10, 3, 10, 3, 10, 3, 10, 3, 30, 3, 10, 3]",15.140159844054553
"[10, 3, 10, 3, 10, 3, 10, 3, 30, 3, 30, 3, 10, 3, 10, 3, 30, 3, 10, 3, 10, 3, 10, 3, 10, 3, 30, 3, 10, 3]",15.465440545808953
"[10, 3, 10, 3, 10, 3, 10, 3, 30, 3, 30, 3, 10, 3, 10, 3, 30, 3, 10, 3, 10, 3, 10, 3, 10, 3, 30, 3, 10, 3]",15.125249512670567
"[10, 3, 10, 3, 10, 3, 10, 3, 30, 3, 30, 3, 10, 3, 10, 3, 30, 3, 10, 3, 10, 3, 10, 3, 10, 3, 30, 3, 10, 3]",14.982458089668647
"[10, 3, 10, 3, 10, 3, 10, 3, 30, 3, 30, 3, 10, 3, 10, 3, 30, 3, 10, 3, 10, 3, 10, 3, 10, 3, 30, 3, 10, 3]",15.492744639376227
"[10, 3, 10, 3, 10, 3, 10, 3, 30, 3, 30, 3, 10, 3, 10, 3, 30, 3, 10, 3, 10, 3, 10, 3, 10, 3, 30, 3, 10, 3]",14.360625730994178
"[10, 3, 10, 3, 10, 3, 10, 3, 30, 3, 30, 3, 10, 3, 10, 3, 30, 3, 10, 3, 10, 3, 10, 3, 10, 3, 30, 3, 10, 3]",15.437851851851834
"[10, 3, 10, 3, 10, 3, 10, 3, 30, 3, 30, 3, 10, 3, 10, 3, 30, 3, 10, 3, 10, 3, 10, 3, 10, 3, 30, 3, 10, 3]",14.222378167641331
"[10, 3, 10, 3, 10, 3, 10, 3, 30, 3, 30, 3, 10, 3, 10, 3, 30, 3, 10, 3, 10, 3, 10, 3, 10, 3, 30, 3, 10, 3]",14.245754385964899
"[10, 3, 10, 3, 10, 3, 10, 3, 30, 3, 30, 3, 10, 3, 10, 3, 30, 3, 10, 3, 10, 3, 10, 3, 10, 3, 30, 3, 10, 3]",15.532684210526288
"[10, 3, 10, 3, 10, 3, 10, 3, 30, 3, 30, 3, 10, 3, 10, 3, 30, 3, 10, 3, 10, 3, 10, 3, 10, 3, 30, 3, 10, 3]",15.71690058479533
"[10, 3, 10, 3, 10, 3, 10, 3, 30, 3, 30, 3, 10, 3, 10, 3, 30, 3, 10, 3, 10, 3, 10, 3, 10, 3, 30, 3, 10, 3]",13.634345029239805
"[10, 3, 10, 3, 10, 3, 10, 3, 30, 3, 30, 3, 10, 3, 10, 3, 30, 3, 10, 3, 10, 3, 10, 3, 10, 3, 30, 3, 10, 3]",13.84807992202726
"[10, 3, 10, 3, 10, 3, 10, 3, 30, 3, 30, 3, 10, 3, 10, 3, 30, 3, 10, 3, 10, 3, 10, 3, 10, 3, 30, 3, 10, 3]",15.522368421052617
"[10, 3, 10, 3, 10, 3, 10, 3, 30, 3, 30, 3, 10, 3, 10, 3, 30, 3, 10, 3, 10, 3, 10, 3, 10, 3, 30, 3, 10, 3]",14.748945419103299
"[10, 3, 10, 3, 10, 3, 10, 3, 30, 3, 30, 3, 10, 3, 10, 3, 30, 3, 10, 3, 10, 3, 10, 3, 10, 3, 30, 3, 10, 3]",14.956571150097469
"[10, 3, 10, 3, 10, 3, 10, 3, 30, 3, 30, 3, 10, 3, 10, 3, 30, 3, 10, 3, 10, 3, 10, 3, 10, 3, 30, 3, 10, 3]",16.553656920077962
"[10, 3, 10, 3, 10, 3, 10, 3, 30, 3, 30, 3, 10, 3, 10, 3, 30, 3, 10, 3, 10, 3, 10, 3, 10, 3, 30, 3, 10, 3]",14.687760233918107
"[10, 3, 10, 3, 10, 3, 10, 3, 30, 3, 30, 3, 10, 3, 10, 3, 30, 3, 10, 3, 10, 3, 10, 3, 10, 3, 30, 3, 10, 3]",15.03527680311888
"[10, 3, 10, 3, 10, 3, 10, 3, 30, 3, 30, 3, 10, 3, 10, 3, 30, 3, 10, 3, 10, 3, 10, 3, 10, 3, 30, 3, 10, 3]",16.474846003898637
"[10, 3, 10, 3, 10, 3, 10, 3, 30, 3, 30, 3, 10, 3, 10, 3, 30, 3, 10, 3, 10, 3, 10, 3, 10, 3, 30, 3, 10, 3]",13.85364717348926
"[10, 3, 10, 3, 10, 3, 10, 3, 30, 3, 30, 3, 10, 3, 10, 3, 30, 3, 10, 3, 10, 3, 10, 3, 10, 3, 30, 3, 10, 3]",14.119941520467796
"[10, 3, 10, 3, 10, 3, 10, 3, 30, 3, 30, 3, 10, 3, 10, 3, 30, 3, 10, 3, 10, 3, 10, 3, 10, 3, 30, 3, 10, 3]",14.179729044834302
"[10, 3, 10, 3, 10, 3, 10, 3, 30, 3, 30, 3, 10, 3, 10, 3, 30, 3, 10, 3, 10, 3, 10, 3, 10, 3, 30, 3, 10, 3]",15.711787524366446
"[10, 3, 10, 3, 10, 3, 10, 3, 30, 3, 30, 3, 10, 3, 10, 3, 30, 3, 10, 3, 10, 3, 10, 3, 10, 3, 30, 3, 10, 3]",14.333452241715413
"[10, 3, 10, 3, 10, 3, 10, 3, 30, 3, 30, 3, 10, 3, 10, 3, 30, 3, 10, 3, 10, 3, 10, 3, 10, 3, 30, 3, 10, 3]",15.16172709551653
"[10, 3, 10, 3, 10, 3, 10, 3, 30, 3, 30, 3, 10, 3, 10, 3, 30, 3, 10, 3, 10, 3, 10, 3, 10, 3, 30, 3, 10, 3]",14.033348927875252
"[10, 3, 10, 3, 10, 3, 10, 3, 30, 3, 30, 3, 10, 3, 10, 3, 30, 3, 10, 3, 10, 3, 10, 3, 10, 3, 30, 3, 10, 3]",13.89801559454191
"[10, 3, 10, 3, 10, 3, 10, 3, 30, 3, 30, 3, 10, 3, 10, 3, 30, 3, 10, 3, 10, 3, 10, 3, 10, 3, 30, 3, 10, 3]",14.064079922027297
"[10, 3, 10, 3, 10, 3, 10, 3, 30, 3, 30, 3, 10, 3, 10, 3, 30, 3, 10, 3, 10, 3, 10, 3, 10, 3, 30, 3, 10, 3]",14.373883040935619
"[10, 3, 10, 3, 10, 3, 10, 3, 30, 3, 30, 3, 10, 3, 10, 3, 30, 3, 10, 3, 10, 3, 10, 3, 10, 3, 30, 3, 10, 3]",13.548771929824582
"[10, 3, 10, 3, 10, 3, 10, 3, 30, 3, 30, 3, 10, 3, 10, 3, 30, 3, 10, 3, 10, 3, 10, 3, 10, 3, 30, 3, 10, 3]",14.634945419103293
"[10, 3, 10, 3, 10, 3, 10, 3, 30, 3, 30, 3, 10, 3, 10, 3, 30, 3, 10, 3, 10, 3, 10, 3, 10, 3, 30, 3, 10, 3]",13.76419298245613
"[10, 3, 10, 3, 10, 3, 10, 3, 30, 3, 30, 3, 10, 3, 10, 3, 30, 3, 10, 3, 10, 3, 10, 3, 10, 3, 30, 3, 10, 3]",14.844146198830385
"[10, 3, 10, 3, 10, 3, 10, 3, 30, 3, 30, 3, 10, 3, 10, 3, 30, 3, 10, 3, 10, 3, 10, 3, 10, 3, 30, 3, 10, 3]",15.474970760233898
"[10, 3, 10, 3, 10, 3, 10, 3, 30, 3, 30, 3, 10, 3, 10, 3, 30, 3, 10, 3, 10, 3, 10, 3, 10, 3, 30, 3, 10, 3]",13.51041715399613
"[10, 3, 10, 3, 10, 3, 10, 3, 30, 3, 30, 3, 10, 3, 10, 3, 30, 3, 10, 3, 10, 3, 10, 3, 10, 3, 30, 3, 10, 3]",13.63499415204679
"[10, 3, 10, 3, 10, 3, 10, 3, 30, 3, 30, 3, 10, 3, 10, 3, 30, 3, 10, 3, 10, 3, 10, 3, 10, 3, 30, 3, 10, 3]",15.45034502923974
"[10, 3, 10, 3, 10, 3, 10, 3, 30, 3, 30, 3, 10, 3, 10, 3, 30, 3, 10, 3, 10, 3, 10, 3, 10, 3, 30, 3, 10, 3]",13.336851851851854
"[10, 3, 10, 3, 10, 3, 10, 3, 30, 3, 30, 3, 10, 3, 10, 3, 30, 3, 10, 3, 10, 3, 10, 3, 10, 3, 30, 3, 10, 3]",15.062888888888896
"[10, 3, 10, 3, 10, 3, 10, 3, 30, 3, 30, 3, 10, 3, 10, 3, 30, 3, 10, 3, 10, 3, 10, 3, 10, 3, 30, 3, 10, 3]",14.730697855750494
"[10, 3, 10, 3, 10, 3, 10, 3, 30, 3, 30, 3, 10, 3, 10, 3, 30, 3, 10, 3, 10, 3, 10, 3, 10, 3, 30, 3, 10, 3]",15.065376218323616
"[10, 3, 10, 3, 10, 3, 10, 3, 30, 3, 30, 3, 10, 3, 10, 3, 30, 3, 10, 3, 10, 3, 10, 3, 10, 3, 30, 3, 10, 3]",15.461358674463952
"[10, 3, 10, 3, 10, 3, 10, 3, 30, 3, 30, 3, 10, 3, 10, 3, 30, 3, 10, 3, 10, 3, 10, 3, 10, 3, 30, 3, 10, 3]",15.3918440545809
"[10, 3, 10, 3, 10, 3, 10, 3, 30, 3, 30, 3, 10, 3, 10, 3, 30, 3, 10, 3, 10, 3, 10, 3, 10, 3, 30, 3, 10, 3]",14.051888888888875
"[10, 3, 10, 3, 10, 3, 10, 3, 30, 3, 30, 3, 10, 3, 10, 3, 30, 3, 10, 3, 10, 3, 10, 3, 10, 3, 30, 3, 10, 3]",15.380822612085783
"[10, 3, 10, 3, 10, 3, 10, 3, 30, 3, 30, 3, 10, 3, 10, 3, 30, 3, 10, 3, 10, 3, 10, 3, 10, 3, 30, 3, 10, 3]",15.48123001949316
"[10, 3, 10, 3, 10, 3, 10, 3, 30, 3, 30, 3, 10, 3, 10, 3, 30, 3, 10, 3, 10, 3, 10, 3, 10, 3, 30, 3, 10, 3]",14.6541695906433
"[10, 3, 10, 3, 10, 3, 10, 3, 30, 3, 30, 3, 10, 3, 10, 3, 30, 3, 10, 3, 10, 3, 10, 3, 10, 3, 30, 3, 10, 3]",14.303645224171511
"[10, 3, 10, 3, 10, 3, 10, 3, 30, 3, 30, 3, 10, 3, 10, 3, 30, 3, 10, 3, 10, 3, 10, 3, 10, 3, 30, 3, 10, 3]",15.15795126705654
"[10, 3, 10, 3, 10, 3, 10, 3, 30, 3, 30, 3, 10, 3, 10, 3, 30, 3, 10, 3, 10, 3, 10, 3, 10, 3, 30, 3, 10, 3]",14.45357894736841
"[10, 3, 10, 3, 10, 3, 10, 3, 30, 3, 30, 3, 10, 3, 10, 3, 30, 3, 10, 3, 10, 3, 10, 3, 10, 3, 30, 3, 10, 3]",15.326489278752428
"[10, 3, 10, 3, 10, 3, 10, 3, 30, 3, 30, 3, 10, 3, 10, 3, 30, 3, 10, 3, 10, 3, 10, 3, 10, 3, 30, 3, 10, 3]",14.984118908382047
"[10, 3, 10, 3, 10, 3, 10, 3, 30, 3, 30, 3, 10, 3, 10, 3, 30, 3, 10, 3, 10, 3, 10, 3, 10, 3, 30, 3, 10, 3]",14.139692007797239
"[10, 3, 10, 3, 10, 3, 10, 3, 30, 3, 30, 3, 10, 3, 10, 3, 30, 3, 10, 3, 10, 3, 10, 3, 10, 3, 30, 3, 10, 3]",15.250672514619875
"[10, 3, 10, 3, 10, 3, 10, 3, 30, 3, 30, 3, 10, 3, 10, 3, 30, 3, 10, 3, 10, 3, 10, 3, 10, 3, 30, 3, 10, 3]",14.615756335282633
"[10, 3, 10, 3, 10, 3, 10, 3, 30, 3, 30, 3, 10, 3, 10, 3, 30, 3, 10, 3, 10, 3, 10, 3, 10, 3, 30, 3, 10, 3]",14.43025730994151
"[10, 3, 10, 3, 10, 3, 10, 3, 30, 3, 30, 3, 10, 3, 10, 3, 30, 3, 10, 3, 10, 3, 10, 3, 10, 3, 30, 3, 10, 3]",15.718736842105226
"[10, 3, 10, 3, 10, 3, 10, 3, 30, 3, 30, 3, 10, 3, 10, 3, 30, 3, 10, 3, 10, 3, 10, 3, 10, 3, 30, 3, 10, 3]",15.419062378167705
"[10, 3, 10, 3, 10, 3, 10, 3, 30, 3, 30, 3, 10, 3, 10, 3, 30, 3, 10, 3, 10, 3, 10, 3, 10, 3, 30, 3, 10, 3]",14.812118908382027
"[10, 3, 10, 3, 10, 3, 10, 3, 30, 3, 30, 3, 10, 3, 10, 3, 30, 3, 10, 3, 10, 3, 10, 3, 10, 3, 30, 3, 10, 3]",14.405321637426923
"[10, 3, 10, 3, 10, 3, 10, 3, 30, 3, 30, 3, 10, 3, 10, 3, 30, 3, 10, 3, 10, 3, 10, 3, 10, 3, 30, 3, 10, 3]",13.971107212475616
"[10, 3, 10, 3, 10, 3, 10, 3, 30, 3, 30, 3, 10, 3, 10, 3, 30, 3, 10, 3, 10, 3, 10, 3, 10, 3, 30, 3, 10, 3]",14.840738791423007
"[10, 3, 10, 3, 10, 3, 10, 3, 30, 3, 30, 3, 10, 3, 10, 3, 30, 3, 10, 3, 10, 3, 10, 3, 10, 3, 30, 3, 10, 3]",15.035750487329429
"[10, 3, 10, 3, 10, 3, 10, 3, 30, 3, 30, 3, 10, 3, 10, 3, 30, 3, 10, 3, 10, 3, 10, 3, 10, 3, 30, 3, 10, 3]",15.558699805068262
"[10, 3, 10, 3, 10, 3, 10, 3, 30, 3, 30, 3, 10, 3, 10, 3, 30, 3, 10, 3, 10, 3, 10, 3, 10, 3, 30, 3, 10, 3]",14.78471929824563
"[10, 3, 10, 3, 10, 3, 10, 3, 30, 3, 30, 3, 10, 3, 10, 3, 30, 3, 10, 3, 10, 3, 10, 3, 10, 3, 30, 3, 10, 3]",13.289740740740726
"[10, 3, 10, 3, 10, 3, 10, 3, 30, 3, 30, 3, 10, 3, 10, 3, 30, 3, 10, 3, 10, 3, 10, 3, 10, 3, 30, 3, 10, 3]",15.036656920077968
"[10, 3, 10, 3, 10, 3, 10, 3, 30, 3, 30, 3, 10, 3, 10, 3, 30, 3, 10, 3, 10, 3, 10, 3, 10, 3, 30, 3, 10, 3]",13.401908382066287
"[10, 3, 10, 3, 10, 3, 10, 3, 30, 3, 30, 3, 10, 3, 10, 3, 30, 3, 10, 3, 10, 3, 10, 3, 10, 3, 30, 3, 10, 3]",13.76873489278753
"[10, 3, 10, 3, 10, 3, 10, 3, 30, 3, 30, 3, 10, 3, 10, 3, 30, 3, 10, 3, 10, 3, 10, 3, 10, 3, 30, 3, 10, 3]",15.091134502923984
"[10, 3, 10, 3, 10, 3, 10, 3, 30, 3, 30, 3, 10, 3, 10, 3, 30, 3, 10, 3, 10, 3, 10, 3, 10, 3, 30, 3, 10, 3]",15.575356725146195
"[10, 3, 10, 3, 10, 3, 10, 3, 30, 3, 30, 3, 10, 3, 10, 3, 30, 3, 10, 3, 10, 3, 10, 3, 10, 3, 30, 3, 10, 3]",14.236768031189081
"[10, 3, 10, 3, 10, 3, 10, 3, 30, 3, 30, 3, 10, 3, 10, 3, 30, 3, 10, 3, 10, 3, 10, 3, 10, 3, 30, 3, 10, 3]",14.87023196881092
"[10, 3, 10, 3, 10, 3, 10, 3, 30, 3, 30, 3, 10, 3, 10, 3, 30, 3, 10, 3, 10, 3, 10, 3, 10, 3, 30, 3, 10, 3]",15.731927875243631
"[10, 3, 10, 3, 10, 3, 10, 3, 30, 3, 30, 3, 10, 3, 10, 3, 30, 3, 10, 3, 10, 3, 10, 3, 10, 3, 30, 3, 10, 3]",14.515161793372322
"[10, 3, 10, 3, 10, 3, 10, 3, 30, 3, 30, 3, 10, 3, 10, 3, 30, 3, 10, 3, 10, 3, 10, 3, 10, 3, 30, 3, 10, 3]",15.412155945419148
"[10, 3, 10, 3, 10, 3, 10, 3, 30, 3, 30, 3, 10, 3, 10, 3, 30, 3, 10, 3, 10, 3, 10, 3, 10, 3, 30, 3, 10, 3]",14.162555555555551
"[10, 3, 10, 3, 10, 3, 10, 3, 30, 3, 30, 3, 10, 3, 10, 3, 30, 3, 10, 3, 10, 3, 10, 3, 10, 3, 30, 3, 10, 3]",15.582046783625715
"[10, 3, 10, 3, 10, 3, 10, 3, 30, 3, 30, 3, 10, 3, 10, 3, 30, 3, 10, 3, 10, 3, 10, 3, 10, 3, 30, 3, 10, 3]",13.883261208576979
"[10, 3, 10, 3, 10, 3, 10, 3, 30, 3, 30, 3, 10, 3, 10, 3, 30, 3, 10, 3, 10, 3, 10, 3, 10, 3, 30, 3, 10, 3]",14.837629629629623
"[10, 3, 10, 3, 10, 3, 10, 3, 30, 3, 30, 3, 10, 3, 10, 3, 30, 3, 10, 3, 10, 3, 10, 3, 10, 3, 30, 3, 10, 3]",15.74384600389861
"[10, 3, 10, 3, 10, 3, 10, 3, 30, 3, 30, 3, 10, 3, 10, 3, 30, 3, 10, 3, 10, 3, 10, 3, 10, 3, 30, 3, 10, 3]",14.84939961013643
"[10, 3, 10, 3, 10, 3, 10, 3, 30, 3, 30, 3, 10, 3, 10, 3, 30, 3, 10, 3, 10, 3, 10, 3, 10, 3, 30, 3, 10, 3]",15.029475633528273
"[10, 3, 10, 3, 10, 3, 10, 3, 30, 3, 30, 3, 10, 3, 10, 3, 30, 3, 10, 3, 10, 3, 10, 3, 10, 3, 30, 3, 10, 3]",14.891945419103283
"[10, 3, 10, 3, 10, 3, 10, 3, 30, 3, 30, 3, 10, 3, 10, 3, 30, 3, 10, 3, 10, 3, 10, 3, 10, 3, 30, 3, 10, 3]",13.813824561403514
"[10, 3, 10, 3, 10, 3, 10, 3, 30, 3, 30, 3, 10, 3, 10, 3, 30, 3, 10, 3, 10, 3, 10, 3, 10, 3, 30, 3, 10, 3]",14.906187134502895
"[10, 3, 10, 3, 10, 3, 10, 3, 30, 3, 30, 3, 10, 3, 10, 3, 30, 3, 10, 3, 10, 3, 10, 3, 10, 3, 30, 3, 10, 3]",15.108818713450221
"[10, 3, 10, 3, 10, 3, 10, 3, 30, 3, 30, 3, 10, 3, 10, 3, 30, 3, 10, 3, 10, 3, 10, 3, 10, 3, 30, 3, 10, 3]",16.08841130604287
"[10, 3, 10, 3, 10, 3, 10, 3, 30, 3, 30, 3, 10, 3, 10, 3, 30, 3, 10, 3, 10, 3, 10, 3, 10, 3, 30, 3, 10, 3]",13.822631578947377
"[10, 3, 10, 3, 10, 3, 10, 3, 30, 3, 30, 3, 10, 3, 10, 3, 30, 3, 10, 3, 10, 3, 10, 3, 10, 3, 30, 3, 10, 3]",16.103999999999978
"[10, 3, 10, 3, 10, 3, 10, 3, 30, 3, 30, 3, 10, 3, 10, 3, 30, 3, 10, 3, 10, 3, 10, 3, 10, 3, 30, 3, 10, 3]",13.990693957115024
"[10, 3, 10, 3, 10, 3, 10, 3, 30, 3, 30, 3, 10, 3, 10, 3, 30, 3, 10, 3, 10, 3, 10, 3, 10, 3, 30, 3, 10, 3]",14.808892787524357
"[10, 3, 10, 3, 10, 3, 10, 3, 30, 3, 30, 3, 10, 3, 10, 3, 30, 3, 10, 3, 10, 3, 10, 3, 10, 3, 30, 3, 10, 3]",15.148489278752448
"[10, 3, 10, 3, 10, 3, 10, 3, 30, 3, 30, 3, 10, 3, 10, 3, 30, 3, 10, 3, 10, 3, 10, 3, 10, 3, 30, 3, 10, 3]",14.988333333333323
"[10, 3, 10, 3, 10, 3, 10, 3, 30, 3, 30, 3, 10, 3, 10, 3, 30, 3, 10, 3, 10, 3, 10, 3, 10, 3, 30, 3, 10, 3]",15.50045419103316
"[10, 3, 10, 3, 10, 3, 10, 3, 30, 3, 30, 3, 10, 3, 10, 3, 30, 3, 10, 3, 10, 3, 10, 3, 10, 3, 30, 3, 10, 3]",15.182846003898604
"[10, 3, 10, 3, 10, 3, 10, 3, 30, 3, 30, 3, 10, 3, 10, 3, 30, 3, 10, 3, 10, 3, 10, 3, 10, 3, 30, 3, 10, 3]",14.970541910331397
"[10, 3, 10, 3, 10, 3, 10, 3, 30, 3, 30, 3, 10, 3, 10, 3, 30, 3, 10, 3, 10, 3, 10, 3, 10, 3, 30, 3, 10, 3]",13.516929824561414
"[10, 3, 10, 3, 10, 3, 10, 3, 30, 3, 30, 3, 10, 3, 10, 3, 30, 3, 10, 3, 10, 3, 10, 3, 10, 3, 30, 3, 10, 3]",14.31973684210531
"[10, 3, 10, 3, 10, 3, 10, 3, 30, 3, 30, 3, 10, 3, 10, 3, 30, 3, 10, 3, 10, 3, 10, 3, 10, 3, 30, 3, 10, 3]",15.78184015594545
"[10, 3, 10, 3, 10, 3, 10, 3, 30, 3, 30, 3, 10, 3, 10, 3, 30, 3, 10, 3, 10, 3, 10, 3, 10, 3, 30, 3, 10, 3]",16.376894736842058
"[10, 3, 10, 3, 10, 3, 10, 3, 30, 3, 30, 3, 10, 3, 10, 3, 30, 3, 10, 3, 10, 3, 10, 3, 10, 3, 30, 3, 10, 3]",12.994892787524371
"[10, 3, 10, 3, 10, 3, 10, 3, 30, 3, 30, 3, 10, 3, 10, 3, 30, 3, 10, 3, 10, 3, 10, 3, 10, 3, 30, 3, 10, 3]",14.828766081871336
"[10, 3, 10, 3, 10, 3, 10, 3, 30, 3, 30, 3, 10, 3, 10, 3, 30, 3, 10, 3, 10, 3, 10, 3, 10, 3, 30, 3, 10, 3]",14.015161793372286
"[10, 3, 10, 3, 10, 3, 10, 3, 30, 3, 30, 3, 10, 3, 10, 3, 30, 3, 10, 3, 10, 3, 10, 3, 10, 3, 30, 3, 10, 3]",15.809497076023403
"[10, 3, 10, 3, 10, 3, 10, 3, 30, 3, 30, 3, 10, 3, 10, 3, 30, 3, 10, 3, 10, 3, 10, 3, 10, 3, 30, 3, 10, 3]",15.379013645224177
"[10, 3, 10, 3, 10, 3, 10, 3, 30, 3, 30, 3, 10, 3, 10, 3, 30, 3, 10, 3, 10, 3, 10, 3, 10, 3, 30, 3, 10, 3]",15.490007797270943
"[10, 3, 10, 3, 10, 3, 10, 3, 30, 3, 30, 3, 10, 3, 10, 3, 30, 3, 10, 3, 10, 3, 10, 3, 10, 3, 30, 3, 10, 3]",15.575311890838217
"[10, 3, 10, 3, 10, 3, 10, 3, 30, 3, 30, 3, 10, 3, 10, 3, 30, 3, 10, 3, 10, 3, 10, 3, 10, 3, 30, 3, 10, 3]",14.105826510721228
"[10, 3, 10, 3, 10, 3, 10, 3, 30, 3, 30, 3, 10, 3, 10, 3, 30, 3, 10, 3, 10, 3, 10, 3, 10, 3, 30, 3, 10, 3]",14.43114424951267
"[10, 3, 10, 3, 10, 3, 10, 3, 30, 3, 30, 3, 10, 3, 10, 3, 30, 3, 10, 3, 10, 3, 10, 3, 10, 3, 30, 3, 10, 3]",15.13741130604285
"[10, 3, 10, 3, 10, 3, 10, 3, 30, 3, 30, 3, 10, 3, 10, 3, 30, 3, 10, 3, 10, 3, 10, 3, 10, 3, 30, 3, 10, 3]",14.806937621832347
"[10, 3, 10, 3, 10, 3, 10, 3, 30, 3, 30, 3, 10, 3, 10, 3, 30, 3, 10, 3, 10, 3, 10, 3, 10, 3, 30, 3, 10, 3]",13.941473684210552
"[10, 3, 10, 3, 10, 3, 10, 3, 30, 3, 30, 3, 10, 3, 10, 3, 30, 3, 10, 3, 10, 3, 10, 3, 10, 3, 30, 3, 10, 3]",16.150927875243667
"[10, 3, 10, 3, 10, 3, 10, 3, 30, 3, 30, 3, 10, 3, 10, 3, 30, 3, 10, 3, 10, 3, 10, 3, 10, 3, 30, 3, 10, 3]",15.335481481481468
"[10, 3, 10, 3, 10, 3, 10, 3, 30, 3, 30, 3, 10, 3, 10, 3, 30, 3, 10, 3, 10, 3, 10, 3, 10, 3, 30, 3, 10, 3]",15.213631578947416
"[10, 3, 10, 3, 10, 3, 10, 3, 30, 3, 30, 3, 10, 3, 10, 3, 30, 3, 10, 3, 10, 3, 10, 3, 10, 3, 30, 3, 10, 3]",15.083943469785583
"[10, 3, 10, 3, 10, 3, 10, 3, 30, 3, 30, 3, 10, 3, 10, 3, 30, 3, 10, 3, 10, 3, 10, 3, 10, 3, 30, 3, 10, 3]",14.621021442495142
"[10, 3, 10, 3, 10, 3, 10, 3, 30, 3, 30, 3, 10, 3, 10, 3, 30, 3, 10, 3, 10, 3, 10, 3, 10, 3, 30, 3, 10, 3]",13.70744834307988
"[10, 3, 10, 3, 10, 3, 10, 3, 30, 3, 30, 3, 10, 3, 10, 3, 30, 3, 10, 3, 10, 3, 10, 3, 10, 3, 30, 3, 10, 3]",14.461354775828477
"[10, 3, 10, 3, 10, 3, 10, 3, 30, 3, 30, 3, 10, 3, 10, 3, 30, 3, 10, 3, 10, 3, 10, 3, 10, 3, 30, 3, 10, 3]",13.866399610136462
"[10, 3, 10, 3, 10, 3, 10, 3, 30, 3, 30, 3, 10, 3, 10, 3, 30, 3, 10, 3, 10, 3, 10, 3, 10, 3, 30, 3, 10, 3]",15.112448343079944
"[10, 3, 10, 3, 10, 3, 10, 3, 30, 3, 30, 3, 10, 3, 10, 3, 30, 3, 10, 3, 10, 3, 10, 3, 10, 3, 30, 3, 10, 3]",14.3504834307992
"[10, 3, 10, 3, 10, 3, 10, 3, 30, 3, 30, 3, 10, 3, 10, 3, 30, 3, 10, 3, 10, 3, 10, 3, 10, 3, 30, 3, 10, 3]",15.833908382066276
"[10, 3, 10, 3, 10, 3, 10, 3, 30, 3, 30, 3, 10, 3, 10, 3, 30, 3, 10, 3, 10, 3, 10, 3, 10, 3, 30, 3, 10, 3]",14.394434697855699
"[10, 3, 10, 3, 10, 3, 10, 3, 30, 3, 30, 3, 10, 3, 10, 3, 30, 3, 10, 3, 10, 3, 10, 3, 10, 3, 30, 3, 10, 3]",14.466787524366456
"[10, 3, 10, 3, 10, 3, 10, 3, 30, 3, 30, 3, 10, 3, 10, 3, 30, 3, 10, 3, 10, 3, 10, 3, 10, 3, 30, 3, 10, 3]",15.653596491228095
"[10, 3, 10, 3, 10, 3, 10, 3, 30, 3, 30, 3, 10, 3, 10, 3, 30, 3, 10, 3, 10, 3, 10, 3, 10, 3, 30, 3, 10, 3]",15.2892709551657
"[10, 3, 10, 3, 10, 3, 10, 3, 30, 3, 30, 3, 10, 3, 10, 3, 30, 3, 10, 3, 10, 3, 10, 3, 10, 3, 30, 3, 10, 3]",15.62323196881093
"[10, 3, 10, 3, 10, 3, 10, 3, 30, 3, 30, 3, 10, 3, 10, 3, 30, 3, 10, 3, 10, 3, 10, 3, 10, 3, 30, 3, 10, 3]",14.563380116959062
"[10, 3, 10, 3, 10, 3, 10, 3, 30, 3, 30, 3, 10, 3, 10, 3, 30, 3, 10, 3, 10, 3, 10, 3, 10, 3, 30, 3, 10, 3]",14.600430799220273
"[10, 3, 10, 3, 10, 3, 10, 3, 30, 3, 30, 3, 10, 3, 10, 3, 30, 3, 10, 3, 10, 3, 10, 3, 10, 3, 30, 3, 10, 3]",14.285263157894745
"[10, 3, 10, 3, 10, 3, 10, 3, 30, 3, 30, 3, 10, 3, 10, 3, 30, 3, 10, 3, 10, 3, 10, 3, 10, 3, 30, 3, 10, 3]",15.234251461988274
"[10, 3, 10, 3, 10, 3, 10, 3, 30, 3, 30, 3, 10, 3, 10, 3, 30, 3, 10, 3, 10, 3, 10, 3, 10, 3, 30, 3, 10, 3]",15.106614035087741
"[10, 3, 10, 3, 10, 3, 10, 3, 30, 3, 30, 3, 10, 3, 10, 3, 30, 3, 10, 3, 10, 3, 10, 3, 10, 3, 30, 3, 10, 3]",13.837007797270969
"[10, 3, 10, 3, 10, 3, 10, 3, 30, 3, 30, 3, 10, 3, 10, 3, 30, 3, 10, 3, 10, 3, 10, 3, 10, 3, 30, 3, 10, 3]",13.844325536062357
"[10, 3, 10, 3, 10, 3, 10, 3, 30, 3, 30, 3, 10, 3, 10, 3, 30, 3, 10, 3, 10, 3, 10, 3, 10, 3, 30, 3, 10, 3]",15.759812865497054
"[10, 3, 10, 3, 10, 3, 10, 3, 30, 3, 30, 3, 10, 3, 10, 3, 30, 3, 10, 3, 10, 3, 10, 3, 10, 3, 30, 3, 10, 3]",15.697578947368424
"[10, 3, 10, 3, 10, 3, 10, 3, 30, 3, 30, 3, 10, 3, 10, 3, 30, 3, 10, 3, 10, 3, 10, 3, 10, 3, 30, 3, 10, 3]",15.349964912280711
"[10, 3, 10, 3, 10, 3, 10, 3, 30, 3, 30, 3, 10, 3, 10, 3, 30, 3, 10, 3, 10, 3, 10, 3, 10, 3, 30, 3, 10, 3]",14.002421052631561
"[10, 3, 10, 3, 10, 3, 10, 3, 30, 3, 30, 3, 10, 3, 10, 3, 30, 3, 10, 3, 10, 3, 10, 3, 10, 3, 30, 3, 10, 3]",14.623329434697851
"[10, 3, 10, 3, 10, 3, 10, 3, 30, 3, 30, 3, 10, 3, 10, 3, 30, 3, 10, 3, 10, 3, 10, 3, 10, 3, 30, 3, 10, 3]",15.812023391812883
"[10, 3, 10, 3, 10, 3, 10, 3, 30, 3, 30, 3, 10, 3, 10, 3, 30, 3, 10, 3, 10, 3, 10, 3, 10, 3, 30, 3, 10, 3]",14.992436647173506
"[10, 3, 10, 3, 10, 3, 10, 3, 30, 3, 30, 3, 10, 3, 10, 3, 30, 3, 10, 3, 10, 3, 10, 3, 10, 3, 30, 3, 10, 3]",14.783779727095535
"[10, 3, 10, 3, 10, 3, 10, 3, 30, 3, 30, 3, 10, 3, 10, 3, 30, 3, 10, 3, 10, 3, 10, 3, 10, 3, 30, 3, 10, 3]",15.747212475633514
"[10, 3, 10, 3, 10, 3, 10, 3, 30, 3, 30, 3, 10, 3, 10, 3, 30, 3, 10, 3, 10, 3, 10, 3, 10, 3, 30, 3, 10, 3]",15.291224171539934
"[10, 3, 10, 3, 10, 3, 10, 3, 30, 3, 30, 3, 10, 3, 10, 3, 30, 3, 10, 3, 10, 3, 10, 3, 10, 3, 30, 3, 10, 3]",15.011867446393726
"[10, 3, 10, 3, 10, 3, 10, 3, 30, 3, 30, 3, 10, 3, 10, 3, 30, 3, 10, 3, 10, 3, 10, 3, 10, 3, 30, 3, 10, 3]",14.126076023391834
"[10, 3, 10, 3, 10, 3, 10, 3, 30, 3, 30, 3, 10, 3, 10, 3, 30, 3, 10, 3, 10, 3, 10, 3, 10, 3, 30, 3, 10, 3]",15.386988304093576
"[10, 3, 10, 3, 10, 3, 10, 3, 30, 3, 30, 3, 10, 3, 10, 3, 30, 3, 10, 3, 10, 3, 10, 3, 10, 3, 30, 3, 10, 3]",16.751385964912277
"[10, 3, 10, 3, 10, 3, 10, 3, 30, 3, 30, 3, 10, 3, 10, 3, 30, 3, 10, 3, 10, 3, 10, 3, 10, 3, 30, 3, 10, 3]",13.622083820662741
"[10, 3, 10, 3, 10, 3, 10, 3, 30, 3, 30, 3, 10, 3, 10, 3, 30, 3, 10, 3, 10, 3, 10, 3, 10, 3, 30, 3, 10, 3]",15.68999220272911
"[10, 3, 10, 3, 10, 3, 10, 3, 30, 3, 30, 3, 10, 3, 10, 3, 30, 3, 10, 3, 10, 3, 10, 3, 10, 3, 30, 3, 10, 3]",14.538294346978548
"[10, 3, 10, 3, 10, 3, 10, 3, 30, 3, 30, 3, 10, 3, 10, 3, 30, 3, 10, 3, 10, 3, 10, 3, 10, 3, 30, 3, 10, 3]",13.142736842105249
"[10, 3, 10, 3, 10, 3, 10, 3, 30, 3, 30, 3, 10, 3, 10, 3, 30, 3, 10, 3, 10, 3, 10, 3, 10, 3, 30, 3, 10, 3]",14.044890838206634
"[10, 3, 10, 3, 10, 3, 10, 3, 30, 3, 30, 3, 10, 3, 10, 3, 30, 3, 10, 3, 10, 3, 10, 3, 10, 3, 30, 3, 10, 3]",14.508471734892805
"[10, 3, 10, 3, 10, 3, 10, 3, 30, 3, 30, 3, 10, 3, 10, 3, 30, 3, 10, 3, 10, 3, 10, 3, 10, 3, 30, 3, 10, 3]",15.079530214424912
"[10, 3, 10, 3, 10, 3, 10, 3, 30, 3, 30, 3, 10, 3, 10, 3, 30, 3, 10, 3, 10, 3, 10, 3, 10, 3, 30, 3, 10, 3]",15.384167641325533
"[10, 3, 10, 3, 10, 3, 10, 3, 30, 3, 30, 3, 10, 3, 10, 3, 30, 3, 10, 3, 10, 3, 10, 3, 10, 3, 30, 3, 10, 3]",14.738409356725146
"[10, 3, 10, 3, 10, 3, 10, 3, 30, 3, 30, 3, 10, 3, 10, 3, 30, 3, 10, 3, 10, 3, 10, 3, 10, 3, 30, 3, 10, 3]",15.030269005847947
"[10, 3, 10, 3, 10, 3, 10, 3, 30, 3, 30, 3, 10, 3, 10, 3, 30, 3, 10, 3, 10, 3, 10, 3, 10, 3, 30, 3, 10, 3]",14.634555555555526
"[10, 3, 10, 3, 10, 3, 10, 3, 30, 3, 30, 3, 10, 3, 10, 3, 30, 3, 10, 3, 10, 3, 10, 3, 10, 3, 30, 3, 10, 3]",12.371409356725119
"[10, 3, 10, 3, 10, 3, 10, 3, 30, 3, 30, 3, 10, 3, 10, 3, 30, 3, 10, 3, 10, 3, 10, 3, 10, 3, 30, 3, 10, 3]",12.970725146198848
"[10, 3, 10, 3, 10, 3, 10, 3, 30, 3, 30, 3, 10, 3, 10, 3, 30, 3, 10, 3, 10, 3, 10, 3, 10, 3, 30, 3, 10, 3]",14.849541910331364
"[10, 3, 10, 3, 10, 3, 10, 3, 30, 3, 30, 3, 10, 3, 10, 3, 30, 3, 10, 3, 10, 3, 10, 3, 10, 3, 30, 3, 10, 3]",13.789990253411316
"[10, 3, 10, 3, 10, 3, 10, 3, 30, 3, 30, 3, 10, 3, 10, 3, 30, 3, 10, 3, 10, 3, 10, 3, 10, 3, 30, 3, 10, 3]",13.787559454191062
"[10, 3, 10, 3, 10, 3, 10, 3, 30, 3, 30, 3, 10, 3, 10, 3, 30, 3, 10, 3, 10, 3, 10, 3, 10, 3, 30, 3, 10, 3]",14.958711500974694
"[10, 3, 10, 3, 10, 3, 10, 3, 30, 3, 30, 3, 10, 3, 10, 3, 30, 3, 10, 3, 10, 3, 10, 3, 10, 3, 30, 3, 10, 3]",13.338992202729008
"[10, 3, 10, 3, 10, 3, 10, 3, 30, 3, 30, 3, 10, 3, 10, 3, 30, 3, 10, 3, 10, 3, 10, 3, 10, 3, 30, 3, 10, 3]",15.563512670565302
"[10, 3, 10, 3, 10, 3, 10, 3, 30, 3, 30, 3, 10, 3, 10, 3, 30, 3, 10, 3, 10, 3, 10, 3, 10, 3, 30, 3, 10, 3]",13.786846003898637
"[10, 3, 10, 3, 10, 3, 10, 3, 30, 3, 30, 3, 10, 3, 10, 3, 30, 3, 10, 3, 10, 3, 10, 3, 10, 3, 30, 3, 10, 3]",15.95321832358675
"[10, 3, 10, 3, 10, 3, 10, 3, 30, 3, 30, 3, 10, 3, 10, 3, 30, 3, 10, 3, 10, 3, 10, 3, 10, 3, 30, 3, 10, 3]",14.94089668615985
"[10, 3, 10, 3, 10, 3, 10, 3, 30, 3, 30, 3, 10, 3, 10, 3, 30, 3, 10, 3, 10, 3, 10, 3, 10, 3, 30, 3, 10, 3]",14.836793372319676
"[10, 3, 10, 3, 10, 3, 10, 3, 30, 3, 30, 3, 10, 3, 10, 3, 30, 3, 10, 3, 10, 3, 10, 3, 10, 3, 30, 3, 10, 3]",15.395467836257325
"[10, 3, 10, 3, 10, 3, 10, 3, 30, 3, 30, 3, 10, 3, 10, 3, 30, 3, 10, 3, 10, 3, 10, 3, 10, 3, 30, 3, 10, 3]",13.902512670565288
"[10, 3, 10, 3, 10, 3, 10, 3, 30, 3, 30, 3, 10, 3, 10, 3, 30, 3, 10, 3, 10, 3, 10, 3, 10, 3, 30, 3, 10, 3]",15.22462768031188
"[10, 3, 10, 3, 10, 3, 10, 3, 30, 3, 30, 3, 10, 3, 10, 3, 30, 3, 10, 3, 10, 3, 10, 3, 10, 3, 30, 3, 10, 3]",14.632654970760223
"[10, 3, 10, 3, 10, 3, 10, 3, 30, 3, 30, 3, 10, 3, 10, 3, 30, 3, 10, 3, 10, 3, 10, 3, 10, 3, 30, 3, 10, 3]",16.186764132553623
"[10, 3, 10, 3, 10, 3, 10, 3, 30, 3, 30, 3, 10, 3, 10, 3, 30, 3, 10, 3, 10, 3, 10, 3, 10, 3, 30, 3, 10, 3]",14.657922027290413
"[10, 3, 10, 3, 10, 3, 10, 3, 30, 3, 30, 3, 10, 3, 10, 3, 30, 3, 10, 3, 10, 3, 10, 3, 10, 3, 30, 3, 10, 3]",13.805658869395717
"[10, 3, 10, 3, 10, 3, 10, 3, 30, 3, 30, 3, 10, 3, 10, 3, 30, 3, 10, 3, 10, 3, 10, 3, 10, 3, 30, 3, 10, 3]",13.67676608187137
"[10, 3, 10, 3, 10, 3, 10, 3, 30, 3, 30, 3, 10, 3, 10, 3, 30, 3, 10, 3, 10, 3, 10, 3, 10, 3, 30, 3, 10, 3]",14.850900584795328
"[10, 3, 10, 3, 10, 3, 10, 3, 30, 3, 30, 3, 10, 3, 10, 3, 30, 3, 10, 3, 10, 3, 10, 3, 10, 3, 30, 3, 10, 3]",14.676300194931752
"[10, 3, 10, 3, 10, 3, 10, 3, 30, 3, 30, 3, 10, 3, 10, 3, 30, 3, 10, 3, 10, 3, 10, 3, 10, 3, 30, 3, 10, 3]",15.669037037037
"[10, 3, 10, 3, 10, 3, 10, 3, 30, 3, 30, 3, 10, 3, 10, 3, 30, 3, 10, 3, 10, 3, 10, 3, 10, 3, 30, 3, 10, 3]",14.071576998050677
"[10, 3, 10, 3, 10, 3, 10, 3, 30, 3, 30, 3, 10, 3, 10, 3, 30, 3, 10, 3, 10, 3, 10, 3, 10, 3, 30, 3, 10, 3]",14.19850097465888
"[10, 3, 10, 3, 10, 3, 10, 3, 30, 3, 30, 3, 10, 3, 10, 3, 30, 3, 10, 3, 10, 3, 10, 3, 10, 3, 30, 3, 10, 3]",15.554317738791447
"[10, 3, 10, 3, 10, 3, 10, 3, 30, 3, 30, 3, 10, 3, 10, 3, 30, 3, 10, 3, 10, 3, 10, 3, 10, 3, 30, 3, 10, 3]",14.399013645224185
"[10, 3, 10, 3, 10, 3, 10, 3, 30, 3, 30, 3, 10, 3, 10, 3, 30, 3, 10, 3, 10, 3, 10, 3, 10, 3, 30, 3, 10, 3]",14.74615204678362
"[10, 3, 10, 3, 10, 3, 10, 3, 30, 3, 30, 3, 10, 3, 10, 3, 30, 3, 10, 3, 10, 3, 10, 3, 10, 3, 30, 3, 10, 3]",14.859545808966894
"[10, 3, 10, 3, 10, 3, 10, 3, 30, 3, 30, 3, 10, 3, 10, 3, 30, 3, 10, 3, 10, 3, 10, 3, 10, 3, 30, 3, 10, 3]",15.413750487329393
"[10, 3, 10, 3, 10, 3, 10, 3, 30, 3, 30, 3, 10, 3, 10, 3, 30, 3, 10, 3, 10, 3, 10, 3, 10, 3, 30, 3, 10, 3]",13.681994152046803
"[10, 3, 10, 3, 10, 3, 10, 3, 30, 3, 30, 3, 10, 3, 10, 3, 30, 3, 10, 3, 10, 3, 10, 3, 10, 3, 30, 3, 10, 3]",15.336978557504846
"[10, 3, 10, 3, 10, 3, 10, 3, 30, 3, 30, 3, 10, 3, 10, 3, 30, 3, 10, 3, 10, 3, 10, 3, 10, 3, 30, 3, 10, 3]",14.178003898635467
"[10, 3, 10, 3, 10, 3, 10, 3, 30, 3, 30, 3, 10, 3, 10, 3, 30, 3, 10, 3, 10, 3, 10, 3, 10, 3, 30, 3, 10, 3]",12.678867446393763
"[10, 3, 10, 3, 10, 3, 10, 3, 30, 3, 30, 3, 10, 3, 10, 3, 30, 3, 10, 3, 10, 3, 10, 3, 10, 3, 30, 3, 10, 3]",15.40763352826513
"[10, 3, 10, 3, 10, 3, 10, 3, 30, 3, 30, 3, 10, 3, 10, 3, 30, 3, 10, 3, 10, 3, 10, 3, 10, 3, 30, 3, 10, 3]",14.861789473684219
"[10, 3, 10, 3, 10, 3, 10, 3, 30, 3, 30, 3, 10, 3, 10, 3, 30, 3, 10, 3, 10, 3, 10, 3, 10, 3, 30, 3, 10, 3]",14.7626920077973
"[10, 3, 10, 3, 10, 3, 10, 3, 30, 3, 30, 3, 10, 3, 10, 3, 30, 3, 10, 3, 10, 3, 10, 3, 10, 3, 30, 3, 10, 3]",13.912475633528299
"[10, 3, 10, 3, 10, 3, 10, 3, 30, 3, 30, 3, 10, 3, 10, 3, 30, 3, 10, 3, 10, 3, 10, 3, 10, 3, 30, 3, 10, 3]",16.761189083820685
"[10, 3, 10, 3, 10, 3, 10, 3, 30, 3, 30, 3, 10, 3, 10, 3, 30, 3, 10, 3, 10, 3, 10, 3, 10, 3, 30, 3, 10, 3]",15.197089668615986
"[10, 3, 10, 3, 10, 3, 10, 3, 30, 3, 30, 3, 10, 3, 10, 3, 30, 3, 10, 3, 10, 3, 10, 3, 10, 3, 30, 3, 10, 3]",13.638040935672494
"[10, 3, 10, 3, 10, 3, 10, 3, 30, 3, 30, 3, 10, 3, 10, 3, 30, 3, 10, 3, 10, 3, 10, 3, 10, 3, 30, 3, 10, 3]",15.04535867446391
"[10, 3, 10, 3, 10, 3, 10, 3, 30, 3, 30, 3, 10, 3, 10, 3, 30, 3, 10, 3, 10, 3, 10, 3, 10, 3, 30, 3, 10, 3]",14.48082846003897
"[10, 3, 10, 3, 10, 3, 10, 3, 30, 3, 30, 3, 10, 3, 10, 3, 30, 3, 10, 3, 10, 3, 10, 3, 10, 3, 30, 3, 10, 3]",15.46959844054583
"[10, 3, 10, 3, 10, 3, 10, 3, 30, 3, 30, 3, 10, 3, 10, 3, 30, 3, 10, 3, 10, 3, 10, 3, 10, 3, 30, 3, 10, 3]",14.87067836257314
"[10, 3, 10, 3, 10, 3, 10, 3, 30, 3, 30, 3, 10, 3, 10, 3, 30, 3, 10, 3, 10, 3, 10, 3, 10, 3, 30, 3, 10, 3]",15.614481481481464
"[10, 3, 10, 3, 10, 3, 10, 3, 30, 3, 30, 3, 10, 3, 10, 3, 30, 3, 10, 3, 10, 3, 10, 3, 10, 3, 30, 3, 10, 3]",15.781444444444464
"[10, 3, 10, 3, 10, 3, 10, 3, 30, 3, 30, 3, 10, 3, 10, 3, 30, 3, 10, 3, 10, 3, 10, 3, 10, 3, 30, 3, 10, 3]",15.11121832358676
"[10, 3, 10, 3, 10, 3, 10, 3, 30, 3, 30, 3, 10, 3, 10, 3, 30, 3, 10, 3, 10, 3, 10, 3, 10, 3, 30, 3, 10, 3]",11.7195925925926
"[10, 3, 10, 3, 10, 3, 10, 3, 30, 3, 30, 3, 10, 3, 10, 3, 30, 3, 10, 3, 10, 3, 10, 3, 10, 3, 30, 3, 10, 3]",15.832185185185175
"[10, 3, 10, 3, 10, 3, 10, 3, 30, 3, 30, 3, 10, 3, 10, 3, 30, 3, 10, 3, 10, 3, 10, 3, 10, 3, 30, 3, 10, 3]",14.937853801169588
"[10, 3, 10, 3, 10, 3, 10, 3, 30, 3, 30, 3, 10, 3, 10, 3, 30, 3, 10, 3, 10, 3, 10, 3, 10, 3, 30, 3, 10, 3]",15.903343079922053
"[10, 3, 10, 3, 10, 3, 10, 3, 30, 3, 30, 3, 10, 3, 10, 3, 30, 3, 10, 3, 10, 3, 10, 3, 10, 3, 30, 3, 10, 3]",14.382282651072146
"[10, 3, 10, 3, 10, 3, 10, 3, 30, 3, 30, 3, 10, 3, 10, 3, 30, 3, 10, 3, 10, 3, 10, 3, 10, 3, 30, 3, 10, 3]",14.747883040935648
"[10, 3, 10, 3, 10, 3, 10, 3, 30, 3, 30, 3, 10, 3, 10, 3, 30, 3, 10, 3, 10, 3, 10, 3, 10, 3, 30, 3, 10, 3]",15.090456140350875
"[10, 3, 10, 3, 10, 3, 10, 3, 30, 3, 30, 3, 10, 3, 10, 3, 30, 3, 10, 3, 10, 3, 10, 3, 10, 3, 30, 3, 10, 3]",15.221873294346983
"[10, 3, 10, 3, 10, 3, 10, 3, 30, 3, 30, 3, 10, 3, 10, 3, 30, 3, 10, 3, 10, 3, 10, 3, 10, 3, 30, 3, 10, 3]",14.024732943469752
"[10, 3, 10, 3, 10, 3, 10, 3, 30, 3, 30, 3, 10, 3, 10, 3, 30, 3, 10, 3, 10, 3, 10, 3, 10, 3, 30, 3, 10, 3]",14.962824561403522
"[10, 3, 10, 3, 10, 3, 10, 3, 30, 3, 30, 3, 10, 3, 10, 3, 30, 3, 10, 3, 10, 3, 10, 3, 10, 3, 30, 3, 10, 3]",15.587300194931759
"[10, 3, 10, 3, 10, 3, 10, 3, 30, 3, 30, 3, 10, 3, 10, 3, 30, 3, 10, 3, 10, 3, 10, 3, 10, 3, 30, 3, 10, 3]",15.038692007797284
"[10, 3, 10, 3, 10, 3, 10, 3, 30, 3, 30, 3, 10, 3, 10, 3, 30, 3, 10, 3, 10, 3, 10, 3, 10, 3, 30, 3, 10, 3]",15.993847953216406
"[10, 3, 10, 3, 10, 3, 10, 3, 30, 3, 30, 3, 10, 3, 10, 3, 30, 3, 10, 3, 10, 3, 10, 3, 10, 3, 30, 3, 10, 3]",14.301707602339166
"[10, 3, 10, 3, 10, 3, 10, 3, 30, 3, 30, 3, 10, 3, 10, 3, 30, 3, 10, 3, 10, 3, 10, 3, 10, 3, 30, 3, 10, 3]",15.994707602339188
"[10, 3, 10, 3, 10, 3, 10, 3, 30, 3, 30, 3, 10, 3, 10, 3, 30, 3, 10, 3, 10, 3, 10, 3, 10, 3, 30, 3, 10, 3]",15.028325536062377
"[10, 3, 10, 3, 10, 3, 10, 3, 30, 3, 30, 3, 10, 3, 10, 3, 30, 3, 10, 3, 10, 3, 10, 3, 10, 3, 30, 3, 10, 3]",15.256259259259265
"[10, 3, 10, 3, 10, 3, 10, 3, 30, 3, 30, 3, 10, 3, 10, 3, 30, 3, 10, 3, 10, 3, 10, 3, 10, 3, 30, 3, 10, 3]",14.924354775828467
"[10, 3, 10, 3, 10, 3, 10, 3, 30, 3, 30, 3, 10, 3, 10, 3, 30, 3, 10, 3, 10, 3, 10, 3, 10, 3, 30, 3, 10, 3]",14.569768031189067
"[10, 3, 10, 3, 10, 3, 10, 3, 30, 3, 30, 3, 10, 3, 10, 3, 30, 3, 10, 3, 10, 3, 10, 3, 10, 3, 30, 3, 10, 3]",14.011769980506838
"[10, 3, 10, 3, 10, 3, 10, 3, 30, 3, 30, 3, 10, 3, 10, 3, 30, 3, 10, 3, 10, 3, 10, 3, 10, 3, 30, 3, 10, 3]",13.99977387914229
"[10, 3, 10, 3, 10, 3, 10, 3, 30, 3, 30, 3, 10, 3, 10, 3, 30, 3, 10, 3, 10, 3, 10, 3, 10, 3, 30, 3, 10, 3]",15.408140350877192
"[10, 3, 10, 3, 10, 3, 10, 3, 30, 3, 30, 3, 10, 3, 10, 3, 30, 3, 10, 3, 10, 3, 10, 3, 10, 3, 30, 3, 10, 3]",15.075678362573138
"[10, 3, 10, 3, 10, 3, 10, 3, 30, 3, 30, 3, 10, 3, 10, 3, 30, 3, 10, 3, 10, 3, 10, 3, 10, 3, 30, 3, 10, 3]",15.187062378167626
"[10, 3, 10, 3, 10, 3, 10, 3, 30, 3, 30, 3, 10, 3, 10, 3, 30, 3, 10, 3, 10, 3, 10, 3, 10, 3, 30, 3, 10, 3]",14.09795906432749
"[10, 3, 10, 3, 10, 3, 10, 3, 30, 3, 30, 3, 10, 3, 10, 3, 30, 3, 10, 3, 10, 3, 10, 3, 10, 3, 30, 3, 10, 3]",15.27298050682264
"[10, 3, 10, 3, 10, 3, 10, 3, 30, 3, 30, 3, 10, 3, 10, 3, 30, 3, 10, 3, 10, 3, 10, 3, 10, 3, 30, 3, 10, 3]",14.20167446393759
"[10, 3, 10, 3, 10, 3, 10, 3, 30, 3, 30, 3, 10, 3, 10, 3, 30, 3, 10, 3, 10, 3, 10, 3, 10, 3, 30, 3, 10, 3]",13.642155945419097
"[10, 3, 10, 3, 10, 3, 10, 3, 30, 3, 30, 3, 10, 3, 10, 3, 30, 3, 10, 3, 10, 3, 10, 3, 10, 3, 30, 3, 10, 3]",14.22150682261209
"[10, 3, 10, 3, 10, 3, 10, 3, 30, 3, 30, 3, 10, 3, 10, 3, 30, 3, 10, 3, 10, 3, 10, 3, 10, 3, 30, 3, 10, 3]",15.317779727095527
"[10, 3, 10, 3, 10, 3, 10, 3, 30, 3, 30, 3, 10, 3, 10, 3, 30, 3, 10, 3, 10, 3, 10, 3, 10, 3, 30, 3, 10, 3]",14.783631578947325
"[10, 3, 10, 3, 10, 3, 10, 3, 30, 3, 30, 3, 10, 3, 10, 3, 30, 3, 10, 3, 10, 3, 10, 3, 10, 3, 30, 3, 10, 3]",14.062619883040911
"[10, 3, 10, 3, 10, 3, 10, 3, 30, 3, 30, 3, 10, 3, 10, 3, 30, 3, 10, 3, 10, 3, 10, 3, 10, 3, 30, 3, 10, 3]",16.309434697855757
"[10, 3, 10, 3, 10, 3, 10, 3, 30, 3, 30, 3, 10, 3, 10, 3, 30, 3, 10, 3, 10, 3, 10, 3, 10, 3, 30, 3, 10, 3]",14.854532163742666
"[10, 3, 10, 3, 10, 3, 10, 3, 30, 3, 30, 3, 10, 3, 10, 3, 30, 3, 10, 3, 10, 3, 10, 3, 10, 3, 30, 3, 10, 3]",14.952810916179331
"[10, 3, 10, 3, 10, 3, 10, 3, 30, 3, 30, 3, 10, 3, 10, 3, 30, 3, 10, 3, 10, 3, 10, 3, 10, 3, 30, 3, 10, 3]",14.716091617933712
"[10, 3, 10, 3, 10, 3, 10, 3, 30, 3, 30, 3, 10, 3, 10, 3, 30, 3, 10, 3, 10, 3, 10, 3, 10, 3, 30, 3, 10, 3]",14.048972709551684
"[10, 3, 10, 3, 10, 3, 10, 3, 30, 3, 30, 3, 10, 3, 10, 3, 30, 3, 10, 3, 10, 3, 10, 3, 10, 3, 30, 3, 10, 3]",13.671405458089655
"[10, 3, 10, 3, 10, 3, 10, 3, 30, 3, 30, 3, 10, 3, 10, 3, 30, 3, 10, 3, 10, 3, 10, 3, 10, 3, 30, 3, 10, 3]",14.850181286549704
"[10, 3, 10, 3, 10, 3, 10, 3, 30, 3, 30, 3, 10, 3, 10, 3, 30, 3, 10, 3, 10, 3, 10, 3, 10, 3, 30, 3, 10, 3]",16.199442495126693
"[10, 3, 10, 3, 10, 3, 10, 3, 30, 3, 30, 3, 10, 3, 10, 3, 30, 3, 10, 3, 10, 3, 10, 3, 10, 3, 30, 3, 10, 3]",15.34162378167643
"[10, 3, 10, 3, 10, 3, 10, 3, 30, 3, 30, 3, 10, 3, 10, 3, 30, 3, 10, 3, 10, 3, 10, 3, 10, 3, 30, 3, 10, 3]",14.942608187134567
"[10, 3, 10, 3, 10, 3, 10, 3, 30, 3, 30, 3, 10, 3, 10, 3, 30, 3, 10, 3, 10, 3, 10, 3, 10, 3, 30, 3, 10, 3]",14.47699805068226
"[10, 3, 10, 3, 10, 3, 10, 3, 30, 3, 30, 3, 10, 3, 10, 3, 30, 3, 10, 3, 10, 3, 10, 3, 10, 3, 30, 3, 10, 3]",13.851678362573097
"[10, 3, 10, 3, 10, 3, 10, 3, 30, 3, 30, 3, 10, 3, 10, 3, 30, 3, 10, 3, 10, 3, 10, 3, 10, 3, 30, 3, 10, 3]",15.858619883040939
"[10, 3, 10, 3, 10, 3, 10, 3, 30, 3, 30, 3, 10, 3, 10, 3, 30, 3, 10, 3, 10, 3, 10, 3, 10, 3, 30, 3, 10, 3]",15.045541910331373
"[10, 3, 10, 3, 10, 3, 10, 3, 30, 3, 30, 3, 10, 3, 10, 3, 30, 3, 10, 3, 10, 3, 10, 3, 10, 3, 30, 3, 10, 3]",14.078235867446423
"[10, 3, 10, 3, 10, 3, 10, 3, 30, 3, 30, 3, 10, 3, 10, 3, 30, 3, 10, 3, 10, 3, 10, 3, 10, 3, 30, 3, 10, 3]",13.750286549707592
"[10, 3, 10, 3, 10, 3, 10, 3, 30, 3, 30, 3, 10, 3, 10, 3, 30, 3, 10, 3, 10, 3, 10, 3, 10, 3, 30, 3, 10, 3]",14.553703703703679
"[10, 3, 10, 3, 10, 3, 10, 3, 30, 3, 30, 3, 10, 3, 10, 3, 30, 3, 10, 3, 10, 3, 10, 3, 10, 3, 30, 3, 10, 3]",16.00314035087719
"[10, 3, 10, 3, 10, 3, 10, 3, 30, 3, 30, 3, 10, 3, 10, 3, 30, 3, 10, 3, 10, 3, 10, 3, 10, 3, 30, 3, 10, 3]",15.39231578947373
"[10, 3, 10, 3, 10, 3, 10, 3, 30, 3, 30, 3, 10, 3, 10, 3, 30, 3, 10, 3, 10, 3, 10, 3, 10, 3, 30, 3, 10, 3]",15.332894736842134
"[10, 3, 10, 3, 10, 3, 10, 3, 30, 3, 30, 3, 10, 3, 10, 3, 30, 3, 10, 3, 10, 3, 10, 3, 10, 3, 30, 3, 10, 3]",15.0140662768031
"[10, 3, 10, 3, 10, 3, 10, 3, 30, 3, 30, 3, 10, 3, 10, 3, 30, 3, 10, 3, 10, 3, 10, 3, 10, 3, 30, 3, 10, 3]",16.101442495126733
"[10, 3, 10, 3, 10, 3, 10, 3, 30, 3, 30, 3, 10, 3, 10, 3, 30, 3, 10, 3, 10, 3, 10, 3, 10, 3, 30, 3, 10, 3]",15.858779727095559
"[10, 3, 10, 3, 10, 3, 10, 3, 30, 3, 30, 3, 10, 3, 10, 3, 30, 3, 10, 3, 10, 3, 10, 3, 10, 3, 30, 3, 10, 3]",13.718300194931736
"[10, 3, 10, 3, 10, 3, 10, 3, 30, 3, 30, 3, 10, 3, 10, 3, 30, 3, 10, 3, 10, 3, 10, 3, 10, 3, 30, 3, 10, 3]",15.043502923976648
"[10, 3, 10, 3, 10, 3, 10, 3, 30, 3, 30, 3, 10, 3, 10, 3, 30, 3, 10, 3, 10, 3, 10, 3, 10, 3, 30, 3, 10, 3]",15.402062378167596
"[10, 3, 10, 3, 10, 3, 10, 3, 30, 3, 30, 3, 10, 3, 10, 3, 30, 3, 10, 3, 10, 3, 10, 3, 10, 3, 30, 3, 10, 3]",14.268243664717332
"[10, 3, 10, 3, 10, 3, 10, 3, 30, 3, 30, 3, 10, 3, 10, 3, 30, 3, 10, 3, 10, 3, 10, 3, 10, 3, 30, 3, 10, 3]",14.936538011695921
"[10, 3, 10, 3, 10, 3, 10, 3, 30, 3, 30, 3, 10, 3, 10, 3, 30, 3, 10, 3, 10, 3, 10, 3, 10, 3, 30, 3, 10, 3]",14.15060038986355
"[10, 3, 10, 3, 10, 3, 10, 3, 30, 3, 30, 3, 10, 3, 10, 3, 30, 3, 10, 3, 10, 3, 10, 3, 10, 3, 30, 3, 10, 3]",13.462487329434689
"[10, 3, 10, 3, 10, 3, 10, 3, 30, 3, 30, 3, 10, 3, 10, 3, 30, 3, 10, 3, 10, 3, 10, 3, 10, 3, 30, 3, 10, 3]",14.57885964912283
"[10, 3, 10, 3, 10, 3, 10, 3, 30, 3, 30, 3, 10, 3, 10, 3, 30, 3, 10, 3, 10, 3, 10, 3, 10, 3, 30, 3, 10, 3]",14.765335282651082
"[10, 3, 10, 3, 10, 3, 10, 3, 30, 3, 30, 3, 10, 3, 10, 3, 30, 3, 10, 3, 10, 3, 10, 3, 10, 3, 30, 3, 10, 3]",16.122218323586775
"[10, 3, 10, 3, 10, 3, 10, 3, 30, 3, 30, 3, 10, 3, 10, 3, 30, 3, 10, 3, 10, 3, 10, 3, 10, 3, 30, 3, 10, 3]",15.132695906432774
"[10, 3, 10, 3, 10, 3, 10, 3, 30, 3, 30, 3, 10, 3, 10, 3, 30, 3, 10, 3, 10, 3, 10, 3, 10, 3, 30, 3, 10, 3]",15.28046978557509
"[10, 3, 10, 3, 10, 3, 10, 3, 30, 3, 30, 3, 10, 3, 10, 3, 30, 3, 10, 3, 10, 3, 10, 3, 10, 3, 30, 3, 10, 3]",13.311803118908383
"[10, 3, 10, 3, 10, 3, 10, 3, 30, 3, 30, 3, 10, 3, 10, 3, 30, 3, 10, 3, 10, 3, 10, 3, 10, 3, 30, 3, 10, 3]",13.75622807017545
"[10, 3, 10, 3, 10, 3, 10, 3, 30, 3, 30, 3, 10, 3, 10, 3, 30, 3, 10, 3, 10, 3, 10, 3, 10, 3, 30, 3, 10, 3]",14.665684210526306
"[10, 3, 10, 3, 10, 3, 10, 3, 30, 3, 30, 3, 10, 3, 10, 3, 30, 3, 10, 3, 10, 3, 10, 3, 10, 3, 30, 3, 10, 3]",15.449362573099412
"[10, 3, 10, 3, 10, 3, 10, 3, 30, 3, 30, 3, 10, 3, 10, 3, 30, 3, 10, 3, 10, 3, 10, 3, 10, 3, 30, 3, 10, 3]",12.833286549707598
"[10, 3, 10, 3, 10, 3, 10, 3, 30, 3, 30, 3, 10, 3, 10, 3, 30, 3, 10, 3, 10, 3, 10, 3, 10, 3, 30, 3, 10, 3]",14.9812787524367
"[10, 3, 10, 3, 10, 3, 10, 3, 30, 3, 30, 3, 10, 3, 10, 3, 30, 3, 10, 3, 10, 3, 10, 3, 10, 3, 30, 3, 10, 3]",13.612614035087736
"[10, 3, 10, 3, 10, 3, 10, 3, 30, 3, 30, 3, 10, 3, 10, 3, 30, 3, 10, 3, 10, 3, 10, 3, 10, 3, 30, 3, 10, 3]",16.269054580896682
"[10, 3, 10, 3, 10, 3, 10, 3, 30, 3, 30, 3, 10, 3, 10, 3, 30, 3, 10, 3, 10, 3, 10, 3, 10, 3, 30, 3, 10, 3]",14.775502923976626
"[10, 3, 10, 3, 10, 3, 10, 3, 30, 3, 30, 3, 10, 3, 10, 3, 30, 3, 10, 3, 10, 3, 10, 3, 10, 3, 30, 3, 10, 3]",16.625730994152054
"[10, 3, 10, 3, 10, 3, 10, 3, 30, 3, 30, 3, 10, 3, 10, 3, 30, 3, 10, 3, 10, 3, 10, 3, 10, 3, 30, 3, 10, 3]",14.570064327485355
"[10, 3, 10, 3, 10, 3, 10, 3, 30, 3, 30, 3, 10, 3, 10, 3, 30, 3, 10, 3, 10, 3, 10, 3, 10, 3, 30, 3, 10, 3]",15.354477582845993
"[10, 3, 10, 3, 10, 3, 10, 3, 30, 3, 30, 3, 10, 3, 10, 3, 30, 3, 10, 3, 10, 3, 10, 3, 10, 3, 30, 3, 10, 3]",15.257163742690071
"[10, 3, 10, 3, 10, 3, 10, 3, 30, 3, 30, 3, 10, 3, 10, 3, 30, 3, 10, 3, 10, 3, 10, 3, 10, 3, 30, 3, 10, 3]",16.020272904483424
"[10, 3, 10, 3, 10, 3, 10, 3, 30, 3, 30, 3, 10, 3, 10, 3, 30, 3, 10, 3, 10, 3, 10, 3, 10, 3, 30, 3, 10, 3]",15.78265497076022
"[10, 3, 10, 3, 10, 3, 10, 3, 30, 3, 30, 3, 10, 3, 10, 3, 30, 3, 10, 3, 10, 3, 10, 3, 10, 3, 30, 3, 10, 3]",14.699604288499037
"[10, 3, 10, 3, 10, 3, 10, 3, 30, 3, 30, 3, 10, 3, 10, 3, 30, 3, 10, 3, 10, 3, 10, 3, 10, 3, 30, 3, 10, 3]",14.555536062378193
"[10, 3, 10, 3, 10, 3, 10, 3, 30, 3, 30, 3, 10, 3, 10, 3, 30, 3, 10, 3, 10, 3, 10, 3, 10, 3, 30, 3, 10, 3]",14.254504873294355
"[10, 3, 10, 3, 10, 3, 10, 3, 30, 3, 30, 3, 10, 3, 10, 3, 30, 3, 10, 3, 10, 3, 10, 3, 10, 3, 30, 3, 10, 3]",15.418842105263144
"[10, 3, 10, 3, 10, 3, 10, 3, 30, 3, 30, 3, 10, 3, 10, 3, 30, 3, 10, 3, 10, 3, 10, 3, 10, 3, 30, 3, 10, 3]",15.792998050682254
"[10, 3, 10, 3, 10, 3, 10, 3, 30, 3, 30, 3, 10, 3, 10, 3, 30, 3, 10, 3, 10, 3, 10, 3, 10, 3, 30, 3, 10, 3]",14.5221559454191
"[10, 3, 10, 3, 10, 3, 10, 3, 30, 3, 30, 3, 10, 3, 10, 3, 30, 3, 10, 3, 10, 3, 10, 3, 10, 3, 30, 3, 10, 3]",14.748070175438578
"[10, 3, 10, 3, 10, 3, 10, 3, 30, 3, 30, 3, 10, 3, 10, 3, 30, 3, 10, 3, 10, 3, 10, 3, 10, 3, 30, 3, 10, 3]",14.375085769980512
"[10, 3, 10, 3, 10, 3, 10, 3, 30, 3, 30, 3, 10, 3, 10, 3, 30, 3, 10, 3, 10, 3, 10, 3, 10, 3, 30, 3, 10, 3]",15.155896686159826
"[10, 3, 10, 3, 10, 3, 10, 3, 30, 3, 30, 3, 10, 3, 10, 3, 30, 3, 10, 3, 10, 3, 10, 3, 10, 3, 30, 3, 10, 3]",14.593247563352856
"[10, 3, 10, 3, 10, 3, 10, 3, 30, 3, 30, 3, 10, 3, 10, 3, 30, 3, 10, 3, 10, 3, 10, 3, 10, 3, 30, 3, 10, 3]",13.950461988304104
"[10, 3, 10, 3, 10, 3, 10, 3, 30, 3, 30, 3, 10, 3, 10, 3, 30, 3, 10, 3, 10, 3, 10, 3, 10, 3, 30, 3, 10, 3]",15.453499025341092
"[10, 3, 10, 3, 10, 3, 10, 3, 30, 3, 30, 3, 10, 3, 10, 3, 30, 3, 10, 3, 10, 3, 10, 3, 10, 3, 30, 3, 10, 3]",14.921042884990268
"[10, 3, 10, 3, 10, 3, 10, 3, 30, 3, 30, 3, 10, 3, 10, 3, 30, 3, 10, 3, 10, 3, 10, 3, 10, 3, 30, 3, 10, 3]",14.470013645224151
"[10, 3, 10, 3, 10, 3, 10, 3, 30, 3, 30, 3, 10, 3, 10, 3, 30, 3, 10, 3, 10, 3, 10, 3, 10, 3, 30, 3, 10, 3]",14.56547953216376
"[10, 3, 10, 3, 10, 3, 10, 3, 30, 3, 30, 3, 10, 3, 10, 3, 30, 3, 10, 3, 10, 3, 10, 3, 10, 3, 30, 3, 10, 3]",15.017929824561381
"[10, 3, 10, 3, 10, 3, 10, 3, 30, 3, 30, 3, 10, 3, 10, 3, 30, 3, 10, 3, 10, 3, 10, 3, 10, 3, 30, 3, 10, 3]",16.68292202729046
"[10, 3, 10, 3, 10, 3, 10, 3, 30, 3, 30, 3, 10, 3, 10, 3, 30, 3, 10, 3, 10, 3, 10, 3, 10, 3, 30, 3, 10, 3]",15.837822612085777
"[10, 3, 10, 3, 10, 3, 10, 3, 30, 3, 30, 3, 10, 3, 10, 3, 30, 3, 10, 3, 10, 3, 10, 3, 10, 3, 30, 3, 10, 3]",14.423875243664687
"[10, 3, 10, 3, 10, 3, 10, 3, 30, 3, 30, 3, 10, 3, 10, 3, 30, 3, 10, 3, 10, 3, 10, 3, 10, 3, 30, 3, 10, 3]",15.091732943469747
"[10, 3, 10, 3, 10, 3, 10, 3, 30, 3, 30, 3, 10, 3, 10, 3, 30, 3, 10, 3, 10, 3, 10, 3, 10, 3, 30, 3, 10, 3]",14.574840155945422
"[10, 3, 10, 3, 10, 3, 10, 3, 30, 3, 30, 3, 10, 3, 10, 3, 30, 3, 10, 3, 10, 3, 10, 3, 10, 3, 30, 3, 10, 3]",14.32811890838209
"[10, 3, 10, 3, 10, 3, 10, 3, 30, 3, 30, 3, 10, 3, 10, 3, 30, 3, 10, 3, 10, 3, 10, 3, 10, 3, 30, 3, 10, 3]",15.922750487329434
"[10, 3, 10, 3, 10, 3, 10, 3, 30, 3, 30, 3, 10, 3, 10, 3, 30, 3, 10, 3, 10, 3, 10, 3, 10, 3, 30, 3, 10, 3]",14.936793372319723
"[10, 3, 10, 3, 10, 3, 10, 3, 30, 3, 30, 3, 10, 3, 10, 3, 30, 3, 10, 3, 10, 3, 10, 3, 10, 3, 30, 3, 10, 3]",14.144826510721245
"[10, 3, 10, 3, 10, 3, 10, 3, 30, 3, 30, 3, 10, 3, 10, 3, 30, 3, 10, 3, 10, 3, 10, 3, 10, 3, 30, 3, 10, 3]",14.319974658869372
"[10, 3, 10, 3, 10, 3, 10, 3, 30, 3, 30, 3, 10, 3, 10, 3, 30, 3, 10, 3, 10, 3, 10, 3, 10, 3, 30, 3, 10, 3]",13.748382066276822
"[10, 3, 10, 3, 10, 3, 10, 3, 30, 3, 30, 3, 10, 3, 10, 3, 30, 3, 10, 3, 10, 3, 10, 3, 10, 3, 30, 3, 10, 3]",16.41377777777779
"[10, 3, 10, 3, 10, 3, 10, 3, 30, 3, 30, 3, 10, 3, 10, 3, 30, 3, 10, 3, 10, 3, 10, 3, 10, 3, 30, 3, 10, 3]",14.715549707602321
"[10, 3, 10, 3, 10, 3, 10, 3, 30, 3, 30, 3, 10, 3, 10, 3, 30, 3, 10, 3, 10, 3, 10, 3, 10, 3, 30, 3, 10, 3]",15.051549707602389
"[10, 3, 10, 3, 10, 3, 10, 3, 30, 3, 30, 3, 10, 3, 10, 3, 30, 3, 10, 3, 10, 3, 10, 3, 10, 3, 30, 3, 10, 3]",16.58784600389865
"[10, 3, 10, 3, 10, 3, 10, 3, 30, 3, 30, 3, 10, 3, 10, 3, 30, 3, 10, 3, 10, 3, 10, 3, 10, 3, 30, 3, 10, 3]",15.168769980506822
"[10, 3, 10, 3, 10, 3, 10, 3, 30, 3, 30, 3, 10, 3, 10, 3, 30, 3, 10, 3, 10, 3, 10, 3, 10, 3, 30, 3, 10, 3]",13.601463937621828
"[10, 3, 10, 3, 10, 3, 10, 3, 30, 3, 30, 3, 10, 3, 10, 3, 30, 3, 10, 3, 10, 3, 10, 3, 10, 3, 30, 3, 10, 3]",14.066734892787528
"[10, 3, 10, 3, 10, 3, 10, 3, 30, 3, 30, 3, 10, 3, 10, 3, 30, 3, 10, 3, 10, 3, 10, 3, 10, 3, 30, 3, 10, 3]",13.163631578947378
"[10, 3, 10, 3, 10, 3, 10, 3, 30, 3, 30, 3, 10, 3, 10, 3, 30, 3, 10, 3, 10, 3, 10, 3, 10, 3, 30, 3, 10, 3]",16.15973489278752
"[10, 3, 10, 3, 10, 3, 10, 3, 30, 3, 30, 3, 10, 3, 10, 3, 30, 3, 10, 3, 10, 3, 10, 3, 10, 3, 30, 3, 10, 3]",15.15185964912285
"[10, 3, 10, 3, 10, 3, 10, 3, 30, 3, 30, 3, 10, 3, 10, 3, 30, 3, 10, 3, 10, 3, 10, 3, 10, 3, 30, 3, 10, 3]",16.07721442495127
"[10, 3, 10, 3, 10, 3, 10, 3, 30, 3, 30, 3, 10, 3, 10, 3, 30, 3, 10, 3, 10, 3, 10, 3, 10, 3, 30, 3, 10, 3]",14.702814814814843
"[10, 3, 10, 3, 10, 3, 10, 3, 30, 3, 30, 3, 10, 3, 10, 3, 30, 3, 10, 3, 10, 3, 10, 3, 10, 3, 30, 3, 10, 3]",15.087775828460067
"[10, 3, 10, 3, 10, 3, 10, 3, 30, 3, 30, 3, 10, 3, 10, 3, 30, 3, 10, 3, 10, 3, 10, 3, 10, 3, 30, 3, 10, 3]",14.371549707602357
"[10, 3, 10, 3, 10, 3, 10, 3, 30, 3, 30, 3, 10, 3, 10, 3, 30, 3, 10, 3, 10, 3, 10, 3, 10, 3, 30, 3, 10, 3]",14.785941520467809
"[10, 3, 10, 3, 10, 3, 10, 3, 30, 3, 30, 3, 10, 3, 10, 3, 30, 3, 10, 3, 10, 3, 10, 3, 10, 3, 30, 3, 10, 3]",14.100539961013668
"[10, 3, 10, 3, 10, 3, 10, 3, 30, 3, 30, 3, 10, 3, 10, 3, 30, 3, 10, 3, 10, 3, 10, 3, 10, 3, 30, 3, 10, 3]",13.976134502923967
"[10, 3, 10, 3, 10, 3, 10, 3, 30, 3, 30, 3, 10, 3, 10, 3, 30, 3, 10, 3, 10, 3, 10, 3, 10, 3, 30, 3, 10, 3]",15.440395711500981
"[10, 3, 10, 3, 10, 3, 10, 3, 30, 3, 30, 3, 10, 3, 10, 3, 30, 3, 10, 3, 10, 3, 10, 3, 10, 3, 30, 3, 10, 3]",14.951095516569213
"[10, 3, 10, 3, 10, 3, 10, 3, 30, 3, 30, 3, 10, 3, 10, 3, 30, 3, 10, 3, 10, 3, 10, 3, 10, 3, 30, 3, 10, 3]",14.276376218323554
"[10, 3, 10, 3, 10, 3, 10, 3, 30, 3, 30, 3, 10, 3, 10, 3, 30, 3, 10, 3, 10, 3, 10, 3, 10, 3, 30, 3, 10, 3]",14.776087719298259
"[10, 3, 10, 3, 10, 3, 10, 3, 30, 3, 30, 3, 10, 3, 10, 3, 30, 3, 10, 3, 10, 3, 10, 3, 10, 3, 30, 3, 10, 3]",13.211769980506824
"[10, 3, 10, 3, 10, 3, 10, 3, 30, 3, 30, 3, 10, 3, 10, 3, 30, 3, 10, 3, 10, 3, 10, 3, 10, 3, 30, 3, 10, 3]",13.875719298245585
"[10, 3, 10, 3, 10, 3, 10, 3, 30, 3, 30, 3, 10, 3, 10, 3, 30, 3, 10, 3, 10, 3, 10, 3, 10, 3, 30, 3, 10, 3]",14.816855750487306
"[10, 3, 10, 3, 10, 3, 10, 3, 30, 3, 30, 3, 10, 3, 10, 3, 30, 3, 10, 3, 10, 3, 10, 3, 10, 3, 30, 3, 10, 3]",15.158483430799253
"[10, 3, 10, 3, 10, 3, 10, 3, 30, 3, 30, 3, 10, 3, 10, 3, 30, 3, 10, 3, 10, 3, 10, 3, 10, 3, 30, 3, 10, 3]",15.947245614035074
"[10, 3, 10, 3, 10, 3, 10, 3, 30, 3, 30, 3, 10, 3, 10, 3, 30, 3, 10, 3, 10, 3, 10, 3, 10, 3, 30, 3, 10, 3]",14.038877192982476
"[10, 3, 10, 3, 10, 3, 10, 3, 30, 3, 30, 3, 10, 3, 10, 3, 30, 3, 10, 3, 10, 3, 10, 3, 10, 3, 30, 3, 10, 3]",14.55047953216375
"[10, 3, 10, 3, 10, 3, 10, 3, 30, 3, 30, 3, 10, 3, 10, 3, 30, 3, 10, 3, 10, 3, 10, 3, 10, 3, 30, 3, 10, 3]",16.55242884990252
"[10, 3, 10, 3, 10, 3, 10, 3, 30, 3, 30, 3, 10, 3, 10, 3, 30, 3, 10, 3, 10, 3, 10, 3, 10, 3, 30, 3, 10, 3]",15.15868226120856
"[10, 3, 10, 3, 10, 3, 10, 3, 30, 3, 30, 3, 10, 3, 10, 3, 30, 3, 10, 3, 10, 3, 10, 3, 10, 3, 30, 3, 10, 3]",13.590543859649141
"[10, 3, 10, 3, 10, 3, 10, 3, 30, 3, 30, 3, 10, 3, 10, 3, 30, 3, 10, 3, 10, 3, 10, 3, 10, 3, 30, 3, 10, 3]",14.640933723196914
"[10, 3, 10, 3, 10, 3, 10, 3, 30, 3, 30, 3, 10, 3, 10, 3, 30, 3, 10, 3, 10, 3, 10, 3, 10, 3, 30, 3, 10, 3]",15.546840155945448
"[10, 3, 10, 3, 10, 3, 10, 3, 30, 3, 30, 3, 10, 3, 10, 3, 30, 3, 10, 3, 10, 3, 10, 3, 10, 3, 30, 3, 10, 3]",14.685974658869357
"[10, 3, 10, 3, 10, 3, 10, 3, 30, 3, 30, 3, 10, 3, 10, 3, 30, 3, 10, 3, 10, 3, 10, 3, 10, 3, 30, 3, 10, 3]",16.41059844054584
"[10, 3, 10, 3, 10, 3, 10, 3, 30, 3, 30, 3, 10, 3, 10, 3, 30, 3, 10, 3, 10, 3, 10, 3, 10, 3, 30, 3, 10, 3]",15.126779727095503
"[10, 3, 10, 3, 10, 3, 10, 3, 30, 3, 30, 3, 10, 3, 10, 3, 30, 3, 10, 3, 10, 3, 10, 3, 10, 3, 30, 3, 10, 3]",14.602643274853804
"[10, 3, 10, 3, 10, 3, 10, 3, 30, 3, 30, 3, 10, 3, 10, 3, 30, 3, 10, 3, 10, 3, 10, 3, 10, 3, 30, 3, 10, 3]",14.459775828459998
"[10, 3, 10, 3, 10, 3, 10, 3, 30, 3, 30, 3, 10, 3, 10, 3, 30, 3, 10, 3, 10, 3, 10, 3, 10, 3, 30, 3, 10, 3]",13.53449707602341
"[10, 3, 10, 3, 10, 3, 10, 3, 30, 3, 30, 3, 10, 3, 10, 3, 30, 3, 10, 3, 10, 3, 10, 3, 10, 3, 30, 3, 10, 3]",15.327064327485388
"[10, 3, 10, 3, 10, 3, 10, 3, 30, 3, 30, 3, 10, 3, 10, 3, 30, 3, 10, 3, 10, 3, 10, 3, 10, 3, 30, 3, 10, 3]",14.564294346978587
"[10, 3, 10, 3, 10, 3, 10, 3, 30, 3, 30, 3, 10, 3, 10, 3, 30, 3, 10, 3, 10, 3, 10, 3, 10, 3, 30, 3, 10, 3]",14.114908382066282
"[10, 3, 10, 3, 10, 3, 10, 3, 30, 3, 30, 3, 10, 3, 10, 3, 30, 3, 10, 3, 10, 3, 10, 3, 10, 3, 30, 3, 10, 3]",14.535286549707632
"[10, 3, 10, 3, 10, 3, 10, 3, 30, 3, 30, 3, 10, 3, 10, 3, 30, 3, 10, 3, 10, 3, 10, 3, 10, 3, 30, 3, 10, 3]",15.217732943469782
"[10, 3, 10, 3, 10, 3, 10, 3, 30, 3, 30, 3, 10, 3, 10, 3, 30, 3, 10, 3, 10, 3, 10, 3, 10, 3, 30, 3, 10, 3]",15.241935672514641
"[10, 3, 10, 3, 10, 3, 10, 3, 30, 3, 30, 3, 10, 3, 10, 3, 30, 3, 10, 3, 10, 3, 10, 3, 10, 3, 30, 3, 10, 3]",15.367068226120827
"[10, 3, 10, 3, 10, 3, 10, 3, 30, 3, 30, 3, 10, 3, 10, 3, 30, 3, 10, 3, 10, 3, 10, 3, 10, 3, 30, 3, 10, 3]",15.889730994152083
"[10, 3, 10, 3, 10, 3, 10, 3, 30, 3, 30, 3, 10, 3, 10, 3, 30, 3, 10, 3, 10, 3, 10, 3, 10, 3, 30, 3, 10, 3]",15.926037037037013
"[10, 3, 10, 3, 10, 3, 10, 3, 30, 3, 30, 3, 10, 3, 10, 3, 30, 3, 10, 3, 10, 3, 10, 3, 10, 3, 30, 3, 10, 3]",14.407927875243669
"[10, 3, 10, 3, 10, 3, 10, 3, 30, 3, 30, 3, 10, 3, 10, 3, 30, 3, 10, 3, 10, 3, 10, 3, 10, 3, 30, 3, 10, 3]",15.868079922027308
"[10, 3, 10, 3, 10, 3, 10, 3, 30, 3, 30, 3, 10, 3, 10, 3, 30, 3, 10, 3, 10, 3, 10, 3, 10, 3, 30, 3, 10, 3]",14.354177387914223
"[10, 3, 10, 3, 10, 3, 10, 3, 30, 3, 30, 3, 10, 3, 10, 3, 30, 3, 10, 3, 10, 3, 10, 3, 10, 3, 30, 3, 10, 3]",13.747785575048717
"[10, 3, 10, 3, 10, 3, 10, 3, 30, 3, 30, 3, 10, 3, 10, 3, 30, 3, 10, 3, 10, 3, 10, 3, 10, 3, 30, 3, 10, 3]",15.23469395711506
"[10, 3, 10, 3, 10, 3, 10, 3, 30, 3, 30, 3, 10, 3, 10, 3, 30, 3, 10, 3, 10, 3, 10, 3, 10, 3, 30, 3, 10, 3]",15.503060428849928
"[10, 3, 10, 3, 10, 3, 10, 3, 30, 3, 30, 3, 10, 3, 10, 3, 30, 3, 10, 3, 10, 3, 10, 3, 10, 3, 30, 3, 10, 3]",14.996397660818714
"[10, 3, 10, 3, 10, 3, 10, 3, 30, 3, 30, 3, 10, 3, 10, 3, 30, 3, 10, 3, 10, 3, 10, 3, 10, 3, 30, 3, 10, 3]",14.024352826510711
"[10, 3, 10, 3, 10, 3, 10, 3, 30, 3, 30, 3, 10, 3, 10, 3, 30, 3, 10, 3, 10, 3, 10, 3, 10, 3, 30, 3, 10, 3]",15.185906432748517
"[10, 3, 10, 3, 10, 3, 10, 3, 30, 3, 30, 3, 10, 3, 10, 3, 30, 3, 10, 3, 10, 3, 10, 3, 10, 3, 30, 3, 10, 3]",14.95265497076025
"[10, 3, 10, 3, 10, 3, 10, 3, 30, 3, 30, 3, 10, 3, 10, 3, 30, 3, 10, 3, 10, 3, 10, 3, 10, 3, 30, 3, 10, 3]",15.163460038986322
"[10, 3, 10, 3, 10, 3, 10, 3, 30, 3, 30, 3, 10, 3, 10, 3, 30, 3, 10, 3, 10, 3, 10, 3, 10, 3, 30, 3, 10, 3]",15.09266471734893
"[10, 3, 10, 3, 10, 3, 10, 3, 30, 3, 30, 3, 10, 3, 10, 3, 30, 3, 10, 3, 10, 3, 10, 3, 10, 3, 30, 3, 10, 3]",13.196473684210487
"[10, 3, 10, 3, 10, 3, 10, 3, 30, 3, 30, 3, 10, 3, 10, 3, 30, 3, 10, 3, 10, 3, 10, 3, 10, 3, 30, 3, 10, 3]",13.724999999999957
"[10, 3, 10, 3, 10, 3, 10, 3, 30, 3, 30, 3, 10, 3, 10, 3, 30, 3, 10, 3, 10, 3, 10, 3, 10, 3, 30, 3, 10, 3]",14.524214424951293
"[10, 3, 10, 3, 10, 3, 10, 3, 30, 3, 30, 3, 10, 3, 10, 3, 30, 3, 10, 3, 10, 3, 10, 3, 10, 3, 30, 3, 10, 3]",14.324752436647186
"[10, 3, 10, 3, 10, 3, 10, 3, 30, 3, 30, 3, 10, 3, 10, 3, 30, 3, 10, 3, 10, 3, 10, 3, 10, 3, 30, 3, 10, 3]",15.324945419103331
"[10, 3, 10, 3, 10, 3, 10, 3, 30, 3, 30, 3, 10, 3, 10, 3, 30, 3, 10, 3, 10, 3, 10, 3, 10, 3, 30, 3, 10, 3]",15.742426900584793
"[10, 3, 10, 3, 10, 3, 10, 3, 30, 3, 30, 3, 10, 3, 10, 3, 30, 3, 10, 3, 10, 3, 10, 3, 10, 3, 30, 3, 10, 3]",16.227419103313828
"[10, 3, 10, 3, 10, 3, 10, 3, 30, 3, 30, 3, 10, 3, 10, 3, 30, 3, 10, 3, 10, 3, 10, 3, 10, 3, 30, 3, 10, 3]",13.993861598440509
"[10, 3, 10, 3, 10, 3, 10, 3, 30, 3, 30, 3, 10, 3, 10, 3, 30, 3, 10, 3, 10, 3, 10, 3, 10, 3, 30, 3, 10, 3]",14.906432748538004
"[10, 3, 10, 3, 10, 3, 10, 3, 30, 3, 30, 3, 10, 3, 10, 3, 30, 3, 10, 3, 10, 3, 10, 3, 10, 3, 30, 3, 10, 3]",14.031877192982487
"[10, 3, 10, 3, 10, 3, 10, 3, 30, 3, 30, 3, 10, 3, 10, 3, 30, 3, 10, 3, 10, 3, 10, 3, 10, 3, 30, 3, 10, 3]",14.797376218323596
"[10, 3, 10, 3, 10, 3, 10, 3, 30, 3, 30, 3, 10, 3, 10, 3, 30, 3, 10, 3, 10, 3, 10, 3, 10, 3, 30, 3, 10, 3]",15.9664580896686
"[10, 3, 10, 3, 10, 3, 10, 3, 30, 3, 30, 3, 10, 3, 10, 3, 30, 3, 10, 3, 10, 3, 10, 3, 10, 3, 30, 3, 10, 3]",14.711419103313819
"[10, 3, 10, 3, 10, 3, 10, 3, 30, 3, 30, 3, 10, 3, 10, 3, 30, 3, 10, 3, 10, 3, 10, 3, 10, 3, 30, 3, 10, 3]",14.811323586744608
"[10, 3, 10, 3, 10, 3, 10, 3, 30, 3, 30, 3, 10, 3, 10, 3, 30, 3, 10, 3, 10, 3, 10, 3, 10, 3, 30, 3, 10, 3]",15.262803118908376
"[10, 3, 10, 3, 10, 3, 10, 3, 30, 3, 30, 3, 10, 3, 10, 3, 30, 3, 10, 3, 10, 3, 10, 3, 10, 3, 30, 3, 10, 3]",14.221793372319706
"[10, 3, 10, 3, 10, 3, 10, 3, 30, 3, 30, 3, 10, 3, 10, 3, 30, 3, 10, 3, 10, 3, 10, 3, 10, 3, 30, 3, 10, 3]",13.983508771929799
"[10, 3, 10, 3, 10, 3, 10, 3, 30, 3, 30, 3, 10, 3, 10, 3, 30, 3, 10, 3, 10, 3, 10, 3, 10, 3, 30, 3, 10, 3]",13.893846003898624
"[10, 3, 10, 3, 10, 3, 10, 3, 30, 3, 30, 3, 10, 3, 10, 3, 30, 3, 10, 3, 10, 3, 10, 3, 10, 3, 30, 3, 10, 3]",14.262945419103275
"[10, 3, 10, 3, 10, 3, 10, 3, 30, 3, 30, 3, 10, 3, 10, 3, 30, 3, 10, 3, 10, 3, 10, 3, 10, 3, 30, 3, 10, 3]",15.315093567251461
"[10, 3, 10, 3, 10, 3, 10, 3, 30, 3, 30, 3, 10, 3, 10, 3, 30, 3, 10, 3, 10, 3, 10, 3, 10, 3, 30, 3, 10, 3]",13.279559454191023
"[10, 3, 10, 3, 10, 3, 10, 3, 30, 3, 30, 3, 10, 3, 10, 3, 30, 3, 10, 3, 10, 3, 10, 3, 10, 3, 30, 3, 10, 3]",16.006528265107214
"[10, 3, 10, 3, 10, 3, 10, 3, 30, 3, 30, 3, 10, 3, 10, 3, 30, 3, 10, 3, 10, 3, 10, 3, 10, 3, 30, 3, 10, 3]",14.85688693957115
"[10, 3, 10, 3, 10, 3, 10, 3, 30, 3, 30, 3, 10, 3, 10, 3, 30, 3, 10, 3, 10, 3, 10, 3, 10, 3, 30, 3, 10, 3]",14.819292397660814
"[10, 3, 10, 3, 10, 3, 10, 3, 30, 3, 30, 3, 10, 3, 10, 3, 30, 3, 10, 3, 10, 3, 10, 3, 10, 3, 30, 3, 10, 3]",15.303046783625744
"[10, 3, 10, 3, 10, 3, 10, 3, 30, 3, 30, 3, 10, 3, 10, 3, 30, 3, 10, 3, 10, 3, 10, 3, 10, 3, 30, 3, 10, 3]",13.375639376218347
"[10, 3, 10, 3, 10, 3, 10, 3, 30, 3, 30, 3, 10, 3, 10, 3, 30, 3, 10, 3, 10, 3, 10, 3, 10, 3, 30, 3, 10, 3]",15.292873294347007
"[10, 3, 10, 3, 10, 3, 10, 3, 30, 3, 30, 3, 10, 3, 10, 3, 30, 3, 10, 3, 10, 3, 10, 3, 10, 3, 30, 3, 10, 3]",15.283504873294332
"[10, 3, 10, 3, 10, 3, 10, 3, 30, 3, 30, 3, 10, 3, 10, 3, 30, 3, 10, 3, 10, 3, 10, 3, 10, 3, 30, 3, 10, 3]",15.13946198830406
"[10, 3, 10, 3, 10, 3, 10, 3, 30, 3, 30, 3, 10, 3, 10, 3, 30, 3, 10, 3, 10, 3, 10, 3, 10, 3, 30, 3, 10, 3]",15.84946393762182
"[10, 3, 10, 3, 10, 3, 10, 3, 30, 3, 30, 3, 10, 3, 10, 3, 30, 3, 10, 3, 10, 3, 10, 3, 10, 3, 30, 3, 10, 3]",15.654851851851824
"[10, 3, 10, 3, 10, 3, 10, 3, 30, 3, 30, 3, 10, 3, 10, 3, 30, 3, 10, 3, 10, 3, 10, 3, 10, 3, 30, 3, 10, 3]",15.45340155945419
"[10, 3, 10, 3, 10, 3, 10, 3, 30, 3, 30, 3, 10, 3, 10, 3, 30, 3, 10, 3, 10, 3, 10, 3, 10, 3, 30, 3, 10, 3]",13.986161793372327
"[10, 3, 10, 3, 10, 3, 10, 3, 30, 3, 30, 3, 10, 3, 10, 3, 30, 3, 10, 3, 10, 3, 10, 3, 10, 3, 30, 3, 10, 3]",13.871087719298258
"[10, 3, 10, 3, 10, 3, 10, 3, 30, 3, 30, 3, 10, 3, 10, 3, 30, 3, 10, 3, 10, 3, 10, 3, 10, 3, 30, 3, 10, 3]",15.666641325536034
"[10, 3, 10, 3, 10, 3, 10, 3, 30, 3, 30, 3, 10, 3, 10, 3, 30, 3, 10, 3, 10, 3, 10, 3, 10, 3, 30, 3, 10, 3]",13.622054580896663
"[10, 3, 10, 3, 10, 3, 10, 3, 30, 3, 30, 3, 10, 3, 10, 3, 30, 3, 10, 3, 10, 3, 10, 3, 10, 3, 30, 3, 10, 3]",13.78052436647173
"[10, 3, 10, 3, 10, 3, 10, 3, 30, 3, 30, 3, 10, 3, 10, 3, 30, 3, 10, 3, 10, 3, 10, 3, 10, 3, 30, 3, 10, 3]",14.763748538011685
"[10, 3, 10, 3, 10, 3, 10, 3, 30, 3, 30, 3, 10, 3, 10, 3, 30, 3, 10, 3, 10, 3, 10, 3, 10, 3, 30, 3, 10, 3]",13.274785575048732
"[10, 3, 10, 3, 10, 3, 10, 3, 30, 3, 30, 3, 10, 3, 10, 3, 30, 3, 10, 3, 10, 3, 10, 3, 10, 3, 30, 3, 10, 3]",14.712274853801185
"[10, 3, 10, 3, 10, 3, 10, 3, 30, 3, 30, 3, 10, 3, 10, 3, 30, 3, 10, 3, 10, 3, 10, 3, 10, 3, 30, 3, 10, 3]",15.738584795321646
"[10, 3, 10, 3, 10, 3, 10, 3, 30, 3, 30, 3, 10, 3, 10, 3, 30, 3, 10, 3, 10, 3, 10, 3, 10, 3, 30, 3, 10, 3]",13.416900584795313
"[10, 3, 10, 3, 10, 3, 10, 3, 30, 3, 30, 3, 10, 3, 10, 3, 30, 3, 10, 3, 10, 3, 10, 3, 10, 3, 30, 3, 10, 3]",14.515366471734893
"[10, 3, 10, 3, 10, 3, 10, 3, 30, 3, 30, 3, 10, 3, 10, 3, 30, 3, 10, 3, 10, 3, 10, 3, 10, 3, 30, 3, 10, 3]",14.952594541910361
"[10, 3, 10, 3, 10, 3, 10, 3, 30, 3, 30, 3, 10, 3, 10, 3, 30, 3, 10, 3, 10, 3, 10, 3, 10, 3, 30, 3, 10, 3]",15.783721247563305
"[10, 3, 10, 3, 10, 3, 10, 3, 30, 3, 30, 3, 10, 3, 10, 3, 30, 3, 10, 3, 10, 3, 10, 3, 10, 3, 30, 3, 10, 3]",15.527803118908404
"[10, 3, 10, 3, 10, 3, 10, 3, 30, 3, 30, 3, 10, 3, 10, 3, 30, 3, 10, 3, 10, 3, 10, 3, 10, 3, 30, 3, 10, 3]",14.811382066276794
"[10, 3, 10, 3, 10, 3, 10, 3, 30, 3, 30, 3, 10, 3, 10, 3, 30, 3, 10, 3, 10, 3, 10, 3, 10, 3, 30, 3, 10, 3]",14.641851851851841
"[10, 3, 10, 3, 10, 3, 10, 3, 30, 3, 30, 3, 10, 3, 10, 3, 30, 3, 10, 3, 10, 3, 10, 3, 10, 3, 30, 3, 10, 3]",13.865483430799213
"[10, 3, 10, 3, 10, 3, 10, 3, 30, 3, 30, 3, 10, 3, 10, 3, 30, 3, 10, 3, 10, 3, 10, 3, 10, 3, 30, 3, 10, 3]",15.084653021442517
"[10, 3, 10, 3, 10, 3, 10, 3, 30, 3, 30, 3, 10, 3, 10, 3, 30, 3, 10, 3, 10, 3, 10, 3, 10, 3, 30, 3, 10, 3]",13.565009746588673
"[10, 3, 10, 3, 10, 3, 10, 3, 30, 3, 30, 3, 10, 3, 10, 3, 30, 3, 10, 3, 10, 3, 10, 3, 10, 3, 30, 3, 10, 3]",14.592231968810927
"[10, 3, 10, 3, 10, 3, 10, 3, 30, 3, 30, 3, 10, 3, 10, 3, 30, 3, 10, 3, 10, 3, 10, 3, 10, 3, 30, 3, 10, 3]",15.063284600389855
"[10, 3, 10, 3, 10, 3, 10, 3, 30, 3, 30, 3, 10, 3, 10, 3, 30, 3, 10, 3, 10, 3, 10, 3, 10, 3, 30, 3, 10, 3]",13.783333333333351
"[10, 3, 10, 3, 10, 3, 10, 3, 30, 3, 30, 3, 10, 3, 10, 3, 30, 3, 10, 3, 10, 3, 10, 3, 10, 3, 30, 3, 10, 3]",14.103588693957125
"[10, 3, 10, 3, 10, 3, 10, 3, 30, 3, 30, 3, 10, 3, 10, 3, 30, 3, 10, 3, 10, 3, 10, 3, 10, 3, 30, 3, 10, 3]",14.48303508771929
"[10, 3, 10, 3, 10, 3, 10, 3, 30, 3, 30, 3, 10, 3, 10, 3, 30, 3, 10, 3, 10, 3, 10, 3, 10, 3, 30, 3, 10, 3]",15.500614035087697
"[10, 3, 10, 3, 10, 3, 10, 3, 30, 3, 30, 3, 10, 3, 10, 3, 30, 3, 10, 3, 10, 3, 10, 3, 10, 3, 30, 3, 10, 3]",14.777764132553616
"[10, 3, 10, 3, 10, 3, 10, 3, 30, 3, 30, 3, 10, 3, 10, 3, 30, 3, 10, 3, 10, 3, 10, 3, 10, 3, 30, 3, 10, 3]",15.71646198830411
"[10, 3, 10, 3, 10, 3, 10, 3, 30, 3, 30, 3, 10, 3, 10, 3, 30, 3, 10, 3, 10, 3, 10, 3, 10, 3, 30, 3, 10, 3]",16.350894736842097
"[10, 3, 10, 3, 10, 3, 10, 3, 30, 3, 30, 3, 10, 3, 10, 3, 30, 3, 10, 3, 10, 3, 10, 3, 10, 3, 30, 3, 10, 3]",14.194126705653044
"[10, 3, 10, 3, 10, 3, 10, 3, 30, 3, 30, 3, 10, 3, 10, 3, 30, 3, 10, 3, 10, 3, 10, 3, 10, 3, 30, 3, 10, 3]",14.016304093567246
"[10, 3, 10, 3, 10, 3, 10, 3, 30, 3, 30, 3, 10, 3, 10, 3, 30, 3, 10, 3, 10, 3, 10, 3, 10, 3, 30, 3, 10, 3]",14.837980506822634
"[10, 3, 10, 3, 10, 3, 10, 3, 30, 3, 30, 3, 10, 3, 10, 3, 30, 3, 10, 3, 10, 3, 10, 3, 10, 3, 30, 3, 10, 3]",15.506647173489249
"[10, 3, 10, 3, 10, 3, 10, 3, 30, 3, 30, 3, 10, 3, 10, 3, 30, 3, 10, 3, 10, 3, 10, 3, 10, 3, 30, 3, 10, 3]",15.652670565302103
"[10, 3, 10, 3, 10, 3, 10, 3, 30, 3, 30, 3, 10, 3, 10, 3, 30, 3, 10, 3, 10, 3, 10, 3, 10, 3, 30, 3, 10, 3]",14.167461988304117
"[10, 3, 10, 3, 10, 3, 10, 3, 30, 3, 30, 3, 10, 3, 10, 3, 30, 3, 10, 3, 10, 3, 10, 3, 10, 3, 30, 3, 10, 3]",14.955165692007794
"[10, 3, 10, 3, 10, 3, 10, 3, 30, 3, 30, 3, 10, 3, 10, 3, 30, 3, 10, 3, 10, 3, 10, 3, 10, 3, 30, 3, 10, 3]",14.39290643274852
"[10, 3, 10, 3, 10, 3, 10, 3, 30, 3, 30, 3, 10, 3, 10, 3, 30, 3, 10, 3, 10, 3, 10, 3, 10, 3, 30, 3, 10, 3]",15.450473684210484
"[10, 3, 10, 3, 10, 3, 10, 3, 30, 3, 30, 3, 10, 3, 10, 3, 30, 3, 10, 3, 10, 3, 10, 3, 10, 3, 30, 3, 10, 3]",14.982109161793359
"[10, 3, 10, 3, 10, 3, 10, 3, 30, 3, 30, 3, 10, 3, 10, 3, 30, 3, 10, 3, 10, 3, 10, 3, 10, 3, 30, 3, 10, 3]",15.068315789473676
"[10, 3, 10, 3, 10, 3, 10, 3, 30, 3, 30, 3, 10, 3, 10, 3, 30, 3, 10, 3, 10, 3, 10, 3, 10, 3, 30, 3, 10, 3]",15.015623781676393
"[10, 3, 10, 3, 10, 3, 10, 3, 30, 3, 30, 3, 10, 3, 10, 3, 30, 3, 10, 3, 10, 3, 10, 3, 10, 3, 30, 3, 10, 3]",14.742690058479505
"[10, 3, 10, 3, 10, 3, 10, 3, 30, 3, 30, 3, 10, 3, 10, 3, 30, 3, 10, 3, 10, 3, 10, 3, 10, 3, 30, 3, 10, 3]",15.796419103313825
"[10, 3, 10, 3, 10, 3, 10, 3, 30, 3, 30, 3, 10, 3, 10, 3, 30, 3, 10, 3, 10, 3, 10, 3, 10, 3, 30, 3, 10, 3]",16.18536452241716
"[10, 3, 10, 3, 10, 3, 10, 3, 30, 3, 30, 3, 10, 3, 10, 3, 30, 3, 10, 3, 10, 3, 10, 3, 10, 3, 30, 3, 10, 3]",15.060779727095536
"[10, 3, 10, 3, 10, 3, 10, 3, 30, 3, 30, 3, 10, 3, 10, 3, 30, 3, 10, 3, 10, 3, 10, 3, 10, 3, 30, 3, 10, 3]",16.642766081871297
"[10, 3, 10, 3, 10, 3, 10, 3, 30, 3, 30, 3, 10, 3, 10, 3, 30, 3, 10, 3, 10, 3, 10, 3, 10, 3, 30, 3, 10, 3]",15.265888888888913
"[10, 3, 10, 3, 10, 3, 10, 3, 30, 3, 30, 3, 10, 3, 10, 3, 30, 3, 10, 3, 10, 3, 10, 3, 10, 3, 30, 3, 10, 3]",13.228639376218302
"[10, 3, 10, 3, 10, 3, 10, 3, 30, 3, 30, 3, 10, 3, 10, 3, 30, 3, 10, 3, 10, 3, 10, 3, 10, 3, 30, 3, 10, 3]",13.640115009746594
"[10, 3, 10, 3, 10, 3, 10, 3, 30, 3, 30, 3, 10, 3, 10, 3, 30, 3, 10, 3, 10, 3, 10, 3, 10, 3, 30, 3, 10, 3]",13.266649122806994
"[10, 3, 10, 3, 10, 3, 10, 3, 30, 3, 30, 3, 10, 3, 10, 3, 30, 3, 10, 3, 10, 3, 10, 3, 10, 3, 30, 3, 10, 3]",15.535235867446374
"[10, 3, 10, 3, 10, 3, 10, 3, 30, 3, 30, 3, 10, 3, 10, 3, 30, 3, 10, 3, 10, 3, 10, 3, 10, 3, 30, 3, 10, 3]",14.566978557504887
"[10, 3, 10, 3, 10, 3, 10, 3, 30, 3, 30, 3, 10, 3, 10, 3, 30, 3, 10, 3, 10, 3, 10, 3, 10, 3, 30, 3, 10, 3]",14.147087719298238
"[10, 3, 10, 3, 10, 3, 10, 3, 30, 3, 30, 3, 10, 3, 10, 3, 30, 3, 10, 3, 10, 3, 10, 3, 10, 3, 30, 3, 10, 3]",15.251220272904508
"[10, 3, 10, 3, 10, 3, 10, 3, 30, 3, 30, 3, 10, 3, 10, 3, 30, 3, 10, 3, 10, 3, 10, 3, 10, 3, 30, 3, 10, 3]",13.7438908382066
"[10, 3, 10, 3, 10, 3, 10, 3, 30, 3, 30, 3, 10, 3, 10, 3, 30, 3, 10, 3, 10, 3, 10, 3, 10, 3, 30, 3, 10, 3]",13.943986354775843
"[10, 3, 10, 3, 10, 3, 10, 3, 30, 3, 30, 3, 10, 3, 10, 3, 30, 3, 10, 3, 10, 3, 10, 3, 10, 3, 30, 3, 10, 3]",15.057964912280717
"[10, 3, 10, 3, 10, 3, 10, 3, 30, 3, 30, 3, 10, 3, 10, 3, 30, 3, 10, 3, 10, 3, 10, 3, 10, 3, 30, 3, 10, 3]",14.501003898635465
"[10, 3, 10, 3, 10, 3, 10, 3, 30, 3, 30, 3, 10, 3, 10, 3, 30, 3, 10, 3, 10, 3, 10, 3, 10, 3, 30, 3, 10, 3]",15.863187134502907
"[10, 3, 10, 3, 10, 3, 10, 3, 30, 3, 30, 3, 10, 3, 10, 3, 30, 3, 10, 3, 10, 3, 10, 3, 10, 3, 30, 3, 10, 3]",15.564808966861612
"[10, 3, 10, 3, 10, 3, 10, 3, 30, 3, 30, 3, 10, 3, 10, 3, 30, 3, 10, 3, 10, 3, 10, 3, 10, 3, 30, 3, 10, 3]",16.009346978557474
"[10, 3, 10, 3, 10, 3, 10, 3, 30, 3, 30, 3, 10, 3, 10, 3, 30, 3, 10, 3, 10, 3, 10, 3, 10, 3, 30, 3, 10, 3]",13.630204678362567
"[10, 3, 10, 3, 10, 3, 10, 3, 30, 3, 30, 3, 10, 3, 10, 3, 30, 3, 10, 3, 10, 3, 10, 3, 10, 3, 30, 3, 10, 3]",15.785169590643278
"[10, 3, 10, 3, 10, 3, 10, 3, 30, 3, 30, 3, 10, 3, 10, 3, 30, 3, 10, 3, 10, 3, 10, 3, 10, 3, 30, 3, 10, 3]",15.687376218323612
"[10, 3, 10, 3, 10, 3, 10, 3, 30, 3, 30, 3, 10, 3, 10, 3, 30, 3, 10, 3, 10, 3, 10, 3, 10, 3, 30, 3, 10, 3]",16.331432748538028
"[10, 3, 10, 3, 10, 3, 10, 3, 30, 3, 30, 3, 10, 3, 10, 3, 30, 3, 10, 3, 10, 3, 10, 3, 10, 3, 30, 3, 10, 3]",16.111089668615996
"[10, 3, 10, 3, 10, 3, 10, 3, 30, 3, 30, 3, 10, 3, 10, 3, 30, 3, 10, 3, 10, 3, 10, 3, 10, 3, 30, 3, 10, 3]",15.315448343079918
"[10, 3, 10, 3, 10, 3, 10, 3, 30, 3, 30, 3, 10, 3, 10, 3, 30, 3, 10, 3, 10, 3, 10, 3, 10, 3, 30, 3, 10, 3]",15.58652436647171
"[10, 3, 10, 3, 10, 3, 10, 3, 30, 3, 30, 3, 10, 3, 10, 3, 30, 3, 10, 3, 10, 3, 10, 3, 10, 3, 30, 3, 10, 3]",15.339715399610117
"[10, 3, 10, 3, 10, 3, 10, 3, 30, 3, 30, 3, 10, 3, 10, 3, 30, 3, 10, 3, 10, 3, 10, 3, 10, 3, 30, 3, 10, 3]",16.508345029239738
"[10, 3, 10, 3, 10, 3, 10, 3, 30, 3, 30, 3, 10, 3, 10, 3, 30, 3, 10, 3, 10, 3, 10, 3, 10, 3, 30, 3, 10, 3]",14.362709551656906
"[10, 3, 10, 3, 10, 3, 10, 3, 30, 3, 30, 3, 10, 3, 10, 3, 30, 3, 10, 3, 10, 3, 10, 3, 10, 3, 30, 3, 10, 3]",13.924473684210517
"[10, 3, 10, 3, 10, 3, 10, 3, 30, 3, 30, 3, 10, 3, 10, 3, 30, 3, 10, 3, 10, 3, 10, 3, 10, 3, 30, 3, 10, 3]",15.13898635477584
"[10, 3, 10, 3, 10, 3, 10, 3, 30, 3, 30, 3, 10, 3, 10, 3, 30, 3, 10, 3, 10, 3, 10, 3, 10, 3, 30, 3, 10, 3]",15.8484035087719
"[10, 3, 10, 3, 10, 3, 10, 3, 30, 3, 30, 3, 10, 3, 10, 3, 30, 3, 10, 3, 10, 3, 10, 3, 10, 3, 30, 3, 10, 3]",14.49087329434697
"[10, 3, 10, 3, 10, 3, 10, 3, 30, 3, 30, 3, 10, 3, 10, 3, 30, 3, 10, 3, 10, 3, 10, 3, 10, 3, 30, 3, 10, 3]",14.291695906432777
"[10, 3, 10, 3, 10, 3, 10, 3, 30, 3, 30, 3, 10, 3, 10, 3, 30, 3, 10, 3, 10, 3, 10, 3, 10, 3, 30, 3, 10, 3]",15.755017543859665
"[10, 3, 10, 3, 10, 3, 10, 3, 30, 3, 30, 3, 10, 3, 10, 3, 30, 3, 10, 3, 10, 3, 10, 3, 10, 3, 30, 3, 10, 3]",14.680904483430796
"[10, 3, 10, 3, 10, 3, 10, 3, 30, 3, 30, 3, 10, 3, 10, 3, 30, 3, 10, 3, 10, 3, 10, 3, 10, 3, 30, 3, 10, 3]",15.429551656920063
"[10, 3, 10, 3, 10, 3, 10, 3, 30, 3, 30, 3, 10, 3, 10, 3, 30, 3, 10, 3, 10, 3, 10, 3, 10, 3, 30, 3, 10, 3]",15.500688109161782
"[10, 3, 10, 3, 10, 3, 10, 3, 30, 3, 30, 3, 10, 3, 10, 3, 30, 3, 10, 3, 10, 3, 10, 3, 10, 3, 30, 3, 10, 3]",15.179345029239805
"[10, 3, 10, 3, 10, 3, 10, 3, 30, 3, 30, 3, 10, 3, 10, 3, 30, 3, 10, 3, 10, 3, 10, 3, 10, 3, 30, 3, 10, 3]",13.679754385964928
"[10, 3, 10, 3, 10, 3, 10, 3, 30, 3, 30, 3, 10, 3, 10, 3, 30, 3, 10, 3, 10, 3, 10, 3, 10, 3, 30, 3, 10, 3]",14.173844054580865
"[10, 3, 10, 3, 10, 3, 10, 3, 30, 3, 30, 3, 10, 3, 10, 3, 30, 3, 10, 3, 10, 3, 10, 3, 10, 3, 30, 3, 10, 3]",13.234183235867418
"[10, 3, 10, 3, 10, 3, 10, 3, 30, 3, 30, 3, 10, 3, 10, 3, 30, 3, 10, 3, 10, 3, 10, 3, 10, 3, 30, 3, 10, 3]",15.917037037037078
"[10, 3, 10, 3, 10, 3, 10, 3, 30, 3, 30, 3, 10, 3, 10, 3, 30, 3, 10, 3, 10, 3, 10, 3, 10, 3, 30, 3, 10, 3]",14.419475633528295
"[10, 3, 10, 3, 10, 3, 10, 3, 30, 3, 30, 3, 10, 3, 10, 3, 30, 3, 10, 3, 10, 3, 10, 3, 10, 3, 30, 3, 10, 3]",15.443467836257295
"[10, 3, 10, 3, 10, 3, 10, 3, 30, 3, 30, 3, 10, 3, 10, 3, 30, 3, 10, 3, 10, 3, 10, 3, 10, 3, 30, 3, 10, 3]",14.408846003898672
"[10, 3, 10, 3, 10, 3, 10, 3, 30, 3, 30, 3, 10, 3, 10, 3, 30, 3, 10, 3, 10, 3, 10, 3, 10, 3, 30, 3, 10, 3]",16.45326705653024
"[10, 3, 10, 3, 10, 3, 10, 3, 30, 3, 30, 3, 10, 3, 10, 3, 30, 3, 10, 3, 10, 3, 10, 3, 10, 3, 30, 3, 10, 3]",14.537582846003941
"[10, 3, 10, 3, 10, 3, 10, 3, 30, 3, 30, 3, 10, 3, 10, 3, 30, 3, 10, 3, 10, 3, 10, 3, 10, 3, 30, 3, 10, 3]",14.74634307992206
"[10, 3, 10, 3, 10, 3, 10, 3, 30, 3, 30, 3, 10, 3, 10, 3, 30, 3, 10, 3, 10, 3, 10, 3, 10, 3, 30, 3, 10, 3]",15.70388304093568
"[10, 3, 10, 3, 10, 3, 10, 3, 30, 3, 30, 3, 10, 3, 10, 3, 30, 3, 10, 3, 10, 3, 10, 3, 10, 3, 30, 3, 10, 3]",15.305614035087729
"[10, 3, 10, 3, 10, 3, 10, 3, 30, 3, 30, 3, 10, 3, 10, 3, 30, 3, 10, 3, 10, 3, 10, 3, 10, 3, 30, 3, 10, 3]",14.356044834308022
"[10, 3, 10, 3, 10, 3, 10, 3, 30, 3, 30, 3, 10, 3, 10, 3, 30, 3, 10, 3, 10, 3, 10, 3, 10, 3, 30, 3, 10, 3]",15.032538011695882
"[10, 3, 10, 3, 10, 3, 10, 3, 30, 3, 30, 3, 10, 3, 10, 3, 30, 3, 10, 3, 10, 3, 10, 3, 10, 3, 30, 3, 10, 3]",16.24676023391812
"[10, 3, 10, 3, 10, 3, 10, 3, 30, 3, 30, 3, 10, 3, 10, 3, 30, 3, 10, 3, 10, 3, 10, 3, 10, 3, 30, 3, 10, 3]",13.022600389863518
"[10, 3, 10, 3, 10, 3, 10, 3, 30, 3, 30, 3, 10, 3, 10, 3, 30, 3, 10, 3, 10, 3, 10, 3, 10, 3, 30, 3, 10, 3]",15.157337231968805
"[10, 3, 10, 3, 10, 3, 10, 3, 30, 3, 30, 3, 10, 3, 10, 3, 30, 3, 10, 3, 10, 3, 10, 3, 10, 3, 30, 3, 10, 3]",15.134204678362597
"[10, 3, 10, 3, 10, 3, 10, 3, 30, 3, 30, 3, 10, 3, 10, 3, 30, 3, 10, 3, 10, 3, 10, 3, 10, 3, 30, 3, 10, 3]",15.045902534113033
"[10, 3, 10, 3, 10, 3, 10, 3, 30, 3, 30, 3, 10, 3, 10, 3, 30, 3, 10, 3, 10, 3, 10, 3, 10, 3, 30, 3, 10, 3]",15.028606237816822
"[10, 3, 10, 3, 10, 3, 10, 3, 30, 3, 30, 3, 10, 3, 10, 3, 30, 3, 10, 3, 10, 3, 10, 3, 10, 3, 30, 3, 10, 3]",14.287805068226122
"[10, 3, 10, 3, 10, 3, 10, 3, 30, 3, 30, 3, 10, 3, 10, 3, 30, 3, 10, 3, 10, 3, 10, 3, 10, 3, 30, 3, 10, 3]",16.692099415204662
"[10, 3, 10, 3, 10, 3, 10, 3, 30, 3, 30, 3, 10, 3, 10, 3, 30, 3, 10, 3, 10, 3, 10, 3, 10, 3, 30, 3, 10, 3]",12.544518518518531
"[10, 3, 10, 3, 10, 3, 10, 3, 30, 3, 30, 3, 10, 3, 10, 3, 30, 3, 10, 3, 10, 3, 10, 3, 10, 3, 30, 3, 10, 3]",15.325483430799204
"[10, 3, 10, 3, 10, 3, 10, 3, 30, 3, 30, 3, 10, 3, 10, 3, 30, 3, 10, 3, 10, 3, 10, 3, 10, 3, 30, 3, 10, 3]",15.524274853801183
"[10, 3, 10, 3, 10, 3, 10, 3, 30, 3, 30, 3, 10, 3, 10, 3, 30, 3, 10, 3, 10, 3, 10, 3, 10, 3, 30, 3, 10, 3]",14.99815399610136
"[10, 3, 10, 3, 10, 3, 10, 3, 30, 3, 30, 3, 10, 3, 10, 3, 30, 3, 10, 3, 10, 3, 10, 3, 10, 3, 30, 3, 10, 3]",14.059430799220257
"[10, 3, 10, 3, 10, 3, 10, 3, 30, 3, 30, 3, 10, 3, 10, 3, 30, 3, 10, 3, 10, 3, 10, 3, 10, 3, 30, 3, 10, 3]",15.231230019493125
"[10, 3, 10, 3, 10, 3, 10, 3, 30, 3, 30, 3, 10, 3, 10, 3, 30, 3, 10, 3, 10, 3, 10, 3, 10, 3, 30, 3, 10, 3]",15.19570955165692
"[10, 3, 10, 3, 10, 3, 10, 3, 30, 3, 30, 3, 10, 3, 10, 3, 30, 3, 10, 3, 10, 3, 10, 3, 10, 3, 30, 3, 10, 3]",14.555594541910324
"[10, 3, 10, 3, 10, 3, 10, 3, 30, 3, 30, 3, 10, 3, 10, 3, 30, 3, 10, 3, 10, 3, 10, 3, 10, 3, 30, 3, 10, 3]",15.372803118908417
"[10, 3, 10, 3, 10, 3, 10, 3, 30, 3, 30, 3, 10, 3, 10, 3, 30, 3, 10, 3, 10, 3, 10, 3, 10, 3, 30, 3, 10, 3]",14.997658869395703
"[10, 3, 10, 3, 10, 3, 10, 3, 30, 3, 30, 3, 10, 3, 10, 3, 30, 3, 10, 3, 10, 3, 10, 3, 10, 3, 30, 3, 10, 3]",16.02462962962968
"[10, 3, 10, 3, 10, 3, 10, 3, 30, 3, 30, 3, 10, 3, 10, 3, 30, 3, 10, 3, 10, 3, 10, 3, 10, 3, 30, 3, 10, 3]",14.255586744639341
"[10, 3, 10, 3, 10, 3, 10, 3, 30, 3, 30, 3, 10, 3, 10, 3, 30, 3, 10, 3, 10, 3, 10, 3, 10, 3, 30, 3, 10, 3]",16.195465886939598
"[10, 3, 10, 3, 10, 3, 10, 3, 30, 3, 30, 3, 10, 3, 10, 3, 30, 3, 10, 3, 10, 3, 10, 3, 10, 3, 30, 3, 10, 3]",14.084372319688105
"[10, 3, 10, 3, 10, 3, 10, 3, 30, 3, 30, 3, 10, 3, 10, 3, 30, 3, 10, 3, 10, 3, 10, 3, 10, 3, 30, 3, 10, 3]",15.208617933723183
"[10, 3, 10, 3, 10, 3, 10, 3, 30, 3, 30, 3, 10, 3, 10, 3, 30, 3, 10, 3, 10, 3, 10, 3, 10, 3, 30, 3, 10, 3]",14.070834307992207
"[10, 3, 10, 3, 10, 3, 10, 3, 30, 3, 30, 3, 10, 3, 10, 3, 30, 3, 10, 3, 10, 3, 10, 3, 10, 3, 30, 3, 10, 3]",15.762920077972725
"[10, 3, 10, 3, 10, 3, 10, 3, 30, 3, 30, 3, 10, 3, 10, 3, 30, 3, 10, 3, 10, 3, 10, 3, 10, 3, 30, 3, 10, 3]",14.40222807017545
"[10, 3, 10, 3, 10, 3, 10, 3, 30, 3, 30, 3, 10, 3, 10, 3, 30, 3, 10, 3, 10, 3, 10, 3, 10, 3, 30, 3, 10, 3]",13.395506822612095
"[10, 3, 10, 3, 10, 3, 10, 3, 30, 3, 30, 3, 10, 3, 10, 3, 30, 3, 10, 3, 10, 3, 10, 3, 10, 3, 30, 3, 10, 3]",15.452530214424923
"[10, 3, 10, 3, 10, 3, 10, 3, 30, 3, 30, 3, 10, 3, 10, 3, 30, 3, 10, 3, 10, 3, 10, 3, 10, 3, 30, 3, 10, 3]",14.341966861598431
"[10, 3, 10, 3, 10, 3, 10, 3, 30, 3, 30, 3, 10, 3, 10, 3, 30, 3, 10, 3, 10, 3, 10, 3, 10, 3, 30, 3, 10, 3]",14.175335282651062
"[10, 3, 10, 3, 10, 3, 10, 3, 30, 3, 30, 3, 10, 3, 10, 3, 30, 3, 10, 3, 10, 3, 10, 3, 10, 3, 30, 3, 10, 3]",14.592961013645194
"[10, 3, 10, 3, 10, 3, 10, 3, 30, 3, 30, 3, 10, 3, 10, 3, 30, 3, 10, 3, 10, 3, 10, 3, 10, 3, 30, 3, 10, 3]",15.975563352826518
"[10, 3, 10, 3, 10, 3, 10, 3, 30, 3, 30, 3, 10, 3, 10, 3, 30, 3, 10, 3, 10, 3, 10, 3, 10, 3, 30, 3, 10, 3]",13.905964912280695
"[10, 3, 10, 3, 10, 3, 10, 3, 30, 3, 30, 3, 10, 3, 10, 3, 30, 3, 10, 3, 10, 3, 10, 3, 10, 3, 30, 3, 10, 3]",15.669871345029241
"[10, 3, 10, 3, 10, 3, 10, 3, 30, 3, 30, 3, 10, 3, 10, 3, 30, 3, 10, 3, 10, 3, 10, 3, 10, 3, 30, 3, 10, 3]",15.265879142300188
"[10, 3, 10, 3, 10, 3, 10, 3, 30, 3, 30, 3, 10, 3, 10, 3, 30, 3, 10, 3, 10, 3, 10, 3, 10, 3, 30, 3, 10, 3]",15.45816764132554
"[10, 3, 10, 3, 10, 3, 10, 3, 30, 3, 30, 3, 10, 3, 10, 3, 30, 3, 10, 3, 10, 3, 10, 3, 10, 3, 30, 3, 10, 3]",14.379840155945441
"[10, 3, 10, 3, 10, 3, 10, 3, 30, 3, 30, 3, 10, 3, 10, 3, 30, 3, 10, 3, 10, 3, 10, 3, 10, 3, 30, 3, 10, 3]",12.98822222222224
"[10, 3, 10, 3, 10, 3, 10, 3, 30, 3, 30, 3, 10, 3, 10, 3, 30, 3, 10, 3, 10, 3, 10, 3, 10, 3, 30, 3, 10, 3]",14.021345029239786
"[10, 3, 10, 3, 10, 3, 10, 3, 30, 3, 30, 3, 10, 3, 10, 3, 30, 3, 10, 3, 10, 3, 10, 3, 10, 3, 30, 3, 10, 3]",14.428645224171557
"[10, 3, 10, 3, 10, 3, 10, 3, 30, 3, 30, 3, 10, 3, 10, 3, 30, 3, 10, 3, 10, 3, 10, 3, 10, 3, 30, 3, 10, 3]",15.831781676413256
"[10, 3, 10, 3, 10, 3, 10, 3, 30, 3, 30, 3, 10, 3, 10, 3, 30, 3, 10, 3, 10, 3, 10, 3, 10, 3, 30, 3, 10, 3]",15.25564327485383
"[10, 3, 10, 3, 10, 3, 10, 3, 30, 3, 30, 3, 10, 3, 10, 3, 30, 3, 10, 3, 10, 3, 10, 3, 10, 3, 30, 3, 10, 3]",15.017374269005892
"[10, 3, 10, 3, 10, 3, 10, 3, 30, 3, 30, 3, 10, 3, 10, 3, 30, 3, 10, 3, 10, 3, 10, 3, 10, 3, 30, 3, 10, 3]",15.429703703703694
"[10, 3, 10, 3, 10, 3, 10, 3, 30, 3, 30, 3, 10, 3, 10, 3, 30, 3, 10, 3, 10, 3, 10, 3, 10, 3, 30, 3, 10, 3]",14.400522417153988
"[10, 3, 10, 3, 10, 3, 10, 3, 30, 3, 30, 3, 10, 3, 10, 3, 30, 3, 10, 3, 10, 3, 10, 3, 10, 3, 30, 3, 10, 3]",14.615545808966877
"[10, 3, 10, 3, 10, 3, 10, 3, 30, 3, 30, 3, 10, 3, 10, 3, 30, 3, 10, 3, 10, 3, 10, 3, 10, 3, 30, 3, 10, 3]",15.448834307992238
"[10, 3, 10, 3, 10, 3, 10, 3, 30, 3, 30, 3, 10, 3, 10, 3, 30, 3, 10, 3, 10, 3, 10, 3, 10, 3, 30, 3, 10, 3]",14.739465886939541
"[10, 3, 10, 3, 10, 3, 10, 3, 30, 3, 30, 3, 10, 3, 10, 3, 30, 3, 10, 3, 10, 3, 10, 3, 10, 3, 30, 3, 10, 3]",15.645516569200772
"[10, 3, 10, 3, 10, 3, 10, 3, 30, 3, 30, 3, 10, 3, 10, 3, 30, 3, 10, 3, 10, 3, 10, 3, 10, 3, 30, 3, 10, 3]",14.559124756335267
"[10, 3, 10, 3, 10, 3, 10, 3, 30, 3, 30, 3, 10, 3, 10, 3, 30, 3, 10, 3, 10, 3, 10, 3, 10, 3, 30, 3, 10, 3]",15.271738791422996
"[10, 3, 10, 3, 10, 3, 10, 3, 30, 3, 30, 3, 10, 3, 10, 3, 30, 3, 10, 3, 10, 3, 10, 3, 10, 3, 30, 3, 10, 3]",13.409311890838227
"[10, 3, 10, 3, 10, 3, 10, 3, 30, 3, 30, 3, 10, 3, 10, 3, 30, 3, 10, 3, 10, 3, 10, 3, 10, 3, 30, 3, 10, 3]",13.647313840155945
"[10, 3, 10, 3, 10, 3, 10, 3, 30, 3, 30, 3, 10, 3, 10, 3, 30, 3, 10, 3, 10, 3, 10, 3, 10, 3, 30, 3, 10, 3]",16.34342105263155
"[10, 3, 10, 3, 10, 3, 10, 3, 30, 3, 30, 3, 10, 3, 10, 3, 30, 3, 10, 3, 10, 3, 10, 3, 10, 3, 30, 3, 10, 3]",14.965222222222248
"[10, 3, 10, 3, 10, 3, 10, 3, 30, 3, 30, 3, 10, 3, 10, 3, 30, 3, 10, 3, 10, 3, 10, 3, 10, 3, 30, 3, 10, 3]",14.624251461988298
"[10, 3, 10, 3, 10, 3, 10, 3, 30, 3, 30, 3, 10, 3, 10, 3, 30, 3, 10, 3, 10, 3, 10, 3, 10, 3, 30, 3, 10, 3]",15.546171539960993
"[10, 3, 10, 3, 10, 3, 10, 3, 30, 3, 30, 3, 10, 3, 10, 3, 30, 3, 10, 3, 10, 3, 10, 3, 10, 3, 30, 3, 10, 3]",14.423097465886926
"[10, 3, 10, 3, 10, 3, 10, 3, 30, 3, 30, 3, 10, 3, 10, 3, 30, 3, 10, 3, 10, 3, 10, 3, 10, 3, 30, 3, 10, 3]",15.54744054580898
"[10, 3, 10, 3, 10, 3, 10, 3, 30, 3, 30, 3, 10, 3, 10, 3, 30, 3, 10, 3, 10, 3, 10, 3, 10, 3, 30, 3, 10, 3]",15.40555165692007
"[10, 3, 10, 3, 10, 3, 10, 3, 30, 3, 30, 3, 10, 3, 10, 3, 30, 3, 10, 3, 10, 3, 10, 3, 10, 3, 30, 3, 10, 3]",14.830682261208578
"[10, 3, 10, 3, 10, 3, 10, 3, 30, 3, 30, 3, 10, 3, 10, 3, 30, 3, 10, 3, 10, 3, 10, 3, 10, 3, 30, 3, 10, 3]",13.507161793372306
"[10, 3, 10, 3, 10, 3, 10, 3, 30, 3, 30, 3, 10, 3, 10, 3, 30, 3, 10, 3, 10, 3, 10, 3, 10, 3, 30, 3, 10, 3]",14.239703703703695
"[10, 3, 10, 3, 10, 3, 10, 3, 30, 3, 30, 3, 10, 3, 10, 3, 30, 3, 10, 3, 10, 3, 10, 3, 10, 3, 30, 3, 10, 3]",14.742038986354824
"[10, 3, 10, 3, 10, 3, 10, 3, 30, 3, 30, 3, 10, 3, 10, 3, 30, 3, 10, 3, 10, 3, 10, 3, 10, 3, 30, 3, 10, 3]",14.183670565302155
"[10, 3, 10, 3, 10, 3, 10, 3, 30, 3, 30, 3, 10, 3, 10, 3, 30, 3, 10, 3, 10, 3, 10, 3, 10, 3, 30, 3, 10, 3]",14.128530214424952
"[10, 3, 10, 3, 10, 3, 10, 3, 30, 3, 30, 3, 10, 3, 10, 3, 30, 3, 10, 3, 10, 3, 10, 3, 10, 3, 30, 3, 10, 3]",15.389561403508756
"[10, 3, 10, 3, 10, 3, 10, 3, 30, 3, 30, 3, 10, 3, 10, 3, 30, 3, 10, 3, 10, 3, 10, 3, 10, 3, 30, 3, 10, 3]",16.08402339181288
"[10, 3, 10, 3, 10, 3, 10, 3, 30, 3, 30, 3, 10, 3, 10, 3, 30, 3, 10, 3, 10, 3, 10, 3, 10, 3, 30, 3, 10, 3]",14.536044834307994
"[10, 3, 10, 3, 10, 3, 10, 3, 30, 3, 30, 3, 10, 3, 10, 3, 30, 3, 10, 3, 10, 3, 10, 3, 10, 3, 30, 3, 10, 3]",16.63412475633528
"[10, 3, 10, 3, 10, 3, 10, 3, 30, 3, 30, 3, 10, 3, 10, 3, 30, 3, 10, 3, 10, 3, 10, 3, 10, 3, 30, 3, 10, 3]",16.04323196881089
"[10, 3, 10, 3, 10, 3, 10, 3, 30, 3, 30, 3, 10, 3, 10, 3, 30, 3, 10, 3, 10, 3, 10, 3, 10, 3, 30, 3, 10, 3]",15.809255360623776
"[10, 3, 10, 3, 10, 3, 10, 3, 30, 3, 30, 3, 10, 3, 10, 3, 30, 3, 10, 3, 10, 3, 10, 3, 10, 3, 30, 3, 10, 3]",14.77628460038987
"[10, 3, 10, 3, 10, 3, 10, 3, 30, 3, 30, 3, 10, 3, 10, 3, 30, 3, 10, 3, 10, 3, 10, 3, 10, 3, 30, 3, 10, 3]",16.341497076023426
"[10, 3, 10, 3, 10, 3, 10, 3, 30, 3, 30, 3, 10, 3, 10, 3, 30, 3, 10, 3, 10, 3, 10, 3, 10, 3, 30, 3, 10, 3]",14.812290448343036
"[10, 3, 10, 3, 10, 3, 10, 3, 30, 3, 30, 3, 10, 3, 10, 3, 30, 3, 10, 3, 10, 3, 10, 3, 10, 3, 30, 3, 10, 3]",15.103729044834319
"[10, 3, 10, 3, 10, 3, 10, 3, 30, 3, 30, 3, 10, 3, 10, 3, 30, 3, 10, 3, 10, 3, 10, 3, 10, 3, 30, 3, 10, 3]",15.430440545808981
"[10, 3, 10, 3, 10, 3, 10, 3, 30, 3, 30, 3, 10, 3, 10, 3, 30, 3, 10, 3, 10, 3, 10, 3, 10, 3, 30, 3, 10, 3]",14.5476686159844
"[10, 3, 10, 3, 10, 3, 10, 3, 30, 3, 30, 3, 10, 3, 10, 3, 30, 3, 10, 3, 10, 3, 10, 3, 10, 3, 30, 3, 10, 3]",13.894011695906435
"[10, 3, 10, 3, 10, 3, 10, 3, 30, 3, 30, 3, 10, 3, 10, 3, 30, 3, 10, 3, 10, 3, 10, 3, 10, 3, 30, 3, 10, 3]",16.12996686159844
"[10, 3, 10, 3, 10, 3, 10, 3, 30, 3, 30, 3, 10, 3, 10, 3, 30, 3, 10, 3, 10, 3, 10, 3, 10, 3, 30, 3, 10, 3]",14.772220272904505
"[10, 3, 10, 3, 10, 3, 10, 3, 30, 3, 30, 3, 10, 3, 10, 3, 30, 3, 10, 3, 10, 3, 10, 3, 10, 3, 30, 3, 10, 3]",13.47856530214423
"[10, 3, 10, 3, 10, 3, 10, 3, 30, 3, 30, 3, 10, 3, 10, 3, 30, 3, 10, 3, 10, 3, 10, 3, 10, 3, 30, 3, 10, 3]",16.196941520467853
"[10, 3, 10, 3, 10, 3, 10, 3, 30, 3, 30, 3, 10, 3, 10, 3, 30, 3, 10, 3, 10, 3, 10, 3, 10, 3, 30, 3, 10, 3]",14.34722417153997
"[10, 3, 10, 3, 10, 3, 10, 3, 30, 3, 30, 3, 10, 3, 10, 3, 30, 3, 10, 3, 10, 3, 10, 3, 10, 3, 30, 3, 10, 3]",14.434231968810883
"[10, 3, 10, 3, 10, 3, 10, 3, 30, 3, 30, 3, 10, 3, 10, 3, 30, 3, 10, 3, 10, 3, 10, 3, 10, 3, 30, 3, 10, 3]",15.376762183235885
"[10, 3, 10, 3, 10, 3, 10, 3, 30, 3, 30, 3, 10, 3, 10, 3, 30, 3, 10, 3, 10, 3, 10, 3, 10, 3, 30, 3, 10, 3]",16.935682261208584
"[10, 3, 10, 3, 10, 3, 10, 3, 30, 3, 30, 3, 10, 3, 10, 3, 30, 3, 10, 3, 10, 3, 10, 3, 10, 3, 30, 3, 10, 3]",15.218526315789479
"[10, 3, 10, 3, 10, 3, 10, 3, 30, 3, 30, 3, 10, 3, 10, 3, 30, 3, 10, 3, 10, 3, 10, 3, 10, 3, 30, 3, 10, 3]",15.395760233918118
"[10, 3, 10, 3, 10, 3, 10, 3, 30, 3, 30, 3, 10, 3, 10, 3, 30, 3, 10, 3, 10, 3, 10, 3, 10, 3, 30, 3, 10, 3]",13.360543859649084
"[10, 3, 10, 3, 10, 3, 10, 3, 30, 3, 30, 3, 10, 3, 10, 3, 30, 3, 10, 3, 10, 3, 10, 3, 10, 3, 30, 3, 10, 3]",14.223727095516589
"[10, 3, 10, 3, 10, 3, 10, 3, 30, 3, 30, 3, 10, 3, 10, 3, 30, 3, 10, 3, 10, 3, 10, 3, 10, 3, 30, 3, 10, 3]",14.557586744639384
"[10, 3, 10, 3, 10, 3, 10, 3, 30, 3, 30, 3, 10, 3, 10, 3, 30, 3, 10, 3, 10, 3, 10, 3, 10, 3, 30, 3, 10, 3]",14.902853801169597
"[10, 3, 10, 3, 10, 3, 10, 3, 30, 3, 30, 3, 10, 3, 10, 3, 30, 3, 10, 3, 10, 3, 10, 3, 10, 3, 30, 3, 10, 3]",15.905261208577022
"[10, 3, 10, 3, 10, 3, 10, 3, 30, 3, 30, 3, 10, 3, 10, 3, 30, 3, 10, 3, 10, 3, 10, 3, 10, 3, 30, 3, 10, 3]",14.550637426900536
"[10, 3, 10, 3, 10, 3, 10, 3, 30, 3, 30, 3, 10, 3, 10, 3, 30, 3, 10, 3, 10, 3, 10, 3, 10, 3, 30, 3, 10, 3]",14.865668615984426
"[10, 3, 10, 3, 10, 3, 10, 3, 30, 3, 30, 3, 10, 3, 10, 3, 30, 3, 10, 3, 10, 3, 10, 3, 10, 3, 30, 3, 10, 3]",12.996688109161825
"[10, 3, 10, 3, 10, 3, 10, 3, 30, 3, 30, 3, 10, 3, 10, 3, 30, 3, 10, 3, 10, 3, 10, 3, 10, 3, 30, 3, 10, 3]",16.322202729044825
"[10, 3, 10, 3, 10, 3, 10, 3, 30, 3, 30, 3, 10, 3, 10, 3, 30, 3, 10, 3, 10, 3, 10, 3, 10, 3, 30, 3, 10, 3]",14.946863547758275
"[10, 3, 10, 3, 10, 3, 10, 3, 30, 3, 30, 3, 10, 3, 10, 3, 30, 3, 10, 3, 10, 3, 10, 3, 10, 3, 30, 3, 10, 3]",14.585660818713448
"[10, 3, 10, 3, 10, 3, 10, 3, 30, 3, 30, 3, 10, 3, 10, 3, 30, 3, 10, 3, 10, 3, 10, 3, 10, 3, 30, 3, 10, 3]",14.919105263157922
"[10, 3, 10, 3, 10, 3, 10, 3, 30, 3, 30, 3, 10, 3, 10, 3, 30, 3, 10, 3, 10, 3, 10, 3, 10, 3, 30, 3, 10, 3]",15.95144249512666
"[10, 3, 10, 3, 10, 3, 10, 3, 30, 3, 30, 3, 10, 3, 10, 3, 30, 3, 10, 3, 10, 3, 10, 3, 10, 3, 30, 3, 10, 3]",15.02346198830411
"[10, 3, 10, 3, 10, 3, 10, 3, 30, 3, 30, 3, 10, 3, 10, 3, 30, 3, 10, 3, 10, 3, 10, 3, 10, 3, 30, 3, 10, 3]",15.43102144249515
"[10, 3, 10, 3, 10, 3, 10, 3, 30, 3, 30, 3, 10, 3, 10, 3, 30, 3, 10, 3, 10, 3, 10, 3, 10, 3, 30, 3, 10, 3]",13.16534502923976
"[10, 3, 10, 3, 10, 3, 10, 3, 30, 3, 30, 3, 10, 3, 10, 3, 30, 3, 10, 3, 10, 3, 10, 3, 10, 3, 30, 3, 10, 3]",13.308198830409362
"[10, 3, 10, 3, 10, 3, 10, 3, 30, 3, 30, 3, 10, 3, 10, 3, 30, 3, 10, 3, 10, 3, 10, 3, 10, 3, 30, 3, 10, 3]",13.324339181286549
"[10, 3, 10, 3, 10, 3, 10, 3, 30, 3, 30, 3, 10, 3, 10, 3, 30, 3, 10, 3, 10, 3, 10, 3, 10, 3, 30, 3, 10, 3]",15.043641325536075
"[10, 3, 10, 3, 10, 3, 10, 3, 30, 3, 30, 3, 10, 3, 10, 3, 30, 3, 10, 3, 10, 3, 10, 3, 10, 3, 30, 3, 10, 3]",15.206980506822667
"[10, 3, 10, 3, 10, 3, 10, 3, 30, 3, 30, 3, 10, 3, 10, 3, 30, 3, 10, 3, 10, 3, 10, 3, 10, 3, 30, 3, 10, 3]",16.29227290448346
"[10, 3, 10, 3, 10, 3, 10, 3, 30, 3, 30, 3, 10, 3, 10, 3, 30, 3, 10, 3, 10, 3, 10, 3, 10, 3, 30, 3, 10, 3]",15.590695906432778
"[10, 3, 10, 3, 10, 3, 10, 3, 30, 3, 30, 3, 10, 3, 10, 3, 30, 3, 10, 3, 10, 3, 10, 3, 10, 3, 30, 3, 10, 3]",14.605009746588683
"[10, 3, 10, 3, 10, 3, 10, 3, 30, 3, 30, 3, 10, 3, 10, 3, 30, 3, 10, 3, 10, 3, 10, 3, 10, 3, 30, 3, 10, 3]",14.080085769980501
"[10, 3, 10, 3, 10, 3, 10, 3, 30, 3, 30, 3, 10, 3, 10, 3, 30, 3, 10, 3, 10, 3, 10, 3, 10, 3, 30, 3, 10, 3]",17.35538791423003
"[10, 3, 10, 3, 10, 3, 10, 3, 30, 3, 30, 3, 10, 3, 10, 3, 30, 3, 10, 3, 10, 3, 10, 3, 10, 3, 30, 3, 10, 3]",15.467130604288513
"[10, 3, 10, 3, 10, 3, 10, 3, 30, 3, 30, 3, 10, 3, 10, 3, 30, 3, 10, 3, 10, 3, 10, 3, 10, 3, 30, 3, 10, 3]",12.862138401559456
"[10, 3, 10, 3, 10, 3, 10, 3, 30, 3, 30, 3, 10, 3, 10, 3, 30, 3, 10, 3, 10, 3, 10, 3, 10, 3, 30, 3, 10, 3]",14.268265107212452
"[10, 3, 10, 3, 10, 3, 10, 3, 30, 3, 30, 3, 10, 3, 10, 3, 30, 3, 10, 3, 10, 3, 10, 3, 10, 3, 30, 3, 10, 3]",14.288458089668643
"[10, 3, 10, 3, 10, 3, 10, 3, 30, 3, 30, 3, 10, 3, 10, 3, 30, 3, 10, 3, 10, 3, 10, 3, 10, 3, 30, 3, 10, 3]",14.107479532163746
"[10, 3, 10, 3, 10, 3, 10, 3, 30, 3, 30, 3, 10, 3, 10, 3, 30, 3, 10, 3, 10, 3, 10, 3, 10, 3, 30, 3, 10, 3]",15.84217153996104
"[10, 3, 10, 3, 10, 3, 10, 3, 30, 3, 30, 3, 10, 3, 10, 3, 30, 3, 10, 3, 10, 3, 10, 3, 10, 3, 30, 3, 10, 3]",14.94696296296299
"[10, 3, 10, 3, 10, 3, 10, 3, 30, 3, 30, 3, 10, 3, 10, 3, 30, 3, 10, 3, 10, 3, 10, 3, 10, 3, 30, 3, 10, 3]",14.107436647173481
"[10, 3, 10, 3, 10, 3, 10, 3, 30, 3, 30, 3, 10, 3, 10, 3, 30, 3, 10, 3, 10, 3, 10, 3, 10, 3, 30, 3, 10, 3]",16.72713060428853
"[10, 3, 10, 3, 10, 3, 10, 3, 30, 3, 30, 3, 10, 3, 10, 3, 30, 3, 10, 3, 10, 3, 10, 3, 10, 3, 30, 3, 10, 3]",14.19396686159842
"[10, 3, 10, 3, 10, 3, 10, 3, 30, 3, 30, 3, 10, 3, 10, 3, 30, 3, 10, 3, 10, 3, 10, 3, 10, 3, 30, 3, 10, 3]",14.303914230019506
"[10, 3, 10, 3, 10, 3, 10, 3, 30, 3, 30, 3, 10, 3, 10, 3, 30, 3, 10, 3, 10, 3, 10, 3, 10, 3, 30, 3, 10, 3]",14.003434697855761
"[10, 3, 10, 3, 10, 3, 10, 3, 30, 3, 30, 3, 10, 3, 10, 3, 30, 3, 10, 3, 10, 3, 10, 3, 10, 3, 30, 3, 10, 3]",15.588881091617939
"[10, 3, 10, 3, 10, 3, 10, 3, 30, 3, 30, 3, 10, 3, 10, 3, 30, 3, 10, 3, 10, 3, 10, 3, 10, 3, 30, 3, 10, 3]",14.001442495126708
"[10, 3, 10, 3, 10, 3, 10, 3, 30, 3, 30, 3, 10, 3, 10, 3, 30, 3, 10, 3, 10, 3, 10, 3, 10, 3, 30, 3, 10, 3]",15.781083820662769
"[10, 3, 10, 3, 10, 3, 10, 3, 30, 3, 30, 3, 10, 3, 10, 3, 30, 3, 10, 3, 10, 3, 10, 3, 10, 3, 30, 3, 10, 3]",14.571356725146199
"[10, 3, 10, 3, 10, 3, 10, 3, 30, 3, 30, 3, 10, 3, 10, 3, 30, 3, 10, 3, 10, 3, 10, 3, 10, 3, 30, 3, 10, 3]",14.809245614035088
"[10, 3, 10, 3, 10, 3, 10, 3, 30, 3, 30, 3, 10, 3, 10, 3, 30, 3, 10, 3, 10, 3, 10, 3, 10, 3, 30, 3, 10, 3]",14.32206432748537
"[10, 3, 10, 3, 10, 3, 10, 3, 30, 3, 30, 3, 10, 3, 10, 3, 30, 3, 10, 3, 10, 3, 10, 3, 10, 3, 30, 3, 10, 3]",15.251058479532128
"[10, 3, 10, 3, 10, 3, 10, 3, 30, 3, 30, 3, 10, 3, 10, 3, 30, 3, 10, 3, 10, 3, 10, 3, 10, 3, 30, 3, 10, 3]",15.560354775828475
"[10, 3, 10, 3, 10, 3, 10, 3, 30, 3, 30, 3, 10, 3, 10, 3, 30, 3, 10, 3, 10, 3, 10, 3, 10, 3, 30, 3, 10, 3]",14.794937621832336
"[10, 3, 10, 3, 10, 3, 10, 3, 30, 3, 30, 3, 10, 3, 10, 3, 30, 3, 10, 3, 10, 3, 10, 3, 10, 3, 30, 3, 10, 3]",15.48392202729048
"[10, 3, 10, 3, 10, 3, 10, 3, 30, 3, 30, 3, 10, 3, 10, 3, 30, 3, 10, 3, 10, 3, 10, 3, 10, 3, 30, 3, 10, 3]",14.43645224171543
"[10, 3, 10, 3, 10, 3, 10, 3, 30, 3, 30, 3, 10, 3, 10, 3, 30, 3, 10, 3, 10, 3, 10, 3, 10, 3, 30, 3, 10, 3]",14.844235867446407
"[10, 3, 10, 3, 10, 3, 10, 3, 30, 3, 30, 3, 10, 3, 10, 3, 30, 3, 10, 3, 10, 3, 10, 3, 10, 3, 30, 3, 10, 3]",14.981417153996105
"[10, 3, 10, 3, 10, 3, 10, 3, 30, 3, 30, 3, 10, 3, 10, 3, 30, 3, 10, 3, 10, 3, 10, 3, 10, 3, 30, 3, 10, 3]",14.447311890838249
"[10, 3, 10, 3, 10, 3, 10, 3, 30, 3, 30, 3, 10, 3, 10, 3, 30, 3, 10, 3, 10, 3, 10, 3, 10, 3, 30, 3, 10, 3]",15.437031189083838
"[10, 3, 10, 3, 10, 3, 10, 3, 30, 3, 30, 3, 10, 3, 10, 3, 30, 3, 10, 3, 10, 3, 10, 3, 10, 3, 30, 3, 10, 3]",14.308450292397664
"[10, 3, 10, 3, 10, 3, 10, 3, 30, 3, 30, 3, 10, 3, 10, 3, 30, 3, 10, 3, 10, 3, 10, 3, 10, 3, 30, 3, 10, 3]",14.671093567251496
"[10, 3, 10, 3, 10, 3, 10, 3, 30, 3, 30, 3, 10, 3, 10, 3, 30, 3, 10, 3, 10, 3, 10, 3, 10, 3, 30, 3, 10, 3]",15.948910331384006
"[10, 3, 10, 3, 10, 3, 10, 3, 30, 3, 30, 3, 10, 3, 10, 3, 30, 3, 10, 3, 10, 3, 10, 3, 10, 3, 30, 3, 10, 3]",14.929894736842117
"[10, 3, 10, 3, 10, 3, 10, 3, 30, 3, 30, 3, 10, 3, 10, 3, 30, 3, 10, 3, 10, 3, 10, 3, 10, 3, 30, 3, 10, 3]",14.073949317738757
"[10, 3, 10, 3, 10, 3, 10, 3, 30, 3, 30, 3, 10, 3, 10, 3, 30, 3, 10, 3, 10, 3, 10, 3, 10, 3, 30, 3, 10, 3]",12.770479532163767
"[10, 3, 10, 3, 10, 3, 10, 3, 30, 3, 30, 3, 10, 3, 10, 3, 30, 3, 10, 3, 10, 3, 10, 3, 10, 3, 30, 3, 10, 3]",12.682534113060436
"[10, 3, 10, 3, 10, 3, 10, 3, 30, 3, 30, 3, 10, 3, 10, 3, 30, 3, 10, 3, 10, 3, 10, 3, 10, 3, 30, 3, 10, 3]",15.334978557504895
"[10, 3, 10, 3, 10, 3, 10, 3, 30, 3, 30, 3, 10, 3, 10, 3, 30, 3, 10, 3, 10, 3, 10, 3, 10, 3, 30, 3, 10, 3]",14.129768031189077
"[10, 3, 10, 3, 10, 3, 10, 3, 30, 3, 30, 3, 10, 3, 10, 3, 30, 3, 10, 3, 10, 3, 10, 3, 10, 3, 30, 3, 10, 3]",15.45286159844055
"[10, 3, 10, 3, 10, 3, 10, 3, 30, 3, 30, 3, 10, 3, 10, 3, 30, 3, 10, 3, 10, 3, 10, 3, 10, 3, 30, 3, 10, 3]",15.232134502923982
"[10, 3, 10, 3, 10, 3, 10, 3, 30, 3, 30, 3, 10, 3, 10, 3, 30, 3, 10, 3, 10, 3, 10, 3, 10, 3, 30, 3, 10, 3]",15.252249512670542
"[10, 3, 10, 3, 10, 3, 10, 3, 30, 3, 30, 3, 10, 3, 10, 3, 30, 3, 10, 3, 10, 3, 10, 3, 10, 3, 30, 3, 10, 3]",14.917405458089698
"[10, 3, 10, 3, 10, 3, 10, 3, 30, 3, 30, 3, 10, 3, 10, 3, 30, 3, 10, 3, 10, 3, 10, 3, 10, 3, 30, 3, 10, 3]",14.845499025341097
"[10, 3, 10, 3, 10, 3, 10, 3, 30, 3, 30, 3, 10, 3, 10, 3, 30, 3, 10, 3, 10, 3, 10, 3, 10, 3, 30, 3, 10, 3]",14.669280701754396
"[10, 3, 10, 3, 10, 3, 10, 3, 30, 3, 30, 3, 10, 3, 10, 3, 30, 3, 10, 3, 10, 3, 10, 3, 10, 3, 30, 3, 10, 3]",14.764228070175417
"[10, 3, 10, 3, 10, 3, 10, 3, 30, 3, 30, 3, 10, 3, 10, 3, 30, 3, 10, 3, 10, 3, 10, 3, 10, 3, 30, 3, 10, 3]",13.783990253411332
"[10, 3, 10, 3, 10, 3, 10, 3, 30, 3, 30, 3, 10, 3, 10, 3, 30, 3, 10, 3, 10, 3, 10, 3, 10, 3, 30, 3, 10, 3]",14.958247563352833
"[10, 3, 10, 3, 10, 3, 10, 3, 30, 3, 30, 3, 10, 3, 10, 3, 30, 3, 10, 3, 10, 3, 10, 3, 10, 3, 30, 3, 10, 3]",15.37893957115008
"[10, 3, 10, 3, 10, 3, 10, 3, 30, 3, 30, 3, 10, 3, 10, 3, 30, 3, 10, 3, 10, 3, 10, 3, 10, 3, 30, 3, 10, 3]",12.593838206627673
"[10, 3, 10, 3, 10, 3, 10, 3, 30, 3, 30, 3, 10, 3, 10, 3, 30, 3, 10, 3, 10, 3, 10, 3, 10, 3, 30, 3, 10, 3]",14.307530214424997
"[10, 3, 10, 3, 10, 3, 10, 3, 30, 3, 30, 3, 10, 3, 10, 3, 30, 3, 10, 3, 10, 3, 10, 3, 10, 3, 30, 3, 10, 3]",15.237567251461993
"[10, 3, 10, 3, 10, 3, 10, 3, 30, 3, 30, 3, 10, 3, 10, 3, 30, 3, 10, 3, 10, 3, 10, 3, 10, 3, 30, 3, 10, 3]",15.348637426900577
"[10, 3, 10, 3, 10, 3, 10, 3, 30, 3, 30, 3, 10, 3, 10, 3, 30, 3, 10, 3, 10, 3, 10, 3, 10, 3, 30, 3, 10, 3]",13.673391812865532
"[10, 3, 10, 3, 10, 3, 10, 3, 30, 3, 30, 3, 10, 3, 10, 3, 30, 3, 10, 3, 10, 3, 10, 3, 10, 3, 30, 3, 10, 3]",12.079506822612068
"[10, 3, 10, 3, 10, 3, 10, 3, 30, 3, 30, 3, 10, 3, 10, 3, 30, 3, 10, 3, 10, 3, 10, 3, 10, 3, 30, 3, 10, 3]",14.660040935672535
"[10, 3, 10, 3, 10, 3, 10, 3, 30, 3, 30, 3, 10, 3, 10, 3, 30, 3, 10, 3, 10, 3, 10, 3, 10, 3, 30, 3, 10, 3]",15.10460038986359
"[10, 3, 10, 3, 10, 3, 10, 3, 30, 3, 30, 3, 10, 3, 10, 3, 30, 3, 10, 3, 10, 3, 10, 3, 10, 3, 30, 3, 10, 3]",14.592875243664674
"[10, 3, 10, 3, 10, 3, 10, 3, 30, 3, 30, 3, 10, 3, 10, 3, 30, 3, 10, 3, 10, 3, 10, 3, 10, 3, 30, 3, 10, 3]",15.10295711500977
"[10, 3, 10, 3, 10, 3, 10, 3, 30, 3, 30, 3, 10, 3, 10, 3, 30, 3, 10, 3, 10, 3, 10, 3, 10, 3, 30, 3, 10, 3]",16.599896686159862
"[10, 3, 10, 3, 10, 3, 10, 3, 30, 3, 30, 3, 10, 3, 10, 3, 30, 3, 10, 3, 10, 3, 10, 3, 10, 3, 30, 3, 10, 3]",15.924233918128683
"[10, 3, 10, 3, 10, 3, 10, 3, 30, 3, 30, 3, 10, 3, 10, 3, 30, 3, 10, 3, 10, 3, 10, 3, 10, 3, 30, 3, 10, 3]",14.959138401559475
"[10, 3, 10, 3, 10, 3, 10, 3, 30, 3, 30, 3, 10, 3, 10, 3, 30, 3, 10, 3, 10, 3, 10, 3, 10, 3, 30, 3, 10, 3]",14.637931773879117
"[10, 3, 10, 3, 10, 3, 10, 3, 30, 3, 30, 3, 10, 3, 10, 3, 30, 3, 10, 3, 10, 3, 10, 3, 10, 3, 30, 3, 10, 3]",15.851688109161799
"[10, 3, 10, 3, 10, 3, 10, 3, 30, 3, 30, 3, 10, 3, 10, 3, 30, 3, 10, 3, 10, 3, 10, 3, 10, 3, 30, 3, 10, 3]",14.973226120857724
"[10, 3, 10, 3, 10, 3, 10, 3, 30, 3, 30, 3, 10, 3, 10, 3, 30, 3, 10, 3, 10, 3, 10, 3, 10, 3, 30, 3, 10, 3]",15.178206627680318
"[10, 3, 10, 3, 10, 3, 10, 3, 30, 3, 30, 3, 10, 3, 10, 3, 30, 3, 10, 3, 10, 3, 10, 3, 10, 3, 30, 3, 10, 3]",15.3475536062378
"[10, 3, 10, 3, 10, 3, 10, 3, 30, 3, 30, 3, 10, 3, 10, 3, 30, 3, 10, 3, 10, 3, 10, 3, 10, 3, 30, 3, 10, 3]",14.052058479532151
"[10, 3, 10, 3, 10, 3, 10, 3, 30, 3, 30, 3, 10, 3, 10, 3, 30, 3, 10, 3, 10, 3, 10, 3, 10, 3, 30, 3, 10, 3]",15.241563352826507
"[10, 3, 10, 3, 10, 3, 10, 3, 30, 3, 30, 3, 10, 3, 10, 3, 30, 3, 10, 3, 10, 3, 10, 3, 10, 3, 30, 3, 10, 3]",14.734886939571167
"[10, 3, 10, 3, 10, 3, 10, 3, 30, 3, 30, 3, 10, 3, 10, 3, 30, 3, 10, 3, 10, 3, 10, 3, 10, 3, 30, 3, 10, 3]",14.479912280701758
"[10, 3, 10, 3, 10, 3, 10, 3, 30, 3, 30, 3, 10, 3, 10, 3, 30, 3, 10, 3, 10, 3, 10, 3, 10, 3, 30, 3, 10, 3]",13.978547758284602
"[10, 3, 10, 3, 10, 3, 10, 3, 30, 3, 30, 3, 10, 3, 10, 3, 30, 3, 10, 3, 10, 3, 10, 3, 10, 3, 30, 3, 10, 3]",15.480253411306052
"[10, 3, 10, 3, 10, 3, 10, 3, 30, 3, 30, 3, 10, 3, 10, 3, 30, 3, 10, 3, 10, 3, 10, 3, 10, 3, 30, 3, 10, 3]",13.95033723196879
"[10, 3, 10, 3, 10, 3, 10, 3, 30, 3, 30, 3, 10, 3, 10, 3, 30, 3, 10, 3, 10, 3, 10, 3, 10, 3, 30, 3, 10, 3]",14.47992787524367
"[10, 3, 10, 3, 10, 3, 10, 3, 30, 3, 30, 3, 10, 3, 10, 3, 30, 3, 10, 3, 10, 3, 10, 3, 10, 3, 30, 3, 10, 3]",14.199048732943462
"[10, 3, 10, 3, 10, 3, 10, 3, 30, 3, 30, 3, 10, 3, 10, 3, 30, 3, 10, 3, 10, 3, 10, 3, 10, 3, 30, 3, 10, 3]",15.465315789473639
"[10, 3, 10, 3, 10, 3, 10, 3, 30, 3, 30, 3, 10, 3, 10, 3, 30, 3, 10, 3, 10, 3, 10, 3, 10, 3, 30, 3, 10, 3]",13.436185185185225
"[10, 3, 10, 3, 10, 3, 10, 3, 30, 3, 30, 3, 10, 3, 10, 3, 30, 3, 10, 3, 10, 3, 10, 3, 10, 3, 30, 3, 10, 3]",13.994623781676419
"[10, 3, 10, 3, 10, 3, 10, 3, 30, 3, 30, 3, 10, 3, 10, 3, 30, 3, 10, 3, 10, 3, 10, 3, 10, 3, 30, 3, 10, 3]",14.730083820662752
"[10, 3, 10, 3, 10, 3, 10, 3, 30, 3, 30, 3, 10, 3, 10, 3, 30, 3, 10, 3, 10, 3, 10, 3, 10, 3, 30, 3, 10, 3]",14.558970760233898
"[10, 3, 10, 3, 10, 3, 10, 3, 30, 3, 30, 3, 10, 3, 10, 3, 30, 3, 10, 3, 10, 3, 10, 3, 10, 3, 30, 3, 10, 3]",14.816656920077964
"[10, 3, 10, 3, 10, 3, 10, 3, 30, 3, 30, 3, 10, 3, 10, 3, 30, 3, 10, 3, 10, 3, 10, 3, 10, 3, 30, 3, 10, 3]",14.237224171539953
"[10, 3, 10, 3, 10, 3, 10, 3, 30, 3, 30, 3, 10, 3, 10, 3, 30, 3, 10, 3, 10, 3, 10, 3, 10, 3, 30, 3, 10, 3]",14.338461988304113
"[10, 3, 10, 3, 10, 3, 10, 3, 30, 3, 30, 3, 10, 3, 10, 3, 30, 3, 10, 3, 10, 3, 10, 3, 10, 3, 30, 3, 10, 3]",13.99437426900585
"[10, 3, 10, 3, 10, 3, 10, 3, 30, 3, 30, 3, 10, 3, 10, 3, 30, 3, 10, 3, 10, 3, 10, 3, 10, 3, 30, 3, 10, 3]",13.901048732943481
"[10, 3, 10, 3, 10, 3, 10, 3, 30, 3, 30, 3, 10, 3, 10, 3, 30, 3, 10, 3, 10, 3, 10, 3, 10, 3, 30, 3, 10, 3]",15.315502923976624
"[10, 3, 10, 3, 10, 3, 10, 3, 30, 3, 30, 3, 10, 3, 10, 3, 30, 3, 10, 3, 10, 3, 10, 3, 10, 3, 30, 3, 10, 3]",14.60089278752435
"[10, 3, 10, 3, 10, 3, 10, 3, 30, 3, 30, 3, 10, 3, 10, 3, 30, 3, 10, 3, 10, 3, 10, 3, 10, 3, 30, 3, 10, 3]",14.580783625730986
"[10, 3, 10, 3, 10, 3, 10, 3, 30, 3, 30, 3, 10, 3, 10, 3, 30, 3, 10, 3, 10, 3, 10, 3, 10, 3, 30, 3, 10, 3]",15.25208382066277
"[10, 3, 10, 3, 10, 3, 10, 3, 30, 3, 30, 3, 10, 3, 10, 3, 30, 3, 10, 3, 10, 3, 10, 3, 10, 3, 30, 3, 10, 3]",15.777304093567222
"[10, 3, 10, 3, 10, 3, 10, 3, 30, 3, 30, 3, 10, 3, 10, 3, 30, 3, 10, 3, 10, 3, 10, 3, 10, 3, 30, 3, 10, 3]",14.766555555555513
"[10, 3, 10, 3, 10, 3, 10, 3, 30, 3, 30, 3, 10, 3, 10, 3, 30, 3, 10, 3, 10, 3, 10, 3, 10, 3, 30, 3, 10, 3]",14.595859649122785
"[10, 3, 10, 3, 10, 3, 10, 3, 30, 3, 30, 3, 10, 3, 10, 3, 30, 3, 10, 3, 10, 3, 10, 3, 10, 3, 30, 3, 10, 3]",15.213405458089653
"[10, 3, 10, 3, 10, 3, 10, 3, 30, 3, 30, 3, 10, 3, 10, 3, 30, 3, 10, 3, 10, 3, 10, 3, 10, 3, 30, 3, 10, 3]",15.164395711500957
"[10, 3, 10, 3, 10, 3, 10, 3, 30, 3, 30, 3, 10, 3, 10, 3, 30, 3, 10, 3, 10, 3, 10, 3, 10, 3, 30, 3, 10, 3]",13.642290448343058
"[10, 3, 10, 3, 10, 3, 10, 3, 30, 3, 30, 3, 10, 3, 10, 3, 30, 3, 10, 3, 10, 3, 10, 3, 10, 3, 30, 3, 10, 3]",14.871226120857738
"[10, 3, 10, 3, 10, 3, 10, 3, 30, 3, 30, 3, 10, 3, 10, 3, 30, 3, 10, 3, 10, 3, 10, 3, 10, 3, 30, 3, 10, 3]",14.419764132553617
"[10, 3, 10, 3, 10, 3, 10, 3, 30, 3, 30, 3, 10, 3, 10, 3, 30, 3, 10, 3, 10, 3, 10, 3, 10, 3, 30, 3, 10, 3]",16.21629044834308
"[10, 3, 10, 3, 10, 3, 10, 3, 30, 3, 30, 3, 10, 3, 10, 3, 30, 3, 10, 3, 10, 3, 10, 3, 10, 3, 30, 3, 10, 3]",15.629592592592608
"[10, 3, 10, 3, 10, 3, 10, 3, 30, 3, 30, 3, 10, 3, 10, 3, 30, 3, 10, 3, 10, 3, 10, 3, 10, 3, 30, 3, 10, 3]",15.18469200779727
"[10, 3, 10, 3, 10, 3, 10, 3, 30, 3, 30, 3, 10, 3, 10, 3, 30, 3, 10, 3, 10, 3, 10, 3, 10, 3, 30, 3, 10, 3]",12.878649122806989
"[10, 3, 10, 3, 10, 3, 10, 3, 30, 3, 30, 3, 10, 3, 10, 3, 30, 3, 10, 3, 10, 3, 10, 3, 10, 3, 30, 3, 10, 3]",13.768571150097426
"[10, 3, 10, 3, 10, 3, 10, 3, 30, 3, 30, 3, 10, 3, 10, 3, 30, 3, 10, 3, 10, 3, 10, 3, 10, 3, 30, 3, 10, 3]",14.057826510721236
"[10, 3, 10, 3, 10, 3, 10, 3, 30, 3, 30, 3, 10, 3, 10, 3, 30, 3, 10, 3, 10, 3, 10, 3, 10, 3, 30, 3, 10, 3]",15.037307992202784
"[10, 3, 10, 3, 10, 3, 10, 3, 30, 3, 30, 3, 10, 3, 10, 3, 30, 3, 10, 3, 10, 3, 10, 3, 10, 3, 30, 3, 10, 3]",15.39032748538009
"[10, 3, 10, 3, 10, 3, 10, 3, 30, 3, 30, 3, 10, 3, 10, 3, 30, 3, 10, 3, 10, 3, 10, 3, 10, 3, 30, 3, 10, 3]",15.439134502923961
"[10, 3, 10, 3, 10, 3, 10, 3, 30, 3, 30, 3, 10, 3, 10, 3, 30, 3, 10, 3, 10, 3, 10, 3, 10, 3, 30, 3, 10, 3]",15.481263157894757
"[10, 3, 10, 3, 10, 3, 10, 3, 30, 3, 30, 3, 10, 3, 10, 3, 30, 3, 10, 3, 10, 3, 10, 3, 10, 3, 30, 3, 10, 3]",14.452978557504899
"[10, 3, 10, 3, 10, 3, 10, 3, 30, 3, 30, 3, 10, 3, 10, 3, 30, 3, 10, 3, 10, 3, 10, 3, 10, 3, 30, 3, 10, 3]",15.92803118908379
"[10, 3, 10, 3, 10, 3, 10, 3, 30, 3, 30, 3, 10, 3, 10, 3, 30, 3, 10, 3, 10, 3, 10, 3, 10, 3, 30, 3, 10, 3]",15.506387914230023
"[10, 3, 10, 3, 10, 3, 10, 3, 30, 3, 30, 3, 10, 3, 10, 3, 30, 3, 10, 3, 10, 3, 10, 3, 10, 3, 30, 3, 10, 3]",13.875649122807012
"[10, 3, 10, 3, 10, 3, 10, 3, 30, 3, 30, 3, 10, 3, 10, 3, 30, 3, 10, 3, 10, 3, 10, 3, 10, 3, 30, 3, 10, 3]",15.538518518518506
"[10, 3, 10, 3, 10, 3, 10, 3, 30, 3, 30, 3, 10, 3, 10, 3, 30, 3, 10, 3, 10, 3, 10, 3, 10, 3, 30, 3, 10, 3]",15.006003898635484
"[10, 3, 10, 3, 10, 3, 10, 3, 30, 3, 30, 3, 10, 3, 10, 3, 30, 3, 10, 3, 10, 3, 10, 3, 10, 3, 30, 3, 10, 3]",14.929118908382032
"[10, 3, 10, 3, 10, 3, 10, 3, 30, 3, 30, 3, 10, 3, 10, 3, 30, 3, 10, 3, 10, 3, 10, 3, 10, 3, 30, 3, 10, 3]",14.03797270955166
"[10, 3, 10, 3, 10, 3, 10, 3, 30, 3, 30, 3, 10, 3, 10, 3, 30, 3, 10, 3, 10, 3, 10, 3, 10, 3, 30, 3, 10, 3]",13.529610136452257
"[10, 3, 10, 3, 10, 3, 10, 3, 30, 3, 30, 3, 10, 3, 10, 3, 30, 3, 10, 3, 10, 3, 10, 3, 10, 3, 30, 3, 10, 3]",14.38371150097468
"[10, 3, 10, 3, 10, 3, 10, 3, 30, 3, 30, 3, 10, 3, 10, 3, 30, 3, 10, 3, 10, 3, 10, 3, 10, 3, 30, 3, 10, 3]",14.247405458089634
"[10, 3, 10, 3, 10, 3, 10, 3, 30, 3, 30, 3, 10, 3, 10, 3, 30, 3, 10, 3, 10, 3, 10, 3, 10, 3, 30, 3, 10, 3]",15.136972709551678
"[10, 3, 10, 3, 10, 3, 10, 3, 30, 3, 30, 3, 10, 3, 10, 3, 30, 3, 10, 3, 10, 3, 10, 3, 10, 3, 30, 3, 10, 3]",15.284994152046771
"[10, 3, 10, 3, 10, 3, 10, 3, 30, 3, 30, 3, 10, 3, 10, 3, 30, 3, 10, 3, 10, 3, 10, 3, 10, 3, 30, 3, 10, 3]",14.76938596491228
"[10, 3, 10, 3, 10, 3, 10, 3, 30, 3, 30, 3, 10, 3, 10, 3, 30, 3, 10, 3, 10, 3, 10, 3, 10, 3, 30, 3, 10, 3]",14.880204678362585
"[10, 3, 10, 3, 10, 3, 10, 3, 30, 3, 30, 3, 10, 3, 10, 3, 30, 3, 10, 3, 10, 3, 10, 3, 10, 3, 30, 3, 10, 3]",14.89862573099414
"[10, 3, 10, 3, 10, 3, 10, 3, 30, 3, 30, 3, 10, 3, 10, 3, 30, 3, 10, 3, 10, 3, 10, 3, 10, 3, 30, 3, 10, 3]",16.105695906432754
"[10, 3, 10, 3, 10, 3, 10, 3, 30, 3, 30, 3, 10, 3, 10, 3, 30, 3, 10, 3, 10, 3, 10, 3, 10, 3, 30, 3, 10, 3]",15.732594541910311
"[10, 3, 10, 3, 10, 3, 10, 3, 30, 3, 30, 3, 10, 3, 10, 3, 30, 3, 10, 3, 10, 3, 10, 3, 10, 3, 30, 3, 10, 3]",13.386888888888882
"[10, 3, 10, 3, 10, 3, 10, 3, 30, 3, 30, 3, 10, 3, 10, 3, 30, 3, 10, 3, 10, 3, 10, 3, 10, 3, 30, 3, 10, 3]",14.752298245614051
"[10, 3, 10, 3, 10, 3, 10, 3, 30, 3, 30, 3, 10, 3, 10, 3, 30, 3, 10, 3, 10, 3, 10, 3, 10, 3, 30, 3, 10, 3]",15.914469785575008
"[10, 3, 10, 3, 10, 3, 10, 3, 30, 3, 30, 3, 10, 3, 10, 3, 30, 3, 10, 3, 10, 3, 10, 3, 10, 3, 30, 3, 10, 3]",15.706364522417157
"[10, 3, 10, 3, 10, 3, 10, 3, 30, 3, 30, 3, 10, 3, 10, 3, 30, 3, 10, 3, 10, 3, 10, 3, 10, 3, 30, 3, 10, 3]",15.618109161793395
"[10, 3, 10, 3, 10, 3, 10, 3, 30, 3, 30, 3, 10, 3, 10, 3, 30, 3, 10, 3, 10, 3, 10, 3, 10, 3, 30, 3, 10, 3]",14.928662768031195
"[10, 3, 10, 3, 10, 3, 10, 3, 30, 3, 30, 3, 10, 3, 10, 3, 30, 3, 10, 3, 10, 3, 10, 3, 10, 3, 30, 3, 10, 3]",14.514440545808949
"[10, 3, 10, 3, 10, 3, 10, 3, 30, 3, 30, 3, 10, 3, 10, 3, 30, 3, 10, 3, 10, 3, 10, 3, 10, 3, 30, 3, 10, 3]",13.900362573099434
"[10, 3, 10, 3, 10, 3, 10, 3, 30, 3, 30, 3, 10, 3, 10, 3, 30, 3, 10, 3, 10, 3, 10, 3, 10, 3, 30, 3, 10, 3]",15.081814814814782
"[10, 3, 10, 3, 10, 3, 10, 3, 30, 3, 30, 3, 10, 3, 10, 3, 30, 3, 10, 3, 10, 3, 10, 3, 10, 3, 30, 3, 10, 3]",14.04943274853799
"[10, 3, 10, 3, 10, 3, 10, 3, 30, 3, 30, 3, 10, 3, 10, 3, 30, 3, 10, 3, 10, 3, 10, 3, 10, 3, 30, 3, 10, 3]",14.917220272904487
"[10, 3, 10, 3, 10, 3, 10, 3, 30, 3, 30, 3, 10, 3, 10, 3, 30, 3, 10, 3, 10, 3, 10, 3, 10, 3, 30, 3, 10, 3]",14.9703606237817
"[10, 3, 10, 3, 10, 3, 10, 3, 30, 3, 30, 3, 10, 3, 10, 3, 30, 3, 10, 3, 10, 3, 10, 3, 10, 3, 30, 3, 10, 3]",14.140660818713451
"[10, 3, 10, 3, 10, 3, 10, 3, 30, 3, 30, 3, 10, 3, 10, 3, 30, 3, 10, 3, 10, 3, 10, 3, 10, 3, 30, 3, 10, 3]",13.887083820662783
"[10, 3, 10, 3, 10, 3, 10, 3, 30, 3, 30, 3, 10, 3, 10, 3, 30, 3, 10, 3, 10, 3, 10, 3, 10, 3, 30, 3, 10, 3]",15.282300194931766
"[10, 3, 10, 3, 10, 3, 10, 3, 30, 3, 30, 3, 10, 3, 10, 3, 30, 3, 10, 3, 10, 3, 10, 3, 10, 3, 30, 3, 10, 3]",15.00492202729045
"[10, 3, 10, 3, 10, 3, 10, 3, 30, 3, 30, 3, 10, 3, 10, 3, 30, 3, 10, 3, 10, 3, 10, 3, 10, 3, 30, 3, 10, 3]",12.493362573099427
"[10, 3, 10, 3, 10, 3, 10, 3, 30, 3, 30, 3, 10, 3, 10, 3, 30, 3, 10, 3, 10, 3, 10, 3, 10, 3, 30, 3, 10, 3]",14.09665497076021
"[10, 3, 10, 3, 10, 3, 10, 3, 30, 3, 30, 3, 10, 3, 10, 3, 30, 3, 10, 3, 10, 3, 10, 3, 10, 3, 30, 3, 10, 3]",15.617518518518526
"[10, 3, 10, 3, 10, 3, 10, 3, 30, 3, 30, 3, 10, 3, 10, 3, 30, 3, 10, 3, 10, 3, 10, 3, 10, 3, 30, 3, 10, 3]",14.648935672514593
"[10, 3, 10, 3, 10, 3, 10, 3, 30, 3, 30, 3, 10, 3, 10, 3, 30, 3, 10, 3, 10, 3, 10, 3, 10, 3, 30, 3, 10, 3]",13.25069200779725
"[10, 3, 10, 3, 10, 3, 10, 3, 30, 3, 30, 3, 10, 3, 10, 3, 30, 3, 10, 3, 10, 3, 10, 3, 10, 3, 30, 3, 10, 3]",13.442799220272848
"[10, 3, 10, 3, 10, 3, 10, 3, 30, 3, 30, 3, 10, 3, 10, 3, 30, 3, 10, 3, 10, 3, 10, 3, 10, 3, 30, 3, 10, 3]",14.791789473684222
"[10, 3, 10, 3, 10, 3, 10, 3, 30, 3, 30, 3, 10, 3, 10, 3, 30, 3, 10, 3, 10, 3, 10, 3, 10, 3, 30, 3, 10, 3]",13.645058479532175
"[10, 3, 10, 3, 10, 3, 10, 3, 30, 3, 30, 3, 10, 3, 10, 3, 30, 3, 10, 3, 10, 3, 10, 3, 10, 3, 30, 3, 10, 3]",15.697444444444464
"[10, 3, 10, 3, 10, 3, 10, 3, 30, 3, 30, 3, 10, 3, 10, 3, 30, 3, 10, 3, 10, 3, 10, 3, 10, 3, 30, 3, 10, 3]",14.349602339181263
"[10, 3, 10, 3, 10, 3, 10, 3, 30, 3, 30, 3, 10, 3, 10, 3, 30, 3, 10, 3, 10, 3, 10, 3, 10, 3, 30, 3, 10, 3]",15.996666666666698
"[10, 3, 10, 3, 10, 3, 10, 3, 30, 3, 30, 3, 10, 3, 10, 3, 30, 3, 10, 3, 10, 3, 10, 3, 10, 3, 30, 3, 10, 3]",14.732261208577013
"[10, 3, 10, 3, 10, 3, 10, 3, 30, 3, 30, 3, 10, 3, 10, 3, 30, 3, 10, 3, 10, 3, 10, 3, 10, 3, 30, 3, 10, 3]",13.148692007797258
"[10, 3, 10, 3, 10, 3, 10, 3, 30, 3, 30, 3, 10, 3, 10, 3, 30, 3, 10, 3, 10, 3, 10, 3, 10, 3, 30, 3, 10, 3]",15.400964912280694
"[10, 3, 10, 3, 10, 3, 10, 3, 30, 3, 30, 3, 10, 3, 10, 3, 30, 3, 10, 3, 10, 3, 10, 3, 10, 3, 30, 3, 10, 3]",15.775120857699768
"[10, 3, 10, 3, 10, 3, 10, 3, 30, 3, 30, 3, 10, 3, 10, 3, 30, 3, 10, 3, 10, 3, 10, 3, 10, 3, 30, 3, 10, 3]",16.63923196881089
"[10, 3, 10, 3, 10, 3, 10, 3, 30, 3, 30, 3, 10, 3, 10, 3, 30, 3, 10, 3, 10, 3, 10, 3, 10, 3, 30, 3, 10, 3]",14.470740740740785
"[10, 3, 10, 3, 10, 3, 10, 3, 30, 3, 30, 3, 10, 3, 10, 3, 30, 3, 10, 3, 10, 3, 10, 3, 10, 3, 30, 3, 10, 3]",15.725957115009795
"[10, 3, 10, 3, 10, 3, 10, 3, 30, 3, 30, 3, 10, 3, 10, 3, 30, 3, 10, 3, 10, 3, 10, 3, 10, 3, 30, 3, 10, 3]",14.324389863547767
"[10, 3, 10, 3, 10, 3, 10, 3, 30, 3, 30, 3, 10, 3, 10, 3, 30, 3, 10, 3, 10, 3, 10, 3, 10, 3, 30, 3, 10, 3]",14.668896686159838
"[10, 3, 10, 3, 10, 3, 10, 3, 30, 3, 30, 3, 10, 3, 10, 3, 30, 3, 10, 3, 10, 3, 10, 3, 10, 3, 30, 3, 10, 3]",14.622198830409312
"[10, 3, 10, 3, 10, 3, 10, 3, 30, 3, 30, 3, 10, 3, 10, 3, 30, 3, 10, 3, 10, 3, 10, 3, 10, 3, 30, 3, 10, 3]",16.400649122806975
"[10, 3, 10, 3, 10, 3, 10, 3, 30, 3, 30, 3, 10, 3, 10, 3, 30, 3, 10, 3, 10, 3, 10, 3, 10, 3, 30, 3, 10, 3]",14.75883625730991
"[10, 3, 10, 3, 10, 3, 10, 3, 30, 3, 30, 3, 10, 3, 10, 3, 30, 3, 10, 3, 10, 3, 10, 3, 10, 3, 30, 3, 10, 3]",15.509200779727104
"[10, 3, 10, 3, 10, 3, 10, 3, 30, 3, 30, 3, 10, 3, 10, 3, 30, 3, 10, 3, 10, 3, 10, 3, 10, 3, 30, 3, 10, 3]",15.358421052631593
"[10, 3, 10, 3, 10, 3, 10, 3, 30, 3, 30, 3, 10, 3, 10, 3, 30, 3, 10, 3, 10, 3, 10, 3, 10, 3, 30, 3, 10, 3]",15.632686159844008
"[10, 3, 10, 3, 10, 3, 10, 3, 30, 3, 30, 3, 10, 3, 10, 3, 30, 3, 10, 3, 10, 3, 10, 3, 10, 3, 30, 3, 10, 3]",15.684118908382048
"[10, 3, 10, 3, 10, 3, 10, 3, 30, 3, 30, 3, 10, 3, 10, 3, 30, 3, 10, 3, 10, 3, 10, 3, 10, 3, 30, 3, 10, 3]",14.460754385964911
"[10, 3, 10, 3, 10, 3, 10, 3, 30, 3, 30, 3, 10, 3, 10, 3, 30, 3, 10, 3, 10, 3, 10, 3, 10, 3, 30, 3, 10, 3]",15.317128654970734
"[10, 3, 10, 3, 10, 3, 10, 3, 30, 3, 30, 3, 10, 3, 10, 3, 30, 3, 10, 3, 10, 3, 10, 3, 10, 3, 30, 3, 10, 3]",14.296307992202697
"[10, 3, 10, 3, 10, 3, 10, 3, 30, 3, 30, 3, 10, 3, 10, 3, 30, 3, 10, 3, 10, 3, 10, 3, 10, 3, 30, 3, 10, 3]",14.28334502923978
"[10, 3, 10, 3, 10, 3, 10, 3, 30, 3, 30, 3, 10, 3, 10, 3, 30, 3, 10, 3, 10, 3, 10, 3, 10, 3, 30, 3, 10, 3]",16.55150292397663
"[10, 3, 10, 3, 10, 3, 10, 3, 30, 3, 30, 3, 10, 3, 10, 3, 30, 3, 10, 3, 10, 3, 10, 3, 10, 3, 30, 3, 10, 3]",14.315980506822628
"[10, 3, 10, 3, 10, 3, 10, 3, 30, 3, 30, 3, 10, 3, 10, 3, 30, 3, 10, 3, 10, 3, 10, 3, 10, 3, 30, 3, 10, 3]",15.070727095516622
"[10, 3, 10, 3, 10, 3, 10, 3, 30, 3, 30, 3, 10, 3, 10, 3, 30, 3, 10, 3, 10, 3, 10, 3, 10, 3, 30, 3, 10, 3]",16.437142300194914
"[10, 3, 10, 3, 10, 3, 10, 3, 30, 3, 30, 3, 10, 3, 10, 3, 30, 3, 10, 3, 10, 3, 10, 3, 10, 3, 30, 3, 10, 3]",15.49008382066274
"[10, 3, 10, 3, 10, 3, 10, 3, 30, 3, 30, 3, 10, 3, 10, 3, 30, 3, 10, 3, 10, 3, 10, 3, 10, 3, 30, 3, 10, 3]",14.386048732943449
"[10, 3, 10, 3, 10, 3, 10, 3, 30, 3, 30, 3, 10, 3, 10, 3, 30, 3, 10, 3, 10, 3, 10, 3, 10, 3, 30, 3, 10, 3]",13.124551656920072
"[10, 3, 10, 3, 10, 3, 10, 3, 30, 3, 30, 3, 10, 3, 10, 3, 30, 3, 10, 3, 10, 3, 10, 3, 10, 3, 30, 3, 10, 3]",13.398592592592603
"[10, 3, 10, 3, 10, 3, 10, 3, 30, 3, 30, 3, 10, 3, 10, 3, 30, 3, 10, 3, 10, 3, 10, 3, 10, 3, 30, 3, 10, 3]",14.815456140350927
"[10, 3, 10, 3, 10, 3, 10, 3, 30, 3, 30, 3, 10, 3, 10, 3, 30, 3, 10, 3, 10, 3, 10, 3, 10, 3, 30, 3, 10, 3]",16.202563352826502
"[10, 3, 10, 3, 10, 3, 10, 3, 30, 3, 30, 3, 10, 3, 10, 3, 30, 3, 10, 3, 10, 3, 10, 3, 10, 3, 30, 3, 10, 3]",14.825239766081854
"[10, 3, 10, 3, 10, 3, 10, 3, 30, 3, 30, 3, 10, 3, 10, 3, 30, 3, 10, 3, 10, 3, 10, 3, 10, 3, 30, 3, 10, 3]",15.630660818713428
"[10, 3, 10, 3, 10, 3, 10, 3, 30, 3, 30, 3, 10, 3, 10, 3, 30, 3, 10, 3, 10, 3, 10, 3, 10, 3, 30, 3, 10, 3]",15.421171539961055
"[10, 3, 10, 3, 10, 3, 10, 3, 30, 3, 30, 3, 10, 3, 10, 3, 30, 3, 10, 3, 10, 3, 10, 3, 10, 3, 30, 3, 10, 3]",14.48036842105258
"[10, 3, 10, 3, 10, 3, 10, 3, 30, 3, 30, 3, 10, 3, 10, 3, 30, 3, 10, 3, 10, 3, 10, 3, 10, 3, 30, 3, 10, 3]",15.680239766081913
"[10, 3, 10, 3, 10, 3, 10, 3, 30, 3, 30, 3, 10, 3, 10, 3, 30, 3, 10, 3, 10, 3, 10, 3, 10, 3, 30, 3, 10, 3]",15.070479532163755
"[10, 3, 10, 3, 10, 3, 10, 3, 30, 3, 30, 3, 10, 3, 10, 3, 30, 3, 10, 3, 10, 3, 10, 3, 10, 3, 30, 3, 10, 3]",15.633233918128655
"[10, 3, 10, 3, 10, 3, 10, 3, 30, 3, 30, 3, 10, 3, 10, 3, 30, 3, 10, 3, 10, 3, 10, 3, 10, 3, 30, 3, 10, 3]",15.153890838206644
"[10, 3, 10, 3, 10, 3, 10, 3, 30, 3, 30, 3, 10, 3, 10, 3, 30, 3, 10, 3, 10, 3, 10, 3, 10, 3, 30, 3, 10, 3]",15.145600389863535
"[10, 3, 10, 3, 10, 3, 10, 3, 30, 3, 30, 3, 10, 3, 10, 3, 30, 3, 10, 3, 10, 3, 10, 3, 10, 3, 30, 3, 10, 3]",16.385138401559423
"[10, 3, 10, 3, 10, 3, 10, 3, 30, 3, 30, 3, 10, 3, 10, 3, 30, 3, 10, 3, 10, 3, 10, 3, 10, 3, 30, 3, 10, 3]",14.648972709551597
"[10, 3, 10, 3, 10, 3, 10, 3, 30, 3, 30, 3, 10, 3, 10, 3, 30, 3, 10, 3, 10, 3, 10, 3, 10, 3, 30, 3, 10, 3]",15.597723196881097
"[10, 3, 10, 3, 10, 3, 10, 3, 30, 3, 30, 3, 10, 3, 10, 3, 30, 3, 10, 3, 10, 3, 10, 3, 10, 3, 30, 3, 10, 3]",15.320962962962975
"[10, 3, 10, 3, 10, 3, 10, 3, 30, 3, 30, 3, 10, 3, 10, 3, 30, 3, 10, 3, 10, 3, 10, 3, 10, 3, 30, 3, 10, 3]",15.248452241715372
"[10, 3, 10, 3, 10, 3, 10, 3, 30, 3, 30, 3, 10, 3, 10, 3, 30, 3, 10, 3, 10, 3, 10, 3, 10, 3, 30, 3, 10, 3]",14.652118908382075
"[10, 3, 10, 3, 10, 3, 10, 3, 30, 3, 30, 3, 10, 3, 10, 3, 30, 3, 10, 3, 10, 3, 10, 3, 10, 3, 30, 3, 10, 3]",14.725746588693982
"[10, 3, 10, 3, 10, 3, 10, 3, 30, 3, 30, 3, 10, 3, 10, 3, 30, 3, 10, 3, 10, 3, 10, 3, 10, 3, 30, 3, 10, 3]",13.741992202729039
"[10, 3, 10, 3, 10, 3, 10, 3, 30, 3, 30, 3, 10, 3, 10, 3, 30, 3, 10, 3, 10, 3, 10, 3, 10, 3, 30, 3, 10, 3]",15.513495126705626
"[10, 3, 10, 3, 10, 3, 10, 3, 30, 3, 30, 3, 10, 3, 10, 3, 30, 3, 10, 3, 10, 3, 10, 3, 10, 3, 30, 3, 10, 3]",15.710814814814782
"[10, 3, 10, 3, 10, 3, 10, 3, 30, 3, 30, 3, 10, 3, 10, 3, 30, 3, 10, 3, 10, 3, 10, 3, 10, 3, 30, 3, 10, 3]",13.28876218323585
"[10, 3, 10, 3, 10, 3, 10, 3, 30, 3, 30, 3, 10, 3, 10, 3, 30, 3, 10, 3, 10, 3, 10, 3, 10, 3, 30, 3, 10, 3]",16.20772514619884
"[10, 3, 10, 3, 10, 3, 10, 3, 30, 3, 30, 3, 10, 3, 10, 3, 30, 3, 10, 3, 10, 3, 10, 3, 10, 3, 30, 3, 10, 3]",13.786534113060412
"[10, 3, 10, 3, 10, 3, 10, 3, 30, 3, 30, 3, 10, 3, 10, 3, 30, 3, 10, 3, 10, 3, 10, 3, 10, 3, 30, 3, 10, 3]",13.774339181286555
"[10, 3, 10, 3, 10, 3, 10, 3, 30, 3, 30, 3, 10, 3, 10, 3, 30, 3, 10, 3, 10, 3, 10, 3, 10, 3, 30, 3, 10, 3]",16.314298245614022
"[10, 3, 10, 3, 10, 3, 10, 3, 30, 3, 30, 3, 10, 3, 10, 3, 30, 3, 10, 3, 10, 3, 10, 3, 10, 3, 30, 3, 10, 3]",13.372007797270967
"[10, 3, 10, 3, 10, 3, 10, 3, 30, 3, 30, 3, 10, 3, 10, 3, 30, 3, 10, 3, 10, 3, 10, 3, 10, 3, 30, 3, 10, 3]",15.405945419103324
"[10, 3, 10, 3, 10, 3, 10, 3, 30, 3, 30, 3, 10, 3, 10, 3, 30, 3, 10, 3, 10, 3, 10, 3, 10, 3, 30, 3, 10, 3]",15.049631578947421
"[10, 3, 10, 3, 10, 3, 10, 3, 30, 3, 30, 3, 10, 3, 10, 3, 30, 3, 10, 3, 10, 3, 10, 3, 10, 3, 30, 3, 10, 3]",14.457629629629588
"[10, 3, 10, 3, 10, 3, 10, 3, 30, 3, 30, 3, 10, 3, 10, 3, 30, 3, 10, 3, 10, 3, 10, 3, 10, 3, 30, 3, 10, 3]",14.690230019493145
"[10, 3, 10, 3, 10, 3, 10, 3, 30, 3, 30, 3, 10, 3, 10, 3, 30, 3, 10, 3, 10, 3, 10, 3, 10, 3, 30, 3, 10, 3]",14.67098050682261
"[10, 3, 10, 3, 10, 3, 10, 3, 30, 3, 30, 3, 10, 3, 10, 3, 30, 3, 10, 3, 10, 3, 10, 3, 10, 3, 30, 3, 10, 3]",15.50407212475638
"[10, 3, 10, 3, 10, 3, 10, 3, 30, 3, 30, 3, 10, 3, 10, 3, 30, 3, 10, 3, 10, 3, 10, 3, 10, 3, 30, 3, 10, 3]",15.165025341130578
"[10, 3, 10, 3, 10, 3, 10, 3, 30, 3, 30, 3, 10, 3, 10, 3, 30, 3, 10, 3, 10, 3, 10, 3, 10, 3, 30, 3, 10, 3]",15.56186354775826
"[10, 3, 10, 3, 10, 3, 10, 3, 30, 3, 30, 3, 10, 3, 10, 3, 30, 3, 10, 3, 10, 3, 10, 3, 10, 3, 30, 3, 10, 3]",15.630179337231977
"[10, 3, 10, 3, 10, 3, 10, 3, 30, 3, 30, 3, 10, 3, 10, 3, 30, 3, 10, 3, 10, 3, 10, 3, 10, 3, 30, 3, 10, 3]",14.312035087719265
"[10, 3, 10, 3, 10, 3, 10, 3, 30, 3, 30, 3, 10, 3, 10, 3, 30, 3, 10, 3, 10, 3, 10, 3, 10, 3, 30, 3, 10, 3]",14.10917348927874
"[10, 3, 10, 3, 10, 3, 10, 3, 30, 3, 30, 3, 10, 3, 10, 3, 30, 3, 10, 3, 10, 3, 10, 3, 10, 3, 30, 3, 10, 3]",15.135286549707583
"[10, 3, 10, 3, 10, 3, 10, 3, 30, 3, 30, 3, 10, 3, 10, 3, 30, 3, 10, 3, 10, 3, 10, 3, 10, 3, 30, 3, 10, 3]",12.647341130604298
"[10, 3, 10, 3, 10, 3, 10, 3, 30, 3, 30, 3, 10, 3, 10, 3, 30, 3, 10, 3, 10, 3, 10, 3, 10, 3, 30, 3, 10, 3]",15.593327485380135
"[10, 3, 10, 3, 10, 3, 10, 3, 30, 3, 30, 3, 10, 3, 10, 3, 30, 3, 10, 3, 10, 3, 10, 3, 10, 3, 30, 3, 10, 3]",14.554522417153965
"[10, 3, 10, 3, 10, 3, 10, 3, 30, 3, 30, 3, 10, 3, 10, 3, 30, 3, 10, 3, 10, 3, 10, 3, 10, 3, 30, 3, 10, 3]",14.434853801169618
"[10, 3, 10, 3, 10, 3, 10, 3, 30, 3, 30, 3, 10, 3, 10, 3, 30, 3, 10, 3, 10, 3, 10, 3, 10, 3, 30, 3, 10, 3]",15.540417153996113
"[10, 3, 10, 3, 10, 3, 10, 3, 30, 3, 30, 3, 10, 3, 10, 3, 30, 3, 10, 3, 10, 3, 10, 3, 10, 3, 30, 3, 10, 3]",12.984465886939557
"[10, 3, 10, 3, 10, 3, 10, 3, 30, 3, 30, 3, 10, 3, 10, 3, 30, 3, 10, 3, 10, 3, 10, 3, 10, 3, 30, 3, 10, 3]",14.358368421052662
"[10, 3, 10, 3, 10, 3, 10, 3, 30, 3, 30, 3, 10, 3, 10, 3, 30, 3, 10, 3, 10, 3, 10, 3, 10, 3, 30, 3, 10, 3]",15.366241715399607
"[10, 3, 10, 3, 10, 3, 10, 3, 30, 3, 30, 3, 10, 3, 10, 3, 30, 3, 10, 3, 10, 3, 10, 3, 10, 3, 30, 3, 10, 3]",13.543746588693928
"[10, 3, 10, 3, 10, 3, 10, 3, 30, 3, 30, 3, 10, 3, 10, 3, 30, 3, 10, 3, 10, 3, 10, 3, 10, 3, 30, 3, 10, 3]",15.137922027290442
"[10, 3, 10, 3, 10, 3, 10, 3, 30, 3, 30, 3, 10, 3, 10, 3, 30, 3, 10, 3, 10, 3, 10, 3, 10, 3, 30, 3, 10, 3]",14.297284600389833
"[10, 3, 10, 3, 10, 3, 10, 3, 30, 3, 30, 3, 10, 3, 10, 3, 30, 3, 10, 3, 10, 3, 10, 3, 10, 3, 30, 3, 10, 3]",13.713532163742691
"[10, 3, 10, 3, 10, 3, 10, 3, 30, 3, 30, 3, 10, 3, 10, 3, 30, 3, 10, 3, 10, 3, 10, 3, 10, 3, 30, 3, 10, 3]",16.488711500974638
"[10, 3, 10, 3, 10, 3, 10, 3, 30, 3, 30, 3, 10, 3, 10, 3, 30, 3, 10, 3, 10, 3, 10, 3, 10, 3, 30, 3, 10, 3]",16.41330019493179
"[10, 3, 10, 3, 10, 3, 10, 3, 30, 3, 30, 3, 10, 3, 10, 3, 30, 3, 10, 3, 10, 3, 10, 3, 10, 3, 30, 3, 10, 3]",15.307136452241695
"[10, 3, 10, 3, 10, 3, 10, 3, 30, 3, 30, 3, 10, 3, 10, 3, 30, 3, 10, 3, 10, 3, 10, 3, 10, 3, 30, 3, 10, 3]",15.846315789473675
"[10, 3, 10, 3, 10, 3, 10, 3, 30, 3, 30, 3, 10, 3, 10, 3, 30, 3, 10, 3, 10, 3, 10, 3, 10, 3, 30, 3, 10, 3]",15.821403508771933
"[10, 3, 10, 3, 10, 3, 10, 3, 30, 3, 30, 3, 10, 3, 10, 3, 30, 3, 10, 3, 10, 3, 10, 3, 10, 3, 30, 3, 10, 3]",12.642288499025344
"[10, 3, 10, 3, 10, 3, 10, 3, 30, 3, 30, 3, 10, 3, 10, 3, 30, 3, 10, 3, 10, 3, 10, 3, 10, 3, 30, 3, 10, 3]",14.013615984405464
"[10, 3, 10, 3, 10, 3, 10, 3, 30, 3, 30, 3, 10, 3, 10, 3, 30, 3, 10, 3, 10, 3, 10, 3, 10, 3, 30, 3, 10, 3]",15.505851851851858
"[10, 3, 10, 3, 10, 3, 10, 3, 30, 3, 30, 3, 10, 3, 10, 3, 30, 3, 10, 3, 10, 3, 10, 3, 10, 3, 30, 3, 10, 3]",13.86584210526315
"[10, 3, 10, 3, 10, 3, 10, 3, 30, 3, 30, 3, 10, 3, 10, 3, 30, 3, 10, 3, 10, 3, 10, 3, 10, 3, 30, 3, 10, 3]",15.242883040935713
"[10, 3, 10, 3, 10, 3, 10, 3, 30, 3, 30, 3, 10, 3, 10, 3, 30, 3, 10, 3, 10, 3, 10, 3, 10, 3, 30, 3, 10, 3]",14.654738791422965
"[10, 3, 10, 3, 10, 3, 10, 3, 30, 3, 30, 3, 10, 3, 10, 3, 30, 3, 10, 3, 10, 3, 10, 3, 10, 3, 30, 3, 10, 3]",13.434025341130605
"[10, 3, 10, 3, 10, 3, 10, 3, 30, 3, 30, 3, 10, 3, 10, 3, 30, 3, 10, 3, 10, 3, 10, 3, 10, 3, 30, 3, 10, 3]",15.838473684210467
"[10, 3, 10, 3, 10, 3, 10, 3, 30, 3, 30, 3, 10, 3, 10, 3, 30, 3, 10, 3, 10, 3, 10, 3, 10, 3, 30, 3, 10, 3]",13.792128654970734
"[10, 3, 10, 3, 10, 3, 10, 3, 30, 3, 30, 3, 10, 3, 10, 3, 30, 3, 10, 3, 10, 3, 10, 3, 10, 3, 30, 3, 10, 3]",14.73142690058479
"[10, 3, 10, 3, 10, 3, 10, 3, 30, 3, 30, 3, 10, 3, 10, 3, 30, 3, 10, 3, 10, 3, 10, 3, 10, 3, 30, 3, 10, 3]",15.024621832358672
"[10, 3, 10, 3, 10, 3, 10, 3, 30, 3, 30, 3, 10, 3, 10, 3, 30, 3, 10, 3, 10, 3, 10, 3, 10, 3, 30, 3, 10, 3]",14.872764132553584
"[10, 3, 10, 3, 10, 3, 10, 3, 30, 3, 30, 3, 10, 3, 10, 3, 30, 3, 10, 3, 10, 3, 10, 3, 10, 3, 30, 3, 10, 3]",15.184074074074093
"[10, 3, 10, 3, 10, 3, 10, 3, 30, 3, 30, 3, 10, 3, 10, 3, 30, 3, 10, 3, 10, 3, 10, 3, 10, 3, 30, 3, 10, 3]",14.04665692007795
"[10, 3, 10, 3, 10, 3, 10, 3, 30, 3, 30, 3, 10, 3, 10, 3, 30, 3, 10, 3, 10, 3, 10, 3, 10, 3, 30, 3, 10, 3]",14.963992202729026
"[10, 3, 10, 3, 10, 3, 10, 3, 30, 3, 30, 3, 10, 3, 10, 3, 30, 3, 10, 3, 10, 3, 10, 3, 10, 3, 30, 3, 10, 3]",14.364949317738764
"[10, 3, 10, 3, 10, 3, 10, 3, 30, 3, 30, 3, 10, 3, 10, 3, 30, 3, 10, 3, 10, 3, 10, 3, 10, 3, 30, 3, 10, 3]",15.502140350877196
"[10, 3, 10, 3, 10, 3, 10, 3, 30, 3, 30, 3, 10, 3, 10, 3, 30, 3, 10, 3, 10, 3, 10, 3, 10, 3, 30, 3, 10, 3]",14.338647173489283
"[10, 3, 10, 3, 10, 3, 10, 3, 30, 3, 30, 3, 10, 3, 10, 3, 30, 3, 10, 3, 10, 3, 10, 3, 10, 3, 30, 3, 10, 3]",16.272916179337262
"[10, 3, 10, 3, 10, 3, 10, 3, 30, 3, 30, 3, 10, 3, 10, 3, 30, 3, 10, 3, 10, 3, 10, 3, 10, 3, 30, 3, 10, 3]",15.272426900584788
"[10, 3, 10, 3, 10, 3, 10, 3, 30, 3, 30, 3, 10, 3, 10, 3, 30, 3, 10, 3, 10, 3, 10, 3, 10, 3, 30, 3, 10, 3]",15.578243664717343
"[10, 3, 10, 3, 10, 3, 10, 3, 30, 3, 30, 3, 10, 3, 10, 3, 30, 3, 10, 3, 10, 3, 10, 3, 10, 3, 30, 3, 10, 3]",15.758214424951245
"[10, 3, 10, 3, 10, 3, 10, 3, 30, 3, 30, 3, 10, 3, 10, 3, 30, 3, 10, 3, 10, 3, 10, 3, 10, 3, 30, 3, 10, 3]",14.83059844054576
"[10, 3, 10, 3, 10, 3, 10, 3, 30, 3, 30, 3, 10, 3, 10, 3, 30, 3, 10, 3, 10, 3, 10, 3, 10, 3, 30, 3, 10, 3]",15.651672514619895
"[10, 3, 10, 3, 10, 3, 10, 3, 30, 3, 30, 3, 10, 3, 10, 3, 30, 3, 10, 3, 10, 3, 10, 3, 10, 3, 30, 3, 10, 3]",15.282405458089643
"[10, 3, 10, 3, 10, 3, 10, 3, 30, 3, 30, 3, 10, 3, 10, 3, 30, 3, 10, 3, 10, 3, 10, 3, 10, 3, 30, 3, 10, 3]",15.508711500974648
"[10, 3, 10, 3, 10, 3, 10, 3, 30, 3, 30, 3, 10, 3, 10, 3, 30, 3, 10, 3, 10, 3, 10, 3, 10, 3, 30, 3, 10, 3]",13.53154191033137
"[10, 3, 10, 3, 10, 3, 10, 3, 30, 3, 30, 3, 10, 3, 10, 3, 30, 3, 10, 3, 10, 3, 10, 3, 10, 3, 30, 3, 10, 3]",13.111785575048739
"[10, 3, 10, 3, 10, 3, 10, 3, 30, 3, 30, 3, 10, 3, 10, 3, 30, 3, 10, 3, 10, 3, 10, 3, 10, 3, 30, 3, 10, 3]",14.581113060428837
"[10, 3, 10, 3, 10, 3, 10, 3, 30, 3, 30, 3, 10, 3, 10, 3, 30, 3, 10, 3, 10, 3, 10, 3, 10, 3, 30, 3, 10, 3]",13.100947368421041
"[10, 3, 10, 3, 10, 3, 10, 3, 30, 3, 30, 3, 10, 3, 10, 3, 30, 3, 10, 3, 10, 3, 10, 3, 10, 3, 30, 3, 10, 3]",15.891341130604358
"[10, 3, 10, 3, 10, 3, 10, 3, 30, 3, 30, 3, 10, 3, 10, 3, 30, 3, 10, 3, 10, 3, 10, 3, 10, 3, 30, 3, 10, 3]",14.83691423001951
"[10, 3, 10, 3, 10, 3, 10, 3, 30, 3, 30, 3, 10, 3, 10, 3, 30, 3, 10, 3, 10, 3, 10, 3, 10, 3, 30, 3, 10, 3]",12.770508771929803
"[10, 3, 10, 3, 10, 3, 10, 3, 30, 3, 30, 3, 10, 3, 10, 3, 30, 3, 10, 3, 10, 3, 10, 3, 10, 3, 30, 3, 10, 3]",15.257705653021475
"[10, 3, 10, 3, 10, 3, 10, 3, 30, 3, 30, 3, 10, 3, 10, 3, 30, 3, 10, 3, 10, 3, 10, 3, 10, 3, 30, 3, 10, 3]",14.604586744639375
"[10, 3, 10, 3, 10, 3, 10, 3, 30, 3, 30, 3, 10, 3, 10, 3, 30, 3, 10, 3, 10, 3, 10, 3, 10, 3, 30, 3, 10, 3]",15.179091617933684
"[10, 3, 10, 3, 10, 3, 10, 3, 30, 3, 30, 3, 10, 3, 10, 3, 30, 3, 10, 3, 10, 3, 10, 3, 10, 3, 30, 3, 10, 3]",14.800717348927858
"[10, 3, 10, 3, 10, 3, 10, 3, 30, 3, 30, 3, 10, 3, 10, 3, 30, 3, 10, 3, 10, 3, 10, 3, 10, 3, 30, 3, 10, 3]",15.809280701754393
"[10, 3, 10, 3, 10, 3, 10, 3, 30, 3, 30, 3, 10, 3, 10, 3, 30, 3, 10, 3, 10, 3, 10, 3, 10, 3, 30, 3, 10, 3]",15.984883040935658
"[10, 3, 10, 3, 10, 3, 10, 3, 30, 3, 30, 3, 10, 3, 10, 3, 30, 3, 10, 3, 10, 3, 10, 3, 10, 3, 30, 3, 10, 3]",15.1733625730994
"[10, 3, 10, 3, 10, 3, 10, 3, 30, 3, 30, 3, 10, 3, 10, 3, 30, 3, 10, 3, 10, 3, 10, 3, 10, 3, 30, 3, 10, 3]",15.204378167641332
"[10, 3, 10, 3, 10, 3, 10, 3, 30, 3, 30, 3, 10, 3, 10, 3, 30, 3, 10, 3, 10, 3, 10, 3, 10, 3, 30, 3, 10, 3]",13.540567251461981
"[10, 3, 10, 3, 10, 3, 10, 3, 30, 3, 30, 3, 10, 3, 10, 3, 30, 3, 10, 3, 10, 3, 10, 3, 10, 3, 30, 3, 10, 3]",15.413742690058472
"[10, 3, 10, 3, 10, 3, 10, 3, 30, 3, 30, 3, 10, 3, 10, 3, 30, 3, 10, 3, 10, 3, 10, 3, 10, 3, 30, 3, 10, 3]",16.829362573099424
"[10, 3, 10, 3, 10, 3, 10, 3, 30, 3, 30, 3, 10, 3, 10, 3, 30, 3, 10, 3, 10, 3, 10, 3, 10, 3, 30, 3, 10, 3]",13.353003898635471
"[10, 3, 10, 3, 10, 3, 10, 3, 30, 3, 30, 3, 10, 3, 10, 3, 30, 3, 10, 3, 10, 3, 10, 3, 10, 3, 30, 3, 10, 3]",14.449191033138394
"[10, 3, 10, 3, 10, 3, 10, 3, 30, 3, 30, 3, 10, 3, 10, 3, 30, 3, 10, 3, 10, 3, 10, 3, 10, 3, 30, 3, 10, 3]",14.329378167641327
"[10, 3, 10, 3, 10, 3, 10, 3, 30, 3, 30, 3, 10, 3, 10, 3, 30, 3, 10, 3, 10, 3, 10, 3, 10, 3, 30, 3, 10, 3]",15.923576998050695
"[10, 3, 10, 3, 10, 3, 10, 3, 30, 3, 30, 3, 10, 3, 10, 3, 30, 3, 10, 3, 10, 3, 10, 3, 10, 3, 30, 3, 10, 3]",14.631487329434725
"[10, 3, 10, 3, 10, 3, 10, 3, 30, 3, 30, 3, 10, 3, 10, 3, 30, 3, 10, 3, 10, 3, 10, 3, 10, 3, 30, 3, 10, 3]",14.423779727095496
"[10, 3, 10, 3, 10, 3, 10, 3, 30, 3, 30, 3, 10, 3, 10, 3, 30, 3, 10, 3, 10, 3, 10, 3, 10, 3, 30, 3, 10, 3]",14.4857524366472
"[10, 3, 10, 3, 10, 3, 10, 3, 30, 3, 30, 3, 10, 3, 10, 3, 30, 3, 10, 3, 10, 3, 10, 3, 10, 3, 30, 3, 10, 3]",15.542777777777788
"[10, 3, 10, 3, 10, 3, 10, 3, 30, 3, 30, 3, 10, 3, 10, 3, 30, 3, 10, 3, 10, 3, 10, 3, 10, 3, 30, 3, 10, 3]",15.599512670565307
"[10, 3, 10, 3, 10, 3, 10, 3, 30, 3, 30, 3, 10, 3, 10, 3, 30, 3, 10, 3, 10, 3, 10, 3, 10, 3, 30, 3, 10, 3]",15.120719298245596
"[10, 3, 10, 3, 10, 3, 10, 3, 30, 3, 30, 3, 10, 3, 10, 3, 30, 3, 10, 3, 10, 3, 10, 3, 10, 3, 30, 3, 10, 3]",16.78126510721245
"[10, 3, 10, 3, 10, 3, 10, 3, 30, 3, 30, 3, 10, 3, 10, 3, 30, 3, 10, 3, 10, 3, 10, 3, 10, 3, 30, 3, 10, 3]",14.99513840155946
"[10, 3, 10, 3, 10, 3, 10, 3, 30, 3, 30, 3, 10, 3, 10, 3, 30, 3, 10, 3, 10, 3, 10, 3, 10, 3, 30, 3, 10, 3]",13.928746588693972
"[10, 3, 10, 3, 10, 3, 10, 3, 30, 3, 30, 3, 10, 3, 10, 3, 30, 3, 10, 3, 10, 3, 10, 3, 10, 3, 30, 3, 10, 3]",14.909602339181259
"[10, 3, 10, 3, 10, 3, 10, 3, 30, 3, 30, 3, 10, 3, 10, 3, 30, 3, 10, 3, 10, 3, 10, 3, 10, 3, 30, 3, 10, 3]",15.67788499025338
"[10, 3, 10, 3, 10, 3, 10, 3, 30, 3, 30, 3, 10, 3, 10, 3, 30, 3, 10, 3, 10, 3, 10, 3, 10, 3, 30, 3, 10, 3]",15.433499025341161
"[10, 3, 10, 3, 10, 3, 10, 3, 30, 3, 30, 3, 10, 3, 10, 3, 30, 3, 10, 3, 10, 3, 10, 3, 10, 3, 30, 3, 10, 3]",14.85020077972714
"[10, 3, 10, 3, 10, 3, 10, 3, 30, 3, 30, 3, 10, 3, 10, 3, 30, 3, 10, 3, 10, 3, 10, 3, 10, 3, 30, 3, 10, 3]",15.036578947368431
"[10, 3, 10, 3, 10, 3, 10, 3, 30, 3, 30, 3, 10, 3, 10, 3, 30, 3, 10, 3, 10, 3, 10, 3, 10, 3, 30, 3, 10, 3]",14.33206042884995
"[10, 3, 10, 3, 10, 3, 10, 3, 30, 3, 30, 3, 10, 3, 10, 3, 30, 3, 10, 3, 10, 3, 10, 3, 10, 3, 30, 3, 10, 3]",16.225194931773846
"[10, 3, 10, 3, 10, 3, 10, 3, 30, 3, 30, 3, 10, 3, 10, 3, 30, 3, 10, 3, 10, 3, 10, 3, 10, 3, 30, 3, 10, 3]",15.034914230019485
"[10, 3, 10, 3, 10, 3, 10, 3, 30, 3, 30, 3, 10, 3, 10, 3, 30, 3, 10, 3, 10, 3, 10, 3, 10, 3, 30, 3, 10, 3]",15.089729044834291
"[10, 3, 10, 3, 10, 3, 10, 3, 30, 3, 30, 3, 10, 3, 10, 3, 30, 3, 10, 3, 10, 3, 10, 3, 10, 3, 30, 3, 10, 3]",13.941631578947353
"[10, 3, 10, 3, 10, 3, 10, 3, 30, 3, 30, 3, 10, 3, 10, 3, 30, 3, 10, 3, 10, 3, 10, 3, 10, 3, 30, 3, 10, 3]",13.437968810916157
"[10, 3, 10, 3, 10, 3, 10, 3, 30, 3, 30, 3, 10, 3, 10, 3, 30, 3, 10, 3, 10, 3, 10, 3, 10, 3, 30, 3, 10, 3]",14.299927875243652
"[10, 3, 10, 3, 10, 3, 10, 3, 30, 3, 30, 3, 10, 3, 10, 3, 30, 3, 10, 3, 10, 3, 10, 3, 10, 3, 30, 3, 10, 3]",14.799978557504872
"[10, 3, 10, 3, 10, 3, 10, 3, 30, 3, 30, 3, 10, 3, 10, 3, 30, 3, 10, 3, 10, 3, 10, 3, 10, 3, 30, 3, 10, 3]",15.105721247563334
"[10, 3, 10, 3, 10, 3, 10, 3, 30, 3, 30, 3, 10, 3, 10, 3, 30, 3, 10, 3, 10, 3, 10, 3, 10, 3, 30, 3, 10, 3]",14.80459454191034
"[10, 3, 10, 3, 10, 3, 10, 3, 30, 3, 30, 3, 10, 3, 10, 3, 30, 3, 10, 3, 10, 3, 10, 3, 10, 3, 30, 3, 10, 3]",15.238111111111088
"[10, 3, 10, 3, 10, 3, 10, 3, 30, 3, 30, 3, 10, 3, 10, 3, 30, 3, 10, 3, 10, 3, 10, 3, 10, 3, 30, 3, 10, 3]",15.853233918128678
"[10, 3, 10, 3, 10, 3, 10, 3, 30, 3, 30, 3, 10, 3, 10, 3, 30, 3, 10, 3, 10, 3, 10, 3, 10, 3, 30, 3, 10, 3]",14.089769980506832
"[10, 3, 10, 3, 10, 3, 10, 3, 30, 3, 30, 3, 10, 3, 10, 3, 30, 3, 10, 3, 10, 3, 10, 3, 10, 3, 30, 3, 10, 3]",15.069555555555535
"[10, 3, 10, 3, 10, 3, 10, 3, 30, 3, 30, 3, 10, 3, 10, 3, 30, 3, 10, 3, 10, 3, 10, 3, 10, 3, 30, 3, 10, 3]",13.56239376218323
"[10, 3, 10, 3, 10, 3, 10, 3, 30, 3, 30, 3, 10, 3, 10, 3, 30, 3, 10, 3, 10, 3, 10, 3, 10, 3, 30, 3, 10, 3]",15.787532163742641
"[10, 3, 10, 3, 10, 3, 10, 3, 30, 3, 30, 3, 10, 3, 10, 3, 30, 3, 10, 3, 10, 3, 10, 3, 10, 3, 30, 3, 10, 3]",15.151904483430778
"[10, 3, 10, 3, 10, 3, 10, 3, 30, 3, 30, 3, 10, 3, 10, 3, 30, 3, 10, 3, 10, 3, 10, 3, 10, 3, 30, 3, 10, 3]",15.595409356725163
"[10, 3, 10, 3, 10, 3, 10, 3, 30, 3, 30, 3, 10, 3, 10, 3, 30, 3, 10, 3, 10, 3, 10, 3, 10, 3, 30, 3, 10, 3]",15.813066276803083
"[10, 3, 10, 3, 10, 3, 10, 3, 30, 3, 30, 3, 10, 3, 10, 3, 30, 3, 10, 3, 10, 3, 10, 3, 10, 3, 30, 3, 10, 3]",15.293491228070211
"[10, 3, 10, 3, 10, 3, 10, 3, 30, 3, 30, 3, 10, 3, 10, 3, 30, 3, 10, 3, 10, 3, 10, 3, 10, 3, 30, 3, 10, 3]",14.806380116959085
"[10, 3, 10, 3, 10, 3, 10, 3, 30, 3, 30, 3, 10, 3, 10, 3, 30, 3, 10, 3, 10, 3, 10, 3, 10, 3, 30, 3, 10, 3]",15.749625730994195
"[10, 3, 10, 3, 10, 3, 10, 3, 30, 3, 30, 3, 10, 3, 10, 3, 30, 3, 10, 3, 10, 3, 10, 3, 10, 3, 30, 3, 10, 3]",14.963046783625739
"[10, 3, 10, 3, 10, 3, 10, 3, 30, 3, 30, 3, 10, 3, 10, 3, 30, 3, 10, 3, 10, 3, 10, 3, 10, 3, 30, 3, 10, 3]",15.535155945419156
"[10, 3, 10, 3, 10, 3, 10, 3, 30, 3, 30, 3, 10, 3, 10, 3, 30, 3, 10, 3, 10, 3, 10, 3, 10, 3, 30, 3, 10, 3]",14.75868226120856
"[10, 3, 10, 3, 10, 3, 10, 3, 30, 3, 30, 3, 10, 3, 10, 3, 30, 3, 10, 3, 10, 3, 10, 3, 10, 3, 30, 3, 10, 3]",13.859421052631577
"[10, 3, 10, 3, 10, 3, 10, 3, 30, 3, 30, 3, 10, 3, 10, 3, 30, 3, 10, 3, 10, 3, 10, 3, 10, 3, 30, 3, 10, 3]",14.686972709551641
"[10, 3, 10, 3, 10, 3, 10, 3, 30, 3, 30, 3, 10, 3, 10, 3, 30, 3, 10, 3, 10, 3, 10, 3, 10, 3, 30, 3, 10, 3]",14.150820662768027
"[10, 3, 10, 3, 10, 3, 10, 3, 30, 3, 30, 3, 10, 3, 10, 3, 30, 3, 10, 3, 10, 3, 10, 3, 10, 3, 30, 3, 10, 3]",14.252732943469782
"[10, 3, 10, 3, 10, 3, 10, 3, 30, 3, 30, 3, 10, 3, 10, 3, 30, 3, 10, 3, 10, 3, 10, 3, 10, 3, 30, 3, 10, 3]",15.081668615984432
"[10, 3, 10, 3, 10, 3, 10, 3, 30, 3, 30, 3, 10, 3, 10, 3, 30, 3, 10, 3, 10, 3, 10, 3, 10, 3, 30, 3, 10, 3]",13.29649317738791
"[10, 3, 10, 3, 10, 3, 10, 3, 30, 3, 30, 3, 10, 3, 10, 3, 30, 3, 10, 3, 10, 3, 10, 3, 10, 3, 30, 3, 10, 3]",13.898715399610177
"[10, 3, 10, 3, 10, 3, 10, 3, 30, 3, 30, 3, 10, 3, 10, 3, 30, 3, 10, 3, 10, 3, 10, 3, 10, 3, 30, 3, 10, 3]",14.5349298245614
"[10, 3, 10, 3, 10, 3, 10, 3, 30, 3, 30, 3, 10, 3, 10, 3, 30, 3, 10, 3, 10, 3, 10, 3, 10, 3, 30, 3, 10, 3]",14.81561208576997
"[10, 3, 10, 3, 10, 3, 10, 3, 30, 3, 30, 3, 10, 3, 10, 3, 30, 3, 10, 3, 10, 3, 10, 3, 10, 3, 30, 3, 10, 3]",16.462639376218306
"[10, 3, 10, 3, 10, 3, 10, 3, 30, 3, 30, 3, 10, 3, 10, 3, 30, 3, 10, 3, 10, 3, 10, 3, 10, 3, 30, 3, 10, 3]",15.18042884990253
"[10, 3, 10, 3, 10, 3, 10, 3, 30, 3, 30, 3, 10, 3, 10, 3, 30, 3, 10, 3, 10, 3, 10, 3, 10, 3, 30, 3, 10, 3]",13.173235867446394
"[10, 3, 10, 3, 10, 3, 10, 3, 30, 3, 30, 3, 10, 3, 10, 3, 30, 3, 10, 3, 10, 3, 10, 3, 10, 3, 30, 3, 10, 3]",16.29666666666668
"[10, 3, 10, 3, 10, 3, 10, 3, 30, 3, 30, 3, 10, 3, 10, 3, 30, 3, 10, 3, 10, 3, 10, 3, 10, 3, 30, 3, 10, 3]",14.845555555555588
"[10, 3, 10, 3, 10, 3, 10, 3, 30, 3, 30, 3, 10, 3, 10, 3, 30, 3, 10, 3, 10, 3, 10, 3, 10, 3, 30, 3, 10, 3]",15.017974658869413
"[10, 3, 10, 3, 10, 3, 10, 3, 30, 3, 30, 3, 10, 3, 10, 3, 30, 3, 10, 3, 10, 3, 10, 3, 10, 3, 30, 3, 10, 3]",15.020448343079908
"[10, 3, 10, 3, 10, 3, 10, 3, 30, 3, 30, 3, 10, 3, 10, 3, 30, 3, 10, 3, 10, 3, 10, 3, 10, 3, 30, 3, 10, 3]",14.963113060428862
"[10, 3, 10, 3, 10, 3, 10, 3, 30, 3, 30, 3, 10, 3, 10, 3, 30, 3, 10, 3, 10, 3, 10, 3, 10, 3, 30, 3, 10, 3]",14.758385964912257
"[10, 3, 10, 3, 10, 3, 10, 3, 30, 3, 30, 3, 10, 3, 10, 3, 30, 3, 10, 3, 10, 3, 10, 3, 10, 3, 30, 3, 10, 3]",15.560742690058477
"[10, 3, 10, 3, 10, 3, 10, 3, 30, 3, 30, 3, 10, 3, 10, 3, 30, 3, 10, 3, 10, 3, 10, 3, 10, 3, 30, 3, 10, 3]",13.634752436647165
"[10, 3, 10, 3, 10, 3, 10, 3, 30, 3, 30, 3, 10, 3, 10, 3, 30, 3, 10, 3, 10, 3, 10, 3, 10, 3, 30, 3, 10, 3]",17.305561403508797
"[10, 3, 10, 3, 10, 3, 10, 3, 30, 3, 30, 3, 10, 3, 10, 3, 30, 3, 10, 3, 10, 3, 10, 3, 10, 3, 30, 3, 10, 3]",14.497947368421029
"[10, 3, 10, 3, 10, 3, 10, 3, 30, 3, 30, 3, 10, 3, 10, 3, 30, 3, 10, 3, 10, 3, 10, 3, 10, 3, 30, 3, 10, 3]",14.444358674463974
"[10, 3, 10, 3, 10, 3, 10, 3, 30, 3, 30, 3, 10, 3, 10, 3, 30, 3, 10, 3, 10, 3, 10, 3, 10, 3, 30, 3, 10, 3]",13.539194931773885
"[10, 3, 10, 3, 10, 3, 10, 3, 30, 3, 30, 3, 10, 3, 10, 3, 30, 3, 10, 3, 10, 3, 10, 3, 10, 3, 30, 3, 10, 3]",16.88228460038987
"[10, 3, 10, 3, 10, 3, 10, 3, 30, 3, 30, 3, 10, 3, 10, 3, 30, 3, 10, 3, 10, 3, 10, 3, 10, 3, 30, 3, 10, 3]",14.069426900584808
"[10, 3, 10, 3, 10, 3, 10, 3, 30, 3, 30, 3, 10, 3, 10, 3, 30, 3, 10, 3, 10, 3, 10, 3, 10, 3, 30, 3, 10, 3]",15.974333333333323
"[10, 3, 10, 3, 10, 3, 10, 3, 30, 3, 30, 3, 10, 3, 10, 3, 30, 3, 10, 3, 10, 3, 10, 3, 10, 3, 30, 3, 10, 3]",14.937469785575082
"[10, 3, 10, 3, 10, 3, 10, 3, 30, 3, 30, 3, 10, 3, 10, 3, 30, 3, 10, 3, 10, 3, 10, 3, 10, 3, 30, 3, 10, 3]",14.785200779727093
"[10, 3, 10, 3, 10, 3, 10, 3, 30, 3, 30, 3, 10, 3, 10, 3, 30, 3, 10, 3, 10, 3, 10, 3, 10, 3, 30, 3, 10, 3]",15.113099415204681
"[10, 3, 10, 3, 10, 3, 10, 3, 30, 3, 30, 3, 10, 3, 10, 3, 30, 3, 10, 3, 10, 3, 10, 3, 10, 3, 30, 3, 10, 3]",13.793021442495137
"[10, 3, 10, 3, 10, 3, 10, 3, 30, 3, 30, 3, 10, 3, 10, 3, 30, 3, 10, 3, 10, 3, 10, 3, 10, 3, 30, 3, 10, 3]",14.471779727095539
"[10, 3, 10, 3, 10, 3, 10, 3, 30, 3, 30, 3, 10, 3, 10, 3, 30, 3, 10, 3, 10, 3, 10, 3, 10, 3, 30, 3, 10, 3]",14.393401559454196
"[10, 3, 10, 3, 10, 3, 10, 3, 30, 3, 30, 3, 10, 3, 10, 3, 30, 3, 10, 3, 10, 3, 10, 3, 10, 3, 30, 3, 10, 3]",14.525487329434702
"[10, 3, 10, 3, 10, 3, 10, 3, 30, 3, 30, 3, 10, 3, 10, 3, 30, 3, 10, 3, 10, 3, 10, 3, 10, 3, 30, 3, 10, 3]",15.729666666666661
"[10, 3, 10, 3, 10, 3, 10, 3, 30, 3, 30, 3, 10, 3, 10, 3, 30, 3, 10, 3, 10, 3, 10, 3, 10, 3, 30, 3, 10, 3]",15.552639376218334
"[10, 3, 10, 3, 10, 3, 10, 3, 30, 3, 30, 3, 10, 3, 10, 3, 30, 3, 10, 3, 10, 3, 10, 3, 10, 3, 30, 3, 10, 3]",14.708368421052633
"[10, 3, 10, 3, 10, 3, 10, 3, 30, 3, 30, 3, 10, 3, 10, 3, 30, 3, 10, 3, 10, 3, 10, 3, 10, 3, 30, 3, 10, 3]",13.662368421052637
"[10, 3, 10, 3, 10, 3, 10, 3, 30, 3, 30, 3, 10, 3, 10, 3, 30, 3, 10, 3, 10, 3, 10, 3, 10, 3, 30, 3, 10, 3]",14.916177387914262
"[10, 3, 10, 3, 10, 3, 10, 3, 30, 3, 30, 3, 10, 3, 10, 3, 30, 3, 10, 3, 10, 3, 10, 3, 10, 3, 30, 3, 10, 3]",14.545111111111108
"[10, 3, 10, 3, 10, 3, 10, 3, 30, 3, 30, 3, 10, 3, 10, 3, 30, 3, 10, 3, 10, 3, 10, 3, 10, 3, 30, 3, 10, 3]",15.223405458089712
"[10, 3, 10, 3, 10, 3, 10, 3, 30, 3, 30, 3, 10, 3, 10, 3, 30, 3, 10, 3, 10, 3, 10, 3, 10, 3, 30, 3, 10, 3]",14.726688109161797
"[10, 3, 10, 3, 10, 3, 10, 3, 30, 3, 30, 3, 10, 3, 10, 3, 30, 3, 10, 3, 10, 3, 10, 3, 10, 3, 30, 3, 10, 3]",17.097212475633523
"[10, 3, 10, 3, 10, 3, 10, 3, 30, 3, 30, 3, 10, 3, 10, 3, 30, 3, 10, 3, 10, 3, 10, 3, 10, 3, 30, 3, 10, 3]",15.614491228070188
"[10, 3, 10, 3, 10, 3, 10, 3, 30, 3, 30, 3, 10, 3, 10, 3, 30, 3, 10, 3, 10, 3, 10, 3, 10, 3, 30, 3, 10, 3]",14.471812865497032
"[10, 3, 10, 3, 10, 3, 10, 3, 30, 3, 30, 3, 10, 3, 10, 3, 30, 3, 10, 3, 10, 3, 10, 3, 10, 3, 30, 3, 10, 3]",14.813627680311944
"[10, 3, 10, 3, 10, 3, 10, 3, 30, 3, 30, 3, 10, 3, 10, 3, 30, 3, 10, 3, 10, 3, 10, 3, 10, 3, 30, 3, 10, 3]",14.446093567251472
"[10, 3, 10, 3, 10, 3, 10, 3, 30, 3, 30, 3, 10, 3, 10, 3, 30, 3, 10, 3, 10, 3, 10, 3, 10, 3, 30, 3, 10, 3]",14.300682261208575
"[10, 3, 10, 3, 10, 3, 10, 3, 30, 3, 30, 3, 10, 3, 10, 3, 30, 3, 10, 3, 10, 3, 10, 3, 10, 3, 30, 3, 10, 3]",14.669370370370386
"[10, 3, 10, 3, 10, 3, 10, 3, 30, 3, 30, 3, 10, 3, 10, 3, 30, 3, 10, 3, 10, 3, 10, 3, 10, 3, 30, 3, 10, 3]",14.388569200779738
"[10, 3, 10, 3, 10, 3, 10, 3, 30, 3, 30, 3, 10, 3, 10, 3, 30, 3, 10, 3, 10, 3, 10, 3, 10, 3, 30, 3, 10, 3]",13.58884015594541
"[10, 3, 10, 3, 10, 3, 10, 3, 30, 3, 30, 3, 10, 3, 10, 3, 30, 3, 10, 3, 10, 3, 10, 3, 10, 3, 30, 3, 10, 3]",16.203707602339186
"[10, 3, 10, 3, 10, 3, 10, 3, 30, 3, 30, 3, 10, 3, 10, 3, 30, 3, 10, 3, 10, 3, 10, 3, 10, 3, 30, 3, 10, 3]",15.851902534113078
"[10, 3, 10, 3, 10, 3, 10, 3, 30, 3, 30, 3, 10, 3, 10, 3, 30, 3, 10, 3, 10, 3, 10, 3, 10, 3, 30, 3, 10, 3]",15.390512670565288
"[10, 3, 10, 3, 10, 3, 10, 3, 30, 3, 30, 3, 10, 3, 10, 3, 30, 3, 10, 3, 10, 3, 10, 3, 10, 3, 30, 3, 10, 3]",15.49685769980506
"[10, 3, 10, 3, 10, 3, 10, 3, 30, 3, 30, 3, 10, 3, 10, 3, 30, 3, 10, 3, 10, 3, 10, 3, 10, 3, 30, 3, 10, 3]",14.318541910331367
"[10, 3, 10, 3, 10, 3, 10, 3, 30, 3, 30, 3, 10, 3, 10, 3, 30, 3, 10, 3, 10, 3, 10, 3, 10, 3, 30, 3, 10, 3]",14.874403508771941
"[10, 3, 10, 3, 10, 3, 10, 3, 30, 3, 30, 3, 10, 3, 10, 3, 30, 3, 10, 3, 10, 3, 10, 3, 10, 3, 30, 3, 10, 3]",14.804516569200779
"[10, 3, 10, 3, 10, 3, 10, 3, 30, 3, 30, 3, 10, 3, 10, 3, 30, 3, 10, 3, 10, 3, 10, 3, 10, 3, 30, 3, 10, 3]",14.656339181286517
"[10, 3, 10, 3, 10, 3, 10, 3, 30, 3, 30, 3, 10, 3, 10, 3, 30, 3, 10, 3, 10, 3, 10, 3, 10, 3, 30, 3, 10, 3]",16.345820662768073
"[10, 3, 10, 3, 10, 3, 10, 3, 30, 3, 30, 3, 10, 3, 10, 3, 30, 3, 10, 3, 10, 3, 10, 3, 10, 3, 30, 3, 10, 3]",15.63656920077974
"[10, 3, 10, 3, 10, 3, 10, 3, 30, 3, 30, 3, 10, 3, 10, 3, 30, 3, 10, 3, 10, 3, 10, 3, 10, 3, 30, 3, 10, 3]",14.045768031189109
"[10, 3, 10, 3, 10, 3, 10, 3, 30, 3, 30, 3, 10, 3, 10, 3, 30, 3, 10, 3, 10, 3, 10, 3, 10, 3, 30, 3, 10, 3]",14.255387914229981
"[10, 3, 10, 3, 10, 3, 10, 3, 30, 3, 30, 3, 10, 3, 10, 3, 30, 3, 10, 3, 10, 3, 10, 3, 10, 3, 30, 3, 10, 3]",15.578317738791439
"[10, 3, 10, 3, 10, 3, 10, 3, 30, 3, 30, 3, 10, 3, 10, 3, 30, 3, 10, 3, 10, 3, 10, 3, 10, 3, 30, 3, 10, 3]",14.594783625730965
"[10, 3, 10, 3, 10, 3, 10, 3, 30, 3, 30, 3, 10, 3, 10, 3, 30, 3, 10, 3, 10, 3, 10, 3, 10, 3, 30, 3, 10, 3]",14.56369785575051
"[10, 3, 10, 3, 10, 3, 10, 3, 30, 3, 30, 3, 10, 3, 10, 3, 30, 3, 10, 3, 10, 3, 10, 3, 10, 3, 30, 3, 10, 3]",14.2629590643275
"[10, 3, 10, 3, 10, 3, 10, 3, 30, 3, 30, 3, 10, 3, 10, 3, 30, 3, 10, 3, 10, 3, 10, 3, 10, 3, 30, 3, 10, 3]",14.999319688109166
"[10, 3, 10, 3, 10, 3, 10, 3, 30, 3, 30, 3, 10, 3, 10, 3, 30, 3, 10, 3, 10, 3, 10, 3, 10, 3, 30, 3, 10, 3]",14.704113060428837
"[10, 3, 10, 3, 10, 3, 10, 3, 30, 3, 30, 3, 10, 3, 10, 3, 30, 3, 10, 3, 10, 3, 10, 3, 10, 3, 30, 3, 10, 3]",16.583354775828504
"[10, 3, 10, 3, 10, 3, 10, 3, 30, 3, 30, 3, 10, 3, 10, 3, 30, 3, 10, 3, 10, 3, 10, 3, 10, 3, 30, 3, 10, 3]",15.37128070175437
"[10, 3, 10, 3, 10, 3, 10, 3, 30, 3, 30, 3, 10, 3, 10, 3, 30, 3, 10, 3, 10, 3, 10, 3, 10, 3, 30, 3, 10, 3]",16.56319688109163
"[10, 3, 10, 3, 10, 3, 10, 3, 30, 3, 30, 3, 10, 3, 10, 3, 30, 3, 10, 3, 10, 3, 10, 3, 10, 3, 30, 3, 10, 3]",15.760970760233935
"[10, 3, 10, 3, 10, 3, 10, 3, 30, 3, 30, 3, 10, 3, 10, 3, 30, 3, 10, 3, 10, 3, 10, 3, 10, 3, 30, 3, 10, 3]",14.722711500974652
"[10, 3, 10, 3, 10, 3, 10, 3, 30, 3, 30, 3, 10, 3, 10, 3, 30, 3, 10, 3, 10, 3, 10, 3, 10, 3, 30, 3, 10, 3]",15.631374269005875
"[10, 3, 10, 3, 10, 3, 10, 3, 30, 3, 30, 3, 10, 3, 10, 3, 30, 3, 10, 3, 10, 3, 10, 3, 10, 3, 30, 3, 10, 3]",14.599865497076042
"[10, 3, 10, 3, 10, 3, 10, 3, 30, 3, 30, 3, 10, 3, 10, 3, 30, 3, 10, 3, 10, 3, 10, 3, 10, 3, 30, 3, 10, 3]",15.92499999999999
"[10, 3, 10, 3, 10, 3, 10, 3, 30, 3, 30, 3, 10, 3, 10, 3, 30, 3, 10, 3, 10, 3, 10, 3, 10, 3, 30, 3, 10, 3]",14.400925925925922
"[10, 3, 10, 3, 10, 3, 10, 3, 30, 3, 30, 3, 10, 3, 10, 3, 30, 3, 10, 3, 10, 3, 10, 3, 10, 3, 30, 3, 10, 3]",15.477504873294333
"[10, 3, 10, 3, 10, 3, 10, 3, 30, 3, 30, 3, 10, 3, 10, 3, 30, 3, 10, 3, 10, 3, 10, 3, 10, 3, 30, 3, 10, 3]",14.394734892787529
"[10, 3, 10, 3, 10, 3, 10, 3, 30, 3, 30, 3, 10, 3, 10, 3, 30, 3, 10, 3, 10, 3, 10, 3, 10, 3, 30, 3, 10, 3]",15.804766081871382
"[10, 3, 10, 3, 10, 3, 10, 3, 30, 3, 30, 3, 10, 3, 10, 3, 30, 3, 10, 3, 10, 3, 10, 3, 10, 3, 30, 3, 10, 3]",15.919732943469782
"[10, 3, 10, 3, 10, 3, 10, 3, 30, 3, 30, 3, 10, 3, 10, 3, 30, 3, 10, 3, 10, 3, 10, 3, 10, 3, 30, 3, 10, 3]",15.469781676413263
"[10, 3, 10, 3, 10, 3, 10, 3, 30, 3, 30, 3, 10, 3, 10, 3, 30, 3, 10, 3, 10, 3, 10, 3, 10, 3, 30, 3, 10, 3]",13.105191033138402
"[10, 3, 10, 3, 10, 3, 10, 3, 30, 3, 30, 3, 10, 3, 10, 3, 30, 3, 10, 3, 10, 3, 10, 3, 10, 3, 30, 3, 10, 3]",13.949703703703713
"[10, 3, 10, 3, 10, 3, 10, 3, 30, 3, 30, 3, 10, 3, 10, 3, 30, 3, 10, 3, 10, 3, 10, 3, 10, 3, 30, 3, 10, 3]",15.279144249512681
"[10, 3, 10, 3, 10, 3, 10, 3, 30, 3, 30, 3, 10, 3, 10, 3, 30, 3, 10, 3, 10, 3, 10, 3, 10, 3, 30, 3, 10, 3]",16.410789473684208
"[10, 3, 10, 3, 10, 3, 10, 3, 30, 3, 30, 3, 10, 3, 10, 3, 30, 3, 10, 3, 10, 3, 10, 3, 10, 3, 30, 3, 10, 3]",13.645506822612102
"[10, 3, 10, 3, 10, 3, 10, 3, 30, 3, 30, 3, 10, 3, 10, 3, 30, 3, 10, 3, 10, 3, 10, 3, 10, 3, 30, 3, 10, 3]",13.145750487329478
"[10, 3, 10, 3, 10, 3, 10, 3, 30, 3, 30, 3, 10, 3, 10, 3, 30, 3, 10, 3, 10, 3, 10, 3, 10, 3, 30, 3, 10, 3]",15.43213255360625
"[10, 3, 10, 3, 10, 3, 10, 3, 30, 3, 30, 3, 10, 3, 10, 3, 30, 3, 10, 3, 10, 3, 10, 3, 10, 3, 30, 3, 10, 3]",14.74132748538009
"[10, 3, 10, 3, 10, 3, 10, 3, 30, 3, 30, 3, 10, 3, 10, 3, 30, 3, 10, 3, 10, 3, 10, 3, 10, 3, 30, 3, 10, 3]",14.95168615984402
"[10, 3, 10, 3, 10, 3, 10, 3, 30, 3, 30, 3, 10, 3, 10, 3, 30, 3, 10, 3, 10, 3, 10, 3, 10, 3, 30, 3, 10, 3]",14.908021442495132
"[10, 3, 10, 3, 10, 3, 10, 3, 30, 3, 30, 3, 10, 3, 10, 3, 30, 3, 10, 3, 10, 3, 10, 3, 10, 3, 30, 3, 10, 3]",15.606202729044872
"[10, 3, 10, 3, 10, 3, 10, 3, 30, 3, 30, 3, 10, 3, 10, 3, 30, 3, 10, 3, 10, 3, 10, 3, 10, 3, 30, 3, 10, 3]",15.542832358674476
"[10, 3, 10, 3, 10, 3, 10, 3, 30, 3, 30, 3, 10, 3, 10, 3, 30, 3, 10, 3, 10, 3, 10, 3, 10, 3, 30, 3, 10, 3]",14.9746881091618
"[10, 3, 10, 3, 10, 3, 10, 3, 30, 3, 30, 3, 10, 3, 10, 3, 30, 3, 10, 3, 10, 3, 10, 3, 10, 3, 30, 3, 10, 3]",16.013208576997997
"[10, 3, 10, 3, 10, 3, 10, 3, 30, 3, 30, 3, 10, 3, 10, 3, 30, 3, 10, 3, 10, 3, 10, 3, 10, 3, 30, 3, 10, 3]",15.549508771929839
"[10, 3, 10, 3, 10, 3, 10, 3, 30, 3, 30, 3, 10, 3, 10, 3, 30, 3, 10, 3, 10, 3, 10, 3, 10, 3, 30, 3, 10, 3]",14.570138401559468
"[10, 3, 10, 3, 10, 3, 10, 3, 30, 3, 30, 3, 10, 3, 10, 3, 30, 3, 10, 3, 10, 3, 10, 3, 10, 3, 30, 3, 10, 3]",13.279668615984404
"[10, 3, 10, 3, 10, 3, 10, 3, 30, 3, 30, 3, 10, 3, 10, 3, 30, 3, 10, 3, 10, 3, 10, 3, 10, 3, 30, 3, 10, 3]",15.731832358674438
"[10, 3, 10, 3, 10, 3, 10, 3, 30, 3, 30, 3, 10, 3, 10, 3, 30, 3, 10, 3, 10, 3, 10, 3, 10, 3, 30, 3, 10, 3]",15.584532163742763
"[10, 3, 10, 3, 10, 3, 10, 3, 30, 3, 30, 3, 10, 3, 10, 3, 30, 3, 10, 3, 10, 3, 10, 3, 10, 3, 30, 3, 10, 3]",15.481171539961018
"[10, 3, 10, 3, 10, 3, 10, 3, 30, 3, 30, 3, 10, 3, 10, 3, 30, 3, 10, 3, 10, 3, 10, 3, 10, 3, 30, 3, 10, 3]",14.974637426900612
"[10, 3, 10, 3, 10, 3, 10, 3, 30, 3, 30, 3, 10, 3, 10, 3, 30, 3, 10, 3, 10, 3, 10, 3, 10, 3, 30, 3, 10, 3]",12.910495126705655
"[10, 3, 10, 3, 10, 3, 10, 3, 30, 3, 30, 3, 10, 3, 10, 3, 30, 3, 10, 3, 10, 3, 10, 3, 10, 3, 30, 3, 10, 3]",14.886717348927835
"[10, 3, 10, 3, 10, 3, 10, 3, 30, 3, 30, 3, 10, 3, 10, 3, 30, 3, 10, 3, 10, 3, 10, 3, 10, 3, 30, 3, 10, 3]",14.527339181286552
"[10, 3, 10, 3, 10, 3, 10, 3, 30, 3, 30, 3, 10, 3, 10, 3, 30, 3, 10, 3, 10, 3, 10, 3, 10, 3, 30, 3, 10, 3]",14.253754385964873
"[10, 3, 10, 3, 10, 3, 10, 3, 30, 3, 30, 3, 10, 3, 10, 3, 30, 3, 10, 3, 10, 3, 10, 3, 10, 3, 30, 3, 10, 3]",13.176680311890822
"[10, 3, 10, 3, 10, 3, 10, 3, 30, 3, 30, 3, 10, 3, 10, 3, 30, 3, 10, 3, 10, 3, 10, 3, 10, 3, 30, 3, 10, 3]",14.877177387914257
"[10, 3, 10, 3, 10, 3, 10, 3, 30, 3, 30, 3, 10, 3, 10, 3, 30, 3, 10, 3, 10, 3, 10, 3, 10, 3, 30, 3, 10, 3]",14.282557504873244
"[10, 3, 10, 3, 10, 3, 10, 3, 30, 3, 30, 3, 10, 3, 10, 3, 30, 3, 10, 3, 10, 3, 10, 3, 10, 3, 30, 3, 10, 3]",15.838984405458062
"[10, 3, 10, 3, 10, 3, 10, 3, 30, 3, 30, 3, 10, 3, 10, 3, 30, 3, 10, 3, 10, 3, 10, 3, 10, 3, 30, 3, 10, 3]",14.419713450292393
"[10, 3, 10, 3, 10, 3, 10, 3, 30, 3, 30, 3, 10, 3, 10, 3, 30, 3, 10, 3, 10, 3, 10, 3, 10, 3, 30, 3, 10, 3]",13.306962962962945
"[10, 3, 10, 3, 10, 3, 10, 3, 30, 3, 30, 3, 10, 3, 10, 3, 30, 3, 10, 3, 10, 3, 10, 3, 10, 3, 30, 3, 10, 3]",14.062460038986366
"[10, 3, 10, 3, 10, 3, 10, 3, 30, 3, 30, 3, 10, 3, 10, 3, 30, 3, 10, 3, 10, 3, 10, 3, 10, 3, 30, 3, 10, 3]",14.247898635477585
"[10, 3, 10, 3, 10, 3, 10, 3, 30, 3, 30, 3, 10, 3, 10, 3, 30, 3, 10, 3, 10, 3, 10, 3, 10, 3, 30, 3, 10, 3]",15.292350877192982
"[10, 3, 10, 3, 10, 3, 10, 3, 30, 3, 30, 3, 10, 3, 10, 3, 30, 3, 10, 3, 10, 3, 10, 3, 10, 3, 30, 3, 10, 3]",14.77684795321638
"[10, 3, 10, 3, 10, 3, 10, 3, 30, 3, 30, 3, 10, 3, 10, 3, 30, 3, 10, 3, 10, 3, 10, 3, 10, 3, 30, 3, 10, 3]",15.822559454191055
"[10, 3, 10, 3, 10, 3, 10, 3, 30, 3, 30, 3, 10, 3, 10, 3, 30, 3, 10, 3, 10, 3, 10, 3, 10, 3, 30, 3, 10, 3]",14.404927875243681
"[10, 3, 10, 3, 10, 3, 10, 3, 30, 3, 30, 3, 10, 3, 10, 3, 30, 3, 10, 3, 10, 3, 10, 3, 10, 3, 30, 3, 10, 3]",13.45505263157896
"[10, 3, 10, 3, 10, 3, 10, 3, 30, 3, 30, 3, 10, 3, 10, 3, 30, 3, 10, 3, 10, 3, 10, 3, 10, 3, 30, 3, 10, 3]",13.980146198830418
"[10, 3, 10, 3, 10, 3, 10, 3, 30, 3, 30, 3, 10, 3, 10, 3, 30, 3, 10, 3, 10, 3, 10, 3, 10, 3, 30, 3, 10, 3]",14.201524366471743
"[10, 3, 10, 3, 10, 3, 10, 3, 30, 3, 30, 3, 10, 3, 10, 3, 30, 3, 10, 3, 10, 3, 10, 3, 10, 3, 30, 3, 10, 3]",14.030448343079915
"[10, 3, 10, 3, 10, 3, 10, 3, 30, 3, 30, 3, 10, 3, 10, 3, 30, 3, 10, 3, 10, 3, 10, 3, 10, 3, 30, 3, 10, 3]",14.610896686159837
"[10, 3, 10, 3, 10, 3, 10, 3, 30, 3, 30, 3, 10, 3, 10, 3, 30, 3, 10, 3, 10, 3, 10, 3, 10, 3, 30, 3, 10, 3]",14.030393762183206
"[10, 3, 10, 3, 10, 3, 10, 3, 30, 3, 30, 3, 10, 3, 10, 3, 30, 3, 10, 3, 10, 3, 10, 3, 10, 3, 30, 3, 10, 3]",14.851996101364508
"[10, 3, 10, 3, 10, 3, 10, 3, 30, 3, 30, 3, 10, 3, 10, 3, 30, 3, 10, 3, 10, 3, 10, 3, 10, 3, 30, 3, 10, 3]",15.131107212475625
"[10, 3, 10, 3, 10, 3, 10, 3, 30, 3, 30, 3, 10, 3, 10, 3, 30, 3, 10, 3, 10, 3, 10, 3, 10, 3, 30, 3, 10, 3]",16.2914580896686
"[10, 3, 10, 3, 10, 3, 10, 3, 30, 3, 30, 3, 10, 3, 10, 3, 30, 3, 10, 3, 10, 3, 10, 3, 10, 3, 30, 3, 10, 3]",15.33160623781679
"[10, 3, 10, 3, 10, 3, 10, 3, 30, 3, 30, 3, 10, 3, 10, 3, 30, 3, 10, 3, 10, 3, 10, 3, 10, 3, 30, 3, 10, 3]",14.799785575048755
"[10, 3, 10, 3, 10, 3, 10, 3, 30, 3, 30, 3, 10, 3, 10, 3, 30, 3, 10, 3, 10, 3, 10, 3, 10, 3, 30, 3, 10, 3]",15.329678362573114
"[10, 3, 10, 3, 10, 3, 10, 3, 30, 3, 30, 3, 10, 3, 10, 3, 30, 3, 10, 3, 10, 3, 10, 3, 10, 3, 30, 3, 10, 3]",16.397452241715445
"[10, 3, 10, 3, 10, 3, 10, 3, 30, 3, 30, 3, 10, 3, 10, 3, 30, 3, 10, 3, 10, 3, 10, 3, 10, 3, 30, 3, 10, 3]",14.605360623781664
"[10, 3, 10, 3, 10, 3, 10, 3, 30, 3, 30, 3, 10, 3, 10, 3, 30, 3, 10, 3, 10, 3, 10, 3, 10, 3, 30, 3, 10, 3]",16.66874658869396
"[10, 3, 10, 3, 10, 3, 10, 3, 30, 3, 30, 3, 10, 3, 10, 3, 30, 3, 10, 3, 10, 3, 10, 3, 10, 3, 30, 3, 10, 3]",15.060709551656906
"[10, 3, 10, 3, 10, 3, 10, 3, 30, 3, 30, 3, 10, 3, 10, 3, 30, 3, 10, 3, 10, 3, 10, 3, 10, 3, 30, 3, 10, 3]",15.055370370370385
"[10, 3, 10, 3, 10, 3, 10, 3, 30, 3, 30, 3, 10, 3, 10, 3, 30, 3, 10, 3, 10, 3, 10, 3, 10, 3, 30, 3, 10, 3]",15.834557504873287
"[10, 3, 10, 3, 10, 3, 10, 3, 30, 3, 30, 3, 10, 3, 10, 3, 30, 3, 10, 3, 10, 3, 10, 3, 10, 3, 30, 3, 10, 3]",16.184859649122803
"[10, 3, 10, 3, 10, 3, 10, 3, 30, 3, 30, 3, 10, 3, 10, 3, 30, 3, 10, 3, 10, 3, 10, 3, 10, 3, 30, 3, 10, 3]",15.967964912280658
"[10, 3, 10, 3, 10, 3, 10, 3, 30, 3, 30, 3, 10, 3, 10, 3, 30, 3, 10, 3, 10, 3, 10, 3, 10, 3, 30, 3, 10, 3]",14.944450292397628
"[10, 3, 10, 3, 10, 3, 10, 3, 30, 3, 30, 3, 10, 3, 10, 3, 30, 3, 10, 3, 10, 3, 10, 3, 10, 3, 30, 3, 10, 3]",15.815136452241694
"[10, 3, 10, 3, 10, 3, 10, 3, 30, 3, 30, 3, 10, 3, 10, 3, 30, 3, 10, 3, 10, 3, 10, 3, 10, 3, 30, 3, 10, 3]",12.893725146198827
"[10, 3, 10, 3, 10, 3, 10, 3, 30, 3, 30, 3, 10, 3, 10, 3, 30, 3, 10, 3, 10, 3, 10, 3, 10, 3, 30, 3, 10, 3]",14.80985380116961
"[10, 3, 10, 3, 10, 3, 10, 3, 30, 3, 30, 3, 10, 3, 10, 3, 30, 3, 10, 3, 10, 3, 10, 3, 10, 3, 30, 3, 10, 3]",15.922235867446348
"[10, 3, 10, 3, 10, 3, 10, 3, 30, 3, 30, 3, 10, 3, 10, 3, 30, 3, 10, 3, 10, 3, 10, 3, 10, 3, 30, 3, 10, 3]",15.234302144249527
"[10, 3, 10, 3, 10, 3, 10, 3, 30, 3, 30, 3, 10, 3, 10, 3, 30, 3, 10, 3, 10, 3, 10, 3, 10, 3, 30, 3, 10, 3]",13.327265107212463
"[10, 3, 10, 3, 10, 3, 10, 3, 30, 3, 30, 3, 10, 3, 10, 3, 30, 3, 10, 3, 10, 3, 10, 3, 10, 3, 30, 3, 10, 3]",14.671093567251486
"[10, 3, 10, 3, 10, 3, 10, 3, 30, 3, 30, 3, 10, 3, 10, 3, 30, 3, 10, 3, 10, 3, 10, 3, 10, 3, 30, 3, 10, 3]",16.445015594541907
"[10, 3, 10, 3, 10, 3, 10, 3, 30, 3, 30, 3, 10, 3, 10, 3, 30, 3, 10, 3, 10, 3, 10, 3, 10, 3, 30, 3, 10, 3]",13.863329434697853
"[10, 3, 10, 3, 10, 3, 10, 3, 30, 3, 30, 3, 10, 3, 10, 3, 30, 3, 10, 3, 10, 3, 10, 3, 10, 3, 30, 3, 10, 3]",14.691458089668629
"[10, 3, 10, 3, 10, 3, 10, 3, 30, 3, 30, 3, 10, 3, 10, 3, 30, 3, 10, 3, 10, 3, 10, 3, 10, 3, 30, 3, 10, 3]",14.677538011695853
"[10, 3, 10, 3, 10, 3, 10, 3, 30, 3, 30, 3, 10, 3, 10, 3, 30, 3, 10, 3, 10, 3, 10, 3, 10, 3, 30, 3, 10, 3]",13.80321832358677
"[10, 3, 10, 3, 10, 3, 10, 3, 30, 3, 30, 3, 10, 3, 10, 3, 30, 3, 10, 3, 10, 3, 10, 3, 10, 3, 30, 3, 10, 3]",16.008766081871347
"[10, 3, 10, 3, 10, 3, 10, 3, 30, 3, 30, 3, 10, 3, 10, 3, 30, 3, 10, 3, 10, 3, 10, 3, 10, 3, 30, 3, 10, 3]",14.934421052631588
"[10, 3, 10, 3, 10, 3, 10, 3, 30, 3, 30, 3, 10, 3, 10, 3, 30, 3, 10, 3, 10, 3, 10, 3, 10, 3, 30, 3, 10, 3]",14.233415204678362
"[10, 3, 10, 3, 10, 3, 10, 3, 30, 3, 30, 3, 10, 3, 10, 3, 30, 3, 10, 3, 10, 3, 10, 3, 10, 3, 30, 3, 10, 3]",14.844771929824562
"[10, 3, 10, 3, 10, 3, 10, 3, 30, 3, 30, 3, 10, 3, 10, 3, 30, 3, 10, 3, 10, 3, 10, 3, 10, 3, 30, 3, 10, 3]",14.686742690058468
"[10, 3, 10, 3, 10, 3, 10, 3, 30, 3, 30, 3, 10, 3, 10, 3, 30, 3, 10, 3, 10, 3, 10, 3, 10, 3, 30, 3, 10, 3]",13.503621832358677
"[10, 3, 10, 3, 10, 3, 10, 3, 30, 3, 30, 3, 10, 3, 10, 3, 30, 3, 10, 3, 10, 3, 10, 3, 10, 3, 30, 3, 10, 3]",15.836177387914242
"[10, 3, 10, 3, 10, 3, 10, 3, 30, 3, 30, 3, 10, 3, 10, 3, 30, 3, 10, 3, 10, 3, 10, 3, 10, 3, 30, 3, 10, 3]",14.535350877193013
"[10, 3, 10, 3, 10, 3, 10, 3, 30, 3, 30, 3, 10, 3, 10, 3, 30, 3, 10, 3, 10, 3, 10, 3, 10, 3, 30, 3, 10, 3]",14.82072904483429
"[10, 3, 10, 3, 10, 3, 10, 3, 30, 3, 30, 3, 10, 3, 10, 3, 30, 3, 10, 3, 10, 3, 10, 3, 10, 3, 30, 3, 10, 3]",14.767029239766094
"[10, 3, 10, 3, 10, 3, 10, 3, 30, 3, 30, 3, 10, 3, 10, 3, 30, 3, 10, 3, 10, 3, 10, 3, 10, 3, 30, 3, 10, 3]",15.305937621832394
"[10, 3, 10, 3, 10, 3, 10, 3, 30, 3, 30, 3, 10, 3, 10, 3, 30, 3, 10, 3, 10, 3, 10, 3, 10, 3, 30, 3, 10, 3]",14.386998050682212
"[10, 3, 10, 3, 10, 3, 10, 3, 30, 3, 30, 3, 10, 3, 10, 3, 30, 3, 10, 3, 10, 3, 10, 3, 10, 3, 30, 3, 10, 3]",15.064576998050716
"[10, 3, 10, 3, 10, 3, 10, 3, 30, 3, 30, 3, 10, 3, 10, 3, 30, 3, 10, 3, 10, 3, 10, 3, 10, 3, 30, 3, 10, 3]",15.151052631578969
"[10, 3, 10, 3, 10, 3, 10, 3, 30, 3, 30, 3, 10, 3, 10, 3, 30, 3, 10, 3, 10, 3, 10, 3, 10, 3, 30, 3, 10, 3]",14.819697855750507
"[10, 3, 10, 3, 10, 3, 10, 3, 30, 3, 30, 3, 10, 3, 10, 3, 30, 3, 10, 3, 10, 3, 10, 3, 10, 3, 30, 3, 10, 3]",15.027115009746591
"[10, 3, 10, 3, 10, 3, 10, 3, 30, 3, 30, 3, 10, 3, 10, 3, 30, 3, 10, 3, 10, 3, 10, 3, 10, 3, 30, 3, 10, 3]",15.31437816764131
"[10, 3, 10, 3, 10, 3, 10, 3, 30, 3, 30, 3, 10, 3, 10, 3, 30, 3, 10, 3, 10, 3, 10, 3, 10, 3, 30, 3, 10, 3]",15.345251461988317
"[10, 3, 10, 3, 10, 3, 10, 3, 30, 3, 30, 3, 10, 3, 10, 3, 30, 3, 10, 3, 10, 3, 10, 3, 10, 3, 30, 3, 10, 3]",14.377664717348885
"[10, 3, 10, 3, 10, 3, 10, 3, 30, 3, 30, 3, 10, 3, 10, 3, 30, 3, 10, 3, 10, 3, 10, 3, 10, 3, 30, 3, 10, 3]",14.042122807017524
"[10, 3, 10, 3, 10, 3, 10, 3, 30, 3, 30, 3, 10, 3, 10, 3, 30, 3, 10, 3, 10, 3, 10, 3, 10, 3, 30, 3, 10, 3]",14.962064327485372
"[10, 3, 10, 3, 10, 3, 10, 3, 30, 3, 30, 3, 10, 3, 10, 3, 30, 3, 10, 3, 10, 3, 10, 3, 10, 3, 30, 3, 10, 3]",13.631748538011685
"[10, 3, 10, 3, 10, 3, 10, 3, 30, 3, 30, 3, 10, 3, 10, 3, 30, 3, 10, 3, 10, 3, 10, 3, 10, 3, 30, 3, 10, 3]",14.87356530214424
"[10, 3, 10, 3, 10, 3, 10, 3, 30, 3, 30, 3, 10, 3, 10, 3, 30, 3, 10, 3, 10, 3, 10, 3, 10, 3, 30, 3, 10, 3]",15.510339181286563
"[10, 3, 10, 3, 10, 3, 10, 3, 30, 3, 30, 3, 10, 3, 10, 3, 30, 3, 10, 3, 10, 3, 10, 3, 10, 3, 30, 3, 10, 3]",14.265095516569218
"[10, 3, 10, 3, 10, 3, 10, 3, 30, 3, 30, 3, 10, 3, 10, 3, 30, 3, 10, 3, 10, 3, 10, 3, 10, 3, 30, 3, 10, 3]",13.459896686159844
"[10, 3, 10, 3, 10, 3, 10, 3, 30, 3, 30, 3, 10, 3, 10, 3, 30, 3, 10, 3, 10, 3, 10, 3, 10, 3, 30, 3, 10, 3]",15.664966861598447
"[10, 3, 10, 3, 10, 3, 10, 3, 30, 3, 30, 3, 10, 3, 10, 3, 30, 3, 10, 3, 10, 3, 10, 3, 10, 3, 30, 3, 10, 3]",14.523927875243658
"[10, 3, 10, 3, 10, 3, 10, 3, 30, 3, 30, 3, 10, 3, 10, 3, 30, 3, 10, 3, 10, 3, 10, 3, 10, 3, 30, 3, 10, 3]",14.778465886939543
"[10, 3, 10, 3, 10, 3, 10, 3, 30, 3, 30, 3, 10, 3, 10, 3, 30, 3, 10, 3, 10, 3, 10, 3, 10, 3, 30, 3, 10, 3]",14.91517543859648
"[10, 3, 10, 3, 10, 3, 10, 3, 30, 3, 30, 3, 10, 3, 10, 3, 30, 3, 10, 3, 10, 3, 10, 3, 10, 3, 30, 3, 10, 3]",16.459146198830396
"[10, 3, 10, 3, 10, 3, 10, 3, 30, 3, 30, 3, 10, 3, 10, 3, 30, 3, 10, 3, 10, 3, 10, 3, 10, 3, 30, 3, 10, 3]",14.685405458089667
"[10, 3, 10, 3, 10, 3, 10, 3, 30, 3, 30, 3, 10, 3, 10, 3, 30, 3, 10, 3, 10, 3, 10, 3, 10, 3, 30, 3, 10, 3]",14.836413255360599
"[10, 3, 10, 3, 10, 3, 10, 3, 30, 3, 30, 3, 10, 3, 10, 3, 30, 3, 10, 3, 10, 3, 10, 3, 10, 3, 30, 3, 10, 3]",15.385179337231978
"[10, 3, 10, 3, 10, 3, 10, 3, 30, 3, 30, 3, 10, 3, 10, 3, 30, 3, 10, 3, 10, 3, 10, 3, 10, 3, 30, 3, 10, 3]",15.279101364522408
"[10, 3, 10, 3, 10, 3, 10, 3, 30, 3, 30, 3, 10, 3, 10, 3, 30, 3, 10, 3, 10, 3, 10, 3, 10, 3, 30, 3, 10, 3]",14.884417153996072
"[10, 3, 10, 3, 10, 3, 10, 3, 30, 3, 30, 3, 10, 3, 10, 3, 30, 3, 10, 3, 10, 3, 10, 3, 10, 3, 30, 3, 10, 3]",14.244093567251445
"[10, 3, 10, 3, 10, 3, 10, 3, 30, 3, 30, 3, 10, 3, 10, 3, 30, 3, 10, 3, 10, 3, 10, 3, 10, 3, 30, 3, 10, 3]",13.621083820662758
"[10, 3, 10, 3, 10, 3, 10, 3, 30, 3, 30, 3, 10, 3, 10, 3, 30, 3, 10, 3, 10, 3, 10, 3, 10, 3, 30, 3, 10, 3]",13.956744639376218
"[10, 3, 10, 3, 10, 3, 10, 3, 30, 3, 30, 3, 10, 3, 10, 3, 30, 3, 10, 3, 10, 3, 10, 3, 10, 3, 30, 3, 10, 3]",15.123126705652973
"[10, 3, 10, 3, 10, 3, 10, 3, 30, 3, 30, 3, 10, 3, 10, 3, 30, 3, 10, 3, 10, 3, 10, 3, 10, 3, 30, 3, 10, 3]",14.745035087719282
"[10, 3, 10, 3, 10, 3, 10, 3, 30, 3, 30, 3, 10, 3, 10, 3, 30, 3, 10, 3, 10, 3, 10, 3, 10, 3, 30, 3, 10, 3]",16.176750487329464
"[10, 3, 10, 3, 10, 3, 10, 3, 30, 3, 30, 3, 10, 3, 10, 3, 30, 3, 10, 3, 10, 3, 10, 3, 10, 3, 30, 3, 10, 3]",15.642091617933751
"[10, 3, 10, 3, 10, 3, 10, 3, 30, 3, 30, 3, 10, 3, 10, 3, 30, 3, 10, 3, 10, 3, 10, 3, 10, 3, 30, 3, 10, 3]",14.834575048732972
"[10, 3, 10, 3, 10, 3, 10, 3, 30, 3, 30, 3, 10, 3, 10, 3, 30, 3, 10, 3, 10, 3, 10, 3, 10, 3, 30, 3, 10, 3]",14.00673489278751
"[10, 3, 10, 3, 10, 3, 10, 3, 30, 3, 30, 3, 10, 3, 10, 3, 30, 3, 10, 3, 10, 3, 10, 3, 10, 3, 30, 3, 10, 3]",14.881255360623765
"[10, 3, 10, 3, 10, 3, 10, 3, 30, 3, 30, 3, 10, 3, 10, 3, 30, 3, 10, 3, 10, 3, 10, 3, 10, 3, 30, 3, 10, 3]",14.01632943469787
"[10, 3, 10, 3, 10, 3, 10, 3, 30, 3, 30, 3, 10, 3, 10, 3, 30, 3, 10, 3, 10, 3, 10, 3, 10, 3, 30, 3, 10, 3]",14.779035087719295
"[10, 3, 10, 3, 10, 3, 10, 3, 30, 3, 30, 3, 10, 3, 10, 3, 30, 3, 10, 3, 10, 3, 10, 3, 10, 3, 30, 3, 10, 3]",13.751945419103306
"[10, 3, 10, 3, 10, 3, 10, 3, 30, 3, 30, 3, 10, 3, 10, 3, 30, 3, 10, 3, 10, 3, 10, 3, 10, 3, 30, 3, 10, 3]",14.571424951267067
"[10, 3, 10, 3, 10, 3, 10, 3, 30, 3, 30, 3, 10, 3, 10, 3, 30, 3, 10, 3, 10, 3, 10, 3, 10, 3, 30, 3, 10, 3]",15.14586549707599
"[10, 3, 10, 3, 10, 3, 10, 3, 30, 3, 30, 3, 10, 3, 10, 3, 30, 3, 10, 3, 10, 3, 10, 3, 10, 3, 30, 3, 10, 3]",16.144278752436644
"[10, 3, 10, 3, 10, 3, 10, 3, 30, 3, 30, 3, 10, 3, 10, 3, 30, 3, 10, 3, 10, 3, 10, 3, 10, 3, 30, 3, 10, 3]",16.078315789473685
"[10, 3, 10, 3, 10, 3, 10, 3, 30, 3, 30, 3, 10, 3, 10, 3, 30, 3, 10, 3, 10, 3, 10, 3, 10, 3, 30, 3, 10, 3]",14.584356725146192
"[10, 3, 10, 3, 10, 3, 10, 3, 30, 3, 30, 3, 10, 3, 10, 3, 30, 3, 10, 3, 10, 3, 10, 3, 10, 3, 30, 3, 10, 3]",15.03152241715399
"[10, 3, 10, 3, 10, 3, 10, 3, 30, 3, 30, 3, 10, 3, 10, 3, 30, 3, 10, 3, 10, 3, 10, 3, 10, 3, 30, 3, 10, 3]",14.66620272904481
"[10, 3, 10, 3, 10, 3, 10, 3, 30, 3, 30, 3, 10, 3, 10, 3, 30, 3, 10, 3, 10, 3, 10, 3, 10, 3, 30, 3, 10, 3]",15.465569200779752
"[10, 3, 10, 3, 10, 3, 10, 3, 30, 3, 30, 3, 10, 3, 10, 3, 30, 3, 10, 3, 10, 3, 10, 3, 10, 3, 30, 3, 10, 3]",13.122748538011676
"[10, 3, 10, 3, 10, 3, 10, 3, 30, 3, 30, 3, 10, 3, 10, 3, 30, 3, 10, 3, 10, 3, 10, 3, 10, 3, 30, 3, 10, 3]",13.649120857699794
"[10, 3, 10, 3, 10, 3, 10, 3, 30, 3, 30, 3, 10, 3, 10, 3, 30, 3, 10, 3, 10, 3, 10, 3, 10, 3, 30, 3, 10, 3]",13.965442495126666
"[10, 3, 10, 3, 10, 3, 10, 3, 30, 3, 30, 3, 10, 3, 10, 3, 30, 3, 10, 3, 10, 3, 10, 3, 10, 3, 30, 3, 10, 3]",15.792395711500975
"[10, 3, 10, 3, 10, 3, 10, 3, 30, 3, 30, 3, 10, 3, 10, 3, 30, 3, 10, 3, 10, 3, 10, 3, 10, 3, 30, 3, 10, 3]",14.107752436647193
"[10, 3, 10, 3, 10, 3, 10, 3, 30, 3, 30, 3, 10, 3, 10, 3, 30, 3, 10, 3, 10, 3, 10, 3, 10, 3, 30, 3, 10, 3]",14.49573099415207
"[10, 3, 10, 3, 10, 3, 10, 3, 30, 3, 30, 3, 10, 3, 10, 3, 30, 3, 10, 3, 10, 3, 10, 3, 10, 3, 30, 3, 10, 3]",15.960502923976609
"[10, 3, 10, 3, 10, 3, 10, 3, 30, 3, 30, 3, 10, 3, 10, 3, 30, 3, 10, 3, 10, 3, 10, 3, 10, 3, 30, 3, 10, 3]",14.915610136452255
"[10, 3, 10, 3, 10, 3, 10, 3, 30, 3, 30, 3, 10, 3, 10, 3, 30, 3, 10, 3, 10, 3, 10, 3, 10, 3, 30, 3, 10, 3]",14.206625730994125
"[10, 3, 10, 3, 10, 3, 10, 3, 30, 3, 30, 3, 10, 3, 10, 3, 30, 3, 10, 3, 10, 3, 10, 3, 10, 3, 30, 3, 10, 3]",16.171284600389857
"[10, 3, 10, 3, 10, 3, 10, 3, 30, 3, 30, 3, 10, 3, 10, 3, 30, 3, 10, 3, 10, 3, 10, 3, 10, 3, 30, 3, 10, 3]",13.999212475633547
"[10, 3, 10, 3, 10, 3, 10, 3, 30, 3, 30, 3, 10, 3, 10, 3, 30, 3, 10, 3, 10, 3, 10, 3, 10, 3, 30, 3, 10, 3]",13.630397660818717
"[10, 3, 10, 3, 10, 3, 10, 3, 30, 3, 30, 3, 10, 3, 10, 3, 30, 3, 10, 3, 10, 3, 10, 3, 10, 3, 30, 3, 10, 3]",14.485871345029238
"[10, 3, 10, 3, 10, 3, 10, 3, 30, 3, 30, 3, 10, 3, 10, 3, 30, 3, 10, 3, 10, 3, 10, 3, 10, 3, 30, 3, 10, 3]",15.113918128654923
"[10, 3, 10, 3, 10, 3, 10, 3, 30, 3, 30, 3, 10, 3, 10, 3, 30, 3, 10, 3, 10, 3, 10, 3, 10, 3, 30, 3, 10, 3]",14.732417153996131
"[10, 3, 10, 3, 10, 3, 10, 3, 30, 3, 30, 3, 10, 3, 10, 3, 30, 3, 10, 3, 10, 3, 10, 3, 10, 3, 30, 3, 10, 3]",13.588399610136504
"[10, 3, 10, 3, 10, 3, 10, 3, 30, 3, 30, 3, 10, 3, 10, 3, 30, 3, 10, 3, 10, 3, 10, 3, 10, 3, 30, 3, 10, 3]",16.70168031189087
"[10, 3, 10, 3, 10, 3, 10, 3, 30, 3, 30, 3, 10, 3, 10, 3, 30, 3, 10, 3, 10, 3, 10, 3, 10, 3, 30, 3, 10, 3]",14.872918128654975
"[10, 3, 10, 3, 10, 3, 10, 3, 30, 3, 30, 3, 10, 3, 10, 3, 30, 3, 10, 3, 10, 3, 10, 3, 10, 3, 30, 3, 10, 3]",16.403771929824547
"[10, 3, 10, 3, 10, 3, 10, 3, 30, 3, 30, 3, 10, 3, 10, 3, 30, 3, 10, 3, 10, 3, 10, 3, 10, 3, 30, 3, 10, 3]",14.298245614035125
"[10, 3, 10, 3, 10, 3, 10, 3, 30, 3, 30, 3, 10, 3, 10, 3, 30, 3, 10, 3, 10, 3, 10, 3, 10, 3, 30, 3, 10, 3]",16.23400389863545
"[10, 3, 10, 3, 10, 3, 10, 3, 30, 3, 30, 3, 10, 3, 10, 3, 30, 3, 10, 3, 10, 3, 10, 3, 10, 3, 30, 3, 10, 3]",14.720165692007773
"[10, 3, 10, 3, 10, 3, 10, 3, 30, 3, 30, 3, 10, 3, 10, 3, 30, 3, 10, 3, 10, 3, 10, 3, 10, 3, 30, 3, 10, 3]",15.593446393762164
"[10, 3, 10, 3, 10, 3, 10, 3, 30, 3, 30, 3, 10, 3, 10, 3, 30, 3, 10, 3, 10, 3, 10, 3, 10, 3, 30, 3, 10, 3]",14.268530214424903
"[10, 3, 10, 3, 10, 3, 10, 3, 30, 3, 30, 3, 10, 3, 10, 3, 30, 3, 10, 3, 10, 3, 10, 3, 10, 3, 30, 3, 10, 3]",13.633015594541884
"[10, 3, 10, 3, 10, 3, 10, 3, 30, 3, 30, 3, 10, 3, 10, 3, 30, 3, 10, 3, 10, 3, 10, 3, 10, 3, 30, 3, 10, 3]",16.057939571150133
"[10, 3, 10, 3, 10, 3, 10, 3, 30, 3, 30, 3, 10, 3, 10, 3, 30, 3, 10, 3, 10, 3, 10, 3, 10, 3, 30, 3, 10, 3]",14.792134502923949
"[10, 3, 10, 3, 10, 3, 10, 3, 30, 3, 30, 3, 10, 3, 10, 3, 30, 3, 10, 3, 10, 3, 10, 3, 10, 3, 30, 3, 10, 3]",15.187023391812843
"[10, 3, 10, 3, 10, 3, 10, 3, 30, 3, 30, 3, 10, 3, 10, 3, 30, 3, 10, 3, 10, 3, 10, 3, 10, 3, 30, 3, 10, 3]",13.552116959064314
"[10, 3, 10, 3, 10, 3, 10, 3, 30, 3, 30, 3, 10, 3, 10, 3, 30, 3, 10, 3, 10, 3, 10, 3, 10, 3, 30, 3, 10, 3]",13.687573099415209
"[10, 3, 10, 3, 10, 3, 10, 3, 30, 3, 30, 3, 10, 3, 10, 3, 30, 3, 10, 3, 10, 3, 10, 3, 10, 3, 30, 3, 10, 3]",14.794286549707582
"[10, 3, 10, 3, 10, 3, 10, 3, 30, 3, 30, 3, 10, 3, 10, 3, 30, 3, 10, 3, 10, 3, 10, 3, 10, 3, 30, 3, 10, 3]",14.478998050682264
"[10, 3, 10, 3, 10, 3, 10, 3, 30, 3, 30, 3, 10, 3, 10, 3, 30, 3, 10, 3, 10, 3, 10, 3, 10, 3, 30, 3, 10, 3]",14.56316959064329
"[10, 3, 10, 3, 10, 3, 10, 3, 30, 3, 30, 3, 10, 3, 10, 3, 30, 3, 10, 3, 10, 3, 10, 3, 10, 3, 30, 3, 10, 3]",15.79352826510728
"[10, 3, 10, 3, 10, 3, 10, 3, 30, 3, 30, 3, 10, 3, 10, 3, 30, 3, 10, 3, 10, 3, 10, 3, 10, 3, 30, 3, 10, 3]",14.75182846003901
"[10, 3, 10, 3, 10, 3, 10, 3, 30, 3, 30, 3, 10, 3, 10, 3, 30, 3, 10, 3, 10, 3, 10, 3, 10, 3, 30, 3, 10, 3]",15.022890838206607
"[10, 3, 10, 3, 10, 3, 10, 3, 30, 3, 30, 3, 10, 3, 10, 3, 30, 3, 10, 3, 10, 3, 10, 3, 10, 3, 30, 3, 10, 3]",14.10054580896683
"[10, 3, 10, 3, 10, 3, 10, 3, 30, 3, 30, 3, 10, 3, 10, 3, 30, 3, 10, 3, 10, 3, 10, 3, 10, 3, 30, 3, 10, 3]",14.82910331384015
"[10, 3, 10, 3, 10, 3, 10, 3, 30, 3, 30, 3, 10, 3, 10, 3, 30, 3, 10, 3, 10, 3, 10, 3, 10, 3, 30, 3, 10, 3]",13.658370370370376
"[10, 3, 10, 3, 10, 3, 10, 3, 30, 3, 30, 3, 10, 3, 10, 3, 30, 3, 10, 3, 10, 3, 10, 3, 10, 3, 30, 3, 10, 3]",14.745095516569197
"[10, 3, 10, 3, 10, 3, 10, 3, 30, 3, 30, 3, 10, 3, 10, 3, 30, 3, 10, 3, 10, 3, 10, 3, 10, 3, 30, 3, 10, 3]",14.666522417153999
"[10, 3, 10, 3, 10, 3, 10, 3, 30, 3, 30, 3, 10, 3, 10, 3, 30, 3, 10, 3, 10, 3, 10, 3, 10, 3, 30, 3, 10, 3]",14.410356725146157
"[10, 3, 10, 3, 10, 3, 10, 3, 30, 3, 30, 3, 10, 3, 10, 3, 30, 3, 10, 3, 10, 3, 10, 3, 10, 3, 30, 3, 10, 3]",14.943573099415193
"[10, 3, 10, 3, 10, 3, 10, 3, 30, 3, 30, 3, 10, 3, 10, 3, 30, 3, 10, 3, 10, 3, 10, 3, 10, 3, 30, 3, 10, 3]",13.649871345029213
"[10, 3, 10, 3, 10, 3, 10, 3, 30, 3, 30, 3, 10, 3, 10, 3, 30, 3, 10, 3, 10, 3, 10, 3, 10, 3, 30, 3, 10, 3]",13.89049707602334
"[10, 3, 10, 3, 10, 3, 10, 3, 30, 3, 30, 3, 10, 3, 10, 3, 30, 3, 10, 3, 10, 3, 10, 3, 10, 3, 30, 3, 10, 3]",14.759709551656913
"[10, 3, 10, 3, 10, 3, 10, 3, 30, 3, 30, 3, 10, 3, 10, 3, 30, 3, 10, 3, 10, 3, 10, 3, 10, 3, 30, 3, 10, 3]",15.435040935672474
"[10, 3, 10, 3, 10, 3, 10, 3, 30, 3, 30, 3, 10, 3, 10, 3, 30, 3, 10, 3, 10, 3, 10, 3, 10, 3, 30, 3, 10, 3]",17.772892787524377
"[10, 3, 10, 3, 10, 3, 10, 3, 30, 3, 30, 3, 10, 3, 10, 3, 30, 3, 10, 3, 10, 3, 10, 3, 10, 3, 30, 3, 10, 3]",14.876961013645223
"[10, 3, 10, 3, 10, 3, 10, 3, 30, 3, 30, 3, 10, 3, 10, 3, 30, 3, 10, 3, 10, 3, 10, 3, 10, 3, 30, 3, 10, 3]",15.535881091617918
"[10, 3, 10, 3, 10, 3, 10, 3, 30, 3, 30, 3, 10, 3, 10, 3, 30, 3, 10, 3, 10, 3, 10, 3, 10, 3, 30, 3, 10, 3]",14.943949317738786
"[10, 3, 10, 3, 10, 3, 10, 3, 30, 3, 30, 3, 10, 3, 10, 3, 30, 3, 10, 3, 10, 3, 10, 3, 10, 3, 30, 3, 10, 3]",13.854120857699803
"[10, 3, 10, 3, 10, 3, 10, 3, 30, 3, 30, 3, 10, 3, 10, 3, 30, 3, 10, 3, 10, 3, 10, 3, 10, 3, 30, 3, 10, 3]",14.48266666666668
"[10, 3, 10, 3, 10, 3, 10, 3, 30, 3, 30, 3, 10, 3, 10, 3, 30, 3, 10, 3, 10, 3, 10, 3, 10, 3, 30, 3, 10, 3]",15.12820857699807
"[10, 3, 10, 3, 10, 3, 10, 3, 30, 3, 30, 3, 10, 3, 10, 3, 30, 3, 10, 3, 10, 3, 10, 3, 10, 3, 30, 3, 10, 3]",14.236779727095499
"[10, 3, 10, 3, 10, 3, 10, 3, 30, 3, 30, 3, 10, 3, 10, 3, 30, 3, 10, 3, 10, 3, 10, 3, 10, 3, 30, 3, 10, 3]",14.536538011695862
"[10, 3, 10, 3, 10, 3, 10, 3, 30, 3, 30, 3, 10, 3, 10, 3, 30, 3, 10, 3, 10, 3, 10, 3, 10, 3, 30, 3, 10, 3]",14.500003898635493
"[10, 3, 10, 3, 10, 3, 10, 3, 30, 3, 30, 3, 10, 3, 10, 3, 30, 3, 10, 3, 10, 3, 10, 3, 10, 3, 30, 3, 10, 3]",13.371335282651073
"[10, 3, 10, 3, 10, 3, 10, 3, 30, 3, 30, 3, 10, 3, 10, 3, 30, 3, 10, 3, 10, 3, 10, 3, 10, 3, 30, 3, 10, 3]",15.362596491228045
"[10, 3, 10, 3, 10, 3, 10, 3, 30, 3, 30, 3, 10, 3, 10, 3, 30, 3, 10, 3, 10, 3, 10, 3, 10, 3, 30, 3, 10, 3]",14.413101364522428
"[10, 3, 10, 3, 10, 3, 10, 3, 30, 3, 30, 3, 10, 3, 10, 3, 30, 3, 10, 3, 10, 3, 10, 3, 10, 3, 30, 3, 10, 3]",15.496904483430784
"[10, 3, 10, 3, 10, 3, 10, 3, 30, 3, 30, 3, 10, 3, 10, 3, 30, 3, 10, 3, 10, 3, 10, 3, 10, 3, 30, 3, 10, 3]",14.204272904483435
"[10, 3, 10, 3, 10, 3, 10, 3, 30, 3, 30, 3, 10, 3, 10, 3, 30, 3, 10, 3, 10, 3, 10, 3, 10, 3, 30, 3, 10, 3]",14.442376218323567
"[10, 3, 10, 3, 10, 3, 10, 3, 30, 3, 30, 3, 10, 3, 10, 3, 30, 3, 10, 3, 10, 3, 10, 3, 10, 3, 30, 3, 10, 3]",16.479475633528264
"[10, 3, 10, 3, 10, 3, 10, 3, 30, 3, 30, 3, 10, 3, 10, 3, 30, 3, 10, 3, 10, 3, 10, 3, 10, 3, 30, 3, 10, 3]",15.834807017543831
"[10, 3, 10, 3, 10, 3, 10, 3, 30, 3, 30, 3, 10, 3, 10, 3, 30, 3, 10, 3, 10, 3, 10, 3, 10, 3, 30, 3, 10, 3]",13.522536062378167
"[10, 3, 10, 3, 10, 3, 10, 3, 30, 3, 30, 3, 10, 3, 10, 3, 30, 3, 10, 3, 10, 3, 10, 3, 10, 3, 30, 3, 10, 3]",14.695224171539962
"[10, 3, 10, 3, 10, 3, 10, 3, 30, 3, 30, 3, 10, 3, 10, 3, 30, 3, 10, 3, 10, 3, 10, 3, 10, 3, 30, 3, 10, 3]",16.300612085769963
"[10, 3, 10, 3, 10, 3, 10, 3, 30, 3, 30, 3, 10, 3, 10, 3, 30, 3, 10, 3, 10, 3, 10, 3, 10, 3, 30, 3, 10, 3]",15.888762183235857
"[10, 3, 10, 3, 10, 3, 10, 3, 30, 3, 30, 3, 10, 3, 10, 3, 30, 3, 10, 3, 10, 3, 10, 3, 10, 3, 30, 3, 10, 3]",13.695920077972689
"[10, 3, 10, 3, 10, 3, 10, 3, 30, 3, 30, 3, 10, 3, 10, 3, 30, 3, 10, 3, 10, 3, 10, 3, 10, 3, 30, 3, 10, 3]",15.282807017543863
"[10, 3, 10, 3, 10, 3, 10, 3, 30, 3, 30, 3, 10, 3, 10, 3, 30, 3, 10, 3, 10, 3, 10, 3, 10, 3, 30, 3, 10, 3]",13.88482261208575
"[10, 3, 10, 3, 10, 3, 10, 3, 30, 3, 30, 3, 10, 3, 10, 3, 30, 3, 10, 3, 10, 3, 10, 3, 10, 3, 30, 3, 10, 3]",14.669331384015557
"[10, 3, 10, 3, 10, 3, 10, 3, 30, 3, 30, 3, 10, 3, 10, 3, 30, 3, 10, 3, 10, 3, 10, 3, 10, 3, 30, 3, 10, 3]",14.218050682261225
"[10, 3, 10, 3, 10, 3, 10, 3, 30, 3, 30, 3, 10, 3, 10, 3, 30, 3, 10, 3, 10, 3, 10, 3, 10, 3, 30, 3, 10, 3]",13.862859649122827
"[10, 3, 10, 3, 10, 3, 10, 3, 30, 3, 30, 3, 10, 3, 10, 3, 30, 3, 10, 3, 10, 3, 10, 3, 10, 3, 30, 3, 10, 3]",14.79620272904484
"[10, 3, 10, 3, 10, 3, 10, 3, 30, 3, 30, 3, 10, 3, 10, 3, 30, 3, 10, 3, 10, 3, 10, 3, 10, 3, 30, 3, 10, 3]",15.367730994152062
"[10, 3, 10, 3, 10, 3, 10, 3, 30, 3, 30, 3, 10, 3, 10, 3, 30, 3, 10, 3, 10, 3, 10, 3, 10, 3, 30, 3, 10, 3]",15.609409356725115
"[10, 3, 10, 3, 10, 3, 10, 3, 30, 3, 30, 3, 10, 3, 10, 3, 30, 3, 10, 3, 10, 3, 10, 3, 10, 3, 30, 3, 10, 3]",15.584865497076008
"[10, 3, 10, 3, 10, 3, 10, 3, 30, 3, 30, 3, 10, 3, 10, 3, 30, 3, 10, 3, 10, 3, 10, 3, 10, 3, 30, 3, 10, 3]",15.198814814814812
"[10, 3, 10, 3, 10, 3, 10, 3, 30, 3, 30, 3, 10, 3, 10, 3, 30, 3, 10, 3, 10, 3, 10, 3, 10, 3, 30, 3, 10, 3]",14.776598440545808
"[10, 3, 10, 3, 10, 3, 10, 3, 30, 3, 30, 3, 10, 3, 10, 3, 30, 3, 10, 3, 10, 3, 10, 3, 10, 3, 30, 3, 10, 3]",15.96456530214427
"[10, 3, 10, 3, 10, 3, 10, 3, 30, 3, 30, 3, 10, 3, 10, 3, 30, 3, 10, 3, 10, 3, 10, 3, 10, 3, 30, 3, 10, 3]",15.19663937621836
"[10, 3, 10, 3, 10, 3, 10, 3, 30, 3, 30, 3, 10, 3, 10, 3, 30, 3, 10, 3, 10, 3, 10, 3, 10, 3, 30, 3, 10, 3]",16.073561403508805
"[10, 3, 10, 3, 10, 3, 10, 3, 30, 3, 30, 3, 10, 3, 10, 3, 30, 3, 10, 3, 10, 3, 10, 3, 10, 3, 30, 3, 10, 3]",14.0856998050682
"[10, 3, 10, 3, 10, 3, 10, 3, 30, 3, 30, 3, 10, 3, 10, 3, 30, 3, 10, 3, 10, 3, 10, 3, 10, 3, 30, 3, 10, 3]",16.220662768031204
"[10, 3, 10, 3, 10, 3, 10, 3, 30, 3, 30, 3, 10, 3, 10, 3, 30, 3, 10, 3, 10, 3, 10, 3, 10, 3, 30, 3, 10, 3]",16.25082066276802
"[10, 3, 10, 3, 10, 3, 10, 3, 30, 3, 30, 3, 10, 3, 10, 3, 30, 3, 10, 3, 10, 3, 10, 3, 10, 3, 30, 3, 10, 3]",16.5662904483431
"[10, 3, 10, 3, 10, 3, 10, 3, 30, 3, 30, 3, 10, 3, 10, 3, 30, 3, 10, 3, 10, 3, 10, 3, 10, 3, 30, 3, 10, 3]",13.535005847953222
"[10, 3, 10, 3, 10, 3, 10, 3, 30, 3, 30, 3, 10, 3, 10, 3, 30, 3, 10, 3, 10, 3, 10, 3, 10, 3, 30, 3, 10, 3]",14.034321637426903
"[10, 3, 10, 3, 10, 3, 10, 3, 30, 3, 30, 3, 10, 3, 10, 3, 30, 3, 10, 3, 10, 3, 10, 3, 10, 3, 30, 3, 10, 3]",14.708660818713454
"[10, 3, 10, 3, 10, 3, 10, 3, 30, 3, 30, 3, 10, 3, 10, 3, 30, 3, 10, 3, 10, 3, 10, 3, 10, 3, 30, 3, 10, 3]",14.60796491228071
"[10, 3, 10, 3, 10, 3, 10, 3, 30, 3, 30, 3, 10, 3, 10, 3, 30, 3, 10, 3, 10, 3, 10, 3, 10, 3, 30, 3, 10, 3]",15.855319688109132
"[10, 3, 10, 3, 10, 3, 10, 3, 30, 3, 30, 3, 10, 3, 10, 3, 30, 3, 10, 3, 10, 3, 10, 3, 10, 3, 30, 3, 10, 3]",15.689389863547724
"[10, 3, 10, 3, 10, 3, 10, 3, 30, 3, 30, 3, 10, 3, 10, 3, 30, 3, 10, 3, 10, 3, 10, 3, 10, 3, 30, 3, 10, 3]",15.234902534113045
"[10, 3, 10, 3, 10, 3, 10, 3, 30, 3, 30, 3, 10, 3, 10, 3, 30, 3, 10, 3, 10, 3, 10, 3, 10, 3, 30, 3, 10, 3]",15.523637426900581
"[10, 3, 10, 3, 10, 3, 10, 3, 30, 3, 30, 3, 10, 3, 10, 3, 30, 3, 10, 3, 10, 3, 10, 3, 10, 3, 30, 3, 10, 3]",12.721925925925873
"[10, 3, 10, 3, 10, 3, 10, 3, 30, 3, 30, 3, 10, 3, 10, 3, 30, 3, 10, 3, 10, 3, 10, 3, 10, 3, 30, 3, 10, 3]",16.872315789473703
"[10, 3, 10, 3, 10, 3, 10, 3, 30, 3, 30, 3, 10, 3, 10, 3, 30, 3, 10, 3, 10, 3, 10, 3, 10, 3, 30, 3, 10, 3]",16.332331384015585
"[10, 3, 10, 3, 10, 3, 10, 3, 30, 3, 30, 3, 10, 3, 10, 3, 30, 3, 10, 3, 10, 3, 10, 3, 10, 3, 30, 3, 10, 3]",14.214380116959056
"[10, 3, 10, 3, 10, 3, 10, 3, 30, 3, 30, 3, 10, 3, 10, 3, 30, 3, 10, 3, 10, 3, 10, 3, 10, 3, 30, 3, 10, 3]",13.687863547758287
"[10, 3, 10, 3, 10, 3, 10, 3, 30, 3, 30, 3, 10, 3, 10, 3, 30, 3, 10, 3, 10, 3, 10, 3, 10, 3, 30, 3, 10, 3]",13.320345029239762
"[10, 3, 10, 3, 10, 3, 10, 3, 30, 3, 30, 3, 10, 3, 10, 3, 30, 3, 10, 3, 10, 3, 10, 3, 10, 3, 30, 3, 10, 3]",15.027159844054545
"[10, 3, 10, 3, 10, 3, 10, 3, 30, 3, 30, 3, 10, 3, 10, 3, 30, 3, 10, 3, 10, 3, 10, 3, 10, 3, 30, 3, 10, 3]",13.038888888888906
"[10, 3, 10, 3, 10, 3, 10, 3, 30, 3, 30, 3, 10, 3, 10, 3, 30, 3, 10, 3, 10, 3, 10, 3, 10, 3, 30, 3, 10, 3]",13.584358674463964
"[10, 3, 10, 3, 10, 3, 10, 3, 30, 3, 30, 3, 10, 3, 10, 3, 30, 3, 10, 3, 10, 3, 10, 3, 10, 3, 30, 3, 10, 3]",13.3642027290448
"[10, 3, 10, 3, 10, 3, 10, 3, 30, 3, 30, 3, 10, 3, 10, 3, 30, 3, 10, 3, 10, 3, 10, 3, 10, 3, 30, 3, 10, 3]",15.696025341130605
"[10, 3, 10, 3, 10, 3, 10, 3, 30, 3, 30, 3, 10, 3, 10, 3, 30, 3, 10, 3, 10, 3, 10, 3, 10, 3, 30, 3, 10, 3]",14.492120857699815
"[10, 3, 10, 3, 10, 3, 10, 3, 30, 3, 30, 3, 10, 3, 10, 3, 30, 3, 10, 3, 10, 3, 10, 3, 10, 3, 30, 3, 10, 3]",13.91707212475636
"[10, 3, 10, 3, 10, 3, 10, 3, 30, 3, 30, 3, 10, 3, 10, 3, 30, 3, 10, 3, 10, 3, 10, 3, 10, 3, 30, 3, 10, 3]",14.53092397660816
"[10, 3, 10, 3, 10, 3, 10, 3, 30, 3, 30, 3, 10, 3, 10, 3, 30, 3, 10, 3, 10, 3, 10, 3, 10, 3, 30, 3, 10, 3]",14.096596491228091
"[10, 3, 10, 3, 10, 3, 10, 3, 30, 3, 30, 3, 10, 3, 10, 3, 30, 3, 10, 3, 10, 3, 10, 3, 10, 3, 30, 3, 10, 3]",13.521853801169586
"[10, 3, 10, 3, 10, 3, 10, 3, 30, 3, 30, 3, 10, 3, 10, 3, 30, 3, 10, 3, 10, 3, 10, 3, 10, 3, 30, 3, 10, 3]",15.315768031189064
"[10, 3, 10, 3, 10, 3, 10, 3, 30, 3, 30, 3, 10, 3, 10, 3, 30, 3, 10, 3, 10, 3, 10, 3, 10, 3, 30, 3, 10, 3]",16.161536062378136
"[10, 3, 10, 3, 10, 3, 10, 3, 30, 3, 30, 3, 10, 3, 10, 3, 30, 3, 10, 3, 10, 3, 10, 3, 10, 3, 30, 3, 10, 3]",14.741009746588677
"[10, 3, 10, 3, 10, 3, 10, 3, 30, 3, 30, 3, 10, 3, 10, 3, 30, 3, 10, 3, 10, 3, 10, 3, 10, 3, 30, 3, 10, 3]",14.758598440545791
"[10, 3, 10, 3, 10, 3, 10, 3, 30, 3, 30, 3, 10, 3, 10, 3, 30, 3, 10, 3, 10, 3, 10, 3, 10, 3, 30, 3, 10, 3]",15.568846003898658
"[10, 3, 10, 3, 10, 3, 10, 3, 30, 3, 30, 3, 10, 3, 10, 3, 30, 3, 10, 3, 10, 3, 10, 3, 10, 3, 30, 3, 10, 3]",16.643027290448313
"[10, 3, 10, 3, 10, 3, 10, 3, 30, 3, 30, 3, 10, 3, 10, 3, 30, 3, 10, 3, 10, 3, 10, 3, 10, 3, 30, 3, 10, 3]",15.860058479532176
"[10, 3, 10, 3, 10, 3, 10, 3, 30, 3, 30, 3, 10, 3, 10, 3, 30, 3, 10, 3, 10, 3, 10, 3, 10, 3, 30, 3, 10, 3]",15.543222222222248
"[10, 3, 10, 3, 10, 3, 10, 3, 30, 3, 30, 3, 10, 3, 10, 3, 30, 3, 10, 3, 10, 3, 10, 3, 10, 3, 30, 3, 10, 3]",14.291263157894738
"[10, 3, 10, 3, 10, 3, 10, 3, 30, 3, 30, 3, 10, 3, 10, 3, 30, 3, 10, 3, 10, 3, 10, 3, 10, 3, 30, 3, 10, 3]",16.22749902534113
"[10, 3, 10, 3, 10, 3, 10, 3, 30, 3, 30, 3, 10, 3, 10, 3, 30, 3, 10, 3, 10, 3, 10, 3, 10, 3, 30, 3, 10, 3]",13.893627680311903
"[10, 3, 10, 3, 10, 3, 10, 3, 30, 3, 30, 3, 10, 3, 10, 3, 30, 3, 10, 3, 10, 3, 10, 3, 10, 3, 30, 3, 10, 3]",16.369645224171553
"[10, 3, 10, 3, 10, 3, 10, 3, 30, 3, 30, 3, 10, 3, 10, 3, 30, 3, 10, 3, 10, 3, 10, 3, 10, 3, 30, 3, 10, 3]",13.375120857699804
"[10, 3, 10, 3, 10, 3, 10, 3, 30, 3, 30, 3, 10, 3, 10, 3, 30, 3, 10, 3, 10, 3, 10, 3, 10, 3, 30, 3, 10, 3]",14.662354775828488
"[10, 3, 10, 3, 10, 3, 10, 3, 30, 3, 30, 3, 10, 3, 10, 3, 30, 3, 10, 3, 10, 3, 10, 3, 10, 3, 30, 3, 10, 3]",13.964134502923974
"[10, 3, 10, 3, 10, 3, 10, 3, 30, 3, 30, 3, 10, 3, 10, 3, 30, 3, 10, 3, 10, 3, 10, 3, 10, 3, 30, 3, 10, 3]",15.037580896686142
"[10, 3, 10, 3, 10, 3, 10, 3, 30, 3, 30, 3, 10, 3, 10, 3, 30, 3, 10, 3, 10, 3, 10, 3, 10, 3, 30, 3, 10, 3]",14.27157894736843
"[10, 3, 10, 3, 10, 3, 10, 3, 30, 3, 30, 3, 10, 3, 10, 3, 30, 3, 10, 3, 10, 3, 10, 3, 10, 3, 30, 3, 10, 3]",14.940054580896666
"[10, 3, 10, 3, 10, 3, 10, 3, 30, 3, 30, 3, 10, 3, 10, 3, 30, 3, 10, 3, 10, 3, 10, 3, 10, 3, 30, 3, 10, 3]",14.541415204678326
"[10, 3, 10, 3, 10, 3, 10, 3, 30, 3, 30, 3, 10, 3, 10, 3, 30, 3, 10, 3, 10, 3, 10, 3, 10, 3, 30, 3, 10, 3]",15.624021442495136
"[10, 3, 10, 3, 10, 3, 10, 3, 30, 3, 30, 3, 10, 3, 10, 3, 30, 3, 10, 3, 10, 3, 10, 3, 10, 3, 30, 3, 10, 3]",13.564571150097462
"[10, 3, 10, 3, 10, 3, 10, 3, 30, 3, 30, 3, 10, 3, 10, 3, 30, 3, 10, 3, 10, 3, 10, 3, 10, 3, 30, 3, 10, 3]",13.370734892787537
"[10, 3, 10, 3, 10, 3, 10, 3, 30, 3, 30, 3, 10, 3, 10, 3, 30, 3, 10, 3, 10, 3, 10, 3, 10, 3, 30, 3, 10, 3]",15.544555555555549
"[10, 3, 10, 3, 10, 3, 10, 3, 30, 3, 30, 3, 10, 3, 10, 3, 30, 3, 10, 3, 10, 3, 10, 3, 10, 3, 30, 3, 10, 3]",14.928387914229999
"[10, 3, 10, 3, 10, 3, 10, 3, 30, 3, 30, 3, 10, 3, 10, 3, 30, 3, 10, 3, 10, 3, 10, 3, 10, 3, 30, 3, 10, 3]",15.349931773879112
"[10, 3, 10, 3, 10, 3, 10, 3, 30, 3, 30, 3, 10, 3, 10, 3, 30, 3, 10, 3, 10, 3, 10, 3, 10, 3, 30, 3, 10, 3]",15.98677777777778
"[10, 3, 10, 3, 10, 3, 10, 3, 30, 3, 30, 3, 10, 3, 10, 3, 30, 3, 10, 3, 10, 3, 10, 3, 10, 3, 30, 3, 10, 3]",14.276976608187114
"[10, 3, 10, 3, 10, 3, 10, 3, 30, 3, 30, 3, 10, 3, 10, 3, 30, 3, 10, 3, 10, 3, 10, 3, 10, 3, 30, 3, 10, 3]",14.770081871345019
"[10, 3, 10, 3, 10, 3, 10, 3, 30, 3, 30, 3, 10, 3, 10, 3, 30, 3, 10, 3, 10, 3, 10, 3, 10, 3, 30, 3, 10, 3]",14.741982456140324
"[10, 3, 10, 3, 10, 3, 10, 3, 30, 3, 30, 3, 10, 3, 10, 3, 30, 3, 10, 3, 10, 3, 10, 3, 10, 3, 30, 3, 10, 3]",14.71772124756335
"[10, 3, 10, 3, 10, 3, 10, 3, 30, 3, 30, 3, 10, 3, 10, 3, 30, 3, 10, 3, 10, 3, 10, 3, 10, 3, 30, 3, 10, 3]",15.767582846003904
"[10, 3, 10, 3, 10, 3, 10, 3, 30, 3, 30, 3, 10, 3, 10, 3, 30, 3, 10, 3, 10, 3, 10, 3, 10, 3, 30, 3, 10, 3]",13.398035087719288
"[10, 3, 10, 3, 10, 3, 10, 3, 30, 3, 30, 3, 10, 3, 10, 3, 30, 3, 10, 3, 10, 3, 10, 3, 10, 3, 30, 3, 10, 3]",15.29284405458087
"[10, 3, 10, 3, 10, 3, 10, 3, 30, 3, 30, 3, 10, 3, 10, 3, 30, 3, 10, 3, 10, 3, 10, 3, 10, 3, 30, 3, 10, 3]",14.721093567251492
"[10, 3, 10, 3, 10, 3, 10, 3, 30, 3, 30, 3, 10, 3, 10, 3, 30, 3, 10, 3, 10, 3, 10, 3, 10, 3, 30, 3, 10, 3]",12.882345029239765
"[10, 3, 10, 3, 10, 3, 10, 3, 30, 3, 30, 3, 10, 3, 10, 3, 30, 3, 10, 3, 10, 3, 10, 3, 10, 3, 30, 3, 10, 3]",13.745756335282644
"[10, 3, 10, 3, 10, 3, 10, 3, 30, 3, 30, 3, 10, 3, 10, 3, 30, 3, 10, 3, 10, 3, 10, 3, 10, 3, 30, 3, 10, 3]",14.57976023391815
"[10, 3, 10, 3, 10, 3, 10, 3, 30, 3, 30, 3, 10, 3, 10, 3, 30, 3, 10, 3, 10, 3, 10, 3, 10, 3, 30, 3, 10, 3]",13.839192982456142
"[10, 3, 10, 3, 10, 3, 10, 3, 30, 3, 30, 3, 10, 3, 10, 3, 30, 3, 10, 3, 10, 3, 10, 3, 10, 3, 30, 3, 10, 3]",15.343473684210467
"[10, 3, 10, 3, 10, 3, 10, 3, 30, 3, 30, 3, 10, 3, 10, 3, 30, 3, 10, 3, 10, 3, 10, 3, 10, 3, 30, 3, 10, 3]",14.955208576998043
"[10, 3, 10, 3, 10, 3, 10, 3, 30, 3, 30, 3, 10, 3, 10, 3, 30, 3, 10, 3, 10, 3, 10, 3, 10, 3, 30, 3, 10, 3]",14.376111111111095
"[10, 3, 10, 3, 10, 3, 10, 3, 30, 3, 30, 3, 10, 3, 10, 3, 30, 3, 10, 3, 10, 3, 10, 3, 10, 3, 30, 3, 10, 3]",15.386514619883043
"[10, 3, 10, 3, 10, 3, 10, 3, 30, 3, 30, 3, 10, 3, 10, 3, 30, 3, 10, 3, 10, 3, 10, 3, 10, 3, 30, 3, 10, 3]",14.037768031189128
"[10, 3, 10, 3, 10, 3, 10, 3, 30, 3, 30, 3, 10, 3, 10, 3, 30, 3, 10, 3, 10, 3, 10, 3, 10, 3, 30, 3, 10, 3]",17.204485380116925
"[10, 3, 10, 3, 10, 3, 10, 3, 30, 3, 30, 3, 10, 3, 10, 3, 30, 3, 10, 3, 10, 3, 10, 3, 10, 3, 30, 3, 10, 3]",16.43998440545813
"[10, 3, 10, 3, 10, 3, 10, 3, 30, 3, 30, 3, 10, 3, 10, 3, 30, 3, 10, 3, 10, 3, 10, 3, 10, 3, 30, 3, 10, 3]",15.100904483430817
"[10, 3, 10, 3, 10, 3, 10, 3, 30, 3, 30, 3, 10, 3, 10, 3, 30, 3, 10, 3, 10, 3, 10, 3, 10, 3, 30, 3, 10, 3]",14.522590643274846
"[10, 3, 10, 3, 10, 3, 10, 3, 30, 3, 30, 3, 10, 3, 10, 3, 30, 3, 10, 3, 10, 3, 10, 3, 10, 3, 30, 3, 10, 3]",14.284126705652994
"[10, 3, 10, 3, 10, 3, 10, 3, 30, 3, 30, 3, 10, 3, 10, 3, 30, 3, 10, 3, 10, 3, 10, 3, 10, 3, 30, 3, 10, 3]",13.806707602339166
"[10, 3, 10, 3, 10, 3, 10, 3, 30, 3, 30, 3, 10, 3, 10, 3, 30, 3, 10, 3, 10, 3, 10, 3, 10, 3, 30, 3, 10, 3]",15.423918128654961
"[10, 3, 10, 3, 10, 3, 10, 3, 30, 3, 30, 3, 10, 3, 10, 3, 30, 3, 10, 3, 10, 3, 10, 3, 10, 3, 30, 3, 10, 3]",15.54826900584794
"[10, 3, 10, 3, 10, 3, 10, 3, 30, 3, 30, 3, 10, 3, 10, 3, 30, 3, 10, 3, 10, 3, 10, 3, 10, 3, 30, 3, 10, 3]",15.578715399610125
"[10, 3, 10, 3, 10, 3, 10, 3, 30, 3, 30, 3, 10, 3, 10, 3, 30, 3, 10, 3, 10, 3, 10, 3, 10, 3, 30, 3, 10, 3]",15.349070175438639
"[10, 3, 10, 3, 10, 3, 10, 3, 30, 3, 30, 3, 10, 3, 10, 3, 30, 3, 10, 3, 10, 3, 10, 3, 10, 3, 30, 3, 10, 3]",14.630504873294365
"[10, 3, 10, 3, 10, 3, 10, 3, 30, 3, 30, 3, 10, 3, 10, 3, 30, 3, 10, 3, 10, 3, 10, 3, 10, 3, 30, 3, 10, 3]",14.369980506822584
"[10, 3, 10, 3, 10, 3, 10, 3, 30, 3, 30, 3, 10, 3, 10, 3, 30, 3, 10, 3, 10, 3, 10, 3, 10, 3, 30, 3, 10, 3]",14.854074074074106
"[10, 3, 10, 3, 10, 3, 10, 3, 30, 3, 30, 3, 10, 3, 10, 3, 30, 3, 10, 3, 10, 3, 10, 3, 10, 3, 30, 3, 10, 3]",16.427118908382067
"[10, 3, 10, 3, 10, 3, 10, 3, 30, 3, 30, 3, 10, 3, 10, 3, 30, 3, 10, 3, 10, 3, 10, 3, 10, 3, 30, 3, 10, 3]",13.910678362573082
"[10, 3, 10, 3, 10, 3, 10, 3, 30, 3, 30, 3, 10, 3, 10, 3, 30, 3, 10, 3, 10, 3, 10, 3, 10, 3, 30, 3, 10, 3]",14.228746588694001
"[10, 3, 10, 3, 10, 3, 10, 3, 30, 3, 30, 3, 10, 3, 10, 3, 30, 3, 10, 3, 10, 3, 10, 3, 10, 3, 30, 3, 10, 3]",13.346231968810901
"[10, 3, 10, 3, 10, 3, 10, 3, 30, 3, 30, 3, 10, 3, 10, 3, 30, 3, 10, 3, 10, 3, 10, 3, 10, 3, 30, 3, 10, 3]",14.275200779727081
"[10, 3, 10, 3, 10, 3, 10, 3, 30, 3, 30, 3, 10, 3, 10, 3, 30, 3, 10, 3, 10, 3, 10, 3, 10, 3, 30, 3, 10, 3]",14.039925925925942
"[10, 3, 10, 3, 10, 3, 10, 3, 30, 3, 30, 3, 10, 3, 10, 3, 30, 3, 10, 3, 10, 3, 10, 3, 10, 3, 30, 3, 10, 3]",15.428095516569204
"[10, 3, 10, 3, 10, 3, 10, 3, 30, 3, 30, 3, 10, 3, 10, 3, 30, 3, 10, 3, 10, 3, 10, 3, 10, 3, 30, 3, 10, 3]",14.212756335282666
"[10, 3, 10, 3, 10, 3, 10, 3, 30, 3, 30, 3, 10, 3, 10, 3, 30, 3, 10, 3, 10, 3, 10, 3, 10, 3, 30, 3, 10, 3]",14.630547758284623
"[10, 3, 10, 3, 10, 3, 10, 3, 30, 3, 30, 3, 10, 3, 10, 3, 30, 3, 10, 3, 10, 3, 10, 3, 10, 3, 30, 3, 10, 3]",14.32375828460036
"[10, 3, 10, 3, 10, 3, 10, 3, 30, 3, 30, 3, 10, 3, 10, 3, 30, 3, 10, 3, 10, 3, 10, 3, 10, 3, 30, 3, 10, 3]",16.13498050682259
"[10, 3, 10, 3, 10, 3, 10, 3, 30, 3, 30, 3, 10, 3, 10, 3, 30, 3, 10, 3, 10, 3, 10, 3, 10, 3, 30, 3, 10, 3]",14.385116959064321
"[10, 3, 10, 3, 10, 3, 10, 3, 30, 3, 30, 3, 10, 3, 10, 3, 30, 3, 10, 3, 10, 3, 10, 3, 10, 3, 30, 3, 10, 3]",13.395846003898642
"[10, 3, 10, 3, 10, 3, 10, 3, 30, 3, 30, 3, 10, 3, 10, 3, 30, 3, 10, 3, 10, 3, 10, 3, 10, 3, 30, 3, 10, 3]",15.455888888888857
"[10, 3, 10, 3, 10, 3, 10, 3, 30, 3, 30, 3, 10, 3, 10, 3, 30, 3, 10, 3, 10, 3, 10, 3, 10, 3, 30, 3, 10, 3]",16.01611695906432
"[10, 3, 10, 3, 10, 3, 10, 3, 30, 3, 30, 3, 10, 3, 10, 3, 30, 3, 10, 3, 10, 3, 10, 3, 10, 3, 30, 3, 10, 3]",14.769939571150099
"[10, 3, 10, 3, 10, 3, 10, 3, 30, 3, 30, 3, 10, 3, 10, 3, 30, 3, 10, 3, 10, 3, 10, 3, 10, 3, 30, 3, 10, 3]",15.829079922027262
"[10, 3, 10, 3, 10, 3, 10, 3, 30, 3, 30, 3, 10, 3, 10, 3, 30, 3, 10, 3, 10, 3, 10, 3, 10, 3, 30, 3, 10, 3]",14.689732943469782
"[10, 3, 10, 3, 10, 3, 10, 3, 30, 3, 30, 3, 10, 3, 10, 3, 30, 3, 10, 3, 10, 3, 10, 3, 10, 3, 30, 3, 10, 3]",14.830879142300216
"[10, 3, 10, 3, 10, 3, 10, 3, 30, 3, 30, 3, 10, 3, 10, 3, 30, 3, 10, 3, 10, 3, 10, 3, 10, 3, 30, 3, 10, 3]",14.081346978557534
"[10, 3, 10, 3, 10, 3, 10, 3, 30, 3, 30, 3, 10, 3, 10, 3, 30, 3, 10, 3, 10, 3, 10, 3, 10, 3, 30, 3, 10, 3]",14.815637426900565
"[10, 3, 10, 3, 10, 3, 10, 3, 30, 3, 30, 3, 10, 3, 10, 3, 30, 3, 10, 3, 10, 3, 10, 3, 10, 3, 30, 3, 10, 3]",16.989411306042886
"[10, 3, 10, 3, 10, 3, 10, 3, 30, 3, 30, 3, 10, 3, 10, 3, 30, 3, 10, 3, 10, 3, 10, 3, 10, 3, 30, 3, 10, 3]",13.39288499025339
"[10, 3, 10, 3, 10, 3, 10, 3, 30, 3, 30, 3, 10, 3, 10, 3, 30, 3, 10, 3, 10, 3, 10, 3, 10, 3, 30, 3, 10, 3]",15.435955165691956
"[10, 3, 10, 3, 10, 3, 10, 3, 30, 3, 30, 3, 10, 3, 10, 3, 30, 3, 10, 3, 10, 3, 10, 3, 10, 3, 30, 3, 10, 3]",16.180732943469792
"[10, 3, 10, 3, 10, 3, 10, 3, 30, 3, 30, 3, 10, 3, 10, 3, 30, 3, 10, 3, 10, 3, 10, 3, 10, 3, 30, 3, 10, 3]",16.126623781676432
"[10, 3, 10, 3, 10, 3, 10, 3, 30, 3, 30, 3, 10, 3, 10, 3, 30, 3, 10, 3, 10, 3, 10, 3, 10, 3, 30, 3, 10, 3]",14.419789473684238
"[10, 3, 10, 3, 10, 3, 10, 3, 30, 3, 30, 3, 10, 3, 10, 3, 30, 3, 10, 3, 10, 3, 10, 3, 10, 3, 30, 3, 10, 3]",15.214387914230045
"[10, 3, 10, 3, 10, 3, 10, 3, 30, 3, 30, 3, 10, 3, 10, 3, 30, 3, 10, 3, 10, 3, 10, 3, 10, 3, 30, 3, 10, 3]",14.747742690058521
"[10, 3, 10, 3, 10, 3, 10, 3, 30, 3, 30, 3, 10, 3, 10, 3, 30, 3, 10, 3, 10, 3, 10, 3, 10, 3, 30, 3, 10, 3]",15.202904483430808
"[10, 3, 10, 3, 10, 3, 10, 3, 30, 3, 30, 3, 10, 3, 10, 3, 30, 3, 10, 3, 10, 3, 10, 3, 10, 3, 30, 3, 10, 3]",15.091035087719359
"[10, 3, 10, 3, 10, 3, 10, 3, 30, 3, 30, 3, 10, 3, 10, 3, 30, 3, 10, 3, 10, 3, 10, 3, 10, 3, 30, 3, 10, 3]",14.550265107212468
"[10, 3, 10, 3, 10, 3, 10, 3, 30, 3, 30, 3, 10, 3, 10, 3, 30, 3, 10, 3, 10, 3, 10, 3, 10, 3, 30, 3, 10, 3]",14.95889278752434
"[10, 3, 10, 3, 10, 3, 10, 3, 30, 3, 30, 3, 10, 3, 10, 3, 30, 3, 10, 3, 10, 3, 10, 3, 10, 3, 30, 3, 10, 3]",15.377933723196888
"[10, 3, 10, 3, 10, 3, 10, 3, 30, 3, 30, 3, 10, 3, 10, 3, 30, 3, 10, 3, 10, 3, 10, 3, 10, 3, 30, 3, 10, 3]",14.477933723196896
"[10, 3, 10, 3, 10, 3, 10, 3, 30, 3, 30, 3, 10, 3, 10, 3, 30, 3, 10, 3, 10, 3, 10, 3, 10, 3, 30, 3, 10, 3]",15.45846393762181
"[10, 3, 10, 3, 10, 3, 10, 3, 30, 3, 30, 3, 10, 3, 10, 3, 30, 3, 10, 3, 10, 3, 10, 3, 10, 3, 30, 3, 10, 3]",15.261524366471736
"[10, 3, 10, 3, 10, 3, 10, 3, 30, 3, 30, 3, 10, 3, 10, 3, 30, 3, 10, 3, 10, 3, 10, 3, 10, 3, 30, 3, 10, 3]",13.749161793372323
"[10, 3, 10, 3, 10, 3, 10, 3, 30, 3, 30, 3, 10, 3, 10, 3, 30, 3, 10, 3, 10, 3, 10, 3, 10, 3, 30, 3, 10, 3]",15.287401559454196
"[10, 3, 10, 3, 10, 3, 10, 3, 30, 3, 30, 3, 10, 3, 10, 3, 30, 3, 10, 3, 10, 3, 10, 3, 10, 3, 30, 3, 10, 3]",12.40014230019493
"[10, 3, 10, 3, 10, 3, 10, 3, 30, 3, 30, 3, 10, 3, 10, 3, 30, 3, 10, 3, 10, 3, 10, 3, 10, 3, 30, 3, 10, 3]",13.37013840155942
"[10, 3, 10, 3, 10, 3, 10, 3, 30, 3, 30, 3, 10, 3, 10, 3, 30, 3, 10, 3, 10, 3, 10, 3, 10, 3, 30, 3, 10, 3]",15.077183235867423
"[10, 3, 10, 3, 10, 3, 10, 3, 30, 3, 30, 3, 10, 3, 10, 3, 30, 3, 10, 3, 10, 3, 10, 3, 10, 3, 30, 3, 10, 3]",13.714138401559486
"[10, 3, 10, 3, 10, 3, 10, 3, 30, 3, 30, 3, 10, 3, 10, 3, 30, 3, 10, 3, 10, 3, 10, 3, 10, 3, 30, 3, 10, 3]",14.118153996101348
"[10, 3, 10, 3, 10, 3, 10, 3, 30, 3, 30, 3, 10, 3, 10, 3, 30, 3, 10, 3, 10, 3, 10, 3, 10, 3, 30, 3, 10, 3]",14.580064327485355
"[10, 3, 10, 3, 10, 3, 10, 3, 30, 3, 30, 3, 10, 3, 10, 3, 30, 3, 10, 3, 10, 3, 10, 3, 10, 3, 30, 3, 10, 3]",15.17736647173486
"[10, 3, 10, 3, 10, 3, 10, 3, 30, 3, 30, 3, 10, 3, 10, 3, 30, 3, 10, 3, 10, 3, 10, 3, 10, 3, 30, 3, 10, 3]",16.5266510721247
"[10, 3, 10, 3, 10, 3, 10, 3, 30, 3, 30, 3, 10, 3, 10, 3, 30, 3, 10, 3, 10, 3, 10, 3, 10, 3, 30, 3, 10, 3]",15.106748538011667
"[10, 3, 10, 3, 10, 3, 10, 3, 30, 3, 30, 3, 10, 3, 10, 3, 30, 3, 10, 3, 10, 3, 10, 3, 10, 3, 30, 3, 10, 3]",15.080452241715404
"[10, 3, 10, 3, 10, 3, 10, 3, 30, 3, 30, 3, 10, 3, 10, 3, 30, 3, 10, 3, 10, 3, 10, 3, 10, 3, 30, 3, 10, 3]",13.738333333333333
"[10, 3, 10, 3, 10, 3, 10, 3, 30, 3, 30, 3, 10, 3, 10, 3, 30, 3, 10, 3, 10, 3, 10, 3, 10, 3, 30, 3, 10, 3]",15.354608187134536
"[10, 3, 10, 3, 10, 3, 10, 3, 30, 3, 30, 3, 10, 3, 10, 3, 30, 3, 10, 3, 10, 3, 10, 3, 10, 3, 30, 3, 10, 3]",13.51139961013644
"[10, 3, 10, 3, 10, 3, 10, 3, 30, 3, 30, 3, 10, 3, 10, 3, 30, 3, 10, 3, 10, 3, 10, 3, 10, 3, 30, 3, 10, 3]",15.265415204678352
"[10, 3, 10, 3, 10, 3, 10, 3, 30, 3, 30, 3, 10, 3, 10, 3, 30, 3, 10, 3, 10, 3, 10, 3, 10, 3, 30, 3, 10, 3]",13.76684015594542
"[10, 3, 10, 3, 10, 3, 10, 3, 30, 3, 30, 3, 10, 3, 10, 3, 30, 3, 10, 3, 10, 3, 10, 3, 10, 3, 30, 3, 10, 3]",14.12900000000002
"[10, 3, 10, 3, 10, 3, 10, 3, 30, 3, 30, 3, 10, 3, 10, 3, 30, 3, 10, 3, 10, 3, 10, 3, 10, 3, 30, 3, 10, 3]",15.529311890838205
"[10, 3, 10, 3, 10, 3, 10, 3, 30, 3, 30, 3, 10, 3, 10, 3, 30, 3, 10, 3, 10, 3, 10, 3, 10, 3, 30, 3, 10, 3]",14.514758284600433
"[10, 3, 10, 3, 10, 3, 10, 3, 30, 3, 30, 3, 10, 3, 10, 3, 30, 3, 10, 3, 10, 3, 10, 3, 10, 3, 30, 3, 10, 3]",13.693808966861633
"[10, 3, 10, 3, 10, 3, 10, 3, 30, 3, 30, 3, 10, 3, 10, 3, 30, 3, 10, 3, 10, 3, 10, 3, 10, 3, 30, 3, 10, 3]",15.977773879142312
"[10, 3, 10, 3, 10, 3, 10, 3, 30, 3, 30, 3, 10, 3, 10, 3, 30, 3, 10, 3, 10, 3, 10, 3, 10, 3, 30, 3, 10, 3]",14.92675438596492
"[10, 3, 10, 3, 10, 3, 10, 3, 30, 3, 30, 3, 10, 3, 10, 3, 30, 3, 10, 3, 10, 3, 10, 3, 10, 3, 30, 3, 10, 3]",16.015401559454162
"[10, 3, 10, 3, 10, 3, 10, 3, 30, 3, 30, 3, 10, 3, 10, 3, 30, 3, 10, 3, 10, 3, 10, 3, 10, 3, 30, 3, 10, 3]",14.751068226120855
"[10, 3, 10, 3, 10, 3, 10, 3, 30, 3, 30, 3, 10, 3, 10, 3, 30, 3, 10, 3, 10, 3, 10, 3, 10, 3, 30, 3, 10, 3]",15.304200779727092
"[10, 3, 10, 3, 10, 3, 10, 3, 30, 3, 30, 3, 10, 3, 10, 3, 30, 3, 10, 3, 10, 3, 10, 3, 10, 3, 30, 3, 10, 3]",14.033961013645177
"[10, 3, 10, 3, 10, 3, 10, 3, 30, 3, 30, 3, 10, 3, 10, 3, 30, 3, 10, 3, 10, 3, 10, 3, 10, 3, 30, 3, 10, 3]",13.813832358674407
"[10, 3, 10, 3, 10, 3, 10, 3, 30, 3, 30, 3, 10, 3, 10, 3, 30, 3, 10, 3, 10, 3, 10, 3, 10, 3, 30, 3, 10, 3]",15.290413255360638
"[10, 3, 10, 3, 10, 3, 10, 3, 30, 3, 30, 3, 10, 3, 10, 3, 30, 3, 10, 3, 10, 3, 10, 3, 10, 3, 30, 3, 10, 3]",14.59973294346976
"[10, 3, 10, 3, 10, 3, 10, 3, 30, 3, 30, 3, 10, 3, 10, 3, 30, 3, 10, 3, 10, 3, 10, 3, 10, 3, 30, 3, 10, 3]",15.635738791423032
"[10, 3, 10, 3, 10, 3, 10, 3, 30, 3, 30, 3, 10, 3, 10, 3, 30, 3, 10, 3, 10, 3, 10, 3, 10, 3, 30, 3, 10, 3]",14.470534113060426
"[10, 3, 10, 3, 10, 3, 10, 3, 30, 3, 30, 3, 10, 3, 10, 3, 30, 3, 10, 3, 10, 3, 10, 3, 10, 3, 30, 3, 10, 3]",14.6719278752437
"[10, 3, 10, 3, 10, 3, 10, 3, 30, 3, 30, 3, 10, 3, 10, 3, 30, 3, 10, 3, 10, 3, 10, 3, 10, 3, 30, 3, 10, 3]",15.64755555555556
"[10, 3, 10, 3, 10, 3, 10, 3, 30, 3, 30, 3, 10, 3, 10, 3, 30, 3, 10, 3, 10, 3, 10, 3, 10, 3, 30, 3, 10, 3]",15.175177387914262
"[10, 3, 10, 3, 10, 3, 10, 3, 30, 3, 30, 3, 10, 3, 10, 3, 30, 3, 10, 3, 10, 3, 10, 3, 10, 3, 30, 3, 10, 3]",15.616413255360614
"[10, 3, 10, 3, 10, 3, 10, 3, 30, 3, 30, 3, 10, 3, 10, 3, 30, 3, 10, 3, 10, 3, 10, 3, 10, 3, 30, 3, 10, 3]",13.119820662767989
"[10, 3, 10, 3, 10, 3, 10, 3, 30, 3, 30, 3, 10, 3, 10, 3, 30, 3, 10, 3, 10, 3, 10, 3, 10, 3, 30, 3, 10, 3]",15.74084210526316
"[10, 3, 10, 3, 10, 3, 10, 3, 30, 3, 30, 3, 10, 3, 10, 3, 30, 3, 10, 3, 10, 3, 10, 3, 10, 3, 30, 3, 10, 3]",14.484695906432783
"[10, 3, 10, 3, 10, 3, 10, 3, 30, 3, 30, 3, 10, 3, 10, 3, 30, 3, 10, 3, 10, 3, 10, 3, 10, 3, 30, 3, 10, 3]",15.401732943469762
"[10, 3, 10, 3, 10, 3, 10, 3, 30, 3, 30, 3, 10, 3, 10, 3, 30, 3, 10, 3, 10, 3, 10, 3, 10, 3, 30, 3, 10, 3]",14.832881091617889
"[10, 3, 10, 3, 10, 3, 10, 3, 30, 3, 30, 3, 10, 3, 10, 3, 30, 3, 10, 3, 10, 3, 10, 3, 10, 3, 30, 3, 10, 3]",15.61212280701754
"[10, 3, 10, 3, 10, 3, 10, 3, 30, 3, 30, 3, 10, 3, 10, 3, 30, 3, 10, 3, 10, 3, 10, 3, 10, 3, 30, 3, 10, 3]",15.595927875243671
"[10, 3, 10, 3, 10, 3, 10, 3, 30, 3, 30, 3, 10, 3, 10, 3, 30, 3, 10, 3, 10, 3, 10, 3, 10, 3, 30, 3, 10, 3]",14.940181286549713
"[10, 3, 10, 3, 10, 3, 10, 3, 30, 3, 30, 3, 10, 3, 10, 3, 30, 3, 10, 3, 10, 3, 10, 3, 10, 3, 30, 3, 10, 3]",14.150249512670547
"[10, 3, 10, 3, 10, 3, 10, 3, 30, 3, 30, 3, 10, 3, 10, 3, 30, 3, 10, 3, 10, 3, 10, 3, 10, 3, 30, 3, 10, 3]",13.84585380116958
"[10, 3, 10, 3, 10, 3, 10, 3, 30, 3, 30, 3, 10, 3, 10, 3, 30, 3, 10, 3, 10, 3, 10, 3, 10, 3, 30, 3, 10, 3]",15.291777777777794
"[10, 3, 10, 3, 10, 3, 10, 3, 30, 3, 30, 3, 10, 3, 10, 3, 30, 3, 10, 3, 10, 3, 10, 3, 10, 3, 30, 3, 10, 3]",14.301962962962962
"[10, 3, 10, 3, 10, 3, 10, 3, 30, 3, 30, 3, 10, 3, 10, 3, 30, 3, 10, 3, 10, 3, 10, 3, 10, 3, 30, 3, 10, 3]",13.666300194931774
"[10, 3, 10, 3, 10, 3, 10, 3, 30, 3, 30, 3, 10, 3, 10, 3, 30, 3, 10, 3, 10, 3, 10, 3, 10, 3, 30, 3, 10, 3]",15.404639376218332
"[10, 3, 10, 3, 10, 3, 10, 3, 30, 3, 30, 3, 10, 3, 10, 3, 30, 3, 10, 3, 10, 3, 10, 3, 10, 3, 30, 3, 10, 3]",14.422988304093568
"[10, 3, 10, 3, 10, 3, 10, 3, 30, 3, 30, 3, 10, 3, 10, 3, 30, 3, 10, 3, 10, 3, 10, 3, 10, 3, 30, 3, 10, 3]",14.170179337231955
"[10, 3, 10, 3, 10, 3, 10, 3, 30, 3, 30, 3, 10, 3, 10, 3, 30, 3, 10, 3, 10, 3, 10, 3, 10, 3, 30, 3, 10, 3]",13.278294346978587
"[10, 3, 10, 3, 10, 3, 10, 3, 30, 3, 30, 3, 10, 3, 10, 3, 30, 3, 10, 3, 10, 3, 10, 3, 10, 3, 30, 3, 10, 3]",14.725382066276833
"[10, 3, 10, 3, 10, 3, 10, 3, 30, 3, 30, 3, 10, 3, 10, 3, 30, 3, 10, 3, 10, 3, 10, 3, 10, 3, 30, 3, 10, 3]",13.456569200779768
"[10, 3, 10, 3, 10, 3, 10, 3, 30, 3, 30, 3, 10, 3, 10, 3, 30, 3, 10, 3, 10, 3, 10, 3, 10, 3, 30, 3, 10, 3]",15.13755750487328
"[10, 3, 10, 3, 10, 3, 10, 3, 30, 3, 30, 3, 10, 3, 10, 3, 30, 3, 10, 3, 10, 3, 10, 3, 10, 3, 30, 3, 10, 3]",15.20169395711501
"[10, 3, 10, 3, 10, 3, 10, 3, 30, 3, 30, 3, 10, 3, 10, 3, 30, 3, 10, 3, 10, 3, 10, 3, 10, 3, 30, 3, 10, 3]",13.838358674463931
"[10, 3, 10, 3, 10, 3, 10, 3, 30, 3, 30, 3, 10, 3, 10, 3, 30, 3, 10, 3, 10, 3, 10, 3, 10, 3, 30, 3, 10, 3]",15.550715399610127
"[10, 3, 10, 3, 10, 3, 10, 3, 30, 3, 30, 3, 10, 3, 10, 3, 30, 3, 10, 3, 10, 3, 10, 3, 10, 3, 30, 3, 10, 3]",16.755920077972704
"[10, 3, 10, 3, 10, 3, 10, 3, 30, 3, 30, 3, 10, 3, 10, 3, 30, 3, 10, 3, 10, 3, 10, 3, 10, 3, 30, 3, 10, 3]",14.444035087719312
"[10, 3, 10, 3, 10, 3, 10, 3, 30, 3, 30, 3, 10, 3, 10, 3, 30, 3, 10, 3, 10, 3, 10, 3, 10, 3, 30, 3, 10, 3]",14.914198830409404
"[10, 3, 10, 3, 10, 3, 10, 3, 30, 3, 30, 3, 10, 3, 10, 3, 30, 3, 10, 3, 10, 3, 10, 3, 10, 3, 30, 3, 10, 3]",14.464555555555547
"[10, 3, 10, 3, 10, 3, 10, 3, 30, 3, 30, 3, 10, 3, 10, 3, 30, 3, 10, 3, 10, 3, 10, 3, 10, 3, 30, 3, 10, 3]",15.555752436647184
"[10, 3, 10, 3, 10, 3, 10, 3, 30, 3, 30, 3, 10, 3, 10, 3, 30, 3, 10, 3, 10, 3, 10, 3, 10, 3, 30, 3, 10, 3]",15.742649122807023
"[10, 3, 10, 3, 10, 3, 10, 3, 30, 3, 30, 3, 10, 3, 10, 3, 30, 3, 10, 3, 10, 3, 10, 3, 10, 3, 30, 3, 10, 3]",13.520074074074046
"[10, 3, 10, 3, 10, 3, 10, 3, 30, 3, 30, 3, 10, 3, 10, 3, 30, 3, 10, 3, 10, 3, 10, 3, 10, 3, 30, 3, 10, 3]",15.82062183235868
"[10, 3, 10, 3, 10, 3, 10, 3, 30, 3, 30, 3, 10, 3, 10, 3, 30, 3, 10, 3, 10, 3, 10, 3, 10, 3, 30, 3, 10, 3]",13.506042884990261
"[10, 3, 10, 3, 10, 3, 10, 3, 30, 3, 30, 3, 10, 3, 10, 3, 30, 3, 10, 3, 10, 3, 10, 3, 10, 3, 30, 3, 10, 3]",15.422754385964907
"[10, 3, 10, 3, 10, 3, 10, 3, 30, 3, 30, 3, 10, 3, 10, 3, 30, 3, 10, 3, 10, 3, 10, 3, 10, 3, 30, 3, 10, 3]",15.345300194931735
"[10, 3, 10, 3, 10, 3, 10, 3, 30, 3, 30, 3, 10, 3, 10, 3, 30, 3, 10, 3, 10, 3, 10, 3, 10, 3, 30, 3, 10, 3]",14.4530155945419
"[10, 3, 10, 3, 10, 3, 10, 3, 30, 3, 30, 3, 10, 3, 10, 3, 30, 3, 10, 3, 10, 3, 10, 3, 10, 3, 30, 3, 10, 3]",13.953255360623777
"[10, 3, 10, 3, 10, 3, 10, 3, 30, 3, 30, 3, 10, 3, 10, 3, 30, 3, 10, 3, 10, 3, 10, 3, 10, 3, 30, 3, 10, 3]",15.460411306042898
"[10, 3, 10, 3, 10, 3, 10, 3, 30, 3, 30, 3, 10, 3, 10, 3, 30, 3, 10, 3, 10, 3, 10, 3, 10, 3, 30, 3, 10, 3]",14.540300194931776
"[10, 3, 10, 3, 10, 3, 10, 3, 30, 3, 30, 3, 10, 3, 10, 3, 30, 3, 10, 3, 10, 3, 10, 3, 10, 3, 30, 3, 10, 3]",15.260656920077967
"[10, 3, 10, 3, 10, 3, 10, 3, 30, 3, 30, 3, 10, 3, 10, 3, 30, 3, 10, 3, 10, 3, 10, 3, 10, 3, 30, 3, 10, 3]",15.07290448343086
"[10, 3, 10, 3, 10, 3, 10, 3, 30, 3, 30, 3, 10, 3, 10, 3, 30, 3, 10, 3, 10, 3, 10, 3, 10, 3, 30, 3, 10, 3]",14.243253411306057
"[10, 3, 10, 3, 10, 3, 10, 3, 30, 3, 30, 3, 10, 3, 10, 3, 30, 3, 10, 3, 10, 3, 10, 3, 10, 3, 30, 3, 10, 3]",15.426399610136478
"[10, 3, 10, 3, 10, 3, 10, 3, 30, 3, 30, 3, 10, 3, 10, 3, 30, 3, 10, 3, 10, 3, 10, 3, 10, 3, 30, 3, 10, 3]",15.410368421052626
"[10, 3, 10, 3, 10, 3, 10, 3, 30, 3, 30, 3, 10, 3, 10, 3, 30, 3, 10, 3, 10, 3, 10, 3, 10, 3, 30, 3, 10, 3]",14.166931773879151
"[10, 3, 10, 3, 10, 3, 10, 3, 30, 3, 30, 3, 10, 3, 10, 3, 30, 3, 10, 3, 10, 3, 10, 3, 10, 3, 30, 3, 10, 3]",16.420656920077967
"[10, 3, 10, 3, 10, 3, 10, 3, 30, 3, 30, 3, 10, 3, 10, 3, 30, 3, 10, 3, 10, 3, 10, 3, 10, 3, 30, 3, 10, 3]",16.110035087719318
"[10, 3, 10, 3, 10, 3, 10, 3, 30, 3, 30, 3, 10, 3, 10, 3, 30, 3, 10, 3, 10, 3, 10, 3, 10, 3, 30, 3, 10, 3]",15.260317738791414
"[10, 3, 10, 3, 10, 3, 10, 3, 30, 3, 30, 3, 10, 3, 10, 3, 30, 3, 10, 3, 10, 3, 10, 3, 10, 3, 30, 3, 10, 3]",14.442961013645224
"[10, 3, 10, 3, 10, 3, 10, 3, 30, 3, 30, 3, 10, 3, 10, 3, 30, 3, 10, 3, 10, 3, 10, 3, 10, 3, 30, 3, 10, 3]",13.748479532163769
"[10, 3, 10, 3, 10, 3, 10, 3, 30, 3, 30, 3, 10, 3, 10, 3, 30, 3, 10, 3, 10, 3, 10, 3, 10, 3, 30, 3, 10, 3]",15.477235867446385
"[10, 3, 10, 3, 10, 3, 10, 3, 30, 3, 30, 3, 10, 3, 10, 3, 30, 3, 10, 3, 10, 3, 10, 3, 10, 3, 30, 3, 10, 3]",13.645746588693937
"[10, 3, 10, 3, 10, 3, 10, 3, 30, 3, 30, 3, 10, 3, 10, 3, 30, 3, 10, 3, 10, 3, 10, 3, 10, 3, 30, 3, 10, 3]",15.611976608187117
"[10, 3, 10, 3, 10, 3, 10, 3, 30, 3, 30, 3, 10, 3, 10, 3, 30, 3, 10, 3, 10, 3, 10, 3, 10, 3, 30, 3, 10, 3]",14.550210526315805
"[10, 3, 10, 3, 10, 3, 10, 3, 30, 3, 30, 3, 10, 3, 10, 3, 30, 3, 10, 3, 10, 3, 10, 3, 10, 3, 30, 3, 10, 3]",15.844586744639383
"[10, 3, 10, 3, 10, 3, 10, 3, 30, 3, 30, 3, 10, 3, 10, 3, 30, 3, 10, 3, 10, 3, 10, 3, 10, 3, 30, 3, 10, 3]",15.389664717348937
"[10, 3, 10, 3, 10, 3, 10, 3, 30, 3, 30, 3, 10, 3, 10, 3, 30, 3, 10, 3, 10, 3, 10, 3, 10, 3, 30, 3, 10, 3]",14.549935672514628
"[10, 3, 10, 3, 10, 3, 10, 3, 30, 3, 30, 3, 10, 3, 10, 3, 30, 3, 10, 3, 10, 3, 10, 3, 10, 3, 30, 3, 10, 3]",15.175356725146193
"[10, 3, 10, 3, 10, 3, 10, 3, 30, 3, 30, 3, 10, 3, 10, 3, 30, 3, 10, 3, 10, 3, 10, 3, 10, 3, 30, 3, 10, 3]",15.068311890838212
"[10, 3, 10, 3, 10, 3, 10, 3, 30, 3, 30, 3, 10, 3, 10, 3, 30, 3, 10, 3, 10, 3, 10, 3, 10, 3, 30, 3, 10, 3]",14.684799220272884
"[10, 3, 10, 3, 10, 3, 10, 3, 30, 3, 30, 3, 10, 3, 10, 3, 30, 3, 10, 3, 10, 3, 10, 3, 10, 3, 30, 3, 10, 3]",14.837003898635523
"[10, 3, 10, 3, 10, 3, 10, 3, 30, 3, 30, 3, 10, 3, 10, 3, 30, 3, 10, 3, 10, 3, 10, 3, 10, 3, 30, 3, 10, 3]",13.263935672514638
"[10, 3, 10, 3, 10, 3, 10, 3, 30, 3, 30, 3, 10, 3, 10, 3, 30, 3, 10, 3, 10, 3, 10, 3, 10, 3, 30, 3, 10, 3]",16.0020623781677
"[10, 3, 10, 3, 10, 3, 10, 3, 30, 3, 30, 3, 10, 3, 10, 3, 30, 3, 10, 3, 10, 3, 10, 3, 10, 3, 30, 3, 10, 3]",14.052849902534112
"[10, 3, 10, 3, 10, 3, 10, 3, 30, 3, 30, 3, 10, 3, 10, 3, 30, 3, 10, 3, 10, 3, 10, 3, 10, 3, 30, 3, 10, 3]",14.62199805068228
"[10, 3, 10, 3, 10, 3, 10, 3, 30, 3, 30, 3, 10, 3, 10, 3, 30, 3, 10, 3, 10, 3, 10, 3, 10, 3, 30, 3, 10, 3]",15.048672514619856
"[10, 3, 10, 3, 10, 3, 10, 3, 30, 3, 30, 3, 10, 3, 10, 3, 30, 3, 10, 3, 10, 3, 10, 3, 10, 3, 30, 3, 10, 3]",13.631074074074068
"[10, 3, 10, 3, 10, 3, 10, 3, 30, 3, 30, 3, 10, 3, 10, 3, 30, 3, 10, 3, 10, 3, 10, 3, 10, 3, 30, 3, 10, 3]",13.99656920077971
"[10, 3, 10, 3, 10, 3, 10, 3, 30, 3, 30, 3, 10, 3, 10, 3, 30, 3, 10, 3, 10, 3, 10, 3, 10, 3, 30, 3, 10, 3]",15.93810136452241
"[10, 3, 10, 3, 10, 3, 10, 3, 30, 3, 30, 3, 10, 3, 10, 3, 30, 3, 10, 3, 10, 3, 10, 3, 10, 3, 30, 3, 10, 3]",15.439087719298303
"[10, 3, 10, 3, 10, 3, 10, 3, 30, 3, 30, 3, 10, 3, 10, 3, 30, 3, 10, 3, 10, 3, 10, 3, 10, 3, 30, 3, 10, 3]",14.341923976608202
"[10, 3, 10, 3, 10, 3, 10, 3, 30, 3, 30, 3, 10, 3, 10, 3, 30, 3, 10, 3, 10, 3, 10, 3, 10, 3, 30, 3, 10, 3]",14.877093567251418
"[10, 3, 10, 3, 10, 3, 10, 3, 30, 3, 30, 3, 10, 3, 10, 3, 30, 3, 10, 3, 10, 3, 10, 3, 10, 3, 30, 3, 10, 3]",14.290974658869423
"[10, 3, 10, 3, 10, 3, 10, 3, 30, 3, 30, 3, 10, 3, 10, 3, 30, 3, 10, 3, 10, 3, 10, 3, 10, 3, 30, 3, 10, 3]",14.923764132553627
"[10, 3, 10, 3, 10, 3, 10, 3, 30, 3, 30, 3, 10, 3, 10, 3, 30, 3, 10, 3, 10, 3, 10, 3, 10, 3, 30, 3, 10, 3]",14.376606237816771
"[10, 3, 10, 3, 10, 3, 10, 3, 30, 3, 30, 3, 10, 3, 10, 3, 30, 3, 10, 3, 10, 3, 10, 3, 10, 3, 30, 3, 10, 3]",14.955976608187122
"[10, 3, 10, 3, 10, 3, 10, 3, 30, 3, 30, 3, 10, 3, 10, 3, 30, 3, 10, 3, 10, 3, 10, 3, 10, 3, 30, 3, 10, 3]",13.572210526315747
"[10, 3, 10, 3, 10, 3, 10, 3, 30, 3, 30, 3, 10, 3, 10, 3, 30, 3, 10, 3, 10, 3, 10, 3, 10, 3, 30, 3, 10, 3]",14.001569200779688
"[10, 3, 10, 3, 10, 3, 10, 3, 30, 3, 30, 3, 10, 3, 10, 3, 30, 3, 10, 3, 10, 3, 10, 3, 10, 3, 30, 3, 10, 3]",13.635116959064316
"[10, 3, 10, 3, 10, 3, 10, 3, 30, 3, 30, 3, 10, 3, 10, 3, 30, 3, 10, 3, 10, 3, 10, 3, 10, 3, 30, 3, 10, 3]",13.346982456140363
"[10, 3, 10, 3, 10, 3, 10, 3, 30, 3, 30, 3, 10, 3, 10, 3, 30, 3, 10, 3, 10, 3, 10, 3, 10, 3, 30, 3, 10, 3]",13.440633528265108
"[10, 3, 10, 3, 10, 3, 10, 3, 30, 3, 30, 3, 10, 3, 10, 3, 30, 3, 10, 3, 10, 3, 10, 3, 10, 3, 30, 3, 10, 3]",14.514421052631596
"[10, 3, 10, 3, 10, 3, 10, 3, 30, 3, 30, 3, 10, 3, 10, 3, 30, 3, 10, 3, 10, 3, 10, 3, 10, 3, 30, 3, 10, 3]",13.921463937621823
"[10, 3, 10, 3, 10, 3, 10, 3, 30, 3, 30, 3, 10, 3, 10, 3, 30, 3, 10, 3, 10, 3, 10, 3, 10, 3, 30, 3, 10, 3]",15.616951267056509
"[10, 3, 10, 3, 10, 3, 10, 3, 30, 3, 30, 3, 10, 3, 10, 3, 30, 3, 10, 3, 10, 3, 10, 3, 10, 3, 30, 3, 10, 3]",15.783222222222223
"[10, 3, 10, 3, 10, 3, 10, 3, 30, 3, 30, 3, 10, 3, 10, 3, 30, 3, 10, 3, 10, 3, 10, 3, 10, 3, 30, 3, 10, 3]",15.67738596491229
"[10, 3, 10, 3, 10, 3, 10, 3, 30, 3, 30, 3, 10, 3, 10, 3, 30, 3, 10, 3, 10, 3, 10, 3, 10, 3, 30, 3, 10, 3]",15.511327485380134
"[10, 3, 10, 3, 10, 3, 10, 3, 30, 3, 30, 3, 10, 3, 10, 3, 30, 3, 10, 3, 10, 3, 10, 3, 10, 3, 30, 3, 10, 3]",14.835499025341168
"[10, 3, 10, 3, 10, 3, 10, 3, 30, 3, 30, 3, 10, 3, 10, 3, 30, 3, 10, 3, 10, 3, 10, 3, 10, 3, 30, 3, 10, 3]",14.568122807017588
"[10, 3, 10, 3, 10, 3, 10, 3, 30, 3, 30, 3, 10, 3, 10, 3, 30, 3, 10, 3, 10, 3, 10, 3, 10, 3, 30, 3, 10, 3]",15.851721247563335
"[10, 3, 10, 3, 10, 3, 10, 3, 30, 3, 30, 3, 10, 3, 10, 3, 30, 3, 10, 3, 10, 3, 10, 3, 10, 3, 30, 3, 10, 3]",16.307600389863588
"[10, 3, 10, 3, 10, 3, 10, 3, 30, 3, 30, 3, 10, 3, 10, 3, 30, 3, 10, 3, 10, 3, 10, 3, 10, 3, 30, 3, 10, 3]",14.919278752436643
"[10, 3, 10, 3, 10, 3, 10, 3, 30, 3, 30, 3, 10, 3, 10, 3, 30, 3, 10, 3, 10, 3, 10, 3, 10, 3, 30, 3, 10, 3]",13.780719298245579
"[10, 3, 10, 3, 10, 3, 10, 3, 30, 3, 30, 3, 10, 3, 10, 3, 30, 3, 10, 3, 10, 3, 10, 3, 10, 3, 30, 3, 10, 3]",14.846109161793366
"[10, 3, 10, 3, 10, 3, 10, 3, 30, 3, 30, 3, 10, 3, 10, 3, 30, 3, 10, 3, 10, 3, 10, 3, 10, 3, 30, 3, 10, 3]",15.222000000000012
"[10, 3, 10, 3, 10, 3, 10, 3, 30, 3, 30, 3, 10, 3, 10, 3, 30, 3, 10, 3, 10, 3, 10, 3, 10, 3, 30, 3, 10, 3]",14.3488148148148
"[10, 3, 10, 3, 10, 3, 10, 3, 30, 3, 30, 3, 10, 3, 10, 3, 30, 3, 10, 3, 10, 3, 10, 3, 10, 3, 30, 3, 10, 3]",14.547939571150076
"[10, 3, 10, 3, 10, 3, 10, 3, 30, 3, 30, 3, 10, 3, 10, 3, 30, 3, 10, 3, 10, 3, 10, 3, 10, 3, 30, 3, 10, 3]",14.090007797270953
"[10, 3, 10, 3, 10, 3, 10, 3, 30, 3, 30, 3, 10, 3, 10, 3, 30, 3, 10, 3, 10, 3, 10, 3, 10, 3, 30, 3, 10, 3]",15.378744639376224
"[10, 3, 10, 3, 10, 3, 10, 3, 30, 3, 30, 3, 10, 3, 10, 3, 30, 3, 10, 3, 10, 3, 10, 3, 10, 3, 30, 3, 10, 3]",15.244914230019504
"[10, 3, 10, 3, 10, 3, 10, 3, 30, 3, 30, 3, 10, 3, 10, 3, 30, 3, 10, 3, 10, 3, 10, 3, 10, 3, 30, 3, 10, 3]",14.985309941520496
"[10, 3, 10, 3, 10, 3, 10, 3, 30, 3, 30, 3, 10, 3, 10, 3, 30, 3, 10, 3, 10, 3, 10, 3, 10, 3, 30, 3, 10, 3]",14.293943469785551
"[10, 3, 10, 3, 10, 3, 10, 3, 30, 3, 30, 3, 10, 3, 10, 3, 30, 3, 10, 3, 10, 3, 10, 3, 10, 3, 30, 3, 10, 3]",13.869391812865487
"[10, 3, 10, 3, 10, 3, 10, 3, 30, 3, 30, 3, 10, 3, 10, 3, 30, 3, 10, 3, 10, 3, 10, 3, 10, 3, 30, 3, 10, 3]",15.29036257309942
"[10, 3, 10, 3, 10, 3, 10, 3, 30, 3, 30, 3, 10, 3, 10, 3, 30, 3, 10, 3, 10, 3, 10, 3, 10, 3, 30, 3, 10, 3]",13.552549707602312
"[10, 3, 10, 3, 10, 3, 10, 3, 30, 3, 30, 3, 10, 3, 10, 3, 30, 3, 10, 3, 10, 3, 10, 3, 10, 3, 30, 3, 10, 3]",15.24470955165692
"[10, 3, 10, 3, 10, 3, 10, 3, 30, 3, 30, 3, 10, 3, 10, 3, 30, 3, 10, 3, 10, 3, 10, 3, 10, 3, 30, 3, 10, 3]",14.797265107212448
"[10, 3, 10, 3, 10, 3, 10, 3, 30, 3, 30, 3, 10, 3, 10, 3, 30, 3, 10, 3, 10, 3, 10, 3, 10, 3, 30, 3, 10, 3]",15.861937621832336
"[10, 3, 10, 3, 10, 3, 10, 3, 30, 3, 30, 3, 10, 3, 10, 3, 30, 3, 10, 3, 10, 3, 10, 3, 10, 3, 30, 3, 10, 3]",14.642165692007792
"[10, 3, 10, 3, 10, 3, 10, 3, 30, 3, 30, 3, 10, 3, 10, 3, 30, 3, 10, 3, 10, 3, 10, 3, 10, 3, 30, 3, 10, 3]",13.746005847953237
"[10, 3, 10, 3, 10, 3, 10, 3, 30, 3, 30, 3, 10, 3, 10, 3, 30, 3, 10, 3, 10, 3, 10, 3, 10, 3, 30, 3, 10, 3]",13.074352826510673
"[10, 3, 10, 3, 10, 3, 10, 3, 30, 3, 30, 3, 10, 3, 10, 3, 30, 3, 10, 3, 10, 3, 10, 3, 10, 3, 30, 3, 10, 3]",14.630278752436588
"[10, 3, 10, 3, 10, 3, 10, 3, 30, 3, 30, 3, 10, 3, 10, 3, 30, 3, 10, 3, 10, 3, 10, 3, 10, 3, 30, 3, 10, 3]",15.743584795321643
"[10, 3, 10, 3, 10, 3, 10, 3, 30, 3, 30, 3, 10, 3, 10, 3, 30, 3, 10, 3, 10, 3, 10, 3, 10, 3, 30, 3, 10, 3]",14.860793372319678
"[10, 3, 10, 3, 10, 3, 10, 3, 30, 3, 30, 3, 10, 3, 10, 3, 30, 3, 10, 3, 10, 3, 10, 3, 10, 3, 30, 3, 10, 3]",15.564688109161734
"[10, 3, 10, 3, 10, 3, 10, 3, 30, 3, 30, 3, 10, 3, 10, 3, 30, 3, 10, 3, 10, 3, 10, 3, 10, 3, 30, 3, 10, 3]",14.346653021442478
"[10, 3, 10, 3, 10, 3, 10, 3, 30, 3, 30, 3, 10, 3, 10, 3, 30, 3, 10, 3, 10, 3, 10, 3, 10, 3, 30, 3, 10, 3]",14.116479532163737
"[10, 3, 10, 3, 10, 3, 10, 3, 30, 3, 30, 3, 10, 3, 10, 3, 30, 3, 10, 3, 10, 3, 10, 3, 10, 3, 30, 3, 10, 3]",13.74720077972706
"[10, 3, 10, 3, 10, 3, 10, 3, 30, 3, 30, 3, 10, 3, 10, 3, 30, 3, 10, 3, 10, 3, 10, 3, 10, 3, 30, 3, 10, 3]",14.328892787524389
"[10, 3, 10, 3, 10, 3, 10, 3, 30, 3, 30, 3, 10, 3, 10, 3, 30, 3, 10, 3, 10, 3, 10, 3, 10, 3, 30, 3, 10, 3]",15.887218323586772
"[10, 3, 10, 3, 10, 3, 10, 3, 30, 3, 30, 3, 10, 3, 10, 3, 30, 3, 10, 3, 10, 3, 10, 3, 10, 3, 30, 3, 10, 3]",16.705115009746564
"[10, 3, 10, 3, 10, 3, 10, 3, 30, 3, 30, 3, 10, 3, 10, 3, 30, 3, 10, 3, 10, 3, 10, 3, 10, 3, 30, 3, 10, 3]",15.873282651072149
"[10, 3, 10, 3, 10, 3, 10, 3, 30, 3, 30, 3, 10, 3, 10, 3, 30, 3, 10, 3, 10, 3, 10, 3, 10, 3, 30, 3, 10, 3]",14.647920077972733
"[10, 3, 10, 3, 10, 3, 10, 3, 30, 3, 30, 3, 10, 3, 10, 3, 30, 3, 10, 3, 10, 3, 10, 3, 10, 3, 30, 3, 10, 3]",14.638189083820672
"[10, 3, 10, 3, 10, 3, 10, 3, 30, 3, 30, 3, 10, 3, 10, 3, 30, 3, 10, 3, 10, 3, 10, 3, 10, 3, 30, 3, 10, 3]",13.792423001949325
"[10, 3, 10, 3, 10, 3, 10, 3, 30, 3, 30, 3, 10, 3, 10, 3, 30, 3, 10, 3, 10, 3, 10, 3, 10, 3, 30, 3, 10, 3]",14.722516569200764
"[10, 3, 10, 3, 10, 3, 10, 3, 30, 3, 30, 3, 10, 3, 10, 3, 30, 3, 10, 3, 10, 3, 10, 3, 10, 3, 30, 3, 10, 3]",16.528105263157922
"[10, 3, 10, 3, 10, 3, 10, 3, 30, 3, 30, 3, 10, 3, 10, 3, 30, 3, 10, 3, 10, 3, 10, 3, 10, 3, 30, 3, 10, 3]",15.216984405458106
"[10, 3, 10, 3, 10, 3, 10, 3, 30, 3, 30, 3, 10, 3, 10, 3, 30, 3, 10, 3, 10, 3, 10, 3, 10, 3, 30, 3, 10, 3]",14.80881286549709
"[10, 3, 10, 3, 10, 3, 10, 3, 30, 3, 30, 3, 10, 3, 10, 3, 30, 3, 10, 3, 10, 3, 10, 3, 10, 3, 30, 3, 10, 3]",16.868961013645226
"[10, 3, 10, 3, 10, 3, 10, 3, 30, 3, 30, 3, 10, 3, 10, 3, 30, 3, 10, 3, 10, 3, 10, 3, 10, 3, 30, 3, 10, 3]",14.02826315789471
"[10, 3, 10, 3, 10, 3, 10, 3, 30, 3, 30, 3, 10, 3, 10, 3, 30, 3, 10, 3, 10, 3, 10, 3, 10, 3, 30, 3, 10, 3]",15.24070955165691
"[10, 3, 10, 3, 10, 3, 10, 3, 30, 3, 30, 3, 10, 3, 10, 3, 30, 3, 10, 3, 10, 3, 10, 3, 10, 3, 30, 3, 10, 3]",14.62791228070177
"[10, 3, 10, 3, 10, 3, 10, 3, 30, 3, 30, 3, 10, 3, 10, 3, 30, 3, 10, 3, 10, 3, 10, 3, 10, 3, 30, 3, 10, 3]",15.025321637426899
"[10, 3, 10, 3, 10, 3, 10, 3, 30, 3, 30, 3, 10, 3, 10, 3, 30, 3, 10, 3, 10, 3, 10, 3, 10, 3, 30, 3, 10, 3]",14.294446393762206
"[10, 3, 10, 3, 10, 3, 10, 3, 30, 3, 30, 3, 10, 3, 10, 3, 30, 3, 10, 3, 10, 3, 10, 3, 10, 3, 30, 3, 10, 3]",14.513267056530198
"[10, 3, 10, 3, 10, 3, 10, 3, 30, 3, 30, 3, 10, 3, 10, 3, 30, 3, 10, 3, 10, 3, 10, 3, 10, 3, 30, 3, 10, 3]",13.728904483430819
"[10, 3, 10, 3, 10, 3, 10, 3, 30, 3, 30, 3, 10, 3, 10, 3, 30, 3, 10, 3, 10, 3, 10, 3, 10, 3, 30, 3, 10, 3]",15.441436647173504
"[10, 3, 10, 3, 10, 3, 10, 3, 30, 3, 30, 3, 10, 3, 10, 3, 30, 3, 10, 3, 10, 3, 10, 3, 10, 3, 30, 3, 10, 3]",14.136393762183227
"[10, 3, 10, 3, 10, 3, 10, 3, 30, 3, 30, 3, 10, 3, 10, 3, 30, 3, 10, 3, 10, 3, 10, 3, 10, 3, 30, 3, 10, 3]",15.066725146198833
"[10, 3, 10, 3, 10, 3, 10, 3, 30, 3, 30, 3, 10, 3, 10, 3, 30, 3, 10, 3, 10, 3, 10, 3, 10, 3, 30, 3, 10, 3]",15.65675438596491
"[10, 3, 10, 3, 10, 3, 10, 3, 30, 3, 30, 3, 10, 3, 10, 3, 30, 3, 10, 3, 10, 3, 10, 3, 10, 3, 30, 3, 10, 3]",14.33942690058481
"[10, 3, 10, 3, 10, 3, 10, 3, 30, 3, 30, 3, 10, 3, 10, 3, 30, 3, 10, 3, 10, 3, 10, 3, 10, 3, 30, 3, 10, 3]",15.869964912280698
"[10, 3, 10, 3, 10, 3, 10, 3, 30, 3, 30, 3, 10, 3, 10, 3, 30, 3, 10, 3, 10, 3, 10, 3, 10, 3, 30, 3, 10, 3]",15.685982456140335
"[10, 3, 10, 3, 10, 3, 10, 3, 30, 3, 30, 3, 10, 3, 10, 3, 30, 3, 10, 3, 10, 3, 10, 3, 10, 3, 30, 3, 10, 3]",15.276393762183279
"[10, 3, 10, 3, 10, 3, 10, 3, 30, 3, 30, 3, 10, 3, 10, 3, 30, 3, 10, 3, 10, 3, 10, 3, 10, 3, 30, 3, 10, 3]",14.428107212475634
"[10, 3, 10, 3, 10, 3, 10, 3, 30, 3, 30, 3, 10, 3, 10, 3, 30, 3, 10, 3, 10, 3, 10, 3, 10, 3, 30, 3, 10, 3]",15.552284600389891
"[10, 3, 10, 3, 10, 3, 10, 3, 30, 3, 30, 3, 10, 3, 10, 3, 30, 3, 10, 3, 10, 3, 10, 3, 10, 3, 30, 3, 10, 3]",15.237481481481478
"[10, 3, 10, 3, 10, 3, 10, 3, 30, 3, 30, 3, 10, 3, 10, 3, 30, 3, 10, 3, 10, 3, 10, 3, 10, 3, 30, 3, 10, 3]",14.451432748537968
"[10, 3, 10, 3, 10, 3, 10, 3, 30, 3, 30, 3, 10, 3, 10, 3, 30, 3, 10, 3, 10, 3, 10, 3, 10, 3, 30, 3, 10, 3]",13.970569200779744
"[10, 3, 10, 3, 10, 3, 10, 3, 30, 3, 30, 3, 10, 3, 10, 3, 30, 3, 10, 3, 10, 3, 10, 3, 10, 3, 30, 3, 10, 3]",15.304265107212455
"[10, 3, 10, 3, 10, 3, 10, 3, 30, 3, 30, 3, 10, 3, 10, 3, 30, 3, 10, 3, 10, 3, 10, 3, 10, 3, 30, 3, 10, 3]",14.773426900584782
"[10, 3, 10, 3, 10, 3, 10, 3, 30, 3, 30, 3, 10, 3, 10, 3, 30, 3, 10, 3, 10, 3, 10, 3, 10, 3, 30, 3, 10, 3]",15.00813255360626
"[10, 3, 10, 3, 10, 3, 10, 3, 30, 3, 30, 3, 10, 3, 10, 3, 30, 3, 10, 3, 10, 3, 10, 3, 10, 3, 30, 3, 10, 3]",14.875957115009811
"[10, 3, 10, 3, 10, 3, 10, 3, 30, 3, 30, 3, 10, 3, 10, 3, 30, 3, 10, 3, 10, 3, 10, 3, 10, 3, 30, 3, 10, 3]",16.16502144249512
"[10, 3, 10, 3, 10, 3, 10, 3, 30, 3, 30, 3, 10, 3, 10, 3, 30, 3, 10, 3, 10, 3, 10, 3, 10, 3, 30, 3, 10, 3]",13.100179337231948
"[10, 3, 10, 3, 10, 3, 10, 3, 30, 3, 30, 3, 10, 3, 10, 3, 30, 3, 10, 3, 10, 3, 10, 3, 10, 3, 30, 3, 10, 3]",14.638941520467798
"[10, 3, 10, 3, 10, 3, 10, 3, 30, 3, 30, 3, 10, 3, 10, 3, 30, 3, 10, 3, 10, 3, 10, 3, 10, 3, 30, 3, 10, 3]",16.153436647173507
"[10, 3, 10, 3, 10, 3, 10, 3, 30, 3, 30, 3, 10, 3, 10, 3, 30, 3, 10, 3, 10, 3, 10, 3, 10, 3, 30, 3, 10, 3]",14.662914230019467
"[10, 3, 10, 3, 10, 3, 10, 3, 30, 3, 30, 3, 10, 3, 10, 3, 30, 3, 10, 3, 10, 3, 10, 3, 10, 3, 30, 3, 10, 3]",14.825187134502913
"[10, 3, 10, 3, 10, 3, 10, 3, 30, 3, 30, 3, 10, 3, 10, 3, 30, 3, 10, 3, 10, 3, 10, 3, 10, 3, 30, 3, 10, 3]",15.61931189083822
"[10, 3, 10, 3, 10, 3, 10, 3, 30, 3, 30, 3, 10, 3, 10, 3, 30, 3, 10, 3, 10, 3, 10, 3, 10, 3, 30, 3, 10, 3]",15.35909356725148
"[10, 3, 10, 3, 10, 3, 10, 3, 30, 3, 30, 3, 10, 3, 10, 3, 30, 3, 10, 3, 10, 3, 10, 3, 10, 3, 30, 3, 10, 3]",15.012144249512668
"[10, 3, 10, 3, 10, 3, 10, 3, 30, 3, 30, 3, 10, 3, 10, 3, 30, 3, 10, 3, 10, 3, 10, 3, 10, 3, 30, 3, 10, 3]",13.272518518518519
"[10, 3, 10, 3, 10, 3, 10, 3, 30, 3, 30, 3, 10, 3, 10, 3, 30, 3, 10, 3, 10, 3, 10, 3, 10, 3, 30, 3, 10, 3]",15.435713450292415
"[10, 3, 10, 3, 10, 3, 10, 3, 30, 3, 30, 3, 10, 3, 10, 3, 30, 3, 10, 3, 10, 3, 10, 3, 10, 3, 30, 3, 10, 3]",13.634233918128627
"[10, 3, 10, 3, 10, 3, 10, 3, 30, 3, 30, 3, 10, 3, 10, 3, 30, 3, 10, 3, 10, 3, 10, 3, 10, 3, 30, 3, 10, 3]",13.980033138401616
"[10, 3, 10, 3, 10, 3, 10, 3, 30, 3, 30, 3, 10, 3, 10, 3, 30, 3, 10, 3, 10, 3, 10, 3, 10, 3, 30, 3, 10, 3]",15.822941520467838
"[10, 3, 10, 3, 10, 3, 10, 3, 30, 3, 30, 3, 10, 3, 10, 3, 30, 3, 10, 3, 10, 3, 10, 3, 10, 3, 30, 3, 10, 3]",14.513629629629634
"[10, 3, 10, 3, 10, 3, 10, 3, 30, 3, 30, 3, 10, 3, 10, 3, 30, 3, 10, 3, 10, 3, 10, 3, 10, 3, 30, 3, 10, 3]",13.961623781676423
"[10, 3, 10, 3, 10, 3, 10, 3, 30, 3, 30, 3, 10, 3, 10, 3, 30, 3, 10, 3, 10, 3, 10, 3, 10, 3, 30, 3, 10, 3]",15.410101364522397
"[10, 3, 10, 3, 10, 3, 10, 3, 30, 3, 30, 3, 10, 3, 10, 3, 30, 3, 10, 3, 10, 3, 10, 3, 10, 3, 30, 3, 10, 3]",14.089586744639378
"[10, 3, 10, 3, 10, 3, 10, 3, 30, 3, 30, 3, 10, 3, 10, 3, 30, 3, 10, 3, 10, 3, 10, 3, 10, 3, 30, 3, 10, 3]",15.09574463937622
"[10, 3, 10, 3, 10, 3, 10, 3, 30, 3, 30, 3, 10, 3, 10, 3, 30, 3, 10, 3, 10, 3, 10, 3, 10, 3, 30, 3, 10, 3]",15.815962962962985
"[10, 3, 10, 3, 10, 3, 10, 3, 30, 3, 30, 3, 10, 3, 10, 3, 30, 3, 10, 3, 10, 3, 10, 3, 10, 3, 30, 3, 10, 3]",13.766598440545833
"[10, 3, 10, 3, 10, 3, 10, 3, 30, 3, 30, 3, 10, 3, 10, 3, 30, 3, 10, 3, 10, 3, 10, 3, 10, 3, 30, 3, 10, 3]",15.854337231968797
"[10, 3, 10, 3, 10, 3, 10, 3, 30, 3, 30, 3, 10, 3, 10, 3, 30, 3, 10, 3, 10, 3, 10, 3, 10, 3, 30, 3, 10, 3]",14.720619883040952
"[10, 3, 10, 3, 10, 3, 10, 3, 30, 3, 30, 3, 10, 3, 10, 3, 30, 3, 10, 3, 10, 3, 10, 3, 10, 3, 30, 3, 10, 3]",13.539235867446365
"[10, 3, 10, 3, 10, 3, 10, 3, 30, 3, 30, 3, 10, 3, 10, 3, 30, 3, 10, 3, 10, 3, 10, 3, 10, 3, 30, 3, 10, 3]",14.507627680311877
"[10, 3, 10, 3, 10, 3, 10, 3, 30, 3, 30, 3, 10, 3, 10, 3, 30, 3, 10, 3, 10, 3, 10, 3, 10, 3, 30, 3, 10, 3]",16.140935672514598
"[10, 3, 10, 3, 10, 3, 10, 3, 30, 3, 30, 3, 10, 3, 10, 3, 30, 3, 10, 3, 10, 3, 10, 3, 10, 3, 30, 3, 10, 3]",14.139892787524401
"[10, 3, 10, 3, 10, 3, 10, 3, 30, 3, 30, 3, 10, 3, 10, 3, 30, 3, 10, 3, 10, 3, 10, 3, 10, 3, 30, 3, 10, 3]",14.493976608187108
"[10, 3, 10, 3, 10, 3, 10, 3, 30, 3, 30, 3, 10, 3, 10, 3, 30, 3, 10, 3, 10, 3, 10, 3, 10, 3, 30, 3, 10, 3]",14.300750487329438
"[10, 3, 10, 3, 10, 3, 10, 3, 30, 3, 30, 3, 10, 3, 10, 3, 30, 3, 10, 3, 10, 3, 10, 3, 10, 3, 30, 3, 10, 3]",15.990561403508766
"[10, 3, 10, 3, 10, 3, 10, 3, 30, 3, 30, 3, 10, 3, 10, 3, 30, 3, 10, 3, 10, 3, 10, 3, 10, 3, 30, 3, 10, 3]",14.784576998050671
"[10, 3, 10, 3, 10, 3, 10, 3, 30, 3, 30, 3, 10, 3, 10, 3, 30, 3, 10, 3, 10, 3, 10, 3, 10, 3, 30, 3, 10, 3]",16.186031189083824
"[10, 3, 10, 3, 10, 3, 10, 3, 30, 3, 30, 3, 10, 3, 10, 3, 30, 3, 10, 3, 10, 3, 10, 3, 10, 3, 30, 3, 10, 3]",14.0439161793372
"[10, 3, 10, 3, 10, 3, 10, 3, 30, 3, 30, 3, 10, 3, 10, 3, 30, 3, 10, 3, 10, 3, 10, 3, 10, 3, 30, 3, 10, 3]",15.381604288499037
"[10, 3, 10, 3, 10, 3, 10, 3, 30, 3, 30, 3, 10, 3, 10, 3, 30, 3, 10, 3, 10, 3, 10, 3, 10, 3, 30, 3, 10, 3]",15.029808966861602
"[10, 3, 10, 3, 10, 3, 10, 3, 30, 3, 30, 3, 10, 3, 10, 3, 30, 3, 10, 3, 10, 3, 10, 3, 10, 3, 30, 3, 10, 3]",13.676760233918106
"[10, 3, 10, 3, 10, 3, 10, 3, 30, 3, 30, 3, 10, 3, 10, 3, 30, 3, 10, 3, 10, 3, 10, 3, 10, 3, 30, 3, 10, 3]",14.114378167641295
"[10, 3, 10, 3, 10, 3, 10, 3, 30, 3, 30, 3, 10, 3, 10, 3, 30, 3, 10, 3, 10, 3, 10, 3, 10, 3, 30, 3, 10, 3]",14.80246978557502
"[10, 3, 10, 3, 10, 3, 10, 3, 30, 3, 30, 3, 10, 3, 10, 3, 30, 3, 10, 3, 10, 3, 10, 3, 10, 3, 30, 3, 10, 3]",15.163674463937616
"[10, 3, 10, 3, 10, 3, 10, 3, 30, 3, 30, 3, 10, 3, 10, 3, 30, 3, 10, 3, 10, 3, 10, 3, 10, 3, 30, 3, 10, 3]",15.111707602339186
"[10, 3, 10, 3, 10, 3, 10, 3, 30, 3, 30, 3, 10, 3, 10, 3, 30, 3, 10, 3, 10, 3, 10, 3, 10, 3, 30, 3, 10, 3]",15.793216374269015
"[10, 3, 10, 3, 10, 3, 10, 3, 30, 3, 30, 3, 10, 3, 10, 3, 30, 3, 10, 3, 10, 3, 10, 3, 10, 3, 30, 3, 10, 3]",13.81511500974658
"[10, 3, 10, 3, 10, 3, 10, 3, 30, 3, 30, 3, 10, 3, 10, 3, 30, 3, 10, 3, 10, 3, 10, 3, 10, 3, 30, 3, 10, 3]",14.914079922027293
"[10, 3, 10, 3, 10, 3, 10, 3, 30, 3, 30, 3, 10, 3, 10, 3, 30, 3, 10, 3, 10, 3, 10, 3, 10, 3, 30, 3, 10, 3]",15.412990253411301
"[10, 3, 10, 3, 10, 3, 10, 3, 30, 3, 30, 3, 10, 3, 10, 3, 30, 3, 10, 3, 10, 3, 10, 3, 10, 3, 30, 3, 10, 3]",15.824764132553627
"[10, 3, 10, 3, 10, 3, 10, 3, 30, 3, 30, 3, 10, 3, 10, 3, 30, 3, 10, 3, 10, 3, 10, 3, 10, 3, 30, 3, 10, 3]",15.16116764132551
"[10, 3, 10, 3, 10, 3, 10, 3, 30, 3, 30, 3, 10, 3, 10, 3, 30, 3, 10, 3, 10, 3, 10, 3, 10, 3, 30, 3, 10, 3]",16.366021442495136
"[10, 3, 10, 3, 10, 3, 10, 3, 30, 3, 30, 3, 10, 3, 10, 3, 30, 3, 10, 3, 10, 3, 10, 3, 10, 3, 30, 3, 10, 3]",14.577461988304082
"[10, 3, 10, 3, 10, 3, 10, 3, 30, 3, 30, 3, 10, 3, 10, 3, 30, 3, 10, 3, 10, 3, 10, 3, 10, 3, 30, 3, 10, 3]",15.722590643274838
"[10, 3, 10, 3, 10, 3, 10, 3, 30, 3, 30, 3, 10, 3, 10, 3, 30, 3, 10, 3, 10, 3, 10, 3, 10, 3, 30, 3, 10, 3]",13.99872709551659
"[10, 3, 10, 3, 10, 3, 10, 3, 30, 3, 30, 3, 10, 3, 10, 3, 30, 3, 10, 3, 10, 3, 10, 3, 10, 3, 30, 3, 10, 3]",14.401855750487314
"[10, 3, 10, 3, 10, 3, 10, 3, 30, 3, 30, 3, 10, 3, 10, 3, 30, 3, 10, 3, 10, 3, 10, 3, 10, 3, 30, 3, 10, 3]",15.393925925925895
"[10, 3, 10, 3, 10, 3, 10, 3, 30, 3, 30, 3, 10, 3, 10, 3, 30, 3, 10, 3, 10, 3, 10, 3, 10, 3, 30, 3, 10, 3]",15.096594541910276
"[10, 3, 10, 3, 10, 3, 10, 3, 30, 3, 30, 3, 10, 3, 10, 3, 30, 3, 10, 3, 10, 3, 10, 3, 10, 3, 30, 3, 10, 3]",15.544580896686162
"[10, 3, 10, 3, 10, 3, 10, 3, 30, 3, 30, 3, 10, 3, 10, 3, 30, 3, 10, 3, 10, 3, 10, 3, 10, 3, 30, 3, 10, 3]",14.2142456140351
"[10, 3, 10, 3, 10, 3, 10, 3, 30, 3, 30, 3, 10, 3, 10, 3, 30, 3, 10, 3, 10, 3, 10, 3, 10, 3, 30, 3, 10, 3]",13.724543859649128
"[10, 3, 10, 3, 10, 3, 10, 3, 30, 3, 30, 3, 10, 3, 10, 3, 30, 3, 10, 3, 10, 3, 10, 3, 10, 3, 30, 3, 10, 3]",14.987181286549683
"[10, 3, 10, 3, 10, 3, 10, 3, 30, 3, 30, 3, 10, 3, 10, 3, 30, 3, 10, 3, 10, 3, 10, 3, 10, 3, 30, 3, 10, 3]",15.088358674463969
"[10, 3, 10, 3, 10, 3, 10, 3, 30, 3, 30, 3, 10, 3, 10, 3, 30, 3, 10, 3, 10, 3, 10, 3, 10, 3, 30, 3, 10, 3]",13.77699610136451
"[10, 3, 10, 3, 10, 3, 10, 3, 30, 3, 30, 3, 10, 3, 10, 3, 30, 3, 10, 3, 10, 3, 10, 3, 10, 3, 30, 3, 10, 3]",14.924929824561422
"[10, 3, 10, 3, 10, 3, 10, 3, 30, 3, 30, 3, 10, 3, 10, 3, 30, 3, 10, 3, 10, 3, 10, 3, 10, 3, 30, 3, 10, 3]",15.226019493177382
"[10, 3, 10, 3, 10, 3, 10, 3, 30, 3, 30, 3, 10, 3, 10, 3, 30, 3, 10, 3, 10, 3, 10, 3, 10, 3, 30, 3, 10, 3]",15.062309941520446
"[10, 3, 10, 3, 10, 3, 10, 3, 30, 3, 30, 3, 10, 3, 10, 3, 30, 3, 10, 3, 10, 3, 10, 3, 10, 3, 30, 3, 10, 3]",15.518631578947367
"[10, 3, 10, 3, 10, 3, 10, 3, 30, 3, 30, 3, 10, 3, 10, 3, 30, 3, 10, 3, 10, 3, 10, 3, 10, 3, 30, 3, 10, 3]",15.744927875243631
"[10, 3, 10, 3, 10, 3, 10, 3, 30, 3, 30, 3, 10, 3, 10, 3, 30, 3, 10, 3, 10, 3, 10, 3, 10, 3, 30, 3, 10, 3]",13.158348927875227
"[10, 3, 10, 3, 10, 3, 10, 3, 30, 3, 30, 3, 10, 3, 10, 3, 30, 3, 10, 3, 10, 3, 10, 3, 10, 3, 30, 3, 10, 3]",15.56868031189081
"[10, 3, 10, 3, 10, 3, 10, 3, 30, 3, 30, 3, 10, 3, 10, 3, 30, 3, 10, 3, 10, 3, 10, 3, 10, 3, 30, 3, 10, 3]",13.957103313840145
"[10, 3, 10, 3, 10, 3, 10, 3, 30, 3, 30, 3, 10, 3, 10, 3, 30, 3, 10, 3, 10, 3, 10, 3, 10, 3, 30, 3, 10, 3]",14.726495126705654
"[10, 3, 10, 3, 10, 3, 10, 3, 30, 3, 30, 3, 10, 3, 10, 3, 30, 3, 10, 3, 10, 3, 10, 3, 10, 3, 30, 3, 10, 3]",14.355711500974623
"[10, 3, 10, 3, 10, 3, 10, 3, 30, 3, 30, 3, 10, 3, 10, 3, 30, 3, 10, 3, 10, 3, 10, 3, 10, 3, 30, 3, 10, 3]",14.818684210526289
"[10, 3, 10, 3, 10, 3, 10, 3, 30, 3, 30, 3, 10, 3, 10, 3, 30, 3, 10, 3, 10, 3, 10, 3, 10, 3, 30, 3, 10, 3]",12.39990643274851
"[10, 3, 10, 3, 10, 3, 10, 3, 30, 3, 30, 3, 10, 3, 10, 3, 30, 3, 10, 3, 10, 3, 10, 3, 10, 3, 30, 3, 10, 3]",14.32807797270954
"[10, 3, 10, 3, 10, 3, 10, 3, 30, 3, 30, 3, 10, 3, 10, 3, 30, 3, 10, 3, 10, 3, 10, 3, 10, 3, 30, 3, 10, 3]",15.592440545808996
"[10, 3, 10, 3, 10, 3, 10, 3, 30, 3, 30, 3, 10, 3, 10, 3, 30, 3, 10, 3, 10, 3, 10, 3, 10, 3, 30, 3, 10, 3]",15.117204678362556
"[10, 3, 10, 3, 10, 3, 10, 3, 30, 3, 30, 3, 10, 3, 10, 3, 30, 3, 10, 3, 10, 3, 10, 3, 10, 3, 30, 3, 10, 3]",14.448282651072148
"[10, 3, 10, 3, 10, 3, 10, 3, 30, 3, 30, 3, 10, 3, 10, 3, 30, 3, 10, 3, 10, 3, 10, 3, 10, 3, 30, 3, 10, 3]",15.157516569200762
"[10, 3, 10, 3, 10, 3, 10, 3, 30, 3, 30, 3, 10, 3, 10, 3, 30, 3, 10, 3, 10, 3, 10, 3, 10, 3, 30, 3, 10, 3]",14.309565302144264
"[10, 3, 10, 3, 10, 3, 10, 3, 30, 3, 30, 3, 10, 3, 10, 3, 30, 3, 10, 3, 10, 3, 10, 3, 10, 3, 30, 3, 10, 3]",14.782189083820704
"[10, 3, 10, 3, 10, 3, 10, 3, 30, 3, 30, 3, 10, 3, 10, 3, 30, 3, 10, 3, 10, 3, 10, 3, 10, 3, 30, 3, 10, 3]",13.337003898635462
"[10, 3, 10, 3, 10, 3, 10, 3, 30, 3, 30, 3, 10, 3, 10, 3, 30, 3, 10, 3, 10, 3, 10, 3, 10, 3, 30, 3, 10, 3]",15.378816764132544
"[10, 3, 10, 3, 10, 3, 10, 3, 30, 3, 30, 3, 10, 3, 10, 3, 30, 3, 10, 3, 10, 3, 10, 3, 10, 3, 30, 3, 10, 3]",15.790571150097398
"[10, 3, 10, 3, 10, 3, 10, 3, 30, 3, 30, 3, 10, 3, 10, 3, 30, 3, 10, 3, 10, 3, 10, 3, 10, 3, 30, 3, 10, 3]",14.914986354775854
"[10, 3, 10, 3, 10, 3, 10, 3, 30, 3, 30, 3, 10, 3, 10, 3, 30, 3, 10, 3, 10, 3, 10, 3, 10, 3, 30, 3, 10, 3]",16.28260623781678
"[10, 3, 10, 3, 10, 3, 10, 3, 30, 3, 30, 3, 10, 3, 10, 3, 30, 3, 10, 3, 10, 3, 10, 3, 10, 3, 30, 3, 10, 3]",14.626643274853842
"[10, 3, 10, 3, 10, 3, 10, 3, 30, 3, 30, 3, 10, 3, 10, 3, 30, 3, 10, 3, 10, 3, 10, 3, 10, 3, 30, 3, 10, 3]",15.542781676413279
"[10, 3, 10, 3, 10, 3, 10, 3, 30, 3, 30, 3, 10, 3, 10, 3, 30, 3, 10, 3, 10, 3, 10, 3, 10, 3, 30, 3, 10, 3]",13.964423001949331
"[10, 3, 10, 3, 10, 3, 10, 3, 30, 3, 30, 3, 10, 3, 10, 3, 30, 3, 10, 3, 10, 3, 10, 3, 10, 3, 30, 3, 10, 3]",14.500356725146206
"[10, 3, 10, 3, 10, 3, 10, 3, 30, 3, 30, 3, 10, 3, 10, 3, 30, 3, 10, 3, 10, 3, 10, 3, 10, 3, 30, 3, 10, 3]",13.891822612085795
"[10, 3, 10, 3, 10, 3, 10, 3, 30, 3, 30, 3, 10, 3, 10, 3, 30, 3, 10, 3, 10, 3, 10, 3, 10, 3, 30, 3, 10, 3]",14.597224171539954
"[10, 3, 10, 3, 10, 3, 10, 3, 30, 3, 30, 3, 10, 3, 10, 3, 30, 3, 10, 3, 10, 3, 10, 3, 10, 3, 30, 3, 10, 3]",14.729076023391828
"[10, 3, 10, 3, 10, 3, 10, 3, 30, 3, 30, 3, 10, 3, 10, 3, 30, 3, 10, 3, 10, 3, 10, 3, 10, 3, 30, 3, 10, 3]",15.218777777777762
"[10, 3, 10, 3, 10, 3, 10, 3, 30, 3, 30, 3, 10, 3, 10, 3, 30, 3, 10, 3, 10, 3, 10, 3, 10, 3, 30, 3, 10, 3]",14.974087719298241
"[10, 3, 10, 3, 10, 3, 10, 3, 30, 3, 30, 3, 10, 3, 10, 3, 30, 3, 10, 3, 10, 3, 10, 3, 10, 3, 30, 3, 10, 3]",13.999235867446364
"[10, 3, 10, 3, 10, 3, 10, 3, 30, 3, 30, 3, 10, 3, 10, 3, 30, 3, 10, 3, 10, 3, 10, 3, 10, 3, 30, 3, 10, 3]",14.243561403508773
"[10, 3, 10, 3, 10, 3, 10, 3, 30, 3, 30, 3, 10, 3, 10, 3, 30, 3, 10, 3, 10, 3, 10, 3, 10, 3, 30, 3, 10, 3]",14.812758284600383
"[10, 3, 10, 3, 10, 3, 10, 3, 30, 3, 30, 3, 10, 3, 10, 3, 30, 3, 10, 3, 10, 3, 10, 3, 10, 3, 30, 3, 10, 3]",14.701421052631568
"[10, 3, 10, 3, 10, 3, 10, 3, 30, 3, 30, 3, 10, 3, 10, 3, 30, 3, 10, 3, 10, 3, 10, 3, 10, 3, 30, 3, 10, 3]",14.425797270955146
"[10, 3, 10, 3, 10, 3, 10, 3, 30, 3, 30, 3, 10, 3, 10, 3, 30, 3, 10, 3, 10, 3, 10, 3, 10, 3, 30, 3, 10, 3]",14.642561403508756
"[10, 3, 10, 3, 10, 3, 10, 3, 30, 3, 30, 3, 10, 3, 10, 3, 30, 3, 10, 3, 10, 3, 10, 3, 10, 3, 30, 3, 10, 3]",14.984906432748522
"[10, 3, 10, 3, 10, 3, 10, 3, 30, 3, 30, 3, 10, 3, 10, 3, 30, 3, 10, 3, 10, 3, 10, 3, 10, 3, 30, 3, 10, 3]",13.617467836257328
"[10, 3, 10, 3, 10, 3, 10, 3, 30, 3, 30, 3, 10, 3, 10, 3, 30, 3, 10, 3, 10, 3, 10, 3, 10, 3, 30, 3, 10, 3]",14.725241715399605
"[10, 3, 10, 3, 10, 3, 10, 3, 30, 3, 30, 3, 10, 3, 10, 3, 30, 3, 10, 3, 10, 3, 10, 3, 10, 3, 30, 3, 10, 3]",15.483446393762188
"[10, 3, 10, 3, 10, 3, 10, 3, 30, 3, 30, 3, 10, 3, 10, 3, 30, 3, 10, 3, 10, 3, 10, 3, 10, 3, 30, 3, 10, 3]",15.256218323586713
"[10, 3, 10, 3, 10, 3, 10, 3, 30, 3, 30, 3, 10, 3, 10, 3, 30, 3, 10, 3, 10, 3, 10, 3, 10, 3, 30, 3, 10, 3]",14.235988304093574
"[10, 3, 10, 3, 10, 3, 10, 3, 30, 3, 30, 3, 10, 3, 10, 3, 30, 3, 10, 3, 10, 3, 10, 3, 10, 3, 30, 3, 10, 3]",13.772627680311881
"[10, 3, 10, 3, 10, 3, 10, 3, 30, 3, 30, 3, 10, 3, 10, 3, 30, 3, 10, 3, 10, 3, 10, 3, 10, 3, 30, 3, 10, 3]",15.813385964912266
"[10, 3, 10, 3, 10, 3, 10, 3, 30, 3, 30, 3, 10, 3, 10, 3, 30, 3, 10, 3, 10, 3, 10, 3, 10, 3, 30, 3, 10, 3]",15.170035087719304
"[10, 3, 10, 3, 10, 3, 10, 3, 30, 3, 30, 3, 10, 3, 10, 3, 30, 3, 10, 3, 10, 3, 10, 3, 10, 3, 30, 3, 10, 3]",12.906099415204629
"[10, 3, 10, 3, 10, 3, 10, 3, 30, 3, 30, 3, 10, 3, 10, 3, 30, 3, 10, 3, 10, 3, 10, 3, 10, 3, 30, 3, 10, 3]",14.293360623781634
"[10, 3, 10, 3, 10, 3, 10, 3, 30, 3, 30, 3, 10, 3, 10, 3, 30, 3, 10, 3, 10, 3, 10, 3, 10, 3, 30, 3, 10, 3]",15.21557504873293
"[10, 3, 10, 3, 10, 3, 10, 3, 30, 3, 30, 3, 10, 3, 10, 3, 30, 3, 10, 3, 10, 3, 10, 3, 10, 3, 30, 3, 10, 3]",15.032228070175416
"[10, 3, 10, 3, 10, 3, 10, 3, 30, 3, 30, 3, 10, 3, 10, 3, 30, 3, 10, 3, 10, 3, 10, 3, 10, 3, 30, 3, 10, 3]",15.791822612085795
"[10, 3, 10, 3, 10, 3, 10, 3, 30, 3, 30, 3, 10, 3, 10, 3, 30, 3, 10, 3, 10, 3, 10, 3, 10, 3, 30, 3, 10, 3]",14.37491617933722
"[10, 3, 10, 3, 10, 3, 10, 3, 30, 3, 30, 3, 10, 3, 10, 3, 30, 3, 10, 3, 10, 3, 10, 3, 10, 3, 30, 3, 10, 3]",13.62030799220269
"[10, 3, 10, 3, 10, 3, 10, 3, 30, 3, 30, 3, 10, 3, 10, 3, 30, 3, 10, 3, 10, 3, 10, 3, 10, 3, 30, 3, 10, 3]",15.820857699805064
"[10, 3, 10, 3, 10, 3, 10, 3, 30, 3, 30, 3, 10, 3, 10, 3, 30, 3, 10, 3, 10, 3, 10, 3, 10, 3, 30, 3, 10, 3]",14.769617933723211
"[10, 3, 10, 3, 10, 3, 10, 3, 30, 3, 30, 3, 10, 3, 10, 3, 30, 3, 10, 3, 10, 3, 10, 3, 10, 3, 30, 3, 10, 3]",14.349352826510769
"[10, 3, 10, 3, 10, 3, 10, 3, 30, 3, 30, 3, 10, 3, 10, 3, 30, 3, 10, 3, 10, 3, 10, 3, 10, 3, 30, 3, 10, 3]",14.800099415204643
"[10, 3, 10, 3, 10, 3, 10, 3, 30, 3, 30, 3, 10, 3, 10, 3, 30, 3, 10, 3, 10, 3, 10, 3, 10, 3, 30, 3, 10, 3]",14.92005847953214
"[10, 3, 10, 3, 10, 3, 10, 3, 30, 3, 30, 3, 10, 3, 10, 3, 30, 3, 10, 3, 10, 3, 10, 3, 10, 3, 30, 3, 10, 3]",14.79351072124758
"[10, 3, 10, 3, 10, 3, 10, 3, 30, 3, 30, 3, 10, 3, 10, 3, 30, 3, 10, 3, 10, 3, 10, 3, 10, 3, 30, 3, 10, 3]",14.834415204678352
"[10, 3, 10, 3, 10, 3, 10, 3, 30, 3, 30, 3, 10, 3, 10, 3, 30, 3, 10, 3, 10, 3, 10, 3, 10, 3, 30, 3, 10, 3]",13.647210526315817
"[10, 3, 10, 3, 10, 3, 10, 3, 30, 3, 30, 3, 10, 3, 10, 3, 30, 3, 10, 3, 10, 3, 10, 3, 10, 3, 30, 3, 10, 3]",14.347191033138373
"[10, 3, 10, 3, 10, 3, 10, 3, 30, 3, 30, 3, 10, 3, 10, 3, 30, 3, 10, 3, 10, 3, 10, 3, 10, 3, 30, 3, 10, 3]",13.382302144249515
"[10, 3, 10, 3, 10, 3, 10, 3, 30, 3, 30, 3, 10, 3, 10, 3, 30, 3, 10, 3, 10, 3, 10, 3, 10, 3, 30, 3, 10, 3]",14.709516569200785
"[10, 3, 10, 3, 10, 3, 10, 3, 30, 3, 30, 3, 10, 3, 10, 3, 30, 3, 10, 3, 10, 3, 10, 3, 10, 3, 30, 3, 10, 3]",16.03472514619885
"[10, 3, 10, 3, 10, 3, 10, 3, 30, 3, 30, 3, 10, 3, 10, 3, 30, 3, 10, 3, 10, 3, 10, 3, 10, 3, 30, 3, 10, 3]",14.246884990253426
"[10, 3, 10, 3, 10, 3, 10, 3, 30, 3, 30, 3, 10, 3, 10, 3, 30, 3, 10, 3, 10, 3, 10, 3, 10, 3, 30, 3, 10, 3]",15.83706627680313
"[10, 3, 10, 3, 10, 3, 10, 3, 30, 3, 30, 3, 10, 3, 10, 3, 30, 3, 10, 3, 10, 3, 10, 3, 10, 3, 30, 3, 10, 3]",14.337430799220257
"[10, 3, 10, 3, 10, 3, 10, 3, 30, 3, 30, 3, 10, 3, 10, 3, 30, 3, 10, 3, 10, 3, 10, 3, 10, 3, 30, 3, 10, 3]",16.300693957115012
"[10, 3, 10, 3, 10, 3, 10, 3, 30, 3, 30, 3, 10, 3, 10, 3, 30, 3, 10, 3, 10, 3, 10, 3, 10, 3, 30, 3, 10, 3]",14.446881091617932
"[10, 3, 10, 3, 10, 3, 10, 3, 30, 3, 30, 3, 10, 3, 10, 3, 30, 3, 10, 3, 10, 3, 10, 3, 10, 3, 30, 3, 10, 3]",14.961697855750499
"[10, 3, 10, 3, 10, 3, 10, 3, 30, 3, 30, 3, 10, 3, 10, 3, 30, 3, 10, 3, 10, 3, 10, 3, 10, 3, 30, 3, 10, 3]",13.656984405458077
"[10, 3, 10, 3, 10, 3, 10, 3, 30, 3, 30, 3, 10, 3, 10, 3, 30, 3, 10, 3, 10, 3, 10, 3, 10, 3, 30, 3, 10, 3]",15.103541910331355
"[10, 3, 10, 3, 10, 3, 10, 3, 30, 3, 30, 3, 10, 3, 10, 3, 30, 3, 10, 3, 10, 3, 10, 3, 10, 3, 30, 3, 10, 3]",14.334192982456154
"[10, 3, 10, 3, 10, 3, 10, 3, 30, 3, 30, 3, 10, 3, 10, 3, 30, 3, 10, 3, 10, 3, 10, 3, 10, 3, 30, 3, 10, 3]",15.129992202729053
"[10, 3, 10, 3, 10, 3, 10, 3, 30, 3, 30, 3, 10, 3, 10, 3, 30, 3, 10, 3, 10, 3, 10, 3, 10, 3, 30, 3, 10, 3]",14.609089668615939
"[10, 3, 10, 3, 10, 3, 10, 3, 30, 3, 30, 3, 10, 3, 10, 3, 30, 3, 10, 3, 10, 3, 10, 3, 10, 3, 30, 3, 10, 3]",14.51983430799222
"[10, 3, 10, 3, 10, 3, 10, 3, 30, 3, 30, 3, 10, 3, 10, 3, 30, 3, 10, 3, 10, 3, 10, 3, 10, 3, 30, 3, 10, 3]",14.84720077972706
"[10, 3, 10, 3, 10, 3, 10, 3, 30, 3, 30, 3, 10, 3, 10, 3, 30, 3, 10, 3, 10, 3, 10, 3, 10, 3, 30, 3, 10, 3]",14.709502923976606
"[10, 3, 10, 3, 10, 3, 10, 3, 30, 3, 30, 3, 10, 3, 10, 3, 30, 3, 10, 3, 10, 3, 10, 3, 10, 3, 30, 3, 10, 3]",12.79671539961012
"[10, 3, 10, 3, 10, 3, 10, 3, 30, 3, 30, 3, 10, 3, 10, 3, 30, 3, 10, 3, 10, 3, 10, 3, 10, 3, 30, 3, 10, 3]",13.996590643274855
"[10, 3, 10, 3, 10, 3, 10, 3, 30, 3, 30, 3, 10, 3, 10, 3, 30, 3, 10, 3, 10, 3, 10, 3, 10, 3, 30, 3, 10, 3]",15.332097465886946
"[10, 3, 10, 3, 10, 3, 10, 3, 30, 3, 30, 3, 10, 3, 10, 3, 30, 3, 10, 3, 10, 3, 10, 3, 10, 3, 30, 3, 10, 3]",15.209239766081847
"[10, 3, 10, 3, 10, 3, 10, 3, 30, 3, 30, 3, 10, 3, 10, 3, 30, 3, 10, 3, 10, 3, 10, 3, 10, 3, 30, 3, 10, 3]",13.30713060428848
"[10, 3, 10, 3, 10, 3, 10, 3, 30, 3, 30, 3, 10, 3, 10, 3, 30, 3, 10, 3, 10, 3, 10, 3, 10, 3, 30, 3, 10, 3]",13.767528265107186
"[10, 3, 10, 3, 10, 3, 10, 3, 30, 3, 30, 3, 10, 3, 10, 3, 30, 3, 10, 3, 10, 3, 10, 3, 10, 3, 30, 3, 10, 3]",14.579148148148212
"[10, 3, 10, 3, 10, 3, 10, 3, 30, 3, 30, 3, 10, 3, 10, 3, 30, 3, 10, 3, 10, 3, 10, 3, 10, 3, 30, 3, 10, 3]",14.430185185185193
"[10, 3, 10, 3, 10, 3, 10, 3, 30, 3, 30, 3, 10, 3, 10, 3, 30, 3, 10, 3, 10, 3, 10, 3, 10, 3, 30, 3, 10, 3]",14.818925925925937
"[10, 3, 10, 3, 10, 3, 10, 3, 30, 3, 30, 3, 10, 3, 10, 3, 30, 3, 10, 3, 10, 3, 10, 3, 10, 3, 30, 3, 10, 3]",13.942690058479517
"[10, 3, 10, 3, 10, 3, 10, 3, 30, 3, 30, 3, 10, 3, 10, 3, 30, 3, 10, 3, 10, 3, 10, 3, 10, 3, 30, 3, 10, 3]",14.501762183235867
"[10, 3, 10, 3, 10, 3, 10, 3, 30, 3, 30, 3, 10, 3, 10, 3, 30, 3, 10, 3, 10, 3, 10, 3, 10, 3, 30, 3, 10, 3]",14.362853801169573
"[10, 3, 10, 3, 10, 3, 10, 3, 30, 3, 30, 3, 10, 3, 10, 3, 30, 3, 10, 3, 10, 3, 10, 3, 10, 3, 30, 3, 10, 3]",13.654647173489288
"[10, 3, 10, 3, 10, 3, 10, 3, 30, 3, 30, 3, 10, 3, 10, 3, 30, 3, 10, 3, 10, 3, 10, 3, 10, 3, 30, 3, 10, 3]",14.56375828460037
"[10, 3, 10, 3, 10, 3, 10, 3, 30, 3, 30, 3, 10, 3, 10, 3, 30, 3, 10, 3, 10, 3, 10, 3, 10, 3, 30, 3, 10, 3]",13.79074269005847
"[10, 3, 10, 3, 10, 3, 10, 3, 30, 3, 30, 3, 10, 3, 10, 3, 30, 3, 10, 3, 10, 3, 10, 3, 10, 3, 30, 3, 10, 3]",15.993198830409346
"[10, 3, 10, 3, 10, 3, 10, 3, 30, 3, 30, 3, 10, 3, 10, 3, 30, 3, 10, 3, 10, 3, 10, 3, 10, 3, 30, 3, 10, 3]",14.112385964912255
"[10, 3, 10, 3, 10, 3, 10, 3, 30, 3, 30, 3, 10, 3, 10, 3, 30, 3, 10, 3, 10, 3, 10, 3, 10, 3, 30, 3, 10, 3]",15.038734892787497
"[10, 3, 10, 3, 10, 3, 10, 3, 30, 3, 30, 3, 10, 3, 10, 3, 30, 3, 10, 3, 10, 3, 10, 3, 10, 3, 30, 3, 10, 3]",14.20280116959065
"[10, 3, 10, 3, 10, 3, 10, 3, 30, 3, 30, 3, 10, 3, 10, 3, 30, 3, 10, 3, 10, 3, 10, 3, 10, 3, 30, 3, 10, 3]",13.680364522417149
"[10, 3, 10, 3, 10, 3, 10, 3, 30, 3, 30, 3, 10, 3, 10, 3, 30, 3, 10, 3, 10, 3, 10, 3, 10, 3, 30, 3, 10, 3]",14.970228070175468
"[10, 3, 10, 3, 10, 3, 10, 3, 30, 3, 30, 3, 10, 3, 10, 3, 30, 3, 10, 3, 10, 3, 10, 3, 10, 3, 30, 3, 10, 3]",16.436385964912255
"[10, 3, 10, 3, 10, 3, 10, 3, 30, 3, 30, 3, 10, 3, 10, 3, 30, 3, 10, 3, 10, 3, 10, 3, 10, 3, 30, 3, 10, 3]",14.228358674463967
"[10, 3, 10, 3, 10, 3, 10, 3, 30, 3, 30, 3, 10, 3, 10, 3, 30, 3, 10, 3, 10, 3, 10, 3, 10, 3, 30, 3, 10, 3]",15.406116959064343
"[10, 3, 10, 3, 10, 3, 10, 3, 30, 3, 30, 3, 10, 3, 10, 3, 30, 3, 10, 3, 10, 3, 10, 3, 10, 3, 30, 3, 10, 3]",14.885099415204683
"[10, 3, 10, 3, 10, 3, 10, 3, 30, 3, 30, 3, 10, 3, 10, 3, 30, 3, 10, 3, 10, 3, 10, 3, 10, 3, 30, 3, 10, 3]",13.783654970760237
"[10, 3, 10, 3, 10, 3, 10, 3, 30, 3, 30, 3, 10, 3, 10, 3, 30, 3, 10, 3, 10, 3, 10, 3, 10, 3, 30, 3, 10, 3]",15.933298245614026
"[10, 3, 10, 3, 10, 3, 10, 3, 30, 3, 30, 3, 10, 3, 10, 3, 30, 3, 10, 3, 10, 3, 10, 3, 10, 3, 30, 3, 10, 3]",15.967805068226113
"[10, 3, 10, 3, 10, 3, 10, 3, 30, 3, 30, 3, 10, 3, 10, 3, 30, 3, 10, 3, 10, 3, 10, 3, 10, 3, 30, 3, 10, 3]",14.028805068226138
"[10, 3, 10, 3, 10, 3, 10, 3, 30, 3, 30, 3, 10, 3, 10, 3, 30, 3, 10, 3, 10, 3, 10, 3, 10, 3, 30, 3, 10, 3]",14.708302144249492
"[10, 3, 10, 3, 10, 3, 10, 3, 30, 3, 30, 3, 10, 3, 10, 3, 30, 3, 10, 3, 10, 3, 10, 3, 10, 3, 30, 3, 10, 3]",14.156559454190996
"[10, 3, 10, 3, 10, 3, 10, 3, 30, 3, 30, 3, 10, 3, 10, 3, 30, 3, 10, 3, 10, 3, 10, 3, 10, 3, 30, 3, 10, 3]",15.105717348927925
"[10, 3, 10, 3, 10, 3, 10, 3, 30, 3, 30, 3, 10, 3, 10, 3, 30, 3, 10, 3, 10, 3, 10, 3, 10, 3, 30, 3, 10, 3]",15.210621832358683
"[10, 3, 10, 3, 10, 3, 10, 3, 30, 3, 30, 3, 10, 3, 10, 3, 30, 3, 10, 3, 10, 3, 10, 3, 10, 3, 30, 3, 10, 3]",15.065109161793348
"[10, 3, 10, 3, 10, 3, 10, 3, 30, 3, 30, 3, 10, 3, 10, 3, 30, 3, 10, 3, 10, 3, 10, 3, 10, 3, 30, 3, 10, 3]",14.415520467836298
"[10, 3, 10, 3, 10, 3, 10, 3, 30, 3, 30, 3, 10, 3, 10, 3, 30, 3, 10, 3, 10, 3, 10, 3, 10, 3, 30, 3, 10, 3]",16.177943469785586
"[10, 3, 10, 3, 10, 3, 10, 3, 30, 3, 30, 3, 10, 3, 10, 3, 30, 3, 10, 3, 10, 3, 10, 3, 10, 3, 30, 3, 10, 3]",13.663027290448362
"[10, 3, 10, 3, 10, 3, 10, 3, 30, 3, 30, 3, 10, 3, 10, 3, 30, 3, 10, 3, 10, 3, 10, 3, 10, 3, 30, 3, 10, 3]",15.794978557504862
"[10, 3, 10, 3, 10, 3, 10, 3, 30, 3, 30, 3, 10, 3, 10, 3, 30, 3, 10, 3, 10, 3, 10, 3, 10, 3, 30, 3, 10, 3]",14.886619883040975
"[10, 3, 10, 3, 10, 3, 10, 3, 30, 3, 30, 3, 10, 3, 10, 3, 30, 3, 10, 3, 10, 3, 10, 3, 10, 3, 30, 3, 10, 3]",15.81966081871346
"[10, 3, 10, 3, 10, 3, 10, 3, 30, 3, 30, 3, 10, 3, 10, 3, 30, 3, 10, 3, 10, 3, 10, 3, 10, 3, 30, 3, 10, 3]",14.384645224171551
"[10, 3, 10, 3, 10, 3, 10, 3, 30, 3, 30, 3, 10, 3, 10, 3, 30, 3, 10, 3, 10, 3, 10, 3, 10, 3, 30, 3, 10, 3]",13.780651072124748
"[10, 3, 10, 3, 10, 3, 10, 3, 30, 3, 30, 3, 10, 3, 10, 3, 30, 3, 10, 3, 10, 3, 10, 3, 10, 3, 30, 3, 10, 3]",14.98377972709554
"[10, 3, 10, 3, 10, 3, 10, 3, 30, 3, 30, 3, 10, 3, 10, 3, 30, 3, 10, 3, 10, 3, 10, 3, 10, 3, 30, 3, 10, 3]",15.534738791422999
"[10, 3, 10, 3, 10, 3, 10, 3, 30, 3, 30, 3, 10, 3, 10, 3, 30, 3, 10, 3, 10, 3, 10, 3, 10, 3, 30, 3, 10, 3]",13.892999999999976
"[10, 3, 10, 3, 10, 3, 10, 3, 30, 3, 30, 3, 10, 3, 10, 3, 30, 3, 10, 3, 10, 3, 10, 3, 10, 3, 30, 3, 10, 3]",15.455637426900553
"[10, 3, 10, 3, 10, 3, 10, 3, 30, 3, 30, 3, 10, 3, 10, 3, 30, 3, 10, 3, 10, 3, 10, 3, 10, 3, 30, 3, 10, 3]",14.539725146198824
"[10, 3, 10, 3, 10, 3, 10, 3, 30, 3, 30, 3, 10, 3, 10, 3, 30, 3, 10, 3, 10, 3, 10, 3, 10, 3, 30, 3, 10, 3]",14.94812085769981
"[10, 3, 10, 3, 10, 3, 10, 3, 30, 3, 30, 3, 10, 3, 10, 3, 30, 3, 10, 3, 10, 3, 10, 3, 10, 3, 30, 3, 10, 3]",15.148076023391823
"[10, 3, 10, 3, 10, 3, 10, 3, 30, 3, 30, 3, 10, 3, 10, 3, 30, 3, 10, 3, 10, 3, 10, 3, 10, 3, 30, 3, 10, 3]",14.613360623781682
"[10, 3, 10, 3, 10, 3, 10, 3, 30, 3, 30, 3, 10, 3, 10, 3, 30, 3, 10, 3, 10, 3, 10, 3, 10, 3, 30, 3, 10, 3]",15.2792670565302
"[10, 3, 10, 3, 10, 3, 10, 3, 30, 3, 30, 3, 10, 3, 10, 3, 30, 3, 10, 3, 10, 3, 10, 3, 10, 3, 30, 3, 10, 3]",14.532575048732914
"[10, 3, 10, 3, 10, 3, 10, 3, 30, 3, 30, 3, 10, 3, 10, 3, 30, 3, 10, 3, 10, 3, 10, 3, 10, 3, 30, 3, 10, 3]",14.221582846003894
"[10, 3, 10, 3, 10, 3, 10, 3, 30, 3, 30, 3, 10, 3, 10, 3, 30, 3, 10, 3, 10, 3, 10, 3, 10, 3, 30, 3, 10, 3]",14.941064327485375
"[10, 3, 10, 3, 10, 3, 10, 3, 30, 3, 30, 3, 10, 3, 10, 3, 30, 3, 10, 3, 10, 3, 10, 3, 10, 3, 30, 3, 10, 3]",14.491005847953229
"[10, 3, 10, 3, 10, 3, 10, 3, 30, 3, 30, 3, 10, 3, 10, 3, 30, 3, 10, 3, 10, 3, 10, 3, 10, 3, 30, 3, 10, 3]",14.758703703703683
"[10, 3, 10, 3, 10, 3, 10, 3, 30, 3, 30, 3, 10, 3, 10, 3, 30, 3, 10, 3, 10, 3, 10, 3, 10, 3, 30, 3, 10, 3]",14.155863547758324
"[10, 3, 10, 3, 10, 3, 10, 3, 30, 3, 30, 3, 10, 3, 10, 3, 30, 3, 10, 3, 10, 3, 10, 3, 10, 3, 30, 3, 10, 3]",13.732187134502905
"[10, 3, 10, 3, 10, 3, 10, 3, 30, 3, 30, 3, 10, 3, 10, 3, 30, 3, 10, 3, 10, 3, 10, 3, 10, 3, 30, 3, 10, 3]",13.635912280701746
"[10, 3, 10, 3, 10, 3, 10, 3, 30, 3, 30, 3, 10, 3, 10, 3, 30, 3, 10, 3, 10, 3, 10, 3, 10, 3, 30, 3, 10, 3]",15.441493177387894
"[10, 3, 10, 3, 10, 3, 10, 3, 30, 3, 30, 3, 10, 3, 10, 3, 30, 3, 10, 3, 10, 3, 10, 3, 10, 3, 30, 3, 10, 3]",13.020522417154005
"[10, 3, 10, 3, 10, 3, 10, 3, 30, 3, 30, 3, 10, 3, 10, 3, 30, 3, 10, 3, 10, 3, 10, 3, 10, 3, 30, 3, 10, 3]",13.689038986354769
"[10, 3, 10, 3, 10, 3, 10, 3, 30, 3, 30, 3, 10, 3, 10, 3, 30, 3, 10, 3, 10, 3, 10, 3, 10, 3, 30, 3, 10, 3]",14.628828460038996
"[10, 3, 10, 3, 10, 3, 10, 3, 30, 3, 30, 3, 10, 3, 10, 3, 30, 3, 10, 3, 10, 3, 10, 3, 10, 3, 30, 3, 10, 3]",14.485773879142286
"[10, 3, 10, 3, 10, 3, 10, 3, 30, 3, 30, 3, 10, 3, 10, 3, 30, 3, 10, 3, 10, 3, 10, 3, 10, 3, 30, 3, 10, 3]",15.094448343079893
"[10, 3, 10, 3, 10, 3, 10, 3, 30, 3, 30, 3, 10, 3, 10, 3, 30, 3, 10, 3, 10, 3, 10, 3, 10, 3, 30, 3, 10, 3]",14.585824561403484
"[10, 3, 10, 3, 10, 3, 10, 3, 30, 3, 30, 3, 10, 3, 10, 3, 30, 3, 10, 3, 10, 3, 10, 3, 10, 3, 30, 3, 10, 3]",12.67149122807017
"[10, 3, 10, 3, 10, 3, 10, 3, 30, 3, 30, 3, 10, 3, 10, 3, 30, 3, 10, 3, 10, 3, 10, 3, 10, 3, 30, 3, 10, 3]",14.648793372319677
"[10, 3, 10, 3, 10, 3, 10, 3, 30, 3, 30, 3, 10, 3, 10, 3, 30, 3, 10, 3, 10, 3, 10, 3, 10, 3, 30, 3, 10, 3]",14.808783625730973
"[10, 3, 10, 3, 10, 3, 10, 3, 30, 3, 30, 3, 10, 3, 10, 3, 30, 3, 10, 3, 10, 3, 10, 3, 10, 3, 30, 3, 10, 3]",14.981282651072096
"[10, 3, 10, 3, 10, 3, 10, 3, 30, 3, 30, 3, 10, 3, 10, 3, 30, 3, 10, 3, 10, 3, 10, 3, 10, 3, 30, 3, 10, 3]",14.734664717348904
"[10, 3, 10, 3, 10, 3, 10, 3, 30, 3, 30, 3, 10, 3, 10, 3, 30, 3, 10, 3, 10, 3, 10, 3, 10, 3, 30, 3, 10, 3]",14.357483430799208
"[10, 3, 10, 3, 10, 3, 10, 3, 30, 3, 30, 3, 10, 3, 10, 3, 30, 3, 10, 3, 10, 3, 10, 3, 10, 3, 30, 3, 10, 3]",14.57086744639377
"[10, 3, 10, 3, 10, 3, 10, 3, 30, 3, 30, 3, 10, 3, 10, 3, 30, 3, 10, 3, 10, 3, 10, 3, 10, 3, 30, 3, 10, 3]",16.85667836257309
"[10, 3, 10, 3, 10, 3, 10, 3, 30, 3, 30, 3, 10, 3, 10, 3, 30, 3, 10, 3, 10, 3, 10, 3, 10, 3, 30, 3, 10, 3]",15.106011695906465
"[10, 3, 10, 3, 10, 3, 10, 3, 30, 3, 30, 3, 10, 3, 10, 3, 30, 3, 10, 3, 10, 3, 10, 3, 10, 3, 30, 3, 10, 3]",15.484327485380112
"[10, 3, 10, 3, 10, 3, 10, 3, 30, 3, 30, 3, 10, 3, 10, 3, 30, 3, 10, 3, 10, 3, 10, 3, 10, 3, 30, 3, 10, 3]",14.997567251461973
"[10, 3, 10, 3, 10, 3, 10, 3, 30, 3, 30, 3, 10, 3, 10, 3, 30, 3, 10, 3, 10, 3, 10, 3, 10, 3, 30, 3, 10, 3]",14.370461988304058
"[10, 3, 10, 3, 10, 3, 10, 3, 30, 3, 30, 3, 10, 3, 10, 3, 30, 3, 10, 3, 10, 3, 10, 3, 10, 3, 30, 3, 10, 3]",14.188286549707565
"[10, 3, 10, 3, 10, 3, 10, 3, 30, 3, 30, 3, 10, 3, 10, 3, 30, 3, 10, 3, 10, 3, 10, 3, 10, 3, 30, 3, 10, 3]",13.909863547758329
"[10, 3, 10, 3, 10, 3, 10, 3, 30, 3, 30, 3, 10, 3, 10, 3, 30, 3, 10, 3, 10, 3, 10, 3, 10, 3, 30, 3, 10, 3]",13.928771929824537
"[10, 3, 10, 3, 10, 3, 10, 3, 30, 3, 30, 3, 10, 3, 10, 3, 30, 3, 10, 3, 10, 3, 10, 3, 10, 3, 30, 3, 10, 3]",14.950602339181328
"[10, 3, 10, 3, 10, 3, 10, 3, 30, 3, 30, 3, 10, 3, 10, 3, 30, 3, 10, 3, 10, 3, 10, 3, 10, 3, 30, 3, 10, 3]",14.769729044834328
"[10, 3, 10, 3, 10, 3, 10, 3, 30, 3, 30, 3, 10, 3, 10, 3, 30, 3, 10, 3, 10, 3, 10, 3, 10, 3, 30, 3, 10, 3]",14.795465886939574
"[10, 3, 10, 3, 10, 3, 10, 3, 30, 3, 30, 3, 10, 3, 10, 3, 30, 3, 10, 3, 10, 3, 10, 3, 10, 3, 30, 3, 10, 3]",15.149746588693931
"[10, 3, 10, 3, 10, 3, 10, 3, 30, 3, 30, 3, 10, 3, 10, 3, 30, 3, 10, 3, 10, 3, 10, 3, 10, 3, 30, 3, 10, 3]",14.398518518518525
"[10, 3, 10, 3, 10, 3, 10, 3, 30, 3, 30, 3, 10, 3, 10, 3, 30, 3, 10, 3, 10, 3, 10, 3, 10, 3, 30, 3, 10, 3]",14.929814814814813
"[10, 3, 10, 3, 10, 3, 10, 3, 30, 3, 30, 3, 10, 3, 10, 3, 30, 3, 10, 3, 10, 3, 10, 3, 10, 3, 30, 3, 10, 3]",14.962660818713417
"[10, 3, 10, 3, 10, 3, 10, 3, 30, 3, 30, 3, 10, 3, 10, 3, 30, 3, 10, 3, 10, 3, 10, 3, 10, 3, 30, 3, 10, 3]",15.973220272904543
"[10, 3, 10, 3, 10, 3, 10, 3, 30, 3, 30, 3, 10, 3, 10, 3, 30, 3, 10, 3, 10, 3, 10, 3, 10, 3, 30, 3, 10, 3]",13.605941520467812
"[10, 3, 10, 3, 10, 3, 10, 3, 30, 3, 30, 3, 10, 3, 10, 3, 30, 3, 10, 3, 10, 3, 10, 3, 10, 3, 30, 3, 10, 3]",15.022869395711526
"[10, 3, 10, 3, 10, 3, 10, 3, 30, 3, 30, 3, 10, 3, 10, 3, 30, 3, 10, 3, 10, 3, 10, 3, 10, 3, 30, 3, 10, 3]",14.837461988304062
"[10, 3, 10, 3, 10, 3, 10, 3, 30, 3, 30, 3, 10, 3, 10, 3, 30, 3, 10, 3, 10, 3, 10, 3, 10, 3, 30, 3, 10, 3]",15.184370370370381
"[10, 3, 10, 3, 10, 3, 10, 3, 30, 3, 30, 3, 10, 3, 10, 3, 30, 3, 10, 3, 10, 3, 10, 3, 10, 3, 30, 3, 10, 3]",16.658302144249493
"[10, 3, 10, 3, 10, 3, 10, 3, 30, 3, 30, 3, 10, 3, 10, 3, 30, 3, 10, 3, 10, 3, 10, 3, 10, 3, 30, 3, 10, 3]",14.39080506822615
"[10, 3, 10, 3, 10, 3, 10, 3, 30, 3, 30, 3, 10, 3, 10, 3, 30, 3, 10, 3, 10, 3, 10, 3, 10, 3, 30, 3, 10, 3]",15.340962962962964
"[10, 3, 10, 3, 10, 3, 10, 3, 30, 3, 30, 3, 10, 3, 10, 3, 30, 3, 10, 3, 10, 3, 10, 3, 10, 3, 30, 3, 10, 3]",16.289746588693962
"[10, 3, 10, 3, 10, 3, 10, 3, 30, 3, 30, 3, 10, 3, 10, 3, 30, 3, 10, 3, 10, 3, 10, 3, 10, 3, 30, 3, 10, 3]",15.831165692007794
"[10, 3, 10, 3, 10, 3, 10, 3, 30, 3, 30, 3, 10, 3, 10, 3, 30, 3, 10, 3, 10, 3, 10, 3, 10, 3, 30, 3, 10, 3]",13.798953216374258
"[10, 3, 10, 3, 10, 3, 10, 3, 30, 3, 30, 3, 10, 3, 10, 3, 30, 3, 10, 3, 10, 3, 10, 3, 10, 3, 30, 3, 10, 3]",13.54398635477582
"[10, 3, 10, 3, 10, 3, 10, 3, 30, 3, 30, 3, 10, 3, 10, 3, 30, 3, 10, 3, 10, 3, 10, 3, 10, 3, 30, 3, 10, 3]",13.862828460039015
"[10, 3, 10, 3, 10, 3, 10, 3, 30, 3, 30, 3, 10, 3, 10, 3, 30, 3, 10, 3, 10, 3, 10, 3, 10, 3, 30, 3, 10, 3]",14.071294346978556
"[10, 3, 10, 3, 10, 3, 10, 3, 30, 3, 30, 3, 10, 3, 10, 3, 30, 3, 10, 3, 10, 3, 10, 3, 10, 3, 30, 3, 10, 3]",15.891736842105267
"[10, 3, 10, 3, 10, 3, 10, 3, 30, 3, 30, 3, 10, 3, 10, 3, 30, 3, 10, 3, 10, 3, 10, 3, 10, 3, 30, 3, 10, 3]",15.523639376218364
"[10, 3, 10, 3, 10, 3, 10, 3, 30, 3, 30, 3, 10, 3, 10, 3, 30, 3, 10, 3, 10, 3, 10, 3, 10, 3, 30, 3, 10, 3]",14.788984405458066
"[10, 3, 10, 3, 10, 3, 10, 3, 30, 3, 30, 3, 10, 3, 10, 3, 30, 3, 10, 3, 10, 3, 10, 3, 10, 3, 30, 3, 10, 3]",15.500269005847924
"[10, 3, 10, 3, 10, 3, 10, 3, 30, 3, 30, 3, 10, 3, 10, 3, 30, 3, 10, 3, 10, 3, 10, 3, 10, 3, 30, 3, 10, 3]",15.424454191033128
"[10, 3, 10, 3, 10, 3, 10, 3, 30, 3, 30, 3, 10, 3, 10, 3, 30, 3, 10, 3, 10, 3, 10, 3, 10, 3, 30, 3, 10, 3]",16.548504873294345
"[10, 3, 10, 3, 10, 3, 10, 3, 30, 3, 30, 3, 10, 3, 10, 3, 30, 3, 10, 3, 10, 3, 10, 3, 10, 3, 30, 3, 10, 3]",14.772072124756347
"[10, 3, 10, 3, 10, 3, 10, 3, 30, 3, 30, 3, 10, 3, 10, 3, 30, 3, 10, 3, 10, 3, 10, 3, 10, 3, 30, 3, 10, 3]",15.146695906432752
"[10, 3, 10, 3, 10, 3, 10, 3, 30, 3, 30, 3, 10, 3, 10, 3, 30, 3, 10, 3, 10, 3, 10, 3, 10, 3, 30, 3, 10, 3]",16.47327485380115
"[10, 3, 10, 3, 10, 3, 10, 3, 30, 3, 30, 3, 10, 3, 10, 3, 30, 3, 10, 3, 10, 3, 10, 3, 10, 3, 30, 3, 10, 3]",14.065668615984361
"[10, 3, 10, 3, 10, 3, 10, 3, 30, 3, 30, 3, 10, 3, 10, 3, 30, 3, 10, 3, 10, 3, 10, 3, 10, 3, 30, 3, 10, 3]",15.081814814814777
"[10, 3, 10, 3, 10, 3, 10, 3, 30, 3, 30, 3, 10, 3, 10, 3, 30, 3, 10, 3, 10, 3, 10, 3, 10, 3, 30, 3, 10, 3]",14.690247563352864
"[10, 3, 10, 3, 10, 3, 10, 3, 30, 3, 30, 3, 10, 3, 10, 3, 30, 3, 10, 3, 10, 3, 10, 3, 10, 3, 30, 3, 10, 3]",13.754881091617913
"[10, 3, 10, 3, 10, 3, 10, 3, 30, 3, 30, 3, 10, 3, 10, 3, 30, 3, 10, 3, 10, 3, 10, 3, 10, 3, 30, 3, 10, 3]",13.657495126705664
"[10, 3, 10, 3, 10, 3, 10, 3, 30, 3, 30, 3, 10, 3, 10, 3, 30, 3, 10, 3, 10, 3, 10, 3, 10, 3, 30, 3, 10, 3]",15.37283040935672
"[10, 3, 10, 3, 10, 3, 10, 3, 30, 3, 30, 3, 10, 3, 10, 3, 30, 3, 10, 3, 10, 3, 10, 3, 10, 3, 30, 3, 10, 3]",16.050571150097493
"[10, 3, 10, 3, 10, 3, 10, 3, 30, 3, 30, 3, 10, 3, 10, 3, 30, 3, 10, 3, 10, 3, 10, 3, 10, 3, 30, 3, 10, 3]",13.719758284600351
"[10, 3, 10, 3, 10, 3, 10, 3, 30, 3, 30, 3, 10, 3, 10, 3, 30, 3, 10, 3, 10, 3, 10, 3, 10, 3, 30, 3, 10, 3]",13.539048732943463
"[10, 3, 10, 3, 10, 3, 10, 3, 30, 3, 30, 3, 10, 3, 10, 3, 30, 3, 10, 3, 10, 3, 10, 3, 10, 3, 30, 3, 10, 3]",14.712680311890852
"[10, 3, 10, 3, 10, 3, 10, 3, 30, 3, 30, 3, 10, 3, 10, 3, 30, 3, 10, 3, 10, 3, 10, 3, 10, 3, 30, 3, 10, 3]",14.931522417153982
"[10, 3, 10, 3, 10, 3, 10, 3, 30, 3, 30, 3, 10, 3, 10, 3, 30, 3, 10, 3, 10, 3, 10, 3, 10, 3, 30, 3, 10, 3]",15.27830409356725
"[10, 3, 10, 3, 10, 3, 10, 3, 30, 3, 30, 3, 10, 3, 10, 3, 30, 3, 10, 3, 10, 3, 10, 3, 10, 3, 30, 3, 10, 3]",14.022783625730947
"[10, 3, 10, 3, 10, 3, 10, 3, 30, 3, 30, 3, 10, 3, 10, 3, 30, 3, 10, 3, 10, 3, 10, 3, 10, 3, 30, 3, 10, 3]",14.521282651072113
"[10, 3, 10, 3, 10, 3, 10, 3, 30, 3, 30, 3, 10, 3, 10, 3, 30, 3, 10, 3, 10, 3, 10, 3, 10, 3, 30, 3, 10, 3]",14.366612085770024
"[10, 3, 10, 3, 10, 3, 10, 3, 30, 3, 30, 3, 10, 3, 10, 3, 30, 3, 10, 3, 10, 3, 10, 3, 10, 3, 30, 3, 10, 3]",14.17874463937621
"[10, 3, 10, 3, 10, 3, 10, 3, 30, 3, 30, 3, 10, 3, 10, 3, 30, 3, 10, 3, 10, 3, 10, 3, 10, 3, 30, 3, 10, 3]",15.425044834307943
"[10, 3, 10, 3, 10, 3, 10, 3, 30, 3, 30, 3, 10, 3, 10, 3, 30, 3, 10, 3, 10, 3, 10, 3, 10, 3, 30, 3, 10, 3]",15.468083820662748
"[10, 3, 10, 3, 10, 3, 10, 3, 30, 3, 30, 3, 10, 3, 10, 3, 30, 3, 10, 3, 10, 3, 10, 3, 10, 3, 30, 3, 10, 3]",13.824290448343092
"[10, 3, 10, 3, 10, 3, 10, 3, 30, 3, 30, 3, 10, 3, 10, 3, 30, 3, 10, 3, 10, 3, 10, 3, 10, 3, 30, 3, 10, 3]",14.750485380116967
"[10, 3, 10, 3, 10, 3, 10, 3, 30, 3, 30, 3, 10, 3, 10, 3, 30, 3, 10, 3, 10, 3, 10, 3, 10, 3, 30, 3, 10, 3]",15.301233918128698
"[10, 3, 10, 3, 10, 3, 10, 3, 30, 3, 30, 3, 10, 3, 10, 3, 30, 3, 10, 3, 10, 3, 10, 3, 10, 3, 30, 3, 10, 3]",14.618072124756361
"[10, 3, 10, 3, 10, 3, 10, 3, 30, 3, 30, 3, 10, 3, 10, 3, 30, 3, 10, 3, 10, 3, 10, 3, 10, 3, 30, 3, 10, 3]",13.88483235867447
"[10, 3, 10, 3, 10, 3, 10, 3, 30, 3, 30, 3, 10, 3, 10, 3, 30, 3, 10, 3, 10, 3, 10, 3, 10, 3, 30, 3, 10, 3]",16.02273684210525
"[10, 3, 10, 3, 10, 3, 10, 3, 30, 3, 30, 3, 10, 3, 10, 3, 30, 3, 10, 3, 10, 3, 10, 3, 10, 3, 30, 3, 10, 3]",15.451454191033125
"[10, 3, 10, 3, 10, 3, 10, 3, 30, 3, 30, 3, 10, 3, 10, 3, 30, 3, 10, 3, 10, 3, 10, 3, 10, 3, 30, 3, 10, 3]",16.26444834307989
"[10, 3, 10, 3, 10, 3, 10, 3, 30, 3, 30, 3, 10, 3, 10, 3, 30, 3, 10, 3, 10, 3, 10, 3, 10, 3, 30, 3, 10, 3]",13.956978557504844
"[10, 3, 10, 3, 10, 3, 10, 3, 30, 3, 30, 3, 10, 3, 10, 3, 30, 3, 10, 3, 10, 3, 10, 3, 10, 3, 30, 3, 10, 3]",15.02275633528266
"[10, 3, 10, 3, 10, 3, 10, 3, 30, 3, 30, 3, 10, 3, 10, 3, 30, 3, 10, 3, 10, 3, 10, 3, 10, 3, 30, 3, 10, 3]",15.297949317738826
"[10, 3, 10, 3, 10, 3, 10, 3, 30, 3, 30, 3, 10, 3, 10, 3, 30, 3, 10, 3, 10, 3, 10, 3, 10, 3, 30, 3, 10, 3]",15.350426900584775
"[10, 3, 10, 3, 10, 3, 10, 3, 30, 3, 30, 3, 10, 3, 10, 3, 30, 3, 10, 3, 10, 3, 10, 3, 10, 3, 30, 3, 10, 3]",15.36321832358674
"[10, 3, 10, 3, 10, 3, 10, 3, 30, 3, 30, 3, 10, 3, 10, 3, 30, 3, 10, 3, 10, 3, 10, 3, 10, 3, 30, 3, 10, 3]",15.657787524366464
"[10, 3, 10, 3, 10, 3, 10, 3, 30, 3, 30, 3, 10, 3, 10, 3, 30, 3, 10, 3, 10, 3, 10, 3, 10, 3, 30, 3, 10, 3]",14.844120857699792
"[10, 3, 10, 3, 10, 3, 10, 3, 30, 3, 30, 3, 10, 3, 10, 3, 30, 3, 10, 3, 10, 3, 10, 3, 10, 3, 30, 3, 10, 3]",14.928863547758288
"[10, 3, 10, 3, 10, 3, 10, 3, 30, 3, 30, 3, 10, 3, 10, 3, 30, 3, 10, 3, 10, 3, 10, 3, 10, 3, 30, 3, 10, 3]",12.233855750487324
"[10, 3, 10, 3, 10, 3, 10, 3, 30, 3, 30, 3, 10, 3, 10, 3, 30, 3, 10, 3, 10, 3, 10, 3, 10, 3, 30, 3, 10, 3]",15.469797270955166
"[10, 3, 10, 3, 10, 3, 10, 3, 30, 3, 30, 3, 10, 3, 10, 3, 30, 3, 10, 3, 10, 3, 10, 3, 10, 3, 30, 3, 10, 3]",14.154925925925903
"[10, 3, 10, 3, 10, 3, 10, 3, 30, 3, 30, 3, 10, 3, 10, 3, 30, 3, 10, 3, 10, 3, 10, 3, 10, 3, 30, 3, 10, 3]",13.961306042884969
"[10, 3, 10, 3, 10, 3, 10, 3, 30, 3, 30, 3, 10, 3, 10, 3, 30, 3, 10, 3, 10, 3, 10, 3, 10, 3, 30, 3, 10, 3]",16.181614035087698
"[10, 3, 10, 3, 10, 3, 10, 3, 30, 3, 30, 3, 10, 3, 10, 3, 30, 3, 10, 3, 10, 3, 10, 3, 10, 3, 30, 3, 10, 3]",14.133368421052644
"[10, 3, 10, 3, 10, 3, 10, 3, 30, 3, 30, 3, 10, 3, 10, 3, 30, 3, 10, 3, 10, 3, 10, 3, 10, 3, 30, 3, 10, 3]",14.130460038986385
"[10, 3, 10, 3, 10, 3, 10, 3, 30, 3, 30, 3, 10, 3, 10, 3, 30, 3, 10, 3, 10, 3, 10, 3, 10, 3, 30, 3, 10, 3]",14.96622222222221
"[10, 3, 10, 3, 10, 3, 10, 3, 30, 3, 30, 3, 10, 3, 10, 3, 30, 3, 10, 3, 10, 3, 10, 3, 10, 3, 30, 3, 10, 3]",14.4851072124756
"[10, 3, 10, 3, 10, 3, 10, 3, 30, 3, 30, 3, 10, 3, 10, 3, 30, 3, 10, 3, 10, 3, 10, 3, 10, 3, 30, 3, 10, 3]",13.828290448343086
"[10, 3, 10, 3, 10, 3, 10, 3, 30, 3, 30, 3, 10, 3, 10, 3, 30, 3, 10, 3, 10, 3, 10, 3, 10, 3, 30, 3, 10, 3]",14.247526315789482
"[10, 3, 10, 3, 10, 3, 10, 3, 30, 3, 30, 3, 10, 3, 10, 3, 30, 3, 10, 3, 10, 3, 10, 3, 10, 3, 30, 3, 10, 3]",14.48711695906435
"[10, 3, 10, 3, 10, 3, 10, 3, 30, 3, 30, 3, 10, 3, 10, 3, 30, 3, 10, 3, 10, 3, 10, 3, 10, 3, 30, 3, 10, 3]",15.286011695906412
"[10, 3, 10, 3, 10, 3, 10, 3, 30, 3, 30, 3, 10, 3, 10, 3, 30, 3, 10, 3, 10, 3, 10, 3, 10, 3, 30, 3, 10, 3]",15.501672514619917
"[10, 3, 10, 3, 10, 3, 10, 3, 30, 3, 30, 3, 10, 3, 10, 3, 30, 3, 10, 3, 10, 3, 10, 3, 10, 3, 30, 3, 10, 3]",14.268323586744605
"[10, 3, 10, 3, 10, 3, 10, 3, 30, 3, 30, 3, 10, 3, 10, 3, 30, 3, 10, 3, 10, 3, 10, 3, 10, 3, 30, 3, 10, 3]",15.195951267056504
"[10, 3, 10, 3, 10, 3, 10, 3, 30, 3, 30, 3, 10, 3, 10, 3, 30, 3, 10, 3, 10, 3, 10, 3, 10, 3, 30, 3, 10, 3]",14.789294346978563
"[10, 3, 10, 3, 10, 3, 10, 3, 30, 3, 30, 3, 10, 3, 10, 3, 30, 3, 10, 3, 10, 3, 10, 3, 10, 3, 30, 3, 10, 3]",15.15130019493175
"[10, 3, 10, 3, 10, 3, 10, 3, 30, 3, 30, 3, 10, 3, 10, 3, 30, 3, 10, 3, 10, 3, 10, 3, 10, 3, 30, 3, 10, 3]",16.045187134502953
"[10, 3, 10, 3, 10, 3, 10, 3, 30, 3, 30, 3, 10, 3, 10, 3, 30, 3, 10, 3, 10, 3, 10, 3, 10, 3, 30, 3, 10, 3]",15.696990253411297
"[10, 3, 10, 3, 10, 3, 10, 3, 30, 3, 30, 3, 10, 3, 10, 3, 30, 3, 10, 3, 10, 3, 10, 3, 10, 3, 30, 3, 10, 3]",15.125814814814811
"[10, 3, 10, 3, 10, 3, 10, 3, 30, 3, 30, 3, 10, 3, 10, 3, 30, 3, 10, 3, 10, 3, 10, 3, 10, 3, 30, 3, 10, 3]",15.025633528265107
"[10, 3, 10, 3, 10, 3, 10, 3, 30, 3, 30, 3, 10, 3, 10, 3, 30, 3, 10, 3, 10, 3, 10, 3, 10, 3, 30, 3, 10, 3]",15.715087719298266
"[10, 3, 10, 3, 10, 3, 10, 3, 30, 3, 30, 3, 10, 3, 10, 3, 30, 3, 10, 3, 10, 3, 10, 3, 10, 3, 30, 3, 10, 3]",14.363617933723214
"[10, 3, 10, 3, 10, 3, 10, 3, 30, 3, 30, 3, 10, 3, 10, 3, 30, 3, 10, 3, 10, 3, 10, 3, 10, 3, 30, 3, 10, 3]",15.4194463937622
"[10, 3, 10, 3, 10, 3, 10, 3, 30, 3, 30, 3, 10, 3, 10, 3, 30, 3, 10, 3, 10, 3, 10, 3, 10, 3, 30, 3, 10, 3]",15.004832358674486
"[10, 3, 10, 3, 10, 3, 10, 3, 30, 3, 30, 3, 10, 3, 10, 3, 30, 3, 10, 3, 10, 3, 10, 3, 10, 3, 30, 3, 10, 3]",14.957423001949303
"[10, 3, 10, 3, 10, 3, 10, 3, 30, 3, 30, 3, 10, 3, 10, 3, 30, 3, 10, 3, 10, 3, 10, 3, 10, 3, 30, 3, 10, 3]",16.392812865497053
"[10, 3, 10, 3, 10, 3, 10, 3, 30, 3, 30, 3, 10, 3, 10, 3, 30, 3, 10, 3, 10, 3, 10, 3, 10, 3, 30, 3, 10, 3]",16.21888304093571
"[10, 3, 10, 3, 10, 3, 10, 3, 30, 3, 30, 3, 10, 3, 10, 3, 30, 3, 10, 3, 10, 3, 10, 3, 10, 3, 30, 3, 10, 3]",15.262766081871376
"[10, 3, 10, 3, 10, 3, 10, 3, 30, 3, 30, 3, 10, 3, 10, 3, 30, 3, 10, 3, 10, 3, 10, 3, 10, 3, 30, 3, 10, 3]",14.94223586744639
"[10, 3, 10, 3, 10, 3, 10, 3, 30, 3, 30, 3, 10, 3, 10, 3, 30, 3, 10, 3, 10, 3, 10, 3, 10, 3, 30, 3, 10, 3]",16.089543859649115
"[10, 3, 10, 3, 10, 3, 10, 3, 30, 3, 30, 3, 10, 3, 10, 3, 30, 3, 10, 3, 10, 3, 10, 3, 10, 3, 30, 3, 10, 3]",15.555756335282664
"[10, 3, 10, 3, 10, 3, 10, 3, 30, 3, 30, 3, 10, 3, 10, 3, 30, 3, 10, 3, 10, 3, 10, 3, 10, 3, 30, 3, 10, 3]",16.017508771929812
"[10, 3, 10, 3, 10, 3, 10, 3, 30, 3, 30, 3, 10, 3, 10, 3, 30, 3, 10, 3, 10, 3, 10, 3, 10, 3, 30, 3, 10, 3]",15.53314035087721
"[10, 3, 10, 3, 10, 3, 10, 3, 30, 3, 30, 3, 10, 3, 10, 3, 30, 3, 10, 3, 10, 3, 10, 3, 10, 3, 30, 3, 10, 3]",13.853288499025334
"[10, 3, 10, 3, 10, 3, 10, 3, 30, 3, 30, 3, 10, 3, 10, 3, 30, 3, 10, 3, 10, 3, 10, 3, 10, 3, 30, 3, 10, 3]",15.331458089668626
"[10, 3, 10, 3, 10, 3, 10, 3, 30, 3, 30, 3, 10, 3, 10, 3, 30, 3, 10, 3, 10, 3, 10, 3, 10, 3, 30, 3, 10, 3]",14.359428849902553
"[10, 3, 10, 3, 10, 3, 10, 3, 30, 3, 30, 3, 10, 3, 10, 3, 30, 3, 10, 3, 10, 3, 10, 3, 10, 3, 30, 3, 10, 3]",15.068411306042869
"[10, 3, 10, 3, 10, 3, 10, 3, 30, 3, 30, 3, 10, 3, 10, 3, 30, 3, 10, 3, 10, 3, 10, 3, 10, 3, 30, 3, 10, 3]",15.443846003898653
"[10, 3, 10, 3, 10, 3, 10, 3, 30, 3, 30, 3, 10, 3, 10, 3, 30, 3, 10, 3, 10, 3, 10, 3, 10, 3, 30, 3, 10, 3]",12.884269005847981
"[10, 3, 10, 3, 10, 3, 10, 3, 30, 3, 30, 3, 10, 3, 10, 3, 30, 3, 10, 3, 10, 3, 10, 3, 10, 3, 30, 3, 10, 3]",15.550653021442471
"[10, 3, 10, 3, 10, 3, 10, 3, 30, 3, 30, 3, 10, 3, 10, 3, 30, 3, 10, 3, 10, 3, 10, 3, 10, 3, 30, 3, 10, 3]",14.18506627680316
"[10, 3, 10, 3, 10, 3, 10, 3, 30, 3, 30, 3, 10, 3, 10, 3, 30, 3, 10, 3, 10, 3, 10, 3, 10, 3, 30, 3, 10, 3]",13.30959649122803
"[10, 3, 10, 3, 10, 3, 10, 3, 30, 3, 30, 3, 10, 3, 10, 3, 30, 3, 10, 3, 10, 3, 10, 3, 10, 3, 30, 3, 10, 3]",14.576863547758288
"[10, 3, 10, 3, 10, 3, 10, 3, 30, 3, 30, 3, 10, 3, 10, 3, 30, 3, 10, 3, 10, 3, 10, 3, 10, 3, 30, 3, 10, 3]",13.244906432748541
"[10, 3, 10, 3, 10, 3, 10, 3, 30, 3, 30, 3, 10, 3, 10, 3, 30, 3, 10, 3, 10, 3, 10, 3, 10, 3, 30, 3, 10, 3]",14.67847173489279
"[10, 3, 10, 3, 10, 3, 10, 3, 30, 3, 30, 3, 10, 3, 10, 3, 30, 3, 10, 3, 10, 3, 10, 3, 10, 3, 30, 3, 10, 3]",13.860947368421051
"[10, 3, 10, 3, 10, 3, 10, 3, 30, 3, 30, 3, 10, 3, 10, 3, 30, 3, 10, 3, 10, 3, 10, 3, 10, 3, 30, 3, 10, 3]",13.426089668615985
"[10, 3, 10, 3, 10, 3, 10, 3, 30, 3, 30, 3, 10, 3, 10, 3, 30, 3, 10, 3, 10, 3, 10, 3, 10, 3, 30, 3, 10, 3]",15.105173489278744
"[10, 3, 10, 3, 10, 3, 10, 3, 30, 3, 30, 3, 10, 3, 10, 3, 30, 3, 10, 3, 10, 3, 10, 3, 10, 3, 30, 3, 10, 3]",14.140984405458079
"[10, 3, 10, 3, 10, 3, 10, 3, 30, 3, 30, 3, 10, 3, 10, 3, 30, 3, 10, 3, 10, 3, 10, 3, 10, 3, 30, 3, 10, 3]",14.476035087719305
"[10, 3, 10, 3, 10, 3, 10, 3, 30, 3, 30, 3, 10, 3, 10, 3, 30, 3, 10, 3, 10, 3, 10, 3, 10, 3, 30, 3, 10, 3]",15.352779727095493
"[10, 3, 10, 3, 10, 3, 10, 3, 30, 3, 30, 3, 10, 3, 10, 3, 30, 3, 10, 3, 10, 3, 10, 3, 10, 3, 30, 3, 10, 3]",14.072475633528239
"[10, 3, 10, 3, 10, 3, 10, 3, 30, 3, 30, 3, 10, 3, 10, 3, 30, 3, 10, 3, 10, 3, 10, 3, 10, 3, 30, 3, 10, 3]",13.696727095516557
"[10, 3, 10, 3, 10, 3, 10, 3, 30, 3, 30, 3, 10, 3, 10, 3, 30, 3, 10, 3, 10, 3, 10, 3, 10, 3, 30, 3, 10, 3]",15.332536062378175
"[10, 3, 10, 3, 10, 3, 10, 3, 30, 3, 30, 3, 10, 3, 10, 3, 30, 3, 10, 3, 10, 3, 10, 3, 10, 3, 30, 3, 10, 3]",15.599816764132568
"[10, 3, 10, 3, 10, 3, 10, 3, 30, 3, 30, 3, 10, 3, 10, 3, 30, 3, 10, 3, 10, 3, 10, 3, 10, 3, 30, 3, 10, 3]",15.347828460038993
"[10, 3, 10, 3, 10, 3, 10, 3, 30, 3, 30, 3, 10, 3, 10, 3, 30, 3, 10, 3, 10, 3, 10, 3, 10, 3, 30, 3, 10, 3]",14.061345029239765
"[10, 3, 10, 3, 10, 3, 10, 3, 30, 3, 30, 3, 10, 3, 10, 3, 30, 3, 10, 3, 10, 3, 10, 3, 10, 3, 30, 3, 10, 3]",14.950021442495116
"[10, 3, 10, 3, 10, 3, 10, 3, 30, 3, 30, 3, 10, 3, 10, 3, 30, 3, 10, 3, 10, 3, 10, 3, 10, 3, 30, 3, 10, 3]",15.060171539961011
"[10, 3, 10, 3, 10, 3, 10, 3, 30, 3, 30, 3, 10, 3, 10, 3, 30, 3, 10, 3, 10, 3, 10, 3, 10, 3, 30, 3, 10, 3]",14.838625730994162
"[10, 3, 10, 3, 10, 3, 10, 3, 30, 3, 30, 3, 10, 3, 10, 3, 30, 3, 10, 3, 10, 3, 10, 3, 10, 3, 30, 3, 10, 3]",15.232019493177399
"[10, 3, 10, 3, 10, 3, 10, 3, 30, 3, 30, 3, 10, 3, 10, 3, 30, 3, 10, 3, 10, 3, 10, 3, 10, 3, 30, 3, 10, 3]",16.330900584795277
"[10, 3, 10, 3, 10, 3, 10, 3, 30, 3, 30, 3, 10, 3, 10, 3, 30, 3, 10, 3, 10, 3, 10, 3, 10, 3, 30, 3, 10, 3]",14.971241715399657
"[10, 3, 10, 3, 10, 3, 10, 3, 30, 3, 30, 3, 10, 3, 10, 3, 30, 3, 10, 3, 10, 3, 10, 3, 10, 3, 30, 3, 10, 3]",15.95252046783624
"[10, 3, 10, 3, 10, 3, 10, 3, 30, 3, 30, 3, 10, 3, 10, 3, 30, 3, 10, 3, 10, 3, 10, 3, 10, 3, 30, 3, 10, 3]",14.629978557504861
"[10, 3, 10, 3, 10, 3, 10, 3, 30, 3, 30, 3, 10, 3, 10, 3, 30, 3, 10, 3, 10, 3, 10, 3, 10, 3, 30, 3, 10, 3]",15.258173489278766
"[10, 3, 10, 3, 10, 3, 10, 3, 30, 3, 30, 3, 10, 3, 10, 3, 30, 3, 10, 3, 10, 3, 10, 3, 10, 3, 30, 3, 10, 3]",14.913799220272933
"[10, 3, 10, 3, 10, 3, 10, 3, 30, 3, 30, 3, 10, 3, 10, 3, 30, 3, 10, 3, 10, 3, 10, 3, 10, 3, 30, 3, 10, 3]",14.928688109161758
"[10, 3, 10, 3, 10, 3, 10, 3, 30, 3, 30, 3, 10, 3, 10, 3, 30, 3, 10, 3, 10, 3, 10, 3, 10, 3, 30, 3, 10, 3]",14.588148148148134
"[10, 3, 10, 3, 10, 3, 10, 3, 30, 3, 30, 3, 10, 3, 10, 3, 30, 3, 10, 3, 10, 3, 10, 3, 10, 3, 30, 3, 10, 3]",15.245319688109173
"[10, 3, 10, 3, 10, 3, 10, 3, 30, 3, 30, 3, 10, 3, 10, 3, 30, 3, 10, 3, 10, 3, 10, 3, 10, 3, 30, 3, 10, 3]",15.38762378167641
"[10, 3, 10, 3, 10, 3, 10, 3, 30, 3, 30, 3, 10, 3, 10, 3, 30, 3, 10, 3, 10, 3, 10, 3, 10, 3, 30, 3, 10, 3]",15.888374269005807
"[10, 3, 10, 3, 10, 3, 10, 3, 30, 3, 30, 3, 10, 3, 10, 3, 30, 3, 10, 3, 10, 3, 10, 3, 10, 3, 30, 3, 10, 3]",13.909079922027274
"[10, 3, 10, 3, 10, 3, 10, 3, 30, 3, 30, 3, 10, 3, 10, 3, 30, 3, 10, 3, 10, 3, 10, 3, 10, 3, 30, 3, 10, 3]",13.052491228070187
"[10, 3, 10, 3, 10, 3, 10, 3, 30, 3, 30, 3, 10, 3, 10, 3, 30, 3, 10, 3, 10, 3, 10, 3, 10, 3, 30, 3, 10, 3]",13.586510721247548
"[10, 3, 10, 3, 10, 3, 10, 3, 30, 3, 30, 3, 10, 3, 10, 3, 30, 3, 10, 3, 10, 3, 10, 3, 10, 3, 30, 3, 10, 3]",14.296389863547768
"[10, 3, 10, 3, 10, 3, 10, 3, 30, 3, 30, 3, 10, 3, 10, 3, 30, 3, 10, 3, 10, 3, 10, 3, 10, 3, 30, 3, 10, 3]",14.985130604288475
"[10, 3, 10, 3, 10, 3, 10, 3, 30, 3, 30, 3, 10, 3, 10, 3, 30, 3, 10, 3, 10, 3, 10, 3, 10, 3, 30, 3, 10, 3]",14.654035087719306
"[10, 3, 10, 3, 10, 3, 10, 3, 30, 3, 30, 3, 10, 3, 10, 3, 30, 3, 10, 3, 10, 3, 10, 3, 10, 3, 30, 3, 10, 3]",13.887744639376207
"[10, 3, 10, 3, 10, 3, 10, 3, 30, 3, 30, 3, 10, 3, 10, 3, 30, 3, 10, 3, 10, 3, 10, 3, 10, 3, 30, 3, 10, 3]",15.454588693957108
"[10, 3, 10, 3, 10, 3, 10, 3, 30, 3, 30, 3, 10, 3, 10, 3, 30, 3, 10, 3, 10, 3, 10, 3, 10, 3, 30, 3, 10, 3]",15.246693957115
"[10, 3, 10, 3, 10, 3, 10, 3, 30, 3, 30, 3, 10, 3, 10, 3, 30, 3, 10, 3, 10, 3, 10, 3, 10, 3, 30, 3, 10, 3]",14.769364522417135
"[10, 3, 10, 3, 10, 3, 10, 3, 30, 3, 30, 3, 10, 3, 10, 3, 30, 3, 10, 3, 10, 3, 10, 3, 10, 3, 30, 3, 10, 3]",13.790838206627678
"[10, 3, 10, 3, 10, 3, 10, 3, 30, 3, 30, 3, 10, 3, 10, 3, 30, 3, 10, 3, 10, 3, 10, 3, 10, 3, 30, 3, 10, 3]",15.47092787524366
"[10, 3, 10, 3, 10, 3, 10, 3, 30, 3, 30, 3, 10, 3, 10, 3, 30, 3, 10, 3, 10, 3, 10, 3, 10, 3, 30, 3, 10, 3]",15.270413255360646
"[10, 3, 10, 3, 10, 3, 10, 3, 30, 3, 30, 3, 10, 3, 10, 3, 30, 3, 10, 3, 10, 3, 10, 3, 10, 3, 30, 3, 10, 3]",14.378296296296273
"[10, 3, 10, 3, 10, 3, 10, 3, 30, 3, 30, 3, 10, 3, 10, 3, 30, 3, 10, 3, 10, 3, 10, 3, 10, 3, 30, 3, 10, 3]",14.850009746588633
"[10, 3, 10, 3, 10, 3, 10, 3, 30, 3, 30, 3, 10, 3, 10, 3, 30, 3, 10, 3, 10, 3, 10, 3, 10, 3, 30, 3, 10, 3]",15.451382066276791
"[10, 3, 10, 3, 10, 3, 10, 3, 30, 3, 30, 3, 10, 3, 10, 3, 30, 3, 10, 3, 10, 3, 10, 3, 10, 3, 30, 3, 10, 3]",14.263785575048706
"[10, 3, 10, 3, 10, 3, 10, 3, 30, 3, 30, 3, 10, 3, 10, 3, 30, 3, 10, 3, 10, 3, 10, 3, 10, 3, 30, 3, 10, 3]",15.391678362573112
"[10, 3, 10, 3, 10, 3, 10, 3, 30, 3, 30, 3, 10, 3, 10, 3, 30, 3, 10, 3, 10, 3, 10, 3, 10, 3, 30, 3, 10, 3]",14.23016569200778
"[10, 3, 10, 3, 10, 3, 10, 3, 30, 3, 30, 3, 10, 3, 10, 3, 30, 3, 10, 3, 10, 3, 10, 3, 10, 3, 30, 3, 10, 3]",13.329230019493188
"[10, 3, 10, 3, 10, 3, 10, 3, 30, 3, 30, 3, 10, 3, 10, 3, 30, 3, 10, 3, 10, 3, 10, 3, 10, 3, 30, 3, 10, 3]",13.892538011695883
"[10, 3, 10, 3, 10, 3, 10, 3, 30, 3, 30, 3, 10, 3, 10, 3, 30, 3, 10, 3, 10, 3, 10, 3, 10, 3, 30, 3, 10, 3]",15.689832358674462
"[10, 3, 10, 3, 10, 3, 10, 3, 30, 3, 30, 3, 10, 3, 10, 3, 30, 3, 10, 3, 10, 3, 10, 3, 10, 3, 30, 3, 10, 3]",13.167736842105272
"[10, 3, 10, 3, 10, 3, 10, 3, 30, 3, 30, 3, 10, 3, 10, 3, 30, 3, 10, 3, 10, 3, 10, 3, 10, 3, 30, 3, 10, 3]",16.130148148148173
"[10, 3, 10, 3, 10, 3, 10, 3, 30, 3, 30, 3, 10, 3, 10, 3, 30, 3, 10, 3, 10, 3, 10, 3, 10, 3, 30, 3, 10, 3]",13.755754385964897
"[10, 3, 10, 3, 10, 3, 10, 3, 30, 3, 30, 3, 10, 3, 10, 3, 30, 3, 10, 3, 10, 3, 10, 3, 10, 3, 30, 3, 10, 3]",14.25263157894739
"[10, 3, 10, 3, 10, 3, 10, 3, 30, 3, 30, 3, 10, 3, 10, 3, 30, 3, 10, 3, 10, 3, 10, 3, 10, 3, 30, 3, 10, 3]",14.743762183235832
"[10, 3, 10, 3, 10, 3, 10, 3, 30, 3, 30, 3, 10, 3, 10, 3, 30, 3, 10, 3, 10, 3, 10, 3, 10, 3, 30, 3, 10, 3]",15.29385769980505
"[10, 3, 10, 3, 10, 3, 10, 3, 30, 3, 30, 3, 10, 3, 10, 3, 30, 3, 10, 3, 10, 3, 10, 3, 10, 3, 30, 3, 10, 3]",15.474982456140333
"[10, 3, 10, 3, 10, 3, 10, 3, 30, 3, 30, 3, 10, 3, 10, 3, 30, 3, 10, 3, 10, 3, 10, 3, 10, 3, 30, 3, 10, 3]",14.293881091617953
"[10, 3, 10, 3, 10, 3, 10, 3, 30, 3, 30, 3, 10, 3, 10, 3, 30, 3, 10, 3, 10, 3, 10, 3, 10, 3, 30, 3, 10, 3]",13.320793372319695
"[10, 3, 10, 3, 10, 3, 10, 3, 30, 3, 30, 3, 10, 3, 10, 3, 30, 3, 10, 3, 10, 3, 10, 3, 10, 3, 30, 3, 10, 3]",13.581715399610147
"[10, 3, 10, 3, 10, 3, 10, 3, 30, 3, 30, 3, 10, 3, 10, 3, 30, 3, 10, 3, 10, 3, 10, 3, 10, 3, 30, 3, 10, 3]",15.118007797270948
"[10, 3, 10, 3, 10, 3, 10, 3, 30, 3, 30, 3, 10, 3, 10, 3, 30, 3, 10, 3, 10, 3, 10, 3, 10, 3, 30, 3, 10, 3]",15.869471734892773
"[10, 3, 10, 3, 10, 3, 10, 3, 30, 3, 30, 3, 10, 3, 10, 3, 30, 3, 10, 3, 10, 3, 10, 3, 10, 3, 30, 3, 10, 3]",14.10098245614034
"[10, 3, 10, 3, 10, 3, 10, 3, 30, 3, 30, 3, 10, 3, 10, 3, 30, 3, 10, 3, 10, 3, 10, 3, 10, 3, 30, 3, 10, 3]",14.036625730994134
"[10, 3, 10, 3, 10, 3, 10, 3, 30, 3, 30, 3, 10, 3, 10, 3, 30, 3, 10, 3, 10, 3, 10, 3, 10, 3, 30, 3, 10, 3]",14.889335282651075
"[10, 3, 10, 3, 10, 3, 10, 3, 30, 3, 30, 3, 10, 3, 10, 3, 30, 3, 10, 3, 10, 3, 10, 3, 10, 3, 30, 3, 10, 3]",15.991695906432787
"[10, 3, 10, 3, 10, 3, 10, 3, 30, 3, 30, 3, 10, 3, 10, 3, 30, 3, 10, 3, 10, 3, 10, 3, 10, 3, 30, 3, 10, 3]",14.916736842105275
"[10, 3, 10, 3, 10, 3, 10, 3, 30, 3, 30, 3, 10, 3, 10, 3, 30, 3, 10, 3, 10, 3, 10, 3, 10, 3, 30, 3, 10, 3]",14.70393177387912
"[10, 3, 10, 3, 10, 3, 10, 3, 30, 3, 30, 3, 10, 3, 10, 3, 30, 3, 10, 3, 10, 3, 10, 3, 10, 3, 30, 3, 10, 3]",14.866789473684246
"[10, 3, 10, 3, 10, 3, 10, 3, 30, 3, 30, 3, 10, 3, 10, 3, 30, 3, 10, 3, 10, 3, 10, 3, 10, 3, 30, 3, 10, 3]",16.816688109161834
"[10, 3, 10, 3, 10, 3, 10, 3, 30, 3, 30, 3, 10, 3, 10, 3, 30, 3, 10, 3, 10, 3, 10, 3, 10, 3, 30, 3, 10, 3]",13.80757115009745
"[10, 3, 10, 3, 10, 3, 10, 3, 30, 3, 30, 3, 10, 3, 10, 3, 30, 3, 10, 3, 10, 3, 10, 3, 10, 3, 30, 3, 10, 3]",16.05958089668617
"[10, 3, 10, 3, 10, 3, 10, 3, 30, 3, 30, 3, 10, 3, 10, 3, 30, 3, 10, 3, 10, 3, 10, 3, 10, 3, 30, 3, 10, 3]",15.542319688109199
"[10, 3, 10, 3, 10, 3, 10, 3, 30, 3, 30, 3, 10, 3, 10, 3, 30, 3, 10, 3, 10, 3, 10, 3, 10, 3, 30, 3, 10, 3]",15.136007797270953
"[10, 3, 10, 3, 10, 3, 10, 3, 30, 3, 30, 3, 10, 3, 10, 3, 30, 3, 10, 3, 10, 3, 10, 3, 10, 3, 30, 3, 10, 3]",14.903387914230011
"[10, 3, 10, 3, 10, 3, 10, 3, 30, 3, 30, 3, 10, 3, 10, 3, 30, 3, 10, 3, 10, 3, 10, 3, 10, 3, 30, 3, 10, 3]",14.33729044834308
"[10, 3, 10, 3, 10, 3, 10, 3, 30, 3, 30, 3, 10, 3, 10, 3, 30, 3, 10, 3, 10, 3, 10, 3, 10, 3, 30, 3, 10, 3]",12.97001169590643
"[10, 3, 10, 3, 10, 3, 10, 3, 30, 3, 30, 3, 10, 3, 10, 3, 30, 3, 10, 3, 10, 3, 10, 3, 10, 3, 30, 3, 10, 3]",14.463884990253396
"[10, 3, 10, 3, 10, 3, 10, 3, 30, 3, 30, 3, 10, 3, 10, 3, 30, 3, 10, 3, 10, 3, 10, 3, 10, 3, 30, 3, 10, 3]",15.963415204678348
"[10, 3, 10, 3, 10, 3, 10, 3, 30, 3, 30, 3, 10, 3, 10, 3, 30, 3, 10, 3, 10, 3, 10, 3, 10, 3, 30, 3, 10, 3]",14.047760233918096
"[10, 3, 10, 3, 10, 3, 10, 3, 30, 3, 30, 3, 10, 3, 10, 3, 30, 3, 10, 3, 10, 3, 10, 3, 10, 3, 30, 3, 10, 3]",15.19972319688111
"[10, 3, 10, 3, 10, 3, 10, 3, 30, 3, 30, 3, 10, 3, 10, 3, 30, 3, 10, 3, 10, 3, 10, 3, 10, 3, 30, 3, 10, 3]",16.094343079922016
"[10, 3, 10, 3, 10, 3, 10, 3, 30, 3, 30, 3, 10, 3, 10, 3, 30, 3, 10, 3, 10, 3, 10, 3, 10, 3, 30, 3, 10, 3]",15.280588693957093
"[10, 3, 10, 3, 10, 3, 10, 3, 30, 3, 30, 3, 10, 3, 10, 3, 30, 3, 10, 3, 10, 3, 10, 3, 10, 3, 30, 3, 10, 3]",12.435222222222231
"[10, 3, 10, 3, 10, 3, 10, 3, 30, 3, 30, 3, 10, 3, 10, 3, 30, 3, 10, 3, 10, 3, 10, 3, 10, 3, 30, 3, 10, 3]",15.477331384015564
"[10, 3, 10, 3, 10, 3, 10, 3, 30, 3, 30, 3, 10, 3, 10, 3, 30, 3, 10, 3, 10, 3, 10, 3, 10, 3, 30, 3, 10, 3]",13.921678362573129
"[10, 3, 10, 3, 10, 3, 10, 3, 30, 3, 30, 3, 10, 3, 10, 3, 30, 3, 10, 3, 10, 3, 10, 3, 10, 3, 30, 3, 10, 3]",15.667323586744665
"[10, 3, 10, 3, 10, 3, 10, 3, 30, 3, 30, 3, 10, 3, 10, 3, 30, 3, 10, 3, 10, 3, 10, 3, 10, 3, 30, 3, 10, 3]",13.677319688109165
"[10, 3, 10, 3, 10, 3, 10, 3, 30, 3, 30, 3, 10, 3, 10, 3, 30, 3, 10, 3, 10, 3, 10, 3, 10, 3, 30, 3, 10, 3]",15.639064327485356
"[10, 3, 10, 3, 10, 3, 10, 3, 30, 3, 30, 3, 10, 3, 10, 3, 30, 3, 10, 3, 10, 3, 10, 3, 10, 3, 30, 3, 10, 3]",14.576479532163729
"[10, 3, 10, 3, 10, 3, 10, 3, 30, 3, 30, 3, 10, 3, 10, 3, 30, 3, 10, 3, 10, 3, 10, 3, 10, 3, 30, 3, 10, 3]",13.363138401559462
"[10, 3, 10, 3, 10, 3, 10, 3, 30, 3, 30, 3, 10, 3, 10, 3, 30, 3, 10, 3, 10, 3, 10, 3, 10, 3, 30, 3, 10, 3]",14.218284600389858
"[10, 3, 10, 3, 10, 3, 10, 3, 30, 3, 30, 3, 10, 3, 10, 3, 30, 3, 10, 3, 10, 3, 10, 3, 10, 3, 30, 3, 10, 3]",15.259120857699832
"[10, 3, 10, 3, 10, 3, 10, 3, 30, 3, 30, 3, 10, 3, 10, 3, 30, 3, 10, 3, 10, 3, 10, 3, 10, 3, 30, 3, 10, 3]",15.174631578947356
"[10, 3, 10, 3, 10, 3, 10, 3, 30, 3, 30, 3, 10, 3, 10, 3, 30, 3, 10, 3, 10, 3, 10, 3, 10, 3, 30, 3, 10, 3]",13.99568031189079
"[10, 3, 10, 3, 10, 3, 10, 3, 30, 3, 30, 3, 10, 3, 10, 3, 30, 3, 10, 3, 10, 3, 10, 3, 10, 3, 30, 3, 10, 3]",14.19447173489278
"[10, 3, 10, 3, 10, 3, 10, 3, 30, 3, 30, 3, 10, 3, 10, 3, 30, 3, 10, 3, 10, 3, 10, 3, 10, 3, 30, 3, 10, 3]",14.942623781676398
"[10, 3, 10, 3, 10, 3, 10, 3, 30, 3, 30, 3, 10, 3, 10, 3, 30, 3, 10, 3, 10, 3, 10, 3, 10, 3, 30, 3, 10, 3]",12.884107212475636
"[10, 3, 10, 3, 10, 3, 10, 3, 30, 3, 30, 3, 10, 3, 10, 3, 30, 3, 10, 3, 10, 3, 10, 3, 10, 3, 30, 3, 10, 3]",15.748660818713423
"[10, 3, 10, 3, 10, 3, 10, 3, 30, 3, 30, 3, 10, 3, 10, 3, 30, 3, 10, 3, 10, 3, 10, 3, 10, 3, 30, 3, 10, 3]",13.41893762183235
"[10, 3, 10, 3, 10, 3, 10, 3, 30, 3, 30, 3, 10, 3, 10, 3, 30, 3, 10, 3, 10, 3, 10, 3, 10, 3, 30, 3, 10, 3]",15.104309941520476
"[10, 3, 10, 3, 10, 3, 10, 3, 30, 3, 30, 3, 10, 3, 10, 3, 30, 3, 10, 3, 10, 3, 10, 3, 10, 3, 30, 3, 10, 3]",14.193292397660837
"[10, 3, 10, 3, 10, 3, 10, 3, 30, 3, 30, 3, 10, 3, 10, 3, 30, 3, 10, 3, 10, 3, 10, 3, 10, 3, 30, 3, 10, 3]",15.047465886939577
"[10, 3, 10, 3, 10, 3, 10, 3, 30, 3, 30, 3, 10, 3, 10, 3, 30, 3, 10, 3, 10, 3, 10, 3, 10, 3, 30, 3, 10, 3]",13.901615984405417
"[10, 3, 10, 3, 10, 3, 10, 3, 30, 3, 30, 3, 10, 3, 10, 3, 30, 3, 10, 3, 10, 3, 10, 3, 10, 3, 30, 3, 10, 3]",14.740690058479547
"[10, 3, 10, 3, 10, 3, 10, 3, 30, 3, 30, 3, 10, 3, 10, 3, 30, 3, 10, 3, 10, 3, 10, 3, 10, 3, 30, 3, 10, 3]",14.921516569200799
"[10, 3, 10, 3, 10, 3, 10, 3, 30, 3, 30, 3, 10, 3, 10, 3, 30, 3, 10, 3, 10, 3, 10, 3, 10, 3, 30, 3, 10, 3]",15.353483430799248
"[10, 3, 10, 3, 10, 3, 10, 3, 30, 3, 30, 3, 10, 3, 10, 3, 30, 3, 10, 3, 10, 3, 10, 3, 10, 3, 30, 3, 10, 3]",15.387040935672488
"[10, 3, 10, 3, 10, 3, 10, 3, 30, 3, 30, 3, 10, 3, 10, 3, 30, 3, 10, 3, 10, 3, 10, 3, 10, 3, 30, 3, 10, 3]",15.142941520467845
"[10, 3, 10, 3, 10, 3, 10, 3, 30, 3, 30, 3, 10, 3, 10, 3, 30, 3, 10, 3, 10, 3, 10, 3, 10, 3, 30, 3, 10, 3]",14.743543859649145
"[10, 3, 10, 3, 10, 3, 10, 3, 30, 3, 30, 3, 10, 3, 10, 3, 30, 3, 10, 3, 10, 3, 10, 3, 10, 3, 30, 3, 10, 3]",15.148364522417124
"[10, 3, 10, 3, 10, 3, 10, 3, 30, 3, 30, 3, 10, 3, 10, 3, 30, 3, 10, 3, 10, 3, 10, 3, 10, 3, 30, 3, 10, 3]",13.348194931773893
"[10, 3, 10, 3, 10, 3, 10, 3, 30, 3, 30, 3, 10, 3, 10, 3, 30, 3, 10, 3, 10, 3, 10, 3, 10, 3, 30, 3, 10, 3]",15.147573099415201
"[10, 3, 10, 3, 10, 3, 10, 3, 30, 3, 30, 3, 10, 3, 10, 3, 30, 3, 10, 3, 10, 3, 10, 3, 10, 3, 30, 3, 10, 3]",15.429559454191004
"[10, 3, 10, 3, 10, 3, 10, 3, 30, 3, 30, 3, 10, 3, 10, 3, 30, 3, 10, 3, 10, 3, 10, 3, 10, 3, 30, 3, 10, 3]",14.550662768031232
"[10, 3, 10, 3, 10, 3, 10, 3, 30, 3, 30, 3, 10, 3, 10, 3, 30, 3, 10, 3, 10, 3, 10, 3, 10, 3, 30, 3, 10, 3]",14.224274853801163
"[10, 3, 10, 3, 10, 3, 10, 3, 30, 3, 30, 3, 10, 3, 10, 3, 30, 3, 10, 3, 10, 3, 10, 3, 10, 3, 30, 3, 10, 3]",14.56017543859649
"[10, 3, 10, 3, 10, 3, 10, 3, 30, 3, 30, 3, 10, 3, 10, 3, 30, 3, 10, 3, 10, 3, 10, 3, 10, 3, 30, 3, 10, 3]",15.111682261208554
"[10, 3, 10, 3, 10, 3, 10, 3, 30, 3, 30, 3, 10, 3, 10, 3, 30, 3, 10, 3, 10, 3, 10, 3, 10, 3, 30, 3, 10, 3]",14.468857699805065
"[10, 3, 10, 3, 10, 3, 10, 3, 30, 3, 30, 3, 10, 3, 10, 3, 30, 3, 10, 3, 10, 3, 10, 3, 10, 3, 30, 3, 10, 3]",13.83391228070173
"[10, 3, 10, 3, 10, 3, 10, 3, 30, 3, 30, 3, 10, 3, 10, 3, 30, 3, 10, 3, 10, 3, 10, 3, 10, 3, 30, 3, 10, 3]",14.25000974658872
"[10, 3, 10, 3, 10, 3, 10, 3, 30, 3, 30, 3, 10, 3, 10, 3, 30, 3, 10, 3, 10, 3, 10, 3, 10, 3, 30, 3, 10, 3]",14.609538011695888
"[10, 3, 10, 3, 10, 3, 10, 3, 30, 3, 30, 3, 10, 3, 10, 3, 30, 3, 10, 3, 10, 3, 10, 3, 10, 3, 30, 3, 10, 3]",14.597569200779736
"[10, 3, 10, 3, 10, 3, 10, 3, 30, 3, 30, 3, 10, 3, 10, 3, 30, 3, 10, 3, 10, 3, 10, 3, 10, 3, 30, 3, 10, 3]",15.11993957115008
"[10, 3, 10, 3, 10, 3, 10, 3, 30, 3, 30, 3, 10, 3, 10, 3, 30, 3, 10, 3, 10, 3, 10, 3, 10, 3, 30, 3, 10, 3]",15.495785575048721
"[10, 3, 10, 3, 10, 3, 10, 3, 30, 3, 30, 3, 10, 3, 10, 3, 30, 3, 10, 3, 10, 3, 10, 3, 10, 3, 30, 3, 10, 3]",15.10126120857698
"[10, 3, 10, 3, 10, 3, 10, 3, 30, 3, 30, 3, 10, 3, 10, 3, 30, 3, 10, 3, 10, 3, 10, 3, 10, 3, 30, 3, 10, 3]",14.891820662768044
"[10, 3, 10, 3, 10, 3, 10, 3, 30, 3, 30, 3, 10, 3, 10, 3, 30, 3, 10, 3, 10, 3, 10, 3, 10, 3, 30, 3, 10, 3]",15.122241715399621
"[10, 3, 10, 3, 10, 3, 10, 3, 30, 3, 30, 3, 10, 3, 10, 3, 30, 3, 10, 3, 10, 3, 10, 3, 10, 3, 30, 3, 10, 3]",14.71208966861597
"[10, 3, 10, 3, 10, 3, 10, 3, 30, 3, 30, 3, 10, 3, 10, 3, 30, 3, 10, 3, 10, 3, 10, 3, 10, 3, 30, 3, 10, 3]",15.569307992202715
"[10, 3, 10, 3, 10, 3, 10, 3, 30, 3, 30, 3, 10, 3, 10, 3, 30, 3, 10, 3, 10, 3, 10, 3, 10, 3, 30, 3, 10, 3]",17.06190058479537
"[10, 3, 10, 3, 10, 3, 10, 3, 30, 3, 30, 3, 10, 3, 10, 3, 30, 3, 10, 3, 10, 3, 10, 3, 10, 3, 30, 3, 10, 3]",13.273469785575005
"[10, 3, 10, 3, 10, 3, 10, 3, 30, 3, 30, 3, 10, 3, 10, 3, 30, 3, 10, 3, 10, 3, 10, 3, 10, 3, 30, 3, 10, 3]",15.325516569200758
"[10, 3, 10, 3, 10, 3, 10, 3, 30, 3, 30, 3, 10, 3, 10, 3, 30, 3, 10, 3, 10, 3, 10, 3, 10, 3, 30, 3, 10, 3]",13.401520467836281
"[10, 3, 10, 3, 10, 3, 10, 3, 30, 3, 30, 3, 10, 3, 10, 3, 30, 3, 10, 3, 10, 3, 10, 3, 10, 3, 30, 3, 10, 3]",14.188214424951257
