"[30, 3, 10, 3, 10, 3, 30, 3, 30, 3, 10, 3, 10, 3, 10, 3, 30, 3, 25.35627229103759, 3, 10, 3, 10, 3, 10, 3, 30, 3, 10, 3]",60.90909551656923
"[30, 3, 15.641669631791789, 3, 10, 3, 30, 3, 30, 3, 10, 3, 10, 3, 10, 3, 30, 3, 14.440084699994973, 3, 10, 3, 10, 3, 10, 3, 30, 3, 10, 3]",60.919235867446396
"[30, 3, 14.299706698670208, 3, 10, 3, 30, 3, 30, 3, 10, 3, 10, 3, 10, 3, 30, 3, 23.43645738016899, 3, 10, 3, 10, 3, 10, 3, 30, 3, 10, 3]",49.417469785575086
"[30, 3, 21.372019831197697, 3, 10, 3, 30, 3, 30, 3, 10, 3, 10, 3, 10, 3, 30, 3, 25.542911896317506, 3, 10, 3, 10, 3, 10, 3, 30, 3, 10, 3]",51.832949317738915
"[30, 3, 15.799137544051325, 3, 10, 3, 30, 3, 30, 3, 10, 3, 10, 3, 10, 3, 30, 3, 24.862302246205918, 3, 10, 3, 10, 3, 10, 3, 30, 3, 10, 3]",41.071738791423016
"[30, 3, 13.486159642703651, 3, 10, 3, 30, 3, 30, 3, 10, 3, 10, 3, 10, 3, 30, 3, 26.715244837411888, 3, 10, 3, 10, 3, 10, 3, 30, 3, 10, 3]",41.06168226120861
"[30, 3, 10, 3, 10, 3, 30, 3, 30, 3, 10, 3, 10, 3, 10, 3, 30, 3, 20.610221702820233, 3, 10, 3, 10, 3, 10, 3, 30, 3, 10, 3]",47.8161715399611
"[30, 3, 14.758819664965698, 3, 10, 3, 30, 3, 30, 3, 10, 3, 10, 3, 10, 3, 30, 3, 10, 3, 10, 3, 10, 3, 10, 3, 30, 3, 10, 3]",76.49381091617934
"[30, 3, 11.669422498988169, 3, 10, 3, 30, 3, 30, 3, 10, 3, 10, 3, 10, 3, 30, 3, 24.311065590210305, 3, 10, 3, 10, 3, 10, 3, 30, 3, 10, 3]",53.61576218323577
"[30, 3, 15.868992579647772, 3, 10, 3, 30, 3, 30, 3, 10, 3, 10, 3, 10, 3, 30, 3, 24.843704967911087, 3, 10, 3, 10, 3, 10, 3, 30, 3, 10, 3]",73.1275165692008
"[30, 3, 12.804226951712563, 3, 10, 3, 30, 3, 30, 3, 10, 3, 10, 3, 10, 3, 30, 3, 21.49129284914272, 3, 10, 3, 10, 3, 10, 3, 30, 3, 10, 3]",27.174623781676438
"[30, 3, 14.51906538109862, 3, 10, 3, 30, 3, 30, 3, 10, 3, 10, 3, 10, 3, 30, 3, 22.888562678428553, 3, 10, 3, 10, 3, 10, 3, 30, 3, 10, 3]",39.991189083820636
"[30, 3, 10, 3, 10, 3, 30, 3, 30, 3, 10, 3, 10, 3, 10, 3, 30, 3, 13.670427362334754, 3, 10, 3, 10, 3, 10, 3, 30, 3, 10, 3]",45.197656920078046
"[30, 3, 14.928887194384092, 3, 10, 3, 30, 3, 30, 3, 10, 3, 10, 3, 10, 3, 30, 3, 10.771779808520199, 3, 10, 3, 10, 3, 10, 3, 30, 3, 10, 3]",38.676294346978636
"[30, 3, 10.043965678705423, 3, 10, 3, 30, 3, 30, 3, 10, 3, 10, 3, 10, 3, 30, 3, 26.015277277279054, 3, 10, 3, 10, 3, 10, 3, 30, 3, 10, 3]",42.1648382066278
"[30, 3, 10, 3, 10, 3, 30, 3, 30, 3, 10, 3, 10, 3, 10, 3, 30, 3, 22.262496047350957, 3, 10, 3, 10, 3, 10, 3, 30, 3, 10, 3]",59.49389278752452
"[30, 3, 10, 3, 10, 3, 30, 3, 30, 3, 10, 3, 10, 3, 10, 3, 30, 3, 24.669763032571986, 3, 10, 3, 10, 3, 10, 3, 30, 3, 10, 3]",55.0093196881091
"[30, 3, 10, 3, 10, 3, 30, 3, 30, 3, 10, 3, 10, 3, 10, 3, 30, 3, 21.371193244616588, 3, 10, 3, 10, 3, 10, 3, 30, 3, 10, 3]",63.00024951267044
"[30, 3, 14.23116455135913, 3, 10, 3, 30, 3, 30, 3, 10, 3, 10, 3, 10, 3, 30, 3, 10, 3, 10, 3, 10, 3, 10, 3, 30, 3, 10, 3]",43.69881676413253
"[30, 3, 10, 3, 10, 3, 30, 3, 30, 3, 10, 3, 10, 3, 10, 3, 30, 3, 22.790563535199492, 3, 10, 3, 10, 3, 10, 3, 30, 3, 10, 3]",56.49286744639377
"[30, 3, 10, 3, 10, 3, 30, 3, 30, 3, 10, 3, 10, 3, 10, 3, 30, 3, 25.35627229103759, 3, 10, 3, 10, 3, 10, 3, 30, 3, 10, 3]",28.146239766081855
"[30, 3, 15.641669631791789, 3, 10, 3, 30, 3, 30, 3, 10, 3, 10, 3, 10, 3, 30, 3, 14.440084699994973, 3, 10, 3, 10, 3, 10, 3, 30, 3, 10, 3]",39.68276413255355
"[30, 3, 14.299706698670208, 3, 10, 3, 30, 3, 30, 3, 10, 3, 10, 3, 10, 3, 30, 3, 23.43645738016899, 3, 10, 3, 10, 3, 10, 3, 30, 3, 10, 3]",35.01576608187124
"[30, 3, 21.372019831197697, 3, 10, 3, 30, 3, 30, 3, 10, 3, 10, 3, 10, 3, 30, 3, 25.542911896317506, 3, 10, 3, 10, 3, 10, 3, 30, 3, 10, 3]",34.136128654970754
"[30, 3, 15.799137544051325, 3, 10, 3, 30, 3, 30, 3, 10, 3, 10, 3, 10, 3, 30, 3, 24.862302246205918, 3, 10, 3, 10, 3, 10, 3, 30, 3, 10, 3]",26.73328654970759
"[30, 3, 13.486159642703651, 3, 10, 3, 30, 3, 30, 3, 10, 3, 10, 3, 10, 3, 30, 3, 26.715244837411888, 3, 10, 3, 10, 3, 10, 3, 30, 3, 10, 3]",30.61384990253416
"[30, 3, 10, 3, 10, 3, 30, 3, 30, 3, 10, 3, 10, 3, 10, 3, 30, 3, 20.610221702820233, 3, 10, 3, 10, 3, 10, 3, 30, 3, 10, 3]",30.714113060428826
"[30, 3, 14.758819664965698, 3, 10, 3, 30, 3, 30, 3, 10, 3, 10, 3, 10, 3, 30, 3, 10, 3, 10, 3, 10, 3, 10, 3, 30, 3, 10, 3]",36.75778167641336
"[30, 3, 11.669422498988169, 3, 10, 3, 30, 3, 30, 3, 10, 3, 10, 3, 10, 3, 30, 3, 24.311065590210305, 3, 10, 3, 10, 3, 10, 3, 30, 3, 10, 3]",37.05135867446384
"[30, 3, 15.868992579647772, 3, 10, 3, 30, 3, 30, 3, 10, 3, 10, 3, 10, 3, 30, 3, 24.843704967911087, 3, 10, 3, 10, 3, 10, 3, 30, 3, 10, 3]",25.524331384015593
"[30, 3, 12.804226951712563, 3, 10, 3, 30, 3, 30, 3, 10, 3, 10, 3, 10, 3, 30, 3, 21.49129284914272, 3, 10, 3, 10, 3, 10, 3, 30, 3, 10, 3]",28.90574853801169
"[30, 3, 14.51906538109862, 3, 10, 3, 30, 3, 30, 3, 10, 3, 10, 3, 10, 3, 30, 3, 22.888562678428553, 3, 10, 3, 10, 3, 10, 3, 30, 3, 10, 3]",28.545682261208608
"[30, 3, 10, 3, 10, 3, 30, 3, 30, 3, 10, 3, 10, 3, 10, 3, 30, 3, 13.670427362334754, 3, 10, 3, 10, 3, 10, 3, 30, 3, 10, 3]",30.922859649122834
"[30, 3, 14.928887194384092, 3, 10, 3, 30, 3, 30, 3, 10, 3, 10, 3, 10, 3, 30, 3, 10.771779808520199, 3, 10, 3, 10, 3, 10, 3, 30, 3, 10, 3]",36.374705653021415
"[30, 3, 10.043965678705423, 3, 10, 3, 30, 3, 30, 3, 10, 3, 10, 3, 10, 3, 30, 3, 26.015277277279054, 3, 10, 3, 10, 3, 10, 3, 30, 3, 10, 3]",40.37935282651071
"[30, 3, 10, 3, 10, 3, 30, 3, 30, 3, 10, 3, 10, 3, 10, 3, 30, 3, 22.262496047350957, 3, 10, 3, 10, 3, 10, 3, 30, 3, 10, 3]",38.85516959064331
"[30, 3, 10, 3, 10, 3, 30, 3, 30, 3, 10, 3, 10, 3, 10, 3, 30, 3, 24.669763032571986, 3, 10, 3, 10, 3, 10, 3, 30, 3, 10, 3]",21.054756335282608
"[30, 3, 10, 3, 10, 3, 30, 3, 30, 3, 10, 3, 10, 3, 10, 3, 30, 3, 21.371193244616588, 3, 10, 3, 10, 3, 10, 3, 30, 3, 10, 3]",36.319327485380086
"[30, 3, 14.23116455135913, 3, 10, 3, 30, 3, 30, 3, 10, 3, 10, 3, 10, 3, 30, 3, 10, 3, 10, 3, 10, 3, 10, 3, 30, 3, 10, 3]",36.28691423001952
"[30, 3, 10, 3, 10, 3, 30, 3, 30, 3, 10, 3, 10, 3, 10, 3, 30, 3, 22.790563535199492, 3, 10, 3, 10, 3, 10, 3, 30, 3, 10, 3]",44.7433411306043
"[30, 3, 10, 3, 10, 3, 30, 3, 30, 3, 10, 3, 10, 3, 10, 3, 30, 3, 25.35627229103759, 3, 10, 3, 10, 3, 10, 3, 30, 3, 10, 3]",25.327651072124752
"[30, 3, 15.641669631791789, 3, 10, 3, 30, 3, 30, 3, 10, 3, 10, 3, 10, 3, 30, 3, 14.440084699994973, 3, 10, 3, 10, 3, 10, 3, 30, 3, 10, 3]",26.085224171539952
"[30, 3, 14.299706698670208, 3, 10, 3, 30, 3, 30, 3, 10, 3, 10, 3, 10, 3, 30, 3, 23.43645738016899, 3, 10, 3, 10, 3, 10, 3, 30, 3, 10, 3]",25.95833333333332
"[30, 3, 21.372019831197697, 3, 10, 3, 30, 3, 30, 3, 10, 3, 10, 3, 10, 3, 30, 3, 25.542911896317506, 3, 10, 3, 10, 3, 10, 3, 30, 3, 10, 3]",20.34171929824567
"[30, 3, 15.799137544051325, 3, 10, 3, 30, 3, 30, 3, 10, 3, 10, 3, 10, 3, 30, 3, 24.862302246205918, 3, 10, 3, 10, 3, 10, 3, 30, 3, 10, 3]",22.87112670565297
"[30, 3, 13.486159642703651, 3, 10, 3, 30, 3, 30, 3, 10, 3, 10, 3, 10, 3, 30, 3, 26.715244837411888, 3, 10, 3, 10, 3, 10, 3, 30, 3, 10, 3]",25.720929824561352
"[30, 3, 10, 3, 10, 3, 30, 3, 30, 3, 10, 3, 10, 3, 10, 3, 30, 3, 20.610221702820233, 3, 10, 3, 10, 3, 10, 3, 30, 3, 10, 3]",19.953824561403472
"[30, 3, 14.758819664965698, 3, 10, 3, 30, 3, 30, 3, 10, 3, 10, 3, 10, 3, 30, 3, 10, 3, 10, 3, 10, 3, 10, 3, 30, 3, 10, 3]",21.593467836257375
"[30, 3, 11.669422498988169, 3, 10, 3, 30, 3, 30, 3, 10, 3, 10, 3, 10, 3, 30, 3, 24.311065590210305, 3, 10, 3, 10, 3, 10, 3, 30, 3, 10, 3]",29.763364522417127
"[30, 3, 15.868992579647772, 3, 10, 3, 30, 3, 30, 3, 10, 3, 10, 3, 10, 3, 30, 3, 24.843704967911087, 3, 10, 3, 10, 3, 10, 3, 30, 3, 10, 3]",17.127974658869405
"[30, 3, 12.804226951712563, 3, 10, 3, 30, 3, 30, 3, 10, 3, 10, 3, 10, 3, 30, 3, 21.49129284914272, 3, 10, 3, 10, 3, 10, 3, 30, 3, 10, 3]",22.67999025341127
"[30, 3, 14.51906538109862, 3, 10, 3, 30, 3, 30, 3, 10, 3, 10, 3, 10, 3, 30, 3, 22.888562678428553, 3, 10, 3, 10, 3, 10, 3, 30, 3, 10, 3]",20.48141910331385
"[30, 3, 10, 3, 10, 3, 30, 3, 30, 3, 10, 3, 10, 3, 10, 3, 30, 3, 13.670427362334754, 3, 10, 3, 10, 3, 10, 3, 30, 3, 10, 3]",22.817793372319723
"[30, 3, 14.928887194384092, 3, 10, 3, 30, 3, 30, 3, 10, 3, 10, 3, 10, 3, 30, 3, 10.771779808520199, 3, 10, 3, 10, 3, 10, 3, 30, 3, 10, 3]",21.894896686159864
"[30, 3, 10.043965678705423, 3, 10, 3, 30, 3, 30, 3, 10, 3, 10, 3, 10, 3, 30, 3, 26.015277277279054, 3, 10, 3, 10, 3, 10, 3, 30, 3, 10, 3]",38.913506822612135
"[30, 3, 10, 3, 10, 3, 30, 3, 30, 3, 10, 3, 10, 3, 10, 3, 30, 3, 22.262496047350957, 3, 10, 3, 10, 3, 10, 3, 30, 3, 10, 3]",27.52446783625728
"[30, 3, 10, 3, 10, 3, 30, 3, 30, 3, 10, 3, 10, 3, 10, 3, 30, 3, 24.669763032571986, 3, 10, 3, 10, 3, 10, 3, 30, 3, 10, 3]",21.82740935672513
"[30, 3, 10, 3, 10, 3, 30, 3, 30, 3, 10, 3, 10, 3, 10, 3, 30, 3, 21.371193244616588, 3, 10, 3, 10, 3, 10, 3, 30, 3, 10, 3]",20.1950214424951
"[30, 3, 14.23116455135913, 3, 10, 3, 30, 3, 30, 3, 10, 3, 10, 3, 10, 3, 30, 3, 10, 3, 10, 3, 10, 3, 10, 3, 30, 3, 10, 3]",25.556766081871352
"[30, 3, 10, 3, 10, 3, 30, 3, 30, 3, 10, 3, 10, 3, 10, 3, 30, 3, 22.790563535199492, 3, 10, 3, 10, 3, 10, 3, 30, 3, 10, 3]",31.409840155945442
"[30, 3, 10, 3, 10, 3, 30, 3, 30, 3, 10, 3, 10, 3, 10, 3, 30, 3, 25.35627229103759, 3, 10, 3, 10, 3, 10, 3, 30, 3, 10, 3]",27.65573489278751
"[30, 3, 15.641669631791789, 3, 10, 3, 30, 3, 30, 3, 10, 3, 10, 3, 10, 3, 30, 3, 14.440084699994973, 3, 10, 3, 10, 3, 10, 3, 30, 3, 10, 3]",23.176307992202723
"[30, 3, 14.299706698670208, 3, 10, 3, 30, 3, 30, 3, 10, 3, 10, 3, 10, 3, 30, 3, 23.43645738016899, 3, 10, 3, 10, 3, 10, 3, 30, 3, 10, 3]",28.348434697855833
"[30, 3, 21.372019831197697, 3, 10, 3, 30, 3, 30, 3, 10, 3, 10, 3, 10, 3, 30, 3, 25.542911896317506, 3, 10, 3, 10, 3, 10, 3, 30, 3, 10, 3]",16.430448343079927
"[30, 3, 15.799137544051325, 3, 10, 3, 30, 3, 30, 3, 10, 3, 10, 3, 10, 3, 30, 3, 24.862302246205918, 3, 10, 3, 10, 3, 10, 3, 30, 3, 10, 3]",22.399194931773902
"[30, 3, 13.486159642703651, 3, 10, 3, 30, 3, 30, 3, 10, 3, 10, 3, 10, 3, 30, 3, 26.715244837411888, 3, 10, 3, 10, 3, 10, 3, 30, 3, 10, 3]",19.443814814814797
"[30, 3, 10, 3, 10, 3, 30, 3, 30, 3, 10, 3, 10, 3, 10, 3, 30, 3, 20.610221702820233, 3, 10, 3, 10, 3, 10, 3, 30, 3, 10, 3]",18.84347563352822
"[30, 3, 14.758819664965698, 3, 10, 3, 30, 3, 30, 3, 10, 3, 10, 3, 10, 3, 30, 3, 10, 3, 10, 3, 10, 3, 10, 3, 30, 3, 10, 3]",20.15156725146198
"[30, 3, 11.669422498988169, 3, 10, 3, 30, 3, 30, 3, 10, 3, 10, 3, 10, 3, 30, 3, 24.311065590210305, 3, 10, 3, 10, 3, 10, 3, 30, 3, 10, 3]",19.300019493177373
"[30, 3, 15.868992579647772, 3, 10, 3, 30, 3, 30, 3, 10, 3, 10, 3, 10, 3, 30, 3, 24.843704967911087, 3, 10, 3, 10, 3, 10, 3, 30, 3, 10, 3]",19.14138791423003
"[30, 3, 12.804226951712563, 3, 10, 3, 30, 3, 30, 3, 10, 3, 10, 3, 10, 3, 30, 3, 21.49129284914272, 3, 10, 3, 10, 3, 10, 3, 30, 3, 10, 3]",23.002331384015616
"[30, 3, 14.51906538109862, 3, 10, 3, 30, 3, 30, 3, 10, 3, 10, 3, 10, 3, 30, 3, 22.888562678428553, 3, 10, 3, 10, 3, 10, 3, 30, 3, 10, 3]",21.65424561403517
"[30, 3, 10, 3, 10, 3, 30, 3, 30, 3, 10, 3, 10, 3, 10, 3, 30, 3, 13.670427362334754, 3, 10, 3, 10, 3, 10, 3, 30, 3, 10, 3]",19.6143216374269
"[30, 3, 14.928887194384092, 3, 10, 3, 30, 3, 30, 3, 10, 3, 10, 3, 10, 3, 30, 3, 10.771779808520199, 3, 10, 3, 10, 3, 10, 3, 30, 3, 10, 3]",21.41701169590645
"[30, 3, 10.043965678705423, 3, 10, 3, 30, 3, 30, 3, 10, 3, 10, 3, 10, 3, 30, 3, 26.015277277279054, 3, 10, 3, 10, 3, 10, 3, 30, 3, 10, 3]",24.213588693957114
"[30, 3, 10, 3, 10, 3, 30, 3, 30, 3, 10, 3, 10, 3, 10, 3, 30, 3, 22.262496047350957, 3, 10, 3, 10, 3, 10, 3, 30, 3, 10, 3]",22.59647563352825
"[30, 3, 10, 3, 10, 3, 30, 3, 30, 3, 10, 3, 10, 3, 10, 3, 30, 3, 24.669763032571986, 3, 10, 3, 10, 3, 10, 3, 30, 3, 10, 3]",21.133376218323583
"[30, 3, 10, 3, 10, 3, 30, 3, 30, 3, 10, 3, 10, 3, 10, 3, 30, 3, 21.371193244616588, 3, 10, 3, 10, 3, 10, 3, 30, 3, 10, 3]",19.41206432748542
"[30, 3, 14.23116455135913, 3, 10, 3, 30, 3, 30, 3, 10, 3, 10, 3, 10, 3, 30, 3, 10, 3, 10, 3, 10, 3, 10, 3, 30, 3, 10, 3]",22.471196881091615
"[30, 3, 10, 3, 10, 3, 30, 3, 30, 3, 10, 3, 10, 3, 10, 3, 30, 3, 22.790563535199492, 3, 10, 3, 10, 3, 10, 3, 30, 3, 10, 3]",20.710052631578964
"[30, 3, 10, 3, 10, 3, 30, 3, 30, 3, 10, 3, 10, 3, 10, 3, 30, 3, 25.35627229103759, 3, 10, 3, 10, 3, 10, 3, 30, 3, 10, 3]",16.40810526315796
"[30, 3, 15.641669631791789, 3, 10, 3, 30, 3, 30, 3, 10, 3, 10, 3, 10, 3, 30, 3, 14.440084699994973, 3, 10, 3, 10, 3, 10, 3, 30, 3, 10, 3]",22.254906432748555
"[30, 3, 14.299706698670208, 3, 10, 3, 30, 3, 30, 3, 10, 3, 10, 3, 10, 3, 30, 3, 23.43645738016899, 3, 10, 3, 10, 3, 10, 3, 30, 3, 10, 3]",18.084040935672515
"[30, 3, 21.372019831197697, 3, 10, 3, 30, 3, 30, 3, 10, 3, 10, 3, 10, 3, 30, 3, 25.542911896317506, 3, 10, 3, 10, 3, 10, 3, 30, 3, 10, 3]",17.410118908382067
"[30, 3, 15.799137544051325, 3, 10, 3, 30, 3, 30, 3, 10, 3, 10, 3, 10, 3, 30, 3, 24.862302246205918, 3, 10, 3, 10, 3, 10, 3, 30, 3, 10, 3]",18.73730994152051
"[30, 3, 13.486159642703651, 3, 10, 3, 30, 3, 30, 3, 10, 3, 10, 3, 10, 3, 30, 3, 26.715244837411888, 3, 10, 3, 10, 3, 10, 3, 30, 3, 10, 3]",14.749744639376225
"[30, 3, 10, 3, 10, 3, 30, 3, 30, 3, 10, 3, 10, 3, 10, 3, 30, 3, 20.610221702820233, 3, 10, 3, 10, 3, 10, 3, 30, 3, 10, 3]",17.131582846003894
"[30, 3, 14.758819664965698, 3, 10, 3, 30, 3, 30, 3, 10, 3, 10, 3, 10, 3, 30, 3, 10, 3, 10, 3, 10, 3, 10, 3, 30, 3, 10, 3]",16.571062378167653
"[30, 3, 11.669422498988169, 3, 10, 3, 30, 3, 30, 3, 10, 3, 10, 3, 10, 3, 30, 3, 24.311065590210305, 3, 10, 3, 10, 3, 10, 3, 30, 3, 10, 3]",17.321450292397635
"[30, 3, 15.868992579647772, 3, 10, 3, 30, 3, 30, 3, 10, 3, 10, 3, 10, 3, 30, 3, 24.843704967911087, 3, 10, 3, 10, 3, 10, 3, 30, 3, 10, 3]",19.70601169590643
"[30, 3, 12.804226951712563, 3, 10, 3, 30, 3, 30, 3, 10, 3, 10, 3, 10, 3, 30, 3, 21.49129284914272, 3, 10, 3, 10, 3, 10, 3, 30, 3, 10, 3]",18.473781676413264
"[30, 3, 14.51906538109862, 3, 10, 3, 30, 3, 30, 3, 10, 3, 10, 3, 10, 3, 30, 3, 22.888562678428553, 3, 10, 3, 10, 3, 10, 3, 30, 3, 10, 3]",18.505329434697813
"[30, 3, 10, 3, 10, 3, 30, 3, 30, 3, 10, 3, 10, 3, 10, 3, 30, 3, 13.670427362334754, 3, 10, 3, 10, 3, 10, 3, 30, 3, 10, 3]",17.6159005847953
"[30, 3, 14.928887194384092, 3, 10, 3, 30, 3, 30, 3, 10, 3, 10, 3, 10, 3, 30, 3, 10.771779808520199, 3, 10, 3, 10, 3, 10, 3, 30, 3, 10, 3]",20.032191033138414
"[30, 3, 10.043965678705423, 3, 10, 3, 30, 3, 30, 3, 10, 3, 10, 3, 10, 3, 30, 3, 26.015277277279054, 3, 10, 3, 10, 3, 10, 3, 30, 3, 10, 3]",18.674820662768056
"[30, 3, 10, 3, 10, 3, 30, 3, 30, 3, 10, 3, 10, 3, 10, 3, 30, 3, 22.262496047350957, 3, 10, 3, 10, 3, 10, 3, 30, 3, 10, 3]",16.704676413255417
"[30, 3, 10, 3, 10, 3, 30, 3, 30, 3, 10, 3, 10, 3, 10, 3, 30, 3, 24.669763032571986, 3, 10, 3, 10, 3, 10, 3, 30, 3, 10, 3]",18.21246003898636
"[30, 3, 10, 3, 10, 3, 30, 3, 30, 3, 10, 3, 10, 3, 10, 3, 30, 3, 21.371193244616588, 3, 10, 3, 10, 3, 10, 3, 30, 3, 10, 3]",15.909278752436627
"[30, 3, 14.23116455135913, 3, 10, 3, 30, 3, 30, 3, 10, 3, 10, 3, 10, 3, 30, 3, 10, 3, 10, 3, 10, 3, 10, 3, 30, 3, 10, 3]",19.820968810916238
"[30, 3, 10, 3, 10, 3, 30, 3, 30, 3, 10, 3, 10, 3, 10, 3, 30, 3, 22.790563535199492, 3, 10, 3, 10, 3, 10, 3, 30, 3, 10, 3]",18.4434152046784
"[30, 3, 10, 3, 10, 3, 30, 3, 30, 3, 10, 3, 10, 3, 10, 3, 30, 3, 25.35627229103759, 3, 10, 3, 10, 3, 10, 3, 30, 3, 10, 3]",15.579888888888885
"[30, 3, 15.641669631791789, 3, 10, 3, 30, 3, 30, 3, 10, 3, 10, 3, 10, 3, 30, 3, 14.440084699994973, 3, 10, 3, 10, 3, 10, 3, 30, 3, 10, 3]",19.21731968810918
"[30, 3, 14.299706698670208, 3, 10, 3, 30, 3, 30, 3, 10, 3, 10, 3, 10, 3, 30, 3, 23.43645738016899, 3, 10, 3, 10, 3, 10, 3, 30, 3, 10, 3]",17.824284600389856
"[30, 3, 21.372019831197697, 3, 10, 3, 30, 3, 30, 3, 10, 3, 10, 3, 10, 3, 30, 3, 25.542911896317506, 3, 10, 3, 10, 3, 10, 3, 30, 3, 10, 3]",15.899894736842073
"[30, 3, 15.799137544051325, 3, 10, 3, 30, 3, 30, 3, 10, 3, 10, 3, 10, 3, 30, 3, 24.862302246205918, 3, 10, 3, 10, 3, 10, 3, 30, 3, 10, 3]",17.450483430799235
"[30, 3, 13.486159642703651, 3, 10, 3, 30, 3, 30, 3, 10, 3, 10, 3, 10, 3, 30, 3, 26.715244837411888, 3, 10, 3, 10, 3, 10, 3, 30, 3, 10, 3]",17.556668615984385
"[30, 3, 10, 3, 10, 3, 30, 3, 30, 3, 10, 3, 10, 3, 10, 3, 30, 3, 20.610221702820233, 3, 10, 3, 10, 3, 10, 3, 30, 3, 10, 3]",16.724943469785554
"[30, 3, 14.758819664965698, 3, 10, 3, 30, 3, 30, 3, 10, 3, 10, 3, 10, 3, 30, 3, 10, 3, 10, 3, 10, 3, 10, 3, 30, 3, 10, 3]",17.237680311890795
"[30, 3, 11.669422498988169, 3, 10, 3, 30, 3, 30, 3, 10, 3, 10, 3, 10, 3, 30, 3, 24.311065590210305, 3, 10, 3, 10, 3, 10, 3, 30, 3, 10, 3]",15.608719298245632
"[30, 3, 15.868992579647772, 3, 10, 3, 30, 3, 30, 3, 10, 3, 10, 3, 10, 3, 30, 3, 24.843704967911087, 3, 10, 3, 10, 3, 10, 3, 30, 3, 10, 3]",17.84711111111105
"[30, 3, 12.804226951712563, 3, 10, 3, 30, 3, 30, 3, 10, 3, 10, 3, 10, 3, 30, 3, 21.49129284914272, 3, 10, 3, 10, 3, 10, 3, 30, 3, 10, 3]",15.538707602339153
"[30, 3, 14.51906538109862, 3, 10, 3, 30, 3, 30, 3, 10, 3, 10, 3, 10, 3, 30, 3, 22.888562678428553, 3, 10, 3, 10, 3, 10, 3, 30, 3, 10, 3]",21.45305653021448
"[30, 3, 10, 3, 10, 3, 30, 3, 30, 3, 10, 3, 10, 3, 10, 3, 30, 3, 13.670427362334754, 3, 10, 3, 10, 3, 10, 3, 30, 3, 10, 3]",16.005547758284628
"[30, 3, 14.928887194384092, 3, 10, 3, 30, 3, 30, 3, 10, 3, 10, 3, 10, 3, 30, 3, 10.771779808520199, 3, 10, 3, 10, 3, 10, 3, 30, 3, 10, 3]",16.54375633528264
"[30, 3, 10.043965678705423, 3, 10, 3, 30, 3, 30, 3, 10, 3, 10, 3, 10, 3, 30, 3, 26.015277277279054, 3, 10, 3, 10, 3, 10, 3, 30, 3, 10, 3]",17.011434697855705
"[30, 3, 10, 3, 10, 3, 30, 3, 30, 3, 10, 3, 10, 3, 10, 3, 30, 3, 22.262496047350957, 3, 10, 3, 10, 3, 10, 3, 30, 3, 10, 3]",17.07566666666669
"[30, 3, 10, 3, 10, 3, 30, 3, 30, 3, 10, 3, 10, 3, 10, 3, 30, 3, 24.669763032571986, 3, 10, 3, 10, 3, 10, 3, 30, 3, 10, 3]",15.448571150097479
"[30, 3, 10, 3, 10, 3, 30, 3, 30, 3, 10, 3, 10, 3, 10, 3, 30, 3, 21.371193244616588, 3, 10, 3, 10, 3, 10, 3, 30, 3, 10, 3]",16.410467836257276
"[30, 3, 14.23116455135913, 3, 10, 3, 30, 3, 30, 3, 10, 3, 10, 3, 10, 3, 30, 3, 10, 3, 10, 3, 10, 3, 10, 3, 30, 3, 10, 3]",17.3753372319688
"[30, 3, 10, 3, 10, 3, 30, 3, 30, 3, 10, 3, 10, 3, 10, 3, 30, 3, 22.790563535199492, 3, 10, 3, 10, 3, 10, 3, 30, 3, 10, 3]",16.095317738791426
"[30, 3, 10, 3, 10, 3, 30, 3, 30, 3, 10, 3, 10, 3, 10, 3, 30, 3, 25.35627229103759, 3, 10, 3, 10, 3, 10, 3, 30, 3, 10, 3]",17.82841715399611
"[30, 3, 15.641669631791789, 3, 10, 3, 30, 3, 30, 3, 10, 3, 10, 3, 10, 3, 30, 3, 14.440084699994973, 3, 10, 3, 10, 3, 10, 3, 30, 3, 10, 3]",16.994062378167634
"[30, 3, 14.299706698670208, 3, 10, 3, 30, 3, 30, 3, 10, 3, 10, 3, 10, 3, 30, 3, 23.43645738016899, 3, 10, 3, 10, 3, 10, 3, 30, 3, 10, 3]",16.12957699805071
"[30, 3, 21.372019831197697, 3, 10, 3, 30, 3, 30, 3, 10, 3, 10, 3, 10, 3, 30, 3, 25.542911896317506, 3, 10, 3, 10, 3, 10, 3, 30, 3, 10, 3]",16.116619883040954
"[30, 3, 15.799137544051325, 3, 10, 3, 30, 3, 30, 3, 10, 3, 10, 3, 10, 3, 30, 3, 24.862302246205918, 3, 10, 3, 10, 3, 10, 3, 30, 3, 10, 3]",14.877612085769991
"[30, 3, 13.486159642703651, 3, 10, 3, 30, 3, 30, 3, 10, 3, 10, 3, 10, 3, 30, 3, 26.715244837411888, 3, 10, 3, 10, 3, 10, 3, 30, 3, 10, 3]",15.415756335282653
"[30, 3, 10, 3, 10, 3, 30, 3, 30, 3, 10, 3, 10, 3, 10, 3, 30, 3, 20.610221702820233, 3, 10, 3, 10, 3, 10, 3, 30, 3, 10, 3]",17.076206627680254
"[30, 3, 14.758819664965698, 3, 10, 3, 30, 3, 30, 3, 10, 3, 10, 3, 10, 3, 30, 3, 10, 3, 10, 3, 10, 3, 10, 3, 30, 3, 10, 3]",18.09366276803118
"[30, 3, 11.669422498988169, 3, 10, 3, 30, 3, 30, 3, 10, 3, 10, 3, 10, 3, 30, 3, 24.311065590210305, 3, 10, 3, 10, 3, 10, 3, 30, 3, 10, 3]",15.705869395711524
"[30, 3, 15.868992579647772, 3, 10, 3, 30, 3, 30, 3, 10, 3, 10, 3, 10, 3, 30, 3, 24.843704967911087, 3, 10, 3, 10, 3, 10, 3, 30, 3, 10, 3]",16.381315789473682
"[30, 3, 12.804226951712563, 3, 10, 3, 30, 3, 30, 3, 10, 3, 10, 3, 10, 3, 30, 3, 21.49129284914272, 3, 10, 3, 10, 3, 10, 3, 30, 3, 10, 3]",16.40490643274858
"[30, 3, 14.51906538109862, 3, 10, 3, 30, 3, 30, 3, 10, 3, 10, 3, 10, 3, 30, 3, 22.888562678428553, 3, 10, 3, 10, 3, 10, 3, 30, 3, 10, 3]",16.129017543859636
"[30, 3, 10, 3, 10, 3, 30, 3, 30, 3, 10, 3, 10, 3, 10, 3, 30, 3, 13.670427362334754, 3, 10, 3, 10, 3, 10, 3, 30, 3, 10, 3]",17.237719298245608
"[30, 3, 14.928887194384092, 3, 10, 3, 30, 3, 30, 3, 10, 3, 10, 3, 10, 3, 30, 3, 10.771779808520199, 3, 10, 3, 10, 3, 10, 3, 30, 3, 10, 3]",16.49393762183237
"[30, 3, 10.043965678705423, 3, 10, 3, 30, 3, 30, 3, 10, 3, 10, 3, 10, 3, 30, 3, 26.015277277279054, 3, 10, 3, 10, 3, 10, 3, 30, 3, 10, 3]",16.538688109161804
"[30, 3, 10, 3, 10, 3, 30, 3, 30, 3, 10, 3, 10, 3, 10, 3, 30, 3, 22.262496047350957, 3, 10, 3, 10, 3, 10, 3, 30, 3, 10, 3]",17.697894736842105
"[30, 3, 10, 3, 10, 3, 30, 3, 30, 3, 10, 3, 10, 3, 10, 3, 30, 3, 24.669763032571986, 3, 10, 3, 10, 3, 10, 3, 30, 3, 10, 3]",16.983873294347006
"[30, 3, 10, 3, 10, 3, 30, 3, 30, 3, 10, 3, 10, 3, 10, 3, 30, 3, 21.371193244616588, 3, 10, 3, 10, 3, 10, 3, 30, 3, 10, 3]",18.32105068226122
"[30, 3, 14.23116455135913, 3, 10, 3, 30, 3, 30, 3, 10, 3, 10, 3, 10, 3, 30, 3, 10, 3, 10, 3, 10, 3, 10, 3, 30, 3, 10, 3]",16.60019103313838
"[30, 3, 10, 3, 10, 3, 30, 3, 30, 3, 10, 3, 10, 3, 10, 3, 30, 3, 22.790563535199492, 3, 10, 3, 10, 3, 10, 3, 30, 3, 10, 3]",15.775198830409359
"[30, 3, 10, 3, 10, 3, 30, 3, 30, 3, 10, 3, 10, 3, 10, 3, 30, 3, 25.35627229103759, 3, 10, 3, 10, 3, 10, 3, 30, 3, 10, 3]",17.4547290448343
"[30, 3, 15.641669631791789, 3, 10, 3, 30, 3, 30, 3, 10, 3, 10, 3, 10, 3, 30, 3, 14.440084699994973, 3, 10, 3, 10, 3, 10, 3, 30, 3, 10, 3]",17.345881091617944
"[30, 3, 14.299706698670208, 3, 10, 3, 30, 3, 30, 3, 10, 3, 10, 3, 10, 3, 30, 3, 23.43645738016899, 3, 10, 3, 10, 3, 10, 3, 30, 3, 10, 3]",17.753335282651083
"[30, 3, 21.372019831197697, 3, 10, 3, 30, 3, 30, 3, 10, 3, 10, 3, 10, 3, 30, 3, 25.542911896317506, 3, 10, 3, 10, 3, 10, 3, 30, 3, 10, 3]",13.936317738791463
"[30, 3, 15.799137544051325, 3, 10, 3, 30, 3, 30, 3, 10, 3, 10, 3, 10, 3, 30, 3, 24.862302246205918, 3, 10, 3, 10, 3, 10, 3, 30, 3, 10, 3]",16.900651072124784
"[30, 3, 13.486159642703651, 3, 10, 3, 30, 3, 30, 3, 10, 3, 10, 3, 10, 3, 30, 3, 26.715244837411888, 3, 10, 3, 10, 3, 10, 3, 30, 3, 10, 3]",15.471021442495116
"[30, 3, 10, 3, 10, 3, 30, 3, 30, 3, 10, 3, 10, 3, 10, 3, 30, 3, 20.610221702820233, 3, 10, 3, 10, 3, 10, 3, 30, 3, 10, 3]",18.488485380116963
"[30, 3, 14.758819664965698, 3, 10, 3, 30, 3, 30, 3, 10, 3, 10, 3, 10, 3, 30, 3, 10, 3, 10, 3, 10, 3, 10, 3, 30, 3, 10, 3]",17.322456140350834
"[30, 3, 11.669422498988169, 3, 10, 3, 30, 3, 30, 3, 10, 3, 10, 3, 10, 3, 30, 3, 24.311065590210305, 3, 10, 3, 10, 3, 10, 3, 30, 3, 10, 3]",17.58395321637428
"[30, 3, 15.868992579647772, 3, 10, 3, 30, 3, 30, 3, 10, 3, 10, 3, 10, 3, 30, 3, 24.843704967911087, 3, 10, 3, 10, 3, 10, 3, 30, 3, 10, 3]",16.145465886939565
"[30, 3, 12.804226951712563, 3, 10, 3, 30, 3, 30, 3, 10, 3, 10, 3, 10, 3, 30, 3, 21.49129284914272, 3, 10, 3, 10, 3, 10, 3, 30, 3, 10, 3]",16.174842105263156
"[30, 3, 14.51906538109862, 3, 10, 3, 30, 3, 30, 3, 10, 3, 10, 3, 10, 3, 30, 3, 22.888562678428553, 3, 10, 3, 10, 3, 10, 3, 30, 3, 10, 3]",16.121444444444457
"[30, 3, 10, 3, 10, 3, 30, 3, 30, 3, 10, 3, 10, 3, 10, 3, 30, 3, 13.670427362334754, 3, 10, 3, 10, 3, 10, 3, 30, 3, 10, 3]",16.511163742690073
"[30, 3, 14.928887194384092, 3, 10, 3, 30, 3, 30, 3, 10, 3, 10, 3, 10, 3, 30, 3, 10.771779808520199, 3, 10, 3, 10, 3, 10, 3, 30, 3, 10, 3]",17.905545808966878
"[30, 3, 10.043965678705423, 3, 10, 3, 30, 3, 30, 3, 10, 3, 10, 3, 10, 3, 30, 3, 26.015277277279054, 3, 10, 3, 10, 3, 10, 3, 30, 3, 10, 3]",17.239514619883046
"[30, 3, 10, 3, 10, 3, 30, 3, 30, 3, 10, 3, 10, 3, 10, 3, 30, 3, 22.262496047350957, 3, 10, 3, 10, 3, 10, 3, 30, 3, 10, 3]",16.329497076023436
"[30, 3, 10, 3, 10, 3, 30, 3, 30, 3, 10, 3, 10, 3, 10, 3, 30, 3, 24.669763032571986, 3, 10, 3, 10, 3, 10, 3, 30, 3, 10, 3]",15.533446393762187
"[30, 3, 10, 3, 10, 3, 30, 3, 30, 3, 10, 3, 10, 3, 10, 3, 30, 3, 21.371193244616588, 3, 10, 3, 10, 3, 10, 3, 30, 3, 10, 3]",16.680990253411355
"[30, 3, 14.23116455135913, 3, 10, 3, 30, 3, 30, 3, 10, 3, 10, 3, 10, 3, 30, 3, 10, 3, 10, 3, 10, 3, 10, 3, 30, 3, 10, 3]",15.175814814814833
"[30, 3, 10, 3, 10, 3, 30, 3, 30, 3, 10, 3, 10, 3, 10, 3, 30, 3, 22.790563535199492, 3, 10, 3, 10, 3, 10, 3, 30, 3, 10, 3]",16.848233918128667
"[30, 3, 10, 3, 10, 3, 30, 3, 30, 3, 10, 3, 10, 3, 10, 3, 30, 3, 25.35627229103759, 3, 10, 3, 10, 3, 10, 3, 30, 3, 10, 3]",15.387514619883063
"[30, 3, 15.641669631791789, 3, 10, 3, 30, 3, 30, 3, 10, 3, 10, 3, 10, 3, 30, 3, 14.440084699994973, 3, 10, 3, 10, 3, 10, 3, 30, 3, 10, 3]",15.558309941520433
"[30, 3, 14.299706698670208, 3, 10, 3, 30, 3, 30, 3, 10, 3, 10, 3, 10, 3, 30, 3, 23.43645738016899, 3, 10, 3, 10, 3, 10, 3, 30, 3, 10, 3]",16.004286549707658
"[30, 3, 21.372019831197697, 3, 10, 3, 30, 3, 30, 3, 10, 3, 10, 3, 10, 3, 30, 3, 25.542911896317506, 3, 10, 3, 10, 3, 10, 3, 30, 3, 10, 3]",17.02192592592587
"[30, 3, 15.799137544051325, 3, 10, 3, 30, 3, 30, 3, 10, 3, 10, 3, 10, 3, 30, 3, 24.862302246205918, 3, 10, 3, 10, 3, 10, 3, 30, 3, 10, 3]",16.18167251461986
"[30, 3, 13.486159642703651, 3, 10, 3, 30, 3, 30, 3, 10, 3, 10, 3, 10, 3, 30, 3, 26.715244837411888, 3, 10, 3, 10, 3, 10, 3, 30, 3, 10, 3]",16.841775828460044
"[30, 3, 10, 3, 10, 3, 30, 3, 30, 3, 10, 3, 10, 3, 10, 3, 30, 3, 20.610221702820233, 3, 10, 3, 10, 3, 10, 3, 30, 3, 10, 3]",17.355545808966824
"[30, 3, 14.758819664965698, 3, 10, 3, 30, 3, 30, 3, 10, 3, 10, 3, 10, 3, 30, 3, 10, 3, 10, 3, 10, 3, 10, 3, 30, 3, 10, 3]",16.317056530214437
"[30, 3, 11.669422498988169, 3, 10, 3, 30, 3, 30, 3, 10, 3, 10, 3, 10, 3, 30, 3, 24.311065590210305, 3, 10, 3, 10, 3, 10, 3, 30, 3, 10, 3]",15.1080175438596
"[30, 3, 15.868992579647772, 3, 10, 3, 30, 3, 30, 3, 10, 3, 10, 3, 10, 3, 30, 3, 24.843704967911087, 3, 10, 3, 10, 3, 10, 3, 30, 3, 10, 3]",16.92332163742687
"[30, 3, 12.804226951712563, 3, 10, 3, 30, 3, 30, 3, 10, 3, 10, 3, 10, 3, 30, 3, 21.49129284914272, 3, 10, 3, 10, 3, 10, 3, 30, 3, 10, 3]",17.115463937621858
"[30, 3, 14.51906538109862, 3, 10, 3, 30, 3, 30, 3, 10, 3, 10, 3, 10, 3, 30, 3, 22.888562678428553, 3, 10, 3, 10, 3, 10, 3, 30, 3, 10, 3]",18.34888693957116
"[30, 3, 10, 3, 10, 3, 30, 3, 30, 3, 10, 3, 10, 3, 10, 3, 30, 3, 13.670427362334754, 3, 10, 3, 10, 3, 10, 3, 30, 3, 10, 3]",17.275647173489258
"[30, 3, 14.928887194384092, 3, 10, 3, 30, 3, 30, 3, 10, 3, 10, 3, 10, 3, 30, 3, 10.771779808520199, 3, 10, 3, 10, 3, 10, 3, 30, 3, 10, 3]",15.992764132553587
"[30, 3, 10.043965678705423, 3, 10, 3, 30, 3, 30, 3, 10, 3, 10, 3, 10, 3, 30, 3, 26.015277277279054, 3, 10, 3, 10, 3, 10, 3, 30, 3, 10, 3]",16.05505263157896
"[30, 3, 10, 3, 10, 3, 30, 3, 30, 3, 10, 3, 10, 3, 10, 3, 30, 3, 22.262496047350957, 3, 10, 3, 10, 3, 10, 3, 30, 3, 10, 3]",17.637855750487336
"[30, 3, 10, 3, 10, 3, 30, 3, 30, 3, 10, 3, 10, 3, 10, 3, 30, 3, 24.669763032571986, 3, 10, 3, 10, 3, 10, 3, 30, 3, 10, 3]",16.61129044834311
"[30, 3, 10, 3, 10, 3, 30, 3, 30, 3, 10, 3, 10, 3, 10, 3, 30, 3, 21.371193244616588, 3, 10, 3, 10, 3, 10, 3, 30, 3, 10, 3]",17.20489863547753
"[30, 3, 14.23116455135913, 3, 10, 3, 30, 3, 30, 3, 10, 3, 10, 3, 10, 3, 30, 3, 10, 3, 10, 3, 10, 3, 10, 3, 30, 3, 10, 3]",15.60337426900584
"[30, 3, 10, 3, 10, 3, 30, 3, 30, 3, 10, 3, 10, 3, 10, 3, 30, 3, 22.790563535199492, 3, 10, 3, 10, 3, 10, 3, 30, 3, 10, 3]",15.750769980506801
"[30, 3, 10, 3, 10, 3, 30, 3, 30, 3, 10, 3, 10, 3, 10, 3, 30, 3, 25.35627229103759, 3, 10, 3, 10, 3, 10, 3, 30, 3, 10, 3]",17.670469785575033
"[30, 3, 15.641669631791789, 3, 10, 3, 30, 3, 30, 3, 10, 3, 10, 3, 10, 3, 30, 3, 14.440084699994973, 3, 10, 3, 10, 3, 10, 3, 30, 3, 10, 3]",16.69367251461988
"[30, 3, 14.299706698670208, 3, 10, 3, 30, 3, 30, 3, 10, 3, 10, 3, 10, 3, 30, 3, 23.43645738016899, 3, 10, 3, 10, 3, 10, 3, 30, 3, 10, 3]",17.793148148148177
"[30, 3, 21.372019831197697, 3, 10, 3, 30, 3, 30, 3, 10, 3, 10, 3, 10, 3, 30, 3, 25.542911896317506, 3, 10, 3, 10, 3, 10, 3, 30, 3, 10, 3]",15.869052631578933
"[30, 3, 15.799137544051325, 3, 10, 3, 30, 3, 30, 3, 10, 3, 10, 3, 10, 3, 30, 3, 24.862302246205918, 3, 10, 3, 10, 3, 10, 3, 30, 3, 10, 3]",16.57154385964914
"[30, 3, 13.486159642703651, 3, 10, 3, 30, 3, 30, 3, 10, 3, 10, 3, 10, 3, 30, 3, 26.715244837411888, 3, 10, 3, 10, 3, 10, 3, 30, 3, 10, 3]",17.266561403508774
"[30, 3, 10, 3, 10, 3, 30, 3, 30, 3, 10, 3, 10, 3, 10, 3, 30, 3, 20.610221702820233, 3, 10, 3, 10, 3, 10, 3, 30, 3, 10, 3]",17.560138401559474
"[30, 3, 14.758819664965698, 3, 10, 3, 30, 3, 30, 3, 10, 3, 10, 3, 10, 3, 30, 3, 10, 3, 10, 3, 10, 3, 10, 3, 30, 3, 10, 3]",16.199783625731015
"[30, 3, 11.669422498988169, 3, 10, 3, 30, 3, 30, 3, 10, 3, 10, 3, 10, 3, 30, 3, 24.311065590210305, 3, 10, 3, 10, 3, 10, 3, 30, 3, 10, 3]",17.65260623781675
"[30, 3, 15.868992579647772, 3, 10, 3, 30, 3, 30, 3, 10, 3, 10, 3, 10, 3, 30, 3, 24.843704967911087, 3, 10, 3, 10, 3, 10, 3, 30, 3, 10, 3]",16.11906627680312
"[30, 3, 12.804226951712563, 3, 10, 3, 30, 3, 30, 3, 10, 3, 10, 3, 10, 3, 30, 3, 21.49129284914272, 3, 10, 3, 10, 3, 10, 3, 30, 3, 10, 3]",16.35270175438593
"[30, 3, 14.51906538109862, 3, 10, 3, 30, 3, 30, 3, 10, 3, 10, 3, 10, 3, 30, 3, 22.888562678428553, 3, 10, 3, 10, 3, 10, 3, 30, 3, 10, 3]",16.939859649122816
"[30, 3, 10, 3, 10, 3, 30, 3, 30, 3, 10, 3, 10, 3, 10, 3, 30, 3, 13.670427362334754, 3, 10, 3, 10, 3, 10, 3, 30, 3, 10, 3]",15.625009746588706
"[30, 3, 14.928887194384092, 3, 10, 3, 30, 3, 30, 3, 10, 3, 10, 3, 10, 3, 30, 3, 10.771779808520199, 3, 10, 3, 10, 3, 10, 3, 30, 3, 10, 3]",16.41229629629628
"[30, 3, 10.043965678705423, 3, 10, 3, 30, 3, 30, 3, 10, 3, 10, 3, 10, 3, 30, 3, 26.015277277279054, 3, 10, 3, 10, 3, 10, 3, 30, 3, 10, 3]",17.378452241715383
"[30, 3, 10, 3, 10, 3, 30, 3, 30, 3, 10, 3, 10, 3, 10, 3, 30, 3, 22.262496047350957, 3, 10, 3, 10, 3, 10, 3, 30, 3, 10, 3]",16.561487329434733
"[30, 3, 10, 3, 10, 3, 30, 3, 30, 3, 10, 3, 10, 3, 10, 3, 30, 3, 24.669763032571986, 3, 10, 3, 10, 3, 10, 3, 30, 3, 10, 3]",14.460144249512647
"[30, 3, 10, 3, 10, 3, 30, 3, 30, 3, 10, 3, 10, 3, 10, 3, 30, 3, 21.371193244616588, 3, 10, 3, 10, 3, 10, 3, 30, 3, 10, 3]",16.75946393762179
"[30, 3, 14.23116455135913, 3, 10, 3, 30, 3, 30, 3, 10, 3, 10, 3, 10, 3, 30, 3, 10, 3, 10, 3, 10, 3, 10, 3, 30, 3, 10, 3]",17.901366471734878
"[30, 3, 10, 3, 10, 3, 30, 3, 30, 3, 10, 3, 10, 3, 10, 3, 30, 3, 22.790563535199492, 3, 10, 3, 10, 3, 10, 3, 30, 3, 10, 3]",17.306444444444473
"[30, 3, 10, 3, 10, 3, 30, 3, 30, 3, 10, 3, 10, 3, 10, 3, 30, 3, 25.35627229103759, 3, 10, 3, 10, 3, 10, 3, 30, 3, 10, 3]",17.627417153996102
"[30, 3, 15.641669631791789, 3, 10, 3, 30, 3, 30, 3, 10, 3, 10, 3, 10, 3, 30, 3, 14.440084699994973, 3, 10, 3, 10, 3, 10, 3, 30, 3, 10, 3]",16.428155945419096
"[30, 3, 14.299706698670208, 3, 10, 3, 30, 3, 30, 3, 10, 3, 10, 3, 10, 3, 30, 3, 23.43645738016899, 3, 10, 3, 10, 3, 10, 3, 30, 3, 10, 3]",15.069695906432703
"[30, 3, 21.372019831197697, 3, 10, 3, 30, 3, 30, 3, 10, 3, 10, 3, 10, 3, 30, 3, 25.542911896317506, 3, 10, 3, 10, 3, 10, 3, 30, 3, 10, 3]",16.864719298245625
"[30, 3, 15.799137544051325, 3, 10, 3, 30, 3, 30, 3, 10, 3, 10, 3, 10, 3, 30, 3, 24.862302246205918, 3, 10, 3, 10, 3, 10, 3, 30, 3, 10, 3]",15.458335282651053
"[30, 3, 13.486159642703651, 3, 10, 3, 30, 3, 30, 3, 10, 3, 10, 3, 10, 3, 30, 3, 26.715244837411888, 3, 10, 3, 10, 3, 10, 3, 30, 3, 10, 3]",16.200304093567247
"[30, 3, 10, 3, 10, 3, 30, 3, 30, 3, 10, 3, 10, 3, 10, 3, 30, 3, 20.610221702820233, 3, 10, 3, 10, 3, 10, 3, 30, 3, 10, 3]",17.423933723196868
"[30, 3, 14.758819664965698, 3, 10, 3, 30, 3, 30, 3, 10, 3, 10, 3, 10, 3, 30, 3, 10, 3, 10, 3, 10, 3, 10, 3, 30, 3, 10, 3]",15.851107212475652
"[30, 3, 11.669422498988169, 3, 10, 3, 30, 3, 30, 3, 10, 3, 10, 3, 10, 3, 30, 3, 24.311065590210305, 3, 10, 3, 10, 3, 10, 3, 30, 3, 10, 3]",15.959830409356744
"[30, 3, 15.868992579647772, 3, 10, 3, 30, 3, 30, 3, 10, 3, 10, 3, 10, 3, 30, 3, 24.843704967911087, 3, 10, 3, 10, 3, 10, 3, 30, 3, 10, 3]",15.952877192982417
"[30, 3, 12.804226951712563, 3, 10, 3, 30, 3, 30, 3, 10, 3, 10, 3, 10, 3, 30, 3, 21.49129284914272, 3, 10, 3, 10, 3, 10, 3, 30, 3, 10, 3]",17.589481481481492
"[30, 3, 14.51906538109862, 3, 10, 3, 30, 3, 30, 3, 10, 3, 10, 3, 10, 3, 30, 3, 22.888562678428553, 3, 10, 3, 10, 3, 10, 3, 30, 3, 10, 3]",16.910027290448365
"[30, 3, 10, 3, 10, 3, 30, 3, 30, 3, 10, 3, 10, 3, 10, 3, 30, 3, 13.670427362334754, 3, 10, 3, 10, 3, 10, 3, 30, 3, 10, 3]",15.90746003898636
"[30, 3, 14.928887194384092, 3, 10, 3, 30, 3, 30, 3, 10, 3, 10, 3, 10, 3, 30, 3, 10.771779808520199, 3, 10, 3, 10, 3, 10, 3, 30, 3, 10, 3]",16.303044834307986
"[30, 3, 10.043965678705423, 3, 10, 3, 30, 3, 30, 3, 10, 3, 10, 3, 10, 3, 30, 3, 26.015277277279054, 3, 10, 3, 10, 3, 10, 3, 30, 3, 10, 3]",16.437771929824578
"[30, 3, 10, 3, 10, 3, 30, 3, 30, 3, 10, 3, 10, 3, 10, 3, 30, 3, 22.262496047350957, 3, 10, 3, 10, 3, 10, 3, 30, 3, 10, 3]",15.109438596491204
"[30, 3, 10, 3, 10, 3, 30, 3, 30, 3, 10, 3, 10, 3, 10, 3, 30, 3, 24.669763032571986, 3, 10, 3, 10, 3, 10, 3, 30, 3, 10, 3]",17.056908382066275
"[30, 3, 10, 3, 10, 3, 30, 3, 30, 3, 10, 3, 10, 3, 10, 3, 30, 3, 21.371193244616588, 3, 10, 3, 10, 3, 10, 3, 30, 3, 10, 3]",16.510202729044842
"[30, 3, 14.23116455135913, 3, 10, 3, 30, 3, 30, 3, 10, 3, 10, 3, 10, 3, 30, 3, 10, 3, 10, 3, 10, 3, 10, 3, 30, 3, 10, 3]",17.733432748538053
"[30, 3, 10, 3, 10, 3, 30, 3, 30, 3, 10, 3, 10, 3, 10, 3, 30, 3, 22.790563535199492, 3, 10, 3, 10, 3, 10, 3, 30, 3, 10, 3]",18.456619883040965
"[30, 3, 10, 3, 10, 3, 30, 3, 30, 3, 10, 3, 10, 3, 10, 3, 30, 3, 25.35627229103759, 3, 10, 3, 10, 3, 10, 3, 30, 3, 10, 3]",17.816627680311882
"[30, 3, 15.641669631791789, 3, 10, 3, 30, 3, 30, 3, 10, 3, 10, 3, 10, 3, 30, 3, 14.440084699994973, 3, 10, 3, 10, 3, 10, 3, 30, 3, 10, 3]",16.292838206627692
"[30, 3, 14.299706698670208, 3, 10, 3, 30, 3, 30, 3, 10, 3, 10, 3, 10, 3, 30, 3, 23.43645738016899, 3, 10, 3, 10, 3, 10, 3, 30, 3, 10, 3]",16.02442884990252
"[30, 3, 21.372019831197697, 3, 10, 3, 30, 3, 30, 3, 10, 3, 10, 3, 10, 3, 30, 3, 25.542911896317506, 3, 10, 3, 10, 3, 10, 3, 30, 3, 10, 3]",13.832313840155955
"[30, 3, 15.799137544051325, 3, 10, 3, 30, 3, 30, 3, 10, 3, 10, 3, 10, 3, 30, 3, 24.862302246205918, 3, 10, 3, 10, 3, 10, 3, 30, 3, 10, 3]",16.73560428849901
"[30, 3, 13.486159642703651, 3, 10, 3, 30, 3, 30, 3, 10, 3, 10, 3, 10, 3, 30, 3, 26.715244837411888, 3, 10, 3, 10, 3, 10, 3, 30, 3, 10, 3]",16.70129044834309
"[30, 3, 10, 3, 10, 3, 30, 3, 30, 3, 10, 3, 10, 3, 10, 3, 30, 3, 20.610221702820233, 3, 10, 3, 10, 3, 10, 3, 30, 3, 10, 3]",18.628456140350877
"[30, 3, 14.758819664965698, 3, 10, 3, 30, 3, 30, 3, 10, 3, 10, 3, 10, 3, 30, 3, 10, 3, 10, 3, 10, 3, 10, 3, 30, 3, 10, 3]",17.1079298245614
"[30, 3, 11.669422498988169, 3, 10, 3, 30, 3, 30, 3, 10, 3, 10, 3, 10, 3, 30, 3, 24.311065590210305, 3, 10, 3, 10, 3, 10, 3, 30, 3, 10, 3]",16.127569200779742
"[30, 3, 15.868992579647772, 3, 10, 3, 30, 3, 30, 3, 10, 3, 10, 3, 10, 3, 30, 3, 24.843704967911087, 3, 10, 3, 10, 3, 10, 3, 30, 3, 10, 3]",15.478072124756327
"[30, 3, 12.804226951712563, 3, 10, 3, 30, 3, 30, 3, 10, 3, 10, 3, 10, 3, 30, 3, 21.49129284914272, 3, 10, 3, 10, 3, 10, 3, 30, 3, 10, 3]",15.43055555555555
"[30, 3, 14.51906538109862, 3, 10, 3, 30, 3, 30, 3, 10, 3, 10, 3, 10, 3, 30, 3, 22.888562678428553, 3, 10, 3, 10, 3, 10, 3, 30, 3, 10, 3]",17.03723976608187
"[30, 3, 10, 3, 10, 3, 30, 3, 30, 3, 10, 3, 10, 3, 10, 3, 30, 3, 13.670427362334754, 3, 10, 3, 10, 3, 10, 3, 30, 3, 10, 3]",16.416688109161804
"[30, 3, 14.928887194384092, 3, 10, 3, 30, 3, 30, 3, 10, 3, 10, 3, 10, 3, 30, 3, 10.771779808520199, 3, 10, 3, 10, 3, 10, 3, 30, 3, 10, 3]",17.05547758284602
"[30, 3, 10.043965678705423, 3, 10, 3, 30, 3, 30, 3, 10, 3, 10, 3, 10, 3, 30, 3, 26.015277277279054, 3, 10, 3, 10, 3, 10, 3, 30, 3, 10, 3]",16.535522417154024
"[30, 3, 10, 3, 10, 3, 30, 3, 30, 3, 10, 3, 10, 3, 10, 3, 30, 3, 22.262496047350957, 3, 10, 3, 10, 3, 10, 3, 30, 3, 10, 3]",15.749175438596497
"[30, 3, 10, 3, 10, 3, 30, 3, 30, 3, 10, 3, 10, 3, 10, 3, 30, 3, 24.669763032571986, 3, 10, 3, 10, 3, 10, 3, 30, 3, 10, 3]",14.928304093567238
"[30, 3, 10, 3, 10, 3, 30, 3, 30, 3, 10, 3, 10, 3, 10, 3, 30, 3, 21.371193244616588, 3, 10, 3, 10, 3, 10, 3, 30, 3, 10, 3]",16.214647173489286
"[30, 3, 14.23116455135913, 3, 10, 3, 30, 3, 30, 3, 10, 3, 10, 3, 10, 3, 30, 3, 10, 3, 10, 3, 10, 3, 10, 3, 30, 3, 10, 3]",15.543348927875241
"[30, 3, 10, 3, 10, 3, 30, 3, 30, 3, 10, 3, 10, 3, 10, 3, 30, 3, 22.790563535199492, 3, 10, 3, 10, 3, 10, 3, 30, 3, 10, 3]",16.103678362573092
"[30, 3, 10, 3, 10, 3, 30, 3, 30, 3, 10, 3, 10, 3, 10, 3, 30, 3, 25.35627229103759, 3, 10, 3, 10, 3, 10, 3, 30, 3, 10, 3]",15.906623781676457
"[30, 3, 15.641669631791789, 3, 10, 3, 30, 3, 30, 3, 10, 3, 10, 3, 10, 3, 30, 3, 14.440084699994973, 3, 10, 3, 10, 3, 10, 3, 30, 3, 10, 3]",18.3284951267057
"[30, 3, 14.299706698670208, 3, 10, 3, 30, 3, 30, 3, 10, 3, 10, 3, 10, 3, 30, 3, 23.43645738016899, 3, 10, 3, 10, 3, 10, 3, 30, 3, 10, 3]",17.213202729044852
"[30, 3, 21.372019831197697, 3, 10, 3, 30, 3, 30, 3, 10, 3, 10, 3, 10, 3, 30, 3, 25.542911896317506, 3, 10, 3, 10, 3, 10, 3, 30, 3, 10, 3]",16.76660233918129
"[30, 3, 15.799137544051325, 3, 10, 3, 30, 3, 30, 3, 10, 3, 10, 3, 10, 3, 30, 3, 24.862302246205918, 3, 10, 3, 10, 3, 10, 3, 30, 3, 10, 3]",14.814894736842083
"[30, 3, 13.486159642703651, 3, 10, 3, 30, 3, 30, 3, 10, 3, 10, 3, 10, 3, 30, 3, 26.715244837411888, 3, 10, 3, 10, 3, 10, 3, 30, 3, 10, 3]",17.725892787524394
"[30, 3, 10, 3, 10, 3, 30, 3, 30, 3, 10, 3, 10, 3, 10, 3, 30, 3, 20.610221702820233, 3, 10, 3, 10, 3, 10, 3, 30, 3, 10, 3]",15.551255360623793
"[30, 3, 14.758819664965698, 3, 10, 3, 30, 3, 30, 3, 10, 3, 10, 3, 10, 3, 30, 3, 10, 3, 10, 3, 10, 3, 10, 3, 30, 3, 10, 3]",17.055668615984423
"[30, 3, 11.669422498988169, 3, 10, 3, 30, 3, 30, 3, 10, 3, 10, 3, 10, 3, 30, 3, 24.311065590210305, 3, 10, 3, 10, 3, 10, 3, 30, 3, 10, 3]",15.921836257309941
"[30, 3, 15.868992579647772, 3, 10, 3, 30, 3, 30, 3, 10, 3, 10, 3, 10, 3, 30, 3, 24.843704967911087, 3, 10, 3, 10, 3, 10, 3, 30, 3, 10, 3]",15.311239766081854
"[30, 3, 12.804226951712563, 3, 10, 3, 30, 3, 30, 3, 10, 3, 10, 3, 10, 3, 30, 3, 21.49129284914272, 3, 10, 3, 10, 3, 10, 3, 30, 3, 10, 3]",18.358241715399622
"[30, 3, 14.51906538109862, 3, 10, 3, 30, 3, 30, 3, 10, 3, 10, 3, 10, 3, 30, 3, 22.888562678428553, 3, 10, 3, 10, 3, 10, 3, 30, 3, 10, 3]",17.43305653021441
"[30, 3, 10, 3, 10, 3, 30, 3, 30, 3, 10, 3, 10, 3, 10, 3, 30, 3, 13.670427362334754, 3, 10, 3, 10, 3, 10, 3, 30, 3, 10, 3]",15.794171539960994
"[30, 3, 14.928887194384092, 3, 10, 3, 30, 3, 30, 3, 10, 3, 10, 3, 10, 3, 30, 3, 10.771779808520199, 3, 10, 3, 10, 3, 10, 3, 30, 3, 10, 3]",15.469140350877176
"[30, 3, 10.043965678705423, 3, 10, 3, 30, 3, 30, 3, 10, 3, 10, 3, 10, 3, 30, 3, 26.015277277279054, 3, 10, 3, 10, 3, 10, 3, 30, 3, 10, 3]",15.472288499025304
"[30, 3, 10, 3, 10, 3, 30, 3, 30, 3, 10, 3, 10, 3, 10, 3, 30, 3, 22.262496047350957, 3, 10, 3, 10, 3, 10, 3, 30, 3, 10, 3]",15.373754385964979
"[30, 3, 10, 3, 10, 3, 30, 3, 30, 3, 10, 3, 10, 3, 10, 3, 30, 3, 24.669763032571986, 3, 10, 3, 10, 3, 10, 3, 30, 3, 10, 3]",16.371107212475625
"[30, 3, 10, 3, 10, 3, 30, 3, 30, 3, 10, 3, 10, 3, 10, 3, 30, 3, 21.371193244616588, 3, 10, 3, 10, 3, 10, 3, 30, 3, 10, 3]",17.035115009746587
"[30, 3, 14.23116455135913, 3, 10, 3, 30, 3, 30, 3, 10, 3, 10, 3, 10, 3, 30, 3, 10, 3, 10, 3, 10, 3, 10, 3, 30, 3, 10, 3]",17.052576998050657
"[30, 3, 10, 3, 10, 3, 30, 3, 30, 3, 10, 3, 10, 3, 10, 3, 30, 3, 22.790563535199492, 3, 10, 3, 10, 3, 10, 3, 30, 3, 10, 3]",15.240736842105253
"[30, 3, 10, 3, 10, 3, 30, 3, 30, 3, 10, 3, 10, 3, 10, 3, 30, 3, 25.35627229103759, 3, 10, 3, 10, 3, 10, 3, 30, 3, 10, 3]",17.31425146198833
"[30, 3, 15.641669631791789, 3, 10, 3, 30, 3, 30, 3, 10, 3, 10, 3, 10, 3, 30, 3, 14.440084699994973, 3, 10, 3, 10, 3, 10, 3, 30, 3, 10, 3]",17.69373294346978
"[30, 3, 14.299706698670208, 3, 10, 3, 30, 3, 30, 3, 10, 3, 10, 3, 10, 3, 30, 3, 23.43645738016899, 3, 10, 3, 10, 3, 10, 3, 30, 3, 10, 3]",16.63289863547759
"[30, 3, 21.372019831197697, 3, 10, 3, 30, 3, 30, 3, 10, 3, 10, 3, 10, 3, 30, 3, 25.542911896317506, 3, 10, 3, 10, 3, 10, 3, 30, 3, 10, 3]",16.233512670565364
"[30, 3, 15.799137544051325, 3, 10, 3, 30, 3, 30, 3, 10, 3, 10, 3, 10, 3, 30, 3, 24.862302246205918, 3, 10, 3, 10, 3, 10, 3, 30, 3, 10, 3]",16.189052631578917
"[30, 3, 13.486159642703651, 3, 10, 3, 30, 3, 30, 3, 10, 3, 10, 3, 10, 3, 30, 3, 26.715244837411888, 3, 10, 3, 10, 3, 10, 3, 30, 3, 10, 3]",19.25753606237812
"[30, 3, 10, 3, 10, 3, 30, 3, 30, 3, 10, 3, 10, 3, 10, 3, 30, 3, 20.610221702820233, 3, 10, 3, 10, 3, 10, 3, 30, 3, 10, 3]",15.943191033138403
"[30, 3, 14.758819664965698, 3, 10, 3, 30, 3, 30, 3, 10, 3, 10, 3, 10, 3, 30, 3, 10, 3, 10, 3, 10, 3, 10, 3, 30, 3, 10, 3]",17.493639376218283
"[30, 3, 11.669422498988169, 3, 10, 3, 30, 3, 30, 3, 10, 3, 10, 3, 10, 3, 30, 3, 24.311065590210305, 3, 10, 3, 10, 3, 10, 3, 30, 3, 10, 3]",17.793709551656864
"[30, 3, 15.868992579647772, 3, 10, 3, 30, 3, 30, 3, 10, 3, 10, 3, 10, 3, 30, 3, 24.843704967911087, 3, 10, 3, 10, 3, 10, 3, 30, 3, 10, 3]",15.201520467836271
"[30, 3, 12.804226951712563, 3, 10, 3, 30, 3, 30, 3, 10, 3, 10, 3, 10, 3, 30, 3, 21.49129284914272, 3, 10, 3, 10, 3, 10, 3, 30, 3, 10, 3]",16.85411306042886
"[30, 3, 14.51906538109862, 3, 10, 3, 30, 3, 30, 3, 10, 3, 10, 3, 10, 3, 30, 3, 22.888562678428553, 3, 10, 3, 10, 3, 10, 3, 30, 3, 10, 3]",17.248779727095542
"[30, 3, 10, 3, 10, 3, 30, 3, 30, 3, 10, 3, 10, 3, 10, 3, 30, 3, 13.670427362334754, 3, 10, 3, 10, 3, 10, 3, 30, 3, 10, 3]",17.317857699805042
"[30, 3, 14.928887194384092, 3, 10, 3, 30, 3, 30, 3, 10, 3, 10, 3, 10, 3, 30, 3, 10.771779808520199, 3, 10, 3, 10, 3, 10, 3, 30, 3, 10, 3]",16.0575536062378
"[30, 3, 10.043965678705423, 3, 10, 3, 30, 3, 30, 3, 10, 3, 10, 3, 10, 3, 30, 3, 26.015277277279054, 3, 10, 3, 10, 3, 10, 3, 30, 3, 10, 3]",17.13104093567251
"[30, 3, 10, 3, 10, 3, 30, 3, 30, 3, 10, 3, 10, 3, 10, 3, 30, 3, 22.262496047350957, 3, 10, 3, 10, 3, 10, 3, 30, 3, 10, 3]",16.136477582846
"[30, 3, 10, 3, 10, 3, 30, 3, 30, 3, 10, 3, 10, 3, 10, 3, 30, 3, 24.669763032571986, 3, 10, 3, 10, 3, 10, 3, 30, 3, 10, 3]",17.081288499025366
"[30, 3, 10, 3, 10, 3, 30, 3, 30, 3, 10, 3, 10, 3, 10, 3, 30, 3, 21.371193244616588, 3, 10, 3, 10, 3, 10, 3, 30, 3, 10, 3]",17.597169590643293
"[30, 3, 14.23116455135913, 3, 10, 3, 30, 3, 30, 3, 10, 3, 10, 3, 10, 3, 30, 3, 10, 3, 10, 3, 10, 3, 10, 3, 30, 3, 10, 3]",16.352727095516595
"[30, 3, 10, 3, 10, 3, 30, 3, 30, 3, 10, 3, 10, 3, 10, 3, 30, 3, 22.790563535199492, 3, 10, 3, 10, 3, 10, 3, 30, 3, 10, 3]",17.531890838206618
"[30, 3, 10, 3, 10, 3, 30, 3, 30, 3, 10, 3, 10, 3, 10, 3, 30, 3, 25.35627229103759, 3, 10, 3, 10, 3, 10, 3, 30, 3, 10, 3]",17.277183235867447
"[30, 3, 15.641669631791789, 3, 10, 3, 30, 3, 30, 3, 10, 3, 10, 3, 10, 3, 30, 3, 14.440084699994973, 3, 10, 3, 10, 3, 10, 3, 30, 3, 10, 3]",17.261401559454175
"[30, 3, 14.299706698670208, 3, 10, 3, 30, 3, 30, 3, 10, 3, 10, 3, 10, 3, 30, 3, 23.43645738016899, 3, 10, 3, 10, 3, 10, 3, 30, 3, 10, 3]",18.232734892787533
"[30, 3, 21.372019831197697, 3, 10, 3, 30, 3, 30, 3, 10, 3, 10, 3, 10, 3, 30, 3, 25.542911896317506, 3, 10, 3, 10, 3, 10, 3, 30, 3, 10, 3]",15.162697855750508
"[30, 3, 15.799137544051325, 3, 10, 3, 30, 3, 30, 3, 10, 3, 10, 3, 10, 3, 30, 3, 24.862302246205918, 3, 10, 3, 10, 3, 10, 3, 30, 3, 10, 3]",17.035251461988317
"[30, 3, 13.486159642703651, 3, 10, 3, 30, 3, 30, 3, 10, 3, 10, 3, 10, 3, 30, 3, 26.715244837411888, 3, 10, 3, 10, 3, 10, 3, 30, 3, 10, 3]",17.77918908382063
"[30, 3, 10, 3, 10, 3, 30, 3, 30, 3, 10, 3, 10, 3, 10, 3, 30, 3, 20.610221702820233, 3, 10, 3, 10, 3, 10, 3, 30, 3, 10, 3]",16.07296686159845
"[30, 3, 14.758819664965698, 3, 10, 3, 30, 3, 30, 3, 10, 3, 10, 3, 10, 3, 30, 3, 10, 3, 10, 3, 10, 3, 10, 3, 30, 3, 10, 3]",15.52290643274852
"[30, 3, 11.669422498988169, 3, 10, 3, 30, 3, 30, 3, 10, 3, 10, 3, 10, 3, 30, 3, 24.311065590210305, 3, 10, 3, 10, 3, 10, 3, 30, 3, 10, 3]",17.023773879142336
"[30, 3, 15.868992579647772, 3, 10, 3, 30, 3, 30, 3, 10, 3, 10, 3, 10, 3, 30, 3, 24.843704967911087, 3, 10, 3, 10, 3, 10, 3, 30, 3, 10, 3]",16.798608187134455
"[30, 3, 12.804226951712563, 3, 10, 3, 30, 3, 30, 3, 10, 3, 10, 3, 10, 3, 30, 3, 21.49129284914272, 3, 10, 3, 10, 3, 10, 3, 30, 3, 10, 3]",16.507974658869404
"[30, 3, 14.51906538109862, 3, 10, 3, 30, 3, 30, 3, 10, 3, 10, 3, 10, 3, 30, 3, 22.888562678428553, 3, 10, 3, 10, 3, 10, 3, 30, 3, 10, 3]",16.042267056530193
"[30, 3, 10, 3, 10, 3, 30, 3, 30, 3, 10, 3, 10, 3, 10, 3, 30, 3, 13.670427362334754, 3, 10, 3, 10, 3, 10, 3, 30, 3, 10, 3]",14.785085769980482
"[30, 3, 14.928887194384092, 3, 10, 3, 30, 3, 30, 3, 10, 3, 10, 3, 10, 3, 30, 3, 10.771779808520199, 3, 10, 3, 10, 3, 10, 3, 30, 3, 10, 3]",17.723730994151992
"[30, 3, 10.043965678705423, 3, 10, 3, 30, 3, 30, 3, 10, 3, 10, 3, 10, 3, 30, 3, 26.015277277279054, 3, 10, 3, 10, 3, 10, 3, 30, 3, 10, 3]",17.71531773879139
"[30, 3, 10, 3, 10, 3, 30, 3, 30, 3, 10, 3, 10, 3, 10, 3, 30, 3, 22.262496047350957, 3, 10, 3, 10, 3, 10, 3, 30, 3, 10, 3]",15.882364522417154
"[30, 3, 10, 3, 10, 3, 30, 3, 30, 3, 10, 3, 10, 3, 10, 3, 30, 3, 24.669763032571986, 3, 10, 3, 10, 3, 10, 3, 30, 3, 10, 3]",15.839666666666671
"[30, 3, 10, 3, 10, 3, 30, 3, 30, 3, 10, 3, 10, 3, 10, 3, 30, 3, 21.371193244616588, 3, 10, 3, 10, 3, 10, 3, 30, 3, 10, 3]",17.713165692007763
"[30, 3, 14.23116455135913, 3, 10, 3, 30, 3, 30, 3, 10, 3, 10, 3, 10, 3, 30, 3, 10, 3, 10, 3, 10, 3, 10, 3, 30, 3, 10, 3]",18.272748538011708
"[30, 3, 10, 3, 10, 3, 30, 3, 30, 3, 10, 3, 10, 3, 10, 3, 30, 3, 22.790563535199492, 3, 10, 3, 10, 3, 10, 3, 30, 3, 10, 3]",16.203013645224193
"[30, 3, 10, 3, 10, 3, 30, 3, 30, 3, 10, 3, 10, 3, 10, 3, 30, 3, 25.35627229103759, 3, 10, 3, 10, 3, 10, 3, 30, 3, 10, 3]",16.935641325536
"[30, 3, 15.641669631791789, 3, 10, 3, 30, 3, 30, 3, 10, 3, 10, 3, 10, 3, 30, 3, 14.440084699994973, 3, 10, 3, 10, 3, 10, 3, 30, 3, 10, 3]",17.747037037037074
"[30, 3, 14.299706698670208, 3, 10, 3, 30, 3, 30, 3, 10, 3, 10, 3, 10, 3, 30, 3, 23.43645738016899, 3, 10, 3, 10, 3, 10, 3, 30, 3, 10, 3]",17.84383625730993
"[30, 3, 21.372019831197697, 3, 10, 3, 30, 3, 30, 3, 10, 3, 10, 3, 10, 3, 30, 3, 25.542911896317506, 3, 10, 3, 10, 3, 10, 3, 30, 3, 10, 3]",16.15128265107211
"[30, 3, 15.799137544051325, 3, 10, 3, 30, 3, 30, 3, 10, 3, 10, 3, 10, 3, 30, 3, 24.862302246205918, 3, 10, 3, 10, 3, 10, 3, 30, 3, 10, 3]",15.665888888888905
"[30, 3, 13.486159642703651, 3, 10, 3, 30, 3, 30, 3, 10, 3, 10, 3, 10, 3, 30, 3, 26.715244837411888, 3, 10, 3, 10, 3, 10, 3, 30, 3, 10, 3]",16.68316179337234
"[30, 3, 10, 3, 10, 3, 30, 3, 30, 3, 10, 3, 10, 3, 10, 3, 30, 3, 20.610221702820233, 3, 10, 3, 10, 3, 10, 3, 30, 3, 10, 3]",15.768805068226133
"[30, 3, 14.758819664965698, 3, 10, 3, 30, 3, 30, 3, 10, 3, 10, 3, 10, 3, 30, 3, 10, 3, 10, 3, 10, 3, 10, 3, 30, 3, 10, 3]",16.129465886939567
"[30, 3, 11.669422498988169, 3, 10, 3, 30, 3, 30, 3, 10, 3, 10, 3, 10, 3, 30, 3, 24.311065590210305, 3, 10, 3, 10, 3, 10, 3, 30, 3, 10, 3]",16.111528265107232
"[30, 3, 15.868992579647772, 3, 10, 3, 30, 3, 30, 3, 10, 3, 10, 3, 10, 3, 30, 3, 24.843704967911087, 3, 10, 3, 10, 3, 10, 3, 30, 3, 10, 3]",16.718362573099377
"[30, 3, 12.804226951712563, 3, 10, 3, 30, 3, 30, 3, 10, 3, 10, 3, 10, 3, 30, 3, 21.49129284914272, 3, 10, 3, 10, 3, 10, 3, 30, 3, 10, 3]",15.214565302144266
"[30, 3, 14.51906538109862, 3, 10, 3, 30, 3, 30, 3, 10, 3, 10, 3, 10, 3, 30, 3, 22.888562678428553, 3, 10, 3, 10, 3, 10, 3, 30, 3, 10, 3]",17.319949317738757
"[30, 3, 10, 3, 10, 3, 30, 3, 30, 3, 10, 3, 10, 3, 10, 3, 30, 3, 13.670427362334754, 3, 10, 3, 10, 3, 10, 3, 30, 3, 10, 3]",16.020846003898637
"[30, 3, 14.928887194384092, 3, 10, 3, 30, 3, 30, 3, 10, 3, 10, 3, 10, 3, 30, 3, 10.771779808520199, 3, 10, 3, 10, 3, 10, 3, 30, 3, 10, 3]",17.795179337231954
"[30, 3, 10.043965678705423, 3, 10, 3, 30, 3, 30, 3, 10, 3, 10, 3, 10, 3, 30, 3, 26.015277277279054, 3, 10, 3, 10, 3, 10, 3, 30, 3, 10, 3]",16.734943469785648
"[30, 3, 10, 3, 10, 3, 30, 3, 30, 3, 10, 3, 10, 3, 10, 3, 30, 3, 22.262496047350957, 3, 10, 3, 10, 3, 10, 3, 30, 3, 10, 3]",16.87267836257312
"[30, 3, 10, 3, 10, 3, 30, 3, 30, 3, 10, 3, 10, 3, 10, 3, 30, 3, 24.669763032571986, 3, 10, 3, 10, 3, 10, 3, 30, 3, 10, 3]",17.612955165692046
"[30, 3, 10, 3, 10, 3, 30, 3, 30, 3, 10, 3, 10, 3, 10, 3, 30, 3, 21.371193244616588, 3, 10, 3, 10, 3, 10, 3, 30, 3, 10, 3]",17.372152046783615
"[30, 3, 14.23116455135913, 3, 10, 3, 30, 3, 30, 3, 10, 3, 10, 3, 10, 3, 30, 3, 10, 3, 10, 3, 10, 3, 10, 3, 30, 3, 10, 3]",16.691516569200786
"[30, 3, 10, 3, 10, 3, 30, 3, 30, 3, 10, 3, 10, 3, 10, 3, 30, 3, 22.790563535199492, 3, 10, 3, 10, 3, 10, 3, 30, 3, 10, 3]",17.788510721247523
"[30, 3, 10, 3, 10, 3, 30, 3, 30, 3, 10, 3, 10, 3, 10, 3, 30, 3, 25.35627229103759, 3, 10, 3, 10, 3, 10, 3, 30, 3, 10, 3]",16.34133528265108
"[30, 3, 15.641669631791789, 3, 10, 3, 30, 3, 30, 3, 10, 3, 10, 3, 10, 3, 30, 3, 14.440084699994973, 3, 10, 3, 10, 3, 10, 3, 30, 3, 10, 3]",17.167493177387957
"[30, 3, 14.299706698670208, 3, 10, 3, 30, 3, 30, 3, 10, 3, 10, 3, 10, 3, 30, 3, 23.43645738016899, 3, 10, 3, 10, 3, 10, 3, 30, 3, 10, 3]",18.246163742690072
"[30, 3, 21.372019831197697, 3, 10, 3, 30, 3, 30, 3, 10, 3, 10, 3, 10, 3, 30, 3, 25.542911896317506, 3, 10, 3, 10, 3, 10, 3, 30, 3, 10, 3]",16.311029239766054
"[30, 3, 15.799137544051325, 3, 10, 3, 30, 3, 30, 3, 10, 3, 10, 3, 10, 3, 30, 3, 24.862302246205918, 3, 10, 3, 10, 3, 10, 3, 30, 3, 10, 3]",16.707037037037058
"[30, 3, 13.486159642703651, 3, 10, 3, 30, 3, 30, 3, 10, 3, 10, 3, 10, 3, 30, 3, 26.715244837411888, 3, 10, 3, 10, 3, 10, 3, 30, 3, 10, 3]",15.031715399610164
"[30, 3, 10, 3, 10, 3, 30, 3, 30, 3, 10, 3, 10, 3, 10, 3, 30, 3, 20.610221702820233, 3, 10, 3, 10, 3, 10, 3, 30, 3, 10, 3]",15.634709551656877
"[30, 3, 14.758819664965698, 3, 10, 3, 30, 3, 30, 3, 10, 3, 10, 3, 10, 3, 30, 3, 10, 3, 10, 3, 10, 3, 10, 3, 30, 3, 10, 3]",16.114368421052625
"[30, 3, 11.669422498988169, 3, 10, 3, 30, 3, 30, 3, 10, 3, 10, 3, 10, 3, 30, 3, 24.311065590210305, 3, 10, 3, 10, 3, 10, 3, 30, 3, 10, 3]",16.980734892787556
"[30, 3, 15.868992579647772, 3, 10, 3, 30, 3, 30, 3, 10, 3, 10, 3, 10, 3, 30, 3, 24.843704967911087, 3, 10, 3, 10, 3, 10, 3, 30, 3, 10, 3]",15.357575048732947
"[30, 3, 12.804226951712563, 3, 10, 3, 30, 3, 30, 3, 10, 3, 10, 3, 10, 3, 30, 3, 21.49129284914272, 3, 10, 3, 10, 3, 10, 3, 30, 3, 10, 3]",17.65867641325536
"[30, 3, 14.51906538109862, 3, 10, 3, 30, 3, 30, 3, 10, 3, 10, 3, 10, 3, 30, 3, 22.888562678428553, 3, 10, 3, 10, 3, 10, 3, 30, 3, 10, 3]",16.257998050682264
"[30, 3, 10, 3, 10, 3, 30, 3, 30, 3, 10, 3, 10, 3, 10, 3, 30, 3, 13.670427362334754, 3, 10, 3, 10, 3, 10, 3, 30, 3, 10, 3]",16.293298245614093
"[30, 3, 14.928887194384092, 3, 10, 3, 30, 3, 30, 3, 10, 3, 10, 3, 10, 3, 30, 3, 10.771779808520199, 3, 10, 3, 10, 3, 10, 3, 30, 3, 10, 3]",17.70306627680315
"[30, 3, 10.043965678705423, 3, 10, 3, 30, 3, 30, 3, 10, 3, 10, 3, 10, 3, 30, 3, 26.015277277279054, 3, 10, 3, 10, 3, 10, 3, 30, 3, 10, 3]",15.634752436647176
"[30, 3, 10, 3, 10, 3, 30, 3, 30, 3, 10, 3, 10, 3, 10, 3, 30, 3, 22.262496047350957, 3, 10, 3, 10, 3, 10, 3, 30, 3, 10, 3]",18.15856140350878
"[30, 3, 10, 3, 10, 3, 30, 3, 30, 3, 10, 3, 10, 3, 10, 3, 30, 3, 24.669763032571986, 3, 10, 3, 10, 3, 10, 3, 30, 3, 10, 3]",17.628259259259224
"[30, 3, 10, 3, 10, 3, 30, 3, 30, 3, 10, 3, 10, 3, 10, 3, 30, 3, 21.371193244616588, 3, 10, 3, 10, 3, 10, 3, 30, 3, 10, 3]",15.951397660818712
"[30, 3, 14.23116455135913, 3, 10, 3, 30, 3, 30, 3, 10, 3, 10, 3, 10, 3, 30, 3, 10, 3, 10, 3, 10, 3, 10, 3, 30, 3, 10, 3]",14.721286549707575
"[30, 3, 10, 3, 10, 3, 30, 3, 30, 3, 10, 3, 10, 3, 10, 3, 30, 3, 22.790563535199492, 3, 10, 3, 10, 3, 10, 3, 30, 3, 10, 3]",16.526830409356712
"[30, 3, 10, 3, 10, 3, 30, 3, 30, 3, 10, 3, 10, 3, 10, 3, 30, 3, 25.35627229103759, 3, 10, 3, 10, 3, 10, 3, 30, 3, 10, 3]",15.142539961013643
"[30, 3, 15.641669631791789, 3, 10, 3, 30, 3, 30, 3, 10, 3, 10, 3, 10, 3, 30, 3, 14.440084699994973, 3, 10, 3, 10, 3, 10, 3, 30, 3, 10, 3]",16.400701754385988
"[30, 3, 14.299706698670208, 3, 10, 3, 30, 3, 30, 3, 10, 3, 10, 3, 10, 3, 30, 3, 23.43645738016899, 3, 10, 3, 10, 3, 10, 3, 30, 3, 10, 3]",16.299896686159816
"[30, 3, 21.372019831197697, 3, 10, 3, 30, 3, 30, 3, 10, 3, 10, 3, 10, 3, 30, 3, 25.542911896317506, 3, 10, 3, 10, 3, 10, 3, 30, 3, 10, 3]",15.05785575048733
"[30, 3, 15.799137544051325, 3, 10, 3, 30, 3, 30, 3, 10, 3, 10, 3, 10, 3, 30, 3, 24.862302246205918, 3, 10, 3, 10, 3, 10, 3, 30, 3, 10, 3]",17.144686159844035
"[30, 3, 13.486159642703651, 3, 10, 3, 30, 3, 30, 3, 10, 3, 10, 3, 10, 3, 30, 3, 26.715244837411888, 3, 10, 3, 10, 3, 10, 3, 30, 3, 10, 3]",14.819335282651062
"[30, 3, 10, 3, 10, 3, 30, 3, 30, 3, 10, 3, 10, 3, 10, 3, 30, 3, 20.610221702820233, 3, 10, 3, 10, 3, 10, 3, 30, 3, 10, 3]",17.811358674463943
"[30, 3, 14.758819664965698, 3, 10, 3, 30, 3, 30, 3, 10, 3, 10, 3, 10, 3, 30, 3, 10, 3, 10, 3, 10, 3, 10, 3, 30, 3, 10, 3]",16.81275828460035
"[30, 3, 11.669422498988169, 3, 10, 3, 30, 3, 30, 3, 10, 3, 10, 3, 10, 3, 30, 3, 24.311065590210305, 3, 10, 3, 10, 3, 10, 3, 30, 3, 10, 3]",16.801610136452272
"[30, 3, 15.868992579647772, 3, 10, 3, 30, 3, 30, 3, 10, 3, 10, 3, 10, 3, 30, 3, 24.843704967911087, 3, 10, 3, 10, 3, 10, 3, 30, 3, 10, 3]",14.355146198830427
"[30, 3, 12.804226951712563, 3, 10, 3, 30, 3, 30, 3, 10, 3, 10, 3, 10, 3, 30, 3, 21.49129284914272, 3, 10, 3, 10, 3, 10, 3, 30, 3, 10, 3]",16.245265107212454
"[30, 3, 14.51906538109862, 3, 10, 3, 30, 3, 30, 3, 10, 3, 10, 3, 10, 3, 30, 3, 22.888562678428553, 3, 10, 3, 10, 3, 10, 3, 30, 3, 10, 3]",18.30815009746586
"[30, 3, 10, 3, 10, 3, 30, 3, 30, 3, 10, 3, 10, 3, 10, 3, 30, 3, 13.670427362334754, 3, 10, 3, 10, 3, 10, 3, 30, 3, 10, 3]",16.398863547758296
"[30, 3, 14.928887194384092, 3, 10, 3, 30, 3, 30, 3, 10, 3, 10, 3, 10, 3, 30, 3, 10.771779808520199, 3, 10, 3, 10, 3, 10, 3, 30, 3, 10, 3]",17.417081871345033
"[30, 3, 10.043965678705423, 3, 10, 3, 30, 3, 30, 3, 10, 3, 10, 3, 10, 3, 30, 3, 26.015277277279054, 3, 10, 3, 10, 3, 10, 3, 30, 3, 10, 3]",15.815947368421032
"[30, 3, 10, 3, 10, 3, 30, 3, 30, 3, 10, 3, 10, 3, 10, 3, 30, 3, 22.262496047350957, 3, 10, 3, 10, 3, 10, 3, 30, 3, 10, 3]",16.30262183235863
"[30, 3, 10, 3, 10, 3, 30, 3, 30, 3, 10, 3, 10, 3, 10, 3, 30, 3, 24.669763032571986, 3, 10, 3, 10, 3, 10, 3, 30, 3, 10, 3]",17.059768031189115
"[30, 3, 10, 3, 10, 3, 30, 3, 30, 3, 10, 3, 10, 3, 10, 3, 30, 3, 21.371193244616588, 3, 10, 3, 10, 3, 10, 3, 30, 3, 10, 3]",15.814085769980492
"[30, 3, 14.23116455135913, 3, 10, 3, 30, 3, 30, 3, 10, 3, 10, 3, 10, 3, 30, 3, 10, 3, 10, 3, 10, 3, 10, 3, 30, 3, 10, 3]",16.424128654970755
"[30, 3, 10, 3, 10, 3, 30, 3, 30, 3, 10, 3, 10, 3, 10, 3, 30, 3, 22.790563535199492, 3, 10, 3, 10, 3, 10, 3, 30, 3, 10, 3]",16.068430799220263
"[30, 3, 10, 3, 10, 3, 30, 3, 30, 3, 10, 3, 10, 3, 10, 3, 30, 3, 25.35627229103759, 3, 10, 3, 10, 3, 10, 3, 30, 3, 10, 3]",18.506171539961016
"[30, 3, 15.641669631791789, 3, 10, 3, 30, 3, 30, 3, 10, 3, 10, 3, 10, 3, 30, 3, 14.440084699994973, 3, 10, 3, 10, 3, 10, 3, 30, 3, 10, 3]",15.23308771929824
"[30, 3, 14.299706698670208, 3, 10, 3, 30, 3, 30, 3, 10, 3, 10, 3, 10, 3, 30, 3, 23.43645738016899, 3, 10, 3, 10, 3, 10, 3, 30, 3, 10, 3]",15.922325536062354
"[30, 3, 21.372019831197697, 3, 10, 3, 30, 3, 30, 3, 10, 3, 10, 3, 10, 3, 30, 3, 25.542911896317506, 3, 10, 3, 10, 3, 10, 3, 30, 3, 10, 3]",18.523567251461984
"[30, 3, 15.799137544051325, 3, 10, 3, 30, 3, 30, 3, 10, 3, 10, 3, 10, 3, 30, 3, 24.862302246205918, 3, 10, 3, 10, 3, 10, 3, 30, 3, 10, 3]",17.498949317738795
"[30, 3, 13.486159642703651, 3, 10, 3, 30, 3, 30, 3, 10, 3, 10, 3, 10, 3, 30, 3, 26.715244837411888, 3, 10, 3, 10, 3, 10, 3, 30, 3, 10, 3]",16.91559454191037
"[30, 3, 10, 3, 10, 3, 30, 3, 30, 3, 10, 3, 10, 3, 10, 3, 30, 3, 20.610221702820233, 3, 10, 3, 10, 3, 10, 3, 30, 3, 10, 3]",17.903222222222208
"[30, 3, 14.758819664965698, 3, 10, 3, 30, 3, 30, 3, 10, 3, 10, 3, 10, 3, 30, 3, 10, 3, 10, 3, 10, 3, 10, 3, 30, 3, 10, 3]",17.31728265107211
"[30, 3, 11.669422498988169, 3, 10, 3, 30, 3, 30, 3, 10, 3, 10, 3, 10, 3, 30, 3, 24.311065590210305, 3, 10, 3, 10, 3, 10, 3, 30, 3, 10, 3]",15.86774463937621
"[30, 3, 15.868992579647772, 3, 10, 3, 30, 3, 30, 3, 10, 3, 10, 3, 10, 3, 30, 3, 24.843704967911087, 3, 10, 3, 10, 3, 10, 3, 30, 3, 10, 3]",15.885656920077984
"[30, 3, 12.804226951712563, 3, 10, 3, 30, 3, 30, 3, 10, 3, 10, 3, 10, 3, 30, 3, 21.49129284914272, 3, 10, 3, 10, 3, 10, 3, 30, 3, 10, 3]",16.248300194931748
"[30, 3, 14.51906538109862, 3, 10, 3, 30, 3, 30, 3, 10, 3, 10, 3, 10, 3, 30, 3, 22.888562678428553, 3, 10, 3, 10, 3, 10, 3, 30, 3, 10, 3]",17.44537231968808
"[30, 3, 10, 3, 10, 3, 30, 3, 30, 3, 10, 3, 10, 3, 10, 3, 30, 3, 13.670427362334754, 3, 10, 3, 10, 3, 10, 3, 30, 3, 10, 3]",17.550315789473693
"[30, 3, 14.928887194384092, 3, 10, 3, 30, 3, 30, 3, 10, 3, 10, 3, 10, 3, 30, 3, 10.771779808520199, 3, 10, 3, 10, 3, 10, 3, 30, 3, 10, 3]",16.30247173489274
"[30, 3, 10.043965678705423, 3, 10, 3, 30, 3, 30, 3, 10, 3, 10, 3, 10, 3, 30, 3, 26.015277277279054, 3, 10, 3, 10, 3, 10, 3, 30, 3, 10, 3]",17.143814814814803
"[30, 3, 10, 3, 10, 3, 30, 3, 30, 3, 10, 3, 10, 3, 10, 3, 30, 3, 22.262496047350957, 3, 10, 3, 10, 3, 10, 3, 30, 3, 10, 3]",17.102413255360638
"[30, 3, 10, 3, 10, 3, 30, 3, 30, 3, 10, 3, 10, 3, 10, 3, 30, 3, 24.669763032571986, 3, 10, 3, 10, 3, 10, 3, 30, 3, 10, 3]",14.870662768031185
"[30, 3, 10, 3, 10, 3, 30, 3, 30, 3, 10, 3, 10, 3, 10, 3, 30, 3, 21.371193244616588, 3, 10, 3, 10, 3, 10, 3, 30, 3, 10, 3]",14.7044210526316
"[30, 3, 14.23116455135913, 3, 10, 3, 30, 3, 30, 3, 10, 3, 10, 3, 10, 3, 30, 3, 10, 3, 10, 3, 10, 3, 10, 3, 30, 3, 10, 3]",17.582990253411314
"[30, 3, 10, 3, 10, 3, 30, 3, 30, 3, 10, 3, 10, 3, 10, 3, 30, 3, 22.790563535199492, 3, 10, 3, 10, 3, 10, 3, 30, 3, 10, 3]",15.968021442495123
"[30, 3, 10, 3, 10, 3, 30, 3, 30, 3, 10, 3, 10, 3, 10, 3, 30, 3, 25.35627229103759, 3, 10, 3, 10, 3, 10, 3, 30, 3, 10, 3]",18.554407407407417
"[30, 3, 15.641669631791789, 3, 10, 3, 30, 3, 30, 3, 10, 3, 10, 3, 10, 3, 30, 3, 14.440084699994973, 3, 10, 3, 10, 3, 10, 3, 30, 3, 10, 3]",15.404272904483456
"[30, 3, 14.299706698670208, 3, 10, 3, 30, 3, 30, 3, 10, 3, 10, 3, 10, 3, 30, 3, 23.43645738016899, 3, 10, 3, 10, 3, 10, 3, 30, 3, 10, 3]",14.181370370370367
"[30, 3, 21.372019831197697, 3, 10, 3, 30, 3, 30, 3, 10, 3, 10, 3, 10, 3, 30, 3, 25.542911896317506, 3, 10, 3, 10, 3, 10, 3, 30, 3, 10, 3]",16.46522807017542
"[30, 3, 15.799137544051325, 3, 10, 3, 30, 3, 30, 3, 10, 3, 10, 3, 10, 3, 30, 3, 24.862302246205918, 3, 10, 3, 10, 3, 10, 3, 30, 3, 10, 3]",16.759807017543867
"[30, 3, 13.486159642703651, 3, 10, 3, 30, 3, 30, 3, 10, 3, 10, 3, 10, 3, 30, 3, 26.715244837411888, 3, 10, 3, 10, 3, 10, 3, 30, 3, 10, 3]",17.907337231968782
"[30, 3, 10, 3, 10, 3, 30, 3, 30, 3, 10, 3, 10, 3, 10, 3, 30, 3, 20.610221702820233, 3, 10, 3, 10, 3, 10, 3, 30, 3, 10, 3]",17.141721247563407
"[30, 3, 14.758819664965698, 3, 10, 3, 30, 3, 30, 3, 10, 3, 10, 3, 10, 3, 30, 3, 10, 3, 10, 3, 10, 3, 10, 3, 30, 3, 10, 3]",16.902978557504863
"[30, 3, 11.669422498988169, 3, 10, 3, 30, 3, 30, 3, 10, 3, 10, 3, 10, 3, 30, 3, 24.311065590210305, 3, 10, 3, 10, 3, 10, 3, 30, 3, 10, 3]",15.661575048732928
"[30, 3, 15.868992579647772, 3, 10, 3, 30, 3, 30, 3, 10, 3, 10, 3, 10, 3, 30, 3, 24.843704967911087, 3, 10, 3, 10, 3, 10, 3, 30, 3, 10, 3]",16.517068226120834
"[30, 3, 12.804226951712563, 3, 10, 3, 30, 3, 30, 3, 10, 3, 10, 3, 10, 3, 30, 3, 21.49129284914272, 3, 10, 3, 10, 3, 10, 3, 30, 3, 10, 3]",17.226473684210525
"[30, 3, 14.51906538109862, 3, 10, 3, 30, 3, 30, 3, 10, 3, 10, 3, 10, 3, 30, 3, 22.888562678428553, 3, 10, 3, 10, 3, 10, 3, 30, 3, 10, 3]",16.626900584795308
"[30, 3, 10, 3, 10, 3, 30, 3, 30, 3, 10, 3, 10, 3, 10, 3, 30, 3, 13.670427362334754, 3, 10, 3, 10, 3, 10, 3, 30, 3, 10, 3]",16.73491228070179
"[30, 3, 14.928887194384092, 3, 10, 3, 30, 3, 30, 3, 10, 3, 10, 3, 10, 3, 30, 3, 10.771779808520199, 3, 10, 3, 10, 3, 10, 3, 30, 3, 10, 3]",17.438411306042877
"[30, 3, 10.043965678705423, 3, 10, 3, 30, 3, 30, 3, 10, 3, 10, 3, 10, 3, 30, 3, 26.015277277279054, 3, 10, 3, 10, 3, 10, 3, 30, 3, 10, 3]",14.787910331384037
"[30, 3, 10, 3, 10, 3, 30, 3, 30, 3, 10, 3, 10, 3, 10, 3, 30, 3, 22.262496047350957, 3, 10, 3, 10, 3, 10, 3, 30, 3, 10, 3]",15.351569200779725
"[30, 3, 10, 3, 10, 3, 30, 3, 30, 3, 10, 3, 10, 3, 10, 3, 30, 3, 24.669763032571986, 3, 10, 3, 10, 3, 10, 3, 30, 3, 10, 3]",16.554789473684213
"[30, 3, 10, 3, 10, 3, 30, 3, 30, 3, 10, 3, 10, 3, 10, 3, 30, 3, 21.371193244616588, 3, 10, 3, 10, 3, 10, 3, 30, 3, 10, 3]",15.816272904483467
"[30, 3, 14.23116455135913, 3, 10, 3, 30, 3, 30, 3, 10, 3, 10, 3, 10, 3, 30, 3, 10, 3, 10, 3, 10, 3, 10, 3, 30, 3, 10, 3]",15.640066276803136
"[30, 3, 10, 3, 10, 3, 30, 3, 30, 3, 10, 3, 10, 3, 10, 3, 30, 3, 22.790563535199492, 3, 10, 3, 10, 3, 10, 3, 30, 3, 10, 3]",16.32087329434695
"[30, 3, 10, 3, 10, 3, 30, 3, 30, 3, 10, 3, 10, 3, 10, 3, 30, 3, 25.35627229103759, 3, 10, 3, 10, 3, 10, 3, 30, 3, 10, 3]",16.596204678362596
"[30, 3, 15.641669631791789, 3, 10, 3, 30, 3, 30, 3, 10, 3, 10, 3, 10, 3, 30, 3, 14.440084699994973, 3, 10, 3, 10, 3, 10, 3, 30, 3, 10, 3]",14.583270955165696
"[30, 3, 14.299706698670208, 3, 10, 3, 30, 3, 30, 3, 10, 3, 10, 3, 10, 3, 30, 3, 23.43645738016899, 3, 10, 3, 10, 3, 10, 3, 30, 3, 10, 3]",15.443056530214388
"[30, 3, 21.372019831197697, 3, 10, 3, 30, 3, 30, 3, 10, 3, 10, 3, 10, 3, 30, 3, 25.542911896317506, 3, 10, 3, 10, 3, 10, 3, 30, 3, 10, 3]",15.715013645224175
"[30, 3, 15.799137544051325, 3, 10, 3, 30, 3, 30, 3, 10, 3, 10, 3, 10, 3, 30, 3, 24.862302246205918, 3, 10, 3, 10, 3, 10, 3, 30, 3, 10, 3]",17.78792007797267
"[30, 3, 13.486159642703651, 3, 10, 3, 30, 3, 30, 3, 10, 3, 10, 3, 10, 3, 30, 3, 26.715244837411888, 3, 10, 3, 10, 3, 10, 3, 30, 3, 10, 3]",16.696399610136435
"[30, 3, 10, 3, 10, 3, 30, 3, 30, 3, 10, 3, 10, 3, 10, 3, 30, 3, 20.610221702820233, 3, 10, 3, 10, 3, 10, 3, 30, 3, 10, 3]",15.386183235867449
"[30, 3, 14.758819664965698, 3, 10, 3, 30, 3, 30, 3, 10, 3, 10, 3, 10, 3, 30, 3, 10, 3, 10, 3, 10, 3, 10, 3, 30, 3, 10, 3]",16.423690058479544
"[30, 3, 11.669422498988169, 3, 10, 3, 30, 3, 30, 3, 10, 3, 10, 3, 10, 3, 30, 3, 24.311065590210305, 3, 10, 3, 10, 3, 10, 3, 30, 3, 10, 3]",16.81033723196878
"[30, 3, 15.868992579647772, 3, 10, 3, 30, 3, 30, 3, 10, 3, 10, 3, 10, 3, 30, 3, 24.843704967911087, 3, 10, 3, 10, 3, 10, 3, 30, 3, 10, 3]",16.726637426900623
"[30, 3, 12.804226951712563, 3, 10, 3, 30, 3, 30, 3, 10, 3, 10, 3, 10, 3, 30, 3, 21.49129284914272, 3, 10, 3, 10, 3, 10, 3, 30, 3, 10, 3]",17.417013645224145
"[30, 3, 14.51906538109862, 3, 10, 3, 30, 3, 30, 3, 10, 3, 10, 3, 10, 3, 30, 3, 22.888562678428553, 3, 10, 3, 10, 3, 10, 3, 30, 3, 10, 3]",15.79437037037037
"[30, 3, 10, 3, 10, 3, 30, 3, 30, 3, 10, 3, 10, 3, 10, 3, 30, 3, 13.670427362334754, 3, 10, 3, 10, 3, 10, 3, 30, 3, 10, 3]",16.09083040935668
"[30, 3, 14.928887194384092, 3, 10, 3, 30, 3, 30, 3, 10, 3, 10, 3, 10, 3, 30, 3, 10.771779808520199, 3, 10, 3, 10, 3, 10, 3, 30, 3, 10, 3]",15.705594541910365
"[30, 3, 10.043965678705423, 3, 10, 3, 30, 3, 30, 3, 10, 3, 10, 3, 10, 3, 30, 3, 26.015277277279054, 3, 10, 3, 10, 3, 10, 3, 30, 3, 10, 3]",17.732865497076045
"[30, 3, 10, 3, 10, 3, 30, 3, 30, 3, 10, 3, 10, 3, 10, 3, 30, 3, 22.262496047350957, 3, 10, 3, 10, 3, 10, 3, 30, 3, 10, 3]",16.617122807017505
"[30, 3, 10, 3, 10, 3, 30, 3, 30, 3, 10, 3, 10, 3, 10, 3, 30, 3, 24.669763032571986, 3, 10, 3, 10, 3, 10, 3, 30, 3, 10, 3]",16.632775828460055
"[30, 3, 10, 3, 10, 3, 30, 3, 30, 3, 10, 3, 10, 3, 10, 3, 30, 3, 21.371193244616588, 3, 10, 3, 10, 3, 10, 3, 30, 3, 10, 3]",14.825111111111106
"[30, 3, 14.23116455135913, 3, 10, 3, 30, 3, 30, 3, 10, 3, 10, 3, 10, 3, 30, 3, 10, 3, 10, 3, 10, 3, 10, 3, 30, 3, 10, 3]",15.82905653021445
"[30, 3, 10, 3, 10, 3, 30, 3, 30, 3, 10, 3, 10, 3, 10, 3, 30, 3, 22.790563535199492, 3, 10, 3, 10, 3, 10, 3, 30, 3, 10, 3]",16.78638596491225
"[30, 3, 10, 3, 10, 3, 30, 3, 30, 3, 10, 3, 10, 3, 10, 3, 30, 3, 25.35627229103759, 3, 10, 3, 10, 3, 10, 3, 30, 3, 10, 3]",15.218943469785607
"[30, 3, 15.641669631791789, 3, 10, 3, 30, 3, 30, 3, 10, 3, 10, 3, 10, 3, 30, 3, 14.440084699994973, 3, 10, 3, 10, 3, 10, 3, 30, 3, 10, 3]",16.969424951267033
"[30, 3, 14.299706698670208, 3, 10, 3, 30, 3, 30, 3, 10, 3, 10, 3, 10, 3, 30, 3, 23.43645738016899, 3, 10, 3, 10, 3, 10, 3, 30, 3, 10, 3]",15.488633528265112
"[30, 3, 21.372019831197697, 3, 10, 3, 30, 3, 30, 3, 10, 3, 10, 3, 10, 3, 30, 3, 25.542911896317506, 3, 10, 3, 10, 3, 10, 3, 30, 3, 10, 3]",15.833713450292402
"[30, 3, 15.799137544051325, 3, 10, 3, 30, 3, 30, 3, 10, 3, 10, 3, 10, 3, 30, 3, 24.862302246205918, 3, 10, 3, 10, 3, 10, 3, 30, 3, 10, 3]",17.526894736842067
"[30, 3, 13.486159642703651, 3, 10, 3, 30, 3, 30, 3, 10, 3, 10, 3, 10, 3, 30, 3, 26.715244837411888, 3, 10, 3, 10, 3, 10, 3, 30, 3, 10, 3]",15.19592592592592
"[30, 3, 10, 3, 10, 3, 30, 3, 30, 3, 10, 3, 10, 3, 10, 3, 30, 3, 20.610221702820233, 3, 10, 3, 10, 3, 10, 3, 30, 3, 10, 3]",18.564561403508808
"[30, 3, 14.758819664965698, 3, 10, 3, 30, 3, 30, 3, 10, 3, 10, 3, 10, 3, 30, 3, 10, 3, 10, 3, 10, 3, 10, 3, 30, 3, 10, 3]",14.852352826510693
"[30, 3, 11.669422498988169, 3, 10, 3, 30, 3, 30, 3, 10, 3, 10, 3, 10, 3, 30, 3, 24.311065590210305, 3, 10, 3, 10, 3, 10, 3, 30, 3, 10, 3]",16.074781676413227
"[30, 3, 15.868992579647772, 3, 10, 3, 30, 3, 30, 3, 10, 3, 10, 3, 10, 3, 30, 3, 24.843704967911087, 3, 10, 3, 10, 3, 10, 3, 30, 3, 10, 3]",16.38695906432747
"[30, 3, 12.804226951712563, 3, 10, 3, 30, 3, 30, 3, 10, 3, 10, 3, 10, 3, 30, 3, 21.49129284914272, 3, 10, 3, 10, 3, 10, 3, 30, 3, 10, 3]",14.70989083820662
"[30, 3, 14.51906538109862, 3, 10, 3, 30, 3, 30, 3, 10, 3, 10, 3, 10, 3, 30, 3, 22.888562678428553, 3, 10, 3, 10, 3, 10, 3, 30, 3, 10, 3]",17.327499025341115
"[30, 3, 10, 3, 10, 3, 30, 3, 30, 3, 10, 3, 10, 3, 10, 3, 30, 3, 13.670427362334754, 3, 10, 3, 10, 3, 10, 3, 30, 3, 10, 3]",18.1621208576998
"[30, 3, 14.928887194384092, 3, 10, 3, 30, 3, 30, 3, 10, 3, 10, 3, 10, 3, 30, 3, 10.771779808520199, 3, 10, 3, 10, 3, 10, 3, 30, 3, 10, 3]",16.059115009746588
"[30, 3, 10.043965678705423, 3, 10, 3, 30, 3, 30, 3, 10, 3, 10, 3, 10, 3, 30, 3, 26.015277277279054, 3, 10, 3, 10, 3, 10, 3, 30, 3, 10, 3]",17.128040935672537
"[30, 3, 10, 3, 10, 3, 30, 3, 30, 3, 10, 3, 10, 3, 10, 3, 30, 3, 22.262496047350957, 3, 10, 3, 10, 3, 10, 3, 30, 3, 10, 3]",17.118237816764125
"[30, 3, 10, 3, 10, 3, 30, 3, 30, 3, 10, 3, 10, 3, 10, 3, 30, 3, 24.669763032571986, 3, 10, 3, 10, 3, 10, 3, 30, 3, 10, 3]",15.153325536062379
"[30, 3, 10, 3, 10, 3, 30, 3, 30, 3, 10, 3, 10, 3, 10, 3, 30, 3, 21.371193244616588, 3, 10, 3, 10, 3, 10, 3, 30, 3, 10, 3]",16.95454580896683
"[30, 3, 14.23116455135913, 3, 10, 3, 30, 3, 30, 3, 10, 3, 10, 3, 10, 3, 30, 3, 10, 3, 10, 3, 10, 3, 10, 3, 30, 3, 10, 3]",15.860604288499017
"[30, 3, 10, 3, 10, 3, 30, 3, 30, 3, 10, 3, 10, 3, 10, 3, 30, 3, 22.790563535199492, 3, 10, 3, 10, 3, 10, 3, 30, 3, 10, 3]",17.41041520467837
"[30, 3, 10, 3, 10, 3, 30, 3, 30, 3, 10, 3, 10, 3, 10, 3, 30, 3, 25.35627229103759, 3, 10, 3, 10, 3, 10, 3, 30, 3, 10, 3]",14.702674463937603
"[30, 3, 15.641669631791789, 3, 10, 3, 30, 3, 30, 3, 10, 3, 10, 3, 10, 3, 30, 3, 14.440084699994973, 3, 10, 3, 10, 3, 10, 3, 30, 3, 10, 3]",17.400253411306064
"[30, 3, 14.299706698670208, 3, 10, 3, 30, 3, 30, 3, 10, 3, 10, 3, 10, 3, 30, 3, 23.43645738016899, 3, 10, 3, 10, 3, 10, 3, 30, 3, 10, 3]",15.58253411306043
"[30, 3, 21.372019831197697, 3, 10, 3, 30, 3, 30, 3, 10, 3, 10, 3, 10, 3, 30, 3, 25.542911896317506, 3, 10, 3, 10, 3, 10, 3, 30, 3, 10, 3]",16.981228070175426
"[30, 3, 15.799137544051325, 3, 10, 3, 30, 3, 30, 3, 10, 3, 10, 3, 10, 3, 30, 3, 24.862302246205918, 3, 10, 3, 10, 3, 10, 3, 30, 3, 10, 3]",16.018504873294308
"[30, 3, 13.486159642703651, 3, 10, 3, 30, 3, 30, 3, 10, 3, 10, 3, 10, 3, 30, 3, 26.715244837411888, 3, 10, 3, 10, 3, 10, 3, 30, 3, 10, 3]",15.667633528265108
"[30, 3, 10, 3, 10, 3, 30, 3, 30, 3, 10, 3, 10, 3, 10, 3, 30, 3, 20.610221702820233, 3, 10, 3, 10, 3, 10, 3, 30, 3, 10, 3]",14.472220272904504
"[30, 3, 14.758819664965698, 3, 10, 3, 30, 3, 30, 3, 10, 3, 10, 3, 10, 3, 30, 3, 10, 3, 10, 3, 10, 3, 10, 3, 30, 3, 10, 3]",14.838824561403445
"[30, 3, 11.669422498988169, 3, 10, 3, 30, 3, 30, 3, 10, 3, 10, 3, 10, 3, 30, 3, 24.311065590210305, 3, 10, 3, 10, 3, 10, 3, 30, 3, 10, 3]",16.604109161793385
"[30, 3, 15.868992579647772, 3, 10, 3, 30, 3, 30, 3, 10, 3, 10, 3, 10, 3, 30, 3, 24.843704967911087, 3, 10, 3, 10, 3, 10, 3, 30, 3, 10, 3]",17.873639376218346
"[30, 3, 12.804226951712563, 3, 10, 3, 30, 3, 30, 3, 10, 3, 10, 3, 10, 3, 30, 3, 21.49129284914272, 3, 10, 3, 10, 3, 10, 3, 30, 3, 10, 3]",16.65973489278752
"[30, 3, 14.51906538109862, 3, 10, 3, 30, 3, 30, 3, 10, 3, 10, 3, 10, 3, 30, 3, 22.888562678428553, 3, 10, 3, 10, 3, 10, 3, 30, 3, 10, 3]",15.437670565302133
"[30, 3, 10, 3, 10, 3, 30, 3, 30, 3, 10, 3, 10, 3, 10, 3, 30, 3, 13.670427362334754, 3, 10, 3, 10, 3, 10, 3, 30, 3, 10, 3]",16.559208576998053
"[30, 3, 14.928887194384092, 3, 10, 3, 30, 3, 30, 3, 10, 3, 10, 3, 10, 3, 30, 3, 10.771779808520199, 3, 10, 3, 10, 3, 10, 3, 30, 3, 10, 3]",15.037415204678394
"[30, 3, 10.043965678705423, 3, 10, 3, 30, 3, 30, 3, 10, 3, 10, 3, 10, 3, 30, 3, 26.015277277279054, 3, 10, 3, 10, 3, 10, 3, 30, 3, 10, 3]",16.561935672514615
"[30, 3, 10, 3, 10, 3, 30, 3, 30, 3, 10, 3, 10, 3, 10, 3, 30, 3, 22.262496047350957, 3, 10, 3, 10, 3, 10, 3, 30, 3, 10, 3]",17.522077972709546
"[30, 3, 10, 3, 10, 3, 30, 3, 30, 3, 10, 3, 10, 3, 10, 3, 30, 3, 24.669763032571986, 3, 10, 3, 10, 3, 10, 3, 30, 3, 10, 3]",15.831617933723217
"[30, 3, 10, 3, 10, 3, 30, 3, 30, 3, 10, 3, 10, 3, 10, 3, 30, 3, 21.371193244616588, 3, 10, 3, 10, 3, 10, 3, 30, 3, 10, 3]",16.56973684210528
"[30, 3, 14.23116455135913, 3, 10, 3, 30, 3, 30, 3, 10, 3, 10, 3, 10, 3, 30, 3, 10, 3, 10, 3, 10, 3, 10, 3, 30, 3, 10, 3]",16.94403508771931
"[30, 3, 10, 3, 10, 3, 30, 3, 30, 3, 10, 3, 10, 3, 10, 3, 30, 3, 22.790563535199492, 3, 10, 3, 10, 3, 10, 3, 30, 3, 10, 3]",17.314397660818766
"[30, 3, 10, 3, 10, 3, 30, 3, 30, 3, 10, 3, 10, 3, 10, 3, 30, 3, 25.35627229103759, 3, 10, 3, 10, 3, 10, 3, 30, 3, 10, 3]",14.433551656920102
"[30, 3, 15.641669631791789, 3, 10, 3, 30, 3, 30, 3, 10, 3, 10, 3, 10, 3, 30, 3, 14.440084699994973, 3, 10, 3, 10, 3, 10, 3, 30, 3, 10, 3]",14.316395711500965
"[30, 3, 14.299706698670208, 3, 10, 3, 30, 3, 30, 3, 10, 3, 10, 3, 10, 3, 30, 3, 23.43645738016899, 3, 10, 3, 10, 3, 10, 3, 30, 3, 10, 3]",15.85791033138399
"[30, 3, 21.372019831197697, 3, 10, 3, 30, 3, 30, 3, 10, 3, 10, 3, 10, 3, 30, 3, 25.542911896317506, 3, 10, 3, 10, 3, 10, 3, 30, 3, 10, 3]",17.643019493177466
"[30, 3, 15.799137544051325, 3, 10, 3, 30, 3, 30, 3, 10, 3, 10, 3, 10, 3, 30, 3, 24.862302246205918, 3, 10, 3, 10, 3, 10, 3, 30, 3, 10, 3]",14.609214424951253
"[30, 3, 13.486159642703651, 3, 10, 3, 30, 3, 30, 3, 10, 3, 10, 3, 10, 3, 30, 3, 26.715244837411888, 3, 10, 3, 10, 3, 10, 3, 30, 3, 10, 3]",16.139947368421023
"[30, 3, 10, 3, 10, 3, 30, 3, 30, 3, 10, 3, 10, 3, 10, 3, 30, 3, 20.610221702820233, 3, 10, 3, 10, 3, 10, 3, 30, 3, 10, 3]",16.67631384015592
"[30, 3, 14.758819664965698, 3, 10, 3, 30, 3, 30, 3, 10, 3, 10, 3, 10, 3, 30, 3, 10, 3, 10, 3, 10, 3, 10, 3, 30, 3, 10, 3]",15.51838206627681
"[30, 3, 11.669422498988169, 3, 10, 3, 30, 3, 30, 3, 10, 3, 10, 3, 10, 3, 30, 3, 24.311065590210305, 3, 10, 3, 10, 3, 10, 3, 30, 3, 10, 3]",16.787504873294324
"[30, 3, 15.868992579647772, 3, 10, 3, 30, 3, 30, 3, 10, 3, 10, 3, 10, 3, 30, 3, 24.843704967911087, 3, 10, 3, 10, 3, 10, 3, 30, 3, 10, 3]",15.566153996101356
"[30, 3, 12.804226951712563, 3, 10, 3, 30, 3, 30, 3, 10, 3, 10, 3, 10, 3, 30, 3, 21.49129284914272, 3, 10, 3, 10, 3, 10, 3, 30, 3, 10, 3]",15.905883040935679
"[30, 3, 14.51906538109862, 3, 10, 3, 30, 3, 30, 3, 10, 3, 10, 3, 10, 3, 30, 3, 22.888562678428553, 3, 10, 3, 10, 3, 10, 3, 30, 3, 10, 3]",16.046440545808988
"[30, 3, 10, 3, 10, 3, 30, 3, 30, 3, 10, 3, 10, 3, 10, 3, 30, 3, 13.670427362334754, 3, 10, 3, 10, 3, 10, 3, 30, 3, 10, 3]",15.07992787524361
"[30, 3, 14.928887194384092, 3, 10, 3, 30, 3, 30, 3, 10, 3, 10, 3, 10, 3, 30, 3, 10.771779808520199, 3, 10, 3, 10, 3, 10, 3, 30, 3, 10, 3]",17.25776998050676
"[30, 3, 10.043965678705423, 3, 10, 3, 30, 3, 30, 3, 10, 3, 10, 3, 10, 3, 30, 3, 26.015277277279054, 3, 10, 3, 10, 3, 10, 3, 30, 3, 10, 3]",16.75597270955165
"[30, 3, 10, 3, 10, 3, 30, 3, 30, 3, 10, 3, 10, 3, 10, 3, 30, 3, 22.262496047350957, 3, 10, 3, 10, 3, 10, 3, 30, 3, 10, 3]",18.65877777777781
"[30, 3, 10, 3, 10, 3, 30, 3, 30, 3, 10, 3, 10, 3, 10, 3, 30, 3, 24.669763032571986, 3, 10, 3, 10, 3, 10, 3, 30, 3, 10, 3]",17.636723196881086
"[30, 3, 10, 3, 10, 3, 30, 3, 30, 3, 10, 3, 10, 3, 10, 3, 30, 3, 21.371193244616588, 3, 10, 3, 10, 3, 10, 3, 30, 3, 10, 3]",17.25924561403507
"[30, 3, 14.23116455135913, 3, 10, 3, 30, 3, 30, 3, 10, 3, 10, 3, 10, 3, 30, 3, 10, 3, 10, 3, 10, 3, 10, 3, 30, 3, 10, 3]",17.384914230019465
"[30, 3, 10, 3, 10, 3, 30, 3, 30, 3, 10, 3, 10, 3, 10, 3, 30, 3, 22.790563535199492, 3, 10, 3, 10, 3, 10, 3, 30, 3, 10, 3]",16.398816764132548
"[30, 3, 10, 3, 10, 3, 30, 3, 30, 3, 10, 3, 10, 3, 10, 3, 30, 3, 25.35627229103759, 3, 10, 3, 10, 3, 10, 3, 30, 3, 10, 3]",17.077448343079883
"[30, 3, 15.641669631791789, 3, 10, 3, 30, 3, 30, 3, 10, 3, 10, 3, 10, 3, 30, 3, 14.440084699994973, 3, 10, 3, 10, 3, 10, 3, 30, 3, 10, 3]",16.52179532163743
"[30, 3, 14.299706698670208, 3, 10, 3, 30, 3, 30, 3, 10, 3, 10, 3, 10, 3, 30, 3, 23.43645738016899, 3, 10, 3, 10, 3, 10, 3, 30, 3, 10, 3]",17.680604288499033
"[30, 3, 21.372019831197697, 3, 10, 3, 30, 3, 30, 3, 10, 3, 10, 3, 10, 3, 30, 3, 25.542911896317506, 3, 10, 3, 10, 3, 10, 3, 30, 3, 10, 3]",16.468499025341128
"[30, 3, 15.799137544051325, 3, 10, 3, 30, 3, 30, 3, 10, 3, 10, 3, 10, 3, 30, 3, 24.862302246205918, 3, 10, 3, 10, 3, 10, 3, 30, 3, 10, 3]",16.885559454191036
"[30, 3, 13.486159642703651, 3, 10, 3, 30, 3, 30, 3, 10, 3, 10, 3, 10, 3, 30, 3, 26.715244837411888, 3, 10, 3, 10, 3, 10, 3, 30, 3, 10, 3]",15.675237816764158
"[30, 3, 10, 3, 10, 3, 30, 3, 30, 3, 10, 3, 10, 3, 10, 3, 30, 3, 20.610221702820233, 3, 10, 3, 10, 3, 10, 3, 30, 3, 10, 3]",16.134122807017476
"[30, 3, 14.758819664965698, 3, 10, 3, 30, 3, 30, 3, 10, 3, 10, 3, 10, 3, 30, 3, 10, 3, 10, 3, 10, 3, 10, 3, 30, 3, 10, 3]",18.44462768031189
"[30, 3, 11.669422498988169, 3, 10, 3, 30, 3, 30, 3, 10, 3, 10, 3, 10, 3, 30, 3, 24.311065590210305, 3, 10, 3, 10, 3, 10, 3, 30, 3, 10, 3]",15.452107212475617
"[30, 3, 15.868992579647772, 3, 10, 3, 30, 3, 30, 3, 10, 3, 10, 3, 10, 3, 30, 3, 24.843704967911087, 3, 10, 3, 10, 3, 10, 3, 30, 3, 10, 3]",15.289329434697864
"[30, 3, 12.804226951712563, 3, 10, 3, 30, 3, 30, 3, 10, 3, 10, 3, 10, 3, 30, 3, 21.49129284914272, 3, 10, 3, 10, 3, 10, 3, 30, 3, 10, 3]",15.985417153996075
"[30, 3, 14.51906538109862, 3, 10, 3, 30, 3, 30, 3, 10, 3, 10, 3, 10, 3, 30, 3, 22.888562678428553, 3, 10, 3, 10, 3, 10, 3, 30, 3, 10, 3]",16.005810916179325
"[30, 3, 10, 3, 10, 3, 30, 3, 30, 3, 10, 3, 10, 3, 10, 3, 30, 3, 13.670427362334754, 3, 10, 3, 10, 3, 10, 3, 30, 3, 10, 3]",16.300914230019508
"[30, 3, 14.928887194384092, 3, 10, 3, 30, 3, 30, 3, 10, 3, 10, 3, 10, 3, 30, 3, 10.771779808520199, 3, 10, 3, 10, 3, 10, 3, 30, 3, 10, 3]",17.02358479532164
"[30, 3, 10.043965678705423, 3, 10, 3, 30, 3, 30, 3, 10, 3, 10, 3, 10, 3, 30, 3, 26.015277277279054, 3, 10, 3, 10, 3, 10, 3, 30, 3, 10, 3]",16.251943469785548
"[30, 3, 10, 3, 10, 3, 30, 3, 30, 3, 10, 3, 10, 3, 10, 3, 30, 3, 22.262496047350957, 3, 10, 3, 10, 3, 10, 3, 30, 3, 10, 3]",15.309471734892755
"[30, 3, 10, 3, 10, 3, 30, 3, 30, 3, 10, 3, 10, 3, 10, 3, 30, 3, 24.669763032571986, 3, 10, 3, 10, 3, 10, 3, 30, 3, 10, 3]",14.924163742690062
"[30, 3, 10, 3, 10, 3, 30, 3, 30, 3, 10, 3, 10, 3, 10, 3, 30, 3, 21.371193244616588, 3, 10, 3, 10, 3, 10, 3, 30, 3, 10, 3]",15.114155945419139
"[30, 3, 14.23116455135913, 3, 10, 3, 30, 3, 30, 3, 10, 3, 10, 3, 10, 3, 30, 3, 10, 3, 10, 3, 10, 3, 10, 3, 30, 3, 10, 3]",16.09838596491229
"[30, 3, 10, 3, 10, 3, 30, 3, 30, 3, 10, 3, 10, 3, 10, 3, 30, 3, 22.790563535199492, 3, 10, 3, 10, 3, 10, 3, 30, 3, 10, 3]",16.684692007797253
"[30, 3, 10, 3, 10, 3, 30, 3, 30, 3, 10, 3, 10, 3, 10, 3, 30, 3, 25.35627229103759, 3, 10, 3, 10, 3, 10, 3, 30, 3, 10, 3]",16.360768031189103
"[30, 3, 15.641669631791789, 3, 10, 3, 30, 3, 30, 3, 10, 3, 10, 3, 10, 3, 30, 3, 14.440084699994973, 3, 10, 3, 10, 3, 10, 3, 30, 3, 10, 3]",15.837701754385927
"[30, 3, 14.299706698670208, 3, 10, 3, 30, 3, 30, 3, 10, 3, 10, 3, 10, 3, 30, 3, 23.43645738016899, 3, 10, 3, 10, 3, 10, 3, 30, 3, 10, 3]",18.36130604288502
"[30, 3, 21.372019831197697, 3, 10, 3, 30, 3, 30, 3, 10, 3, 10, 3, 10, 3, 30, 3, 25.542911896317506, 3, 10, 3, 10, 3, 10, 3, 30, 3, 10, 3]",15.149937621832365
"[30, 3, 15.799137544051325, 3, 10, 3, 30, 3, 30, 3, 10, 3, 10, 3, 10, 3, 30, 3, 24.862302246205918, 3, 10, 3, 10, 3, 10, 3, 30, 3, 10, 3]",17.696461988304065
"[30, 3, 13.486159642703651, 3, 10, 3, 30, 3, 30, 3, 10, 3, 10, 3, 10, 3, 30, 3, 26.715244837411888, 3, 10, 3, 10, 3, 10, 3, 30, 3, 10, 3]",15.646621832358678
"[30, 3, 10, 3, 10, 3, 30, 3, 30, 3, 10, 3, 10, 3, 10, 3, 30, 3, 20.610221702820233, 3, 10, 3, 10, 3, 10, 3, 30, 3, 10, 3]",16.461968810916154
"[30, 3, 14.758819664965698, 3, 10, 3, 30, 3, 30, 3, 10, 3, 10, 3, 10, 3, 30, 3, 10, 3, 10, 3, 10, 3, 10, 3, 30, 3, 10, 3]",16.20523976608188
"[30, 3, 11.669422498988169, 3, 10, 3, 30, 3, 30, 3, 10, 3, 10, 3, 10, 3, 30, 3, 24.311065590210305, 3, 10, 3, 10, 3, 10, 3, 30, 3, 10, 3]",16.47096881091614
"[30, 3, 15.868992579647772, 3, 10, 3, 30, 3, 30, 3, 10, 3, 10, 3, 10, 3, 30, 3, 24.843704967911087, 3, 10, 3, 10, 3, 10, 3, 30, 3, 10, 3]",15.933382066276838
"[30, 3, 12.804226951712563, 3, 10, 3, 30, 3, 30, 3, 10, 3, 10, 3, 10, 3, 30, 3, 21.49129284914272, 3, 10, 3, 10, 3, 10, 3, 30, 3, 10, 3]",17.78041130604288
"[30, 3, 14.51906538109862, 3, 10, 3, 30, 3, 30, 3, 10, 3, 10, 3, 10, 3, 30, 3, 22.888562678428553, 3, 10, 3, 10, 3, 10, 3, 30, 3, 10, 3]",16.010729044834317
"[30, 3, 10, 3, 10, 3, 30, 3, 30, 3, 10, 3, 10, 3, 10, 3, 30, 3, 13.670427362334754, 3, 10, 3, 10, 3, 10, 3, 30, 3, 10, 3]",15.92345224171543
"[30, 3, 14.928887194384092, 3, 10, 3, 30, 3, 30, 3, 10, 3, 10, 3, 10, 3, 30, 3, 10.771779808520199, 3, 10, 3, 10, 3, 10, 3, 30, 3, 10, 3]",17.70957309941518
"[30, 3, 10.043965678705423, 3, 10, 3, 30, 3, 30, 3, 10, 3, 10, 3, 10, 3, 30, 3, 26.015277277279054, 3, 10, 3, 10, 3, 10, 3, 30, 3, 10, 3]",15.616680311890859
"[30, 3, 10, 3, 10, 3, 30, 3, 30, 3, 10, 3, 10, 3, 10, 3, 30, 3, 22.262496047350957, 3, 10, 3, 10, 3, 10, 3, 30, 3, 10, 3]",17.25487914230017
"[30, 3, 10, 3, 10, 3, 30, 3, 30, 3, 10, 3, 10, 3, 10, 3, 30, 3, 24.669763032571986, 3, 10, 3, 10, 3, 10, 3, 30, 3, 10, 3]",16.76494736842106
"[30, 3, 10, 3, 10, 3, 30, 3, 30, 3, 10, 3, 10, 3, 10, 3, 30, 3, 21.371193244616588, 3, 10, 3, 10, 3, 10, 3, 30, 3, 10, 3]",16.490783625730987
"[30, 3, 14.23116455135913, 3, 10, 3, 30, 3, 30, 3, 10, 3, 10, 3, 10, 3, 30, 3, 10, 3, 10, 3, 10, 3, 10, 3, 30, 3, 10, 3]",16.33373099415204
"[30, 3, 10, 3, 10, 3, 30, 3, 30, 3, 10, 3, 10, 3, 10, 3, 30, 3, 22.790563535199492, 3, 10, 3, 10, 3, 10, 3, 30, 3, 10, 3]",15.888658869395734
"[30, 3, 10, 3, 10, 3, 30, 3, 30, 3, 10, 3, 10, 3, 10, 3, 30, 3, 25.35627229103759, 3, 10, 3, 10, 3, 10, 3, 30, 3, 10, 3]",14.714633528265129
"[30, 3, 15.641669631791789, 3, 10, 3, 30, 3, 30, 3, 10, 3, 10, 3, 10, 3, 30, 3, 14.440084699994973, 3, 10, 3, 10, 3, 10, 3, 30, 3, 10, 3]",16.622438596491246
"[30, 3, 14.299706698670208, 3, 10, 3, 30, 3, 30, 3, 10, 3, 10, 3, 10, 3, 30, 3, 23.43645738016899, 3, 10, 3, 10, 3, 10, 3, 30, 3, 10, 3]",17.256161793372296
"[30, 3, 21.372019831197697, 3, 10, 3, 30, 3, 30, 3, 10, 3, 10, 3, 10, 3, 30, 3, 25.542911896317506, 3, 10, 3, 10, 3, 10, 3, 30, 3, 10, 3]",15.783009746588766
"[30, 3, 15.799137544051325, 3, 10, 3, 30, 3, 30, 3, 10, 3, 10, 3, 10, 3, 30, 3, 24.862302246205918, 3, 10, 3, 10, 3, 10, 3, 30, 3, 10, 3]",17.040307992202735
"[30, 3, 13.486159642703651, 3, 10, 3, 30, 3, 30, 3, 10, 3, 10, 3, 10, 3, 30, 3, 26.715244837411888, 3, 10, 3, 10, 3, 10, 3, 30, 3, 10, 3]",15.58630409356726
"[30, 3, 10, 3, 10, 3, 30, 3, 30, 3, 10, 3, 10, 3, 10, 3, 30, 3, 20.610221702820233, 3, 10, 3, 10, 3, 10, 3, 30, 3, 10, 3]",15.151984405458107
"[30, 3, 14.758819664965698, 3, 10, 3, 30, 3, 30, 3, 10, 3, 10, 3, 10, 3, 30, 3, 10, 3, 10, 3, 10, 3, 10, 3, 30, 3, 10, 3]",16.816196881091642
"[30, 3, 11.669422498988169, 3, 10, 3, 30, 3, 30, 3, 10, 3, 10, 3, 10, 3, 30, 3, 24.311065590210305, 3, 10, 3, 10, 3, 10, 3, 30, 3, 10, 3]",16.00436842105263
"[30, 3, 15.868992579647772, 3, 10, 3, 30, 3, 30, 3, 10, 3, 10, 3, 10, 3, 30, 3, 24.843704967911087, 3, 10, 3, 10, 3, 10, 3, 30, 3, 10, 3]",17.329873294346974
"[30, 3, 12.804226951712563, 3, 10, 3, 30, 3, 30, 3, 10, 3, 10, 3, 10, 3, 30, 3, 21.49129284914272, 3, 10, 3, 10, 3, 10, 3, 30, 3, 10, 3]",17.274612085769977
"[30, 3, 14.51906538109862, 3, 10, 3, 30, 3, 30, 3, 10, 3, 10, 3, 10, 3, 30, 3, 22.888562678428553, 3, 10, 3, 10, 3, 10, 3, 30, 3, 10, 3]",16.410961013645224
"[30, 3, 10, 3, 10, 3, 30, 3, 30, 3, 10, 3, 10, 3, 10, 3, 30, 3, 13.670427362334754, 3, 10, 3, 10, 3, 10, 3, 30, 3, 10, 3]",17.136033138401547
"[30, 3, 14.928887194384092, 3, 10, 3, 30, 3, 30, 3, 10, 3, 10, 3, 10, 3, 30, 3, 10.771779808520199, 3, 10, 3, 10, 3, 10, 3, 30, 3, 10, 3]",17.13593957115012
"[30, 3, 10.043965678705423, 3, 10, 3, 30, 3, 30, 3, 10, 3, 10, 3, 10, 3, 30, 3, 26.015277277279054, 3, 10, 3, 10, 3, 10, 3, 30, 3, 10, 3]",15.396348927875264
"[30, 3, 10, 3, 10, 3, 30, 3, 30, 3, 10, 3, 10, 3, 10, 3, 30, 3, 22.262496047350957, 3, 10, 3, 10, 3, 10, 3, 30, 3, 10, 3]",17.254206627680308
"[30, 3, 10, 3, 10, 3, 30, 3, 30, 3, 10, 3, 10, 3, 10, 3, 30, 3, 24.669763032571986, 3, 10, 3, 10, 3, 10, 3, 30, 3, 10, 3]",15.89061208577002
"[30, 3, 10, 3, 10, 3, 30, 3, 30, 3, 10, 3, 10, 3, 10, 3, 30, 3, 21.371193244616588, 3, 10, 3, 10, 3, 10, 3, 30, 3, 10, 3]",15.735214424951248
"[30, 3, 14.23116455135913, 3, 10, 3, 30, 3, 30, 3, 10, 3, 10, 3, 10, 3, 30, 3, 10, 3, 10, 3, 10, 3, 10, 3, 30, 3, 10, 3]",16.9038304093567
"[30, 3, 10, 3, 10, 3, 30, 3, 30, 3, 10, 3, 10, 3, 10, 3, 30, 3, 22.790563535199492, 3, 10, 3, 10, 3, 10, 3, 30, 3, 10, 3]",16.884992202729105
"[30, 3, 10, 3, 10, 3, 30, 3, 30, 3, 10, 3, 10, 3, 10, 3, 30, 3, 25.35627229103759, 3, 10, 3, 10, 3, 10, 3, 30, 3, 10, 3]",17.196867446393757
"[30, 3, 15.641669631791789, 3, 10, 3, 30, 3, 30, 3, 10, 3, 10, 3, 10, 3, 30, 3, 14.440084699994973, 3, 10, 3, 10, 3, 10, 3, 30, 3, 10, 3]",15.073904483430821
"[30, 3, 14.299706698670208, 3, 10, 3, 30, 3, 30, 3, 10, 3, 10, 3, 10, 3, 30, 3, 23.43645738016899, 3, 10, 3, 10, 3, 10, 3, 30, 3, 10, 3]",14.897286549707573
"[30, 3, 21.372019831197697, 3, 10, 3, 30, 3, 30, 3, 10, 3, 10, 3, 10, 3, 30, 3, 25.542911896317506, 3, 10, 3, 10, 3, 10, 3, 30, 3, 10, 3]",15.74360038986358
"[30, 3, 15.799137544051325, 3, 10, 3, 30, 3, 30, 3, 10, 3, 10, 3, 10, 3, 30, 3, 24.862302246205918, 3, 10, 3, 10, 3, 10, 3, 30, 3, 10, 3]",15.969001949317716
"[30, 3, 13.486159642703651, 3, 10, 3, 30, 3, 30, 3, 10, 3, 10, 3, 10, 3, 30, 3, 26.715244837411888, 3, 10, 3, 10, 3, 10, 3, 30, 3, 10, 3]",16.171693957115004
"[30, 3, 10, 3, 10, 3, 30, 3, 30, 3, 10, 3, 10, 3, 10, 3, 30, 3, 20.610221702820233, 3, 10, 3, 10, 3, 10, 3, 30, 3, 10, 3]",14.504165692007785
"[30, 3, 14.758819664965698, 3, 10, 3, 30, 3, 30, 3, 10, 3, 10, 3, 10, 3, 30, 3, 10, 3, 10, 3, 10, 3, 10, 3, 30, 3, 10, 3]",16.047005847953223
"[30, 3, 11.669422498988169, 3, 10, 3, 30, 3, 30, 3, 10, 3, 10, 3, 10, 3, 30, 3, 24.311065590210305, 3, 10, 3, 10, 3, 10, 3, 30, 3, 10, 3]",16.38177387914231
"[30, 3, 15.868992579647772, 3, 10, 3, 30, 3, 30, 3, 10, 3, 10, 3, 10, 3, 30, 3, 24.843704967911087, 3, 10, 3, 10, 3, 10, 3, 30, 3, 10, 3]",15.546647173489298
"[30, 3, 12.804226951712563, 3, 10, 3, 30, 3, 30, 3, 10, 3, 10, 3, 10, 3, 30, 3, 21.49129284914272, 3, 10, 3, 10, 3, 10, 3, 30, 3, 10, 3]",15.824329434697825
"[30, 3, 14.51906538109862, 3, 10, 3, 30, 3, 30, 3, 10, 3, 10, 3, 10, 3, 30, 3, 22.888562678428553, 3, 10, 3, 10, 3, 10, 3, 30, 3, 10, 3]",16.006575048732945
"[30, 3, 10, 3, 10, 3, 30, 3, 30, 3, 10, 3, 10, 3, 10, 3, 30, 3, 13.670427362334754, 3, 10, 3, 10, 3, 10, 3, 30, 3, 10, 3]",17.74822027290448
"[30, 3, 14.928887194384092, 3, 10, 3, 30, 3, 30, 3, 10, 3, 10, 3, 10, 3, 30, 3, 10.771779808520199, 3, 10, 3, 10, 3, 10, 3, 30, 3, 10, 3]",16.70237231968808
"[30, 3, 10.043965678705423, 3, 10, 3, 30, 3, 30, 3, 10, 3, 10, 3, 10, 3, 30, 3, 26.015277277279054, 3, 10, 3, 10, 3, 10, 3, 30, 3, 10, 3]",16.992263157894737
"[30, 3, 10, 3, 10, 3, 30, 3, 30, 3, 10, 3, 10, 3, 10, 3, 30, 3, 22.262496047350957, 3, 10, 3, 10, 3, 10, 3, 30, 3, 10, 3]",16.199473684210545
"[30, 3, 10, 3, 10, 3, 30, 3, 30, 3, 10, 3, 10, 3, 10, 3, 30, 3, 24.669763032571986, 3, 10, 3, 10, 3, 10, 3, 30, 3, 10, 3]",15.838471734892792
"[30, 3, 10, 3, 10, 3, 30, 3, 30, 3, 10, 3, 10, 3, 10, 3, 30, 3, 21.371193244616588, 3, 10, 3, 10, 3, 10, 3, 30, 3, 10, 3]",16.21160818713451
"[30, 3, 14.23116455135913, 3, 10, 3, 30, 3, 30, 3, 10, 3, 10, 3, 10, 3, 30, 3, 10, 3, 10, 3, 10, 3, 10, 3, 30, 3, 10, 3]",15.630588693957137
"[30, 3, 10, 3, 10, 3, 30, 3, 30, 3, 10, 3, 10, 3, 10, 3, 30, 3, 22.790563535199492, 3, 10, 3, 10, 3, 10, 3, 30, 3, 10, 3]",18.662101364522425
"[30, 3, 10, 3, 10, 3, 30, 3, 30, 3, 10, 3, 10, 3, 10, 3, 30, 3, 25.35627229103759, 3, 10, 3, 10, 3, 10, 3, 30, 3, 10, 3]",15.079274853801165
"[30, 3, 15.641669631791789, 3, 10, 3, 30, 3, 30, 3, 10, 3, 10, 3, 10, 3, 30, 3, 14.440084699994973, 3, 10, 3, 10, 3, 10, 3, 30, 3, 10, 3]",16.2258752436647
"[30, 3, 14.299706698670208, 3, 10, 3, 30, 3, 30, 3, 10, 3, 10, 3, 10, 3, 30, 3, 23.43645738016899, 3, 10, 3, 10, 3, 10, 3, 30, 3, 10, 3]",15.01818518518521
"[30, 3, 21.372019831197697, 3, 10, 3, 30, 3, 30, 3, 10, 3, 10, 3, 10, 3, 30, 3, 25.542911896317506, 3, 10, 3, 10, 3, 10, 3, 30, 3, 10, 3]",15.692421052631575
"[30, 3, 15.799137544051325, 3, 10, 3, 30, 3, 30, 3, 10, 3, 10, 3, 10, 3, 30, 3, 24.862302246205918, 3, 10, 3, 10, 3, 10, 3, 30, 3, 10, 3]",14.501846003898612
"[30, 3, 13.486159642703651, 3, 10, 3, 30, 3, 30, 3, 10, 3, 10, 3, 10, 3, 30, 3, 26.715244837411888, 3, 10, 3, 10, 3, 10, 3, 30, 3, 10, 3]",15.022270955165684
"[30, 3, 10, 3, 10, 3, 30, 3, 30, 3, 10, 3, 10, 3, 10, 3, 30, 3, 20.610221702820233, 3, 10, 3, 10, 3, 10, 3, 30, 3, 10, 3]",14.21612865497075
"[30, 3, 14.758819664965698, 3, 10, 3, 30, 3, 30, 3, 10, 3, 10, 3, 10, 3, 30, 3, 10, 3, 10, 3, 10, 3, 10, 3, 30, 3, 10, 3]",15.9847972709552
"[30, 3, 11.669422498988169, 3, 10, 3, 30, 3, 30, 3, 10, 3, 10, 3, 10, 3, 30, 3, 24.311065590210305, 3, 10, 3, 10, 3, 10, 3, 30, 3, 10, 3]",15.530571150097467
"[30, 3, 15.868992579647772, 3, 10, 3, 30, 3, 30, 3, 10, 3, 10, 3, 10, 3, 30, 3, 24.843704967911087, 3, 10, 3, 10, 3, 10, 3, 30, 3, 10, 3]",16.895196881091643
"[30, 3, 12.804226951712563, 3, 10, 3, 30, 3, 30, 3, 10, 3, 10, 3, 10, 3, 30, 3, 21.49129284914272, 3, 10, 3, 10, 3, 10, 3, 30, 3, 10, 3]",14.127444444444496
"[30, 3, 14.51906538109862, 3, 10, 3, 30, 3, 30, 3, 10, 3, 10, 3, 10, 3, 30, 3, 22.888562678428553, 3, 10, 3, 10, 3, 10, 3, 30, 3, 10, 3]",16.20945224171539
"[30, 3, 10, 3, 10, 3, 30, 3, 30, 3, 10, 3, 10, 3, 10, 3, 30, 3, 13.670427362334754, 3, 10, 3, 10, 3, 10, 3, 30, 3, 10, 3]",17.83484015594544
"[30, 3, 14.928887194384092, 3, 10, 3, 30, 3, 30, 3, 10, 3, 10, 3, 10, 3, 30, 3, 10.771779808520199, 3, 10, 3, 10, 3, 10, 3, 30, 3, 10, 3]",14.718058479532171
"[30, 3, 10.043965678705423, 3, 10, 3, 30, 3, 30, 3, 10, 3, 10, 3, 10, 3, 30, 3, 26.015277277279054, 3, 10, 3, 10, 3, 10, 3, 30, 3, 10, 3]",16.773697855750466
"[30, 3, 10, 3, 10, 3, 30, 3, 30, 3, 10, 3, 10, 3, 10, 3, 30, 3, 22.262496047350957, 3, 10, 3, 10, 3, 10, 3, 30, 3, 10, 3]",15.753797270955113
"[30, 3, 10, 3, 10, 3, 30, 3, 30, 3, 10, 3, 10, 3, 10, 3, 30, 3, 24.669763032571986, 3, 10, 3, 10, 3, 10, 3, 30, 3, 10, 3]",17.46761403508772
"[30, 3, 10, 3, 10, 3, 30, 3, 30, 3, 10, 3, 10, 3, 10, 3, 30, 3, 21.371193244616588, 3, 10, 3, 10, 3, 10, 3, 30, 3, 10, 3]",17.38350097465891
"[30, 3, 14.23116455135913, 3, 10, 3, 30, 3, 30, 3, 10, 3, 10, 3, 10, 3, 30, 3, 10, 3, 10, 3, 10, 3, 10, 3, 30, 3, 10, 3]",17.36087329434697
"[30, 3, 10, 3, 10, 3, 30, 3, 30, 3, 10, 3, 10, 3, 10, 3, 30, 3, 22.790563535199492, 3, 10, 3, 10, 3, 10, 3, 30, 3, 10, 3]",17.334385964912308
"[30, 3, 10, 3, 10, 3, 30, 3, 30, 3, 10, 3, 10, 3, 10, 3, 30, 3, 25.35627229103759, 3, 10, 3, 10, 3, 10, 3, 30, 3, 10, 3]",16.3290916179337
"[30, 3, 15.641669631791789, 3, 10, 3, 30, 3, 30, 3, 10, 3, 10, 3, 10, 3, 30, 3, 14.440084699994973, 3, 10, 3, 10, 3, 10, 3, 30, 3, 10, 3]",16.30186549707603
"[30, 3, 14.299706698670208, 3, 10, 3, 30, 3, 30, 3, 10, 3, 10, 3, 10, 3, 30, 3, 23.43645738016899, 3, 10, 3, 10, 3, 10, 3, 30, 3, 10, 3]",17.32631384015596
"[30, 3, 21.372019831197697, 3, 10, 3, 30, 3, 30, 3, 10, 3, 10, 3, 10, 3, 30, 3, 25.542911896317506, 3, 10, 3, 10, 3, 10, 3, 30, 3, 10, 3]",16.984773879142313
"[30, 3, 15.799137544051325, 3, 10, 3, 30, 3, 30, 3, 10, 3, 10, 3, 10, 3, 30, 3, 24.862302246205918, 3, 10, 3, 10, 3, 10, 3, 30, 3, 10, 3]",17.1817719298246
"[30, 3, 13.486159642703651, 3, 10, 3, 30, 3, 30, 3, 10, 3, 10, 3, 10, 3, 30, 3, 26.715244837411888, 3, 10, 3, 10, 3, 10, 3, 30, 3, 10, 3]",16.140444444444437
"[30, 3, 10, 3, 10, 3, 30, 3, 30, 3, 10, 3, 10, 3, 10, 3, 30, 3, 20.610221702820233, 3, 10, 3, 10, 3, 10, 3, 30, 3, 10, 3]",15.122169590643285
"[30, 3, 14.758819664965698, 3, 10, 3, 30, 3, 30, 3, 10, 3, 10, 3, 10, 3, 30, 3, 10, 3, 10, 3, 10, 3, 10, 3, 30, 3, 10, 3]",15.483173489278757
"[30, 3, 11.669422498988169, 3, 10, 3, 30, 3, 30, 3, 10, 3, 10, 3, 10, 3, 30, 3, 24.311065590210305, 3, 10, 3, 10, 3, 10, 3, 30, 3, 10, 3]",15.861393762183264
"[30, 3, 15.868992579647772, 3, 10, 3, 30, 3, 30, 3, 10, 3, 10, 3, 10, 3, 30, 3, 24.843704967911087, 3, 10, 3, 10, 3, 10, 3, 30, 3, 10, 3]",16.73748927875246
"[30, 3, 12.804226951712563, 3, 10, 3, 30, 3, 30, 3, 10, 3, 10, 3, 10, 3, 30, 3, 21.49129284914272, 3, 10, 3, 10, 3, 10, 3, 30, 3, 10, 3]",17.20035867446394
"[30, 3, 14.51906538109862, 3, 10, 3, 30, 3, 30, 3, 10, 3, 10, 3, 10, 3, 30, 3, 22.888562678428553, 3, 10, 3, 10, 3, 10, 3, 30, 3, 10, 3]",16.433113060428838
"[30, 3, 10, 3, 10, 3, 30, 3, 30, 3, 10, 3, 10, 3, 10, 3, 30, 3, 13.670427362334754, 3, 10, 3, 10, 3, 10, 3, 30, 3, 10, 3]",16.892167641325543
"[30, 3, 14.928887194384092, 3, 10, 3, 30, 3, 30, 3, 10, 3, 10, 3, 10, 3, 30, 3, 10.771779808520199, 3, 10, 3, 10, 3, 10, 3, 30, 3, 10, 3]",16.547440545808936
"[30, 3, 10.043965678705423, 3, 10, 3, 30, 3, 30, 3, 10, 3, 10, 3, 10, 3, 30, 3, 26.015277277279054, 3, 10, 3, 10, 3, 10, 3, 30, 3, 10, 3]",16.889883040935647
"[30, 3, 10, 3, 10, 3, 30, 3, 30, 3, 10, 3, 10, 3, 10, 3, 30, 3, 22.262496047350957, 3, 10, 3, 10, 3, 10, 3, 30, 3, 10, 3]",15.893372319688131
"[30, 3, 10, 3, 10, 3, 30, 3, 30, 3, 10, 3, 10, 3, 10, 3, 30, 3, 24.669763032571986, 3, 10, 3, 10, 3, 10, 3, 30, 3, 10, 3]",17.852423001949333
"[30, 3, 10, 3, 10, 3, 30, 3, 30, 3, 10, 3, 10, 3, 10, 3, 30, 3, 21.371193244616588, 3, 10, 3, 10, 3, 10, 3, 30, 3, 10, 3]",17.151729044834298
"[30, 3, 14.23116455135913, 3, 10, 3, 30, 3, 30, 3, 10, 3, 10, 3, 10, 3, 30, 3, 10, 3, 10, 3, 10, 3, 10, 3, 30, 3, 10, 3]",16.768438596491247
"[30, 3, 10, 3, 10, 3, 30, 3, 30, 3, 10, 3, 10, 3, 10, 3, 30, 3, 22.790563535199492, 3, 10, 3, 10, 3, 10, 3, 30, 3, 10, 3]",16.365300194931734
"[30, 3, 10, 3, 10, 3, 30, 3, 30, 3, 10, 3, 10, 3, 10, 3, 30, 3, 25.35627229103759, 3, 10, 3, 10, 3, 10, 3, 30, 3, 10, 3]",16.491931773879184
"[30, 3, 15.641669631791789, 3, 10, 3, 30, 3, 30, 3, 10, 3, 10, 3, 10, 3, 30, 3, 14.440084699994973, 3, 10, 3, 10, 3, 10, 3, 30, 3, 10, 3]",14.556029239766096
"[30, 3, 14.299706698670208, 3, 10, 3, 30, 3, 30, 3, 10, 3, 10, 3, 10, 3, 30, 3, 23.43645738016899, 3, 10, 3, 10, 3, 10, 3, 30, 3, 10, 3]",16.84159649122808
"[30, 3, 21.372019831197697, 3, 10, 3, 30, 3, 30, 3, 10, 3, 10, 3, 10, 3, 30, 3, 25.542911896317506, 3, 10, 3, 10, 3, 10, 3, 30, 3, 10, 3]",16.209198830409356
"[30, 3, 15.799137544051325, 3, 10, 3, 30, 3, 30, 3, 10, 3, 10, 3, 10, 3, 30, 3, 24.862302246205918, 3, 10, 3, 10, 3, 10, 3, 30, 3, 10, 3]",15.987654970760223
"[30, 3, 13.486159642703651, 3, 10, 3, 30, 3, 30, 3, 10, 3, 10, 3, 10, 3, 30, 3, 26.715244837411888, 3, 10, 3, 10, 3, 10, 3, 30, 3, 10, 3]",16.911214424951247
"[30, 3, 10, 3, 10, 3, 30, 3, 30, 3, 10, 3, 10, 3, 10, 3, 30, 3, 20.610221702820233, 3, 10, 3, 10, 3, 10, 3, 30, 3, 10, 3]",16.138715399610124
"[30, 3, 14.758819664965698, 3, 10, 3, 30, 3, 30, 3, 10, 3, 10, 3, 10, 3, 30, 3, 10, 3, 10, 3, 10, 3, 10, 3, 30, 3, 10, 3]",15.139795321637427
"[30, 3, 11.669422498988169, 3, 10, 3, 30, 3, 30, 3, 10, 3, 10, 3, 10, 3, 30, 3, 24.311065590210305, 3, 10, 3, 10, 3, 10, 3, 30, 3, 10, 3]",17.3054795321637
"[30, 3, 15.868992579647772, 3, 10, 3, 30, 3, 30, 3, 10, 3, 10, 3, 10, 3, 30, 3, 24.843704967911087, 3, 10, 3, 10, 3, 10, 3, 30, 3, 10, 3]",15.151826510721275
"[30, 3, 12.804226951712563, 3, 10, 3, 30, 3, 30, 3, 10, 3, 10, 3, 10, 3, 30, 3, 21.49129284914272, 3, 10, 3, 10, 3, 10, 3, 30, 3, 10, 3]",16.78826120857695
"[30, 3, 14.51906538109862, 3, 10, 3, 30, 3, 30, 3, 10, 3, 10, 3, 10, 3, 30, 3, 22.888562678428553, 3, 10, 3, 10, 3, 10, 3, 30, 3, 10, 3]",15.27413255360624
"[30, 3, 10, 3, 10, 3, 30, 3, 30, 3, 10, 3, 10, 3, 10, 3, 30, 3, 13.670427362334754, 3, 10, 3, 10, 3, 10, 3, 30, 3, 10, 3]",17.24033918128651
"[30, 3, 14.928887194384092, 3, 10, 3, 30, 3, 30, 3, 10, 3, 10, 3, 10, 3, 30, 3, 10.771779808520199, 3, 10, 3, 10, 3, 10, 3, 30, 3, 10, 3]",15.7540116959064
"[30, 3, 10.043965678705423, 3, 10, 3, 30, 3, 30, 3, 10, 3, 10, 3, 10, 3, 30, 3, 26.015277277279054, 3, 10, 3, 10, 3, 10, 3, 30, 3, 10, 3]",16.84843079922024
"[30, 3, 10, 3, 10, 3, 30, 3, 30, 3, 10, 3, 10, 3, 10, 3, 30, 3, 22.262496047350957, 3, 10, 3, 10, 3, 10, 3, 30, 3, 10, 3]",15.361853801169561
"[30, 3, 10, 3, 10, 3, 30, 3, 30, 3, 10, 3, 10, 3, 10, 3, 30, 3, 24.669763032571986, 3, 10, 3, 10, 3, 10, 3, 30, 3, 10, 3]",15.108434697855785
"[30, 3, 10, 3, 10, 3, 30, 3, 30, 3, 10, 3, 10, 3, 10, 3, 30, 3, 21.371193244616588, 3, 10, 3, 10, 3, 10, 3, 30, 3, 10, 3]",16.029777777777795
"[30, 3, 14.23116455135913, 3, 10, 3, 30, 3, 30, 3, 10, 3, 10, 3, 10, 3, 30, 3, 10, 3, 10, 3, 10, 3, 10, 3, 30, 3, 10, 3]",16.74369785575052
"[30, 3, 10, 3, 10, 3, 30, 3, 30, 3, 10, 3, 10, 3, 10, 3, 30, 3, 22.790563535199492, 3, 10, 3, 10, 3, 10, 3, 30, 3, 10, 3]",16.622625730994173
"[30, 3, 10, 3, 10, 3, 30, 3, 30, 3, 10, 3, 10, 3, 10, 3, 30, 3, 25.35627229103759, 3, 10, 3, 10, 3, 10, 3, 30, 3, 10, 3]",16.732001949317727
"[30, 3, 15.641669631791789, 3, 10, 3, 30, 3, 30, 3, 10, 3, 10, 3, 10, 3, 30, 3, 14.440084699994973, 3, 10, 3, 10, 3, 10, 3, 30, 3, 10, 3]",15.939538011695923
"[30, 3, 14.299706698670208, 3, 10, 3, 30, 3, 30, 3, 10, 3, 10, 3, 10, 3, 30, 3, 23.43645738016899, 3, 10, 3, 10, 3, 10, 3, 30, 3, 10, 3]",15.024253411306042
"[30, 3, 21.372019831197697, 3, 10, 3, 30, 3, 30, 3, 10, 3, 10, 3, 10, 3, 30, 3, 25.542911896317506, 3, 10, 3, 10, 3, 10, 3, 30, 3, 10, 3]",15.516516569200782
"[30, 3, 15.799137544051325, 3, 10, 3, 30, 3, 30, 3, 10, 3, 10, 3, 10, 3, 30, 3, 24.862302246205918, 3, 10, 3, 10, 3, 10, 3, 30, 3, 10, 3]",17.842898635477553
"[30, 3, 13.486159642703651, 3, 10, 3, 30, 3, 30, 3, 10, 3, 10, 3, 10, 3, 30, 3, 26.715244837411888, 3, 10, 3, 10, 3, 10, 3, 30, 3, 10, 3]",15.798376218323517
"[30, 3, 10, 3, 10, 3, 30, 3, 30, 3, 10, 3, 10, 3, 10, 3, 30, 3, 20.610221702820233, 3, 10, 3, 10, 3, 10, 3, 30, 3, 10, 3]",17.27932943469788
"[30, 3, 14.758819664965698, 3, 10, 3, 30, 3, 30, 3, 10, 3, 10, 3, 10, 3, 30, 3, 10, 3, 10, 3, 10, 3, 10, 3, 30, 3, 10, 3]",16.964113060428847
"[30, 3, 11.669422498988169, 3, 10, 3, 30, 3, 30, 3, 10, 3, 10, 3, 10, 3, 30, 3, 24.311065590210305, 3, 10, 3, 10, 3, 10, 3, 30, 3, 10, 3]",15.791235867446382
"[30, 3, 15.868992579647772, 3, 10, 3, 30, 3, 30, 3, 10, 3, 10, 3, 10, 3, 30, 3, 24.843704967911087, 3, 10, 3, 10, 3, 10, 3, 30, 3, 10, 3]",16.221015594541875
"[30, 3, 12.804226951712563, 3, 10, 3, 30, 3, 30, 3, 10, 3, 10, 3, 10, 3, 30, 3, 21.49129284914272, 3, 10, 3, 10, 3, 10, 3, 30, 3, 10, 3]",17.59133528265106
"[30, 3, 14.51906538109862, 3, 10, 3, 30, 3, 30, 3, 10, 3, 10, 3, 10, 3, 30, 3, 22.888562678428553, 3, 10, 3, 10, 3, 10, 3, 30, 3, 10, 3]",16.53957699805069
"[30, 3, 10, 3, 10, 3, 30, 3, 30, 3, 10, 3, 10, 3, 10, 3, 30, 3, 13.670427362334754, 3, 10, 3, 10, 3, 10, 3, 30, 3, 10, 3]",17.39251267056531
"[30, 3, 14.928887194384092, 3, 10, 3, 30, 3, 30, 3, 10, 3, 10, 3, 10, 3, 30, 3, 10.771779808520199, 3, 10, 3, 10, 3, 10, 3, 30, 3, 10, 3]",15.872900584795284
"[30, 3, 10.043965678705423, 3, 10, 3, 30, 3, 30, 3, 10, 3, 10, 3, 10, 3, 30, 3, 26.015277277279054, 3, 10, 3, 10, 3, 10, 3, 30, 3, 10, 3]",16.755249512670538
"[30, 3, 10, 3, 10, 3, 30, 3, 30, 3, 10, 3, 10, 3, 10, 3, 30, 3, 22.262496047350957, 3, 10, 3, 10, 3, 10, 3, 30, 3, 10, 3]",16.47434697855751
"[30, 3, 10, 3, 10, 3, 30, 3, 30, 3, 10, 3, 10, 3, 10, 3, 30, 3, 24.669763032571986, 3, 10, 3, 10, 3, 10, 3, 30, 3, 10, 3]",17.806208576998053
"[30, 3, 10, 3, 10, 3, 30, 3, 30, 3, 10, 3, 10, 3, 10, 3, 30, 3, 21.371193244616588, 3, 10, 3, 10, 3, 10, 3, 30, 3, 10, 3]",16.86668226120857
"[30, 3, 14.23116455135913, 3, 10, 3, 30, 3, 30, 3, 10, 3, 10, 3, 10, 3, 30, 3, 10, 3, 10, 3, 10, 3, 10, 3, 30, 3, 10, 3]",16.328547758284582
"[30, 3, 10, 3, 10, 3, 30, 3, 30, 3, 10, 3, 10, 3, 10, 3, 30, 3, 22.790563535199492, 3, 10, 3, 10, 3, 10, 3, 30, 3, 10, 3]",16.37665886939573
"[30, 3, 10, 3, 10, 3, 30, 3, 30, 3, 10, 3, 10, 3, 10, 3, 30, 3, 25.35627229103759, 3, 10, 3, 10, 3, 10, 3, 30, 3, 10, 3]",15.934175438596482
"[30, 3, 15.641669631791789, 3, 10, 3, 30, 3, 30, 3, 10, 3, 10, 3, 10, 3, 30, 3, 14.440084699994973, 3, 10, 3, 10, 3, 10, 3, 30, 3, 10, 3]",15.541395711500986
"[30, 3, 14.299706698670208, 3, 10, 3, 30, 3, 30, 3, 10, 3, 10, 3, 10, 3, 30, 3, 23.43645738016899, 3, 10, 3, 10, 3, 10, 3, 30, 3, 10, 3]",16.898465886939583
"[30, 3, 21.372019831197697, 3, 10, 3, 30, 3, 30, 3, 10, 3, 10, 3, 10, 3, 30, 3, 25.542911896317506, 3, 10, 3, 10, 3, 10, 3, 30, 3, 10, 3]",15.231920077972726
"[30, 3, 15.799137544051325, 3, 10, 3, 30, 3, 30, 3, 10, 3, 10, 3, 10, 3, 30, 3, 24.862302246205918, 3, 10, 3, 10, 3, 10, 3, 30, 3, 10, 3]",16.929384015594565
"[30, 3, 13.486159642703651, 3, 10, 3, 30, 3, 30, 3, 10, 3, 10, 3, 10, 3, 30, 3, 26.715244837411888, 3, 10, 3, 10, 3, 10, 3, 30, 3, 10, 3]",15.188793372319685
"[30, 3, 10, 3, 10, 3, 30, 3, 30, 3, 10, 3, 10, 3, 10, 3, 30, 3, 20.610221702820233, 3, 10, 3, 10, 3, 10, 3, 30, 3, 10, 3]",16.475343079922023
"[30, 3, 14.758819664965698, 3, 10, 3, 30, 3, 30, 3, 10, 3, 10, 3, 10, 3, 30, 3, 10, 3, 10, 3, 10, 3, 10, 3, 30, 3, 10, 3]",16.280237816764117
"[30, 3, 11.669422498988169, 3, 10, 3, 30, 3, 30, 3, 10, 3, 10, 3, 10, 3, 30, 3, 24.311065590210305, 3, 10, 3, 10, 3, 10, 3, 30, 3, 10, 3]",17.327062378167653
"[30, 3, 15.868992579647772, 3, 10, 3, 30, 3, 30, 3, 10, 3, 10, 3, 10, 3, 30, 3, 24.843704967911087, 3, 10, 3, 10, 3, 10, 3, 30, 3, 10, 3]",16.50207017543859
"[30, 3, 12.804226951712563, 3, 10, 3, 30, 3, 30, 3, 10, 3, 10, 3, 10, 3, 30, 3, 21.49129284914272, 3, 10, 3, 10, 3, 10, 3, 30, 3, 10, 3]",17.442500974658845
"[30, 3, 14.51906538109862, 3, 10, 3, 30, 3, 30, 3, 10, 3, 10, 3, 10, 3, 30, 3, 22.888562678428553, 3, 10, 3, 10, 3, 10, 3, 30, 3, 10, 3]",17.22800389863545
"[30, 3, 10, 3, 10, 3, 30, 3, 30, 3, 10, 3, 10, 3, 10, 3, 30, 3, 13.670427362334754, 3, 10, 3, 10, 3, 10, 3, 30, 3, 10, 3]",16.316629629629634
"[30, 3, 14.928887194384092, 3, 10, 3, 30, 3, 30, 3, 10, 3, 10, 3, 10, 3, 30, 3, 10.771779808520199, 3, 10, 3, 10, 3, 10, 3, 30, 3, 10, 3]",15.870134502923998
"[30, 3, 10.043965678705423, 3, 10, 3, 30, 3, 30, 3, 10, 3, 10, 3, 10, 3, 30, 3, 26.015277277279054, 3, 10, 3, 10, 3, 10, 3, 30, 3, 10, 3]",15.918095516569185
"[30, 3, 10, 3, 10, 3, 30, 3, 30, 3, 10, 3, 10, 3, 10, 3, 30, 3, 22.262496047350957, 3, 10, 3, 10, 3, 10, 3, 30, 3, 10, 3]",15.881793372319668
"[30, 3, 10, 3, 10, 3, 30, 3, 30, 3, 10, 3, 10, 3, 10, 3, 30, 3, 24.669763032571986, 3, 10, 3, 10, 3, 10, 3, 30, 3, 10, 3]",16.63963937621832
"[30, 3, 10, 3, 10, 3, 30, 3, 30, 3, 10, 3, 10, 3, 10, 3, 30, 3, 21.371193244616588, 3, 10, 3, 10, 3, 10, 3, 30, 3, 10, 3]",16.552192982456145
"[30, 3, 14.23116455135913, 3, 10, 3, 30, 3, 30, 3, 10, 3, 10, 3, 10, 3, 30, 3, 10, 3, 10, 3, 10, 3, 10, 3, 30, 3, 10, 3]",17.370048732943467
"[30, 3, 10, 3, 10, 3, 30, 3, 30, 3, 10, 3, 10, 3, 10, 3, 30, 3, 22.790563535199492, 3, 10, 3, 10, 3, 10, 3, 30, 3, 10, 3]",15.1861364522417
"[30, 3, 10, 3, 10, 3, 30, 3, 30, 3, 10, 3, 10, 3, 10, 3, 30, 3, 25.35627229103759, 3, 10, 3, 10, 3, 10, 3, 30, 3, 10, 3]",17.155656920077995
"[30, 3, 15.641669631791789, 3, 10, 3, 30, 3, 30, 3, 10, 3, 10, 3, 10, 3, 30, 3, 14.440084699994973, 3, 10, 3, 10, 3, 10, 3, 30, 3, 10, 3]",16.32849707602342
"[30, 3, 14.299706698670208, 3, 10, 3, 30, 3, 30, 3, 10, 3, 10, 3, 10, 3, 30, 3, 23.43645738016899, 3, 10, 3, 10, 3, 10, 3, 30, 3, 10, 3]",16.06397076023391
"[30, 3, 21.372019831197697, 3, 10, 3, 30, 3, 30, 3, 10, 3, 10, 3, 10, 3, 30, 3, 25.542911896317506, 3, 10, 3, 10, 3, 10, 3, 30, 3, 10, 3]",14.993411306042871
"[30, 3, 15.799137544051325, 3, 10, 3, 30, 3, 30, 3, 10, 3, 10, 3, 10, 3, 30, 3, 24.862302246205918, 3, 10, 3, 10, 3, 10, 3, 30, 3, 10, 3]",16.607732943469784
"[30, 3, 13.486159642703651, 3, 10, 3, 30, 3, 30, 3, 10, 3, 10, 3, 10, 3, 30, 3, 26.715244837411888, 3, 10, 3, 10, 3, 10, 3, 30, 3, 10, 3]",16.42540350877191
"[30, 3, 10, 3, 10, 3, 30, 3, 30, 3, 10, 3, 10, 3, 10, 3, 30, 3, 20.610221702820233, 3, 10, 3, 10, 3, 10, 3, 30, 3, 10, 3]",17.82673684210525
"[30, 3, 14.758819664965698, 3, 10, 3, 30, 3, 30, 3, 10, 3, 10, 3, 10, 3, 30, 3, 10, 3, 10, 3, 10, 3, 10, 3, 30, 3, 10, 3]",17.02986744639374
"[30, 3, 11.669422498988169, 3, 10, 3, 30, 3, 30, 3, 10, 3, 10, 3, 10, 3, 30, 3, 24.311065590210305, 3, 10, 3, 10, 3, 10, 3, 30, 3, 10, 3]",15.636074074074068
"[30, 3, 15.868992579647772, 3, 10, 3, 30, 3, 30, 3, 10, 3, 10, 3, 10, 3, 30, 3, 24.843704967911087, 3, 10, 3, 10, 3, 10, 3, 30, 3, 10, 3]",17.459491228070185
"[30, 3, 12.804226951712563, 3, 10, 3, 30, 3, 30, 3, 10, 3, 10, 3, 10, 3, 30, 3, 21.49129284914272, 3, 10, 3, 10, 3, 10, 3, 30, 3, 10, 3]",17.28518518518518
"[30, 3, 14.51906538109862, 3, 10, 3, 30, 3, 30, 3, 10, 3, 10, 3, 10, 3, 30, 3, 22.888562678428553, 3, 10, 3, 10, 3, 10, 3, 30, 3, 10, 3]",16.61708382066275
"[30, 3, 10, 3, 10, 3, 30, 3, 30, 3, 10, 3, 10, 3, 10, 3, 30, 3, 13.670427362334754, 3, 10, 3, 10, 3, 10, 3, 30, 3, 10, 3]",16.780808966861585
"[30, 3, 14.928887194384092, 3, 10, 3, 30, 3, 30, 3, 10, 3, 10, 3, 10, 3, 30, 3, 10.771779808520199, 3, 10, 3, 10, 3, 10, 3, 30, 3, 10, 3]",14.59194152046783
"[30, 3, 10.043965678705423, 3, 10, 3, 30, 3, 30, 3, 10, 3, 10, 3, 10, 3, 30, 3, 26.015277277279054, 3, 10, 3, 10, 3, 10, 3, 30, 3, 10, 3]",15.868282651072098
"[30, 3, 10, 3, 10, 3, 30, 3, 30, 3, 10, 3, 10, 3, 10, 3, 30, 3, 22.262496047350957, 3, 10, 3, 10, 3, 10, 3, 30, 3, 10, 3]",18.3924269005848
"[30, 3, 10, 3, 10, 3, 30, 3, 30, 3, 10, 3, 10, 3, 10, 3, 30, 3, 24.669763032571986, 3, 10, 3, 10, 3, 10, 3, 30, 3, 10, 3]",16.46894736842105
"[30, 3, 10, 3, 10, 3, 30, 3, 30, 3, 10, 3, 10, 3, 10, 3, 30, 3, 21.371193244616588, 3, 10, 3, 10, 3, 10, 3, 30, 3, 10, 3]",15.706169590643261
"[30, 3, 14.23116455135913, 3, 10, 3, 30, 3, 30, 3, 10, 3, 10, 3, 10, 3, 30, 3, 10, 3, 10, 3, 10, 3, 10, 3, 30, 3, 10, 3]",15.991693957115011
"[30, 3, 10, 3, 10, 3, 30, 3, 30, 3, 10, 3, 10, 3, 10, 3, 30, 3, 22.790563535199492, 3, 10, 3, 10, 3, 10, 3, 30, 3, 10, 3]",15.779317738791395
"[30, 3, 10, 3, 10, 3, 30, 3, 30, 3, 10, 3, 10, 3, 10, 3, 30, 3, 25.35627229103759, 3, 10, 3, 10, 3, 10, 3, 30, 3, 10, 3]",16.510405458089647
"[30, 3, 15.641669631791789, 3, 10, 3, 30, 3, 30, 3, 10, 3, 10, 3, 10, 3, 30, 3, 14.440084699994973, 3, 10, 3, 10, 3, 10, 3, 30, 3, 10, 3]",15.00186744639375
"[30, 3, 14.299706698670208, 3, 10, 3, 30, 3, 30, 3, 10, 3, 10, 3, 10, 3, 30, 3, 23.43645738016899, 3, 10, 3, 10, 3, 10, 3, 30, 3, 10, 3]",14.918438596491244
"[30, 3, 21.372019831197697, 3, 10, 3, 30, 3, 30, 3, 10, 3, 10, 3, 10, 3, 30, 3, 25.542911896317506, 3, 10, 3, 10, 3, 10, 3, 30, 3, 10, 3]",16.355241715399597
"[30, 3, 15.799137544051325, 3, 10, 3, 30, 3, 30, 3, 10, 3, 10, 3, 10, 3, 30, 3, 24.862302246205918, 3, 10, 3, 10, 3, 10, 3, 30, 3, 10, 3]",15.778520467836255
"[30, 3, 13.486159642703651, 3, 10, 3, 30, 3, 30, 3, 10, 3, 10, 3, 10, 3, 30, 3, 26.715244837411888, 3, 10, 3, 10, 3, 10, 3, 30, 3, 10, 3]",15.419465886939552
"[30, 3, 10, 3, 10, 3, 30, 3, 30, 3, 10, 3, 10, 3, 10, 3, 30, 3, 20.610221702820233, 3, 10, 3, 10, 3, 10, 3, 30, 3, 10, 3]",18.037052631578902
"[30, 3, 14.758819664965698, 3, 10, 3, 30, 3, 30, 3, 10, 3, 10, 3, 10, 3, 30, 3, 10, 3, 10, 3, 10, 3, 10, 3, 30, 3, 10, 3]",16.21724366471735
"[30, 3, 11.669422498988169, 3, 10, 3, 30, 3, 30, 3, 10, 3, 10, 3, 10, 3, 30, 3, 24.311065590210305, 3, 10, 3, 10, 3, 10, 3, 30, 3, 10, 3]",15.61378752436646
"[30, 3, 15.868992579647772, 3, 10, 3, 30, 3, 30, 3, 10, 3, 10, 3, 10, 3, 30, 3, 24.843704967911087, 3, 10, 3, 10, 3, 10, 3, 30, 3, 10, 3]",16.01776023391811
"[30, 3, 12.804226951712563, 3, 10, 3, 30, 3, 30, 3, 10, 3, 10, 3, 10, 3, 30, 3, 21.49129284914272, 3, 10, 3, 10, 3, 10, 3, 30, 3, 10, 3]",15.866824561403488
"[30, 3, 14.51906538109862, 3, 10, 3, 30, 3, 30, 3, 10, 3, 10, 3, 10, 3, 30, 3, 22.888562678428553, 3, 10, 3, 10, 3, 10, 3, 30, 3, 10, 3]",15.195426900584804
"[30, 3, 10, 3, 10, 3, 30, 3, 30, 3, 10, 3, 10, 3, 10, 3, 30, 3, 13.670427362334754, 3, 10, 3, 10, 3, 10, 3, 30, 3, 10, 3]",15.767984405458074
"[30, 3, 14.928887194384092, 3, 10, 3, 30, 3, 30, 3, 10, 3, 10, 3, 10, 3, 30, 3, 10.771779808520199, 3, 10, 3, 10, 3, 10, 3, 30, 3, 10, 3]",16.864910331384035
"[30, 3, 10.043965678705423, 3, 10, 3, 30, 3, 30, 3, 10, 3, 10, 3, 10, 3, 30, 3, 26.015277277279054, 3, 10, 3, 10, 3, 10, 3, 30, 3, 10, 3]",16.19910136452242
"[30, 3, 10, 3, 10, 3, 30, 3, 30, 3, 10, 3, 10, 3, 10, 3, 30, 3, 22.262496047350957, 3, 10, 3, 10, 3, 10, 3, 30, 3, 10, 3]",17.21110331384014
"[30, 3, 10, 3, 10, 3, 30, 3, 30, 3, 10, 3, 10, 3, 10, 3, 30, 3, 24.669763032571986, 3, 10, 3, 10, 3, 10, 3, 30, 3, 10, 3]",14.447046783625735
"[30, 3, 10, 3, 10, 3, 30, 3, 30, 3, 10, 3, 10, 3, 10, 3, 30, 3, 21.371193244616588, 3, 10, 3, 10, 3, 10, 3, 30, 3, 10, 3]",18.023179337231948
"[30, 3, 14.23116455135913, 3, 10, 3, 30, 3, 30, 3, 10, 3, 10, 3, 10, 3, 30, 3, 10, 3, 10, 3, 10, 3, 10, 3, 30, 3, 10, 3]",16.78524366471733
"[30, 3, 10, 3, 10, 3, 30, 3, 30, 3, 10, 3, 10, 3, 10, 3, 30, 3, 22.790563535199492, 3, 10, 3, 10, 3, 10, 3, 30, 3, 10, 3]",17.090869395711433
"[30, 3, 10, 3, 10, 3, 30, 3, 30, 3, 10, 3, 10, 3, 10, 3, 30, 3, 25.35627229103759, 3, 10, 3, 10, 3, 10, 3, 30, 3, 10, 3]",14.914446393762185
"[30, 3, 15.641669631791789, 3, 10, 3, 30, 3, 30, 3, 10, 3, 10, 3, 10, 3, 30, 3, 14.440084699994973, 3, 10, 3, 10, 3, 10, 3, 30, 3, 10, 3]",15.673218323586767
"[30, 3, 14.299706698670208, 3, 10, 3, 30, 3, 30, 3, 10, 3, 10, 3, 10, 3, 30, 3, 23.43645738016899, 3, 10, 3, 10, 3, 10, 3, 30, 3, 10, 3]",14.356161793372316
"[30, 3, 21.372019831197697, 3, 10, 3, 30, 3, 30, 3, 10, 3, 10, 3, 10, 3, 30, 3, 25.542911896317506, 3, 10, 3, 10, 3, 10, 3, 30, 3, 10, 3]",15.62131968810916
"[30, 3, 15.799137544051325, 3, 10, 3, 30, 3, 30, 3, 10, 3, 10, 3, 10, 3, 30, 3, 24.862302246205918, 3, 10, 3, 10, 3, 10, 3, 30, 3, 10, 3]",15.274717348927936
"[30, 3, 13.486159642703651, 3, 10, 3, 30, 3, 30, 3, 10, 3, 10, 3, 10, 3, 30, 3, 26.715244837411888, 3, 10, 3, 10, 3, 10, 3, 30, 3, 10, 3]",17.01254385964911
"[30, 3, 10, 3, 10, 3, 30, 3, 30, 3, 10, 3, 10, 3, 10, 3, 30, 3, 20.610221702820233, 3, 10, 3, 10, 3, 10, 3, 30, 3, 10, 3]",15.6848323586745
"[30, 3, 14.758819664965698, 3, 10, 3, 30, 3, 30, 3, 10, 3, 10, 3, 10, 3, 30, 3, 10, 3, 10, 3, 10, 3, 10, 3, 30, 3, 10, 3]",16.357177387914245
"[30, 3, 11.669422498988169, 3, 10, 3, 30, 3, 30, 3, 10, 3, 10, 3, 10, 3, 30, 3, 24.311065590210305, 3, 10, 3, 10, 3, 10, 3, 30, 3, 10, 3]",14.901157894736835
"[30, 3, 15.868992579647772, 3, 10, 3, 30, 3, 30, 3, 10, 3, 10, 3, 10, 3, 30, 3, 24.843704967911087, 3, 10, 3, 10, 3, 10, 3, 30, 3, 10, 3]",16.890442495126717
"[30, 3, 12.804226951712563, 3, 10, 3, 30, 3, 30, 3, 10, 3, 10, 3, 10, 3, 30, 3, 21.49129284914272, 3, 10, 3, 10, 3, 10, 3, 30, 3, 10, 3]",16.789693957115
"[30, 3, 14.51906538109862, 3, 10, 3, 30, 3, 30, 3, 10, 3, 10, 3, 10, 3, 30, 3, 22.888562678428553, 3, 10, 3, 10, 3, 10, 3, 30, 3, 10, 3]",13.56449512670567
"[30, 3, 10, 3, 10, 3, 30, 3, 30, 3, 10, 3, 10, 3, 10, 3, 30, 3, 13.670427362334754, 3, 10, 3, 10, 3, 10, 3, 30, 3, 10, 3]",16.045007797270973
"[30, 3, 14.928887194384092, 3, 10, 3, 30, 3, 30, 3, 10, 3, 10, 3, 10, 3, 30, 3, 10.771779808520199, 3, 10, 3, 10, 3, 10, 3, 30, 3, 10, 3]",16.899530214424935
"[30, 3, 10.043965678705423, 3, 10, 3, 30, 3, 30, 3, 10, 3, 10, 3, 10, 3, 30, 3, 26.015277277279054, 3, 10, 3, 10, 3, 10, 3, 30, 3, 10, 3]",15.833849902534112
"[30, 3, 10, 3, 10, 3, 30, 3, 30, 3, 10, 3, 10, 3, 10, 3, 30, 3, 22.262496047350957, 3, 10, 3, 10, 3, 10, 3, 30, 3, 10, 3]",15.74385575048731
"[30, 3, 10, 3, 10, 3, 30, 3, 30, 3, 10, 3, 10, 3, 10, 3, 30, 3, 24.669763032571986, 3, 10, 3, 10, 3, 10, 3, 30, 3, 10, 3]",16.804779727095507
"[30, 3, 10, 3, 10, 3, 30, 3, 30, 3, 10, 3, 10, 3, 10, 3, 30, 3, 21.371193244616588, 3, 10, 3, 10, 3, 10, 3, 30, 3, 10, 3]",17.873116959064316
"[30, 3, 14.23116455135913, 3, 10, 3, 30, 3, 30, 3, 10, 3, 10, 3, 10, 3, 30, 3, 10, 3, 10, 3, 10, 3, 10, 3, 30, 3, 10, 3]",14.28459259259257
"[30, 3, 10, 3, 10, 3, 30, 3, 30, 3, 10, 3, 10, 3, 10, 3, 30, 3, 22.790563535199492, 3, 10, 3, 10, 3, 10, 3, 30, 3, 10, 3]",15.92139376218322
"[30, 3, 10, 3, 10, 3, 30, 3, 30, 3, 10, 3, 10, 3, 10, 3, 30, 3, 25.35627229103759, 3, 10, 3, 10, 3, 10, 3, 30, 3, 10, 3]",16.866068226120866
"[30, 3, 15.641669631791789, 3, 10, 3, 30, 3, 30, 3, 10, 3, 10, 3, 10, 3, 30, 3, 14.440084699994973, 3, 10, 3, 10, 3, 10, 3, 30, 3, 10, 3]",15.136631578947398
"[30, 3, 14.299706698670208, 3, 10, 3, 30, 3, 30, 3, 10, 3, 10, 3, 10, 3, 30, 3, 23.43645738016899, 3, 10, 3, 10, 3, 10, 3, 30, 3, 10, 3]",16.758292397660806
"[30, 3, 21.372019831197697, 3, 10, 3, 30, 3, 30, 3, 10, 3, 10, 3, 10, 3, 30, 3, 25.542911896317506, 3, 10, 3, 10, 3, 10, 3, 30, 3, 10, 3]",15.912578947368429
"[30, 3, 15.799137544051325, 3, 10, 3, 30, 3, 30, 3, 10, 3, 10, 3, 10, 3, 30, 3, 24.862302246205918, 3, 10, 3, 10, 3, 10, 3, 30, 3, 10, 3]",15.837598440545817
"[30, 3, 13.486159642703651, 3, 10, 3, 30, 3, 30, 3, 10, 3, 10, 3, 10, 3, 30, 3, 26.715244837411888, 3, 10, 3, 10, 3, 10, 3, 30, 3, 10, 3]",17.26930214424952
"[30, 3, 10, 3, 10, 3, 30, 3, 30, 3, 10, 3, 10, 3, 10, 3, 30, 3, 20.610221702820233, 3, 10, 3, 10, 3, 10, 3, 30, 3, 10, 3]",15.789438596491225
"[30, 3, 14.758819664965698, 3, 10, 3, 30, 3, 30, 3, 10, 3, 10, 3, 10, 3, 30, 3, 10, 3, 10, 3, 10, 3, 10, 3, 30, 3, 10, 3]",15.66650292397663
"[30, 3, 11.669422498988169, 3, 10, 3, 30, 3, 30, 3, 10, 3, 10, 3, 10, 3, 30, 3, 24.311065590210305, 3, 10, 3, 10, 3, 10, 3, 30, 3, 10, 3]",13.84651851851855
"[30, 3, 15.868992579647772, 3, 10, 3, 30, 3, 30, 3, 10, 3, 10, 3, 10, 3, 30, 3, 24.843704967911087, 3, 10, 3, 10, 3, 10, 3, 30, 3, 10, 3]",17.465183235867464
"[30, 3, 12.804226951712563, 3, 10, 3, 30, 3, 30, 3, 10, 3, 10, 3, 10, 3, 30, 3, 21.49129284914272, 3, 10, 3, 10, 3, 10, 3, 30, 3, 10, 3]",17.335684210526296
"[30, 3, 14.51906538109862, 3, 10, 3, 30, 3, 30, 3, 10, 3, 10, 3, 10, 3, 30, 3, 22.888562678428553, 3, 10, 3, 10, 3, 10, 3, 30, 3, 10, 3]",14.765957115009751
"[30, 3, 10, 3, 10, 3, 30, 3, 30, 3, 10, 3, 10, 3, 10, 3, 30, 3, 13.670427362334754, 3, 10, 3, 10, 3, 10, 3, 30, 3, 10, 3]",17.033959064327473
"[30, 3, 14.928887194384092, 3, 10, 3, 30, 3, 30, 3, 10, 3, 10, 3, 10, 3, 30, 3, 10.771779808520199, 3, 10, 3, 10, 3, 10, 3, 30, 3, 10, 3]",16.165912280701765
"[30, 3, 10.043965678705423, 3, 10, 3, 30, 3, 30, 3, 10, 3, 10, 3, 10, 3, 30, 3, 26.015277277279054, 3, 10, 3, 10, 3, 10, 3, 30, 3, 10, 3]",15.407808966861534
"[30, 3, 10, 3, 10, 3, 30, 3, 30, 3, 10, 3, 10, 3, 10, 3, 30, 3, 22.262496047350957, 3, 10, 3, 10, 3, 10, 3, 30, 3, 10, 3]",16.56969395711498
"[30, 3, 10, 3, 10, 3, 30, 3, 30, 3, 10, 3, 10, 3, 10, 3, 30, 3, 24.669763032571986, 3, 10, 3, 10, 3, 10, 3, 30, 3, 10, 3]",14.266315789473667
"[30, 3, 10, 3, 10, 3, 30, 3, 30, 3, 10, 3, 10, 3, 10, 3, 30, 3, 21.371193244616588, 3, 10, 3, 10, 3, 10, 3, 30, 3, 10, 3]",16.86704288499023
"[30, 3, 14.23116455135913, 3, 10, 3, 30, 3, 30, 3, 10, 3, 10, 3, 10, 3, 30, 3, 10, 3, 10, 3, 10, 3, 10, 3, 30, 3, 10, 3]",16.83801169590638
"[30, 3, 10, 3, 10, 3, 30, 3, 30, 3, 10, 3, 10, 3, 10, 3, 30, 3, 22.790563535199492, 3, 10, 3, 10, 3, 10, 3, 30, 3, 10, 3]",14.79653411306042
"[30, 3, 10, 3, 10, 3, 30, 3, 30, 3, 10, 3, 10, 3, 10, 3, 30, 3, 25.35627229103759, 3, 10, 3, 10, 3, 10, 3, 30, 3, 10, 3]",17.121218323586675
"[30, 3, 15.641669631791789, 3, 10, 3, 30, 3, 30, 3, 10, 3, 10, 3, 10, 3, 30, 3, 14.440084699994973, 3, 10, 3, 10, 3, 10, 3, 30, 3, 10, 3]",16.260278752436598
"[30, 3, 14.299706698670208, 3, 10, 3, 30, 3, 30, 3, 10, 3, 10, 3, 10, 3, 30, 3, 23.43645738016899, 3, 10, 3, 10, 3, 10, 3, 30, 3, 10, 3]",17.400524366471767
"[30, 3, 21.372019831197697, 3, 10, 3, 30, 3, 30, 3, 10, 3, 10, 3, 10, 3, 30, 3, 25.542911896317506, 3, 10, 3, 10, 3, 10, 3, 30, 3, 10, 3]",14.836937621832329
"[30, 3, 15.799137544051325, 3, 10, 3, 30, 3, 30, 3, 10, 3, 10, 3, 10, 3, 30, 3, 24.862302246205918, 3, 10, 3, 10, 3, 10, 3, 30, 3, 10, 3]",16.11599220272899
"[30, 3, 13.486159642703651, 3, 10, 3, 30, 3, 30, 3, 10, 3, 10, 3, 10, 3, 30, 3, 26.715244837411888, 3, 10, 3, 10, 3, 10, 3, 30, 3, 10, 3]",16.51170760233919
"[30, 3, 10, 3, 10, 3, 30, 3, 30, 3, 10, 3, 10, 3, 10, 3, 30, 3, 20.610221702820233, 3, 10, 3, 10, 3, 10, 3, 30, 3, 10, 3]",16.103380116959052
"[30, 3, 14.758819664965698, 3, 10, 3, 30, 3, 30, 3, 10, 3, 10, 3, 10, 3, 30, 3, 10, 3, 10, 3, 10, 3, 10, 3, 30, 3, 10, 3]",14.53362962962965
"[30, 3, 11.669422498988169, 3, 10, 3, 30, 3, 30, 3, 10, 3, 10, 3, 10, 3, 30, 3, 24.311065590210305, 3, 10, 3, 10, 3, 10, 3, 30, 3, 10, 3]",15.739068226120867
"[30, 3, 15.868992579647772, 3, 10, 3, 30, 3, 30, 3, 10, 3, 10, 3, 10, 3, 30, 3, 24.843704967911087, 3, 10, 3, 10, 3, 10, 3, 30, 3, 10, 3]",16.935413255360615
"[30, 3, 12.804226951712563, 3, 10, 3, 30, 3, 30, 3, 10, 3, 10, 3, 10, 3, 30, 3, 21.49129284914272, 3, 10, 3, 10, 3, 10, 3, 30, 3, 10, 3]",16.408153996101376
"[30, 3, 14.51906538109862, 3, 10, 3, 30, 3, 30, 3, 10, 3, 10, 3, 10, 3, 30, 3, 22.888562678428553, 3, 10, 3, 10, 3, 10, 3, 30, 3, 10, 3]",16.89276803118911
"[30, 3, 10, 3, 10, 3, 30, 3, 30, 3, 10, 3, 10, 3, 10, 3, 30, 3, 13.670427362334754, 3, 10, 3, 10, 3, 10, 3, 30, 3, 10, 3]",16.781413255360604
"[30, 3, 14.928887194384092, 3, 10, 3, 30, 3, 30, 3, 10, 3, 10, 3, 10, 3, 30, 3, 10.771779808520199, 3, 10, 3, 10, 3, 10, 3, 30, 3, 10, 3]",16.175286549707636
"[30, 3, 10.043965678705423, 3, 10, 3, 30, 3, 30, 3, 10, 3, 10, 3, 10, 3, 30, 3, 26.015277277279054, 3, 10, 3, 10, 3, 10, 3, 30, 3, 10, 3]",17.053789473684194
"[30, 3, 10, 3, 10, 3, 30, 3, 30, 3, 10, 3, 10, 3, 10, 3, 30, 3, 22.262496047350957, 3, 10, 3, 10, 3, 10, 3, 30, 3, 10, 3]",16.401842105263142
"[30, 3, 10, 3, 10, 3, 30, 3, 30, 3, 10, 3, 10, 3, 10, 3, 30, 3, 24.669763032571986, 3, 10, 3, 10, 3, 10, 3, 30, 3, 10, 3]",16.733046783625692
"[30, 3, 10, 3, 10, 3, 30, 3, 30, 3, 10, 3, 10, 3, 10, 3, 30, 3, 21.371193244616588, 3, 10, 3, 10, 3, 10, 3, 30, 3, 10, 3]",15.846838206627636
"[30, 3, 14.23116455135913, 3, 10, 3, 30, 3, 30, 3, 10, 3, 10, 3, 10, 3, 30, 3, 10, 3, 10, 3, 10, 3, 10, 3, 30, 3, 10, 3]",17.61605458089665
"[30, 3, 10, 3, 10, 3, 30, 3, 30, 3, 10, 3, 10, 3, 10, 3, 30, 3, 22.790563535199492, 3, 10, 3, 10, 3, 10, 3, 30, 3, 10, 3]",15.374325536062397
"[30, 3, 10, 3, 10, 3, 30, 3, 30, 3, 10, 3, 10, 3, 10, 3, 30, 3, 25.35627229103759, 3, 10, 3, 10, 3, 10, 3, 30, 3, 10, 3]",15.134598440545796
"[30, 3, 15.641669631791789, 3, 10, 3, 30, 3, 30, 3, 10, 3, 10, 3, 10, 3, 30, 3, 14.440084699994973, 3, 10, 3, 10, 3, 10, 3, 30, 3, 10, 3]",16.848358674463903
"[30, 3, 14.299706698670208, 3, 10, 3, 30, 3, 30, 3, 10, 3, 10, 3, 10, 3, 30, 3, 23.43645738016899, 3, 10, 3, 10, 3, 10, 3, 30, 3, 10, 3]",16.774077972709566
"[30, 3, 21.372019831197697, 3, 10, 3, 30, 3, 30, 3, 10, 3, 10, 3, 10, 3, 30, 3, 25.542911896317506, 3, 10, 3, 10, 3, 10, 3, 30, 3, 10, 3]",14.992816764132563
"[30, 3, 15.799137544051325, 3, 10, 3, 30, 3, 30, 3, 10, 3, 10, 3, 10, 3, 30, 3, 24.862302246205918, 3, 10, 3, 10, 3, 10, 3, 30, 3, 10, 3]",14.574818713450277
"[30, 3, 13.486159642703651, 3, 10, 3, 30, 3, 30, 3, 10, 3, 10, 3, 10, 3, 30, 3, 26.715244837411888, 3, 10, 3, 10, 3, 10, 3, 30, 3, 10, 3]",16.202643274853845
"[30, 3, 10, 3, 10, 3, 30, 3, 30, 3, 10, 3, 10, 3, 10, 3, 30, 3, 20.610221702820233, 3, 10, 3, 10, 3, 10, 3, 30, 3, 10, 3]",16.473072124756314
"[30, 3, 14.758819664965698, 3, 10, 3, 30, 3, 30, 3, 10, 3, 10, 3, 10, 3, 30, 3, 10, 3, 10, 3, 10, 3, 10, 3, 30, 3, 10, 3]",15.912432748537992
"[30, 3, 11.669422498988169, 3, 10, 3, 30, 3, 30, 3, 10, 3, 10, 3, 10, 3, 30, 3, 24.311065590210305, 3, 10, 3, 10, 3, 10, 3, 30, 3, 10, 3]",14.719783625731004
"[30, 3, 15.868992579647772, 3, 10, 3, 30, 3, 30, 3, 10, 3, 10, 3, 10, 3, 30, 3, 24.843704967911087, 3, 10, 3, 10, 3, 10, 3, 30, 3, 10, 3]",17.239709551656933
"[30, 3, 12.804226951712563, 3, 10, 3, 30, 3, 30, 3, 10, 3, 10, 3, 10, 3, 30, 3, 21.49129284914272, 3, 10, 3, 10, 3, 10, 3, 30, 3, 10, 3]",15.15084210526317
"[30, 3, 14.51906538109862, 3, 10, 3, 30, 3, 30, 3, 10, 3, 10, 3, 10, 3, 30, 3, 22.888562678428553, 3, 10, 3, 10, 3, 10, 3, 30, 3, 10, 3]",15.884573099415194
"[30, 3, 10, 3, 10, 3, 30, 3, 30, 3, 10, 3, 10, 3, 10, 3, 30, 3, 13.670427362334754, 3, 10, 3, 10, 3, 10, 3, 30, 3, 10, 3]",15.744079922027323
"[30, 3, 14.928887194384092, 3, 10, 3, 30, 3, 30, 3, 10, 3, 10, 3, 10, 3, 30, 3, 10.771779808520199, 3, 10, 3, 10, 3, 10, 3, 30, 3, 10, 3]",15.386719298245644
"[30, 3, 10.043965678705423, 3, 10, 3, 30, 3, 30, 3, 10, 3, 10, 3, 10, 3, 30, 3, 26.015277277279054, 3, 10, 3, 10, 3, 10, 3, 30, 3, 10, 3]",17.104791423001963
"[30, 3, 10, 3, 10, 3, 30, 3, 30, 3, 10, 3, 10, 3, 10, 3, 30, 3, 22.262496047350957, 3, 10, 3, 10, 3, 10, 3, 30, 3, 10, 3]",16.4486744639376
"[30, 3, 10, 3, 10, 3, 30, 3, 30, 3, 10, 3, 10, 3, 10, 3, 30, 3, 24.669763032571986, 3, 10, 3, 10, 3, 10, 3, 30, 3, 10, 3]",19.07569980506823
"[30, 3, 10, 3, 10, 3, 30, 3, 30, 3, 10, 3, 10, 3, 10, 3, 30, 3, 21.371193244616588, 3, 10, 3, 10, 3, 10, 3, 30, 3, 10, 3]",15.969947368421067
"[30, 3, 14.23116455135913, 3, 10, 3, 30, 3, 30, 3, 10, 3, 10, 3, 10, 3, 30, 3, 10, 3, 10, 3, 10, 3, 10, 3, 30, 3, 10, 3]",14.14869590643274
"[30, 3, 10, 3, 10, 3, 30, 3, 30, 3, 10, 3, 10, 3, 10, 3, 30, 3, 22.790563535199492, 3, 10, 3, 10, 3, 10, 3, 30, 3, 10, 3]",17.05524561403512
"[30, 3, 10, 3, 10, 3, 30, 3, 30, 3, 10, 3, 10, 3, 10, 3, 30, 3, 25.35627229103759, 3, 10, 3, 10, 3, 10, 3, 30, 3, 10, 3]",15.823265107212467
"[30, 3, 15.641669631791789, 3, 10, 3, 30, 3, 30, 3, 10, 3, 10, 3, 10, 3, 30, 3, 14.440084699994973, 3, 10, 3, 10, 3, 10, 3, 30, 3, 10, 3]",16.362419103313865
"[30, 3, 14.299706698670208, 3, 10, 3, 30, 3, 30, 3, 10, 3, 10, 3, 10, 3, 30, 3, 23.43645738016899, 3, 10, 3, 10, 3, 10, 3, 30, 3, 10, 3]",16.256467836257304
"[30, 3, 21.372019831197697, 3, 10, 3, 30, 3, 30, 3, 10, 3, 10, 3, 10, 3, 30, 3, 25.542911896317506, 3, 10, 3, 10, 3, 10, 3, 30, 3, 10, 3]",17.277602339181254
"[30, 3, 15.799137544051325, 3, 10, 3, 30, 3, 30, 3, 10, 3, 10, 3, 10, 3, 30, 3, 24.862302246205918, 3, 10, 3, 10, 3, 10, 3, 30, 3, 10, 3]",15.703920077972672
"[30, 3, 13.486159642703651, 3, 10, 3, 30, 3, 30, 3, 10, 3, 10, 3, 10, 3, 30, 3, 26.715244837411888, 3, 10, 3, 10, 3, 10, 3, 30, 3, 10, 3]",16.785736842105262
"[30, 3, 10, 3, 10, 3, 30, 3, 30, 3, 10, 3, 10, 3, 10, 3, 30, 3, 20.610221702820233, 3, 10, 3, 10, 3, 10, 3, 30, 3, 10, 3]",15.341387914230005
"[30, 3, 14.758819664965698, 3, 10, 3, 30, 3, 30, 3, 10, 3, 10, 3, 10, 3, 30, 3, 10, 3, 10, 3, 10, 3, 10, 3, 30, 3, 10, 3]",15.30006042884988
"[30, 3, 11.669422498988169, 3, 10, 3, 30, 3, 30, 3, 10, 3, 10, 3, 10, 3, 30, 3, 24.311065590210305, 3, 10, 3, 10, 3, 10, 3, 30, 3, 10, 3]",15.32332748538011
"[30, 3, 15.868992579647772, 3, 10, 3, 30, 3, 30, 3, 10, 3, 10, 3, 10, 3, 30, 3, 24.843704967911087, 3, 10, 3, 10, 3, 10, 3, 30, 3, 10, 3]",17.602368421052603
"[30, 3, 12.804226951712563, 3, 10, 3, 30, 3, 30, 3, 10, 3, 10, 3, 10, 3, 30, 3, 21.49129284914272, 3, 10, 3, 10, 3, 10, 3, 30, 3, 10, 3]",15.551307992202734
"[30, 3, 14.51906538109862, 3, 10, 3, 30, 3, 30, 3, 10, 3, 10, 3, 10, 3, 30, 3, 22.888562678428553, 3, 10, 3, 10, 3, 10, 3, 30, 3, 10, 3]",15.729532163742716
"[30, 3, 10, 3, 10, 3, 30, 3, 30, 3, 10, 3, 10, 3, 10, 3, 30, 3, 13.670427362334754, 3, 10, 3, 10, 3, 10, 3, 30, 3, 10, 3]",18.3832319688109
"[30, 3, 14.928887194384092, 3, 10, 3, 30, 3, 30, 3, 10, 3, 10, 3, 10, 3, 30, 3, 10.771779808520199, 3, 10, 3, 10, 3, 10, 3, 30, 3, 10, 3]",15.151426900584816
"[30, 3, 10.043965678705423, 3, 10, 3, 30, 3, 30, 3, 10, 3, 10, 3, 10, 3, 30, 3, 26.015277277279054, 3, 10, 3, 10, 3, 10, 3, 30, 3, 10, 3]",16.76207992202734
"[30, 3, 10, 3, 10, 3, 30, 3, 30, 3, 10, 3, 10, 3, 10, 3, 30, 3, 22.262496047350957, 3, 10, 3, 10, 3, 10, 3, 30, 3, 10, 3]",15.428633528265067
"[30, 3, 10, 3, 10, 3, 30, 3, 30, 3, 10, 3, 10, 3, 10, 3, 30, 3, 24.669763032571986, 3, 10, 3, 10, 3, 10, 3, 30, 3, 10, 3]",16.062048732943488
"[30, 3, 10, 3, 10, 3, 30, 3, 30, 3, 10, 3, 10, 3, 10, 3, 30, 3, 21.371193244616588, 3, 10, 3, 10, 3, 10, 3, 30, 3, 10, 3]",15.059631578947375
"[30, 3, 14.23116455135913, 3, 10, 3, 30, 3, 30, 3, 10, 3, 10, 3, 10, 3, 30, 3, 10, 3, 10, 3, 10, 3, 10, 3, 30, 3, 10, 3]",16.55788304093574
"[30, 3, 10, 3, 10, 3, 30, 3, 30, 3, 10, 3, 10, 3, 10, 3, 30, 3, 22.790563535199492, 3, 10, 3, 10, 3, 10, 3, 30, 3, 10, 3]",14.367013645224194
"[30, 3, 10, 3, 10, 3, 30, 3, 30, 3, 10, 3, 10, 3, 10, 3, 30, 3, 25.35627229103759, 3, 10, 3, 10, 3, 10, 3, 30, 3, 10, 3]",15.443569200779708
"[30, 3, 15.641669631791789, 3, 10, 3, 30, 3, 30, 3, 10, 3, 10, 3, 10, 3, 30, 3, 14.440084699994973, 3, 10, 3, 10, 3, 10, 3, 30, 3, 10, 3]",16.851253411306068
"[30, 3, 14.299706698670208, 3, 10, 3, 30, 3, 30, 3, 10, 3, 10, 3, 10, 3, 30, 3, 23.43645738016899, 3, 10, 3, 10, 3, 10, 3, 30, 3, 10, 3]",17.409740740740737
"[30, 3, 21.372019831197697, 3, 10, 3, 30, 3, 30, 3, 10, 3, 10, 3, 10, 3, 30, 3, 25.542911896317506, 3, 10, 3, 10, 3, 10, 3, 30, 3, 10, 3]",14.516538011695914
"[30, 3, 15.799137544051325, 3, 10, 3, 30, 3, 30, 3, 10, 3, 10, 3, 10, 3, 30, 3, 24.862302246205918, 3, 10, 3, 10, 3, 10, 3, 30, 3, 10, 3]",15.629781676413275
"[30, 3, 13.486159642703651, 3, 10, 3, 30, 3, 30, 3, 10, 3, 10, 3, 10, 3, 30, 3, 26.715244837411888, 3, 10, 3, 10, 3, 10, 3, 30, 3, 10, 3]",15.387370370370363
"[30, 3, 10, 3, 10, 3, 30, 3, 30, 3, 10, 3, 10, 3, 10, 3, 30, 3, 20.610221702820233, 3, 10, 3, 10, 3, 10, 3, 30, 3, 10, 3]",17.17036257309943
"[30, 3, 14.758819664965698, 3, 10, 3, 30, 3, 30, 3, 10, 3, 10, 3, 10, 3, 30, 3, 10, 3, 10, 3, 10, 3, 10, 3, 30, 3, 10, 3]",16.397504873294338
"[30, 3, 11.669422498988169, 3, 10, 3, 30, 3, 30, 3, 10, 3, 10, 3, 10, 3, 30, 3, 24.311065590210305, 3, 10, 3, 10, 3, 10, 3, 30, 3, 10, 3]",14.724627680311912
"[30, 3, 15.868992579647772, 3, 10, 3, 30, 3, 30, 3, 10, 3, 10, 3, 10, 3, 30, 3, 24.843704967911087, 3, 10, 3, 10, 3, 10, 3, 30, 3, 10, 3]",16.230118908382032
"[30, 3, 12.804226951712563, 3, 10, 3, 30, 3, 30, 3, 10, 3, 10, 3, 10, 3, 30, 3, 21.49129284914272, 3, 10, 3, 10, 3, 10, 3, 30, 3, 10, 3]",17.95774269005851
"[30, 3, 14.51906538109862, 3, 10, 3, 30, 3, 30, 3, 10, 3, 10, 3, 10, 3, 30, 3, 22.888562678428553, 3, 10, 3, 10, 3, 10, 3, 30, 3, 10, 3]",14.788226120857734
"[30, 3, 10, 3, 10, 3, 30, 3, 30, 3, 10, 3, 10, 3, 10, 3, 30, 3, 13.670427362334754, 3, 10, 3, 10, 3, 10, 3, 30, 3, 10, 3]",16.393818713450287
"[30, 3, 14.928887194384092, 3, 10, 3, 30, 3, 30, 3, 10, 3, 10, 3, 10, 3, 30, 3, 10.771779808520199, 3, 10, 3, 10, 3, 10, 3, 30, 3, 10, 3]",15.106015594541896
"[30, 3, 10.043965678705423, 3, 10, 3, 30, 3, 30, 3, 10, 3, 10, 3, 10, 3, 30, 3, 26.015277277279054, 3, 10, 3, 10, 3, 10, 3, 30, 3, 10, 3]",18.035118908382064
"[30, 3, 10, 3, 10, 3, 30, 3, 30, 3, 10, 3, 10, 3, 10, 3, 30, 3, 22.262496047350957, 3, 10, 3, 10, 3, 10, 3, 30, 3, 10, 3]",17.480031189083782
"[30, 3, 10, 3, 10, 3, 30, 3, 30, 3, 10, 3, 10, 3, 10, 3, 30, 3, 24.669763032571986, 3, 10, 3, 10, 3, 10, 3, 30, 3, 10, 3]",16.51298635477585
"[30, 3, 10, 3, 10, 3, 30, 3, 30, 3, 10, 3, 10, 3, 10, 3, 30, 3, 21.371193244616588, 3, 10, 3, 10, 3, 10, 3, 30, 3, 10, 3]",16.691438596491242
"[30, 3, 14.23116455135913, 3, 10, 3, 30, 3, 30, 3, 10, 3, 10, 3, 10, 3, 30, 3, 10, 3, 10, 3, 10, 3, 10, 3, 30, 3, 10, 3]",15.843421052631607
"[30, 3, 10, 3, 10, 3, 30, 3, 30, 3, 10, 3, 10, 3, 10, 3, 30, 3, 22.790563535199492, 3, 10, 3, 10, 3, 10, 3, 30, 3, 10, 3]",16.843539961013633
"[30, 3, 10, 3, 10, 3, 30, 3, 30, 3, 10, 3, 10, 3, 10, 3, 30, 3, 25.35627229103759, 3, 10, 3, 10, 3, 10, 3, 30, 3, 10, 3]",17.484385964912292
"[30, 3, 15.641669631791789, 3, 10, 3, 30, 3, 30, 3, 10, 3, 10, 3, 10, 3, 30, 3, 14.440084699994973, 3, 10, 3, 10, 3, 10, 3, 30, 3, 10, 3]",17.353762183235876
"[30, 3, 14.299706698670208, 3, 10, 3, 30, 3, 30, 3, 10, 3, 10, 3, 10, 3, 30, 3, 23.43645738016899, 3, 10, 3, 10, 3, 10, 3, 30, 3, 10, 3]",16.62665692007792
"[30, 3, 21.372019831197697, 3, 10, 3, 30, 3, 30, 3, 10, 3, 10, 3, 10, 3, 30, 3, 25.542911896317506, 3, 10, 3, 10, 3, 10, 3, 30, 3, 10, 3]",15.234487329434689
"[30, 3, 15.799137544051325, 3, 10, 3, 30, 3, 30, 3, 10, 3, 10, 3, 10, 3, 30, 3, 24.862302246205918, 3, 10, 3, 10, 3, 10, 3, 30, 3, 10, 3]",17.052231968810908
"[30, 3, 13.486159642703651, 3, 10, 3, 30, 3, 30, 3, 10, 3, 10, 3, 10, 3, 30, 3, 26.715244837411888, 3, 10, 3, 10, 3, 10, 3, 30, 3, 10, 3]",15.363690058479534
"[30, 3, 10, 3, 10, 3, 30, 3, 30, 3, 10, 3, 10, 3, 10, 3, 30, 3, 20.610221702820233, 3, 10, 3, 10, 3, 10, 3, 30, 3, 10, 3]",15.849814814814824
"[30, 3, 14.758819664965698, 3, 10, 3, 30, 3, 30, 3, 10, 3, 10, 3, 10, 3, 30, 3, 10, 3, 10, 3, 10, 3, 10, 3, 30, 3, 10, 3]",14.94813840155943
"[30, 3, 11.669422498988169, 3, 10, 3, 30, 3, 30, 3, 10, 3, 10, 3, 10, 3, 30, 3, 24.311065590210305, 3, 10, 3, 10, 3, 10, 3, 30, 3, 10, 3]",15.612497076023386
"[30, 3, 15.868992579647772, 3, 10, 3, 30, 3, 30, 3, 10, 3, 10, 3, 10, 3, 30, 3, 24.843704967911087, 3, 10, 3, 10, 3, 10, 3, 30, 3, 10, 3]",17.735290448343047
"[30, 3, 12.804226951712563, 3, 10, 3, 30, 3, 30, 3, 10, 3, 10, 3, 10, 3, 30, 3, 21.49129284914272, 3, 10, 3, 10, 3, 10, 3, 30, 3, 10, 3]",18.050216374269002
"[30, 3, 14.51906538109862, 3, 10, 3, 30, 3, 30, 3, 10, 3, 10, 3, 10, 3, 30, 3, 22.888562678428553, 3, 10, 3, 10, 3, 10, 3, 30, 3, 10, 3]",16.006617933723213
"[30, 3, 10, 3, 10, 3, 30, 3, 30, 3, 10, 3, 10, 3, 10, 3, 30, 3, 13.670427362334754, 3, 10, 3, 10, 3, 10, 3, 30, 3, 10, 3]",16.702040935672482
"[30, 3, 14.928887194384092, 3, 10, 3, 30, 3, 30, 3, 10, 3, 10, 3, 10, 3, 30, 3, 10.771779808520199, 3, 10, 3, 10, 3, 10, 3, 30, 3, 10, 3]",15.066037037037033
"[30, 3, 10.043965678705423, 3, 10, 3, 30, 3, 30, 3, 10, 3, 10, 3, 10, 3, 30, 3, 26.015277277279054, 3, 10, 3, 10, 3, 10, 3, 30, 3, 10, 3]",15.55270565302139
"[30, 3, 10, 3, 10, 3, 30, 3, 30, 3, 10, 3, 10, 3, 10, 3, 30, 3, 22.262496047350957, 3, 10, 3, 10, 3, 10, 3, 30, 3, 10, 3]",18.352836257309985
"[30, 3, 10, 3, 10, 3, 30, 3, 30, 3, 10, 3, 10, 3, 10, 3, 30, 3, 24.669763032571986, 3, 10, 3, 10, 3, 10, 3, 30, 3, 10, 3]",15.375690058479522
"[30, 3, 10, 3, 10, 3, 30, 3, 30, 3, 10, 3, 10, 3, 10, 3, 30, 3, 21.371193244616588, 3, 10, 3, 10, 3, 10, 3, 30, 3, 10, 3]",16.09600779727095
"[30, 3, 14.23116455135913, 3, 10, 3, 30, 3, 30, 3, 10, 3, 10, 3, 10, 3, 30, 3, 10, 3, 10, 3, 10, 3, 10, 3, 30, 3, 10, 3]",18.66838596491226
"[30, 3, 10, 3, 10, 3, 30, 3, 30, 3, 10, 3, 10, 3, 10, 3, 30, 3, 22.790563535199492, 3, 10, 3, 10, 3, 10, 3, 30, 3, 10, 3]",16.349382066276775
"[30, 3, 10, 3, 10, 3, 30, 3, 30, 3, 10, 3, 10, 3, 10, 3, 30, 3, 25.35627229103759, 3, 10, 3, 10, 3, 10, 3, 30, 3, 10, 3]",16.526056530214426
"[30, 3, 15.641669631791789, 3, 10, 3, 30, 3, 30, 3, 10, 3, 10, 3, 10, 3, 30, 3, 14.440084699994973, 3, 10, 3, 10, 3, 10, 3, 30, 3, 10, 3]",17.056458089668602
"[30, 3, 14.299706698670208, 3, 10, 3, 30, 3, 30, 3, 10, 3, 10, 3, 10, 3, 30, 3, 23.43645738016899, 3, 10, 3, 10, 3, 10, 3, 30, 3, 10, 3]",15.600066276803128
"[30, 3, 21.372019831197697, 3, 10, 3, 30, 3, 30, 3, 10, 3, 10, 3, 10, 3, 30, 3, 25.542911896317506, 3, 10, 3, 10, 3, 10, 3, 30, 3, 10, 3]",16.049452241715382
"[30, 3, 15.799137544051325, 3, 10, 3, 30, 3, 30, 3, 10, 3, 10, 3, 10, 3, 30, 3, 24.862302246205918, 3, 10, 3, 10, 3, 10, 3, 30, 3, 10, 3]",17.410592592592547
"[30, 3, 13.486159642703651, 3, 10, 3, 30, 3, 30, 3, 10, 3, 10, 3, 10, 3, 30, 3, 26.715244837411888, 3, 10, 3, 10, 3, 10, 3, 30, 3, 10, 3]",16.77117348927876
"[30, 3, 10, 3, 10, 3, 30, 3, 30, 3, 10, 3, 10, 3, 10, 3, 30, 3, 20.610221702820233, 3, 10, 3, 10, 3, 10, 3, 30, 3, 10, 3]",15.663183235867455
"[30, 3, 14.758819664965698, 3, 10, 3, 30, 3, 30, 3, 10, 3, 10, 3, 10, 3, 30, 3, 10, 3, 10, 3, 10, 3, 10, 3, 30, 3, 10, 3]",17.501300194931794
"[30, 3, 11.669422498988169, 3, 10, 3, 30, 3, 30, 3, 10, 3, 10, 3, 10, 3, 30, 3, 24.311065590210305, 3, 10, 3, 10, 3, 10, 3, 30, 3, 10, 3]",14.00669005847956
"[30, 3, 15.868992579647772, 3, 10, 3, 30, 3, 30, 3, 10, 3, 10, 3, 10, 3, 30, 3, 24.843704967911087, 3, 10, 3, 10, 3, 10, 3, 30, 3, 10, 3]",16.08953606237817
"[30, 3, 12.804226951712563, 3, 10, 3, 30, 3, 30, 3, 10, 3, 10, 3, 10, 3, 30, 3, 21.49129284914272, 3, 10, 3, 10, 3, 10, 3, 30, 3, 10, 3]",17.991109161793357
"[30, 3, 14.51906538109862, 3, 10, 3, 30, 3, 30, 3, 10, 3, 10, 3, 10, 3, 30, 3, 22.888562678428553, 3, 10, 3, 10, 3, 10, 3, 30, 3, 10, 3]",13.770869395711536
"[30, 3, 10, 3, 10, 3, 30, 3, 30, 3, 10, 3, 10, 3, 10, 3, 30, 3, 13.670427362334754, 3, 10, 3, 10, 3, 10, 3, 30, 3, 10, 3]",16.9987251461988
"[30, 3, 14.928887194384092, 3, 10, 3, 30, 3, 30, 3, 10, 3, 10, 3, 10, 3, 30, 3, 10.771779808520199, 3, 10, 3, 10, 3, 10, 3, 30, 3, 10, 3]",15.722126705653045
"[30, 3, 10.043965678705423, 3, 10, 3, 30, 3, 30, 3, 10, 3, 10, 3, 10, 3, 30, 3, 26.015277277279054, 3, 10, 3, 10, 3, 10, 3, 30, 3, 10, 3]",16.030128654970753
"[30, 3, 10, 3, 10, 3, 30, 3, 30, 3, 10, 3, 10, 3, 10, 3, 30, 3, 22.262496047350957, 3, 10, 3, 10, 3, 10, 3, 30, 3, 10, 3]",15.837534113060391
"[30, 3, 10, 3, 10, 3, 30, 3, 30, 3, 10, 3, 10, 3, 10, 3, 30, 3, 24.669763032571986, 3, 10, 3, 10, 3, 10, 3, 30, 3, 10, 3]",18.519571150097473
"[30, 3, 10, 3, 10, 3, 30, 3, 30, 3, 10, 3, 10, 3, 10, 3, 30, 3, 21.371193244616588, 3, 10, 3, 10, 3, 10, 3, 30, 3, 10, 3]",16.806093567251423
"[30, 3, 14.23116455135913, 3, 10, 3, 30, 3, 30, 3, 10, 3, 10, 3, 10, 3, 30, 3, 10, 3, 10, 3, 10, 3, 10, 3, 30, 3, 10, 3]",15.049766081871352
"[30, 3, 10, 3, 10, 3, 30, 3, 30, 3, 10, 3, 10, 3, 10, 3, 30, 3, 22.790563535199492, 3, 10, 3, 10, 3, 10, 3, 30, 3, 10, 3]",14.927996101364537
"[30, 3, 10, 3, 10, 3, 30, 3, 30, 3, 10, 3, 10, 3, 10, 3, 30, 3, 25.35627229103759, 3, 10, 3, 10, 3, 10, 3, 30, 3, 10, 3]",16.79983430799222
"[30, 3, 15.641669631791789, 3, 10, 3, 30, 3, 30, 3, 10, 3, 10, 3, 10, 3, 30, 3, 14.440084699994973, 3, 10, 3, 10, 3, 10, 3, 30, 3, 10, 3]",15.346003898635493
"[30, 3, 14.299706698670208, 3, 10, 3, 30, 3, 30, 3, 10, 3, 10, 3, 10, 3, 30, 3, 23.43645738016899, 3, 10, 3, 10, 3, 10, 3, 30, 3, 10, 3]",16.729329434697895
"[30, 3, 21.372019831197697, 3, 10, 3, 30, 3, 30, 3, 10, 3, 10, 3, 10, 3, 30, 3, 25.542911896317506, 3, 10, 3, 10, 3, 10, 3, 30, 3, 10, 3]",15.662134502923957
"[30, 3, 15.799137544051325, 3, 10, 3, 30, 3, 30, 3, 10, 3, 10, 3, 10, 3, 30, 3, 24.862302246205918, 3, 10, 3, 10, 3, 10, 3, 30, 3, 10, 3]",15.8762709551657
"[30, 3, 13.486159642703651, 3, 10, 3, 30, 3, 30, 3, 10, 3, 10, 3, 10, 3, 30, 3, 26.715244837411888, 3, 10, 3, 10, 3, 10, 3, 30, 3, 10, 3]",16.63585575048736
"[30, 3, 10, 3, 10, 3, 30, 3, 30, 3, 10, 3, 10, 3, 10, 3, 30, 3, 20.610221702820233, 3, 10, 3, 10, 3, 10, 3, 30, 3, 10, 3]",15.939224171539937
"[30, 3, 14.758819664965698, 3, 10, 3, 30, 3, 30, 3, 10, 3, 10, 3, 10, 3, 30, 3, 10, 3, 10, 3, 10, 3, 10, 3, 30, 3, 10, 3]",15.867403508771947
"[30, 3, 11.669422498988169, 3, 10, 3, 30, 3, 30, 3, 10, 3, 10, 3, 10, 3, 30, 3, 24.311065590210305, 3, 10, 3, 10, 3, 10, 3, 30, 3, 10, 3]",16.64821247563352
"[30, 3, 15.868992579647772, 3, 10, 3, 30, 3, 30, 3, 10, 3, 10, 3, 10, 3, 30, 3, 24.843704967911087, 3, 10, 3, 10, 3, 10, 3, 30, 3, 10, 3]",15.49683430799221
"[30, 3, 12.804226951712563, 3, 10, 3, 30, 3, 30, 3, 10, 3, 10, 3, 10, 3, 30, 3, 21.49129284914272, 3, 10, 3, 10, 3, 10, 3, 30, 3, 10, 3]",17.255668615984405
"[30, 3, 14.51906538109862, 3, 10, 3, 30, 3, 30, 3, 10, 3, 10, 3, 10, 3, 30, 3, 22.888562678428553, 3, 10, 3, 10, 3, 10, 3, 30, 3, 10, 3]",16.264405458089655
"[30, 3, 10, 3, 10, 3, 30, 3, 30, 3, 10, 3, 10, 3, 10, 3, 30, 3, 13.670427362334754, 3, 10, 3, 10, 3, 10, 3, 30, 3, 10, 3]",15.82747173489273
"[30, 3, 14.928887194384092, 3, 10, 3, 30, 3, 30, 3, 10, 3, 10, 3, 10, 3, 30, 3, 10.771779808520199, 3, 10, 3, 10, 3, 10, 3, 30, 3, 10, 3]",14.351918128654937
"[30, 3, 10.043965678705423, 3, 10, 3, 30, 3, 30, 3, 10, 3, 10, 3, 10, 3, 30, 3, 26.015277277279054, 3, 10, 3, 10, 3, 10, 3, 30, 3, 10, 3]",15.887011695906425
"[30, 3, 10, 3, 10, 3, 30, 3, 30, 3, 10, 3, 10, 3, 10, 3, 30, 3, 22.262496047350957, 3, 10, 3, 10, 3, 10, 3, 30, 3, 10, 3]",14.470206627680337
"[30, 3, 10, 3, 10, 3, 30, 3, 30, 3, 10, 3, 10, 3, 10, 3, 30, 3, 24.669763032571986, 3, 10, 3, 10, 3, 10, 3, 30, 3, 10, 3]",17.426333333333364
"[30, 3, 10, 3, 10, 3, 30, 3, 30, 3, 10, 3, 10, 3, 10, 3, 30, 3, 21.371193244616588, 3, 10, 3, 10, 3, 10, 3, 30, 3, 10, 3]",14.933939571150134
"[30, 3, 14.23116455135913, 3, 10, 3, 30, 3, 30, 3, 10, 3, 10, 3, 10, 3, 30, 3, 10, 3, 10, 3, 10, 3, 10, 3, 30, 3, 10, 3]",15.949163742690097
"[30, 3, 10, 3, 10, 3, 30, 3, 30, 3, 10, 3, 10, 3, 10, 3, 30, 3, 22.790563535199492, 3, 10, 3, 10, 3, 10, 3, 30, 3, 10, 3]",16.065998050682246
"[30, 3, 10, 3, 10, 3, 30, 3, 30, 3, 10, 3, 10, 3, 10, 3, 30, 3, 25.35627229103759, 3, 10, 3, 10, 3, 10, 3, 30, 3, 10, 3]",15.61974658869393
"[30, 3, 15.641669631791789, 3, 10, 3, 30, 3, 30, 3, 10, 3, 10, 3, 10, 3, 30, 3, 14.440084699994973, 3, 10, 3, 10, 3, 10, 3, 30, 3, 10, 3]",16.6963274853801
"[30, 3, 14.299706698670208, 3, 10, 3, 30, 3, 30, 3, 10, 3, 10, 3, 10, 3, 30, 3, 23.43645738016899, 3, 10, 3, 10, 3, 10, 3, 30, 3, 10, 3]",16.632808966861585
"[30, 3, 21.372019831197697, 3, 10, 3, 30, 3, 30, 3, 10, 3, 10, 3, 10, 3, 30, 3, 25.542911896317506, 3, 10, 3, 10, 3, 10, 3, 30, 3, 10, 3]",16.464017543859633
"[30, 3, 15.799137544051325, 3, 10, 3, 30, 3, 30, 3, 10, 3, 10, 3, 10, 3, 30, 3, 24.862302246205918, 3, 10, 3, 10, 3, 10, 3, 30, 3, 10, 3]",15.44615594541915
"[30, 3, 13.486159642703651, 3, 10, 3, 30, 3, 30, 3, 10, 3, 10, 3, 10, 3, 30, 3, 26.715244837411888, 3, 10, 3, 10, 3, 10, 3, 30, 3, 10, 3]",16.959076023391827
"[30, 3, 10, 3, 10, 3, 30, 3, 30, 3, 10, 3, 10, 3, 10, 3, 30, 3, 20.610221702820233, 3, 10, 3, 10, 3, 10, 3, 30, 3, 10, 3]",16.270604288499044
"[30, 3, 14.758819664965698, 3, 10, 3, 30, 3, 30, 3, 10, 3, 10, 3, 10, 3, 30, 3, 10, 3, 10, 3, 10, 3, 10, 3, 30, 3, 10, 3]",15.873436647173467
"[30, 3, 11.669422498988169, 3, 10, 3, 30, 3, 30, 3, 10, 3, 10, 3, 10, 3, 30, 3, 24.311065590210305, 3, 10, 3, 10, 3, 10, 3, 30, 3, 10, 3]",17.221824561403537
"[30, 3, 15.868992579647772, 3, 10, 3, 30, 3, 30, 3, 10, 3, 10, 3, 10, 3, 30, 3, 24.843704967911087, 3, 10, 3, 10, 3, 10, 3, 30, 3, 10, 3]",16.361612085769963
"[30, 3, 12.804226951712563, 3, 10, 3, 30, 3, 30, 3, 10, 3, 10, 3, 10, 3, 30, 3, 21.49129284914272, 3, 10, 3, 10, 3, 10, 3, 30, 3, 10, 3]",15.21623781676416
"[30, 3, 14.51906538109862, 3, 10, 3, 30, 3, 30, 3, 10, 3, 10, 3, 10, 3, 30, 3, 22.888562678428553, 3, 10, 3, 10, 3, 10, 3, 30, 3, 10, 3]",15.491799220272886
"[30, 3, 10, 3, 10, 3, 30, 3, 30, 3, 10, 3, 10, 3, 10, 3, 30, 3, 13.670427362334754, 3, 10, 3, 10, 3, 10, 3, 30, 3, 10, 3]",15.715690058479561
"[30, 3, 14.928887194384092, 3, 10, 3, 30, 3, 30, 3, 10, 3, 10, 3, 10, 3, 30, 3, 10.771779808520199, 3, 10, 3, 10, 3, 10, 3, 30, 3, 10, 3]",15.522458089668607
"[30, 3, 10.043965678705423, 3, 10, 3, 30, 3, 30, 3, 10, 3, 10, 3, 10, 3, 30, 3, 26.015277277279054, 3, 10, 3, 10, 3, 10, 3, 30, 3, 10, 3]",17.851668615984398
"[30, 3, 10, 3, 10, 3, 30, 3, 30, 3, 10, 3, 10, 3, 10, 3, 30, 3, 22.262496047350957, 3, 10, 3, 10, 3, 10, 3, 30, 3, 10, 3]",16.379401559454188
"[30, 3, 10, 3, 10, 3, 30, 3, 30, 3, 10, 3, 10, 3, 10, 3, 30, 3, 24.669763032571986, 3, 10, 3, 10, 3, 10, 3, 30, 3, 10, 3]",15.57821442495123
"[30, 3, 10, 3, 10, 3, 30, 3, 30, 3, 10, 3, 10, 3, 10, 3, 30, 3, 21.371193244616588, 3, 10, 3, 10, 3, 10, 3, 30, 3, 10, 3]",16.257265107212472
"[30, 3, 14.23116455135913, 3, 10, 3, 30, 3, 30, 3, 10, 3, 10, 3, 10, 3, 30, 3, 10, 3, 10, 3, 10, 3, 10, 3, 30, 3, 10, 3]",17.538602339181264
"[30, 3, 10, 3, 10, 3, 30, 3, 30, 3, 10, 3, 10, 3, 10, 3, 30, 3, 22.790563535199492, 3, 10, 3, 10, 3, 10, 3, 30, 3, 10, 3]",16.031372319688085
"[30, 3, 10, 3, 10, 3, 30, 3, 30, 3, 10, 3, 10, 3, 10, 3, 30, 3, 25.35627229103759, 3, 10, 3, 10, 3, 10, 3, 30, 3, 10, 3]",16.379920077972677
"[30, 3, 15.641669631791789, 3, 10, 3, 30, 3, 30, 3, 10, 3, 10, 3, 10, 3, 30, 3, 14.440084699994973, 3, 10, 3, 10, 3, 10, 3, 30, 3, 10, 3]",17.8789902534113
"[30, 3, 14.299706698670208, 3, 10, 3, 30, 3, 30, 3, 10, 3, 10, 3, 10, 3, 30, 3, 23.43645738016899, 3, 10, 3, 10, 3, 10, 3, 30, 3, 10, 3]",15.7122105263158
"[30, 3, 21.372019831197697, 3, 10, 3, 30, 3, 30, 3, 10, 3, 10, 3, 10, 3, 30, 3, 25.542911896317506, 3, 10, 3, 10, 3, 10, 3, 30, 3, 10, 3]",17.7078499025341
"[30, 3, 15.799137544051325, 3, 10, 3, 30, 3, 30, 3, 10, 3, 10, 3, 10, 3, 30, 3, 24.862302246205918, 3, 10, 3, 10, 3, 10, 3, 30, 3, 10, 3]",16.57975633528268
"[30, 3, 13.486159642703651, 3, 10, 3, 30, 3, 30, 3, 10, 3, 10, 3, 10, 3, 30, 3, 26.715244837411888, 3, 10, 3, 10, 3, 10, 3, 30, 3, 10, 3]",16.638072124756345
"[30, 3, 10, 3, 10, 3, 30, 3, 30, 3, 10, 3, 10, 3, 10, 3, 30, 3, 20.610221702820233, 3, 10, 3, 10, 3, 10, 3, 30, 3, 10, 3]",18.42666471734891
"[30, 3, 14.758819664965698, 3, 10, 3, 30, 3, 30, 3, 10, 3, 10, 3, 10, 3, 30, 3, 10, 3, 10, 3, 10, 3, 10, 3, 30, 3, 10, 3]",15.383563352826531
"[30, 3, 11.669422498988169, 3, 10, 3, 30, 3, 30, 3, 10, 3, 10, 3, 10, 3, 30, 3, 24.311065590210305, 3, 10, 3, 10, 3, 10, 3, 30, 3, 10, 3]",16.486660818713485
"[30, 3, 15.868992579647772, 3, 10, 3, 30, 3, 30, 3, 10, 3, 10, 3, 10, 3, 30, 3, 24.843704967911087, 3, 10, 3, 10, 3, 10, 3, 30, 3, 10, 3]",16.423231968810946
"[30, 3, 12.804226951712563, 3, 10, 3, 30, 3, 30, 3, 10, 3, 10, 3, 10, 3, 30, 3, 21.49129284914272, 3, 10, 3, 10, 3, 10, 3, 30, 3, 10, 3]",14.37161403508773
"[30, 3, 14.51906538109862, 3, 10, 3, 30, 3, 30, 3, 10, 3, 10, 3, 10, 3, 30, 3, 22.888562678428553, 3, 10, 3, 10, 3, 10, 3, 30, 3, 10, 3]",16.29108966861596
"[30, 3, 10, 3, 10, 3, 30, 3, 30, 3, 10, 3, 10, 3, 10, 3, 30, 3, 13.670427362334754, 3, 10, 3, 10, 3, 10, 3, 30, 3, 10, 3]",16.076869395711494
"[30, 3, 14.928887194384092, 3, 10, 3, 30, 3, 30, 3, 10, 3, 10, 3, 10, 3, 30, 3, 10.771779808520199, 3, 10, 3, 10, 3, 10, 3, 30, 3, 10, 3]",15.191575048732947
"[30, 3, 10.043965678705423, 3, 10, 3, 30, 3, 30, 3, 10, 3, 10, 3, 10, 3, 30, 3, 26.015277277279054, 3, 10, 3, 10, 3, 10, 3, 30, 3, 10, 3]",16.261272904483373
"[30, 3, 10, 3, 10, 3, 30, 3, 30, 3, 10, 3, 10, 3, 10, 3, 30, 3, 22.262496047350957, 3, 10, 3, 10, 3, 10, 3, 30, 3, 10, 3]",15.786481481481495
"[30, 3, 10, 3, 10, 3, 30, 3, 30, 3, 10, 3, 10, 3, 10, 3, 30, 3, 24.669763032571986, 3, 10, 3, 10, 3, 10, 3, 30, 3, 10, 3]",16.307103313840184
"[30, 3, 10, 3, 10, 3, 30, 3, 30, 3, 10, 3, 10, 3, 10, 3, 30, 3, 21.371193244616588, 3, 10, 3, 10, 3, 10, 3, 30, 3, 10, 3]",17.071968810916122
"[30, 3, 14.23116455135913, 3, 10, 3, 30, 3, 30, 3, 10, 3, 10, 3, 10, 3, 30, 3, 10, 3, 10, 3, 10, 3, 10, 3, 30, 3, 10, 3]",14.828360623781684
"[30, 3, 10, 3, 10, 3, 30, 3, 30, 3, 10, 3, 10, 3, 10, 3, 30, 3, 22.790563535199492, 3, 10, 3, 10, 3, 10, 3, 30, 3, 10, 3]",16.759584795321615
"[30, 3, 10, 3, 10, 3, 30, 3, 30, 3, 10, 3, 10, 3, 10, 3, 30, 3, 25.35627229103759, 3, 10, 3, 10, 3, 10, 3, 30, 3, 10, 3]",14.34730409356723
"[30, 3, 15.641669631791789, 3, 10, 3, 30, 3, 30, 3, 10, 3, 10, 3, 10, 3, 30, 3, 14.440084699994973, 3, 10, 3, 10, 3, 10, 3, 30, 3, 10, 3]",16.464785575048754
"[30, 3, 14.299706698670208, 3, 10, 3, 30, 3, 30, 3, 10, 3, 10, 3, 10, 3, 30, 3, 23.43645738016899, 3, 10, 3, 10, 3, 10, 3, 30, 3, 10, 3]",16.5445185185185
"[30, 3, 21.372019831197697, 3, 10, 3, 30, 3, 30, 3, 10, 3, 10, 3, 10, 3, 30, 3, 25.542911896317506, 3, 10, 3, 10, 3, 10, 3, 30, 3, 10, 3]",16.935510721247535
"[30, 3, 15.799137544051325, 3, 10, 3, 30, 3, 30, 3, 10, 3, 10, 3, 10, 3, 30, 3, 24.862302246205918, 3, 10, 3, 10, 3, 10, 3, 30, 3, 10, 3]",15.649107212475647
"[30, 3, 13.486159642703651, 3, 10, 3, 30, 3, 30, 3, 10, 3, 10, 3, 10, 3, 30, 3, 26.715244837411888, 3, 10, 3, 10, 3, 10, 3, 30, 3, 10, 3]",15.286849902534136
"[30, 3, 10, 3, 10, 3, 30, 3, 30, 3, 10, 3, 10, 3, 10, 3, 30, 3, 20.610221702820233, 3, 10, 3, 10, 3, 10, 3, 30, 3, 10, 3]",15.60379532163743
"[30, 3, 14.758819664965698, 3, 10, 3, 30, 3, 30, 3, 10, 3, 10, 3, 10, 3, 30, 3, 10, 3, 10, 3, 10, 3, 10, 3, 30, 3, 10, 3]",15.481697855750511
"[30, 3, 11.669422498988169, 3, 10, 3, 30, 3, 30, 3, 10, 3, 10, 3, 10, 3, 30, 3, 24.311065590210305, 3, 10, 3, 10, 3, 10, 3, 30, 3, 10, 3]",17.407649122807037
"[30, 3, 15.868992579647772, 3, 10, 3, 30, 3, 30, 3, 10, 3, 10, 3, 10, 3, 30, 3, 24.843704967911087, 3, 10, 3, 10, 3, 10, 3, 30, 3, 10, 3]",17.589417153996088
"[30, 3, 12.804226951712563, 3, 10, 3, 30, 3, 30, 3, 10, 3, 10, 3, 10, 3, 30, 3, 21.49129284914272, 3, 10, 3, 10, 3, 10, 3, 30, 3, 10, 3]",17.747970760233944
"[30, 3, 14.51906538109862, 3, 10, 3, 30, 3, 30, 3, 10, 3, 10, 3, 10, 3, 30, 3, 22.888562678428553, 3, 10, 3, 10, 3, 10, 3, 30, 3, 10, 3]",16.473625730994158
"[30, 3, 10, 3, 10, 3, 30, 3, 30, 3, 10, 3, 10, 3, 10, 3, 30, 3, 13.670427362334754, 3, 10, 3, 10, 3, 10, 3, 30, 3, 10, 3]",16.954495126705645
"[30, 3, 14.928887194384092, 3, 10, 3, 30, 3, 30, 3, 10, 3, 10, 3, 10, 3, 30, 3, 10.771779808520199, 3, 10, 3, 10, 3, 10, 3, 30, 3, 10, 3]",16.5676783625731
"[30, 3, 10.043965678705423, 3, 10, 3, 30, 3, 30, 3, 10, 3, 10, 3, 10, 3, 30, 3, 26.015277277279054, 3, 10, 3, 10, 3, 10, 3, 30, 3, 10, 3]",13.941789473684244
"[30, 3, 10, 3, 10, 3, 30, 3, 30, 3, 10, 3, 10, 3, 10, 3, 30, 3, 22.262496047350957, 3, 10, 3, 10, 3, 10, 3, 30, 3, 10, 3]",15.532442495126698
"[30, 3, 10, 3, 10, 3, 30, 3, 30, 3, 10, 3, 10, 3, 10, 3, 30, 3, 24.669763032571986, 3, 10, 3, 10, 3, 10, 3, 30, 3, 10, 3]",15.963245614035046
"[30, 3, 10, 3, 10, 3, 30, 3, 30, 3, 10, 3, 10, 3, 10, 3, 30, 3, 21.371193244616588, 3, 10, 3, 10, 3, 10, 3, 30, 3, 10, 3]",15.494313840155924
"[30, 3, 14.23116455135913, 3, 10, 3, 30, 3, 30, 3, 10, 3, 10, 3, 10, 3, 30, 3, 10, 3, 10, 3, 10, 3, 10, 3, 30, 3, 10, 3]",15.433350877192966
"[30, 3, 10, 3, 10, 3, 30, 3, 30, 3, 10, 3, 10, 3, 10, 3, 30, 3, 22.790563535199492, 3, 10, 3, 10, 3, 10, 3, 30, 3, 10, 3]",17.18462962962964
"[30, 3, 10, 3, 10, 3, 30, 3, 30, 3, 10, 3, 10, 3, 10, 3, 30, 3, 25.35627229103759, 3, 10, 3, 10, 3, 10, 3, 30, 3, 10, 3]",15.990444444444442
"[30, 3, 15.641669631791789, 3, 10, 3, 30, 3, 30, 3, 10, 3, 10, 3, 10, 3, 30, 3, 14.440084699994973, 3, 10, 3, 10, 3, 10, 3, 30, 3, 10, 3]",17.19950877192977
"[30, 3, 14.299706698670208, 3, 10, 3, 30, 3, 30, 3, 10, 3, 10, 3, 10, 3, 30, 3, 23.43645738016899, 3, 10, 3, 10, 3, 10, 3, 30, 3, 10, 3]",18.2820350877193
"[30, 3, 21.372019831197697, 3, 10, 3, 30, 3, 30, 3, 10, 3, 10, 3, 10, 3, 30, 3, 25.542911896317506, 3, 10, 3, 10, 3, 10, 3, 30, 3, 10, 3]",15.625518518518524
"[30, 3, 15.799137544051325, 3, 10, 3, 30, 3, 30, 3, 10, 3, 10, 3, 10, 3, 30, 3, 24.862302246205918, 3, 10, 3, 10, 3, 10, 3, 30, 3, 10, 3]",16.370635477582855
"[30, 3, 13.486159642703651, 3, 10, 3, 30, 3, 30, 3, 10, 3, 10, 3, 10, 3, 30, 3, 26.715244837411888, 3, 10, 3, 10, 3, 10, 3, 30, 3, 10, 3]",16.305253411306033
"[30, 3, 10, 3, 10, 3, 30, 3, 30, 3, 10, 3, 10, 3, 10, 3, 30, 3, 20.610221702820233, 3, 10, 3, 10, 3, 10, 3, 30, 3, 10, 3]",16.71876998050683
"[30, 3, 14.758819664965698, 3, 10, 3, 30, 3, 30, 3, 10, 3, 10, 3, 10, 3, 30, 3, 10, 3, 10, 3, 10, 3, 10, 3, 30, 3, 10, 3]",15.631649122806998
"[30, 3, 11.669422498988169, 3, 10, 3, 30, 3, 30, 3, 10, 3, 10, 3, 10, 3, 30, 3, 24.311065590210305, 3, 10, 3, 10, 3, 10, 3, 30, 3, 10, 3]",17.186230019493216
"[30, 3, 15.868992579647772, 3, 10, 3, 30, 3, 30, 3, 10, 3, 10, 3, 10, 3, 30, 3, 24.843704967911087, 3, 10, 3, 10, 3, 10, 3, 30, 3, 10, 3]",15.830415204678348
"[30, 3, 12.804226951712563, 3, 10, 3, 30, 3, 30, 3, 10, 3, 10, 3, 10, 3, 30, 3, 21.49129284914272, 3, 10, 3, 10, 3, 10, 3, 30, 3, 10, 3]",16.920159844054616
"[30, 3, 14.51906538109862, 3, 10, 3, 30, 3, 30, 3, 10, 3, 10, 3, 10, 3, 30, 3, 22.888562678428553, 3, 10, 3, 10, 3, 10, 3, 30, 3, 10, 3]",16.44473099415203
"[30, 3, 10, 3, 10, 3, 30, 3, 30, 3, 10, 3, 10, 3, 10, 3, 30, 3, 13.670427362334754, 3, 10, 3, 10, 3, 10, 3, 30, 3, 10, 3]",17.237300194931798
"[30, 3, 14.928887194384092, 3, 10, 3, 30, 3, 30, 3, 10, 3, 10, 3, 10, 3, 30, 3, 10.771779808520199, 3, 10, 3, 10, 3, 10, 3, 30, 3, 10, 3]",16.899048732943502
"[30, 3, 10.043965678705423, 3, 10, 3, 30, 3, 30, 3, 10, 3, 10, 3, 10, 3, 30, 3, 26.015277277279054, 3, 10, 3, 10, 3, 10, 3, 30, 3, 10, 3]",15.77285380116956
"[30, 3, 10, 3, 10, 3, 30, 3, 30, 3, 10, 3, 10, 3, 10, 3, 30, 3, 22.262496047350957, 3, 10, 3, 10, 3, 10, 3, 30, 3, 10, 3]",15.599253411306037
"[30, 3, 10, 3, 10, 3, 30, 3, 30, 3, 10, 3, 10, 3, 10, 3, 30, 3, 24.669763032571986, 3, 10, 3, 10, 3, 10, 3, 30, 3, 10, 3]",16.708200779727076
"[30, 3, 10, 3, 10, 3, 30, 3, 30, 3, 10, 3, 10, 3, 10, 3, 30, 3, 21.371193244616588, 3, 10, 3, 10, 3, 10, 3, 30, 3, 10, 3]",16.606064327485434
"[30, 3, 14.23116455135913, 3, 10, 3, 30, 3, 30, 3, 10, 3, 10, 3, 10, 3, 30, 3, 10, 3, 10, 3, 10, 3, 10, 3, 30, 3, 10, 3]",16.627021442495085
"[30, 3, 10, 3, 10, 3, 30, 3, 30, 3, 10, 3, 10, 3, 10, 3, 30, 3, 22.790563535199492, 3, 10, 3, 10, 3, 10, 3, 30, 3, 10, 3]",16.338672514619912
"[30, 3, 10, 3, 10, 3, 30, 3, 30, 3, 10, 3, 10, 3, 10, 3, 30, 3, 25.35627229103759, 3, 10, 3, 10, 3, 10, 3, 30, 3, 10, 3]",14.73631189083822
"[30, 3, 15.641669631791789, 3, 10, 3, 30, 3, 30, 3, 10, 3, 10, 3, 10, 3, 30, 3, 14.440084699994973, 3, 10, 3, 10, 3, 10, 3, 30, 3, 10, 3]",15.922857699805078
"[30, 3, 14.299706698670208, 3, 10, 3, 30, 3, 30, 3, 10, 3, 10, 3, 10, 3, 30, 3, 23.43645738016899, 3, 10, 3, 10, 3, 10, 3, 30, 3, 10, 3]",16.131115009746598
"[30, 3, 21.372019831197697, 3, 10, 3, 30, 3, 30, 3, 10, 3, 10, 3, 10, 3, 30, 3, 25.542911896317506, 3, 10, 3, 10, 3, 10, 3, 30, 3, 10, 3]",15.472923976608179
"[30, 3, 15.799137544051325, 3, 10, 3, 30, 3, 30, 3, 10, 3, 10, 3, 10, 3, 30, 3, 24.862302246205918, 3, 10, 3, 10, 3, 10, 3, 30, 3, 10, 3]",16.94206627680314
"[30, 3, 13.486159642703651, 3, 10, 3, 30, 3, 30, 3, 10, 3, 10, 3, 10, 3, 30, 3, 26.715244837411888, 3, 10, 3, 10, 3, 10, 3, 30, 3, 10, 3]",16.033011695906403
"[30, 3, 10, 3, 10, 3, 30, 3, 30, 3, 10, 3, 10, 3, 10, 3, 30, 3, 20.610221702820233, 3, 10, 3, 10, 3, 10, 3, 30, 3, 10, 3]",16.62983235867444
"[30, 3, 14.758819664965698, 3, 10, 3, 30, 3, 30, 3, 10, 3, 10, 3, 10, 3, 30, 3, 10, 3, 10, 3, 10, 3, 10, 3, 30, 3, 10, 3]",14.615060428849912
"[30, 3, 11.669422498988169, 3, 10, 3, 30, 3, 30, 3, 10, 3, 10, 3, 10, 3, 30, 3, 24.311065590210305, 3, 10, 3, 10, 3, 10, 3, 30, 3, 10, 3]",17.39944249512671
"[30, 3, 15.868992579647772, 3, 10, 3, 30, 3, 30, 3, 10, 3, 10, 3, 10, 3, 30, 3, 24.843704967911087, 3, 10, 3, 10, 3, 10, 3, 30, 3, 10, 3]",14.093690058479524
"[30, 3, 12.804226951712563, 3, 10, 3, 30, 3, 30, 3, 10, 3, 10, 3, 10, 3, 30, 3, 21.49129284914272, 3, 10, 3, 10, 3, 10, 3, 30, 3, 10, 3]",16.655050682261198
"[30, 3, 14.51906538109862, 3, 10, 3, 30, 3, 30, 3, 10, 3, 10, 3, 10, 3, 30, 3, 22.888562678428553, 3, 10, 3, 10, 3, 10, 3, 30, 3, 10, 3]",16.34505263157895
"[30, 3, 10, 3, 10, 3, 30, 3, 30, 3, 10, 3, 10, 3, 10, 3, 30, 3, 13.670427362334754, 3, 10, 3, 10, 3, 10, 3, 30, 3, 10, 3]",17.322255360623785
"[30, 3, 14.928887194384092, 3, 10, 3, 30, 3, 30, 3, 10, 3, 10, 3, 10, 3, 30, 3, 10.771779808520199, 3, 10, 3, 10, 3, 10, 3, 30, 3, 10, 3]",15.923629629629634
"[30, 3, 10.043965678705423, 3, 10, 3, 30, 3, 30, 3, 10, 3, 10, 3, 10, 3, 30, 3, 26.015277277279054, 3, 10, 3, 10, 3, 10, 3, 30, 3, 10, 3]",15.859128654970737
"[30, 3, 10, 3, 10, 3, 30, 3, 30, 3, 10, 3, 10, 3, 10, 3, 30, 3, 22.262496047350957, 3, 10, 3, 10, 3, 10, 3, 30, 3, 10, 3]",17.43216959064328
"[30, 3, 10, 3, 10, 3, 30, 3, 30, 3, 10, 3, 10, 3, 10, 3, 30, 3, 24.669763032571986, 3, 10, 3, 10, 3, 10, 3, 30, 3, 10, 3]",16.861415204678355
"[30, 3, 10, 3, 10, 3, 30, 3, 30, 3, 10, 3, 10, 3, 10, 3, 30, 3, 21.371193244616588, 3, 10, 3, 10, 3, 10, 3, 30, 3, 10, 3]",17.231551656920107
"[30, 3, 14.23116455135913, 3, 10, 3, 30, 3, 30, 3, 10, 3, 10, 3, 10, 3, 30, 3, 10, 3, 10, 3, 10, 3, 10, 3, 30, 3, 10, 3]",16.304886939571144
"[30, 3, 10, 3, 10, 3, 30, 3, 30, 3, 10, 3, 10, 3, 10, 3, 30, 3, 22.790563535199492, 3, 10, 3, 10, 3, 10, 3, 30, 3, 10, 3]",15.314144249512639
"[30, 3, 10, 3, 10, 3, 30, 3, 30, 3, 10, 3, 10, 3, 10, 3, 30, 3, 25.35627229103759, 3, 10, 3, 10, 3, 10, 3, 30, 3, 10, 3]",15.329095516569248
"[30, 3, 15.641669631791789, 3, 10, 3, 30, 3, 30, 3, 10, 3, 10, 3, 10, 3, 30, 3, 14.440084699994973, 3, 10, 3, 10, 3, 10, 3, 30, 3, 10, 3]",15.615803118908415
"[30, 3, 14.299706698670208, 3, 10, 3, 30, 3, 30, 3, 10, 3, 10, 3, 10, 3, 30, 3, 23.43645738016899, 3, 10, 3, 10, 3, 10, 3, 30, 3, 10, 3]",17.177881091617973
"[30, 3, 21.372019831197697, 3, 10, 3, 30, 3, 30, 3, 10, 3, 10, 3, 10, 3, 30, 3, 25.542911896317506, 3, 10, 3, 10, 3, 10, 3, 30, 3, 10, 3]",17.919994152046787
"[30, 3, 15.799137544051325, 3, 10, 3, 30, 3, 30, 3, 10, 3, 10, 3, 10, 3, 30, 3, 24.862302246205918, 3, 10, 3, 10, 3, 10, 3, 30, 3, 10, 3]",15.587095516569146
"[30, 3, 13.486159642703651, 3, 10, 3, 30, 3, 30, 3, 10, 3, 10, 3, 10, 3, 30, 3, 26.715244837411888, 3, 10, 3, 10, 3, 10, 3, 30, 3, 10, 3]",13.834810916179338
"[30, 3, 10, 3, 10, 3, 30, 3, 30, 3, 10, 3, 10, 3, 10, 3, 30, 3, 20.610221702820233, 3, 10, 3, 10, 3, 10, 3, 30, 3, 10, 3]",16.127844054580905
"[30, 3, 14.758819664965698, 3, 10, 3, 30, 3, 30, 3, 10, 3, 10, 3, 10, 3, 30, 3, 10, 3, 10, 3, 10, 3, 10, 3, 30, 3, 10, 3]",17.028861598440553
"[30, 3, 11.669422498988169, 3, 10, 3, 30, 3, 30, 3, 10, 3, 10, 3, 10, 3, 30, 3, 24.311065590210305, 3, 10, 3, 10, 3, 10, 3, 30, 3, 10, 3]",17.515522417153957
"[30, 3, 15.868992579647772, 3, 10, 3, 30, 3, 30, 3, 10, 3, 10, 3, 10, 3, 30, 3, 24.843704967911087, 3, 10, 3, 10, 3, 10, 3, 30, 3, 10, 3]",15.147493177387926
"[30, 3, 12.804226951712563, 3, 10, 3, 30, 3, 30, 3, 10, 3, 10, 3, 10, 3, 30, 3, 21.49129284914272, 3, 10, 3, 10, 3, 10, 3, 30, 3, 10, 3]",17.243397660818715
"[30, 3, 14.51906538109862, 3, 10, 3, 30, 3, 30, 3, 10, 3, 10, 3, 10, 3, 30, 3, 22.888562678428553, 3, 10, 3, 10, 3, 10, 3, 30, 3, 10, 3]",16.35526120857706
"[30, 3, 10, 3, 10, 3, 30, 3, 30, 3, 10, 3, 10, 3, 10, 3, 30, 3, 13.670427362334754, 3, 10, 3, 10, 3, 10, 3, 30, 3, 10, 3]",15.40700974658873
"[30, 3, 14.928887194384092, 3, 10, 3, 30, 3, 30, 3, 10, 3, 10, 3, 10, 3, 30, 3, 10.771779808520199, 3, 10, 3, 10, 3, 10, 3, 30, 3, 10, 3]",15.917072124756311
"[30, 3, 10.043965678705423, 3, 10, 3, 30, 3, 30, 3, 10, 3, 10, 3, 10, 3, 30, 3, 26.015277277279054, 3, 10, 3, 10, 3, 10, 3, 30, 3, 10, 3]",17.477434697855767
"[30, 3, 10, 3, 10, 3, 30, 3, 30, 3, 10, 3, 10, 3, 10, 3, 30, 3, 22.262496047350957, 3, 10, 3, 10, 3, 10, 3, 30, 3, 10, 3]",17.080783625731005
"[30, 3, 10, 3, 10, 3, 30, 3, 30, 3, 10, 3, 10, 3, 10, 3, 30, 3, 24.669763032571986, 3, 10, 3, 10, 3, 10, 3, 30, 3, 10, 3]",16.771571150097476
"[30, 3, 10, 3, 10, 3, 30, 3, 30, 3, 10, 3, 10, 3, 10, 3, 30, 3, 21.371193244616588, 3, 10, 3, 10, 3, 10, 3, 30, 3, 10, 3]",14.413327485380144
"[30, 3, 14.23116455135913, 3, 10, 3, 30, 3, 30, 3, 10, 3, 10, 3, 10, 3, 30, 3, 10, 3, 10, 3, 10, 3, 10, 3, 30, 3, 10, 3]",15.400861598440573
"[30, 3, 10, 3, 10, 3, 30, 3, 30, 3, 10, 3, 10, 3, 10, 3, 30, 3, 22.790563535199492, 3, 10, 3, 10, 3, 10, 3, 30, 3, 10, 3]",16.418150097465904
"[30, 3, 10, 3, 10, 3, 30, 3, 30, 3, 10, 3, 10, 3, 10, 3, 30, 3, 25.35627229103759, 3, 10, 3, 10, 3, 10, 3, 30, 3, 10, 3]",15.403727095516567
"[30, 3, 15.641669631791789, 3, 10, 3, 30, 3, 30, 3, 10, 3, 10, 3, 10, 3, 30, 3, 14.440084699994973, 3, 10, 3, 10, 3, 10, 3, 30, 3, 10, 3]",15.441352826510705
"[30, 3, 14.299706698670208, 3, 10, 3, 30, 3, 30, 3, 10, 3, 10, 3, 10, 3, 30, 3, 23.43645738016899, 3, 10, 3, 10, 3, 10, 3, 30, 3, 10, 3]",15.703068226120838
"[30, 3, 21.372019831197697, 3, 10, 3, 30, 3, 30, 3, 10, 3, 10, 3, 10, 3, 30, 3, 25.542911896317506, 3, 10, 3, 10, 3, 10, 3, 30, 3, 10, 3]",14.973292397660801
"[30, 3, 15.799137544051325, 3, 10, 3, 30, 3, 30, 3, 10, 3, 10, 3, 10, 3, 30, 3, 24.862302246205918, 3, 10, 3, 10, 3, 10, 3, 30, 3, 10, 3]",15.959695906432755
"[30, 3, 13.486159642703651, 3, 10, 3, 30, 3, 30, 3, 10, 3, 10, 3, 10, 3, 30, 3, 26.715244837411888, 3, 10, 3, 10, 3, 10, 3, 30, 3, 10, 3]",15.157107212475672
"[30, 3, 10, 3, 10, 3, 30, 3, 30, 3, 10, 3, 10, 3, 10, 3, 30, 3, 20.610221702820233, 3, 10, 3, 10, 3, 10, 3, 30, 3, 10, 3]",15.503871345029218
"[30, 3, 14.758819664965698, 3, 10, 3, 30, 3, 30, 3, 10, 3, 10, 3, 10, 3, 30, 3, 10, 3, 10, 3, 10, 3, 10, 3, 30, 3, 10, 3]",16.14640935672518
"[30, 3, 11.669422498988169, 3, 10, 3, 30, 3, 30, 3, 10, 3, 10, 3, 10, 3, 30, 3, 24.311065590210305, 3, 10, 3, 10, 3, 10, 3, 30, 3, 10, 3]",15.81531578947367
"[30, 3, 15.868992579647772, 3, 10, 3, 30, 3, 30, 3, 10, 3, 10, 3, 10, 3, 30, 3, 24.843704967911087, 3, 10, 3, 10, 3, 10, 3, 30, 3, 10, 3]",17.608255360623787
"[30, 3, 12.804226951712563, 3, 10, 3, 30, 3, 30, 3, 10, 3, 10, 3, 10, 3, 30, 3, 21.49129284914272, 3, 10, 3, 10, 3, 10, 3, 30, 3, 10, 3]",16.714600389863527
"[30, 3, 14.51906538109862, 3, 10, 3, 30, 3, 30, 3, 10, 3, 10, 3, 10, 3, 30, 3, 22.888562678428553, 3, 10, 3, 10, 3, 10, 3, 30, 3, 10, 3]",15.776713450292418
"[30, 3, 10, 3, 10, 3, 30, 3, 30, 3, 10, 3, 10, 3, 10, 3, 30, 3, 13.670427362334754, 3, 10, 3, 10, 3, 10, 3, 30, 3, 10, 3]",14.35366666666667
"[30, 3, 14.928887194384092, 3, 10, 3, 30, 3, 30, 3, 10, 3, 10, 3, 10, 3, 30, 3, 10.771779808520199, 3, 10, 3, 10, 3, 10, 3, 30, 3, 10, 3]",17.318826510721234
"[30, 3, 10.043965678705423, 3, 10, 3, 30, 3, 30, 3, 10, 3, 10, 3, 10, 3, 30, 3, 26.015277277279054, 3, 10, 3, 10, 3, 10, 3, 30, 3, 10, 3]",14.953814814814876
"[30, 3, 10, 3, 10, 3, 30, 3, 30, 3, 10, 3, 10, 3, 10, 3, 30, 3, 22.262496047350957, 3, 10, 3, 10, 3, 10, 3, 30, 3, 10, 3]",16.456690058479502
"[30, 3, 10, 3, 10, 3, 30, 3, 30, 3, 10, 3, 10, 3, 10, 3, 30, 3, 24.669763032571986, 3, 10, 3, 10, 3, 10, 3, 30, 3, 10, 3]",17.96180311890838
"[30, 3, 10, 3, 10, 3, 30, 3, 30, 3, 10, 3, 10, 3, 10, 3, 30, 3, 21.371193244616588, 3, 10, 3, 10, 3, 10, 3, 30, 3, 10, 3]",18.108962962962963
"[30, 3, 14.23116455135913, 3, 10, 3, 30, 3, 30, 3, 10, 3, 10, 3, 10, 3, 30, 3, 10, 3, 10, 3, 10, 3, 10, 3, 30, 3, 10, 3]",15.224555555555519
"[30, 3, 10, 3, 10, 3, 30, 3, 30, 3, 10, 3, 10, 3, 10, 3, 30, 3, 22.790563535199492, 3, 10, 3, 10, 3, 10, 3, 30, 3, 10, 3]",14.810886939571144
"[30, 3, 10, 3, 10, 3, 30, 3, 30, 3, 10, 3, 10, 3, 10, 3, 30, 3, 25.35627229103759, 3, 10, 3, 10, 3, 10, 3, 30, 3, 10, 3]",15.76208576998051
"[30, 3, 15.641669631791789, 3, 10, 3, 30, 3, 30, 3, 10, 3, 10, 3, 10, 3, 30, 3, 14.440084699994973, 3, 10, 3, 10, 3, 10, 3, 30, 3, 10, 3]",17.827608187134462
"[30, 3, 14.299706698670208, 3, 10, 3, 30, 3, 30, 3, 10, 3, 10, 3, 10, 3, 30, 3, 23.43645738016899, 3, 10, 3, 10, 3, 10, 3, 30, 3, 10, 3]",16.67872319688104
"[30, 3, 21.372019831197697, 3, 10, 3, 30, 3, 30, 3, 10, 3, 10, 3, 10, 3, 30, 3, 25.542911896317506, 3, 10, 3, 10, 3, 10, 3, 30, 3, 10, 3]",16.354684210526287
"[30, 3, 15.799137544051325, 3, 10, 3, 30, 3, 30, 3, 10, 3, 10, 3, 10, 3, 30, 3, 24.862302246205918, 3, 10, 3, 10, 3, 10, 3, 30, 3, 10, 3]",16.450500974658887
"[30, 3, 13.486159642703651, 3, 10, 3, 30, 3, 30, 3, 10, 3, 10, 3, 10, 3, 30, 3, 26.715244837411888, 3, 10, 3, 10, 3, 10, 3, 30, 3, 10, 3]",15.178216374269018
"[30, 3, 10, 3, 10, 3, 30, 3, 30, 3, 10, 3, 10, 3, 10, 3, 30, 3, 20.610221702820233, 3, 10, 3, 10, 3, 10, 3, 30, 3, 10, 3]",16.17382066276801
"[30, 3, 14.758819664965698, 3, 10, 3, 30, 3, 30, 3, 10, 3, 10, 3, 10, 3, 30, 3, 10, 3, 10, 3, 10, 3, 10, 3, 30, 3, 10, 3]",15.177602339181298
"[30, 3, 11.669422498988169, 3, 10, 3, 30, 3, 30, 3, 10, 3, 10, 3, 10, 3, 30, 3, 24.311065590210305, 3, 10, 3, 10, 3, 10, 3, 30, 3, 10, 3]",16.65095906432745
"[30, 3, 15.868992579647772, 3, 10, 3, 30, 3, 30, 3, 10, 3, 10, 3, 10, 3, 30, 3, 24.843704967911087, 3, 10, 3, 10, 3, 10, 3, 30, 3, 10, 3]",17.660460038986372
"[30, 3, 12.804226951712563, 3, 10, 3, 30, 3, 30, 3, 10, 3, 10, 3, 10, 3, 30, 3, 21.49129284914272, 3, 10, 3, 10, 3, 10, 3, 30, 3, 10, 3]",16.337003898635484
"[30, 3, 14.51906538109862, 3, 10, 3, 30, 3, 30, 3, 10, 3, 10, 3, 10, 3, 30, 3, 22.888562678428553, 3, 10, 3, 10, 3, 10, 3, 30, 3, 10, 3]",18.027842105263126
"[30, 3, 10, 3, 10, 3, 30, 3, 30, 3, 10, 3, 10, 3, 10, 3, 30, 3, 13.670427362334754, 3, 10, 3, 10, 3, 10, 3, 30, 3, 10, 3]",17.11269785575048
"[30, 3, 14.928887194384092, 3, 10, 3, 30, 3, 30, 3, 10, 3, 10, 3, 10, 3, 30, 3, 10.771779808520199, 3, 10, 3, 10, 3, 10, 3, 30, 3, 10, 3]",15.147126705653028
"[30, 3, 10.043965678705423, 3, 10, 3, 30, 3, 30, 3, 10, 3, 10, 3, 10, 3, 30, 3, 26.015277277279054, 3, 10, 3, 10, 3, 10, 3, 30, 3, 10, 3]",18.704263157894708
"[30, 3, 10, 3, 10, 3, 30, 3, 30, 3, 10, 3, 10, 3, 10, 3, 30, 3, 22.262496047350957, 3, 10, 3, 10, 3, 10, 3, 30, 3, 10, 3]",14.708803118908376
"[30, 3, 10, 3, 10, 3, 30, 3, 30, 3, 10, 3, 10, 3, 10, 3, 30, 3, 24.669763032571986, 3, 10, 3, 10, 3, 10, 3, 30, 3, 10, 3]",18.1510935672514
"[30, 3, 10, 3, 10, 3, 30, 3, 30, 3, 10, 3, 10, 3, 10, 3, 30, 3, 21.371193244616588, 3, 10, 3, 10, 3, 10, 3, 30, 3, 10, 3]",16.053438596491237
"[30, 3, 14.23116455135913, 3, 10, 3, 30, 3, 30, 3, 10, 3, 10, 3, 10, 3, 30, 3, 10, 3, 10, 3, 10, 3, 10, 3, 30, 3, 10, 3]",15.69053216374272
"[30, 3, 10, 3, 10, 3, 30, 3, 30, 3, 10, 3, 10, 3, 10, 3, 30, 3, 22.790563535199492, 3, 10, 3, 10, 3, 10, 3, 30, 3, 10, 3]",16.720231968811007
"[30, 3, 10, 3, 10, 3, 30, 3, 30, 3, 10, 3, 10, 3, 10, 3, 30, 3, 25.35627229103759, 3, 10, 3, 10, 3, 10, 3, 30, 3, 10, 3]",14.68018128654974
"[30, 3, 15.641669631791789, 3, 10, 3, 30, 3, 30, 3, 10, 3, 10, 3, 10, 3, 30, 3, 14.440084699994973, 3, 10, 3, 10, 3, 10, 3, 30, 3, 10, 3]",14.587245614035101
"[30, 3, 14.299706698670208, 3, 10, 3, 30, 3, 30, 3, 10, 3, 10, 3, 10, 3, 30, 3, 23.43645738016899, 3, 10, 3, 10, 3, 10, 3, 30, 3, 10, 3]",17.28132358674463
"[30, 3, 21.372019831197697, 3, 10, 3, 30, 3, 30, 3, 10, 3, 10, 3, 10, 3, 30, 3, 25.542911896317506, 3, 10, 3, 10, 3, 10, 3, 30, 3, 10, 3]",17.13888499025342
"[30, 3, 15.799137544051325, 3, 10, 3, 30, 3, 30, 3, 10, 3, 10, 3, 10, 3, 30, 3, 24.862302246205918, 3, 10, 3, 10, 3, 10, 3, 30, 3, 10, 3]",16.19580896686158
"[30, 3, 13.486159642703651, 3, 10, 3, 30, 3, 30, 3, 10, 3, 10, 3, 10, 3, 30, 3, 26.715244837411888, 3, 10, 3, 10, 3, 10, 3, 30, 3, 10, 3]",16.804477582846026
"[30, 3, 10, 3, 10, 3, 30, 3, 30, 3, 10, 3, 10, 3, 10, 3, 30, 3, 20.610221702820233, 3, 10, 3, 10, 3, 10, 3, 30, 3, 10, 3]",16.548499025341147
"[30, 3, 14.758819664965698, 3, 10, 3, 30, 3, 30, 3, 10, 3, 10, 3, 10, 3, 30, 3, 10, 3, 10, 3, 10, 3, 10, 3, 30, 3, 10, 3]",14.674600389863542
"[30, 3, 11.669422498988169, 3, 10, 3, 30, 3, 30, 3, 10, 3, 10, 3, 10, 3, 30, 3, 24.311065590210305, 3, 10, 3, 10, 3, 10, 3, 30, 3, 10, 3]",15.183849902534105
"[30, 3, 15.868992579647772, 3, 10, 3, 30, 3, 30, 3, 10, 3, 10, 3, 10, 3, 30, 3, 24.843704967911087, 3, 10, 3, 10, 3, 10, 3, 30, 3, 10, 3]",16.022120857699807
"[30, 3, 12.804226951712563, 3, 10, 3, 30, 3, 30, 3, 10, 3, 10, 3, 10, 3, 30, 3, 21.49129284914272, 3, 10, 3, 10, 3, 10, 3, 30, 3, 10, 3]",16.284569200779718
"[30, 3, 14.51906538109862, 3, 10, 3, 30, 3, 30, 3, 10, 3, 10, 3, 10, 3, 30, 3, 22.888562678428553, 3, 10, 3, 10, 3, 10, 3, 30, 3, 10, 3]",16.558315789473664
"[30, 3, 10, 3, 10, 3, 30, 3, 30, 3, 10, 3, 10, 3, 10, 3, 30, 3, 13.670427362334754, 3, 10, 3, 10, 3, 10, 3, 30, 3, 10, 3]",15.789056530214458
"[30, 3, 14.928887194384092, 3, 10, 3, 30, 3, 30, 3, 10, 3, 10, 3, 10, 3, 30, 3, 10.771779808520199, 3, 10, 3, 10, 3, 10, 3, 30, 3, 10, 3]",16.040214424951223
"[30, 3, 10.043965678705423, 3, 10, 3, 30, 3, 30, 3, 10, 3, 10, 3, 10, 3, 30, 3, 26.015277277279054, 3, 10, 3, 10, 3, 10, 3, 30, 3, 10, 3]",16.128968810916195
"[30, 3, 10, 3, 10, 3, 30, 3, 30, 3, 10, 3, 10, 3, 10, 3, 30, 3, 22.262496047350957, 3, 10, 3, 10, 3, 10, 3, 30, 3, 10, 3]",16.744009746588688
"[30, 3, 10, 3, 10, 3, 30, 3, 30, 3, 10, 3, 10, 3, 10, 3, 30, 3, 24.669763032571986, 3, 10, 3, 10, 3, 10, 3, 30, 3, 10, 3]",17.91127875243666
"[30, 3, 10, 3, 10, 3, 30, 3, 30, 3, 10, 3, 10, 3, 10, 3, 30, 3, 21.371193244616588, 3, 10, 3, 10, 3, 10, 3, 30, 3, 10, 3]",16.219953216374325
"[30, 3, 14.23116455135913, 3, 10, 3, 30, 3, 30, 3, 10, 3, 10, 3, 10, 3, 30, 3, 10, 3, 10, 3, 10, 3, 10, 3, 30, 3, 10, 3]",16.47428265107215
"[30, 3, 10, 3, 10, 3, 30, 3, 30, 3, 10, 3, 10, 3, 10, 3, 30, 3, 22.790563535199492, 3, 10, 3, 10, 3, 10, 3, 30, 3, 10, 3]",14.747906432748502
"[30, 3, 10, 3, 10, 3, 30, 3, 30, 3, 10, 3, 10, 3, 10, 3, 30, 3, 25.35627229103759, 3, 10, 3, 10, 3, 10, 3, 30, 3, 10, 3]",16.1037485380117
"[30, 3, 15.641669631791789, 3, 10, 3, 30, 3, 30, 3, 10, 3, 10, 3, 10, 3, 30, 3, 14.440084699994973, 3, 10, 3, 10, 3, 10, 3, 30, 3, 10, 3]",16.205551656920086
"[30, 3, 14.299706698670208, 3, 10, 3, 30, 3, 30, 3, 10, 3, 10, 3, 10, 3, 30, 3, 23.43645738016899, 3, 10, 3, 10, 3, 10, 3, 30, 3, 10, 3]",15.895062378167669
"[30, 3, 21.372019831197697, 3, 10, 3, 30, 3, 30, 3, 10, 3, 10, 3, 10, 3, 30, 3, 25.542911896317506, 3, 10, 3, 10, 3, 10, 3, 30, 3, 10, 3]",15.59295711500974
"[30, 3, 15.799137544051325, 3, 10, 3, 30, 3, 30, 3, 10, 3, 10, 3, 10, 3, 30, 3, 24.862302246205918, 3, 10, 3, 10, 3, 10, 3, 30, 3, 10, 3]",18.00126705653021
"[30, 3, 13.486159642703651, 3, 10, 3, 30, 3, 30, 3, 10, 3, 10, 3, 10, 3, 30, 3, 26.715244837411888, 3, 10, 3, 10, 3, 10, 3, 30, 3, 10, 3]",16.19583625730996
"[30, 3, 10, 3, 10, 3, 30, 3, 30, 3, 10, 3, 10, 3, 10, 3, 30, 3, 20.610221702820233, 3, 10, 3, 10, 3, 10, 3, 30, 3, 10, 3]",15.13236842105259
"[30, 3, 14.758819664965698, 3, 10, 3, 30, 3, 30, 3, 10, 3, 10, 3, 10, 3, 30, 3, 10, 3, 10, 3, 10, 3, 10, 3, 30, 3, 10, 3]",16.66455945419104
"[30, 3, 11.669422498988169, 3, 10, 3, 30, 3, 30, 3, 10, 3, 10, 3, 10, 3, 30, 3, 24.311065590210305, 3, 10, 3, 10, 3, 10, 3, 30, 3, 10, 3]",16.930185185185177
"[30, 3, 15.868992579647772, 3, 10, 3, 30, 3, 30, 3, 10, 3, 10, 3, 10, 3, 30, 3, 24.843704967911087, 3, 10, 3, 10, 3, 10, 3, 30, 3, 10, 3]",16.55256530214424
"[30, 3, 12.804226951712563, 3, 10, 3, 30, 3, 30, 3, 10, 3, 10, 3, 10, 3, 30, 3, 21.49129284914272, 3, 10, 3, 10, 3, 10, 3, 30, 3, 10, 3]",15.355208576998049
"[30, 3, 14.51906538109862, 3, 10, 3, 30, 3, 30, 3, 10, 3, 10, 3, 10, 3, 30, 3, 22.888562678428553, 3, 10, 3, 10, 3, 10, 3, 30, 3, 10, 3]",16.155902534113068
"[30, 3, 10, 3, 10, 3, 30, 3, 30, 3, 10, 3, 10, 3, 10, 3, 30, 3, 13.670427362334754, 3, 10, 3, 10, 3, 10, 3, 30, 3, 10, 3]",17.010551656920075
"[30, 3, 14.928887194384092, 3, 10, 3, 30, 3, 30, 3, 10, 3, 10, 3, 10, 3, 30, 3, 10.771779808520199, 3, 10, 3, 10, 3, 10, 3, 30, 3, 10, 3]",18.476202729044836
"[30, 3, 10.043965678705423, 3, 10, 3, 30, 3, 30, 3, 10, 3, 10, 3, 10, 3, 30, 3, 26.015277277279054, 3, 10, 3, 10, 3, 10, 3, 30, 3, 10, 3]",14.730460038986347
"[30, 3, 10, 3, 10, 3, 30, 3, 30, 3, 10, 3, 10, 3, 10, 3, 30, 3, 22.262496047350957, 3, 10, 3, 10, 3, 10, 3, 30, 3, 10, 3]",16.272832358674453
"[30, 3, 10, 3, 10, 3, 30, 3, 30, 3, 10, 3, 10, 3, 10, 3, 30, 3, 24.669763032571986, 3, 10, 3, 10, 3, 10, 3, 30, 3, 10, 3]",16.306136452241777
"[30, 3, 10, 3, 10, 3, 30, 3, 30, 3, 10, 3, 10, 3, 10, 3, 30, 3, 21.371193244616588, 3, 10, 3, 10, 3, 10, 3, 30, 3, 10, 3]",16.0550467836257
"[30, 3, 14.23116455135913, 3, 10, 3, 30, 3, 30, 3, 10, 3, 10, 3, 10, 3, 30, 3, 10, 3, 10, 3, 10, 3, 10, 3, 30, 3, 10, 3]",15.643159844054638
"[30, 3, 10, 3, 10, 3, 30, 3, 30, 3, 10, 3, 10, 3, 10, 3, 30, 3, 22.790563535199492, 3, 10, 3, 10, 3, 10, 3, 30, 3, 10, 3]",15.428101364522451
"[30, 3, 10, 3, 10, 3, 30, 3, 30, 3, 10, 3, 10, 3, 10, 3, 30, 3, 25.35627229103759, 3, 10, 3, 10, 3, 10, 3, 30, 3, 10, 3]",15.801208576998047
"[30, 3, 15.641669631791789, 3, 10, 3, 30, 3, 30, 3, 10, 3, 10, 3, 10, 3, 30, 3, 14.440084699994973, 3, 10, 3, 10, 3, 10, 3, 30, 3, 10, 3]",15.301738791423041
"[30, 3, 14.299706698670208, 3, 10, 3, 30, 3, 30, 3, 10, 3, 10, 3, 10, 3, 30, 3, 23.43645738016899, 3, 10, 3, 10, 3, 10, 3, 30, 3, 10, 3]",16.94507992202732
"[30, 3, 21.372019831197697, 3, 10, 3, 30, 3, 30, 3, 10, 3, 10, 3, 10, 3, 30, 3, 25.542911896317506, 3, 10, 3, 10, 3, 10, 3, 30, 3, 10, 3]",14.216384015594556
"[30, 3, 15.799137544051325, 3, 10, 3, 30, 3, 30, 3, 10, 3, 10, 3, 10, 3, 30, 3, 24.862302246205918, 3, 10, 3, 10, 3, 10, 3, 30, 3, 10, 3]",15.90752631578951
"[30, 3, 13.486159642703651, 3, 10, 3, 30, 3, 30, 3, 10, 3, 10, 3, 10, 3, 30, 3, 26.715244837411888, 3, 10, 3, 10, 3, 10, 3, 30, 3, 10, 3]",17.291516569200766
"[30, 3, 10, 3, 10, 3, 30, 3, 30, 3, 10, 3, 10, 3, 10, 3, 30, 3, 20.610221702820233, 3, 10, 3, 10, 3, 10, 3, 30, 3, 10, 3]",16.661415204678395
"[30, 3, 14.758819664965698, 3, 10, 3, 30, 3, 30, 3, 10, 3, 10, 3, 10, 3, 30, 3, 10, 3, 10, 3, 10, 3, 10, 3, 30, 3, 10, 3]",16.627674463937616
"[30, 3, 11.669422498988169, 3, 10, 3, 30, 3, 30, 3, 10, 3, 10, 3, 10, 3, 30, 3, 24.311065590210305, 3, 10, 3, 10, 3, 10, 3, 30, 3, 10, 3]",17.379972709551677
"[30, 3, 15.868992579647772, 3, 10, 3, 30, 3, 30, 3, 10, 3, 10, 3, 10, 3, 30, 3, 24.843704967911087, 3, 10, 3, 10, 3, 10, 3, 30, 3, 10, 3]",16.27184015594542
"[30, 3, 12.804226951712563, 3, 10, 3, 30, 3, 30, 3, 10, 3, 10, 3, 10, 3, 30, 3, 21.49129284914272, 3, 10, 3, 10, 3, 10, 3, 30, 3, 10, 3]",16.324563352826512
"[30, 3, 14.51906538109862, 3, 10, 3, 30, 3, 30, 3, 10, 3, 10, 3, 10, 3, 30, 3, 22.888562678428553, 3, 10, 3, 10, 3, 10, 3, 30, 3, 10, 3]",16.700465886939607
"[30, 3, 10, 3, 10, 3, 30, 3, 30, 3, 10, 3, 10, 3, 10, 3, 30, 3, 13.670427362334754, 3, 10, 3, 10, 3, 10, 3, 30, 3, 10, 3]",16.650124756335266
"[30, 3, 14.928887194384092, 3, 10, 3, 30, 3, 30, 3, 10, 3, 10, 3, 10, 3, 30, 3, 10.771779808520199, 3, 10, 3, 10, 3, 10, 3, 30, 3, 10, 3]",16.827230019493125
"[30, 3, 10.043965678705423, 3, 10, 3, 30, 3, 30, 3, 10, 3, 10, 3, 10, 3, 30, 3, 26.015277277279054, 3, 10, 3, 10, 3, 10, 3, 30, 3, 10, 3]",15.758091617933738
"[30, 3, 10, 3, 10, 3, 30, 3, 30, 3, 10, 3, 10, 3, 10, 3, 30, 3, 22.262496047350957, 3, 10, 3, 10, 3, 10, 3, 30, 3, 10, 3]",17.27667836257311
"[30, 3, 10, 3, 10, 3, 30, 3, 30, 3, 10, 3, 10, 3, 10, 3, 30, 3, 24.669763032571986, 3, 10, 3, 10, 3, 10, 3, 30, 3, 10, 3]",17.127838206627633
"[30, 3, 10, 3, 10, 3, 30, 3, 30, 3, 10, 3, 10, 3, 10, 3, 30, 3, 21.371193244616588, 3, 10, 3, 10, 3, 10, 3, 30, 3, 10, 3]",16.59330604288499
"[30, 3, 14.23116455135913, 3, 10, 3, 30, 3, 30, 3, 10, 3, 10, 3, 10, 3, 30, 3, 10, 3, 10, 3, 10, 3, 10, 3, 30, 3, 10, 3]",13.91024756335282
"[30, 3, 10, 3, 10, 3, 30, 3, 30, 3, 10, 3, 10, 3, 10, 3, 30, 3, 22.790563535199492, 3, 10, 3, 10, 3, 10, 3, 30, 3, 10, 3]",16.399282651072134
"[30, 3, 10, 3, 10, 3, 30, 3, 30, 3, 10, 3, 10, 3, 10, 3, 30, 3, 25.35627229103759, 3, 10, 3, 10, 3, 10, 3, 30, 3, 10, 3]",16.205224171540003
"[30, 3, 15.641669631791789, 3, 10, 3, 30, 3, 30, 3, 10, 3, 10, 3, 10, 3, 30, 3, 14.440084699994973, 3, 10, 3, 10, 3, 10, 3, 30, 3, 10, 3]",16.478594541910372
"[30, 3, 14.299706698670208, 3, 10, 3, 30, 3, 30, 3, 10, 3, 10, 3, 10, 3, 30, 3, 23.43645738016899, 3, 10, 3, 10, 3, 10, 3, 30, 3, 10, 3]",17.081403508771896
"[30, 3, 21.372019831197697, 3, 10, 3, 30, 3, 30, 3, 10, 3, 10, 3, 10, 3, 30, 3, 25.542911896317506, 3, 10, 3, 10, 3, 10, 3, 30, 3, 10, 3]",16.849658869395697
"[30, 3, 15.799137544051325, 3, 10, 3, 30, 3, 30, 3, 10, 3, 10, 3, 10, 3, 30, 3, 24.862302246205918, 3, 10, 3, 10, 3, 10, 3, 30, 3, 10, 3]",16.98840155945419
"[30, 3, 13.486159642703651, 3, 10, 3, 30, 3, 30, 3, 10, 3, 10, 3, 10, 3, 30, 3, 26.715244837411888, 3, 10, 3, 10, 3, 10, 3, 30, 3, 10, 3]",15.279296296296316
"[30, 3, 10, 3, 10, 3, 30, 3, 30, 3, 10, 3, 10, 3, 10, 3, 30, 3, 20.610221702820233, 3, 10, 3, 10, 3, 10, 3, 30, 3, 10, 3]",15.769598440545805
"[30, 3, 14.758819664965698, 3, 10, 3, 30, 3, 30, 3, 10, 3, 10, 3, 10, 3, 30, 3, 10, 3, 10, 3, 10, 3, 10, 3, 30, 3, 10, 3]",17.051109161793374
"[30, 3, 11.669422498988169, 3, 10, 3, 30, 3, 30, 3, 10, 3, 10, 3, 10, 3, 30, 3, 24.311065590210305, 3, 10, 3, 10, 3, 10, 3, 30, 3, 10, 3]",15.760432748538024
"[30, 3, 15.868992579647772, 3, 10, 3, 30, 3, 30, 3, 10, 3, 10, 3, 10, 3, 30, 3, 24.843704967911087, 3, 10, 3, 10, 3, 10, 3, 30, 3, 10, 3]",15.022972709551656
"[30, 3, 12.804226951712563, 3, 10, 3, 30, 3, 30, 3, 10, 3, 10, 3, 10, 3, 30, 3, 21.49129284914272, 3, 10, 3, 10, 3, 10, 3, 30, 3, 10, 3]",15.672598440545814
"[30, 3, 14.51906538109862, 3, 10, 3, 30, 3, 30, 3, 10, 3, 10, 3, 10, 3, 30, 3, 22.888562678428553, 3, 10, 3, 10, 3, 10, 3, 30, 3, 10, 3]",15.921873294346991
"[30, 3, 10, 3, 10, 3, 30, 3, 30, 3, 10, 3, 10, 3, 10, 3, 30, 3, 13.670427362334754, 3, 10, 3, 10, 3, 10, 3, 30, 3, 10, 3]",15.530191033138436
"[30, 3, 14.928887194384092, 3, 10, 3, 30, 3, 30, 3, 10, 3, 10, 3, 10, 3, 30, 3, 10.771779808520199, 3, 10, 3, 10, 3, 10, 3, 30, 3, 10, 3]",17.419999999999995
"[30, 3, 10.043965678705423, 3, 10, 3, 30, 3, 30, 3, 10, 3, 10, 3, 10, 3, 30, 3, 26.015277277279054, 3, 10, 3, 10, 3, 10, 3, 30, 3, 10, 3]",16.75303118908383
"[30, 3, 10, 3, 10, 3, 30, 3, 30, 3, 10, 3, 10, 3, 10, 3, 30, 3, 22.262496047350957, 3, 10, 3, 10, 3, 10, 3, 30, 3, 10, 3]",15.501395711500965
"[30, 3, 10, 3, 10, 3, 30, 3, 30, 3, 10, 3, 10, 3, 10, 3, 30, 3, 24.669763032571986, 3, 10, 3, 10, 3, 10, 3, 30, 3, 10, 3]",16.51729824561404
"[30, 3, 10, 3, 10, 3, 30, 3, 30, 3, 10, 3, 10, 3, 10, 3, 30, 3, 21.371193244616588, 3, 10, 3, 10, 3, 10, 3, 30, 3, 10, 3]",17.483077972709587
"[30, 3, 14.23116455135913, 3, 10, 3, 30, 3, 30, 3, 10, 3, 10, 3, 10, 3, 30, 3, 10, 3, 10, 3, 10, 3, 10, 3, 30, 3, 10, 3]",15.251536062378198
"[30, 3, 10, 3, 10, 3, 30, 3, 30, 3, 10, 3, 10, 3, 10, 3, 30, 3, 22.790563535199492, 3, 10, 3, 10, 3, 10, 3, 30, 3, 10, 3]",14.032836257309928
"[30, 3, 10, 3, 10, 3, 30, 3, 30, 3, 10, 3, 10, 3, 10, 3, 30, 3, 25.35627229103759, 3, 10, 3, 10, 3, 10, 3, 30, 3, 10, 3]",15.77059064327488
"[30, 3, 15.641669631791789, 3, 10, 3, 30, 3, 30, 3, 10, 3, 10, 3, 10, 3, 30, 3, 14.440084699994973, 3, 10, 3, 10, 3, 10, 3, 30, 3, 10, 3]",15.946265107212492
"[30, 3, 14.299706698670208, 3, 10, 3, 30, 3, 30, 3, 10, 3, 10, 3, 10, 3, 30, 3, 23.43645738016899, 3, 10, 3, 10, 3, 10, 3, 30, 3, 10, 3]",15.765623781676428
"[30, 3, 21.372019831197697, 3, 10, 3, 30, 3, 30, 3, 10, 3, 10, 3, 10, 3, 30, 3, 25.542911896317506, 3, 10, 3, 10, 3, 10, 3, 30, 3, 10, 3]",16.707212475633522
"[30, 3, 15.799137544051325, 3, 10, 3, 30, 3, 30, 3, 10, 3, 10, 3, 10, 3, 30, 3, 24.862302246205918, 3, 10, 3, 10, 3, 10, 3, 30, 3, 10, 3]",15.964750487329438
"[30, 3, 13.486159642703651, 3, 10, 3, 30, 3, 30, 3, 10, 3, 10, 3, 10, 3, 30, 3, 26.715244837411888, 3, 10, 3, 10, 3, 10, 3, 30, 3, 10, 3]",16.4944483430799
"[30, 3, 10, 3, 10, 3, 30, 3, 30, 3, 10, 3, 10, 3, 10, 3, 30, 3, 20.610221702820233, 3, 10, 3, 10, 3, 10, 3, 30, 3, 10, 3]",15.965986354775822
"[30, 3, 14.758819664965698, 3, 10, 3, 30, 3, 30, 3, 10, 3, 10, 3, 10, 3, 30, 3, 10, 3, 10, 3, 10, 3, 10, 3, 30, 3, 10, 3]",17.001089668615982
"[30, 3, 11.669422498988169, 3, 10, 3, 30, 3, 30, 3, 10, 3, 10, 3, 10, 3, 30, 3, 24.311065590210305, 3, 10, 3, 10, 3, 10, 3, 30, 3, 10, 3]",15.426134502924006
"[30, 3, 15.868992579647772, 3, 10, 3, 30, 3, 30, 3, 10, 3, 10, 3, 10, 3, 30, 3, 24.843704967911087, 3, 10, 3, 10, 3, 10, 3, 30, 3, 10, 3]",14.142797270955205
"[30, 3, 12.804226951712563, 3, 10, 3, 30, 3, 30, 3, 10, 3, 10, 3, 10, 3, 30, 3, 21.49129284914272, 3, 10, 3, 10, 3, 10, 3, 30, 3, 10, 3]",16.488403508771945
"[30, 3, 14.51906538109862, 3, 10, 3, 30, 3, 30, 3, 10, 3, 10, 3, 10, 3, 30, 3, 22.888562678428553, 3, 10, 3, 10, 3, 10, 3, 30, 3, 10, 3]",18.003561403508787
"[30, 3, 10, 3, 10, 3, 30, 3, 30, 3, 10, 3, 10, 3, 10, 3, 30, 3, 13.670427362334754, 3, 10, 3, 10, 3, 10, 3, 30, 3, 10, 3]",16.304818713450274
"[30, 3, 14.928887194384092, 3, 10, 3, 30, 3, 30, 3, 10, 3, 10, 3, 10, 3, 30, 3, 10.771779808520199, 3, 10, 3, 10, 3, 10, 3, 30, 3, 10, 3]",16.703173489278747
"[30, 3, 10.043965678705423, 3, 10, 3, 30, 3, 30, 3, 10, 3, 10, 3, 10, 3, 30, 3, 26.015277277279054, 3, 10, 3, 10, 3, 10, 3, 30, 3, 10, 3]",15.28800584795318
"[30, 3, 10, 3, 10, 3, 30, 3, 30, 3, 10, 3, 10, 3, 10, 3, 30, 3, 22.262496047350957, 3, 10, 3, 10, 3, 10, 3, 30, 3, 10, 3]",17.253146198830393
"[30, 3, 10, 3, 10, 3, 30, 3, 30, 3, 10, 3, 10, 3, 10, 3, 30, 3, 24.669763032571986, 3, 10, 3, 10, 3, 10, 3, 30, 3, 10, 3]",15.786265107212479
"[30, 3, 10, 3, 10, 3, 30, 3, 30, 3, 10, 3, 10, 3, 10, 3, 30, 3, 21.371193244616588, 3, 10, 3, 10, 3, 10, 3, 30, 3, 10, 3]",16.026884990253397
"[30, 3, 14.23116455135913, 3, 10, 3, 30, 3, 30, 3, 10, 3, 10, 3, 10, 3, 30, 3, 10, 3, 10, 3, 10, 3, 10, 3, 30, 3, 10, 3]",17.54431578947365
"[30, 3, 10, 3, 10, 3, 30, 3, 30, 3, 10, 3, 10, 3, 10, 3, 30, 3, 22.790563535199492, 3, 10, 3, 10, 3, 10, 3, 30, 3, 10, 3]",16.971721247563394
"[30, 3, 10, 3, 10, 3, 30, 3, 30, 3, 10, 3, 10, 3, 10, 3, 30, 3, 25.35627229103759, 3, 10, 3, 10, 3, 10, 3, 30, 3, 10, 3]",17.141122807017556
"[30, 3, 15.641669631791789, 3, 10, 3, 30, 3, 30, 3, 10, 3, 10, 3, 10, 3, 30, 3, 14.440084699994973, 3, 10, 3, 10, 3, 10, 3, 30, 3, 10, 3]",17.66120272904484
"[30, 3, 14.299706698670208, 3, 10, 3, 30, 3, 30, 3, 10, 3, 10, 3, 10, 3, 30, 3, 23.43645738016899, 3, 10, 3, 10, 3, 10, 3, 30, 3, 10, 3]",18.247623781676406
"[30, 3, 21.372019831197697, 3, 10, 3, 30, 3, 30, 3, 10, 3, 10, 3, 10, 3, 30, 3, 25.542911896317506, 3, 10, 3, 10, 3, 10, 3, 30, 3, 10, 3]",15.846300194931795
"[30, 3, 15.799137544051325, 3, 10, 3, 30, 3, 30, 3, 10, 3, 10, 3, 10, 3, 30, 3, 24.862302246205918, 3, 10, 3, 10, 3, 10, 3, 30, 3, 10, 3]",16.224393762183205
"[30, 3, 13.486159642703651, 3, 10, 3, 30, 3, 30, 3, 10, 3, 10, 3, 10, 3, 30, 3, 26.715244837411888, 3, 10, 3, 10, 3, 10, 3, 30, 3, 10, 3]",16.259346978557524
"[30, 3, 10, 3, 10, 3, 30, 3, 30, 3, 10, 3, 10, 3, 10, 3, 30, 3, 20.610221702820233, 3, 10, 3, 10, 3, 10, 3, 30, 3, 10, 3]",14.969054580896687
"[30, 3, 14.758819664965698, 3, 10, 3, 30, 3, 30, 3, 10, 3, 10, 3, 10, 3, 30, 3, 10, 3, 10, 3, 10, 3, 10, 3, 30, 3, 10, 3]",15.377793372319688
"[30, 3, 11.669422498988169, 3, 10, 3, 30, 3, 30, 3, 10, 3, 10, 3, 10, 3, 30, 3, 24.311065590210305, 3, 10, 3, 10, 3, 10, 3, 30, 3, 10, 3]",16.506477582846024
"[30, 3, 15.868992579647772, 3, 10, 3, 30, 3, 30, 3, 10, 3, 10, 3, 10, 3, 30, 3, 24.843704967911087, 3, 10, 3, 10, 3, 10, 3, 30, 3, 10, 3]",17.512670565302184
"[30, 3, 12.804226951712563, 3, 10, 3, 30, 3, 30, 3, 10, 3, 10, 3, 10, 3, 30, 3, 21.49129284914272, 3, 10, 3, 10, 3, 10, 3, 30, 3, 10, 3]",16.21322807017541
"[30, 3, 14.51906538109862, 3, 10, 3, 30, 3, 30, 3, 10, 3, 10, 3, 10, 3, 30, 3, 22.888562678428553, 3, 10, 3, 10, 3, 10, 3, 30, 3, 10, 3]",17.494148148148174
"[30, 3, 10, 3, 10, 3, 30, 3, 30, 3, 10, 3, 10, 3, 10, 3, 30, 3, 13.670427362334754, 3, 10, 3, 10, 3, 10, 3, 30, 3, 10, 3]",14.911873294346929
"[30, 3, 14.928887194384092, 3, 10, 3, 30, 3, 30, 3, 10, 3, 10, 3, 10, 3, 30, 3, 10.771779808520199, 3, 10, 3, 10, 3, 10, 3, 30, 3, 10, 3]",15.386951267056496
"[30, 3, 10.043965678705423, 3, 10, 3, 30, 3, 30, 3, 10, 3, 10, 3, 10, 3, 30, 3, 26.015277277279054, 3, 10, 3, 10, 3, 10, 3, 30, 3, 10, 3]",17.37804873294346
"[30, 3, 10, 3, 10, 3, 30, 3, 30, 3, 10, 3, 10, 3, 10, 3, 30, 3, 22.262496047350957, 3, 10, 3, 10, 3, 10, 3, 30, 3, 10, 3]",15.461042884990254
"[30, 3, 10, 3, 10, 3, 30, 3, 30, 3, 10, 3, 10, 3, 10, 3, 30, 3, 24.669763032571986, 3, 10, 3, 10, 3, 10, 3, 30, 3, 10, 3]",16.52289668615985
"[30, 3, 10, 3, 10, 3, 30, 3, 30, 3, 10, 3, 10, 3, 10, 3, 30, 3, 21.371193244616588, 3, 10, 3, 10, 3, 10, 3, 30, 3, 10, 3]",15.548142300194895
"[30, 3, 14.23116455135913, 3, 10, 3, 30, 3, 30, 3, 10, 3, 10, 3, 10, 3, 30, 3, 10, 3, 10, 3, 10, 3, 10, 3, 30, 3, 10, 3]",16.499115009746554
"[30, 3, 10, 3, 10, 3, 30, 3, 30, 3, 10, 3, 10, 3, 10, 3, 30, 3, 22.790563535199492, 3, 10, 3, 10, 3, 10, 3, 30, 3, 10, 3]",15.681832358674427
"[30, 3, 10, 3, 10, 3, 30, 3, 30, 3, 10, 3, 10, 3, 10, 3, 30, 3, 25.35627229103759, 3, 10, 3, 10, 3, 10, 3, 30, 3, 10, 3]",15.127148148148137
"[30, 3, 15.641669631791789, 3, 10, 3, 30, 3, 30, 3, 10, 3, 10, 3, 10, 3, 30, 3, 14.440084699994973, 3, 10, 3, 10, 3, 10, 3, 30, 3, 10, 3]",17.237066276803144
"[30, 3, 14.299706698670208, 3, 10, 3, 30, 3, 30, 3, 10, 3, 10, 3, 10, 3, 30, 3, 23.43645738016899, 3, 10, 3, 10, 3, 10, 3, 30, 3, 10, 3]",16.52242300194931
"[30, 3, 21.372019831197697, 3, 10, 3, 30, 3, 30, 3, 10, 3, 10, 3, 10, 3, 30, 3, 25.542911896317506, 3, 10, 3, 10, 3, 10, 3, 30, 3, 10, 3]",15.130247563352802
"[30, 3, 15.799137544051325, 3, 10, 3, 30, 3, 30, 3, 10, 3, 10, 3, 10, 3, 30, 3, 24.862302246205918, 3, 10, 3, 10, 3, 10, 3, 30, 3, 10, 3]",16.132886939571122
"[30, 3, 13.486159642703651, 3, 10, 3, 30, 3, 30, 3, 10, 3, 10, 3, 10, 3, 30, 3, 26.715244837411888, 3, 10, 3, 10, 3, 10, 3, 30, 3, 10, 3]",16.669311890838237
"[30, 3, 10, 3, 10, 3, 30, 3, 30, 3, 10, 3, 10, 3, 10, 3, 30, 3, 20.610221702820233, 3, 10, 3, 10, 3, 10, 3, 30, 3, 10, 3]",16.31252826510721
"[30, 3, 14.758819664965698, 3, 10, 3, 30, 3, 30, 3, 10, 3, 10, 3, 10, 3, 30, 3, 10, 3, 10, 3, 10, 3, 10, 3, 30, 3, 10, 3]",16.46149902534115
"[30, 3, 11.669422498988169, 3, 10, 3, 30, 3, 30, 3, 10, 3, 10, 3, 10, 3, 30, 3, 24.311065590210305, 3, 10, 3, 10, 3, 10, 3, 30, 3, 10, 3]",16.55218518518519
"[30, 3, 15.868992579647772, 3, 10, 3, 30, 3, 30, 3, 10, 3, 10, 3, 10, 3, 30, 3, 24.843704967911087, 3, 10, 3, 10, 3, 10, 3, 30, 3, 10, 3]",17.28343859649121
"[30, 3, 12.804226951712563, 3, 10, 3, 30, 3, 30, 3, 10, 3, 10, 3, 10, 3, 30, 3, 21.49129284914272, 3, 10, 3, 10, 3, 10, 3, 30, 3, 10, 3]",18.252142300194958
"[30, 3, 14.51906538109862, 3, 10, 3, 30, 3, 30, 3, 10, 3, 10, 3, 10, 3, 30, 3, 22.888562678428553, 3, 10, 3, 10, 3, 10, 3, 30, 3, 10, 3]",16.306237816764114
"[30, 3, 10, 3, 10, 3, 30, 3, 30, 3, 10, 3, 10, 3, 10, 3, 30, 3, 13.670427362334754, 3, 10, 3, 10, 3, 10, 3, 30, 3, 10, 3]",17.846194931773926
"[30, 3, 14.928887194384092, 3, 10, 3, 30, 3, 30, 3, 10, 3, 10, 3, 10, 3, 30, 3, 10.771779808520199, 3, 10, 3, 10, 3, 10, 3, 30, 3, 10, 3]",16.974017543859627
"[30, 3, 10.043965678705423, 3, 10, 3, 30, 3, 30, 3, 10, 3, 10, 3, 10, 3, 30, 3, 26.015277277279054, 3, 10, 3, 10, 3, 10, 3, 30, 3, 10, 3]",16.448701754385986
"[30, 3, 10, 3, 10, 3, 30, 3, 30, 3, 10, 3, 10, 3, 10, 3, 30, 3, 22.262496047350957, 3, 10, 3, 10, 3, 10, 3, 30, 3, 10, 3]",13.54069200779725
"[30, 3, 10, 3, 10, 3, 30, 3, 30, 3, 10, 3, 10, 3, 10, 3, 30, 3, 24.669763032571986, 3, 10, 3, 10, 3, 10, 3, 30, 3, 10, 3]",17.167797270955163
"[30, 3, 10, 3, 10, 3, 30, 3, 30, 3, 10, 3, 10, 3, 10, 3, 30, 3, 21.371193244616588, 3, 10, 3, 10, 3, 10, 3, 30, 3, 10, 3]",15.966684210526305
"[30, 3, 14.23116455135913, 3, 10, 3, 30, 3, 30, 3, 10, 3, 10, 3, 10, 3, 30, 3, 10, 3, 10, 3, 10, 3, 10, 3, 30, 3, 10, 3]",14.110237816764114
"[30, 3, 10, 3, 10, 3, 30, 3, 30, 3, 10, 3, 10, 3, 10, 3, 30, 3, 22.790563535199492, 3, 10, 3, 10, 3, 10, 3, 30, 3, 10, 3]",16.110619883040922
"[30, 3, 10, 3, 10, 3, 30, 3, 30, 3, 10, 3, 10, 3, 10, 3, 30, 3, 25.35627229103759, 3, 10, 3, 10, 3, 10, 3, 30, 3, 10, 3]",17.16108771929818
"[30, 3, 15.641669631791789, 3, 10, 3, 30, 3, 30, 3, 10, 3, 10, 3, 10, 3, 30, 3, 14.440084699994973, 3, 10, 3, 10, 3, 10, 3, 30, 3, 10, 3]",17.00307212475631
"[30, 3, 14.299706698670208, 3, 10, 3, 30, 3, 30, 3, 10, 3, 10, 3, 10, 3, 30, 3, 23.43645738016899, 3, 10, 3, 10, 3, 10, 3, 30, 3, 10, 3]",15.555483430799214
"[30, 3, 21.372019831197697, 3, 10, 3, 30, 3, 30, 3, 10, 3, 10, 3, 10, 3, 30, 3, 25.542911896317506, 3, 10, 3, 10, 3, 10, 3, 30, 3, 10, 3]",16.14411890838205
"[30, 3, 15.799137544051325, 3, 10, 3, 30, 3, 30, 3, 10, 3, 10, 3, 10, 3, 30, 3, 24.862302246205918, 3, 10, 3, 10, 3, 10, 3, 30, 3, 10, 3]",15.59244834307991
"[30, 3, 13.486159642703651, 3, 10, 3, 30, 3, 30, 3, 10, 3, 10, 3, 10, 3, 30, 3, 26.715244837411888, 3, 10, 3, 10, 3, 10, 3, 30, 3, 10, 3]",16.88565692007792
"[30, 3, 10, 3, 10, 3, 30, 3, 30, 3, 10, 3, 10, 3, 10, 3, 30, 3, 20.610221702820233, 3, 10, 3, 10, 3, 10, 3, 30, 3, 10, 3]",16.505674463937655
"[30, 3, 14.758819664965698, 3, 10, 3, 30, 3, 30, 3, 10, 3, 10, 3, 10, 3, 30, 3, 10, 3, 10, 3, 10, 3, 10, 3, 30, 3, 10, 3]",16.314534113060418
"[30, 3, 11.669422498988169, 3, 10, 3, 30, 3, 30, 3, 10, 3, 10, 3, 10, 3, 30, 3, 24.311065590210305, 3, 10, 3, 10, 3, 10, 3, 30, 3, 10, 3]",16.412516569200793
"[30, 3, 15.868992579647772, 3, 10, 3, 30, 3, 30, 3, 10, 3, 10, 3, 10, 3, 30, 3, 24.843704967911087, 3, 10, 3, 10, 3, 10, 3, 30, 3, 10, 3]",16.2018187134503
"[30, 3, 12.804226951712563, 3, 10, 3, 30, 3, 30, 3, 10, 3, 10, 3, 10, 3, 30, 3, 21.49129284914272, 3, 10, 3, 10, 3, 10, 3, 30, 3, 10, 3]",17.04350682261207
"[30, 3, 14.51906538109862, 3, 10, 3, 30, 3, 30, 3, 10, 3, 10, 3, 10, 3, 30, 3, 22.888562678428553, 3, 10, 3, 10, 3, 10, 3, 30, 3, 10, 3]",16.033142300194957
"[30, 3, 10, 3, 10, 3, 30, 3, 30, 3, 10, 3, 10, 3, 10, 3, 30, 3, 13.670427362334754, 3, 10, 3, 10, 3, 10, 3, 30, 3, 10, 3]",17.054699805068267
"[30, 3, 14.928887194384092, 3, 10, 3, 30, 3, 30, 3, 10, 3, 10, 3, 10, 3, 30, 3, 10.771779808520199, 3, 10, 3, 10, 3, 10, 3, 30, 3, 10, 3]",16.071300194931798
"[30, 3, 10.043965678705423, 3, 10, 3, 30, 3, 30, 3, 10, 3, 10, 3, 10, 3, 30, 3, 26.015277277279054, 3, 10, 3, 10, 3, 10, 3, 30, 3, 10, 3]",16.02538011695907
"[30, 3, 10, 3, 10, 3, 30, 3, 30, 3, 10, 3, 10, 3, 10, 3, 30, 3, 22.262496047350957, 3, 10, 3, 10, 3, 10, 3, 30, 3, 10, 3]",14.975725146198842
"[30, 3, 10, 3, 10, 3, 30, 3, 30, 3, 10, 3, 10, 3, 10, 3, 30, 3, 24.669763032571986, 3, 10, 3, 10, 3, 10, 3, 30, 3, 10, 3]",17.911165692007835
"[30, 3, 10, 3, 10, 3, 30, 3, 30, 3, 10, 3, 10, 3, 10, 3, 30, 3, 21.371193244616588, 3, 10, 3, 10, 3, 10, 3, 30, 3, 10, 3]",16.25349512670562
"[30, 3, 14.23116455135913, 3, 10, 3, 30, 3, 30, 3, 10, 3, 10, 3, 10, 3, 30, 3, 10, 3, 10, 3, 10, 3, 10, 3, 30, 3, 10, 3]",15.516179337232007
"[30, 3, 10, 3, 10, 3, 30, 3, 30, 3, 10, 3, 10, 3, 10, 3, 30, 3, 22.790563535199492, 3, 10, 3, 10, 3, 10, 3, 30, 3, 10, 3]",15.235395711500974
"[30, 3, 10, 3, 10, 3, 30, 3, 30, 3, 10, 3, 10, 3, 10, 3, 30, 3, 25.35627229103759, 3, 10, 3, 10, 3, 10, 3, 30, 3, 10, 3]",16.68153411306048
"[30, 3, 15.641669631791789, 3, 10, 3, 30, 3, 30, 3, 10, 3, 10, 3, 10, 3, 30, 3, 14.440084699994973, 3, 10, 3, 10, 3, 10, 3, 30, 3, 10, 3]",14.414803118908358
"[30, 3, 14.299706698670208, 3, 10, 3, 30, 3, 30, 3, 10, 3, 10, 3, 10, 3, 30, 3, 23.43645738016899, 3, 10, 3, 10, 3, 10, 3, 30, 3, 10, 3]",16.28335282651072
"[30, 3, 21.372019831197697, 3, 10, 3, 30, 3, 30, 3, 10, 3, 10, 3, 10, 3, 30, 3, 25.542911896317506, 3, 10, 3, 10, 3, 10, 3, 30, 3, 10, 3]",15.904846003898676
"[30, 3, 15.799137544051325, 3, 10, 3, 30, 3, 30, 3, 10, 3, 10, 3, 10, 3, 30, 3, 24.862302246205918, 3, 10, 3, 10, 3, 10, 3, 30, 3, 10, 3]",16.516768031189102
"[30, 3, 13.486159642703651, 3, 10, 3, 30, 3, 30, 3, 10, 3, 10, 3, 10, 3, 30, 3, 26.715244837411888, 3, 10, 3, 10, 3, 10, 3, 30, 3, 10, 3]",15.266298245614044
"[30, 3, 10, 3, 10, 3, 30, 3, 30, 3, 10, 3, 10, 3, 10, 3, 30, 3, 20.610221702820233, 3, 10, 3, 10, 3, 10, 3, 30, 3, 10, 3]",17.48809746588694
"[30, 3, 14.758819664965698, 3, 10, 3, 30, 3, 30, 3, 10, 3, 10, 3, 10, 3, 30, 3, 10, 3, 10, 3, 10, 3, 10, 3, 30, 3, 10, 3]",16.010432748537998
"[30, 3, 11.669422498988169, 3, 10, 3, 30, 3, 30, 3, 10, 3, 10, 3, 10, 3, 30, 3, 24.311065590210305, 3, 10, 3, 10, 3, 10, 3, 30, 3, 10, 3]",17.19720077972707
"[30, 3, 15.868992579647772, 3, 10, 3, 30, 3, 30, 3, 10, 3, 10, 3, 10, 3, 30, 3, 24.843704967911087, 3, 10, 3, 10, 3, 10, 3, 30, 3, 10, 3]",15.581292397660826
"[30, 3, 12.804226951712563, 3, 10, 3, 30, 3, 30, 3, 10, 3, 10, 3, 10, 3, 30, 3, 21.49129284914272, 3, 10, 3, 10, 3, 10, 3, 30, 3, 10, 3]",16.263672514619895
"[30, 3, 14.51906538109862, 3, 10, 3, 30, 3, 30, 3, 10, 3, 10, 3, 10, 3, 30, 3, 22.888562678428553, 3, 10, 3, 10, 3, 10, 3, 30, 3, 10, 3]",14.203951267056516
"[30, 3, 10, 3, 10, 3, 30, 3, 30, 3, 10, 3, 10, 3, 10, 3, 30, 3, 13.670427362334754, 3, 10, 3, 10, 3, 10, 3, 30, 3, 10, 3]",17.45460233918131
"[30, 3, 14.928887194384092, 3, 10, 3, 30, 3, 30, 3, 10, 3, 10, 3, 10, 3, 30, 3, 10.771779808520199, 3, 10, 3, 10, 3, 10, 3, 30, 3, 10, 3]",16.090840155945443
"[30, 3, 10.043965678705423, 3, 10, 3, 30, 3, 30, 3, 10, 3, 10, 3, 10, 3, 30, 3, 26.015277277279054, 3, 10, 3, 10, 3, 10, 3, 30, 3, 10, 3]",15.403826510721231
"[30, 3, 10, 3, 10, 3, 30, 3, 30, 3, 10, 3, 10, 3, 10, 3, 30, 3, 22.262496047350957, 3, 10, 3, 10, 3, 10, 3, 30, 3, 10, 3]",16.179543859649122
"[30, 3, 10, 3, 10, 3, 30, 3, 30, 3, 10, 3, 10, 3, 10, 3, 30, 3, 24.669763032571986, 3, 10, 3, 10, 3, 10, 3, 30, 3, 10, 3]",16.644335282651095
"[30, 3, 10, 3, 10, 3, 30, 3, 30, 3, 10, 3, 10, 3, 10, 3, 30, 3, 21.371193244616588, 3, 10, 3, 10, 3, 10, 3, 30, 3, 10, 3]",15.295483430799226
"[30, 3, 14.23116455135913, 3, 10, 3, 30, 3, 30, 3, 10, 3, 10, 3, 10, 3, 30, 3, 10, 3, 10, 3, 10, 3, 10, 3, 30, 3, 10, 3]",16.780491228070204
"[30, 3, 10, 3, 10, 3, 30, 3, 30, 3, 10, 3, 10, 3, 10, 3, 30, 3, 22.790563535199492, 3, 10, 3, 10, 3, 10, 3, 30, 3, 10, 3]",14.495192982456127
"[30, 3, 10, 3, 10, 3, 30, 3, 30, 3, 10, 3, 10, 3, 10, 3, 30, 3, 25.35627229103759, 3, 10, 3, 10, 3, 10, 3, 30, 3, 10, 3]",15.216202729044824
"[30, 3, 15.641669631791789, 3, 10, 3, 30, 3, 30, 3, 10, 3, 10, 3, 10, 3, 30, 3, 14.440084699994973, 3, 10, 3, 10, 3, 10, 3, 30, 3, 10, 3]",15.629471734892787
"[30, 3, 14.299706698670208, 3, 10, 3, 30, 3, 30, 3, 10, 3, 10, 3, 10, 3, 30, 3, 23.43645738016899, 3, 10, 3, 10, 3, 10, 3, 30, 3, 10, 3]",15.585103313840113
"[30, 3, 21.372019831197697, 3, 10, 3, 30, 3, 30, 3, 10, 3, 10, 3, 10, 3, 30, 3, 25.542911896317506, 3, 10, 3, 10, 3, 10, 3, 30, 3, 10, 3]",15.647908382066245
"[30, 3, 15.799137544051325, 3, 10, 3, 30, 3, 30, 3, 10, 3, 10, 3, 10, 3, 30, 3, 24.862302246205918, 3, 10, 3, 10, 3, 10, 3, 30, 3, 10, 3]",16.132532163742706
"[30, 3, 13.486159642703651, 3, 10, 3, 30, 3, 30, 3, 10, 3, 10, 3, 10, 3, 30, 3, 26.715244837411888, 3, 10, 3, 10, 3, 10, 3, 30, 3, 10, 3]",15.236769980506784
"[30, 3, 10, 3, 10, 3, 30, 3, 30, 3, 10, 3, 10, 3, 10, 3, 30, 3, 20.610221702820233, 3, 10, 3, 10, 3, 10, 3, 30, 3, 10, 3]",16.33546198830411
"[30, 3, 14.758819664965698, 3, 10, 3, 30, 3, 30, 3, 10, 3, 10, 3, 10, 3, 30, 3, 10, 3, 10, 3, 10, 3, 10, 3, 30, 3, 10, 3]",16.33323391812869
"[30, 3, 11.669422498988169, 3, 10, 3, 30, 3, 30, 3, 10, 3, 10, 3, 10, 3, 30, 3, 24.311065590210305, 3, 10, 3, 10, 3, 10, 3, 30, 3, 10, 3]",15.15285769980506
"[30, 3, 15.868992579647772, 3, 10, 3, 30, 3, 30, 3, 10, 3, 10, 3, 10, 3, 30, 3, 24.843704967911087, 3, 10, 3, 10, 3, 10, 3, 30, 3, 10, 3]",17.936038986354795
"[30, 3, 12.804226951712563, 3, 10, 3, 30, 3, 30, 3, 10, 3, 10, 3, 10, 3, 30, 3, 21.49129284914272, 3, 10, 3, 10, 3, 10, 3, 30, 3, 10, 3]",18.023204678362546
"[30, 3, 14.51906538109862, 3, 10, 3, 30, 3, 30, 3, 10, 3, 10, 3, 10, 3, 30, 3, 22.888562678428553, 3, 10, 3, 10, 3, 10, 3, 30, 3, 10, 3]",15.99043274853798
"[30, 3, 10, 3, 10, 3, 30, 3, 30, 3, 10, 3, 10, 3, 10, 3, 30, 3, 13.670427362334754, 3, 10, 3, 10, 3, 10, 3, 30, 3, 10, 3]",15.353339181286513
"[30, 3, 14.928887194384092, 3, 10, 3, 30, 3, 30, 3, 10, 3, 10, 3, 10, 3, 30, 3, 10.771779808520199, 3, 10, 3, 10, 3, 10, 3, 30, 3, 10, 3]",17.39614035087719
"[30, 3, 10.043965678705423, 3, 10, 3, 30, 3, 30, 3, 10, 3, 10, 3, 10, 3, 30, 3, 26.015277277279054, 3, 10, 3, 10, 3, 10, 3, 30, 3, 10, 3]",16.63639766081872
"[30, 3, 10, 3, 10, 3, 30, 3, 30, 3, 10, 3, 10, 3, 10, 3, 30, 3, 22.262496047350957, 3, 10, 3, 10, 3, 10, 3, 30, 3, 10, 3]",16.071598440545795
"[30, 3, 10, 3, 10, 3, 30, 3, 30, 3, 10, 3, 10, 3, 10, 3, 30, 3, 24.669763032571986, 3, 10, 3, 10, 3, 10, 3, 30, 3, 10, 3]",15.335900584795315
"[30, 3, 10, 3, 10, 3, 30, 3, 30, 3, 10, 3, 10, 3, 10, 3, 30, 3, 21.371193244616588, 3, 10, 3, 10, 3, 10, 3, 30, 3, 10, 3]",15.54298440545812
"[30, 3, 14.23116455135913, 3, 10, 3, 30, 3, 30, 3, 10, 3, 10, 3, 10, 3, 30, 3, 10, 3, 10, 3, 10, 3, 10, 3, 30, 3, 10, 3]",13.710580896686162
"[30, 3, 10, 3, 10, 3, 30, 3, 30, 3, 10, 3, 10, 3, 10, 3, 30, 3, 22.790563535199492, 3, 10, 3, 10, 3, 10, 3, 30, 3, 10, 3]",16.133257309941538
"[30, 3, 10, 3, 10, 3, 30, 3, 30, 3, 10, 3, 10, 3, 10, 3, 30, 3, 25.35627229103759, 3, 10, 3, 10, 3, 10, 3, 30, 3, 10, 3]",16.240873294346972
"[30, 3, 15.641669631791789, 3, 10, 3, 30, 3, 30, 3, 10, 3, 10, 3, 10, 3, 30, 3, 14.440084699994973, 3, 10, 3, 10, 3, 10, 3, 30, 3, 10, 3]",16.14236452241716
"[30, 3, 14.299706698670208, 3, 10, 3, 30, 3, 30, 3, 10, 3, 10, 3, 10, 3, 30, 3, 23.43645738016899, 3, 10, 3, 10, 3, 10, 3, 30, 3, 10, 3]",18.57988304093568
"[30, 3, 21.372019831197697, 3, 10, 3, 30, 3, 30, 3, 10, 3, 10, 3, 10, 3, 30, 3, 25.542911896317506, 3, 10, 3, 10, 3, 10, 3, 30, 3, 10, 3]",15.654095516569175
"[30, 3, 15.799137544051325, 3, 10, 3, 30, 3, 30, 3, 10, 3, 10, 3, 10, 3, 30, 3, 24.862302246205918, 3, 10, 3, 10, 3, 10, 3, 30, 3, 10, 3]",15.519633528265123
"[30, 3, 13.486159642703651, 3, 10, 3, 30, 3, 30, 3, 10, 3, 10, 3, 10, 3, 30, 3, 26.715244837411888, 3, 10, 3, 10, 3, 10, 3, 30, 3, 10, 3]",14.738935672514602
"[30, 3, 10, 3, 10, 3, 30, 3, 30, 3, 10, 3, 10, 3, 10, 3, 30, 3, 20.610221702820233, 3, 10, 3, 10, 3, 10, 3, 30, 3, 10, 3]",15.592847953216408
"[30, 3, 14.758819664965698, 3, 10, 3, 30, 3, 30, 3, 10, 3, 10, 3, 10, 3, 30, 3, 10, 3, 10, 3, 10, 3, 10, 3, 30, 3, 10, 3]",18.312346978557525
"[30, 3, 11.669422498988169, 3, 10, 3, 30, 3, 30, 3, 10, 3, 10, 3, 10, 3, 30, 3, 24.311065590210305, 3, 10, 3, 10, 3, 10, 3, 30, 3, 10, 3]",16.587578947368417
"[30, 3, 15.868992579647772, 3, 10, 3, 30, 3, 30, 3, 10, 3, 10, 3, 10, 3, 30, 3, 24.843704967911087, 3, 10, 3, 10, 3, 10, 3, 30, 3, 10, 3]",16.2911851851852
"[30, 3, 12.804226951712563, 3, 10, 3, 30, 3, 30, 3, 10, 3, 10, 3, 10, 3, 30, 3, 21.49129284914272, 3, 10, 3, 10, 3, 10, 3, 30, 3, 10, 3]",15.51603313840157
"[30, 3, 14.51906538109862, 3, 10, 3, 30, 3, 30, 3, 10, 3, 10, 3, 10, 3, 30, 3, 22.888562678428553, 3, 10, 3, 10, 3, 10, 3, 30, 3, 10, 3]",16.6785419103314
"[30, 3, 10, 3, 10, 3, 30, 3, 30, 3, 10, 3, 10, 3, 10, 3, 30, 3, 13.670427362334754, 3, 10, 3, 10, 3, 10, 3, 30, 3, 10, 3]",16.175317738791417
"[30, 3, 14.928887194384092, 3, 10, 3, 30, 3, 30, 3, 10, 3, 10, 3, 10, 3, 30, 3, 10.771779808520199, 3, 10, 3, 10, 3, 10, 3, 30, 3, 10, 3]",15.283777777777727
"[30, 3, 10.043965678705423, 3, 10, 3, 30, 3, 30, 3, 10, 3, 10, 3, 10, 3, 30, 3, 26.015277277279054, 3, 10, 3, 10, 3, 10, 3, 30, 3, 10, 3]",16.646512670565283
"[30, 3, 10, 3, 10, 3, 30, 3, 30, 3, 10, 3, 10, 3, 10, 3, 30, 3, 22.262496047350957, 3, 10, 3, 10, 3, 10, 3, 30, 3, 10, 3]",14.851337231968841
"[30, 3, 10, 3, 10, 3, 30, 3, 30, 3, 10, 3, 10, 3, 10, 3, 30, 3, 24.669763032571986, 3, 10, 3, 10, 3, 10, 3, 30, 3, 10, 3]",17.7636881091618
"[30, 3, 10, 3, 10, 3, 30, 3, 30, 3, 10, 3, 10, 3, 10, 3, 30, 3, 21.371193244616588, 3, 10, 3, 10, 3, 10, 3, 30, 3, 10, 3]",14.710707602339204
"[30, 3, 14.23116455135913, 3, 10, 3, 30, 3, 30, 3, 10, 3, 10, 3, 10, 3, 30, 3, 10, 3, 10, 3, 10, 3, 10, 3, 30, 3, 10, 3]",16.666354775828502
"[30, 3, 10, 3, 10, 3, 30, 3, 30, 3, 10, 3, 10, 3, 10, 3, 30, 3, 22.790563535199492, 3, 10, 3, 10, 3, 10, 3, 30, 3, 10, 3]",17.097625730994125
"[30, 3, 10, 3, 10, 3, 30, 3, 30, 3, 10, 3, 10, 3, 10, 3, 30, 3, 25.35627229103759, 3, 10, 3, 10, 3, 10, 3, 30, 3, 10, 3]",18.58671345029236
"[30, 3, 15.641669631791789, 3, 10, 3, 30, 3, 30, 3, 10, 3, 10, 3, 10, 3, 30, 3, 14.440084699994973, 3, 10, 3, 10, 3, 10, 3, 30, 3, 10, 3]",16.37739181286549
"[30, 3, 14.299706698670208, 3, 10, 3, 30, 3, 30, 3, 10, 3, 10, 3, 10, 3, 30, 3, 23.43645738016899, 3, 10, 3, 10, 3, 10, 3, 30, 3, 10, 3]",18.04867056530211
"[30, 3, 21.372019831197697, 3, 10, 3, 30, 3, 30, 3, 10, 3, 10, 3, 10, 3, 30, 3, 25.542911896317506, 3, 10, 3, 10, 3, 10, 3, 30, 3, 10, 3]",16.922557504873332
"[30, 3, 15.799137544051325, 3, 10, 3, 30, 3, 30, 3, 10, 3, 10, 3, 10, 3, 30, 3, 24.862302246205918, 3, 10, 3, 10, 3, 10, 3, 30, 3, 10, 3]",17.54022417153996
"[30, 3, 13.486159642703651, 3, 10, 3, 30, 3, 30, 3, 10, 3, 10, 3, 10, 3, 30, 3, 26.715244837411888, 3, 10, 3, 10, 3, 10, 3, 30, 3, 10, 3]",17.168116959064335
"[30, 3, 10, 3, 10, 3, 30, 3, 30, 3, 10, 3, 10, 3, 10, 3, 30, 3, 20.610221702820233, 3, 10, 3, 10, 3, 10, 3, 30, 3, 10, 3]",17.634668615984413
"[30, 3, 14.758819664965698, 3, 10, 3, 30, 3, 30, 3, 10, 3, 10, 3, 10, 3, 30, 3, 10, 3, 10, 3, 10, 3, 10, 3, 30, 3, 10, 3]",16.943631578947333
"[30, 3, 11.669422498988169, 3, 10, 3, 30, 3, 30, 3, 10, 3, 10, 3, 10, 3, 30, 3, 24.311065590210305, 3, 10, 3, 10, 3, 10, 3, 30, 3, 10, 3]",16.747319688109187
"[30, 3, 15.868992579647772, 3, 10, 3, 30, 3, 30, 3, 10, 3, 10, 3, 10, 3, 30, 3, 24.843704967911087, 3, 10, 3, 10, 3, 10, 3, 30, 3, 10, 3]",16.21726120857701
"[30, 3, 12.804226951712563, 3, 10, 3, 30, 3, 30, 3, 10, 3, 10, 3, 10, 3, 30, 3, 21.49129284914272, 3, 10, 3, 10, 3, 10, 3, 30, 3, 10, 3]",16.256641325536094
"[30, 3, 14.51906538109862, 3, 10, 3, 30, 3, 30, 3, 10, 3, 10, 3, 10, 3, 30, 3, 22.888562678428553, 3, 10, 3, 10, 3, 10, 3, 30, 3, 10, 3]",16.60424756335284
"[30, 3, 10, 3, 10, 3, 30, 3, 30, 3, 10, 3, 10, 3, 10, 3, 30, 3, 13.670427362334754, 3, 10, 3, 10, 3, 10, 3, 30, 3, 10, 3]",16.09260818713454
"[30, 3, 14.928887194384092, 3, 10, 3, 30, 3, 30, 3, 10, 3, 10, 3, 10, 3, 30, 3, 10.771779808520199, 3, 10, 3, 10, 3, 10, 3, 30, 3, 10, 3]",16.777635477582844
"[30, 3, 10.043965678705423, 3, 10, 3, 30, 3, 30, 3, 10, 3, 10, 3, 10, 3, 30, 3, 26.015277277279054, 3, 10, 3, 10, 3, 10, 3, 30, 3, 10, 3]",16.455662768031193
"[30, 3, 10, 3, 10, 3, 30, 3, 30, 3, 10, 3, 10, 3, 10, 3, 30, 3, 22.262496047350957, 3, 10, 3, 10, 3, 10, 3, 30, 3, 10, 3]",14.275916179337223
"[30, 3, 10, 3, 10, 3, 30, 3, 30, 3, 10, 3, 10, 3, 10, 3, 30, 3, 24.669763032571986, 3, 10, 3, 10, 3, 10, 3, 30, 3, 10, 3]",16.431643274853815
"[30, 3, 10, 3, 10, 3, 30, 3, 30, 3, 10, 3, 10, 3, 10, 3, 30, 3, 21.371193244616588, 3, 10, 3, 10, 3, 10, 3, 30, 3, 10, 3]",15.849499025341109
"[30, 3, 14.23116455135913, 3, 10, 3, 30, 3, 30, 3, 10, 3, 10, 3, 10, 3, 30, 3, 10, 3, 10, 3, 10, 3, 10, 3, 30, 3, 10, 3]",14.99353021442496
"[30, 3, 10, 3, 10, 3, 30, 3, 30, 3, 10, 3, 10, 3, 10, 3, 30, 3, 22.790563535199492, 3, 10, 3, 10, 3, 10, 3, 30, 3, 10, 3]",16.631064327485376
"[30, 3, 10, 3, 10, 3, 30, 3, 30, 3, 10, 3, 10, 3, 10, 3, 30, 3, 25.35627229103759, 3, 10, 3, 10, 3, 10, 3, 30, 3, 10, 3]",17.967358674463934
"[30, 3, 15.641669631791789, 3, 10, 3, 30, 3, 30, 3, 10, 3, 10, 3, 10, 3, 30, 3, 14.440084699994973, 3, 10, 3, 10, 3, 10, 3, 30, 3, 10, 3]",17.16151461988308
"[30, 3, 14.299706698670208, 3, 10, 3, 30, 3, 30, 3, 10, 3, 10, 3, 10, 3, 30, 3, 23.43645738016899, 3, 10, 3, 10, 3, 10, 3, 30, 3, 10, 3]",16.817323586744667
"[30, 3, 21.372019831197697, 3, 10, 3, 30, 3, 30, 3, 10, 3, 10, 3, 10, 3, 30, 3, 25.542911896317506, 3, 10, 3, 10, 3, 10, 3, 30, 3, 10, 3]",15.605972709551654
"[30, 3, 15.799137544051325, 3, 10, 3, 30, 3, 30, 3, 10, 3, 10, 3, 10, 3, 30, 3, 24.862302246205918, 3, 10, 3, 10, 3, 10, 3, 30, 3, 10, 3]",15.499766081871346
"[30, 3, 13.486159642703651, 3, 10, 3, 30, 3, 30, 3, 10, 3, 10, 3, 10, 3, 30, 3, 26.715244837411888, 3, 10, 3, 10, 3, 10, 3, 30, 3, 10, 3]",16.424079922027275
"[30, 3, 10, 3, 10, 3, 30, 3, 30, 3, 10, 3, 10, 3, 10, 3, 30, 3, 20.610221702820233, 3, 10, 3, 10, 3, 10, 3, 30, 3, 10, 3]",16.85632163742691
"[30, 3, 14.758819664965698, 3, 10, 3, 30, 3, 30, 3, 10, 3, 10, 3, 10, 3, 30, 3, 10, 3, 10, 3, 10, 3, 10, 3, 30, 3, 10, 3]",16.926050682261206
"[30, 3, 11.669422498988169, 3, 10, 3, 30, 3, 30, 3, 10, 3, 10, 3, 10, 3, 30, 3, 24.311065590210305, 3, 10, 3, 10, 3, 10, 3, 30, 3, 10, 3]",15.742241715399617
"[30, 3, 15.868992579647772, 3, 10, 3, 30, 3, 30, 3, 10, 3, 10, 3, 10, 3, 30, 3, 24.843704967911087, 3, 10, 3, 10, 3, 10, 3, 30, 3, 10, 3]",15.008539961013675
"[30, 3, 12.804226951712563, 3, 10, 3, 30, 3, 30, 3, 10, 3, 10, 3, 10, 3, 30, 3, 21.49129284914272, 3, 10, 3, 10, 3, 10, 3, 30, 3, 10, 3]",15.063005847953246
"[30, 3, 14.51906538109862, 3, 10, 3, 30, 3, 30, 3, 10, 3, 10, 3, 10, 3, 30, 3, 22.888562678428553, 3, 10, 3, 10, 3, 10, 3, 30, 3, 10, 3]",16.14268226120858
"[30, 3, 10, 3, 10, 3, 30, 3, 30, 3, 10, 3, 10, 3, 10, 3, 30, 3, 13.670427362334754, 3, 10, 3, 10, 3, 10, 3, 30, 3, 10, 3]",17.888157894736842
"[30, 3, 14.928887194384092, 3, 10, 3, 30, 3, 30, 3, 10, 3, 10, 3, 10, 3, 30, 3, 10.771779808520199, 3, 10, 3, 10, 3, 10, 3, 30, 3, 10, 3]",17.450368421052637
"[30, 3, 10.043965678705423, 3, 10, 3, 30, 3, 30, 3, 10, 3, 10, 3, 10, 3, 30, 3, 26.015277277279054, 3, 10, 3, 10, 3, 10, 3, 30, 3, 10, 3]",14.961044834307977
"[30, 3, 10, 3, 10, 3, 30, 3, 30, 3, 10, 3, 10, 3, 10, 3, 30, 3, 22.262496047350957, 3, 10, 3, 10, 3, 10, 3, 30, 3, 10, 3]",14.461836257309972
"[30, 3, 10, 3, 10, 3, 30, 3, 30, 3, 10, 3, 10, 3, 10, 3, 30, 3, 24.669763032571986, 3, 10, 3, 10, 3, 10, 3, 30, 3, 10, 3]",17.493575048732943
"[30, 3, 10, 3, 10, 3, 30, 3, 30, 3, 10, 3, 10, 3, 10, 3, 30, 3, 21.371193244616588, 3, 10, 3, 10, 3, 10, 3, 30, 3, 10, 3]",16.406483430799234
"[30, 3, 14.23116455135913, 3, 10, 3, 30, 3, 30, 3, 10, 3, 10, 3, 10, 3, 30, 3, 10, 3, 10, 3, 10, 3, 10, 3, 30, 3, 10, 3]",16.63334113060428
"[30, 3, 10, 3, 10, 3, 30, 3, 30, 3, 10, 3, 10, 3, 10, 3, 30, 3, 22.790563535199492, 3, 10, 3, 10, 3, 10, 3, 30, 3, 10, 3]",15.72022417153999
"[30, 3, 10, 3, 10, 3, 30, 3, 30, 3, 10, 3, 10, 3, 10, 3, 30, 3, 25.35627229103759, 3, 10, 3, 10, 3, 10, 3, 30, 3, 10, 3]",15.998317738791455
"[30, 3, 15.641669631791789, 3, 10, 3, 30, 3, 30, 3, 10, 3, 10, 3, 10, 3, 30, 3, 14.440084699994973, 3, 10, 3, 10, 3, 10, 3, 30, 3, 10, 3]",16.702551656920097
"[30, 3, 14.299706698670208, 3, 10, 3, 30, 3, 30, 3, 10, 3, 10, 3, 10, 3, 30, 3, 23.43645738016899, 3, 10, 3, 10, 3, 10, 3, 30, 3, 10, 3]",17.06172709551657
"[30, 3, 21.372019831197697, 3, 10, 3, 30, 3, 30, 3, 10, 3, 10, 3, 10, 3, 30, 3, 25.542911896317506, 3, 10, 3, 10, 3, 10, 3, 30, 3, 10, 3]",16.01301169590639
"[30, 3, 15.799137544051325, 3, 10, 3, 30, 3, 30, 3, 10, 3, 10, 3, 10, 3, 30, 3, 24.862302246205918, 3, 10, 3, 10, 3, 10, 3, 30, 3, 10, 3]",17.047660818713435
"[30, 3, 13.486159642703651, 3, 10, 3, 30, 3, 30, 3, 10, 3, 10, 3, 10, 3, 30, 3, 26.715244837411888, 3, 10, 3, 10, 3, 10, 3, 30, 3, 10, 3]",15.527734892787544
"[30, 3, 10, 3, 10, 3, 30, 3, 30, 3, 10, 3, 10, 3, 10, 3, 30, 3, 20.610221702820233, 3, 10, 3, 10, 3, 10, 3, 30, 3, 10, 3]",15.917941520467883
"[30, 3, 14.758819664965698, 3, 10, 3, 30, 3, 30, 3, 10, 3, 10, 3, 10, 3, 30, 3, 10, 3, 10, 3, 10, 3, 10, 3, 30, 3, 10, 3]",15.002424951267084
"[30, 3, 11.669422498988169, 3, 10, 3, 30, 3, 30, 3, 10, 3, 10, 3, 10, 3, 30, 3, 24.311065590210305, 3, 10, 3, 10, 3, 10, 3, 30, 3, 10, 3]",16.985561403508786
"[30, 3, 15.868992579647772, 3, 10, 3, 30, 3, 30, 3, 10, 3, 10, 3, 10, 3, 30, 3, 24.843704967911087, 3, 10, 3, 10, 3, 10, 3, 30, 3, 10, 3]",15.162356725146216
"[30, 3, 12.804226951712563, 3, 10, 3, 30, 3, 30, 3, 10, 3, 10, 3, 10, 3, 30, 3, 21.49129284914272, 3, 10, 3, 10, 3, 10, 3, 30, 3, 10, 3]",16.658539961013677
"[30, 3, 14.51906538109862, 3, 10, 3, 30, 3, 30, 3, 10, 3, 10, 3, 10, 3, 30, 3, 22.888562678428553, 3, 10, 3, 10, 3, 10, 3, 30, 3, 10, 3]",16.993284600389867
"[30, 3, 10, 3, 10, 3, 30, 3, 30, 3, 10, 3, 10, 3, 10, 3, 30, 3, 13.670427362334754, 3, 10, 3, 10, 3, 10, 3, 30, 3, 10, 3]",15.798896686159843
"[30, 3, 14.928887194384092, 3, 10, 3, 30, 3, 30, 3, 10, 3, 10, 3, 10, 3, 30, 3, 10.771779808520199, 3, 10, 3, 10, 3, 10, 3, 30, 3, 10, 3]",16.751360623781668
"[30, 3, 10.043965678705423, 3, 10, 3, 30, 3, 30, 3, 10, 3, 10, 3, 10, 3, 30, 3, 26.015277277279054, 3, 10, 3, 10, 3, 10, 3, 30, 3, 10, 3]",14.198504873294358
"[30, 3, 10, 3, 10, 3, 30, 3, 30, 3, 10, 3, 10, 3, 10, 3, 30, 3, 22.262496047350957, 3, 10, 3, 10, 3, 10, 3, 30, 3, 10, 3]",15.06433333333329
"[30, 3, 10, 3, 10, 3, 30, 3, 30, 3, 10, 3, 10, 3, 10, 3, 30, 3, 24.669763032571986, 3, 10, 3, 10, 3, 10, 3, 30, 3, 10, 3]",16.35638986354776
"[30, 3, 10, 3, 10, 3, 30, 3, 30, 3, 10, 3, 10, 3, 10, 3, 30, 3, 21.371193244616588, 3, 10, 3, 10, 3, 10, 3, 30, 3, 10, 3]",14.91823196881091
"[30, 3, 14.23116455135913, 3, 10, 3, 30, 3, 30, 3, 10, 3, 10, 3, 10, 3, 30, 3, 10, 3, 10, 3, 10, 3, 10, 3, 30, 3, 10, 3]",16.576345029239818
"[30, 3, 10, 3, 10, 3, 30, 3, 30, 3, 10, 3, 10, 3, 10, 3, 30, 3, 22.790563535199492, 3, 10, 3, 10, 3, 10, 3, 30, 3, 10, 3]",17.353346978557493
"[30, 3, 10, 3, 10, 3, 30, 3, 30, 3, 10, 3, 10, 3, 10, 3, 30, 3, 25.35627229103759, 3, 10, 3, 10, 3, 10, 3, 30, 3, 10, 3]",15.93681286549708
"[30, 3, 15.641669631791789, 3, 10, 3, 30, 3, 30, 3, 10, 3, 10, 3, 10, 3, 30, 3, 14.440084699994973, 3, 10, 3, 10, 3, 10, 3, 30, 3, 10, 3]",16.59417543859652
"[30, 3, 14.299706698670208, 3, 10, 3, 30, 3, 30, 3, 10, 3, 10, 3, 10, 3, 30, 3, 23.43645738016899, 3, 10, 3, 10, 3, 10, 3, 30, 3, 10, 3]",15.025265107212467
"[30, 3, 21.372019831197697, 3, 10, 3, 30, 3, 30, 3, 10, 3, 10, 3, 10, 3, 30, 3, 25.542911896317506, 3, 10, 3, 10, 3, 10, 3, 30, 3, 10, 3]",14.676688109161791
"[30, 3, 15.799137544051325, 3, 10, 3, 30, 3, 30, 3, 10, 3, 10, 3, 10, 3, 30, 3, 24.862302246205918, 3, 10, 3, 10, 3, 10, 3, 30, 3, 10, 3]",15.75788888888894
"[30, 3, 13.486159642703651, 3, 10, 3, 30, 3, 30, 3, 10, 3, 10, 3, 10, 3, 30, 3, 26.715244837411888, 3, 10, 3, 10, 3, 10, 3, 30, 3, 10, 3]",17.507725146198844
"[30, 3, 10, 3, 10, 3, 30, 3, 30, 3, 10, 3, 10, 3, 10, 3, 30, 3, 20.610221702820233, 3, 10, 3, 10, 3, 10, 3, 30, 3, 10, 3]",17.093647173489252
"[30, 3, 14.758819664965698, 3, 10, 3, 30, 3, 30, 3, 10, 3, 10, 3, 10, 3, 30, 3, 10, 3, 10, 3, 10, 3, 10, 3, 30, 3, 10, 3]",16.656296296296336
"[30, 3, 11.669422498988169, 3, 10, 3, 30, 3, 30, 3, 10, 3, 10, 3, 10, 3, 30, 3, 24.311065590210305, 3, 10, 3, 10, 3, 10, 3, 30, 3, 10, 3]",15.666867446393782
"[30, 3, 15.868992579647772, 3, 10, 3, 30, 3, 30, 3, 10, 3, 10, 3, 10, 3, 30, 3, 24.843704967911087, 3, 10, 3, 10, 3, 10, 3, 30, 3, 10, 3]",17.225779727095503
"[30, 3, 12.804226951712563, 3, 10, 3, 30, 3, 30, 3, 10, 3, 10, 3, 10, 3, 30, 3, 21.49129284914272, 3, 10, 3, 10, 3, 10, 3, 30, 3, 10, 3]",15.080046783625745
"[30, 3, 14.51906538109862, 3, 10, 3, 30, 3, 30, 3, 10, 3, 10, 3, 10, 3, 30, 3, 22.888562678428553, 3, 10, 3, 10, 3, 10, 3, 30, 3, 10, 3]",15.447025341130583
"[30, 3, 10, 3, 10, 3, 30, 3, 30, 3, 10, 3, 10, 3, 10, 3, 30, 3, 13.670427362334754, 3, 10, 3, 10, 3, 10, 3, 30, 3, 10, 3]",18.63028849902535
"[30, 3, 14.928887194384092, 3, 10, 3, 30, 3, 30, 3, 10, 3, 10, 3, 10, 3, 30, 3, 10.771779808520199, 3, 10, 3, 10, 3, 10, 3, 30, 3, 10, 3]",16.444725146198838
"[30, 3, 10.043965678705423, 3, 10, 3, 30, 3, 30, 3, 10, 3, 10, 3, 10, 3, 30, 3, 26.015277277279054, 3, 10, 3, 10, 3, 10, 3, 30, 3, 10, 3]",17.492557504873268
"[30, 3, 10, 3, 10, 3, 30, 3, 30, 3, 10, 3, 10, 3, 10, 3, 30, 3, 22.262496047350957, 3, 10, 3, 10, 3, 10, 3, 30, 3, 10, 3]",14.619395711501024
"[30, 3, 10, 3, 10, 3, 30, 3, 30, 3, 10, 3, 10, 3, 10, 3, 30, 3, 24.669763032571986, 3, 10, 3, 10, 3, 10, 3, 30, 3, 10, 3]",16.225163742690068
"[30, 3, 10, 3, 10, 3, 30, 3, 30, 3, 10, 3, 10, 3, 10, 3, 30, 3, 21.371193244616588, 3, 10, 3, 10, 3, 10, 3, 30, 3, 10, 3]",15.706617933723187
"[30, 3, 14.23116455135913, 3, 10, 3, 30, 3, 30, 3, 10, 3, 10, 3, 10, 3, 30, 3, 10, 3, 10, 3, 10, 3, 10, 3, 30, 3, 10, 3]",15.280325536062364
"[30, 3, 10, 3, 10, 3, 30, 3, 30, 3, 10, 3, 10, 3, 10, 3, 30, 3, 22.790563535199492, 3, 10, 3, 10, 3, 10, 3, 30, 3, 10, 3]",17.68281676413257
"[30, 3, 10, 3, 10, 3, 30, 3, 30, 3, 10, 3, 10, 3, 10, 3, 30, 3, 25.35627229103759, 3, 10, 3, 10, 3, 10, 3, 30, 3, 10, 3]",15.866598440545802
"[30, 3, 15.641669631791789, 3, 10, 3, 30, 3, 30, 3, 10, 3, 10, 3, 10, 3, 30, 3, 14.440084699994973, 3, 10, 3, 10, 3, 10, 3, 30, 3, 10, 3]",17.564411306042878
"[30, 3, 14.299706698670208, 3, 10, 3, 30, 3, 30, 3, 10, 3, 10, 3, 10, 3, 30, 3, 23.43645738016899, 3, 10, 3, 10, 3, 10, 3, 30, 3, 10, 3]",16.26740740740743
"[30, 3, 21.372019831197697, 3, 10, 3, 30, 3, 30, 3, 10, 3, 10, 3, 10, 3, 30, 3, 25.542911896317506, 3, 10, 3, 10, 3, 10, 3, 30, 3, 10, 3]",16.077136452241678
"[30, 3, 15.799137544051325, 3, 10, 3, 30, 3, 30, 3, 10, 3, 10, 3, 10, 3, 30, 3, 24.862302246205918, 3, 10, 3, 10, 3, 10, 3, 30, 3, 10, 3]",15.562471734892794
"[30, 3, 13.486159642703651, 3, 10, 3, 30, 3, 30, 3, 10, 3, 10, 3, 10, 3, 30, 3, 26.715244837411888, 3, 10, 3, 10, 3, 10, 3, 30, 3, 10, 3]",14.77918323586744
"[30, 3, 10, 3, 10, 3, 30, 3, 30, 3, 10, 3, 10, 3, 10, 3, 30, 3, 20.610221702820233, 3, 10, 3, 10, 3, 10, 3, 30, 3, 10, 3]",15.679709551656932
"[30, 3, 14.758819664965698, 3, 10, 3, 30, 3, 30, 3, 10, 3, 10, 3, 10, 3, 30, 3, 10, 3, 10, 3, 10, 3, 10, 3, 30, 3, 10, 3]",15.955274853801189
"[30, 3, 11.669422498988169, 3, 10, 3, 30, 3, 30, 3, 10, 3, 10, 3, 10, 3, 30, 3, 24.311065590210305, 3, 10, 3, 10, 3, 10, 3, 30, 3, 10, 3]",14.800115009746632
"[30, 3, 15.868992579647772, 3, 10, 3, 30, 3, 30, 3, 10, 3, 10, 3, 10, 3, 30, 3, 24.843704967911087, 3, 10, 3, 10, 3, 10, 3, 30, 3, 10, 3]",16.51472514619883
"[30, 3, 12.804226951712563, 3, 10, 3, 30, 3, 30, 3, 10, 3, 10, 3, 10, 3, 30, 3, 21.49129284914272, 3, 10, 3, 10, 3, 10, 3, 30, 3, 10, 3]",15.6771247563353
"[30, 3, 14.51906538109862, 3, 10, 3, 30, 3, 30, 3, 10, 3, 10, 3, 10, 3, 30, 3, 22.888562678428553, 3, 10, 3, 10, 3, 10, 3, 30, 3, 10, 3]",17.28868421052626
"[30, 3, 10, 3, 10, 3, 30, 3, 30, 3, 10, 3, 10, 3, 10, 3, 30, 3, 13.670427362334754, 3, 10, 3, 10, 3, 10, 3, 30, 3, 10, 3]",17.043801169590658
"[30, 3, 14.928887194384092, 3, 10, 3, 30, 3, 30, 3, 10, 3, 10, 3, 10, 3, 30, 3, 10.771779808520199, 3, 10, 3, 10, 3, 10, 3, 30, 3, 10, 3]",15.476853801169577
"[30, 3, 10.043965678705423, 3, 10, 3, 30, 3, 30, 3, 10, 3, 10, 3, 10, 3, 30, 3, 26.015277277279054, 3, 10, 3, 10, 3, 10, 3, 30, 3, 10, 3]",16.38342690058479
"[30, 3, 10, 3, 10, 3, 30, 3, 30, 3, 10, 3, 10, 3, 10, 3, 30, 3, 22.262496047350957, 3, 10, 3, 10, 3, 10, 3, 30, 3, 10, 3]",16.108284600389897
"[30, 3, 10, 3, 10, 3, 30, 3, 30, 3, 10, 3, 10, 3, 10, 3, 30, 3, 24.669763032571986, 3, 10, 3, 10, 3, 10, 3, 30, 3, 10, 3]",14.306042884990271
"[30, 3, 10, 3, 10, 3, 30, 3, 30, 3, 10, 3, 10, 3, 10, 3, 30, 3, 21.371193244616588, 3, 10, 3, 10, 3, 10, 3, 30, 3, 10, 3]",13.72379922027292
"[30, 3, 14.23116455135913, 3, 10, 3, 30, 3, 30, 3, 10, 3, 10, 3, 10, 3, 30, 3, 10, 3, 10, 3, 10, 3, 10, 3, 30, 3, 10, 3]",15.470220272904488
"[30, 3, 10, 3, 10, 3, 30, 3, 30, 3, 10, 3, 10, 3, 10, 3, 30, 3, 22.790563535199492, 3, 10, 3, 10, 3, 10, 3, 30, 3, 10, 3]",16.40047953216374
"[30, 3, 10, 3, 10, 3, 30, 3, 30, 3, 10, 3, 10, 3, 10, 3, 30, 3, 25.35627229103759, 3, 10, 3, 10, 3, 10, 3, 30, 3, 10, 3]",16.94992787524366
"[30, 3, 15.641669631791789, 3, 10, 3, 30, 3, 30, 3, 10, 3, 10, 3, 10, 3, 30, 3, 14.440084699994973, 3, 10, 3, 10, 3, 10, 3, 30, 3, 10, 3]",16.077867446393753
"[30, 3, 14.299706698670208, 3, 10, 3, 30, 3, 30, 3, 10, 3, 10, 3, 10, 3, 30, 3, 23.43645738016899, 3, 10, 3, 10, 3, 10, 3, 30, 3, 10, 3]",17.358448343079836
"[30, 3, 21.372019831197697, 3, 10, 3, 30, 3, 30, 3, 10, 3, 10, 3, 10, 3, 30, 3, 25.542911896317506, 3, 10, 3, 10, 3, 10, 3, 30, 3, 10, 3]",16.096089668615985
"[30, 3, 15.799137544051325, 3, 10, 3, 30, 3, 30, 3, 10, 3, 10, 3, 10, 3, 30, 3, 24.862302246205918, 3, 10, 3, 10, 3, 10, 3, 30, 3, 10, 3]",19.222797270955198
"[30, 3, 13.486159642703651, 3, 10, 3, 30, 3, 30, 3, 10, 3, 10, 3, 10, 3, 30, 3, 26.715244837411888, 3, 10, 3, 10, 3, 10, 3, 30, 3, 10, 3]",17.628366471734864
"[30, 3, 10, 3, 10, 3, 30, 3, 30, 3, 10, 3, 10, 3, 10, 3, 30, 3, 20.610221702820233, 3, 10, 3, 10, 3, 10, 3, 30, 3, 10, 3]",16.007138401559438
"[30, 3, 14.758819664965698, 3, 10, 3, 30, 3, 30, 3, 10, 3, 10, 3, 10, 3, 30, 3, 10, 3, 10, 3, 10, 3, 10, 3, 30, 3, 10, 3]",16.25498830409356
"[30, 3, 11.669422498988169, 3, 10, 3, 30, 3, 30, 3, 10, 3, 10, 3, 10, 3, 30, 3, 24.311065590210305, 3, 10, 3, 10, 3, 10, 3, 30, 3, 10, 3]",16.524191033138383
"[30, 3, 15.868992579647772, 3, 10, 3, 30, 3, 30, 3, 10, 3, 10, 3, 10, 3, 30, 3, 24.843704967911087, 3, 10, 3, 10, 3, 10, 3, 30, 3, 10, 3]",15.53649317738791
"[30, 3, 12.804226951712563, 3, 10, 3, 30, 3, 30, 3, 10, 3, 10, 3, 10, 3, 30, 3, 21.49129284914272, 3, 10, 3, 10, 3, 10, 3, 30, 3, 10, 3]",15.261206627680297
"[30, 3, 14.51906538109862, 3, 10, 3, 30, 3, 30, 3, 10, 3, 10, 3, 10, 3, 30, 3, 22.888562678428553, 3, 10, 3, 10, 3, 10, 3, 30, 3, 10, 3]",16.36221442495129
"[30, 3, 10, 3, 10, 3, 30, 3, 30, 3, 10, 3, 10, 3, 10, 3, 30, 3, 13.670427362334754, 3, 10, 3, 10, 3, 10, 3, 30, 3, 10, 3]",16.026228070175453
"[30, 3, 14.928887194384092, 3, 10, 3, 30, 3, 30, 3, 10, 3, 10, 3, 10, 3, 30, 3, 10.771779808520199, 3, 10, 3, 10, 3, 10, 3, 30, 3, 10, 3]",17.275504873294313
"[30, 3, 10.043965678705423, 3, 10, 3, 30, 3, 30, 3, 10, 3, 10, 3, 10, 3, 30, 3, 26.015277277279054, 3, 10, 3, 10, 3, 10, 3, 30, 3, 10, 3]",17.025473684210528
"[30, 3, 10, 3, 10, 3, 30, 3, 30, 3, 10, 3, 10, 3, 10, 3, 30, 3, 22.262496047350957, 3, 10, 3, 10, 3, 10, 3, 30, 3, 10, 3]",15.312286549707606
"[30, 3, 10, 3, 10, 3, 30, 3, 30, 3, 10, 3, 10, 3, 10, 3, 30, 3, 24.669763032571986, 3, 10, 3, 10, 3, 10, 3, 30, 3, 10, 3]",17.106356725146227
"[30, 3, 10, 3, 10, 3, 30, 3, 30, 3, 10, 3, 10, 3, 10, 3, 30, 3, 21.371193244616588, 3, 10, 3, 10, 3, 10, 3, 30, 3, 10, 3]",16.004319688109135
"[30, 3, 14.23116455135913, 3, 10, 3, 30, 3, 30, 3, 10, 3, 10, 3, 10, 3, 30, 3, 10, 3, 10, 3, 10, 3, 10, 3, 30, 3, 10, 3]",17.260807017543872
"[30, 3, 10, 3, 10, 3, 30, 3, 30, 3, 10, 3, 10, 3, 10, 3, 30, 3, 22.790563535199492, 3, 10, 3, 10, 3, 10, 3, 30, 3, 10, 3]",16.04479337231967
"[30, 3, 10, 3, 10, 3, 30, 3, 30, 3, 10, 3, 10, 3, 10, 3, 30, 3, 25.35627229103759, 3, 10, 3, 10, 3, 10, 3, 30, 3, 10, 3]",16.323865497076024
"[30, 3, 15.641669631791789, 3, 10, 3, 30, 3, 30, 3, 10, 3, 10, 3, 10, 3, 30, 3, 14.440084699994973, 3, 10, 3, 10, 3, 10, 3, 30, 3, 10, 3]",17.817013645224183
"[30, 3, 14.299706698670208, 3, 10, 3, 30, 3, 30, 3, 10, 3, 10, 3, 10, 3, 30, 3, 23.43645738016899, 3, 10, 3, 10, 3, 10, 3, 30, 3, 10, 3]",16.084481481481497
"[30, 3, 21.372019831197697, 3, 10, 3, 30, 3, 30, 3, 10, 3, 10, 3, 10, 3, 30, 3, 25.542911896317506, 3, 10, 3, 10, 3, 10, 3, 30, 3, 10, 3]",15.3320701754386
"[30, 3, 15.799137544051325, 3, 10, 3, 30, 3, 30, 3, 10, 3, 10, 3, 10, 3, 30, 3, 24.862302246205918, 3, 10, 3, 10, 3, 10, 3, 30, 3, 10, 3]",15.481736842105294
"[30, 3, 13.486159642703651, 3, 10, 3, 30, 3, 30, 3, 10, 3, 10, 3, 10, 3, 30, 3, 26.715244837411888, 3, 10, 3, 10, 3, 10, 3, 30, 3, 10, 3]",16.243393762183228
"[30, 3, 10, 3, 10, 3, 30, 3, 30, 3, 10, 3, 10, 3, 10, 3, 30, 3, 20.610221702820233, 3, 10, 3, 10, 3, 10, 3, 30, 3, 10, 3]",14.89474074074075
"[30, 3, 14.758819664965698, 3, 10, 3, 30, 3, 30, 3, 10, 3, 10, 3, 10, 3, 30, 3, 10, 3, 10, 3, 10, 3, 10, 3, 30, 3, 10, 3]",17.222491228070183
"[30, 3, 11.669422498988169, 3, 10, 3, 30, 3, 30, 3, 10, 3, 10, 3, 10, 3, 30, 3, 24.311065590210305, 3, 10, 3, 10, 3, 10, 3, 30, 3, 10, 3]",15.146027290448314
"[30, 3, 15.868992579647772, 3, 10, 3, 30, 3, 30, 3, 10, 3, 10, 3, 10, 3, 30, 3, 24.843704967911087, 3, 10, 3, 10, 3, 10, 3, 30, 3, 10, 3]",17.16502923976607
"[30, 3, 12.804226951712563, 3, 10, 3, 30, 3, 30, 3, 10, 3, 10, 3, 10, 3, 30, 3, 21.49129284914272, 3, 10, 3, 10, 3, 10, 3, 30, 3, 10, 3]",17.171292397660835
"[30, 3, 14.51906538109862, 3, 10, 3, 30, 3, 30, 3, 10, 3, 10, 3, 10, 3, 30, 3, 22.888562678428553, 3, 10, 3, 10, 3, 10, 3, 30, 3, 10, 3]",16.02500584795327
"[30, 3, 10, 3, 10, 3, 30, 3, 30, 3, 10, 3, 10, 3, 10, 3, 30, 3, 13.670427362334754, 3, 10, 3, 10, 3, 10, 3, 30, 3, 10, 3]",16.155066276803158
"[30, 3, 14.928887194384092, 3, 10, 3, 30, 3, 30, 3, 10, 3, 10, 3, 10, 3, 30, 3, 10.771779808520199, 3, 10, 3, 10, 3, 10, 3, 30, 3, 10, 3]",14.72679922027289
"[30, 3, 10.043965678705423, 3, 10, 3, 30, 3, 30, 3, 10, 3, 10, 3, 10, 3, 30, 3, 26.015277277279054, 3, 10, 3, 10, 3, 10, 3, 30, 3, 10, 3]",17.988237816764162
"[30, 3, 10, 3, 10, 3, 30, 3, 30, 3, 10, 3, 10, 3, 10, 3, 30, 3, 22.262496047350957, 3, 10, 3, 10, 3, 10, 3, 30, 3, 10, 3]",16.196204678362545
"[30, 3, 10, 3, 10, 3, 30, 3, 30, 3, 10, 3, 10, 3, 10, 3, 30, 3, 24.669763032571986, 3, 10, 3, 10, 3, 10, 3, 30, 3, 10, 3]",15.81506432748537
"[30, 3, 10, 3, 10, 3, 30, 3, 30, 3, 10, 3, 10, 3, 10, 3, 30, 3, 21.371193244616588, 3, 10, 3, 10, 3, 10, 3, 30, 3, 10, 3]",17.805475633528268
"[30, 3, 14.23116455135913, 3, 10, 3, 30, 3, 30, 3, 10, 3, 10, 3, 10, 3, 30, 3, 10, 3, 10, 3, 10, 3, 10, 3, 30, 3, 10, 3]",16.338173489278727
"[30, 3, 10, 3, 10, 3, 30, 3, 30, 3, 10, 3, 10, 3, 10, 3, 30, 3, 22.790563535199492, 3, 10, 3, 10, 3, 10, 3, 30, 3, 10, 3]",17.879799220272954
"[30, 3, 10, 3, 10, 3, 30, 3, 30, 3, 10, 3, 10, 3, 10, 3, 30, 3, 25.35627229103759, 3, 10, 3, 10, 3, 10, 3, 30, 3, 10, 3]",15.400419103313823
"[30, 3, 15.641669631791789, 3, 10, 3, 30, 3, 30, 3, 10, 3, 10, 3, 10, 3, 30, 3, 14.440084699994973, 3, 10, 3, 10, 3, 10, 3, 30, 3, 10, 3]",14.797493177387913
"[30, 3, 14.299706698670208, 3, 10, 3, 30, 3, 30, 3, 10, 3, 10, 3, 10, 3, 30, 3, 23.43645738016899, 3, 10, 3, 10, 3, 10, 3, 30, 3, 10, 3]",14.34092007797272
"[30, 3, 21.372019831197697, 3, 10, 3, 30, 3, 30, 3, 10, 3, 10, 3, 10, 3, 30, 3, 25.542911896317506, 3, 10, 3, 10, 3, 10, 3, 30, 3, 10, 3]",15.790721247563324
"[30, 3, 15.799137544051325, 3, 10, 3, 30, 3, 30, 3, 10, 3, 10, 3, 10, 3, 30, 3, 24.862302246205918, 3, 10, 3, 10, 3, 10, 3, 30, 3, 10, 3]",16.390729044834288
"[30, 3, 13.486159642703651, 3, 10, 3, 30, 3, 30, 3, 10, 3, 10, 3, 10, 3, 30, 3, 26.715244837411888, 3, 10, 3, 10, 3, 10, 3, 30, 3, 10, 3]",15.298218323586699
"[30, 3, 10, 3, 10, 3, 30, 3, 30, 3, 10, 3, 10, 3, 10, 3, 30, 3, 20.610221702820233, 3, 10, 3, 10, 3, 10, 3, 30, 3, 10, 3]",17.07289083820664
"[30, 3, 14.758819664965698, 3, 10, 3, 30, 3, 30, 3, 10, 3, 10, 3, 10, 3, 30, 3, 10, 3, 10, 3, 10, 3, 10, 3, 30, 3, 10, 3]",15.5965477582846
"[30, 3, 11.669422498988169, 3, 10, 3, 30, 3, 30, 3, 10, 3, 10, 3, 10, 3, 30, 3, 24.311065590210305, 3, 10, 3, 10, 3, 10, 3, 30, 3, 10, 3]",16.850311890838213
"[30, 3, 15.868992579647772, 3, 10, 3, 30, 3, 30, 3, 10, 3, 10, 3, 10, 3, 30, 3, 24.843704967911087, 3, 10, 3, 10, 3, 10, 3, 30, 3, 10, 3]",14.974627680311903
"[30, 3, 12.804226951712563, 3, 10, 3, 30, 3, 30, 3, 10, 3, 10, 3, 10, 3, 30, 3, 21.49129284914272, 3, 10, 3, 10, 3, 10, 3, 30, 3, 10, 3]",16.33654970760234
"[30, 3, 14.51906538109862, 3, 10, 3, 30, 3, 30, 3, 10, 3, 10, 3, 10, 3, 30, 3, 22.888562678428553, 3, 10, 3, 10, 3, 10, 3, 30, 3, 10, 3]",17.054461988304112
"[30, 3, 10, 3, 10, 3, 30, 3, 30, 3, 10, 3, 10, 3, 10, 3, 30, 3, 13.670427362334754, 3, 10, 3, 10, 3, 10, 3, 30, 3, 10, 3]",16.20569785575047
"[30, 3, 14.928887194384092, 3, 10, 3, 30, 3, 30, 3, 10, 3, 10, 3, 10, 3, 30, 3, 10.771779808520199, 3, 10, 3, 10, 3, 10, 3, 30, 3, 10, 3]",14.741284600389882
"[30, 3, 10.043965678705423, 3, 10, 3, 30, 3, 30, 3, 10, 3, 10, 3, 10, 3, 30, 3, 26.015277277279054, 3, 10, 3, 10, 3, 10, 3, 30, 3, 10, 3]",15.699723196881095
"[30, 3, 10, 3, 10, 3, 30, 3, 30, 3, 10, 3, 10, 3, 10, 3, 30, 3, 22.262496047350957, 3, 10, 3, 10, 3, 10, 3, 30, 3, 10, 3]",17.662777777777727
"[30, 3, 10, 3, 10, 3, 30, 3, 30, 3, 10, 3, 10, 3, 10, 3, 30, 3, 24.669763032571986, 3, 10, 3, 10, 3, 10, 3, 30, 3, 10, 3]",15.610198830409352
"[30, 3, 10, 3, 10, 3, 30, 3, 30, 3, 10, 3, 10, 3, 10, 3, 30, 3, 21.371193244616588, 3, 10, 3, 10, 3, 10, 3, 30, 3, 10, 3]",16.808288499025352
"[30, 3, 14.23116455135913, 3, 10, 3, 30, 3, 30, 3, 10, 3, 10, 3, 10, 3, 30, 3, 10, 3, 10, 3, 10, 3, 10, 3, 30, 3, 10, 3]",15.430684210526326
"[30, 3, 10, 3, 10, 3, 30, 3, 30, 3, 10, 3, 10, 3, 10, 3, 30, 3, 22.790563535199492, 3, 10, 3, 10, 3, 10, 3, 30, 3, 10, 3]",15.763730994152072
"[30, 3, 10, 3, 10, 3, 30, 3, 30, 3, 10, 3, 10, 3, 10, 3, 30, 3, 25.35627229103759, 3, 10, 3, 10, 3, 10, 3, 30, 3, 10, 3]",15.370543859649104
"[30, 3, 15.641669631791789, 3, 10, 3, 30, 3, 30, 3, 10, 3, 10, 3, 10, 3, 30, 3, 14.440084699994973, 3, 10, 3, 10, 3, 10, 3, 30, 3, 10, 3]",16.090380116959107
"[30, 3, 14.299706698670208, 3, 10, 3, 30, 3, 30, 3, 10, 3, 10, 3, 10, 3, 30, 3, 23.43645738016899, 3, 10, 3, 10, 3, 10, 3, 30, 3, 10, 3]",17.021732943469765
"[30, 3, 21.372019831197697, 3, 10, 3, 30, 3, 30, 3, 10, 3, 10, 3, 10, 3, 30, 3, 25.542911896317506, 3, 10, 3, 10, 3, 10, 3, 30, 3, 10, 3]",18.260335282651077
"[30, 3, 15.799137544051325, 3, 10, 3, 30, 3, 30, 3, 10, 3, 10, 3, 10, 3, 30, 3, 24.862302246205918, 3, 10, 3, 10, 3, 10, 3, 30, 3, 10, 3]",16.420243664717294
"[30, 3, 13.486159642703651, 3, 10, 3, 30, 3, 30, 3, 10, 3, 10, 3, 10, 3, 30, 3, 26.715244837411888, 3, 10, 3, 10, 3, 10, 3, 30, 3, 10, 3]",17.0634483430799
"[30, 3, 10, 3, 10, 3, 30, 3, 30, 3, 10, 3, 10, 3, 10, 3, 30, 3, 20.610221702820233, 3, 10, 3, 10, 3, 10, 3, 30, 3, 10, 3]",18.147126705652983
"[30, 3, 14.758819664965698, 3, 10, 3, 30, 3, 30, 3, 10, 3, 10, 3, 10, 3, 30, 3, 10, 3, 10, 3, 10, 3, 10, 3, 30, 3, 10, 3]",17.1370389863548
"[30, 3, 11.669422498988169, 3, 10, 3, 30, 3, 30, 3, 10, 3, 10, 3, 10, 3, 30, 3, 24.311065590210305, 3, 10, 3, 10, 3, 10, 3, 30, 3, 10, 3]",17.091467836257294
"[30, 3, 15.868992579647772, 3, 10, 3, 30, 3, 30, 3, 10, 3, 10, 3, 10, 3, 30, 3, 24.843704967911087, 3, 10, 3, 10, 3, 10, 3, 30, 3, 10, 3]",14.951662768031191
"[30, 3, 12.804226951712563, 3, 10, 3, 30, 3, 30, 3, 10, 3, 10, 3, 10, 3, 30, 3, 21.49129284914272, 3, 10, 3, 10, 3, 10, 3, 30, 3, 10, 3]",16.51803313840153
"[30, 3, 14.51906538109862, 3, 10, 3, 30, 3, 30, 3, 10, 3, 10, 3, 10, 3, 30, 3, 22.888562678428553, 3, 10, 3, 10, 3, 10, 3, 30, 3, 10, 3]",17.000469785575074
"[30, 3, 10, 3, 10, 3, 30, 3, 30, 3, 10, 3, 10, 3, 10, 3, 30, 3, 13.670427362334754, 3, 10, 3, 10, 3, 10, 3, 30, 3, 10, 3]",17.72254385964907
"[30, 3, 14.928887194384092, 3, 10, 3, 30, 3, 30, 3, 10, 3, 10, 3, 10, 3, 30, 3, 10.771779808520199, 3, 10, 3, 10, 3, 10, 3, 30, 3, 10, 3]",17.41406042884987
"[30, 3, 10.043965678705423, 3, 10, 3, 30, 3, 30, 3, 10, 3, 10, 3, 10, 3, 30, 3, 26.015277277279054, 3, 10, 3, 10, 3, 10, 3, 30, 3, 10, 3]",14.485198830409347
"[30, 3, 10, 3, 10, 3, 30, 3, 30, 3, 10, 3, 10, 3, 10, 3, 30, 3, 22.262496047350957, 3, 10, 3, 10, 3, 10, 3, 30, 3, 10, 3]",16.947890838206675
"[30, 3, 10, 3, 10, 3, 30, 3, 30, 3, 10, 3, 10, 3, 10, 3, 30, 3, 24.669763032571986, 3, 10, 3, 10, 3, 10, 3, 30, 3, 10, 3]",16.60176803118905
"[30, 3, 10, 3, 10, 3, 30, 3, 30, 3, 10, 3, 10, 3, 10, 3, 30, 3, 21.371193244616588, 3, 10, 3, 10, 3, 10, 3, 30, 3, 10, 3]",16.521510721247584
"[30, 3, 14.23116455135913, 3, 10, 3, 30, 3, 30, 3, 10, 3, 10, 3, 10, 3, 30, 3, 10, 3, 10, 3, 10, 3, 10, 3, 30, 3, 10, 3]",17.425231968810863
"[30, 3, 10, 3, 10, 3, 30, 3, 30, 3, 10, 3, 10, 3, 10, 3, 30, 3, 22.790563535199492, 3, 10, 3, 10, 3, 10, 3, 30, 3, 10, 3]",17.20848927875242
"[30, 3, 10, 3, 10, 3, 30, 3, 30, 3, 10, 3, 10, 3, 10, 3, 30, 3, 25.35627229103759, 3, 10, 3, 10, 3, 10, 3, 30, 3, 10, 3]",17.26788693957117
"[30, 3, 15.641669631791789, 3, 10, 3, 30, 3, 30, 3, 10, 3, 10, 3, 10, 3, 30, 3, 14.440084699994973, 3, 10, 3, 10, 3, 10, 3, 30, 3, 10, 3]",17.278886939571123
"[30, 3, 14.299706698670208, 3, 10, 3, 30, 3, 30, 3, 10, 3, 10, 3, 10, 3, 30, 3, 23.43645738016899, 3, 10, 3, 10, 3, 10, 3, 30, 3, 10, 3]",16.309421052631563
"[30, 3, 21.372019831197697, 3, 10, 3, 30, 3, 30, 3, 10, 3, 10, 3, 10, 3, 30, 3, 25.542911896317506, 3, 10, 3, 10, 3, 10, 3, 30, 3, 10, 3]",16.40876218323587
"[30, 3, 15.799137544051325, 3, 10, 3, 30, 3, 30, 3, 10, 3, 10, 3, 10, 3, 30, 3, 24.862302246205918, 3, 10, 3, 10, 3, 10, 3, 30, 3, 10, 3]",17.035520467836193
"[30, 3, 13.486159642703651, 3, 10, 3, 30, 3, 30, 3, 10, 3, 10, 3, 10, 3, 30, 3, 26.715244837411888, 3, 10, 3, 10, 3, 10, 3, 30, 3, 10, 3]",16.67213840155946
"[30, 3, 10, 3, 10, 3, 30, 3, 30, 3, 10, 3, 10, 3, 10, 3, 30, 3, 20.610221702820233, 3, 10, 3, 10, 3, 10, 3, 30, 3, 10, 3]",16.83171150097464
"[30, 3, 14.758819664965698, 3, 10, 3, 30, 3, 30, 3, 10, 3, 10, 3, 10, 3, 30, 3, 10, 3, 10, 3, 10, 3, 10, 3, 30, 3, 10, 3]",15.87360428849901
"[30, 3, 11.669422498988169, 3, 10, 3, 30, 3, 30, 3, 10, 3, 10, 3, 10, 3, 30, 3, 24.311065590210305, 3, 10, 3, 10, 3, 10, 3, 30, 3, 10, 3]",16.489510721247562
"[30, 3, 15.868992579647772, 3, 10, 3, 30, 3, 30, 3, 10, 3, 10, 3, 10, 3, 30, 3, 24.843704967911087, 3, 10, 3, 10, 3, 10, 3, 30, 3, 10, 3]",16.321456140350865
"[30, 3, 12.804226951712563, 3, 10, 3, 30, 3, 30, 3, 10, 3, 10, 3, 10, 3, 30, 3, 21.49129284914272, 3, 10, 3, 10, 3, 10, 3, 30, 3, 10, 3]",14.72138206627676
"[30, 3, 14.51906538109862, 3, 10, 3, 30, 3, 30, 3, 10, 3, 10, 3, 10, 3, 30, 3, 22.888562678428553, 3, 10, 3, 10, 3, 10, 3, 30, 3, 10, 3]",17.923083820662754
"[30, 3, 10, 3, 10, 3, 30, 3, 30, 3, 10, 3, 10, 3, 10, 3, 30, 3, 13.670427362334754, 3, 10, 3, 10, 3, 10, 3, 30, 3, 10, 3]",17.15545614035086
"[30, 3, 14.928887194384092, 3, 10, 3, 30, 3, 30, 3, 10, 3, 10, 3, 10, 3, 30, 3, 10.771779808520199, 3, 10, 3, 10, 3, 10, 3, 30, 3, 10, 3]",16.0981013645224
"[30, 3, 10.043965678705423, 3, 10, 3, 30, 3, 30, 3, 10, 3, 10, 3, 10, 3, 30, 3, 26.015277277279054, 3, 10, 3, 10, 3, 10, 3, 30, 3, 10, 3]",16.151317738791406
"[30, 3, 10, 3, 10, 3, 30, 3, 30, 3, 10, 3, 10, 3, 10, 3, 30, 3, 22.262496047350957, 3, 10, 3, 10, 3, 10, 3, 30, 3, 10, 3]",16.4532865497076
"[30, 3, 10, 3, 10, 3, 30, 3, 30, 3, 10, 3, 10, 3, 10, 3, 30, 3, 24.669763032571986, 3, 10, 3, 10, 3, 10, 3, 30, 3, 10, 3]",16.06430604288498
"[30, 3, 10, 3, 10, 3, 30, 3, 30, 3, 10, 3, 10, 3, 10, 3, 30, 3, 21.371193244616588, 3, 10, 3, 10, 3, 10, 3, 30, 3, 10, 3]",15.41402923976611
"[30, 3, 14.23116455135913, 3, 10, 3, 30, 3, 30, 3, 10, 3, 10, 3, 10, 3, 30, 3, 10, 3, 10, 3, 10, 3, 10, 3, 30, 3, 10, 3]",15.918228070175442
"[30, 3, 10, 3, 10, 3, 30, 3, 30, 3, 10, 3, 10, 3, 10, 3, 30, 3, 22.790563535199492, 3, 10, 3, 10, 3, 10, 3, 30, 3, 10, 3]",17.36184990253408
"[30, 3, 10, 3, 10, 3, 30, 3, 30, 3, 10, 3, 10, 3, 10, 3, 30, 3, 25.35627229103759, 3, 10, 3, 10, 3, 10, 3, 30, 3, 10, 3]",17.900077972709557
"[30, 3, 15.641669631791789, 3, 10, 3, 30, 3, 30, 3, 10, 3, 10, 3, 10, 3, 30, 3, 14.440084699994973, 3, 10, 3, 10, 3, 10, 3, 30, 3, 10, 3]",16.907370370370355
"[30, 3, 14.299706698670208, 3, 10, 3, 30, 3, 30, 3, 10, 3, 10, 3, 10, 3, 30, 3, 23.43645738016899, 3, 10, 3, 10, 3, 10, 3, 30, 3, 10, 3]",16.890649122807023
"[30, 3, 21.372019831197697, 3, 10, 3, 30, 3, 30, 3, 10, 3, 10, 3, 10, 3, 30, 3, 25.542911896317506, 3, 10, 3, 10, 3, 10, 3, 30, 3, 10, 3]",16.636475633528296
"[30, 3, 15.799137544051325, 3, 10, 3, 30, 3, 30, 3, 10, 3, 10, 3, 10, 3, 30, 3, 24.862302246205918, 3, 10, 3, 10, 3, 10, 3, 30, 3, 10, 3]",15.308549707602332
"[30, 3, 13.486159642703651, 3, 10, 3, 30, 3, 30, 3, 10, 3, 10, 3, 10, 3, 30, 3, 26.715244837411888, 3, 10, 3, 10, 3, 10, 3, 30, 3, 10, 3]",17.162502923976618
"[30, 3, 10, 3, 10, 3, 30, 3, 30, 3, 10, 3, 10, 3, 10, 3, 30, 3, 20.610221702820233, 3, 10, 3, 10, 3, 10, 3, 30, 3, 10, 3]",16.865440545808987
"[30, 3, 14.758819664965698, 3, 10, 3, 30, 3, 30, 3, 10, 3, 10, 3, 10, 3, 30, 3, 10, 3, 10, 3, 10, 3, 10, 3, 30, 3, 10, 3]",16.568964912280666
"[30, 3, 11.669422498988169, 3, 10, 3, 30, 3, 30, 3, 10, 3, 10, 3, 10, 3, 30, 3, 24.311065590210305, 3, 10, 3, 10, 3, 10, 3, 30, 3, 10, 3]",16.162077972709564
"[30, 3, 15.868992579647772, 3, 10, 3, 30, 3, 30, 3, 10, 3, 10, 3, 10, 3, 30, 3, 24.843704967911087, 3, 10, 3, 10, 3, 10, 3, 30, 3, 10, 3]",17.821842105263187
"[30, 3, 12.804226951712563, 3, 10, 3, 30, 3, 30, 3, 10, 3, 10, 3, 10, 3, 30, 3, 21.49129284914272, 3, 10, 3, 10, 3, 10, 3, 30, 3, 10, 3]",15.043243664717396
"[30, 3, 14.51906538109862, 3, 10, 3, 30, 3, 30, 3, 10, 3, 10, 3, 10, 3, 30, 3, 22.888562678428553, 3, 10, 3, 10, 3, 10, 3, 30, 3, 10, 3]",16.36616374269009
"[30, 3, 10, 3, 10, 3, 30, 3, 30, 3, 10, 3, 10, 3, 10, 3, 30, 3, 13.670427362334754, 3, 10, 3, 10, 3, 10, 3, 30, 3, 10, 3]",16.72950877192984
"[30, 3, 14.928887194384092, 3, 10, 3, 30, 3, 30, 3, 10, 3, 10, 3, 10, 3, 30, 3, 10.771779808520199, 3, 10, 3, 10, 3, 10, 3, 30, 3, 10, 3]",15.854407407407411
"[30, 3, 10.043965678705423, 3, 10, 3, 30, 3, 30, 3, 10, 3, 10, 3, 10, 3, 30, 3, 26.015277277279054, 3, 10, 3, 10, 3, 10, 3, 30, 3, 10, 3]",15.524033138401547
"[30, 3, 10, 3, 10, 3, 30, 3, 30, 3, 10, 3, 10, 3, 10, 3, 30, 3, 22.262496047350957, 3, 10, 3, 10, 3, 10, 3, 30, 3, 10, 3]",13.771233918128628
"[30, 3, 10, 3, 10, 3, 30, 3, 30, 3, 10, 3, 10, 3, 10, 3, 30, 3, 24.669763032571986, 3, 10, 3, 10, 3, 10, 3, 30, 3, 10, 3]",14.91990838206633
"[30, 3, 10, 3, 10, 3, 30, 3, 30, 3, 10, 3, 10, 3, 10, 3, 30, 3, 21.371193244616588, 3, 10, 3, 10, 3, 10, 3, 30, 3, 10, 3]",16.045076023391793
"[30, 3, 14.23116455135913, 3, 10, 3, 30, 3, 30, 3, 10, 3, 10, 3, 10, 3, 30, 3, 10, 3, 10, 3, 10, 3, 10, 3, 30, 3, 10, 3]",16.02915789473683
"[30, 3, 10, 3, 10, 3, 30, 3, 30, 3, 10, 3, 10, 3, 10, 3, 30, 3, 22.790563535199492, 3, 10, 3, 10, 3, 10, 3, 30, 3, 10, 3]",16.23856140350877
"[30, 3, 10, 3, 10, 3, 30, 3, 30, 3, 10, 3, 10, 3, 10, 3, 30, 3, 25.35627229103759, 3, 10, 3, 10, 3, 10, 3, 30, 3, 10, 3]",16.920898635477567
"[30, 3, 15.641669631791789, 3, 10, 3, 30, 3, 30, 3, 10, 3, 10, 3, 10, 3, 30, 3, 14.440084699994973, 3, 10, 3, 10, 3, 10, 3, 30, 3, 10, 3]",14.959255360623752
"[30, 3, 14.299706698670208, 3, 10, 3, 30, 3, 30, 3, 10, 3, 10, 3, 10, 3, 30, 3, 23.43645738016899, 3, 10, 3, 10, 3, 10, 3, 30, 3, 10, 3]",15.85442105263162
"[30, 3, 21.372019831197697, 3, 10, 3, 30, 3, 30, 3, 10, 3, 10, 3, 10, 3, 30, 3, 25.542911896317506, 3, 10, 3, 10, 3, 10, 3, 30, 3, 10, 3]",16.241368421052652
"[30, 3, 15.799137544051325, 3, 10, 3, 30, 3, 30, 3, 10, 3, 10, 3, 10, 3, 30, 3, 24.862302246205918, 3, 10, 3, 10, 3, 10, 3, 30, 3, 10, 3]",18.048541910331338
"[30, 3, 13.486159642703651, 3, 10, 3, 30, 3, 30, 3, 10, 3, 10, 3, 10, 3, 30, 3, 26.715244837411888, 3, 10, 3, 10, 3, 10, 3, 30, 3, 10, 3]",16.61205458089671
"[30, 3, 10, 3, 10, 3, 30, 3, 30, 3, 10, 3, 10, 3, 10, 3, 30, 3, 20.610221702820233, 3, 10, 3, 10, 3, 10, 3, 30, 3, 10, 3]",14.526142300194971
"[30, 3, 14.758819664965698, 3, 10, 3, 30, 3, 30, 3, 10, 3, 10, 3, 10, 3, 30, 3, 10, 3, 10, 3, 10, 3, 10, 3, 30, 3, 10, 3]",17.138438596491238
"[30, 3, 11.669422498988169, 3, 10, 3, 30, 3, 30, 3, 10, 3, 10, 3, 10, 3, 30, 3, 24.311065590210305, 3, 10, 3, 10, 3, 10, 3, 30, 3, 10, 3]",15.229801169590663
"[30, 3, 15.868992579647772, 3, 10, 3, 30, 3, 30, 3, 10, 3, 10, 3, 10, 3, 30, 3, 24.843704967911087, 3, 10, 3, 10, 3, 10, 3, 30, 3, 10, 3]",15.046352826510747
"[30, 3, 12.804226951712563, 3, 10, 3, 30, 3, 30, 3, 10, 3, 10, 3, 10, 3, 30, 3, 21.49129284914272, 3, 10, 3, 10, 3, 10, 3, 30, 3, 10, 3]",16.533672514619877
"[30, 3, 14.51906538109862, 3, 10, 3, 30, 3, 30, 3, 10, 3, 10, 3, 10, 3, 30, 3, 22.888562678428553, 3, 10, 3, 10, 3, 10, 3, 30, 3, 10, 3]",15.45283040935672
"[30, 3, 10, 3, 10, 3, 30, 3, 30, 3, 10, 3, 10, 3, 10, 3, 30, 3, 13.670427362334754, 3, 10, 3, 10, 3, 10, 3, 30, 3, 10, 3]",16.738272904483438
"[30, 3, 14.928887194384092, 3, 10, 3, 30, 3, 30, 3, 10, 3, 10, 3, 10, 3, 30, 3, 10.771779808520199, 3, 10, 3, 10, 3, 10, 3, 30, 3, 10, 3]",16.075255360623753
"[30, 3, 10.043965678705423, 3, 10, 3, 30, 3, 30, 3, 10, 3, 10, 3, 10, 3, 30, 3, 26.015277277279054, 3, 10, 3, 10, 3, 10, 3, 30, 3, 10, 3]",16.519025341130604
"[30, 3, 10, 3, 10, 3, 30, 3, 30, 3, 10, 3, 10, 3, 10, 3, 30, 3, 22.262496047350957, 3, 10, 3, 10, 3, 10, 3, 30, 3, 10, 3]",15.837590643274819
"[30, 3, 10, 3, 10, 3, 30, 3, 30, 3, 10, 3, 10, 3, 10, 3, 30, 3, 24.669763032571986, 3, 10, 3, 10, 3, 10, 3, 30, 3, 10, 3]",16.210393762183212
"[30, 3, 10, 3, 10, 3, 30, 3, 30, 3, 10, 3, 10, 3, 10, 3, 30, 3, 21.371193244616588, 3, 10, 3, 10, 3, 10, 3, 30, 3, 10, 3]",17.612446393762237
"[30, 3, 14.23116455135913, 3, 10, 3, 30, 3, 30, 3, 10, 3, 10, 3, 10, 3, 30, 3, 10, 3, 10, 3, 10, 3, 10, 3, 30, 3, 10, 3]",16.93403898635479
"[30, 3, 10, 3, 10, 3, 30, 3, 30, 3, 10, 3, 10, 3, 10, 3, 30, 3, 22.790563535199492, 3, 10, 3, 10, 3, 10, 3, 30, 3, 10, 3]",15.333596491228112
"[30, 3, 10, 3, 10, 3, 30, 3, 30, 3, 10, 3, 10, 3, 10, 3, 30, 3, 25.35627229103759, 3, 10, 3, 10, 3, 10, 3, 30, 3, 10, 3]",17.008812865497063
"[30, 3, 15.641669631791789, 3, 10, 3, 30, 3, 30, 3, 10, 3, 10, 3, 10, 3, 30, 3, 14.440084699994973, 3, 10, 3, 10, 3, 10, 3, 30, 3, 10, 3]",16.010816764132535
"[30, 3, 14.299706698670208, 3, 10, 3, 30, 3, 30, 3, 10, 3, 10, 3, 10, 3, 30, 3, 23.43645738016899, 3, 10, 3, 10, 3, 10, 3, 30, 3, 10, 3]",16.99016569200776
"[30, 3, 21.372019831197697, 3, 10, 3, 30, 3, 30, 3, 10, 3, 10, 3, 10, 3, 30, 3, 25.542911896317506, 3, 10, 3, 10, 3, 10, 3, 30, 3, 10, 3]",16.224109161793375
"[30, 3, 15.799137544051325, 3, 10, 3, 30, 3, 30, 3, 10, 3, 10, 3, 10, 3, 30, 3, 24.862302246205918, 3, 10, 3, 10, 3, 10, 3, 30, 3, 10, 3]",15.963169590643313
"[30, 3, 13.486159642703651, 3, 10, 3, 30, 3, 30, 3, 10, 3, 10, 3, 10, 3, 30, 3, 26.715244837411888, 3, 10, 3, 10, 3, 10, 3, 30, 3, 10, 3]",14.94407407407407
"[30, 3, 10, 3, 10, 3, 30, 3, 30, 3, 10, 3, 10, 3, 10, 3, 30, 3, 20.610221702820233, 3, 10, 3, 10, 3, 10, 3, 30, 3, 10, 3]",15.63942495126704
"[30, 3, 14.758819664965698, 3, 10, 3, 30, 3, 30, 3, 10, 3, 10, 3, 10, 3, 30, 3, 10, 3, 10, 3, 10, 3, 10, 3, 30, 3, 10, 3]",15.137382066276789
"[30, 3, 11.669422498988169, 3, 10, 3, 30, 3, 30, 3, 10, 3, 10, 3, 10, 3, 30, 3, 24.311065590210305, 3, 10, 3, 10, 3, 10, 3, 30, 3, 10, 3]",15.549298245614063
"[30, 3, 15.868992579647772, 3, 10, 3, 30, 3, 30, 3, 10, 3, 10, 3, 10, 3, 30, 3, 24.843704967911087, 3, 10, 3, 10, 3, 10, 3, 30, 3, 10, 3]",18.02888109161793
"[30, 3, 12.804226951712563, 3, 10, 3, 30, 3, 30, 3, 10, 3, 10, 3, 10, 3, 30, 3, 21.49129284914272, 3, 10, 3, 10, 3, 10, 3, 30, 3, 10, 3]",16.303586744639343
"[30, 3, 14.51906538109862, 3, 10, 3, 30, 3, 30, 3, 10, 3, 10, 3, 10, 3, 30, 3, 22.888562678428553, 3, 10, 3, 10, 3, 10, 3, 30, 3, 10, 3]",17.085512670565336
"[30, 3, 10, 3, 10, 3, 30, 3, 30, 3, 10, 3, 10, 3, 10, 3, 30, 3, 13.670427362334754, 3, 10, 3, 10, 3, 10, 3, 30, 3, 10, 3]",16.35096296296298
"[30, 3, 14.928887194384092, 3, 10, 3, 30, 3, 30, 3, 10, 3, 10, 3, 10, 3, 30, 3, 10.771779808520199, 3, 10, 3, 10, 3, 10, 3, 30, 3, 10, 3]",15.04662768031195
"[30, 3, 10.043965678705423, 3, 10, 3, 30, 3, 30, 3, 10, 3, 10, 3, 10, 3, 30, 3, 26.015277277279054, 3, 10, 3, 10, 3, 10, 3, 30, 3, 10, 3]",15.66134892787526
"[30, 3, 10, 3, 10, 3, 30, 3, 30, 3, 10, 3, 10, 3, 10, 3, 30, 3, 22.262496047350957, 3, 10, 3, 10, 3, 10, 3, 30, 3, 10, 3]",15.883023391812866
"[30, 3, 10, 3, 10, 3, 30, 3, 30, 3, 10, 3, 10, 3, 10, 3, 30, 3, 24.669763032571986, 3, 10, 3, 10, 3, 10, 3, 30, 3, 10, 3]",15.418413255360607
"[30, 3, 10, 3, 10, 3, 30, 3, 30, 3, 10, 3, 10, 3, 10, 3, 30, 3, 21.371193244616588, 3, 10, 3, 10, 3, 10, 3, 30, 3, 10, 3]",16.833253411306035
"[30, 3, 14.23116455135913, 3, 10, 3, 30, 3, 30, 3, 10, 3, 10, 3, 10, 3, 30, 3, 10, 3, 10, 3, 10, 3, 10, 3, 30, 3, 10, 3]",15.779302144249515
"[30, 3, 10, 3, 10, 3, 30, 3, 30, 3, 10, 3, 10, 3, 10, 3, 30, 3, 22.790563535199492, 3, 10, 3, 10, 3, 10, 3, 30, 3, 10, 3]",16.120814814814807
"[30, 3, 10, 3, 10, 3, 30, 3, 30, 3, 10, 3, 10, 3, 10, 3, 30, 3, 25.35627229103759, 3, 10, 3, 10, 3, 10, 3, 30, 3, 10, 3]",15.108810916179339
"[30, 3, 15.641669631791789, 3, 10, 3, 30, 3, 30, 3, 10, 3, 10, 3, 10, 3, 30, 3, 14.440084699994973, 3, 10, 3, 10, 3, 10, 3, 30, 3, 10, 3]",16.2264639376218
"[30, 3, 14.299706698670208, 3, 10, 3, 30, 3, 30, 3, 10, 3, 10, 3, 10, 3, 30, 3, 23.43645738016899, 3, 10, 3, 10, 3, 10, 3, 30, 3, 10, 3]",17.49061988304094
"[30, 3, 21.372019831197697, 3, 10, 3, 30, 3, 30, 3, 10, 3, 10, 3, 10, 3, 30, 3, 25.542911896317506, 3, 10, 3, 10, 3, 10, 3, 30, 3, 10, 3]",17.219307992202758
"[30, 3, 15.799137544051325, 3, 10, 3, 30, 3, 30, 3, 10, 3, 10, 3, 10, 3, 30, 3, 24.862302246205918, 3, 10, 3, 10, 3, 10, 3, 30, 3, 10, 3]",15.511578947368438
"[30, 3, 13.486159642703651, 3, 10, 3, 30, 3, 30, 3, 10, 3, 10, 3, 10, 3, 30, 3, 26.715244837411888, 3, 10, 3, 10, 3, 10, 3, 30, 3, 10, 3]",16.902547758284644
"[30, 3, 10, 3, 10, 3, 30, 3, 30, 3, 10, 3, 10, 3, 10, 3, 30, 3, 20.610221702820233, 3, 10, 3, 10, 3, 10, 3, 30, 3, 10, 3]",17.56210526315786
"[30, 3, 14.758819664965698, 3, 10, 3, 30, 3, 30, 3, 10, 3, 10, 3, 10, 3, 30, 3, 10, 3, 10, 3, 10, 3, 10, 3, 30, 3, 10, 3]",17.479715399610136
"[30, 3, 11.669422498988169, 3, 10, 3, 30, 3, 30, 3, 10, 3, 10, 3, 10, 3, 30, 3, 24.311065590210305, 3, 10, 3, 10, 3, 10, 3, 30, 3, 10, 3]",17.139366471734853
"[30, 3, 15.868992579647772, 3, 10, 3, 30, 3, 30, 3, 10, 3, 10, 3, 10, 3, 30, 3, 24.843704967911087, 3, 10, 3, 10, 3, 10, 3, 30, 3, 10, 3]",16.37724171539962
"[30, 3, 12.804226951712563, 3, 10, 3, 30, 3, 30, 3, 10, 3, 10, 3, 10, 3, 30, 3, 21.49129284914272, 3, 10, 3, 10, 3, 10, 3, 30, 3, 10, 3]",17.1761091617934
"[30, 3, 14.51906538109862, 3, 10, 3, 30, 3, 30, 3, 10, 3, 10, 3, 10, 3, 30, 3, 22.888562678428553, 3, 10, 3, 10, 3, 10, 3, 30, 3, 10, 3]",14.867820662768004
"[30, 3, 10, 3, 10, 3, 30, 3, 30, 3, 10, 3, 10, 3, 10, 3, 30, 3, 13.670427362334754, 3, 10, 3, 10, 3, 10, 3, 30, 3, 10, 3]",16.424769980506817
"[30, 3, 14.928887194384092, 3, 10, 3, 30, 3, 30, 3, 10, 3, 10, 3, 10, 3, 30, 3, 10.771779808520199, 3, 10, 3, 10, 3, 10, 3, 30, 3, 10, 3]",17.496826510721235
"[30, 3, 10.043965678705423, 3, 10, 3, 30, 3, 30, 3, 10, 3, 10, 3, 10, 3, 30, 3, 26.015277277279054, 3, 10, 3, 10, 3, 10, 3, 30, 3, 10, 3]",17.11378752436649
"[30, 3, 10, 3, 10, 3, 30, 3, 30, 3, 10, 3, 10, 3, 10, 3, 30, 3, 22.262496047350957, 3, 10, 3, 10, 3, 10, 3, 30, 3, 10, 3]",17.287460038986385
"[30, 3, 10, 3, 10, 3, 30, 3, 30, 3, 10, 3, 10, 3, 10, 3, 30, 3, 24.669763032571986, 3, 10, 3, 10, 3, 10, 3, 30, 3, 10, 3]",16.104278752436674
"[30, 3, 10, 3, 10, 3, 30, 3, 30, 3, 10, 3, 10, 3, 10, 3, 30, 3, 21.371193244616588, 3, 10, 3, 10, 3, 10, 3, 30, 3, 10, 3]",17.82396686159845
"[30, 3, 14.23116455135913, 3, 10, 3, 30, 3, 30, 3, 10, 3, 10, 3, 10, 3, 30, 3, 10, 3, 10, 3, 10, 3, 10, 3, 30, 3, 10, 3]",14.975807017543852
"[30, 3, 10, 3, 10, 3, 30, 3, 30, 3, 10, 3, 10, 3, 10, 3, 30, 3, 22.790563535199492, 3, 10, 3, 10, 3, 10, 3, 30, 3, 10, 3]",15.5327426900585
"[30, 3, 10, 3, 10, 3, 30, 3, 30, 3, 10, 3, 10, 3, 10, 3, 30, 3, 25.35627229103759, 3, 10, 3, 10, 3, 10, 3, 30, 3, 10, 3]",14.534138401559465
"[30, 3, 15.641669631791789, 3, 10, 3, 30, 3, 30, 3, 10, 3, 10, 3, 10, 3, 30, 3, 14.440084699994973, 3, 10, 3, 10, 3, 10, 3, 30, 3, 10, 3]",15.785323586744607
"[30, 3, 14.299706698670208, 3, 10, 3, 30, 3, 30, 3, 10, 3, 10, 3, 10, 3, 30, 3, 23.43645738016899, 3, 10, 3, 10, 3, 10, 3, 30, 3, 10, 3]",14.6466530214425
"[30, 3, 21.372019831197697, 3, 10, 3, 30, 3, 30, 3, 10, 3, 10, 3, 10, 3, 30, 3, 25.542911896317506, 3, 10, 3, 10, 3, 10, 3, 30, 3, 10, 3]",13.851526315789496
"[30, 3, 15.799137544051325, 3, 10, 3, 30, 3, 30, 3, 10, 3, 10, 3, 10, 3, 30, 3, 24.862302246205918, 3, 10, 3, 10, 3, 10, 3, 30, 3, 10, 3]",17.26444249512671
"[30, 3, 13.486159642703651, 3, 10, 3, 30, 3, 30, 3, 10, 3, 10, 3, 10, 3, 30, 3, 26.715244837411888, 3, 10, 3, 10, 3, 10, 3, 30, 3, 10, 3]",16.47475828460035
"[30, 3, 10, 3, 10, 3, 30, 3, 30, 3, 10, 3, 10, 3, 10, 3, 30, 3, 20.610221702820233, 3, 10, 3, 10, 3, 10, 3, 30, 3, 10, 3]",15.258081871345029
"[30, 3, 14.758819664965698, 3, 10, 3, 30, 3, 30, 3, 10, 3, 10, 3, 10, 3, 30, 3, 10, 3, 10, 3, 10, 3, 10, 3, 30, 3, 10, 3]",16.64282456140348
"[30, 3, 11.669422498988169, 3, 10, 3, 30, 3, 30, 3, 10, 3, 10, 3, 10, 3, 30, 3, 24.311065590210305, 3, 10, 3, 10, 3, 10, 3, 30, 3, 10, 3]",16.633099415204683
"[30, 3, 15.868992579647772, 3, 10, 3, 30, 3, 30, 3, 10, 3, 10, 3, 10, 3, 30, 3, 24.843704967911087, 3, 10, 3, 10, 3, 10, 3, 30, 3, 10, 3]",16.149964912280666
"[30, 3, 12.804226951712563, 3, 10, 3, 30, 3, 30, 3, 10, 3, 10, 3, 10, 3, 30, 3, 21.49129284914272, 3, 10, 3, 10, 3, 10, 3, 30, 3, 10, 3]",16.08724171539962
"[30, 3, 14.51906538109862, 3, 10, 3, 30, 3, 30, 3, 10, 3, 10, 3, 10, 3, 30, 3, 22.888562678428553, 3, 10, 3, 10, 3, 10, 3, 30, 3, 10, 3]",15.69895321637426
"[30, 3, 10, 3, 10, 3, 30, 3, 30, 3, 10, 3, 10, 3, 10, 3, 30, 3, 13.670427362334754, 3, 10, 3, 10, 3, 10, 3, 30, 3, 10, 3]",16.599319688109162
"[30, 3, 14.928887194384092, 3, 10, 3, 30, 3, 30, 3, 10, 3, 10, 3, 10, 3, 30, 3, 10.771779808520199, 3, 10, 3, 10, 3, 10, 3, 30, 3, 10, 3]",16.327230019493193
"[30, 3, 10.043965678705423, 3, 10, 3, 30, 3, 30, 3, 10, 3, 10, 3, 10, 3, 30, 3, 26.015277277279054, 3, 10, 3, 10, 3, 10, 3, 30, 3, 10, 3]",15.427101364522464
"[30, 3, 10, 3, 10, 3, 30, 3, 30, 3, 10, 3, 10, 3, 10, 3, 30, 3, 22.262496047350957, 3, 10, 3, 10, 3, 10, 3, 30, 3, 10, 3]",16.163263157894715
"[30, 3, 10, 3, 10, 3, 30, 3, 30, 3, 10, 3, 10, 3, 10, 3, 30, 3, 24.669763032571986, 3, 10, 3, 10, 3, 10, 3, 30, 3, 10, 3]",14.684939571150078
"[30, 3, 10, 3, 10, 3, 30, 3, 30, 3, 10, 3, 10, 3, 10, 3, 30, 3, 21.371193244616588, 3, 10, 3, 10, 3, 10, 3, 30, 3, 10, 3]",17.156990253411312
"[30, 3, 14.23116455135913, 3, 10, 3, 30, 3, 30, 3, 10, 3, 10, 3, 10, 3, 30, 3, 10, 3, 10, 3, 10, 3, 10, 3, 30, 3, 10, 3]",15.560606237816804
"[30, 3, 10, 3, 10, 3, 30, 3, 30, 3, 10, 3, 10, 3, 10, 3, 30, 3, 22.790563535199492, 3, 10, 3, 10, 3, 10, 3, 30, 3, 10, 3]",16.12515984405462
"[30, 3, 10, 3, 10, 3, 30, 3, 30, 3, 10, 3, 10, 3, 10, 3, 30, 3, 25.35627229103759, 3, 10, 3, 10, 3, 10, 3, 30, 3, 10, 3]",16.77356530214423
"[30, 3, 15.641669631791789, 3, 10, 3, 30, 3, 30, 3, 10, 3, 10, 3, 10, 3, 30, 3, 14.440084699994973, 3, 10, 3, 10, 3, 10, 3, 30, 3, 10, 3]",16.898077972709544
"[30, 3, 14.299706698670208, 3, 10, 3, 30, 3, 30, 3, 10, 3, 10, 3, 10, 3, 30, 3, 23.43645738016899, 3, 10, 3, 10, 3, 10, 3, 30, 3, 10, 3]",16.381826510721286
"[30, 3, 21.372019831197697, 3, 10, 3, 30, 3, 30, 3, 10, 3, 10, 3, 10, 3, 30, 3, 25.542911896317506, 3, 10, 3, 10, 3, 10, 3, 30, 3, 10, 3]",16.37078167641324
"[30, 3, 15.799137544051325, 3, 10, 3, 30, 3, 30, 3, 10, 3, 10, 3, 10, 3, 30, 3, 24.862302246205918, 3, 10, 3, 10, 3, 10, 3, 30, 3, 10, 3]",16.648113060428837
"[30, 3, 13.486159642703651, 3, 10, 3, 30, 3, 30, 3, 10, 3, 10, 3, 10, 3, 30, 3, 26.715244837411888, 3, 10, 3, 10, 3, 10, 3, 30, 3, 10, 3]",16.017970760233904
"[30, 3, 10, 3, 10, 3, 30, 3, 30, 3, 10, 3, 10, 3, 10, 3, 30, 3, 20.610221702820233, 3, 10, 3, 10, 3, 10, 3, 30, 3, 10, 3]",17.387873294346953
"[30, 3, 14.758819664965698, 3, 10, 3, 30, 3, 30, 3, 10, 3, 10, 3, 10, 3, 30, 3, 10, 3, 10, 3, 10, 3, 10, 3, 30, 3, 10, 3]",16.3691910331384
"[30, 3, 11.669422498988169, 3, 10, 3, 30, 3, 30, 3, 10, 3, 10, 3, 10, 3, 30, 3, 24.311065590210305, 3, 10, 3, 10, 3, 10, 3, 30, 3, 10, 3]",17.557536062378173
"[30, 3, 15.868992579647772, 3, 10, 3, 30, 3, 30, 3, 10, 3, 10, 3, 10, 3, 30, 3, 24.843704967911087, 3, 10, 3, 10, 3, 10, 3, 30, 3, 10, 3]",15.899877192982474
"[30, 3, 12.804226951712563, 3, 10, 3, 30, 3, 30, 3, 10, 3, 10, 3, 10, 3, 30, 3, 21.49129284914272, 3, 10, 3, 10, 3, 10, 3, 30, 3, 10, 3]",15.430573099415192
"[30, 3, 14.51906538109862, 3, 10, 3, 30, 3, 30, 3, 10, 3, 10, 3, 10, 3, 30, 3, 22.888562678428553, 3, 10, 3, 10, 3, 10, 3, 30, 3, 10, 3]",15.771647173489223
"[30, 3, 10, 3, 10, 3, 30, 3, 30, 3, 10, 3, 10, 3, 10, 3, 30, 3, 13.670427362334754, 3, 10, 3, 10, 3, 10, 3, 30, 3, 10, 3]",16.792744639376178
"[30, 3, 14.928887194384092, 3, 10, 3, 30, 3, 30, 3, 10, 3, 10, 3, 10, 3, 30, 3, 10.771779808520199, 3, 10, 3, 10, 3, 10, 3, 30, 3, 10, 3]",16.091922027290426
"[30, 3, 10.043965678705423, 3, 10, 3, 30, 3, 30, 3, 10, 3, 10, 3, 10, 3, 30, 3, 26.015277277279054, 3, 10, 3, 10, 3, 10, 3, 30, 3, 10, 3]",15.872083820662763
"[30, 3, 10, 3, 10, 3, 30, 3, 30, 3, 10, 3, 10, 3, 10, 3, 30, 3, 22.262496047350957, 3, 10, 3, 10, 3, 10, 3, 30, 3, 10, 3]",15.426847953216392
"[30, 3, 10, 3, 10, 3, 30, 3, 30, 3, 10, 3, 10, 3, 10, 3, 30, 3, 24.669763032571986, 3, 10, 3, 10, 3, 10, 3, 30, 3, 10, 3]",14.419208576998034
"[30, 3, 10, 3, 10, 3, 30, 3, 30, 3, 10, 3, 10, 3, 10, 3, 30, 3, 21.371193244616588, 3, 10, 3, 10, 3, 10, 3, 30, 3, 10, 3]",16.42228849902539
"[30, 3, 14.23116455135913, 3, 10, 3, 30, 3, 30, 3, 10, 3, 10, 3, 10, 3, 30, 3, 10, 3, 10, 3, 10, 3, 10, 3, 30, 3, 10, 3]",16.177842105263153
"[30, 3, 10, 3, 10, 3, 30, 3, 30, 3, 10, 3, 10, 3, 10, 3, 30, 3, 22.790563535199492, 3, 10, 3, 10, 3, 10, 3, 30, 3, 10, 3]",15.92398830409357
"[30, 3, 10, 3, 10, 3, 30, 3, 30, 3, 10, 3, 10, 3, 10, 3, 30, 3, 25.35627229103759, 3, 10, 3, 10, 3, 10, 3, 30, 3, 10, 3]",17.560345029239777
"[30, 3, 15.641669631791789, 3, 10, 3, 30, 3, 30, 3, 10, 3, 10, 3, 10, 3, 30, 3, 14.440084699994973, 3, 10, 3, 10, 3, 10, 3, 30, 3, 10, 3]",16.326387914229993
"[30, 3, 14.299706698670208, 3, 10, 3, 30, 3, 30, 3, 10, 3, 10, 3, 10, 3, 30, 3, 23.43645738016899, 3, 10, 3, 10, 3, 10, 3, 30, 3, 10, 3]",16.622970760233915
"[30, 3, 21.372019831197697, 3, 10, 3, 30, 3, 30, 3, 10, 3, 10, 3, 10, 3, 30, 3, 25.542911896317506, 3, 10, 3, 10, 3, 10, 3, 30, 3, 10, 3]",16.510015594541894
"[30, 3, 15.799137544051325, 3, 10, 3, 30, 3, 30, 3, 10, 3, 10, 3, 10, 3, 30, 3, 24.862302246205918, 3, 10, 3, 10, 3, 10, 3, 30, 3, 10, 3]",16.66890253411309
"[30, 3, 13.486159642703651, 3, 10, 3, 30, 3, 30, 3, 10, 3, 10, 3, 10, 3, 30, 3, 26.715244837411888, 3, 10, 3, 10, 3, 10, 3, 30, 3, 10, 3]",16.322879142300184
"[30, 3, 10, 3, 10, 3, 30, 3, 30, 3, 10, 3, 10, 3, 10, 3, 30, 3, 20.610221702820233, 3, 10, 3, 10, 3, 10, 3, 30, 3, 10, 3]",16.626093567251424
"[30, 3, 14.758819664965698, 3, 10, 3, 30, 3, 30, 3, 10, 3, 10, 3, 10, 3, 30, 3, 10, 3, 10, 3, 10, 3, 10, 3, 30, 3, 10, 3]",18.360777777777805
"[30, 3, 11.669422498988169, 3, 10, 3, 30, 3, 30, 3, 10, 3, 10, 3, 10, 3, 30, 3, 24.311065590210305, 3, 10, 3, 10, 3, 10, 3, 30, 3, 10, 3]",16.088456140350882
"[30, 3, 15.868992579647772, 3, 10, 3, 30, 3, 30, 3, 10, 3, 10, 3, 10, 3, 30, 3, 24.843704967911087, 3, 10, 3, 10, 3, 10, 3, 30, 3, 10, 3]",15.730495126705645
"[30, 3, 12.804226951712563, 3, 10, 3, 30, 3, 30, 3, 10, 3, 10, 3, 10, 3, 30, 3, 21.49129284914272, 3, 10, 3, 10, 3, 10, 3, 30, 3, 10, 3]",14.748118908382066
"[30, 3, 14.51906538109862, 3, 10, 3, 30, 3, 30, 3, 10, 3, 10, 3, 10, 3, 30, 3, 22.888562678428553, 3, 10, 3, 10, 3, 10, 3, 30, 3, 10, 3]",17.7755068226121
"[30, 3, 10, 3, 10, 3, 30, 3, 30, 3, 10, 3, 10, 3, 10, 3, 30, 3, 13.670427362334754, 3, 10, 3, 10, 3, 10, 3, 30, 3, 10, 3]",14.661204678362607
"[30, 3, 14.928887194384092, 3, 10, 3, 30, 3, 30, 3, 10, 3, 10, 3, 10, 3, 30, 3, 10.771779808520199, 3, 10, 3, 10, 3, 10, 3, 30, 3, 10, 3]",16.571588693957093
"[30, 3, 10.043965678705423, 3, 10, 3, 30, 3, 30, 3, 10, 3, 10, 3, 10, 3, 30, 3, 26.015277277279054, 3, 10, 3, 10, 3, 10, 3, 30, 3, 10, 3]",17.152762183235875
"[30, 3, 10, 3, 10, 3, 30, 3, 30, 3, 10, 3, 10, 3, 10, 3, 30, 3, 22.262496047350957, 3, 10, 3, 10, 3, 10, 3, 30, 3, 10, 3]",16.261255360623785
"[30, 3, 10, 3, 10, 3, 30, 3, 30, 3, 10, 3, 10, 3, 10, 3, 30, 3, 24.669763032571986, 3, 10, 3, 10, 3, 10, 3, 30, 3, 10, 3]",15.91900974658867
"[30, 3, 10, 3, 10, 3, 30, 3, 30, 3, 10, 3, 10, 3, 10, 3, 30, 3, 21.371193244616588, 3, 10, 3, 10, 3, 10, 3, 30, 3, 10, 3]",16.109083820662754
"[30, 3, 14.23116455135913, 3, 10, 3, 30, 3, 30, 3, 10, 3, 10, 3, 10, 3, 30, 3, 10, 3, 10, 3, 10, 3, 10, 3, 30, 3, 10, 3]",16.509842105263143
"[30, 3, 10, 3, 10, 3, 30, 3, 30, 3, 10, 3, 10, 3, 10, 3, 30, 3, 22.790563535199492, 3, 10, 3, 10, 3, 10, 3, 30, 3, 10, 3]",17.053723196881062
"[30, 3, 10, 3, 10, 3, 30, 3, 30, 3, 10, 3, 10, 3, 10, 3, 30, 3, 25.35627229103759, 3, 10, 3, 10, 3, 10, 3, 30, 3, 10, 3]",17.115754385964934
"[30, 3, 15.641669631791789, 3, 10, 3, 30, 3, 30, 3, 10, 3, 10, 3, 10, 3, 30, 3, 14.440084699994973, 3, 10, 3, 10, 3, 10, 3, 30, 3, 10, 3]",16.43924171539959
"[30, 3, 14.299706698670208, 3, 10, 3, 30, 3, 30, 3, 10, 3, 10, 3, 10, 3, 30, 3, 23.43645738016899, 3, 10, 3, 10, 3, 10, 3, 30, 3, 10, 3]",15.193109161793377
"[30, 3, 21.372019831197697, 3, 10, 3, 30, 3, 30, 3, 10, 3, 10, 3, 10, 3, 30, 3, 25.542911896317506, 3, 10, 3, 10, 3, 10, 3, 30, 3, 10, 3]",16.768787524366434
"[30, 3, 15.799137544051325, 3, 10, 3, 30, 3, 30, 3, 10, 3, 10, 3, 10, 3, 30, 3, 24.862302246205918, 3, 10, 3, 10, 3, 10, 3, 30, 3, 10, 3]",16.959099415204726
"[30, 3, 13.486159642703651, 3, 10, 3, 30, 3, 30, 3, 10, 3, 10, 3, 10, 3, 30, 3, 26.715244837411888, 3, 10, 3, 10, 3, 10, 3, 30, 3, 10, 3]",15.375705653021447
"[30, 3, 10, 3, 10, 3, 30, 3, 30, 3, 10, 3, 10, 3, 10, 3, 30, 3, 20.610221702820233, 3, 10, 3, 10, 3, 10, 3, 30, 3, 10, 3]",17.113867446393765
"[30, 3, 14.758819664965698, 3, 10, 3, 30, 3, 30, 3, 10, 3, 10, 3, 10, 3, 30, 3, 10, 3, 10, 3, 10, 3, 10, 3, 30, 3, 10, 3]",15.51700389863548
"[30, 3, 11.669422498988169, 3, 10, 3, 30, 3, 30, 3, 10, 3, 10, 3, 10, 3, 30, 3, 24.311065590210305, 3, 10, 3, 10, 3, 10, 3, 30, 3, 10, 3]",16.74921442495132
"[30, 3, 15.868992579647772, 3, 10, 3, 30, 3, 30, 3, 10, 3, 10, 3, 10, 3, 30, 3, 24.843704967911087, 3, 10, 3, 10, 3, 10, 3, 30, 3, 10, 3]",17.067906432748572
"[30, 3, 12.804226951712563, 3, 10, 3, 30, 3, 30, 3, 10, 3, 10, 3, 10, 3, 30, 3, 21.49129284914272, 3, 10, 3, 10, 3, 10, 3, 30, 3, 10, 3]",16.014216374268976
"[30, 3, 14.51906538109862, 3, 10, 3, 30, 3, 30, 3, 10, 3, 10, 3, 10, 3, 30, 3, 22.888562678428553, 3, 10, 3, 10, 3, 10, 3, 30, 3, 10, 3]",17.167666666666655
"[30, 3, 10, 3, 10, 3, 30, 3, 30, 3, 10, 3, 10, 3, 10, 3, 30, 3, 13.670427362334754, 3, 10, 3, 10, 3, 10, 3, 30, 3, 10, 3]",16.10990643274857
"[30, 3, 14.928887194384092, 3, 10, 3, 30, 3, 30, 3, 10, 3, 10, 3, 10, 3, 30, 3, 10.771779808520199, 3, 10, 3, 10, 3, 10, 3, 30, 3, 10, 3]",16.810559454191
"[30, 3, 10.043965678705423, 3, 10, 3, 30, 3, 30, 3, 10, 3, 10, 3, 10, 3, 30, 3, 26.015277277279054, 3, 10, 3, 10, 3, 10, 3, 30, 3, 10, 3]",15.975588693957116
"[30, 3, 10, 3, 10, 3, 30, 3, 30, 3, 10, 3, 10, 3, 10, 3, 30, 3, 22.262496047350957, 3, 10, 3, 10, 3, 10, 3, 30, 3, 10, 3]",15.438331384015628
"[30, 3, 10, 3, 10, 3, 30, 3, 30, 3, 10, 3, 10, 3, 10, 3, 30, 3, 24.669763032571986, 3, 10, 3, 10, 3, 10, 3, 30, 3, 10, 3]",16.158391812865464
"[30, 3, 10, 3, 10, 3, 30, 3, 30, 3, 10, 3, 10, 3, 10, 3, 30, 3, 21.371193244616588, 3, 10, 3, 10, 3, 10, 3, 30, 3, 10, 3]",16.955153996101348
"[30, 3, 14.23116455135913, 3, 10, 3, 30, 3, 30, 3, 10, 3, 10, 3, 10, 3, 30, 3, 10, 3, 10, 3, 10, 3, 10, 3, 30, 3, 10, 3]",16.793189083820696
"[30, 3, 10, 3, 10, 3, 30, 3, 30, 3, 10, 3, 10, 3, 10, 3, 30, 3, 22.790563535199492, 3, 10, 3, 10, 3, 10, 3, 30, 3, 10, 3]",15.85784990253412
"[30, 3, 10, 3, 10, 3, 30, 3, 30, 3, 10, 3, 10, 3, 10, 3, 30, 3, 25.35627229103759, 3, 10, 3, 10, 3, 10, 3, 30, 3, 10, 3]",17.169701754385965
"[30, 3, 15.641669631791789, 3, 10, 3, 30, 3, 30, 3, 10, 3, 10, 3, 10, 3, 30, 3, 14.440084699994973, 3, 10, 3, 10, 3, 10, 3, 30, 3, 10, 3]",16.13368421052632
"[30, 3, 14.299706698670208, 3, 10, 3, 30, 3, 30, 3, 10, 3, 10, 3, 10, 3, 30, 3, 23.43645738016899, 3, 10, 3, 10, 3, 10, 3, 30, 3, 10, 3]",13.99773099415202
"[30, 3, 21.372019831197697, 3, 10, 3, 30, 3, 30, 3, 10, 3, 10, 3, 10, 3, 30, 3, 25.542911896317506, 3, 10, 3, 10, 3, 10, 3, 30, 3, 10, 3]",18.767779727095483
"[30, 3, 15.799137544051325, 3, 10, 3, 30, 3, 30, 3, 10, 3, 10, 3, 10, 3, 30, 3, 24.862302246205918, 3, 10, 3, 10, 3, 10, 3, 30, 3, 10, 3]",17.996011695906425
"[30, 3, 13.486159642703651, 3, 10, 3, 30, 3, 30, 3, 10, 3, 10, 3, 10, 3, 30, 3, 26.715244837411888, 3, 10, 3, 10, 3, 10, 3, 30, 3, 10, 3]",15.92083040935675
"[30, 3, 10, 3, 10, 3, 30, 3, 30, 3, 10, 3, 10, 3, 10, 3, 30, 3, 20.610221702820233, 3, 10, 3, 10, 3, 10, 3, 30, 3, 10, 3]",16.0561481481482
"[30, 3, 14.758819664965698, 3, 10, 3, 30, 3, 30, 3, 10, 3, 10, 3, 10, 3, 30, 3, 10, 3, 10, 3, 10, 3, 10, 3, 30, 3, 10, 3]",16.18098440545808
"[30, 3, 11.669422498988169, 3, 10, 3, 30, 3, 30, 3, 10, 3, 10, 3, 10, 3, 30, 3, 24.311065590210305, 3, 10, 3, 10, 3, 10, 3, 30, 3, 10, 3]",15.746263157894703
"[30, 3, 15.868992579647772, 3, 10, 3, 30, 3, 30, 3, 10, 3, 10, 3, 10, 3, 30, 3, 24.843704967911087, 3, 10, 3, 10, 3, 10, 3, 30, 3, 10, 3]",15.209146198830371
"[30, 3, 12.804226951712563, 3, 10, 3, 30, 3, 30, 3, 10, 3, 10, 3, 10, 3, 30, 3, 21.49129284914272, 3, 10, 3, 10, 3, 10, 3, 30, 3, 10, 3]",16.10990448343078
"[30, 3, 14.51906538109862, 3, 10, 3, 30, 3, 30, 3, 10, 3, 10, 3, 10, 3, 30, 3, 22.888562678428553, 3, 10, 3, 10, 3, 10, 3, 30, 3, 10, 3]",16.037037037037006
"[30, 3, 10, 3, 10, 3, 30, 3, 30, 3, 10, 3, 10, 3, 10, 3, 30, 3, 13.670427362334754, 3, 10, 3, 10, 3, 10, 3, 30, 3, 10, 3]",15.545643274853798
"[30, 3, 14.928887194384092, 3, 10, 3, 30, 3, 30, 3, 10, 3, 10, 3, 10, 3, 30, 3, 10.771779808520199, 3, 10, 3, 10, 3, 10, 3, 30, 3, 10, 3]",15.189730994152068
"[30, 3, 10.043965678705423, 3, 10, 3, 30, 3, 30, 3, 10, 3, 10, 3, 10, 3, 30, 3, 26.015277277279054, 3, 10, 3, 10, 3, 10, 3, 30, 3, 10, 3]",15.756668615984411
"[30, 3, 10, 3, 10, 3, 30, 3, 30, 3, 10, 3, 10, 3, 10, 3, 30, 3, 22.262496047350957, 3, 10, 3, 10, 3, 10, 3, 30, 3, 10, 3]",15.196863547758262
"[30, 3, 10, 3, 10, 3, 30, 3, 30, 3, 10, 3, 10, 3, 10, 3, 30, 3, 24.669763032571986, 3, 10, 3, 10, 3, 10, 3, 30, 3, 10, 3]",17.532518518518522
"[30, 3, 10, 3, 10, 3, 30, 3, 30, 3, 10, 3, 10, 3, 10, 3, 30, 3, 21.371193244616588, 3, 10, 3, 10, 3, 10, 3, 30, 3, 10, 3]",17.216859649122842
"[30, 3, 14.23116455135913, 3, 10, 3, 30, 3, 30, 3, 10, 3, 10, 3, 10, 3, 30, 3, 10, 3, 10, 3, 10, 3, 10, 3, 30, 3, 10, 3]",17.537836257309984
"[30, 3, 10, 3, 10, 3, 30, 3, 30, 3, 10, 3, 10, 3, 10, 3, 30, 3, 22.790563535199492, 3, 10, 3, 10, 3, 10, 3, 30, 3, 10, 3]",15.09456335282651
"[30, 3, 10, 3, 10, 3, 30, 3, 30, 3, 10, 3, 10, 3, 10, 3, 30, 3, 25.35627229103759, 3, 10, 3, 10, 3, 10, 3, 30, 3, 10, 3]",15.06612670565303
"[30, 3, 15.641669631791789, 3, 10, 3, 30, 3, 30, 3, 10, 3, 10, 3, 10, 3, 30, 3, 14.440084699994973, 3, 10, 3, 10, 3, 10, 3, 30, 3, 10, 3]",15.71396686159847
"[30, 3, 14.299706698670208, 3, 10, 3, 30, 3, 30, 3, 10, 3, 10, 3, 10, 3, 30, 3, 23.43645738016899, 3, 10, 3, 10, 3, 10, 3, 30, 3, 10, 3]",16.27203898635476
"[30, 3, 21.372019831197697, 3, 10, 3, 30, 3, 30, 3, 10, 3, 10, 3, 10, 3, 30, 3, 25.542911896317506, 3, 10, 3, 10, 3, 10, 3, 30, 3, 10, 3]",16.635653021442465
"[30, 3, 15.799137544051325, 3, 10, 3, 30, 3, 30, 3, 10, 3, 10, 3, 10, 3, 30, 3, 24.862302246205918, 3, 10, 3, 10, 3, 10, 3, 30, 3, 10, 3]",17.520682261208577
"[30, 3, 13.486159642703651, 3, 10, 3, 30, 3, 30, 3, 10, 3, 10, 3, 10, 3, 30, 3, 26.715244837411888, 3, 10, 3, 10, 3, 10, 3, 30, 3, 10, 3]",15.415389863547764
"[30, 3, 10, 3, 10, 3, 30, 3, 30, 3, 10, 3, 10, 3, 10, 3, 30, 3, 20.610221702820233, 3, 10, 3, 10, 3, 10, 3, 30, 3, 10, 3]",15.907910331384048
"[30, 3, 14.758819664965698, 3, 10, 3, 30, 3, 30, 3, 10, 3, 10, 3, 10, 3, 30, 3, 10, 3, 10, 3, 10, 3, 10, 3, 30, 3, 10, 3]",16.903364522417203
"[30, 3, 11.669422498988169, 3, 10, 3, 30, 3, 30, 3, 10, 3, 10, 3, 10, 3, 30, 3, 24.311065590210305, 3, 10, 3, 10, 3, 10, 3, 30, 3, 10, 3]",15.933368421052663
"[30, 3, 15.868992579647772, 3, 10, 3, 30, 3, 30, 3, 10, 3, 10, 3, 10, 3, 30, 3, 24.843704967911087, 3, 10, 3, 10, 3, 10, 3, 30, 3, 10, 3]",16.24722222222218
"[30, 3, 12.804226951712563, 3, 10, 3, 30, 3, 30, 3, 10, 3, 10, 3, 10, 3, 30, 3, 21.49129284914272, 3, 10, 3, 10, 3, 10, 3, 30, 3, 10, 3]",16.917684210526307
"[30, 3, 14.51906538109862, 3, 10, 3, 30, 3, 30, 3, 10, 3, 10, 3, 10, 3, 30, 3, 22.888562678428553, 3, 10, 3, 10, 3, 10, 3, 30, 3, 10, 3]",15.154600389863539
"[30, 3, 10, 3, 10, 3, 30, 3, 30, 3, 10, 3, 10, 3, 10, 3, 30, 3, 13.670427362334754, 3, 10, 3, 10, 3, 10, 3, 30, 3, 10, 3]",16.342512670565227
"[30, 3, 14.928887194384092, 3, 10, 3, 30, 3, 30, 3, 10, 3, 10, 3, 10, 3, 30, 3, 10.771779808520199, 3, 10, 3, 10, 3, 10, 3, 30, 3, 10, 3]",17.597477582845972
"[30, 3, 10.043965678705423, 3, 10, 3, 30, 3, 30, 3, 10, 3, 10, 3, 10, 3, 30, 3, 26.015277277279054, 3, 10, 3, 10, 3, 10, 3, 30, 3, 10, 3]",16.661054580896668
"[30, 3, 10, 3, 10, 3, 30, 3, 30, 3, 10, 3, 10, 3, 10, 3, 30, 3, 22.262496047350957, 3, 10, 3, 10, 3, 10, 3, 30, 3, 10, 3]",15.596163742690033
"[30, 3, 10, 3, 10, 3, 30, 3, 30, 3, 10, 3, 10, 3, 10, 3, 30, 3, 24.669763032571986, 3, 10, 3, 10, 3, 10, 3, 30, 3, 10, 3]",15.67225730994151
"[30, 3, 10, 3, 10, 3, 30, 3, 30, 3, 10, 3, 10, 3, 10, 3, 30, 3, 21.371193244616588, 3, 10, 3, 10, 3, 10, 3, 30, 3, 10, 3]",17.874567251461965
"[30, 3, 14.23116455135913, 3, 10, 3, 30, 3, 30, 3, 10, 3, 10, 3, 10, 3, 30, 3, 10, 3, 10, 3, 10, 3, 10, 3, 30, 3, 10, 3]",14.520539961013684
"[30, 3, 10, 3, 10, 3, 30, 3, 30, 3, 10, 3, 10, 3, 10, 3, 30, 3, 22.790563535199492, 3, 10, 3, 10, 3, 10, 3, 30, 3, 10, 3]",17.101524366471736
"[30, 3, 10, 3, 10, 3, 30, 3, 30, 3, 10, 3, 10, 3, 10, 3, 30, 3, 25.35627229103759, 3, 10, 3, 10, 3, 10, 3, 30, 3, 10, 3]",15.905444444444434
"[30, 3, 15.641669631791789, 3, 10, 3, 30, 3, 30, 3, 10, 3, 10, 3, 10, 3, 30, 3, 14.440084699994973, 3, 10, 3, 10, 3, 10, 3, 30, 3, 10, 3]",16.463756335282635
"[30, 3, 14.299706698670208, 3, 10, 3, 30, 3, 30, 3, 10, 3, 10, 3, 10, 3, 30, 3, 23.43645738016899, 3, 10, 3, 10, 3, 10, 3, 30, 3, 10, 3]",16.375528265107224
"[30, 3, 21.372019831197697, 3, 10, 3, 30, 3, 30, 3, 10, 3, 10, 3, 10, 3, 30, 3, 25.542911896317506, 3, 10, 3, 10, 3, 10, 3, 30, 3, 10, 3]",16.466167641325548
"[30, 3, 15.799137544051325, 3, 10, 3, 30, 3, 30, 3, 10, 3, 10, 3, 10, 3, 30, 3, 24.862302246205918, 3, 10, 3, 10, 3, 10, 3, 30, 3, 10, 3]",15.576337231968811
"[30, 3, 13.486159642703651, 3, 10, 3, 30, 3, 30, 3, 10, 3, 10, 3, 10, 3, 30, 3, 26.715244837411888, 3, 10, 3, 10, 3, 10, 3, 30, 3, 10, 3]",16.00016179337229
"[30, 3, 10, 3, 10, 3, 30, 3, 30, 3, 10, 3, 10, 3, 10, 3, 30, 3, 20.610221702820233, 3, 10, 3, 10, 3, 10, 3, 30, 3, 10, 3]",16.777598440545823
"[30, 3, 14.758819664965698, 3, 10, 3, 30, 3, 30, 3, 10, 3, 10, 3, 10, 3, 30, 3, 10, 3, 10, 3, 10, 3, 10, 3, 30, 3, 10, 3]",16.299056530214422
"[30, 3, 11.669422498988169, 3, 10, 3, 30, 3, 30, 3, 10, 3, 10, 3, 10, 3, 30, 3, 24.311065590210305, 3, 10, 3, 10, 3, 10, 3, 30, 3, 10, 3]",16.488541910331367
"[30, 3, 15.868992579647772, 3, 10, 3, 30, 3, 30, 3, 10, 3, 10, 3, 10, 3, 30, 3, 24.843704967911087, 3, 10, 3, 10, 3, 10, 3, 30, 3, 10, 3]",15.909861598440564
"[30, 3, 12.804226951712563, 3, 10, 3, 30, 3, 30, 3, 10, 3, 10, 3, 10, 3, 30, 3, 21.49129284914272, 3, 10, 3, 10, 3, 10, 3, 30, 3, 10, 3]",14.5011773879142
"[30, 3, 14.51906538109862, 3, 10, 3, 30, 3, 30, 3, 10, 3, 10, 3, 10, 3, 30, 3, 22.888562678428553, 3, 10, 3, 10, 3, 10, 3, 30, 3, 10, 3]",17.044545808966834
"[30, 3, 10, 3, 10, 3, 30, 3, 30, 3, 10, 3, 10, 3, 10, 3, 30, 3, 13.670427362334754, 3, 10, 3, 10, 3, 10, 3, 30, 3, 10, 3]",15.178927875243673
"[30, 3, 14.928887194384092, 3, 10, 3, 30, 3, 30, 3, 10, 3, 10, 3, 10, 3, 30, 3, 10.771779808520199, 3, 10, 3, 10, 3, 10, 3, 30, 3, 10, 3]",16.642764132553623
"[30, 3, 10.043965678705423, 3, 10, 3, 30, 3, 30, 3, 10, 3, 10, 3, 10, 3, 30, 3, 26.015277277279054, 3, 10, 3, 10, 3, 10, 3, 30, 3, 10, 3]",15.361931773879158
"[30, 3, 10, 3, 10, 3, 30, 3, 30, 3, 10, 3, 10, 3, 10, 3, 30, 3, 22.262496047350957, 3, 10, 3, 10, 3, 10, 3, 30, 3, 10, 3]",16.068732943469815
"[30, 3, 10, 3, 10, 3, 30, 3, 30, 3, 10, 3, 10, 3, 10, 3, 30, 3, 24.669763032571986, 3, 10, 3, 10, 3, 10, 3, 30, 3, 10, 3]",16.721021442495136
"[30, 3, 10, 3, 10, 3, 30, 3, 30, 3, 10, 3, 10, 3, 10, 3, 30, 3, 21.371193244616588, 3, 10, 3, 10, 3, 10, 3, 30, 3, 10, 3]",17.208602339181265
"[30, 3, 14.23116455135913, 3, 10, 3, 30, 3, 30, 3, 10, 3, 10, 3, 10, 3, 30, 3, 10, 3, 10, 3, 10, 3, 10, 3, 30, 3, 10, 3]",16.230945419103346
"[30, 3, 10, 3, 10, 3, 30, 3, 30, 3, 10, 3, 10, 3, 10, 3, 30, 3, 22.790563535199492, 3, 10, 3, 10, 3, 10, 3, 30, 3, 10, 3]",15.580939571150068
"[30, 3, 10, 3, 10, 3, 30, 3, 30, 3, 10, 3, 10, 3, 10, 3, 30, 3, 25.35627229103759, 3, 10, 3, 10, 3, 10, 3, 30, 3, 10, 3]",16.10528654970762
"[30, 3, 15.641669631791789, 3, 10, 3, 30, 3, 30, 3, 10, 3, 10, 3, 10, 3, 30, 3, 14.440084699994973, 3, 10, 3, 10, 3, 10, 3, 30, 3, 10, 3]",16.09261013645227
"[30, 3, 14.299706698670208, 3, 10, 3, 30, 3, 30, 3, 10, 3, 10, 3, 10, 3, 30, 3, 23.43645738016899, 3, 10, 3, 10, 3, 10, 3, 30, 3, 10, 3]",16.58517348927874
"[30, 3, 21.372019831197697, 3, 10, 3, 30, 3, 30, 3, 10, 3, 10, 3, 10, 3, 30, 3, 25.542911896317506, 3, 10, 3, 10, 3, 10, 3, 30, 3, 10, 3]",17.374847953216396
"[30, 3, 15.799137544051325, 3, 10, 3, 30, 3, 30, 3, 10, 3, 10, 3, 10, 3, 30, 3, 24.862302246205918, 3, 10, 3, 10, 3, 10, 3, 30, 3, 10, 3]",15.514787524366483
"[30, 3, 13.486159642703651, 3, 10, 3, 30, 3, 30, 3, 10, 3, 10, 3, 10, 3, 30, 3, 26.715244837411888, 3, 10, 3, 10, 3, 10, 3, 30, 3, 10, 3]",16.36092982456143
"[30, 3, 10, 3, 10, 3, 30, 3, 30, 3, 10, 3, 10, 3, 10, 3, 30, 3, 20.610221702820233, 3, 10, 3, 10, 3, 10, 3, 30, 3, 10, 3]",17.274074074074072
"[30, 3, 14.758819664965698, 3, 10, 3, 30, 3, 30, 3, 10, 3, 10, 3, 10, 3, 30, 3, 10, 3, 10, 3, 10, 3, 10, 3, 30, 3, 10, 3]",17.60939181286549
"[30, 3, 11.669422498988169, 3, 10, 3, 30, 3, 30, 3, 10, 3, 10, 3, 10, 3, 30, 3, 24.311065590210305, 3, 10, 3, 10, 3, 10, 3, 30, 3, 10, 3]",14.803865497075979
"[30, 3, 15.868992579647772, 3, 10, 3, 30, 3, 30, 3, 10, 3, 10, 3, 10, 3, 30, 3, 24.843704967911087, 3, 10, 3, 10, 3, 10, 3, 30, 3, 10, 3]",16.318446393762134
"[30, 3, 12.804226951712563, 3, 10, 3, 30, 3, 30, 3, 10, 3, 10, 3, 10, 3, 30, 3, 21.49129284914272, 3, 10, 3, 10, 3, 10, 3, 30, 3, 10, 3]",14.893376218323592
"[30, 3, 14.51906538109862, 3, 10, 3, 30, 3, 30, 3, 10, 3, 10, 3, 10, 3, 30, 3, 22.888562678428553, 3, 10, 3, 10, 3, 10, 3, 30, 3, 10, 3]",17.685645224171548
"[30, 3, 10, 3, 10, 3, 30, 3, 30, 3, 10, 3, 10, 3, 10, 3, 30, 3, 13.670427362334754, 3, 10, 3, 10, 3, 10, 3, 30, 3, 10, 3]",17.078417153996057
"[30, 3, 14.928887194384092, 3, 10, 3, 30, 3, 30, 3, 10, 3, 10, 3, 10, 3, 30, 3, 10.771779808520199, 3, 10, 3, 10, 3, 10, 3, 30, 3, 10, 3]",16.441660818713423
"[30, 3, 10.043965678705423, 3, 10, 3, 30, 3, 30, 3, 10, 3, 10, 3, 10, 3, 30, 3, 26.015277277279054, 3, 10, 3, 10, 3, 10, 3, 30, 3, 10, 3]",16.718682261208578
"[30, 3, 10, 3, 10, 3, 30, 3, 30, 3, 10, 3, 10, 3, 10, 3, 30, 3, 22.262496047350957, 3, 10, 3, 10, 3, 10, 3, 30, 3, 10, 3]",15.212688109161757
"[30, 3, 10, 3, 10, 3, 30, 3, 30, 3, 10, 3, 10, 3, 10, 3, 30, 3, 24.669763032571986, 3, 10, 3, 10, 3, 10, 3, 30, 3, 10, 3]",16.99093177387914
"[30, 3, 10, 3, 10, 3, 30, 3, 30, 3, 10, 3, 10, 3, 10, 3, 30, 3, 21.371193244616588, 3, 10, 3, 10, 3, 10, 3, 30, 3, 10, 3]",16.460218323586734
"[30, 3, 14.23116455135913, 3, 10, 3, 30, 3, 30, 3, 10, 3, 10, 3, 10, 3, 30, 3, 10, 3, 10, 3, 10, 3, 10, 3, 30, 3, 10, 3]",15.52112670565303
"[30, 3, 10, 3, 10, 3, 30, 3, 30, 3, 10, 3, 10, 3, 10, 3, 30, 3, 22.790563535199492, 3, 10, 3, 10, 3, 10, 3, 30, 3, 10, 3]",16.428522417154024
"[30, 3, 10, 3, 10, 3, 30, 3, 30, 3, 10, 3, 10, 3, 10, 3, 30, 3, 25.35627229103759, 3, 10, 3, 10, 3, 10, 3, 30, 3, 10, 3]",16.136216374269036
"[30, 3, 15.641669631791789, 3, 10, 3, 30, 3, 30, 3, 10, 3, 10, 3, 10, 3, 30, 3, 14.440084699994973, 3, 10, 3, 10, 3, 10, 3, 30, 3, 10, 3]",16.747423001949315
"[30, 3, 14.299706698670208, 3, 10, 3, 30, 3, 30, 3, 10, 3, 10, 3, 10, 3, 30, 3, 23.43645738016899, 3, 10, 3, 10, 3, 10, 3, 30, 3, 10, 3]",16.936483430799232
"[30, 3, 21.372019831197697, 3, 10, 3, 30, 3, 30, 3, 10, 3, 10, 3, 10, 3, 30, 3, 25.542911896317506, 3, 10, 3, 10, 3, 10, 3, 30, 3, 10, 3]",16.279471734892798
"[30, 3, 15.799137544051325, 3, 10, 3, 30, 3, 30, 3, 10, 3, 10, 3, 10, 3, 30, 3, 24.862302246205918, 3, 10, 3, 10, 3, 10, 3, 30, 3, 10, 3]",14.97977582846
"[30, 3, 13.486159642703651, 3, 10, 3, 30, 3, 30, 3, 10, 3, 10, 3, 10, 3, 30, 3, 26.715244837411888, 3, 10, 3, 10, 3, 10, 3, 30, 3, 10, 3]",16.004846003898592
"[30, 3, 10, 3, 10, 3, 30, 3, 30, 3, 10, 3, 10, 3, 10, 3, 30, 3, 20.610221702820233, 3, 10, 3, 10, 3, 10, 3, 30, 3, 10, 3]",18.250541910331368
"[30, 3, 14.758819664965698, 3, 10, 3, 30, 3, 30, 3, 10, 3, 10, 3, 10, 3, 30, 3, 10, 3, 10, 3, 10, 3, 10, 3, 30, 3, 10, 3]",17.41832943469783
"[30, 3, 11.669422498988169, 3, 10, 3, 30, 3, 30, 3, 10, 3, 10, 3, 10, 3, 30, 3, 24.311065590210305, 3, 10, 3, 10, 3, 10, 3, 30, 3, 10, 3]",15.859805068226102
"[30, 3, 15.868992579647772, 3, 10, 3, 30, 3, 30, 3, 10, 3, 10, 3, 10, 3, 30, 3, 24.843704967911087, 3, 10, 3, 10, 3, 10, 3, 30, 3, 10, 3]",17.701323586744635
"[30, 3, 12.804226951712563, 3, 10, 3, 30, 3, 30, 3, 10, 3, 10, 3, 10, 3, 30, 3, 21.49129284914272, 3, 10, 3, 10, 3, 10, 3, 30, 3, 10, 3]",15.467688109161834
"[30, 3, 14.51906538109862, 3, 10, 3, 30, 3, 30, 3, 10, 3, 10, 3, 10, 3, 30, 3, 22.888562678428553, 3, 10, 3, 10, 3, 10, 3, 30, 3, 10, 3]",15.09059259259267
"[30, 3, 10, 3, 10, 3, 30, 3, 30, 3, 10, 3, 10, 3, 10, 3, 30, 3, 13.670427362334754, 3, 10, 3, 10, 3, 10, 3, 30, 3, 10, 3]",16.426107212475618
"[30, 3, 14.928887194384092, 3, 10, 3, 30, 3, 30, 3, 10, 3, 10, 3, 10, 3, 30, 3, 10.771779808520199, 3, 10, 3, 10, 3, 10, 3, 30, 3, 10, 3]",17.865307992202755
"[30, 3, 10.043965678705423, 3, 10, 3, 30, 3, 30, 3, 10, 3, 10, 3, 10, 3, 30, 3, 26.015277277279054, 3, 10, 3, 10, 3, 10, 3, 30, 3, 10, 3]",16.997812865497092
"[30, 3, 10, 3, 10, 3, 30, 3, 30, 3, 10, 3, 10, 3, 10, 3, 30, 3, 22.262496047350957, 3, 10, 3, 10, 3, 10, 3, 30, 3, 10, 3]",16.83368031189085
"[30, 3, 10, 3, 10, 3, 30, 3, 30, 3, 10, 3, 10, 3, 10, 3, 30, 3, 24.669763032571986, 3, 10, 3, 10, 3, 10, 3, 30, 3, 10, 3]",16.311038986354784
"[30, 3, 10, 3, 10, 3, 30, 3, 30, 3, 10, 3, 10, 3, 10, 3, 30, 3, 21.371193244616588, 3, 10, 3, 10, 3, 10, 3, 30, 3, 10, 3]",14.802489278752434
"[30, 3, 14.23116455135913, 3, 10, 3, 30, 3, 30, 3, 10, 3, 10, 3, 10, 3, 30, 3, 10, 3, 10, 3, 10, 3, 10, 3, 30, 3, 10, 3]",16.529148148148163
"[30, 3, 10, 3, 10, 3, 30, 3, 30, 3, 10, 3, 10, 3, 10, 3, 30, 3, 22.790563535199492, 3, 10, 3, 10, 3, 10, 3, 30, 3, 10, 3]",14.138617933723184
"[30, 3, 10, 3, 10, 3, 30, 3, 30, 3, 10, 3, 10, 3, 10, 3, 30, 3, 25.35627229103759, 3, 10, 3, 10, 3, 10, 3, 30, 3, 10, 3]",15.680920077972724
"[30, 3, 15.641669631791789, 3, 10, 3, 30, 3, 30, 3, 10, 3, 10, 3, 10, 3, 30, 3, 14.440084699994973, 3, 10, 3, 10, 3, 10, 3, 30, 3, 10, 3]",15.873563352826505
"[30, 3, 14.299706698670208, 3, 10, 3, 30, 3, 30, 3, 10, 3, 10, 3, 10, 3, 30, 3, 23.43645738016899, 3, 10, 3, 10, 3, 10, 3, 30, 3, 10, 3]",17.190629629629637
"[30, 3, 21.372019831197697, 3, 10, 3, 30, 3, 30, 3, 10, 3, 10, 3, 10, 3, 30, 3, 25.542911896317506, 3, 10, 3, 10, 3, 10, 3, 30, 3, 10, 3]",17.424070175438594
"[30, 3, 15.799137544051325, 3, 10, 3, 30, 3, 30, 3, 10, 3, 10, 3, 10, 3, 30, 3, 24.862302246205918, 3, 10, 3, 10, 3, 10, 3, 30, 3, 10, 3]",16.85650877192985
"[30, 3, 13.486159642703651, 3, 10, 3, 30, 3, 30, 3, 10, 3, 10, 3, 10, 3, 30, 3, 26.715244837411888, 3, 10, 3, 10, 3, 10, 3, 30, 3, 10, 3]",14.856278752436618
"[30, 3, 10, 3, 10, 3, 30, 3, 30, 3, 10, 3, 10, 3, 10, 3, 30, 3, 20.610221702820233, 3, 10, 3, 10, 3, 10, 3, 30, 3, 10, 3]",15.977578947368402
"[30, 3, 14.758819664965698, 3, 10, 3, 30, 3, 30, 3, 10, 3, 10, 3, 10, 3, 30, 3, 10, 3, 10, 3, 10, 3, 10, 3, 30, 3, 10, 3]",18.048906432748552
"[30, 3, 11.669422498988169, 3, 10, 3, 30, 3, 30, 3, 10, 3, 10, 3, 10, 3, 30, 3, 24.311065590210305, 3, 10, 3, 10, 3, 10, 3, 30, 3, 10, 3]",15.891265107212455
"[30, 3, 15.868992579647772, 3, 10, 3, 30, 3, 30, 3, 10, 3, 10, 3, 10, 3, 30, 3, 24.843704967911087, 3, 10, 3, 10, 3, 10, 3, 30, 3, 10, 3]",16.03531968810919
"[30, 3, 12.804226951712563, 3, 10, 3, 30, 3, 30, 3, 10, 3, 10, 3, 10, 3, 30, 3, 21.49129284914272, 3, 10, 3, 10, 3, 10, 3, 30, 3, 10, 3]",14.78676413255362
"[30, 3, 14.51906538109862, 3, 10, 3, 30, 3, 30, 3, 10, 3, 10, 3, 10, 3, 30, 3, 22.888562678428553, 3, 10, 3, 10, 3, 10, 3, 30, 3, 10, 3]",16.59159844054582
"[30, 3, 10, 3, 10, 3, 30, 3, 30, 3, 10, 3, 10, 3, 10, 3, 30, 3, 13.670427362334754, 3, 10, 3, 10, 3, 10, 3, 30, 3, 10, 3]",15.64620272904483
"[30, 3, 14.928887194384092, 3, 10, 3, 30, 3, 30, 3, 10, 3, 10, 3, 10, 3, 30, 3, 10.771779808520199, 3, 10, 3, 10, 3, 10, 3, 30, 3, 10, 3]",16.02728849902534
"[30, 3, 10.043965678705423, 3, 10, 3, 30, 3, 30, 3, 10, 3, 10, 3, 10, 3, 30, 3, 26.015277277279054, 3, 10, 3, 10, 3, 10, 3, 30, 3, 10, 3]",15.335192982456153
"[30, 3, 10, 3, 10, 3, 30, 3, 30, 3, 10, 3, 10, 3, 10, 3, 30, 3, 22.262496047350957, 3, 10, 3, 10, 3, 10, 3, 30, 3, 10, 3]",16.976894736842148
"[30, 3, 10, 3, 10, 3, 30, 3, 30, 3, 10, 3, 10, 3, 10, 3, 30, 3, 24.669763032571986, 3, 10, 3, 10, 3, 10, 3, 30, 3, 10, 3]",15.00330799220276
"[30, 3, 10, 3, 10, 3, 30, 3, 30, 3, 10, 3, 10, 3, 10, 3, 30, 3, 21.371193244616588, 3, 10, 3, 10, 3, 10, 3, 30, 3, 10, 3]",17.041208576998073
"[30, 3, 14.23116455135913, 3, 10, 3, 30, 3, 30, 3, 10, 3, 10, 3, 10, 3, 30, 3, 10, 3, 10, 3, 10, 3, 10, 3, 30, 3, 10, 3]",15.410996101364505
"[30, 3, 10, 3, 10, 3, 30, 3, 30, 3, 10, 3, 10, 3, 10, 3, 30, 3, 22.790563535199492, 3, 10, 3, 10, 3, 10, 3, 30, 3, 10, 3]",13.035085769980503
"[30, 3, 10, 3, 10, 3, 30, 3, 30, 3, 10, 3, 10, 3, 10, 3, 30, 3, 25.35627229103759, 3, 10, 3, 10, 3, 10, 3, 30, 3, 10, 3]",18.876879142300215
"[30, 3, 15.641669631791789, 3, 10, 3, 30, 3, 30, 3, 10, 3, 10, 3, 10, 3, 30, 3, 14.440084699994973, 3, 10, 3, 10, 3, 10, 3, 30, 3, 10, 3]",16.10769200779729
"[30, 3, 14.299706698670208, 3, 10, 3, 30, 3, 30, 3, 10, 3, 10, 3, 10, 3, 30, 3, 23.43645738016899, 3, 10, 3, 10, 3, 10, 3, 30, 3, 10, 3]",17.720311890838193
"[30, 3, 21.372019831197697, 3, 10, 3, 30, 3, 30, 3, 10, 3, 10, 3, 10, 3, 30, 3, 25.542911896317506, 3, 10, 3, 10, 3, 10, 3, 30, 3, 10, 3]",18.269744639376196
"[30, 3, 15.799137544051325, 3, 10, 3, 30, 3, 30, 3, 10, 3, 10, 3, 10, 3, 30, 3, 24.862302246205918, 3, 10, 3, 10, 3, 10, 3, 30, 3, 10, 3]",17.149840155945398
"[30, 3, 13.486159642703651, 3, 10, 3, 30, 3, 30, 3, 10, 3, 10, 3, 10, 3, 30, 3, 26.715244837411888, 3, 10, 3, 10, 3, 10, 3, 30, 3, 10, 3]",15.170079922027297
"[30, 3, 10, 3, 10, 3, 30, 3, 30, 3, 10, 3, 10, 3, 10, 3, 30, 3, 20.610221702820233, 3, 10, 3, 10, 3, 10, 3, 30, 3, 10, 3]",16.852912280701776
"[30, 3, 14.758819664965698, 3, 10, 3, 30, 3, 30, 3, 10, 3, 10, 3, 10, 3, 30, 3, 10, 3, 10, 3, 10, 3, 10, 3, 30, 3, 10, 3]",17.928709551656898
"[30, 3, 11.669422498988169, 3, 10, 3, 30, 3, 30, 3, 10, 3, 10, 3, 10, 3, 30, 3, 24.311065590210305, 3, 10, 3, 10, 3, 10, 3, 30, 3, 10, 3]",16.651547758284615
"[30, 3, 15.868992579647772, 3, 10, 3, 30, 3, 30, 3, 10, 3, 10, 3, 10, 3, 30, 3, 24.843704967911087, 3, 10, 3, 10, 3, 10, 3, 30, 3, 10, 3]",16.359218323586767
"[30, 3, 12.804226951712563, 3, 10, 3, 30, 3, 30, 3, 10, 3, 10, 3, 10, 3, 30, 3, 21.49129284914272, 3, 10, 3, 10, 3, 10, 3, 30, 3, 10, 3]",14.689867446393809
"[30, 3, 14.51906538109862, 3, 10, 3, 30, 3, 30, 3, 10, 3, 10, 3, 10, 3, 30, 3, 22.888562678428553, 3, 10, 3, 10, 3, 10, 3, 30, 3, 10, 3]",16.64032748538013
"[30, 3, 10, 3, 10, 3, 30, 3, 30, 3, 10, 3, 10, 3, 10, 3, 30, 3, 13.670427362334754, 3, 10, 3, 10, 3, 10, 3, 30, 3, 10, 3]",18.311040935672516
"[30, 3, 14.928887194384092, 3, 10, 3, 30, 3, 30, 3, 10, 3, 10, 3, 10, 3, 30, 3, 10.771779808520199, 3, 10, 3, 10, 3, 10, 3, 30, 3, 10, 3]",15.973485380116937
"[30, 3, 10.043965678705423, 3, 10, 3, 30, 3, 30, 3, 10, 3, 10, 3, 10, 3, 30, 3, 26.015277277279054, 3, 10, 3, 10, 3, 10, 3, 30, 3, 10, 3]",16.83975828460037
"[30, 3, 10, 3, 10, 3, 30, 3, 30, 3, 10, 3, 10, 3, 10, 3, 30, 3, 22.262496047350957, 3, 10, 3, 10, 3, 10, 3, 30, 3, 10, 3]",16.422631578947385
"[30, 3, 10, 3, 10, 3, 30, 3, 30, 3, 10, 3, 10, 3, 10, 3, 30, 3, 24.669763032571986, 3, 10, 3, 10, 3, 10, 3, 30, 3, 10, 3]",16.58685964912281
"[30, 3, 10, 3, 10, 3, 30, 3, 30, 3, 10, 3, 10, 3, 10, 3, 30, 3, 21.371193244616588, 3, 10, 3, 10, 3, 10, 3, 30, 3, 10, 3]",17.13237816764136
"[30, 3, 14.23116455135913, 3, 10, 3, 30, 3, 30, 3, 10, 3, 10, 3, 10, 3, 30, 3, 10, 3, 10, 3, 10, 3, 10, 3, 30, 3, 10, 3]",15.514752436647195
"[30, 3, 10, 3, 10, 3, 30, 3, 30, 3, 10, 3, 10, 3, 10, 3, 30, 3, 22.790563535199492, 3, 10, 3, 10, 3, 10, 3, 30, 3, 10, 3]",15.859019493177424
"[30, 3, 10, 3, 10, 3, 30, 3, 30, 3, 10, 3, 10, 3, 10, 3, 30, 3, 25.35627229103759, 3, 10, 3, 10, 3, 10, 3, 30, 3, 10, 3]",16.64003508771929
"[30, 3, 15.641669631791789, 3, 10, 3, 30, 3, 30, 3, 10, 3, 10, 3, 10, 3, 30, 3, 14.440084699994973, 3, 10, 3, 10, 3, 10, 3, 30, 3, 10, 3]",16.91790058479531
"[30, 3, 14.299706698670208, 3, 10, 3, 30, 3, 30, 3, 10, 3, 10, 3, 10, 3, 30, 3, 23.43645738016899, 3, 10, 3, 10, 3, 10, 3, 30, 3, 10, 3]",16.674625730994137
"[30, 3, 21.372019831197697, 3, 10, 3, 30, 3, 30, 3, 10, 3, 10, 3, 10, 3, 30, 3, 25.542911896317506, 3, 10, 3, 10, 3, 10, 3, 30, 3, 10, 3]",15.418516569200774
"[30, 3, 15.799137544051325, 3, 10, 3, 30, 3, 30, 3, 10, 3, 10, 3, 10, 3, 30, 3, 24.862302246205918, 3, 10, 3, 10, 3, 10, 3, 30, 3, 10, 3]",18.0531169590643
"[30, 3, 13.486159642703651, 3, 10, 3, 30, 3, 30, 3, 10, 3, 10, 3, 10, 3, 30, 3, 26.715244837411888, 3, 10, 3, 10, 3, 10, 3, 30, 3, 10, 3]",15.151684210526323
"[30, 3, 10, 3, 10, 3, 30, 3, 30, 3, 10, 3, 10, 3, 10, 3, 30, 3, 20.610221702820233, 3, 10, 3, 10, 3, 10, 3, 30, 3, 10, 3]",15.230272904483451
"[30, 3, 14.758819664965698, 3, 10, 3, 30, 3, 30, 3, 10, 3, 10, 3, 10, 3, 30, 3, 10, 3, 10, 3, 10, 3, 10, 3, 30, 3, 10, 3]",16.4073021442495
"[30, 3, 11.669422498988169, 3, 10, 3, 30, 3, 30, 3, 10, 3, 10, 3, 10, 3, 30, 3, 24.311065590210305, 3, 10, 3, 10, 3, 10, 3, 30, 3, 10, 3]",16.615927875243695
"[30, 3, 15.868992579647772, 3, 10, 3, 30, 3, 30, 3, 10, 3, 10, 3, 10, 3, 30, 3, 24.843704967911087, 3, 10, 3, 10, 3, 10, 3, 30, 3, 10, 3]",16.14830019493178
"[30, 3, 12.804226951712563, 3, 10, 3, 30, 3, 30, 3, 10, 3, 10, 3, 10, 3, 30, 3, 21.49129284914272, 3, 10, 3, 10, 3, 10, 3, 30, 3, 10, 3]",16.395631578947373
"[30, 3, 14.51906538109862, 3, 10, 3, 30, 3, 30, 3, 10, 3, 10, 3, 10, 3, 30, 3, 22.888562678428553, 3, 10, 3, 10, 3, 10, 3, 30, 3, 10, 3]",15.136805068226126
"[30, 3, 10, 3, 10, 3, 30, 3, 30, 3, 10, 3, 10, 3, 10, 3, 30, 3, 13.670427362334754, 3, 10, 3, 10, 3, 10, 3, 30, 3, 10, 3]",16.47224171539961
"[30, 3, 14.928887194384092, 3, 10, 3, 30, 3, 30, 3, 10, 3, 10, 3, 10, 3, 30, 3, 10.771779808520199, 3, 10, 3, 10, 3, 10, 3, 30, 3, 10, 3]",16.409672514619906
"[30, 3, 10.043965678705423, 3, 10, 3, 30, 3, 30, 3, 10, 3, 10, 3, 10, 3, 30, 3, 26.015277277279054, 3, 10, 3, 10, 3, 10, 3, 30, 3, 10, 3]",15.34540155945423
"[30, 3, 10, 3, 10, 3, 30, 3, 30, 3, 10, 3, 10, 3, 10, 3, 30, 3, 22.262496047350957, 3, 10, 3, 10, 3, 10, 3, 30, 3, 10, 3]",16.3490565302144
"[30, 3, 10, 3, 10, 3, 30, 3, 30, 3, 10, 3, 10, 3, 10, 3, 30, 3, 24.669763032571986, 3, 10, 3, 10, 3, 10, 3, 30, 3, 10, 3]",16.90714619883045
"[30, 3, 10, 3, 10, 3, 30, 3, 30, 3, 10, 3, 10, 3, 10, 3, 30, 3, 21.371193244616588, 3, 10, 3, 10, 3, 10, 3, 30, 3, 10, 3]",17.473986354775803
"[30, 3, 14.23116455135913, 3, 10, 3, 30, 3, 30, 3, 10, 3, 10, 3, 10, 3, 30, 3, 10, 3, 10, 3, 10, 3, 10, 3, 30, 3, 10, 3]",15.324707602339151
"[30, 3, 10, 3, 10, 3, 30, 3, 30, 3, 10, 3, 10, 3, 10, 3, 30, 3, 22.790563535199492, 3, 10, 3, 10, 3, 10, 3, 30, 3, 10, 3]",15.864530214424926
"[30, 3, 10, 3, 10, 3, 30, 3, 30, 3, 10, 3, 10, 3, 10, 3, 30, 3, 25.35627229103759, 3, 10, 3, 10, 3, 10, 3, 30, 3, 10, 3]",16.09316374269003
"[30, 3, 15.641669631791789, 3, 10, 3, 30, 3, 30, 3, 10, 3, 10, 3, 10, 3, 30, 3, 14.440084699994973, 3, 10, 3, 10, 3, 10, 3, 30, 3, 10, 3]",14.906493177387881
"[30, 3, 14.299706698670208, 3, 10, 3, 30, 3, 30, 3, 10, 3, 10, 3, 10, 3, 30, 3, 23.43645738016899, 3, 10, 3, 10, 3, 10, 3, 30, 3, 10, 3]",15.65294736842102
"[30, 3, 21.372019831197697, 3, 10, 3, 30, 3, 30, 3, 10, 3, 10, 3, 10, 3, 30, 3, 25.542911896317506, 3, 10, 3, 10, 3, 10, 3, 30, 3, 10, 3]",16.1913313840156
"[30, 3, 15.799137544051325, 3, 10, 3, 30, 3, 30, 3, 10, 3, 10, 3, 10, 3, 30, 3, 24.862302246205918, 3, 10, 3, 10, 3, 10, 3, 30, 3, 10, 3]",17.31605847953217
"[30, 3, 13.486159642703651, 3, 10, 3, 30, 3, 30, 3, 10, 3, 10, 3, 10, 3, 30, 3, 26.715244837411888, 3, 10, 3, 10, 3, 10, 3, 30, 3, 10, 3]",16.693009746588686
"[30, 3, 10, 3, 10, 3, 30, 3, 30, 3, 10, 3, 10, 3, 10, 3, 30, 3, 20.610221702820233, 3, 10, 3, 10, 3, 10, 3, 30, 3, 10, 3]",16.962103313840167
"[30, 3, 14.758819664965698, 3, 10, 3, 30, 3, 30, 3, 10, 3, 10, 3, 10, 3, 30, 3, 10, 3, 10, 3, 10, 3, 10, 3, 30, 3, 10, 3]",16.869074074074067
"[30, 3, 11.669422498988169, 3, 10, 3, 30, 3, 30, 3, 10, 3, 10, 3, 10, 3, 30, 3, 24.311065590210305, 3, 10, 3, 10, 3, 10, 3, 30, 3, 10, 3]",17.75465107212476
"[30, 3, 15.868992579647772, 3, 10, 3, 30, 3, 30, 3, 10, 3, 10, 3, 10, 3, 30, 3, 24.843704967911087, 3, 10, 3, 10, 3, 10, 3, 30, 3, 10, 3]",17.76247368421058
"[30, 3, 12.804226951712563, 3, 10, 3, 30, 3, 30, 3, 10, 3, 10, 3, 10, 3, 30, 3, 21.49129284914272, 3, 10, 3, 10, 3, 10, 3, 30, 3, 10, 3]",14.834471734892796
"[30, 3, 14.51906538109862, 3, 10, 3, 30, 3, 30, 3, 10, 3, 10, 3, 10, 3, 30, 3, 22.888562678428553, 3, 10, 3, 10, 3, 10, 3, 30, 3, 10, 3]",15.554391812865491
"[30, 3, 10, 3, 10, 3, 30, 3, 30, 3, 10, 3, 10, 3, 10, 3, 30, 3, 13.670427362334754, 3, 10, 3, 10, 3, 10, 3, 30, 3, 10, 3]",15.612212475633513
"[30, 3, 14.928887194384092, 3, 10, 3, 30, 3, 30, 3, 10, 3, 10, 3, 10, 3, 30, 3, 10.771779808520199, 3, 10, 3, 10, 3, 10, 3, 30, 3, 10, 3]",18.610263157894746
"[30, 3, 10.043965678705423, 3, 10, 3, 30, 3, 30, 3, 10, 3, 10, 3, 10, 3, 30, 3, 26.015277277279054, 3, 10, 3, 10, 3, 10, 3, 30, 3, 10, 3]",15.629830409356707
"[30, 3, 10, 3, 10, 3, 30, 3, 30, 3, 10, 3, 10, 3, 10, 3, 30, 3, 22.262496047350957, 3, 10, 3, 10, 3, 10, 3, 30, 3, 10, 3]",16.06115204678364
"[30, 3, 10, 3, 10, 3, 30, 3, 30, 3, 10, 3, 10, 3, 10, 3, 30, 3, 24.669763032571986, 3, 10, 3, 10, 3, 10, 3, 30, 3, 10, 3]",18.08070370370366
"[30, 3, 10, 3, 10, 3, 30, 3, 30, 3, 10, 3, 10, 3, 10, 3, 30, 3, 21.371193244616588, 3, 10, 3, 10, 3, 10, 3, 30, 3, 10, 3]",16.558615984405474
"[30, 3, 14.23116455135913, 3, 10, 3, 30, 3, 30, 3, 10, 3, 10, 3, 10, 3, 30, 3, 10, 3, 10, 3, 10, 3, 10, 3, 30, 3, 10, 3]",17.88132748538013
"[30, 3, 10, 3, 10, 3, 30, 3, 30, 3, 10, 3, 10, 3, 10, 3, 30, 3, 22.790563535199492, 3, 10, 3, 10, 3, 10, 3, 30, 3, 10, 3]",16.19735282651072
"[30, 3, 10, 3, 10, 3, 30, 3, 30, 3, 10, 3, 10, 3, 10, 3, 30, 3, 25.35627229103759, 3, 10, 3, 10, 3, 10, 3, 30, 3, 10, 3]",15.561366471734909
"[30, 3, 15.641669631791789, 3, 10, 3, 30, 3, 30, 3, 10, 3, 10, 3, 10, 3, 30, 3, 14.440084699994973, 3, 10, 3, 10, 3, 10, 3, 30, 3, 10, 3]",17.567093567251433
"[30, 3, 14.299706698670208, 3, 10, 3, 30, 3, 30, 3, 10, 3, 10, 3, 10, 3, 30, 3, 23.43645738016899, 3, 10, 3, 10, 3, 10, 3, 30, 3, 10, 3]",15.803660818713434
"[30, 3, 21.372019831197697, 3, 10, 3, 30, 3, 30, 3, 10, 3, 10, 3, 10, 3, 30, 3, 25.542911896317506, 3, 10, 3, 10, 3, 10, 3, 30, 3, 10, 3]",17.16297270955167
"[30, 3, 15.799137544051325, 3, 10, 3, 30, 3, 30, 3, 10, 3, 10, 3, 10, 3, 30, 3, 24.862302246205918, 3, 10, 3, 10, 3, 10, 3, 30, 3, 10, 3]",17.23234113060431
"[30, 3, 13.486159642703651, 3, 10, 3, 30, 3, 30, 3, 10, 3, 10, 3, 10, 3, 30, 3, 26.715244837411888, 3, 10, 3, 10, 3, 10, 3, 30, 3, 10, 3]",16.395144249512693
"[30, 3, 10, 3, 10, 3, 30, 3, 30, 3, 10, 3, 10, 3, 10, 3, 30, 3, 20.610221702820233, 3, 10, 3, 10, 3, 10, 3, 30, 3, 10, 3]",16.78209161793374
"[30, 3, 14.758819664965698, 3, 10, 3, 30, 3, 30, 3, 10, 3, 10, 3, 10, 3, 30, 3, 10, 3, 10, 3, 10, 3, 10, 3, 30, 3, 10, 3]",16.400894736842073
"[30, 3, 11.669422498988169, 3, 10, 3, 30, 3, 30, 3, 10, 3, 10, 3, 10, 3, 30, 3, 24.311065590210305, 3, 10, 3, 10, 3, 10, 3, 30, 3, 10, 3]",15.067678362573094
"[30, 3, 15.868992579647772, 3, 10, 3, 30, 3, 30, 3, 10, 3, 10, 3, 10, 3, 30, 3, 24.843704967911087, 3, 10, 3, 10, 3, 10, 3, 30, 3, 10, 3]",15.731785575048741
"[30, 3, 12.804226951712563, 3, 10, 3, 30, 3, 30, 3, 10, 3, 10, 3, 10, 3, 30, 3, 21.49129284914272, 3, 10, 3, 10, 3, 10, 3, 30, 3, 10, 3]",16.784725146198863
"[30, 3, 14.51906538109862, 3, 10, 3, 30, 3, 30, 3, 10, 3, 10, 3, 10, 3, 30, 3, 22.888562678428553, 3, 10, 3, 10, 3, 10, 3, 30, 3, 10, 3]",15.085690058479532
"[30, 3, 10, 3, 10, 3, 30, 3, 30, 3, 10, 3, 10, 3, 10, 3, 30, 3, 13.670427362334754, 3, 10, 3, 10, 3, 10, 3, 30, 3, 10, 3]",15.748249512670524
"[30, 3, 14.928887194384092, 3, 10, 3, 30, 3, 30, 3, 10, 3, 10, 3, 10, 3, 30, 3, 10.771779808520199, 3, 10, 3, 10, 3, 10, 3, 30, 3, 10, 3]",16.824446393762173
"[30, 3, 10.043965678705423, 3, 10, 3, 30, 3, 30, 3, 10, 3, 10, 3, 10, 3, 30, 3, 26.015277277279054, 3, 10, 3, 10, 3, 10, 3, 30, 3, 10, 3]",19.066093567251464
"[30, 3, 10, 3, 10, 3, 30, 3, 30, 3, 10, 3, 10, 3, 10, 3, 30, 3, 22.262496047350957, 3, 10, 3, 10, 3, 10, 3, 30, 3, 10, 3]",17.5183021442495
"[30, 3, 10, 3, 10, 3, 30, 3, 30, 3, 10, 3, 10, 3, 10, 3, 30, 3, 24.669763032571986, 3, 10, 3, 10, 3, 10, 3, 30, 3, 10, 3]",15.832629629629595
"[30, 3, 10, 3, 10, 3, 30, 3, 30, 3, 10, 3, 10, 3, 10, 3, 30, 3, 21.371193244616588, 3, 10, 3, 10, 3, 10, 3, 30, 3, 10, 3]",17.339939571150023
"[30, 3, 14.23116455135913, 3, 10, 3, 30, 3, 30, 3, 10, 3, 10, 3, 10, 3, 30, 3, 10, 3, 10, 3, 10, 3, 10, 3, 30, 3, 10, 3]",14.781518518518512
"[30, 3, 10, 3, 10, 3, 30, 3, 30, 3, 10, 3, 10, 3, 10, 3, 30, 3, 22.790563535199492, 3, 10, 3, 10, 3, 10, 3, 30, 3, 10, 3]",15.045122807017524
"[30, 3, 10, 3, 10, 3, 30, 3, 30, 3, 10, 3, 10, 3, 10, 3, 30, 3, 25.35627229103759, 3, 10, 3, 10, 3, 10, 3, 30, 3, 10, 3]",17.665263157894703
"[30, 3, 15.641669631791789, 3, 10, 3, 30, 3, 30, 3, 10, 3, 10, 3, 10, 3, 30, 3, 14.440084699994973, 3, 10, 3, 10, 3, 10, 3, 30, 3, 10, 3]",17.26295321637426
"[30, 3, 14.299706698670208, 3, 10, 3, 30, 3, 30, 3, 10, 3, 10, 3, 10, 3, 30, 3, 23.43645738016899, 3, 10, 3, 10, 3, 10, 3, 30, 3, 10, 3]",16.59092397660819
"[30, 3, 21.372019831197697, 3, 10, 3, 30, 3, 30, 3, 10, 3, 10, 3, 10, 3, 30, 3, 25.542911896317506, 3, 10, 3, 10, 3, 10, 3, 30, 3, 10, 3]",14.984707602339226
"[30, 3, 15.799137544051325, 3, 10, 3, 30, 3, 30, 3, 10, 3, 10, 3, 10, 3, 30, 3, 24.862302246205918, 3, 10, 3, 10, 3, 10, 3, 30, 3, 10, 3]",16.70249317738792
"[30, 3, 13.486159642703651, 3, 10, 3, 30, 3, 30, 3, 10, 3, 10, 3, 10, 3, 30, 3, 26.715244837411888, 3, 10, 3, 10, 3, 10, 3, 30, 3, 10, 3]",16.84264912280704
"[30, 3, 10, 3, 10, 3, 30, 3, 30, 3, 10, 3, 10, 3, 10, 3, 30, 3, 20.610221702820233, 3, 10, 3, 10, 3, 10, 3, 30, 3, 10, 3]",17.614961013645267
"[30, 3, 14.758819664965698, 3, 10, 3, 30, 3, 30, 3, 10, 3, 10, 3, 10, 3, 30, 3, 10, 3, 10, 3, 10, 3, 10, 3, 30, 3, 10, 3]",16.385060428849904
"[30, 3, 11.669422498988169, 3, 10, 3, 30, 3, 30, 3, 10, 3, 10, 3, 10, 3, 30, 3, 24.311065590210305, 3, 10, 3, 10, 3, 10, 3, 30, 3, 10, 3]",16.69450097465888
"[30, 3, 15.868992579647772, 3, 10, 3, 30, 3, 30, 3, 10, 3, 10, 3, 10, 3, 30, 3, 24.843704967911087, 3, 10, 3, 10, 3, 10, 3, 30, 3, 10, 3]",17.130789473684192
"[30, 3, 12.804226951712563, 3, 10, 3, 30, 3, 30, 3, 10, 3, 10, 3, 10, 3, 30, 3, 21.49129284914272, 3, 10, 3, 10, 3, 10, 3, 30, 3, 10, 3]",15.647660818713453
"[30, 3, 14.51906538109862, 3, 10, 3, 30, 3, 30, 3, 10, 3, 10, 3, 10, 3, 30, 3, 22.888562678428553, 3, 10, 3, 10, 3, 10, 3, 30, 3, 10, 3]",16.70522807017546
"[30, 3, 10, 3, 10, 3, 30, 3, 30, 3, 10, 3, 10, 3, 10, 3, 30, 3, 13.670427362334754, 3, 10, 3, 10, 3, 10, 3, 30, 3, 10, 3]",15.58495906432753
"[30, 3, 14.928887194384092, 3, 10, 3, 30, 3, 30, 3, 10, 3, 10, 3, 10, 3, 30, 3, 10.771779808520199, 3, 10, 3, 10, 3, 10, 3, 30, 3, 10, 3]",15.968769980506808
"[30, 3, 10.043965678705423, 3, 10, 3, 30, 3, 30, 3, 10, 3, 10, 3, 10, 3, 30, 3, 26.015277277279054, 3, 10, 3, 10, 3, 10, 3, 30, 3, 10, 3]",16.91751851851855
"[30, 3, 10, 3, 10, 3, 30, 3, 30, 3, 10, 3, 10, 3, 10, 3, 30, 3, 22.262496047350957, 3, 10, 3, 10, 3, 10, 3, 30, 3, 10, 3]",15.13368031189083
"[30, 3, 10, 3, 10, 3, 30, 3, 30, 3, 10, 3, 10, 3, 10, 3, 30, 3, 24.669763032571986, 3, 10, 3, 10, 3, 10, 3, 30, 3, 10, 3]",15.500157894736835
"[30, 3, 10, 3, 10, 3, 30, 3, 30, 3, 10, 3, 10, 3, 10, 3, 30, 3, 21.371193244616588, 3, 10, 3, 10, 3, 10, 3, 30, 3, 10, 3]",15.331309941520473
"[30, 3, 14.23116455135913, 3, 10, 3, 30, 3, 30, 3, 10, 3, 10, 3, 10, 3, 30, 3, 10, 3, 10, 3, 10, 3, 10, 3, 30, 3, 10, 3]",14.990725146198828
"[30, 3, 10, 3, 10, 3, 30, 3, 30, 3, 10, 3, 10, 3, 10, 3, 30, 3, 22.790563535199492, 3, 10, 3, 10, 3, 10, 3, 30, 3, 10, 3]",14.925038986354778
"[30, 3, 10, 3, 10, 3, 30, 3, 30, 3, 10, 3, 10, 3, 10, 3, 30, 3, 25.35627229103759, 3, 10, 3, 10, 3, 10, 3, 30, 3, 10, 3]",17.520434697855777
"[30, 3, 15.641669631791789, 3, 10, 3, 30, 3, 30, 3, 10, 3, 10, 3, 10, 3, 30, 3, 14.440084699994973, 3, 10, 3, 10, 3, 10, 3, 30, 3, 10, 3]",14.444327485380114
"[30, 3, 14.299706698670208, 3, 10, 3, 30, 3, 30, 3, 10, 3, 10, 3, 10, 3, 30, 3, 23.43645738016899, 3, 10, 3, 10, 3, 10, 3, 30, 3, 10, 3]",17.024348927875256
"[30, 3, 21.372019831197697, 3, 10, 3, 30, 3, 30, 3, 10, 3, 10, 3, 10, 3, 30, 3, 25.542911896317506, 3, 10, 3, 10, 3, 10, 3, 30, 3, 10, 3]",15.471444444444437
"[30, 3, 15.799137544051325, 3, 10, 3, 30, 3, 30, 3, 10, 3, 10, 3, 10, 3, 30, 3, 24.862302246205918, 3, 10, 3, 10, 3, 10, 3, 30, 3, 10, 3]",16.203625730994126
"[30, 3, 13.486159642703651, 3, 10, 3, 30, 3, 30, 3, 10, 3, 10, 3, 10, 3, 30, 3, 26.715244837411888, 3, 10, 3, 10, 3, 10, 3, 30, 3, 10, 3]",14.842996101364566
"[30, 3, 10, 3, 10, 3, 30, 3, 30, 3, 10, 3, 10, 3, 10, 3, 30, 3, 20.610221702820233, 3, 10, 3, 10, 3, 10, 3, 30, 3, 10, 3]",17.31835477582844
"[30, 3, 14.758819664965698, 3, 10, 3, 30, 3, 30, 3, 10, 3, 10, 3, 10, 3, 30, 3, 10, 3, 10, 3, 10, 3, 10, 3, 30, 3, 10, 3]",15.850079922027295
"[30, 3, 11.669422498988169, 3, 10, 3, 30, 3, 30, 3, 10, 3, 10, 3, 10, 3, 30, 3, 24.311065590210305, 3, 10, 3, 10, 3, 10, 3, 30, 3, 10, 3]",16.313543859649098
"[30, 3, 15.868992579647772, 3, 10, 3, 30, 3, 30, 3, 10, 3, 10, 3, 10, 3, 30, 3, 24.843704967911087, 3, 10, 3, 10, 3, 10, 3, 30, 3, 10, 3]",16.75733918128654
"[30, 3, 12.804226951712563, 3, 10, 3, 30, 3, 30, 3, 10, 3, 10, 3, 10, 3, 30, 3, 21.49129284914272, 3, 10, 3, 10, 3, 10, 3, 30, 3, 10, 3]",16.505643274853803
"[30, 3, 14.51906538109862, 3, 10, 3, 30, 3, 30, 3, 10, 3, 10, 3, 10, 3, 30, 3, 22.888562678428553, 3, 10, 3, 10, 3, 10, 3, 30, 3, 10, 3]",15.600415204678365
"[30, 3, 10, 3, 10, 3, 30, 3, 30, 3, 10, 3, 10, 3, 10, 3, 30, 3, 13.670427362334754, 3, 10, 3, 10, 3, 10, 3, 30, 3, 10, 3]",16.154116959064325
"[30, 3, 14.928887194384092, 3, 10, 3, 30, 3, 30, 3, 10, 3, 10, 3, 10, 3, 30, 3, 10.771779808520199, 3, 10, 3, 10, 3, 10, 3, 30, 3, 10, 3]",14.511165692007822
"[30, 3, 10.043965678705423, 3, 10, 3, 30, 3, 30, 3, 10, 3, 10, 3, 10, 3, 30, 3, 26.015277277279054, 3, 10, 3, 10, 3, 10, 3, 30, 3, 10, 3]",16.72243859649126
"[30, 3, 10, 3, 10, 3, 30, 3, 30, 3, 10, 3, 10, 3, 10, 3, 30, 3, 22.262496047350957, 3, 10, 3, 10, 3, 10, 3, 30, 3, 10, 3]",15.641463937621813
"[30, 3, 10, 3, 10, 3, 30, 3, 30, 3, 10, 3, 10, 3, 10, 3, 30, 3, 24.669763032571986, 3, 10, 3, 10, 3, 10, 3, 30, 3, 10, 3]",15.816173489278729
"[30, 3, 10, 3, 10, 3, 30, 3, 30, 3, 10, 3, 10, 3, 10, 3, 30, 3, 21.371193244616588, 3, 10, 3, 10, 3, 10, 3, 30, 3, 10, 3]",16.529046783625777
"[30, 3, 14.23116455135913, 3, 10, 3, 30, 3, 30, 3, 10, 3, 10, 3, 10, 3, 30, 3, 10, 3, 10, 3, 10, 3, 10, 3, 30, 3, 10, 3]",17.05684210526315
"[30, 3, 10, 3, 10, 3, 30, 3, 30, 3, 10, 3, 10, 3, 10, 3, 30, 3, 22.790563535199492, 3, 10, 3, 10, 3, 10, 3, 30, 3, 10, 3]",13.843103313840162
"[30, 3, 10, 3, 10, 3, 30, 3, 30, 3, 10, 3, 10, 3, 10, 3, 30, 3, 25.35627229103759, 3, 10, 3, 10, 3, 10, 3, 30, 3, 10, 3]",15.979608187134522
"[30, 3, 15.641669631791789, 3, 10, 3, 30, 3, 30, 3, 10, 3, 10, 3, 10, 3, 30, 3, 14.440084699994973, 3, 10, 3, 10, 3, 10, 3, 30, 3, 10, 3]",15.841545808966844
"[30, 3, 14.299706698670208, 3, 10, 3, 30, 3, 30, 3, 10, 3, 10, 3, 10, 3, 30, 3, 23.43645738016899, 3, 10, 3, 10, 3, 10, 3, 30, 3, 10, 3]",18.77021247563357
"[30, 3, 21.372019831197697, 3, 10, 3, 30, 3, 30, 3, 10, 3, 10, 3, 10, 3, 30, 3, 25.542911896317506, 3, 10, 3, 10, 3, 10, 3, 30, 3, 10, 3]",16.251126705653025
"[30, 3, 15.799137544051325, 3, 10, 3, 30, 3, 30, 3, 10, 3, 10, 3, 10, 3, 30, 3, 24.862302246205918, 3, 10, 3, 10, 3, 10, 3, 30, 3, 10, 3]",15.076912280701727
"[30, 3, 13.486159642703651, 3, 10, 3, 30, 3, 30, 3, 10, 3, 10, 3, 10, 3, 30, 3, 26.715244837411888, 3, 10, 3, 10, 3, 10, 3, 30, 3, 10, 3]",16.458859649122815
"[30, 3, 10, 3, 10, 3, 30, 3, 30, 3, 10, 3, 10, 3, 10, 3, 30, 3, 20.610221702820233, 3, 10, 3, 10, 3, 10, 3, 30, 3, 10, 3]",15.358814814814814
"[30, 3, 14.758819664965698, 3, 10, 3, 30, 3, 30, 3, 10, 3, 10, 3, 10, 3, 30, 3, 10, 3, 10, 3, 10, 3, 10, 3, 30, 3, 10, 3]",14.075077972709519
"[30, 3, 11.669422498988169, 3, 10, 3, 30, 3, 30, 3, 10, 3, 10, 3, 10, 3, 30, 3, 24.311065590210305, 3, 10, 3, 10, 3, 10, 3, 30, 3, 10, 3]",16.74089083820665
"[30, 3, 15.868992579647772, 3, 10, 3, 30, 3, 30, 3, 10, 3, 10, 3, 10, 3, 30, 3, 24.843704967911087, 3, 10, 3, 10, 3, 10, 3, 30, 3, 10, 3]",16.77017153996104
"[30, 3, 12.804226951712563, 3, 10, 3, 30, 3, 30, 3, 10, 3, 10, 3, 10, 3, 30, 3, 21.49129284914272, 3, 10, 3, 10, 3, 10, 3, 30, 3, 10, 3]",15.338095516569181
"[30, 3, 14.51906538109862, 3, 10, 3, 30, 3, 30, 3, 10, 3, 10, 3, 10, 3, 30, 3, 22.888562678428553, 3, 10, 3, 10, 3, 10, 3, 30, 3, 10, 3]",15.976343079922017
"[30, 3, 10, 3, 10, 3, 30, 3, 30, 3, 10, 3, 10, 3, 10, 3, 30, 3, 13.670427362334754, 3, 10, 3, 10, 3, 10, 3, 30, 3, 10, 3]",18.39067056530215
"[30, 3, 14.928887194384092, 3, 10, 3, 30, 3, 30, 3, 10, 3, 10, 3, 10, 3, 30, 3, 10.771779808520199, 3, 10, 3, 10, 3, 10, 3, 30, 3, 10, 3]",16.272805068226134
"[30, 3, 10.043965678705423, 3, 10, 3, 30, 3, 30, 3, 10, 3, 10, 3, 10, 3, 30, 3, 26.015277277279054, 3, 10, 3, 10, 3, 10, 3, 30, 3, 10, 3]",16.2052729044834
"[30, 3, 10, 3, 10, 3, 30, 3, 30, 3, 10, 3, 10, 3, 10, 3, 30, 3, 22.262496047350957, 3, 10, 3, 10, 3, 10, 3, 30, 3, 10, 3]",15.783612085769956
"[30, 3, 10, 3, 10, 3, 30, 3, 30, 3, 10, 3, 10, 3, 10, 3, 30, 3, 24.669763032571986, 3, 10, 3, 10, 3, 10, 3, 30, 3, 10, 3]",17.03624561403508
"[30, 3, 10, 3, 10, 3, 30, 3, 30, 3, 10, 3, 10, 3, 10, 3, 30, 3, 21.371193244616588, 3, 10, 3, 10, 3, 10, 3, 30, 3, 10, 3]",15.514565302144224
"[30, 3, 14.23116455135913, 3, 10, 3, 30, 3, 30, 3, 10, 3, 10, 3, 10, 3, 30, 3, 10, 3, 10, 3, 10, 3, 10, 3, 30, 3, 10, 3]",16.088235867446375
"[30, 3, 10, 3, 10, 3, 30, 3, 30, 3, 10, 3, 10, 3, 10, 3, 30, 3, 22.790563535199492, 3, 10, 3, 10, 3, 10, 3, 30, 3, 10, 3]",14.885233918128623
"[30, 3, 10, 3, 10, 3, 30, 3, 30, 3, 10, 3, 10, 3, 10, 3, 30, 3, 25.35627229103759, 3, 10, 3, 10, 3, 10, 3, 30, 3, 10, 3]",17.481789473684216
"[30, 3, 15.641669631791789, 3, 10, 3, 30, 3, 30, 3, 10, 3, 10, 3, 10, 3, 30, 3, 14.440084699994973, 3, 10, 3, 10, 3, 10, 3, 30, 3, 10, 3]",16.99435087719299
"[30, 3, 14.299706698670208, 3, 10, 3, 30, 3, 30, 3, 10, 3, 10, 3, 10, 3, 30, 3, 23.43645738016899, 3, 10, 3, 10, 3, 10, 3, 30, 3, 10, 3]",15.854748538011663
"[30, 3, 21.372019831197697, 3, 10, 3, 30, 3, 30, 3, 10, 3, 10, 3, 10, 3, 30, 3, 25.542911896317506, 3, 10, 3, 10, 3, 10, 3, 30, 3, 10, 3]",15.11256335282652
"[30, 3, 15.799137544051325, 3, 10, 3, 30, 3, 30, 3, 10, 3, 10, 3, 10, 3, 30, 3, 24.862302246205918, 3, 10, 3, 10, 3, 10, 3, 30, 3, 10, 3]",17.289181286549677
"[30, 3, 13.486159642703651, 3, 10, 3, 30, 3, 30, 3, 10, 3, 10, 3, 10, 3, 30, 3, 26.715244837411888, 3, 10, 3, 10, 3, 10, 3, 30, 3, 10, 3]",17.411001949317736
"[30, 3, 10, 3, 10, 3, 30, 3, 30, 3, 10, 3, 10, 3, 10, 3, 30, 3, 20.610221702820233, 3, 10, 3, 10, 3, 10, 3, 30, 3, 10, 3]",15.999278752436657
"[30, 3, 14.758819664965698, 3, 10, 3, 30, 3, 30, 3, 10, 3, 10, 3, 10, 3, 30, 3, 10, 3, 10, 3, 10, 3, 10, 3, 30, 3, 10, 3]",16.607025341130587
"[30, 3, 11.669422498988169, 3, 10, 3, 30, 3, 30, 3, 10, 3, 10, 3, 10, 3, 30, 3, 24.311065590210305, 3, 10, 3, 10, 3, 10, 3, 30, 3, 10, 3]",16.44550487329441
"[30, 3, 15.868992579647772, 3, 10, 3, 30, 3, 30, 3, 10, 3, 10, 3, 10, 3, 30, 3, 24.843704967911087, 3, 10, 3, 10, 3, 10, 3, 30, 3, 10, 3]",14.857348927875234
"[30, 3, 12.804226951712563, 3, 10, 3, 30, 3, 30, 3, 10, 3, 10, 3, 10, 3, 30, 3, 21.49129284914272, 3, 10, 3, 10, 3, 10, 3, 30, 3, 10, 3]",17.18414619883041
"[30, 3, 14.51906538109862, 3, 10, 3, 30, 3, 30, 3, 10, 3, 10, 3, 10, 3, 30, 3, 22.888562678428553, 3, 10, 3, 10, 3, 10, 3, 30, 3, 10, 3]",15.083573099415219
"[30, 3, 10, 3, 10, 3, 30, 3, 30, 3, 10, 3, 10, 3, 10, 3, 30, 3, 13.670427362334754, 3, 10, 3, 10, 3, 10, 3, 30, 3, 10, 3]",14.919830409356724
"[30, 3, 14.928887194384092, 3, 10, 3, 30, 3, 30, 3, 10, 3, 10, 3, 10, 3, 30, 3, 10.771779808520199, 3, 10, 3, 10, 3, 10, 3, 30, 3, 10, 3]",15.833682261208542
"[30, 3, 10.043965678705423, 3, 10, 3, 30, 3, 30, 3, 10, 3, 10, 3, 10, 3, 30, 3, 26.015277277279054, 3, 10, 3, 10, 3, 10, 3, 30, 3, 10, 3]",16.688742690058454
"[30, 3, 10, 3, 10, 3, 30, 3, 30, 3, 10, 3, 10, 3, 10, 3, 30, 3, 22.262496047350957, 3, 10, 3, 10, 3, 10, 3, 30, 3, 10, 3]",15.304982456140326
"[30, 3, 10, 3, 10, 3, 30, 3, 30, 3, 10, 3, 10, 3, 10, 3, 30, 3, 24.669763032571986, 3, 10, 3, 10, 3, 10, 3, 30, 3, 10, 3]",15.734758284600364
"[30, 3, 10, 3, 10, 3, 30, 3, 30, 3, 10, 3, 10, 3, 10, 3, 30, 3, 21.371193244616588, 3, 10, 3, 10, 3, 10, 3, 30, 3, 10, 3]",17.58841325536058
"[30, 3, 14.23116455135913, 3, 10, 3, 30, 3, 30, 3, 10, 3, 10, 3, 10, 3, 30, 3, 10, 3, 10, 3, 10, 3, 10, 3, 30, 3, 10, 3]",17.281428849902543
"[30, 3, 10, 3, 10, 3, 30, 3, 30, 3, 10, 3, 10, 3, 10, 3, 30, 3, 22.790563535199492, 3, 10, 3, 10, 3, 10, 3, 30, 3, 10, 3]",17.53163742690058
"[30, 3, 10, 3, 10, 3, 30, 3, 30, 3, 10, 3, 10, 3, 10, 3, 30, 3, 25.35627229103759, 3, 10, 3, 10, 3, 10, 3, 30, 3, 10, 3]",17.146333333333274
"[30, 3, 15.641669631791789, 3, 10, 3, 30, 3, 30, 3, 10, 3, 10, 3, 10, 3, 30, 3, 14.440084699994973, 3, 10, 3, 10, 3, 10, 3, 30, 3, 10, 3]",15.622520467836292
"[30, 3, 14.299706698670208, 3, 10, 3, 30, 3, 30, 3, 10, 3, 10, 3, 10, 3, 30, 3, 23.43645738016899, 3, 10, 3, 10, 3, 10, 3, 30, 3, 10, 3]",16.950551656920073
"[30, 3, 21.372019831197697, 3, 10, 3, 30, 3, 30, 3, 10, 3, 10, 3, 10, 3, 30, 3, 25.542911896317506, 3, 10, 3, 10, 3, 10, 3, 30, 3, 10, 3]",17.5080038986355
"[30, 3, 15.799137544051325, 3, 10, 3, 30, 3, 30, 3, 10, 3, 10, 3, 10, 3, 30, 3, 24.862302246205918, 3, 10, 3, 10, 3, 10, 3, 30, 3, 10, 3]",15.2673762183236
"[30, 3, 13.486159642703651, 3, 10, 3, 30, 3, 30, 3, 10, 3, 10, 3, 10, 3, 30, 3, 26.715244837411888, 3, 10, 3, 10, 3, 10, 3, 30, 3, 10, 3]",16.155994152046826
"[30, 3, 10, 3, 10, 3, 30, 3, 30, 3, 10, 3, 10, 3, 10, 3, 30, 3, 20.610221702820233, 3, 10, 3, 10, 3, 10, 3, 30, 3, 10, 3]",16.37287524366474
"[30, 3, 14.758819664965698, 3, 10, 3, 30, 3, 30, 3, 10, 3, 10, 3, 10, 3, 30, 3, 10, 3, 10, 3, 10, 3, 10, 3, 30, 3, 10, 3]",16.884883040935684
"[30, 3, 11.669422498988169, 3, 10, 3, 30, 3, 30, 3, 10, 3, 10, 3, 10, 3, 30, 3, 24.311065590210305, 3, 10, 3, 10, 3, 10, 3, 30, 3, 10, 3]",16.1697173489279
"[30, 3, 15.868992579647772, 3, 10, 3, 30, 3, 30, 3, 10, 3, 10, 3, 10, 3, 30, 3, 24.843704967911087, 3, 10, 3, 10, 3, 10, 3, 30, 3, 10, 3]",16.36357894736842
"[30, 3, 12.804226951712563, 3, 10, 3, 30, 3, 30, 3, 10, 3, 10, 3, 10, 3, 30, 3, 21.49129284914272, 3, 10, 3, 10, 3, 10, 3, 30, 3, 10, 3]",15.230766081871343
"[30, 3, 14.51906538109862, 3, 10, 3, 30, 3, 30, 3, 10, 3, 10, 3, 10, 3, 30, 3, 22.888562678428553, 3, 10, 3, 10, 3, 10, 3, 30, 3, 10, 3]",17.02887914230023
"[30, 3, 10, 3, 10, 3, 30, 3, 30, 3, 10, 3, 10, 3, 10, 3, 30, 3, 13.670427362334754, 3, 10, 3, 10, 3, 10, 3, 30, 3, 10, 3]",14.820729044834277
"[30, 3, 14.928887194384092, 3, 10, 3, 30, 3, 30, 3, 10, 3, 10, 3, 10, 3, 30, 3, 10.771779808520199, 3, 10, 3, 10, 3, 10, 3, 30, 3, 10, 3]",17.54455165692011
"[30, 3, 10.043965678705423, 3, 10, 3, 30, 3, 30, 3, 10, 3, 10, 3, 10, 3, 30, 3, 26.015277277279054, 3, 10, 3, 10, 3, 10, 3, 30, 3, 10, 3]",17.145175438596482
"[30, 3, 10, 3, 10, 3, 30, 3, 30, 3, 10, 3, 10, 3, 10, 3, 30, 3, 22.262496047350957, 3, 10, 3, 10, 3, 10, 3, 30, 3, 10, 3]",16.249920077972686
"[30, 3, 10, 3, 10, 3, 30, 3, 30, 3, 10, 3, 10, 3, 10, 3, 30, 3, 24.669763032571986, 3, 10, 3, 10, 3, 10, 3, 30, 3, 10, 3]",14.365448343079903
"[30, 3, 10, 3, 10, 3, 30, 3, 30, 3, 10, 3, 10, 3, 10, 3, 30, 3, 21.371193244616588, 3, 10, 3, 10, 3, 10, 3, 30, 3, 10, 3]",16.51065497076026
"[30, 3, 14.23116455135913, 3, 10, 3, 30, 3, 30, 3, 10, 3, 10, 3, 10, 3, 30, 3, 10, 3, 10, 3, 10, 3, 10, 3, 30, 3, 10, 3]",15.188194931773836
"[30, 3, 10, 3, 10, 3, 30, 3, 30, 3, 10, 3, 10, 3, 10, 3, 30, 3, 22.790563535199492, 3, 10, 3, 10, 3, 10, 3, 30, 3, 10, 3]",16.617126705653078
"[30, 3, 10, 3, 10, 3, 30, 3, 30, 3, 10, 3, 10, 3, 10, 3, 30, 3, 25.35627229103759, 3, 10, 3, 10, 3, 10, 3, 30, 3, 10, 3]",15.784744639376173
"[30, 3, 15.641669631791789, 3, 10, 3, 30, 3, 30, 3, 10, 3, 10, 3, 10, 3, 30, 3, 14.440084699994973, 3, 10, 3, 10, 3, 10, 3, 30, 3, 10, 3]",15.32524366471734
"[30, 3, 14.299706698670208, 3, 10, 3, 30, 3, 30, 3, 10, 3, 10, 3, 10, 3, 30, 3, 23.43645738016899, 3, 10, 3, 10, 3, 10, 3, 30, 3, 10, 3]",17.906653021442462
"[30, 3, 21.372019831197697, 3, 10, 3, 30, 3, 30, 3, 10, 3, 10, 3, 10, 3, 30, 3, 25.542911896317506, 3, 10, 3, 10, 3, 10, 3, 30, 3, 10, 3]",16.804719298245633
"[30, 3, 15.799137544051325, 3, 10, 3, 30, 3, 30, 3, 10, 3, 10, 3, 10, 3, 30, 3, 24.862302246205918, 3, 10, 3, 10, 3, 10, 3, 30, 3, 10, 3]",16.91186549707604
"[30, 3, 13.486159642703651, 3, 10, 3, 30, 3, 30, 3, 10, 3, 10, 3, 10, 3, 30, 3, 26.715244837411888, 3, 10, 3, 10, 3, 10, 3, 30, 3, 10, 3]",17.863701754385975
"[30, 3, 10, 3, 10, 3, 30, 3, 30, 3, 10, 3, 10, 3, 10, 3, 30, 3, 20.610221702820233, 3, 10, 3, 10, 3, 10, 3, 30, 3, 10, 3]",16.335058479532133
"[30, 3, 14.758819664965698, 3, 10, 3, 30, 3, 30, 3, 10, 3, 10, 3, 10, 3, 30, 3, 10, 3, 10, 3, 10, 3, 10, 3, 30, 3, 10, 3]",17.987013645224142
"[30, 3, 11.669422498988169, 3, 10, 3, 30, 3, 30, 3, 10, 3, 10, 3, 10, 3, 30, 3, 24.311065590210305, 3, 10, 3, 10, 3, 10, 3, 30, 3, 10, 3]",16.22982261208578
"[30, 3, 15.868992579647772, 3, 10, 3, 30, 3, 30, 3, 10, 3, 10, 3, 10, 3, 30, 3, 24.843704967911087, 3, 10, 3, 10, 3, 10, 3, 30, 3, 10, 3]",18.255842105263163
"[30, 3, 12.804226951712563, 3, 10, 3, 30, 3, 30, 3, 10, 3, 10, 3, 10, 3, 30, 3, 21.49129284914272, 3, 10, 3, 10, 3, 10, 3, 30, 3, 10, 3]",16.199500974658882
"[30, 3, 14.51906538109862, 3, 10, 3, 30, 3, 30, 3, 10, 3, 10, 3, 10, 3, 30, 3, 22.888562678428553, 3, 10, 3, 10, 3, 10, 3, 30, 3, 10, 3]",15.920276803118961
"[30, 3, 10, 3, 10, 3, 30, 3, 30, 3, 10, 3, 10, 3, 10, 3, 30, 3, 13.670427362334754, 3, 10, 3, 10, 3, 10, 3, 30, 3, 10, 3]",16.78931384015594
"[30, 3, 14.928887194384092, 3, 10, 3, 30, 3, 30, 3, 10, 3, 10, 3, 10, 3, 30, 3, 10.771779808520199, 3, 10, 3, 10, 3, 10, 3, 30, 3, 10, 3]",16.947939571150076
"[30, 3, 10.043965678705423, 3, 10, 3, 30, 3, 30, 3, 10, 3, 10, 3, 10, 3, 30, 3, 26.015277277279054, 3, 10, 3, 10, 3, 10, 3, 30, 3, 10, 3]",17.287541910331356
"[30, 3, 10, 3, 10, 3, 30, 3, 30, 3, 10, 3, 10, 3, 10, 3, 30, 3, 22.262496047350957, 3, 10, 3, 10, 3, 10, 3, 30, 3, 10, 3]",15.413021442495141
"[30, 3, 10, 3, 10, 3, 30, 3, 30, 3, 10, 3, 10, 3, 10, 3, 30, 3, 24.669763032571986, 3, 10, 3, 10, 3, 10, 3, 30, 3, 10, 3]",15.93446393762182
"[30, 3, 10, 3, 10, 3, 30, 3, 30, 3, 10, 3, 10, 3, 10, 3, 30, 3, 21.371193244616588, 3, 10, 3, 10, 3, 10, 3, 30, 3, 10, 3]",16.17577777777775
"[30, 3, 14.23116455135913, 3, 10, 3, 30, 3, 30, 3, 10, 3, 10, 3, 10, 3, 30, 3, 10, 3, 10, 3, 10, 3, 10, 3, 30, 3, 10, 3]",16.991658869395717
"[30, 3, 10, 3, 10, 3, 30, 3, 30, 3, 10, 3, 10, 3, 10, 3, 30, 3, 22.790563535199492, 3, 10, 3, 10, 3, 10, 3, 30, 3, 10, 3]",15.252132553606248
"[30, 3, 10, 3, 10, 3, 30, 3, 30, 3, 10, 3, 10, 3, 10, 3, 30, 3, 25.35627229103759, 3, 10, 3, 10, 3, 10, 3, 30, 3, 10, 3]",16.702101364522463
"[30, 3, 15.641669631791789, 3, 10, 3, 30, 3, 30, 3, 10, 3, 10, 3, 10, 3, 30, 3, 14.440084699994973, 3, 10, 3, 10, 3, 10, 3, 30, 3, 10, 3]",14.716645224171518
"[30, 3, 14.299706698670208, 3, 10, 3, 30, 3, 30, 3, 10, 3, 10, 3, 10, 3, 30, 3, 23.43645738016899, 3, 10, 3, 10, 3, 10, 3, 30, 3, 10, 3]",15.277025341130562
"[30, 3, 21.372019831197697, 3, 10, 3, 30, 3, 30, 3, 10, 3, 10, 3, 10, 3, 30, 3, 25.542911896317506, 3, 10, 3, 10, 3, 10, 3, 30, 3, 10, 3]",15.901372319688102
"[30, 3, 15.799137544051325, 3, 10, 3, 30, 3, 30, 3, 10, 3, 10, 3, 10, 3, 30, 3, 24.862302246205918, 3, 10, 3, 10, 3, 10, 3, 30, 3, 10, 3]",16.36653216374268
"[30, 3, 13.486159642703651, 3, 10, 3, 30, 3, 30, 3, 10, 3, 10, 3, 10, 3, 30, 3, 26.715244837411888, 3, 10, 3, 10, 3, 10, 3, 30, 3, 10, 3]",15.720206627680325
"[30, 3, 10, 3, 10, 3, 30, 3, 30, 3, 10, 3, 10, 3, 10, 3, 30, 3, 20.610221702820233, 3, 10, 3, 10, 3, 10, 3, 30, 3, 10, 3]",17.15681481481481
"[30, 3, 14.758819664965698, 3, 10, 3, 30, 3, 30, 3, 10, 3, 10, 3, 10, 3, 30, 3, 10, 3, 10, 3, 10, 3, 10, 3, 30, 3, 10, 3]",15.30480311890837
"[30, 3, 11.669422498988169, 3, 10, 3, 30, 3, 30, 3, 10, 3, 10, 3, 10, 3, 30, 3, 24.311065590210305, 3, 10, 3, 10, 3, 10, 3, 30, 3, 10, 3]",14.351676413255369
"[30, 3, 15.868992579647772, 3, 10, 3, 30, 3, 30, 3, 10, 3, 10, 3, 10, 3, 30, 3, 24.843704967911087, 3, 10, 3, 10, 3, 10, 3, 30, 3, 10, 3]",18.674428849902537
"[30, 3, 12.804226951712563, 3, 10, 3, 30, 3, 30, 3, 10, 3, 10, 3, 10, 3, 30, 3, 21.49129284914272, 3, 10, 3, 10, 3, 10, 3, 30, 3, 10, 3]",16.246996101364527
"[30, 3, 14.51906538109862, 3, 10, 3, 30, 3, 30, 3, 10, 3, 10, 3, 10, 3, 30, 3, 22.888562678428553, 3, 10, 3, 10, 3, 10, 3, 30, 3, 10, 3]",14.836690058479512
"[30, 3, 10, 3, 10, 3, 30, 3, 30, 3, 10, 3, 10, 3, 10, 3, 30, 3, 13.670427362334754, 3, 10, 3, 10, 3, 10, 3, 30, 3, 10, 3]",17.764461988304134
"[30, 3, 14.928887194384092, 3, 10, 3, 30, 3, 30, 3, 10, 3, 10, 3, 10, 3, 30, 3, 10.771779808520199, 3, 10, 3, 10, 3, 10, 3, 30, 3, 10, 3]",15.917910331384016
"[30, 3, 10.043965678705423, 3, 10, 3, 30, 3, 30, 3, 10, 3, 10, 3, 10, 3, 30, 3, 26.015277277279054, 3, 10, 3, 10, 3, 10, 3, 30, 3, 10, 3]",16.262009746588742
"[30, 3, 10, 3, 10, 3, 30, 3, 30, 3, 10, 3, 10, 3, 10, 3, 30, 3, 22.262496047350957, 3, 10, 3, 10, 3, 10, 3, 30, 3, 10, 3]",16.170346978557497
"[30, 3, 10, 3, 10, 3, 30, 3, 30, 3, 10, 3, 10, 3, 10, 3, 30, 3, 24.669763032571986, 3, 10, 3, 10, 3, 10, 3, 30, 3, 10, 3]",14.96059844054578
"[30, 3, 10, 3, 10, 3, 30, 3, 30, 3, 10, 3, 10, 3, 10, 3, 30, 3, 21.371193244616588, 3, 10, 3, 10, 3, 10, 3, 30, 3, 10, 3]",15.209212475633528
"[30, 3, 14.23116455135913, 3, 10, 3, 30, 3, 30, 3, 10, 3, 10, 3, 10, 3, 30, 3, 10, 3, 10, 3, 10, 3, 10, 3, 30, 3, 10, 3]",17.07438011695908
"[30, 3, 10, 3, 10, 3, 30, 3, 30, 3, 10, 3, 10, 3, 10, 3, 30, 3, 22.790563535199492, 3, 10, 3, 10, 3, 10, 3, 30, 3, 10, 3]",15.333534113060418
"[30, 3, 10, 3, 10, 3, 30, 3, 30, 3, 10, 3, 10, 3, 10, 3, 30, 3, 25.35627229103759, 3, 10, 3, 10, 3, 10, 3, 30, 3, 10, 3]",14.695079922027316
"[30, 3, 15.641669631791789, 3, 10, 3, 30, 3, 30, 3, 10, 3, 10, 3, 10, 3, 30, 3, 14.440084699994973, 3, 10, 3, 10, 3, 10, 3, 30, 3, 10, 3]",15.504906432748527
"[30, 3, 14.299706698670208, 3, 10, 3, 30, 3, 30, 3, 10, 3, 10, 3, 10, 3, 30, 3, 23.43645738016899, 3, 10, 3, 10, 3, 10, 3, 30, 3, 10, 3]",14.164337231968819
"[30, 3, 21.372019831197697, 3, 10, 3, 30, 3, 30, 3, 10, 3, 10, 3, 10, 3, 30, 3, 25.542911896317506, 3, 10, 3, 10, 3, 10, 3, 30, 3, 10, 3]",15.3242261208577
"[30, 3, 15.799137544051325, 3, 10, 3, 30, 3, 30, 3, 10, 3, 10, 3, 10, 3, 30, 3, 24.862302246205918, 3, 10, 3, 10, 3, 10, 3, 30, 3, 10, 3]",16.551787524366457
"[30, 3, 13.486159642703651, 3, 10, 3, 30, 3, 30, 3, 10, 3, 10, 3, 10, 3, 30, 3, 26.715244837411888, 3, 10, 3, 10, 3, 10, 3, 30, 3, 10, 3]",14.48268615984406
"[30, 3, 10, 3, 10, 3, 30, 3, 30, 3, 10, 3, 10, 3, 10, 3, 30, 3, 20.610221702820233, 3, 10, 3, 10, 3, 10, 3, 30, 3, 10, 3]",17.596808966861612
"[30, 3, 14.758819664965698, 3, 10, 3, 30, 3, 30, 3, 10, 3, 10, 3, 10, 3, 30, 3, 10, 3, 10, 3, 10, 3, 10, 3, 30, 3, 10, 3]",14.60423391812865
"[30, 3, 11.669422498988169, 3, 10, 3, 30, 3, 30, 3, 10, 3, 10, 3, 10, 3, 30, 3, 24.311065590210305, 3, 10, 3, 10, 3, 10, 3, 30, 3, 10, 3]",16.561454191033157
"[30, 3, 15.868992579647772, 3, 10, 3, 30, 3, 30, 3, 10, 3, 10, 3, 10, 3, 30, 3, 24.843704967911087, 3, 10, 3, 10, 3, 10, 3, 30, 3, 10, 3]",15.701744639376201
"[30, 3, 12.804226951712563, 3, 10, 3, 30, 3, 30, 3, 10, 3, 10, 3, 10, 3, 30, 3, 21.49129284914272, 3, 10, 3, 10, 3, 10, 3, 30, 3, 10, 3]",16.744656920077972
"[30, 3, 14.51906538109862, 3, 10, 3, 30, 3, 30, 3, 10, 3, 10, 3, 10, 3, 30, 3, 22.888562678428553, 3, 10, 3, 10, 3, 10, 3, 30, 3, 10, 3]",15.360267056530216
"[30, 3, 10, 3, 10, 3, 30, 3, 30, 3, 10, 3, 10, 3, 10, 3, 30, 3, 13.670427362334754, 3, 10, 3, 10, 3, 10, 3, 30, 3, 10, 3]",16.84593957115009
"[30, 3, 14.928887194384092, 3, 10, 3, 30, 3, 30, 3, 10, 3, 10, 3, 10, 3, 30, 3, 10.771779808520199, 3, 10, 3, 10, 3, 10, 3, 30, 3, 10, 3]",15.81358674463937
"[30, 3, 10.043965678705423, 3, 10, 3, 30, 3, 30, 3, 10, 3, 10, 3, 10, 3, 30, 3, 26.015277277279054, 3, 10, 3, 10, 3, 10, 3, 30, 3, 10, 3]",16.79951072124755
"[30, 3, 10, 3, 10, 3, 30, 3, 30, 3, 10, 3, 10, 3, 10, 3, 30, 3, 22.262496047350957, 3, 10, 3, 10, 3, 10, 3, 30, 3, 10, 3]",16.27127680311892
"[30, 3, 10, 3, 10, 3, 30, 3, 30, 3, 10, 3, 10, 3, 10, 3, 30, 3, 24.669763032571986, 3, 10, 3, 10, 3, 10, 3, 30, 3, 10, 3]",15.735251461988325
"[30, 3, 10, 3, 10, 3, 30, 3, 30, 3, 10, 3, 10, 3, 10, 3, 30, 3, 21.371193244616588, 3, 10, 3, 10, 3, 10, 3, 30, 3, 10, 3]",16.651173489278797
"[30, 3, 14.23116455135913, 3, 10, 3, 30, 3, 30, 3, 10, 3, 10, 3, 10, 3, 30, 3, 10, 3, 10, 3, 10, 3, 10, 3, 30, 3, 10, 3]",16.354370370370376
"[30, 3, 10, 3, 10, 3, 30, 3, 30, 3, 10, 3, 10, 3, 10, 3, 30, 3, 22.790563535199492, 3, 10, 3, 10, 3, 10, 3, 30, 3, 10, 3]",17.39695711500974
"[30, 3, 10, 3, 10, 3, 30, 3, 30, 3, 10, 3, 10, 3, 10, 3, 30, 3, 25.35627229103759, 3, 10, 3, 10, 3, 10, 3, 30, 3, 10, 3]",17.063278752436638
"[30, 3, 15.641669631791789, 3, 10, 3, 30, 3, 30, 3, 10, 3, 10, 3, 10, 3, 30, 3, 14.440084699994973, 3, 10, 3, 10, 3, 10, 3, 30, 3, 10, 3]",16.037487329434697
"[30, 3, 14.299706698670208, 3, 10, 3, 30, 3, 30, 3, 10, 3, 10, 3, 10, 3, 30, 3, 23.43645738016899, 3, 10, 3, 10, 3, 10, 3, 30, 3, 10, 3]",17.329875243664702
"[30, 3, 21.372019831197697, 3, 10, 3, 30, 3, 30, 3, 10, 3, 10, 3, 10, 3, 30, 3, 25.542911896317506, 3, 10, 3, 10, 3, 10, 3, 30, 3, 10, 3]",18.225680311890834
"[30, 3, 15.799137544051325, 3, 10, 3, 30, 3, 30, 3, 10, 3, 10, 3, 10, 3, 30, 3, 24.862302246205918, 3, 10, 3, 10, 3, 10, 3, 30, 3, 10, 3]",16.2760604288499
"[30, 3, 13.486159642703651, 3, 10, 3, 30, 3, 30, 3, 10, 3, 10, 3, 10, 3, 30, 3, 26.715244837411888, 3, 10, 3, 10, 3, 10, 3, 30, 3, 10, 3]",15.650319688109155
"[30, 3, 10, 3, 10, 3, 30, 3, 30, 3, 10, 3, 10, 3, 10, 3, 30, 3, 20.610221702820233, 3, 10, 3, 10, 3, 10, 3, 30, 3, 10, 3]",16.27837816764131
"[30, 3, 14.758819664965698, 3, 10, 3, 30, 3, 30, 3, 10, 3, 10, 3, 10, 3, 30, 3, 10, 3, 10, 3, 10, 3, 10, 3, 30, 3, 10, 3]",15.722719298245641
"[30, 3, 11.669422498988169, 3, 10, 3, 30, 3, 30, 3, 10, 3, 10, 3, 10, 3, 30, 3, 24.311065590210305, 3, 10, 3, 10, 3, 10, 3, 30, 3, 10, 3]",17.083483430799205
"[30, 3, 15.868992579647772, 3, 10, 3, 30, 3, 30, 3, 10, 3, 10, 3, 10, 3, 30, 3, 24.843704967911087, 3, 10, 3, 10, 3, 10, 3, 30, 3, 10, 3]",16.692432748537996
"[30, 3, 12.804226951712563, 3, 10, 3, 30, 3, 30, 3, 10, 3, 10, 3, 10, 3, 30, 3, 21.49129284914272, 3, 10, 3, 10, 3, 10, 3, 30, 3, 10, 3]",14.930643274853821
"[30, 3, 14.51906538109862, 3, 10, 3, 30, 3, 30, 3, 10, 3, 10, 3, 10, 3, 30, 3, 22.888562678428553, 3, 10, 3, 10, 3, 10, 3, 30, 3, 10, 3]",16.716491228070133
"[30, 3, 10, 3, 10, 3, 30, 3, 30, 3, 10, 3, 10, 3, 10, 3, 30, 3, 13.670427362334754, 3, 10, 3, 10, 3, 10, 3, 30, 3, 10, 3]",16.458109161793388
"[30, 3, 14.928887194384092, 3, 10, 3, 30, 3, 30, 3, 10, 3, 10, 3, 10, 3, 30, 3, 10.771779808520199, 3, 10, 3, 10, 3, 10, 3, 30, 3, 10, 3]",16.440296296296324
"[30, 3, 10.043965678705423, 3, 10, 3, 30, 3, 30, 3, 10, 3, 10, 3, 10, 3, 30, 3, 26.015277277279054, 3, 10, 3, 10, 3, 10, 3, 30, 3, 10, 3]",16.308951267056546
"[30, 3, 10, 3, 10, 3, 30, 3, 30, 3, 10, 3, 10, 3, 10, 3, 30, 3, 22.262496047350957, 3, 10, 3, 10, 3, 10, 3, 30, 3, 10, 3]",17.183769980506803
"[30, 3, 10, 3, 10, 3, 30, 3, 30, 3, 10, 3, 10, 3, 10, 3, 30, 3, 24.669763032571986, 3, 10, 3, 10, 3, 10, 3, 30, 3, 10, 3]",17.275155945419087
"[30, 3, 10, 3, 10, 3, 30, 3, 30, 3, 10, 3, 10, 3, 10, 3, 30, 3, 21.371193244616588, 3, 10, 3, 10, 3, 10, 3, 30, 3, 10, 3]",16.271623781676382
"[30, 3, 14.23116455135913, 3, 10, 3, 30, 3, 30, 3, 10, 3, 10, 3, 10, 3, 30, 3, 10, 3, 10, 3, 10, 3, 10, 3, 30, 3, 10, 3]",17.79979142300196
"[30, 3, 10, 3, 10, 3, 30, 3, 30, 3, 10, 3, 10, 3, 10, 3, 30, 3, 22.790563535199492, 3, 10, 3, 10, 3, 10, 3, 30, 3, 10, 3]",17.798175438596477
