"[34, 17, 44, 43, 22, 30, 13, 68, 38, 17, 47, 27, 19, 23, 52]",71.12884996947471
"[34, 18, 42, 44, 24, 29, 17, 69, 38, 16, 48, 24, 18, 25, 50]",70.12181344118846
"[42, 18, 42, 43, 23, 27, 13, 70, 34, 16, 53, 23, 19, 24, 53]",70.01254502441992
"[40, 18, 43, 43, 23, 27, 14, 70, 36, 15, 54, 23, 15, 21, 49]",76.52166335978856
"[41, 20, 43, 42, 23, 32, 15, 66, 42, 18, 52, 25, 18, 25, 49]",73.4611172161173
"[32, 18, 42, 41, 24, 25, 12, 67, 38, 16, 51, 25, 18, 23, 52]",72.41834694240961
"[37, 19, 42, 43, 20, 29, 14, 68, 39, 17, 48, 25, 20, 21, 45]",71.62702037545813
"[36, 22, 45, 41, 23, 30, 16, 68, 37, 20, 50, 23, 18, 21, 50]",68.97682310744807
"[37, 20, 45, 45, 21, 25, 14, 67, 33, 18, 47, 26, 19, 24, 49]",70.52335075803835
"[41, 18, 42, 48, 18, 32, 14, 66, 38, 15, 50, 22, 17, 21, 53]",73.99355642043143
"[36, 17, 52, 43, 23, 33, 14, 71, 42, 22, 48, 23, 20, 20, 50]",69.56210342897839
"[36, 18, 48, 41, 24, 25, 14, 73, 36, 16, 47, 23, 18, 26, 49]",69.25685096153828
"[40, 18, 46, 44, 23, 28, 14, 69, 35, 15, 51, 24, 17, 23, 51]",73.85567727411467
"[35, 18, 48, 44, 20, 25, 13, 69, 34, 18, 50, 25, 19, 23, 49]",70.98018022486777
"[35, 18, 48, 46, 23, 28, 15, 68, 37, 16, 49, 27, 18, 24, 47]",70.31559549247032
"[36, 19, 55, 48, 21, 32, 14, 69, 39, 21, 50, 25, 14, 26, 51]",74.27329097985348
"[36, 19, 45, 43, 24, 29, 13, 68, 36, 18, 49, 25, 17, 25, 50]",72.89578462047236
"[31, 18, 49, 47, 23, 29, 13, 67, 39, 16, 46, 24, 20, 23, 51]",68.8388120675622
"[34, 14, 49, 40, 22, 29, 13, 66, 39, 18, 49, 28, 20, 29, 45]",71.65560019841286
"[35, 18, 45, 44, 23, 29, 14, 68, 38, 17, 50, 24, 18, 23, 49]",68.83109661172168
"[37, 17, 42, 48, 19, 25, 14, 70, 35, 18, 44, 25, 20, 23, 57]",69.25537571225075
"[37, 17, 42, 44, 24, 25, 14, 75, 34, 15, 44, 28, 21, 24, 47]",68.55100045787553
"[43, 17, 43, 43, 22, 25, 13, 71, 37, 15, 57, 25, 18, 24, 50]",73.36424285205521
"[43, 19, 42, 42, 19, 25, 13, 75, 38, 15, 53, 24, 21, 20, 55]",68.28064662189664
"[43, 22, 42, 44, 20, 27, 14, 74, 42, 15, 55, 23, 18, 25, 48]",75.11411032254809
"[26, 19, 42, 45, 25, 25, 14, 75, 36, 17, 50, 25, 20, 21, 57]",74.80254960317463
"[43, 18, 42, 42, 19, 25, 14, 67, 41, 19, 44, 26, 16, 20, 52]",69.48648071835565
"[37, 22, 47, 41, 18, 28, 18, 75, 36, 18, 47, 28, 20, 20, 46]",68.99959427146938
"[33, 22, 50, 48, 15, 25, 13, 72, 40, 15, 45, 30, 21, 20, 52]",70.04404621998343
"[35, 19, 42, 48, 19, 25, 12, 74, 42, 15, 50, 23, 21, 23, 47]",71.3143867012617
"[35, 19, 46, 45, 25, 25, 12, 73, 42, 18, 45, 21, 21, 20, 53]",68.59624491249517
"[35, 19, 43, 45, 22, 25, 13, 75, 36, 21, 53, 23, 17, 25, 47]",69.67857626170094
"[32, 22, 45, 48, 18, 26, 14, 75, 30, 15, 55, 28, 15, 20, 46]",68.61365817053318
"[40, 19, 48, 45, 15, 25, 13, 72, 39, 22, 47, 24, 21, 24, 50]",68.1692358567359
"[33, 18, 50, 43, 23, 25, 15, 73, 36, 17, 49, 30, 18, 25, 41]",77.93077940577945
"[33, 17, 42, 48, 23, 25, 13, 70, 42, 18, 49, 25, 19, 23, 51]",68.9531958435083
"[30, 17, 45, 48, 24, 28, 13, 73, 33, 19, 50, 25, 16, 24, 51]",70.27061571530308
"[42, 19, 42, 48, 20, 25, 14, 75, 41, 15, 51, 26, 21, 20, 46]",68.66648440679681
"[41, 12, 42, 48, 18, 30, 12, 70, 37, 19, 49, 30, 21, 20, 45]",70.41223506817272
"[34, 18, 48, 45, 22, 28, 14, 72, 35, 19, 50, 25, 18, 23, 48]",74.4083833180704
"[36, 18, 42, 48, 21, 25, 12, 72, 42, 19, 44, 20, 21, 21, 59]",68.68179347273096
"[39, 17, 42, 44, 24, 25, 12, 75, 38, 15, 43, 22, 21, 20, 58]",82.64252340252335
"[43, 18, 46, 43, 24, 25, 12, 68, 41, 15, 53, 25, 21, 20, 61]",71.17342630748878
"[34, 20, 42, 42, 21, 25, 12, 75, 40, 20, 47, 21, 21, 20, 61]",72.45027001933256
"[42, 20, 42, 45, 25, 25, 12, 75, 42, 15, 56, 21, 21, 21, 50]",75.12156364468885
"[25, 20, 42, 47, 25, 25, 12, 72, 37, 18, 47, 22, 21, 20, 58]",72.58454415954395
"[43, 17, 43, 42, 25, 25, 12, 71, 42, 21, 42, 21, 21, 20, 58]",72.85915471102984
"[34, 22, 45, 46, 25, 28, 15, 75, 40, 19, 45, 25, 21, 20, 47]",74.55703932641423
"[31, 19, 52, 46, 15, 25, 12, 72, 42, 15, 44, 28, 21, 20, 58]",67.13655181623932
"[31, 20, 42, 48, 21, 25, 12, 75, 42, 15, 46, 23, 21, 21, 49]",68.2877725630846
"[34, 21, 42, 47, 25, 25, 12, 75, 42, 16, 43, 20, 21, 20, 56]",66.9325726241352
"[32, 19, 42, 46, 22, 25, 12, 75, 40, 19, 51, 20, 20, 20, 53]",70.92464705433429
"[28, 21, 46, 48, 21, 25, 13, 73, 42, 15, 45, 20, 21, 20, 45]",74.02534938441212
"[34, 18, 45, 45, 16, 25, 12, 72, 42, 20, 45, 20, 21, 20, 56]",67.01872697903943
"[32, 19, 50, 42, 23, 25, 12, 74, 39, 18, 46, 29, 21, 23, 55]",70.10539682539681
"[33, 17, 42, 48, 25, 25, 12, 74, 42, 17, 48, 20, 21, 20, 54]",68.0837672975176
"[28, 16, 45, 48, 25, 25, 12, 74, 38, 17, 46, 20, 20, 23, 56]",76.83863451363435
"[43, 21, 42, 48, 19, 25, 13, 75, 42, 15, 53, 26, 21, 20, 49]",73.23506270350003
"[40, 18, 42, 48, 25, 25, 12, 74, 38, 18, 49, 26, 21, 20, 61]",75.52923954517681
"[33, 17, 46, 45, 24, 26, 12, 73, 41, 19, 46, 25, 21, 20, 49]",69.26063860907637
"[27, 20, 42, 48, 23, 25, 12, 72, 42, 15, 48, 20, 21, 20, 52]",66.1102439458691
"[41, 22, 45, 48, 19, 25, 12, 75, 42, 15, 52, 20, 21, 20, 58]",77.40001526251511
"[41, 22, 52, 43, 23, 25, 12, 66, 42, 15, 48, 23, 21, 20, 61]",66.7996069902321
"[25, 21, 42, 45, 22, 25, 12, 72, 41, 16, 49, 20, 21, 20, 54]",65.98444940476169
"[25, 22, 42, 48, 25, 28, 14, 75, 42, 15, 55, 23, 21, 21, 53]",76.00049590455846
"[25, 22, 43, 46, 25, 25, 12, 69, 42, 15, 47, 20, 21, 20, 56]",71.85508152726902
"[26, 22, 45, 48, 25, 25, 14, 74, 42, 16, 42, 20, 21, 20, 43]",77.82667671448895
"[25, 22, 48, 48, 25, 28, 15, 75, 42, 20, 48, 21, 21, 20, 49]",69.37820957977219
"[29, 19, 47, 45, 23, 25, 12, 72, 42, 15, 44, 24, 21, 20, 59]",69.46353556166049
"[25, 22, 42, 48, 22, 25, 12, 75, 42, 15, 47, 20, 21, 21, 51]",65.57660574379338
"[29, 22, 42, 48, 25, 25, 13, 75, 42, 15, 49, 20, 21, 20, 53]",69.31277065527078
"[25, 20, 48, 48, 21, 25, 12, 75, 42, 15, 47, 20, 21, 20, 57]",68.61604064916527
"[25, 21, 46, 48, 24, 25, 12, 68, 42, 15, 42, 20, 21, 21, 49]",64.73640694953212
"[25, 22, 43, 47, 25, 25, 12, 73, 42, 15, 44, 20, 21, 20, 50]",64.87603746947484
"[30, 22, 42, 48, 21, 25, 12, 74, 42, 16, 43, 25, 21, 20, 61]",69.94286388380135
"[32, 22, 43, 48, 22, 25, 12, 75, 42, 15, 47, 20, 21, 20, 54]",67.18847145909659
"[26, 21, 46, 48, 24, 25, 12, 75, 42, 15, 44, 20, 21, 21, 50]",66.72283424908436
"[43, 22, 46, 48, 21, 25, 13, 75, 42, 15, 52, 25, 21, 20, 51]",76.0587824328446
"[26, 22, 48, 48, 25, 25, 14, 75, 42, 17, 52, 21, 21, 20, 61]",78.96541793854297
"[27, 22, 44, 47, 23, 25, 13, 73, 42, 19, 48, 24, 21, 21, 50]",69.23007402319911
"[25, 22, 43, 48, 25, 25, 12, 75, 42, 15, 52, 20, 21, 21, 44]",67.35432565120075
"[34, 22, 47, 48, 16, 25, 12, 75, 42, 15, 57, 20, 21, 20, 52]",67.88135925417183
"[34, 22, 50, 48, 24, 25, 12, 66, 42, 15, 50, 21, 21, 23, 59]",65.9937545787547
"[25, 22, 42, 48, 21, 25, 12, 74, 42, 15, 53, 20, 21, 22, 46]",67.12060693935695
"[25, 22, 42, 48, 24, 29, 15, 75, 42, 15, 50, 24, 21, 21, 58]",67.88078080484341
"[25, 22, 43, 48, 22, 25, 12, 69, 42, 15, 50, 20, 21, 21, 50]",67.71512667887683
"[25, 22, 47, 48, 24, 25, 15, 75, 42, 15, 44, 20, 21, 21, 41]",65.36166704822956
"[25, 22, 50, 48, 25, 29, 14, 75, 42, 17, 50, 20, 19, 20, 53]",69.3231733312983
"[25, 22, 42, 45, 25, 25, 12, 73, 42, 15, 55, 20, 21, 20, 58]",66.74494009462741
"[25, 22, 42, 48, 23, 25, 12, 75, 42, 15, 48, 20, 21, 21, 53]",64.63237268518543
"[27, 22, 44, 48, 23, 25, 12, 75, 42, 15, 51, 20, 21, 20, 49]",67.56887413512405
"[25, 22, 45, 48, 21, 25, 12, 75, 42, 15, 44, 20, 21, 20, 56]",65.51886434167707
"[25, 22, 43, 48, 24, 25, 12, 69, 42, 15, 42, 20, 21, 21, 51]",65.52348405067141
"[25, 22, 42, 48, 25, 25, 12, 75, 42, 15, 49, 20, 21, 20, 43]",70.92012388074893
"[25, 22, 42, 48, 20, 25, 12, 74, 42, 15, 47, 23, 21, 20, 61]",71.12133419820907
"[25, 22, 46, 48, 19, 25, 12, 75, 42, 15, 47, 20, 21, 20, 51]",66.4205583536834
"[25, 22, 43, 48, 21, 25, 12, 73, 42, 15, 46, 20, 21, 20, 48]",65.61852538665036
"[38, 22, 51, 48, 25, 25, 12, 75, 42, 15, 48, 24, 21, 23, 50]",70.00025386650375
"[25, 22, 52, 48, 19, 25, 12, 75, 42, 16, 55, 24, 21, 20, 59]",73.13465621184358
"[25, 22, 43, 48, 22, 25, 12, 75, 42, 17, 49, 23, 21, 21, 53]",67.2020834605211
"[25, 22, 43, 48, 18, 25, 12, 75, 42, 15, 50, 20, 21, 21, 43]",74.80559892653615
"[25, 22, 49, 48, 17, 25, 12, 75, 42, 15, 53, 20, 21, 21, 49]",68.57794642857131
"[27, 22, 47, 48, 25, 25, 12, 66, 39, 15, 55, 20, 21, 25, 57]",68.75791526760268
"[25, 21, 42, 48, 20, 25, 12, 75, 42, 15, 52, 20, 21, 22, 53]",68.05837543243788
"[25, 22, 42, 48, 21, 29, 12, 75, 42, 15, 48, 25, 21, 21, 61]",68.9891174450549
"[25, 22, 43, 48, 19, 25, 12, 69, 42, 15, 54, 20, 21, 23, 46]",66.67301816239333
"[25, 22, 46, 48, 22, 25, 16, 75, 42, 15, 42, 20, 20, 20, 41]",67.22524750712243
"[25, 22, 43, 48, 25, 30, 14, 75, 42, 15, 47, 20, 18, 21, 53]",71.24547733516489
"[25, 22, 42, 48, 25, 25, 12, 74, 42, 15, 57, 20, 21, 20, 50]",68.43229739011001
"[25, 22, 42, 48, 22, 25, 12, 75, 42, 15, 48, 20, 21, 20, 52]",67.16673471204717
"[25, 22, 46, 48, 22, 25, 12, 75, 42, 15, 53, 20, 21, 20, 50]",70.10408056064324
"[25, 22, 42, 48, 22, 25, 12, 75, 42, 15, 42, 20, 21, 21, 50]",66.95182374338611
"[25, 22, 42, 48, 19, 25, 12, 75, 42, 15, 42, 20, 21, 20, 49]",68.22376831501832
"[25, 22, 42, 48, 25, 25, 12, 75, 42, 15, 45, 20, 21, 20, 49]",71.47733618233609
"[25, 22, 42, 48, 21, 25, 12, 75, 42, 15, 56, 20, 21, 25, 50]",67.79474829568561
"[25, 22, 44, 48, 20, 25, 12, 75, 42, 15, 49, 20, 21, 20, 46]",67.84289084757825
"[25, 22, 42, 48, 19, 25, 12, 73, 42, 15, 48, 20, 21, 20, 47]",68.11017793549058
"[38, 22, 50, 48, 25, 25, 12, 75, 42, 15, 47, 21, 21, 23, 51]",69.44995294057807
"[25, 21, 42, 48, 19, 25, 12, 74, 42, 17, 52, 30, 21, 21, 47]",72.76823870573853
"[25, 22, 42, 48, 21, 25, 12, 75, 42, 15, 50, 20, 21, 22, 55]",74.20635391229132
"[25, 17, 45, 42, 15, 25, 12, 75, 42, 15, 42, 20, 21, 22, 48]",66.76127009564509
"[25, 22, 42, 48, 21, 25, 12, 75, 42, 15, 45, 22, 21, 23, 52]",74.13429359991845
"[37, 22, 48, 48, 24, 25, 12, 71, 38, 15, 51, 22, 21, 26, 54]",71.73184930809951
"[25, 15, 42, 45, 22, 25, 12, 74, 42, 15, 43, 21, 21, 21, 59]",70.88628332315841
"[29, 22, 42, 48, 20, 27, 12, 75, 42, 15, 47, 25, 21, 25, 56]",65.24450307794056
"[27, 20, 42, 38, 21, 25, 12, 75, 42, 15, 47, 20, 21, 25, 45]",68.7139733414733
"[25, 22, 45, 48, 21, 25, 12, 75, 42, 15, 42, 20, 19, 20, 44]",75.24072713166461
"[35, 22, 42, 45, 20, 26, 15, 75, 42, 16, 44, 20, 19, 22, 46]",69.46293777981266
"[31, 21, 42, 44, 25, 25, 12, 74, 42, 15, 52, 20, 21, 25, 49]",73.30015122608879
"[25, 20, 42, 48, 21, 25, 13, 75, 42, 15, 45, 20, 21, 21, 50]",66.77738235144474
"[30, 21, 46, 48, 23, 25, 12, 75, 42, 15, 45, 20, 21, 20, 55]",69.56744988807485
"[35, 22, 42, 42, 22, 25, 12, 75, 42, 15, 43, 20, 21, 24, 45]",69.45397741147741
"[35, 17, 43, 43, 20, 25, 12, 75, 42, 15, 42, 20, 21, 20, 46]",65.85814471408212
"[25, 22, 44, 46, 25, 25, 13, 75, 42, 15, 42, 20, 20, 21, 54]",70.11469564000787
"[25, 22, 42, 48, 21, 25, 12, 75, 42, 15, 57, 20, 21, 30, 41]",69.5352463624339
"[31, 22, 42, 48, 22, 25, 12, 75, 42, 15, 44, 20, 21, 20, 45]",68.53387210012207
"[32, 22, 42, 48, 22, 25, 12, 73, 42, 15, 44, 20, 21, 22, 47]",70.012382351445
"[38, 22, 50, 48, 25, 25, 12, 75, 42, 15, 46, 20, 21, 24, 53]",64.54554703398446
"[40, 12, 42, 48, 20, 25, 12, 72, 42, 17, 47, 30, 21, 27, 41]",73.96209045584034
"[29, 22, 42, 48, 21, 25, 12, 75, 42, 15, 48, 22, 21, 24, 55]",68.09192244098475
"[27, 13, 51, 40, 15, 25, 12, 75, 42, 15, 42, 20, 21, 23, 54]",64.2393337912088
"[28, 22, 45, 48, 17, 25, 12, 75, 42, 15, 42, 22, 21, 25, 53]",65.36340379527894
"[34, 22, 47, 48, 19, 25, 12, 72, 39, 15, 47, 26, 21, 26, 55]",67.39530105311376
"[25, 16, 45, 39, 19, 25, 12, 73, 42, 15, 42, 23, 21, 23, 61]",69.02592439967445
"[31, 22, 46, 48, 18, 25, 12, 75, 42, 15, 49, 23, 21, 29, 54]",73.13582290394801
"[26, 19, 46, 45, 15, 25, 12, 75, 42, 15, 42, 20, 21, 24, 49]",71.48458206145705
"[25, 22, 49, 48, 19, 25, 12, 75, 42, 15, 42, 20, 18, 20, 48]",65.10540763634494
"[43, 20, 48, 47, 15, 25, 12, 75, 42, 18, 43, 21, 21, 23, 41]",71.00126513532757
"[32, 19, 44, 46, 24, 25, 12, 73, 42, 15, 46, 20, 21, 26, 54]",76.36603416259659
"[25, 17, 42, 48, 17, 25, 12, 75, 42, 15, 43, 20, 21, 24, 48]",67.29325905575905
"[38, 19, 47, 48, 17, 25, 13, 75, 42, 15, 42, 22, 21, 23, 59]",68.47774292836804
"[40, 22, 42, 48, 15, 25, 12, 75, 42, 15, 44, 20, 21, 26, 49]",71.70567358567358
"[27, 16, 45, 42, 20, 25, 12, 73, 42, 15, 42, 20, 21, 22, 43]",66.32215659340659
"[25, 22, 49, 46, 21, 25, 13, 75, 42, 15, 42, 20, 20, 22, 48]",67.27316964285694
"[25, 16, 43, 47, 20, 25, 12, 75, 42, 15, 54, 22, 21, 27, 57]",68.83442231379765
"[32, 22, 43, 48, 15, 25, 13, 75, 42, 15, 42, 20, 21, 20, 51]",71.31744696275935
"[31, 22, 45, 47, 22, 25, 12, 73, 42, 15, 42, 20, 21, 22, 47]",67.23751297313801
"[28, 22, 54, 48, 21, 25, 12, 75, 42, 15, 45, 20, 21, 24, 54]",66.55362103174583
"[43, 13, 42, 46, 16, 25, 12, 71, 42, 15, 44, 20, 21, 30, 46]",76.48485716829467
"[32, 18, 48, 48, 15, 25, 12, 75, 42, 15, 45, 24, 21, 26, 53]",67.18475452787945
"[43, 12, 42, 35, 15, 25, 12, 75, 42, 15, 42, 20, 21, 26, 53]",67.58477068070805
"[31, 22, 44, 45, 15, 25, 12, 75, 42, 15, 42, 23, 21, 26, 44]",67.88263138481874
"[42, 22, 49, 48, 15, 25, 12, 66, 41, 15, 45, 29, 21, 26, 51]",67.16330776862046
"[25, 21, 49, 34, 15, 25, 12, 70, 42, 19, 56, 25, 21, 24, 52]",69.51564827533547
"[43, 18, 46, 44, 15, 25, 12, 75, 42, 20, 52, 27, 21, 28, 43]",66.96349918599914
"[43, 15, 50, 48, 15, 25, 12, 75, 42, 15, 42, 22, 21, 23, 52]",65.66159226190459
"[43, 22, 45, 48, 16, 25, 12, 75, 42, 15, 42, 20, 17, 22, 41]",66.94796436202664
"[43, 17, 51, 47, 15, 25, 12, 75, 42, 20, 42, 23, 21, 24, 41]",62.94124427655676
"[41, 17, 48, 45, 15, 25, 12, 73, 42, 18, 42, 25, 21, 27, 49]",64.87940705128212
"[34, 17, 42, 48, 15, 25, 12, 75, 42, 16, 45, 22, 21, 25, 47]",64.78092350936106
"[43, 19, 46, 46, 16, 25, 12, 75, 42, 18, 42, 23, 21, 30, 41]",68.1970503917379
"[37, 18, 46, 48, 15, 25, 12, 75, 42, 16, 42, 23, 21, 25, 48]",66.03014982702473
"[38, 18, 48, 44, 20, 25, 12, 73, 42, 15, 43, 20, 21, 25, 41]",64.30736136548647
"[30, 18, 44, 45, 15, 25, 12, 75, 42, 15, 42, 20, 21, 25, 44]",67.10340086996337
"[40, 15, 44, 36, 15, 25, 12, 75, 42, 20, 46, 29, 21, 23, 57]",65.46483580077341
"[41, 22, 49, 48, 15, 25, 13, 75, 42, 15, 42, 20, 21, 24, 41]",68.6320449226702
"[27, 22, 46, 46, 15, 25, 12, 72, 42, 18, 42, 20, 21, 22, 41]",69.7317606583232
"[25, 22, 47, 48, 19, 25, 12, 75, 42, 15, 47, 20, 21, 27, 50]",65.93382885632903
"[43, 16, 42, 40, 15, 27, 12, 72, 38, 17, 43, 20, 21, 21, 51]",70.65865321021563
"[39, 14, 52, 41, 15, 25, 12, 75, 42, 15, 45, 26, 21, 28, 48]",66.04546258140012
"[43, 12, 42, 31, 15, 25, 12, 75, 42, 15, 42, 22, 21, 26, 49]",74.63349422568182
"[34, 22, 43, 40, 15, 25, 12, 75, 42, 15, 44, 23, 21, 27, 41]",65.5876217185594
"[43, 22, 50, 48, 15, 25, 12, 65, 42, 15, 48, 25, 21, 27, 48]",71.59724791412297
"[37, 20, 42, 35, 15, 25, 12, 69, 41, 16, 57, 23, 21, 24, 44]",71.29977284289777
"[43, 20, 46, 42, 15, 27, 13, 75, 42, 19, 52, 26, 21, 25, 44]",68.12625661375696
"[43, 19, 45, 46, 15, 25, 12, 75, 42, 15, 42, 23, 21, 24, 53]",63.72858821733821
"[43, 21, 42, 48, 15, 25, 12, 75, 42, 15, 42, 20, 18, 26, 41]",66.81964858058609
"[43, 21, 53, 48, 15, 25, 12, 75, 42, 18, 42, 20, 21, 25, 41]",67.64899598087091
"[43, 22, 51, 45, 15, 25, 12, 73, 42, 18, 43, 25, 21, 28, 41]",66.19639334045578
"[43, 17, 42, 48, 15, 25, 12, 75, 42, 16, 47, 22, 21, 26, 41]",62.77759437321957
"[43, 19, 47, 45, 15, 25, 12, 75, 42, 19, 43, 24, 21, 30, 41]",66.27130278286556
"[34, 22, 49, 48, 16, 25, 13, 75, 42, 16, 43, 22, 21, 23, 42]",67.67814967439946
"[43, 21, 45, 42, 15, 25, 12, 73, 42, 15, 42, 20, 21, 26, 41]",65.40729484635726
"[35, 17, 42, 40, 15, 25, 13, 75, 42, 15, 42, 20, 21, 22, 41]",66.56593521062277
"[43, 19, 42, 31, 15, 25, 12, 75, 42, 20, 43, 30, 21, 28, 49]",69.55350312881558
"[43, 21, 50, 47, 15, 25, 12, 75, 42, 15, 45, 20, 21, 28, 41]",62.33145489926749
"[25, 18, 44, 44, 15, 25, 13, 75, 42, 17, 42, 20, 21, 22, 41]",69.34500674094411
"[42, 22, 42, 48, 20, 25, 12, 75, 42, 15, 48, 23, 21, 28, 45]",66.1974314458688
"[43, 20, 44, 40, 15, 26, 12, 74, 40, 15, 45, 21, 21, 20, 41]",69.36612014143255
"[43, 12, 55, 35, 15, 25, 14, 75, 42, 15, 47, 23, 21, 28, 42]",70.44532776251516
"[36, 14, 42, 32, 15, 25, 13, 75, 42, 15, 43, 23, 21, 23, 44]",73.67264931827438
"[31, 22, 43, 43, 15, 25, 13, 75, 42, 15, 45, 20, 21, 24, 41]",66.69313721001211
"[43, 22, 50, 48, 15, 25, 12, 67, 37, 15, 51, 20, 21, 29, 45]",64.89555415649156
"[39, 15, 42, 42, 15, 25, 12, 70, 39, 15, 56, 21, 21, 30, 49]",75.17429436304423
"[34, 22, 44, 48, 15, 28, 14, 75, 42, 15, 47, 20, 21, 25, 55]",69.07918777981246
"[43, 22, 42, 45, 15, 25, 12, 75, 41, 15, 42, 22, 21, 28, 53]",68.69601063288562
"[40, 22, 49, 48, 15, 25, 12, 75, 42, 15, 42, 20, 21, 22, 41]",66.78892094017083
"[43, 22, 54, 48, 15, 27, 13, 75, 42, 18, 42, 20, 21, 23, 41]",63.119847883597686
"[43, 22, 48, 48, 15, 25, 13, 74, 42, 18, 47, 22, 21, 24, 41]",67.12418103886837
"[43, 20, 42, 46, 15, 25, 14, 75, 42, 16, 46, 21, 21, 27, 41]",66.60230603886845
"[43, 22, 48, 46, 15, 25, 13, 75, 42, 15, 45, 23, 21, 30, 41]",66.24813250406979
"[33, 22, 48, 48, 16, 25, 13, 75, 42, 15, 47, 22, 21, 25, 41]",63.276697573260066
"[43, 22, 44, 47, 15, 25, 13, 73, 42, 15, 42, 20, 21, 27, 41]",66.25925150081399
"[41, 17, 42, 38, 15, 25, 14, 75, 42, 15, 42, 20, 21, 20, 41]",63.45239748677248
"[27, 19, 42, 37, 15, 25, 12, 75, 42, 15, 51, 30, 21, 30, 42]",81.36179728835958
"[43, 21, 50, 47, 15, 25, 13, 75, 42, 15, 42, 20, 21, 26, 41]",68.35960991554737
"[30, 17, 42, 42, 15, 25, 13, 75, 42, 15, 42, 20, 21, 21, 41]",65.99863362332086
"[43, 22, 42, 48, 19, 25, 14, 75, 42, 15, 47, 23, 21, 26, 43]",70.44172555453822
"[36, 22, 46, 44, 15, 25, 12, 75, 42, 15, 49, 23, 21, 23, 41]",67.62087835775343
"[41, 21, 42, 37, 15, 25, 14, 75, 42, 15, 49, 22, 21, 26, 44]",70.2908463064713
"[25, 22, 42, 41, 15, 25, 14, 75, 41, 15, 46, 21, 21, 22, 43]",69.13373562779812
"[26, 19, 43, 47, 15, 25, 13, 75, 42, 15, 47, 20, 21, 22, 43]",67.09446008852241
"[43, 22, 49, 48, 15, 25, 12, 70, 34, 15, 51, 20, 21, 28, 44]",69.5602239774117
"[36, 14, 42, 48, 15, 25, 12, 74, 40, 15, 42, 23, 21, 30, 52]",67.58339260276739
"[29, 22, 45, 48, 15, 28, 14, 75, 42, 15, 43, 20, 21, 27, 61]",64.3212648809524
"[43, 22, 46, 46, 15, 25, 13, 75, 41, 15, 47, 21, 21, 26, 50]",67.70928266178278
"[34, 22, 54, 48, 16, 25, 14, 75, 42, 15, 42, 20, 21, 20, 41]",65.90348862942594
"[43, 22, 52, 48, 15, 28, 14, 75, 42, 16, 42, 20, 21, 22, 41]",62.423554894179965
"[43, 20, 47, 48, 15, 25, 13, 75, 42, 17, 42, 20, 21, 23, 46]",65.38340036121289
"[33, 21, 42, 44, 15, 25, 14, 75, 42, 15, 44, 20, 21, 25, 41]",67.2491829466832
"[41, 22, 50, 48, 15, 25, 15, 75, 42, 15, 46, 21, 21, 29, 41]",67.83639410358144
"[43, 22, 48, 48, 15, 25, 13, 75, 42, 15, 44, 20, 21, 26, 41]",67.0720961792837
"[42, 20, 46, 48, 15, 25, 14, 73, 42, 15, 42, 20, 20, 25, 41]",66.9221218711842
"[43, 19, 42, 41, 15, 25, 15, 75, 42, 15, 42, 20, 21, 25, 41]",66.55894332519351
"[25, 14, 42, 46, 15, 25, 12, 75, 42, 15, 57, 29, 21, 24, 54]",72.31058608058626
"[43, 22, 52, 48, 15, 25, 14, 75, 42, 15, 42, 20, 21, 24, 41]",63.31537240537241
"[43, 16, 42, 39, 15, 25, 13, 75, 42, 15, 42, 20, 21, 21, 41]",64.60012133699661
"[43, 22, 47, 48, 15, 25, 14, 75, 42, 15, 46, 20, 21, 24, 50]",71.85056916463166
"[30, 22, 46, 48, 15, 25, 13, 75, 42, 15, 48, 21, 21, 26, 41]",70.40543447293447
"[34, 22, 42, 46, 15, 25, 12, 75, 42, 15, 45, 22, 21, 25, 47]",72.53261243386262
"[25, 22, 42, 44, 15, 25, 13, 75, 42, 15, 42, 20, 21, 21, 48]",69.02312461843707
"[37, 17, 43, 43, 15, 25, 13, 75, 42, 15, 42, 20, 21, 22, 50]",67.46319533475761
"[43, 22, 49, 48, 16, 25, 12, 66, 32, 15, 47, 20, 21, 27, 45]",66.47467312779811
"[28, 22, 42, 43, 17, 25, 14, 75, 42, 15, 42, 26, 21, 20, 56]",70.52062334656092
"[31, 22, 47, 48, 15, 26, 13, 75, 42, 15, 42, 20, 21, 30, 54]",69.0759869759868
"[42, 22, 51, 48, 15, 25, 14, 75, 42, 15, 51, 22, 21, 24, 45]",67.7309603937731
"[30, 22, 54, 48, 16, 25, 15, 75, 42, 15, 42, 20, 18, 22, 41]",65.15714425620668
"[43, 22, 50, 48, 15, 28, 15, 75, 42, 15, 42, 20, 21, 21, 41]",64.04403515466022
"[40, 18, 52, 48, 15, 25, 13, 75, 42, 17, 42, 21, 21, 23, 46]",67.3872182794057
"[36, 18, 42, 45, 15, 25, 12, 75, 42, 15, 42, 21, 21, 24, 41]",67.915268874644
"[39, 22, 50, 48, 15, 25, 14, 75, 42, 15, 45, 21, 21, 26, 41]",64.52866109584865
"[42, 21, 48, 48, 15, 25, 14, 75, 42, 15, 43, 20, 21, 25, 41]",64.78497825091584
"[36, 20, 55, 48, 15, 25, 13, 75, 42, 15, 42, 20, 21, 20, 41]",66.04621985653247
"[33, 20, 42, 42, 15, 25, 14, 75, 42, 15, 42, 20, 21, 28, 41]",67.50944240944244
"[30, 15, 42, 48, 15, 25, 12, 75, 42, 18, 52, 23, 21, 27, 61]",68.13262184574673
"[40, 22, 54, 48, 15, 25, 13, 75, 42, 15, 42, 20, 21, 24, 41]",62.54375928469701
"[43, 16, 42, 41, 15, 25, 13, 75, 42, 15, 42, 20, 21, 23, 41]",68.50979179385433
"[43, 22, 58, 48, 19, 25, 13, 75, 42, 15, 44, 20, 21, 23, 49]",65.72003065221823
"[32, 19, 46, 45, 15, 25, 14, 75, 42, 15, 42, 20, 21, 27, 41]",68.16157343813602
"[27, 18, 42, 48, 15, 25, 12, 75, 42, 15, 42, 22, 21, 26, 45]",65.79874605718372
"[25, 20, 42, 38, 15, 25, 12, 75, 42, 18, 42, 20, 21, 22, 50]",69.55916056166048
"[43, 15, 46, 38, 15, 25, 13, 75, 42, 17, 42, 21, 21, 22, 56]",64.54674374236892
"[43, 22, 50, 48, 17, 25, 12, 64, 37, 15, 43, 20, 21, 22, 51]",62.84371642246644
"[25, 22, 42, 38, 15, 25, 15, 73, 42, 16, 45, 26, 21, 20, 58]",67.50738222425717
"[38, 15, 48, 43, 15, 25, 12, 75, 42, 15, 48, 24, 21, 30, 44]",67.25002251221024
"[41, 20, 54, 48, 15, 25, 14, 75, 42, 15, 42, 24, 21, 22, 45]",66.76275908119672
"[29, 22, 47, 48, 16, 25, 12, 75, 42, 15, 42, 20, 14, 20, 41]",72.50114189051695
"[43, 22, 54, 48, 15, 26, 14, 75, 42, 18, 42, 20, 21, 21, 41]",64.23620624745615
"[37, 16, 56, 48, 15, 25, 13, 75, 42, 17, 42, 21, 21, 23, 46]",62.093108465608466
"[43, 15, 43, 44, 15, 25, 12, 75, 42, 15, 42, 21, 21, 22, 44]",63.88786922568199
"[41, 20, 54, 48, 15, 25, 13, 75, 42, 15, 44, 22, 21, 22, 41]",65.44624364061862
"[38, 19, 53, 48, 15, 25, 13, 75, 42, 15, 42, 22, 21, 22, 41]",64.17527205433443
"[38, 18, 55, 46, 15, 25, 12, 75, 41, 15, 42, 20, 21, 20, 41]",68.65310515873011
"[26, 19, 42, 46, 15, 25, 13, 75, 42, 15, 42, 20, 21, 24, 41]",63.164987281237444
"[43, 15, 42, 31, 15, 25, 14, 75, 42, 22, 46, 25, 21, 29, 61]",67.08112243080977
"[43, 21, 55, 48, 15, 25, 12, 75, 42, 15, 42, 20, 21, 24, 41]",67.86362319393571
"[41, 16, 42, 41, 15, 25, 13, 75, 42, 18, 42, 20, 19, 24, 41]",66.55429143772903
"[43, 22, 62, 48, 18, 25, 12, 75, 42, 18, 43, 23, 21, 23, 48]",63.74075002543739
"[36, 15, 48, 43, 15, 25, 14, 74, 42, 16, 42, 20, 21, 23, 44]",64.30321721103016
"[31, 14, 48, 45, 15, 25, 12, 75, 42, 18, 42, 22, 21, 26, 43]",67.00820436507905
"[38, 12, 42, 32, 15, 25, 14, 74, 42, 19, 42, 20, 21, 23, 46]",70.62061711436715
"[38, 13, 49, 40, 15, 25, 13, 75, 42, 19, 42, 23, 21, 23, 47]",69.30006868131863
"[43, 20, 56, 48, 16, 25, 12, 67, 40, 15, 42, 21, 21, 20, 56]",64.95595047313803
"[25, 22, 42, 38, 15, 25, 12, 75, 42, 18, 51, 20, 21, 20, 50]",70.91820741758242
"[34, 15, 49, 44, 15, 25, 14, 75, 42, 16, 51, 25, 21, 30, 41]",65.17789898758642
"[42, 17, 52, 48, 15, 25, 13, 75, 42, 15, 42, 23, 21, 22, 52]",68.71655995624754
"[37, 14, 44, 48, 18, 25, 12, 75, 42, 17, 42, 20, 21, 20, 41]",67.61026582214086
"[43, 20, 56, 48, 16, 27, 13, 75, 42, 20, 42, 20, 19, 21, 41]",70.69859190577947
"[38, 17, 60, 48, 15, 25, 13, 75, 42, 17, 42, 21, 21, 23, 44]",68.58116402116404
"[43, 15, 50, 43, 15, 25, 12, 75, 42, 19, 42, 20, 21, 22, 43]",63.435109762922345
"[43, 19, 54, 48, 15, 25, 13, 75, 42, 15, 42, 20, 21, 20, 41]",69.21170571326827
"[36, 17, 54, 48, 15, 25, 13, 75, 42, 17, 42, 21, 21, 20, 42]",65.76412622100094
"[42, 17, 49, 46, 19, 25, 12, 75, 42, 19, 42, 20, 15, 22, 41]",65.1523004426131
"[27, 13, 44, 41, 15, 25, 12, 75, 42, 18, 42, 20, 21, 20, 41]",67.35029100529067
"[43, 16, 42, 30, 15, 25, 14, 75, 42, 20, 46, 30, 21, 27, 57]",78.17226877289391
"[43, 20, 54, 48, 15, 25, 13, 75, 42, 17, 42, 20, 21, 23, 42]",64.88929207366694
"[32, 17, 45, 44, 15, 25, 13, 75, 42, 18, 42, 20, 18, 20, 41]",67.27091320716326
"[43, 22, 62, 48, 17, 25, 14, 75, 42, 21, 42, 22, 21, 23, 43]",69.71465188746443
"[39, 12, 46, 40, 15, 25, 14, 75, 42, 18, 42, 20, 21, 20, 46]",65.90700918294684
"[36, 12, 49, 41, 15, 25, 13, 75, 41, 19, 43, 21, 21, 22, 48]",64.76811164529911
"[38, 12, 42, 34, 15, 25, 14, 75, 42, 17, 42, 20, 21, 24, 44]",67.67068045380523
"[36, 18, 43, 42, 15, 25, 14, 75, 42, 17, 42, 22, 21, 23, 41]",65.6821284849409
"[43, 20, 58, 48, 16, 25, 12, 66, 40, 15, 43, 21, 21, 24, 52]",66.91775933557199
"[25, 17, 42, 39, 15, 25, 12, 75, 42, 18, 52, 20, 21, 20, 44]",70.03016763329303
"[30, 19, 46, 46, 15, 28, 15, 75, 42, 18, 42, 23, 21, 24, 57]",66.37217325498601
"[42, 17, 48, 48, 15, 25, 12, 75, 42, 15, 42, 21, 21, 23, 48]",70.38668816137577
"[37, 12, 50, 48, 15, 25, 13, 75, 42, 18, 42, 20, 21, 20, 41]",65.3678495115995
"[43, 18, 56, 48, 17, 29, 13, 75, 42, 21, 42, 20, 19, 20, 41]",64.04280410561645
"[43, 18, 50, 48, 15, 25, 13, 75, 42, 17, 42, 21, 21, 23, 43]",66.23120395807899
"[36, 21, 50, 47, 15, 25, 13, 75, 42, 19, 42, 20, 21, 24, 43]",69.28959668803422
"[42, 20, 52, 48, 16, 25, 14, 75, 42, 16, 42, 20, 21, 23, 41]",65.58624707468437
"[40, 22, 46, 48, 15, 25, 13, 75, 42, 18, 42, 20, 21, 22, 44]",67.50573120166884
"[43, 17, 47, 45, 19, 25, 14, 74, 42, 19, 42, 20, 13, 23, 41]",70.25176027676011
"[35, 13, 42, 34, 15, 25, 12, 75, 42, 18, 42, 20, 20, 20, 41]",64.70151187932453
"[26, 17, 42, 48, 15, 26, 14, 75, 42, 17, 53, 30, 21, 24, 51]",85.14573921448904
"[43, 19, 52, 48, 15, 25, 13, 75, 42, 17, 42, 20, 21, 22, 41]",64.28695296601536
"[36, 16, 47, 47, 15, 25, 14, 75, 42, 15, 42, 20, 20, 20, 41]",64.85636434167675
"[43, 22, 62, 48, 17, 25, 15, 75, 42, 17, 43, 20, 21, 23, 41]",65.70352106227118
"[37, 15, 45, 39, 15, 25, 14, 75, 42, 18, 42, 20, 21, 20, 47]",65.12398898555138
"[40, 17, 42, 37, 15, 25, 14, 75, 42, 18, 42, 20, 21, 20, 49]",70.55319965913718
"[25, 12, 42, 41, 15, 25, 13, 75, 42, 15, 42, 20, 21, 20, 44]",69.08204047110297
"[38, 22, 42, 44, 15, 26, 15, 75, 42, 15, 46, 20, 21, 20, 43]",65.59843686406157
"[42, 19, 55, 48, 18, 25, 12, 62, 38, 15, 46, 24, 21, 26, 41]",63.72740956959698
"[29, 12, 42, 43, 15, 25, 12, 75, 42, 15, 51, 21, 21, 20, 43]",68.72558086589338
"[31, 22, 42, 48, 15, 29, 15, 75, 42, 17, 42, 22, 21, 20, 61]",65.78339005901495
"[40, 18, 45, 48, 15, 25, 13, 75, 42, 15, 42, 21, 21, 24, 43]",65.9896120777372
"[25, 17, 52, 48, 15, 25, 16, 75, 42, 17, 42, 20, 21, 20, 43]",71.5483052248678
"[43, 21, 55, 48, 17, 29, 16, 75, 42, 17, 42, 20, 21, 20, 41]",70.23280461436723
"[43, 19, 46, 48, 15, 25, 14, 75, 42, 16, 42, 21, 21, 20, 42]",68.6103411172163
"[33, 21, 47, 48, 15, 27, 15, 75, 42, 15, 42, 20, 20, 20, 41]",63.392223494098815
"[39, 22, 50, 48, 18, 25, 15, 75, 42, 16, 42, 20, 21, 24, 41]",64.62765529609253
"[42, 21, 42, 48, 16, 25, 14, 75, 42, 15, 42, 21, 21, 22, 44]",62.002688873626305
"[40, 18, 49, 48, 15, 25, 15, 74, 42, 15, 42, 20, 21, 20, 41]",71.4350151353276
"[31, 15, 42, 34, 15, 25, 14, 75, 42, 15, 42, 20, 19, 20, 41]",67.6795217745216
"[25, 14, 42, 48, 15, 26, 13, 75, 42, 15, 57, 30, 21, 23, 53]",67.28321021571023
"[43, 18, 52, 48, 16, 27, 14, 75, 42, 15, 42, 20, 21, 20, 41]",65.08792455229954
"[38, 14, 47, 48, 15, 25, 15, 75, 42, 15, 42, 20, 21, 20, 41]",60.96904825498575
"[43, 22, 62, 48, 20, 25, 14, 75, 42, 15, 46, 20, 21, 20, 42]",66.96157903439202
"[34, 16, 44, 42, 15, 25, 14, 75, 42, 15, 42, 20, 21, 20, 43]",67.1614194139195
"[31, 20, 42, 34, 15, 26, 15, 75, 42, 16, 42, 22, 21, 20, 50]",66.85454492267007
"[25, 12, 42, 40, 15, 26, 13, 75, 42, 15, 42, 20, 21, 20, 49]",69.20079517704502
"[37, 18, 44, 48, 15, 27, 14, 75, 42, 15, 43, 20, 21, 20, 50]",67.38046690577907
"[43, 20, 50, 48, 19, 25, 12, 61, 37, 15, 45, 22, 21, 23, 41]",70.47773771367527
"[31, 12, 42, 39, 15, 25, 13, 75, 42, 15, 43, 22, 21, 21, 46]",67.05530804843316
"[34, 14, 44, 48, 15, 26, 15, 75, 42, 15, 48, 22, 21, 20, 61]",65.23486975986975
"[41, 19, 46, 48, 15, 25, 14, 75, 42, 15, 42, 22, 21, 22, 45]",65.11546677859181
"[29, 21, 42, 48, 16, 25, 15, 75, 42, 16, 42, 20, 21, 20, 43]",66.33429919617421
"[43, 22, 54, 48, 16, 27, 18, 75, 42, 15, 42, 20, 21, 20, 41]",64.30620790089534
"[35, 17, 48, 48, 16, 25, 15, 75, 42, 15, 42, 20, 21, 20, 42]",69.22226444851435
"[40, 16, 46, 48, 15, 28, 16, 75, 42, 15, 43, 21, 20, 20, 41]",68.83403490028475
"[37, 22, 50, 48, 18, 25, 15, 75, 42, 15, 42, 21, 21, 24, 41]",64.28546054639808
"[42, 15, 48, 48, 17, 25, 15, 75, 42, 15, 42, 22, 21, 20, 41]",69.80499669312165
"[35, 19, 52, 48, 16, 25, 15, 75, 42, 15, 42, 20, 21, 20, 41]",64.88982384513648
"[25, 15, 42, 40, 15, 25, 16, 75, 42, 15, 42, 20, 19, 20, 41]",68.38894714082194
"[35, 12, 42, 45, 15, 27, 12, 75, 42, 16, 53, 28, 21, 24, 59]",70.30409658628419
"[43, 20, 51, 48, 17, 27, 14, 75, 42, 15, 42, 20, 21, 22, 41]",67.84967579873853
"[40, 13, 46, 48, 15, 25, 14, 75, 42, 15, 42, 20, 21, 20, 41]",63.27583307895807
"[43, 22, 60, 48, 20, 25, 13, 75, 42, 15, 43, 21, 21, 20, 46]",67.03080636955634
"[30, 16, 43, 47, 15, 25, 14, 75, 42, 15, 43, 20, 21, 21, 41]",69.32464552808312
"[25, 15, 42, 40, 15, 27, 15, 75, 42, 15, 42, 24, 21, 20, 41]",75.73186800468059
"[25, 12, 42, 31, 15, 25, 14, 75, 42, 15, 42, 21, 21, 20, 48]",69.95438492063491
"[36, 13, 51, 48, 15, 27, 13, 75, 42, 15, 42, 20, 21, 20, 55]",61.422861340048776
"[43, 18, 50, 48, 18, 25, 12, 61, 36, 15, 42, 21, 21, 20, 46]",71.13174806674816
"[34, 12, 42, 38, 15, 25, 14, 74, 41, 15, 42, 23, 21, 22, 47]",65.50953512922254
"[38, 12, 48, 48, 15, 25, 15, 75, 42, 15, 55, 24, 21, 22, 43]",63.04106430606426
"[40, 19, 50, 48, 15, 25, 14, 75, 42, 15, 42, 21, 21, 20, 48]",67.17218749999986
"[35, 21, 42, 46, 16, 27, 14, 75, 42, 15, 42, 20, 19, 20, 42]",67.18909137159147
"[43, 21, 54, 48, 16, 27, 17, 75, 42, 15, 42, 20, 20, 20, 41]",65.73739290801798
"[33, 14, 56, 48, 15, 27, 14, 75, 42, 15, 42, 20, 21, 20, 41]",64.22554919617438
"[42, 12, 45, 48, 15, 26, 14, 75, 42, 15, 42, 21, 20, 20, 41]",64.17518047924324
"[38, 22, 50, 48, 17, 25, 14, 75, 42, 15, 42, 21, 21, 20, 41]",65.5638849460727
"[39, 18, 53, 48, 17, 25, 14, 75, 42, 15, 42, 21, 21, 20, 41]",65.36202291921063
"[35, 18, 52, 48, 21, 25, 13, 75, 42, 15, 42, 20, 21, 20, 41]",64.79997621591367
"[25, 12, 42, 47, 15, 25, 14, 75, 42, 15, 42, 20, 19, 20, 41]",68.39262947700458
"[43, 12, 42, 28, 15, 26, 13, 75, 42, 16, 47, 26, 21, 25, 57]",68.8274944037444
"[43, 19, 50, 48, 17, 25, 13, 75, 42, 15, 42, 21, 21, 25, 41]",63.85968037749281
"[38, 14, 46, 48, 15, 26, 14, 75, 42, 15, 42, 20, 19, 20, 41]",63.76313034188043
"[43, 22, 62, 48, 19, 26, 12, 75, 42, 15, 42, 22, 21, 20, 48]",66.48962148962144
"[26, 14, 45, 44, 15, 25, 14, 75, 42, 15, 43, 20, 20, 22, 41]",64.46205789580787
"[34, 12, 43, 46, 15, 26, 13, 75, 42, 15, 46, 24, 21, 21, 41]",68.82390097171361
"[25, 12, 42, 32, 15, 25, 14, 75, 42, 15, 42, 21, 21, 22, 49]",69.99546207264972
"[35, 12, 56, 48, 15, 27, 13, 75, 42, 15, 42, 23, 21, 20, 44]",66.06315743284503
"[43, 18, 53, 48, 16, 25, 12, 63, 33, 15, 42, 20, 21, 20, 48]",67.80284722222231
"[34, 12, 42, 38, 15, 25, 15, 74, 41, 15, 42, 23, 21, 22, 41]",68.14868882275118
"[36, 12, 49, 45, 15, 25, 15, 75, 42, 15, 51, 25, 21, 25, 41]",76.19661757224247
"[35, 19, 52, 48, 15, 25, 13, 75, 42, 15, 43, 21, 21, 20, 51]",66.86361123829911
"[34, 13, 42, 45, 16, 27, 12, 75, 42, 15, 42, 20, 17, 20, 41]",68.46976012413525
"[43, 20, 53, 48, 17, 27, 13, 75, 42, 15, 42, 20, 20, 20, 41]",66.11544515669503
"[40, 15, 61, 48, 15, 28, 13, 75, 42, 15, 42, 20, 21, 20, 42]",66.31258661477402
"[34, 16, 48, 48, 15, 25, 12, 75, 42, 15, 42, 20, 21, 21, 41]",64.60887578856331
"[39, 16, 52, 48, 17, 26, 15, 75, 42, 15, 42, 20, 21, 20, 41]",64.94616605616591
"[37, 21, 51, 48, 15, 25, 13, 75, 42, 15, 42, 20, 21, 20, 41]",66.05609979141249
"[38, 16, 48, 48, 21, 26, 12, 75, 42, 15, 42, 20, 21, 20, 41]",63.73229344729358
"[25, 13, 42, 46, 15, 25, 12, 75, 42, 15, 42, 20, 19, 20, 41]",65.88954937423698
"[43, 15, 42, 36, 15, 26, 15, 75, 42, 16, 47, 29, 21, 24, 56]",73.85455535205529
"[43, 19, 53, 48, 16, 25, 12, 75, 42, 15, 42, 22, 21, 26, 41]",71.09904113247859
"[34, 16, 47, 48, 15, 27, 14, 75, 42, 15, 42, 20, 18, 20, 41]",67.58617165242167
"[43, 22, 55, 48, 17, 26, 13, 75, 42, 17, 42, 23, 21, 21, 42]",64.79679118335362
"[32, 13, 44, 38, 15, 25, 14, 75, 42, 15, 42, 20, 20, 22, 41]",65.01023071835579
"[39, 12, 43, 46, 15, 25, 13, 75, 42, 18, 44, 20, 21, 20, 41]",70.96691875254383
"[25, 12, 42, 37, 15, 25, 13, 75, 42, 15, 42, 21, 21, 24, 48]",65.56319724257244
"[34, 14, 58, 48, 15, 27, 14, 75, 42, 15, 45, 24, 21, 21, 41]",77.38597349409842
"[43, 17, 52, 48, 15, 25, 12, 68, 35, 15, 43, 20, 21, 20, 44]",62.539574557386665
"[34, 12, 42, 45, 15, 25, 14, 74, 42, 15, 46, 22, 21, 22, 41]",65.66536630036613
"[35, 13, 42, 45, 15, 25, 15, 75, 42, 15, 48, 25, 21, 27, 41]",74.4685345441596
"[34, 18, 50, 48, 15, 25, 12, 75, 42, 15, 44, 23, 21, 22, 42]",64.60429283679294
"[25, 14, 47, 47, 17, 26, 12, 75, 42, 15, 42, 20, 19, 20, 41]",65.74040814509556
"[43, 18, 53, 48, 17, 29, 12, 75, 42, 16, 42, 20, 19, 20, 41]",67.74509539072037
"[42, 17, 56, 48, 18, 25, 14, 75, 42, 15, 42, 20, 21, 20, 44]",67.84767081298357
"[35, 20, 48, 48, 15, 25, 13, 75, 42, 15, 42, 20, 21, 23, 41]",64.78561228123728
"[39, 13, 51, 48, 16, 25, 14, 75, 42, 15, 42, 20, 21, 20, 41]",63.11307298026058
"[40, 22, 46, 48, 15, 25, 14, 75, 42, 15, 42, 20, 21, 20, 41]",65.65887680606426
"[41, 16, 49, 48, 15, 25, 13, 75, 42, 15, 42, 20, 20, 20, 41]",65.86392742673992
"[28, 15, 42, 33, 15, 25, 12, 75, 42, 15, 42, 20, 21, 20, 41]",70.11270184676403
"[26, 17, 42, 48, 15, 27, 15, 75, 42, 17, 54, 30, 21, 23, 51]",75.28851419413941
"[40, 20, 54, 48, 17, 25, 15, 75, 41, 15, 42, 21, 21, 21, 41]",64.82005850630846
"[35, 17, 47, 47, 15, 27, 14, 75, 42, 15, 42, 20, 19, 20, 41]",62.388495624745865
"[43, 21, 60, 48, 16, 26, 15, 75, 42, 17, 42, 21, 21, 22, 41]",64.56291959198207
"[37, 14, 42, 37, 15, 25, 14, 75, 42, 15, 42, 20, 21, 22, 41]",65.09458485958491
"[36, 12, 45, 38, 15, 25, 14, 75, 42, 19, 42, 20, 21, 20, 41]",74.02094182437928
"[25, 12, 42, 39, 15, 25, 13, 75, 42, 15, 44, 21, 21, 22, 42]",65.51265822140847
"[37, 16, 42, 48, 15, 26, 14, 75, 42, 15, 43, 20, 21, 21, 48]",70.83362128612121
"[41, 18, 50, 48, 15, 25, 12, 65, 39, 15, 43, 20, 21, 20, 41]",66.30841129934872
"[33, 13, 42, 48, 15, 25, 13, 73, 42, 15, 49, 20, 21, 22, 43]",65.21432590557576
"[34, 15, 42, 45, 15, 25, 14, 75, 42, 15, 48, 25, 21, 21, 41]",69.17872278184761
"[36, 18, 43, 48, 16, 25, 14, 75, 42, 15, 43, 24, 21, 23, 41]",68.89906262718759
"[25, 22, 49, 41, 17, 25, 15, 75, 42, 15, 42, 20, 20, 20, 41]",66.14578385734642
"[43, 19, 53, 48, 16, 29, 14, 75, 42, 16, 42, 20, 19, 20, 41]",66.7254380341879
"[41, 20, 52, 48, 18, 25, 15, 75, 42, 15, 42, 20, 21, 20, 42]",63.439166921042194
"[36, 19, 48, 48, 15, 25, 14, 75, 42, 15, 42, 20, 21, 20, 41]",61.362661909849095
"[38, 12, 48, 48, 16, 25, 13, 75, 42, 15, 42, 20, 21, 20, 42]",69.0581999135123
"[40, 18, 46, 48, 16, 26, 15, 75, 42, 15, 42, 20, 18, 20, 41]",68.6549573921447
"[41, 16, 50, 48, 15, 25, 14, 73, 42, 15, 42, 20, 20, 20, 41]",68.1192490842488
"[34, 15, 42, 36, 15, 25, 13, 75, 42, 15, 42, 20, 21, 20, 41]",65.24002174908426
"[29, 16, 42, 48, 15, 26, 13, 75, 42, 16, 56, 27, 21, 22, 50]",66.85187143874636
"[40, 22, 52, 48, 17, 25, 15, 75, 42, 15, 42, 21, 21, 20, 41]",63.25335826210806
"[37, 15, 47, 46, 15, 26, 14, 75, 42, 15, 42, 20, 21, 20, 41]",64.27167035510791
"[43, 20, 62, 48, 16, 26, 14, 75, 42, 17, 42, 20, 21, 20, 41]",69.30643874643862
"[36, 15, 42, 46, 15, 25, 13, 75, 42, 15, 42, 20, 21, 20, 41]",67.05333028083042
"[34, 12, 46, 40, 15, 26, 15, 75, 42, 18, 42, 20, 21, 20, 42]",67.8395381817258
"[29, 14, 42, 34, 15, 25, 13, 75, 42, 15, 43, 20, 21, 20, 44]",66.671810515873
"[39, 19, 42, 48, 15, 25, 14, 75, 42, 15, 42, 20, 21, 20, 52]",68.10230972730962
"[39, 17, 49, 48, 16, 25, 12, 64, 39, 15, 42, 20, 21, 20, 41]",64.3278626119252
"[31, 15, 42, 45, 15, 25, 12, 72, 42, 15, 42, 21, 21, 21, 45]",71.24719233312946
"[32, 13, 47, 44, 15, 26, 15, 75, 42, 15, 48, 20, 21, 20, 43]",68.02224244505499
"[41, 18, 44, 48, 17, 25, 15, 75, 42, 15, 42, 20, 21, 24, 48]",69.38868004680492
"[25, 19, 43, 45, 15, 25, 16, 75, 42, 15, 42, 20, 19, 20, 41]",69.47798356735865
"[38, 21, 52, 48, 15, 27, 16, 75, 42, 15, 42, 20, 20, 20, 41]",64.44676701770457
"[40, 19, 55, 48, 17, 25, 15, 75, 42, 16, 42, 20, 21, 20, 41]",63.9037297771671
"[37, 16, 48, 48, 15, 25, 15, 75, 42, 15, 42, 20, 21, 20, 41]",68.25394650488397
"[38, 16, 47, 48, 16, 25, 13, 75, 42, 15, 42, 21, 21, 20, 42]",65.8893266687017
"[36, 17, 49, 48, 16, 26, 14, 75, 42, 15, 42, 21, 17, 20, 41]",65.90175480769224
"[38, 18, 50, 48, 15, 25, 14, 75, 42, 15, 42, 20, 20, 20, 41]",67.15362446581192
"[36, 14, 42, 48, 15, 25, 14, 75, 42, 15, 42, 20, 19, 20, 41]",65.72119009462736
"[43, 13, 44, 44, 15, 25, 13, 75, 42, 15, 56, 22, 21, 22, 59]",67.32381931725672
"[43, 18, 51, 48, 16, 25, 13, 75, 42, 15, 42, 20, 20, 22, 41]",65.52208536833508
"[38, 13, 48, 47, 15, 25, 15, 75, 42, 15, 42, 20, 20, 20, 41]",62.97360004578752
"[43, 22, 62, 48, 20, 26, 13, 75, 42, 16, 42, 22, 21, 20, 43]",67.3194955738707
"[31, 16, 42, 48, 15, 25, 13, 75, 42, 15, 42, 22, 21, 20, 41]",63.1531663359788
"[31, 12, 42, 45, 15, 27, 14, 75, 42, 17, 42, 20, 21, 21, 44]",68.00065170940177
"[29, 15, 42, 33, 15, 25, 13, 75, 42, 15, 43, 20, 21, 20, 45]",66.23215977309758
"[39, 14, 47, 48, 15, 27, 14, 75, 42, 15, 44, 20, 21, 20, 50]",67.90705942205966
"[38, 16, 52, 48, 16, 25, 13, 65, 35, 15, 42, 20, 21, 20, 41]",63.35264257733023
"[33, 17, 42, 42, 15, 25, 12, 72, 41, 15, 42, 23, 21, 20, 45]",62.609570868945866
"[36, 12, 49, 44, 15, 25, 15, 75, 42, 15, 49, 20, 21, 20, 47]",67.35933226495744
"[41, 17, 52, 48, 15, 25, 13, 75, 42, 15, 42, 20, 21, 23, 55]",66.10427592083835
"[32, 12, 42, 48, 15, 27, 14, 75, 42, 15, 42, 20, 20, 20, 41]",67.85706908831929
"[40, 22, 51, 48, 16, 25, 15, 75, 42, 15, 42, 20, 21, 20, 41]",63.971010124135205
"[38, 17, 54, 48, 16, 25, 13, 75, 42, 16, 42, 20, 21, 21, 41]",65.88899992368741
"[37, 16, 48, 48, 15, 25, 14, 75, 42, 15, 42, 20, 20, 20, 41]",65.06359572140838
"[37, 17, 49, 48, 15, 25, 15, 75, 42, 15, 42, 20, 21, 20, 41]",67.23960419210415
"[37, 17, 48, 48, 16, 26, 13, 75, 42, 15, 42, 20, 19, 20, 41]",67.89486212861213
"[35, 18, 48, 48, 19, 27, 14, 75, 42, 15, 42, 20, 18, 20, 41]",66.56933849715107
"[32, 14, 42, 48, 15, 25, 15, 75, 42, 15, 42, 20, 19, 20, 41]",62.54194024725265
"[43, 13, 44, 33, 15, 25, 15, 75, 42, 18, 45, 22, 21, 27, 57]",70.86246031746016
"[43, 19, 51, 48, 16, 25, 12, 75, 42, 15, 42, 20, 21, 23, 41]",64.9732036019537
"[35, 14, 46, 48, 15, 27, 15, 75, 42, 15, 42, 20, 19, 20, 41]",65.67673356735845
"[43, 22, 62, 48, 22, 26, 13, 75, 42, 16, 42, 23, 21, 20, 45]",66.4809322853073
"[30, 15, 44, 47, 15, 25, 15, 75, 42, 15, 42, 21, 21, 20, 41]",63.763727360602424
"[30, 16, 42, 43, 15, 28, 13, 75, 42, 15, 42, 20, 21, 21, 43]",71.86654011497744
"[25, 12, 42, 36, 15, 26, 14, 75, 42, 15, 44, 20, 21, 20, 45]",67.82346599002835
"[33, 12, 53, 48, 15, 27, 13, 75, 42, 15, 43, 21, 21, 20, 49]",63.7669520757021
"[41, 17, 51, 48, 16, 25, 12, 66, 37, 15, 42, 20, 21, 20, 41]",64.36698768823773
"[33, 14, 42, 39, 15, 25, 14, 72, 40, 15, 42, 23, 21, 20, 41]",67.82420889295902
"[37, 12, 43, 44, 15, 27, 15, 75, 42, 15, 44, 24, 21, 20, 44]",72.18883699633722
"[35, 18, 56, 48, 15, 25, 12, 75, 42, 15, 47, 22, 21, 21, 42]",64.26755698005728
"[38, 13, 42, 41, 15, 27, 12, 75, 42, 15, 42, 20, 20, 20, 42]",67.94882669413923
"[43, 22, 50, 48, 18, 25, 14, 75, 42, 15, 42, 20, 21, 20, 41]",65.72707353988581
"[37, 16, 50, 48, 16, 26, 12, 75, 42, 16, 42, 21, 21, 22, 42]",62.423663639601216
"[35, 18, 48, 48, 15, 25, 13, 75, 42, 15, 42, 20, 18, 20, 41]",63.01195805352054
"[37, 16, 51, 48, 15, 25, 15, 75, 42, 15, 42, 21, 20, 20, 41]",66.17617826617823
"[39, 19, 45, 48, 16, 26, 14, 75, 42, 15, 42, 20, 21, 20, 41]",67.72096115689864
"[40, 17, 48, 48, 20, 26, 13, 75, 42, 15, 42, 20, 21, 20, 41]",64.99252632783895
"[28, 15, 42, 48, 15, 26, 15, 75, 42, 15, 42, 20, 19, 20, 41]",67.35234737484741
"[38, 16, 42, 45, 15, 26, 14, 75, 42, 18, 48, 29, 21, 24, 51]",70.01479662698387
"[37, 20, 53, 48, 15, 25, 12, 75, 42, 15, 42, 20, 21, 24, 41]",62.340805097680395
"[36, 18, 46, 46, 15, 26, 14, 75, 42, 15, 42, 20, 18, 20, 41]",66.39730591168087
"[43, 22, 62, 48, 21, 26, 14, 75, 42, 15, 42, 22, 21, 20, 46]",67.21779075091567
"[31, 14, 47, 41, 15, 26, 16, 74, 42, 15, 42, 21, 21, 20, 41]",63.0265237077734
"[34, 17, 42, 41, 15, 25, 14, 75, 42, 15, 42, 20, 21, 20, 43]",62.39450765669491
"[25, 12, 42, 40, 15, 27, 14, 75, 42, 15, 45, 21, 21, 21, 43]",66.98880481786723
"[33, 12, 50, 48, 15, 26, 13, 75, 42, 15, 42, 21, 21, 21, 46]",65.78763443732169
"[43, 18, 50, 48, 16, 25, 12, 69, 35, 15, 42, 20, 21, 20, 41]",65.19202609890107
"[33, 13, 42, 42, 15, 25, 14, 72, 41, 15, 42, 20, 21, 20, 41]",67.72891966829485
"[31, 15, 42, 46, 15, 27, 14, 75, 42, 15, 42, 26, 21, 21, 41]",69.72704911986145
"[31, 20, 52, 48, 15, 26, 15, 75, 42, 15, 49, 25, 21, 21, 41]",70.28339641839658
"[29, 18, 46, 37, 16, 26, 12, 75, 42, 15, 42, 20, 20, 20, 43]",66.17661464692705
"[43, 17, 50, 48, 17, 27, 14, 75, 42, 15, 42, 20, 18, 20, 41]",66.86291844729332
"[37, 15, 50, 48, 16, 25, 15, 75, 42, 15, 42, 21, 20, 22, 43]",64.11339438339458
"[35, 18, 48, 48, 15, 25, 15, 75, 42, 15, 42, 20, 19, 20, 41]",66.58303533272293
"[37, 16, 50, 48, 16, 26, 13, 75, 42, 15, 42, 20, 19, 20, 41]",68.76679080179089
"[37, 21, 45, 48, 16, 25, 15, 75, 42, 15, 42, 20, 21, 20, 41]",64.70469017094005
"[40, 16, 52, 48, 16, 25, 13, 75, 42, 15, 42, 20, 21, 20, 41]",64.24781046499794
"[33, 15, 42, 40, 15, 27, 14, 75, 42, 15, 42, 20, 19, 20, 41]",64.3166329619453
"[26, 18, 43, 48, 15, 27, 13, 75, 42, 18, 53, 30, 21, 21, 50]",66.37307196275934
"[37, 21, 51, 48, 15, 26, 13, 75, 41, 15, 42, 20, 21, 22, 41]",62.53777943121682
"[36, 16, 46, 44, 15, 26, 15, 75, 42, 15, 42, 20, 18, 20, 41]",66.49026455026456
"[43, 20, 62, 48, 17, 26, 14, 75, 42, 16, 43, 21, 21, 22, 45]",69.74568414224666
"[33, 13, 50, 38, 15, 28, 14, 75, 42, 15, 42, 20, 20, 20, 41]",64.09884106634112
"[36, 17, 42, 39, 15, 25, 15, 75, 42, 15, 42, 20, 21, 20, 42]",64.36763265669524
"[27, 12, 42, 44, 15, 25, 13, 75, 42, 15, 42, 21, 21, 23, 44]",68.17252225783488
"[37, 20, 46, 48, 15, 26, 15, 75, 42, 15, 43, 23, 21, 23, 49]",67.5219328703705
"[42, 18, 52, 48, 16, 25, 13, 70, 39, 15, 42, 20, 21, 20, 41]",66.57477856634107
"[29, 16, 42, 42, 15, 25, 13, 72, 42, 15, 42, 20, 21, 20, 41]",68.71135391229141
"[32, 16, 44, 46, 15, 25, 14, 75, 42, 15, 52, 22, 21, 22, 41]",68.29885022385035
"[36, 17, 45, 48, 15, 26, 16, 75, 41, 15, 42, 22, 21, 21, 42]",71.78290827228344
"[25, 20, 45, 42, 16, 25, 15, 75, 42, 15, 42, 20, 20, 20, 42]",65.97853645197398
"[39, 17, 55, 48, 15, 28, 15, 75, 42, 16, 42, 20, 19, 20, 41]",74.2161390923891
"[38, 18, 52, 48, 16, 25, 16, 75, 42, 15, 42, 20, 19, 21, 44]",67.31968012311759
"[37, 15, 48, 48, 15, 27, 16, 75, 42, 15, 42, 20, 21, 20, 41]",64.78200396825376
"[37, 17, 50, 48, 16, 27, 14, 75, 42, 15, 42, 20, 20, 20, 41]",63.22292646011404
"[37, 17, 48, 48, 16, 27, 15, 75, 42, 15, 42, 20, 20, 20, 41]",67.3695924908425
"[38, 16, 54, 48, 15, 25, 14, 75, 42, 15, 42, 20, 17, 20, 41]",63.82158742877496
"[38, 15, 42, 37, 15, 27, 13, 75, 42, 15, 42, 20, 21, 20, 41]",64.82793841575067
"[28, 15, 43, 42, 15, 26, 12, 75, 42, 16, 51, 28, 21, 24, 53]",70.13425824175823
"[40, 16, 51, 48, 17, 25, 14, 75, 40, 15, 42, 20, 20, 20, 41]",65.9613111772488
"[36, 13, 46, 48, 15, 27, 16, 75, 42, 15, 42, 20, 20, 20, 41]",65.15382186100929
"[43, 22, 62, 48, 19, 26, 13, 75, 42, 17, 43, 20, 21, 22, 41]",66.28290776353269
"[35, 13, 44, 48, 15, 26, 13, 75, 42, 15, 42, 20, 20, 20, 41]",66.01769663207138
"[32, 12, 42, 46, 15, 27, 14, 75, 42, 15, 42, 20, 20, 20, 41]",65.87290089540096
"[35, 12, 42, 40, 15, 25, 12, 75, 42, 15, 42, 21, 21, 21, 50]",66.44412622100134
"[38, 20, 46, 47, 15, 26, 15, 75, 42, 15, 42, 20, 21, 22, 49]",65.12879718660967
"[38, 18, 54, 48, 16, 25, 13, 69, 39, 15, 42, 20, 21, 20, 42]",68.42930415649158
"[26, 17, 42, 38, 15, 25, 14, 72, 42, 15, 42, 21, 21, 20, 41]",65.1144550010174
"[36, 15, 47, 44, 15, 25, 16, 75, 42, 15, 51, 20, 21, 21, 41]",67.74499834656066
"[43, 15, 42, 48, 16, 26, 13, 75, 42, 15, 42, 20, 21, 21, 49]",64.07020311864063
"[32, 20, 42, 48, 15, 25, 14, 75, 42, 15, 42, 20, 20, 20, 43]",68.24760569291801
"[41, 19, 55, 48, 15, 28, 14, 75, 42, 16, 42, 20, 21, 20, 41]",66.71527370777366
"[38, 20, 55, 48, 16, 26, 12, 75, 42, 15, 42, 20, 20, 20, 43]",65.6015692409442
"[38, 16, 48, 48, 15, 28, 14, 75, 42, 15, 42, 20, 21, 20, 41]",65.49911083129835
"[40, 17, 49, 48, 16, 26, 16, 75, 42, 15, 42, 20, 20, 20, 41]",65.61066557285297
"[41, 18, 49, 48, 16, 27, 14, 75, 42, 15, 42, 20, 19, 20, 41]",65.38207710113963
"[36, 16, 52, 48, 19, 26, 14, 75, 42, 15, 42, 20, 18, 20, 41]",71.00169922669923
"[36, 14, 42, 43, 15, 26, 15, 75, 42, 15, 42, 20, 18, 20, 41]",66.76954161579162
"[36, 13, 42, 31, 15, 26, 13, 75, 42, 17, 49, 26, 21, 26, 58]",66.91283806471297
"[42, 14, 51, 48, 17, 25, 15, 75, 42, 15, 42, 20, 20, 20, 41]",63.77312716218999
"[36, 16, 45, 48, 15, 26, 17, 75, 42, 15, 42, 20, 20, 20, 41]",62.65420622201877
"[43, 22, 62, 48, 20, 26, 12, 75, 42, 16, 42, 20, 21, 21, 41]",64.2001114163616
"[33, 16, 42, 42, 15, 25, 14, 75, 42, 15, 42, 20, 20, 20, 41]",69.55404240435485
"[30, 13, 42, 45, 15, 27, 13, 75, 42, 15, 42, 20, 19, 20, 41]",64.63414962352444
"[30, 12, 42, 36, 15, 25, 15, 75, 42, 15, 42, 22, 21, 20, 50]",66.3835108872609
"[36, 12, 47, 48, 15, 27, 14, 75, 42, 15, 44, 20, 21, 20, 45]",65.76407865282867
"[39, 18, 53, 48, 16, 25, 13, 68, 37, 15, 42, 20, 20, 20, 41]",64.0122061965811
"[32, 15, 42, 35, 15, 25, 14, 72, 40, 15, 42, 21, 21, 20, 41]",67.4772898860399
"[37, 13, 49, 46, 15, 25, 14, 75, 42, 15, 49, 20, 21, 21, 44]",77.39081387362651
"[40, 16, 44, 48, 15, 25, 12, 75, 42, 15, 42, 20, 21, 21, 54]",66.71517691798915
"[39, 12, 42, 48, 15, 26, 13, 75, 42, 15, 42, 20, 21, 20, 43]",61.77019446988192
"[43, 20, 50, 48, 15, 27, 14, 75, 42, 15, 42, 20, 21, 20, 41]",67.52408552096041
"[39, 17, 59, 48, 15, 27, 12, 75, 42, 16, 42, 20, 21, 20, 41]",64.97490231990254
"[37, 18, 48, 48, 15, 25, 13, 75, 42, 15, 42, 20, 20, 20, 41]",65.0885968660971
"[38, 16, 49, 48, 16, 25, 15, 75, 42, 15, 42, 20, 19, 20, 41]",65.09252594627597
"[43, 19, 45, 48, 16, 26, 13, 75, 42, 15, 42, 20, 19, 20, 41]",64.07851470288995
"[39, 17, 46, 48, 22, 26, 14, 75, 42, 15, 42, 20, 21, 20, 41]",66.81696606634117
"[29, 14, 42, 48, 15, 25, 17, 75, 42, 15, 42, 20, 19, 20, 41]",65.38457392144912
"[43, 13, 42, 28, 15, 25, 14, 75, 42, 17, 50, 28, 21, 24, 56]",66.98211004273507
"[43, 21, 50, 48, 16, 26, 13, 75, 42, 15, 42, 20, 19, 22, 41]",65.22248295685807
"[36, 18, 45, 46, 15, 25, 17, 75, 42, 15, 42, 20, 19, 20, 41]",63.99655842999578
"[43, 19, 62, 48, 19, 25, 15, 75, 42, 15, 42, 21, 21, 20, 42]",67.11940399877899
"[27, 18, 42, 39, 15, 25, 17, 75, 42, 15, 42, 20, 19, 20, 41]",63.85878141534392
"[34, 20, 43, 39, 15, 25, 14, 75, 42, 15, 42, 20, 19, 20, 41]",67.31534544159557
"[25, 16, 42, 39, 15, 26, 16, 75, 42, 15, 47, 20, 21, 20, 46]",66.26015059015079
"[35, 12, 50, 48, 16, 26, 13, 75, 42, 15, 46, 21, 21, 20, 48]",73.64633241758234
"[38, 17, 52, 48, 16, 25, 13, 69, 34, 15, 42, 20, 20, 20, 42]",64.14845657814426
"[34, 13, 42, 44, 15, 25, 13, 73, 40, 15, 42, 20, 21, 20, 41]",67.60949913512412
"[38, 14, 47, 47, 15, 25, 14, 75, 42, 15, 47, 22, 21, 21, 46]",71.13922797110276
"[34, 18, 53, 48, 15, 25, 14, 75, 42, 15, 42, 22, 21, 22, 45]",67.12426320207567
"[43, 12, 42, 48, 15, 26, 14, 75, 42, 15, 42, 20, 21, 20, 41]",69.74844322344302
"[43, 20, 49, 48, 16, 25, 14, 75, 42, 15, 42, 20, 20, 20, 41]",61.71852042633305
"[40, 17, 49, 48, 16, 25, 15, 75, 42, 17, 42, 20, 19, 20, 41]",66.21856239825019
"[34, 18, 48, 48, 15, 25, 15, 75, 42, 15, 42, 20, 18, 20, 41]",64.97268950956455
"[37, 15, 51, 48, 16, 26, 14, 75, 42, 15, 42, 20, 20, 20, 41]",65.76710482804246
"[42, 17, 45, 48, 16, 25, 13, 75, 42, 15, 42, 20, 20, 20, 41]",63.686617699430165
"[41, 18, 44, 48, 18, 27, 14, 75, 42, 15, 42, 20, 21, 20, 41]",67.21647512210025
"[25, 15, 42, 48, 15, 25, 15, 75, 42, 15, 42, 20, 19, 20, 41]",65.23065056471302
"[43, 15, 42, 37, 15, 27, 15, 75, 42, 15, 52, 26, 21, 23, 51]",83.66801600020351
"[39, 22, 51, 48, 16, 27, 13, 75, 42, 15, 42, 20, 18, 23, 41]",63.40163258038257
"[35, 15, 49, 45, 15, 26, 15, 75, 42, 15, 42, 20, 20, 20, 41]",63.889234839234675
"[43, 21, 62, 48, 19, 26, 17, 75, 42, 16, 42, 21, 21, 20, 44]",69.67695563695546
"[26, 16, 42, 36, 15, 26, 18, 75, 42, 15, 42, 20, 18, 20, 41]",65.62316786223055
"[33, 15, 45, 33, 15, 25, 15, 75, 42, 15, 42, 20, 21, 20, 41]",68.37322191697208
"[25, 13, 42, 42, 15, 27, 13, 75, 42, 15, 48, 20, 21, 22, 44]",65.89307794057788
"[35, 12, 49, 48, 15, 25, 15, 75, 42, 15, 46, 20, 21, 20, 47]",67.54248944342706
"[41, 16, 53, 48, 15, 25, 12, 66, 35, 15, 42, 20, 20, 20, 42]",63.97468228530718
"[29, 15, 42, 44, 15, 25, 12, 73, 40, 15, 42, 20, 21, 20, 42]",63.60045749389479
"[38, 18, 45, 47, 15, 25, 15, 75, 42, 15, 45, 24, 21, 21, 46]",69.93853543447301
"[36, 19, 51, 47, 15, 25, 15, 75, 42, 15, 42, 24, 21, 22, 41]",65.17411044973554
"[38, 15, 43, 48, 15, 25, 14, 75, 42, 15, 42, 20, 20, 20, 41]",74.38774559930809
"[41, 19, 55, 48, 16, 25, 14, 75, 42, 15, 42, 20, 20, 20, 41]",64.35847756410259
"[41, 18, 47, 48, 18, 25, 15, 75, 42, 18, 42, 20, 19, 20, 42]",65.85681891025651
"[36, 19, 48, 48, 15, 25, 16, 75, 42, 15, 42, 20, 17, 20, 41]",64.59611479955237
"[37, 13, 48, 48, 16, 27, 14, 75, 42, 15, 42, 20, 21, 20, 41]",67.60826248982528
"[38, 18, 48, 48, 16, 25, 14, 75, 42, 15, 42, 20, 21, 20, 41]",65.0871958943833
"[38, 17, 50, 48, 15, 26, 14, 75, 42, 15, 42, 20, 19, 20, 41]",67.4554408323159
"[41, 14, 42, 47, 15, 25, 14, 75, 42, 15, 42, 20, 19, 20, 41]",65.24095009157506
"[28, 15, 42, 46, 15, 27, 13, 75, 42, 15, 52, 25, 21, 23, 51]",67.44506626475393
"[42, 22, 54, 48, 16, 25, 14, 75, 42, 15, 42, 20, 20, 22, 41]",65.90909366096854
"[35, 13, 50, 48, 15, 28, 14, 75, 42, 15, 42, 20, 20, 20, 41]",72.76524954212428
"[43, 22, 62, 48, 18, 27, 12, 75, 42, 18, 42, 21, 21, 20, 43]",69.94374122405384
"[34, 13, 43, 35, 15, 26, 16, 75, 42, 15, 42, 20, 20, 20, 41]",68.61683290089536
"[32, 12, 44, 43, 15, 25, 14, 75, 42, 15, 42, 20, 21, 20, 41]",66.21239583333339
"[25, 12, 42, 43, 15, 26, 12, 75, 42, 15, 46, 21, 21, 21, 46]",64.88589044057797
"[36, 18, 49, 46, 15, 27, 15, 75, 42, 15, 46, 21, 21, 20, 47]",67.65864227207976
"[43, 17, 51, 48, 15, 25, 12, 63, 38, 15, 42, 20, 21, 20, 41]",65.52058468152208
"[32, 16, 42, 40, 15, 25, 13, 72, 41, 15, 42, 21, 21, 20, 42]",62.681893442205805
"[37, 13, 43, 48, 15, 25, 15, 75, 42, 15, 45, 23, 21, 22, 41]",71.77492673992673
"[40, 17, 45, 48, 16, 26, 14, 75, 42, 15, 43, 21, 21, 22, 44]",66.71177045177063
"[33, 17, 44, 45, 15, 25, 14, 75, 42, 15, 42, 20, 18, 20, 41]",64.46912622100139
"[40, 19, 55, 48, 17, 25, 15, 75, 42, 15, 42, 20, 18, 20, 41]",64.88107142857154
"[39, 16, 54, 48, 15, 27, 13, 75, 42, 16, 42, 20, 19, 20, 43]",67.07338776963778
"[37, 18, 48, 48, 15, 26, 14, 75, 42, 15, 42, 20, 21, 20, 41]",66.37626157407408
"[38, 15, 46, 48, 16, 27, 14, 75, 42, 15, 42, 20, 18, 20, 41]",63.465018315018305
"[33, 18, 50, 48, 16, 25, 15, 75, 42, 15, 42, 20, 21, 20, 41]",61.731360780423245
"[35, 16, 53, 48, 15, 26, 13, 75, 42, 15, 42, 20, 18, 20, 41]",66.58298623829876
"[37, 15, 42, 43, 15, 26, 13, 75, 42, 15, 42, 20, 20, 20, 41]",64.92404723748483
"[30, 15, 42, 44, 15, 26, 12, 75, 42, 15, 49, 28, 21, 24, 56]",65.58841168091158
"[43, 21, 55, 48, 15, 25, 14, 75, 42, 15, 42, 21, 21, 21, 41]",65.07570309320295
"[37, 17, 46, 48, 15, 27, 15, 75, 42, 15, 42, 20, 20, 20, 41]",71.18128739316255
"[43, 22, 62, 48, 17, 26, 12, 75, 42, 16, 42, 21, 20, 20, 41]",67.03193668599924
"[32, 12, 42, 33, 15, 27, 12, 75, 42, 15, 42, 20, 21, 20, 41]",68.59708943833957
"[29, 12, 42, 45, 15, 25, 14, 75, 42, 15, 42, 20, 18, 20, 41]",68.78830954924723
"[28, 12, 42, 33, 15, 25, 14, 75, 42, 15, 42, 22, 21, 20, 48]",64.78336551180283
"[36, 20, 47, 46, 15, 27, 13, 75, 42, 15, 42, 22, 21, 21, 49]",65.90533043345556
"[40, 17, 48, 48, 16, 25, 12, 61, 41, 15, 42, 21, 21, 20, 41]",61.155155296092765
"[33, 14, 42, 39, 15, 25, 14, 71, 42, 15, 42, 21, 21, 20, 42]",66.62432565120046
"[35, 12, 46, 48, 15, 25, 15, 75, 42, 15, 51, 20, 21, 21, 41]",69.7311058964183
"[37, 16, 42, 48, 16, 26, 13, 75, 42, 15, 47, 20, 21, 21, 46]",62.68052159645893
"[34, 18, 47, 46, 15, 27, 14, 75, 42, 15, 42, 20, 18, 20, 41]",67.31724944037452
"[43, 18, 51, 48, 17, 26, 15, 75, 42, 15, 42, 20, 20, 20, 41]",67.40582379426183
"[37, 16, 61, 48, 15, 27, 13, 75, 42, 15, 42, 20, 21, 20, 41]",65.05041755698001
"[36, 16, 48, 48, 15, 27, 13, 75, 42, 15, 42, 20, 21, 20, 41]",64.35990155677644
"[35, 18, 47, 48, 16, 26, 14, 75, 42, 15, 42, 20, 18, 20, 41]",62.60111950549443
"[31, 17, 52, 48, 16, 27, 16, 75, 42, 15, 42, 20, 18, 20, 41]",65.186175595238
"[35, 17, 43, 48, 16, 26, 12, 75, 42, 15, 42, 20, 20, 20, 41]",67.71875317969071
"[28, 16, 42, 44, 15, 25, 13, 75, 42, 15, 42, 20, 19, 20, 41]",65.32612128612118
"[32, 15, 42, 42, 15, 25, 12, 75, 42, 15, 46, 29, 21, 24, 53]",65.07720187220193
"[43, 18, 52, 48, 16, 25, 14, 75, 42, 15, 42, 20, 21, 20, 41]",69.29625559625549
"[38, 17, 44, 48, 15, 25, 16, 75, 42, 15, 42, 20, 20, 20, 41]",64.04003828347554
"[43, 19, 59, 48, 19, 25, 14, 75, 42, 15, 42, 21, 21, 20, 42]",67.90523873117654
"[25, 14, 42, 48, 15, 26, 13, 75, 42, 15, 42, 20, 20, 20, 41]",65.14269472425735
"[29, 19, 42, 37, 15, 25, 14, 75, 42, 15, 42, 20, 16, 20, 41]",66.29764588420834
"[28, 14, 42, 37, 15, 25, 15, 75, 42, 15, 42, 21, 21, 21, 45]",65.60136396011394
"[36, 15, 49, 48, 15, 27, 12, 75, 42, 15, 42, 21, 21, 20, 44]",64.71489494301987
"[35, 17, 48, 48, 17, 25, 12, 67, 37, 15, 42, 21, 21, 20, 41]",65.30093597374864
"[28, 13, 42, 38, 15, 25, 14, 72, 42, 15, 42, 21, 20, 20, 42]",66.09661986162006
"[34, 12, 47, 43, 15, 27, 13, 75, 42, 15, 45, 21, 21, 20, 41]",81.36492266992268
"[34, 16, 47, 48, 16, 26, 13, 75, 42, 15, 47, 20, 21, 20, 44]",64.9780252849004
"[38, 15, 48, 48, 15, 26, 13, 75, 42, 15, 42, 20, 20, 20, 41]",64.95020337301563
"[43, 18, 48, 48, 17, 27, 14, 75, 42, 15, 42, 20, 21, 20, 41]",63.736719195156596
"[36, 15, 54, 48, 15, 25, 14, 75, 42, 15, 42, 21, 21, 20, 41]",67.255363756614
"[35, 16, 48, 48, 15, 26, 13, 75, 42, 15, 42, 20, 20, 20, 41]",64.62668218355715
"[33, 17, 49, 48, 15, 27, 15, 75, 42, 15, 42, 20, 20, 20, 41]",64.87840633903136
"[35, 15, 50, 48, 15, 27, 16, 75, 42, 15, 42, 20, 20, 20, 41]",66.21398606023614
"[36, 17, 42, 48, 17, 25, 13, 75, 42, 15, 42, 20, 21, 20, 41]",63.38212250712265
"[31, 14, 42, 46, 15, 25, 15, 75, 42, 15, 42, 20, 17, 20, 41]",64.0430643315017
"[34, 15, 42, 43, 15, 25, 16, 75, 42, 15, 51, 23, 21, 24, 49]",69.41530703093211
"[43, 17, 50, 48, 18, 25, 14, 75, 42, 15, 42, 20, 21, 20, 41]",64.43863298738303
"[38, 16, 45, 48, 15, 25, 15, 75, 42, 15, 42, 20, 20, 20, 41]",65.58835381054149
"[43, 18, 59, 48, 19, 25, 15, 75, 42, 16, 42, 21, 20, 21, 44]",66.94553304334526
"[25, 14, 42, 48, 15, 25, 18, 75, 42, 15, 42, 20, 18, 20, 41]",63.648616071428876
"[35, 19, 42, 35, 15, 25, 14, 75, 42, 15, 42, 20, 21, 20, 41]",71.52209490740726
"[25, 14, 42, 46, 15, 26, 13, 75, 42, 15, 42, 20, 21, 22, 43]",66.89832900895401
"[36, 13, 51, 48, 15, 26, 16, 75, 42, 15, 46, 20, 21, 20, 41]",65.27664644383393
"[35, 17, 48, 48, 17, 25, 13, 66, 36, 15, 42, 20, 21, 20, 41]",62.17315005596268
"[30, 14, 42, 38, 15, 25, 13, 74, 41, 15, 42, 20, 20, 20, 42]",65.6510629070003
"[34, 12, 48, 45, 15, 27, 16, 75, 42, 15, 42, 24, 21, 20, 45]",64.88970937627187
"[34, 16, 48, 48, 15, 26, 14, 75, 42, 15, 42, 21, 21, 20, 42]",65.56943503256014
"[38, 12, 44, 48, 15, 26, 13, 75, 42, 15, 42, 20, 21, 20, 41]",70.84414364570608
"[43, 18, 50, 48, 16, 26, 13, 75, 42, 15, 42, 20, 21, 20, 41]",66.43500241656469
"[39, 18, 48, 48, 15, 25, 14, 75, 42, 16, 42, 21, 21, 21, 42]",69.90184956247505
"[35, 17, 48, 48, 15, 25, 14, 75, 42, 15, 42, 20, 20, 20, 41]",62.68242686711452
"[37, 15, 50, 48, 15, 26, 14, 75, 42, 15, 42, 20, 21, 20, 41]",62.894584096459305
"[39, 14, 45, 48, 15, 26, 15, 75, 42, 15, 42, 20, 21, 20, 41]",68.37515351546577
"[35, 16, 44, 48, 15, 25, 15, 75, 42, 15, 42, 20, 21, 20, 41]",65.91784455128189
"[34, 13, 42, 45, 15, 27, 16, 75, 42, 15, 42, 20, 18, 20, 41]",66.98885861823369
"[33, 15, 42, 42, 15, 25, 18, 75, 42, 15, 49, 24, 21, 24, 49]",68.81121820309305
"[41, 17, 50, 48, 17, 25, 13, 75, 42, 15, 42, 20, 21, 22, 41]",63.23913054538034
"[37, 14, 47, 47, 15, 25, 13, 75, 42, 15, 42, 20, 20, 20, 41]",67.56546105514813
"[43, 20, 56, 48, 18, 25, 13, 75, 42, 16, 42, 21, 21, 21, 45]",68.74671270858747
"[28, 15, 42, 38, 15, 26, 18, 75, 42, 15, 42, 20, 20, 20, 41]",66.08311431623919
"[40, 12, 42, 42, 15, 25, 14, 75, 42, 15, 42, 20, 21, 20, 41]",67.89429741554751
"[30, 14, 42, 46, 15, 26, 12, 75, 42, 15, 43, 20, 21, 24, 42]",62.64952775234024
"[36, 13, 50, 48, 15, 26, 16, 75, 42, 15, 49, 20, 21, 20, 49]",66.57033590252318
"[40, 17, 48, 48, 15, 25, 14, 60, 41, 15, 42, 20, 21, 20, 41]",64.6184637006512
"[33, 16, 42, 38, 15, 25, 13, 75, 40, 15, 42, 20, 20, 20, 41]",64.7433421092797
"[34, 18, 45, 47, 15, 26, 15, 75, 42, 15, 42, 20, 21, 20, 45]",71.63746146214899
"[36, 16, 45, 47, 15, 26, 14, 75, 42, 15, 42, 21, 21, 20, 42]",65.61782750814015
"[38, 12, 42, 48, 15, 25, 14, 75, 42, 15, 42, 20, 21, 20, 41]",66.72582608363808
"[41, 18, 53, 48, 16, 25, 13, 75, 42, 15, 42, 20, 18, 20, 41]",66.8104475732602
"[38, 18, 48, 48, 15, 25, 13, 75, 42, 16, 42, 20, 21, 21, 44]",63.369927375864755
"[38, 18, 47, 48, 15, 25, 15, 75, 42, 15, 42, 20, 19, 20, 41]",63.666322496947856
"[40, 17, 44, 48, 16, 25, 14, 75, 42, 15, 42, 20, 19, 20, 41]",63.482373321123255
"[39, 16, 45, 48, 15, 25, 13, 75, 42, 15, 42, 20, 21, 20, 41]",61.66653846153859
"[35, 16, 46, 48, 15, 25, 15, 75, 42, 15, 42, 20, 19, 20, 41]",67.87163385225884
"[35, 14, 44, 43, 15, 28, 15, 75, 42, 15, 42, 20, 18, 20, 41]",65.17756219474953
"[27, 15, 42, 39, 15, 26, 12, 75, 42, 15, 46, 29, 21, 24, 50]",68.30075206043962
"[43, 20, 51, 48, 15, 26, 13, 75, 42, 15, 42, 20, 19, 21, 41]",67.29578958078955
"[37, 13, 48, 47, 15, 25, 15, 75, 42, 15, 42, 20, 19, 20, 41]",63.74942294973552
"[43, 22, 62, 48, 18, 25, 12, 75, 42, 17, 42, 21, 21, 21, 43]",65.93275704619445
"[36, 14, 42, 33, 15, 27, 14, 75, 42, 15, 42, 20, 21, 20, 41]",66.49139041514047
"[41, 12, 42, 47, 15, 25, 14, 75, 42, 15, 42, 20, 21, 20, 41]",68.05551142144868
"[34, 15, 42, 45, 15, 26, 12, 75, 42, 15, 42, 21, 21, 20, 41]",65.3191660307284
"[36, 17, 46, 48, 16, 28, 14, 75, 42, 15, 43, 21, 21, 20, 49]",72.63462632275147
"[41, 17, 49, 48, 16, 25, 13, 60, 39, 15, 42, 20, 21, 20, 41]",64.78611848799368
"[32, 17, 42, 46, 15, 25, 15, 74, 41, 15, 42, 21, 21, 20, 41]",67.98116007834749
"[36, 20, 44, 47, 15, 25, 14, 75, 42, 15, 42, 20, 21, 22, 42]",66.86131066849808
"[38, 16, 45, 47, 15, 26, 14, 75, 42, 15, 42, 21, 21, 21, 43]",62.57611721611714
"[35, 18, 42, 47, 15, 25, 15, 75, 42, 15, 42, 20, 20, 20, 41]",66.7915803062676
"[38, 21, 54, 48, 16, 25, 14, 75, 42, 15, 42, 20, 18, 20, 41]",66.66552922771677
"[36, 17, 55, 48, 16, 25, 13, 75, 42, 16, 42, 20, 21, 20, 41]",62.68599091880349
"[38, 18, 47, 48, 15, 25, 14, 75, 42, 15, 42, 20, 21, 20, 41]",63.18781275437508
"[32, 17, 44, 48, 16, 26, 13, 75, 42, 15, 42, 20, 17, 20, 41]",66.49365626271864
"[33, 18, 46, 48, 15, 25, 13, 75, 42, 15, 42, 21, 20, 20, 41]",67.65133903133884
"[35, 16, 48, 48, 15, 25, 14, 75, 42, 15, 42, 21, 19, 20, 41]",62.99796487077731
"[34, 16, 43, 43, 15, 27, 13, 75, 42, 15, 42, 20, 21, 20, 41]",68.89323132885637
"[26, 14, 42, 40, 15, 27, 12, 75, 42, 15, 45, 29, 21, 23, 50]",65.70920558608066
"[42, 22, 51, 48, 15, 25, 13, 75, 42, 15, 42, 22, 19, 24, 41]",66.41552426739909
"[36, 17, 47, 47, 15, 26, 16, 75, 42, 15, 42, 20, 18, 20, 41]",69.67820907102167
"[43, 22, 62, 48, 17, 25, 12, 75, 42, 18, 43, 21, 21, 20, 42]",66.70634653540883
"[31, 14, 42, 37, 15, 27, 14, 75, 42, 15, 42, 20, 21, 20, 41]",63.6997006003255
"[26, 12, 42, 42, 15, 26, 14, 75, 42, 15, 42, 20, 21, 20, 41]",68.82987268518501
"[33, 14, 42, 43, 15, 27, 15, 75, 42, 15, 43, 20, 21, 20, 43]",65.72214349308099
"[36, 17, 44, 48, 15, 29, 12, 75, 42, 15, 42, 21, 21, 20, 45]",63.32655995624723
"[39, 18, 49, 48, 17, 25, 12, 66, 36, 15, 42, 20, 19, 20, 41]",64.93893454924712
"[33, 16, 42, 47, 15, 25, 15, 72, 42, 15, 42, 21, 21, 20, 41]",64.36898402523381
"[37, 17, 46, 48, 15, 26, 14, 75, 42, 15, 45, 22, 21, 21, 41]",64.49576159951144
"[35, 16, 46, 47, 15, 27, 15, 75, 42, 15, 42, 20, 21, 20, 41]",65.63888990638993
"[35, 18, 44, 44, 15, 26, 14, 75, 42, 15, 42, 20, 19, 20, 41]",65.79856201668692
"[42, 17, 52, 48, 16, 25, 15, 75, 42, 15, 42, 20, 21, 20, 41]",67.06452202889717
"[39, 16, 60, 48, 16, 25, 13, 75, 42, 17, 42, 20, 20, 20, 41]",68.02469385938137
"[37, 17, 47, 48, 15, 25, 13, 75, 42, 15, 42, 20, 21, 20, 41]",63.30141585266582
"[32, 17, 48, 48, 16, 26, 12, 75, 42, 15, 42, 20, 20, 20, 41]",67.44576986670738
"[36, 17, 48, 48, 15, 25, 14, 75, 42, 15, 42, 21, 19, 20, 41]",66.7926034035408
"[35, 16, 49, 47, 15, 25, 13, 75, 42, 15, 42, 20, 21, 20, 41]",64.16508229039474
"[29, 15, 42, 46, 15, 25, 13, 75, 42, 15, 42, 20, 19, 20, 41]",67.12325040700067
"[33, 13, 42, 37, 15, 27, 14, 75, 42, 15, 50, 23, 21, 23, 50]",68.668165572853
"[40, 20, 50, 48, 17, 25, 14, 75, 42, 15, 42, 20, 21, 24, 41]",62.949572776760476
"[36, 17, 46, 47, 15, 26, 16, 75, 42, 15, 42, 20, 19, 20, 41]",66.54284277065548
"[43, 20, 62, 48, 18, 26, 12, 75, 42, 18, 42, 21, 20, 20, 43]",64.43219920126174
"[27, 15, 42, 48, 15, 25, 13, 75, 42, 15, 42, 21, 21, 20, 41]",61.335826083638686
"[25, 17, 42, 34, 15, 26, 14, 75, 42, 15, 42, 20, 19, 20, 41]",63.15637146418399
"[29, 14, 42, 40, 15, 25, 15, 75, 42, 15, 43, 20, 21, 20, 41]",64.56893785612523
"[36, 17, 47, 48, 15, 27, 12, 75, 42, 15, 42, 20, 21, 20, 41]",63.27882491351249
"[38, 17, 50, 48, 17, 25, 12, 68, 38, 15, 42, 20, 19, 20, 41]",62.53557946682938
"[35, 15, 42, 39, 15, 25, 12, 72, 42, 15, 42, 20, 21, 20, 41]",64.16975605413073
"[38, 12, 49, 48, 15, 26, 16, 75, 42, 15, 51, 24, 21, 20, 41]",67.83972654660137
"[35, 16, 47, 46, 15, 26, 14, 75, 42, 15, 42, 20, 21, 20, 41]",71.28295647639362
"[36, 12, 43, 47, 15, 27, 13, 75, 42, 15, 42, 20, 21, 20, 41]",65.28008229039476
"[41, 18, 49, 48, 16, 25, 14, 75, 42, 15, 42, 20, 21, 20, 41]",63.532719398656845
"[41, 15, 52, 48, 16, 25, 14, 75, 42, 17, 42, 22, 20, 21, 43]",67.6301678876679
"[35, 17, 49, 48, 16, 25, 15, 75, 42, 15, 42, 20, 21, 20, 41]",67.29952101139604
"[33, 17, 49, 48, 15, 26, 17, 75, 42, 15, 42, 20, 21, 20, 41]",65.47181000712234
"[40, 15, 46, 48, 15, 25, 15, 75, 42, 15, 42, 20, 21, 20, 41]",64.94974867724895
"[37, 16, 48, 47, 15, 25, 13, 75, 42, 15, 42, 20, 21, 20, 41]",63.49181433150166
"[26, 13, 42, 48, 15, 25, 15, 75, 42, 15, 42, 20, 20, 20, 41]",66.42264066951564
"[35, 14, 42, 35, 15, 26, 15, 75, 42, 15, 51, 24, 21, 24, 50]",67.13509946072442
"[37, 17, 51, 48, 17, 25, 14, 75, 42, 15, 42, 20, 21, 24, 41]",66.2857777523404
"[36, 16, 46, 48, 15, 26, 15, 75, 42, 15, 42, 20, 21, 20, 41]",65.7387287596662
"[43, 22, 60, 48, 20, 26, 15, 75, 42, 16, 42, 21, 20, 21, 43]",68.8233755596256
"[28, 15, 42, 47, 15, 25, 14, 75, 42, 15, 42, 20, 21, 20, 41]",64.42440120065133
"[27, 21, 42, 36, 15, 26, 14, 75, 42, 15, 42, 20, 18, 20, 41]",66.6299478530729
"[26, 15, 42, 40, 15, 25, 12, 75, 42, 15, 42, 20, 21, 21, 41]",71.41573056573026
"[35, 12, 50, 47, 15, 25, 14, 75, 42, 15, 42, 21, 21, 20, 44]",63.939905753968375
"[39, 17, 50, 48, 16, 25, 13, 65, 41, 15, 42, 20, 21, 20, 41]",67.86927452177449
"[32, 15, 42, 39, 15, 25, 12, 74, 42, 15, 42, 20, 20, 20, 41]",68.86297161172172
"[36, 12, 49, 48, 15, 26, 16, 75, 42, 15, 56, 22, 21, 22, 41]",72.62940336284093
"[37, 16, 45, 46, 15, 25, 13, 75, 42, 15, 42, 20, 21, 20, 41]",64.24197929385419
"[38, 12, 42, 46, 15, 26, 13, 75, 42, 15, 42, 21, 21, 20, 41]",70.93622316341066
"[36, 20, 49, 48, 16, 26, 14, 75, 42, 15, 42, 21, 20, 20, 41]",66.46974575193312
"[38, 16, 50, 48, 16, 27, 15, 75, 42, 15, 42, 21, 20, 20, 44]",68.3035401404152
"[35, 17, 49, 48, 16, 25, 14, 75, 42, 15, 42, 21, 20, 20, 41]",70.70540585571838
"[40, 17, 46, 48, 15, 26, 17, 75, 42, 15, 42, 20, 20, 20, 41]",68.3133161630039
"[40, 15, 47, 48, 15, 27, 14, 75, 42, 15, 42, 20, 21, 20, 41]",65.32399191086688
"[37, 16, 46, 47, 15, 25, 14, 75, 42, 15, 42, 22, 18, 20, 41]",63.58219983719986
"[31, 15, 42, 35, 15, 26, 17, 75, 42, 15, 42, 20, 18, 20, 41]",65.24058582621095
"[32, 15, 42, 40, 15, 26, 13, 75, 42, 15, 47, 25, 21, 23, 52]",67.23981710419196
"[37, 16, 52, 48, 15, 25, 13, 75, 42, 15, 42, 20, 21, 24, 41]",66.4088929588929
"[38, 13, 47, 46, 15, 26, 14, 75, 42, 15, 42, 20, 20, 20, 41]",64.4866998626373
"[43, 22, 62, 48, 19, 26, 14, 75, 42, 15, 42, 21, 21, 21, 42]",65.56500139906404
"[29, 15, 42, 40, 15, 26, 15, 75, 42, 15, 42, 20, 20, 20, 41]",63.72625572344305
"[35, 19, 42, 48, 15, 26, 14, 75, 42, 15, 42, 20, 20, 20, 41]",68.34127658221409
"[32, 13, 42, 40, 15, 27, 12, 75, 42, 15, 42, 20, 21, 21, 41]",66.39003179690691
"[35, 12, 54, 47, 15, 25, 15, 75, 42, 15, 42, 21, 20, 20, 48]",71.39688237688242
"[40, 17, 47, 48, 15, 25, 13, 61, 41, 15, 42, 20, 21, 20, 41]",61.35548178673156
"[29, 16, 42, 44, 15, 25, 12, 73, 41, 15, 42, 21, 18, 20, 41]",64.35199570105806
"[35, 15, 45, 48, 15, 26, 13, 75, 42, 15, 48, 22, 21, 24, 48]",80.8099325905577
"[37, 16, 44, 46, 15, 27, 14, 75, 42, 15, 42, 20, 19, 20, 41]",64.54143480362232
"[37, 12, 42, 44, 15, 25, 14, 75, 42, 15, 42, 20, 20, 20, 42]",64.95568134411879
"[35, 21, 50, 48, 16, 26, 14, 75, 42, 15, 42, 20, 19, 20, 41]",66.63184841778579
"[36, 17, 50, 48, 16, 28, 14, 75, 42, 15, 42, 20, 21, 20, 45]",64.59006105006077
"[37, 17, 48, 48, 15, 25, 14, 75, 42, 15, 42, 22, 19, 20, 41]",67.75760683760683
"[35, 16, 47, 48, 16, 26, 15, 75, 42, 15, 42, 20, 19, 20, 41]",64.67616834554326
"[38, 17, 47, 48, 15, 27, 13, 75, 42, 15, 42, 20, 20, 20, 41]",62.0819192612944
"[35, 16, 47, 48, 15, 25, 15, 75, 42, 15, 42, 20, 20, 20, 41]",68.3295965608464
"[34, 15, 42, 36, 15, 27, 14, 75, 42, 15, 42, 20, 17, 20, 41]",66.05554181929189
"[26, 15, 42, 48, 15, 27, 12, 75, 42, 15, 47, 28, 21, 23, 49]",72.14467045685811
"[42, 17, 47, 48, 15, 25, 12, 75, 42, 15, 43, 20, 21, 25, 41]",63.276682056369395
"[37, 13, 48, 45, 15, 26, 14, 75, 42, 15, 42, 20, 18, 20, 41]",66.14385849104599
"[43, 22, 62, 48, 17, 26, 13, 75, 42, 15, 42, 21, 20, 21, 42]",66.44503154253142
"[32, 14, 42, 39, 15, 26, 15, 75, 42, 15, 42, 20, 19, 20, 41]",63.83244721713453
"[38, 12, 42, 48, 15, 26, 14, 75, 42, 15, 42, 20, 21, 20, 41]",67.21155257936518
"[34, 12, 42, 43, 15, 25, 12, 75, 42, 15, 42, 20, 20, 21, 41]",63.882740893366105
"[35, 18, 48, 47, 15, 26, 15, 75, 42, 15, 42, 21, 21, 20, 46]",68.84025068681316
"[37, 17, 46, 48, 15, 25, 13, 60, 39, 15, 42, 21, 19, 20, 41]",65.14588611619871
"[34, 15, 42, 42, 15, 25, 16, 72, 40, 15, 42, 20, 21, 20, 41]",65.47108478327253
"[35, 17, 44, 48, 15, 26, 12, 75, 42, 15, 42, 25, 21, 23, 48]",66.52240791615802
"[34, 16, 46, 47, 15, 27, 15, 75, 42, 15, 42, 21, 20, 20, 42]",67.10806077024834
"[29, 15, 42, 44, 15, 25, 15, 75, 42, 15, 42, 20, 20, 20, 42]",71.04520439051709
"[43, 19, 50, 48, 16, 26, 14, 75, 42, 15, 42, 20, 20, 20, 41]",65.95910307285288
"[37, 18, 51, 48, 16, 25, 13, 75, 42, 15, 42, 20, 21, 21, 45]",67.11583129833127
"[37, 17, 47, 48, 15, 25, 14, 75, 42, 15, 42, 20, 19, 20, 41]",65.98755583536803
"[32, 16, 49, 48, 16, 26, 12, 75, 42, 15, 42, 20, 19, 20, 41]",65.47708511395986
"[35, 17, 46, 48, 16, 26, 14, 75, 42, 15, 42, 20, 19, 20, 41]",65.37758521571003
"[35, 16, 48, 47, 15, 26, 15, 75, 42, 15, 42, 20, 20, 20, 41]",66.92250101750095
"[32, 14, 42, 48, 15, 26, 12, 75, 42, 15, 42, 20, 18, 20, 41]",67.19470288970294
"[28, 14, 42, 41, 15, 26, 16, 75, 42, 15, 47, 24, 21, 23, 48]",69.67092834249058
"[43, 18, 49, 48, 15, 25, 12, 74, 42, 15, 43, 21, 21, 21, 44]",63.18725719881971
"[33, 18, 42, 48, 15, 25, 14, 75, 42, 15, 42, 20, 20, 20, 41]",68.93040191290207
"[43, 21, 62, 48, 18, 25, 12, 75, 42, 15, 42, 22, 20, 20, 44]",68.1700024165651
"[28, 13, 42, 45, 15, 27, 14, 75, 42, 15, 42, 20, 20, 20, 41]",63.45587365181107
"[34, 12, 42, 39, 15, 26, 14, 75, 42, 15, 42, 20, 19, 20, 41]",69.15473379629634
"[31, 17, 42, 46, 15, 25, 13, 75, 42, 15, 42, 20, 20, 21, 42]",66.23130672568185
"[35, 15, 46, 48, 15, 27, 13, 75, 42, 15, 42, 20, 21, 20, 47]",62.834635480260594
"[36, 17, 49, 48, 16, 25, 12, 60, 36, 15, 42, 20, 18, 20, 41]",68.78089234839226
"[36, 15, 42, 39, 15, 25, 15, 70, 40, 15, 42, 20, 21, 20, 41]",66.97821861009398
"[36, 17, 47, 46, 15, 25, 16, 75, 42, 15, 45, 26, 21, 20, 47]",65.94952037545809
"[34, 16, 47, 46, 15, 25, 15, 75, 42, 15, 42, 21, 21, 20, 41]",70.78348684879914
"[31, 17, 42, 44, 15, 26, 15, 75, 42, 15, 42, 20, 21, 20, 41]",63.344560057997555
"[43, 17, 50, 48, 16, 26, 14, 75, 42, 15, 42, 20, 21, 20, 41]",66.74235144485161
"[39, 17, 52, 48, 16, 25, 13, 75, 42, 15, 42, 21, 21, 23, 41]",62.940438670126106
"[35, 17, 48, 48, 16, 25, 14, 75, 42, 15, 42, 20, 21, 20, 41]",68.36722260378497
"[37, 16, 50, 48, 15, 26, 13, 75, 42, 15, 42, 20, 18, 20, 41]",63.73757516788786
"[36, 16, 47, 48, 17, 25, 14, 75, 42, 15, 42, 20, 21, 20, 41]",69.51171309015058
"[36, 16, 48, 47, 15, 27, 14, 75, 42, 15, 42, 20, 19, 20, 41]",65.38664593508359
"[30, 13, 42, 48, 15, 25, 15, 75, 42, 15, 42, 20, 19, 20, 41]",67.94527332621098
"[37, 14, 42, 32, 15, 25, 16, 75, 42, 15, 48, 23, 21, 23, 48]",65.36429995929984
"[36, 20, 53, 48, 15, 25, 13, 75, 41, 15, 44, 21, 21, 20, 44]",63.11605896418406
"[35, 18, 42, 47, 15, 25, 16, 75, 42, 15, 42, 20, 21, 20, 41]",65.74241758241746
"[43, 20, 62, 48, 20, 25, 15, 75, 42, 15, 42, 21, 21, 20, 44]",65.93495306776533
"[25, 13, 42, 44, 15, 26, 13, 75, 42, 15, 42, 20, 21, 20, 41]",63.55236047517289
"[31, 13, 42, 37, 15, 25, 14, 75, 42, 15, 42, 20, 19, 20, 41]",65.93548420329675
"[28, 18, 42, 44, 15, 25, 15, 75, 41, 15, 42, 20, 21, 21, 43]",66.44191811660563
"[36, 13, 48, 48, 15, 27, 12, 75, 42, 15, 42, 20, 21, 20, 44]",65.29572827635326
"[38, 16, 49, 48, 16, 25, 12, 60, 37, 15, 42, 20, 21, 20, 41]",63.732565247252715
"[32, 16, 42, 45, 15, 25, 12, 74, 42, 15, 42, 22, 18, 20, 42]",65.9434899013023
"[37, 15, 49, 45, 15, 25, 15, 75, 42, 15, 55, 22, 21, 20, 41]",66.66915725478214
"[36, 16, 45, 45, 15, 26, 14, 75, 42, 15, 42, 20, 21, 20, 42]",65.3354651251528
"[37, 13, 42, 44, 15, 28, 13, 75, 42, 15, 42, 21, 21, 20, 41]",66.27202889702876
"[43, 19, 53, 48, 16, 26, 14, 75, 42, 15, 42, 20, 21, 20, 41]",64.81281936813194
"[38, 16, 57, 48, 15, 25, 15, 75, 42, 16, 42, 22, 21, 20, 41]",67.35621171652416
"[35, 15, 49, 48, 16, 25, 14, 75, 42, 15, 42, 20, 19, 20, 41]",66.0484670075293
"[39, 18, 50, 48, 16, 25, 16, 75, 42, 15, 42, 20, 18, 20, 41]",66.82003294159543
"[39, 16, 47, 48, 15, 25, 13, 75, 42, 15, 42, 21, 19, 20, 41]",63.756320461945556
"[36, 16, 47, 47, 15, 26, 14, 75, 42, 15, 42, 20, 20, 20, 41]",64.98010022385009
"[31, 14, 42, 47, 15, 25, 17, 75, 42, 15, 42, 20, 18, 20, 41]",71.06162558506287
"[33, 14, 42, 47, 15, 25, 13, 75, 42, 15, 48, 24, 21, 21, 49]",70.49799514143288
"[37, 17, 54, 48, 17, 25, 14, 75, 40, 15, 44, 20, 21, 23, 41]",67.67510938135928
"[37, 12, 45, 45, 15, 26, 16, 75, 42, 15, 42, 20, 21, 20, 41]",66.23034442409437
"[43, 21, 53, 48, 18, 25, 14, 75, 42, 16, 42, 21, 21, 21, 43]",68.66170584045554
"[32, 15, 42, 40, 15, 26, 13, 75, 42, 15, 42, 20, 18, 20, 41]",68.4749547212046
"[28, 18, 42, 39, 15, 25, 14, 75, 42, 15, 42, 20, 21, 20, 41]",66.48652078245823
"[30, 14, 42, 42, 15, 25, 14, 75, 42, 15, 42, 20, 21, 20, 41]",63.44021812678049
"[36, 12, 49, 45, 15, 25, 13, 75, 42, 15, 42, 20, 21, 20, 46]",64.4721376424502
"[38, 16, 48, 48, 16, 25, 12, 60, 38, 15, 42, 21, 21, 20, 41]",68.95196097883588
"[28, 17, 42, 48, 15, 25, 12, 73, 42, 15, 42, 23, 21, 20, 42]",66.57366452991445
"[37, 13, 48, 48, 15, 26, 14, 75, 42, 15, 49, 20, 21, 22, 41]",70.0992160154658
"[38, 16, 44, 45, 15, 27, 13, 75, 42, 15, 42, 20, 21, 20, 43]",69.44669439356953
"[36, 12, 42, 45, 15, 27, 12, 75, 42, 15, 42, 21, 21, 20, 41]",70.34144129019127
"[42, 19, 53, 48, 16, 25, 14, 75, 42, 15, 42, 20, 20, 20, 41]",65.65120255901502
"[37, 17, 53, 48, 15, 25, 16, 75, 42, 16, 42, 22, 20, 20, 42]",68.80084592490859
"[36, 17, 47, 48, 15, 25, 15, 75, 42, 15, 42, 20, 19, 20, 41]",65.46926485551462
"[36, 20, 47, 48, 17, 25, 14, 75, 42, 15, 42, 20, 20, 20, 41]",66.62206705331701
"[38, 16, 47, 48, 15, 25, 14, 75, 42, 15, 42, 20, 19, 20, 41]",65.72762896825412
"[36, 16, 46, 47, 15, 26, 14, 75, 42, 15, 42, 20, 19, 20, 41]",63.10461029711047
"[34, 15, 42, 43, 15, 26, 13, 75, 42, 15, 42, 20, 17, 20, 41]",65.07755761599523
"[25, 14, 42, 48, 15, 25, 12, 75, 42, 15, 46, 24, 21, 22, 49]",65.09190043752565
"[41, 16, 51, 48, 17, 25, 14, 74, 40, 15, 42, 20, 20, 25, 41]",62.4860677401303
"[38, 13, 48, 45, 15, 27, 12, 75, 42, 15, 42, 20, 18, 20, 41]",65.47700676638178
"[43, 20, 48, 48, 17, 25, 13, 75, 42, 16, 45, 22, 21, 22, 43]",62.94785167378911
"[30, 14, 42, 42, 15, 25, 15, 75, 42, 15, 42, 21, 20, 20, 41]",66.93374682030925
"[32, 17, 42, 40, 15, 25, 14, 75, 41, 15, 42, 20, 21, 20, 41]",67.46738705738714
"[34, 12, 42, 42, 15, 25, 13, 75, 42, 15, 42, 20, 21, 21, 41]",64.23290318477832
"[35, 17, 49, 46, 15, 25, 14, 75, 42, 15, 45, 21, 20, 20, 45]",68.09428355209577
"[39, 17, 47, 48, 16, 25, 12, 61, 37, 15, 42, 20, 21, 20, 41]",62.032224511599594
"[28, 16, 42, 42, 15, 25, 12, 71, 41, 15, 42, 21, 21, 20, 43]",66.37206323768831
"[36, 16, 46, 48, 15, 27, 14, 75, 42, 15, 46, 23, 21, 22, 46]",70.84116300366284
"[39, 16, 44, 48, 15, 27, 15, 75, 42, 15, 42, 20, 21, 20, 41]",64.22124058811536
"[33, 12, 42, 46, 15, 25, 15, 75, 42, 15, 42, 20, 20, 20, 41]",71.620752187627
"[38, 20, 51, 48, 16, 26, 14, 75, 42, 15, 42, 20, 19, 20, 41]",65.058495497558
"[37, 18, 50, 48, 16, 26, 13, 75, 42, 15, 42, 22, 21, 20, 44]",61.944186635124034
"[37, 19, 48, 48, 15, 26, 15, 75, 42, 15, 42, 20, 19, 20, 41]",65.20386192511204
"[36, 20, 47, 48, 16, 26, 13, 75, 42, 15, 42, 20, 18, 20, 41]",66.2164480311356
"[35, 16, 46, 48, 15, 26, 15, 75, 42, 15, 42, 20, 21, 20, 41]",65.42737917175428
"[36, 16, 46, 47, 15, 26, 15, 75, 42, 15, 42, 20, 20, 20, 41]",65.80715722934454
"[36, 16, 42, 42, 15, 26, 12, 75, 42, 15, 42, 20, 17, 20, 41]",66.43550658831882
"[25, 15, 42, 39, 15, 25, 14, 75, 42, 15, 45, 25, 21, 23, 52]",66.0751034035408
"[43, 19, 48, 48, 15, 25, 13, 73, 42, 15, 42, 20, 21, 20, 41]",68.51448527167253
"[37, 14, 48, 48, 15, 25, 12, 75, 42, 15, 42, 20, 20, 20, 41]",70.87552960927955
"[43, 20, 51, 48, 16, 25, 13, 74, 42, 16, 43, 22, 21, 20, 41]",65.35037126068372
"[25, 13, 42, 45, 15, 26, 14, 75, 42, 15, 42, 22, 21, 20, 41]",66.17096230158725
"[35, 14, 42, 43, 15, 25, 14, 75, 42, 15, 42, 21, 20, 20, 41]",66.44111136548635
"[35, 14, 42, 43, 15, 25, 13, 75, 42, 15, 42, 20, 21, 22, 42]",68.70815692409444
"[35, 18, 46, 46, 15, 25, 15, 75, 42, 15, 42, 20, 21, 20, 49]",67.82820945258442
"[38, 18, 47, 48, 16, 25, 12, 64, 37, 15, 42, 20, 20, 20, 41]",64.18443248880773
"[38, 15, 42, 34, 15, 25, 14, 71, 40, 15, 42, 20, 21, 20, 42]",66.20658577533597
"[36, 17, 46, 48, 15, 26, 14, 75, 42, 15, 46, 26, 21, 21, 47]",65.55171652421656
"[34, 16, 45, 48, 15, 25, 15, 75, 42, 15, 42, 20, 19, 20, 41]",66.22858745421279
"[34, 13, 44, 45, 15, 25, 15, 75, 42, 15, 42, 20, 20, 20, 42]",65.71350376475367
"[37, 18, 49, 48, 16, 25, 14, 75, 42, 15, 42, 20, 19, 20, 41]",65.82021151302408
"[38, 17, 47, 48, 16, 27, 12, 75, 42, 15, 42, 21, 21, 20, 41]",63.977290267602854
"[37, 18, 49, 48, 15, 27, 14, 75, 42, 15, 42, 20, 20, 20, 41]",65.48028426434688
"[37, 14, 49, 48, 15, 27, 13, 75, 42, 15, 42, 20, 17, 20, 41]",66.09867139804653
"[36, 16, 45, 48, 15, 25, 14, 75, 42, 15, 42, 20, 21, 20, 41]",68.58707430301202
"[33, 16, 49, 47, 15, 26, 15, 75, 42, 15, 42, 20, 18, 20, 41]",65.25922695360177
"[34, 14, 42, 46, 15, 25, 14, 75, 42, 15, 42, 20, 21, 20, 41]",64.47746667684169
"[37, 14, 42, 34, 15, 25, 15, 75, 42, 15, 46, 26, 21, 23, 52]",69.40790025946278
"[40, 22, 52, 48, 15, 25, 12, 73, 42, 15, 43, 20, 21, 20, 41]",66.97141890516892
"[35, 18, 47, 48, 15, 25, 13, 75, 42, 15, 42, 20, 21, 20, 41]",63.344261548636794
"[43, 18, 52, 48, 17, 25, 13, 75, 42, 15, 43, 22, 21, 20, 41]",66.83671716015465
"[25, 15, 42, 41, 15, 26, 13, 75, 42, 15, 42, 20, 21, 20, 41]",64.6322443528693
"[33, 13, 42, 43, 15, 25, 13, 75, 42, 15, 42, 20, 20, 20, 41]",67.0227789224664
"[30, 16, 42, 43, 15, 25, 15, 75, 42, 15, 42, 20, 20, 20, 41]",65.4374587912089
"[36, 15, 48, 48, 15, 25, 14, 75, 42, 15, 42, 21, 21, 20, 52]",62.738291107041135
"[39, 17, 48, 48, 16, 25, 12, 65, 39, 15, 42, 20, 20, 20, 41]",65.97048293142038
"[31, 13, 42, 41, 15, 25, 14, 72, 40, 15, 42, 21, 21, 20, 41]",67.43665204008947
"[37, 16, 48, 47, 15, 25, 14, 75, 42, 15, 47, 26, 21, 22, 41]",75.38469538563302
"[33, 16, 48, 46, 15, 25, 13, 75, 42, 15, 42, 21, 18, 20, 41]",63.824728327228264
"[37, 14, 42, 43, 15, 28, 12, 75, 42, 15, 42, 20, 20, 20, 41]",65.54745713776974
"[42, 16, 49, 48, 16, 25, 14, 75, 42, 15, 42, 20, 20, 20, 41]",63.70142450142452
"[38, 17, 48, 48, 16, 26, 15, 75, 42, 15, 43, 20, 21, 20, 41]",65.72601890008151
"[37, 17, 50, 48, 16, 27, 14, 75, 42, 15, 42, 20, 20, 20, 41]",72.86512871387858
"[37, 14, 50, 48, 16, 25, 15, 75, 42, 15, 42, 20, 21, 20, 41]",70.11516267297523
"[38, 16, 47, 48, 15, 25, 13, 75, 42, 15, 42, 20, 21, 20, 41]",63.49945996133467
"[35, 16, 50, 47, 15, 26, 14, 75, 42, 15, 42, 20, 20, 20, 41]",66.11473341473348
"[30, 14, 44, 46, 15, 25, 17, 75, 42, 15, 42, 20, 21, 20, 41]",63.37952202889703
"[30, 13, 42, 44, 15, 25, 13, 75, 42, 15, 46, 25, 21, 23, 48]",67.84830204517701
"[41, 22, 54, 48, 15, 26, 15, 73, 42, 15, 42, 21, 20, 23, 41]",64.5633179436305
"[37, 18, 47, 48, 15, 25, 14, 75, 42, 15, 42, 20, 20, 20, 41]",65.23501526251519
"[41, 18, 51, 48, 18, 25, 13, 75, 42, 15, 44, 21, 21, 21, 41]",65.98735398860406
"[29, 16, 42, 39, 15, 25, 13, 75, 42, 15, 42, 21, 20, 20, 41]",63.97385849104594
"[31, 17, 42, 39, 15, 25, 13, 75, 42, 15, 42, 20, 21, 20, 41]",68.06157102157084
"[33, 19, 42, 45, 15, 25, 15, 75, 42, 15, 42, 21, 21, 20, 41]",62.13949264855526
"[36, 13, 50, 48, 15, 26, 13, 75, 42, 15, 42, 22, 21, 20, 41]",63.34069584350856
"[39, 16, 50, 48, 16, 25, 13, 60, 41, 15, 42, 20, 21, 20, 42]",61.907684930809886
"[26, 14, 42, 46, 15, 25, 12, 73, 42, 15, 42, 21, 20, 20, 42]",65.64757936507945
"[36, 14, 49, 47, 15, 25, 15, 75, 42, 15, 51, 20, 21, 22, 41]",67.99119632682111
"[36, 16, 50, 44, 15, 26, 14, 75, 42, 15, 42, 22, 18, 20, 41]",71.38096357346382
"[35, 13, 42, 47, 15, 29, 12, 75, 42, 15, 42, 20, 20, 20, 41]",66.57114087301572
"[41, 19, 51, 48, 16, 25, 15, 75, 42, 15, 42, 20, 21, 20, 41]",64.01309320309322
"[36, 18, 50, 48, 16, 25, 16, 75, 42, 15, 42, 20, 20, 20, 41]",62.994356939356805
"[37, 16, 48, 48, 16, 25, 14, 75, 42, 15, 42, 20, 19, 20, 41]",66.67955942205954
"[35, 17, 46, 48, 16, 25, 15, 75, 42, 15, 42, 20, 21, 20, 41]",65.04033819190053
"[37, 16, 47, 48, 15, 25, 14, 75, 42, 15, 42, 21, 20, 20, 41]",70.63190361721614
"[37, 16, 49, 48, 15, 26, 13, 75, 42, 15, 42, 20, 19, 20, 41]",65.39503243284504
"[29, 16, 42, 46, 15, 27, 17, 75, 42, 15, 42, 22, 18, 20, 41]",66.02162927350432
"[28, 12, 42, 44, 15, 25, 13, 75, 42, 15, 47, 25, 21, 23, 49]",66.39438835470082
"[39, 16, 52, 48, 19, 26, 16, 73, 42, 15, 42, 21, 20, 27, 41]",66.79450791107033
"[38, 12, 49, 48, 15, 25, 15, 75, 42, 15, 42, 20, 19, 20, 41]",64.19130456349195
"[38, 20, 49, 48, 17, 25, 14, 74, 42, 15, 43, 20, 21, 21, 41]",66.09959732397242
"[33, 13, 42, 41, 15, 25, 14, 75, 42, 15, 42, 21, 20, 20, 41]",64.84720581501827
"[30, 16, 42, 43, 15, 25, 15, 75, 42, 15, 42, 20, 18, 20, 41]",64.89799374236884
"[36, 14, 42, 45, 15, 26, 14, 75, 42, 15, 42, 22, 21, 20, 41]",63.852247023809795
"[36, 14, 46, 47, 15, 26, 14, 75, 42, 15, 42, 22, 21, 20, 42]",65.56225567256811
"[38, 17, 49, 48, 16, 25, 13, 62, 39, 15, 42, 20, 20, 20, 41]",65.05245077838813
"[31, 15, 42, 44, 15, 25, 13, 72, 42, 15, 42, 20, 21, 20, 43]",67.372125432438
"[36, 13, 49, 48, 15, 26, 15, 75, 42, 15, 54, 20, 21, 21, 44]",72.12642373829891
"[39, 16, 47, 46, 15, 27, 15, 75, 42, 15, 42, 20, 21, 20, 41]",71.86352793040297
"[33, 12, 42, 48, 15, 26, 14, 75, 42, 15, 42, 20, 20, 20, 41]",65.95774674399668
"[40, 21, 52, 48, 16, 26, 14, 75, 42, 15, 42, 20, 18, 20, 41]",66.13316786223038
"[36, 17, 49, 48, 16, 27, 13, 75, 42, 15, 42, 21, 20, 20, 41]",65.49369836182322
"[37, 16, 48, 48, 16, 25, 14, 75, 42, 15, 42, 20, 21, 20, 41]",64.10938021469251
"[35, 19, 45, 48, 16, 25, 14, 75, 42, 15, 42, 20, 16, 20, 41]",65.62571568477847
"[35, 16, 46, 48, 15, 25, 15, 75, 42, 15, 42, 20, 20, 20, 41]",70.50245561151804
"[38, 16, 47, 48, 15, 26, 13, 75, 42, 15, 42, 20, 18, 20, 41]",63.47158399470895
"[37, 15, 42, 45, 15, 28, 15, 75, 42, 15, 42, 22, 18, 20, 41]",67.03402383496139
"[31, 17, 42, 41, 15, 25, 14, 75, 42, 15, 50, 22, 21, 23, 47]",65.9009614112741
"[43, 19, 50, 48, 17, 25, 12, 75, 42, 15, 42, 20, 21, 28, 41]",66.7038437372815
"[35, 12, 48, 48, 15, 26, 16, 75, 42, 15, 42, 20, 20, 20, 41]",69.47398567867326
"[36, 19, 49, 48, 16, 25, 14, 72, 42, 15, 43, 20, 21, 21, 42]",64.01999135124137
"[33, 12, 42, 46, 15, 25, 14, 75, 42, 15, 42, 20, 21, 20, 41]",64.38741363960108
"[34, 14, 42, 41, 15, 26, 16, 74, 42, 15, 42, 21, 21, 20, 43]",64.75432145400924
"[30, 16, 42, 44, 15, 27, 14, 75, 42, 15, 42, 21, 20, 20, 41]",71.37051663614166
"[35, 17, 45, 46, 15, 25, 14, 75, 42, 15, 42, 20, 21, 20, 49]",64.04338993182714
"[37, 17, 48, 48, 16, 25, 13, 71, 36, 15, 42, 20, 21, 20, 41]",64.10753815628831
"[36, 15, 42, 38, 15, 25, 14, 71, 41, 15, 42, 21, 21, 20, 44]",62.983854802604775
"[37, 14, 44, 47, 15, 27, 13, 75, 42, 15, 50, 22, 21, 21, 49]",68.2929945054943
"[37, 16, 43, 48, 15, 25, 14, 75, 42, 15, 42, 20, 21, 20, 41]",64.29716409747681
"[34, 16, 45, 48, 15, 25, 15, 75, 42, 15, 42, 20, 20, 20, 41]",64.99416157916144
"[38, 19, 51, 48, 16, 27, 14, 75, 42, 15, 42, 20, 19, 20, 41]",68.35965086996327
"[37, 16, 48, 48, 16, 28, 12, 75, 42, 15, 42, 20, 21, 20, 42]",64.46959312678058
"[36, 19, 48, 48, 16, 25, 15, 75, 42, 15, 42, 20, 21, 20, 41]",63.83602653133902
"[36, 15, 49, 48, 15, 26, 14, 75, 42, 15, 42, 20, 20, 20, 41]",69.13418867012628
"[37, 16, 45, 48, 15, 26, 14, 75, 42, 15, 42, 20, 20, 20, 41]",67.21752035002032
"[33, 16, 48, 48, 15, 25, 15, 75, 42, 15, 42, 20, 20, 20, 41]",65.59414758852265
"[37, 14, 42, 45, 15, 25, 14, 75, 42, 15, 42, 20, 21, 20, 41]",64.72434193121677
"[35, 16, 42, 40, 15, 25, 14, 73, 42, 15, 49, 21, 21, 23, 46]",64.9339752492877
"[43, 22, 49, 48, 15, 25, 12, 75, 41, 15, 46, 20, 21, 24, 41]",63.99697776760262
"[35, 17, 47, 47, 15, 27, 13, 75, 42, 15, 42, 20, 20, 20, 41]",76.950336029711
"[41, 18, 49, 48, 16, 25, 14, 75, 42, 16, 42, 21, 21, 20, 41]",67.11736670736677
"[28, 14, 42, 46, 15, 25, 14, 75, 42, 15, 42, 20, 21, 20, 41]",65.10328258547021
"[36, 15, 42, 40, 15, 27, 15, 75, 42, 15, 42, 20, 21, 20, 41]",65.6321549399673
"[29, 18, 45, 44, 15, 27, 15, 75, 42, 15, 42, 20, 21, 20, 41]",62.87058735246242
"[35, 16, 49, 46, 15, 25, 14, 75, 42, 15, 42, 20, 21, 20, 52]",63.501874618437085
"[37, 17, 48, 48, 16, 25, 13, 64, 38, 15, 42, 22, 20, 20, 41]",64.91948209198216
"[34, 16, 42, 38, 15, 25, 13, 71, 41, 15, 42, 23, 21, 20, 41]",66.41799844831075
"[35, 17, 45, 46, 15, 26, 15, 75, 42, 15, 46, 26, 21, 23, 46]",64.06318732193735
"[37, 16, 46, 48, 15, 25, 13, 75, 42, 15, 42, 20, 21, 20, 41]",66.0121878815629
"[34, 18, 47, 48, 15, 25, 15, 75, 42, 15, 42, 20, 21, 20, 41]",61.49032127594615
"[39, 18, 50, 48, 17, 26, 14, 75, 42, 15, 42, 20, 21, 20, 41]",64.5042195767193
"[37, 18, 49, 48, 16, 26, 13, 75, 42, 15, 42, 20, 20, 20, 44]",62.60341040903546
"[37, 19, 48, 48, 15, 26, 14, 75, 42, 15, 42, 20, 20, 20, 41]",65.87997519841248
"[36, 15, 50, 48, 15, 27, 14, 75, 42, 15, 42, 20, 21, 20, 41]",65.34759628103372
"[38, 16, 47, 48, 15, 26, 13, 75, 42, 15, 42, 20, 21, 20, 41]",63.21686113654881
"[32, 16, 49, 48, 15, 25, 16, 75, 42, 15, 42, 20, 19, 20, 41]",65.88897677553948
"[28, 14, 42, 46, 15, 25, 13, 75, 42, 15, 42, 20, 21, 20, 41]",64.63325625763117
"[34, 14, 42, 39, 15, 25, 14, 74, 42, 15, 46, 21, 21, 23, 46]",66.51454555860799
"[43, 22, 51, 48, 15, 25, 16, 75, 40, 15, 46, 23, 21, 22, 42]",65.50778833435088
"[37, 19, 46, 46, 15, 26, 12, 75, 42, 15, 42, 20, 20, 20, 41]",63.85805949837195
"[40, 17, 50, 48, 16, 26, 14, 75, 42, 16, 42, 20, 21, 20, 41]",70.77769853988612
"[28, 17, 42, 39, 15, 25, 14, 75, 42, 15, 42, 22, 19, 20, 41]",65.85014817358552
"[28, 16, 42, 44, 15, 27, 14, 75, 42, 15, 42, 20, 21, 20, 41]",63.791046626984134
"[32, 19, 45, 42, 15, 26, 15, 75, 41, 15, 42, 20, 21, 20, 43]",66.96341842185596
"[36, 13, 49, 47, 15, 27, 14, 75, 42, 15, 42, 20, 21, 20, 51]",66.4518811050061
"[37, 17, 48, 48, 16, 25, 13, 60, 41, 15, 42, 25, 19, 20, 42]",68.79616363960125
"[28, 15, 42, 42, 15, 25, 12, 74, 41, 15, 42, 24, 20, 20, 41]",68.11311851343093
"[36, 17, 47, 46, 15, 25, 15, 75, 42, 15, 47, 27, 21, 23, 45]",65.65602131664645
"[36, 16, 46, 48, 15, 25, 14, 75, 42, 15, 42, 22, 19, 20, 41]",64.95446186914904
"[37, 16, 47, 47, 15, 25, 14, 75, 42, 15, 42, 20, 20, 20, 41]",61.98605018823792
"[43, 16, 49, 48, 16, 26, 15, 75, 42, 15, 42, 20, 18, 20, 41]",65.60724295380541
"[37, 19, 50, 48, 16, 25, 16, 75, 42, 15, 42, 21, 20, 20, 41]",63.056012795075304
"[37, 17, 48, 48, 15, 27, 13, 75, 42, 15, 42, 20, 19, 20, 41]",62.1273173585672
"[36, 19, 47, 48, 15, 27, 14, 75, 42, 15, 42, 20, 18, 20, 41]",69.92562271062249
"[37, 16, 48, 48, 15, 26, 13, 75, 42, 15, 42, 20, 20, 20, 41]",64.60650564713067
"[35, 16, 48, 48, 15, 25, 15, 75, 42, 15, 42, 20, 17, 20, 41]",65.25232664326433
"[32, 15, 44, 48, 15, 25, 14, 75, 42, 15, 42, 20, 21, 20, 41]",62.15535447191701
"[29, 14, 42, 43, 15, 26, 14, 74, 42, 15, 45, 22, 21, 21, 46]",66.11063911782654
"[43, 18, 52, 48, 16, 25, 15, 75, 40, 15, 42, 22, 21, 24, 44]",67.90428584147344
"[39, 16, 45, 46, 15, 25, 16, 75, 42, 15, 42, 20, 21, 20, 41]",66.08407318376092
"[40, 16, 50, 48, 16, 26, 13, 73, 42, 16, 44, 20, 21, 21, 43]",63.62421436202689
"[30, 19, 42, 38, 15, 26, 14, 75, 42, 15, 42, 20, 19, 20, 41]",67.14651976495719
"[26, 13, 42, 39, 15, 25, 14, 75, 42, 15, 42, 21, 20, 20, 41]",63.8049696021571
"[35, 15, 42, 42, 15, 25, 15, 75, 42, 15, 42, 20, 20, 20, 41]",64.91832824582826
"[35, 14, 47, 47, 15, 27, 14, 75, 42, 15, 42, 20, 21, 20, 41]",63.31518200549473
"[37, 17, 48, 48, 16, 25, 13, 62, 40, 15, 42, 20, 20, 20, 41]",70.00470467032959
"[31, 13, 42, 46, 15, 25, 16, 72, 41, 15, 42, 23, 20, 20, 43]",66.02788665038678
"[36, 12, 48, 48, 15, 26, 14, 75, 41, 15, 50, 23, 21, 22, 45]",70.29185439560428
"[36, 16, 47, 48, 15, 25, 14, 75, 42, 15, 42, 22, 19, 20, 44]",67.28962772181515
"[37, 15, 47, 47, 15, 26, 13, 75, 42, 15, 42, 20, 19, 20, 41]",68.61076020044753
"[43, 17, 51, 48, 15, 26, 14, 75, 42, 15, 42, 20, 18, 20, 41]",67.41336780118039
"[36, 18, 49, 48, 16, 26, 13, 75, 42, 15, 42, 21, 21, 20, 42]",68.27028820716326
"[36, 16, 48, 48, 15, 27, 14, 75, 42, 15, 42, 20, 20, 20, 41]",64.31725999694744
"[35, 16, 46, 48, 15, 27, 15, 75, 42, 15, 42, 20, 18, 20, 41]",65.97052642958893
"[36, 16, 48, 48, 15, 25, 15, 75, 42, 15, 42, 20, 20, 20, 41]",66.34062003968268
"[37, 16, 45, 47, 15, 26, 13, 75, 42, 15, 42, 20, 21, 20, 41]",67.89348239723219
"[35, 15, 42, 44, 15, 25, 15, 75, 42, 15, 42, 21, 21, 20, 41]",62.545838548026204
"[28, 15, 42, 48, 15, 26, 14, 72, 42, 15, 46, 23, 21, 21, 46]",63.287313034188095
"[38, 17, 53, 48, 17, 26, 12, 75, 42, 15, 42, 20, 21, 26, 45]",64.41140631359387
"[40, 13, 49, 48, 15, 26, 16, 75, 42, 15, 42, 20, 21, 20, 41]",64.2364540089541
"[39, 16, 50, 48, 16, 26, 12, 73, 42, 16, 44, 23, 21, 21, 45]",62.32948031135506
"[31, 16, 42, 42, 15, 25, 13, 75, 42, 15, 42, 20, 21, 20, 41]",72.51486543549024
"[33, 14, 42, 38, 15, 25, 14, 75, 42, 15, 42, 22, 19, 20, 41]",67.08167773199015
"[36, 14, 42, 46, 15, 26, 14, 75, 42, 15, 42, 20, 21, 20, 41]",67.98708282458284
"[35, 15, 46, 47, 15, 26, 13, 75, 42, 15, 43, 22, 21, 21, 41]",65.87569291819294
"[37, 17, 48, 48, 16, 25, 13, 61, 38, 15, 42, 20, 21, 20, 41]",65.0412082824582
"[33, 12, 42, 38, 15, 25, 15, 70, 41, 15, 42, 21, 21, 20, 43]",66.34584821428572
"[36, 15, 47, 48, 15, 25, 14, 75, 40, 15, 51, 21, 21, 21, 43]",71.18461792836783
"[38, 16, 47, 47, 15, 25, 14, 75, 42, 15, 42, 20, 21, 20, 41]",68.3496929690682
"[34, 19, 47, 48, 15, 26, 15, 75, 42, 15, 42, 20, 18, 20, 41]",65.6373948158326
"[40, 17, 51, 48, 15, 25, 13, 75, 42, 15, 42, 20, 21, 20, 41]",64.61973913817667
"[38, 16, 49, 48, 16, 27, 12, 75, 42, 15, 42, 20, 21, 20, 44]",64.3753993691494
"[36, 17, 48, 48, 16, 25, 15, 75, 42, 15, 42, 20, 21, 20, 41]",66.32908259564499
"[36, 15, 47, 48, 16, 26, 14, 75, 42, 15, 42, 20, 19, 20, 41]",67.49684485653246
"[36, 16, 46, 48, 15, 25, 14, 75, 42, 15, 42, 20, 21, 20, 41]",70.04416997354487
"[36, 16, 46, 47, 15, 27, 14, 75, 42, 15, 42, 21, 21, 20, 41]",69.19277841371581
"[34, 15, 42, 44, 15, 25, 14, 75, 42, 15, 42, 20, 21, 20, 41]",68.74207862739111
"[30, 15, 42, 48, 15, 25, 14, 72, 42, 15, 46, 23, 21, 20, 47]",64.7186282814409
"[39, 17, 50, 48, 17, 25, 13, 75, 42, 15, 45, 21, 21, 21, 41]",62.48512184574672
"[39, 14, 50, 48, 15, 26, 13, 75, 42, 15, 42, 20, 19, 20, 41]",70.45004057285334
"[36, 17, 50, 48, 16, 26, 12, 73, 41, 15, 44, 23, 21, 20, 41]",68.09794312169313
"[33, 12, 42, 47, 15, 25, 13, 75, 42, 15, 42, 20, 21, 20, 41]",65.64199735449749
"[36, 16, 42, 44, 15, 25, 14, 75, 42, 15, 42, 21, 20, 20, 42]",70.34706158424906
"[31, 15, 42, 47, 15, 26, 14, 75, 42, 15, 42, 21, 20, 20, 41]",64.52588929588931
"[35, 17, 49, 45, 15, 26, 14, 75, 42, 15, 42, 21, 21, 21, 48]",66.5689171245422
"[38, 17, 48, 48, 16, 25, 13, 65, 37, 15, 42, 20, 21, 20, 41]",62.75932425213692
"[33, 16, 42, 40, 15, 25, 12, 73, 41, 15, 42, 20, 21, 20, 43]",65.98126119251094
"[36, 18, 46, 48, 16, 25, 13, 75, 42, 15, 52, 23, 21, 21, 45]",67.92378395909667
"[36, 16, 47, 46, 15, 25, 14, 75, 42, 15, 42, 20, 21, 20, 41]",66.28295596764372
"[34, 16, 48, 48, 15, 25, 15, 75, 42, 15, 42, 20, 19, 20, 41]",67.79610653235628
"[42, 18, 49, 48, 17, 25, 15, 75, 42, 15, 42, 20, 21, 20, 41]",66.57318999287754
"[38, 16, 49, 48, 16, 25, 13, 75, 42, 15, 42, 21, 20, 20, 41]",64.24665979853496
"[36, 18, 48, 48, 16, 26, 14, 75, 42, 15, 42, 20, 20, 20, 41]",65.42686902218153
"[36, 17, 48, 48, 17, 26, 13, 75, 42, 15, 42, 20, 21, 20, 41]",64.76308887871376
"[36, 16, 44, 48, 15, 26, 13, 75, 42, 15, 42, 20, 20, 20, 41]",64.96165356634096
"[35, 16, 48, 47, 15, 25, 14, 75, 42, 15, 42, 20, 21, 20, 41]",69.43784391534395
"[30, 15, 46, 45, 15, 26, 14, 75, 42, 15, 42, 20, 21, 20, 41]",64.19523148148166
"[32, 14, 43, 48, 15, 25, 14, 73, 41, 15, 45, 23, 21, 23, 45]",63.49352627696396
"[41, 22, 50, 48, 15, 25, 14, 75, 42, 15, 46, 21, 21, 20, 41]",64.53854802604819
"[37, 16, 47, 48, 16, 25, 14, 75, 42, 15, 42, 20, 19, 20, 41]",65.89376806064317
"[38, 17, 47, 48, 16, 25, 15, 74, 41, 15, 45, 21, 21, 20, 43]",66.63010518416756
"[28, 12, 42, 46, 15, 25, 15, 75, 42, 15, 42, 20, 20, 20, 41]",69.16296855921848
"[33, 16, 42, 44, 15, 25, 14, 75, 42, 15, 42, 20, 21, 20, 42]",64.09364100020355
"[29, 19, 44, 42, 15, 26, 15, 74, 42, 15, 42, 21, 20, 20, 41]",74.83912533068764
"[35, 17, 50, 47, 15, 25, 14, 75, 42, 15, 42, 20, 21, 21, 48]",63.42316938848205
"[40, 17, 48, 48, 16, 25, 12, 66, 38, 15, 42, 20, 21, 20, 41]",64.60231099918587
"[31, 18, 42, 41, 15, 25, 12, 74, 41, 15, 42, 22, 21, 20, 42]",63.965397334147454
"[37, 18, 47, 48, 15, 25, 14, 74, 42, 15, 43, 23, 21, 22, 46]",66.88230705636964
"[35, 16, 45, 48, 15, 26, 14, 75, 42, 15, 42, 21, 21, 20, 41]",64.9982168294672
"[37, 16, 47, 48, 15, 25, 14, 75, 42, 15, 42, 20, 21, 20, 41]",65.26036846255595
"[40, 20, 47, 48, 17, 27, 16, 75, 42, 15, 42, 20, 18, 20, 41]",65.05363387769647
"[36, 20, 48, 48, 16, 25, 15, 75, 42, 15, 43, 20, 21, 20, 41]",64.8696677859177
"[36, 19, 48, 48, 16, 26, 14, 75, 42, 15, 42, 20, 19, 20, 41]",65.99261764855554
"[36, 17, 48, 48, 16, 25, 13, 75, 42, 15, 42, 20, 21, 20, 41]",62.56510912698428
"[38, 16, 47, 46, 15, 25, 14, 75, 42, 15, 42, 20, 20, 20, 41]",67.30182259869756
"[35, 16, 49, 48, 15, 25, 13, 75, 42, 15, 42, 20, 20, 20, 41]",65.25213255494516
"[30, 15, 47, 46, 15, 26, 14, 75, 42, 15, 42, 21, 21, 20, 42]",68.27853441697197
"[31, 16, 44, 47, 15, 26, 15, 73, 40, 15, 44, 21, 21, 25, 44]",64.10460826210817
"[43, 21, 49, 48, 15, 25, 14, 75, 42, 15, 43, 20, 21, 20, 41]",66.55554716117183
"[35, 17, 46, 48, 16, 25, 15, 75, 42, 15, 42, 20, 21, 20, 41]",67.177956094831
"[39, 16, 48, 48, 16, 25, 15, 73, 42, 15, 43, 21, 21, 20, 44]",63.96240359177858
"[27, 17, 42, 37, 15, 27, 15, 75, 42, 15, 42, 20, 19, 20, 41]",66.1176935795681
"[32, 15, 42, 45, 15, 25, 14, 75, 42, 15, 42, 20, 21, 20, 41]",63.7842151251526
"[34, 13, 43, 41, 15, 26, 14, 75, 42, 15, 42, 20, 21, 20, 41]",66.20870001526255
"[36, 16, 48, 48, 15, 26, 14, 75, 42, 15, 42, 22, 21, 20, 50]",64.65386866605618
"[37, 18, 47, 48, 16, 25, 12, 66, 40, 15, 42, 20, 17, 20, 41]",63.3967568426943
"[33, 12, 42, 45, 15, 25, 12, 73, 41, 15, 42, 23, 20, 20, 41]",66.4004201007326
"[37, 13, 49, 48, 15, 25, 15, 73, 41, 15, 44, 23, 21, 23, 45]",66.78834999491256
"[36, 16, 46, 47, 15, 25, 14, 75, 41, 15, 42, 21, 21, 20, 41]",70.53531084656082
"[35, 17, 47, 47, 15, 26, 14, 75, 42, 15, 42, 21, 20, 20, 41]",66.72645439051696
"[37, 18, 49, 48, 16, 27, 14, 75, 42, 15, 42, 20, 18, 20, 41]",65.33029939967463
"[35, 21, 49, 48, 16, 25, 14, 75, 42, 15, 42, 20, 21, 20, 42]",63.85401289682541
"[38, 20, 48, 48, 15, 26, 14, 75, 42, 15, 42, 20, 20, 20, 41]",67.22983033170534
"[36, 17, 48, 48, 16, 25, 14, 75, 42, 15, 42, 21, 21, 20, 41]",67.57621909340669
"[37, 16, 46, 47, 15, 25, 14, 75, 42, 15, 42, 20, 21, 20, 41]",64.57146761803003
"[35, 16, 48, 48, 15, 25, 13, 74, 42, 15, 42, 21, 20, 20, 44]",61.41159620472124
"[32, 16, 42, 44, 15, 25, 14, 75, 42, 15, 42, 22, 21, 20, 44]",64.54446492165263
"[33, 16, 46, 44, 15, 25, 14, 74, 41, 15, 46, 21, 21, 24, 45]",66.22957582926325
"[42, 17, 49, 48, 15, 25, 13, 74, 42, 15, 42, 21, 21, 24, 41]",67.7489131817256
"[38, 15, 46, 48, 16, 25, 16, 75, 42, 15, 42, 20, 21, 20, 41]",63.62596192002447
"[38, 17, 48, 48, 16, 25, 14, 74, 42, 15, 42, 22, 21, 21, 44]",63.043583892958914
"[31, 14, 42, 39, 15, 27, 13, 75, 42, 15, 42, 20, 19, 21, 41]",65.53473850223844
"[33, 15, 42, 44, 15, 25, 14, 75, 42, 15, 42, 20, 21, 20, 41]",63.16026276963768
"[35, 12, 42, 44, 15, 25, 14, 75, 42, 15, 42, 20, 21, 20, 41]",68.45075791107048
"[37, 14, 49, 48, 15, 28, 14, 75, 42, 15, 42, 22, 21, 20, 44]",65.85176867114373
"[37, 17, 49, 48, 16, 25, 12, 63, 39, 15, 42, 22, 20, 20, 41]",66.16798738298743
"[32, 12, 42, 39, 15, 26, 14, 71, 41, 15, 42, 21, 20, 20, 42]",69.45809536528301
"[37, 14, 50, 48, 15, 25, 14, 75, 41, 15, 52, 22, 21, 21, 45]",65.81795189763939
"[36, 16, 46, 45, 15, 25, 15, 75, 42, 15, 42, 20, 21, 21, 41]",66.79987650081411
"[35, 17, 48, 47, 15, 26, 15, 75, 42, 15, 42, 20, 20, 20, 41]",64.89180313899057
"[38, 18, 51, 48, 15, 26, 13, 75, 42, 15, 42, 20, 20, 20, 41]",65.46617991961749
"[38, 15, 51, 48, 16, 27, 13, 75, 42, 15, 43, 21, 21, 20, 42]",67.19739697802213
"[37, 15, 49, 48, 15, 26, 15, 75, 42, 15, 42, 20, 21, 20, 41]",64.5147886141635
"[36, 17, 48, 48, 16, 25, 14, 75, 42, 15, 42, 21, 20, 20, 41]",63.37334299959299
"[37, 16, 44, 48, 15, 25, 14, 75, 42, 15, 42, 20, 21, 20, 41]",66.90473773911269
"[37, 16, 46, 48, 15, 25, 14, 73, 42, 15, 42, 21, 19, 20, 42]",63.03027879527886
"[35, 14, 42, 45, 15, 25, 14, 75, 42, 15, 42, 20, 21, 20, 41]",64.8454165394792
"[31, 15, 47, 46, 15, 25, 14, 74, 42, 15, 46, 23, 21, 20, 45]",65.22253726597464
"[41, 16, 52, 48, 16, 25, 12, 75, 42, 15, 42, 21, 20, 27, 41]",65.45440908628386
"[38, 15, 46, 48, 15, 26, 15, 75, 42, 15, 42, 20, 20, 20, 41]",62.73275679181934
"[37, 17, 49, 48, 16, 25, 13, 74, 42, 16, 44, 22, 21, 21, 41]",63.18564369658114
"[35, 12, 42, 46, 15, 25, 13, 75, 42, 15, 42, 20, 21, 21, 41]",63.51427414021141
"[35, 15, 44, 45, 15, 25, 14, 75, 42, 15, 42, 21, 21, 20, 42]",62.08112777269033
"[26, 22, 42, 45, 15, 25, 15, 75, 42, 15, 42, 21, 21, 20, 41]",65.43572471509965
"[35, 15, 48, 48, 15, 26, 14, 75, 42, 15, 42, 21, 21, 20, 46]",65.30461016992264
"[39, 16, 49, 48, 16, 25, 13, 68, 39, 15, 42, 21, 21, 20, 41]",65.06997011090773
"[29, 16, 43, 39, 15, 25, 14, 71, 41, 15, 42, 21, 21, 20, 43]",68.52347603785086
"[37, 14, 45, 48, 15, 25, 13, 75, 42, 15, 51, 23, 21, 21, 46]",70.32823298229565
"[36, 16, 44, 47, 15, 28, 14, 75, 42, 15, 42, 20, 21, 20, 43]",70.16029265873003
"[34, 15, 47, 47, 15, 26, 15, 75, 42, 15, 42, 20, 20, 20, 41]",64.6842266992266
"[41, 17, 51, 48, 17, 25, 15, 75, 42, 15, 42, 20, 21, 20, 41]",73.43735615079382
"[38, 12, 50, 48, 16, 27, 13, 75, 42, 15, 42, 22, 21, 20, 42]",71.38918294668294
"[34, 17, 49, 48, 15, 26, 15, 75, 42, 15, 42, 20, 21, 20, 41]",63.60143276862025
"[36, 15, 48, 48, 16, 25, 14, 75, 42, 15, 42, 20, 20, 21, 41]",65.85098723036226
"[36, 16, 49, 48, 15, 25, 14, 75, 42, 15, 42, 22, 21, 20, 41]",64.2087039580789
"[36, 16, 47, 47, 15, 25, 14, 75, 42, 15, 42, 21, 20, 20, 41]",66.51213344525831
"[36, 13, 45, 45, 15, 25, 14, 75, 42, 15, 42, 20, 20, 20, 41]",63.898061406186166
"[29, 15, 46, 48, 15, 25, 13, 73, 42, 15, 44, 24, 21, 20, 46]",65.89072318884823
"[37, 17, 51, 48, 16, 25, 13, 75, 41, 15, 43, 20, 21, 24, 46]",72.45127721815233
"[37, 15, 47, 48, 15, 27, 14, 75, 42, 15, 42, 20, 19, 20, 41]",62.66062970594214
"[39, 17, 49, 48, 16, 25, 14, 74, 42, 17, 45, 22, 21, 20, 41]",64.89630494505515
"[29, 12, 42, 48, 15, 25, 13, 75, 42, 15, 42, 20, 21, 20, 41]",64.48015020858753
"[33, 15, 42, 46, 15, 25, 15, 75, 42, 15, 42, 21, 20, 20, 42]",68.28213700651199
"[35, 22, 42, 41, 15, 26, 16, 75, 42, 15, 42, 20, 19, 20, 42]",69.86440323565314
"[36, 17, 49, 48, 15, 25, 14, 75, 42, 15, 44, 21, 21, 20, 48]",64.80614214489215
"[38, 16, 48, 48, 16, 25, 13, 69, 39, 15, 42, 21, 21, 20, 41]",65.31469602157095
"[33, 16, 42, 43, 15, 25, 13, 71, 41, 15, 42, 21, 21, 20, 44]",63.735419210419295
"[37, 14, 45, 48, 15, 25, 13, 73, 42, 15, 52, 23, 21, 22, 44]",71.78215824684554
"[35, 16, 44, 48, 15, 29, 13, 74, 42, 15, 42, 20, 21, 20, 45]",66.71818045380539
"[35, 18, 46, 48, 15, 25, 15, 75, 42, 15, 42, 20, 21, 21, 41]",68.71512667887663
"[42, 20, 49, 48, 18, 25, 14, 75, 42, 15, 42, 20, 21, 20, 41]",66.72817244098482
"[36, 15, 47, 48, 16, 27, 15, 75, 42, 15, 42, 20, 21, 20, 41]",70.76443147130638
"[33, 18, 48, 48, 15, 26, 13, 75, 42, 15, 42, 21, 20, 20, 41]",65.87128217846964
"[36, 15, 48, 48, 16, 25, 14, 75, 42, 15, 42, 20, 21, 20, 41]",63.99000317969072
"[35, 16, 49, 47, 15, 25, 14, 75, 42, 15, 42, 21, 21, 20, 41]",63.95021316646326
"[35, 16, 48, 48, 15, 25, 13, 75, 41, 15, 42, 20, 21, 20, 41]",64.95688988095245
"[31, 14, 47, 45, 15, 26, 14, 75, 42, 15, 42, 20, 20, 20, 41]",65.69678749491253
"[29, 15, 43, 47, 15, 25, 13, 73, 42, 15, 44, 23, 21, 21, 47]",66.71999020655271
"[35, 17, 49, 48, 16, 25, 15, 74, 40, 15, 48, 21, 21, 20, 50]",61.82846446377678
"[36, 16, 47, 48, 15, 26, 13, 75, 42, 15, 42, 20, 19, 20, 42]",64.05530283374031
"[38, 17, 50, 48, 16, 27, 14, 75, 42, 15, 44, 22, 21, 20, 43]",70.365848468661
"[29, 16, 42, 45, 15, 25, 14, 75, 42, 15, 42, 21, 21, 20, 41]",71.52833091676838
"[33, 14, 44, 43, 15, 26, 14, 75, 42, 15, 42, 22, 20, 20, 43]",68.79157967032967
"[38, 12, 42, 39, 15, 27, 13, 75, 42, 15, 42, 20, 19, 20, 41]",66.07313810032574
"[37, 13, 48, 48, 15, 26, 14, 75, 42, 15, 43, 20, 21, 20, 45]",64.27457010582005
"[38, 17, 48, 48, 16, 25, 13, 64, 40, 15, 42, 20, 21, 20, 41]",63.981966447904014
"[36, 15, 42, 43, 15, 25, 13, 73, 41, 15, 42, 22, 21, 20, 42]",65.76131295787542
"[37, 16, 47, 47, 15, 25, 16, 74, 41, 15, 52, 23, 21, 23, 44]",68.66559294871811
"[35, 16, 46, 48, 15, 26, 14, 75, 42, 15, 42, 20, 21, 20, 41]",62.67564140720383
"[34, 18, 46, 47, 15, 26, 15, 75, 42, 15, 42, 20, 21, 20, 41]",65.15452279202282
"[42, 20, 49, 48, 16, 26, 14, 75, 42, 15, 42, 21, 20, 20, 41]",67.20758190883201
"[35, 19, 48, 48, 15, 25, 14, 75, 42, 15, 42, 20, 20, 20, 42]",71.70755189255222
"[37, 17, 46, 48, 15, 26, 13, 75, 42, 15, 42, 23, 18, 20, 41]",65.86366605616571
"[36, 16, 48, 48, 15, 25, 13, 75, 41, 15, 42, 21, 21, 20, 41]",65.92682794057795
"[39, 16, 44, 48, 15, 25, 14, 75, 42, 15, 42, 20, 20, 20, 41]",68.1604371438744
"[35, 16, 48, 48, 16, 25, 13, 75, 41, 15, 42, 20, 21, 20, 41]",66.4778426434677
"[29, 17, 42, 46, 15, 25, 14, 75, 41, 15, 42, 20, 21, 20, 41]",65.56782661782654
"[37, 15, 42, 43, 15, 25, 14, 73, 41, 15, 48, 22, 21, 22, 46]",64.69124580280838
"[34, 17, 48, 48, 16, 26, 15, 74, 41, 15, 48, 23, 21, 20, 45]",68.68352831196569
"[36, 16, 47, 48, 15, 25, 15, 75, 42, 15, 42, 20, 19, 20, 41]",65.11665890822135
"[36, 17, 49, 48, 16, 27, 13, 75, 42, 15, 42, 21, 21, 21, 44]",65.06226800976786
"[28, 17, 42, 41, 15, 25, 14, 74, 42, 15, 42, 21, 21, 20, 43]",66.36475847069582
"[33, 15, 44, 43, 15, 27, 14, 75, 42, 15, 42, 22, 21, 20, 44]",70.83353759666241
"[25, 12, 42, 42, 15, 25, 13, 75, 42, 15, 42, 20, 21, 20, 41]",65.64826668701676
"[37, 12, 50, 48, 16, 28, 14, 75, 42, 15, 44, 21, 21, 20, 44]",63.583261981074514
"[37, 18, 48, 48, 16, 25, 13, 66, 40, 15, 42, 20, 20, 20, 41]",62.88379566035812
"[33, 16, 43, 43, 15, 25, 13, 73, 41, 15, 44, 22, 21, 20, 43]",63.021150284900386
"[37, 17, 48, 47, 15, 25, 17, 75, 42, 15, 45, 23, 21, 22, 49]",69.61110157203927
"[36, 16, 47, 46, 15, 25, 15, 75, 42, 15, 42, 21, 21, 20, 41]",63.031360907611045
"[35, 16, 47, 48, 15, 26, 14, 75, 42, 15, 42, 21, 19, 20, 41]",65.12985653235651
"[39, 18, 53, 48, 15, 25, 14, 75, 42, 15, 42, 20, 18, 20, 41]",68.2642303876676
"[35, 19, 48, 48, 15, 25, 13, 75, 42, 15, 42, 21, 19, 20, 44]",63.62048382173396
"[37, 17, 47, 48, 15, 25, 15, 75, 42, 15, 42, 23, 20, 20, 41]",70.48685566748061
"[36, 17, 48, 48, 15, 25, 14, 75, 42, 15, 42, 20, 20, 20, 41]",62.88792200854687
"[37, 16, 42, 48, 16, 25, 13, 75, 42, 15, 42, 20, 21, 20, 41]",65.15325256919029
"[37, 16, 47, 48, 15, 25, 15, 73, 41, 15, 42, 21, 21, 20, 44]",67.77078907203914
"[30, 17, 42, 45, 15, 25, 14, 75, 42, 15, 42, 20, 19, 20, 41]",64.59809256715533
"[40, 15, 42, 44, 15, 25, 15, 73, 40, 15, 48, 22, 21, 20, 45]",66.68990956959718
"[34, 17, 47, 48, 16, 26, 13, 75, 42, 15, 47, 24, 21, 20, 45]",65.61894268925508
"[38, 15, 47, 47, 15, 25, 17, 75, 42, 15, 42, 20, 21, 20, 41]",65.42072967541691
"[35, 17, 47, 48, 16, 27, 12, 75, 42, 15, 43, 21, 21, 20, 45]",63.33157343813611
"[29, 15, 42, 43, 15, 25, 14, 74, 42, 15, 42, 20, 21, 20, 43]",61.96301320207591
"[34, 16, 45, 46, 15, 26, 13, 75, 42, 15, 42, 20, 21, 20, 44]",63.72626907814441
"[32, 17, 42, 46, 15, 25, 16, 75, 42, 15, 42, 20, 21, 20, 41]",64.64927490333729
"[35, 18, 48, 47, 16, 28, 14, 75, 42, 15, 42, 22, 21, 20, 48]",68.88981367012627
"[40, 17, 48, 48, 16, 25, 13, 64, 38, 15, 42, 20, 19, 20, 41]",66.26509030321517
"[31, 16, 43, 45, 15, 25, 13, 72, 41, 15, 45, 22, 21, 21, 45]",66.20793370980871
"[38, 17, 48, 48, 15, 27, 15, 75, 42, 15, 49, 24, 21, 21, 45]",64.31716066341072
"[36, 16, 46, 47, 15, 25, 14, 75, 42, 15, 42, 22, 20, 21, 42]",66.50464044057779
"[36, 16, 48, 47, 15, 25, 14, 75, 42, 15, 42, 21, 20, 20, 41]",68.05305352055349
"[38, 18, 52, 48, 16, 25, 14, 75, 42, 15, 42, 20, 21, 20, 41]",69.0522842897844
"[38, 13, 49, 48, 16, 25, 13, 75, 42, 15, 42, 21, 21, 20, 41]",66.94244518213253
"[37, 18, 49, 48, 15, 25, 15, 75, 42, 15, 42, 20, 21, 20, 41]",66.83227704008962
"[36, 17, 48, 48, 15, 25, 14, 75, 42, 15, 42, 20, 21, 20, 41]",65.61957532051257
"[34, 16, 43, 48, 15, 25, 13, 75, 42, 15, 42, 20, 19, 20, 41]",67.03134271978045
"[35, 16, 48, 48, 15, 25, 15, 72, 42, 15, 42, 20, 18, 20, 43]",66.11718978937732
"[35, 12, 42, 43, 15, 26, 14, 75, 42, 15, 42, 20, 18, 20, 41]",68.5758164173789
"[32, 15, 42, 48, 15, 26, 15, 73, 41, 15, 45, 22, 21, 20, 44]",68.3538932132683
"[38, 15, 47, 48, 15, 25, 15, 75, 42, 15, 45, 21, 21, 21, 48]",66.17663079975577
"[36, 15, 47, 48, 15, 26, 14, 75, 42, 15, 42, 20, 21, 20, 41]",67.577152014652
"[38, 17, 48, 48, 17, 27, 12, 75, 42, 15, 45, 22, 21, 20, 44]",64.32701579670311
"[33, 13, 42, 45, 15, 25, 13, 74, 42, 15, 42, 22, 21, 20, 41]",65.9527704008952
"[34, 16, 43, 47, 15, 25, 15, 75, 42, 15, 42, 20, 21, 20, 42]",64.03436469780237
"[35, 18, 42, 42, 15, 25, 14, 75, 42, 15, 42, 20, 20, 20, 41]",66.55239824989835
"[35, 17, 47, 48, 15, 28, 14, 75, 42, 15, 42, 21, 21, 21, 52]",63.98339934371189
"[39, 16, 48, 48, 16, 25, 13, 68, 39, 15, 42, 20, 20, 20, 41]",67.4693297212046
"[30, 15, 42, 46, 15, 25, 14, 71, 41, 15, 45, 22, 21, 20, 46]",64.97807539682549
"[38, 13, 48, 48, 15, 27, 12, 75, 42, 15, 51, 24, 21, 21, 44]",68.67133000101745
"[36, 16, 46, 47, 15, 26, 13, 75, 42, 15, 42, 20, 21, 20, 41]",64.83248308404578
"[35, 18, 48, 48, 15, 25, 15, 75, 42, 15, 42, 20, 21, 20, 41]",63.66793167480672
"[40, 17, 50, 48, 17, 25, 14, 75, 42, 15, 42, 20, 21, 20, 41]",64.08955815018341
"[37, 19, 49, 48, 15, 26, 14, 75, 42, 15, 42, 21, 21, 20, 41]",66.80576096357329
"[36, 18, 48, 48, 16, 25, 13, 75, 41, 15, 42, 20, 21, 20, 42]",64.30464896214897
"[36, 16, 48, 48, 15, 25, 14, 75, 42, 15, 42, 20, 20, 20, 41]",64.91237993488006
"[35, 16, 47, 45, 15, 25, 15, 75, 42, 15, 42, 20, 18, 20, 41]",64.0094384666261
"[35, 16, 48, 48, 15, 25, 14, 75, 42, 15, 42, 21, 20, 20, 42]",65.63111937830699
"[32, 12, 42, 44, 15, 26, 14, 75, 42, 15, 42, 20, 21, 20, 41]",68.75666984635735
"[28, 15, 47, 45, 15, 26, 15, 74, 42, 15, 43, 20, 21, 21, 44]",64.16081539987768
"[39, 15, 48, 48, 15, 25, 15, 75, 41, 15, 47, 20, 21, 22, 49]",66.46721446377707
"[35, 16, 47, 48, 15, 27, 13, 75, 42, 15, 42, 20, 21, 20, 41]",71.22892437423711
"[39, 16, 50, 48, 15, 26, 13, 74, 42, 15, 42, 23, 21, 20, 43]",66.69068198005697
"[34, 14, 43, 43, 15, 25, 12, 74, 41, 15, 42, 21, 21, 20, 41]",71.76434829059835
"[34, 16, 44, 43, 15, 25, 15, 75, 42, 15, 42, 21, 21, 20, 42]",66.40965252340256
"[35, 17, 42, 41, 15, 25, 13, 75, 42, 15, 42, 21, 20, 20, 41]",64.03133992165249
"[35, 17, 49, 48, 15, 27, 13, 75, 42, 15, 42, 21, 21, 21, 44]",62.833183124745574
"[39, 18, 48, 48, 16, 25, 13, 67, 40, 15, 42, 20, 21, 20, 42]",66.61014270451794
"[33, 15, 45, 40, 15, 25, 14, 73, 41, 15, 42, 22, 21, 21, 45]",63.04002111314637
"[35, 12, 47, 48, 15, 25, 15, 75, 42, 15, 48, 24, 21, 22, 46]",70.4112583943835
"[36, 16, 47, 47, 15, 26, 14, 75, 42, 15, 42, 20, 20, 21, 41]",64.37789631664633
"[34, 17, 47, 48, 15, 25, 15, 75, 42, 15, 42, 20, 21, 20, 41]",67.5618025030524
"[39, 18, 48, 48, 17, 25, 14, 75, 42, 15, 42, 21, 19, 20, 41]",67.25308379120908
"[36, 19, 50, 48, 15, 26, 14, 75, 42, 15, 42, 20, 21, 20, 41]",64.21956489112746
"[36, 16, 47, 48, 16, 26, 13, 75, 41, 15, 42, 20, 20, 20, 44]",65.38321237789977
"[36, 16, 48, 48, 16, 25, 13, 74, 42, 15, 42, 21, 20, 20, 41]",65.5438955026455
"[38, 16, 46, 44, 15, 25, 15, 75, 42, 15, 42, 20, 21, 20, 41]",65.32830815018305
"[36, 16, 47, 48, 15, 25, 13, 75, 41, 15, 42, 20, 21, 20, 41]",65.41294019637779
"[30, 17, 42, 45, 15, 26, 14, 75, 42, 15, 42, 20, 21, 20, 41]",68.95555046805016
"[28, 15, 45, 43, 15, 26, 14, 74, 42, 15, 43, 20, 21, 22, 44]",66.18990944240944
"[34, 17, 48, 48, 16, 26, 14, 75, 40, 15, 48, 21, 21, 20, 47]",63.70521418396413
"[36, 16, 48, 48, 15, 26, 13, 75, 42, 15, 42, 21, 20, 20, 41]",62.93012922262912
"[39, 16, 51, 48, 16, 25, 15, 74, 42, 15, 42, 22, 21, 21, 45]",64.68285752442009
"[35, 16, 46, 45, 15, 25, 14, 73, 41, 15, 42, 20, 21, 20, 41]",67.02076109076089
"[35, 14, 47, 41, 15, 25, 13, 75, 42, 15, 43, 21, 21, 20, 44]",65.40558366402121
"[33, 14, 44, 44, 15, 25, 16, 75, 42, 15, 42, 20, 20, 20, 41]",67.7394092134717
"[36, 15, 48, 48, 15, 27, 13, 75, 42, 15, 45, 20, 21, 20, 44]",63.41153273809527
"[40, 19, 48, 48, 16, 25, 12, 64, 39, 15, 42, 20, 20, 20, 42]",63.69723214285718
"[34, 16, 42, 42, 15, 25, 13, 73, 41, 15, 42, 22, 21, 21, 44]",64.86567244098464
"[35, 14, 46, 48, 15, 25, 17, 75, 42, 15, 51, 23, 21, 23, 45]",65.15152650590161
"[36, 16, 47, 47, 16, 25, 14, 75, 41, 15, 42, 21, 21, 20, 41]",62.58679550773318
"[35, 16, 47, 48, 15, 27, 14, 75, 42, 15, 42, 20, 21, 20, 42]",65.04791005290998
"[38, 18, 50, 48, 16, 25, 14, 75, 42, 15, 42, 20, 21, 20, 41]",65.00963319088328
"[38, 17, 51, 48, 17, 27, 14, 74, 42, 15, 42, 20, 20, 20, 43]",63.37763914326402
"[36, 18, 49, 48, 15, 25, 16, 75, 42, 15, 42, 21, 21, 20, 41]",70.01771685490405
"[36, 16, 48, 48, 16, 25, 13, 74, 42, 15, 42, 20, 21, 20, 41]",65.78773987586527
"[39, 16, 44, 48, 15, 27, 14, 74, 42, 15, 42, 20, 21, 20, 41]",63.44486797924277
"[36, 16, 47, 48, 15, 25, 14, 75, 41, 15, 42, 20, 21, 20, 41]",62.36051510988995
"[33, 17, 42, 44, 15, 26, 15, 75, 42, 15, 42, 20, 20, 20, 42]",63.742893391331016
"[33, 15, 44, 44, 15, 25, 13, 74, 42, 15, 46, 23, 21, 22, 45]",62.947426739926804
"[34, 17, 49, 48, 17, 26, 14, 75, 41, 15, 44, 22, 21, 21, 46]",64.88313352157111
"[37, 15, 48, 47, 15, 25, 16, 74, 42, 15, 42, 20, 21, 20, 41]",64.44715417684185
"[37, 16, 50, 48, 17, 25, 14, 74, 42, 16, 42, 22, 21, 21, 43]",64.54231150793647
"[30, 16, 44, 46, 15, 25, 15, 73, 42, 15, 42, 20, 19, 20, 41]",69.03824684574691
"[35, 14, 46, 43, 15, 26, 13, 75, 42, 15, 42, 20, 21, 20, 42]",67.41985335266592
"[30, 16, 42, 47, 15, 25, 15, 75, 42, 15, 42, 20, 20, 20, 41]",63.0799187271063
"[36, 15, 47, 48, 15, 27, 13, 75, 42, 15, 42, 21, 21, 20, 45]",62.845780423280516
"[37, 15, 51, 48, 16, 25, 12, 61, 38, 15, 42, 20, 20, 20, 41]",64.16959414428166
"[33, 15, 42, 48, 15, 25, 14, 72, 41, 15, 42, 22, 21, 21, 44]",64.02271863553115
"[37, 19, 45, 45, 15, 25, 12, 75, 42, 15, 48, 23, 21, 23, 43]",65.72820182132685
"[36, 16, 46, 47, 15, 25, 15, 75, 42, 15, 42, 21, 21, 20, 42]",67.21283399470887
"[35, 16, 47, 48, 15, 25, 13, 75, 42, 15, 42, 20, 20, 20, 41]",63.42474028286536
"[41, 19, 50, 48, 15, 26, 14, 75, 42, 15, 42, 20, 20, 20, 41]",66.96000597781843
"[38, 16, 51, 48, 16, 27, 14, 75, 42, 15, 42, 21, 20, 20, 44]",68.85935515872995
"[36, 18, 50, 48, 15, 25, 15, 75, 42, 15, 42, 20, 21, 20, 41]",62.77137540700024
"[36, 16, 48, 48, 15, 26, 14, 75, 40, 15, 42, 20, 20, 20, 42]",64.5833422364673
"[36, 16, 43, 48, 15, 27, 13, 75, 42, 15, 42, 20, 20, 20, 41]",64.80457112332117
"[36, 16, 47, 48, 15, 25, 14, 75, 41, 15, 42, 21, 19, 20, 43]",66.16663601444846
"[33, 13, 44, 44, 15, 25, 13, 75, 42, 15, 42, 20, 19, 20, 43]",65.08515644078153
"[36, 15, 43, 46, 15, 25, 13, 75, 42, 15, 47, 24, 21, 22, 43]",64.95664695258418
"[35, 17, 49, 48, 15, 25, 14, 75, 42, 15, 45, 22, 21, 23, 46]",66.99061724155483
"[38, 15, 49, 47, 15, 25, 17, 75, 42, 15, 42, 20, 21, 20, 41]",64.64627213064715
"[37, 18, 48, 48, 17, 25, 13, 73, 42, 16, 45, 22, 21, 21, 43]",64.4256108821734
"[30, 16, 42, 46, 15, 25, 15, 73, 42, 15, 42, 20, 20, 20, 41]",65.46599244505478
"[35, 15, 42, 47, 15, 25, 15, 75, 42, 15, 42, 20, 21, 20, 42]",69.61097680097653
"[32, 17, 42, 40, 15, 26, 13, 75, 42, 15, 42, 20, 21, 20, 41]",68.1632750813996
"[36, 16, 47, 48, 15, 25, 15, 75, 42, 15, 42, 21, 21, 20, 49]",66.11308976902733
"[36, 17, 51, 48, 16, 25, 12, 65, 39, 15, 42, 21, 20, 20, 41]",69.52578894485151
"[33, 16, 42, 46, 15, 25, 14, 71, 41, 15, 42, 22, 21, 20, 41]",64.7444141737891
"[38, 18, 48, 46, 15, 26, 12, 75, 42, 15, 46, 23, 21, 23, 46]",68.9982243335367
"[37, 16, 47, 48, 15, 26, 14, 75, 42, 15, 42, 20, 21, 20, 42]",64.73786502848986
"[36, 16, 47, 48, 15, 25, 15, 75, 42, 15, 42, 20, 20, 20, 41]",62.5776434676435
"[39, 20, 48, 48, 15, 26, 14, 75, 42, 15, 42, 20, 20, 20, 41]",65.67641826923077
"[37, 19, 49, 48, 15, 25, 14, 75, 42, 15, 42, 21, 21, 20, 41]",68.00668142043155
"[37, 17, 46, 48, 16, 25, 13, 75, 42, 15, 42, 21, 21, 20, 41]",63.91490537240555
"[36, 17, 48, 48, 15, 25, 14, 75, 40, 15, 42, 22, 19, 21, 44]",63.60574239417979
"[36, 16, 50, 48, 15, 26, 14, 75, 42, 15, 42, 20, 19, 20, 43]",62.80202876984128
"[36, 16, 48, 48, 16, 25, 13, 73, 42, 15, 42, 22, 19, 21, 42]",65.70941760785534
"[31, 13, 43, 45, 15, 25, 15, 75, 42, 15, 42, 21, 19, 20, 41]",68.94674806674799
"[34, 15, 45, 47, 15, 25, 13, 74, 41, 15, 48, 21, 21, 22, 43]",68.40953500203506
"[36, 16, 48, 48, 15, 25, 14, 75, 42, 15, 46, 22, 21, 20, 45]",62.44088611619883
"[37, 16, 47, 48, 15, 28, 14, 75, 42, 15, 42, 21, 19, 20, 42]",63.23269650488427
"[38, 17, 47, 48, 16, 25, 13, 72, 42, 16, 48, 22, 21, 21, 44]",66.43941493691497
"[28, 14, 43, 42, 15, 25, 13, 75, 42, 15, 42, 21, 20, 20, 41]",64.15328996235262
"[33, 16, 42, 48, 15, 25, 15, 75, 42, 15, 42, 20, 20, 20, 41]",64.71266737891744
"[33, 14, 43, 38, 15, 26, 15, 75, 42, 15, 42, 20, 19, 20, 41]",65.59993373524615
"[36, 16, 48, 47, 15, 28, 15, 75, 42, 15, 42, 22, 21, 20, 46]",62.85742597680106
"[41, 19, 48, 48, 16, 25, 12, 66, 40, 15, 42, 20, 20, 20, 41]",72.22924437830689
"[32, 16, 43, 38, 15, 25, 13, 72, 41, 15, 42, 22, 21, 21, 43]",63.134843050468305
"[38, 12, 49, 48, 15, 25, 15, 75, 42, 15, 49, 23, 21, 22, 48]",64.84657445563694
"[37, 16, 48, 48, 15, 26, 13, 75, 42, 15, 42, 21, 21, 20, 42]",68.80029151404143
"[36, 17, 48, 47, 16, 25, 16, 75, 42, 15, 42, 20, 20, 21, 42]",67.4844445716319
"[40, 17, 51, 48, 16, 26, 14, 75, 42, 15, 42, 21, 21, 20, 41]",63.66457392144895
"[36, 19, 49, 48, 16, 25, 13, 75, 42, 15, 43, 22, 21, 20, 41]",67.33217427248705
"[38, 18, 48, 48, 16, 26, 12, 75, 42, 15, 42, 20, 20, 20, 41]",67.73232117419624
"[36, 17, 48, 48, 15, 25, 14, 75, 42, 15, 42, 21, 21, 21, 41]",68.40084859584849
"[36, 16, 48, 48, 15, 25, 14, 75, 42, 15, 42, 22, 21, 20, 42]",64.48531885938156
"[36, 16, 48, 48, 15, 25, 13, 73, 42, 15, 42, 20, 21, 20, 41]",66.29105921855934
"[33, 14, 43, 46, 15, 26, 15, 74, 42, 15, 42, 23, 21, 20, 41]",66.2836308251932
"[31, 15, 45, 44, 15, 25, 15, 74, 42, 15, 44, 21, 21, 21, 45]",71.61888710826219
"[36, 16, 47, 48, 15, 25, 14, 74, 41, 15, 46, 21, 21, 20, 46]",66.92607486263695
"[37, 16, 46, 48, 15, 26, 13, 75, 42, 15, 42, 21, 20, 20, 41]",68.56848036223047
"[39, 16, 48, 48, 15, 27, 13, 74, 41, 16, 45, 22, 21, 21, 45]",63.499849282661785
"[32, 13, 42, 42, 15, 25, 14, 75, 42, 15, 42, 21, 21, 20, 42]",66.98943643162399
"[34, 15, 45, 45, 15, 25, 14, 75, 42, 15, 42, 20, 21, 20, 41]",65.70825969169715
"[30, 14, 42, 41, 15, 25, 15, 75, 42, 15, 42, 21, 19, 20, 42]",67.91611429080186
"[36, 14, 49, 47, 15, 28, 13, 75, 42, 15, 42, 20, 21, 20, 46]",65.9172482956856
"[42, 17, 47, 48, 16, 25, 14, 62, 40, 15, 42, 20, 20, 20, 41]",65.88168040293033
"[33, 17, 42, 42, 15, 25, 12, 72, 41, 15, 42, 21, 21, 20, 44]",65.92182539682551
"[35, 14, 47, 48, 16, 26, 16, 74, 42, 15, 50, 23, 21, 21, 45]",72.64978950447704
"[37, 16, 48, 48, 15, 25, 14, 74, 42, 15, 42, 20, 21, 20, 44]",62.622950371387816
"[35, 17, 47, 48, 15, 27, 15, 75, 42, 15, 42, 20, 20, 23, 41]",65.73207850020349
"[43, 17, 51, 48, 17, 26, 14, 75, 42, 15, 42, 20, 21, 20, 42]",66.55125317969083
"[36, 17, 50, 48, 16, 25, 13, 74, 41, 15, 42, 20, 21, 20, 44]",64.06637960419208
"[35, 19, 50, 48, 15, 25, 14, 75, 42, 15, 42, 20, 21, 20, 42]",62.67366198616185
"[36, 16, 48, 48, 15, 25, 14, 75, 42, 15, 42, 20, 21, 20, 42]",64.38392055860785
"[36, 16, 46, 48, 15, 25, 14, 74, 42, 15, 42, 20, 21, 20, 41]",64.52296855921861
"[36, 16, 48, 48, 15, 25, 15, 73, 42, 15, 42, 21, 21, 20, 43]",65.67236734330488
"[31, 15, 42, 47, 15, 26, 14, 74, 42, 15, 43, 23, 21, 20, 41]",67.17153261090768
"[34, 16, 43, 41, 15, 25, 14, 72, 42, 15, 44, 23, 21, 21, 46]",65.10104242979239
"[36, 17, 48, 48, 15, 25, 14, 74, 41, 15, 46, 21, 21, 21, 44]",62.387996667684014
"[36, 15, 47, 48, 15, 25, 15, 75, 42, 15, 42, 20, 21, 20, 41]",69.95791946479481
"[37, 16, 50, 48, 16, 27, 13, 74, 40, 15, 44, 22, 21, 20, 44]",65.3344649216525
"[34, 15, 42, 44, 15, 25, 14, 75, 42, 15, 42, 21, 21, 20, 43]",64.90721217439982
"[35, 14, 46, 45, 15, 26, 14, 75, 42, 15, 42, 20, 19, 20, 41]",67.87456870675608
"[31, 17, 42, 43, 15, 27, 15, 75, 42, 15, 42, 21, 20, 20, 42]",67.0540253612132
"[36, 14, 48, 48, 15, 26, 13, 75, 42, 15, 45, 20, 21, 21, 45]",64.239791539479
"[35, 16, 49, 48, 16, 25, 14, 66, 41, 15, 42, 21, 20, 20, 41]",64.42805987993495
"[33, 15, 42, 43, 15, 25, 13, 72, 41, 15, 42, 21, 21, 20, 41]",67.72558442714683
"[35, 15, 46, 48, 15, 26, 15, 75, 42, 15, 49, 24, 21, 22, 44]",65.81886739417968
"[37, 16, 48, 48, 16, 25, 15, 74, 42, 15, 42, 21, 21, 20, 45]",64.28343521062251
"[35, 17, 47, 48, 15, 26, 14, 75, 42, 15, 42, 20, 21, 20, 41]",65.79726508445266
"[40, 18, 50, 48, 16, 25, 13, 75, 42, 15, 42, 20, 21, 20, 41]",70.81681471306463
"[38, 16, 50, 48, 16, 25, 14, 73, 41, 15, 42, 21, 21, 20, 41]",62.777663817663814
"[36, 17, 51, 48, 16, 25, 16, 75, 42, 15, 42, 20, 21, 20, 44]",65.18439560439562
"[36, 16, 48, 48, 15, 25, 14, 75, 42, 15, 42, 20, 21, 20, 41]",64.57181776556791
"[38, 16, 47, 48, 15, 25, 13, 74, 42, 15, 42, 20, 21, 20, 41]",63.527465786528154
"[36, 16, 48, 48, 15, 25, 14, 73, 41, 15, 42, 20, 20, 20, 43]",63.810678418803406
"[30, 16, 42, 42, 15, 25, 13, 75, 42, 15, 42, 20, 21, 20, 45]",64.24246120777386
"[34, 14, 44, 42, 15, 25, 13, 74, 41, 15, 46, 23, 21, 22, 45]",64.20855985449737
"[35, 17, 49, 48, 15, 25, 14, 74, 41, 15, 46, 21, 21, 21, 44]",64.73349740537253
"[36, 15, 48, 48, 15, 25, 16, 75, 42, 15, 42, 20, 21, 20, 42]",62.8841797669919
"[35, 16, 48, 48, 17, 27, 15, 74, 42, 15, 45, 21, 21, 20, 44]",66.274203042328
"[30, 16, 42, 46, 15, 25, 13, 75, 42, 15, 42, 21, 21, 20, 42]",62.895849740537344
"[36, 16, 42, 46, 15, 26, 14, 75, 42, 15, 42, 22, 19, 20, 42]",63.2336175976802
"[34, 16, 42, 45, 15, 26, 14, 75, 42, 15, 42, 21, 21, 20, 42]",63.52224486161995
"[36, 18, 48, 46, 15, 25, 14, 75, 42, 15, 44, 21, 21, 20, 45]",64.04500826719575
"[35, 16, 50, 48, 15, 25, 12, 68, 39, 15, 42, 21, 21, 20, 41]",65.0981155881155
"[30, 15, 42, 41, 15, 25, 14, 72, 41, 15, 42, 20, 21, 20, 41]",66.42828792735035
"[36, 13, 47, 46, 15, 26, 14, 75, 42, 15, 48, 23, 21, 23, 43]",66.55287355006088
"[37, 16, 47, 48, 16, 25, 14, 74, 42, 15, 42, 22, 21, 20, 42]",63.96535968660969
"[35, 17, 47, 48, 16, 25, 14, 75, 42, 15, 42, 20, 21, 20, 44]",63.46474015567769
"[37, 19, 50, 48, 16, 25, 13, 75, 42, 15, 42, 20, 19, 20, 41]",65.4901523707775
"[37, 18, 49, 48, 16, 26, 14, 74, 41, 15, 45, 23, 21, 20, 41]",64.13793854293834
"[37, 16, 46, 48, 16, 27, 15, 75, 42, 15, 42, 20, 21, 20, 41]",65.44922059422062
"[36, 16, 48, 48, 16, 25, 13, 75, 42, 15, 42, 20, 21, 20, 42]",65.49972323972318
"[38, 16, 48, 47, 15, 25, 14, 75, 42, 15, 42, 21, 21, 20, 41]",62.29247468966201
"[36, 16, 48, 48, 15, 25, 13, 74, 41, 15, 42, 21, 19, 20, 41]",63.76797428266191
"[33, 15, 45, 43, 15, 25, 14, 75, 42, 15, 44, 20, 20, 20, 41]",64.65713141025628
"[34, 15, 44, 46, 15, 25, 12, 73, 41, 15, 46, 22, 21, 23, 44]",69.1708636039885
"[36, 16, 49, 48, 15, 25, 16, 74, 40, 15, 45, 22, 21, 20, 47]",63.775429512616945
"[36, 16, 47, 48, 16, 25, 14, 75, 42, 15, 42, 21, 21, 20, 41]",63.380824684574534
"[37, 17, 48, 48, 15, 25, 14, 75, 42, 16, 47, 21, 21, 21, 43]",69.96457710113972
"[26, 16, 43, 45, 15, 25, 14, 75, 42, 15, 42, 21, 21, 20, 41]",65.5836402370777
"[36, 16, 44, 47, 15, 26, 14, 75, 42, 15, 42, 21, 20, 20, 41]",65.32911401098889
"[33, 14, 42, 46, 15, 25, 15, 75, 42, 15, 42, 21, 21, 20, 41]",64.50822407916165
"[36, 17, 48, 47, 15, 25, 14, 75, 42, 15, 42, 22, 21, 21, 47]",65.68867877492872
"[39, 16, 50, 48, 15, 25, 12, 70, 39, 15, 42, 21, 21, 21, 42]",66.74404405779408
"[32, 16, 42, 39, 15, 25, 13, 72, 41, 15, 42, 21, 20, 20, 44]",69.12523593304854
"[37, 13, 49, 47, 15, 25, 13, 75, 42, 15, 50, 22, 21, 23, 48]",69.71074468355746
"[37, 16, 45, 48, 17, 25, 14, 75, 42, 15, 42, 20, 21, 20, 42]",68.54775844525875
"[36, 18, 48, 48, 17, 25, 15, 75, 42, 15, 42, 22, 21, 20, 41]",62.91273885836387
"[40, 18, 49, 48, 16, 25, 15, 74, 41, 15, 42, 20, 19, 22, 41]",65.9669673382173
"[36, 19, 49, 48, 16, 25, 14, 75, 42, 15, 46, 20, 21, 20, 42]",68.60947496947499
"[37, 17, 45, 48, 15, 27, 13, 75, 42, 15, 42, 22, 21, 20, 41]",64.31558569902313
"[36, 17, 48, 48, 16, 25, 14, 75, 42, 15, 42, 20, 21, 20, 42]",65.23324977106276
"[35, 16, 48, 48, 15, 25, 14, 75, 42, 15, 43, 23, 21, 20, 42]",70.00898745929983
"[36, 16, 48, 48, 15, 25, 12, 73, 41, 15, 42, 22, 21, 20, 41]",67.11494238400499
"[35, 14, 46, 45, 15, 25, 14, 74, 42, 15, 42, 20, 21, 20, 41]",65.22741605616608
"[32, 15, 43, 44, 15, 25, 16, 72, 42, 15, 47, 22, 21, 20, 45]",68.15175251831468
"[36, 16, 49, 48, 16, 25, 14, 74, 40, 15, 45, 23, 21, 20, 48]",66.97835139397641
"[36, 16, 47, 48, 15, 26, 13, 75, 42, 15, 42, 20, 21, 20, 41]",64.9391909595033
"[37, 17, 48, 48, 15, 25, 13, 75, 42, 16, 45, 23, 21, 21, 44]",64.63636650386655
"[36, 12, 42, 39, 15, 26, 14, 75, 42, 15, 42, 21, 20, 20, 41]",64.3973347832724
"[33, 15, 45, 44, 15, 26, 14, 75, 42, 15, 42, 20, 21, 20, 41]",67.90875457875438
"[32, 14, 44, 46, 15, 25, 15, 75, 42, 15, 43, 20, 21, 20, 41]",62.720722552910146
"[36, 12, 49, 48, 15, 25, 14, 75, 42, 15, 42, 21, 21, 21, 45]",64.37521087708602
"[41, 17, 47, 48, 16, 25, 13, 67, 39, 15, 42, 20, 21, 21, 41]",65.3349548483925
"[33, 15, 42, 46, 15, 25, 13, 72, 41, 15, 42, 22, 21, 20, 41]",64.60262171855904
"[37, 14, 46, 48, 15, 26, 14, 75, 42, 15, 47, 21, 21, 21, 44]",66.84872494403757
"[36, 16, 47, 48, 15, 25, 14, 75, 42, 15, 44, 20, 20, 20, 41]",66.00087835775359
"[36, 17, 48, 48, 15, 26, 14, 75, 42, 15, 43, 20, 21, 20, 41]",65.04733796296289
"[42, 18, 50, 48, 16, 25, 15, 74, 41, 15, 42, 21, 20, 20, 41]",68.62704212454206
"[38, 16, 49, 48, 16, 26, 14, 75, 42, 15, 45, 21, 21, 20, 44]",65.55856672262931
"[35, 16, 49, 48, 15, 25, 13, 75, 42, 15, 42, 21, 20, 20, 42]",66.87421398046413
"[36, 16, 48, 48, 16, 25, 14, 74, 42, 15, 42, 20, 21, 20, 41]",63.91217274623507
"[37, 16, 46, 48, 15, 25, 13, 75, 42, 15, 42, 22, 21, 20, 45]",70.72326096357314
"[36, 16, 48, 48, 15, 25, 15, 73, 41, 15, 42, 21, 21, 20, 43]",65.94798954517715
"[36, 14, 43, 48, 15, 25, 14, 75, 41, 15, 42, 22, 21, 20, 41]",64.83354217541736
"[33, 15, 46, 44, 15, 25, 15, 70, 41, 15, 46, 23, 21, 20, 47]",67.50386027167283
"[36, 16, 48, 48, 16, 25, 14, 74, 42, 15, 46, 21, 21, 20, 45]",64.15972870879139
"[36, 15, 47, 48, 15, 25, 14, 74, 42, 15, 42, 20, 21, 20, 41]",63.693218610093865
"[37, 16, 49, 48, 16, 26, 12, 74, 42, 15, 45, 24, 21, 21, 44]",68.05162278693497
"[28, 13, 42, 42, 15, 26, 14, 75, 42, 15, 42, 20, 20, 20, 41]",71.15581857956863
"[33, 15, 47, 43, 15, 25, 14, 75, 42, 15, 42, 20, 21, 20, 41]",64.29960342897844
"[34, 18, 45, 42, 15, 27, 15, 75, 42, 15, 42, 20, 20, 20, 41]",64.09779990842479
"[35, 12, 47, 48, 15, 27, 14, 74, 42, 15, 45, 21, 21, 21, 46]",70.80208180708173
"[39, 18, 49, 48, 17, 25, 13, 66, 40, 15, 43, 20, 21, 20, 41]",64.43198590761087
"[33, 15, 43, 44, 15, 25, 13, 72, 41, 15, 42, 23, 21, 20, 42]",64.4355689102564
"[35, 14, 46, 48, 15, 26, 15, 74, 42, 15, 46, 23, 21, 22, 43]",67.12807450651196
"[37, 16, 49, 48, 15, 25, 14, 75, 42, 15, 45, 20, 21, 20, 41]",64.85816671754166
"[35, 16, 47, 48, 15, 26, 14, 75, 42, 15, 44, 20, 20, 20, 41]",62.68244441900704
"[43, 18, 51, 48, 16, 25, 14, 75, 42, 15, 42, 21, 21, 20, 41]",67.83880011192517
"[39, 15, 49, 48, 16, 27, 14, 75, 42, 15, 42, 23, 21, 20, 46]",64.01109254171777
"[35, 16, 49, 48, 15, 25, 15, 75, 42, 15, 42, 20, 20, 20, 41]",67.04544706450935
"[36, 16, 48, 48, 15, 25, 14, 75, 42, 15, 43, 22, 21, 20, 41]",67.50602169820927
"[37, 16, 45, 48, 15, 25, 13, 75, 42, 15, 44, 20, 21, 20, 41]",68.34076414326425
"[36, 16, 48, 48, 16, 25, 14, 73, 41, 15, 42, 22, 20, 20, 46]",64.7598295685794
"[34, 16, 42, 46, 15, 25, 14, 75, 42, 15, 42, 22, 19, 20, 41]",64.18161884411873
"[34, 15, 45, 44, 15, 25, 13, 74, 41, 15, 44, 23, 21, 21, 42]",67.12111797924291
"[35, 17, 48, 48, 16, 25, 15, 74, 41, 15, 45, 22, 21, 20, 46]",68.8010490435489
"[36, 15, 47, 48, 15, 25, 14, 75, 42, 15, 42, 20, 19, 20, 41]",61.4808265923891
"[37, 17, 50, 48, 17, 25, 15, 74, 42, 15, 44, 21, 21, 21, 44]",66.28137795075295
"[25, 16, 42, 45, 15, 26, 14, 75, 42, 15, 42, 20, 20, 20, 41]",63.00035129222624
"[34, 15, 45, 44, 15, 25, 14, 75, 42, 15, 42, 20, 20, 20, 41]",62.44350249287752
"[34, 20, 44, 45, 15, 27, 13, 75, 42, 15, 42, 21, 20, 20, 41]",65.93534849409858
"[35, 14, 45, 45, 15, 27, 14, 75, 42, 15, 47, 20, 21, 21, 47]",65.49585368335346
"[37, 17, 50, 48, 16, 25, 13, 69, 41, 15, 44, 21, 21, 20, 41]",62.2258809015059
"[32, 15, 43, 40, 15, 25, 14, 72, 41, 15, 42, 24, 21, 20, 45]",64.21857066544577
"[34, 16, 47, 48, 15, 26, 15, 75, 42, 15, 49, 23, 21, 22, 43]",67.96173712861237
"[36, 16, 47, 48, 15, 26, 14, 75, 42, 15, 42, 22, 21, 20, 43]",65.96851304945048
"[35, 16, 47, 48, 15, 26, 15, 74, 42, 15, 42, 20, 21, 20, 44]",64.9073627645503
"[35, 17, 51, 48, 16, 25, 14, 75, 42, 15, 42, 21, 20, 20, 41]",64.91731748575462
"[38, 21, 49, 48, 16, 26, 13, 75, 42, 15, 42, 22, 21, 20, 42]",70.4650740231991
"[36, 18, 48, 48, 15, 25, 15, 75, 42, 15, 43, 20, 21, 20, 41]",64.25705255392742
"[36, 17, 48, 48, 15, 25, 14, 75, 42, 15, 42, 20, 20, 20, 41]",66.22410968660976
"[36, 16, 46, 48, 16, 25, 13, 75, 42, 15, 42, 20, 21, 22, 41]",65.50075778388289
"[36, 16, 48, 48, 15, 25, 13, 73, 41, 15, 46, 22, 20, 20, 42]",68.22456425518952
"[30, 17, 44, 45, 15, 25, 14, 75, 42, 15, 42, 23, 20, 20, 41]",69.58669108669099
"[35, 14, 44, 47, 15, 25, 13, 75, 41, 15, 45, 20, 21, 23, 42]",67.816865715303
"[36, 16, 49, 48, 15, 26, 14, 75, 41, 15, 45, 23, 21, 22, 45]",65.9405433455433
"[37, 14, 47, 48, 15, 25, 15, 75, 42, 15, 42, 21, 20, 20, 41]",63.60014028795275
"[39, 17, 49, 48, 16, 25, 14, 73, 42, 15, 43, 22, 21, 21, 42]",70.46873791717536
"[32, 16, 42, 44, 15, 26, 14, 75, 42, 15, 42, 20, 20, 20, 41]",66.55375635938123
"[35, 15, 45, 46, 15, 25, 14, 75, 42, 15, 42, 22, 20, 20, 43]",66.2962965506713
"[33, 15, 42, 48, 15, 26, 16, 75, 42, 15, 42, 20, 20, 20, 41]",64.52673153235646
"[35, 17, 47, 46, 16, 26, 13, 75, 41, 15, 45, 22, 21, 20, 50]",66.44818477818478
"[37, 16, 49, 48, 16, 25, 13, 68, 39, 15, 42, 21, 21, 20, 43]",71.9843564306065
"[31, 16, 42, 42, 15, 25, 14, 72, 41, 15, 42, 22, 21, 20, 46]",66.4737325752952
"[38, 16, 47, 46, 15, 26, 14, 75, 42, 15, 45, 22, 21, 22, 45]",67.98120255901519
"[37, 16, 45, 48, 15, 26, 14, 75, 42, 15, 42, 22, 21, 20, 42]",65.09676027676011
"[36, 17, 47, 48, 15, 26, 13, 75, 42, 15, 42, 20, 21, 20, 41]",64.37639728327213
"[35, 19, 47, 48, 16, 25, 14, 75, 42, 15, 42, 20, 21, 20, 42]",66.0173640364266
"[37, 17, 51, 48, 16, 26, 13, 75, 42, 15, 42, 20, 21, 21, 41]",67.82447433353671
"[37, 17, 47, 48, 16, 26, 14, 75, 42, 15, 44, 20, 21, 20, 42]",63.65779087810344
"[36, 17, 48, 48, 15, 25, 14, 74, 42, 15, 43, 20, 21, 21, 43]",60.979192358567275
"[35, 16, 48, 48, 16, 25, 13, 73, 42, 15, 43, 23, 21, 21, 44]",61.47704314204342
"[36, 16, 48, 48, 15, 25, 13, 74, 41, 15, 46, 20, 20, 22, 42]",65.26000432437951
"[34, 16, 44, 45, 15, 25, 14, 75, 42, 15, 42, 20, 21, 20, 43]",63.89323870573863
"[33, 13, 45, 45, 15, 25, 13, 75, 42, 15, 45, 20, 21, 20, 47]",67.9821251780626
"[36, 16, 49, 48, 15, 25, 14, 75, 42, 15, 47, 22, 21, 21, 46]",67.62868182743202
"[37, 14, 47, 48, 15, 26, 15, 75, 42, 15, 42, 20, 20, 20, 41]",70.01061304436298
"[38, 16, 49, 48, 16, 25, 13, 73, 42, 15, 44, 23, 21, 20, 44]",66.40224613349588
"[39, 13, 42, 44, 15, 26, 14, 75, 42, 15, 42, 20, 20, 21, 41]",61.910055962555745
"[35, 16, 45, 47, 15, 25, 14, 75, 42, 15, 42, 20, 21, 20, 41]",63.848225732600724
"[33, 14, 42, 48, 15, 25, 17, 74, 42, 15, 42, 20, 21, 20, 41]",63.93835813492087
"[35, 15, 48, 48, 15, 25, 14, 75, 41, 15, 46, 21, 21, 21, 51]",69.21939891127406
"[39, 18, 48, 48, 16, 25, 13, 68, 39, 15, 42, 20, 21, 20, 41]",66.21250190781451
"[32, 16, 42, 44, 15, 25, 13, 72, 41, 15, 42, 20, 21, 21, 46]",64.24872621591382
"[37, 13, 48, 48, 15, 26, 13, 75, 41, 15, 48, 23, 21, 21, 46]",68.30269434269427
"[37, 16, 46, 45, 15, 26, 14, 75, 42, 15, 42, 20, 21, 21, 44]",63.998914326414514
"[37, 18, 48, 47, 15, 25, 12, 75, 42, 15, 42, 20, 20, 20, 41]",66.6427087148962
"[43, 18, 47, 48, 16, 26, 14, 75, 42, 15, 42, 20, 21, 20, 43]",63.931293498168415
"[36, 16, 50, 48, 16, 25, 13, 74, 41, 15, 42, 20, 21, 20, 41]",66.50555084961336
"[36, 16, 49, 48, 16, 27, 14, 75, 42, 15, 42, 20, 21, 20, 41]",66.58040547415553
"[36, 16, 48, 48, 15, 25, 14, 75, 42, 15, 42, 20, 21, 20, 42]",63.6315116249491
"[34, 16, 49, 48, 15, 25, 15, 72, 41, 15, 43, 20, 21, 20, 44]",63.58730082417555
"[36, 16, 48, 48, 15, 25, 13, 73, 41, 15, 42, 21, 21, 20, 44]",70.57515364265359
"[37, 16, 46, 46, 15, 25, 13, 73, 41, 15, 44, 20, 21, 22, 45]",62.085533933659114
"[32, 14, 42, 42, 15, 25, 14, 74, 42, 15, 43, 24, 21, 20, 47]",64.12847082315844
"[36, 16, 49, 48, 15, 25, 15, 75, 42, 15, 49, 22, 21, 20, 47]",67.58905028998771
"[37, 15, 47, 48, 15, 26, 15, 75, 42, 15, 42, 20, 21, 20, 41]",68.77549488705736
"[37, 16, 49, 48, 16, 25, 13, 74, 42, 16, 44, 20, 21, 20, 45]",67.56974142755378
"[30, 16, 42, 48, 15, 26, 14, 75, 42, 15, 42, 20, 20, 22, 41]",67.80902943121694
"[34, 16, 45, 48, 15, 25, 13, 75, 41, 15, 42, 21, 21, 20, 41]",62.699017221204905
"[34, 14, 43, 46, 15, 26, 13, 74, 42, 15, 42, 20, 21, 21, 41]",72.5263031644282
"[38, 13, 49, 48, 15, 27, 14, 74, 42, 15, 46, 20, 21, 23, 44]",64.17335253866521
"[40, 18, 48, 48, 16, 25, 13, 64, 40, 15, 42, 20, 21, 20, 41]",64.1018882275129
"[33, 13, 42, 44, 15, 25, 15, 71, 41, 15, 45, 20, 21, 20, 41]",63.65950918294676
"[37, 12, 47, 48, 15, 25, 16, 75, 42, 15, 48, 23, 21, 21, 44]",70.86055873524634
"[37, 15, 48, 47, 15, 25, 16, 72, 42, 15, 44, 20, 21, 21, 46]",62.139395222832675
"[37, 15, 48, 48, 15, 25, 16, 74, 42, 15, 42, 20, 21, 20, 41]",65.82616910866892
"[43, 16, 51, 48, 16, 25, 16, 74, 42, 15, 42, 20, 20, 20, 41]",64.30687131155874
"[37, 16, 50, 48, 16, 25, 14, 73, 41, 15, 42, 21, 21, 20, 42]",63.45380214692716
"[37, 15, 48, 48, 16, 26, 15, 75, 42, 15, 42, 20, 21, 20, 41]",64.48683035714281
"[37, 15, 48, 48, 15, 25, 15, 74, 42, 15, 44, 20, 21, 20, 41]",63.986738909238994
"[36, 14, 49, 48, 15, 25, 15, 71, 41, 15, 45, 20, 21, 20, 46]",64.4169229497355
"[36, 16, 48, 48, 15, 25, 15, 70, 42, 15, 42, 20, 21, 20, 41]",65.75983885327611
"[38, 14, 47, 47, 15, 25, 13, 71, 41, 15, 43, 20, 21, 22, 44]",67.86875216218961
"[32, 15, 43, 42, 15, 25, 15, 73, 42, 15, 42, 21, 21, 21, 41]",64.28771011395997
"[36, 15, 48, 48, 15, 26, 16, 73, 41, 15, 48, 20, 21, 20, 48]",66.18338433557193
"[37, 16, 47, 48, 15, 25, 15, 75, 42, 15, 45, 20, 21, 21, 41]",60.79802910052904
"[37, 15, 49, 48, 16, 26, 12, 73, 41, 16, 46, 20, 21, 21, 43]",64.2936052604805
"[28, 16, 42, 48, 15, 25, 15, 74, 41, 15, 42, 21, 21, 22, 41]",67.56805771774519
"[36, 14, 46, 44, 15, 25, 17, 73, 41, 15, 42, 21, 21, 20, 41]",65.17205522486756
"[35, 17, 42, 41, 15, 25, 12, 75, 42, 15, 42, 20, 21, 20, 41]",65.44490982397238
"[38, 15, 49, 48, 15, 27, 14, 74, 42, 15, 45, 21, 21, 22, 49]",64.95868907712656
"[39, 14, 49, 48, 16, 25, 13, 61, 39, 15, 44, 21, 21, 20, 41]",65.12969614875865
"[33, 15, 42, 41, 15, 25, 14, 71, 41, 15, 45, 21, 21, 20, 41]",69.9182752085876
"[38, 13, 46, 48, 15, 25, 15, 74, 42, 15, 49, 21, 21, 22, 43]",69.14632033475775
"[36, 14, 48, 48, 15, 25, 16, 72, 42, 15, 45, 20, 21, 20, 45]",65.73291704822952
"[37, 15, 48, 48, 16, 25, 17, 75, 41, 15, 44, 20, 21, 20, 41]",67.31467897842911
"[42, 18, 52, 48, 16, 26, 14, 75, 42, 15, 42, 20, 20, 20, 41]",67.04804029304049
"[39, 17, 47, 48, 16, 25, 15, 71, 42, 15, 42, 20, 21, 20, 41]",67.57380227411458
"[37, 16, 47, 48, 15, 25, 15, 75, 42, 15, 42, 20, 21, 20, 41]",64.79146787240535
"[37, 15, 48, 48, 15, 25, 15, 74, 42, 15, 42, 20, 21, 20, 42]",66.25542607855105
"[39, 14, 45, 48, 15, 25, 15, 72, 42, 15, 47, 21, 21, 20, 41]",67.05456120268619
"[36, 16, 48, 48, 15, 25, 16, 70, 41, 15, 43, 20, 21, 20, 41]",62.26107219169726
"[37, 13, 48, 46, 15, 25, 13, 71, 41, 15, 45, 20, 21, 21, 44]",70.83458409645897
"[36, 15, 45, 46, 15, 25, 15, 71, 41, 15, 48, 21, 21, 23, 41]",62.02953373015872
"[37, 15, 47, 48, 15, 25, 15, 74, 41, 15, 46, 21, 21, 21, 43]",64.64934854497325
"[37, 15, 47, 48, 15, 25, 15, 75, 42, 15, 42, 20, 21, 21, 41]",66.6714556623933
"[38, 15, 49, 48, 16, 25, 12, 72, 41, 15, 46, 21, 21, 22, 42]",64.15372659747655
"[36, 15, 45, 45, 15, 25, 15, 75, 42, 15, 42, 20, 21, 20, 41]",61.486619225681665
"[36, 14, 48, 42, 15, 25, 18, 75, 41, 15, 44, 20, 21, 20, 41]",66.81930275742779
"[31, 17, 42, 45, 15, 25, 16, 73, 42, 15, 42, 20, 21, 20, 41]",65.9668859381361
"[36, 16, 47, 48, 15, 26, 14, 74, 42, 15, 45, 20, 21, 20, 54]",66.18139410358164
"[39, 14, 49, 48, 16, 25, 14, 64, 38, 15, 45, 21, 21, 22, 41]",68.49061444342692
"[33, 16, 43, 41, 15, 25, 14, 71, 41, 15, 42, 21, 21, 20, 41]",64.81915941697184
"[36, 16, 47, 47, 15, 25, 14, 73, 42, 15, 50, 21, 21, 23, 44]",71.86631957163218
"[36, 15, 46, 48, 15, 25, 16, 75, 42, 15, 46, 20, 21, 20, 43]",65.50182806776571
"[35, 18, 47, 48, 15, 25, 15, 74, 42, 15, 42, 20, 21, 20, 41]",66.47029393060649
"[43, 21, 51, 48, 16, 27, 14, 73, 42, 15, 42, 20, 20, 20, 41]",68.87198489010991
"[38, 16, 48, 48, 16, 26, 14, 75, 42, 15, 43, 21, 21, 20, 42]",65.35631537444043
"[36, 19, 48, 48, 15, 26, 15, 75, 42, 15, 42, 20, 21, 21, 41]",61.98173585673585
"[37, 17, 48, 48, 15, 25, 15, 73, 42, 15, 42, 20, 21, 20, 41]",66.30690056471325
"[39, 16, 46, 48, 16, 25, 14, 75, 42, 15, 42, 21, 21, 22, 41]",70.41000521469262
"[37, 16, 48, 48, 15, 25, 14, 74, 41, 15, 44, 20, 20, 20, 43]",65.50679779711047
"[36, 15, 47, 48, 15, 25, 16, 72, 41, 15, 48, 21, 21, 20, 41]",65.9880263024014
"[37, 14, 46, 45, 15, 25, 15, 71, 41, 15, 44, 20, 21, 23, 41]",66.7930909137158
"[36, 16, 47, 48, 15, 25, 14, 75, 42, 15, 46, 22, 21, 23, 45]",70.94680250305227
"[37, 15, 48, 48, 15, 26, 15, 74, 42, 15, 42, 20, 21, 21, 42]",65.3418708028084
"[39, 17, 49, 48, 16, 25, 15, 72, 41, 15, 42, 22, 21, 20, 44]",66.84443872100111
"[38, 14, 42, 45, 15, 27, 14, 73, 42, 15, 45, 20, 21, 20, 41]",66.89231316137571
"[36, 14, 48, 45, 16, 25, 12, 75, 42, 15, 44, 20, 21, 20, 42]",66.02218533781054
"[30, 15, 43, 44, 15, 25, 17, 74, 41, 15, 42, 20, 21, 20, 41]",67.30167467948696
"[36, 14, 49, 48, 16, 25, 14, 75, 42, 15, 46, 23, 21, 20, 42]",65.00010709198204
"[37, 20, 48, 48, 16, 25, 14, 66, 39, 15, 42, 20, 21, 22, 41]",67.51697865791617
"[33, 14, 43, 42, 15, 25, 15, 71, 41, 15, 42, 20, 21, 20, 43]",66.8055200702076
"[37, 13, 48, 47, 15, 25, 15, 75, 41, 15, 50, 22, 21, 21, 46]",65.93098366910839
"[37, 16, 48, 46, 15, 26, 16, 75, 42, 15, 45, 20, 21, 21, 42]",67.28197878510375
"[33, 14, 47, 48, 15, 26, 14, 75, 42, 15, 42, 20, 21, 20, 41]",62.014285332722785
"[40, 17, 52, 48, 15, 25, 14, 75, 42, 15, 42, 20, 21, 20, 41]",62.66624503968268
"[37, 15, 50, 48, 16, 27, 14, 75, 42, 15, 42, 20, 21, 20, 41]",63.90739557895787
"[36, 15, 48, 48, 15, 26, 14, 75, 41, 15, 42, 20, 21, 20, 41]",67.06060744810715
"[37, 18, 48, 48, 15, 25, 15, 73, 42, 15, 42, 20, 21, 21, 41]",66.0110636701261
"[35, 16, 50, 48, 16, 25, 15, 75, 41, 15, 42, 20, 21, 20, 41]",63.34260823667066
"[36, 15, 48, 48, 15, 25, 13, 73, 41, 15, 43, 20, 21, 20, 41]",68.0178497659745
"[37, 17, 44, 47, 15, 25, 16, 73, 41, 15, 46, 21, 21, 21, 41]",68.21952393671113
"[35, 14, 46, 45, 15, 25, 15, 71, 41, 15, 44, 20, 21, 20, 44]",67.80958193426936
"[37, 16, 48, 48, 15, 25, 16, 73, 42, 15, 46, 21, 21, 20, 48]",63.68120001526288
"[37, 16, 47, 48, 15, 26, 15, 75, 42, 15, 43, 20, 21, 20, 41]",62.5564026251526
"[38, 17, 49, 48, 16, 25, 15, 72, 41, 16, 42, 21, 21, 20, 44]",63.91716791310547
"[32, 15, 46, 48, 15, 27, 14, 75, 42, 15, 42, 21, 21, 20, 41]",63.383937347374776
"[35, 17, 43, 48, 17, 25, 13, 73, 42, 15, 42, 20, 21, 20, 41]",65.35283908221382
"[35, 15, 42, 43, 15, 25, 13, 75, 42, 15, 42, 21, 21, 20, 41]",62.297084859584885
"[37, 14, 50, 48, 15, 26, 14, 74, 42, 15, 49, 22, 21, 21, 43]",67.3204085266586
"[38, 21, 49, 48, 16, 25, 13, 66, 40, 15, 45, 20, 21, 20, 42]",62.437583053520655
"[32, 14, 43, 42, 15, 25, 15, 72, 41, 15, 44, 21, 21, 20, 46]",64.23663156288163
"[38, 14, 48, 48, 15, 25, 15, 72, 41, 15, 49, 22, 21, 21, 45]",71.64414669820904
"[37, 14, 48, 48, 15, 26, 15, 74, 41, 15, 42, 20, 21, 22, 43]",67.24513036731808
"[34, 13, 44, 48, 15, 25, 14, 75, 42, 15, 42, 20, 21, 20, 41]",65.93265631359384
"[38, 17, 49, 48, 15, 25, 14, 75, 42, 15, 43, 20, 21, 20, 41]",64.43635518416721
"[36, 16, 50, 48, 16, 25, 14, 74, 42, 15, 44, 20, 21, 21, 41]",67.10758559727334
"[37, 14, 48, 48, 15, 25, 15, 75, 42, 15, 42, 20, 21, 20, 41]",62.595717846967815
"[37, 14, 48, 48, 16, 25, 15, 74, 42, 15, 42, 20, 21, 20, 43]",64.17817485754986
"[36, 16, 51, 48, 16, 25, 15, 73, 42, 15, 44, 21, 21, 20, 41]",64.70970263532745
"[36, 15, 48, 48, 15, 25, 15, 73, 41, 15, 43, 20, 21, 20, 41]",65.12027434371177
"[36, 18, 47, 46, 15, 25, 15, 74, 42, 15, 42, 20, 21, 22, 44]",64.8037750559626
"[35, 15, 46, 47, 15, 25, 15, 71, 41, 15, 47, 21, 21, 20, 45]",67.97373753561244
"[37, 16, 48, 48, 15, 25, 16, 73, 41, 15, 48, 21, 21, 21, 44]",64.02627925315437
"[37, 15, 47, 48, 15, 26, 15, 75, 42, 15, 46, 20, 21, 20, 41]",64.5861056420433
"[37, 16, 50, 48, 16, 25, 14, 74, 42, 16, 43, 20, 21, 20, 43]",67.98941748066761
"[25, 15, 42, 47, 15, 25, 15, 74, 42, 15, 42, 20, 21, 20, 41]",65.86096535409028
"[37, 18, 44, 48, 15, 25, 17, 71, 42, 15, 45, 21, 21, 21, 42]",61.637740766178105
"[36, 15, 42, 43, 15, 25, 12, 74, 42, 15, 42, 20, 21, 20, 41]",64.64746769434257
"[37, 14, 49, 48, 15, 26, 14, 74, 42, 15, 44, 20, 21, 20, 50]",71.52922351953598
"[41, 16, 50, 48, 16, 25, 12, 65, 39, 15, 42, 20, 21, 20, 41]",65.65074417480666
"[31, 15, 42, 41, 15, 25, 15, 72, 41, 15, 43, 22, 21, 20, 43]",66.44243131868122
"[36, 15, 47, 48, 15, 25, 15, 71, 42, 15, 45, 23, 21, 23, 44]",70.37155664936915
"[37, 15, 46, 48, 15, 26, 16, 73, 42, 15, 44, 20, 21, 20, 42]",63.58605133292618
"[36, 17, 45, 48, 15, 25, 15, 72, 41, 15, 45, 20, 21, 22, 41]",68.39016547110292
"[42, 17, 49, 48, 17, 25, 16, 74, 42, 15, 45, 20, 21, 20, 41]",62.83839552808304
"[38, 19, 49, 48, 16, 26, 15, 74, 42, 15, 42, 21, 21, 20, 41]",65.234046474359
"[37, 16, 48, 48, 15, 25, 15, 73, 42, 15, 42, 20, 20, 20, 41]",67.07372659747679
"[37, 14, 48, 48, 17, 25, 15, 73, 42, 15, 42, 20, 21, 20, 42]",67.63649191086698
"[39, 15, 50, 48, 16, 25, 14, 72, 42, 15, 45, 22, 21, 20, 41]",66.62841193528683
"[38, 16, 47, 48, 15, 25, 15, 72, 41, 15, 42, 20, 21, 20, 43]",64.45178164428157
"[36, 17, 48, 46, 15, 25, 14, 73, 42, 15, 42, 20, 21, 24, 43]",67.58142590048844
"[35, 16, 45, 47, 15, 25, 15, 71, 41, 15, 47, 21, 21, 21, 41]",62.80724130036646
"[36, 15, 48, 48, 15, 25, 15, 73, 41, 15, 48, 21, 21, 22, 44]",66.70876475376471
"[37, 15, 47, 48, 15, 26, 15, 74, 42, 15, 44, 20, 21, 20, 41]",65.42386930199453
"[40, 15, 49, 48, 16, 26, 13, 74, 42, 15, 44, 20, 21, 20, 42]",63.096428062678115
"[37, 16, 43, 48, 15, 25, 15, 73, 42, 15, 43, 20, 21, 20, 41]",63.3940626271876
"[37, 14, 48, 48, 15, 25, 16, 73, 41, 15, 44, 20, 21, 22, 41]",64.7401416870169
"[31, 16, 43, 44, 15, 25, 16, 73, 41, 15, 42, 20, 21, 20, 41]",64.17807552401298
"[37, 15, 49, 48, 15, 26, 14, 75, 42, 15, 43, 20, 21, 20, 52]",68.72418332824581
"[40, 14, 50, 48, 16, 25, 14, 68, 40, 15, 42, 21, 21, 20, 41]",67.19421029202283
"[34, 17, 42, 41, 15, 25, 14, 72, 41, 15, 46, 23, 21, 20, 41]",63.57335012210017
"[35, 14, 47, 46, 15, 25, 16, 74, 42, 15, 50, 20, 21, 20, 42]",68.02593241249511
"[37, 16, 47, 48, 15, 25, 15, 72, 42, 15, 47, 20, 21, 20, 43]",61.971480082417436
"[36, 15, 47, 45, 15, 25, 15, 71, 41, 15, 46, 20, 21, 20, 41]",64.72639880952384
"[41, 17, 47, 48, 17, 25, 15, 73, 41, 15, 44, 20, 21, 20, 41]",67.35144116300343
"[38, 18, 49, 48, 16, 26, 14, 72, 42, 15, 42, 22, 21, 20, 43]",67.95047326516061
"[37, 16, 47, 48, 15, 25, 15, 72, 42, 15, 42, 20, 20, 20, 41]",63.011322115384694
"[36, 17, 48, 48, 16, 25, 15, 72, 42, 15, 43, 20, 21, 20, 41]",64.51294223138004
"[39, 15, 47, 48, 16, 25, 14, 73, 42, 15, 42, 21, 21, 21, 43]",64.32126297313788
"[38, 16, 47, 48, 15, 25, 14, 74, 41, 15, 42, 20, 21, 21, 44]",66.0298302045178
"[38, 16, 47, 48, 15, 25, 14, 73, 40, 15, 45, 20, 21, 22, 44]",63.97386726699239
"[37, 15, 44, 48, 16, 25, 14, 71, 41, 15, 45, 21, 21, 23, 41]",66.39182959401718
"[36, 15, 49, 48, 16, 25, 14, 72, 41, 15, 46, 21, 21, 21, 47]",65.37206361925088
"[37, 16, 47, 48, 15, 25, 15, 74, 42, 15, 44, 20, 21, 21, 41]",66.80419998982484
"[38, 16, 49, 48, 16, 25, 13, 74, 42, 15, 43, 21, 21, 20, 41]",66.9207113603989
"[41, 14, 42, 45, 15, 25, 14, 74, 42, 15, 45, 20, 21, 20, 41]",63.97012744200242
"[37, 15, 47, 48, 15, 25, 16, 73, 42, 15, 45, 20, 21, 23, 41]",66.38705789580787
"[30, 16, 44, 45, 15, 25, 18, 73, 41, 15, 42, 20, 20, 20, 41]",64.96446555759054
"[37, 15, 49, 48, 15, 25, 14, 75, 41, 15, 44, 20, 21, 22, 41]",65.7190897181523
"[39, 16, 49, 48, 16, 25, 15, 67, 40, 15, 43, 21, 21, 20, 41]",70.59972107753354
"[35, 16, 42, 46, 15, 25, 14, 71, 41, 15, 43, 23, 21, 20, 43]",71.74964692714693
"[37, 14, 46, 46, 15, 25, 15, 73, 42, 15, 51, 22, 21, 20, 42]",72.84911668192912
"[37, 15, 48, 48, 15, 25, 15, 74, 42, 15, 49, 20, 21, 20, 41]",67.72416310541298
"[34, 17, 47, 47, 15, 25, 15, 72, 42, 15, 48, 20, 21, 20, 41]",67.77830458892971
"[38, 17, 48, 48, 15, 26, 14, 75, 42, 15, 42, 20, 21, 20, 41]",69.76228339947079
"[38, 17, 49, 48, 16, 25, 14, 75, 42, 15, 42, 21, 21, 20, 45]",64.82042900386654
"[37, 17, 47, 48, 15, 25, 14, 73, 42, 15, 43, 20, 21, 20, 41]",64.22448539886062
"[37, 18, 48, 48, 15, 25, 15, 75, 41, 15, 44, 20, 21, 20, 42]",63.39809968966213
"[35, 16, 46, 48, 16, 26, 14, 72, 41, 15, 43, 21, 21, 22, 44]",64.11849524318258
"[34, 15, 47, 48, 15, 25, 13, 74, 42, 15, 42, 20, 21, 22, 41]",62.228710571835634
"[38, 15, 47, 48, 15, 25, 14, 73, 40, 15, 47, 20, 21, 20, 43]",62.417636472323956
"[37, 15, 48, 47, 16, 25, 14, 71, 41, 15, 44, 21, 21, 22, 42]",65.73462161680943
"[37, 15, 49, 48, 15, 25, 14, 73, 41, 15, 47, 21, 21, 21, 48]",63.26882338726071
"[37, 16, 48, 48, 15, 25, 15, 74, 42, 15, 45, 20, 21, 20, 41]",65.03146443833934
"[38, 16, 50, 48, 16, 25, 16, 73, 41, 16, 43, 22, 21, 20, 43]",63.172162316850006
"[26, 14, 47, 47, 15, 25, 14, 74, 42, 15, 43, 20, 21, 20, 41]",66.18269574175817
"[37, 17, 46, 48, 15, 25, 15, 72, 42, 15, 46, 20, 21, 20, 41]",65.85628179690677
"[33, 14, 43, 45, 15, 26, 16, 75, 42, 15, 44, 20, 19, 20, 43]",63.872379298941894
"[37, 15, 50, 48, 16, 25, 13, 73, 42, 15, 45, 22, 21, 24, 43]",64.13339603683359
"[38, 18, 48, 48, 16, 25, 15, 62, 41, 15, 44, 20, 21, 20, 41]",65.55665725478225
"[35, 14, 44, 46, 15, 25, 15, 71, 41, 15, 42, 20, 21, 21, 43]",66.56122061965802
"[39, 15, 46, 47, 15, 26, 15, 75, 42, 15, 48, 23, 21, 22, 43]",70.694889473952
"[37, 15, 48, 48, 16, 25, 15, 74, 41, 15, 43, 20, 21, 20, 42]",68.02895591676838
"[35, 17, 46, 48, 15, 25, 14, 75, 42, 15, 46, 20, 21, 20, 41]",68.2233973087099
"[39, 17, 49, 48, 15, 25, 13, 75, 42, 15, 42, 20, 20, 21, 43]",69.06738972832724
"[38, 17, 49, 48, 16, 25, 15, 75, 42, 15, 42, 20, 21, 20, 44]",65.75277523402518
"[37, 16, 49, 48, 15, 25, 14, 74, 41, 15, 43, 20, 21, 20, 41]",67.05923458485952
"[37, 17, 48, 48, 15, 25, 15, 73, 41, 15, 42, 20, 21, 20, 41]",64.43389639295911
"[35, 16, 47, 48, 15, 26, 15, 72, 40, 15, 44, 21, 21, 20, 41]",63.83269268925524
"[35, 15, 48, 48, 15, 25, 14, 72, 41, 15, 42, 21, 21, 21, 41]",63.23116160459908
"[36, 15, 48, 48, 15, 25, 14, 71, 42, 15, 42, 20, 21, 21, 43]",64.49149496337016
"[36, 15, 48, 46, 15, 25, 17, 71, 41, 15, 45, 20, 21, 21, 41]",67.2273453398452
"[37, 15, 48, 48, 15, 25, 15, 72, 41, 15, 49, 21, 21, 20, 50]",66.80460571835566
"[37, 16, 48, 48, 15, 25, 15, 75, 42, 15, 47, 21, 21, 20, 43]",62.87486238298729
"[38, 16, 48, 48, 16, 25, 16, 73, 41, 16, 46, 22, 21, 20, 44]",62.992934091371716
"[25, 15, 47, 43, 15, 25, 15, 74, 42, 15, 42, 20, 21, 20, 41]",69.20394345238086
"[37, 18, 47, 47, 15, 25, 16, 72, 42, 15, 46, 20, 21, 20, 43]",67.10375267094031
"[35, 14, 43, 46, 15, 26, 13, 75, 42, 15, 46, 20, 21, 20, 41]",66.42957481176232
"[37, 14, 50, 48, 16, 25, 12, 71, 42, 15, 46, 21, 21, 20, 50]",63.49296029202291
"[38, 15, 48, 48, 16, 25, 12, 64, 37, 15, 45, 20, 21, 21, 41]",66.34323132885643
"[35, 14, 47, 46, 15, 25, 15, 71, 41, 15, 43, 20, 21, 22, 41]",62.93722489316231
"[35, 13, 47, 48, 15, 25, 15, 75, 42, 15, 51, 22, 21, 22, 45]",67.98055593711864
"[37, 16, 47, 48, 16, 25, 15, 73, 41, 15, 43, 20, 21, 20, 42]",63.587872278184584
"[36, 14, 47, 48, 15, 25, 15, 75, 42, 15, 42, 21, 21, 20, 41]",64.43733834452608
"[41, 16, 49, 48, 17, 25, 13, 74, 42, 15, 42, 20, 21, 23, 41]",67.45307565120056
"[38, 16, 49, 48, 16, 25, 14, 75, 42, 15, 46, 20, 21, 20, 41]",63.50514016076523
"[37, 16, 48, 48, 15, 25, 14, 75, 41, 15, 42, 20, 21, 20, 41]",63.34389397639389
"[36, 16, 48, 48, 16, 25, 15, 73, 42, 15, 42, 20, 21, 21, 41]",66.90442027879541
"[38, 16, 48, 48, 15, 25, 15, 72, 42, 15, 47, 21, 21, 20, 41]",69.36659658628405
"[36, 15, 48, 47, 15, 25, 15, 71, 41, 15, 42, 20, 20, 21, 41]",63.43980807387061
"[37, 16, 47, 48, 15, 25, 15, 71, 41, 15, 42, 21, 21, 22, 42]",64.14588471713476
"[36, 15, 47, 47, 15, 25, 15, 71, 41, 15, 47, 20, 21, 20, 41]",63.80455128205116
"[36, 16, 48, 48, 15, 25, 16, 72, 40, 15, 47, 23, 21, 23, 51]",70.60637273606031
"[37, 16, 48, 48, 15, 26, 14, 73, 42, 15, 43, 20, 21, 20, 42]",66.46857740638984
"[38, 16, 48, 48, 16, 25, 12, 75, 42, 15, 43, 21, 21, 21, 43]",66.12280283374008
"[42, 14, 43, 43, 15, 25, 14, 75, 42, 15, 43, 20, 21, 20, 41]",65.62197916666649
"[37, 15, 47, 48, 15, 25, 16, 73, 42, 15, 43, 21, 21, 20, 41]",62.86960202991451
"[34, 15, 43, 46, 15, 26, 17, 74, 42, 15, 45, 20, 21, 20, 41]",63.92670647639383
"[37, 14, 51, 48, 16, 25, 16, 74, 41, 15, 44, 22, 21, 21, 57]",65.37482168294679
"[39, 15, 49, 48, 16, 25, 12, 67, 38, 15, 44, 20, 21, 22, 41]",67.14662787444043
"[36, 17, 45, 42, 15, 25, 14, 71, 41, 15, 47, 21, 21, 22, 41]",68.5181093559219
"[37, 14, 47, 48, 16, 25, 14, 75, 42, 15, 48, 21, 21, 23, 45]",70.23179207366708
"[37, 15, 48, 48, 15, 25, 15, 72, 42, 15, 44, 20, 21, 20, 42]",62.071881868131776
"[37, 17, 48, 46, 15, 27, 15, 73, 42, 15, 42, 20, 21, 21, 41]",65.16645489926735
"[40, 15, 50, 48, 16, 25, 15, 72, 42, 15, 42, 20, 21, 20, 41]",62.937024827024715
"[38, 15, 49, 48, 16, 25, 15, 75, 42, 15, 43, 21, 21, 20, 41]",70.99459910459903
"[36, 16, 47, 48, 16, 25, 15, 75, 41, 15, 45, 20, 21, 20, 41]",64.85330306267794
"[36, 16, 48, 48, 15, 25, 15, 72, 42, 15, 42, 20, 21, 20, 43]",64.3544079415955
"[38, 16, 48, 48, 15, 25, 14, 73, 42, 15, 43, 20, 21, 22, 43]",69.9942963980464
"[38, 15, 47, 47, 15, 25, 14, 73, 42, 15, 42, 20, 21, 20, 42]",64.06836296805037
"[37, 16, 47, 48, 15, 25, 14, 72, 41, 15, 46, 22, 21, 21, 43]",64.21638723544977
"[36, 15, 44, 48, 15, 25, 14, 72, 41, 15, 44, 20, 21, 22, 41]",65.60640364265362
"[37, 17, 49, 48, 15, 25, 14, 74, 40, 15, 49, 21, 21, 22, 46]",63.54729904354904
"[37, 15, 47, 48, 15, 26, 15, 75, 42, 15, 42, 20, 21, 22, 41]",66.57878472222208
"[38, 16, 50, 48, 16, 25, 12, 75, 42, 15, 44, 22, 21, 20, 43]",68.21378446784686
"[28, 14, 42, 47, 15, 25, 13, 75, 42, 15, 42, 21, 21, 20, 41]",68.05155257936502
"[37, 13, 47, 48, 15, 25, 15, 74, 42, 15, 42, 20, 21, 20, 41]",65.01906504375225
"[34, 18, 42, 43, 15, 25, 17, 71, 42, 15, 42, 20, 21, 20, 41]",66.28115575396815
"[37, 17, 51, 48, 16, 27, 14, 74, 41, 15, 48, 22, 21, 21, 41]",69.42139194139176
"[38, 18, 49, 48, 16, 25, 13, 62, 41, 15, 45, 21, 21, 22, 45]",69.37498791717574
"[35, 17, 42, 41, 15, 25, 13, 72, 41, 15, 44, 22, 21, 20, 43]",66.07727131664653
"[38, 15, 47, 48, 17, 25, 14, 72, 42, 15, 46, 22, 21, 23, 46]",62.96956616300381
"[37, 15, 48, 48, 15, 25, 15, 71, 42, 15, 45, 20, 21, 21, 43]",62.31988171550659
"[37, 18, 48, 48, 16, 27, 15, 72, 41, 15, 42, 20, 21, 20, 42]",63.67512451668697
"[39, 19, 50, 48, 16, 25, 15, 74, 42, 15, 46, 21, 20, 20, 41]",66.31727894790392
"[36, 18, 50, 48, 16, 26, 14, 73, 42, 15, 43, 21, 21, 20, 42]",66.16181382275134
"[36, 18, 48, 48, 15, 25, 15, 75, 42, 15, 42, 20, 21, 20, 41]",64.817027497965
"[37, 16, 48, 48, 15, 25, 15, 75, 42, 15, 44, 20, 21, 21, 41]",64.3594164631666
"[34, 15, 48, 48, 17, 25, 13, 73, 41, 15, 42, 21, 21, 21, 44]",64.0507128866506
"[37, 15, 47, 47, 15, 26, 13, 72, 42, 15, 42, 20, 21, 20, 45]",62.726015211640174
"[37, 15, 47, 48, 15, 25, 14, 72, 41, 15, 42, 20, 21, 21, 45]",69.33432488807492
"[36, 15, 45, 47, 15, 25, 15, 72, 41, 15, 44, 20, 21, 23, 42]",65.65407725376495
"[37, 15, 48, 48, 15, 25, 14, 72, 42, 15, 48, 21, 21, 21, 44]",67.67480781949521
"[37, 15, 47, 48, 15, 25, 16, 74, 42, 15, 44, 20, 21, 20, 43]",64.6943791971917
"[37, 15, 49, 48, 16, 25, 12, 72, 42, 15, 48, 22, 21, 21, 43]",67.06654278591789
"[31, 15, 44, 46, 15, 25, 13, 74, 42, 15, 42, 20, 21, 20, 41]",64.42343699124956
"[36, 14, 45, 48, 16, 25, 15, 73, 42, 15, 43, 20, 21, 21, 41]",65.28172224765949
"[34, 18, 43, 43, 15, 25, 15, 75, 42, 15, 42, 21, 21, 20, 42]",63.195750025437746
"[36, 14, 47, 48, 16, 27, 13, 74, 42, 15, 42, 22, 21, 21, 43]",65.87660307285273
"[38, 15, 48, 48, 16, 25, 14, 62, 41, 15, 45, 21, 21, 20, 41]",63.762278947904214
"[34, 12, 46, 44, 15, 25, 12, 72, 41, 15, 42, 22, 21, 21, 44]",64.27005647130657
"[37, 16, 47, 48, 16, 25, 15, 72, 41, 15, 46, 23, 21, 23, 44]",64.72107397232382
"[37, 15, 47, 48, 15, 25, 16, 73, 42, 15, 45, 20, 21, 21, 44]",67.11509182946675
"[35, 17, 48, 48, 15, 25, 15, 75, 42, 15, 46, 20, 21, 20, 41]",64.7699553571429
"[38, 21, 49, 48, 16, 25, 15, 75, 42, 15, 42, 22, 21, 20, 41]",72.43431356837638
"[36, 16, 50, 48, 16, 26, 14, 74, 42, 15, 42, 21, 21, 20, 42]",65.68433086589363
"[37, 14, 49, 48, 15, 26, 15, 73, 42, 15, 42, 21, 21, 20, 43]",65.47111619861623
"[37, 15, 48, 48, 15, 25, 15, 75, 42, 15, 42, 20, 21, 21, 41]",67.22835037647539
"[37, 15, 47, 48, 18, 25, 13, 72, 41, 15, 42, 22, 21, 20, 44]",63.801635887261064
"[36, 15, 48, 48, 15, 25, 15, 73, 42, 15, 42, 21, 21, 20, 43]",67.35322484228708
"[37, 15, 47, 47, 15, 25, 15, 72, 41, 15, 43, 20, 21, 21, 46]",65.40418714387475
"[36, 15, 46, 45, 15, 25, 16, 71, 41, 15, 46, 21, 21, 22, 41]",63.9670687067561
"[35, 16, 48, 48, 16, 25, 15, 71, 41, 15, 47, 21, 21, 21, 48]",65.85365766178259
"[37, 15, 48, 48, 16, 25, 15, 74, 42, 15, 44, 21, 21, 21, 41]",65.41636713980454
"[38, 15, 49, 48, 16, 25, 14, 72, 42, 15, 43, 21, 21, 21, 44]",65.37523491554737
"[34, 14, 45, 41, 15, 25, 13, 72, 42, 15, 42, 20, 21, 21, 41]",62.18907598188864
"[36, 18, 44, 48, 16, 25, 16, 72, 42, 15, 43, 21, 21, 20, 41]",64.54642933455432
"[36, 18, 44, 45, 15, 26, 14, 75, 42, 15, 42, 21, 21, 20, 41]",64.73533513939749
"[37, 14, 47, 48, 15, 26, 16, 72, 42, 15, 42, 20, 21, 20, 48]",61.97224244505484
"[39, 15, 48, 48, 16, 25, 13, 67, 39, 15, 44, 20, 21, 20, 41]",66.04208091676853
"[35, 12, 44, 46, 15, 25, 13, 71, 41, 15, 43, 20, 21, 21, 41]",67.14495255901518
"[37, 15, 48, 48, 15, 25, 15, 72, 41, 15, 47, 20, 21, 22, 44]",68.41793396418403
"[37, 15, 48, 48, 15, 25, 15, 74, 41, 15, 48, 21, 21, 21, 44]",66.20294909951173
"[35, 17, 47, 48, 15, 25, 15, 75, 42, 15, 42, 20, 21, 20, 42]",64.54807590557571
"[38, 14, 51, 48, 16, 26, 15, 75, 42, 15, 42, 22, 21, 21, 43]",68.01855247761512
"[38, 16, 48, 48, 16, 25, 14, 75, 42, 15, 42, 22, 21, 20, 42]",67.58289873321102
"[37, 14, 47, 48, 15, 26, 15, 75, 42, 15, 42, 21, 21, 20, 41]",65.18209363553139
"[36, 15, 48, 48, 15, 27, 15, 74, 42, 15, 44, 20, 21, 20, 43]",63.36805720899487
"[38, 16, 47, 48, 15, 25, 14, 71, 42, 15, 47, 20, 21, 20, 44]",66.3328716422468
"[36, 16, 47, 48, 15, 25, 16, 73, 42, 15, 46, 22, 21, 21, 41]",63.238747964997984
"[37, 16, 47, 47, 15, 25, 15, 72, 41, 15, 45, 20, 21, 21, 46]",65.08223328754599
"[36, 15, 48, 46, 15, 25, 15, 70, 41, 15, 45, 21, 21, 21, 41]",64.25460088522588
"[36, 16, 48, 48, 17, 25, 15, 71, 40, 15, 46, 21, 21, 21, 45]",70.94251233720006
"[37, 16, 48, 48, 15, 25, 14, 73, 42, 15, 44, 21, 21, 22, 41]",64.49333473239744
"[39, 15, 48, 48, 16, 25, 16, 71, 40, 15, 44, 22, 21, 21, 43]",66.62346649877901
"[37, 14, 44, 47, 15, 25, 16, 73, 42, 15, 42, 21, 21, 21, 41]",65.59040496540497
"[36, 15, 48, 47, 15, 25, 16, 71, 42, 15, 43, 21, 21, 20, 43]",64.6522760225885
"[33, 15, 46, 47, 15, 26, 15, 75, 41, 15, 42, 21, 21, 20, 41]",67.62578411172157
"[37, 13, 50, 48, 15, 25, 15, 75, 42, 15, 42, 20, 21, 20, 46]",68.13757783882784
"[39, 17, 48, 48, 16, 25, 13, 70, 39, 15, 42, 20, 21, 20, 43]",69.35378624847365
"[34, 15, 42, 47, 15, 25, 15, 71, 41, 15, 43, 21, 21, 20, 41]",68.9935597273096
"[38, 14, 48, 48, 16, 25, 15, 72, 41, 15, 46, 21, 21, 22, 44]",64.89253294159532
"[37, 16, 48, 48, 15, 25, 15, 74, 42, 15, 44, 20, 21, 20, 43]",65.20670584045564
"[37, 15, 47, 48, 15, 25, 15, 75, 42, 15, 42, 20, 21, 21, 41]",67.54597654660188
"[39, 14, 48, 48, 16, 26, 15, 75, 42, 15, 42, 20, 21, 21, 41]",69.30755405474184
"[37, 17, 48, 48, 16, 26, 15, 75, 42, 15, 43, 20, 21, 20, 42]",64.60109216015461
"[36, 18, 47, 47, 15, 25, 15, 75, 42, 15, 47, 20, 21, 20, 41]",69.11797797110292
"[36, 16, 47, 48, 15, 25, 14, 73, 42, 15, 42, 20, 21, 20, 45]",64.08279036935284
"[37, 15, 48, 48, 15, 25, 15, 71, 42, 15, 43, 21, 21, 21, 44]",64.94744289275529
"[36, 16, 47, 48, 15, 25, 15, 72, 42, 15, 43, 20, 21, 20, 44]",68.40555631868142
"[37, 15, 46, 48, 16, 25, 14, 72, 41, 15, 44, 21, 21, 22, 41]",69.44857028388265
"[36, 15, 44, 47, 15, 25, 14, 71, 41, 15, 45, 20, 21, 20, 42]",67.00748918905174
"[37, 16, 48, 48, 15, 26, 15, 72, 41, 15, 46, 21, 21, 21, 42]",68.0542511192512
"[37, 15, 47, 48, 15, 25, 15, 74, 42, 15, 44, 20, 21, 20, 43]",66.39461016992266
"[36, 17, 49, 48, 16, 26, 15, 72, 40, 15, 44, 22, 21, 20, 42]",73.31737243080984
"[30, 15, 42, 48, 15, 25, 16, 75, 41, 15, 43, 20, 21, 20, 41]",70.64250063593829
"[37, 15, 46, 47, 15, 25, 15, 72, 41, 15, 45, 20, 21, 21, 41]",68.77133801383796
"[35, 14, 42, 45, 15, 25, 16, 73, 42, 15, 43, 20, 21, 20, 41]",66.0873879477004
"[37, 13, 50, 47, 15, 25, 14, 75, 42, 15, 43, 20, 21, 20, 46]",68.79528375559626
"[38, 17, 49, 48, 16, 25, 13, 70, 40, 15, 43, 21, 21, 20, 46]",62.35439776658514
"[34, 17, 43, 40, 15, 25, 14, 72, 41, 15, 42, 22, 21, 20, 43]",63.972256435693915
"[37, 15, 47, 48, 16, 25, 15, 72, 41, 15, 45, 22, 21, 21, 44]",64.70951312576318
"[37, 16, 48, 48, 16, 25, 15, 72, 42, 15, 45, 21, 21, 21, 44]",68.24436749592981
"[36, 16, 47, 48, 15, 26, 15, 75, 42, 15, 42, 20, 21, 20, 42]",65.78236708892972
"[39, 21, 47, 48, 16, 26, 15, 75, 42, 15, 42, 20, 21, 20, 42]",63.74830013736256
"[36, 16, 49, 48, 16, 27, 15, 75, 42, 15, 43, 20, 21, 20, 41]",66.93602920227936
"[36, 20, 49, 47, 15, 25, 15, 75, 42, 15, 42, 20, 21, 20, 41]",65.59117673992687
"[37, 16, 47, 48, 15, 25, 14, 75, 41, 15, 43, 20, 21, 21, 41]",64.84977258852275
"[35, 15, 48, 48, 15, 25, 14, 73, 41, 15, 42, 22, 21, 23, 41]",62.166818528693426
"[37, 15, 47, 48, 15, 25, 14, 75, 42, 15, 42, 20, 21, 20, 45]",63.69772957366713
"[37, 15, 46, 48, 15, 25, 14, 71, 41, 15, 44, 20, 21, 22, 41]",66.176670355108
"[36, 15, 46, 48, 15, 25, 15, 72, 41, 15, 47, 20, 21, 21, 45]",61.90493157305643
"[37, 17, 48, 48, 15, 25, 15, 71, 41, 15, 48, 21, 21, 21, 45]",68.22268976393961
"[37, 15, 48, 48, 15, 25, 15, 74, 41, 15, 45, 20, 21, 20, 45]",63.62342567155043
"[38, 17, 50, 48, 16, 27, 13, 72, 42, 15, 43, 21, 21, 20, 42]",68.13171716015466
"[33, 16, 42, 41, 15, 25, 14, 75, 42, 15, 42, 20, 21, 20, 41]",64.38989926739937
"[37, 15, 46, 47, 15, 25, 14, 73, 41, 15, 47, 20, 21, 20, 41]",67.74452915140428
"[35, 15, 44, 46, 15, 25, 15, 71, 42, 15, 43, 20, 21, 20, 41]",68.21825040700027
"[37, 15, 50, 48, 15, 25, 14, 75, 42, 15, 48, 20, 21, 21, 46]",65.18811673280427
"[39, 15, 49, 48, 16, 25, 12, 68, 41, 15, 44, 21, 21, 20, 41]",67.7272102665851
"[35, 14, 43, 40, 15, 25, 13, 72, 41, 15, 42, 20, 21, 20, 43]",64.82292569698811
"[37, 16, 47, 48, 15, 25, 15, 72, 42, 15, 45, 22, 21, 21, 45]",66.43391076516085
"[37, 15, 48, 48, 16, 25, 14, 71, 42, 15, 46, 20, 21, 21, 43]",67.26095072751338
"[36, 15, 47, 48, 15, 26, 15, 75, 42, 15, 45, 20, 21, 20, 41]",64.24340404965415
"[41, 22, 46, 48, 16, 26, 15, 75, 42, 15, 45, 20, 20, 20, 42]",67.68371871184375
"[36, 16, 49, 48, 16, 25, 14, 75, 42, 15, 43, 21, 21, 20, 42]",65.97630405474162
"[36, 19, 48, 48, 15, 26, 15, 74, 42, 15, 43, 20, 21, 21, 41]",63.14690908628406
"[37, 17, 47, 48, 15, 25, 15, 75, 42, 15, 43, 20, 21, 20, 41]",63.01878332315831
"[37, 16, 47, 48, 15, 25, 14, 73, 41, 15, 48, 22, 21, 23, 41]",65.02384030321547
"[37, 15, 48, 48, 15, 25, 14, 75, 41, 15, 44, 21, 21, 21, 42]",66.91967096560853
"[37, 16, 47, 47, 15, 25, 15, 71, 41, 15, 44, 20, 21, 20, 43]",66.3575082671957
"[36, 15, 47, 46, 15, 25, 15, 72, 41, 15, 46, 21, 21, 21, 45]",64.50441773504284
"[37, 14, 49, 48, 16, 25, 15, 72, 41, 15, 47, 20, 21, 21, 48]",65.89105781949519
"[37, 15, 48, 48, 16, 25, 15, 74, 40, 15, 44, 21, 21, 21, 41]",63.02613362332102
"[38, 15, 49, 48, 16, 26, 13, 73, 42, 15, 44, 20, 21, 21, 42]",63.681062143874506
"[28, 13, 42, 41, 15, 25, 13, 75, 42, 15, 42, 20, 21, 20, 41]",63.15054817867314
"[35, 15, 47, 48, 16, 25, 16, 72, 41, 15, 45, 21, 21, 20, 44]",63.13892818986586
"[32, 18, 45, 46, 15, 25, 15, 72, 41, 15, 45, 20, 21, 20, 41]",64.95672466422455
"[37, 15, 48, 48, 15, 25, 15, 75, 42, 15, 42, 20, 21, 22, 51]",71.75414402726919
"[39, 16, 49, 48, 16, 25, 13, 64, 42, 15, 43, 20, 21, 21, 41]",63.9294389753764
"[34, 14, 42, 45, 15, 25, 14, 71, 41, 15, 46, 21, 21, 21, 41]",68.88677693833958
"[38, 15, 48, 48, 16, 25, 15, 72, 42, 15, 46, 21, 21, 22, 43]",66.72638647232397
"[37, 15, 48, 48, 16, 25, 16, 72, 41, 15, 45, 20, 21, 20, 41]",65.52995306776532
"[35, 16, 48, 48, 16, 25, 15, 75, 41, 15, 46, 20, 21, 20, 41]",64.3313236416363
"[40, 20, 52, 48, 16, 25, 15, 75, 42, 15, 47, 20, 21, 21, 41]",67.90907534595026
"[38, 16, 49, 48, 16, 25, 15, 75, 42, 15, 46, 21, 21, 21, 44]",65.31019866707388
"[37, 15, 47, 48, 17, 26, 15, 74, 42, 15, 42, 20, 21, 20, 41]",67.18700956450944
"[36, 15, 49, 48, 15, 25, 15, 72, 42, 15, 45, 20, 21, 20, 41]",65.02827584452595
"[37, 16, 47, 48, 16, 25, 15, 72, 41, 15, 45, 22, 21, 21, 45]",67.27692638380151
"[36, 15, 48, 48, 15, 25, 14, 72, 42, 15, 42, 20, 21, 22, 41]",64.33281071937336
"[37, 15, 48, 45, 15, 25, 15, 71, 41, 15, 42, 20, 21, 20, 44]",65.50649674399672
"[36, 15, 46, 46, 15, 25, 15, 72, 41, 15, 47, 21, 21, 20, 44]",65.30313123219352
"[37, 14, 49, 48, 17, 25, 15, 73, 41, 15, 47, 21, 21, 20, 44]",69.25300709706951
"[37, 15, 47, 48, 15, 25, 15, 75, 42, 15, 42, 20, 21, 21, 41]",65.35799234330479
"[38, 16, 49, 48, 16, 25, 16, 73, 42, 15, 44, 22, 21, 21, 44]",63.925470975783576
"[31, 13, 44, 45, 15, 25, 15, 75, 42, 15, 42, 21, 21, 20, 43]",64.4951760276761
"[35, 17, 44, 47, 15, 25, 17, 73, 41, 15, 42, 21, 21, 22, 41]",66.19117216117209
"[37, 13, 43, 44, 15, 25, 15, 75, 41, 15, 43, 20, 21, 20, 41]",70.54774445461945
"[37, 15, 49, 48, 16, 25, 14, 75, 42, 15, 46, 21, 21, 20, 44]",63.663155397842864
"[37, 18, 48, 48, 16, 25, 14, 62, 37, 15, 46, 20, 21, 21, 42]",63.3686787749289
"[34, 15, 46, 47, 15, 25, 13, 71, 41, 15, 44, 23, 21, 22, 42]",64.34402319902301
"[38, 14, 48, 48, 16, 25, 15, 71, 40, 15, 46, 21, 21, 22, 43]",64.66398491554732
"[37, 15, 47, 48, 15, 25, 16, 73, 41, 15, 44, 21, 21, 21, 41]",65.88505354599108
"[34, 18, 48, 48, 15, 25, 15, 75, 42, 15, 42, 20, 21, 20, 41]",64.83718152218158
"[40, 13, 52, 48, 16, 25, 14, 73, 42, 15, 47, 20, 21, 20, 41]",69.29504807692304
"[38, 15, 48, 48, 16, 27, 15, 74, 42, 15, 48, 21, 21, 20, 44]",65.20699900793635
"[37, 14, 47, 48, 17, 25, 14, 73, 42, 15, 42, 20, 21, 20, 43]",63.03394421550654
"[37, 14, 47, 48, 15, 25, 15, 74, 42, 15, 46, 20, 21, 20, 42]",67.94034811253601
"[37, 15, 49, 48, 15, 25, 15, 72, 41, 15, 43, 21, 21, 21, 43]",64.70748957061458
"[35, 16, 47, 48, 15, 25, 14, 72, 42, 15, 45, 20, 21, 20, 44]",63.28375763125744
"[37, 14, 49, 46, 15, 25, 15, 71, 41, 15, 45, 21, 21, 21, 45]",61.94198158323143
"[36, 15, 46, 48, 15, 25, 14, 72, 41, 15, 43, 21, 21, 22, 43]",67.58204543142047
"[36, 18, 48, 48, 16, 25, 15, 73, 41, 15, 47, 22, 21, 21, 44]",70.10082557488812
"[37, 15, 48, 48, 15, 25, 15, 74, 42, 15, 44, 20, 21, 20, 41]",68.95604255698007
"[39, 17, 48, 48, 16, 25, 15, 74, 41, 15, 45, 22, 21, 20, 44]",66.38734126984124
"[30, 14, 45, 46, 15, 25, 15, 73, 41, 15, 42, 22, 21, 20, 42]",72.78728835978835
"[38, 16, 44, 48, 15, 25, 16, 72, 41, 15, 42, 20, 21, 22, 43]",61.92412965506742
"[35, 14, 45, 45, 16, 25, 15, 74, 40, 15, 42, 20, 21, 21, 43]",65.80816722629234
"[36, 14, 50, 48, 16, 25, 14, 75, 42, 15, 42, 20, 21, 20, 48]",66.9696076261699
"[37, 17, 48, 48, 16, 25, 13, 69, 37, 15, 42, 20, 21, 21, 44]",63.62437907000428
"[35, 15, 42, 42, 15, 25, 13, 72, 41, 15, 46, 24, 21, 22, 45]",67.83791132478623
"[38, 14, 48, 48, 17, 25, 15, 72, 41, 15, 46, 21, 21, 22, 45]",64.53076198107448
"[37, 15, 47, 48, 15, 25, 15, 73, 42, 15, 46, 20, 21, 20, 44]",68.27459579772066
"[36, 14, 48, 48, 15, 25, 15, 75, 42, 15, 45, 20, 21, 20, 41]",65.02379604192107
"[39, 22, 50, 48, 16, 25, 13, 71, 42, 15, 48, 20, 21, 21, 41]",72.20302274114798
"[38, 16, 48, 48, 16, 27, 14, 72, 42, 15, 46, 21, 21, 20, 42]",65.36132911070399
"[37, 17, 49, 48, 15, 25, 14, 73, 41, 15, 42, 20, 21, 20, 41]",63.93723303317021
"[37, 15, 47, 48, 15, 25, 15, 75, 42, 15, 42, 20, 21, 21, 43]",65.59561151811128
"[36, 15, 49, 48, 15, 25, 14, 72, 41, 15, 45, 21, 21, 22, 43]",66.98672580891322
"[37, 16, 47, 47, 15, 25, 15, 74, 40, 15, 42, 20, 21, 20, 46]",65.160189636752
"[36, 15, 46, 48, 15, 25, 15, 71, 41, 15, 47, 21, 21, 21, 42]",63.248930733618195
"[36, 15, 48, 48, 15, 25, 16, 71, 41, 15, 43, 20, 21, 20, 43]",64.1197472781848
"[35, 16, 48, 48, 15, 25, 15, 74, 41, 15, 47, 21, 21, 21, 47]",64.7161181064307
"[37, 15, 48, 48, 15, 25, 15, 75, 42, 15, 43, 20, 21, 21, 41]",64.86213446275956
"[39, 17, 49, 48, 16, 25, 12, 75, 42, 16, 45, 20, 21, 22, 42]",64.49918040293035
"[30, 15, 44, 46, 15, 26, 14, 75, 42, 15, 43, 20, 21, 20, 41]",64.81662812881557
"[37, 16, 46, 48, 15, 25, 14, 73, 42, 15, 47, 20, 21, 20, 43]",65.41791882885623
"[37, 14, 48, 48, 18, 24, 14, 72, 40, 15, 47, 22, 23, 24, 49]",66.48015707671952
"[36, 14, 50, 48, 17, 24, 13, 72, 41, 15, 46, 22, 22, 22, 53]",66.3555372405374
"[37, 16, 48, 48, 16, 25, 13, 72, 39, 16, 46, 22, 23, 24, 50]",62.83868004680506
"[38, 16, 47, 47, 17, 25, 12, 72, 41, 15, 49, 25, 21, 23, 47]",72.78290789072037
"[38, 14, 48, 48, 17, 24, 14, 71, 41, 15, 49, 22, 22, 24, 48]",67.33384386446883
"[37, 15, 48, 49, 16, 24, 14, 71, 41, 15, 51, 21, 22, 22, 49]",64.88494670838418
"[36, 14, 49, 50, 16, 23, 14, 72, 41, 15, 50, 22, 23, 23, 47]",69.02197751322738
"[36, 20, 47, 46, 16, 25, 12, 71, 42, 15, 53, 22, 22, 23, 45]",67.514497481685
"[38, 15, 48, 48, 16, 26, 13, 70, 41, 15, 50, 23, 23, 22, 47]",65.0762323209198
"[37, 16, 49, 48, 15, 24, 13, 72, 41, 15, 49, 22, 24, 23, 47]",62.47709058302792
"[37, 15, 48, 49, 16, 23, 14, 72, 41, 15, 47, 22, 23, 24, 49]",63.62202495421239
"[36, 15, 49, 49, 16, 24, 13, 72, 41, 15, 49, 23, 22, 24, 47]",67.42329199735448
"[37, 16, 48, 48, 16, 24, 14, 72, 40, 15, 46, 22, 23, 23, 51]",63.405215201465026
"[37, 15, 47, 50, 16, 24, 14, 71, 41, 15, 52, 22, 22, 23, 46]",65.68826872201882
"[36, 15, 49, 49, 16, 24, 15, 70, 41, 15, 48, 22, 23, 23, 49]",69.91357727920237
"[35, 16, 49, 49, 16, 24, 14, 72, 40, 15, 49, 22, 22, 22, 50]",64.85457290394794
"[37, 15, 48, 49, 16, 23, 14, 72, 41, 15, 49, 22, 23, 24, 47]",63.77176472832687
"[38, 16, 48, 47, 16, 24, 11, 73, 41, 16, 49, 22, 23, 24, 47]",65.00622023809517
"[33, 16, 48, 51, 17, 24, 13, 72, 41, 15, 49, 23, 23, 23, 47]",64.69577520858749
"[37, 16, 47, 49, 16, 24, 13, 71, 42, 15, 52, 22, 22, 22, 47]",63.447806140618475
