"[34, 21, 54, 38, 22, 28, 12, 63, 37, 24, 46, 24, 21, 23, 48]",71.19552045177029
"[26, 19, 62, 39, 23, 37, 12, 67, 32, 23, 49, 28, 18, 24, 46]",73.57920812983302
"[28, 17, 62, 38, 23, 30, 13, 67, 40, 25, 51, 24, 21, 27, 49]",78.35386866605593
"[31, 19, 52, 34, 24, 29, 16, 66, 39, 17, 48, 21, 14, 24, 51]",69.6087246896621
"[32, 18, 56, 36, 23, 26, 14, 67, 31, 25, 51, 23, 21, 25, 48]",71.59611530830266
"[25, 21, 51, 38, 25, 25, 14, 66, 35, 24, 47, 22, 15, 23, 42]",70.55215900997136
"[29, 18, 49, 39, 18, 27, 12, 69, 36, 21, 45, 21, 20, 23, 52]",68.09852932946667
"[36, 13, 61, 43, 23, 30, 12, 66, 39, 22, 47, 22, 21, 23, 51]",74.30413232600739
"[27, 16, 58, 36, 25, 26, 13, 70, 33, 23, 46, 25, 19, 24, 49]",75.50106557794061
"[29, 20, 59, 37, 22, 29, 12, 67, 35, 22, 46, 24, 20, 23, 50]",67.82482575295062
"[30, 16, 59, 42, 23, 32, 14, 69, 33, 23, 57, 23, 21, 23, 49]",75.21670380545369
"[25, 20, 58, 35, 18, 28, 12, 62, 29, 23, 46, 28, 20, 25, 50]",71.32481405168896
"[38, 16, 60, 37, 21, 32, 15, 67, 38, 19, 45, 25, 21, 29, 49]",74.70209338115589
"[31, 22, 59, 33, 24, 25, 12, 67, 27, 22, 43, 20, 21, 22, 52]",74.43298585673577
"[30, 20, 61, 36, 20, 25, 13, 65, 36, 22, 49, 24, 21, 23, 50]",74.68735945767186
"[33, 18, 53, 37, 22, 33, 12, 63, 32, 23, 48, 20, 21, 24, 48]",71.5708554639804
"[29, 21, 58, 38, 22, 25, 15, 68, 27, 21, 43, 25, 20, 24, 49]",78.13877454721205
"[29, 18, 60, 38, 20, 31, 13, 67, 36, 23, 46, 27, 20, 24, 54]",71.99952787952782
"[34, 16, 59, 35, 19, 29, 12, 68, 39, 22, 45, 23, 18, 24, 50]",76.08774623524639
"[27, 19, 62, 37, 24, 36, 15, 65, 37, 23, 53, 21, 21, 25, 51]",70.90892221204717
"[32, 22, 57, 34, 24, 30, 12, 65, 33, 25, 49, 20, 21, 25, 44]",72.78991452991475
"[25, 18, 62, 39, 24, 33, 12, 65, 34, 25, 52, 20, 21, 26, 43]",76.48551510989003
"[25, 17, 62, 37, 23, 31, 12, 60, 42, 25, 56, 20, 21, 24, 50]",72.07491580179098
"[30, 18, 56, 30, 25, 27, 12, 62, 37, 25, 51, 20, 17, 22, 47]",70.97640847578347
"[25, 21, 60, 38, 25, 29, 14, 60, 26, 25, 47, 22, 21, 24, 54]",70.28970416157915
"[27, 22, 54, 29, 25, 25, 12, 65, 38, 25, 51, 20, 21, 26, 41]",75.69965315934068
"[35, 19, 53, 28, 15, 30, 12, 60, 42, 21, 50, 20, 21, 27, 43]",70.03551612739116
"[27, 18, 62, 40, 23, 32, 12, 60, 42, 23, 48, 20, 21, 21, 52]",72.67410930504688
"[28, 22, 52, 38, 20, 25, 12, 68, 33, 24, 48, 21, 21, 25, 50]",72.20479599104597
"[36, 20, 53, 37, 23, 33, 12, 62, 33, 23, 46, 20, 20, 24, 51]",70.92577749796494
"[41, 15, 53, 41, 22, 36, 12, 73, 28, 25, 50, 22, 21, 23, 51]",74.17990231990262
"[25, 19, 51, 39, 22, 29, 12, 60, 32, 25, 48, 22, 21, 28, 51]",74.76330942205927
"[32, 19, 57, 41, 20, 35, 12, 60, 42, 25, 48, 20, 21, 20, 53]",69.79147804741575
"[29, 22, 62, 33, 25, 25, 12, 60, 35, 23, 42, 20, 21, 25, 48]",71.63930809930805
"[35, 21, 51, 34, 24, 39, 12, 60, 33, 25, 48, 23, 21, 26, 49]",70.9598518264143
"[31, 16, 56, 38, 22, 33, 12, 62, 37, 22, 52, 20, 21, 22, 53]",67.10287914631664
"[30, 22, 62, 29, 18, 25, 12, 60, 31, 23, 42, 23, 21, 27, 46]",71.48468342999588
"[32, 18, 54, 42, 23, 30, 14, 64, 38, 24, 51, 20, 21, 24, 60]",74.39799043549029
"[28, 22, 47, 38, 20, 35, 12, 66, 37, 23, 43, 20, 21, 24, 49]",74.06184765466026
"[33, 17, 62, 37, 22, 31, 13, 66, 36, 25, 51, 20, 21, 29, 47]",70.66604204822953
"[27, 22, 57, 33, 25, 35, 12, 65, 32, 25, 45, 20, 21, 26, 51]",70.51841333435097
"[29, 22, 62, 41, 21, 31, 12, 66, 39, 25, 46, 20, 21, 28, 54]",75.12330255392753
"[26, 22, 57, 41, 22, 38, 12, 61, 37, 25, 53, 20, 21, 24, 53]",73.99224969474979
"[27, 22, 49, 37, 22, 30, 12, 62, 36, 25, 42, 20, 20, 22, 46]",72.62840252340249
"[25, 22, 61, 44, 25, 36, 12, 60, 36, 25, 43, 21, 21, 24, 59]",74.1214692714695
"[29, 22, 52, 41, 25, 26, 12, 64, 38, 25, 43, 20, 21, 23, 41]",73.55931293243762
"[28, 22, 44, 28, 15, 32, 12, 60, 39, 23, 42, 20, 21, 28, 43]",69.2114077126576
"[25, 22, 62, 41, 23, 37, 12, 61, 39, 23, 48, 20, 21, 23, 53]",69.93760912698404
"[30, 22, 42, 41, 17, 34, 12, 65, 36, 20, 47, 20, 21, 26, 52]",70.9086411273911
"[36, 22, 44, 41, 23, 37, 12, 60, 34, 22, 45, 20, 20, 25, 52]",67.37898186304439
"[37, 22, 47, 40, 22, 38, 12, 74, 33, 25, 42, 21, 21, 24, 56]",72.29538296194532
"[25, 22, 42, 43, 25, 30, 12, 60, 36, 20, 48, 20, 21, 30, 56]",68.38366007834757
"[25, 22, 53, 46, 22, 38, 12, 60, 42, 25, 47, 20, 21, 20, 59]",67.24629604192101
"[30, 22, 46, 38, 24, 25, 12, 60, 41, 18, 42, 20, 21, 28, 45]",70.4558821733823
"[40, 22, 42, 36, 23, 41, 12, 60, 33, 22, 43, 22, 21, 28, 52]",71.41168345543359
"[28, 19, 47, 41, 21, 33, 12, 61, 40, 20, 50, 20, 21, 24, 55]",68.69628345034596
"[31, 22, 56, 28, 16, 25, 12, 60, 34, 18, 43, 20, 21, 23, 49]",73.84553711334961
"[31, 22, 46, 45, 25, 30, 13, 62, 37, 23, 54, 20, 21, 26, 61]",66.54448590761068
"[25, 22, 42, 43, 22, 40, 12, 63, 35, 23, 42, 20, 21, 24, 49]",64.76249771062264
"[35, 22, 62, 44, 21, 30, 12, 67, 37, 25, 46, 21, 21, 30, 46]",68.06185782967033
"[25, 22, 47, 39, 20, 39, 12, 64, 37, 25, 42, 20, 21, 25, 56]",72.43878332315825
"[35, 22, 55, 44, 20, 34, 12, 66, 40, 24, 42, 20, 21, 24, 61]",67.25837148962125
"[31, 22, 51, 45, 20, 41, 12, 70, 32, 25, 42, 20, 21, 28, 56]",70.77554792429784
"[25, 22, 42, 47, 20, 33, 12, 64, 34, 25, 42, 20, 21, 23, 48]",69.04044706450931
"[27, 22, 57, 47, 22, 35, 12, 60, 35, 23, 42, 21, 21, 25, 52]",76.99177528490036
"[29, 22, 46, 48, 25, 27, 12, 63, 36, 25, 42, 20, 21, 22, 41]",69.9253291615794
"[25, 22, 42, 42, 20, 36, 12, 60, 32, 24, 42, 20, 21, 26, 54]",68.09293485449714
"[25, 22, 56, 42, 22, 38, 12, 65, 34, 23, 45, 20, 21, 26, 51]",76.11929423585669
"[29, 22, 42, 42, 17, 41, 12, 60, 38, 16, 43, 20, 21, 26, 53]",68.37683836996322
"[29, 22, 42, 45, 21, 41, 12, 60, 36, 20, 42, 20, 21, 25, 52]",69.52051739926748
"[33, 22, 47, 42, 22, 38, 12, 70, 39, 24, 42, 21, 21, 26, 58]",70.22697903947898
"[25, 22, 42, 42, 25, 35, 12, 60, 37, 15, 48, 20, 21, 27, 58]",66.38831336487576
"[25, 22, 49, 42, 24, 38, 12, 60, 41, 25, 44, 20, 21, 20, 61]",66.39585419210411
"[31, 22, 42, 47, 22, 29, 12, 60, 42, 15, 42, 20, 21, 29, 43]",66.92275793650816
"[25, 22, 42, 39, 19, 40, 12, 61, 35, 20, 43, 21, 21, 26, 54]",83.62094742063498
"[27, 22, 42, 42, 21, 33, 12, 62, 38, 20, 42, 20, 21, 26, 54]",64.8491576363452
"[27, 22, 42, 34, 18, 27, 12, 60, 37, 15, 45, 20, 21, 20, 52]",69.62483758140009
"[30, 22, 48, 44, 24, 35, 12, 63, 36, 19, 50, 20, 21, 29, 59]",71.95915013227534
"[25, 22, 42, 42, 20, 37, 12, 61, 36, 23, 42, 20, 21, 23, 48]",69.86008954008933
"[31, 22, 62, 48, 20, 34, 12, 64, 38, 25, 42, 23, 21, 23, 48]",66.80860742266985
"[26, 22, 42, 48, 18, 40, 12, 67, 42, 17, 45, 20, 21, 26, 60]",70.46795838420836
"[38, 22, 43, 48, 23, 41, 12, 67, 39, 17, 42, 20, 21, 25, 61]",67.53941073972315
"[34, 22, 45, 47, 20, 41, 12, 74, 35, 20, 42, 20, 21, 30, 59]",70.49801854395622
"[29, 22, 42, 48, 20, 38, 12, 66, 33, 25, 42, 20, 21, 24, 54]",68.18890020858785
"[34, 22, 47, 47, 25, 32, 12, 60, 34, 16, 46, 20, 21, 26, 50]",71.6578470950347
"[30, 22, 43, 48, 25, 31, 12, 63, 35, 20, 42, 20, 21, 22, 41]",70.21390008140013
"[25, 22, 42, 48, 22, 38, 12, 60, 31, 21, 42, 20, 21, 24, 61]",74.28973163410677
"[30, 22, 42, 44, 25, 39, 12, 68, 33, 21, 45, 20, 21, 28, 56]",71.10848112535609
"[27, 22, 42, 43, 25, 41, 12, 60, 38, 15, 42, 20, 21, 27, 55]",64.81834821428578
"[27, 22, 44, 45, 22, 37, 12, 68, 37, 18, 42, 20, 19, 26, 54]",67.4533648758649
"[25, 22, 48, 45, 23, 41, 15, 71, 42, 22, 44, 20, 21, 28, 57]",70.33450434981698
"[25, 22, 42, 40, 18, 38, 12, 60, 32, 15, 48, 20, 21, 25, 61]",66.90754807692284
"[33, 22, 42, 40, 25, 40, 12, 60, 37, 23, 44, 20, 21, 20, 53]",68.50303418803433
"[31, 22, 42, 48, 20, 41, 12, 60, 31, 15, 43, 20, 21, 26, 46]",64.29734050671573
"[25, 22, 44, 45, 20, 39, 12, 62, 37, 17, 47, 20, 21, 26, 56]",67.80591155372417
"[26, 22, 42, 38, 21, 36, 12, 65, 34, 20, 42, 20, 21, 28, 54]",68.31945042226276
"[25, 22, 42, 48, 21, 30, 12, 60, 36, 15, 47, 20, 21, 20, 55]",66.14294591982085
"[29, 22, 50, 44, 23, 40, 12, 65, 34, 15, 48, 20, 21, 30, 58]",63.87581476393971
"[25, 22, 42, 39, 20, 34, 12, 64, 38, 18, 42, 20, 21, 24, 52]",65.56689878408633
"[30, 22, 49, 48, 23, 39, 12, 64, 38, 20, 42, 22, 21, 22, 51]",68.83873244810779
"[28, 22, 42, 48, 18, 38, 12, 72, 42, 15, 48, 20, 21, 29, 55]",66.49287762006506
"[32, 22, 45, 48, 25, 41, 13, 69, 39, 20, 44, 20, 21, 27, 61]",71.07970899470878
"[35, 22, 42, 45, 25, 37, 12, 69, 40, 17, 47, 20, 21, 30, 59]",67.45159544159553
"[31, 22, 42, 42, 22, 41, 12, 65, 36, 20, 42, 20, 21, 25, 56]",66.7079502442004
"[34, 22, 48, 41, 25, 31, 12, 60, 30, 15, 49, 20, 21, 24, 56]",72.58629222629226
"[30, 22, 52, 48, 25, 34, 12, 61, 35, 15, 42, 20, 21, 22, 41]",73.2730457621083
"[25, 20, 42, 43, 23, 35, 12, 61, 35, 16, 43, 20, 20, 24, 54]",69.89301981583229
"[31, 22, 42, 44, 25, 38, 12, 67, 34, 21, 49, 20, 20, 25, 57]",73.66993666056167
"[26, 22, 42, 42, 25, 33, 13, 61, 36, 18, 47, 20, 21, 26, 56]",74.32618004680509
"[34, 22, 46, 39, 24, 33, 13, 68, 36, 17, 47, 20, 18, 27, 55]",69.10118246337021
"[25, 22, 49, 48, 25, 41, 17, 71, 42, 19, 47, 20, 21, 28, 55]",70.05355578449343
"[25, 20, 43, 39, 18, 33, 12, 60, 28, 15, 48, 20, 21, 23, 58]",65.48715404965387
"[30, 22, 46, 39, 25, 40, 12, 60, 38, 17, 46, 20, 21, 28, 52]",73.68356888481868
"[28, 22, 48, 48, 20, 41, 12, 60, 25, 18, 43, 20, 21, 21, 57]",64.90821237789993
"[25, 22, 45, 42, 22, 34, 12, 64, 38, 15, 49, 20, 21, 26, 55]",66.87723532254799
"[26, 22, 42, 35, 20, 37, 12, 66, 35, 19, 46, 20, 21, 27, 53]",75.32336729242978
"[25, 22, 42, 48, 22, 35, 12, 60, 32, 15, 47, 20, 21, 20, 54]",68.9980146011395
"[30, 22, 51, 44, 23, 41, 12, 64, 34, 15, 49, 20, 21, 30, 58]",65.80256524725273
"[25, 20, 42, 37, 22, 34, 13, 66, 38, 17, 44, 20, 21, 25, 53]",68.63312271062273
"[32, 22, 42, 48, 25, 40, 13, 65, 37, 15, 42, 20, 21, 26, 55]",66.71684002340248
"[29, 22, 42, 44, 23, 35, 12, 70, 38, 15, 51, 20, 21, 30, 53]",64.13400055962538
"[26, 22, 59, 47, 25, 38, 16, 72, 41, 25, 52, 20, 21, 28, 61]",71.04066557285282
"[29, 22, 42, 42, 25, 36, 14, 67, 42, 15, 57, 20, 21, 30, 56]",71.62638316544583
"[32, 22, 43, 35, 25, 39, 12, 68, 40, 15, 42, 20, 18, 27, 54]",73.59204237891721
"[32, 22, 51, 43, 25, 33, 12, 60, 29, 16, 48, 20, 21, 24, 60]",68.51086487586491
"[31, 22, 55, 44, 24, 38, 12, 61, 36, 15, 42, 20, 21, 23, 44]",65.54084923178688
"[25, 19, 42, 38, 24, 33, 12, 63, 38, 15, 48, 20, 19, 26, 50]",65.893593432031
"[31, 22, 42, 44, 25, 36, 12, 65, 36, 19, 52, 20, 19, 26, 56]",66.85523351648354
"[26, 22, 42, 41, 25, 33, 13, 61, 35, 19, 51, 20, 21, 25, 55]",69.83594958282427
"[38, 22, 46, 36, 24, 35, 13, 61, 35, 17, 48, 20, 20, 27, 52]",72.12527726902714
"[26, 22, 48, 48, 25, 41, 18, 75, 42, 18, 51, 20, 21, 28, 55]",70.17267004985787
"[25, 17, 42, 37, 18, 30, 12, 60, 25, 16, 48, 20, 21, 23, 54]",65.97713420838407
"[27, 22, 51, 39, 25, 39, 13, 68, 40, 22, 46, 20, 21, 27, 57]",73.09231087199827
"[28, 22, 50, 48, 22, 35, 12, 60, 26, 20, 42, 20, 21, 26, 51]",68.10242788461538
"[25, 22, 45, 38, 23, 32, 12, 65, 35, 15, 51, 20, 21, 27, 54]",69.6840390974765
"[25, 14, 42, 38, 20, 34, 12, 62, 41, 18, 49, 20, 21, 24, 53]",70.00899102055362
"[25, 22, 42, 44, 23, 32, 12, 60, 30, 15, 46, 20, 21, 25, 52]",67.61170800264554
"[31, 22, 49, 45, 25, 41, 13, 62, 35, 18, 50, 21, 21, 30, 58]",67.31874783781033
"[25, 18, 42, 37, 21, 39, 14, 63, 33, 20, 46, 20, 19, 26, 52]",67.82873664529916
"[31, 22, 42, 48, 25, 38, 15, 67, 38, 16, 44, 20, 21, 30, 56]",67.47728225478207
"[29, 20, 42, 36, 25, 36, 12, 66, 36, 19, 52, 20, 21, 28, 53]",64.16078703703712
"[37, 22, 62, 44, 23, 34, 16, 75, 41, 25, 54, 20, 21, 30, 59]",71.23663525132274
"[28, 22, 44, 43, 25, 39, 14, 66, 42, 15, 52, 20, 21, 30, 57]",67.5350525284903
"[29, 22, 45, 37, 25, 37, 13, 70, 40, 22, 43, 20, 16, 26, 51]",70.55256524725303
"[29, 22, 52, 46, 25, 34, 12, 60, 32, 18, 46, 20, 21, 25, 58]",67.58093075905569
"[33, 22, 51, 42, 24, 37, 12, 60, 35, 15, 42, 20, 15, 25, 56]",66.24142183048443
"[25, 18, 42, 30, 23, 30, 12, 61, 34, 19, 50, 20, 18, 27, 50]",68.63196403133897
"[28, 22, 42, 44, 23, 35, 14, 64, 39, 17, 52, 20, 20, 30, 55]",71.16258648758634
"[28, 21, 43, 41, 25, 37, 12, 60, 35, 18, 49, 20, 21, 27, 57]",72.16904800061069
"[29, 22, 46, 44, 23, 38, 12, 60, 34, 22, 44, 20, 21, 27, 50]",71.13889143264142
"[27, 22, 48, 44, 24, 41, 15, 75, 42, 20, 49, 20, 21, 29, 56]",72.26947344322332
"[25, 17, 42, 36, 18, 28, 12, 60, 34, 16, 48, 20, 21, 24, 56]",71.56195970695971
"[26, 22, 49, 45, 23, 36, 14, 69, 40, 25, 47, 20, 21, 21, 61]",68.42671703296719
"[31, 22, 45, 48, 25, 30, 12, 60, 40, 16, 44, 20, 19, 30, 41]",71.09447789479039
"[25, 22, 44, 36, 24, 34, 12, 62, 33, 19, 48, 20, 21, 30, 57]",66.01622201872219
"[25, 12, 42, 44, 19, 32, 12, 61, 38, 17, 50, 20, 21, 22, 55]",67.38485844017109
"[27, 20, 42, 39, 22, 27, 12, 60, 33, 15, 45, 20, 18, 30, 52]",70.71779227716718
"[30, 22, 48, 45, 25, 40, 13, 65, 37, 21, 53, 20, 21, 30, 60]",65.92762159137153
"[25, 19, 42, 40, 17, 41, 13, 63, 33, 25, 46, 20, 17, 27, 51]",70.19635899979653
"[30, 22, 45, 48, 25, 37, 13, 67, 39, 20, 44, 20, 21, 29, 55]",67.32143391330878
"[27, 19, 42, 37, 25, 37, 12, 62, 36, 21, 52, 20, 21, 27, 60]",67.29250992063504
"[43, 22, 54, 43, 21, 39, 13, 75, 42, 25, 47, 20, 21, 29, 58]",71.41033755596253
"[29, 22, 46, 43, 25, 40, 13, 67, 38, 21, 45, 20, 21, 30, 61]",66.56363693019931
"[25, 22, 44, 47, 21, 41, 15, 68, 36, 25, 43, 20, 20, 24, 51]",69.81061444342721
"[29, 22, 48, 48, 25, 33, 12, 60, 35, 20, 46, 20, 21, 29, 54]",65.00574468355723
"[33, 22, 50, 43, 24, 32, 12, 61, 35, 15, 42, 20, 15, 25, 50]",69.27407623626372
"[25, 18, 42, 39, 19, 36, 12, 60, 32, 21, 44, 20, 19, 27, 51]",74.34150348494069
"[26, 22, 47, 43, 21, 35, 15, 63, 39, 19, 51, 20, 20, 30, 55]",65.99399330993087
"[30, 20, 42, 41, 21, 41, 12, 60, 36, 15, 42, 20, 21, 30, 59]",69.16134246540487
"[25, 22, 47, 48, 23, 38, 12, 60, 34, 22, 42, 20, 21, 26, 51]",66.85395260989006
"[30, 22, 47, 41, 23, 41, 12, 75, 42, 23, 45, 20, 21, 29, 57]",67.19543332824571
"[25, 18, 42, 36, 21, 31, 12, 60, 40, 15, 46, 20, 21, 29, 57]",64.2201804792431
"[27, 22, 47, 48, 21, 36, 15, 69, 40, 25, 48, 20, 21, 20, 61]",72.27096535409044
"[35, 22, 44, 44, 24, 30, 12, 60, 42, 15, 43, 20, 18, 25, 56]",64.37825384106621
"[25, 22, 42, 41, 24, 35, 12, 60, 31, 21, 47, 20, 21, 29, 59]",69.82107320919836
"[25, 20, 42, 28, 18, 36, 12, 63, 28, 18, 42, 20, 21, 30, 56]",66.221140745828
"[27, 19, 42, 37, 18, 29, 12, 60, 36, 15, 46, 20, 18, 25, 54]",69.72547758954003
"[30, 22, 52, 45, 24, 37, 13, 69, 38, 18, 53, 21, 21, 30, 61]",66.0214466320717
"[26, 20, 42, 40, 15, 39, 12, 68, 37, 25, 42, 20, 21, 27, 53]",68.40494988807491
"[31, 22, 48, 43, 25, 37, 12, 67, 40, 20, 50, 20, 21, 24, 56]",67.8457833485959
"[25, 19, 42, 44, 20, 35, 13, 70, 38, 21, 49, 20, 21, 28, 61]",67.25614112739109
"[39, 22, 46, 48, 25, 41, 13, 73, 42, 21, 43, 20, 21, 28, 60]",66.58012680606434
"[29, 22, 48, 43, 23, 39, 14, 69, 36, 25, 44, 21, 21, 30, 61]",74.88001920533178
"[28, 22, 45, 48, 17, 41, 14, 70, 40, 23, 42, 20, 21, 22, 53]",68.04190946784684
"[32, 22, 46, 46, 25, 33, 12, 60, 37, 18, 46, 20, 21, 29, 52]",67.97768645706151
"[33, 22, 51, 48, 24, 29, 12, 60, 33, 16, 42, 20, 18, 23, 41]",68.9726673789174
"[25, 19, 42, 39, 18, 37, 12, 60, 36, 16, 44, 20, 19, 27, 57]",69.46347947191698
"[26, 22, 48, 40, 22, 38, 14, 65, 38, 20, 48, 20, 21, 29, 57]",70.09784900284866
"[32, 21, 44, 42, 18, 37, 12, 60, 37, 15, 42, 20, 21, 30, 59]",72.25112522893748
"[25, 22, 48, 48, 23, 34, 12, 60, 36, 21, 42, 20, 19, 24, 53]",68.83613069800569
"[32, 22, 47, 39, 23, 41, 12, 75, 42, 24, 43, 20, 21, 28, 59]",67.22418269230776
"[25, 17, 42, 34, 21, 36, 12, 60, 40, 15, 46, 20, 21, 30, 58]",65.66239888583618
"[30, 22, 46, 48, 22, 41, 14, 69, 41, 23, 47, 20, 20, 20, 58]",72.29185197903946
"[29, 22, 51, 41, 22, 41, 12, 60, 38, 15, 42, 20, 18, 20, 61]",73.68407992470506
"[25, 20, 42, 42, 21, 33, 12, 60, 30, 20, 51, 20, 21, 26, 60]",72.6583376577125
"[25, 22, 42, 28, 18, 36, 12, 62, 33, 19, 42, 20, 21, 30, 56]",71.97464832621093
"[25, 18, 42, 42, 20, 35, 12, 60, 33, 15, 48, 20, 21, 20, 57]",66.36671309015063
"[30, 22, 51, 47, 23, 38, 13, 70, 39, 16, 52, 22, 21, 30, 61]",65.81289072039071
"[28, 21, 42, 39, 22, 37, 13, 71, 41, 24, 42, 20, 21, 23, 53]",69.41776200651216
"[32, 22, 48, 44, 24, 41, 12, 69, 39, 18, 46, 20, 21, 23, 57]",73.1492275895402
"[28, 21, 42, 45, 16, 37, 13, 74, 39, 16, 52, 20, 21, 30, 57]",65.59973634004906
"[30, 22, 50, 48, 25, 41, 15, 75, 42, 20, 42, 20, 21, 27, 61]",72.0005621693119
"[29, 22, 47, 45, 22, 41, 15, 73, 38, 20, 53, 21, 21, 30, 61]",68.33265860297112
"[31, 21, 46, 42, 24, 41, 13, 74, 42, 21, 42, 20, 20, 20, 54]",64.45305720899478
"[32, 22, 45, 43, 25, 34, 12, 60, 33, 17, 49, 20, 21, 29, 56]",71.1846817765569
"[31, 22, 52, 48, 24, 32, 13, 60, 31, 17, 42, 20, 21, 20, 41]",66.81568757631253
"[25, 20, 42, 38, 22, 38, 12, 61, 39, 15, 46, 20, 18, 26, 60]",65.6984191849816
"[29, 22, 47, 41, 24, 40, 12, 68, 37, 20, 47, 20, 21, 28, 59]",69.7938596357345
"[26, 20, 44, 42, 22, 33, 12, 60, 36, 16, 52, 20, 21, 28, 55]",72.31127531033795
"[26, 22, 48, 45, 24, 34, 12, 65, 38, 17, 43, 20, 19, 25, 53]",67.73908781033796
"[31, 22, 47, 38, 23, 41, 14, 75, 42, 24, 43, 20, 21, 27, 60]",66.75559243996743
"[25, 19, 42, 37, 17, 38, 12, 60, 36, 16, 51, 20, 21, 30, 58]",67.07977983821728
"[32, 22, 46, 42, 25, 41, 13, 71, 41, 21, 46, 20, 20, 24, 51]",64.8539561711437
"[26, 22, 46, 48, 22, 41, 12, 60, 25, 15, 42, 20, 20, 20, 56]",68.19686037342298
"[26, 17, 42, 31, 19, 31, 12, 60, 33, 16, 54, 20, 21, 29, 59]",66.46660205535208
"[25, 22, 42, 30, 18, 33, 12, 60, 37, 20, 42, 20, 21, 30, 55]",71.00429105616611
"[25, 20, 42, 43, 22, 33, 12, 60, 31, 15, 48, 20, 21, 25, 54]",67.72306331400081
"[30, 22, 49, 47, 25, 41, 13, 65, 38, 16, 52, 23, 21, 30, 61]",65.57237166768401
"[25, 19, 42, 38, 25, 41, 14, 72, 42, 18, 46, 20, 21, 22, 51]",68.39107842389103
"[32, 22, 47, 48, 23, 41, 14, 69, 37, 18, 44, 20, 20, 30, 55]",69.52584020146513
"[29, 22, 42, 44, 15, 41, 14, 73, 41, 15, 56, 20, 21, 30, 54]",65.39048967236462
"[28, 22, 56, 48, 25, 41, 16, 72, 42, 18, 46, 20, 21, 28, 61]",71.47275195868916
"[29, 22, 48, 45, 20, 41, 16, 71, 42, 15, 56, 20, 21, 30, 61]",66.28767831705342
"[33, 22, 45, 38, 24, 41, 15, 75, 42, 20, 43, 20, 19, 22, 50]",68.72369505494538
"[29, 22, 47, 45, 21, 36, 12, 60, 32, 16, 49, 20, 21, 28, 58]",65.0944691188443
"[33, 22, 55, 48, 22, 41, 12, 60, 30, 15, 42, 20, 14, 24, 47]",66.48291259666259
"[25, 19, 42, 32, 20, 39, 12, 60, 40, 15, 47, 20, 18, 29, 55]",70.83186164529916
"[29, 22, 46, 44, 19, 40, 13, 65, 42, 19, 51, 20, 21, 30, 59]",67.28607244607265
"[25, 20, 46, 40, 25, 41, 12, 60, 35, 17, 55, 20, 21, 26, 55]",65.93604179385427
"[31, 22, 49, 42, 21, 40, 12, 65, 34, 17, 45, 20, 19, 25, 50]",67.85146380240144
"[27, 22, 48, 43, 22, 41, 18, 75, 42, 22, 47, 20, 21, 27, 56]",70.30808557183573
"[25, 21, 42, 40, 15, 40, 12, 60, 32, 17, 53, 20, 21, 30, 57]",63.51060197903929
"[32, 22, 50, 38, 25, 41, 14, 71, 42, 20, 45, 20, 18, 30, 45]",68.30129362535632
"[31, 22, 42, 48, 18, 41, 12, 60, 33, 15, 43, 20, 21, 30, 46]",66.68994047619067
"[25, 18, 46, 32, 19, 34, 12, 60, 36, 15, 51, 20, 21, 30, 59]",66.79975147537642
"[25, 13, 42, 44, 17, 33, 12, 60, 39, 15, 44, 20, 21, 25, 54]",75.2432512973135
"[25, 22, 42, 38, 20, 33, 12, 60, 31, 15, 46, 20, 20, 30, 51]",65.24842414529911
"[30, 22, 48, 45, 23, 41, 13, 62, 35, 15, 52, 20, 21, 30, 61]",67.42900246744007
"[25, 20, 42, 40, 20, 41, 15, 69, 41, 15, 48, 20, 20, 27, 49]",70.89208892958877
"[30, 22, 50, 47, 20, 41, 15, 66, 37, 18, 45, 20, 19, 30, 52]",65.61374898249883
"[28, 22, 42, 40, 25, 41, 15, 64, 42, 17, 56, 20, 21, 30, 53]",68.31044286731775
"[32, 22, 54, 48, 25, 41, 14, 75, 42, 19, 49, 20, 21, 29, 57]",72.1863512413511
"[29, 22, 49, 45, 19, 41, 15, 72, 42, 17, 51, 21, 21, 30, 59]",69.3113350885226
"[30, 22, 47, 41, 17, 41, 16, 75, 42, 20, 42, 20, 17, 30, 47]",71.78483707264942
"[27, 22, 51, 45, 17, 38, 12, 60, 31, 15, 48, 20, 21, 27, 59]",64.84487230362198
"[35, 22, 55, 47, 20, 40, 12, 60, 34, 15, 42, 20, 13, 28, 50]",69.9198121438745
"[25, 18, 42, 31, 17, 38, 12, 61, 37, 17, 49, 20, 20, 28, 55]",66.83128815628798
"[27, 22, 48, 42, 16, 39, 16, 63, 42, 17, 55, 20, 21, 30, 58]",67.49164847883596
"[26, 21, 44, 39, 20, 41, 12, 60, 37, 17, 55, 20, 21, 25, 58]",69.33554372710631
"[34, 22, 50, 40, 18, 41, 12, 60, 35, 17, 47, 20, 19, 27, 51]",66.31157623626389
"[25, 22, 47, 44, 20, 41, 18, 75, 42, 22, 50, 20, 21, 29, 55]",67.3688943579571
"[25, 21, 42, 35, 15, 41, 12, 60, 31, 16, 55, 20, 21, 30, 59]",66.82325613044377
"[31, 22, 52, 48, 24, 41, 15, 72, 42, 19, 45, 20, 18, 28, 47]",69.85204644892141
"[32, 22, 47, 45, 15, 37, 12, 60, 42, 15, 45, 20, 20, 30, 43]",66.03350630850632
"[25, 21, 42, 38, 19, 36, 12, 60, 35, 15, 49, 20, 21, 30, 59]",68.28318515974767
"[25, 12, 42, 48, 17, 38, 12, 60, 38, 15, 46, 20, 21, 24, 53]",65.27787901912889
"[25, 22, 42, 32, 17, 35, 12, 60, 32, 15, 45, 20, 20, 30, 50]",66.2508216320716
"[30, 22, 50, 44, 21, 41, 13, 65, 36, 15, 52, 20, 21, 30, 61]",67.35986403642664
"[25, 21, 42, 40, 15, 41, 15, 66, 37, 16, 45, 20, 19, 30, 50]",66.98108529202277
"[30, 22, 54, 44, 18, 41, 16, 64, 40, 19, 48, 20, 19, 30, 54]",67.45044833638586
"[29, 21, 44, 37, 20, 41, 15, 66, 42, 17, 49, 24, 21, 30, 49]",69.817926205739
"[43, 22, 47, 48, 15, 41, 12, 75, 42, 19, 50, 20, 21, 30, 41]",67.18148491554746
"[32, 22, 49, 46, 16, 41, 12, 66, 42, 19, 48, 26, 21, 30, 54]",65.38404354904358
"[29, 21, 47, 46, 16, 41, 14, 75, 42, 19, 42, 20, 19, 28, 42]",66.06206069393555
"[26, 22, 48, 46, 15, 37, 12, 60, 38, 15, 49, 20, 21, 30, 46]",67.30161884411896
"[36, 22, 53, 48, 16, 32, 12, 60, 41, 15, 42, 20, 20, 26, 41]",67.43646418396426
"[25, 18, 42, 34, 15, 36, 12, 61, 41, 17, 50, 20, 21, 30, 47]",69.590707926333
"[27, 22, 44, 43, 15, 38, 14, 65, 42, 18, 57, 27, 21, 30, 48]",67.00095835877082
"[32, 22, 42, 45, 15, 40, 12, 60, 40, 15, 48, 20, 21, 26, 56]",69.04682641432639
"[36, 22, 49, 48, 15, 41, 13, 60, 42, 15, 47, 20, 20, 30, 46]",67.40782483719961
"[28, 22, 47, 46, 15, 41, 15, 75, 42, 21, 50, 20, 21, 30, 52]",66.39847069597079
"[25, 20, 42, 41, 15, 40, 12, 60, 31, 15, 57, 20, 21, 30, 57]",67.06017615486371
"[36, 22, 49, 48, 19, 41, 14, 69, 42, 19, 45, 20, 19, 24, 44]",68.82201566951582
"[33, 22, 52, 42, 15, 32, 12, 60, 42, 15, 47, 20, 19, 30, 41]",63.43424565018308
"[25, 22, 42, 46, 15, 38, 12, 60, 36, 15, 51, 21, 21, 30, 58]",64.59015287952798
"[25, 22, 42, 38, 15, 40, 12, 60, 39, 15, 46, 20, 20, 30, 49]",65.61993106430582
"[25, 22, 42, 40, 15, 36, 12, 60, 42, 15, 46, 20, 21, 30, 47]",66.50605171448933
"[33, 22, 49, 45, 16, 40, 12, 61, 40, 15, 52, 24, 21, 30, 58]",67.15293510887265
"[25, 19, 42, 43, 15, 41, 14, 65, 41, 17, 45, 20, 20, 30, 49]",69.7700786019536
"[35, 22, 51, 48, 17, 41, 12, 66, 42, 17, 50, 20, 21, 30, 41]",66.5319847629223
"[31, 21, 43, 41, 15, 41, 13, 75, 42, 15, 46, 23, 21, 30, 61]",66.28981952075677
"[43, 22, 43, 48, 15, 41, 12, 66, 42, 15, 46, 20, 21, 23, 42]",66.51789606227106
"[35, 22, 48, 48, 15, 41, 12, 62, 42, 20, 48, 27, 21, 29, 52]",64.39801116707382
"[33, 22, 45, 47, 18, 41, 13, 73, 42, 15, 42, 20, 21, 20, 60]",65.24726800976788
"[31, 22, 44, 46, 15, 37, 12, 60, 41, 15, 48, 20, 21, 30, 61]",67.04815628815611
"[37, 22, 52, 48, 15, 28, 12, 60, 42, 15, 42, 20, 21, 20, 41]",63.29611327330057
"[25, 18, 42, 41, 15, 41, 12, 60, 41, 17, 47, 20, 21, 30, 61]",70.1292712148961
"[29, 22, 42, 42, 16, 41, 14, 68, 42, 19, 57, 28, 21, 30, 48]",71.13928126271897
"[37, 22, 42, 48, 15, 39, 12, 60, 42, 15, 44, 20, 21, 27, 57]",63.20587390618609
"[35, 22, 45, 48, 15, 41, 12, 60, 42, 15, 47, 20, 20, 24, 57]",67.21423725579976
"[33, 22, 42, 48, 15, 41, 12, 75, 42, 16, 48, 20, 21, 28, 57]",63.795172084859466
"[31, 18, 42, 47, 15, 38, 12, 60, 40, 15, 50, 21, 21, 30, 55]",67.04365588115583
"[40, 22, 45, 48, 15, 41, 12, 66, 42, 16, 42, 20, 21, 21, 45]",64.74041679385422
"[34, 22, 45, 38, 15, 30, 12, 60, 42, 15, 42, 20, 19, 30, 43]",68.41130825193343
"[33, 22, 42, 48, 15, 39, 12, 60, 39, 15, 52, 22, 21, 30, 59]",64.0684990588116
"[25, 22, 42, 28, 15, 39, 12, 60, 39, 17, 43, 20, 20, 30, 57]",65.99124096967869
"[27, 20, 42, 43, 15, 40, 12, 60, 42, 15, 46, 20, 21, 30, 48]",69.80768683862445
"[33, 22, 47, 47, 15, 41, 12, 60, 42, 15, 51, 25, 21, 30, 61]",66.37424654049643
"[33, 19, 42, 40, 15, 41, 12, 64, 42, 17, 44, 20, 21, 29, 51]",65.90795456857977
"[36, 22, 47, 48, 16, 41, 12, 68, 42, 15, 51, 20, 21, 30, 53]",66.33026671245439
"[33, 18, 42, 45, 15, 41, 12, 75, 42, 15, 54, 20, 21, 30, 61]",66.62608745421251
"[43, 22, 46, 48, 15, 41, 12, 65, 42, 15, 42, 20, 21, 20, 51]",67.21909302503047
"[37, 22, 44, 48, 15, 41, 12, 67, 42, 17, 56, 20, 21, 30, 53]",66.89529011497764
"[34, 21, 42, 48, 23, 41, 16, 74, 42, 19, 42, 20, 21, 20, 61]",66.79927642958891
"[36, 22, 42, 45, 15, 38, 12, 60, 35, 15, 52, 20, 21, 30, 61]",70.32555046805051
"[39, 22, 50, 48, 15, 39, 12, 60, 41, 15, 42, 20, 20, 22, 41]",64.6541622150999
"[25, 14, 42, 47, 15, 41, 12, 63, 39, 15, 44, 20, 19, 30, 61]",67.79690794159526
"[32, 12, 42, 48, 17, 41, 13, 69, 42, 15, 53, 22, 21, 30, 61]",69.77231710419223
"[39, 18, 42, 48, 15, 38, 12, 60, 42, 15, 47, 20, 21, 29, 54]",64.59634399165631
"[33, 22, 42, 48, 15, 40, 12, 61, 42, 15, 47, 20, 19, 25, 61]",65.7239290801792
"[37, 22, 42, 48, 15, 41, 12, 75, 42, 15, 47, 20, 21, 27, 61]",64.99929817867331
"[36, 14, 42, 48, 15, 35, 12, 60, 42, 15, 46, 22, 21, 30, 56]",62.533761192511044
"[37, 22, 44, 48, 15, 41, 13, 64, 42, 15, 42, 20, 17, 20, 50]",64.29607409951157
"[29, 22, 42, 48, 15, 41, 12, 60, 42, 15, 42, 20, 18, 29, 46]",66.24489710520974
"[38, 18, 42, 47, 15, 39, 12, 60, 42, 15, 53, 22, 21, 30, 58]",65.41201745014226
"[26, 18, 42, 39, 15, 35, 12, 60, 39, 20, 48, 20, 20, 30, 56]",70.14306369556375
"[32, 14, 42, 48, 15, 41, 12, 60, 42, 15, 46, 20, 19, 29, 55]",64.6030678927556
"[29, 22, 46, 48, 18, 40, 14, 60, 37, 15, 53, 21, 21, 30, 61]",66.49168472730986
"[32, 20, 42, 36, 15, 41, 12, 64, 40, 22, 44, 20, 21, 23, 51]",67.68053584147337
"[36, 22, 44, 48, 17, 41, 12, 68, 42, 18, 46, 20, 21, 27, 61]",66.83088039275515
"[33, 16, 42, 48, 15, 41, 12, 73, 42, 16, 57, 20, 21, 30, 61]",64.62714718152226
"[39, 22, 50, 48, 15, 41, 13, 65, 42, 15, 42, 20, 21, 20, 51]",68.67330115486376
"[34, 20, 43, 48, 15, 41, 13, 67, 42, 16, 57, 20, 21, 30, 57]",64.59462962962985
"[33, 18, 44, 48, 21, 41, 17, 68, 42, 20, 47, 20, 19, 20, 53]",70.83333333333351
"[39, 22, 42, 46, 15, 38, 12, 60, 31, 15, 55, 20, 21, 30, 61]",66.34120052401313
"[36, 22, 46, 48, 18, 39, 12, 60, 37, 15, 42, 20, 15, 22, 41]",64.09583206145693
"[27, 12, 42, 46, 15, 41, 14, 63, 40, 15, 50, 20, 19, 29, 61]",65.18016419922645
"[27, 12, 42, 48, 16, 41, 16, 69, 42, 15, 52, 20, 21, 30, 61]",74.17510314916566
"[33, 15, 42, 48, 15, 40, 13, 60, 40, 15, 49, 20, 21, 30, 52]",65.01249592999591
"[31, 22, 42, 48, 15, 40, 12, 62, 42, 15, 47, 20, 19, 28, 55]",66.53793739824992
"[32, 22, 42, 48, 15, 41, 15, 75, 42, 15, 54, 23, 21, 30, 57]",65.22273809523794
"[37, 16, 42, 47, 15, 37, 12, 60, 42, 15, 47, 22, 21, 30, 58]",66.8260542582417
"[34, 22, 45, 48, 17, 41, 15, 64, 42, 15, 42, 20, 14, 22, 47]",64.61224473443232
"[30, 20, 42, 48, 15, 41, 12, 60, 41, 15, 43, 20, 17, 27, 46]",68.33127225783474
"[41, 16, 42, 48, 15, 38, 12, 60, 42, 15, 52, 20, 21, 30, 56]",63.12603912291446
"[26, 12, 42, 48, 15, 34, 14, 61, 39, 17, 53, 20, 20, 26, 53]",65.37930720899442
"[34, 12, 42, 48, 15, 41, 12, 60, 42, 15, 47, 20, 18, 27, 59]",68.54218978937732
"[26, 22, 44, 48, 20, 40, 14, 66, 32, 15, 55, 22, 21, 30, 61]",64.20664975071209
"[28, 18, 42, 41, 17, 41, 12, 65, 37, 15, 44, 20, 18, 21, 50]",65.9944173534799
"[35, 22, 43, 48, 18, 41, 12, 65, 42, 18, 44, 20, 21, 28, 61]",64.77693147130628
"[33, 14, 42, 48, 15, 41, 13, 66, 42, 17, 57, 20, 21, 30, 58]",63.90114990333755
"[34, 22, 51, 48, 17, 41, 12, 66, 42, 15, 46, 20, 13, 24, 45]",65.48640135327642
"[32, 19, 43, 48, 15, 41, 13, 67, 42, 15, 57, 20, 21, 29, 58]",61.911237281237156
"[34, 21, 49, 48, 18, 41, 16, 73, 42, 22, 55, 20, 18, 21, 46]",66.15247964997951
"[37, 22, 45, 48, 15, 38, 12, 60, 33, 15, 57, 20, 21, 29, 60]",67.25994225681733
"[35, 22, 46, 48, 18, 35, 12, 60, 38, 15, 42, 20, 15, 21, 41]",68.24639550264564
"[34, 15, 42, 31, 15, 41, 16, 66, 41, 15, 57, 20, 19, 27, 51]",65.99555809930798
"[25, 22, 42, 45, 16, 41, 14, 67, 42, 16, 57, 20, 21, 30, 61]",66.48807933964163
"[31, 19, 42, 48, 15, 41, 13, 60, 38, 15, 52, 20, 20, 29, 57]",65.79312092999612
"[34, 21, 43, 48, 15, 40, 12, 65, 41, 15, 51, 20, 19, 28, 50]",66.67499427655672
"[30, 21, 42, 48, 15, 41, 15, 75, 42, 17, 57, 23, 21, 30, 51]",64.5089468864469
"[31, 21, 42, 43, 15, 40, 12, 60, 40, 15, 57, 23, 21, 30, 59]",63.434641839641884
"[34, 22, 46, 48, 17, 41, 13, 68, 42, 15, 42, 20, 19, 24, 44]",69.01920291514047
"[40, 17, 42, 48, 15, 35, 12, 60, 40, 15, 49, 20, 16, 22, 42]",67.07798165954416
"[35, 20, 42, 48, 15, 38, 12, 60, 40, 15, 54, 20, 21, 30, 56]",67.25952838827862
"[36, 16, 42, 48, 17, 39, 12, 63, 38, 15, 53, 20, 19, 23, 51]",71.5499498880747
"[34, 12, 42, 47, 15, 41, 12, 60, 42, 15, 56, 20, 18, 25, 49]",74.76208638583616
"[39, 22, 46, 48, 18, 39, 12, 67, 36, 15, 57, 22, 21, 30, 61]",66.41165814509563
"[25, 17, 42, 48, 17, 41, 12, 67, 40, 15, 44, 20, 15, 23, 49]",65.73841969373225
"[35, 22, 42, 48, 16, 41, 13, 66, 42, 17, 43, 20, 20, 29, 60]",70.09494416463154
"[33, 19, 42, 47, 15, 41, 15, 62, 42, 17, 57, 24, 21, 30, 59]",67.17586983618247
"[34, 22, 47, 48, 17, 41, 12, 71, 42, 15, 48, 20, 13, 27, 42]",66.14032979751738
"[32, 19, 42, 48, 15, 41, 13, 69, 42, 17, 57, 20, 21, 29, 61]",66.17186253561258
"[34, 22, 50, 48, 15, 41, 13, 75, 42, 22, 50, 20, 18, 29, 48]",69.27705662393153
"[33, 20, 50, 48, 16, 36, 12, 60, 35, 15, 57, 20, 21, 29, 56]",66.45641343610086
"[37, 22, 49, 48, 15, 33, 12, 60, 41, 15, 42, 20, 19, 20, 41]",68.2381649369147
"[25, 21, 42, 35, 15, 41, 13, 69, 42, 15, 57, 20, 21, 28, 58]",69.75731926638197
"[32, 22, 42, 41, 15, 41, 14, 66, 42, 18, 57, 20, 21, 30, 57]",66.02469296906786
"[33, 22, 42, 48, 15, 41, 12, 60, 37, 15, 54, 20, 18, 27, 56]",63.13639893671121
"[38, 20, 43, 48, 15, 40, 12, 66, 39, 15, 56, 20, 19, 28, 48]",65.24552134208373
"[31, 17, 42, 48, 15, 41, 14, 75, 42, 18, 57, 22, 21, 30, 55]",65.63158679283663
"[29, 20, 42, 47, 15, 39, 12, 60, 39, 15, 57, 22, 21, 30, 58]",67.17374860093588
"[39, 22, 44, 48, 15, 41, 13, 70, 42, 17, 42, 20, 18, 20, 43]",65.11341371591367
"[42, 20, 43, 44, 15, 30, 12, 60, 39, 15, 52, 20, 16, 23, 43]",69.44932463369965
"[34, 20, 42, 48, 15, 39, 12, 60, 37, 15, 57, 21, 21, 30, 57]",63.239397257834526
"[41, 22, 42, 43, 16, 38, 12, 63, 38, 15, 45, 20, 18, 28, 51]",69.07914911477401
"[30, 13, 42, 44, 15, 41, 12, 60, 40, 15, 57, 20, 20, 25, 49]",67.9288306369557
"[42, 22, 47, 48, 15, 39, 12, 64, 42, 15, 57, 20, 21, 30, 59]",64.48124414936916
"[31, 20, 42, 39, 15, 41, 12, 65, 39, 16, 42, 20, 17, 26, 43]",66.4168867012618
"[35, 22, 43, 48, 15, 41, 14, 70, 42, 15, 49, 20, 20, 28, 61]",67.86650399369152
"[33, 19, 42, 43, 15, 41, 14, 68, 42, 16, 57, 26, 21, 30, 61]",66.98416234228722
"[35, 22, 46, 48, 16, 41, 12, 70, 42, 15, 46, 20, 14, 23, 41]",67.60992025335787
"[35, 20, 42, 48, 15, 41, 14, 70, 42, 16, 57, 21, 21, 30, 61]",64.71110767704522
"[35, 22, 43, 48, 19, 41, 13, 75, 42, 17, 42, 20, 18, 30, 58]",68.29935808404548
"[32, 19, 48, 48, 17, 36, 12, 60, 37, 15, 54, 21, 21, 29, 58]",66.21111543549057
"[39, 22, 53, 48, 15, 33, 12, 60, 39, 15, 42, 20, 16, 20, 41]",68.06991999898247
"[25, 14, 42, 48, 15, 41, 12, 69, 42, 15, 54, 20, 21, 30, 61]",67.7669945563697
"[36, 22, 42, 43, 15, 41, 13, 67, 42, 18, 57, 20, 21, 30, 55]",67.40827024827038
"[35, 22, 42, 46, 15, 40, 12, 63, 36, 15, 57, 20, 20, 27, 54]",67.38267997049249
"[41, 19, 43, 48, 15, 40, 12, 68, 37, 15, 57, 20, 20, 27, 54]",69.77639219576723
"[35, 19, 42, 45, 15, 41, 12, 75, 42, 17, 55, 20, 21, 30, 61]",66.35787278693537
"[37, 17, 42, 48, 15, 34, 12, 60, 40, 15, 57, 23, 21, 30, 56]",65.97434320309313
"[40, 22, 42, 48, 15, 41, 13, 67, 42, 18, 43, 20, 17, 20, 45]",64.08365003052499
"[32, 22, 53, 48, 15, 35, 12, 60, 39, 15, 44, 20, 19, 28, 46]",76.95758165445675
"[37, 18, 42, 48, 15, 39, 12, 60, 39, 15, 57, 21, 21, 30, 56]",67.41038219881948
"[31, 22, 42, 37, 15, 36, 12, 61, 39, 15, 46, 20, 19, 29, 51]",68.96259017602785
"[28, 22, 42, 41, 15, 40, 12, 60, 40, 15, 53, 20, 20, 28, 54]",66.84077190170927
"[41, 22, 47, 48, 15, 38, 12, 61, 42, 15, 57, 20, 21, 30, 57]",62.888100834350645
"[34, 21, 42, 39, 15, 41, 12, 64, 38, 19, 43, 20, 20, 25, 41]",68.09727793040281
"[35, 22, 45, 48, 16, 41, 14, 71, 42, 16, 52, 20, 21, 29, 58]",65.5448799348799
"[33, 14, 42, 44, 15, 41, 13, 74, 42, 16, 57, 20, 21, 30, 61]",64.0223291870168
"[37, 22, 50, 48, 16, 41, 14, 68, 42, 15, 45, 20, 17, 20, 45]",67.70683786121307
"[34, 19, 42, 48, 15, 41, 14, 70, 42, 15, 57, 23, 21, 30, 61]",65.5846551943427
"[35, 22, 42, 48, 24, 41, 13, 75, 42, 18, 45, 20, 19, 24, 58]",66.53552007020784
"[29, 22, 43, 48, 15, 37, 12, 60, 32, 15, 55, 21, 21, 29, 56]",65.57002861721597
"[39, 22, 47, 48, 15, 34, 12, 60, 35, 15, 42, 20, 15, 20, 42]",73.20650857244627
"[29, 12, 42, 48, 15, 41, 12, 65, 42, 15, 56, 20, 20, 30, 61]",64.17743220899473
"[37, 21, 42, 48, 15, 41, 12, 67, 42, 15, 57, 20, 21, 30, 55]",65.9446578652829
"[35, 22, 42, 48, 15, 37, 12, 64, 36, 15, 57, 20, 21, 28, 56]",66.8085832570207
"[37, 22, 43, 48, 15, 41, 13, 64, 38, 15, 57, 20, 20, 29, 55]",66.48794566544579
"[37, 21, 42, 45, 15, 41, 12, 74, 42, 16, 54, 20, 21, 30, 61]",63.119104726291965
"[41, 17, 42, 47, 15, 31, 12, 60, 42, 15, 56, 23, 21, 30, 56]",65.42853238196965
"[38, 22, 42, 48, 15, 41, 14, 66, 42, 18, 42, 20, 14, 21, 47]",71.41314992877496
"[25, 22, 56, 48, 15, 41, 12, 60, 37, 15, 42, 20, 19, 30, 49]",65.4991047262922
"[39, 18, 42, 48, 15, 38, 12, 60, 41, 15, 57, 21, 21, 30, 59]",64.94532699938965
"[26, 22, 42, 42, 16, 34, 12, 61, 38, 18, 47, 20, 19, 24, 51]",67.39513240231999
"[32, 21, 42, 46, 15, 41, 12, 60, 40, 15, 47, 20, 19, 30, 59]",65.00429995930008
"[38, 22, 47, 48, 15, 40, 12, 63, 42, 15, 57, 21, 21, 30, 55]",64.20101597476591
"[25, 20, 42, 46, 17, 41, 12, 66, 36, 25, 42, 20, 15, 23, 51]",65.97181484025215
"[35, 22, 47, 48, 16, 41, 13, 68, 42, 17, 54, 20, 21, 30, 51]",62.25781720594239
"[32, 14, 42, 46, 15, 41, 13, 71, 42, 17, 57, 20, 21, 30, 61]",64.27481392450144
"[37, 22, 47, 48, 16, 41, 15, 69, 42, 16, 42, 20, 14, 22, 47]",67.11445741758277
"[33, 19, 42, 48, 15, 41, 12, 69, 42, 15, 57, 22, 21, 30, 59]",63.63522257834758
"[35, 21, 49, 48, 25, 41, 13, 75, 42, 17, 53, 20, 21, 20, 51]",72.15197649572623
"[28, 22, 45, 48, 15, 38, 12, 60, 26, 15, 56, 21, 21, 28, 58]",64.92397283272281
"[39, 22, 48, 48, 15, 36, 12, 60, 35, 15, 42, 20, 17, 21, 41]",67.22117801180283
"[34, 19, 42, 48, 15, 41, 12, 66, 42, 15, 57, 20, 19, 30, 61]",67.66948845136352
"[36, 19, 42, 48, 15, 41, 12, 69, 42, 15, 57, 20, 21, 30, 59]",67.16832137769626
"[33, 22, 42, 48, 15, 40, 12, 63, 42, 15, 57, 20, 20, 29, 56]",65.06229014041521
"[31, 21, 44, 48, 15, 41, 12, 63, 41, 15, 57, 20, 20, 30, 52]",68.85311050061043
"[37, 22, 42, 47, 15, 41, 14, 68, 42, 15, 57, 20, 21, 30, 61]",65.692526963777
"[32, 17, 42, 48, 15, 35, 12, 60, 41, 15, 57, 20, 21, 30, 60]",67.38070805352056
"[37, 22, 45, 48, 15, 41, 15, 73, 42, 15, 42, 20, 14, 25, 41]",67.15952571733806
"[25, 22, 47, 48, 15, 41, 12, 60, 41, 15, 42, 20, 19, 29, 43]",67.64226025132274
"[38, 19, 42, 48, 15, 38, 12, 62, 42, 15, 57, 20, 21, 30, 60]",65.47911337505077
"[25, 15, 42, 47, 19, 32, 12, 63, 36, 15, 49, 20, 19, 25, 53]",68.90888596357344
"[37, 18, 42, 48, 15, 40, 12, 60, 39, 15, 44, 20, 18, 30, 56]",62.92093915343926
"[36, 22, 47, 48, 15, 40, 12, 64, 41, 15, 57, 21, 21, 30, 57]",63.583578932641224
"[25, 17, 42, 48, 15, 41, 12, 67, 39, 23, 45, 20, 16, 21, 59]",69.68465595746835
"[35, 22, 46, 48, 16, 41, 12, 71, 42, 17, 57, 20, 21, 29, 52]",63.72064547720797
"[30, 21, 42, 43, 15, 41, 12, 68, 42, 17, 57, 20, 21, 30, 61]",66.97854751729749
"[35, 22, 46, 48, 16, 41, 12, 67, 42, 16, 44, 20, 14, 26, 43]",65.70925938644699
"[31, 21, 42, 48, 15, 41, 12, 70, 42, 17, 57, 21, 21, 30, 61]",63.4697142094018
"[38, 21, 52, 48, 22, 41, 14, 75, 42, 21, 54, 20, 20, 29, 47]",69.93991999898266
"[33, 19, 48, 45, 16, 34, 12, 60, 42, 15, 57, 20, 21, 29, 59]",66.26504108160358
"[35, 22, 49, 48, 15, 32, 12, 60, 39, 15, 42, 20, 19, 23, 41]",67.52606087199845
"[35, 22, 42, 48, 15, 41, 12, 69, 41, 15, 57, 22, 20, 30, 58]",66.68761828449364
"[36, 19, 42, 48, 15, 41, 13, 72, 42, 15, 57, 21, 21, 30, 60]",69.62130698005683
"[33, 21, 42, 48, 15, 41, 12, 61, 42, 15, 57, 20, 19, 30, 60]",65.93039618945888
"[31, 19, 45, 48, 15, 41, 12, 65, 42, 15, 57, 20, 21, 30, 52]",67.38547186609692
"[33, 20, 42, 48, 15, 41, 15, 74, 42, 15, 57, 21, 21, 30, 61]",68.69832900895418
"[27, 18, 42, 48, 15, 41, 12, 60, 35, 15, 53, 20, 21, 30, 61]",65.44822916666662
"[37, 21, 45, 48, 15, 41, 15, 75, 42, 15, 42, 20, 17, 24, 41]",67.95325180606426
"[35, 21, 42, 48, 15, 31, 12, 60, 41, 15, 50, 20, 18, 28, 46]",66.21323120166888
"[36, 19, 42, 48, 15, 39, 12, 64, 40, 15, 57, 20, 21, 30, 60]",63.947418218355445
"[25, 15, 42, 45, 22, 40, 12, 64, 37, 15, 53, 20, 20, 29, 50]",67.02403311965833
"[36, 16, 42, 48, 15, 40, 12, 60, 39, 15, 56, 20, 20, 29, 54]",65.13553355209599
"[37, 22, 46, 48, 15, 40, 12, 66, 40, 15, 57, 23, 21, 30, 58]",65.250489672365
"[37, 16, 42, 48, 15, 41, 12, 69, 41, 15, 50, 20, 17, 25, 55]",63.67767106735857
"[35, 22, 44, 48, 16, 41, 15, 73, 42, 18, 57, 20, 21, 28, 55]",66.48207366707372
"[30, 22, 42, 46, 15, 41, 13, 66, 42, 17, 57, 20, 21, 30, 58]",67.95681980056992
"[34, 22, 46, 48, 16, 41, 12, 68, 42, 15, 45, 20, 16, 20, 41]",67.79797809829067
"[31, 18, 42, 48, 15, 41, 14, 71, 42, 16, 57, 21, 21, 30, 61]",64.91701630545376
"[40, 21, 52, 48, 18, 41, 15, 75, 42, 21, 49, 20, 18, 30, 45]",67.39843800875059
"[40, 18, 49, 42, 15, 35, 12, 60, 42, 15, 57, 20, 21, 29, 57]",64.57837059930813
"[33, 22, 43, 48, 16, 31, 12, 60, 40, 15, 42, 20, 19, 23, 41]",66.24561571530315
"[31, 22, 42, 48, 15, 41, 12, 70, 42, 16, 57, 22, 21, 30, 58]",65.25926091269841
"[36, 21, 42, 48, 15, 41, 13, 68, 42, 15, 57, 22, 21, 30, 56]",68.2639250101749
"[34, 20, 43, 48, 15, 41, 12, 63, 36, 15, 57, 20, 19, 29, 61]",63.77329530423289
"[33, 19, 42, 48, 15, 40, 12, 66, 41, 15, 56, 20, 20, 28, 55]",62.62746158933668
"[33, 19, 42, 47, 15, 41, 13, 71, 42, 15, 57, 22, 21, 30, 61]",63.877963344525845
"[29, 15, 42, 47, 15, 41, 12, 60, 38, 15, 54, 24, 21, 30, 61]",62.567571861009306
"[36, 20, 42, 48, 15, 41, 12, 75, 42, 19, 45, 20, 19, 20, 41]",65.73541285103799
"[42, 20, 42, 43, 15, 26, 12, 60, 36, 15, 53, 20, 17, 22, 46]",67.21097667378929
"[36, 20, 42, 48, 15, 40, 12, 66, 38, 15, 57, 20, 21, 30, 58]",62.342343686406075
"[27, 22, 42, 43, 15, 39, 12, 60, 37, 15, 54, 20, 20, 29, 52]",66.08907839845342
"[35, 20, 42, 48, 15, 37, 12, 63, 39, 15, 57, 20, 21, 27, 51]",64.77640046296305
"[41, 22, 44, 48, 16, 40, 12, 66, 40, 15, 57, 20, 21, 30, 60]",66.2696995828246
"[41, 19, 42, 45, 15, 41, 14, 74, 42, 15, 55, 20, 20, 30, 45]",66.04765313390313
"[35, 22, 44, 48, 16, 41, 16, 71, 42, 16, 57, 20, 21, 30, 57]",64.64198679792443
"[35, 15, 42, 48, 15, 41, 14, 67, 42, 16, 57, 20, 21, 30, 54]",66.44998232091984
"[34, 22, 48, 48, 17, 41, 12, 70, 42, 17, 47, 20, 14, 20, 45]",68.15242750305251
"[32, 17, 42, 45, 15, 41, 14, 71, 42, 15, 57, 21, 21, 30, 61]",62.64198285510792
"[37, 21, 45, 48, 20, 41, 14, 75, 42, 20, 44, 20, 17, 22, 53]",68.38357524420027
"[42, 19, 42, 48, 15, 38, 12, 60, 41, 15, 57, 22, 21, 30, 59]",65.37753268722012
"[36, 22, 42, 48, 17, 28, 12, 60, 36, 15, 42, 20, 17, 23, 41]",64.51130723443232
"[32, 20, 42, 48, 15, 41, 12, 67, 42, 17, 57, 21, 21, 30, 56]",62.6241002747253
"[34, 22, 42, 48, 15, 41, 14, 66, 42, 17, 57, 21, 21, 30, 58]",66.65383890415143
"[34, 20, 42, 47, 15, 41, 12, 65, 37, 15, 57, 24, 19, 30, 61]",64.72698514448517
"[34, 20, 42, 48, 15, 40, 12, 67, 40, 15, 57, 20, 19, 29, 60]",63.79555657305668
"[35, 19, 42, 45, 15, 41, 12, 69, 42, 17, 57, 23, 21, 30, 61]",70.92917328042334
"[36, 14, 42, 44, 15, 34, 12, 60, 42, 15, 53, 26, 21, 30, 58]",63.68360716829468
"[38, 21, 42, 48, 16, 41, 12, 69, 42, 21, 42, 20, 20, 20, 42]",68.39085851648353
"[34, 21, 44, 38, 15, 40, 12, 60, 34, 15, 51, 20, 18, 21, 45]",70.82885671041934
"[34, 21, 42, 48, 15, 41, 12, 67, 39, 15, 57, 22, 21, 30, 55]",66.79902014652019
"[36, 22, 42, 44, 15, 37, 12, 60, 39, 19, 48, 20, 18, 27, 55]",69.58885950854707
"[34, 22, 42, 47, 15, 38, 12, 63, 39, 15, 51, 20, 21, 29, 53]",66.07173407610935
"[40, 21, 46, 48, 16, 39, 12, 65, 40, 15, 57, 20, 21, 30, 60]",66.72529507529522
"[34, 21, 42, 45, 15, 41, 13, 75, 42, 15, 54, 20, 19, 27, 48]",64.87471904253168
"[35, 20, 46, 48, 16, 41, 13, 73, 42, 16, 57, 20, 20, 30, 56]",65.52727627696356
"[39, 18, 42, 48, 15, 41, 13, 67, 42, 15, 57, 21, 21, 30, 51]",63.69213942307712
"[36, 22, 45, 48, 17, 41, 13, 69, 42, 16, 45, 20, 13, 23, 48]",70.45232015669522
"[33, 20, 42, 44, 15, 41, 14, 72, 42, 16, 57, 21, 21, 30, 61]",67.5057684676435
"[34, 22, 44, 48, 24, 41, 13, 75, 42, 17, 48, 20, 20, 20, 52]",66.35389448514455
"[38, 19, 42, 48, 15, 38, 12, 60, 38, 15, 57, 23, 21, 30, 59]",66.45665038665058
"[38, 21, 44, 48, 15, 28, 12, 60, 34, 15, 42, 20, 17, 22, 43]",66.98797351953581
"[35, 18, 42, 48, 15, 41, 12, 68, 42, 18, 57, 20, 21, 30, 60]",67.58863553113544
"[33, 22, 43, 48, 15, 41, 13, 65, 42, 19, 57, 20, 21, 30, 58]",64.49730998168471
"[34, 20, 43, 48, 15, 40, 12, 64, 42, 15, 57, 23, 21, 30, 56]",67.98076541514033
"[35, 21, 42, 48, 15, 40, 12, 65, 42, 15, 57, 20, 21, 30, 57]",63.57908526658505
"[36, 20, 42, 45, 15, 41, 12, 66, 42, 18, 57, 22, 21, 30, 61]",63.95745904558401
"[36, 22, 42, 41, 15, 33, 12, 62, 42, 15, 53, 21, 21, 30, 56]",65.04661121286125
"[34, 21, 42, 48, 16, 41, 13, 65, 42, 15, 44, 20, 15, 21, 48]",63.74204148860379
"[27, 22, 46, 40, 15, 41, 12, 60, 37, 15, 42, 20, 19, 30, 41]",71.50406580687836
"[34, 21, 42, 48, 15, 41, 12, 66, 40, 15, 57, 23, 21, 30, 55]",64.70885989010993
"[31, 19, 42, 46, 15, 35, 12, 63, 39, 21, 47, 20, 17, 26, 54]",65.89671805046801
"[35, 20, 42, 47, 15, 40, 12, 62, 39, 15, 43, 20, 19, 30, 56]",66.18677642958897
"[34, 20, 48, 48, 16, 39, 12, 64, 40, 15, 57, 23, 21, 30, 61]",64.5464135632885
"[29, 20, 42, 48, 15, 41, 13, 71, 42, 15, 51, 20, 17, 23, 55]",68.3762278693529
"[35, 20, 46, 48, 16, 41, 12, 74, 42, 16, 57, 20, 21, 30, 55]",67.19072814916585
"[40, 22, 42, 47, 15, 41, 12, 69, 42, 15, 57, 21, 21, 30, 56]",64.11079237891727
"[38, 22, 48, 48, 15, 41, 14, 68, 42, 15, 42, 20, 13, 25, 47]",65.95762833231566
"[32, 21, 42, 47, 15, 41, 13, 70, 42, 17, 57, 21, 21, 30, 61]",63.58012044668291
"[33, 22, 46, 48, 23, 41, 12, 75, 42, 18, 44, 20, 20, 20, 44]",68.22248092185598
"[36, 20, 44, 48, 15, 36, 12, 60, 39, 15, 57, 22, 21, 30, 57]",69.69639804639812
"[35, 21, 48, 48, 15, 36, 12, 60, 34, 15, 42, 20, 16, 21, 41]",65.52606646825397
"[37, 16, 42, 48, 15, 41, 13, 69, 42, 18, 57, 22, 21, 30, 61]",62.885178698616
"[34, 21, 43, 48, 15, 41, 13, 69, 42, 16, 57, 20, 21, 30, 60]",64.87242966524221
"[33, 22, 42, 47, 15, 41, 12, 62, 42, 15, 57, 20, 21, 30, 59]",64.84114430708195
"[35, 21, 42, 48, 15, 41, 12, 66, 42, 15, 57, 20, 21, 30, 55]",66.96945461945444
"[35, 20, 42, 48, 15, 41, 12, 72, 42, 15, 57, 21, 21, 30, 61]",66.21461373117623
"[31, 22, 42, 48, 15, 34, 12, 62, 42, 15, 53, 20, 21, 30, 58]",65.82654202279201
"[32, 22, 42, 48, 15, 41, 14, 65, 42, 15, 44, 20, 13, 28, 49]",67.07078945360199
"[29, 22, 42, 45, 15, 37, 12, 60, 42, 15, 42, 20, 17, 30, 41]",68.52427248677247
"[35, 20, 43, 48, 15, 41, 12, 64, 41, 15, 57, 20, 21, 30, 61]",67.51487395706164
"[25, 19, 42, 48, 15, 34, 12, 65, 39, 15, 46, 20, 20, 26, 47]",65.08784442409437
"[35, 18, 42, 48, 15, 41, 12, 61, 39, 15, 54, 20, 18, 30, 53]",67.43036324786338
"[33, 22, 45, 48, 15, 41, 12, 62, 42, 15, 57, 23, 21, 30, 57]",63.64574506511991
"[29, 17, 42, 48, 15, 41, 13, 69, 42, 15, 49, 20, 17, 24, 59]",66.1973459757832
"[35, 21, 43, 48, 16, 41, 12, 69, 42, 17, 57, 21, 21, 30, 56]",65.97550951363444
"[37, 20, 42, 46, 15, 41, 12, 70, 42, 17, 57, 21, 21, 30, 60]",66.5597571988197
"[36, 22, 51, 48, 15, 41, 12, 69, 42, 15, 43, 20, 14, 25, 42]",67.54810617623086
"[32, 19, 42, 48, 15, 41, 12, 70, 42, 15, 57, 21, 21, 30, 61]",65.77972629222602
"[36, 20, 48, 48, 19, 41, 12, 75, 42, 20, 43, 20, 18, 20, 45]",68.37977869352865
"[37, 20, 45, 48, 15, 37, 12, 60, 41, 15, 57, 20, 21, 30, 59]",67.55142195767219
"[35, 22, 50, 48, 15, 39, 12, 60, 38, 15, 42, 20, 18, 23, 41]",68.47851406695163
"[31, 16, 42, 48, 15, 41, 13, 70, 42, 16, 57, 23, 21, 30, 59]",63.995096408221734
"[36, 19, 43, 48, 15, 41, 13, 70, 42, 15, 57, 20, 21, 30, 57]",64.46071568477836
"[33, 21, 42, 46, 15, 41, 12, 64, 39, 15, 57, 20, 21, 29, 60]",64.21545113451356
"[35, 19, 42, 48, 15, 41, 12, 68, 42, 15, 57, 21, 21, 30, 56]",68.40885899979642
"[33, 21, 42, 48, 15, 41, 14, 75, 42, 15, 57, 21, 21, 30, 61]",65.7402598443225
"[27, 17, 42, 48, 15, 38, 12, 61, 42, 15, 56, 21, 21, 30, 56]",67.65135149572649
"[33, 19, 42, 48, 15, 41, 13, 71, 42, 15, 46, 20, 13, 24, 41]",66.45621171652401
"[34, 17, 42, 45, 15, 31, 12, 60, 42, 15, 48, 20, 16, 30, 51]",64.48711894586887
"[35, 19, 43, 48, 15, 41, 12, 63, 41, 15, 57, 20, 21, 30, 61]",63.43129731379719
"[30, 21, 42, 43, 15, 35, 12, 64, 39, 15, 50, 20, 20, 27, 46]",65.7137964234839
"[35, 20, 42, 48, 15, 40, 12, 61, 39, 15, 57, 20, 19, 28, 50]",63.46642958892932
"[37, 21, 42, 48, 15, 41, 13, 61, 42, 15, 57, 21, 21, 30, 57]",64.6838652319903
"[42, 17, 42, 46, 15, 41, 14, 66, 42, 17, 49, 20, 18, 28, 55]",68.59343546499811
"[35, 20, 43, 48, 16, 41, 15, 66, 42, 16, 57, 22, 21, 30, 57]",64.91271418396434
"[34, 19, 42, 48, 15, 41, 12, 66, 42, 17, 57, 22, 21, 30, 59]",65.96577152014643
"[34, 22, 52, 48, 16, 41, 12, 66, 42, 17, 43, 20, 18, 22, 41]",67.23552515771256
"[34, 18, 42, 48, 15, 41, 12, 71, 42, 15, 57, 20, 21, 30, 61]",65.35901442307679
"[37, 20, 47, 48, 15, 41, 16, 75, 42, 18, 45, 20, 14, 21, 49]",65.31660790598269
"[39, 18, 45, 48, 16, 37, 12, 60, 40, 15, 57, 21, 21, 30, 61]",65.77153159340658
"[39, 22, 44, 48, 15, 36, 12, 60, 41, 15, 42, 20, 20, 20, 41]",64.30356659544174
"[30, 20, 42, 45, 15, 41, 13, 73, 42, 15, 57, 22, 21, 30, 56]",63.2222420634921
"[37, 18, 43, 48, 15, 41, 13, 67, 42, 15, 57, 21, 21, 30, 54]",62.58980463980456
"[35, 21, 42, 48, 15, 41, 12, 65, 37, 15, 57, 21, 21, 30, 57]",66.81660396316659
"[35, 18, 42, 48, 15, 41, 12, 69, 42, 15, 57, 21, 21, 30, 59]",64.55585813492077
"[35, 21, 42, 45, 15, 41, 14, 75, 42, 15, 57, 21, 21, 30, 61]",64.01792824074091
"[33, 14, 42, 48, 15, 40, 12, 61, 41, 15, 56, 23, 21, 30, 58]",65.68652256308529
"[35, 19, 42, 48, 16, 41, 12, 71, 42, 16, 48, 20, 18, 20, 46]",66.23217974155484
"[37, 16, 42, 44, 15, 37, 12, 60, 42, 15, 50, 20, 17, 23, 51]",70.75747176434706
"[34, 20, 42, 48, 15, 40, 13, 68, 39, 15, 57, 21, 21, 30, 61]",64.8607794057796
"[32, 18, 42, 38, 15, 41, 12, 60, 39, 17, 44, 20, 19, 27, 56]",67.62830229955203
"[34, 21, 42, 47, 15, 38, 12, 63, 39, 15, 48, 20, 21, 26, 51]",66.76810172466426
"[37, 19, 42, 48, 15, 39, 13, 66, 42, 15, 57, 20, 21, 30, 58]",65.58258547008538
"[43, 17, 42, 45, 15, 41, 13, 63, 42, 17, 52, 20, 19, 27, 47]",66.83949989824983
"[35, 20, 47, 48, 16, 41, 15, 70, 42, 16, 57, 22, 21, 30, 57]",64.75727843915345
"[35, 18, 42, 47, 15, 41, 14, 67, 42, 16, 57, 21, 21, 30, 54]",63.77845250814003
"[36, 21, 51, 48, 17, 41, 12, 63, 42, 17, 45, 20, 19, 21, 44]",64.17699366605628
"[34, 21, 42, 46, 15, 41, 12, 68, 42, 17, 57, 20, 21, 30, 58]",69.26947446072438
"[36, 21, 47, 48, 15, 41, 16, 69, 42, 19, 42, 20, 15, 24, 53]",66.87019039987807
"[37, 17, 46, 48, 16, 37, 12, 61, 38, 15, 57, 23, 21, 30, 61]",65.31604344729321
"[40, 20, 42, 48, 16, 32, 12, 60, 42, 15, 42, 20, 21, 23, 41]",68.71962759462761
"[35, 21, 42, 44, 15, 41, 12, 73, 42, 17, 57, 22, 21, 30, 56]",65.0167637108262
"[38, 17, 43, 48, 15, 41, 13, 69, 42, 15, 57, 22, 21, 30, 55]",66.53335889804632
"[34, 20, 42, 48, 15, 41, 12, 61, 40, 15, 57, 21, 20, 30, 58]",64.77329365079375
"[32, 18, 42, 48, 15, 41, 12, 67, 42, 15, 57, 20, 21, 30, 61]",65.02299018111482
"[35, 20, 42, 48, 15, 41, 13, 71, 42, 16, 57, 22, 21, 30, 61]",68.11770159238903
"[39, 21, 42, 47, 15, 41, 12, 66, 39, 15, 52, 25, 21, 30, 61]",63.78053762210001
"[35, 20, 42, 48, 15, 41, 13, 68, 42, 16, 42, 20, 19, 22, 50]",65.49964972527499
"[27, 19, 45, 41, 15, 41, 12, 60, 38, 15, 50, 20, 20, 24, 41]",65.37307488807532
"[34, 21, 42, 47, 15, 41, 12, 70, 41, 15, 57, 22, 21, 30, 61]",64.34331005799751
"[32, 17, 42, 43, 16, 36, 12, 60, 39, 18, 47, 20, 20, 25, 54]",67.52971573565328
"[34, 19, 42, 47, 15, 37, 12, 63, 39, 15, 43, 20, 19, 26, 56]",68.57152154558422
"[38, 21, 45, 48, 15, 38, 12, 68, 40, 15, 57, 21, 21, 30, 61]",65.03339133089138
"[30, 18, 42, 46, 15, 41, 13, 69, 42, 15, 55, 20, 17, 25, 49]",64.09039657102151
"[35, 21, 46, 48, 15, 41, 12, 74, 42, 17, 57, 22, 21, 30, 56]",63.44385111416374
"[36, 20, 42, 47, 15, 41, 14, 67, 42, 15, 57, 20, 21, 30, 53]",63.18730247761494
"[38, 20, 46, 48, 16, 41, 12, 64, 42, 17, 47, 20, 15, 20, 49]",66.83408017908032
"[33, 22, 42, 44, 15, 41, 14, 69, 42, 17, 57, 20, 21, 30, 54]",62.857378408628406
"[34, 22, 45, 48, 23, 41, 12, 75, 42, 22, 43, 20, 20, 26, 49]",66.44121616809105
"[37, 20, 46, 48, 15, 35, 12, 62, 37, 15, 57, 22, 21, 30, 60]",69.19573412698409
"[31, 20, 44, 48, 17, 32, 12, 60, 35, 15, 44, 20, 13, 26, 41]",70.19269345238075
"[36, 20, 42, 44, 15, 41, 12, 72, 42, 19, 57, 22, 21, 30, 59]",65.2835386141636
"[38, 19, 43, 48, 15, 41, 12, 70, 42, 17, 57, 22, 21, 29, 56]",62.54561291717541
"[34, 21, 42, 48, 15, 41, 13, 60, 41, 15, 57, 22, 20, 30, 59]",66.9808605514854
"[31, 20, 42, 48, 15, 41, 12, 68, 41, 15, 57, 23, 21, 30, 57]",63.007708969271626
"[33, 20, 42, 47, 15, 41, 12, 74, 42, 18, 57, 23, 21, 30, 61]",67.99668281949495
"[40, 22, 42, 43, 15, 35, 12, 67, 38, 15, 56, 23, 21, 30, 61]",66.28505100223859
"[33, 21, 43, 48, 15, 41, 14, 66, 42, 16, 42, 20, 19, 29, 49]",63.48906860500601
"[26, 22, 52, 45, 15, 35, 12, 60, 37, 15, 43, 20, 19, 30, 41]",66.85504845848591
"[35, 20, 42, 48, 15, 41, 12, 68, 41, 15, 57, 22, 21, 30, 61]",64.32469983719984
"[32, 18, 42, 48, 15, 36, 12, 60, 39, 16, 55, 20, 21, 27, 52]",62.23088230056989
"[35, 19, 42, 48, 15, 38, 12, 60, 39, 15, 48, 20, 17, 28, 52]",64.50002849002851
"[40, 22, 46, 48, 15, 41, 12, 66, 42, 15, 57, 23, 21, 30, 60]",66.47864735958503
"[28, 19, 42, 48, 15, 41, 12, 75, 42, 15, 51, 20, 15, 26, 52]",68.75463128306878
"[35, 22, 42, 48, 15, 41, 12, 72, 42, 18, 57, 21, 21, 30, 56]",64.12366618335366
"[33, 21, 42, 47, 15, 41, 13, 67, 42, 15, 57, 20, 21, 30, 56]",67.89736632580374
"[37, 19, 45, 48, 16, 41, 12, 64, 42, 16, 43, 20, 14, 22, 53]",67.75797809829072
"[31, 20, 42, 47, 15, 41, 13, 70, 42, 15, 57, 21, 21, 30, 57]",65.04355756512003
"[35, 21, 43, 48, 25, 41, 12, 75, 42, 21, 45, 20, 21, 28, 45]",64.12166310541323
"[37, 22, 44, 48, 15, 34, 12, 61, 38, 15, 57, 20, 21, 30, 57]",65.12536795380542
"[32, 22, 46, 48, 15, 32, 12, 60, 32, 15, 46, 20, 14, 20, 41]",68.4740270146519
"[36, 18, 42, 45, 15, 41, 14, 71, 42, 19, 57, 20, 21, 30, 61]",65.11485513329261
"[35, 21, 43, 48, 15, 41, 12, 70, 42, 18, 57, 22, 21, 30, 60]",64.80418243793218
"[34, 22, 42, 47, 15, 39, 13, 65, 40, 15, 57, 23, 21, 30, 57]",64.1812151505898
"[32, 18, 42, 47, 15, 41, 12, 68, 40, 16, 57, 24, 21, 29, 54]",63.575809422059386
"[34, 20, 42, 46, 15, 41, 12, 72, 42, 17, 57, 22, 21, 30, 61]",66.82563364875865
"[35, 12, 42, 43, 15, 31, 12, 66, 42, 15, 57, 22, 21, 30, 60]",68.28061126373638
"[33, 21, 44, 48, 15, 41, 14, 67, 42, 16, 47, 20, 17, 28, 47]",63.64120548433075
"[39, 19, 54, 45, 15, 34, 12, 60, 40, 15, 42, 20, 17, 30, 45]",65.98247748779012
"[35, 19, 42, 47, 15, 41, 12, 66, 41, 17, 57, 22, 21, 30, 58]",63.51799933862451
"[32, 20, 42, 48, 15, 39, 12, 63, 38, 15, 57, 20, 21, 28, 50]",65.12484203296698
"[36, 18, 42, 47, 15, 39, 13, 60, 39, 15, 53, 20, 16, 30, 48]",63.68776620370368
"[38, 22, 46, 48, 15, 41, 12, 63, 42, 15, 57, 22, 21, 30, 58]",67.41617012617009
"[31, 19, 42, 46, 15, 41, 13, 71, 42, 15, 47, 20, 15, 26, 55]",66.1590958231583
"[35, 21, 42, 48, 16, 41, 13, 69, 42, 16, 57, 20, 21, 30, 55]",63.794850936101035
"[33, 20, 42, 48, 15, 41, 12, 69, 42, 16, 57, 21, 21, 30, 57]",65.76398351648362
"[36, 20, 48, 48, 16, 41, 12, 67, 42, 15, 45, 20, 17, 21, 41]",65.12925379019131
"[33, 17, 42, 47, 15, 41, 13, 69, 42, 15, 57, 21, 21, 30, 61]",64.80532089438336
"[40, 20, 46, 48, 21, 41, 12, 75, 42, 17, 49, 20, 21, 27, 47]",64.28376386345109
"[38, 22, 45, 48, 15, 36, 12, 60, 40, 15, 57, 20, 21, 30, 58]",65.59760149572689
"[37, 22, 45, 48, 15, 36, 12, 60, 39, 15, 42, 20, 21, 20, 41]",73.63288359788363
"[37, 19, 42, 48, 15, 41, 14, 69, 42, 16, 57, 20, 21, 30, 58]",67.25600974257216
"[35, 20, 44, 48, 15, 41, 14, 72, 42, 19, 57, 23, 21, 30, 59]",64.61738921957692
"[33, 21, 42, 48, 15, 41, 12, 65, 38, 15, 57, 22, 21, 29, 58]",64.60772283272259
"[34, 18, 42, 46, 15, 41, 13, 68, 40, 17, 57, 21, 21, 29, 57]",65.84463141025641
"[35, 20, 42, 44, 15, 41, 14, 70, 42, 15, 57, 20, 21, 30, 61]",66.15239863146098
"[29, 12, 42, 48, 15, 33, 12, 60, 42, 15, 54, 22, 21, 30, 58]",65.16205611518123
"[33, 19, 43, 48, 15, 41, 15, 69, 42, 17, 50, 20, 18, 26, 49]",70.9895871489622
"[43, 20, 47, 44, 15, 40, 12, 60, 39, 15, 44, 20, 16, 26, 47]",64.8624300468049
"[34, 19, 42, 47, 15, 41, 12, 68, 39, 17, 57, 21, 21, 30, 58]",70.23660536223059
"[35, 19, 42, 48, 15, 40, 12, 63, 37, 15, 57, 20, 21, 29, 54]",64.95270477207978
"[36, 18, 42, 47, 15, 40, 12, 60, 39, 15, 48, 20, 19, 27, 57]",71.04771278490034
"[37, 22, 47, 48, 17, 41, 12, 64, 42, 15, 57, 21, 21, 30, 57]",64.64938441188437
"[36, 19, 42, 43, 15, 41, 14, 70, 42, 16, 47, 20, 18, 27, 49]",68.24636828449324
"[35, 21, 47, 48, 16, 41, 14, 71, 42, 15, 57, 20, 21, 30, 56]",63.943550951363086
"[35, 19, 42, 48, 15, 41, 14, 71, 42, 17, 57, 23, 21, 30, 57]",63.33188759157509
"[34, 21, 47, 48, 17, 41, 12, 68, 42, 16, 44, 20, 19, 23, 41]",67.89221357346375
"[33, 17, 42, 45, 15, 41, 15, 70, 42, 16, 57, 22, 21, 30, 61]",63.60725071225086
"[41, 21, 48, 48, 19, 41, 13, 75, 42, 15, 47, 20, 20, 25, 50]",66.47038092694326
"[36, 20, 48, 44, 16, 40, 12, 60, 41, 15, 57, 20, 21, 30, 59]",68.71495586589344
"[39, 20, 44, 48, 15, 34, 12, 60, 42, 15, 42, 20, 14, 21, 45]",65.86562080280818
"[35, 20, 42, 48, 15, 41, 13, 73, 42, 16, 57, 21, 21, 30, 55]",65.15558531746049
"[37, 18, 42, 48, 15, 41, 14, 74, 42, 15, 57, 23, 21, 30, 61]",66.22741567460308
"[32, 20, 42, 48, 15, 41, 12, 62, 39, 15, 57, 21, 21, 29, 58]",64.4717264448517
"[34, 20, 42, 46, 15, 41, 13, 67, 42, 16, 57, 20, 21, 29, 57]",68.83462263431015
"[34, 18, 42, 44, 15, 41, 14, 65, 42, 15, 57, 20, 21, 30, 60]",63.06300162800153
"[25, 12, 42, 45, 15, 37, 12, 60, 42, 15, 53, 22, 21, 30, 57]",66.3863350885226
"[35, 18, 42, 48, 15, 41, 16, 71, 42, 16, 45, 20, 19, 25, 50]",66.62404609279604
"[38, 22, 44, 44, 15, 41, 12, 60, 40, 15, 48, 20, 18, 22, 45]",67.14963713369941
"[33, 20, 42, 47, 15, 41, 12, 68, 40, 15, 57, 20, 21, 30, 56]",62.878826312576464
"[34, 17, 42, 46, 15, 38, 13, 60, 37, 15, 55, 20, 21, 29, 57]",65.36868144586883
"[33, 19, 42, 47, 15, 39, 12, 60, 39, 15, 45, 20, 21, 26, 59]",63.518248244810934
"[39, 21, 47, 48, 16, 40, 12, 64, 41, 15, 57, 21, 21, 30, 60]",64.91691073972328
"[40, 16, 42, 41, 15, 41, 13, 72, 42, 17, 51, 20, 20, 24, 47]",64.3387726393975
"[36, 22, 47, 48, 15, 41, 14, 70, 42, 18, 57, 21, 21, 30, 56]",64.79467478123709
"[36, 20, 42, 45, 15, 41, 14, 71, 42, 17, 57, 21, 21, 30, 56]",65.93029075091584
"[35, 22, 46, 48, 17, 41, 12, 67, 42, 17, 45, 20, 16, 22, 41]",66.45061126373614
"[32, 19, 42, 45, 15, 41, 12, 70, 42, 17, 57, 21, 21, 30, 60]",62.19188148656915
"[37, 22, 46, 48, 17, 41, 14, 72, 42, 15, 49, 20, 18, 28, 50]",64.34787558506312
"[34, 19, 48, 46, 17, 41, 12, 62, 39, 15, 57, 21, 21, 30, 59]",64.4895811711435
"[38, 19, 44, 48, 15, 35, 12, 60, 38, 15, 42, 20, 13, 22, 41]",65.885096535409
"[30, 21, 42, 48, 15, 41, 13, 74, 42, 16, 57, 23, 21, 30, 58]",64.74125292531537
"[36, 18, 42, 48, 15, 41, 12, 69, 42, 15, 57, 24, 21, 30, 61]",66.88786858974362
"[33, 19, 42, 47, 15, 41, 12, 63, 40, 15, 57, 21, 20, 30, 58]",63.78815005596248
"[33, 20, 42, 47, 15, 41, 13, 68, 42, 15, 57, 20, 21, 30, 58]",67.11318287037028
"[33, 17, 42, 46, 15, 41, 15, 70, 42, 18, 57, 20, 21, 30, 60]",63.36301498270253
"[28, 16, 42, 36, 15, 40, 12, 60, 41, 15, 56, 23, 21, 30, 59]",66.11093928062706
"[33, 21, 42, 47, 15, 41, 15, 70, 42, 15, 43, 20, 18, 28, 50]",63.971107549857514
"[33, 22, 46, 46, 15, 39, 12, 60, 40, 15, 50, 20, 19, 27, 41]",67.79692612942618
"[35, 21, 42, 47, 15, 41, 12, 69, 41, 15, 57, 23, 21, 30, 55]",63.95595060032576
"[32, 16, 42, 47, 15, 37, 13, 60, 39, 15, 54, 20, 20, 29, 57]",63.49110373422887
"[32, 20, 42, 46, 15, 39, 12, 63, 39, 15, 47, 20, 18, 30, 55]",66.60868462555963
"[39, 20, 48, 48, 15, 40, 12, 65, 41, 15, 57, 21, 21, 30, 61]",65.9571272130647
"[35, 15, 42, 47, 15, 41, 12, 72, 42, 16, 54, 20, 18, 23, 52]",66.82913499694746
"[36, 21, 45, 48, 15, 41, 13, 66, 42, 18, 57, 21, 21, 30, 55]",68.52526556776564
"[33, 21, 42, 44, 15, 41, 15, 69, 42, 15, 57, 20, 21, 30, 57]",66.31664033882784
"[37, 21, 50, 48, 16, 41, 12, 65, 42, 17, 46, 20, 14, 21, 41]",68.84036782661782
"[31, 20, 42, 46, 15, 41, 12, 67, 42, 16, 57, 21, 21, 30, 57]",62.447661782661726
"[35, 22, 45, 48, 19, 41, 12, 69, 42, 16, 48, 20, 19, 28, 46]",64.92436075498577
"[34, 20, 42, 48, 16, 41, 12, 63, 37, 15, 57, 23, 21, 30, 61]",65.70749275030511
"[32, 19, 51, 48, 16, 39, 12, 60, 35, 15, 42, 20, 16, 20, 41]",67.29035409035392
"[34, 20, 42, 46, 15, 41, 14, 72, 42, 17, 57, 22, 21, 30, 61]",68.88385187728969
"[33, 18, 42, 48, 15, 41, 12, 66, 42, 17, 57, 23, 21, 30, 58]",66.68832239519757
"[35, 20, 42, 46, 15, 41, 13, 65, 39, 15, 57, 22, 20, 30, 57]",65.38052286833556
"[32, 19, 42, 48, 15, 41, 13, 68, 42, 16, 57, 21, 21, 29, 57]",65.30156313593818
"[33, 20, 42, 48, 15, 41, 12, 70, 42, 19, 57, 21, 21, 30, 57]",62.55989672364683
"[33, 17, 42, 38, 15, 39, 12, 60, 40, 15, 56, 25, 21, 30, 56]",65.94687499999999
"[32, 22, 42, 45, 15, 41, 12, 71, 42, 16, 50, 20, 18, 30, 46]",65.31867788461554
"[32, 22, 51, 47, 15, 34, 12, 60, 40, 15, 46, 20, 19, 30, 42]",68.99407763532757
"[35, 20, 42, 48, 15, 41, 12, 69, 40, 15, 57, 21, 21, 30, 56]",65.85041272385011
"[30, 19, 42, 46, 15, 37, 12, 63, 40, 15, 57, 20, 21, 29, 56]",64.42343101343113
"[33, 20, 42, 46, 15, 38, 12, 64, 39, 15, 54, 20, 16, 28, 46]",62.55352297008558
"[38, 22, 47, 48, 15, 40, 13, 64, 41, 15, 57, 21, 21, 30, 59]",68.85017106735853
"[31, 17, 42, 48, 15, 41, 12, 71, 42, 15, 53, 20, 17, 30, 57]",67.57426243894997
"[36, 20, 43, 48, 16, 41, 12, 70, 42, 17, 57, 20, 21, 30, 56]",64.8867536630037
"[31, 21, 42, 48, 15, 41, 15, 70, 42, 15, 57, 20, 21, 30, 58]",65.21326236263737
"[38, 20, 54, 48, 16, 41, 12, 66, 42, 16, 42, 20, 14, 20, 43]",70.6101949786323
"[30, 18, 42, 48, 15, 41, 13, 67, 42, 15, 57, 22, 21, 30, 58]",66.02016101953606
"[35, 22, 44, 48, 21, 41, 12, 74, 42, 19, 50, 20, 19, 27, 48]",66.10656555250324
"[35, 21, 42, 48, 15, 39, 12, 64, 37, 15, 57, 22, 21, 30, 59]",62.47465061558816
"[32, 22, 54, 48, 16, 33, 12, 60, 37, 15, 42, 20, 19, 20, 41]",72.50989087301623
"[37, 17, 42, 45, 15, 41, 14, 69, 42, 17, 57, 20, 21, 30, 61]",64.28642691798962
"[34, 21, 42, 47, 15, 41, 12, 67, 42, 18, 57, 23, 21, 30, 57]",69.3999576465204
"[32, 20, 42, 46, 15, 40, 12, 64, 38, 15, 57, 22, 21, 30, 59]",65.88908590252353
"[35, 18, 42, 48, 15, 41, 13, 66, 42, 17, 57, 22, 21, 29, 59]",65.58575880138372
"[33, 22, 42, 47, 15, 41, 12, 73, 42, 16, 57, 24, 21, 30, 55]",66.54861441798941
"[35, 16, 42, 48, 15, 35, 12, 61, 37, 15, 57, 24, 21, 30, 55]",64.81928126271869
"[32, 20, 42, 45, 15, 41, 12, 70, 42, 16, 50, 20, 18, 30, 49]",64.9044398656899
"[35, 21, 48, 48, 15, 32, 12, 62, 39, 15, 48, 20, 18, 30, 45]",64.09290471102977
"[35, 19, 42, 47, 15, 41, 12, 69, 39, 17, 57, 20, 21, 30, 57]",64.71886205229961
"[34, 20, 42, 45, 15, 37, 12, 64, 40, 15, 57, 20, 21, 29, 54]",65.09732041107043
"[34, 20, 42, 46, 15, 37, 12, 64, 39, 15, 57, 20, 17, 26, 41]",68.65554156491676
"[39, 22, 44, 48, 16, 40, 12, 65, 41, 15, 57, 21, 21, 30, 59]",65.62586843711853
"[33, 19, 42, 46, 15, 41, 15, 70, 42, 15, 49, 20, 20, 30, 53]",64.56483236670721
"[35, 22, 47, 48, 16, 41, 14, 73, 42, 16, 57, 21, 21, 30, 56]",63.89137756918986
"[32, 16, 42, 46, 15, 41, 16, 73, 42, 15, 57, 23, 21, 30, 58]",66.0020456857959
"[38, 22, 51, 48, 16, 41, 16, 73, 42, 17, 42, 20, 17, 21, 45]",66.41449086792838
"[33, 17, 42, 44, 15, 41, 15, 72, 42, 15, 57, 22, 21, 30, 57]",63.15302668396439
"[34, 22, 46, 48, 16, 41, 12, 75, 42, 18, 47, 20, 19, 28, 53]",64.74852309727312
"[35, 21, 42, 48, 15, 38, 12, 65, 37, 15, 57, 22, 21, 30, 61]",64.45925251831511
"[43, 22, 52, 48, 16, 28, 12, 60, 40, 15, 42, 20, 16, 22, 41]",65.64118691493715
"[26, 17, 42, 46, 15, 41, 14, 70, 42, 16, 57, 24, 21, 30, 61]",64.70653820716329
"[37, 21, 42, 46, 15, 41, 14, 75, 42, 17, 57, 22, 21, 30, 56]",64.1336713980464
"[31, 20, 42, 46, 15, 37, 12, 67, 37, 15, 57, 22, 21, 30, 60]",65.37753612128627
"[34, 18, 42, 45, 15, 41, 13, 71, 42, 15, 57, 21, 21, 30, 59]",63.71536210317497
"[33, 21, 42, 45, 15, 41, 17, 74, 42, 17, 57, 23, 21, 30, 61]",71.20147461334989
"[32, 13, 42, 48, 15, 32, 14, 64, 36, 15, 52, 21, 21, 30, 59]",66.42759475478239
"[34, 18, 42, 46, 15, 41, 18, 69, 42, 16, 42, 20, 19, 28, 53]",65.46890873015889
"[38, 21, 45, 45, 17, 34, 13, 62, 38, 15, 48, 20, 18, 28, 48]",66.00846281033779
"[34, 19, 42, 44, 15, 41, 14, 71, 39, 15, 57, 20, 21, 30, 60]",65.84573590761086
"[35, 18, 42, 46, 15, 36, 12, 63, 40, 15, 57, 21, 21, 29, 53]",63.907672339234914
"[33, 18, 42, 45, 15, 36, 12, 65, 38, 15, 55, 20, 19, 30, 50]",69.88836576617823
"[39, 22, 46, 48, 16, 38, 14, 69, 40, 15, 57, 21, 21, 30, 57]",65.27227182539681
"[35, 20, 42, 45, 15, 41, 17, 68, 42, 15, 47, 20, 21, 30, 51]",61.427371540496445
"[34, 22, 48, 48, 15, 41, 18, 74, 42, 15, 56, 22, 21, 30, 56]",66.11720314407816
"[36, 18, 42, 44, 15, 41, 15, 74, 42, 15, 57, 24, 21, 30, 57]",65.97879413410662
"[38, 22, 45, 48, 17, 41, 17, 73, 42, 19, 42, 20, 20, 28, 44]",65.10529978123738
"[33, 17, 42, 42, 15, 41, 15, 74, 42, 15, 57, 22, 21, 30, 60]",64.47924870268608
"[35, 20, 48, 48, 15, 41, 14, 72, 42, 15, 45, 20, 18, 30, 56]",63.35712454212462
"[35, 21, 43, 48, 15, 37, 13, 65, 37, 15, 57, 22, 21, 30, 61]",64.17825892857131
"[43, 22, 48, 48, 15, 28, 12, 60, 42, 15, 42, 20, 16, 20, 41]",69.33022117928373
"[26, 20, 42, 45, 15, 41, 14, 72, 42, 15, 57, 25, 21, 30, 59]",67.65788893976381
"[39, 20, 43, 46, 15, 41, 15, 75, 42, 17, 57, 22, 21, 30, 56]",66.75919973544974
"[31, 19, 42, 46, 15, 37, 13, 64, 37, 15, 55, 22, 21, 30, 58]",64.79160892348385
"[32, 21, 42, 44, 15, 40, 15, 74, 41, 15, 57, 23, 21, 30, 56]",67.44030868437099
"[34, 19, 42, 45, 15, 41, 17, 75, 42, 17, 57, 22, 21, 30, 61]",67.87190412596696
"[32, 15, 42, 48, 15, 36, 13, 63, 40, 15, 48, 21, 21, 30, 61]",68.04181420431442
"[34, 18, 42, 48, 15, 41, 18, 67, 42, 15, 42, 20, 20, 28, 53]",69.48302617521358
"[38, 21, 43, 44, 15, 37, 13, 61, 35, 15, 46, 20, 19, 27, 48]",69.78928571428568
"[33, 20, 42, 45, 15, 41, 16, 69, 42, 15, 57, 22, 21, 30, 61]",66.07191977004493
"[34, 17, 42, 46, 15, 36, 14, 62, 36, 15, 53, 22, 21, 30, 56]",66.0822722069597
"[33, 19, 42, 44, 15, 36, 15, 64, 38, 15, 42, 20, 20, 30, 54]",65.60202482702465
"[41, 22, 47, 48, 16, 37, 15, 68, 41, 15, 57, 22, 21, 30, 55]",66.16845797720792
"[35, 20, 42, 45, 15, 41, 18, 71, 42, 15, 49, 20, 21, 30, 53]",64.60364786833561
"[34, 22, 44, 48, 15, 41, 17, 74, 42, 15, 55, 20, 21, 30, 57]",65.63413550569786
"[38, 20, 42, 45, 15, 41, 15, 72, 42, 15, 54, 22, 21, 30, 58]",65.94635938135934
"[37, 22, 42, 48, 17, 41, 17, 70, 42, 20, 42, 20, 20, 30, 45]",63.05368093711823
"[29, 18, 42, 45, 15, 41, 15, 71, 42, 15, 57, 22, 21, 30, 61]",63.738472603784885
"[36, 20, 45, 48, 15, 41, 16, 69, 42, 15, 48, 20, 17, 30, 56]",63.24065616096884
"[35, 21, 44, 48, 15, 38, 15, 65, 37, 15, 57, 22, 21, 30, 60]",63.86994263838007
"[42, 22, 51, 48, 15, 27, 12, 61, 39, 15, 42, 20, 18, 24, 46]",64.80525564713048
"[34, 17, 42, 42, 15, 41, 15, 70, 42, 15, 57, 25, 21, 30, 60]",68.06122825091587
"[39, 19, 44, 48, 15, 41, 14, 75, 42, 16, 55, 23, 21, 30, 56]",70.24745459401706
"[34, 19, 42, 46, 15, 38, 14, 60, 38, 15, 53, 21, 21, 30, 56]",64.82922135734638
"[32, 21, 42, 45, 15, 39, 15, 73, 42, 15, 57, 23, 21, 30, 58]",64.63620968152219
"[35, 18, 42, 47, 15, 41, 14, 74, 42, 19, 57, 22, 21, 30, 61]",66.89369301994293
"[34, 19, 42, 41, 15, 38, 12, 61, 42, 15, 46, 23, 21, 30, 54]",68.44098430504657
"[32, 22, 42, 48, 15, 41, 18, 73, 42, 16, 42, 20, 19, 28, 49]",65.77690450752948
"[32, 21, 45, 48, 15, 38, 13, 63, 38, 15, 43, 20, 20, 27, 45]",63.8876890008137
"[33, 19, 42, 48, 15, 41, 14, 67, 42, 15, 55, 23, 21, 30, 61]",66.09698374542108
"[30, 20, 42, 46, 15, 36, 14, 64, 36, 15, 54, 22, 21, 30, 57]",64.49157509157503
"[34, 20, 42, 43, 15, 38, 14, 63, 38, 15, 50, 20, 18, 28, 54]",65.88273593304841
"[39, 22, 48, 48, 16, 38, 14, 66, 42, 15, 57, 22, 21, 30, 55]",69.39200447700436
"[35, 19, 42, 44, 15, 41, 14, 75, 42, 15, 50, 20, 21, 30, 53]",63.41897537647535
"[36, 22, 43, 48, 16, 41, 15, 74, 42, 15, 50, 20, 21, 30, 56]",66.45146952584453
"[31, 21, 42, 48, 15, 41, 16, 72, 42, 15, 56, 21, 21, 30, 57]",65.47803113553131
"[34, 21, 42, 48, 16, 41, 17, 74, 42, 16, 42, 20, 17, 30, 47]",67.46931102462368
"[28, 21, 42, 47, 15, 41, 15, 72, 42, 15, 57, 22, 21, 30, 61]",64.72311698717951
"[36, 21, 43, 48, 15, 41, 16, 73, 42, 15, 52, 20, 21, 30, 49]",67.93958282458254
"[35, 21, 44, 47, 15, 39, 15, 64, 40, 15, 57, 22, 21, 30, 60]",71.00310643060641
"[34, 22, 55, 48, 17, 35, 12, 60, 31, 15, 42, 20, 19, 25, 44]",64.5659063390314
"[37, 18, 42, 44, 15, 41, 14, 68, 42, 17, 56, 22, 21, 30, 61]",67.94357359076103
"[38, 18, 45, 48, 16, 41, 14, 73, 42, 15, 57, 22, 21, 30, 61]",64.70583854802601
"[35, 20, 42, 46, 15, 38, 13, 61, 38, 15, 50, 20, 21, 30, 55]",65.22063479344735
"[33, 18, 42, 48, 15, 41, 14, 69, 42, 15, 57, 21, 21, 30, 59]",66.45735602360597
"[33, 22, 42, 48, 15, 41, 13, 73, 42, 20, 56, 23, 21, 30, 58]",67.68857664326384
"[36, 21, 42, 42, 15, 38, 14, 61, 42, 15, 50, 21, 21, 30, 52]",63.275184422059176
"[32, 22, 42, 45, 15, 41, 13, 74, 42, 17, 48, 20, 18, 27, 47]",64.10214730871007
"[32, 20, 46, 48, 15, 37, 13, 63, 39, 15, 43, 20, 20, 29, 47]",63.06132147944632
"[34, 19, 42, 48, 15, 41, 12, 71, 41, 15, 55, 22, 21, 30, 57]",63.538044235856795
"[29, 21, 42, 46, 15, 36, 12, 63, 38, 15, 54, 21, 21, 30, 55]",62.99205471611717
"[34, 18, 42, 44, 15, 39, 13, 67, 38, 15, 54, 20, 18, 28, 49]",67.21321911884397
"[38, 22, 47, 48, 16, 39, 13, 66, 42, 15, 57, 21, 21, 30, 58]",67.52930034086259
"[33, 18, 42, 44, 15, 41, 15, 75, 42, 15, 50, 20, 21, 30, 53]",64.29010938135971
"[36, 19, 43, 48, 16, 41, 14, 73, 42, 16, 52, 22, 21, 30, 53]",62.75825104293837
"[27, 20, 42, 48, 15, 41, 16, 73, 42, 15, 55, 21, 21, 30, 56]",63.88449290293051
"[34, 20, 45, 48, 15, 41, 17, 74, 42, 16, 42, 20, 18, 30, 48]",64.30234317765576
"[31, 20, 42, 46, 15, 41, 15, 71, 42, 15, 57, 22, 21, 30, 59]",64.95949150386663
"[35, 20, 43, 48, 15, 41, 16, 75, 42, 15, 52, 20, 21, 30, 51]",68.71731430606424
"[35, 20, 44, 48, 16, 39, 12, 62, 41, 15, 57, 23, 21, 30, 56]",66.57092185592194
"[38, 22, 55, 48, 18, 39, 13, 60, 38, 15, 42, 20, 19, 26, 43]",64.9604038207164
"[34, 19, 42, 47, 15, 41, 14, 72, 42, 16, 57, 21, 21, 30, 60]",65.52136281542543
"[37, 21, 44, 48, 17, 41, 14, 74, 42, 15, 57, 23, 21, 30, 61]",64.80554169210382
"[36, 20, 42, 47, 15, 34, 12, 66, 38, 15, 49, 21, 21, 30, 52]",62.4442997049246
"[34, 18, 42, 48, 15, 41, 14, 67, 42, 15, 57, 21, 21, 30, 60]",64.14546258140037
"[32, 22, 42, 47, 15, 41, 14, 73, 42, 15, 55, 21, 21, 30, 60]",65.19461334961358
"[34, 17, 42, 48, 15, 37, 15, 63, 41, 15, 50, 22, 21, 30, 56]",68.7027097323971
"[33, 21, 42, 45, 15, 41, 12, 73, 42, 17, 45, 20, 18, 27, 46]",68.55366796398066
"[34, 20, 46, 48, 15, 36, 13, 63, 38, 15, 42, 20, 19, 30, 48]",66.99144612332127
"[35, 22, 42, 46, 15, 41, 12, 71, 40, 15, 57, 22, 21, 30, 58]",67.7679821682945
"[29, 19, 42, 44, 15, 36, 12, 60, 40, 15, 54, 21, 21, 30, 54]",67.0871740181115
"[32, 18, 42, 45, 15, 38, 14, 68, 40, 15, 48, 20, 21, 28, 49]",68.67513240231985
"[36, 22, 46, 48, 16, 40, 13, 67, 42, 15, 57, 21, 21, 30, 61]",67.05850325600332
"[32, 20, 42, 44, 15, 41, 16, 75, 42, 16, 48, 20, 21, 30, 53]",63.916151302401346
"[34, 19, 47, 48, 15, 41, 14, 71, 42, 16, 54, 23, 21, 30, 51]",63.221505265567814
"[29, 19, 42, 43, 15, 41, 14, 73, 42, 15, 49, 20, 21, 30, 55]",66.17258038258065
"[36, 21, 46, 48, 15, 41, 15, 74, 42, 20, 45, 20, 20, 27, 44]",64.75081476393991
"[36, 17, 42, 45, 15, 41, 14, 69, 42, 15, 57, 21, 21, 30, 55]",65.06678673178689
"[35, 19, 46, 48, 15, 41, 17, 73, 42, 15, 51, 20, 21, 30, 57]",67.83606684981689
"[35, 20, 43, 48, 15, 37, 13, 70, 37, 15, 57, 24, 21, 30, 58]",66.95835075803812
"[42, 22, 51, 48, 17, 32, 14, 60, 42, 15, 42, 20, 19, 21, 44]",67.7102310999183
"[31, 19, 42, 48, 15, 41, 15, 73, 42, 15, 54, 20, 21, 30, 57]",62.09158221408225
"[35, 22, 43, 48, 15, 41, 15, 72, 42, 15, 57, 24, 21, 30, 58]",66.72860437016695
"[35, 20, 42, 46, 15, 34, 14, 69, 38, 15, 52, 22, 20, 30, 51]",64.2951208282459
"[35, 18, 42, 48, 15, 41, 13, 68, 42, 15, 53, 23, 21, 30, 59]",63.639556242368535
"[33, 18, 42, 46, 15, 41, 16, 74, 42, 15, 54, 20, 21, 30, 61]",66.23271812678078
"[33, 13, 42, 48, 15, 36, 14, 65, 40, 15, 48, 22, 21, 30, 58]",63.01176065832301
"[35, 16, 42, 46, 15, 41, 15, 70, 42, 15, 42, 20, 19, 28, 50]",63.92870777370768
"[36, 20, 45, 48, 15, 37, 14, 64, 38, 15, 44, 20, 19, 26, 48]",64.99773911273888
"[36, 22, 42, 45, 15, 41, 15, 69, 39, 15, 57, 22, 21, 30, 56]",66.20251081094837
"[35, 16, 42, 44, 15, 36, 14, 63, 37, 15, 54, 21, 21, 30, 54]",65.11057081807064
"[31, 20, 42, 44, 15, 38, 14, 67, 41, 15, 49, 20, 19, 29, 51]",65.56216320716314
"[40, 22, 45, 48, 16, 39, 14, 69, 40, 15, 56, 22, 21, 30, 57]",68.8988109228734
"[33, 20, 42, 44, 15, 41, 18, 71, 42, 16, 47, 20, 21, 30, 53]",62.758624211437
"[34, 20, 48, 48, 15, 41, 14, 71, 42, 15, 54, 20, 21, 30, 54]",65.73719347781856
"[36, 18, 42, 42, 15, 41, 13, 72, 42, 15, 50, 20, 21, 30, 55]",64.99216575091555
"[36, 21, 44, 48, 17, 41, 18, 72, 42, 20, 46, 20, 21, 26, 46]",64.19866758241749
"[36, 19, 42, 45, 15, 41, 14, 71, 42, 16, 57, 20, 21, 30, 57]",66.78260861823364
"[35, 19, 46, 48, 15, 41, 16, 71, 42, 15, 48, 20, 19, 30, 59]",63.356700244200105
"[35, 20, 42, 47, 15, 34, 14, 74, 34, 15, 57, 24, 21, 30, 58]",64.99543231074473
"[40, 22, 47, 48, 16, 33, 14, 60, 42, 15, 42, 20, 17, 22, 43]",64.0147189153438
"[30, 20, 42, 47, 15, 41, 15, 75, 42, 15, 55, 21, 21, 30, 57]",63.76892882580362
"[35, 20, 46, 48, 15, 41, 14, 74, 42, 16, 55, 24, 21, 30, 58]",64.16854611823382
"[34, 20, 43, 45, 15, 38, 14, 67, 39, 15, 53, 21, 21, 30, 56]",65.61210037647528
"[35, 21, 42, 42, 15, 40, 14, 68, 41, 15, 51, 22, 21, 30, 54]",64.60360513329238
"[35, 18, 43, 45, 15, 41, 14, 74, 42, 16, 55, 25, 21, 30, 60]",64.17626208282495
"[33, 13, 42, 42, 15, 39, 12, 66, 40, 15, 49, 22, 21, 30, 54]",66.55016788766763
"[34, 16, 42, 48, 15, 41, 17, 69, 42, 15, 42, 20, 19, 27, 50]",64.84044935388681
"[36, 20, 45, 48, 15, 37, 14, 64, 38, 15, 46, 20, 19, 27, 47]",64.30116185897433
"[34, 22, 43, 46, 15, 39, 15, 67, 42, 15, 55, 21, 21, 30, 61]",65.48202673483887
"[34, 16, 42, 44, 15, 36, 15, 63, 37, 15, 57, 21, 21, 30, 53]",65.02567943630459
"[32, 19, 42, 43, 15, 41, 13, 68, 39, 15, 48, 20, 18, 29, 50]",66.87670889295907
"[38, 21, 45, 48, 15, 39, 14, 67, 39, 15, 57, 23, 21, 30, 59]",65.58400882682137
"[35, 19, 42, 45, 15, 41, 18, 71, 42, 15, 47, 20, 20, 30, 52]",61.63508572446093
"[34, 21, 48, 48, 15, 41, 15, 72, 42, 16, 57, 20, 21, 30, 56]",62.924140593202964
"[40, 19, 42, 42, 15, 41, 14, 69, 42, 15, 49, 20, 21, 30, 54]",61.70210355616631
"[35, 22, 42, 48, 18, 41, 18, 75, 42, 18, 42, 20, 19, 28, 48]",65.00628472222249
"[31, 21, 42, 46, 15, 41, 15, 71, 42, 15, 57, 22, 21, 30, 58]",63.97387909544164
"[35, 20, 46, 48, 15, 41, 17, 68, 42, 15, 48, 20, 19, 30, 59]",65.04036401098912
"[35, 20, 43, 46, 15, 39, 14, 65, 40, 15, 57, 22, 21, 30, 61]",64.46018124236879
"[36, 22, 47, 48, 16, 32, 13, 62, 42, 15, 42, 20, 17, 25, 45]",64.4009620472119
"[31, 20, 42, 46, 15, 41, 16, 75, 42, 15, 50, 22, 21, 30, 55]",65.4631962250712
"[37, 18, 46, 48, 15, 41, 14, 74, 42, 16, 57, 24, 21, 30, 59]",65.23063568376067
"[34, 20, 44, 47, 15, 39, 13, 65, 39, 15, 51, 20, 21, 30, 56]",65.99983262108239
"[34, 22, 42, 43, 15, 37, 15, 69, 41, 15, 57, 20, 21, 30, 52]",64.69189522283263
"[33, 20, 42, 46, 15, 41, 13, 73, 42, 17, 57, 27, 21, 30, 58]",64.87596649877914
"[32, 19, 42, 40, 15, 37, 12, 64, 41, 15, 50, 22, 21, 30, 52]",64.61934790903541
"[31, 22, 42, 42, 15, 41, 15, 73, 42, 15, 42, 20, 19, 27, 48]",63.82859190577933
"[34, 20, 46, 48, 15, 37, 14, 66, 38, 15, 46, 20, 20, 28, 44]",63.7095592948718
"[33, 20, 44, 48, 15, 39, 14, 67, 42, 15, 57, 21, 21, 30, 61]",65.52388278388254
"[31, 17, 42, 45, 15, 36, 12, 63, 38, 15, 53, 21, 21, 30, 55]",63.21839858058595
"[35, 19, 42, 47, 15, 39, 12, 68, 37, 15, 47, 20, 19, 29, 50]",62.46450765669538
"[37, 20, 48, 48, 15, 39, 13, 65, 42, 15, 53, 23, 21, 30, 58]",64.80943388787136
"[34, 18, 42, 46, 15, 41, 17, 72, 42, 15, 49, 20, 20, 30, 51]",63.467613578550946
"[35, 22, 45, 48, 17, 41, 15, 74, 42, 16, 51, 20, 21, 30, 56]",67.65933213776962
"[33, 20, 42, 43, 15, 41, 16, 71, 42, 15, 49, 23, 21, 30, 53]",71.2402324989824
"[35, 22, 45, 48, 15, 41, 18, 75, 42, 16, 42, 20, 18, 29, 49]",69.67687131155853
"[31, 18, 42, 47, 15, 41, 15, 71, 42, 15, 55, 23, 21, 30, 61]",64.45598366910878
"[36, 21, 44, 48, 15, 41, 15, 73, 42, 15, 49, 20, 21, 30, 54]",63.98257656695138
"[33, 20, 44, 48, 15, 41, 13, 61, 41, 15, 57, 22, 21, 30, 61]",64.89137566137556
"[34, 22, 49, 48, 16, 34, 12, 64, 40, 15, 42, 20, 20, 20, 41]",69.5878635022383
"[36, 18, 42, 46, 15, 41, 16, 75, 42, 15, 49, 21, 21, 30, 58]",71.67802528490043
"[36, 19, 43, 48, 15, 41, 15, 71, 42, 16, 56, 22, 21, 30, 61]",66.2649505240132
"[34, 19, 43, 48, 15, 36, 13, 69, 39, 15, 49, 21, 21, 30, 55]",65.67268200549445
"[32, 18, 42, 48, 15, 37, 15, 69, 41, 15, 56, 22, 21, 30, 53]",70.8608760683761
"[32, 21, 42, 47, 15, 41, 13, 73, 42, 17, 57, 26, 21, 30, 58]",66.68833485958469
"[32, 21, 42, 47, 15, 35, 15, 64, 42, 15, 50, 22, 21, 30, 54]",63.50349117317849
"[30, 22, 42, 39, 15, 41, 13, 73, 42, 16, 42, 20, 20, 27, 46]",64.7388301282053
"[33, 20, 46, 48, 15, 37, 13, 65, 38, 15, 43, 20, 20, 28, 45]",63.99073806980044
"[35, 19, 45, 48, 15, 38, 13, 67, 39, 15, 53, 21, 21, 30, 58]",66.07399343711849
"[30, 19, 42, 47, 15, 36, 12, 63, 40, 15, 56, 21, 21, 30, 56]",64.8983075142453
"[35, 20, 42, 47, 15, 38, 13, 69, 37, 15, 46, 20, 20, 29, 52]",70.31735945767205
"[38, 21, 47, 48, 15, 40, 13, 65, 42, 15, 52, 22, 21, 30, 61]",65.2747555453807
"[32, 19, 42, 47, 15, 41, 17, 75, 42, 15, 49, 20, 20, 30, 50]",62.59358872608878
"[37, 22, 44, 48, 16, 41, 15, 74, 42, 15, 48, 22, 21, 30, 55]",68.339416971917
"[31, 19, 44, 46, 15, 41, 15, 69, 42, 15, 51, 23, 21, 30, 53]",64.52627632783911
"[37, 19, 47, 48, 15, 41, 15, 75, 42, 17, 42, 20, 20, 29, 50]",67.86827889702882
"[33, 18, 42, 45, 15, 41, 14, 69, 42, 15, 57, 22, 21, 30, 61]",64.63659506003248
"[35, 20, 43, 48, 15, 41, 13, 72, 42, 15, 50, 20, 21, 30, 49]",63.22532025844521
"[34, 20, 43, 48, 15, 41, 13, 67, 39, 15, 53, 22, 21, 30, 61]",64.61526035307286
"[37, 22, 49, 48, 16, 33, 12, 63, 37, 15, 42, 20, 21, 20, 41]",66.90755367317848
"[37, 19, 42, 46, 15, 41, 17, 74, 42, 15, 52, 20, 21, 30, 59]",62.570794668294646
"[35, 20, 43, 48, 15, 41, 14, 70, 42, 15, 51, 21, 21, 30, 58]",63.32433480870998
"[35, 19, 42, 46, 15, 36, 13, 66, 38, 15, 49, 22, 21, 30, 53]",64.01776493182716
"[33, 17, 42, 48, 15, 37, 15, 66, 39, 15, 49, 22, 21, 30, 55]",62.149977869352846
"[34, 18, 42, 47, 15, 41, 13, 73, 42, 15, 57, 22, 21, 30, 59]",64.80140326109074
"[34, 13, 42, 48, 15, 37, 17, 65, 42, 15, 49, 21, 21, 30, 57]",64.29959528897032
"[34, 16, 42, 46, 15, 41, 13, 70, 42, 16, 44, 20, 18, 28, 46]",68.40090722934458
"[35, 20, 47, 48, 15, 37, 13, 64, 39, 15, 42, 20, 20, 28, 49]",64.47029164122912
"[36, 20, 44, 47, 15, 39, 14, 70, 37, 15, 57, 23, 21, 30, 58]",64.90659658628384
"[32, 21, 42, 44, 15, 36, 12, 63, 41, 15, 57, 22, 21, 30, 55]",63.71510098697609
"[33, 20, 42, 46, 15, 37, 15, 66, 38, 15, 46, 20, 19, 29, 51]",67.3988562016686
"[41, 22, 45, 48, 16, 40, 15, 66, 42, 15, 54, 21, 21, 30, 57]",67.91745853683354
"[32, 20, 42, 46, 15, 41, 17, 75, 42, 15, 49, 20, 21, 29, 53]",62.665691391941344
"[36, 22, 45, 48, 16, 41, 14, 70, 42, 15, 46, 22, 21, 30, 52]",67.27289555352047
"[35, 18, 44, 48, 15, 41, 14, 72, 42, 15, 52, 20, 21, 30, 55]",64.73772550366267
"[37, 22, 43, 48, 16, 41, 16, 75, 42, 18, 42, 20, 20, 28, 47]",67.57651544057802
"[33, 20, 42, 43, 15, 41, 14, 69, 42, 15, 57, 22, 21, 30, 58]",63.519607626170185
"[34, 19, 43, 48, 15, 41, 13, 73, 42, 15, 51, 21, 21, 30, 48]",63.59342020248262
"[35, 20, 42, 46, 15, 38, 13, 70, 38, 15, 50, 22, 21, 30, 61]",64.10315031033795
"[39, 21, 47, 48, 16, 35, 13, 60, 38, 15, 44, 20, 20, 21, 41]",65.45316404660173
"[32, 21, 42, 46, 15, 41, 17, 75, 42, 15, 57, 20, 21, 30, 57]",65.44618055555543
"[36, 20, 44, 47, 16, 41, 13, 75, 42, 16, 54, 21, 21, 30, 56]",64.5075708435084
"[36, 20, 42, 45, 15, 38, 14, 66, 38, 15, 50, 21, 21, 30, 52]",63.246590862840954
"[33, 17, 42, 48, 15, 40, 15, 67, 38, 15, 48, 22, 21, 30, 57]",63.65456819800553
"[34, 17, 42, 44, 15, 41, 15, 72, 42, 17, 57, 20, 21, 30, 61]",63.589809727309806
"[37, 14, 42, 48, 15, 41, 14, 66, 41, 15, 49, 20, 21, 30, 56]",65.3956414072039
"[34, 13, 42, 48, 15, 41, 15, 71, 42, 16, 45, 20, 17, 28, 50]",69.56631359381369
"[34, 20, 43, 48, 15, 37, 13, 65, 39, 15, 42, 20, 18, 26, 51]",63.671385073260005
"[36, 21, 42, 48, 15, 41, 14, 69, 42, 15, 57, 23, 21, 30, 56]",68.13754642348412
"[34, 21, 42, 45, 15, 36, 15, 63, 37, 15, 53, 22, 21, 30, 55]",66.77187678062695
"[33, 19, 42, 47, 15, 39, 14, 68, 40, 15, 46, 20, 19, 29, 50]",63.32780130748905
"[40, 21, 47, 48, 17, 39, 15, 67, 40, 15, 57, 21, 21, 30, 52]",65.34452686202643
"[34, 19, 42, 43, 15, 41, 17, 72, 42, 15, 47, 20, 21, 29, 54]",64.2301943426945
"[35, 21, 47, 48, 16, 41, 14, 69, 42, 16, 49, 21, 21, 30, 51]",64.01733402014632
"[39, 21, 42, 45, 15, 41, 15, 72, 42, 15, 50, 20, 21, 30, 55]",61.91767361111131
"[36, 22, 42, 48, 17, 41, 17, 75, 42, 19, 42, 20, 17, 28, 45]",67.79359470390723
"[32, 19, 42, 46, 15, 41, 15, 72, 42, 15, 57, 22, 21, 30, 55]",68.26749147842906
"[34, 20, 43, 46, 15, 41, 15, 75, 42, 15, 48, 20, 21, 30, 51]",64.48849676943436
"[34, 20, 42, 46, 15, 37, 13, 69, 40, 15, 50, 20, 21, 30, 56]",63.78370675620669
"[40, 22, 48, 48, 16, 31, 13, 60, 39, 15, 42, 20, 18, 25, 41]",66.27913016381743
"[28, 20, 42, 47, 15, 41, 16, 75, 42, 15, 55, 21, 21, 30, 54]",67.517667124542
"[37, 19, 44, 46, 15, 41, 13, 75, 42, 16, 54, 23, 21, 30, 56]",62.97044261294265
"[36, 21, 43, 47, 15, 37, 14, 66, 37, 15, 49, 21, 21, 30, 53]",68.43591918498171
"[32, 19, 42, 43, 15, 40, 15, 69, 41, 15, 52, 21, 21, 30, 56]",63.67036668192909
"[32, 18, 42, 45, 15, 41, 16, 69, 42, 16, 57, 20, 21, 30, 60]",64.70964781746028
"[39, 22, 42, 46, 15, 41, 12, 66, 41, 15, 50, 24, 21, 30, 55]",66.91734203296717
"[31, 15, 42, 46, 15, 41, 16, 73, 42, 16, 44, 20, 19, 27, 49]",65.71185693935679
"[33, 20, 43, 48, 15, 37, 15, 65, 37, 15, 47, 20, 18, 25, 43]",65.26899038461544
"[36, 20, 42, 48, 15, 41, 13, 69, 42, 15, 57, 20, 21, 30, 59]",65.11917824074088
"[32, 18, 42, 48, 15, 37, 16, 64, 35, 15, 53, 21, 21, 30, 56]",64.54326592389124
"[35, 18, 42, 46, 15, 39, 12, 69, 40, 15, 47, 20, 19, 29, 49]",63.0924861365487
"[37, 22, 50, 48, 16, 39, 14, 69, 42, 15, 57, 22, 21, 30, 60]",65.8908152726904
"[34, 18, 42, 42, 15, 41, 16, 72, 42, 15, 49, 21, 21, 30, 52]",66.56096662596673
"[35, 21, 46, 48, 16, 41, 16, 69, 42, 16, 57, 20, 21, 30, 50]",64.58109953703679
"[38, 21, 42, 43, 15, 41, 16, 73, 42, 15, 49, 20, 21, 30, 54]",62.48060096153841
"[35, 20, 43, 48, 16, 41, 18, 75, 42, 16, 45, 20, 19, 26, 47]",66.99357537138798
"[34, 18, 42, 47, 15, 41, 15, 71, 42, 16, 57, 22, 21, 30, 57]",64.83787533068796
"[35, 20, 44, 46, 15, 41, 16, 71, 42, 15, 46, 20, 19, 30, 54]",62.04705929487187
"[33, 20, 42, 46, 15, 39, 13, 65, 41, 15, 54, 21, 21, 30, 53]",65.50160078347592
"[37, 22, 48, 48, 16, 29, 13, 60, 38, 15, 42, 20, 18, 28, 41]",68.10506766381768
"[30, 17, 42, 46, 15, 41, 16, 75, 42, 15, 52, 21, 21, 30, 55]",64.22965023402526
"[36, 19, 45, 47, 15, 41, 13, 73, 42, 15, 52, 23, 21, 30, 56]",64.1105270655271
"[33, 20, 44, 48, 15, 37, 14, 66, 38, 15, 48, 21, 21, 30, 53]",62.411279380341966
"[33, 21, 43, 43, 15, 39, 15, 70, 42, 15, 53, 20, 21, 30, 54]",64.07902586996353
"[31, 20, 42, 46, 15, 41, 14, 68, 42, 16, 57, 26, 21, 30, 56]",65.65807590557594
"[35, 22, 42, 46, 15, 38, 12, 68, 41, 15, 52, 26, 21, 30, 57]",67.30676994302004
"[32, 20, 42, 43, 15, 41, 14, 72, 42, 15, 44, 20, 20, 28, 47]",63.559646291208644
"[31, 20, 45, 47, 16, 37, 15, 65, 38, 15, 44, 20, 19, 27, 43]",65.6325627035004
"[35, 20, 42, 48, 15, 41, 12, 70, 40, 15, 55, 21, 21, 30, 61]",62.81014003357755
"[34, 16, 42, 46, 15, 36, 13, 62, 36, 15, 57, 20, 21, 30, 55]",68.49934676434675
"[36, 19, 42, 45, 15, 39, 12, 68, 39, 15, 48, 20, 19, 29, 49]",64.73459503459519
"[39, 22, 51, 48, 15, 39, 13, 69, 42, 15, 55, 21, 21, 30, 61]",66.56715290496548
"[31, 19, 42, 46, 15, 41, 15, 74, 42, 15, 50, 20, 20, 30, 51]",62.04032852564121
"[36, 22, 45, 48, 16, 41, 16, 74, 42, 15, 57, 20, 21, 30, 55]",73.99980858262124
"[35, 18, 42, 43, 15, 41, 13, 74, 42, 16, 49, 21, 21, 30, 53]",63.55896876271882
"[38, 20, 44, 48, 15, 41, 15, 75, 42, 20, 44, 20, 20, 25, 47]",64.6886603327228
"[35, 18, 42, 45, 15, 41, 12, 72, 42, 16, 55, 23, 21, 30, 57]",67.51612332112296
"[36, 18, 44, 45, 15, 41, 15, 70, 42, 16, 49, 20, 20, 29, 50]",64.14974346255593
"[36, 18, 43, 46, 15, 41, 12, 68, 40, 15, 55, 22, 21, 30, 54]",66.26417149979655
"[36, 22, 50, 48, 16, 31, 12, 62, 38, 15, 42, 20, 19, 20, 42]",68.81332239519755
"[38, 17, 42, 39, 15, 41, 12, 74, 42, 16, 53, 23, 21, 30, 53]",63.07514346764344
"[37, 19, 45, 47, 15, 41, 12, 73, 42, 15, 57, 23, 21, 30, 54]",64.96507809320302
"[36, 19, 44, 47, 15, 38, 12, 66, 40, 15, 52, 22, 21, 30, 50]",63.0137983312984
"[33, 13, 42, 44, 15, 41, 12, 70, 41, 16, 52, 22, 21, 30, 51]",65.29951032763528
"[32, 18, 42, 46, 15, 41, 12, 72, 42, 19, 57, 27, 21, 30, 59]",67.99745026963777
"[34, 18, 42, 48, 15, 36, 12, 66, 40, 15, 53, 25, 21, 30, 56]",65.05509907916174
"[38, 22, 42, 42, 15, 41, 13, 70, 42, 16, 45, 20, 19, 28, 46]",65.17553851241367
"[36, 20, 45, 46, 17, 39, 12, 65, 39, 15, 43, 20, 19, 29, 48]",62.25988222425706
"[35, 19, 44, 47, 15, 41, 12, 69, 39, 16, 55, 22, 21, 30, 54]",66.59535409035415
"[35, 16, 42, 43, 15, 37, 12, 62, 41, 15, 56, 20, 21, 30, 54]",69.43038436100935
"[37, 19, 44, 46, 15, 39, 12, 66, 38, 15, 48, 20, 19, 29, 49]",60.869768264143154
"[43, 22, 46, 48, 15, 40, 12, 67, 40, 15, 53, 23, 21, 30, 54]",66.03841460622724
"[37, 18, 42, 46, 15, 41, 15, 75, 42, 15, 51, 21, 20, 30, 51]",64.32646825396843
"[38, 19, 45, 48, 16, 41, 12, 75, 42, 15, 54, 24, 21, 30, 56]",66.42686278998785
"[35, 17, 42, 47, 15, 41, 12, 73, 42, 16, 50, 22, 21, 30, 50]",63.03824417480675
"[39, 20, 43, 48, 15, 41, 12, 75, 42, 23, 45, 20, 18, 27, 44]",66.55152574277577
"[33, 18, 42, 44, 15, 41, 12, 72, 42, 16, 56, 23, 21, 30, 58]",62.40861200142457
"[36, 20, 43, 45, 15, 41, 12, 69, 42, 16, 50, 21, 20, 29, 50]",66.0053044871794
"[38, 17, 44, 45, 15, 40, 12, 68, 38, 15, 52, 22, 21, 30, 53]",62.27829683048433
"[37, 19, 47, 48, 16, 33, 12, 60, 37, 15, 42, 20, 19, 24, 41]",65.24694126475374
"[38, 18, 42, 39, 15, 41, 13, 69, 42, 16, 55, 22, 21, 30, 52]",66.8422474053723
"[38, 19, 43, 47, 15, 41, 13, 73, 42, 19, 57, 23, 21, 30, 57]",65.3828144078144
"[38, 18, 44, 46, 15, 38, 12, 66, 40, 15, 51, 22, 21, 30, 52]",66.01085393772881
"[32, 13, 42, 46, 15, 41, 13, 69, 39, 16, 50, 23, 21, 30, 50]",66.85513723544967
"[33, 17, 42, 46, 15, 41, 12, 72, 42, 20, 57, 22, 21, 30, 57]",70.67446339540082
"[37, 13, 42, 48, 15, 38, 12, 64, 38, 15, 52, 20, 21, 30, 55]",65.48658437627202
"[42, 22, 42, 44, 15, 41, 12, 69, 42, 16, 48, 20, 18, 27, 47]",62.25141356328835
"[40, 20, 44, 45, 15, 40, 12, 65, 39, 15, 45, 20, 18, 27, 50]",62.143373651811345
"[36, 19, 45, 46, 15, 40, 12, 67, 40, 16, 57, 23, 21, 30, 54]",64.94124160561643
"[31, 18, 43, 43, 15, 37, 12, 64, 40, 15, 51, 22, 21, 30, 53]",65.75238603988606
"[37, 19, 44, 47, 16, 40, 12, 66, 38, 15, 48, 20, 19, 29, 49]",63.41909277065525
"[43, 20, 45, 48, 15, 40, 12, 64, 40, 15, 57, 23, 21, 30, 50]",65.40892348392347
"[39, 19, 42, 43, 15, 41, 16, 70, 42, 17, 50, 21, 20, 30, 51]",67.12142081298332
"[38, 19, 45, 48, 16, 41, 12, 74, 42, 16, 53, 23, 21, 30, 54]",65.18727195258464
"[37, 20, 42, 42, 15, 41, 12, 73, 42, 16, 51, 22, 21, 30, 54]",63.624656339031276
"[36, 20, 44, 48, 18, 41, 13, 75, 42, 21, 44, 20, 18, 29, 42]",65.3217260632885
"[34, 18, 42, 45, 15, 41, 14, 71, 42, 16, 55, 22, 21, 30, 57]",65.19282191188428
"[36, 20, 43, 47, 15, 41, 12, 70, 42, 15, 49, 21, 19, 29, 52]",65.38382326007329
"[38, 20, 42, 44, 15, 40, 12, 72, 39, 15, 51, 23, 21, 30, 53]",62.54502111314618
"[40, 20, 46, 48, 16, 33, 12, 60, 37, 15, 42, 20, 17, 28, 42]",64.89606417887666
"[35, 19, 42, 44, 15, 41, 16, 69, 42, 16, 55, 21, 21, 30, 57]",64.83379934879942
"[37, 19, 44, 47, 15, 41, 14, 70, 42, 17, 56, 23, 21, 30, 55]",67.95577050264573
"[33, 19, 44, 46, 15, 40, 12, 67, 39, 15, 49, 22, 21, 30, 53]",63.44028083028108
"[32, 22, 42, 42, 15, 39, 15, 68, 40, 16, 50, 21, 21, 30, 53]",64.32693922975193
"[37, 18, 42, 43, 15, 41, 13, 72, 42, 16, 57, 21, 21, 30, 58]",64.32799514143274
"[35, 13, 43, 47, 15, 37, 13, 64, 39, 15, 48, 21, 21, 30, 56]",67.91975732600712
"[37, 21, 48, 48, 15, 41, 12, 68, 42, 16, 46, 20, 18, 26, 46]",68.14421537952768
"[38, 19, 43, 48, 15, 41, 12, 66, 39, 15, 48, 20, 18, 26, 50]",66.38598621286116
"[36, 19, 42, 46, 15, 40, 12, 67, 40, 15, 56, 23, 21, 30, 55]",63.60825931013415
"[32, 19, 42, 45, 15, 38, 12, 64, 38, 15, 49, 23, 21, 30, 53]",63.93006855413133
"[37, 19, 44, 48, 17, 39, 12, 65, 40, 15, 48, 20, 19, 29, 49]",65.55956311050039
"[38, 21, 47, 48, 15, 39, 12, 65, 40, 15, 57, 22, 21, 30, 61]",66.02974117317879
"[37, 20, 42, 44, 15, 41, 15, 72, 42, 16, 49, 21, 21, 30, 52]",66.1096738909238
"[35, 21, 46, 48, 16, 41, 13, 71, 42, 16, 51, 21, 21, 30, 52]",63.67607702482688
"[38, 19, 42, 41, 15, 41, 14, 74, 42, 16, 50, 21, 21, 30, 58]",64.10438479344744
"[36, 21, 45, 48, 19, 41, 18, 73, 42, 20, 44, 20, 19, 28, 45]",65.47457506613763
"[32, 18, 42, 46, 15, 41, 14, 69, 42, 16, 55, 22, 21, 30, 60]",65.13738184269435
"[36, 19, 44, 47, 15, 41, 12, 70, 42, 16, 48, 21, 20, 29, 53]",65.52825854700856
"[35, 22, 42, 45, 15, 41, 12, 70, 39, 15, 53, 23, 21, 30, 54]",65.33058150183139
"[39, 22, 50, 48, 15, 33, 12, 60, 37, 15, 42, 20, 16, 24, 41]",64.73634539072047
"[32, 17, 42, 48, 15, 41, 13, 75, 42, 16, 57, 20, 21, 30, 56]",65.03784289784282
"[37, 19, 44, 47, 15, 41, 14, 73, 42, 15, 56, 23, 21, 30, 53]",64.19887527981257
"[34, 19, 43, 46, 15, 40, 13, 67, 38, 15, 49, 22, 21, 30, 53]",63.76667671448915
"[34, 22, 42, 43, 15, 39, 14, 68, 41, 16, 50, 22, 21, 30, 54]",68.00627899877887
"[32, 19, 42, 44, 15, 41, 13, 74, 42, 15, 57, 24, 21, 30, 56]",65.40509462759455
"[33, 20, 44, 43, 15, 38, 13, 63, 40, 15, 47, 24, 21, 30, 53]",64.64927770146515
"[36, 19, 48, 48, 15, 41, 12, 68, 41, 16, 45, 20, 18, 27, 46]",64.56524712555976
"[36, 19, 46, 48, 15, 40, 12, 67, 39, 15, 46, 20, 19, 28, 46]",67.2264733414732
"[37, 20, 42, 46, 15, 41, 12, 68, 39, 15, 56, 22, 21, 30, 61]",65.6180840455842
"[36, 18, 42, 44, 15, 38, 12, 64, 37, 16, 55, 22, 21, 30, 53]",66.61756397537664
"[37, 19, 46, 47, 15, 38, 12, 65, 39, 15, 48, 20, 19, 29, 49]",64.2399984737486
"[36, 21, 49, 48, 16, 38, 12, 65, 39, 15, 52, 21, 21, 30, 59]",69.13865321021584
"[30, 21, 42, 45, 15, 41, 15, 74, 42, 15, 49, 21, 21, 30, 51]",68.94452419108667
"[35, 22, 47, 48, 16, 41, 15, 71, 42, 17, 54, 21, 21, 30, 52]",65.11624885531143
"[35, 18, 42, 47, 15, 41, 16, 71, 42, 16, 52, 20, 21, 30, 54]",63.458524369149416
"[39, 20, 46, 48, 16, 41, 17, 71, 42, 16, 43, 20, 19, 27, 47]",65.1702950752952
"[35, 18, 42, 46, 15, 41, 12, 66, 42, 16, 56, 22, 21, 30, 57]",62.81323463573459
"[37, 19, 44, 45, 15, 41, 13, 73, 42, 16, 48, 21, 20, 29, 52]",65.10452126577117
"[35, 13, 44, 45, 15, 41, 12, 68, 41, 17, 54, 22, 21, 30, 54]",68.41748359279606
"[37, 22, 50, 48, 15, 34, 12, 60, 37, 15, 42, 20, 19, 20, 42]",65.90604446479445
"[32, 16, 42, 48, 15, 41, 12, 75, 42, 16, 57, 21, 21, 30, 56]",64.6603484940983
"[37, 19, 43, 47, 15, 41, 13, 75, 42, 15, 55, 23, 21, 30, 54]",62.69259996947511
"[37, 20, 42, 45, 15, 38, 13, 69, 39, 15, 50, 22, 21, 30, 52]",66.73784544159534
"[39, 13, 42, 46, 15, 39, 12, 69, 41, 16, 50, 24, 21, 30, 51]",64.47201681420445
"[29, 18, 42, 47, 15, 41, 13, 74, 42, 18, 57, 25, 21, 30, 56]",67.97881410256417
"[34, 21, 42, 42, 15, 37, 12, 64, 37, 15, 53, 25, 21, 30, 49]",65.21091727716725
"[41, 22, 43, 47, 16, 41, 12, 69, 42, 16, 47, 20, 18, 28, 45]",64.01199926231166
"[36, 19, 46, 47, 15, 39, 12, 68, 40, 15, 45, 20, 19, 28, 46]",64.22390097171336
"[37, 20, 43, 46, 15, 41, 13, 69, 39, 15, 54, 22, 21, 30, 58]",65.49611340048823
"[36, 18, 42, 45, 15, 37, 12, 63, 37, 16, 57, 20, 21, 30, 53]",65.09037749287756
"[37, 19, 45, 46, 15, 40, 12, 67, 37, 15, 48, 20, 19, 29, 49]",63.36679220085472
"[38, 20, 49, 48, 16, 38, 12, 66, 38, 15, 56, 23, 21, 30, 54]",65.355911299349
"[31, 20, 42, 44, 15, 41, 14, 71, 42, 16, 50, 21, 21, 30, 51]",68.03296919515674
"[37, 21, 46, 48, 16, 41, 12, 73, 42, 16, 54, 22, 21, 30, 52]",65.8991217694343
"[35, 18, 42, 45, 15, 41, 12, 72, 42, 16, 52, 22, 21, 30, 52]",63.390332468457494
"[38, 21, 45, 48, 15, 41, 16, 72, 42, 16, 47, 20, 18, 28, 45]",67.16955229955224
"[38, 18, 42, 45, 15, 41, 13, 73, 42, 16, 57, 24, 21, 30, 58]",65.74338891432664
"[36, 19, 44, 45, 15, 41, 17, 73, 41, 16, 49, 21, 20, 30, 52]",63.83376526251512
"[37, 17, 46, 45, 15, 40, 12, 70, 41, 16, 53, 22, 21, 30, 53]",63.76752709096476
"[39, 22, 51, 48, 17, 35, 12, 60, 38, 15, 42, 20, 21, 20, 44]",64.0372718253968
"[35, 20, 42, 42, 15, 41, 12, 72, 42, 15, 51, 23, 21, 30, 59]",65.29056573056559
"[38, 19, 43, 46, 15, 41, 13, 74, 42, 15, 57, 23, 21, 30, 54]",70.0670271164019
"[36, 19, 42, 46, 15, 38, 14, 69, 40, 15, 50, 21, 21, 30, 52]",64.93796372608885
"[40, 21, 42, 48, 15, 38, 13, 68, 39, 16, 52, 24, 21, 30, 55]",66.02294591982077
"[30, 18, 42, 41, 15, 41, 13, 73, 42, 20, 57, 23, 21, 30, 61]",68.40876030219783
"[37, 16, 42, 44, 15, 36, 12, 64, 40, 15, 53, 24, 21, 30, 52]",68.74269167175403
"[41, 21, 42, 46, 16, 41, 12, 72, 41, 16, 49, 20, 18, 27, 46]",66.69667620573864
"[39, 19, 44, 46, 15, 38, 12, 67, 40, 15, 44, 20, 19, 28, 48]",65.40826770451774
"[36, 19, 43, 47, 15, 41, 12, 68, 40, 15, 57, 23, 21, 30, 61]",66.531930580993
"[34, 18, 42, 47, 15, 37, 12, 62, 39, 16, 56, 22, 21, 30, 52]",66.03248066748087
"[37, 19, 43, 47, 15, 40, 12, 67, 38, 15, 48, 20, 19, 29, 49]",66.70249682030928
"[40, 21, 47, 48, 16, 38, 12, 65, 40, 15, 55, 24, 21, 30, 51]",68.83214311151804
"[40, 16, 42, 42, 15, 41, 12, 70, 42, 16, 50, 21, 20, 30, 50]",63.56142755392769
"[39, 19, 45, 48, 16, 41, 12, 70, 42, 15, 55, 22, 21, 30, 53]",65.36240346459101
"[39, 19, 42, 41, 15, 41, 12, 75, 42, 16, 51, 23, 21, 30, 53]",63.89674056267823
"[37, 21, 43, 48, 17, 41, 14, 75, 42, 19, 50, 20, 18, 28, 45]",64.96385442104202
"[34, 19, 43, 45, 15, 41, 12, 74, 42, 15, 56, 23, 21, 30, 61]",64.4582928876678
"[35, 20, 43, 45, 15, 41, 14, 75, 42, 16, 50, 21, 20, 30, 51]",66.16718851750107
"[38, 20, 42, 45, 15, 39, 12, 72, 40, 15, 52, 23, 21, 30, 51]",65.86583333333316
"[41, 21, 48, 48, 17, 32, 12, 60, 37, 15, 42, 20, 16, 25, 43]",66.37047809829073
"[33, 20, 42, 43, 15, 41, 16, 74, 42, 15, 51, 23, 21, 30, 58]",66.31897423178684
"[38, 19, 44, 46, 15, 41, 13, 71, 41, 15, 56, 23, 21, 30, 58]",66.00168281949517
"[35, 19, 44, 46, 15, 38, 14, 67, 40, 15, 50, 22, 21, 30, 52]",63.96920685795698
"[38, 22, 42, 47, 15, 39, 15, 68, 39, 16, 54, 21, 21, 30, 59]",68.36934065934079
"[37, 19, 42, 40, 15, 41, 13, 71, 42, 17, 57, 23, 21, 30, 56]",66.48707150488404
"[37, 12, 42, 48, 15, 38, 12, 60, 42, 15, 50, 20, 21, 30, 58]",66.21646927146942
"[38, 20, 45, 48, 16, 41, 13, 74, 39, 16, 48, 20, 18, 26, 48]",68.19962212555964
"[39, 20, 43, 46, 15, 39, 12, 66, 40, 15, 44, 20, 19, 26, 48]",64.57674946581173
"[36, 19, 44, 47, 16, 40, 12, 69, 40, 15, 57, 23, 21, 30, 59]",63.55939840252315
"[34, 18, 42, 44, 15, 36, 12, 60, 40, 15, 55, 23, 21, 30, 54]",67.95572458791216
"[37, 19, 43, 46, 15, 38, 12, 66, 39, 15, 48, 20, 19, 29, 49]",64.30916882885609
"[40, 20, 46, 48, 16, 39, 12, 63, 42, 15, 53, 23, 21, 30, 53]",67.35649598087106
"[43, 16, 42, 44, 15, 41, 13, 71, 42, 16, 50, 21, 20, 30, 51]",66.17589387464389
"[36, 22, 46, 48, 16, 41, 12, 70, 42, 17, 53, 21, 21, 30, 53]",65.88057984839246
"[37, 19, 42, 41, 15, 41, 12, 70, 42, 16, 52, 22, 21, 30, 54]",65.08175989519751
"[37, 19, 43, 48, 18, 41, 12, 73, 42, 17, 47, 20, 20, 28, 47]",62.36175964082213
"[31, 19, 42, 47, 15, 41, 12, 70, 42, 15, 57, 22, 21, 30, 60]",68.54264410358164
"[35, 19, 43, 45, 15, 41, 14, 72, 42, 16, 48, 21, 20, 30, 50]",65.77725681725667
"[37, 20, 42, 45, 15, 41, 12, 70, 39, 15, 52, 23, 21, 30, 55]",66.061146342084
"[40, 21, 45, 48, 17, 33, 12, 60, 35, 15, 42, 20, 17, 28, 41]",65.19202241046008
"[32, 17, 42, 47, 15, 41, 14, 75, 42, 15, 56, 21, 21, 30, 52]",63.886818910256565
"[38, 19, 43, 47, 15, 41, 13, 72, 42, 17, 53, 23, 21, 30, 60]",62.77989201770459
"[35, 19, 43, 46, 15, 40, 14, 69, 39, 15, 51, 22, 21, 30, 51]",63.349029304029166
"[33, 20, 43, 48, 15, 38, 14, 68, 41, 15, 52, 22, 21, 30, 55]",64.37148338929596
"[37, 18, 42, 48, 15, 41, 13, 74, 42, 16, 56, 23, 21, 30, 59]",69.02242254273538
"[35, 14, 42, 46, 15, 37, 12, 62, 42, 15, 49, 20, 21, 30, 58]",70.01031987688228
"[36, 20, 45, 48, 15, 41, 14, 72, 41, 16, 43, 20, 19, 27, 46]",64.63586576617823
"[37, 20, 44, 46, 15, 41, 12, 65, 39, 15, 48, 20, 19, 27, 46]",65.42146036833509
"[36, 19, 43, 47, 16, 41, 12, 69, 39, 15, 57, 23, 21, 30, 54]",63.173465099715315
"[36, 19, 43, 44, 15, 36, 12, 63, 40, 15, 52, 22, 21, 30, 55]",66.6768110246236
"[36, 19, 44, 44, 15, 39, 12, 66, 39, 15, 48, 20, 19, 29, 49]",63.18344385938132
"[41, 20, 48, 48, 15, 39, 12, 66, 42, 15, 57, 21, 21, 30, 56]",66.85351966320742
"[33, 21, 42, 47, 15, 41, 18, 70, 42, 16, 49, 21, 21, 30, 51]",67.44698221916973
"[37, 22, 46, 48, 16, 41, 13, 69, 42, 18, 53, 21, 21, 30, 52]",65.27458969271467
"[33, 17, 42, 42, 15, 41, 13, 67, 42, 16, 52, 21, 21, 30, 54]",65.02344996438715
"[37, 18, 45, 48, 17, 41, 12, 75, 42, 16, 44, 20, 21, 28, 49]",65.38397283272275
"[30, 18, 42, 46, 15, 41, 14, 66, 42, 17, 57, 23, 21, 30, 59]",64.42932323463563
"[35, 19, 43, 45, 15, 41, 15, 71, 42, 15, 47, 20, 19, 30, 54]",67.56112891737888
"[35, 16, 44, 44, 15, 41, 12, 69, 40, 16, 52, 21, 21, 30, 54]",67.68489812271079
"[38, 21, 50, 48, 15, 34, 12, 60, 36, 15, 43, 20, 19, 27, 41]",66.00767704517712
"[33, 17, 42, 45, 15, 41, 12, 75, 42, 15, 56, 21, 21, 30, 51]",66.99711245929993
"[37, 19, 43, 48, 15, 41, 13, 74, 42, 17, 52, 23, 21, 30, 61]",65.59518213268196
"[35, 20, 43, 46, 15, 40, 14, 70, 39, 15, 51, 22, 21, 30, 52]",64.29926053113543
"[32, 16, 43, 48, 15, 40, 13, 67, 40, 15, 50, 25, 21, 30, 54]",63.151930580993024
"[35, 19, 42, 48, 15, 41, 12, 75, 42, 16, 57, 22, 21, 30, 61]",66.1004594017095
"[33, 19, 42, 40, 15, 37, 13, 68, 36, 15, 50, 21, 21, 30, 49]",63.64250101750089
"[37, 22, 42, 45, 15, 41, 14, 69, 42, 16, 42, 20, 20, 28, 46]",63.92837912087935
"[37, 19, 45, 48, 15, 39, 12, 67, 38, 15, 44, 20, 19, 29, 46]",65.59576109076107
"[37, 20, 43, 46, 16, 40, 12, 68, 39, 15, 57, 23, 21, 30, 51]",64.9433856074482
"[37, 19, 42, 46, 15, 36, 12, 63, 39, 15, 57, 21, 21, 30, 53]",63.804460215709994
"[35, 19, 44, 45, 15, 40, 12, 66, 39, 15, 48, 20, 19, 29, 49]",65.68231468762741
"[39, 21, 48, 48, 15, 40, 12, 67, 42, 15, 57, 21, 21, 30, 57]",65.51107511701264
"[28, 21, 42, 46, 15, 41, 16, 66, 42, 16, 49, 21, 20, 30, 52]",62.631767399267225
"[38, 21, 47, 47, 16, 41, 15, 69, 42, 15, 53, 22, 21, 30, 51]",64.8527841371591
"[36, 17, 42, 43, 15, 41, 13, 70, 42, 15, 51, 20, 21, 30, 52]",64.95765326109081
"[37, 18, 46, 48, 17, 41, 12, 75, 42, 16, 44, 20, 21, 28, 46]",62.69937410968646
"[33, 18, 43, 46, 15, 41, 13, 65, 42, 17, 57, 23, 21, 30, 59]",66.03273949430194
"[35, 20, 42, 46, 15, 41, 13, 74, 42, 15, 48, 21, 19, 30, 51]",62.48443388787139
"[35, 16, 43, 44, 15, 41, 13, 71, 40, 16, 54, 23, 21, 30, 54]",63.9951157407407
"[37, 20, 50, 48, 15, 28, 12, 60, 37, 15, 42, 20, 19, 20, 41]",63.397485627797856
"[35, 19, 42, 45, 15, 41, 13, 72, 42, 15, 51, 23, 21, 30, 59]",67.35903350122099
"[36, 19, 43, 47, 15, 41, 13, 75, 42, 15, 57, 23, 21, 30, 58]",63.72008750508741
"[35, 20, 43, 46, 15, 39, 13, 70, 39, 16, 50, 22, 21, 30, 54]",70.61605807387055
"[33, 15, 42, 48, 15, 41, 14, 67, 40, 15, 51, 23, 21, 30, 54]",69.82915979853477
"[32, 20, 42, 48, 15, 41, 12, 74, 42, 19, 57, 22, 21, 30, 59]",66.64964272995533
"[35, 15, 42, 41, 15, 36, 12, 68, 36, 15, 50, 22, 21, 30, 52]",64.35120713776975
"[38, 22, 44, 45, 15, 41, 13, 70, 42, 16, 45, 20, 20, 26, 47]",65.41354281135533
"[37, 19, 45, 48, 15, 39, 12, 66, 38, 15, 46, 20, 19, 28, 48]",62.960428876678854
"[37, 20, 44, 47, 16, 38, 12, 67, 39, 15, 55, 22, 21, 30, 61]",66.85031860500632
"[34, 18, 42, 47, 15, 36, 12, 63, 38, 16, 55, 20, 21, 30, 53]",68.24993907712664
"[35, 19, 43, 47, 15, 40, 13, 66, 39, 15, 48, 20, 19, 29, 49]",65.30314128001628
"[40, 22, 47, 48, 16, 40, 12, 67, 40, 15, 56, 21, 21, 30, 54]",65.36271888990642
"[42, 18, 42, 43, 15, 41, 15, 71, 42, 15, 49, 20, 20, 30, 51]",63.96685299654071
"[37, 21, 47, 48, 16, 41, 14, 71, 42, 16, 51, 22, 21, 30, 51]",64.2533601699226
"[39, 18, 42, 44, 15, 41, 13, 72, 42, 16, 51, 23, 21, 30, 51]",62.99189585877067
"[37, 19, 45, 48, 16, 41, 13, 75, 42, 16, 49, 20, 18, 28, 46]",63.00367457773709
"[36, 19, 42, 45, 15, 41, 12, 69, 40, 15, 56, 23, 21, 30, 57]",66.79503663003648
"[36, 20, 42, 45, 15, 41, 14, 75, 42, 16, 49, 21, 21, 29, 48]",66.88762451668691
"[37, 18, 42, 44, 15, 39, 12, 70, 39, 15, 52, 23, 21, 30, 55]",64.16225376475371
"[41, 20, 50, 48, 15, 28, 12, 60, 38, 15, 43, 20, 16, 21, 43]",64.55878955535212
"[33, 18, 42, 45, 15, 41, 13, 75, 42, 16, 56, 23, 21, 30, 61]",64.11303813085058
"[37, 19, 44, 47, 15, 41, 12, 70, 42, 17, 57, 24, 21, 30, 53]",65.87202508140012
"[34, 19, 43, 47, 15, 39, 14, 69, 40, 16, 50, 22, 21, 30, 53]",65.37886154354892
"[34, 17, 42, 44, 15, 39, 12, 70, 39, 15, 51, 21, 21, 30, 54]",64.00722489316239
"[33, 19, 42, 43, 15, 41, 12, 69, 42, 17, 55, 22, 21, 30, 55]",63.887520350020544
"[37, 12, 42, 46, 15, 37, 12, 60, 39, 15, 48, 23, 21, 30, 54]",67.11222985347995
"[41, 22, 44, 45, 15, 41, 12, 73, 42, 15, 49, 20, 18, 27, 45]",64.52854929792426
"[40, 19, 44, 45, 15, 39, 12, 65, 39, 15, 47, 20, 19, 26, 49]",63.450256791819214
"[37, 18, 42, 48, 15, 38, 12, 66, 39, 15, 57, 21, 21, 30, 61]",66.56408221408238
"[33, 18, 43, 44, 15, 36, 12, 63, 38, 16, 53, 20, 21, 30, 54]",63.64528362840876
"[35, 19, 43, 47, 15, 39, 13, 67, 39, 15, 48, 20, 19, 29, 49]",65.27249707468462
"[39, 20, 46, 48, 16, 40, 12, 67, 40, 15, 54, 22, 21, 30, 58]",63.918977157102084
"[43, 18, 42, 45, 15, 41, 12, 74, 42, 16, 49, 20, 21, 30, 51]",64.3926177757427
"[37, 20, 46, 48, 16, 41, 13, 71, 41, 17, 53, 21, 21, 30, 51]",63.19643556674804
"[41, 19, 42, 42, 15, 41, 13, 73, 42, 16, 50, 23, 21, 30, 52]",66.28994327431816
"[37, 20, 43, 48, 17, 41, 14, 72, 42, 17, 49, 20, 17, 27, 48]",64.86820105820107
"[37, 19, 42, 45, 15, 40, 13, 71, 40, 15, 54, 23, 21, 30, 55]",64.75734661172177
"[34, 19, 43, 45, 15, 41, 13, 70, 42, 16, 48, 21, 21, 28, 50]",67.38750953907204
"[35, 19, 42, 43, 15, 40, 12, 66, 40, 15, 55, 23, 21, 30, 53]",66.45465900997159
"[41, 22, 47, 48, 17, 38, 12, 60, 34, 15, 42, 20, 18, 27, 42]",66.15325053418799
"[31, 18, 42, 46, 15, 41, 15, 75, 42, 16, 57, 21, 21, 30, 55]",63.11454339641828
"[37, 19, 43, 47, 15, 41, 12, 72, 42, 19, 57, 22, 21, 30, 56]",65.5193736009362
"[35, 19, 44, 48, 15, 39, 13, 67, 40, 15, 50, 21, 20, 30, 51]",63.310732982295626
"[36, 19, 43, 42, 15, 38, 12, 70, 40, 16, 52, 21, 21, 30, 54]",64.1043181471306
"[37, 17, 42, 43, 15, 41, 15, 66, 42, 17, 57, 24, 21, 30, 59]",68.94946008852267
"[31, 20, 42, 47, 15, 37, 12, 61, 40, 15, 50, 22, 21, 30, 55]",68.80337225274724
"[39, 18, 44, 45, 16, 41, 13, 72, 42, 17, 47, 20, 18, 27, 47]",66.88865829772058
"[37, 20, 44, 45, 15, 40, 12, 65, 40, 15, 47, 20, 19, 28, 49]",65.316829212454
"[37, 18, 42, 48, 15, 40, 12, 65, 39, 15, 57, 20, 21, 30, 61]",68.40297161172181
"[33, 18, 42, 44, 15, 36, 12, 63, 38, 15, 52, 21, 21, 30, 54]",69.59003917378915
"[36, 19, 44, 44, 15, 38, 12, 67, 38, 15, 48, 20, 19, 29, 49]",64.38663296194582
"[39, 21, 47, 48, 16, 40, 12, 66, 42, 15, 56, 22, 21, 30, 58]",63.89068185286958
"[33, 22, 42, 46, 15, 41, 12, 74, 42, 16, 50, 22, 21, 30, 51]",65.59670914733424
"[37, 22, 47, 48, 16, 41, 12, 72, 42, 16, 54, 22, 21, 30, 51]",64.20474155474149
"[39, 20, 42, 44, 15, 41, 13, 72, 42, 16, 51, 21, 21, 30, 55]",68.87442536630044
"[37, 19, 45, 48, 18, 41, 14, 69, 42, 17, 44, 20, 20, 28, 47]",68.25667417073686
"[33, 19, 42, 47, 15, 38, 13, 70, 39, 15, 55, 22, 21, 30, 56]",64.80695169413931
"[34, 19, 43, 45, 15, 41, 16, 70, 42, 16, 48, 21, 19, 30, 52]",64.12470327126604
"[35, 18, 42, 46, 15, 41, 12, 70, 39, 15, 54, 22, 21, 30, 52]",64.66682794057783
"[38, 22, 47, 48, 17, 36, 12, 60, 33, 15, 42, 20, 19, 25, 41]",65.7303534544159
"[30, 18, 42, 44, 15, 41, 14, 75, 42, 16, 54, 20, 21, 30, 54]",69.71344945563706
"[37, 19, 44, 47, 15, 41, 14, 70, 42, 16, 56, 23, 21, 30, 58]",64.14481608669105
"[37, 20, 43, 44, 15, 39, 13, 68, 39, 15, 50, 21, 21, 30, 52]",65.20534099002847
"[36, 20, 42, 44, 15, 41, 12, 67, 41, 16, 52, 24, 21, 30, 51]",65.16007783882797
"[35, 19, 42, 48, 15, 41, 13, 75, 42, 19, 57, 24, 21, 30, 61]",64.5541893060644
"[35, 22, 42, 47, 15, 35, 12, 62, 40, 15, 51, 22, 21, 30, 53]",62.62899559930807
"[39, 18, 45, 47, 15, 41, 13, 68, 42, 16, 46, 20, 18, 27, 48]",67.3130158730159
"[37, 19, 45, 46, 15, 41, 12, 68, 40, 15, 47, 20, 19, 29, 47]",65.11091893060623
"[34, 18, 43, 48, 15, 40, 12, 68, 39, 15, 57, 23, 21, 30, 53]",62.540609101546686
"[31, 18, 42, 45, 15, 36, 12, 62, 38, 15, 51, 23, 21, 30, 52]",64.46495421245417
"[35, 19, 43, 44, 15, 40, 12, 65, 39, 15, 48, 20, 19, 29, 49]",64.78554029304017
"[41, 21, 46, 48, 16, 39, 12, 64, 42, 15, 57, 23, 21, 30, 57]",65.07017755392744
"[33, 22, 42, 48, 15, 41, 15, 68, 42, 15, 49, 22, 20, 30, 50]",68.8978745675621
"[36, 22, 47, 48, 16, 41, 12, 70, 42, 16, 51, 22, 21, 30, 51]",65.7055958740335
"[37, 21, 42, 45, 15, 41, 14, 70, 42, 16, 51, 20, 21, 30, 56]",65.43988591269846
"[38, 18, 46, 48, 17, 41, 12, 75, 42, 16, 45, 20, 21, 26, 46]",65.7550712250712
"[30, 18, 42, 48, 15, 41, 13, 67, 42, 16, 57, 22, 21, 30, 60]",65.23698654354895
"[37, 18, 42, 45, 15, 41, 17, 72, 42, 16, 48, 21, 19, 30, 53]",64.89590481277996
"[36, 18, 43, 46, 15, 41, 12, 72, 38, 15, 52, 22, 21, 30, 53]",65.92842630748886
"[37, 22, 48, 48, 15, 26, 12, 62, 35, 15, 42, 20, 19, 20, 42]",65.17934803622309
"[32, 18, 42, 42, 15, 41, 12, 73, 42, 16, 51, 23, 21, 30, 56]",65.70686838624324
"[37, 19, 45, 47, 15, 41, 15, 72, 42, 15, 54, 24, 21, 30, 56]",64.13738832926329
"[35, 19, 43, 47, 15, 40, 13, 67, 41, 15, 49, 21, 21, 30, 53]",64.78465252340251
"[33, 17, 42, 47, 15, 41, 13, 65, 40, 15, 52, 23, 21, 30, 50]",64.89093381155888
"[34, 20, 42, 48, 15, 41, 12, 75, 42, 17, 56, 23, 21, 30, 60]",64.1502911324785
"[38, 17, 42, 44, 15, 35, 12, 64, 39, 15, 49, 22, 21, 30, 53]",63.34511065323566
"[40, 21, 44, 47, 15, 41, 13, 70, 42, 16, 46, 20, 20, 27, 47]",66.89180453805437
"[39, 19, 45, 48, 15, 40, 12, 70, 39, 15, 47, 20, 19, 27, 48]",69.96559663715915
"[35, 19, 45, 46, 15, 40, 12, 67, 38, 15, 56, 24, 21, 30, 52]",65.58379133597867
"[36, 18, 42, 45, 15, 36, 12, 62, 39, 15, 50, 22, 21, 30, 52]",67.17933671652418
"[35, 18, 43, 46, 15, 40, 12, 63, 39, 15, 48, 20, 19, 29, 49]",62.95395528083039
"[41, 22, 46, 48, 15, 39, 12, 66, 42, 15, 57, 23, 21, 30, 57]",66.15353339947109
"[39, 18, 42, 47, 15, 41, 17, 64, 42, 15, 49, 22, 21, 30, 52]",62.26748511904764
"[36, 22, 47, 48, 16, 41, 12, 70, 42, 15, 51, 21, 21, 30, 52]",65.80258547008555
"[36, 20, 43, 44, 15, 41, 14, 72, 42, 15, 50, 20, 21, 30, 55]",64.20019039987788
"[38, 20, 45, 48, 17, 41, 12, 74, 42, 15, 47, 20, 20, 27, 47]",64.62431496743976
"[29, 18, 42, 48, 16, 41, 13, 69, 41, 16, 57, 23, 21, 30, 60]",64.4347318884817
"[38, 19, 42, 44, 15, 41, 17, 71, 42, 16, 51, 21, 20, 30, 49]",64.12561278998774
"[37, 18, 44, 45, 15, 39, 12, 70, 40, 16, 50, 23, 21, 30, 54]",65.06431089743604
"[38, 20, 53, 48, 15, 30, 12, 64, 38, 15, 42, 20, 20, 22, 41]",65.94177350427346
"[34, 18, 42, 45, 15, 41, 13, 73, 42, 16, 53, 23, 21, 30, 54]",65.22288690476171
"[38, 19, 44, 47, 15, 41, 12, 72, 42, 16, 55, 23, 21, 30, 55]",66.63637464387453
"[36, 18, 44, 48, 15, 40, 12, 67, 42, 15, 49, 21, 21, 30, 50]",61.27007707570223
"[35, 16, 43, 46, 15, 38, 14, 70, 39, 15, 50, 22, 21, 30, 56]",66.47366452991442
"[35, 20, 43, 46, 15, 41, 12, 75, 42, 18, 54, 22, 21, 30, 55]",64.64759310134319
"[41, 17, 42, 45, 15, 39, 12, 63, 41, 15, 48, 22, 21, 30, 51]",65.82381804538034
"[37, 21, 42, 46, 15, 41, 13, 73, 42, 16, 47, 20, 18, 28, 46]",65.32775246744012
"[37, 20, 43, 46, 16, 41, 12, 69, 39, 15, 46, 20, 19, 27, 48]",63.194069240944266
"[36, 20, 43, 45, 15, 40, 12, 65, 40, 15, 57, 23, 21, 30, 55]",66.91948552604775
"[36, 18, 42, 45, 15, 37, 12, 62, 39, 15, 51, 21, 21, 29, 52]",64.7957720288969
"[36, 18, 43, 47, 15, 38, 12, 63, 39, 15, 48, 20, 19, 29, 49]",64.50018175111956
"[39, 21, 49, 48, 15, 38, 12, 66, 40, 15, 57, 22, 21, 30, 55]",66.36799743081018
"[38, 18, 44, 45, 15, 41, 13, 71, 41, 16, 50, 20, 20, 30, 50]",63.301812805250265
"[39, 19, 47, 48, 16, 41, 14, 71, 41, 15, 56, 21, 21, 30, 52]",64.0122818732194
"[36, 19, 45, 42, 15, 41, 13, 73, 42, 15, 51, 22, 21, 30, 50]",61.94391966829461
"[37, 21, 44, 48, 16, 41, 12, 75, 42, 16, 48, 20, 18, 28, 47]",65.56194889601129
"[38, 18, 42, 44, 15, 41, 13, 70, 40, 16, 57, 23, 21, 30, 58]",65.90465265059001
"[31, 20, 43, 44, 15, 41, 14, 71, 42, 16, 49, 21, 20, 30, 51]",65.30117584961343
"[37, 18, 43, 46, 15, 38, 12, 68, 40, 16, 54, 22, 20, 30, 51]",64.71478072853094
"[40, 20, 46, 48, 17, 32, 12, 60, 38, 15, 42, 20, 17, 21, 41]",64.07571962759441
"[32, 18, 42, 47, 15, 41, 15, 73, 42, 16, 57, 22, 21, 30, 54]",67.49596662596663
"[39, 19, 44, 47, 15, 41, 12, 74, 42, 18, 56, 23, 21, 30, 54]",64.56042455229978
"[38, 19, 43, 45, 15, 40, 12, 67, 40, 15, 51, 22, 21, 30, 49]",62.24314776658502
"[36, 18, 42, 45, 15, 38, 12, 69, 41, 15, 53, 21, 21, 30, 58]",65.27168714387463
"[36, 18, 42, 45, 15, 41, 13, 71, 42, 17, 54, 22, 21, 30, 56]",67.26443630443647
"[33, 17, 42, 47, 15, 39, 12, 63, 40, 15, 48, 21, 20, 30, 50]",62.90295978327229
"[39, 19, 44, 46, 15, 41, 13, 72, 42, 16, 47, 20, 18, 28, 47]",67.67861085673597
"[36, 20, 43, 46, 16, 41, 12, 68, 41, 15, 46, 20, 18, 28, 47]",65.89298064204299
"[37, 20, 42, 47, 15, 40, 12, 66, 40, 15, 51, 21, 21, 30, 61]",67.39597896316646
"[34, 18, 42, 46, 15, 37, 12, 61, 39, 15, 52, 20, 21, 28, 51]",67.00549997456257
"[37, 20, 43, 44, 15, 37, 12, 65, 38, 15, 48, 20, 19, 29, 49]",62.98217592592623
"[39, 21, 50, 48, 17, 40, 13, 66, 40, 15, 57, 22, 21, 30, 56]",66.44332900895387
"[33, 20, 45, 45, 15, 41, 15, 75, 41, 16, 49, 21, 20, 30, 50]",65.51419820919836
"[38, 21, 45, 48, 16, 41, 14, 70, 40, 18, 53, 21, 21, 30, 51]",65.10703245828266
"[39, 18, 46, 44, 15, 41, 14, 74, 41, 15, 51, 23, 21, 30, 53]",66.03280245217744
"[37, 20, 43, 48, 16, 41, 12, 74, 42, 17, 47, 20, 20, 28, 46]",64.73070843508347
"[36, 19, 42, 43, 15, 41, 13, 68, 41, 15, 55, 22, 21, 30, 58]",65.39697293447261
"[29, 18, 44, 46, 15, 41, 14, 75, 42, 15, 48, 20, 19, 30, 52]",63.93202660765156
"[36, 18, 42, 45, 15, 40, 12, 67, 39, 15, 55, 23, 21, 30, 49]",68.08475910663407
"[38, 20, 47, 48, 16, 34, 12, 60, 40, 15, 44, 20, 17, 23, 41]",70.22928927553924
"[36, 18, 42, 45, 15, 41, 14, 71, 42, 16, 56, 21, 21, 30, 55]",65.53006066849804
"[38, 19, 43, 48, 15, 41, 12, 72, 42, 18, 54, 23, 21, 30, 56]",64.78826681420426
"[36, 19, 43, 45, 15, 41, 12, 70, 40, 15, 50, 22, 19, 30, 50]",65.55757669413926
"[36, 18, 42, 45, 15, 39, 12, 68, 42, 15, 53, 24, 21, 30, 55]",63.81102093508336
"[35, 18, 42, 46, 15, 41, 13, 69, 42, 19, 57, 23, 21, 30, 53]",66.16479204822959
"[34, 16, 43, 48, 15, 36, 12, 61, 40, 15, 49, 21, 19, 30, 51]",64.61990015771298
"[38, 20, 45, 45, 15, 41, 13, 70, 42, 16, 47, 20, 19, 26, 48]",72.91838319088319
"[39, 19, 45, 45, 15, 38, 13, 67, 40, 16, 46, 20, 19, 29, 47]",63.715754985754884
"[37, 19, 42, 48, 15, 39, 12, 71, 39, 15, 55, 21, 21, 30, 61]",65.77383547008559
"[31, 18, 42, 46, 15, 36, 12, 64, 38, 15, 49, 21, 21, 28, 50]",66.98335762617019
"[37, 21, 43, 43, 15, 39, 12, 66, 37, 15, 48, 20, 19, 29, 49]",64.09607626170131
"[38, 22, 48, 48, 16, 40, 12, 63, 39, 15, 56, 22, 21, 30, 55]",71.4851563135938
"[32, 20, 42, 47, 15, 41, 15, 71, 41, 16, 49, 21, 21, 28, 50]",63.33887324481093
"[36, 21, 45, 48, 16, 41, 13, 67, 41, 18, 52, 22, 21, 30, 54]",64.4071105514855
"[37, 20, 42, 45, 15, 41, 13, 69, 40, 17, 51, 22, 21, 30, 56]",66.33226597476586
"[37, 19, 46, 48, 16, 41, 14, 70, 42, 17, 46, 20, 21, 28, 47]",64.43442320411091
"[30, 19, 42, 48, 15, 41, 13, 67, 42, 15, 52, 22, 21, 30, 54]",64.50641636141644
"[38, 18, 45, 43, 15, 41, 15, 75, 42, 15, 48, 20, 18, 30, 51]",64.07974804131048
"[35, 19, 43, 46, 15, 41, 12, 69, 39, 15, 54, 23, 21, 30, 53]",65.02760671041936
"[37, 20, 48, 48, 15, 35, 12, 60, 40, 15, 42, 20, 20, 21, 41]",70.2921466727716
"[32, 18, 42, 45, 15, 41, 15, 69, 42, 16, 54, 24, 21, 30, 56]",68.02565883190876
"[36, 19, 44, 47, 15, 41, 15, 73, 42, 15, 57, 23, 21, 30, 56]",63.26250267094013
"[35, 19, 45, 47, 15, 41, 12, 70, 42, 15, 49, 21, 20, 30, 51]",67.45714590964566
"[34, 17, 42, 46, 15, 41, 15, 67, 41, 15, 51, 25, 21, 30, 54]",62.90093902625149
"[32, 19, 44, 47, 15, 41, 12, 73, 42, 16, 57, 23, 21, 30, 52]",66.23887998575523
"[36, 16, 43, 46, 15, 36, 12, 64, 38, 15, 50, 22, 21, 30, 55]",65.8825727513228
"[40, 22, 45, 46, 16, 41, 13, 69, 42, 16, 47, 20, 19, 27, 48]",67.1622100122099
"[40, 18, 45, 46, 15, 40, 13, 67, 39, 17, 46, 20, 19, 25, 48]",63.925041971916926
"[37, 19, 42, 47, 16, 41, 12, 71, 39, 15, 57, 22, 21, 30, 50]",70.42837441493693
"[33, 18, 42, 44, 15, 37, 12, 62, 38, 15, 48, 21, 20, 29, 51]",62.27012858669086
"[36, 19, 43, 44, 15, 39, 12, 66, 38, 15, 48, 20, 19, 29, 49]",64.64895006613762
"[42, 20, 46, 48, 15, 39, 12, 66, 39, 15, 51, 23, 21, 30, 57]",66.46507987382985
"[35, 18, 42, 48, 15, 41, 16, 68, 42, 15, 48, 20, 20, 28, 50]",63.450397970085255
"[36, 20, 45, 48, 16, 41, 13, 67, 41, 16, 54, 21, 21, 30, 54]",65.80318465099708
"[38, 19, 42, 44, 15, 41, 14, 68, 42, 16, 51, 21, 21, 30, 53]",62.242290013227354
"[37, 19, 45, 48, 17, 41, 13, 75, 42, 17, 46, 20, 21, 28, 49]",67.22432132682124
"[34, 19, 42, 48, 15, 40, 12, 69, 42, 16, 51, 22, 21, 30, 52]",65.19814547720777
"[40, 21, 42, 47, 15, 41, 16, 72, 42, 17, 48, 22, 18, 30, 52]",65.0667752849006
"[36, 19, 45, 45, 15, 39, 12, 69, 40, 15, 51, 22, 21, 30, 55]",66.57334249084263
"[37, 20, 49, 48, 15, 37, 12, 60, 41, 15, 42, 20, 19, 22, 46]",66.14683010276772
"[30, 18, 42, 46, 15, 41, 15, 68, 42, 16, 51, 24, 21, 30, 54]",62.99699570105847
"[37, 19, 45, 46, 15, 41, 15, 73, 42, 15, 57, 24, 21, 30, 52]",63.66634195665439
"[35, 19, 44, 47, 15, 39, 12, 68, 42, 15, 50, 20, 20, 29, 50]",63.93230031542529
"[35, 17, 42, 45, 15, 41, 15, 70, 39, 15, 49, 24, 21, 30, 53]",67.21530639499389
"[33, 20, 45, 48, 15, 41, 12, 73, 42, 15, 55, 23, 21, 30, 58]",66.6048814611315
"[35, 19, 42, 44, 15, 37, 12, 63, 39, 15, 50, 23, 21, 30, 55]",64.95204810236034
"[39, 22, 45, 48, 16, 41, 13, 69, 40, 16, 47, 20, 19, 28, 47]",63.19441315628814
"[39, 20, 44, 48, 15, 41, 12, 68, 39, 15, 47, 20, 19, 24, 47]",64.99266394485166
"[37, 19, 44, 46, 15, 41, 12, 67, 39, 15, 56, 22, 21, 30, 45]",65.44409455128205
"[34, 18, 42, 44, 15, 38, 12, 61, 39, 15, 56, 21, 19, 29, 52]",63.1141735347985
"[36, 18, 43, 46, 15, 38, 12, 65, 38, 15, 48, 20, 19, 29, 49]",66.16841066341068
"[40, 19, 45, 48, 15, 37, 12, 66, 41, 15, 52, 23, 21, 30, 57]",63.633290343915284
"[38, 18, 42, 42, 15, 41, 14, 71, 42, 15, 47, 20, 21, 30, 50]",62.29798979955235
"[36, 20, 46, 48, 16, 41, 13, 68, 42, 15, 52, 21, 21, 30, 52]",68.17811418905153
"[40, 18, 42, 44, 15, 41, 15, 72, 42, 15, 52, 21, 21, 30, 51]",64.3299027014652
"[37, 20, 43, 48, 18, 41, 12, 73, 42, 17, 48, 20, 17, 28, 48]",63.741998499185904
"[36, 18, 44, 46, 15, 40, 12, 70, 42, 16, 53, 21, 21, 30, 58]",65.44740142958926
"[37, 21, 42, 48, 15, 41, 13, 74, 42, 17, 49, 21, 21, 29, 50]",70.11736123829884
"[37, 19, 42, 45, 15, 41, 12, 70, 40, 15, 53, 23, 21, 30, 54]",63.29355998168531
"[38, 20, 47, 48, 17, 32, 12, 62, 37, 15, 42, 20, 18, 20, 41]",66.84644815832317
"[33, 18, 42, 44, 15, 41, 14, 70, 42, 16, 50, 20, 21, 30, 52]",64.88303838522579
"[38, 19, 42, 46, 15, 41, 13, 71, 42, 15, 57, 23, 21, 30, 51]",70.37193922975148
"[36, 19, 43, 45, 15, 41, 12, 68, 42, 16, 50, 20, 20, 30, 49]",67.16288092694353
"[34, 18, 43, 46, 15, 38, 13, 68, 40, 16, 51, 21, 21, 30, 53]",67.55689471408232
"[36, 20, 42, 44, 15, 41, 12, 70, 42, 15, 57, 23, 21, 30, 59]",64.28098621286124
"[35, 18, 42, 46, 15, 38, 12, 62, 40, 15, 49, 23, 21, 30, 55]",63.60401137057381
"[38, 20, 44, 48, 15, 41, 13, 73, 42, 16, 47, 20, 18, 28, 46]",65.70721408221411
"[35, 21, 44, 48, 16, 40, 12, 68, 41, 15, 48, 20, 18, 29, 46]",64.89575663919416
"[37, 19, 45, 47, 15, 39, 12, 66, 39, 15, 57, 21, 21, 30, 44]",66.32921626984142
"[35, 18, 42, 46, 15, 37, 12, 62, 39, 15, 54, 20, 21, 28, 50]",64.24777841371599
"[36, 19, 43, 45, 15, 39, 13, 65, 39, 15, 48, 20, 19, 29, 49]",65.07591575091588
"[39, 21, 46, 48, 15, 39, 12, 64, 41, 15, 57, 21, 21, 30, 53]",63.59820563695565
"[35, 19, 42, 44, 15, 41, 14, 72, 42, 15, 46, 21, 21, 30, 50]",63.30432018213296
"[35, 20, 46, 48, 16, 41, 14, 73, 42, 16, 52, 21, 21, 30, 52]",64.8796574837197
"[40, 19, 42, 46, 15, 41, 14, 71, 42, 16, 51, 23, 21, 30, 52]",66.02472349409842
"[37, 20, 44, 48, 15, 41, 13, 68, 42, 16, 48, 20, 15, 28, 46]",65.53118945868952
"[37, 20, 45, 45, 15, 41, 13, 69, 42, 16, 54, 22, 21, 30, 58]",62.078132376882415
"[34, 20, 43, 46, 15, 41, 13, 71, 42, 15, 50, 20, 21, 29, 50]",65.06179080179106
"[37, 17, 43, 45, 15, 41, 13, 67, 39, 15, 53, 23, 21, 30, 51]",65.26668727106244
"[38, 20, 48, 48, 16, 29, 12, 64, 36, 15, 42, 20, 16, 23, 41]",66.6423852767604
"[37, 19, 42, 44, 15, 41, 12, 75, 42, 15, 54, 20, 21, 30, 51]",62.29744085775343
"[36, 19, 43, 47, 15, 41, 12, 69, 42, 15, 55, 21, 21, 30, 51]",62.45016725172969
"[36, 18, 43, 46, 15, 41, 12, 68, 41, 16, 49, 22, 20, 29, 48]",64.03812182030964
"[33, 18, 42, 48, 15, 38, 13, 66, 41, 16, 51, 20, 21, 30, 55]",66.53405296092794
"[37, 17, 42, 45, 15, 41, 13, 70, 42, 16, 57, 22, 21, 30, 57]",65.54224524318266
"[36, 13, 42, 47, 15, 37, 12, 63, 40, 15, 50, 22, 21, 30, 54]",63.82695042226307
"[40, 20, 46, 46, 16, 41, 13, 71, 42, 16, 47, 20, 19, 27, 47]",66.19492966524207
"[37, 20, 45, 48, 16, 39, 12, 67, 41, 15, 47, 20, 19, 29, 48]",63.73493208180689
"[36, 20, 45, 47, 15, 38, 12, 67, 39, 15, 52, 21, 21, 30, 57]",65.44432272588486
"[33, 18, 42, 46, 15, 36, 12, 67, 37, 15, 52, 22, 21, 30, 51]",70.23233936202705
"[35, 20, 44, 44, 15, 40, 13, 67, 39, 15, 48, 20, 19, 29, 49]",64.76910905067143
"[37, 22, 46, 48, 16, 40, 12, 65, 39, 15, 56, 20, 21, 30, 51]",65.51801739926742
"[33, 19, 42, 47, 15, 41, 14, 68, 42, 15, 50, 21, 20, 29, 50]",63.204953067765885
"[35, 21, 46, 48, 16, 41, 12, 72, 42, 17, 51, 22, 21, 30, 52]",63.18022181522183
"[38, 20, 44, 46, 15, 41, 12, 72, 42, 16, 50, 21, 21, 30, 54]",64.723067384005
"[37, 18, 45, 48, 15, 41, 14, 69, 42, 16, 46, 20, 21, 26, 45]",66.63752416564918
"[36, 20, 44, 48, 15, 41, 14, 70, 41, 16, 53, 23, 21, 30, 53]",66.81584961334963
"[35, 19, 45, 45, 15, 41, 15, 73, 42, 16, 50, 20, 20, 29, 54]",63.09619937932462
"[35, 20, 43, 46, 15, 41, 12, 70, 39, 16, 53, 22, 21, 30, 52]",65.01244301994282
"[39, 21, 51, 48, 15, 29, 12, 62, 37, 15, 42, 20, 17, 22, 41]",67.90939852971107
"[32, 19, 42, 47, 15, 41, 14, 75, 42, 16, 54, 20, 21, 30, 57]",72.06249732905998
"[35, 19, 45, 46, 15, 41, 12, 69, 42, 16, 51, 21, 21, 30, 53]",66.1136851343101
"[36, 17, 43, 46, 15, 41, 12, 69, 42, 16, 49, 23, 21, 29, 49]",63.73098824786296
"[33, 18, 42, 47, 15, 39, 12, 64, 40, 15, 50, 20, 21, 30, 49]",61.86232829670336
"[35, 17, 43, 47, 15, 41, 12, 72, 41, 17, 57, 22, 21, 30, 53]",63.838299755799866
"[36, 18, 42, 46, 15, 37, 12, 63, 41, 15, 51, 22, 21, 30, 50]",64.00193821225062
"[38, 19, 46, 44, 16, 41, 12, 69, 42, 15, 47, 20, 19, 27, 48]",66.02303952991463
"[39, 18, 46, 46, 15, 39, 12, 67, 39, 15, 44, 20, 19, 26, 49]",62.66612561050052
"[37, 20, 45, 47, 15, 40, 12, 67, 39, 15, 54, 21, 21, 30, 58]",64.39769993894994
"[34, 18, 42, 46, 15, 35, 12, 66, 38, 15, 50, 21, 21, 30, 52]",69.13268518518487
"[36, 20, 43, 46, 15, 40, 12, 67, 38, 15, 48, 20, 19, 29, 49]",64.05792455229935
"[38, 20, 46, 48, 16, 39, 12, 64, 40, 15, 48, 21, 21, 30, 51]",65.52168803418785
"[36, 18, 42, 43, 15, 41, 15, 71, 42, 15, 51, 21, 19, 29, 50]",65.11640326109054
"[35, 20, 44, 48, 16, 41, 12, 72, 42, 17, 52, 22, 21, 30, 52]",65.80016165547424
"[37, 19, 43, 48, 15, 41, 14, 71, 41, 16, 51, 20, 21, 30, 53]",62.73443032661797
"[37, 18, 45, 47, 16, 41, 12, 69, 42, 16, 44, 20, 21, 26, 47]",64.50981379731377
"[35, 18, 44, 48, 15, 41, 13, 71, 42, 15, 57, 21, 21, 30, 54]",65.55196492165253
"[36, 19, 43, 45, 15, 41, 13, 75, 42, 16, 48, 21, 19, 30, 52]",69.48890211640186
"[36, 19, 42, 45, 15, 40, 12, 70, 39, 16, 54, 22, 21, 30, 53]",64.59767882580375
"[40, 22, 45, 48, 16, 33, 12, 60, 36, 15, 42, 20, 19, 20, 42]",68.99371146214885
"[32, 20, 42, 48, 15, 41, 12, 69, 40, 16, 49, 20, 20, 30, 53]",61.622676409238885
"[36, 19, 43, 46, 15, 41, 12, 70, 42, 16, 52, 23, 21, 30, 53]",63.838306115181
"[36, 18, 42, 45, 15, 41, 12, 68, 42, 16, 49, 20, 20, 30, 52]",62.32051002238519
"[36, 18, 43, 47, 15, 39, 12, 66, 39, 15, 49, 20, 20, 30, 46]",61.818737789987836
"[32, 22, 42, 48, 15, 41, 13, 73, 42, 16, 55, 23, 21, 30, 59]",66.73708193426931
"[35, 20, 43, 44, 15, 37, 12, 63, 39, 15, 49, 22, 20, 30, 53]",63.0205907865284
"[37, 20, 43, 44, 15, 41, 12, 67, 42, 16, 47, 20, 19, 27, 46]",64.55597476597491
"[41, 20, 45, 47, 15, 41, 12, 67, 39, 15, 46, 20, 19, 27, 45]",65.6441545838419
"[37, 19, 43, 48, 15, 40, 12, 67, 39, 15, 56, 22, 21, 30, 52]",69.956377950753
"[35, 18, 42, 45, 15, 39, 12, 60, 39, 16, 55, 21, 21, 28, 53]",65.86089616402118
"[36, 18, 44, 48, 15, 39, 12, 68, 40, 15, 48, 20, 19, 29, 49]",65.19344398656908
"[41, 19, 46, 48, 16, 38, 12, 63, 40, 15, 49, 21, 21, 30, 56]",64.36311126373612
"[36, 19, 42, 42, 15, 41, 15, 71, 42, 16, 49, 20, 20, 29, 51]",65.77060159747653
"[37, 20, 45, 47, 16, 41, 13, 71, 42, 17, 52, 21, 21, 30, 51]",67.46212250712247
"[39, 18, 42, 46, 15, 41, 14, 68, 42, 16, 51, 23, 21, 30, 53]",64.40455204517687
"[37, 20, 45, 47, 17, 41, 12, 75, 42, 17, 46, 20, 20, 28, 47]",65.7226541514042
"[35, 19, 44, 46, 15, 41, 13, 70, 42, 15, 57, 20, 21, 30, 57]",65.80110640516868
"[34, 19, 43, 46, 16, 41, 13, 74, 42, 15, 49, 21, 18, 30, 51]",63.6543140771265
"[38, 18, 42, 44, 15, 41, 12, 69, 40, 16, 52, 23, 21, 30, 55]",63.438501093813684
"[40, 21, 45, 48, 16, 40, 12, 60, 37, 15, 42, 20, 18, 20, 45]",67.14599193630455
"[33, 17, 43, 44, 15, 41, 12, 67, 42, 16, 49, 22, 20, 30, 52]",63.11481265262509
"[37, 19, 43, 47, 15, 41, 12, 69, 42, 15, 56, 22, 21, 30, 52]",64.88191824379311
"[36, 19, 43, 45, 15, 41, 12, 70, 41, 16, 50, 20, 21, 30, 52]",64.12203334859574
"[38, 18, 43, 44, 15, 38, 12, 68, 38, 15, 48, 21, 19, 30, 46]",64.76579746642227
"[36, 20, 42, 43, 15, 41, 13, 72, 42, 15, 55, 23, 21, 30, 59]",62.962259488197084
"[36, 17, 42, 47, 15, 36, 12, 63, 39, 15, 47, 21, 19, 30, 55]",65.3820168142043
"[40, 22, 42, 45, 15, 41, 12, 71, 41, 17, 48, 20, 18, 27, 46]",63.77388100325586
"[40, 21, 45, 48, 15, 41, 12, 67, 39, 15, 47, 20, 19, 28, 45]",64.99801968864483
"[37, 19, 42, 48, 15, 41, 12, 67, 39, 15, 55, 23, 21, 30, 52]",64.0987141330892
"[36, 19, 42, 46, 15, 39, 12, 61, 39, 16, 52, 21, 21, 27, 51]",64.93397728428994
"[36, 18, 45, 46, 15, 39, 12, 67, 39, 15, 48, 20, 19, 29, 49]",63.23419197700462
"[38, 18, 46, 48, 16, 38, 12, 65, 37, 15, 50, 21, 20, 30, 55]",62.82284951159949
"[33, 18, 42, 44, 15, 41, 16, 69, 42, 16, 47, 20, 20, 29, 50]",62.38720009157502
"[37, 20, 46, 48, 16, 41, 13, 68, 42, 17, 52, 20, 21, 30, 52]",66.10029469373224
"[36, 19, 44, 45, 15, 41, 12, 66, 42, 16, 51, 22, 21, 30, 51]",65.76573959605203
"[37, 20, 44, 48, 16, 41, 13, 71, 42, 17, 48, 20, 19, 28, 45]",65.34702571733808
"[34, 20, 42, 46, 15, 41, 14, 70, 41, 16, 55, 21, 21, 30, 58]",62.322410078347474
"[34, 20, 43, 45, 15, 41, 12, 72, 42, 17, 49, 21, 21, 30, 54]",64.54885429385448
"[37, 18, 43, 46, 16, 41, 12, 69, 39, 15, 54, 21, 21, 30, 52]",64.15316163003664
"[38, 20, 51, 48, 16, 41, 12, 60, 38, 15, 42, 20, 18, 23, 41]",64.15068274318264
"[35, 19, 42, 44, 15, 40, 12, 65, 40, 16, 50, 22, 20, 30, 52]",63.11762858669089
"[37, 19, 43, 47, 15, 41, 12, 67, 39, 16, 54, 21, 21, 30, 52]",63.169763049450616
"[36, 19, 45, 46, 15, 41, 12, 70, 41, 15, 49, 20, 20, 30, 50]",62.32731901200649
"[35, 19, 43, 43, 15, 40, 12, 68, 39, 15, 48, 20, 19, 29, 47]",68.82289084757826
"[37, 19, 42, 44, 15, 41, 13, 69, 41, 19, 53, 23, 21, 30, 58]",66.60387540700043
"[37, 15, 42, 48, 16, 36, 12, 63, 40, 15, 47, 21, 20, 30, 57]",64.59841625966644
"[39, 21, 44, 47, 15, 41, 13, 70, 39, 16, 48, 20, 18, 28, 47]",66.67308786121293
"[36, 20, 45, 47, 15, 41, 12, 66, 40, 15, 45, 20, 19, 27, 48]",65.60572573260087
"[37, 19, 43, 48, 15, 38, 12, 67, 38, 15, 53, 21, 21, 30, 53]",68.29764702889716
"[32, 19, 42, 47, 15, 37, 12, 64, 37, 16, 49, 21, 21, 29, 52]",67.30835864367118
"[37, 19, 44, 44, 15, 40, 12, 66, 39, 15, 48, 20, 19, 29, 49]",67.0476673789174
"[36, 20, 45, 48, 16, 38, 12, 65, 36, 15, 52, 23, 21, 30, 52]",65.61689445970704
"[33, 18, 42, 46, 15, 41, 14, 73, 42, 15, 48, 20, 20, 29, 50]",65.83859673890932
"[38, 20, 47, 48, 16, 41, 13, 68, 42, 15, 51, 20, 21, 30, 51]",65.74551358363873
"[37, 20, 45, 45, 15, 41, 13, 72, 42, 16, 51, 21, 21, 30, 52]",64.80838497151029
"[37, 20, 45, 48, 16, 41, 14, 68, 42, 17, 47, 20, 18, 28, 47]",63.345841473341345
"[35, 18, 43, 46, 15, 41, 14, 70, 40, 16, 50, 23, 21, 30, 54]",65.24992877492865
"[38, 20, 44, 44, 15, 41, 17, 73, 42, 16, 47, 22, 21, 30, 52]",66.29926460113965
"[36, 18, 43, 45, 15, 41, 12, 71, 39, 15, 52, 21, 21, 30, 53]",66.45657242063503
"[37, 21, 53, 48, 15, 33, 12, 60, 42, 15, 43, 20, 18, 27, 41]",65.50000178062643
"[36, 19, 42, 46, 15, 41, 12, 70, 39, 16, 50, 21, 21, 29, 51]",63.95728607041129
"[37, 19, 45, 46, 15, 41, 12, 69, 42, 16, 53, 22, 21, 30, 52]",65.92138100325586
"[35, 19, 44, 47, 15, 41, 12, 69, 40, 15, 50, 21, 20, 30, 49]",63.66084961334946
"[33, 18, 42, 46, 15, 41, 12, 66, 40, 15, 48, 20, 20, 29, 49]",66.69481875763121
"[33, 18, 42, 48, 15, 41, 12, 69, 41, 21, 52, 22, 21, 30, 55]",63.58164517195781
"[36, 14, 42, 48, 15, 37, 12, 62, 39, 15, 52, 23, 21, 30, 52]",68.72519357956871
"[39, 20, 45, 48, 15, 41, 13, 70, 42, 15, 46, 20, 19, 28, 48]",71.56629820411044
"[37, 20, 45, 48, 16, 39, 12, 66, 41, 15, 43, 20, 18, 25, 51]",64.71259577228321
"[37, 19, 44, 47, 15, 40, 12, 65, 38, 15, 52, 20, 21, 30, 55]",63.0526844220593
"[31, 18, 42, 46, 15, 36, 13, 62, 38, 16, 53, 21, 20, 30, 50]",62.99125597781849
"[36, 20, 43, 47, 15, 39, 12, 66, 39, 15, 48, 20, 19, 29, 49]",62.85901683964173
"[38, 21, 45, 48, 16, 38, 12, 64, 38, 15, 52, 22, 21, 30, 50]",64.51681827431824
"[36, 19, 42, 45, 15, 41, 13, 73, 42, 16, 48, 20, 21, 30, 48]",63.852161935286986
"[37, 20, 47, 48, 16, 41, 13, 72, 41, 15, 53, 20, 20, 30, 49]",62.97143442205947
"[39, 19, 42, 42, 15, 41, 13, 74, 42, 16, 50, 21, 21, 30, 53]",64.04112204924712
"[37, 19, 45, 48, 17, 41, 13, 69, 40, 16, 44, 20, 18, 27, 48]",67.97053037240532
"[35, 18, 45, 46, 15, 41, 12, 69, 40, 15, 54, 23, 21, 30, 56]",64.19742610398858
"[37, 19, 44, 46, 15, 41, 14, 73, 42, 15, 50, 22, 20, 30, 51]",62.50372608872601
"[36, 19, 45, 45, 15, 40, 13, 70, 41, 15, 52, 23, 20, 30, 53]",62.93221192002475
"[39, 22, 49, 48, 16, 26, 12, 65, 38, 15, 42, 20, 18, 28, 41]",66.4596451465202
"[34, 19, 42, 47, 15, 40, 12, 71, 41, 15, 50, 21, 20, 29, 51]",67.44365995115977
"[36, 19, 46, 46, 15, 40, 12, 71, 42, 15, 51, 22, 21, 30, 52]",63.32164021164031
"[37, 19, 44, 47, 15, 41, 12, 67, 40, 16, 49, 22, 21, 29, 48]",67.63877556471327
"[35, 18, 42, 46, 15, 41, 13, 66, 40, 15, 48, 20, 20, 29, 47]",63.614733033170474
"[31, 19, 42, 46, 15, 41, 13, 70, 42, 18, 52, 21, 21, 30, 55]",65.14310057997541
"[34, 17, 42, 40, 15, 37, 12, 61, 38, 15, 51, 23, 21, 30, 54]",63.60086055148535
"[39, 21, 43, 47, 15, 41, 13, 68, 42, 16, 47, 20, 19, 27, 47]",66.24572458791211
"[38, 19, 45, 46, 16, 38, 12, 66, 38, 15, 44, 20, 18, 27, 51]",64.01994772588503
"[37, 19, 45, 47, 15, 40, 12, 64, 40, 15, 56, 21, 21, 30, 51]",66.09013799857537
"[31, 18, 42, 44, 15, 36, 12, 61, 39, 16, 50, 21, 18, 30, 51]",68.06717503561256
"[36, 19, 44, 47, 15, 38, 13, 67, 39, 15, 48, 20, 19, 29, 49]",63.96968025030517
"[38, 19, 47, 48, 16, 38, 12, 64, 39, 15, 50, 21, 21, 30, 56]",65.59004477004471
"[37, 19, 42, 44, 15, 41, 15, 69, 42, 16, 48, 20, 20, 30, 48]",64.69264181420422
"[37, 20, 45, 48, 16, 39, 12, 69, 39, 15, 50, 20, 19, 30, 49]",61.470059650997136
"[41, 18, 42, 47, 15, 41, 12, 73, 42, 16, 50, 21, 21, 30, 51]",64.56268556674796
"[37, 20, 45, 48, 17, 41, 12, 70, 38, 16, 44, 20, 19, 27, 46]",64.69198934167682
"[35, 18, 46, 47, 15, 40, 12, 68, 40, 15, 57, 21, 20, 30, 58]",65.41501271876277
"[36, 19, 44, 47, 15, 41, 14, 74, 42, 16, 50, 21, 19, 30, 51]",65.40625152625151
"[37, 18, 45, 45, 15, 40, 12, 69, 40, 16, 52, 22, 20, 30, 52]",65.90592452686198
"[41, 22, 49, 48, 16, 25, 12, 60, 35, 15, 42, 20, 19, 21, 44]",66.41498003154247
"[35, 20, 42, 46, 15, 39, 12, 71, 41, 16, 50, 21, 19, 30, 51]",64.3326457570208
"[37, 19, 44, 47, 15, 38, 12, 71, 42, 15, 51, 21, 21, 30, 51]",64.65972870879122
"[37, 19, 44, 47, 15, 40, 12, 70, 40, 15, 49, 22, 20, 29, 53]",63.64124427655683
"[37, 17, 42, 45, 15, 39, 12, 67, 40, 15, 48, 20, 20, 30, 47]",62.995671423484104
"[36, 18, 42, 45, 15, 41, 13, 71, 41, 15, 55, 21, 21, 30, 57]",68.54597896316636
"[34, 18, 42, 41, 15, 37, 12, 65, 39, 15, 50, 21, 21, 30, 58]",63.31684612840827
"[41, 20, 44, 47, 16, 41, 12, 70, 41, 16, 49, 20, 19, 28, 47]",64.34564852971089
"[39, 20, 44, 47, 15, 40, 12, 67, 37, 15, 45, 20, 20, 28, 48]",64.08555797212026
"[36, 20, 44, 47, 15, 38, 12, 67, 39, 15, 53, 22, 21, 30, 56]",66.51036172161189
"[32, 17, 42, 44, 15, 37, 12, 65, 37, 15, 52, 21, 18, 30, 51]",64.97009895197384
"[38, 18, 45, 44, 15, 40, 12, 67, 39, 15, 48, 20, 19, 29, 49]",63.909651124338886
"[38, 18, 46, 48, 16, 38, 12, 65, 39, 15, 49, 21, 21, 30, 56]",63.54302185083462
"[35, 19, 42, 44, 15, 41, 17, 70, 42, 16, 47, 21, 21, 28, 50]",64.0740226902728
"[37, 20, 45, 48, 16, 37, 12, 68, 40, 15, 49, 20, 20, 30, 49]",62.76059956247464
"[37, 19, 43, 47, 15, 41, 13, 71, 42, 16, 49, 21, 21, 30, 55]",65.73341206247449
"[37, 20, 44, 48, 15, 40, 12, 75, 40, 18, 48, 20, 20, 27, 45]",66.31680860805838
"[32, 20, 43, 48, 15, 38, 12, 68, 42, 15, 57, 20, 21, 30, 58]",65.89429347273104
"[36, 19, 44, 45, 15, 41, 13, 73, 42, 16, 48, 21, 20, 30, 53]",65.03819050162808
"[38, 18, 42, 47, 15, 41, 12, 68, 39, 16, 50, 21, 21, 30, 54]",65.19406160968664
"[40, 20, 50, 48, 15, 28, 12, 60, 36, 15, 42, 20, 18, 20, 41]",67.1744842541719
"[36, 19, 42, 46, 15, 41, 12, 68, 40, 16, 50, 21, 20, 30, 52]",64.86282229344705
"[37, 19, 43, 47, 15, 40, 12, 72, 41, 17, 53, 21, 21, 30, 50]",63.82562258343514
"[37, 19, 45, 48, 15, 39, 12, 69, 42, 16, 51, 21, 20, 30, 52]",64.35442701973952
"[35, 18, 43, 45, 15, 39, 12, 70, 39, 15, 49, 20, 19, 30, 48]",63.14347591066353
"[36, 18, 42, 45, 15, 41, 13, 71, 42, 16, 56, 22, 20, 30, 59]",63.86769459706954
"[35, 16, 42, 46, 15, 36, 12, 66, 40, 15, 53, 21, 21, 30, 60]",62.5663113044364
"[37, 20, 45, 46, 16, 39, 12, 73, 42, 15, 49, 20, 19, 28, 47]",64.48423776455009
"[39, 20, 44, 47, 15, 39, 12, 66, 38, 15, 46, 20, 20, 28, 46]",65.61870408526663
"[36, 20, 44, 48, 16, 40, 12, 67, 38, 15, 51, 22, 20, 30, 55]",66.15866376678878
"[33, 19, 42, 45, 15, 37, 12, 64, 38, 15, 53, 21, 21, 29, 51]",67.7571710927961
"[36, 18, 44, 45, 15, 40, 12, 66, 39, 15, 48, 20, 19, 29, 49]",68.48796461640205
"[37, 17, 46, 48, 16, 38, 13, 66, 38, 15, 54, 23, 21, 30, 57]",64.26650030525022
"[35, 19, 42, 46, 15, 41, 16, 70, 42, 16, 47, 21, 21, 28, 51]",66.48976991758262
"[37, 20, 45, 48, 16, 41, 13, 69, 40, 15, 49, 22, 20, 29, 49]",62.753771494709
"[37, 19, 44, 49, 16, 36, 11, 65, 38, 15, 46, 19, 19, 29, 52]",67.51102551383815
"[37, 20, 44, 48, 16, 35, 10, 67, 36, 17, 50, 20, 20, 28, 47]",64.13704810236037
"[33, 20, 45, 51, 16, 35, 11, 64, 40, 15, 51, 17, 18, 27, 52]",65.0225171703296
"[37, 19, 46, 47, 16, 36, 11, 65, 38, 15, 46, 20, 19, 29, 51]",63.9469586894588
"[39, 18, 43, 49, 16, 38, 11, 63, 37, 16, 47, 19, 19, 29, 51]",64.9862698412698
"[38, 19, 47, 46, 15, 30, 13, 65, 40, 17, 49, 23, 21, 24, 48]",68.67937334656085
"[37, 19, 44, 49, 16, 38, 11, 63, 38, 15, 47, 20, 19, 29, 50]",62.70785587098115
"[37, 19, 44, 49, 16, 36, 10, 65, 38, 16, 50, 19, 19, 29, 48]",66.39917569698824
"[37, 19, 45, 48, 16, 36, 11, 64, 39, 15, 49, 19, 18, 29, 50]",64.22599257224266
"[37, 19, 45, 48, 16, 36, 11, 66, 37, 15, 49, 20, 18, 30, 48]",69.60535078347571
"[38, 19, 44, 48, 16, 36, 11, 65, 38, 15, 49, 19, 17, 27, 53]",69.8956762566136
"[37, 17, 45, 49, 17, 35, 11, 64, 40, 15, 48, 18, 18, 27, 54]",63.983772766585226
"[37, 20, 45, 46, 17, 35, 10, 67, 39, 14, 49, 20, 19, 29, 48]",65.73766890516906
"[39, 20, 44, 47, 15, 37, 11, 65, 37, 15, 48, 20, 20, 29, 48]",62.45143264143284
"[36, 20, 44, 48, 17, 38, 11, 64, 37, 15, 48, 20, 18, 28, 51]",63.33524407305659
"[35, 20, 45, 48, 17, 37, 11, 64, 38, 15, 50, 19, 19, 28, 49]",64.75373537342307
"[38, 18, 46, 47, 16, 38, 11, 63, 38, 15, 48, 20, 19, 29, 49]",67.16891979548215
"[37, 17, 46, 48, 17, 36, 12, 65, 37, 15, 49, 20, 18, 27, 51]",62.983606786731734
"[36, 19, 45, 49, 16, 36, 14, 62, 38, 15, 46, 20, 20, 28, 51]",63.43598939255204
"[37, 19, 45, 48, 16, 38, 12, 63, 38, 14, 48, 21, 19, 29, 48]",64.0481678622301
