"[21, 21, 21, 47, 55, 42, 11, 24, 21, 67, 17, 38, 24, 62, 24]",64.81593089430882
"[21, 21, 21, 47, 55, 42, 11, 24, 21, 67, 17, 38, 24, 62, 24]",96.01168428184266
"[21, 21, 21, 47, 55, 42, 11, 24, 21, 67, 17, 38, 24, 62, 24]",63.43194715447146
"[21, 21, 21, 47, 55, 42, 11, 24, 21, 67, 17, 38, 24, 62, 24]",71.1079485094851
"[21, 21, 21, 47, 55, 42, 11, 24, 21, 67, 17, 38, 24, 62, 24]",70.38448373983735
"[21, 21, 21, 47, 55, 42, 11, 24, 21, 67, 17, 38, 24, 62, 24]",71.60765176151742
"[21, 21, 21, 47, 55, 42, 11, 24, 21, 67, 17, 38, 24, 62, 24]",91.862674796748
"[21, 21, 21, 47, 55, 42, 11, 24, 21, 67, 17, 38, 24, 62, 24]",73.3533726287262
"[21, 21, 21, 47, 55, 42, 11, 24, 21, 67, 17, 38, 24, 62, 24]",81.40196747967465
"[21, 21, 21, 47, 55, 42, 11, 24, 21, 67, 17, 38, 24, 62, 24]",85.33135772357706
"[21, 21, 21, 47, 55, 42, 11, 24, 21, 67, 17, 38, 24, 62, 24]",90.15304336043349
"[21, 21, 21, 47, 55, 42, 11, 24, 21, 67, 17, 38, 24, 62, 24]",69.18239295392955
"[21, 21, 21, 47, 55, 42, 11, 24, 21, 67, 17, 38, 24, 62, 24]",79.04252981029805
"[21, 21, 21, 47, 55, 42, 11, 24, 21, 67, 17, 38, 24, 62, 24]",91.07703794037931
"[21, 21, 21, 47, 55, 42, 11, 24, 21, 67, 17, 38, 24, 62, 24]",93.90795663956648
"[21, 21, 21, 47, 55, 42, 11, 24, 21, 67, 17, 38, 24, 62, 24]",88.35209214092153
"[21, 21, 21, 47, 55, 42, 11, 24, 21, 67, 17, 38, 24, 62, 24]",71.44808943089431
"[21, 21, 21, 47, 55, 42, 11, 24, 21, 67, 17, 38, 24, 62, 24]",87.69888075880768
"[21, 21, 21, 47, 55, 42, 11, 24, 21, 67, 17, 38, 24, 62, 24]",91.50132384823863
"[21, 21, 21, 47, 55, 42, 11, 24, 21, 67, 17, 38, 24, 62, 24]",83.85471680216816
"[21, 21, 21, 47, 55, 42, 11, 24, 21, 67, 17, 38, 24, 62, 24]",64.84047154471537
"[21, 21, 21, 47, 55, 42, 11, 24, 21, 67, 17, 38, 24, 62, 24]",52.614566395663914
"[21, 21, 21, 47, 55, 42, 11, 24, 21, 67, 17, 38, 24, 62, 24]",66.3157628726288
"[21, 21, 21, 47, 55, 42, 11, 24, 21, 67, 17, 38, 24, 62, 24]",69.55930623306237
"[21, 21, 21, 47, 55, 42, 11, 24, 21, 67, 17, 38, 24, 62, 24]",82.83689430894292
"[21, 21, 21, 47, 55, 42, 11, 24, 21, 67, 17, 38, 24, 62, 24]",65.43147018970197
"[21, 21, 21, 47, 55, 42, 11, 24, 21, 67, 17, 38, 24, 62, 24]",81.56603794037945
"[21, 21, 21, 47, 55, 42, 11, 24, 21, 67, 17, 38, 24, 62, 24]",83.05142411924116
"[21, 21, 21, 47, 55, 42, 11, 24, 21, 67, 17, 38, 24, 62, 24]",56.63734281842822
"[21, 21, 21, 47, 55, 42, 11, 24, 21, 67, 17, 38, 24, 62, 24]",77.57789024390244
"[21, 21, 21, 47, 55, 42, 11, 24, 21, 67, 17, 38, 24, 62, 24]",84.22294850948498
"[21, 21, 21, 47, 55, 42, 11, 24, 21, 67, 17, 38, 24, 62, 24]",74.72730081300816
"[21, 21, 21, 47, 55, 42, 11, 24, 21, 67, 17, 38, 24, 62, 24]",59.66581165311653
"[21, 21, 21, 47, 55, 42, 11, 24, 21, 67, 17, 38, 24, 62, 24]",76.60154607046078
"[21, 21, 21, 47, 55, 42, 11, 24, 21, 67, 17, 38, 24, 62, 24]",82.42840785907859
"[21, 21, 21, 47, 55, 42, 11, 24, 21, 67, 17, 38, 24, 62, 24]",84.22632791327923
"[21, 21, 21, 47, 55, 42, 11, 24, 21, 67, 17, 38, 24, 62, 24]",73.25368970189706
"[21, 21, 21, 47, 55, 42, 11, 24, 21, 67, 17, 38, 24, 62, 24]",66.32052845528462
"[21, 21, 21, 47, 55, 42, 11, 24, 21, 67, 17, 38, 24, 62, 24]",88.2461991869917
"[21, 21, 21, 47, 55, 42, 11, 24, 21, 67, 17, 38, 24, 62, 24]",72.68191598915988
"[21, 21, 21, 47, 55, 42, 11, 24, 21, 67, 17, 38, 24, 62, 24]",59.41119647696469
"[21, 21, 21, 47, 55, 42, 11, 24, 21, 67, 17, 38, 24, 62, 24]",44.72009891598914
"[21, 21, 21, 47, 55, 42, 11, 24, 21, 67, 17, 38, 24, 62, 24]",62.7434430894309
"[21, 21, 21, 47, 55, 42, 11, 24, 21, 67, 17, 38, 24, 62, 24]",73.07614092140932
"[21, 21, 21, 47, 55, 42, 11, 24, 21, 67, 17, 38, 24, 62, 24]",70.79682926829278
"[21, 21, 21, 47, 55, 42, 11, 24, 21, 67, 17, 38, 24, 62, 24]",65.53232520325204
"[21, 21, 21, 47, 55, 42, 11, 24, 21, 67, 17, 38, 24, 62, 24]",44.524517615176194
"[21, 21, 21, 47, 55, 42, 11, 24, 21, 67, 17, 38, 24, 62, 24]",43.412997289972864
"[21, 21, 21, 47, 55, 42, 11, 24, 21, 67, 17, 38, 24, 62, 24]",66.70325474254747
"[21, 21, 21, 47, 55, 42, 11, 24, 21, 67, 17, 38, 24, 62, 24]",68.56676016260164
"[21, 21, 21, 47, 55, 42, 11, 24, 21, 67, 17, 38, 24, 62, 24]",67.08229810298104
"[21, 21, 21, 47, 55, 42, 11, 24, 21, 67, 17, 38, 24, 62, 24]",76.38981300813018
"[21, 21, 21, 47, 55, 42, 11, 24, 21, 67, 17, 38, 24, 62, 24]",62.36304742547426
"[21, 21, 21, 47, 55, 42, 11, 24, 21, 67, 17, 38, 24, 62, 24]",54.497295392953966
"[21, 21, 21, 47, 55, 42, 11, 24, 21, 67, 17, 38, 24, 62, 24]",64.01393902439023
"[21, 21, 21, 47, 55, 42, 11, 24, 21, 67, 17, 38, 24, 62, 24]",51.7160487804877
"[21, 21, 21, 47, 55, 42, 11, 24, 21, 67, 17, 38, 24, 62, 24]",53.698548780487876
"[21, 21, 21, 47, 55, 42, 11, 24, 21, 67, 17, 38, 24, 62, 24]",62.70316260162603
"[21, 21, 21, 47, 55, 42, 11, 24, 21, 67, 17, 38, 24, 62, 24]",51.301474254742516
"[21, 21, 21, 47, 55, 42, 11, 24, 21, 67, 17, 38, 24, 62, 24]",42.78543224932243
"[21, 21, 21, 47, 55, 42, 11, 24, 21, 67, 17, 38, 24, 62, 24]",50.26136314363148
"[21, 21, 21, 47, 55, 42, 11, 24, 21, 67, 17, 38, 24, 62, 24]",51.0002926829268
"[21, 21, 21, 47, 55, 42, 11, 24, 21, 67, 17, 38, 24, 62, 24]",53.78291056910572
"[21, 21, 21, 47, 55, 42, 11, 24, 21, 67, 17, 38, 24, 62, 24]",47.01631029810297
"[21, 21, 21, 47, 55, 42, 11, 24, 21, 67, 17, 38, 24, 62, 24]",59.01192953929537
"[21, 21, 21, 47, 55, 42, 11, 24, 21, 67, 17, 38, 24, 62, 24]",67.3317195121951
"[21, 21, 21, 47, 55, 42, 11, 24, 21, 67, 17, 38, 24, 62, 24]",50.318010840108435
"[21, 21, 21, 47, 55, 42, 11, 24, 21, 67, 17, 38, 24, 62, 24]",40.06567344173443
"[21, 21, 21, 47, 55, 42, 11, 24, 21, 67, 17, 38, 24, 62, 24]",69.75472899728993
"[21, 21, 21, 47, 55, 42, 11, 24, 21, 67, 17, 38, 24, 62, 24]",52.481116531165384
"[21, 21, 21, 47, 55, 42, 11, 24, 21, 67, 17, 38, 24, 62, 24]",63.70548238482385
"[21, 21, 21, 47, 55, 42, 11, 24, 21, 67, 17, 38, 24, 62, 24]",56.12183062330628
"[21, 21, 21, 47, 55, 42, 11, 24, 21, 67, 17, 38, 24, 62, 24]",44.5812506775067
"[21, 21, 21, 47, 55, 42, 11, 24, 21, 67, 17, 38, 24, 62, 24]",60.488101626016366
"[21, 21, 21, 47, 55, 42, 11, 24, 21, 67, 17, 38, 24, 62, 24]",62.09412059620592
"[21, 21, 21, 47, 55, 42, 11, 24, 21, 67, 17, 38, 24, 62, 24]",50.73302032520329
"[21, 21, 21, 47, 55, 42, 11, 24, 21, 67, 17, 38, 24, 62, 24]",60.48935636856369
"[21, 21, 21, 47, 55, 42, 11, 24, 21, 67, 17, 38, 24, 62, 24]",54.46287940379403
"[21, 21, 21, 47, 55, 42, 11, 24, 21, 67, 17, 38, 24, 62, 24]",57.840029810298105
"[21, 21, 21, 47, 55, 42, 11, 24, 21, 67, 17, 38, 24, 62, 24]",44.54427777777774
"[21, 21, 21, 47, 55, 42, 11, 24, 21, 67, 17, 38, 24, 62, 24]",59.505170731707274
"[21, 21, 21, 47, 55, 42, 11, 24, 21, 67, 17, 38, 24, 62, 24]",38.629108401084
"[21, 21, 21, 47, 55, 42, 11, 24, 21, 67, 17, 38, 24, 62, 24]",53.1626815718157
"[21, 21, 21, 47, 55, 42, 11, 24, 21, 67, 17, 38, 24, 62, 24]",53.716952574525656
"[21, 21, 21, 47, 55, 42, 11, 24, 21, 67, 17, 38, 24, 62, 24]",55.02410162601633
"[21, 21, 21, 47, 55, 42, 11, 24, 21, 67, 17, 38, 24, 62, 24]",64.16288346883462
"[21, 21, 21, 47, 55, 42, 11, 24, 21, 67, 17, 38, 24, 62, 24]",36.47723035230357
"[21, 21, 21, 47, 55, 42, 11, 24, 21, 67, 17, 38, 24, 62, 24]",36.354207317073175
"[21, 21, 21, 47, 55, 42, 11, 24, 21, 67, 17, 38, 24, 62, 24]",49.26077235772361
"[21, 21, 21, 47, 55, 42, 11, 24, 21, 67, 17, 38, 24, 62, 24]",51.62378997289977
"[21, 21, 21, 47, 55, 42, 11, 24, 21, 67, 17, 38, 24, 62, 24]",40.511323848238476
"[21, 21, 21, 47, 55, 42, 11, 24, 21, 67, 17, 38, 24, 62, 24]",51.79217208672085
"[21, 21, 21, 47, 55, 42, 11, 24, 21, 67, 17, 38, 24, 62, 24]",45.866798102980965
"[21, 21, 21, 47, 55, 42, 11, 24, 21, 67, 17, 38, 24, 62, 24]",47.293768292682905
"[21, 21, 21, 47, 55, 42, 11, 24, 21, 67, 17, 38, 24, 62, 24]",51.16167073170723
"[21, 21, 21, 47, 55, 42, 11, 24, 21, 67, 17, 38, 24, 62, 24]",46.66033468834701
"[21, 21, 21, 47, 55, 42, 11, 24, 21, 67, 17, 38, 24, 62, 24]",43.469109756097545
"[21, 21, 21, 47, 55, 42, 11, 24, 21, 67, 17, 38, 24, 62, 24]",43.91367615176145
"[21, 21, 21, 47, 55, 42, 11, 24, 21, 67, 17, 38, 24, 62, 24]",47.044852303522994
"[21, 21, 21, 47, 55, 42, 11, 24, 21, 67, 17, 38, 24, 62, 24]",56.71052032520332
"[21, 21, 21, 47, 55, 42, 11, 24, 21, 67, 17, 38, 24, 62, 24]",45.06284959349597
"[21, 21, 21, 47, 55, 42, 11, 24, 21, 67, 17, 38, 24, 62, 24]",42.22378048780487
"[21, 21, 21, 47, 55, 42, 11, 24, 21, 67, 17, 38, 24, 62, 24]",63.91873170731714
"[21, 21, 21, 47, 55, 42, 11, 24, 21, 67, 17, 38, 24, 62, 24]",45.11777100271002
"[21, 21, 21, 47, 55, 42, 11, 24, 21, 67, 17, 38, 24, 62, 24]",40.92825474254743
"[21, 21, 21, 47, 55, 42, 11, 24, 21, 67, 17, 38, 24, 62, 24]",59.54494444444445
"[21, 21, 21, 47, 55, 42, 11, 24, 21, 67, 17, 38, 24, 62, 24]",47.00853523035226
"[21, 21, 21, 47, 55, 42, 11, 24, 21, 67, 17, 38, 24, 62, 24]",47.388836043360435
"[21, 21, 21, 47, 55, 42, 11, 24, 21, 67, 17, 38, 24, 62, 24]",47.7629254742548
"[21, 21, 21, 47, 55, 42, 11, 24, 21, 67, 17, 38, 24, 62, 24]",61.69610298102987
"[21, 21, 21, 47, 55, 42, 11, 24, 21, 67, 17, 38, 24, 62, 24]",41.93412872628724
"[21, 21, 21, 47, 55, 42, 11, 24, 21, 67, 17, 38, 24, 62, 24]",52.426149051490576
"[21, 21, 21, 47, 55, 42, 11, 24, 21, 67, 17, 38, 24, 62, 24]",47.18203116531162
"[21, 21, 21, 47, 55, 42, 11, 24, 21, 67, 17, 38, 24, 62, 24]",56.80356775067754
"[21, 21, 21, 47, 55, 42, 11, 24, 21, 67, 17, 38, 24, 62, 24]",42.893355013550064
"[21, 21, 21, 47, 55, 42, 11, 24, 21, 67, 17, 38, 24, 62, 24]",44.7395013550136
"[21, 21, 21, 47, 55, 42, 11, 24, 21, 67, 17, 38, 24, 62, 24]",41.87766937669374
"[21, 21, 21, 47, 55, 42, 11, 24, 21, 67, 17, 38, 24, 62, 24]",47.792033875338724
"[21, 21, 21, 47, 55, 42, 11, 24, 21, 67, 17, 38, 24, 62, 24]",44.20075880758814
"[21, 21, 21, 47, 55, 42, 11, 24, 21, 67, 17, 38, 24, 62, 24]",36.49404336043358
"[21, 21, 21, 47, 55, 42, 11, 24, 21, 67, 17, 38, 24, 62, 24]",45.35765718157177
"[21, 21, 21, 47, 55, 42, 11, 24, 21, 67, 17, 38, 24, 62, 24]",49.85912872628721
"[21, 21, 21, 47, 55, 42, 11, 24, 21, 67, 17, 38, 24, 62, 24]",51.61326151761527
"[21, 21, 21, 47, 55, 42, 11, 24, 21, 67, 17, 38, 24, 62, 24]",56.40102981029813
"[21, 21, 21, 47, 55, 42, 11, 24, 21, 67, 17, 38, 24, 62, 24]",57.74988482384812
"[21, 21, 21, 47, 55, 42, 11, 24, 21, 67, 17, 38, 24, 62, 24]",50.041825203252
"[21, 21, 21, 47, 55, 42, 11, 24, 21, 67, 17, 38, 24, 62, 24]",51.977378048780494
"[21, 21, 21, 47, 55, 42, 11, 24, 21, 67, 17, 38, 24, 62, 24]",40.02359214092147
"[21, 21, 21, 47, 55, 42, 11, 24, 21, 67, 17, 38, 24, 62, 24]",50.914302168021685
"[21, 21, 21, 47, 55, 42, 11, 24, 21, 67, 17, 38, 24, 62, 24]",40.546094850948556
"[21, 21, 21, 47, 55, 42, 11, 24, 21, 67, 17, 38, 24, 62, 24]",59.28902574525735
"[21, 21, 21, 47, 55, 42, 11, 24, 21, 67, 17, 38, 24, 62, 24]",60.418144986449946
"[21, 21, 21, 47, 55, 42, 11, 24, 21, 67, 17, 38, 24, 62, 24]",50.652200542005495
"[21, 21, 21, 47, 55, 42, 11, 24, 21, 67, 17, 38, 24, 62, 24]",55.31678319783195
"[21, 21, 21, 47, 55, 42, 11, 24, 21, 67, 17, 38, 24, 62, 24]",46.190769647696484
"[21, 21, 21, 47, 55, 42, 11, 24, 21, 67, 17, 38, 24, 62, 24]",54.25957723577237
"[21, 21, 21, 47, 55, 42, 11, 24, 21, 67, 17, 38, 24, 62, 24]",36.27227371273718
"[21, 21, 21, 47, 55, 42, 11, 24, 21, 67, 17, 38, 24, 62, 24]",43.76033468834689
"[21, 21, 21, 47, 55, 42, 11, 24, 21, 67, 17, 38, 24, 62, 24]",49.0785677506775
"[21, 21, 21, 47, 55, 42, 11, 24, 21, 67, 17, 38, 24, 62, 24]",41.239284552845575
"[21, 21, 21, 47, 55, 42, 11, 24, 21, 67, 17, 38, 24, 62, 24]",62.70406233062331
"[21, 21, 21, 47, 55, 42, 11, 24, 21, 67, 17, 38, 24, 62, 24]",46.37231029810304
"[21, 21, 21, 47, 55, 42, 11, 24, 21, 67, 17, 38, 24, 62, 24]",39.3210975609757
"[21, 21, 21, 47, 55, 42, 11, 24, 21, 67, 17, 38, 24, 62, 24]",54.75403116531161
"[21, 21, 21, 47, 55, 42, 11, 24, 21, 67, 17, 38, 24, 62, 24]",44.261663956639524
"[21, 21, 21, 47, 55, 42, 11, 24, 21, 67, 17, 38, 24, 62, 24]",42.731014905149046
"[21, 21, 21, 47, 55, 42, 11, 24, 21, 67, 17, 38, 24, 62, 24]",56.47598644986453
"[21, 21, 21, 47, 55, 42, 11, 24, 21, 67, 17, 38, 24, 62, 24]",40.11758130081304
"[21, 21, 21, 47, 55, 42, 11, 24, 21, 67, 17, 38, 24, 62, 24]",38.99325203252035
"[21, 21, 21, 47, 55, 42, 11, 24, 21, 67, 17, 38, 24, 62, 24]",57.78137804878046
"[21, 21, 21, 47, 55, 42, 11, 24, 21, 67, 17, 38, 24, 62, 24]",53.06999593495931
"[21, 21, 21, 47, 55, 42, 11, 24, 21, 67, 17, 38, 24, 62, 24]",52.695902439024444
"[21, 21, 21, 47, 55, 42, 11, 24, 21, 67, 17, 38, 24, 62, 24]",43.33576693766936
"[21, 21, 21, 47, 55, 42, 11, 24, 21, 67, 17, 38, 24, 62, 24]",41.77658265582658
"[21, 21, 21, 47, 55, 42, 11, 24, 21, 67, 17, 38, 24, 62, 24]",54.74146205962057
"[21, 21, 21, 47, 55, 42, 11, 24, 21, 67, 17, 38, 24, 62, 24]",47.7197940379404
"[21, 21, 21, 47, 55, 42, 11, 24, 21, 67, 17, 38, 24, 62, 24]",45.54139024390245
"[21, 21, 21, 47, 55, 42, 11, 24, 21, 67, 17, 38, 24, 62, 24]",44.639445799458066
"[21, 21, 21, 47, 55, 42, 11, 24, 21, 67, 17, 38, 24, 62, 24]",44.91807046070469
"[21, 21, 21, 47, 55, 42, 11, 24, 21, 67, 17, 38, 24, 62, 24]",47.194701897018916
"[21, 21, 21, 47, 55, 42, 11, 24, 21, 67, 17, 38, 24, 62, 24]",52.38703252032524
"[21, 21, 21, 47, 55, 42, 11, 24, 21, 67, 17, 38, 24, 62, 24]",44.31723170731705
"[21, 21, 21, 47, 55, 42, 11, 24, 21, 67, 17, 38, 24, 62, 24]",35.69423035230349
"[21, 21, 21, 47, 55, 42, 11, 24, 21, 67, 17, 38, 24, 62, 24]",43.355769647696604
"[21, 21, 21, 47, 55, 42, 11, 24, 21, 67, 17, 38, 24, 62, 24]",35.45823306233064
"[21, 21, 21, 47, 55, 42, 11, 24, 21, 67, 17, 38, 24, 62, 24]",46.93778590785902
"[21, 21, 21, 47, 55, 42, 11, 24, 21, 67, 17, 38, 24, 62, 24]",42.26150000000001
"[21, 21, 21, 47, 55, 42, 11, 24, 21, 67, 17, 38, 24, 62, 24]",48.44161653116529
"[21, 21, 21, 47, 55, 42, 11, 24, 21, 67, 17, 38, 24, 62, 24]",57.80071273712727
"[21, 21, 21, 47, 55, 42, 11, 24, 21, 67, 17, 38, 24, 62, 24]",58.47387804878051
"[21, 21, 21, 47, 55, 42, 11, 24, 21, 67, 17, 38, 24, 62, 24]",45.82753387533876
"[21, 21, 21, 47, 55, 42, 11, 24, 21, 67, 17, 38, 24, 62, 24]",46.403172086720815
"[21, 21, 21, 47, 55, 42, 11, 24, 21, 67, 17, 38, 24, 62, 24]",50.772093495934875
"[21, 21, 21, 47, 55, 42, 11, 24, 21, 67, 17, 38, 24, 62, 24]",43.287940379403906
"[21, 21, 21, 47, 55, 42, 11, 24, 21, 67, 17, 38, 24, 62, 24]",40.50014634146334
"[21, 21, 21, 47, 55, 42, 11, 24, 21, 67, 17, 38, 24, 62, 24]",52.41172086720872
"[21, 21, 21, 47, 55, 42, 11, 24, 21, 67, 17, 38, 24, 62, 24]",54.28948915989169
"[21, 21, 21, 47, 55, 42, 11, 24, 21, 67, 17, 38, 24, 62, 24]",44.84614363143627
"[21, 21, 21, 47, 55, 42, 11, 24, 21, 67, 17, 38, 24, 62, 24]",39.872962059620605
"[21, 21, 21, 47, 55, 42, 11, 24, 21, 67, 17, 38, 24, 62, 24]",41.264093495935036
"[21, 21, 21, 47, 55, 42, 11, 24, 21, 67, 17, 38, 24, 62, 24]",51.84939430894308
"[21, 21, 21, 47, 55, 42, 11, 24, 21, 67, 17, 38, 24, 62, 24]",47.328046070460715
"[21, 21, 21, 47, 55, 42, 11, 24, 21, 67, 17, 38, 24, 62, 24]",54.277452574525775
"[21, 21, 21, 47, 55, 42, 11, 24, 21, 67, 17, 38, 24, 62, 24]",46.31397560975607
"[21, 21, 21, 47, 55, 42, 11, 24, 21, 67, 17, 38, 24, 62, 24]",54.814932249322595
"[21, 21, 21, 47, 55, 42, 11, 24, 21, 67, 17, 38, 24, 62, 24]",48.755121951219536
"[21, 21, 21, 47, 55, 42, 11, 24, 21, 67, 17, 38, 24, 62, 24]",36.65427642276425
"[21, 21, 21, 47, 55, 42, 11, 24, 21, 67, 17, 38, 24, 62, 24]",39.26742276422772
"[21, 21, 21, 47, 55, 42, 11, 24, 21, 67, 17, 38, 24, 62, 24]",46.941837398374
"[21, 21, 21, 47, 55, 42, 11, 24, 21, 67, 17, 38, 24, 62, 24]",52.59006910569102
"[21, 21, 21, 47, 55, 42, 11, 24, 21, 67, 17, 38, 24, 62, 24]",49.88295799457991
"[21, 21, 21, 47, 55, 42, 11, 24, 21, 67, 17, 38, 24, 62, 24]",45.85248373983738
"[21, 21, 21, 47, 55, 42, 11, 24, 21, 67, 17, 38, 24, 62, 24]",56.76597560975605
"[21, 21, 21, 47, 55, 42, 11, 24, 21, 67, 17, 38, 24, 62, 24]",48.877158536585405
"[21, 21, 21, 47, 55, 42, 11, 24, 21, 67, 17, 38, 24, 62, 24]",44.822880758807564
"[21, 21, 21, 47, 55, 42, 11, 24, 21, 67, 17, 38, 24, 62, 24]",42.16236991869921
"[21, 21, 21, 47, 55, 42, 11, 24, 21, 67, 17, 38, 24, 62, 24]",48.427510840108354
"[21, 21, 21, 47, 55, 42, 11, 24, 21, 67, 17, 38, 24, 62, 24]",44.25307452574515
"[21, 21, 21, 47, 55, 42, 11, 24, 21, 67, 17, 38, 24, 62, 24]",47.619766937669404
"[21, 21, 21, 47, 55, 42, 11, 24, 21, 67, 17, 38, 24, 62, 24]",43.65731842818427
"[21, 21, 21, 47, 55, 42, 11, 24, 21, 67, 17, 38, 24, 62, 24]",41.53223170731709
"[21, 21, 21, 47, 55, 42, 11, 24, 21, 67, 17, 38, 24, 62, 24]",55.93879945799452
"[21, 21, 21, 47, 55, 42, 11, 24, 21, 67, 17, 38, 24, 62, 24]",43.223151761517585
"[21, 21, 21, 47, 55, 42, 11, 24, 21, 67, 17, 38, 24, 62, 24]",44.23762466124664
"[21, 21, 21, 47, 55, 42, 11, 24, 21, 67, 17, 38, 24, 62, 24]",43.36258130081302
"[21, 21, 21, 47, 55, 42, 11, 24, 21, 67, 17, 38, 24, 62, 24]",44.12304607046079
"[21, 21, 21, 47, 55, 42, 11, 24, 21, 67, 17, 38, 24, 62, 24]",47.78815447154475
"[21, 21, 21, 47, 55, 42, 11, 24, 21, 67, 17, 38, 24, 62, 24]",46.41625474254748
"[21, 21, 21, 47, 55, 42, 11, 24, 21, 67, 17, 38, 24, 62, 24]",55.01628184281844
"[21, 21, 21, 47, 55, 42, 11, 24, 21, 67, 17, 38, 24, 62, 24]",50.37736856368563
"[21, 21, 21, 47, 55, 42, 11, 24, 21, 67, 17, 38, 24, 62, 24]",36.782880758807565
"[21, 21, 21, 47, 55, 42, 11, 24, 21, 67, 17, 38, 24, 62, 24]",51.86405013550136
"[21, 21, 21, 47, 55, 42, 11, 24, 21, 67, 17, 38, 24, 62, 24]",44.679734417344235
"[21, 21, 21, 47, 55, 42, 11, 24, 21, 67, 17, 38, 24, 62, 24]",40.39069376693764
"[21, 21, 21, 47, 55, 42, 11, 24, 21, 67, 17, 38, 24, 62, 24]",55.05398102981024
"[21, 21, 21, 47, 55, 42, 11, 24, 21, 67, 17, 38, 24, 62, 24]",49.71797425474258
"[21, 21, 21, 47, 55, 42, 11, 24, 21, 67, 17, 38, 24, 62, 24]",53.132478319783196
"[21, 21, 21, 47, 55, 42, 11, 24, 21, 67, 17, 38, 24, 62, 24]",42.72753794037943
"[21, 21, 21, 47, 55, 42, 11, 24, 21, 67, 17, 38, 24, 62, 24]",42.5865785907859
"[21, 21, 21, 47, 55, 42, 11, 24, 21, 67, 17, 38, 24, 62, 24]",42.32189295392955
"[21, 21, 21, 47, 55, 42, 11, 24, 21, 67, 17, 38, 24, 62, 24]",43.76151355013551
"[21, 21, 21, 47, 55, 42, 11, 24, 21, 67, 17, 38, 24, 62, 24]",41.084044715447135
"[21, 21, 21, 47, 55, 42, 11, 24, 21, 67, 17, 38, 24, 62, 24]",43.068227642276405
"[21, 21, 21, 47, 55, 42, 11, 24, 21, 67, 17, 38, 24, 62, 24]",47.95623983739838
"[21, 21, 21, 47, 55, 42, 11, 24, 21, 67, 17, 38, 24, 62, 24]",53.14198509485088
"[21, 21, 21, 47, 55, 42, 11, 24, 21, 67, 17, 38, 24, 62, 24]",50.643382113821076
"[21, 21, 21, 47, 55, 42, 11, 24, 21, 67, 17, 38, 24, 62, 24]",54.15632384823853
"[21, 21, 21, 47, 55, 42, 11, 24, 21, 67, 17, 38, 24, 62, 24]",50.57017479674797
"[21, 21, 21, 47, 55, 42, 11, 24, 21, 67, 17, 38, 24, 62, 24]",56.10214769647698
"[21, 21, 21, 47, 55, 42, 11, 24, 21, 67, 17, 38, 24, 62, 24]",53.799169376693776
"[21, 21, 21, 47, 55, 42, 11, 24, 21, 67, 17, 38, 24, 62, 24]",37.42602981029807
"[21, 21, 21, 47, 55, 42, 11, 24, 21, 67, 17, 38, 24, 62, 24]",49.16858130081308
"[21, 21, 21, 47, 55, 42, 11, 24, 21, 67, 17, 38, 24, 62, 24]",54.09807994579946
"[21, 21, 21, 47, 55, 42, 11, 24, 21, 67, 17, 38, 24, 62, 24]",52.00100677506782
"[21, 21, 21, 47, 55, 42, 11, 24, 21, 67, 17, 38, 24, 62, 24]",42.26726016260168
"[21, 21, 21, 47, 55, 42, 11, 24, 21, 67, 17, 38, 24, 62, 24]",45.97036720867212
"[21, 21, 21, 47, 55, 42, 11, 24, 21, 67, 17, 38, 24, 62, 24]",48.80790785907855
"[21, 21, 21, 47, 55, 42, 11, 24, 21, 67, 17, 38, 24, 62, 24]",49.98134688346882
"[21, 21, 21, 47, 55, 42, 11, 24, 21, 67, 17, 38, 24, 62, 24]",62.99753252032527
"[21, 21, 21, 47, 55, 42, 11, 24, 21, 67, 17, 38, 24, 62, 24]",54.457098915989164
"[21, 21, 21, 47, 55, 42, 11, 24, 21, 67, 17, 38, 24, 62, 24]",47.82601626016253
"[21, 21, 21, 47, 55, 42, 11, 24, 21, 67, 17, 38, 24, 62, 24]",45.90804471544716
"[21, 21, 21, 47, 55, 42, 11, 24, 21, 67, 17, 38, 24, 62, 24]",46.58005691056916
"[21, 21, 21, 47, 55, 42, 11, 24, 21, 67, 17, 38, 24, 62, 24]",49.18402710027095
"[21, 21, 21, 47, 55, 42, 11, 24, 21, 67, 17, 38, 24, 62, 24]",56.34875338753382
"[21, 21, 21, 47, 55, 42, 11, 24, 21, 67, 17, 38, 24, 62, 24]",47.56878590785908
"[21, 21, 21, 47, 55, 42, 11, 24, 21, 67, 17, 38, 24, 62, 24]",52.655681571815705
"[21, 21, 21, 47, 55, 42, 11, 24, 21, 67, 17, 38, 24, 62, 24]",45.03389024390248
"[21, 21, 21, 47, 55, 42, 11, 24, 21, 67, 17, 38, 24, 62, 24]",43.53731436314365
"[21, 21, 21, 47, 55, 42, 11, 24, 21, 67, 17, 38, 24, 62, 24]",38.9494756097561
"[21, 21, 21, 47, 55, 42, 11, 24, 21, 67, 17, 38, 24, 62, 24]",45.18159349593499
"[21, 21, 21, 47, 55, 42, 11, 24, 21, 67, 17, 38, 24, 62, 24]",58.179288617886165
"[21, 21, 21, 47, 55, 42, 11, 24, 21, 67, 17, 38, 24, 62, 24]",58.157220867208565
"[21, 21, 21, 47, 55, 42, 11, 24, 21, 67, 17, 38, 24, 62, 24]",54.75882791327919
"[21, 21, 21, 47, 55, 42, 11, 24, 21, 67, 17, 38, 24, 62, 24]",39.423987804877974
"[21, 21, 21, 47, 55, 42, 11, 24, 21, 67, 17, 38, 24, 62, 24]",42.616535230352326
"[21, 21, 21, 47, 55, 42, 11, 24, 21, 67, 17, 38, 24, 62, 24]",49.69743224932256
"[21, 21, 21, 47, 55, 42, 11, 24, 21, 67, 17, 38, 24, 62, 24]",38.29089024390242
"[21, 21, 21, 47, 55, 42, 11, 24, 21, 67, 17, 38, 24, 62, 24]",57.58193224932251
"[21, 21, 21, 47, 55, 42, 11, 24, 21, 67, 17, 38, 24, 62, 24]",50.20496341463406
"[21, 21, 21, 47, 55, 42, 11, 24, 21, 67, 17, 38, 24, 62, 24]",41.32258401083998
"[21, 21, 21, 47, 55, 42, 11, 24, 21, 67, 17, 38, 24, 62, 24]",45.374413279132824
"[21, 21, 21, 47, 55, 42, 11, 24, 21, 67, 17, 38, 24, 62, 24]",48.0840731707317
"[21, 21, 21, 47, 55, 42, 11, 24, 21, 67, 17, 38, 24, 62, 24]",44.932126016260106
"[21, 21, 21, 47, 55, 42, 11, 24, 21, 67, 17, 38, 24, 62, 24]",39.1104308943089
"[21, 21, 21, 47, 55, 42, 11, 24, 21, 67, 17, 38, 24, 62, 24]",53.93451897018972
"[21, 21, 21, 47, 55, 42, 11, 24, 21, 67, 17, 38, 24, 62, 24]",48.245735772357655
"[21, 21, 21, 47, 55, 42, 11, 24, 21, 67, 17, 38, 24, 62, 24]",37.86847425474257
"[21, 21, 21, 47, 55, 42, 11, 24, 21, 67, 17, 38, 24, 62, 24]",48.18189972899738
"[21, 21, 21, 47, 55, 42, 11, 24, 21, 67, 17, 38, 24, 62, 24]",54.54059078590786
"[21, 21, 21, 47, 55, 42, 11, 24, 21, 67, 17, 38, 24, 62, 24]",44.19275338753387
"[21, 21, 21, 47, 55, 42, 11, 24, 21, 67, 17, 38, 24, 62, 24]",40.72428048780481
"[21, 21, 21, 47, 55, 42, 11, 24, 21, 67, 17, 38, 24, 62, 24]",36.912250677506734
"[21, 21, 21, 47, 55, 42, 11, 24, 21, 67, 17, 38, 24, 62, 24]",46.09285636856369
"[21, 21, 21, 47, 55, 42, 11, 24, 21, 67, 17, 38, 24, 62, 24]",44.82860569105693
"[21, 21, 21, 47, 55, 42, 11, 24, 21, 67, 17, 38, 24, 62, 24]",44.9409227642277
"[21, 21, 21, 47, 55, 42, 11, 24, 21, 67, 17, 38, 24, 62, 24]",45.23669918699188
"[21, 21, 21, 47, 55, 42, 11, 24, 21, 67, 17, 38, 24, 62, 24]",37.25429268292685
"[21, 21, 21, 47, 55, 42, 11, 24, 21, 67, 17, 38, 24, 62, 24]",55.115895663956714
"[21, 21, 21, 47, 55, 42, 11, 24, 21, 67, 17, 38, 24, 62, 24]",42.93838211382119
"[21, 21, 21, 47, 55, 42, 11, 24, 21, 67, 17, 38, 24, 62, 24]",54.57487127371269
"[21, 21, 21, 47, 55, 42, 11, 24, 21, 67, 17, 38, 24, 62, 24]",49.76683604336043
"[21, 21, 21, 47, 55, 42, 11, 24, 21, 67, 17, 38, 24, 62, 24]",41.173686991869886
"[21, 21, 21, 47, 55, 42, 11, 24, 21, 67, 17, 38, 24, 62, 24]",47.22641869918697
"[21, 21, 21, 47, 55, 42, 11, 24, 21, 67, 17, 38, 24, 62, 24]",36.90313685636853
"[21, 21, 21, 47, 55, 42, 11, 24, 21, 67, 17, 38, 24, 62, 24]",42.71119783197827
"[21, 21, 21, 47, 55, 42, 11, 24, 21, 67, 17, 38, 24, 62, 24]",44.71882926829258
"[21, 21, 21, 47, 55, 42, 11, 24, 21, 67, 17, 38, 24, 62, 24]",41.99895934959339
"[21, 21, 21, 47, 55, 42, 11, 24, 21, 67, 17, 38, 24, 62, 24]",43.00768157181578
"[21, 21, 21, 47, 55, 42, 11, 24, 21, 67, 17, 38, 24, 62, 24]",42.55915040650402
"[21, 21, 21, 47, 55, 42, 11, 24, 21, 67, 17, 38, 24, 62, 24]",45.74529403794039
"[21, 21, 21, 47, 55, 42, 11, 24, 21, 67, 17, 38, 24, 62, 24]",40.75827506775065
"[21, 21, 21, 47, 55, 42, 11, 24, 21, 67, 17, 38, 24, 62, 24]",40.11175474254741
"[21, 21, 21, 47, 55, 42, 11, 24, 21, 67, 17, 38, 24, 62, 24]",53.53782655826563
"[21, 21, 21, 47, 55, 42, 11, 24, 21, 67, 17, 38, 24, 62, 24]",37.26600271002708
"[21, 21, 21, 47, 55, 42, 11, 24, 21, 67, 17, 38, 24, 62, 24]",48.993578590785916
"[21, 21, 21, 47, 55, 42, 11, 24, 21, 67, 17, 38, 24, 62, 24]",45.178291327913286
"[21, 21, 21, 47, 55, 42, 11, 24, 21, 67, 17, 38, 24, 62, 24]",56.0237140921409
"[21, 21, 21, 47, 55, 42, 11, 24, 21, 67, 17, 38, 24, 62, 24]",53.395405149051555
"[21, 21, 21, 47, 55, 42, 11, 24, 21, 67, 17, 38, 24, 62, 24]",53.65323441734421
"[21, 21, 21, 47, 55, 42, 11, 24, 21, 67, 17, 38, 24, 62, 24]",47.56319105691064
"[21, 21, 21, 47, 55, 42, 11, 24, 21, 67, 17, 38, 24, 62, 24]",43.04478319783201
"[21, 21, 21, 47, 55, 42, 11, 24, 21, 67, 17, 38, 24, 62, 24]",49.50452845528456
"[21, 21, 21, 47, 55, 42, 11, 24, 21, 67, 17, 38, 24, 62, 24]",48.89680352303522
"[21, 21, 21, 47, 55, 42, 11, 24, 21, 67, 17, 38, 24, 62, 24]",52.067865853658475
"[21, 21, 21, 47, 55, 42, 11, 24, 21, 67, 17, 38, 24, 62, 24]",41.701191056910595
"[21, 21, 21, 47, 55, 42, 11, 24, 21, 67, 17, 38, 24, 62, 24]",43.30276693766937
"[21, 21, 21, 47, 55, 42, 11, 24, 21, 67, 17, 38, 24, 62, 24]",48.839855013550135
"[21, 21, 21, 47, 55, 42, 11, 24, 21, 67, 17, 38, 24, 62, 24]",40.41918428184283
"[21, 21, 21, 47, 55, 42, 11, 24, 21, 67, 17, 38, 24, 62, 24]",48.74851084010838
"[21, 21, 21, 47, 55, 42, 11, 24, 21, 67, 17, 38, 24, 62, 24]",46.26473983739831
"[21, 21, 21, 47, 55, 42, 11, 24, 21, 67, 17, 38, 24, 62, 24]",47.04792276422766
"[21, 21, 21, 47, 55, 42, 11, 24, 21, 67, 17, 38, 24, 62, 24]",46.570695121951246
"[21, 21, 21, 47, 55, 42, 11, 24, 21, 67, 17, 38, 24, 62, 24]",54.70919376693764
"[21, 21, 21, 47, 55, 42, 11, 24, 21, 67, 17, 38, 24, 62, 24]",36.98093495934957
"[21, 21, 21, 47, 55, 42, 11, 24, 21, 67, 17, 38, 24, 62, 24]",33.21707994579943
"[21, 21, 21, 47, 55, 42, 11, 24, 21, 67, 17, 38, 24, 62, 24]",39.537432249322435
"[21, 21, 21, 47, 55, 42, 11, 24, 21, 67, 17, 38, 24, 62, 24]",54.12014363143623
"[21, 21, 21, 47, 55, 42, 11, 24, 21, 67, 17, 38, 24, 62, 24]",49.62025474254744
"[21, 21, 21, 47, 55, 42, 11, 24, 21, 67, 17, 38, 24, 62, 24]",53.45100406504068
"[21, 21, 21, 47, 55, 42, 11, 24, 21, 67, 17, 38, 24, 62, 24]",44.750981029810255
"[21, 21, 21, 47, 55, 42, 11, 24, 21, 67, 17, 38, 24, 62, 24]",39.482010840108465
"[21, 21, 21, 47, 55, 42, 11, 24, 21, 67, 17, 38, 24, 62, 24]",42.31732520325208
"[21, 21, 21, 47, 55, 42, 11, 24, 21, 67, 17, 38, 24, 62, 24]",40.62110704607052
"[21, 21, 21, 47, 55, 42, 11, 24, 21, 67, 17, 38, 24, 62, 24]",44.71852710027105
"[21, 21, 21, 47, 55, 42, 11, 24, 21, 67, 17, 38, 24, 62, 24]",45.213903794037996
"[21, 21, 21, 47, 55, 42, 11, 24, 21, 67, 17, 38, 24, 62, 24]",38.232247967479616
"[21, 21, 21, 47, 55, 42, 11, 24, 21, 67, 17, 38, 24, 62, 24]",48.692596205962005
"[21, 21, 21, 47, 55, 42, 11, 24, 21, 67, 17, 38, 24, 62, 24]",51.82891869918693
"[21, 21, 21, 47, 55, 42, 11, 24, 21, 67, 17, 38, 24, 62, 24]",55.16649864498646
"[21, 21, 21, 47, 55, 42, 11, 24, 21, 67, 17, 38, 24, 62, 24]",47.42374661246612
"[21, 21, 21, 47, 55, 42, 11, 24, 21, 67, 17, 38, 24, 62, 24]",46.314231707317056
"[21, 21, 21, 47, 55, 42, 11, 24, 21, 67, 17, 38, 24, 62, 24]",38.165569105691
"[21, 21, 21, 47, 55, 42, 11, 24, 21, 67, 17, 38, 24, 62, 24]",43.575127371273695
"[21, 21, 21, 47, 55, 42, 11, 24, 21, 67, 17, 38, 24, 62, 24]",46.5298428184282
"[21, 21, 21, 47, 55, 42, 11, 24, 21, 67, 17, 38, 24, 62, 24]",35.91317750677509
"[21, 21, 21, 47, 55, 42, 11, 24, 21, 67, 17, 38, 24, 62, 24]",56.48748509485087
"[21, 21, 21, 47, 55, 42, 11, 24, 21, 67, 17, 38, 24, 62, 24]",50.089134146341436
"[21, 21, 21, 47, 55, 42, 11, 24, 21, 67, 17, 38, 24, 62, 24]",36.209794037940334
"[21, 21, 21, 47, 55, 42, 11, 24, 21, 67, 17, 38, 24, 62, 24]",33.641571815718095
"[21, 21, 21, 47, 55, 42, 11, 24, 21, 67, 17, 38, 24, 62, 24]",38.448661246612474
"[21, 21, 21, 47, 55, 42, 11, 24, 21, 67, 17, 38, 24, 62, 24]",35.02102168021674
"[21, 21, 21, 47, 55, 42, 11, 24, 21, 67, 17, 38, 24, 62, 24]",40.700018970189674
"[21, 21, 21, 47, 55, 42, 11, 24, 21, 67, 17, 38, 24, 62, 24]",49.41709078590785
"[21, 21, 21, 47, 55, 42, 11, 24, 21, 67, 17, 38, 24, 62, 24]",48.86943766937668
"[21, 21, 21, 47, 55, 42, 11, 24, 21, 67, 17, 38, 24, 62, 24]",38.93102439024394
"[21, 21, 21, 47, 55, 42, 11, 24, 21, 67, 17, 38, 24, 62, 24]",54.66976287262873
"[21, 21, 21, 47, 55, 42, 11, 24, 21, 67, 17, 38, 24, 62, 24]",49.07898373983747
"[21, 21, 21, 47, 55, 42, 11, 24, 21, 67, 17, 38, 24, 62, 24]",59.03426829268303
"[21, 21, 21, 47, 55, 42, 11, 24, 21, 67, 17, 38, 24, 62, 24]",53.17543495934955
"[21, 21, 21, 47, 55, 42, 11, 24, 21, 67, 17, 38, 24, 62, 24]",45.57855826558265
"[21, 21, 21, 47, 55, 42, 11, 24, 21, 67, 17, 38, 24, 62, 24]",50.41354200542004
"[21, 21, 21, 47, 55, 42, 11, 24, 21, 67, 17, 38, 24, 62, 24]",50.016620596206145
"[21, 21, 21, 47, 55, 42, 11, 24, 21, 67, 17, 38, 24, 62, 24]",44.93137940379394
"[21, 21, 21, 47, 55, 42, 11, 24, 21, 67, 17, 38, 24, 62, 24]",48.48483604336047
"[21, 21, 21, 47, 55, 42, 11, 24, 21, 67, 17, 38, 24, 62, 24]",33.268943089430884
"[21, 21, 21, 47, 55, 42, 11, 24, 21, 67, 17, 38, 24, 62, 24]",40.572219512195126
"[21, 21, 21, 47, 55, 42, 11, 24, 21, 67, 17, 38, 24, 62, 24]",43.88605149051487
"[21, 21, 21, 47, 55, 42, 11, 24, 21, 67, 17, 38, 24, 62, 24]",40.06587533875333
"[21, 21, 21, 47, 55, 42, 11, 24, 21, 67, 17, 38, 24, 62, 24]",42.530662601626034
"[21, 21, 21, 47, 55, 42, 11, 24, 21, 67, 17, 38, 24, 62, 24]",35.541630081300774
"[21, 21, 21, 47, 55, 42, 11, 24, 21, 67, 17, 38, 24, 62, 24]",57.9065487804877
"[21, 21, 21, 47, 55, 42, 11, 24, 21, 67, 17, 38, 24, 62, 24]",40.92767208672089
"[21, 21, 21, 47, 55, 42, 11, 24, 21, 67, 17, 38, 24, 62, 24]",51.90605826558269
"[21, 21, 21, 47, 55, 42, 11, 24, 21, 67, 17, 38, 24, 62, 24]",47.413666666666735
"[21, 21, 21, 47, 55, 42, 11, 24, 21, 67, 17, 38, 24, 62, 24]",49.16928590785912
"[21, 21, 21, 47, 55, 42, 11, 24, 21, 67, 17, 38, 24, 62, 24]",48.20549186991865
"[21, 21, 21, 47, 55, 42, 11, 24, 21, 67, 17, 38, 24, 62, 24]",43.22718292682924
"[21, 21, 21, 47, 55, 42, 11, 24, 21, 67, 17, 38, 24, 62, 24]",40.075750677506726
"[21, 21, 21, 47, 55, 42, 11, 24, 21, 67, 17, 38, 24, 62, 24]",36.349516260162616
"[21, 21, 21, 47, 55, 42, 11, 24, 21, 67, 17, 38, 24, 62, 24]",42.07454607046078
"[21, 21, 21, 47, 55, 42, 11, 24, 21, 67, 17, 38, 24, 62, 24]",45.92080081300818
"[21, 21, 21, 47, 55, 42, 11, 24, 21, 67, 17, 38, 24, 62, 24]",54.78944850948514
"[21, 21, 21, 47, 55, 42, 11, 24, 21, 67, 17, 38, 24, 62, 24]",42.725754742547515
"[21, 21, 21, 47, 55, 42, 11, 24, 21, 67, 17, 38, 24, 62, 24]",69.39114769647693
"[21, 21, 21, 47, 55, 42, 11, 24, 21, 67, 17, 38, 24, 62, 24]",40.383926829268205
"[21, 21, 21, 47, 55, 42, 11, 24, 21, 67, 17, 38, 24, 62, 24]",35.064155826558235
"[21, 21, 21, 47, 55, 42, 11, 24, 21, 67, 17, 38, 24, 62, 24]",46.67991598915976
"[21, 21, 21, 47, 55, 42, 11, 24, 21, 67, 17, 38, 24, 62, 24]",50.51956775067762
"[21, 21, 21, 47, 55, 42, 11, 24, 21, 67, 17, 38, 24, 62, 24]",48.23872764227642
"[21, 21, 21, 47, 55, 42, 11, 24, 21, 67, 17, 38, 24, 62, 24]",41.99675474254736
"[21, 21, 21, 47, 55, 42, 11, 24, 21, 67, 17, 38, 24, 62, 24]",43.388271002709935
"[21, 21, 21, 47, 55, 42, 11, 24, 21, 67, 17, 38, 24, 62, 24]",47.99649322493231
"[21, 21, 21, 47, 55, 42, 11, 24, 21, 67, 17, 38, 24, 62, 24]",43.91836585365858
"[21, 21, 21, 47, 55, 42, 11, 24, 21, 67, 17, 38, 24, 62, 24]",42.890395663956525
"[21, 21, 21, 47, 55, 42, 11, 24, 21, 67, 17, 38, 24, 62, 24]",44.55424932249323
"[21, 21, 21, 47, 55, 42, 11, 24, 21, 67, 17, 38, 24, 62, 24]",47.64573577235761
"[21, 21, 21, 47, 55, 42, 11, 24, 21, 67, 17, 38, 24, 62, 24]",45.89192411924129
"[21, 21, 21, 47, 55, 42, 11, 24, 21, 67, 17, 38, 24, 62, 24]",51.85473441734415
"[21, 21, 21, 47, 55, 42, 11, 24, 21, 67, 17, 38, 24, 62, 24]",56.009955284552774
"[21, 21, 21, 47, 55, 42, 11, 24, 21, 67, 17, 38, 24, 62, 24]",47.04786178861787
"[21, 21, 21, 47, 55, 42, 11, 24, 21, 67, 17, 38, 24, 62, 24]",44.47844308943087
"[21, 21, 21, 47, 55, 42, 11, 24, 21, 67, 17, 38, 24, 62, 24]",47.593849593495904
"[21, 21, 21, 47, 55, 42, 11, 24, 21, 67, 17, 38, 24, 62, 24]",62.015692411924164
"[21, 21, 21, 47, 55, 42, 11, 24, 21, 67, 17, 38, 24, 62, 24]",48.947651761517605
"[21, 21, 21, 47, 55, 42, 11, 24, 21, 67, 17, 38, 24, 62, 24]",46.32811517615166
"[21, 21, 21, 47, 55, 42, 11, 24, 21, 67, 17, 38, 24, 62, 24]",46.8579065040651
"[21, 21, 21, 47, 55, 42, 11, 24, 21, 67, 17, 38, 24, 62, 24]",48.213287262872704
"[21, 21, 21, 47, 55, 42, 11, 24, 21, 67, 17, 38, 24, 62, 24]",48.53201219512194
"[21, 21, 21, 47, 55, 42, 11, 24, 21, 67, 17, 38, 24, 62, 24]",56.03341734417352
"[21, 21, 21, 47, 55, 42, 11, 24, 21, 67, 17, 38, 24, 62, 24]",46.9489539295393
"[21, 21, 21, 47, 55, 42, 11, 24, 21, 67, 17, 38, 24, 62, 24]",46.89337127371274
"[21, 21, 21, 47, 55, 42, 11, 24, 21, 67, 17, 38, 24, 62, 24]",40.41431300813012
"[21, 21, 21, 47, 55, 42, 11, 24, 21, 67, 17, 38, 24, 62, 24]",55.20486178861785
"[21, 21, 21, 47, 55, 42, 11, 24, 21, 67, 17, 38, 24, 62, 24]",43.24989024390244
"[21, 21, 21, 47, 55, 42, 11, 24, 21, 67, 17, 38, 24, 62, 24]",49.43853116531152
"[21, 21, 21, 47, 55, 42, 11, 24, 21, 67, 17, 38, 24, 62, 24]",62.05267615176162
"[21, 21, 21, 47, 55, 42, 11, 24, 21, 67, 17, 38, 24, 62, 24]",41.90702303523041
"[21, 21, 21, 47, 55, 42, 11, 24, 21, 67, 17, 38, 24, 62, 24]",41.96851626016259
"[21, 21, 21, 47, 55, 42, 11, 24, 21, 67, 17, 38, 24, 62, 24]",49.293147696476886
"[21, 21, 21, 47, 55, 42, 11, 24, 21, 67, 17, 38, 24, 62, 24]",35.55944037940378
"[21, 21, 21, 47, 55, 42, 11, 24, 21, 67, 17, 38, 24, 62, 24]",46.53646341463413
"[21, 21, 21, 47, 55, 42, 11, 24, 21, 67, 17, 38, 24, 62, 24]",42.22345528455291
"[21, 21, 21, 47, 55, 42, 11, 24, 21, 67, 17, 38, 24, 62, 24]",55.23977913279142
"[21, 21, 21, 47, 55, 42, 11, 24, 21, 67, 17, 38, 24, 62, 24]",50.548260162601636
"[21, 21, 21, 47, 55, 42, 11, 24, 21, 67, 17, 38, 24, 62, 24]",54.05068292682927
"[21, 21, 21, 47, 55, 42, 11, 24, 21, 67, 17, 38, 24, 62, 24]",50.869944444444485
"[21, 21, 21, 47, 55, 42, 11, 24, 21, 67, 17, 38, 24, 62, 24]",48.83953252032516
"[21, 21, 21, 47, 55, 42, 11, 24, 21, 67, 17, 38, 24, 62, 24]",42.68998102981031
"[21, 21, 21, 47, 55, 42, 11, 24, 21, 67, 17, 38, 24, 62, 24]",50.98574932249316
"[21, 21, 21, 47, 55, 42, 11, 24, 21, 67, 17, 38, 24, 62, 24]",47.35459349593489
"[21, 21, 21, 47, 55, 42, 11, 24, 21, 67, 17, 38, 24, 62, 24]",47.77835772357731
"[21, 21, 21, 47, 55, 42, 11, 24, 21, 67, 17, 38, 24, 62, 24]",51.14542005420053
"[21, 21, 21, 47, 55, 42, 11, 24, 21, 67, 17, 38, 24, 62, 24]",41.46841327913276
"[21, 21, 21, 47, 55, 42, 11, 24, 21, 67, 17, 38, 24, 62, 24]",43.560138211382025
"[21, 21, 21, 47, 55, 42, 11, 24, 21, 67, 17, 38, 24, 62, 24]",55.85473035230351
"[21, 21, 21, 47, 55, 42, 11, 24, 21, 67, 17, 38, 24, 62, 24]",48.9850962059622
"[21, 21, 21, 47, 55, 42, 11, 24, 21, 67, 17, 38, 24, 62, 24]",36.197842818428164
"[21, 21, 21, 47, 55, 42, 11, 24, 21, 67, 17, 38, 24, 62, 24]",38.013665311653185
"[21, 21, 21, 47, 55, 42, 11, 24, 21, 67, 17, 38, 24, 62, 24]",51.4789376693767
"[21, 21, 21, 47, 55, 42, 11, 24, 21, 67, 17, 38, 24, 62, 24]",41.00053252032523
"[21, 21, 21, 47, 55, 42, 11, 24, 21, 67, 17, 38, 24, 62, 24]",35.24744173441734
"[21, 21, 21, 47, 55, 42, 11, 24, 21, 67, 17, 38, 24, 62, 24]",43.25628861788613
"[21, 21, 21, 47, 55, 42, 11, 24, 21, 67, 17, 38, 24, 62, 24]",47.90416395663953
"[21, 21, 21, 47, 55, 42, 11, 24, 21, 67, 17, 38, 24, 62, 24]",44.900636856368614
"[21, 21, 21, 47, 55, 42, 11, 24, 21, 67, 17, 38, 24, 62, 24]",50.89741734417348
"[21, 21, 21, 47, 55, 42, 11, 24, 21, 67, 17, 38, 24, 62, 24]",48.73707723577232
"[21, 21, 21, 47, 55, 42, 11, 24, 21, 67, 17, 38, 24, 62, 24]",53.30538482384819
"[21, 21, 21, 47, 55, 42, 11, 24, 21, 67, 17, 38, 24, 62, 24]",48.51256504065049
"[21, 21, 21, 47, 55, 42, 11, 24, 21, 67, 17, 38, 24, 62, 24]",40.813462059620676
"[21, 21, 21, 47, 55, 42, 11, 24, 21, 67, 17, 38, 24, 62, 24]",56.22000271002714
"[21, 21, 21, 47, 55, 42, 11, 24, 21, 67, 17, 38, 24, 62, 24]",40.0887642276423
"[21, 21, 21, 47, 55, 42, 11, 24, 21, 67, 17, 38, 24, 62, 24]",36.39709891598916
"[21, 21, 21, 47, 55, 42, 11, 24, 21, 67, 17, 38, 24, 62, 24]",41.30053116531161
"[21, 21, 21, 47, 55, 42, 11, 24, 21, 67, 17, 38, 24, 62, 24]",47.34750135501352
"[21, 21, 21, 47, 55, 42, 11, 24, 21, 67, 17, 38, 24, 62, 24]",51.61819783197832
"[21, 21, 21, 47, 55, 42, 11, 24, 21, 67, 17, 38, 24, 62, 24]",53.82296747967478
"[21, 21, 21, 47, 55, 42, 11, 24, 21, 67, 17, 38, 24, 62, 24]",39.85879945799463
"[21, 21, 21, 47, 55, 42, 11, 24, 21, 67, 17, 38, 24, 62, 24]",48.36624119241191
"[21, 21, 21, 47, 55, 42, 11, 24, 21, 67, 17, 38, 24, 62, 24]",43.70214363143639
"[21, 21, 21, 47, 55, 42, 11, 24, 21, 67, 17, 38, 24, 62, 24]",52.529491869918694
"[21, 21, 21, 47, 55, 42, 11, 24, 21, 67, 17, 38, 24, 62, 24]",49.717987804878135
"[21, 21, 21, 47, 55, 42, 11, 24, 21, 67, 17, 38, 24, 62, 24]",40.580253387533844
"[21, 21, 21, 47, 55, 42, 11, 24, 21, 67, 17, 38, 24, 62, 24]",43.63969241192407
"[21, 21, 21, 47, 55, 42, 11, 24, 21, 67, 17, 38, 24, 62, 24]",48.79639024390237
"[21, 21, 21, 47, 55, 42, 11, 24, 21, 67, 17, 38, 24, 62, 24]",47.90358672086722
"[21, 21, 21, 47, 55, 42, 11, 24, 21, 67, 17, 38, 24, 62, 24]",42.61111924119248
"[21, 21, 21, 47, 55, 42, 11, 24, 21, 67, 17, 38, 24, 62, 24]",56.53159078590781
"[21, 21, 21, 47, 55, 42, 11, 24, 21, 67, 17, 38, 24, 62, 24]",53.75008401084013
"[21, 21, 21, 47, 55, 42, 11, 24, 21, 67, 17, 38, 24, 62, 24]",39.15653523035221
"[21, 21, 21, 47, 55, 42, 11, 24, 21, 67, 17, 38, 24, 62, 24]",45.45272764227653
"[21, 21, 21, 47, 55, 42, 11, 24, 21, 67, 17, 38, 24, 62, 24]",56.63498644986449
"[21, 21, 21, 47, 55, 42, 11, 24, 21, 67, 17, 38, 24, 62, 24]",56.47511382113829
"[21, 21, 21, 47, 55, 42, 11, 24, 21, 67, 17, 38, 24, 62, 24]",49.370523035230384
"[21, 21, 21, 47, 55, 42, 11, 24, 21, 67, 17, 38, 24, 62, 24]",44.664425474254735
"[21, 21, 21, 47, 55, 42, 11, 24, 21, 67, 17, 38, 24, 62, 24]",51.63920054200546
"[21, 21, 21, 47, 55, 42, 11, 24, 21, 67, 17, 38, 24, 62, 24]",47.834210027100276
"[21, 21, 21, 47, 55, 42, 11, 24, 21, 67, 17, 38, 24, 62, 24]",52.12788617886189
"[21, 21, 21, 47, 55, 42, 11, 24, 21, 67, 17, 38, 24, 62, 24]",36.660585365853656
"[21, 21, 21, 47, 55, 42, 11, 24, 21, 67, 17, 38, 24, 62, 24]",45.25285365853664
"[21, 21, 21, 47, 55, 42, 11, 24, 21, 67, 17, 38, 24, 62, 24]",41.655761517615154
"[21, 21, 21, 47, 55, 42, 11, 24, 21, 67, 17, 38, 24, 62, 24]",47.632317073170796
"[21, 21, 21, 47, 55, 42, 11, 24, 21, 67, 17, 38, 24, 62, 24]",50.302128726287314
"[21, 21, 21, 47, 55, 42, 11, 24, 21, 67, 17, 38, 24, 62, 24]",51.02645257452571
"[21, 21, 21, 47, 55, 42, 11, 24, 21, 67, 17, 38, 24, 62, 24]",35.49739566395665
"[21, 21, 21, 47, 55, 42, 11, 24, 21, 67, 17, 38, 24, 62, 24]",47.85133333333346
"[21, 21, 21, 47, 55, 42, 11, 24, 21, 67, 17, 38, 24, 62, 24]",37.31289701897016
"[21, 21, 21, 47, 55, 42, 11, 24, 21, 67, 17, 38, 24, 62, 24]",60.91122493224944
"[21, 21, 21, 47, 55, 42, 11, 24, 21, 67, 17, 38, 24, 62, 24]",51.44705826558259
"[21, 21, 21, 47, 55, 42, 11, 24, 21, 67, 17, 38, 24, 62, 24]",39.16110704607051
"[21, 21, 21, 47, 55, 42, 11, 24, 21, 67, 17, 38, 24, 62, 24]",50.641346883468806
"[21, 21, 21, 47, 55, 42, 11, 24, 21, 67, 17, 38, 24, 62, 24]",39.99794173441736
"[21, 21, 21, 47, 55, 42, 11, 24, 21, 67, 17, 38, 24, 62, 24]",40.10024932249335
"[21, 21, 21, 47, 55, 42, 11, 24, 21, 67, 17, 38, 24, 62, 24]",54.84473441734435
"[21, 21, 21, 47, 55, 42, 11, 24, 21, 67, 17, 38, 24, 62, 24]",53.416071815718105
"[21, 21, 21, 47, 55, 42, 11, 24, 21, 67, 17, 38, 24, 62, 24]",43.435346883468796
"[21, 21, 21, 47, 55, 42, 11, 24, 21, 67, 17, 38, 24, 62, 24]",53.52387940379408
"[21, 21, 21, 47, 55, 42, 11, 24, 21, 67, 17, 38, 24, 62, 24]",38.74214634146346
"[21, 21, 21, 47, 55, 42, 11, 24, 21, 67, 17, 38, 24, 62, 24]",39.24040514905151
"[21, 21, 21, 47, 55, 42, 11, 24, 21, 67, 17, 38, 24, 62, 24]",50.18004471544707
"[21, 21, 21, 47, 55, 42, 11, 24, 21, 67, 17, 38, 24, 62, 24]",49.439831978319766
"[21, 21, 21, 47, 55, 42, 11, 24, 21, 67, 17, 38, 24, 62, 24]",61.345741192411936
"[21, 21, 21, 47, 55, 42, 11, 24, 21, 67, 17, 38, 24, 62, 24]",54.10706775067743
"[21, 21, 21, 47, 55, 42, 11, 24, 21, 67, 17, 38, 24, 62, 24]",44.2483021680216
"[21, 21, 21, 47, 55, 42, 11, 24, 21, 67, 17, 38, 24, 62, 24]",48.824871273712695
"[21, 21, 21, 47, 55, 42, 11, 24, 21, 67, 17, 38, 24, 62, 24]",49.73637669376692
"[21, 21, 21, 47, 55, 42, 11, 24, 21, 67, 17, 38, 24, 62, 24]",37.20932113821145
"[21, 21, 21, 47, 55, 42, 11, 24, 21, 67, 17, 38, 24, 62, 24]",36.45203116531161
"[21, 21, 21, 47, 55, 42, 11, 24, 21, 67, 17, 38, 24, 62, 24]",48.1649214092141
"[21, 21, 21, 47, 55, 42, 11, 24, 21, 67, 17, 38, 24, 62, 24]",58.82951219512202
"[21, 21, 21, 47, 55, 42, 11, 24, 21, 67, 17, 38, 24, 62, 24]",46.8632926829268
"[21, 21, 21, 47, 55, 42, 11, 24, 21, 67, 17, 38, 24, 62, 24]",53.5205799457994
"[21, 21, 21, 47, 55, 42, 11, 24, 21, 67, 17, 38, 24, 62, 24]",53.6514945799458
"[21, 21, 21, 47, 55, 42, 11, 24, 21, 67, 17, 38, 24, 62, 24]",38.312811653116505
"[21, 21, 21, 47, 55, 42, 11, 24, 21, 67, 17, 38, 24, 62, 24]",49.611047425474275
"[21, 21, 21, 47, 55, 42, 11, 24, 21, 67, 17, 38, 24, 62, 24]",52.7218441734417
"[21, 21, 21, 47, 55, 42, 11, 24, 21, 67, 17, 38, 24, 62, 24]",44.301413279132916
"[21, 21, 21, 47, 55, 42, 11, 24, 21, 67, 17, 38, 24, 62, 24]",41.85656097560975
"[21, 21, 21, 47, 55, 42, 11, 24, 21, 67, 17, 38, 24, 62, 24]",47.09353794037939
"[21, 21, 21, 47, 55, 42, 11, 24, 21, 67, 17, 38, 24, 62, 24]",49.35044715447156
"[21, 21, 21, 47, 55, 42, 11, 24, 21, 67, 17, 38, 24, 62, 24]",47.963088075880705
"[21, 21, 21, 47, 55, 42, 11, 24, 21, 67, 17, 38, 24, 62, 24]",46.519543360433616
"[21, 21, 21, 47, 55, 42, 11, 24, 21, 67, 17, 38, 24, 62, 24]",47.880512195121895
"[21, 21, 21, 47, 55, 42, 11, 24, 21, 67, 17, 38, 24, 62, 24]",47.393639566395606
"[21, 21, 21, 47, 55, 42, 11, 24, 21, 67, 17, 38, 24, 62, 24]",50.24406504065041
"[21, 21, 21, 47, 55, 42, 11, 24, 21, 67, 17, 38, 24, 62, 24]",47.81816802168022
"[21, 21, 21, 47, 55, 42, 11, 24, 21, 67, 17, 38, 24, 62, 24]",55.42510162601618
"[21, 21, 21, 47, 55, 42, 11, 24, 21, 67, 17, 38, 24, 62, 24]",41.434932249322465
"[21, 21, 21, 47, 55, 42, 11, 24, 21, 67, 17, 38, 24, 62, 24]",40.8927764227642
"[21, 21, 21, 47, 55, 42, 11, 24, 21, 67, 17, 38, 24, 62, 24]",54.017971544715465
"[21, 21, 21, 47, 55, 42, 11, 24, 21, 67, 17, 38, 24, 62, 24]",44.30436991869926
"[21, 21, 21, 47, 55, 42, 11, 24, 21, 67, 17, 38, 24, 62, 24]",44.22723712737134
"[21, 21, 21, 47, 55, 42, 11, 24, 21, 67, 17, 38, 24, 62, 24]",52.4369471544716
"[21, 21, 21, 47, 55, 42, 11, 24, 21, 67, 17, 38, 24, 62, 24]",37.7044132791328
"[21, 21, 21, 47, 55, 42, 11, 24, 21, 67, 17, 38, 24, 62, 24]",48.840429539295485
"[21, 21, 21, 47, 55, 42, 11, 24, 21, 67, 17, 38, 24, 62, 24]",49.743680216802154
"[21, 21, 21, 47, 55, 42, 11, 24, 21, 67, 17, 38, 24, 62, 24]",42.4988739837399
"[21, 21, 21, 47, 55, 42, 11, 24, 21, 67, 17, 38, 24, 62, 24]",46.720525745257476
"[21, 21, 21, 47, 55, 42, 11, 24, 21, 67, 17, 38, 24, 62, 24]",46.6527235772357
"[21, 21, 21, 47, 55, 42, 11, 24, 21, 67, 17, 38, 24, 62, 24]",50.03550542005417
"[21, 21, 21, 47, 55, 42, 11, 24, 21, 67, 17, 38, 24, 62, 24]",40.93930487804874
"[21, 21, 21, 47, 55, 42, 11, 24, 21, 67, 17, 38, 24, 62, 24]",49.91941463414624
"[21, 21, 21, 47, 55, 42, 11, 24, 21, 67, 17, 38, 24, 62, 24]",54.02710569105699
"[21, 21, 21, 47, 55, 42, 11, 24, 21, 67, 17, 38, 24, 62, 24]",50.263016260162544
"[21, 21, 21, 47, 55, 42, 11, 24, 21, 67, 17, 38, 24, 62, 24]",49.958532520325186
"[21, 21, 21, 47, 55, 42, 11, 24, 21, 67, 17, 38, 24, 62, 24]",43.949987804878056
"[21, 21, 21, 47, 55, 42, 11, 24, 21, 67, 17, 38, 24, 62, 24]",42.45155420054201
"[21, 21, 21, 47, 55, 42, 11, 24, 21, 67, 17, 38, 24, 62, 24]",52.84303658536574
"[21, 21, 21, 47, 55, 42, 11, 24, 21, 67, 17, 38, 24, 62, 24]",36.64924932249326
"[21, 21, 21, 47, 55, 42, 11, 24, 21, 67, 17, 38, 24, 62, 24]",46.270566395663856
"[21, 21, 21, 47, 55, 42, 11, 24, 21, 67, 17, 38, 24, 62, 24]",55.94485907859078
"[21, 21, 21, 47, 55, 42, 11, 24, 21, 67, 17, 38, 24, 62, 24]",41.9611910569106
"[21, 21, 21, 47, 55, 42, 11, 24, 21, 67, 17, 38, 24, 62, 24]",54.91930623306239
"[21, 21, 21, 47, 55, 42, 11, 24, 21, 67, 17, 38, 24, 62, 24]",49.89776693766929
"[21, 21, 21, 47, 55, 42, 11, 24, 21, 67, 17, 38, 24, 62, 24]",46.44527235772358
"[21, 21, 21, 47, 55, 42, 11, 24, 21, 67, 17, 38, 24, 62, 24]",50.46350542005418
"[21, 21, 21, 47, 55, 42, 11, 24, 21, 67, 17, 38, 24, 62, 24]",37.165428184281815
"[21, 21, 21, 47, 55, 42, 11, 24, 21, 67, 17, 38, 24, 62, 24]",39.33288482384825
"[21, 21, 21, 47, 55, 42, 11, 24, 21, 67, 17, 38, 24, 62, 24]",47.26783468834688
"[21, 21, 21, 47, 55, 42, 11, 24, 21, 67, 17, 38, 24, 62, 24]",52.16814092140924
"[21, 21, 21, 47, 55, 42, 11, 24, 21, 67, 17, 38, 24, 62, 24]",48.43614092140909
"[21, 21, 21, 47, 55, 42, 11, 24, 21, 67, 17, 38, 24, 62, 24]",44.100932249322554
"[21, 21, 21, 47, 55, 42, 11, 24, 21, 67, 17, 38, 24, 62, 24]",37.30354065040649
"[21, 21, 21, 47, 55, 42, 11, 24, 21, 67, 17, 38, 24, 62, 24]",41.40074932249328
"[21, 21, 21, 47, 55, 42, 11, 24, 21, 67, 17, 38, 24, 62, 24]",50.73410704607052
"[21, 21, 21, 47, 55, 42, 11, 24, 21, 67, 17, 38, 24, 62, 24]",60.954644986449935
"[21, 21, 21, 47, 55, 42, 11, 24, 21, 67, 17, 38, 24, 62, 24]",35.11020189701895
"[21, 21, 21, 47, 55, 42, 11, 24, 21, 67, 17, 38, 24, 62, 24]",51.10091463414638
"[21, 21, 21, 47, 55, 42, 11, 24, 21, 67, 17, 38, 24, 62, 24]",42.47021138211384
"[21, 21, 21, 47, 55, 42, 11, 24, 21, 67, 17, 38, 24, 62, 24]",47.342940379403835
"[21, 21, 21, 47, 55, 42, 11, 24, 21, 67, 17, 38, 24, 62, 24]",47.627666666666705
"[21, 21, 21, 47, 55, 42, 11, 24, 21, 67, 17, 38, 24, 62, 24]",43.31680352303518
"[21, 21, 21, 47, 55, 42, 11, 24, 21, 67, 17, 38, 24, 62, 24]",40.09347425474253
"[21, 21, 21, 47, 55, 42, 11, 24, 21, 67, 17, 38, 24, 62, 24]",46.33911111111113
"[21, 21, 21, 47, 55, 42, 11, 24, 21, 67, 17, 38, 24, 62, 24]",49.884899728997254
"[21, 21, 21, 47, 55, 42, 11, 24, 21, 67, 17, 38, 24, 62, 24]",52.36659349593498
"[21, 21, 21, 47, 55, 42, 11, 24, 21, 67, 17, 38, 24, 62, 24]",37.587474254742546
"[21, 21, 21, 47, 55, 42, 11, 24, 21, 67, 17, 38, 24, 62, 24]",45.923243902439076
"[21, 21, 21, 47, 55, 42, 11, 24, 21, 67, 17, 38, 24, 62, 24]",52.489972899729
"[21, 21, 21, 47, 55, 42, 11, 24, 21, 67, 17, 38, 24, 62, 24]",47.44442682926826
"[21, 21, 21, 47, 55, 42, 11, 24, 21, 67, 17, 38, 24, 62, 24]",46.35331300813008
"[21, 21, 21, 47, 55, 42, 11, 24, 21, 67, 17, 38, 24, 62, 24]",52.780951219512154
"[21, 21, 21, 47, 55, 42, 11, 24, 21, 67, 17, 38, 24, 62, 24]",53.36858536585361
"[21, 21, 21, 47, 55, 42, 11, 24, 21, 67, 17, 38, 24, 62, 24]",49.54379810298107
"[21, 21, 21, 47, 55, 42, 11, 24, 21, 67, 17, 38, 24, 62, 24]",44.645121951219465
"[21, 21, 21, 47, 55, 42, 11, 24, 21, 67, 17, 38, 24, 62, 24]",39.29565718157181
"[21, 21, 21, 47, 55, 42, 11, 24, 21, 67, 17, 38, 24, 62, 24]",41.501117886178875
"[21, 21, 21, 47, 55, 42, 11, 24, 21, 67, 17, 38, 24, 62, 24]",34.79518157181574
"[21, 21, 21, 47, 55, 42, 11, 24, 21, 67, 17, 38, 24, 62, 24]",50.60541463414629
"[21, 21, 21, 47, 55, 42, 11, 24, 21, 67, 17, 38, 24, 62, 24]",41.07905013550138
"[21, 21, 21, 47, 55, 42, 11, 24, 21, 67, 17, 38, 24, 62, 24]",56.78040108401087
"[21, 21, 21, 47, 55, 42, 11, 24, 21, 67, 17, 38, 24, 62, 24]",48.59944444444444
"[21, 21, 21, 47, 55, 42, 11, 24, 21, 67, 17, 38, 24, 62, 24]",39.97180487804883
"[21, 21, 21, 47, 55, 42, 11, 24, 21, 67, 17, 38, 24, 62, 24]",47.23029945799456
"[21, 21, 21, 47, 55, 42, 11, 24, 21, 67, 17, 38, 24, 62, 24]",50.50595392953926
"[21, 21, 21, 47, 55, 42, 11, 24, 21, 67, 17, 38, 24, 62, 24]",44.042659891598916
"[21, 21, 21, 47, 55, 42, 11, 24, 21, 67, 17, 38, 24, 62, 24]",52.759688346883536
"[21, 21, 21, 47, 55, 42, 11, 24, 21, 67, 17, 38, 24, 62, 24]",46.6097181571817
"[21, 21, 21, 47, 55, 42, 11, 24, 21, 67, 17, 38, 24, 62, 24]",43.209445799457974
"[21, 21, 21, 47, 55, 42, 11, 24, 21, 67, 17, 38, 24, 62, 24]",45.847410569105804
"[21, 21, 21, 47, 55, 42, 11, 24, 21, 67, 17, 38, 24, 62, 24]",56.79853252032517
"[21, 21, 21, 47, 55, 42, 11, 24, 21, 67, 17, 38, 24, 62, 24]",36.80558807588076
"[21, 21, 21, 47, 55, 42, 11, 24, 21, 67, 17, 38, 24, 62, 24]",43.55691463414638
"[21, 21, 21, 47, 55, 42, 11, 24, 21, 67, 17, 38, 24, 62, 24]",46.38720054200541
"[21, 21, 21, 47, 55, 42, 11, 24, 21, 67, 17, 38, 24, 62, 24]",51.899716802168044
"[21, 21, 21, 47, 55, 42, 11, 24, 21, 67, 17, 38, 24, 62, 24]",42.97378319783199
"[21, 21, 21, 47, 55, 42, 11, 24, 21, 67, 17, 38, 24, 62, 24]",52.120865853658465
"[21, 21, 21, 47, 55, 42, 11, 24, 21, 67, 17, 38, 24, 62, 24]",44.39052439024391
"[21, 21, 21, 47, 55, 42, 11, 24, 21, 67, 17, 38, 24, 62, 24]",51.336631436314406
"[21, 21, 21, 47, 55, 42, 11, 24, 21, 67, 17, 38, 24, 62, 24]",36.919783197831954
"[21, 21, 21, 47, 55, 42, 11, 24, 21, 67, 17, 38, 24, 62, 24]",39.579104336043336
"[21, 21, 21, 47, 55, 42, 11, 24, 21, 67, 17, 38, 24, 62, 24]",52.31710840108396
"[21, 21, 21, 47, 55, 42, 11, 24, 21, 67, 17, 38, 24, 62, 24]",43.25490379403792
"[21, 21, 21, 47, 55, 42, 11, 24, 21, 67, 17, 38, 24, 62, 24]",40.51534552845523
"[21, 21, 21, 47, 55, 42, 11, 24, 21, 67, 17, 38, 24, 62, 24]",50.27829539295392
"[21, 21, 21, 47, 55, 42, 11, 24, 21, 67, 17, 38, 24, 62, 24]",52.21235501355012
"[21, 21, 21, 47, 55, 42, 11, 24, 21, 67, 17, 38, 24, 62, 24]",39.66632249322497
"[21, 21, 21, 47, 55, 42, 11, 24, 21, 67, 17, 38, 24, 62, 24]",53.11383604336041
"[21, 21, 21, 47, 55, 42, 11, 24, 21, 67, 17, 38, 24, 62, 24]",42.93375474254747
"[21, 21, 21, 47, 55, 42, 11, 24, 21, 67, 17, 38, 24, 62, 24]",37.920102981029856
"[21, 21, 21, 47, 55, 42, 11, 24, 21, 67, 17, 38, 24, 62, 24]",52.88920731707316
"[21, 21, 21, 47, 55, 42, 11, 24, 21, 67, 17, 38, 24, 62, 24]",42.60671138211381
"[21, 21, 21, 47, 55, 42, 11, 24, 21, 67, 17, 38, 24, 62, 24]",42.09783197831972
"[21, 21, 21, 47, 55, 42, 11, 24, 21, 67, 17, 38, 24, 62, 24]",45.935027100271
"[21, 21, 21, 47, 55, 42, 11, 24, 21, 67, 17, 38, 24, 62, 24]",46.602704607046086
"[21, 21, 21, 47, 55, 42, 11, 24, 21, 67, 17, 38, 24, 62, 24]",43.436617886178816
"[21, 21, 21, 47, 55, 42, 11, 24, 21, 67, 17, 38, 24, 62, 24]",42.30422086720862
"[21, 21, 21, 47, 55, 42, 11, 24, 21, 67, 17, 38, 24, 62, 24]",47.54589566395669
"[21, 21, 21, 47, 55, 42, 11, 24, 21, 67, 17, 38, 24, 62, 24]",52.227094850948504
"[21, 21, 21, 47, 55, 42, 11, 24, 21, 67, 17, 38, 24, 62, 24]",42.1897181571816
"[21, 21, 21, 47, 55, 42, 11, 24, 21, 67, 17, 38, 24, 62, 24]",36.19329268292685
"[21, 21, 21, 47, 55, 42, 11, 24, 21, 67, 17, 38, 24, 62, 24]",50.49052032520323
"[21, 21, 21, 47, 55, 42, 11, 24, 21, 67, 17, 38, 24, 62, 24]",46.428055555555495
"[21, 21, 21, 47, 55, 42, 11, 24, 21, 67, 17, 38, 24, 62, 24]",45.5229485094851
"[21, 21, 21, 47, 55, 42, 11, 24, 21, 67, 17, 38, 24, 62, 24]",52.2748333333335
"[21, 21, 21, 47, 55, 42, 11, 24, 21, 67, 17, 38, 24, 62, 24]",56.03715853658538
"[21, 21, 21, 47, 55, 42, 11, 24, 21, 67, 17, 38, 24, 62, 24]",51.04100948509486
"[21, 21, 21, 47, 55, 42, 11, 24, 21, 67, 17, 38, 24, 62, 24]",49.84589566395664
"[21, 21, 21, 47, 55, 42, 11, 24, 21, 67, 17, 38, 24, 62, 24]",47.42129945799445
"[21, 21, 21, 47, 55, 42, 11, 24, 21, 67, 17, 38, 24, 62, 24]",43.97402032520319
"[21, 21, 21, 47, 55, 42, 11, 24, 21, 67, 17, 38, 24, 62, 24]",41.81730352303519
"[21, 21, 21, 47, 55, 42, 11, 24, 21, 67, 17, 38, 24, 62, 24]",55.341105691056946
"[21, 21, 21, 47, 55, 42, 11, 24, 21, 67, 17, 38, 24, 62, 24]",37.351638211382074
"[21, 21, 21, 47, 55, 42, 11, 24, 21, 67, 17, 38, 24, 62, 24]",61.87483062330624
"[21, 21, 21, 47, 55, 42, 11, 24, 21, 67, 17, 38, 24, 62, 24]",56.10819918699178
"[21, 21, 21, 47, 55, 42, 11, 24, 21, 67, 17, 38, 24, 62, 24]",48.610078590785946
"[21, 21, 21, 47, 55, 42, 11, 24, 21, 67, 17, 38, 24, 62, 24]",44.62799322493225
"[21, 21, 21, 47, 55, 42, 11, 24, 21, 67, 17, 38, 24, 62, 24]",51.8593089430895
"[21, 21, 21, 47, 55, 42, 11, 24, 21, 67, 17, 38, 24, 62, 24]",40.13411517615172
"[21, 21, 21, 47, 55, 42, 11, 24, 21, 67, 17, 38, 24, 62, 24]",58.791101626016406
"[21, 21, 21, 47, 55, 42, 11, 24, 21, 67, 17, 38, 24, 62, 24]",39.962292682926865
"[21, 21, 21, 47, 55, 42, 11, 24, 21, 67, 17, 38, 24, 62, 24]",36.584661246612434
"[21, 21, 21, 47, 55, 42, 11, 24, 21, 67, 17, 38, 24, 62, 24]",52.904747967479615
"[21, 21, 21, 47, 55, 42, 11, 24, 21, 67, 17, 38, 24, 62, 24]",48.43763279132798
"[21, 21, 21, 47, 55, 42, 11, 24, 21, 67, 17, 38, 24, 62, 24]",43.59776151761516
"[21, 21, 21, 47, 55, 42, 11, 24, 21, 67, 17, 38, 24, 62, 24]",51.774554200542106
"[21, 21, 21, 47, 55, 42, 11, 24, 21, 67, 17, 38, 24, 62, 24]",55.47872222222212
"[21, 21, 21, 47, 55, 42, 11, 24, 21, 67, 17, 38, 24, 62, 24]",41.679682926829145
"[21, 21, 21, 47, 55, 42, 11, 24, 21, 67, 17, 38, 24, 62, 24]",51.41002710027098
"[21, 21, 21, 47, 55, 42, 11, 24, 21, 67, 17, 38, 24, 62, 24]",54.45176016260163
"[21, 21, 21, 47, 55, 42, 11, 24, 21, 67, 17, 38, 24, 62, 24]",39.97055420054199
"[21, 21, 21, 47, 55, 42, 11, 24, 21, 67, 17, 38, 24, 62, 24]",48.11176287262868
"[21, 21, 21, 47, 55, 42, 11, 24, 21, 67, 17, 38, 24, 62, 24]",44.32060840108398
"[21, 21, 21, 47, 55, 42, 11, 24, 21, 67, 17, 38, 24, 62, 24]",46.729752032520324
"[21, 21, 21, 47, 55, 42, 11, 24, 21, 67, 17, 38, 24, 62, 24]",42.45921680216803
"[21, 21, 21, 47, 55, 42, 11, 24, 21, 67, 17, 38, 24, 62, 24]",47.370262872628714
"[21, 21, 21, 47, 55, 42, 11, 24, 21, 67, 17, 38, 24, 62, 24]",39.59788617886183
"[21, 21, 21, 47, 55, 42, 11, 24, 21, 67, 17, 38, 24, 62, 24]",45.823112466124535
"[21, 21, 21, 47, 55, 42, 11, 24, 21, 67, 17, 38, 24, 62, 24]",44.70334010840111
"[21, 21, 21, 47, 55, 42, 11, 24, 21, 67, 17, 38, 24, 62, 24]",52.74357588075885
"[21, 21, 21, 47, 55, 42, 11, 24, 21, 67, 17, 38, 24, 62, 24]",44.72837940379401
"[21, 21, 21, 47, 55, 42, 11, 24, 21, 67, 17, 38, 24, 62, 24]",39.36113685636861
"[21, 21, 21, 47, 55, 42, 11, 24, 21, 67, 17, 38, 24, 62, 24]",40.782363143631414
"[21, 21, 21, 47, 55, 42, 11, 24, 21, 67, 17, 38, 24, 62, 24]",41.618219512195076
"[21, 21, 21, 47, 55, 42, 11, 24, 21, 67, 17, 38, 24, 62, 24]",42.492266937669385
"[21, 21, 21, 47, 55, 42, 11, 24, 21, 67, 17, 38, 24, 62, 24]",41.02591734417342
"[21, 21, 21, 47, 55, 42, 11, 24, 21, 67, 17, 38, 24, 62, 24]",45.499836043360446
"[21, 21, 21, 47, 55, 42, 11, 24, 21, 67, 17, 38, 24, 62, 24]",47.57561382113818
"[21, 21, 21, 47, 55, 42, 11, 24, 21, 67, 17, 38, 24, 62, 24]",39.42849593495932
"[21, 21, 21, 47, 55, 42, 11, 24, 21, 67, 17, 38, 24, 62, 24]",39.30631300813003
"[21, 21, 21, 47, 55, 42, 11, 24, 21, 67, 17, 38, 24, 62, 24]",44.02777506775062
"[21, 21, 21, 47, 55, 42, 11, 24, 21, 67, 17, 38, 24, 62, 24]",46.25061517615182
"[21, 21, 21, 47, 55, 42, 11, 24, 21, 67, 17, 38, 24, 62, 24]",48.800131436314366
"[21, 21, 21, 47, 55, 42, 11, 24, 21, 67, 17, 38, 24, 62, 24]",51.577276422764164
"[21, 21, 21, 47, 55, 42, 11, 24, 21, 67, 17, 38, 24, 62, 24]",47.851205962059744
"[21, 21, 21, 47, 55, 42, 11, 24, 21, 67, 17, 38, 24, 62, 24]",43.28940379403792
"[21, 21, 21, 47, 55, 42, 11, 24, 21, 67, 17, 38, 24, 62, 24]",41.723964769647665
"[21, 21, 21, 47, 55, 42, 11, 24, 21, 67, 17, 38, 24, 62, 24]",59.208228997289986
"[21, 21, 21, 47, 55, 42, 11, 24, 21, 67, 17, 38, 24, 62, 24]",43.77874390243891
"[21, 21, 21, 47, 55, 42, 11, 24, 21, 67, 17, 38, 24, 62, 24]",47.24166666666666
"[21, 21, 21, 47, 55, 42, 11, 24, 21, 67, 17, 38, 24, 62, 24]",39.38771815718157
"[21, 21, 21, 47, 55, 42, 11, 24, 21, 67, 17, 38, 24, 62, 24]",46.967787262872555
"[21, 21, 21, 47, 55, 42, 11, 24, 21, 67, 17, 38, 24, 62, 24]",56.01315040650401
"[21, 21, 21, 47, 55, 42, 11, 24, 21, 67, 17, 38, 24, 62, 24]",46.290451219512256
"[21, 21, 21, 47, 55, 42, 11, 24, 21, 67, 17, 38, 24, 62, 24]",51.08457859078591
"[21, 21, 21, 47, 55, 42, 11, 24, 21, 67, 17, 38, 24, 62, 24]",46.07448644986449
"[21, 21, 21, 47, 55, 42, 11, 24, 21, 67, 17, 38, 24, 62, 24]",44.59733739837401
"[21, 21, 21, 47, 55, 42, 11, 24, 21, 67, 17, 38, 24, 62, 24]",49.4656056910569
"[21, 21, 21, 47, 55, 42, 11, 24, 21, 67, 17, 38, 24, 62, 24]",47.7942872628726
"[21, 21, 21, 47, 55, 42, 11, 24, 21, 67, 17, 38, 24, 62, 24]",44.99502032520333
"[21, 21, 21, 47, 55, 42, 11, 24, 21, 67, 17, 38, 24, 62, 24]",35.393219512195095
"[21, 21, 21, 47, 55, 42, 11, 24, 21, 67, 17, 38, 24, 62, 24]",44.69437127371272
"[21, 21, 21, 47, 55, 42, 11, 24, 21, 67, 17, 38, 24, 62, 24]",42.515661246612474
"[21, 21, 21, 47, 55, 42, 11, 24, 21, 67, 17, 38, 24, 62, 24]",45.372357723577224
"[21, 21, 21, 47, 55, 42, 11, 24, 21, 67, 17, 38, 24, 62, 24]",41.332613821138295
"[21, 21, 21, 47, 55, 42, 11, 24, 21, 67, 17, 38, 24, 62, 24]",37.165033875338715
"[21, 21, 21, 47, 55, 42, 11, 24, 21, 67, 17, 38, 24, 62, 24]",41.48676287262869
"[21, 21, 21, 47, 55, 42, 11, 24, 21, 67, 17, 38, 24, 62, 24]",44.14952303523035
"[21, 21, 21, 47, 55, 42, 11, 24, 21, 67, 17, 38, 24, 62, 24]",46.80762872628716
"[21, 21, 21, 47, 55, 42, 11, 24, 21, 67, 17, 38, 24, 62, 24]",44.443957994579876
"[21, 21, 21, 47, 55, 42, 11, 24, 21, 67, 17, 38, 24, 62, 24]",55.21060162601628
"[21, 21, 21, 47, 55, 42, 11, 24, 21, 67, 17, 38, 24, 62, 24]",37.56308943089433
"[21, 21, 21, 47, 55, 42, 11, 24, 21, 67, 17, 38, 24, 62, 24]",46.93149322493227
"[21, 21, 21, 47, 55, 42, 11, 24, 21, 67, 17, 38, 24, 62, 24]",41.2567073170731
"[21, 21, 21, 47, 55, 42, 11, 24, 21, 67, 17, 38, 24, 62, 24]",41.582157181571795
"[21, 21, 21, 47, 55, 42, 11, 24, 21, 67, 17, 38, 24, 62, 24]",49.63417073170731
"[21, 21, 21, 47, 55, 42, 11, 24, 21, 67, 17, 38, 24, 62, 24]",42.86901490514909
"[21, 21, 21, 47, 55, 42, 11, 24, 21, 67, 17, 38, 24, 62, 24]",44.098955284552865
"[21, 21, 21, 47, 55, 42, 11, 24, 21, 67, 17, 38, 24, 62, 24]",48.23304471544708
"[21, 21, 21, 47, 55, 42, 11, 24, 21, 67, 17, 38, 24, 62, 24]",47.09891734417339
"[21, 21, 21, 47, 55, 42, 11, 24, 21, 67, 17, 38, 24, 62, 24]",43.636487804878044
"[21, 21, 21, 47, 55, 42, 11, 24, 21, 67, 17, 38, 24, 62, 24]",44.04568970189701
"[21, 21, 21, 47, 55, 42, 11, 24, 21, 67, 17, 38, 24, 62, 24]",55.8941910569105
"[21, 21, 21, 47, 55, 42, 11, 24, 21, 67, 17, 38, 24, 62, 24]",46.18821544715451
"[21, 21, 21, 47, 55, 42, 11, 24, 21, 67, 17, 38, 24, 62, 24]",43.49728726287262
"[21, 21, 21, 47, 55, 42, 11, 24, 21, 67, 17, 38, 24, 62, 24]",43.298993224932296
"[21, 21, 21, 47, 55, 42, 11, 24, 21, 67, 17, 38, 24, 62, 24]",39.86991327913281
"[21, 21, 21, 47, 55, 42, 11, 24, 21, 67, 17, 38, 24, 62, 24]",42.6622425474255
"[21, 21, 21, 47, 55, 42, 11, 24, 21, 67, 17, 38, 24, 62, 24]",49.583513550135486
"[21, 21, 21, 47, 55, 42, 11, 24, 21, 67, 17, 38, 24, 62, 24]",51.27270596205964
"[21, 21, 21, 47, 55, 42, 11, 24, 21, 67, 17, 38, 24, 62, 24]",51.716715447154385
"[21, 21, 21, 47, 55, 42, 11, 24, 21, 67, 17, 38, 24, 62, 24]",42.800491869918666
"[21, 21, 21, 47, 55, 42, 11, 24, 21, 67, 17, 38, 24, 62, 24]",54.353384823848316
"[21, 21, 21, 47, 55, 42, 11, 24, 21, 67, 17, 38, 24, 62, 24]",44.756383468834706
"[21, 21, 21, 47, 55, 42, 11, 24, 21, 67, 17, 38, 24, 62, 24]",45.72862872628737
"[21, 21, 21, 47, 55, 42, 11, 24, 21, 67, 17, 38, 24, 62, 24]",46.2750853658538
"[21, 21, 21, 47, 55, 42, 11, 24, 21, 67, 17, 38, 24, 62, 24]",43.54670054200539
"[21, 21, 21, 47, 55, 42, 11, 24, 21, 67, 17, 38, 24, 62, 24]",44.204574525745215
"[21, 21, 21, 47, 55, 42, 11, 24, 21, 67, 17, 38, 24, 62, 24]",55.31895121951225
"[21, 21, 21, 47, 55, 42, 11, 24, 21, 67, 17, 38, 24, 62, 24]",45.48800948509479
"[21, 21, 21, 47, 55, 42, 11, 24, 21, 67, 17, 38, 24, 62, 24]",52.921796747967456
"[21, 21, 21, 47, 55, 42, 11, 24, 21, 67, 17, 38, 24, 62, 24]",49.85058401084006
"[21, 21, 21, 47, 55, 42, 11, 24, 21, 67, 17, 38, 24, 62, 24]",47.57337533875345
"[21, 21, 21, 47, 55, 42, 11, 24, 21, 67, 17, 38, 24, 62, 24]",49.530336043360364
"[21, 21, 21, 47, 55, 42, 11, 24, 21, 67, 17, 38, 24, 62, 24]",56.510794037940386
"[21, 21, 21, 47, 55, 42, 11, 24, 21, 67, 17, 38, 24, 62, 24]",42.38306775067753
"[21, 21, 21, 47, 55, 42, 11, 24, 21, 67, 17, 38, 24, 62, 24]",40.82056097560973
"[21, 21, 21, 47, 55, 42, 11, 24, 21, 67, 17, 38, 24, 62, 24]",49.00345663956649
"[21, 21, 21, 47, 55, 42, 11, 24, 21, 67, 17, 38, 24, 62, 24]",42.50889566395671
"[21, 21, 21, 47, 55, 42, 11, 24, 21, 67, 17, 38, 24, 62, 24]",45.24773848238486
"[21, 21, 21, 47, 55, 42, 11, 24, 21, 67, 17, 38, 24, 62, 24]",46.13709349593501
"[21, 21, 21, 47, 55, 42, 11, 24, 21, 67, 17, 38, 24, 62, 24]",43.739712737127384
"[21, 21, 21, 47, 55, 42, 11, 24, 21, 67, 17, 38, 24, 62, 24]",41.60847560975612
"[21, 21, 21, 47, 55, 42, 11, 24, 21, 67, 17, 38, 24, 62, 24]",48.22065040650407
"[21, 21, 21, 47, 55, 42, 11, 24, 21, 67, 17, 38, 24, 62, 24]",50.37243766937676
"[21, 21, 21, 47, 55, 42, 11, 24, 21, 67, 17, 38, 24, 62, 24]",49.85577371273707
"[21, 21, 21, 47, 55, 42, 11, 24, 21, 67, 17, 38, 24, 62, 24]",40.9188699186992
"[21, 21, 21, 47, 55, 42, 11, 24, 21, 67, 17, 38, 24, 62, 24]",51.701470189701816
"[21, 21, 21, 47, 55, 42, 11, 24, 21, 67, 17, 38, 24, 62, 24]",48.80485365853664
"[21, 21, 21, 47, 55, 42, 11, 24, 21, 67, 17, 38, 24, 62, 24]",42.129455284552904
"[21, 21, 21, 47, 55, 42, 11, 24, 21, 67, 17, 38, 24, 62, 24]",47.24300948509477
"[21, 21, 21, 47, 55, 42, 11, 24, 21, 67, 17, 38, 24, 62, 24]",45.520914634146216
"[21, 21, 21, 47, 55, 42, 11, 24, 21, 67, 17, 38, 24, 62, 24]",44.49893631436317
"[21, 21, 21, 47, 55, 42, 11, 24, 21, 67, 17, 38, 24, 62, 24]",47.57514363143625
"[21, 21, 21, 47, 55, 42, 11, 24, 21, 67, 17, 38, 24, 62, 24]",52.16614092140907
"[21, 21, 21, 47, 55, 42, 11, 24, 21, 67, 17, 38, 24, 62, 24]",38.18607181571823
"[21, 21, 21, 47, 55, 42, 11, 24, 21, 67, 17, 38, 24, 62, 24]",48.11044986449875
"[21, 21, 21, 47, 55, 42, 11, 24, 21, 67, 17, 38, 24, 62, 24]",52.86923306233054
"[21, 21, 21, 47, 55, 42, 11, 24, 21, 67, 17, 38, 24, 62, 24]",35.6325636856369
"[21, 21, 21, 47, 55, 42, 11, 24, 21, 67, 17, 38, 24, 62, 24]",49.30423306233055
"[21, 21, 21, 47, 55, 42, 11, 24, 21, 67, 17, 38, 24, 62, 24]",46.06314905149046
"[21, 21, 21, 47, 55, 42, 11, 24, 21, 67, 17, 38, 24, 62, 24]",52.20448644986442
"[21, 21, 21, 47, 55, 42, 11, 24, 21, 67, 17, 38, 24, 62, 24]",45.28271002710026
"[21, 21, 21, 47, 55, 42, 11, 24, 21, 67, 17, 38, 24, 62, 24]",44.99842547425472
"[21, 21, 21, 47, 55, 42, 11, 24, 21, 67, 17, 38, 24, 62, 24]",56.68725474254742
"[21, 21, 21, 47, 55, 42, 11, 24, 21, 67, 17, 38, 24, 62, 24]",39.50606775067745
"[21, 21, 21, 47, 55, 42, 11, 24, 21, 67, 17, 38, 24, 62, 24]",51.00120325203247
"[21, 21, 21, 47, 55, 42, 11, 24, 21, 67, 17, 38, 24, 62, 24]",52.43486178861783
"[21, 21, 21, 47, 55, 42, 11, 24, 21, 67, 17, 38, 24, 62, 24]",48.09993360433598
"[21, 21, 21, 47, 55, 42, 11, 24, 21, 67, 17, 38, 24, 62, 24]",46.06322899728999
"[21, 21, 21, 47, 55, 42, 11, 24, 21, 67, 17, 38, 24, 62, 24]",40.72559620596206
"[21, 21, 21, 47, 55, 42, 11, 24, 21, 67, 17, 38, 24, 62, 24]",43.036356368563645
"[21, 21, 21, 47, 55, 42, 11, 24, 21, 67, 17, 38, 24, 62, 24]",38.76293360433607
"[21, 21, 21, 47, 55, 42, 11, 24, 21, 67, 17, 38, 24, 62, 24]",38.50599728997291
"[21, 21, 21, 47, 55, 42, 11, 24, 21, 67, 17, 38, 24, 62, 24]",43.899357723577275
"[21, 21, 21, 47, 55, 42, 11, 24, 21, 67, 17, 38, 24, 62, 24]",55.17381300813009
"[21, 21, 21, 47, 55, 42, 11, 24, 21, 67, 17, 38, 24, 62, 24]",35.72302032520327
"[21, 21, 21, 47, 55, 42, 11, 24, 21, 67, 17, 38, 24, 62, 24]",57.50852032520328
"[21, 21, 21, 47, 55, 42, 11, 24, 21, 67, 17, 38, 24, 62, 24]",47.594535230352335
"[21, 21, 21, 47, 55, 42, 11, 24, 21, 67, 17, 38, 24, 62, 24]",40.06953658536585
"[21, 21, 21, 47, 55, 42, 11, 24, 21, 67, 17, 38, 24, 62, 24]",39.13141869918704
"[21, 21, 21, 47, 55, 42, 11, 24, 21, 67, 17, 38, 24, 62, 24]",35.580150406504025
"[21, 21, 21, 47, 55, 42, 11, 24, 21, 67, 17, 38, 24, 62, 24]",42.297037940379475
"[21, 21, 21, 47, 55, 42, 11, 24, 21, 67, 17, 38, 24, 62, 24]",45.54891734417341
"[21, 21, 21, 47, 55, 42, 11, 24, 21, 67, 17, 38, 24, 62, 24]",39.09354878048778
"[21, 21, 21, 47, 55, 42, 11, 24, 21, 67, 17, 38, 24, 62, 24]",57.06676829268301
"[21, 21, 21, 47, 55, 42, 11, 24, 21, 67, 17, 38, 24, 62, 24]",50.89125880758804
"[21, 21, 21, 47, 55, 42, 11, 24, 21, 67, 17, 38, 24, 62, 24]",45.462241192411916
"[21, 21, 21, 47, 55, 42, 11, 24, 21, 67, 17, 38, 24, 62, 24]",50.669403794037784
"[21, 21, 21, 47, 55, 42, 11, 24, 21, 67, 17, 38, 24, 62, 24]",37.46071951219517
"[21, 21, 21, 47, 55, 42, 11, 24, 21, 67, 17, 38, 24, 62, 24]",55.03531436314363
"[21, 21, 21, 47, 55, 42, 11, 24, 21, 67, 17, 38, 24, 62, 24]",51.74851626016269
"[21, 21, 21, 47, 55, 42, 11, 24, 21, 67, 17, 38, 24, 62, 24]",43.088098915989114
"[21, 21, 21, 47, 55, 42, 11, 24, 21, 67, 17, 38, 24, 62, 24]",46.97465447154482
"[21, 21, 21, 47, 55, 42, 11, 24, 21, 67, 17, 38, 24, 62, 24]",47.36978455284551
"[21, 21, 21, 47, 55, 42, 11, 24, 21, 67, 17, 38, 24, 62, 24]",40.212219512195176
"[21, 21, 21, 47, 55, 42, 11, 24, 21, 67, 17, 38, 24, 62, 24]",38.419773712737054
"[21, 21, 21, 47, 55, 42, 11, 24, 21, 67, 17, 38, 24, 62, 24]",42.96728590785908
"[21, 21, 21, 47, 55, 42, 11, 24, 21, 67, 17, 38, 24, 62, 24]",52.03522493224943
"[21, 21, 21, 47, 55, 42, 11, 24, 21, 67, 17, 38, 24, 62, 24]",41.11173170731707
"[21, 21, 21, 47, 55, 42, 11, 24, 21, 67, 17, 38, 24, 62, 24]",54.20155826558266
"[21, 21, 21, 47, 55, 42, 11, 24, 21, 67, 17, 38, 24, 62, 24]",54.9882479674797
"[21, 21, 21, 47, 55, 42, 11, 24, 21, 67, 17, 38, 24, 62, 24]",46.452723577235766
"[21, 21, 21, 47, 55, 42, 11, 24, 21, 67, 17, 38, 24, 62, 24]",59.75102032520321
"[21, 21, 21, 47, 55, 42, 11, 24, 21, 67, 17, 38, 24, 62, 24]",50.024738482384784
"[21, 21, 21, 47, 55, 42, 11, 24, 21, 67, 17, 38, 24, 62, 24]",54.98519918699194
"[21, 21, 21, 47, 55, 42, 11, 24, 21, 67, 17, 38, 24, 62, 24]",35.32716937669371
"[21, 21, 21, 47, 55, 42, 11, 24, 21, 67, 17, 38, 24, 62, 24]",50.7127533875338
"[21, 21, 21, 47, 55, 42, 11, 24, 21, 67, 17, 38, 24, 62, 24]",53.83706368563685
"[21, 21, 21, 47, 55, 42, 11, 24, 21, 67, 17, 38, 24, 62, 24]",42.39901084010841
"[21, 21, 21, 47, 55, 42, 11, 24, 21, 67, 17, 38, 24, 62, 24]",47.87286856368564
"[21, 21, 21, 47, 55, 42, 11, 24, 21, 67, 17, 38, 24, 62, 24]",35.73053794037939
"[21, 21, 21, 47, 55, 42, 11, 24, 21, 67, 17, 38, 24, 62, 24]",36.02056639566399
"[21, 21, 21, 47, 55, 42, 11, 24, 21, 67, 17, 38, 24, 62, 24]",38.261654471544766
"[21, 21, 21, 47, 55, 42, 11, 24, 21, 67, 17, 38, 24, 62, 24]",58.2279010840108
"[21, 21, 21, 47, 55, 42, 11, 24, 21, 67, 17, 38, 24, 62, 24]",49.18526829268302
"[21, 21, 21, 47, 55, 42, 11, 24, 21, 67, 17, 38, 24, 62, 24]",46.13670054200544
"[21, 21, 21, 47, 55, 42, 11, 24, 21, 67, 17, 38, 24, 62, 24]",50.80310433604332
"[21, 21, 21, 47, 55, 42, 11, 24, 21, 67, 17, 38, 24, 62, 24]",36.16049728997286
"[21, 21, 21, 47, 55, 42, 11, 24, 21, 67, 17, 38, 24, 62, 24]",40.381195121951166
"[21, 21, 21, 47, 55, 42, 11, 24, 21, 67, 17, 38, 24, 62, 24]",55.684467479674844
"[21, 21, 21, 47, 55, 42, 11, 24, 21, 67, 17, 38, 24, 62, 24]",39.30280487804875
"[21, 21, 21, 47, 55, 42, 11, 24, 21, 67, 17, 38, 24, 62, 24]",38.1657642276423
"[21, 21, 21, 47, 55, 42, 11, 24, 21, 67, 17, 38, 24, 62, 24]",46.95233062330612
"[21, 21, 21, 47, 55, 42, 11, 24, 21, 67, 17, 38, 24, 62, 24]",41.60259214092144
"[21, 21, 21, 47, 55, 42, 11, 24, 21, 67, 17, 38, 24, 62, 24]",62.641632791328036
"[21, 21, 21, 47, 55, 42, 11, 24, 21, 67, 17, 38, 24, 62, 24]",54.24720460704609
"[21, 21, 21, 47, 55, 42, 11, 24, 21, 67, 17, 38, 24, 62, 24]",42.0671951219512
"[21, 21, 21, 47, 55, 42, 11, 24, 21, 67, 17, 38, 24, 62, 24]",41.65434146341458
"[21, 21, 21, 47, 55, 42, 11, 24, 21, 67, 17, 38, 24, 62, 24]",56.78251084010842
"[21, 21, 21, 47, 55, 42, 11, 24, 21, 67, 17, 38, 24, 62, 24]",45.29189430894306
"[21, 21, 21, 47, 55, 42, 11, 24, 21, 67, 17, 38, 24, 62, 24]",50.69202845528462
"[21, 21, 21, 47, 55, 42, 11, 24, 21, 67, 17, 38, 24, 62, 24]",39.05216395663955
"[21, 21, 21, 47, 55, 42, 11, 24, 21, 67, 17, 38, 24, 62, 24]",45.96252710027101
"[21, 21, 21, 47, 55, 42, 11, 24, 21, 67, 17, 38, 24, 62, 24]",51.31358265582657
"[21, 21, 21, 47, 55, 42, 11, 24, 21, 67, 17, 38, 24, 62, 24]",45.86521815718157
"[21, 21, 21, 47, 55, 42, 11, 24, 21, 67, 17, 38, 24, 62, 24]",41.25073983739843
"[21, 21, 21, 47, 55, 42, 11, 24, 21, 67, 17, 38, 24, 62, 24]",49.42589159891595
"[21, 21, 21, 47, 55, 42, 11, 24, 21, 67, 17, 38, 24, 62, 24]",39.86758807588075
"[21, 21, 21, 47, 55, 42, 11, 24, 21, 67, 17, 38, 24, 62, 24]",39.453131436314386
"[21, 21, 21, 47, 55, 42, 11, 24, 21, 67, 17, 38, 24, 62, 24]",51.9212655826558
"[21, 21, 21, 47, 55, 42, 11, 24, 21, 67, 17, 38, 24, 62, 24]",49.54305013550135
"[21, 21, 21, 47, 55, 42, 11, 24, 21, 67, 17, 38, 24, 62, 24]",40.56516531165319
"[21, 21, 21, 47, 55, 42, 11, 24, 21, 67, 17, 38, 24, 62, 24]",46.16896612466126
"[21, 21, 21, 47, 55, 42, 11, 24, 21, 67, 17, 38, 24, 62, 24]",43.38809078590782
"[21, 21, 21, 47, 55, 42, 11, 24, 21, 67, 17, 38, 24, 62, 24]",57.05990921409206
"[21, 21, 21, 47, 55, 42, 11, 24, 21, 67, 17, 38, 24, 62, 24]",50.726517615176164
"[21, 21, 21, 47, 55, 42, 11, 24, 21, 67, 17, 38, 24, 62, 24]",55.17643766937673
"[21, 21, 21, 47, 55, 42, 11, 24, 21, 67, 17, 38, 24, 62, 24]",46.23287398373989
"[21, 21, 21, 47, 55, 42, 11, 24, 21, 67, 17, 38, 24, 62, 24]",50.861176151761576
"[21, 21, 21, 47, 55, 42, 11, 24, 21, 67, 17, 38, 24, 62, 24]",41.815307588075854
"[21, 21, 21, 47, 55, 42, 11, 24, 21, 67, 17, 38, 24, 62, 24]",53.4272926829268
"[21, 21, 21, 47, 55, 42, 11, 24, 21, 67, 17, 38, 24, 62, 24]",54.208658536585304
"[21, 21, 21, 47, 55, 42, 11, 24, 21, 67, 17, 38, 24, 62, 24]",37.14665311653112
"[21, 21, 21, 47, 55, 42, 11, 24, 21, 67, 17, 38, 24, 62, 24]",50.79276016260168
"[21, 21, 21, 47, 55, 42, 11, 24, 21, 67, 17, 38, 24, 62, 24]",40.95593631436314
"[21, 21, 21, 47, 55, 42, 11, 24, 21, 67, 17, 38, 24, 62, 24]",41.816475609756104
"[21, 21, 21, 47, 55, 42, 11, 24, 21, 67, 17, 38, 24, 62, 24]",58.89987398373987
"[21, 21, 21, 47, 55, 42, 11, 24, 21, 67, 17, 38, 24, 62, 24]",48.26679268292686
"[21, 21, 21, 47, 55, 42, 11, 24, 21, 67, 17, 38, 24, 62, 24]",42.50485094850948
"[21, 21, 21, 47, 55, 42, 11, 24, 21, 67, 17, 38, 24, 62, 24]",49.170781842818414
"[21, 21, 21, 47, 55, 42, 11, 24, 21, 67, 17, 38, 24, 62, 24]",56.79910975609754
"[21, 21, 21, 47, 55, 42, 11, 24, 21, 67, 17, 38, 24, 62, 24]",40.269970189701915
"[21, 21, 21, 47, 55, 42, 11, 24, 21, 67, 17, 38, 24, 62, 24]",38.670436314363116
"[21, 21, 21, 47, 55, 42, 11, 24, 21, 67, 17, 38, 24, 62, 24]",39.057361788617754
"[21, 21, 21, 47, 55, 42, 11, 24, 21, 67, 17, 38, 24, 62, 24]",44.56963279132781
"[21, 21, 21, 47, 55, 42, 11, 24, 21, 67, 17, 38, 24, 62, 24]",55.32640650406517
"[21, 21, 21, 47, 55, 42, 11, 24, 21, 67, 17, 38, 24, 62, 24]",52.54150542005428
"[21, 21, 21, 47, 55, 42, 11, 24, 21, 67, 17, 38, 24, 62, 24]",54.20424525745259
"[21, 21, 21, 47, 55, 42, 11, 24, 21, 67, 17, 38, 24, 62, 24]",46.542422764227446
"[21, 21, 21, 47, 55, 42, 11, 24, 21, 67, 17, 38, 24, 62, 24]",47.36488617886174
"[21, 21, 21, 47, 55, 42, 11, 24, 21, 67, 17, 38, 24, 62, 24]",37.56318563685638
"[21, 21, 21, 47, 55, 42, 11, 24, 21, 67, 17, 38, 24, 62, 24]",42.688262872628755
"[21, 21, 21, 47, 55, 42, 11, 24, 21, 67, 17, 38, 24, 62, 24]",43.16092276422763
"[21, 21, 21, 47, 55, 42, 11, 24, 21, 67, 17, 38, 24, 62, 24]",49.076304878048745
"[21, 21, 21, 47, 55, 42, 11, 24, 21, 67, 17, 38, 24, 62, 24]",37.81663956639566
"[21, 21, 21, 47, 55, 42, 11, 24, 21, 67, 17, 38, 24, 62, 24]",51.84002710027103
"[21, 21, 21, 47, 55, 42, 11, 24, 21, 67, 17, 38, 24, 62, 24]",50.37501355013546
"[21, 21, 21, 47, 55, 42, 11, 24, 21, 67, 17, 38, 24, 62, 24]",56.08899186991868
"[21, 21, 21, 47, 55, 42, 11, 24, 21, 67, 17, 38, 24, 62, 24]",51.254619241192415
"[21, 21, 21, 47, 55, 42, 11, 24, 21, 67, 17, 38, 24, 62, 24]",38.71279403794047
"[21, 21, 21, 47, 55, 42, 11, 24, 21, 67, 17, 38, 24, 62, 24]",45.61330623306238
"[21, 21, 21, 47, 55, 42, 11, 24, 21, 67, 17, 38, 24, 62, 24]",44.654575880758784
"[21, 21, 21, 47, 55, 42, 11, 24, 21, 67, 17, 38, 24, 62, 24]",38.959932249322506
"[21, 21, 21, 47, 55, 42, 11, 24, 21, 67, 17, 38, 24, 62, 24]",40.79355013550142
"[21, 21, 21, 47, 55, 42, 11, 24, 21, 67, 17, 38, 24, 62, 24]",49.55274254742551
"[21, 21, 21, 47, 55, 42, 11, 24, 21, 67, 17, 38, 24, 62, 24]",41.394472899729024
"[21, 21, 21, 47, 55, 42, 11, 24, 21, 67, 17, 38, 24, 62, 24]",43.60310162601624
"[21, 21, 21, 47, 55, 42, 11, 24, 21, 67, 17, 38, 24, 62, 24]",38.32444986449864
"[21, 21, 21, 47, 55, 42, 11, 24, 21, 67, 17, 38, 24, 62, 24]",38.920799457994654
"[21, 21, 21, 47, 55, 42, 11, 24, 21, 67, 17, 38, 24, 62, 24]",47.42324119241201
"[21, 21, 21, 47, 55, 42, 11, 24, 21, 67, 17, 38, 24, 62, 24]",48.774898373983795
"[21, 21, 21, 47, 55, 42, 11, 24, 21, 67, 17, 38, 24, 62, 24]",47.77023170731699
"[21, 21, 21, 47, 55, 42, 11, 24, 21, 67, 17, 38, 24, 62, 24]",44.6780135501355
"[21, 21, 21, 47, 55, 42, 11, 24, 21, 67, 17, 38, 24, 62, 24]",43.547573170731724
"[21, 21, 21, 47, 55, 42, 11, 24, 21, 67, 17, 38, 24, 62, 24]",48.26690379403795
"[21, 21, 21, 47, 55, 42, 11, 24, 21, 67, 17, 38, 24, 62, 24]",45.841012195121884
"[21, 21, 21, 47, 55, 42, 11, 24, 21, 67, 17, 38, 24, 62, 24]",37.24668292682925
"[21, 21, 21, 47, 55, 42, 11, 24, 21, 67, 17, 38, 24, 62, 24]",38.69796341463414
"[21, 21, 21, 47, 55, 42, 11, 24, 21, 67, 17, 38, 24, 62, 24]",43.776067750677484
"[21, 21, 21, 47, 55, 42, 11, 24, 21, 67, 17, 38, 24, 62, 24]",52.20297831978324
"[21, 21, 21, 47, 55, 42, 11, 24, 21, 67, 17, 38, 24, 62, 24]",34.45116802168022
"[21, 21, 21, 47, 55, 42, 11, 24, 21, 67, 17, 38, 24, 62, 24]",41.44605013550135
"[21, 21, 21, 47, 55, 42, 11, 24, 21, 67, 17, 38, 24, 62, 24]",53.178002710027165
"[21, 21, 21, 47, 55, 42, 11, 24, 21, 67, 17, 38, 24, 62, 24]",38.32565582655827
"[21, 21, 21, 47, 55, 42, 11, 24, 21, 67, 17, 38, 24, 62, 24]",47.023940379403776
"[21, 21, 21, 47, 55, 42, 11, 24, 21, 67, 17, 38, 24, 62, 24]",53.49565582655828
"[21, 21, 21, 47, 55, 42, 11, 24, 21, 67, 17, 38, 24, 62, 24]",36.46643224932256
"[21, 21, 21, 47, 55, 42, 11, 24, 21, 67, 17, 38, 24, 62, 24]",41.11029810298104
"[21, 21, 21, 47, 55, 42, 11, 24, 21, 67, 17, 38, 24, 62, 24]",46.1382371273713
"[21, 21, 21, 47, 55, 42, 11, 24, 21, 67, 17, 38, 24, 62, 24]",52.99446612466131
"[21, 21, 21, 47, 55, 42, 11, 24, 21, 67, 17, 38, 24, 62, 24]",41.468169376693716
"[21, 21, 21, 47, 55, 42, 11, 24, 21, 67, 17, 38, 24, 62, 24]",43.55306368563689
"[21, 21, 21, 47, 55, 42, 11, 24, 21, 67, 17, 38, 24, 62, 24]",48.749300813008205
"[21, 21, 21, 47, 55, 42, 11, 24, 21, 67, 17, 38, 24, 62, 24]",52.45986991869922
"[21, 21, 21, 47, 55, 42, 11, 24, 21, 67, 17, 38, 24, 62, 24]",52.79813414634146
"[21, 21, 21, 47, 55, 42, 11, 24, 21, 67, 17, 38, 24, 62, 24]",52.71646070460702
"[21, 21, 21, 47, 55, 42, 11, 24, 21, 67, 17, 38, 24, 62, 24]",41.059300813008086
"[21, 21, 21, 47, 55, 42, 11, 24, 21, 67, 17, 38, 24, 62, 24]",61.08234417344167
"[21, 21, 21, 47, 55, 42, 11, 24, 21, 67, 17, 38, 24, 62, 24]",55.146750677506745
"[21, 21, 21, 47, 55, 42, 11, 24, 21, 67, 17, 38, 24, 62, 24]",47.85134010840112
"[21, 21, 21, 47, 55, 42, 11, 24, 21, 67, 17, 38, 24, 62, 24]",45.028376693766944
"[21, 21, 21, 47, 55, 42, 11, 24, 21, 67, 17, 38, 24, 62, 24]",53.27758672086728
"[21, 21, 21, 47, 55, 42, 11, 24, 21, 67, 17, 38, 24, 62, 24]",44.47961111111109
"[21, 21, 21, 47, 55, 42, 11, 24, 21, 67, 17, 38, 24, 62, 24]",41.34036314363142
"[21, 21, 21, 47, 55, 42, 11, 24, 21, 67, 17, 38, 24, 62, 24]",55.84833468834682
"[21, 21, 21, 47, 55, 42, 11, 24, 21, 67, 17, 38, 24, 62, 24]",40.39130216802171
"[21, 21, 21, 47, 55, 42, 11, 24, 21, 67, 17, 38, 24, 62, 24]",54.335714092140954
"[21, 21, 21, 47, 55, 42, 11, 24, 21, 67, 17, 38, 24, 62, 24]",64.31246747967478
"[21, 21, 21, 47, 55, 42, 11, 24, 21, 67, 17, 38, 24, 62, 24]",47.52886314363152
"[21, 21, 21, 47, 55, 42, 11, 24, 21, 67, 17, 38, 24, 62, 24]",48.00259891598922
"[21, 21, 21, 47, 55, 42, 11, 24, 21, 67, 17, 38, 24, 62, 24]",45.70981571815717
"[21, 21, 21, 47, 55, 42, 11, 24, 21, 67, 17, 38, 24, 62, 24]",46.81109620596205
"[21, 21, 21, 47, 55, 42, 11, 24, 21, 67, 17, 38, 24, 62, 24]",52.39557181571818
"[21, 21, 21, 47, 55, 42, 11, 24, 21, 67, 17, 38, 24, 62, 24]",33.81111788617889
"[21, 21, 21, 47, 55, 42, 11, 24, 21, 67, 17, 38, 24, 62, 24]",54.05538211382119
"[21, 21, 21, 47, 55, 42, 11, 24, 21, 67, 17, 38, 24, 62, 24]",44.181359078590866
"[21, 21, 21, 47, 55, 42, 11, 24, 21, 67, 17, 38, 24, 62, 24]",43.78836856368563
"[21, 21, 21, 47, 55, 42, 11, 24, 21, 67, 17, 38, 24, 62, 24]",57.27222493224933
"[21, 21, 21, 47, 55, 42, 11, 24, 21, 67, 17, 38, 24, 62, 24]",61.22774932249326
"[21, 21, 21, 47, 55, 42, 11, 24, 21, 67, 17, 38, 24, 62, 24]",44.06831707317074
"[21, 21, 21, 47, 55, 42, 11, 24, 21, 67, 17, 38, 24, 62, 24]",36.33236449864499
"[21, 21, 21, 47, 55, 42, 11, 24, 21, 67, 17, 38, 24, 62, 24]",46.93809485094847
"[21, 21, 21, 47, 55, 42, 11, 24, 21, 67, 17, 38, 24, 62, 24]",45.166989159891656
"[21, 21, 21, 47, 55, 42, 11, 24, 21, 67, 17, 38, 24, 62, 24]",37.71842140921416
"[21, 21, 21, 47, 55, 42, 11, 24, 21, 67, 17, 38, 24, 62, 24]",47.428586720867244
"[21, 21, 21, 47, 55, 42, 11, 24, 21, 67, 17, 38, 24, 62, 24]",48.882490514905165
"[21, 21, 21, 47, 55, 42, 11, 24, 21, 67, 17, 38, 24, 62, 24]",43.11188617886171
"[21, 21, 21, 47, 55, 42, 11, 24, 21, 67, 17, 38, 24, 62, 24]",43.75066124661248
"[21, 21, 21, 47, 55, 42, 11, 24, 21, 67, 17, 38, 24, 62, 24]",40.62708265582659
"[21, 21, 21, 47, 55, 42, 11, 24, 21, 67, 17, 38, 24, 62, 24]",58.476174796747905
"[21, 21, 21, 47, 55, 42, 11, 24, 21, 67, 17, 38, 24, 62, 24]",41.602313008130004
"[21, 21, 21, 47, 55, 42, 11, 24, 21, 67, 17, 38, 24, 62, 24]",50.44489430894302
"[21, 21, 21, 47, 55, 42, 11, 24, 21, 67, 17, 38, 24, 62, 24]",35.9892926829268
"[21, 21, 21, 47, 55, 42, 11, 24, 21, 67, 17, 38, 24, 62, 24]",47.10132655826558
"[21, 21, 21, 47, 55, 42, 11, 24, 21, 67, 17, 38, 24, 62, 24]",52.57374796747968
"[21, 21, 21, 47, 55, 42, 11, 24, 21, 67, 17, 38, 24, 62, 24]",48.53034417344168
"[21, 21, 21, 47, 55, 42, 11, 24, 21, 67, 17, 38, 24, 62, 24]",47.965321138211365
"[21, 21, 21, 47, 55, 42, 11, 24, 21, 67, 17, 38, 24, 62, 24]",52.46148509485095
"[21, 21, 21, 47, 55, 42, 11, 24, 21, 67, 17, 38, 24, 62, 24]",43.433924119241134
"[21, 21, 21, 47, 55, 42, 11, 24, 21, 67, 17, 38, 24, 62, 24]",43.52621544715451
"[21, 21, 21, 47, 55, 42, 11, 24, 21, 67, 17, 38, 24, 62, 24]",40.54594037940377
"[21, 21, 21, 47, 55, 42, 11, 24, 21, 67, 17, 38, 24, 62, 24]",49.35976693766936
"[21, 21, 21, 47, 55, 42, 11, 24, 21, 67, 17, 38, 24, 62, 24]",45.06112059620592
"[21, 21, 21, 47, 55, 42, 11, 24, 21, 67, 17, 38, 24, 62, 24]",40.35637262872629
"[21, 21, 21, 47, 55, 42, 11, 24, 21, 67, 17, 38, 24, 62, 24]",43.93919512195124
"[21, 21, 21, 47, 55, 42, 11, 24, 21, 67, 17, 38, 24, 62, 24]",49.650509485094844
"[21, 21, 21, 47, 55, 42, 11, 24, 21, 67, 17, 38, 24, 62, 24]",39.83770867208676
"[21, 21, 21, 47, 55, 42, 11, 24, 21, 67, 17, 38, 24, 62, 24]",55.65444444444443
"[21, 21, 21, 47, 55, 42, 11, 24, 21, 67, 17, 38, 24, 62, 24]",45.16436585365853
"[21, 21, 21, 47, 55, 42, 11, 24, 21, 67, 17, 38, 24, 62, 24]",42.4633089430894
"[21, 21, 21, 47, 55, 42, 11, 24, 21, 67, 17, 38, 24, 62, 24]",42.945415989159876
"[21, 21, 21, 47, 55, 42, 11, 24, 21, 67, 17, 38, 24, 62, 24]",41.6651246612466
"[21, 21, 21, 47, 55, 42, 11, 24, 21, 67, 17, 38, 24, 62, 24]",48.87873848238485
"[21, 21, 21, 47, 55, 42, 11, 24, 21, 67, 17, 38, 24, 62, 24]",57.83278861788611
"[21, 21, 21, 47, 55, 42, 11, 24, 21, 67, 17, 38, 24, 62, 24]",34.66069918699188
"[21, 21, 21, 47, 55, 42, 11, 24, 21, 67, 17, 38, 24, 62, 24]",40.660604336043384
"[21, 21, 21, 47, 55, 42, 11, 24, 21, 67, 17, 38, 24, 62, 24]",46.90926151761516
"[21, 21, 21, 47, 55, 42, 11, 24, 21, 67, 17, 38, 24, 62, 24]",56.85908807588069
"[21, 21, 21, 47, 55, 42, 11, 24, 21, 67, 17, 38, 24, 62, 24]",42.49442547425474
"[21, 21, 21, 47, 55, 42, 11, 24, 21, 67, 17, 38, 24, 62, 24]",37.85907317073159
"[21, 21, 21, 47, 55, 42, 11, 24, 21, 67, 17, 38, 24, 62, 24]",48.18810027100268
"[21, 21, 21, 47, 55, 42, 11, 24, 21, 67, 17, 38, 24, 62, 24]",50.42794308943087
"[21, 21, 21, 47, 55, 42, 11, 24, 21, 67, 17, 38, 24, 62, 24]",40.01864905149052
"[21, 21, 21, 47, 55, 42, 11, 24, 21, 67, 17, 38, 24, 62, 24]",43.73360162601636
"[21, 21, 21, 47, 55, 42, 11, 24, 21, 67, 17, 38, 24, 62, 24]",42.825632791327806
"[21, 21, 21, 47, 55, 42, 11, 24, 21, 67, 17, 38, 24, 62, 24]",54.00314092140927
"[21, 21, 21, 47, 55, 42, 11, 24, 21, 67, 17, 38, 24, 62, 24]",35.06335907859084
"[21, 21, 21, 47, 55, 42, 11, 24, 21, 67, 17, 38, 24, 62, 24]",52.51414769647696
"[21, 21, 21, 47, 55, 42, 11, 24, 21, 67, 17, 38, 24, 62, 24]",46.09142953929535
"[21, 21, 21, 47, 55, 42, 11, 24, 21, 67, 17, 38, 24, 62, 24]",47.065413279132834
"[21, 21, 21, 47, 55, 42, 11, 24, 21, 67, 17, 38, 24, 62, 24]",52.07693224932254
"[21, 21, 21, 47, 55, 42, 11, 24, 21, 67, 17, 38, 24, 62, 24]",45.55107723577238
"[21, 21, 21, 47, 55, 42, 11, 24, 21, 67, 17, 38, 24, 62, 24]",34.19058943089424
"[21, 21, 21, 47, 55, 42, 11, 24, 21, 67, 17, 38, 24, 62, 24]",50.381033875338716
"[21, 21, 21, 47, 55, 42, 11, 24, 21, 67, 17, 38, 24, 62, 24]",49.81867208672094
"[21, 21, 21, 47, 55, 42, 11, 24, 21, 67, 17, 38, 24, 62, 24]",39.452261517615206
"[21, 21, 21, 47, 55, 42, 11, 24, 21, 67, 17, 38, 24, 62, 24]",57.46704607046066
"[21, 21, 21, 47, 55, 42, 11, 24, 21, 67, 17, 38, 24, 62, 24]",41.35559756097567
"[21, 21, 21, 47, 55, 42, 11, 24, 21, 67, 17, 38, 24, 62, 24]",49.511653116531186
"[21, 21, 21, 47, 55, 42, 11, 24, 21, 67, 17, 38, 24, 62, 24]",53.81753523035229
"[21, 21, 21, 47, 55, 42, 11, 24, 21, 67, 17, 38, 24, 62, 24]",39.54651897018974
"[21, 21, 21, 47, 55, 42, 11, 24, 21, 67, 17, 38, 24, 62, 24]",49.27400542005411
"[21, 21, 21, 47, 55, 42, 11, 24, 21, 67, 17, 38, 24, 62, 24]",56.283024390243924
"[21, 21, 21, 47, 55, 42, 11, 24, 21, 67, 17, 38, 24, 62, 24]",42.69825067750673
"[21, 21, 21, 47, 55, 42, 11, 24, 21, 67, 17, 38, 24, 62, 24]",48.215188346883295
"[21, 21, 21, 47, 55, 42, 11, 24, 21, 67, 17, 38, 24, 62, 24]",43.36582926829277
"[21, 21, 21, 47, 55, 42, 11, 24, 21, 67, 17, 38, 24, 62, 24]",56.619445799457964
"[21, 21, 21, 47, 55, 42, 11, 24, 21, 67, 17, 38, 24, 62, 24]",47.21759078590794
"[21, 21, 21, 47, 55, 42, 11, 24, 21, 67, 17, 38, 24, 62, 24]",44.774650406504044
"[21, 21, 21, 47, 55, 42, 11, 24, 21, 67, 17, 38, 24, 62, 24]",48.15309756097558
"[21, 21, 21, 47, 55, 42, 11, 24, 21, 67, 17, 38, 24, 62, 24]",45.05177235772348
"[21, 21, 21, 47, 55, 42, 11, 24, 21, 67, 17, 38, 24, 62, 24]",51.19777642276415
"[21, 21, 21, 47, 55, 42, 11, 24, 21, 67, 17, 38, 24, 62, 24]",41.13165853658529
"[21, 21, 21, 47, 55, 42, 11, 24, 21, 67, 17, 38, 24, 62, 24]",50.52570325203252
"[21, 21, 21, 47, 55, 42, 11, 24, 21, 67, 17, 38, 24, 62, 24]",44.73207994579945
"[21, 21, 21, 47, 55, 42, 11, 24, 21, 67, 17, 38, 24, 62, 24]",51.56572899729003
"[21, 21, 21, 47, 55, 42, 11, 24, 21, 67, 17, 38, 24, 62, 24]",47.860032520325156
"[21, 21, 21, 47, 55, 42, 11, 24, 21, 67, 17, 38, 24, 62, 24]",37.09994308943088
"[21, 21, 21, 47, 55, 42, 11, 24, 21, 67, 17, 38, 24, 62, 24]",39.49662737127381
"[21, 21, 21, 47, 55, 42, 11, 24, 21, 67, 17, 38, 24, 62, 24]",55.291004065040596
"[21, 21, 21, 47, 55, 42, 11, 24, 21, 67, 17, 38, 24, 62, 24]",45.165602981029785
"[21, 21, 21, 47, 55, 42, 11, 24, 21, 67, 17, 38, 24, 62, 24]",49.434462059620515
"[21, 21, 21, 47, 55, 42, 11, 24, 21, 67, 17, 38, 24, 62, 24]",48.367116531165316
"[21, 21, 21, 47, 55, 42, 11, 24, 21, 67, 17, 38, 24, 62, 24]",42.51989024390249
"[21, 21, 21, 47, 55, 42, 11, 24, 21, 67, 17, 38, 24, 62, 24]",63.3994647696477
"[21, 21, 21, 47, 55, 42, 11, 24, 21, 67, 17, 38, 24, 62, 24]",40.89119376693774
"[21, 21, 21, 47, 55, 42, 11, 24, 21, 67, 17, 38, 24, 62, 24]",46.338081300813016
"[21, 21, 21, 47, 55, 42, 11, 24, 21, 67, 17, 38, 24, 62, 24]",46.65793495934959
"[21, 21, 21, 47, 55, 42, 11, 24, 21, 67, 17, 38, 24, 62, 24]",50.123951219512065
"[21, 21, 21, 47, 55, 42, 11, 24, 21, 67, 17, 38, 24, 62, 24]",45.71835772357728
"[21, 21, 21, 47, 55, 42, 11, 24, 21, 67, 17, 38, 24, 62, 24]",40.5954566395664
"[21, 21, 21, 47, 55, 42, 11, 24, 21, 67, 17, 38, 24, 62, 24]",45.764813008130076
"[21, 21, 21, 47, 55, 42, 11, 24, 21, 67, 17, 38, 24, 62, 24]",40.89517615176151
"[21, 21, 21, 47, 55, 42, 11, 24, 21, 67, 17, 38, 24, 62, 24]",54.18765989159898
"[21, 21, 21, 47, 55, 42, 11, 24, 21, 67, 17, 38, 24, 62, 24]",39.018926829268246
"[21, 21, 21, 47, 55, 42, 11, 24, 21, 67, 17, 38, 24, 62, 24]",51.385111111110994
"[21, 21, 21, 47, 55, 42, 11, 24, 21, 67, 17, 38, 24, 62, 24]",37.48613821138204
"[21, 21, 21, 47, 55, 42, 11, 24, 21, 67, 17, 38, 24, 62, 24]",39.097722222222316
"[21, 21, 21, 47, 55, 42, 11, 24, 21, 67, 17, 38, 24, 62, 24]",41.540233062330564
"[21, 21, 21, 47, 55, 42, 11, 24, 21, 67, 17, 38, 24, 62, 24]",40.12794308943087
"[21, 21, 21, 47, 55, 42, 11, 24, 21, 67, 17, 38, 24, 62, 24]",46.73620054200547
"[21, 21, 21, 47, 55, 42, 11, 24, 21, 67, 17, 38, 24, 62, 24]",37.284070460704655
"[21, 21, 21, 47, 55, 42, 11, 24, 21, 67, 17, 38, 24, 62, 24]",53.55682249322494
"[21, 21, 21, 47, 55, 42, 11, 24, 21, 67, 17, 38, 24, 62, 24]",46.87932249322488
"[21, 21, 21, 47, 55, 42, 11, 24, 21, 67, 17, 38, 24, 62, 24]",49.416330623306266
"[21, 21, 21, 47, 55, 42, 11, 24, 21, 67, 17, 38, 24, 62, 24]",38.656738482384874
"[21, 21, 21, 47, 55, 42, 11, 24, 21, 67, 17, 38, 24, 62, 24]",47.865256097560916
"[21, 21, 21, 47, 55, 42, 11, 24, 21, 67, 17, 38, 24, 62, 24]",35.013132791327926
"[21, 21, 21, 47, 55, 42, 11, 24, 21, 67, 17, 38, 24, 62, 24]",38.590082655826535
"[21, 21, 21, 47, 55, 42, 11, 24, 21, 67, 17, 38, 24, 62, 24]",45.267418699187004
"[21, 21, 21, 47, 55, 42, 11, 24, 21, 67, 17, 38, 24, 62, 24]",48.8560501355013
"[21, 21, 21, 47, 55, 42, 11, 24, 21, 67, 17, 38, 24, 62, 24]",50.78049728997289
"[21, 21, 21, 47, 55, 42, 11, 24, 21, 67, 17, 38, 24, 62, 24]",43.632032520325225
"[21, 21, 21, 47, 55, 42, 11, 24, 21, 67, 17, 38, 24, 62, 24]",58.02329945799456
"[21, 21, 21, 47, 55, 42, 11, 24, 21, 67, 17, 38, 24, 62, 24]",43.4901449864498
"[21, 21, 21, 47, 55, 42, 11, 24, 21, 67, 17, 38, 24, 62, 24]",38.61505962059619
"[21, 21, 21, 47, 55, 42, 11, 24, 21, 67, 17, 38, 24, 62, 24]",51.488088075880746
"[21, 21, 21, 47, 55, 42, 11, 24, 21, 67, 17, 38, 24, 62, 24]",52.93325067750663
"[21, 21, 21, 47, 55, 42, 11, 24, 21, 67, 17, 38, 24, 62, 24]",44.179704607046055
"[21, 21, 21, 47, 55, 42, 11, 24, 21, 67, 17, 38, 24, 62, 24]",52.95028726287274
"[21, 21, 21, 47, 55, 42, 11, 24, 21, 67, 17, 38, 24, 62, 24]",48.257983739837385
"[21, 21, 21, 47, 55, 42, 11, 24, 21, 67, 17, 38, 24, 62, 24]",44.27522764227645
"[21, 21, 21, 47, 55, 42, 11, 24, 21, 67, 17, 38, 24, 62, 24]",37.966997289972866
"[21, 21, 21, 47, 55, 42, 11, 24, 21, 67, 17, 38, 24, 62, 24]",40.84841192411929
"[21, 21, 21, 47, 55, 42, 11, 24, 21, 67, 17, 38, 24, 62, 24]",48.93759349593501
"[21, 21, 21, 47, 55, 42, 11, 24, 21, 67, 17, 38, 24, 62, 24]",41.82089972899726
"[21, 21, 21, 47, 55, 42, 11, 24, 21, 67, 17, 38, 24, 62, 24]",46.0720406504065
"[21, 21, 21, 47, 55, 42, 11, 24, 21, 67, 17, 38, 24, 62, 24]",42.25901490514903
"[21, 21, 21, 47, 55, 42, 11, 24, 21, 67, 17, 38, 24, 62, 24]",46.4881097560975
"[21, 21, 21, 47, 55, 42, 11, 24, 21, 67, 17, 38, 24, 62, 24]",47.09086449864494
"[21, 21, 21, 47, 55, 42, 11, 24, 21, 67, 17, 38, 24, 62, 24]",40.14455149051491
"[21, 21, 21, 47, 55, 42, 11, 24, 21, 67, 17, 38, 24, 62, 24]",43.59659485094859
"[21, 21, 21, 47, 55, 42, 11, 24, 21, 67, 17, 38, 24, 62, 24]",50.023023035230274
"[21, 21, 21, 47, 55, 42, 11, 24, 21, 67, 17, 38, 24, 62, 24]",48.372123306233036
"[21, 21, 21, 47, 55, 42, 11, 24, 21, 67, 17, 38, 24, 62, 24]",52.06324661246605
"[21, 21, 21, 47, 55, 42, 11, 24, 21, 67, 17, 38, 24, 62, 24]",44.46482655826553
"[21, 21, 21, 47, 55, 42, 11, 24, 21, 67, 17, 38, 24, 62, 24]",48.533182926829255
"[21, 21, 21, 47, 55, 42, 11, 24, 21, 67, 17, 38, 24, 62, 24]",58.16104200542006
"[21, 21, 21, 47, 55, 42, 11, 24, 21, 67, 17, 38, 24, 62, 24]",42.60680894308935
"[21, 21, 21, 47, 55, 42, 11, 24, 21, 67, 17, 38, 24, 62, 24]",56.535094850948575
"[21, 21, 21, 47, 55, 42, 11, 24, 21, 67, 17, 38, 24, 62, 24]",43.41206639566394
"[21, 21, 21, 47, 55, 42, 11, 24, 21, 67, 17, 38, 24, 62, 24]",46.69935907859076
"[21, 21, 21, 47, 55, 42, 11, 24, 21, 67, 17, 38, 24, 62, 24]",44.432017615176186
"[21, 21, 21, 47, 55, 42, 11, 24, 21, 67, 17, 38, 24, 62, 24]",45.31235636856367
"[21, 21, 21, 47, 55, 42, 11, 24, 21, 67, 17, 38, 24, 62, 24]",46.30031842818443
"[21, 21, 21, 47, 55, 42, 11, 24, 21, 67, 17, 38, 24, 62, 24]",52.588033875338816
"[21, 21, 21, 47, 55, 42, 11, 24, 21, 67, 17, 38, 24, 62, 24]",54.638168021680364
"[21, 21, 21, 47, 55, 42, 11, 24, 21, 67, 17, 38, 24, 62, 24]",52.745204607045935
"[21, 21, 21, 47, 55, 42, 11, 24, 21, 67, 17, 38, 24, 62, 24]",49.88964769647688
"[21, 21, 21, 47, 55, 42, 11, 24, 21, 67, 17, 38, 24, 62, 24]",53.91578997289967
"[21, 21, 21, 47, 55, 42, 11, 24, 21, 67, 17, 38, 24, 62, 24]",47.313135501354935
"[21, 21, 21, 47, 55, 42, 11, 24, 21, 67, 17, 38, 24, 62, 24]",43.13559756097565
"[21, 21, 21, 47, 55, 42, 11, 24, 21, 67, 17, 38, 24, 62, 24]",47.24470189701904
"[21, 21, 21, 47, 55, 42, 11, 24, 21, 67, 17, 38, 24, 62, 24]",43.53984417344176
"[21, 21, 21, 47, 55, 42, 11, 24, 21, 67, 17, 38, 24, 62, 24]",48.88709620596201
"[21, 21, 21, 47, 55, 42, 11, 24, 21, 67, 17, 38, 24, 62, 24]",53.467788617886235
"[21, 21, 21, 47, 55, 42, 11, 24, 21, 67, 17, 38, 24, 62, 24]",38.09196476964763
"[21, 21, 21, 47, 55, 42, 11, 24, 21, 67, 17, 38, 24, 62, 24]",45.526573170731766
"[21, 21, 21, 47, 55, 42, 11, 24, 21, 67, 17, 38, 24, 62, 24]",49.23908401084009
"[21, 21, 21, 47, 55, 42, 11, 24, 21, 67, 17, 38, 24, 62, 24]",55.43249457994579
"[21, 21, 21, 47, 55, 42, 11, 24, 21, 67, 17, 38, 24, 62, 24]",43.907399728997326
"[21, 21, 21, 47, 55, 42, 11, 24, 21, 67, 17, 38, 24, 62, 24]",45.27264905149052
"[21, 21, 21, 47, 55, 42, 11, 24, 21, 67, 17, 38, 24, 62, 24]",41.10390108401086
"[21, 21, 21, 47, 55, 42, 11, 24, 21, 67, 17, 38, 24, 62, 24]",47.31260433604335
"[21, 21, 21, 47, 55, 42, 11, 24, 21, 67, 17, 38, 24, 62, 24]",55.73564227642268
"[21, 21, 21, 47, 55, 42, 11, 24, 21, 67, 17, 38, 24, 62, 24]",44.56791869918702
"[21, 21, 21, 47, 55, 42, 11, 24, 21, 67, 17, 38, 24, 62, 24]",40.80281707317084
"[21, 21, 21, 47, 55, 42, 11, 24, 21, 67, 17, 38, 24, 62, 24]",55.33804065040651
"[21, 21, 21, 47, 55, 42, 11, 24, 21, 67, 17, 38, 24, 62, 24]",43.70955555555559
"[21, 21, 21, 47, 55, 42, 11, 24, 21, 67, 17, 38, 24, 62, 24]",37.53010569105694
"[21, 21, 21, 47, 55, 42, 11, 24, 21, 67, 17, 38, 24, 62, 24]",48.08728319783206
"[21, 21, 21, 47, 55, 42, 11, 24, 21, 67, 17, 38, 24, 62, 24]",49.36207046070456
"[21, 21, 21, 47, 55, 42, 11, 24, 21, 67, 17, 38, 24, 62, 24]",49.22520867208681
"[21, 21, 21, 47, 55, 42, 11, 24, 21, 67, 17, 38, 24, 62, 24]",39.74229132791319
"[21, 21, 21, 47, 55, 42, 11, 24, 21, 67, 17, 38, 24, 62, 24]",48.24420325203247
"[21, 21, 21, 47, 55, 42, 11, 24, 21, 67, 17, 38, 24, 62, 24]",40.42185636856364
"[21, 21, 21, 47, 55, 42, 11, 24, 21, 67, 17, 38, 24, 62, 24]",34.42423983739836
"[21, 21, 21, 47, 55, 42, 11, 24, 21, 67, 17, 38, 24, 62, 24]",39.64161246612473
"[21, 21, 21, 47, 55, 42, 11, 24, 21, 67, 17, 38, 24, 62, 24]",39.03100135501352
"[21, 21, 21, 47, 55, 42, 11, 24, 21, 67, 17, 38, 24, 62, 24]",56.58535094850949
"[21, 21, 21, 47, 55, 42, 11, 24, 21, 67, 17, 38, 24, 62, 24]",38.84373306233058
"[21, 21, 21, 47, 55, 42, 11, 24, 21, 67, 17, 38, 24, 62, 24]",42.66920054200544
"[21, 21, 21, 47, 55, 42, 11, 24, 21, 67, 17, 38, 24, 62, 24]",46.76768021680212
"[21, 21, 21, 47, 55, 42, 11, 24, 21, 67, 17, 38, 24, 62, 24]",41.29487669376695
"[21, 21, 21, 47, 55, 42, 11, 24, 21, 67, 17, 38, 24, 62, 24]",55.34813956639568
"[21, 21, 21, 47, 55, 42, 11, 24, 21, 67, 17, 38, 24, 62, 24]",49.27441192411924
"[21, 21, 21, 47, 55, 42, 11, 24, 21, 67, 17, 38, 24, 62, 24]",45.63543766937666
"[21, 21, 21, 47, 55, 42, 11, 24, 21, 67, 17, 38, 24, 62, 24]",44.38129945799459
"[21, 21, 21, 47, 55, 42, 11, 24, 21, 67, 17, 38, 24, 62, 24]",55.62996341463419
"[21, 21, 21, 47, 55, 42, 11, 24, 21, 67, 17, 38, 24, 62, 24]",42.16232249322489
"[21, 21, 21, 47, 55, 42, 11, 24, 21, 67, 17, 38, 24, 62, 24]",47.63337533875336
"[21, 21, 21, 47, 55, 42, 11, 24, 21, 67, 17, 38, 24, 62, 24]",38.62855284552842
"[21, 21, 21, 47, 55, 42, 11, 24, 21, 67, 17, 38, 24, 62, 24]",53.948077235772274
"[21, 21, 21, 47, 55, 42, 11, 24, 21, 67, 17, 38, 24, 62, 24]",43.77049728997292
"[21, 21, 21, 47, 55, 42, 11, 24, 21, 67, 17, 38, 24, 62, 24]",53.059752032520265
"[21, 21, 21, 47, 55, 42, 11, 24, 21, 67, 17, 38, 24, 62, 24]",46.92314498644987
"[21, 21, 21, 47, 55, 42, 11, 24, 21, 67, 17, 38, 24, 62, 24]",42.581780487804814
"[21, 21, 21, 47, 55, 42, 11, 24, 21, 67, 17, 38, 24, 62, 24]",41.722056910568995
"[21, 21, 21, 47, 55, 42, 11, 24, 21, 67, 17, 38, 24, 62, 24]",56.60402032520319
"[21, 21, 21, 47, 55, 42, 11, 24, 21, 67, 17, 38, 24, 62, 24]",33.93358943089431
"[21, 21, 21, 47, 55, 42, 11, 24, 21, 67, 17, 38, 24, 62, 24]",45.29769512195129
"[21, 21, 21, 47, 55, 42, 11, 24, 21, 67, 17, 38, 24, 62, 24]",44.342848238482354
"[21, 21, 21, 47, 55, 42, 11, 24, 21, 67, 17, 38, 24, 62, 24]",42.09401084010849
"[21, 21, 21, 47, 55, 42, 11, 24, 21, 67, 17, 38, 24, 62, 24]",48.01437127371275
"[21, 21, 21, 47, 55, 42, 11, 24, 21, 67, 17, 38, 24, 62, 24]",34.76242276422769
"[21, 21, 21, 47, 55, 42, 11, 24, 21, 67, 17, 38, 24, 62, 24]",42.95778726287257
"[21, 21, 21, 47, 55, 42, 11, 24, 21, 67, 17, 38, 24, 62, 24]",46.736543360433565
"[21, 21, 21, 47, 55, 42, 11, 24, 21, 67, 17, 38, 24, 62, 24]",38.55540785907864
"[21, 21, 21, 47, 55, 42, 11, 24, 21, 67, 17, 38, 24, 62, 24]",43.42820596205967
"[21, 21, 21, 47, 55, 42, 11, 24, 21, 67, 17, 38, 24, 62, 24]",40.93340921409209
"[21, 21, 21, 47, 55, 42, 11, 24, 21, 67, 17, 38, 24, 62, 24]",35.38070596205966
"[21, 21, 21, 47, 55, 42, 11, 24, 21, 67, 17, 38, 24, 62, 24]",43.85237533875344
"[21, 21, 21, 47, 55, 42, 11, 24, 21, 67, 17, 38, 24, 62, 24]",44.48656368563688
"[21, 21, 21, 47, 55, 42, 11, 24, 21, 67, 17, 38, 24, 62, 24]",59.563547425474205
"[21, 21, 21, 47, 55, 42, 11, 24, 21, 67, 17, 38, 24, 62, 24]",49.12919783197836
"[21, 21, 21, 47, 55, 42, 11, 24, 21, 67, 17, 38, 24, 62, 24]",38.83890785907858
"[21, 21, 21, 47, 55, 42, 11, 24, 21, 67, 17, 38, 24, 62, 24]",38.01898644986455
"[21, 21, 21, 47, 55, 42, 11, 24, 21, 67, 17, 38, 24, 62, 24]",50.95653658536578
"[21, 21, 21, 47, 55, 42, 11, 24, 21, 67, 17, 38, 24, 62, 24]",46.76595663956639
"[21, 21, 21, 47, 55, 42, 11, 24, 21, 67, 17, 38, 24, 62, 24]",50.942448509485004
"[21, 21, 21, 47, 55, 42, 11, 24, 21, 67, 17, 38, 24, 62, 24]",51.05813143631436
"[21, 21, 21, 47, 55, 42, 11, 24, 21, 67, 17, 38, 24, 62, 24]",45.65039972899737
"[21, 21, 21, 47, 55, 42, 11, 24, 21, 67, 17, 38, 24, 62, 24]",40.34886178861791
"[21, 21, 21, 47, 55, 42, 11, 24, 21, 67, 17, 38, 24, 62, 24]",44.35735636856371
"[21, 21, 21, 47, 55, 42, 11, 24, 21, 67, 17, 38, 24, 62, 24]",40.06111788617885
"[21, 21, 21, 47, 55, 42, 11, 24, 21, 67, 17, 38, 24, 62, 24]",51.051136856368565
"[21, 21, 21, 47, 55, 42, 11, 24, 21, 67, 17, 38, 24, 62, 24]",46.20170325203249
"[21, 21, 21, 47, 55, 42, 11, 24, 21, 67, 17, 38, 24, 62, 24]",45.3612439024391
"[21, 21, 21, 47, 55, 42, 11, 24, 21, 67, 17, 38, 24, 62, 24]",41.25176829268292
"[21, 21, 21, 47, 55, 42, 11, 24, 21, 67, 17, 38, 24, 62, 24]",39.41681436314357
"[21, 21, 21, 47, 55, 42, 11, 24, 21, 67, 17, 38, 24, 62, 24]",39.06023577235771
"[21, 21, 21, 47, 55, 42, 11, 24, 21, 67, 17, 38, 24, 62, 24]",43.945814363143576
"[21, 21, 21, 47, 55, 42, 11, 24, 21, 67, 17, 38, 24, 62, 24]",43.975523035230445
"[21, 21, 21, 47, 55, 42, 11, 24, 21, 67, 17, 38, 24, 62, 24]",41.843158536585335
"[21, 21, 21, 47, 55, 42, 11, 24, 21, 67, 17, 38, 24, 62, 24]",39.17839024390254
"[21, 21, 21, 47, 55, 42, 11, 24, 21, 67, 17, 38, 24, 62, 24]",46.280600271002676
"[21, 21, 21, 47, 55, 42, 11, 24, 21, 67, 17, 38, 24, 62, 24]",43.051310298103
"[21, 21, 21, 47, 55, 42, 11, 24, 21, 67, 17, 38, 24, 62, 24]",44.35081978319782
"[21, 21, 21, 47, 55, 42, 11, 24, 21, 67, 17, 38, 24, 62, 24]",49.686766937669326
"[21, 21, 21, 47, 55, 42, 11, 24, 21, 67, 17, 38, 24, 62, 24]",49.15489972899731
"[21, 21, 21, 47, 55, 42, 11, 24, 21, 67, 17, 38, 24, 62, 24]",49.42196476964772
"[21, 21, 21, 47, 55, 42, 11, 24, 21, 67, 17, 38, 24, 62, 24]",39.43857181571813
"[21, 21, 21, 47, 55, 42, 11, 24, 21, 67, 17, 38, 24, 62, 24]",43.08827235772362
"[21, 21, 21, 47, 55, 42, 11, 24, 21, 67, 17, 38, 24, 62, 24]",48.10826693766946
"[21, 21, 21, 47, 55, 42, 11, 24, 21, 67, 17, 38, 24, 62, 24]",45.93757181571817
"[21, 21, 21, 47, 55, 42, 11, 24, 21, 67, 17, 38, 24, 62, 24]",36.46721138211375
"[21, 21, 21, 47, 55, 42, 11, 24, 21, 67, 17, 38, 24, 62, 24]",33.883605691056886
"[21, 21, 21, 47, 55, 42, 11, 24, 21, 67, 17, 38, 24, 62, 24]",49.46982520325197
"[21, 21, 21, 47, 55, 42, 11, 24, 21, 67, 17, 38, 24, 62, 24]",46.97324525745255
"[21, 21, 21, 47, 55, 42, 11, 24, 21, 67, 17, 38, 24, 62, 24]",44.672594850948464
"[21, 21, 21, 47, 55, 42, 11, 24, 21, 67, 17, 38, 24, 62, 24]",44.752712737127425
"[21, 21, 21, 47, 55, 42, 11, 24, 21, 67, 17, 38, 24, 62, 24]",46.30289159891599
"[21, 21, 21, 47, 55, 42, 11, 24, 21, 67, 17, 38, 24, 62, 24]",42.93239837398366
"[21, 21, 21, 47, 55, 42, 11, 24, 21, 67, 17, 38, 24, 62, 24]",55.374547425474304
"[21, 21, 21, 47, 55, 42, 11, 24, 21, 67, 17, 38, 24, 62, 24]",36.12495799457995
"[21, 21, 21, 47, 55, 42, 11, 24, 21, 67, 17, 38, 24, 62, 24]",35.5355609756097
"[21, 21, 21, 47, 55, 42, 11, 24, 21, 67, 17, 38, 24, 62, 24]",39.53422493224932
"[21, 21, 21, 47, 55, 42, 11, 24, 21, 67, 17, 38, 24, 62, 24]",47.211131436314396
"[21, 21, 21, 47, 55, 42, 11, 24, 21, 67, 17, 38, 24, 62, 24]",45.42051626016255
"[21, 21, 21, 47, 55, 42, 11, 24, 21, 67, 17, 38, 24, 62, 24]",37.33502303523039
"[21, 21, 21, 47, 55, 42, 11, 24, 21, 67, 17, 38, 24, 62, 24]",44.686878048780486
"[21, 21, 21, 47, 55, 42, 11, 24, 21, 67, 17, 38, 24, 62, 24]",40.74501626016266
"[21, 21, 21, 47, 55, 42, 11, 24, 21, 67, 17, 38, 24, 62, 24]",42.60777777777776
"[21, 21, 21, 47, 55, 42, 11, 24, 21, 67, 17, 38, 24, 62, 24]",41.44598915989156
"[21, 21, 21, 47, 55, 42, 11, 24, 21, 67, 17, 38, 24, 62, 24]",47.784489159891464
"[21, 21, 21, 47, 55, 42, 11, 24, 21, 67, 17, 38, 24, 62, 24]",44.72235094850944
"[21, 21, 21, 47, 55, 42, 11, 24, 21, 67, 17, 38, 24, 62, 24]",46.184819783197895
"[21, 21, 21, 47, 55, 42, 11, 24, 21, 67, 17, 38, 24, 62, 24]",38.01709891598922
"[21, 21, 21, 47, 55, 42, 11, 24, 21, 67, 17, 38, 24, 62, 24]",49.37052303523042
"[21, 21, 21, 47, 55, 42, 11, 24, 21, 67, 17, 38, 24, 62, 24]",44.53654607046069
"[21, 21, 21, 47, 55, 42, 11, 24, 21, 67, 17, 38, 24, 62, 24]",48.0219796747967
"[21, 21, 21, 47, 55, 42, 11, 24, 21, 67, 17, 38, 24, 62, 24]",39.77488482384821
"[21, 21, 21, 47, 55, 42, 11, 24, 21, 67, 17, 38, 24, 62, 24]",46.06939701897013
"[21, 21, 21, 47, 55, 42, 11, 24, 21, 67, 17, 38, 24, 62, 24]",46.280578590786
"[21, 21, 21, 47, 55, 42, 11, 24, 21, 67, 17, 38, 24, 62, 24]",51.74348373983741
"[21, 21, 21, 47, 55, 42, 11, 24, 21, 67, 17, 38, 24, 62, 24]",50.01679403794037
"[21, 21, 21, 47, 55, 42, 11, 24, 21, 67, 17, 38, 24, 62, 24]",48.191115176151854
"[21, 21, 21, 47, 55, 42, 11, 24, 21, 67, 17, 38, 24, 62, 24]",42.86273848238478
"[21, 21, 21, 47, 55, 42, 11, 24, 21, 67, 17, 38, 24, 62, 24]",49.63773170731713
"[21, 21, 21, 47, 55, 42, 11, 24, 21, 67, 17, 38, 24, 62, 24]",46.80629945799452
"[21, 21, 21, 47, 55, 42, 11, 24, 21, 67, 17, 38, 24, 62, 24]",36.341718157181575
"[21, 21, 21, 47, 55, 42, 11, 24, 21, 67, 17, 38, 24, 62, 24]",42.63333333333334
"[21, 21, 21, 47, 55, 42, 11, 24, 21, 67, 17, 38, 24, 62, 24]",39.78341869918695
"[21, 21, 21, 47, 55, 42, 11, 24, 21, 67, 17, 38, 24, 62, 24]",44.30635636856369
"[21, 21, 21, 47, 55, 42, 11, 24, 21, 67, 17, 38, 24, 62, 24]",47.27020189701901
"[21, 21, 21, 47, 55, 42, 11, 24, 21, 67, 17, 38, 24, 62, 24]",55.17673441734425
"[21, 21, 21, 47, 55, 42, 11, 24, 21, 67, 17, 38, 24, 62, 24]",52.454685636856425
"[21, 21, 21, 47, 55, 42, 11, 24, 21, 67, 17, 38, 24, 62, 24]",52.645527100271025
"[21, 21, 21, 47, 55, 42, 11, 24, 21, 67, 17, 38, 24, 62, 24]",47.583052845528556
"[21, 21, 21, 47, 55, 42, 11, 24, 21, 67, 17, 38, 24, 62, 24]",42.55743495934961
"[21, 21, 21, 47, 55, 42, 11, 24, 21, 67, 17, 38, 24, 62, 24]",39.51821680216802
"[21, 21, 21, 47, 55, 42, 11, 24, 21, 67, 17, 38, 24, 62, 24]",45.00345663956635
"[21, 21, 21, 47, 55, 42, 11, 24, 21, 67, 17, 38, 24, 62, 24]",42.12568157181574
"[21, 21, 21, 47, 55, 42, 11, 24, 21, 67, 17, 38, 24, 62, 24]",48.779378048780565
"[21, 21, 21, 47, 55, 42, 11, 24, 21, 67, 17, 38, 24, 62, 24]",43.7145880758809
"[21, 21, 21, 47, 55, 42, 11, 24, 21, 67, 17, 38, 24, 62, 24]",39.43359756097563
"[21, 21, 21, 47, 55, 42, 11, 24, 21, 67, 17, 38, 24, 62, 24]",48.57779945799459
"[21, 21, 21, 47, 55, 42, 11, 24, 21, 67, 17, 38, 24, 62, 24]",34.713084010840085
"[21, 21, 21, 47, 55, 42, 11, 24, 21, 67, 17, 38, 24, 62, 24]",44.881277777777825
"[21, 21, 21, 47, 55, 42, 11, 24, 21, 67, 17, 38, 24, 62, 24]",44.572455284552866
"[21, 21, 21, 47, 55, 42, 11, 24, 21, 67, 17, 38, 24, 62, 24]",43.37284010840109
"[21, 21, 21, 47, 55, 42, 11, 24, 21, 67, 17, 38, 24, 62, 24]",47.708647696476966
"[21, 21, 21, 47, 55, 42, 11, 24, 21, 67, 17, 38, 24, 62, 24]",50.34095934959342
"[21, 21, 21, 47, 55, 42, 11, 24, 21, 67, 17, 38, 24, 62, 24]",39.91383468834684
"[21, 21, 21, 47, 55, 42, 11, 24, 21, 67, 17, 38, 24, 62, 24]",50.28957859078579
"[21, 21, 21, 47, 55, 42, 11, 24, 21, 67, 17, 38, 24, 62, 24]",37.78591056910574
"[21, 21, 21, 47, 55, 42, 11, 24, 21, 67, 17, 38, 24, 62, 24]",41.34958943089434
"[21, 21, 21, 47, 55, 42, 11, 24, 21, 67, 17, 38, 24, 62, 24]",44.1186124661247
"[21, 21, 21, 47, 55, 42, 11, 24, 21, 67, 17, 38, 24, 62, 24]",48.87599728997285
"[21, 21, 21, 47, 55, 42, 11, 24, 21, 67, 17, 38, 24, 62, 24]",44.052337398374036
"[21, 21, 21, 47, 55, 42, 11, 24, 21, 67, 17, 38, 24, 62, 24]",38.68246883468835
"[21, 21, 21, 47, 55, 42, 11, 24, 21, 67, 17, 38, 24, 62, 24]",50.88001761517618
"[21, 21, 21, 47, 55, 42, 11, 24, 21, 67, 17, 38, 24, 62, 24]",44.477231707317145
"[21, 21, 21, 47, 55, 42, 11, 24, 21, 67, 17, 38, 24, 62, 24]",55.85243766937665
"[21, 21, 21, 47, 55, 42, 11, 24, 21, 67, 17, 38, 24, 62, 24]",42.30666937669379
"[21, 21, 21, 47, 55, 42, 11, 24, 21, 67, 17, 38, 24, 62, 24]",52.49055284552851
"[21, 21, 21, 47, 55, 42, 11, 24, 21, 67, 17, 38, 24, 62, 24]",56.906711382113784
"[21, 21, 21, 47, 55, 42, 11, 24, 21, 67, 17, 38, 24, 62, 24]",52.71029268292679
"[21, 21, 21, 47, 55, 42, 11, 24, 21, 67, 17, 38, 24, 62, 24]",43.67876016260161
"[21, 21, 21, 47, 55, 42, 11, 24, 21, 67, 17, 38, 24, 62, 24]",43.50519105691059
"[21, 21, 21, 47, 55, 42, 11, 24, 21, 67, 17, 38, 24, 62, 24]",49.002964769647626
"[21, 21, 21, 47, 55, 42, 11, 24, 21, 67, 17, 38, 24, 62, 24]",53.69676016260159
"[21, 21, 21, 47, 55, 42, 11, 24, 21, 67, 17, 38, 24, 62, 24]",39.94542005420054
"[21, 21, 21, 47, 55, 42, 11, 24, 21, 67, 17, 38, 24, 62, 24]",54.91847154471537
"[21, 21, 21, 47, 55, 42, 11, 24, 21, 67, 17, 38, 24, 62, 24]",50.433285907859236
"[21, 21, 21, 47, 55, 42, 11, 24, 21, 67, 17, 38, 24, 62, 24]",52.67491598915989
"[21, 21, 21, 47, 55, 42, 11, 24, 21, 67, 17, 38, 24, 62, 24]",49.83062195121943
"[21, 21, 21, 47, 55, 42, 11, 24, 21, 67, 17, 38, 24, 62, 24]",40.344869918699146
"[21, 21, 21, 47, 55, 42, 11, 24, 21, 67, 17, 38, 24, 62, 24]",41.261489159891724
"[21, 21, 21, 47, 55, 42, 11, 24, 21, 67, 17, 38, 24, 62, 24]",46.504390243902435
"[21, 21, 21, 47, 55, 42, 11, 24, 21, 67, 17, 38, 24, 62, 24]",41.614336043360424
"[21, 21, 21, 47, 55, 42, 11, 24, 21, 67, 17, 38, 24, 62, 24]",47.79026693766931
"[21, 21, 21, 47, 55, 42, 11, 24, 21, 67, 17, 38, 24, 62, 24]",40.78103794037946
"[21, 21, 21, 47, 55, 42, 11, 24, 21, 67, 17, 38, 24, 62, 24]",49.39156097560971
"[21, 21, 21, 47, 55, 42, 11, 24, 21, 67, 17, 38, 24, 62, 24]",60.742963414634104
"[21, 21, 21, 47, 55, 42, 11, 24, 21, 67, 17, 38, 24, 62, 24]",40.32556504065041
"[21, 21, 21, 47, 55, 42, 11, 24, 21, 67, 17, 38, 24, 62, 24]",42.934094850948505
"[21, 21, 21, 47, 55, 42, 11, 24, 21, 67, 17, 38, 24, 62, 24]",46.255711382113944
"[21, 21, 21, 47, 55, 42, 11, 24, 21, 67, 17, 38, 24, 62, 24]",53.693813008130086
"[21, 21, 21, 47, 55, 42, 11, 24, 21, 67, 17, 38, 24, 62, 24]",44.4087655826558
"[21, 21, 21, 47, 55, 42, 11, 24, 21, 67, 17, 38, 24, 62, 24]",39.093922764227656
"[21, 21, 21, 47, 55, 42, 11, 24, 21, 67, 17, 38, 24, 62, 24]",49.93253658536573
"[21, 21, 21, 47, 55, 42, 11, 24, 21, 67, 17, 38, 24, 62, 24]",46.72230216802166
"[21, 21, 21, 47, 55, 42, 11, 24, 21, 67, 17, 38, 24, 62, 24]",43.45771815718158
"[21, 21, 21, 47, 55, 42, 11, 24, 21, 67, 17, 38, 24, 62, 24]",47.53681029810288
"[21, 21, 21, 47, 55, 42, 11, 24, 21, 67, 17, 38, 24, 62, 24]",50.081226287262886
"[21, 21, 21, 47, 55, 42, 11, 24, 21, 67, 17, 38, 24, 62, 24]",49.940289972899784
"[21, 21, 21, 47, 55, 42, 11, 24, 21, 67, 17, 38, 24, 62, 24]",41.402182926829305
"[21, 21, 21, 47, 55, 42, 11, 24, 21, 67, 17, 38, 24, 62, 24]",49.42984552845523
"[21, 21, 21, 47, 55, 42, 11, 24, 21, 67, 17, 38, 24, 62, 24]",39.562441734417305
"[21, 21, 21, 47, 55, 42, 11, 24, 21, 67, 17, 38, 24, 62, 24]",52.35638617886191
"[21, 21, 21, 47, 55, 42, 11, 24, 21, 67, 17, 38, 24, 62, 24]",41.770947154471564
"[21, 21, 21, 47, 55, 42, 11, 24, 21, 67, 17, 38, 24, 62, 24]",41.526482384823886
"[21, 21, 21, 47, 55, 42, 11, 24, 21, 67, 17, 38, 24, 62, 24]",50.24731029810297
"[21, 21, 21, 47, 55, 42, 11, 24, 21, 67, 17, 38, 24, 62, 24]",49.040319783197816
"[21, 21, 21, 47, 55, 42, 11, 24, 21, 67, 17, 38, 24, 62, 24]",42.24279132791332
"[21, 21, 21, 47, 55, 42, 11, 24, 21, 67, 17, 38, 24, 62, 24]",41.11349864498653
"[21, 21, 21, 47, 55, 42, 11, 24, 21, 67, 17, 38, 24, 62, 24]",58.990264227642264
"[21, 21, 21, 47, 55, 42, 11, 24, 21, 67, 17, 38, 24, 62, 24]",35.53956639566391
"[21, 21, 21, 47, 55, 42, 11, 24, 21, 67, 17, 38, 24, 62, 24]",42.635590785907894
"[21, 21, 21, 47, 55, 42, 11, 24, 21, 67, 17, 38, 24, 62, 24]",40.69648238482384
"[21, 21, 21, 47, 55, 42, 11, 24, 21, 67, 17, 38, 24, 62, 24]",49.37727913279144
"[21, 21, 21, 47, 55, 42, 11, 24, 21, 67, 17, 38, 24, 62, 24]",47.03138075880762
"[21, 21, 21, 47, 55, 42, 11, 24, 21, 67, 17, 38, 24, 62, 24]",39.140256097561014
"[21, 21, 21, 47, 55, 42, 11, 24, 21, 67, 17, 38, 24, 62, 24]",39.89297696476967
"[21, 21, 21, 47, 55, 42, 11, 24, 21, 67, 17, 38, 24, 62, 24]",47.17293902439024
"[21, 21, 21, 47, 55, 42, 11, 24, 21, 67, 17, 38, 24, 62, 24]",40.63612059620596
"[21, 21, 21, 47, 55, 42, 11, 24, 21, 67, 17, 38, 24, 62, 24]",42.46087669376693
"[21, 21, 21, 47, 55, 42, 11, 24, 21, 67, 17, 38, 24, 62, 24]",40.3158712737127
"[21, 21, 21, 47, 55, 42, 11, 24, 21, 67, 17, 38, 24, 62, 24]",40.18762872628721
"[21, 21, 21, 47, 55, 42, 11, 24, 21, 67, 17, 38, 24, 62, 24]",54.89749457994583
"[21, 21, 21, 47, 55, 42, 11, 24, 21, 67, 17, 38, 24, 62, 24]",46.45576016260162
"[21, 21, 21, 47, 55, 42, 11, 24, 21, 67, 17, 38, 24, 62, 24]",44.90473170731711
"[21, 21, 21, 47, 55, 42, 11, 24, 21, 67, 17, 38, 24, 62, 24]",51.70388617886184
"[21, 21, 21, 47, 55, 42, 11, 24, 21, 67, 17, 38, 24, 62, 24]",47.65513821138213
"[21, 21, 21, 47, 55, 42, 11, 24, 21, 67, 17, 38, 24, 62, 24]",47.40841598915988
"[21, 21, 21, 47, 55, 42, 11, 24, 21, 67, 17, 38, 24, 62, 24]",52.428325203252065
"[21, 21, 21, 47, 55, 42, 11, 24, 21, 67, 17, 38, 24, 62, 24]",36.50700813008124
"[21, 21, 21, 47, 55, 42, 11, 24, 21, 67, 17, 38, 24, 62, 24]",55.77980487804879
"[21, 21, 21, 47, 55, 42, 11, 24, 21, 67, 17, 38, 24, 62, 24]",52.55793089430892
"[21, 21, 21, 47, 55, 42, 11, 24, 21, 67, 17, 38, 24, 62, 24]",36.76126287262867
"[21, 21, 21, 47, 55, 42, 11, 24, 21, 67, 17, 38, 24, 62, 24]",48.648551490514826
"[21, 21, 21, 47, 55, 42, 11, 24, 21, 67, 17, 38, 24, 62, 24]",42.08176287262877
"[21, 21, 21, 47, 55, 42, 11, 24, 21, 67, 17, 38, 24, 62, 24]",40.964643631436296
"[21, 21, 21, 47, 55, 42, 11, 24, 21, 67, 17, 38, 24, 62, 24]",50.02667886178857
"[21, 21, 21, 47, 55, 42, 11, 24, 21, 67, 17, 38, 24, 62, 24]",38.97027100271007
"[21, 21, 21, 47, 55, 42, 11, 24, 21, 67, 17, 38, 24, 62, 24]",44.46899457994585
"[21, 21, 21, 47, 55, 42, 11, 24, 21, 67, 17, 38, 24, 62, 24]",41.0479593495935
"[21, 21, 21, 47, 55, 42, 11, 24, 21, 67, 17, 38, 24, 62, 24]",35.9980772357724
"[21, 21, 21, 47, 55, 42, 11, 24, 21, 67, 17, 38, 24, 62, 24]",39.5588075880759
"[21, 21, 21, 47, 55, 42, 11, 24, 21, 67, 17, 38, 24, 62, 24]",52.496817073170746
"[21, 21, 21, 47, 55, 42, 11, 24, 21, 67, 17, 38, 24, 62, 24]",46.205254742547396
"[21, 21, 21, 47, 55, 42, 11, 24, 21, 67, 17, 38, 24, 62, 24]",38.3114349593496
"[21, 21, 21, 47, 55, 42, 11, 24, 21, 67, 17, 38, 24, 62, 24]",50.022819783197725
"[21, 21, 21, 47, 55, 42, 11, 24, 21, 67, 17, 38, 24, 62, 24]",42.825615176151686
"[21, 21, 21, 47, 55, 42, 11, 24, 21, 67, 17, 38, 24, 62, 24]",41.79839430894306
"[21, 21, 21, 47, 55, 42, 11, 24, 21, 67, 17, 38, 24, 62, 24]",41.68387533875337
"[21, 21, 21, 47, 55, 42, 11, 24, 21, 67, 17, 38, 24, 62, 24]",52.39702981029811
"[21, 21, 21, 47, 55, 42, 11, 24, 21, 67, 17, 38, 24, 62, 24]",43.80046612466124
"[21, 21, 21, 47, 55, 42, 11, 24, 21, 67, 17, 38, 24, 62, 24]",47.02364634146337
"[21, 21, 21, 47, 55, 42, 11, 24, 21, 67, 17, 38, 24, 62, 24]",49.31624525745247
"[21, 21, 21, 47, 55, 42, 11, 24, 21, 67, 17, 38, 24, 62, 24]",47.93230894308951
"[21, 21, 21, 47, 55, 42, 11, 24, 21, 67, 17, 38, 24, 62, 24]",48.50953523035238
"[21, 21, 21, 47, 55, 42, 11, 24, 21, 67, 17, 38, 24, 62, 24]",46.97866937669376
"[21, 21, 21, 47, 55, 42, 11, 24, 21, 67, 17, 38, 24, 62, 24]",59.321121951219574
"[21, 21, 21, 47, 55, 42, 11, 24, 21, 67, 17, 38, 24, 62, 24]",54.07894444444441
"[21, 21, 21, 47, 55, 42, 11, 24, 21, 67, 17, 38, 24, 62, 24]",47.08773577235768
"[21, 21, 21, 47, 55, 42, 11, 24, 21, 67, 17, 38, 24, 62, 24]",39.361710027100244
"[21, 21, 21, 47, 55, 42, 11, 24, 21, 67, 17, 38, 24, 62, 24]",34.20396476964768
"[21, 21, 21, 47, 55, 42, 11, 24, 21, 67, 17, 38, 24, 62, 24]",46.924308943089414
"[21, 21, 21, 47, 55, 42, 11, 24, 21, 67, 17, 38, 24, 62, 24]",39.18963143631435
"[21, 21, 21, 47, 55, 42, 11, 24, 21, 67, 17, 38, 24, 62, 24]",37.31700135501357
"[21, 21, 21, 47, 55, 42, 11, 24, 21, 67, 17, 38, 24, 62, 24]",55.85542818428181
"[21, 21, 21, 47, 55, 42, 11, 24, 21, 67, 17, 38, 24, 62, 24]",48.59211111111103
"[21, 21, 21, 47, 55, 42, 11, 24, 21, 67, 17, 38, 24, 62, 24]",52.149887533875315
"[21, 21, 21, 47, 55, 42, 11, 24, 21, 67, 17, 38, 24, 62, 24]",42.52085230352295
"[21, 21, 21, 47, 55, 42, 11, 24, 21, 67, 17, 38, 24, 62, 24]",46.70452168021686
"[21, 21, 21, 47, 55, 42, 11, 24, 21, 67, 17, 38, 24, 62, 24]",41.640211382113854
"[21, 21, 21, 47, 55, 42, 11, 24, 21, 67, 17, 38, 24, 62, 24]",51.22653252032512
"[21, 21, 21, 47, 55, 42, 11, 24, 21, 67, 17, 38, 24, 62, 24]",55.733447154471534
"[21, 21, 21, 47, 55, 42, 11, 24, 21, 67, 17, 38, 24, 62, 24]",50.464552845528516
"[21, 21, 21, 47, 55, 42, 11, 24, 21, 67, 17, 38, 24, 62, 24]",39.855086720867206
"[21, 21, 21, 47, 55, 42, 11, 24, 21, 67, 17, 38, 24, 62, 24]",56.29047289972897
"[21, 21, 21, 47, 55, 42, 11, 24, 21, 67, 17, 38, 24, 62, 24]",45.71466395663955
"[21, 21, 21, 47, 55, 42, 11, 24, 21, 67, 17, 38, 24, 62, 24]",41.743604336043376
"[21, 21, 21, 47, 55, 42, 11, 24, 21, 67, 17, 38, 24, 62, 24]",44.35076829268291
"[21, 21, 21, 47, 55, 42, 11, 24, 21, 67, 17, 38, 24, 62, 24]",52.680490514905166
"[21, 21, 21, 47, 55, 42, 11, 24, 21, 67, 17, 38, 24, 62, 24]",42.22715176151754
"[21, 21, 21, 47, 55, 42, 11, 24, 21, 67, 17, 38, 24, 62, 24]",42.939634146341476
"[21, 21, 21, 47, 55, 42, 11, 24, 21, 67, 17, 38, 24, 62, 24]",48.93370460704605
"[21, 21, 21, 47, 55, 42, 11, 24, 21, 67, 17, 38, 24, 62, 24]",52.428700542005416
"[21, 21, 21, 47, 55, 42, 11, 24, 21, 67, 17, 38, 24, 62, 24]",48.45403929539297
"[21, 21, 21, 47, 55, 42, 11, 24, 21, 67, 17, 38, 24, 62, 24]",40.938707317073174
"[21, 21, 21, 47, 55, 42, 11, 24, 21, 67, 17, 38, 24, 62, 24]",55.32139701897019
"[21, 21, 21, 47, 55, 42, 11, 24, 21, 67, 17, 38, 24, 62, 24]",41.21932926829266
"[21, 21, 21, 47, 55, 42, 11, 24, 21, 67, 17, 38, 24, 62, 24]",37.64641734417342
"[21, 21, 21, 47, 55, 42, 11, 24, 21, 67, 17, 38, 24, 62, 24]",49.17389159891599
"[21, 21, 21, 47, 55, 42, 11, 24, 21, 67, 17, 38, 24, 62, 24]",50.59321002710029
"[21, 21, 21, 47, 55, 42, 11, 24, 21, 67, 17, 38, 24, 62, 24]",47.02748780487803
"[21, 21, 21, 47, 55, 42, 11, 24, 21, 67, 17, 38, 24, 62, 24]",35.48297018970193
"[21, 21, 21, 47, 55, 42, 11, 24, 21, 67, 17, 38, 24, 62, 24]",46.94533062330625
"[21, 21, 21, 47, 55, 42, 11, 24, 21, 67, 17, 38, 24, 62, 24]",42.525421409214
"[21, 21, 21, 47, 55, 42, 11, 24, 21, 67, 17, 38, 24, 62, 24]",35.847440379403835
"[21, 21, 21, 47, 55, 42, 11, 24, 21, 67, 17, 38, 24, 62, 24]",42.11048915989161
"[21, 21, 21, 47, 55, 42, 11, 24, 21, 67, 17, 38, 24, 62, 24]",48.10993360433607
"[21, 21, 21, 47, 55, 42, 11, 24, 21, 67, 17, 38, 24, 62, 24]",40.65998915989168
"[21, 21, 21, 47, 55, 42, 11, 24, 21, 67, 17, 38, 24, 62, 24]",57.48758265582662
"[21, 21, 21, 47, 55, 42, 11, 24, 21, 67, 17, 38, 24, 62, 24]",48.08213279132794
"[21, 21, 21, 47, 55, 42, 11, 24, 21, 67, 17, 38, 24, 62, 24]",46.17864634146338
"[21, 21, 21, 47, 55, 42, 11, 24, 21, 67, 17, 38, 24, 62, 24]",48.34350542005424
"[21, 21, 21, 47, 55, 42, 11, 24, 21, 67, 17, 38, 24, 62, 24]",40.324903794037915
"[21, 21, 21, 47, 55, 42, 11, 24, 21, 67, 17, 38, 24, 62, 24]",51.04052439024376
"[21, 21, 21, 47, 55, 42, 11, 24, 21, 67, 17, 38, 24, 62, 24]",49.00692140921405
"[21, 21, 21, 47, 55, 42, 11, 24, 21, 67, 17, 38, 24, 62, 24]",48.73847560975614
"[21, 21, 21, 47, 55, 42, 11, 24, 21, 67, 17, 38, 24, 62, 24]",39.69705691056904
"[21, 21, 21, 47, 55, 42, 11, 24, 21, 67, 17, 38, 24, 62, 24]",49.66470596205956
"[21, 21, 21, 47, 55, 42, 11, 24, 21, 67, 17, 38, 24, 62, 24]",45.618864498645074
"[21, 21, 21, 47, 55, 42, 11, 24, 21, 67, 17, 38, 24, 62, 24]",41.1814796747968
"[21, 21, 21, 47, 55, 42, 11, 24, 21, 67, 17, 38, 24, 62, 24]",46.721482384823894
"[21, 21, 21, 47, 55, 42, 11, 24, 21, 67, 17, 38, 24, 62, 24]",56.37186449864505
"[21, 21, 21, 47, 55, 42, 11, 24, 21, 67, 17, 38, 24, 62, 24]",48.69533468834688
"[21, 21, 21, 47, 55, 42, 11, 24, 21, 67, 17, 38, 24, 62, 24]",40.59976693766935
"[21, 21, 21, 47, 55, 42, 11, 24, 21, 67, 17, 38, 24, 62, 24]",47.29897289972897
"[21, 21, 21, 47, 55, 42, 11, 24, 21, 67, 17, 38, 24, 62, 24]",44.71269512195127
"[21, 21, 21, 47, 55, 42, 11, 24, 21, 67, 17, 38, 24, 62, 24]",40.26398915989169
"[21, 21, 21, 47, 55, 42, 11, 24, 21, 67, 17, 38, 24, 62, 24]",42.18089295392959
"[21, 21, 21, 47, 55, 42, 11, 24, 21, 67, 17, 38, 24, 62, 24]",52.182570460704596
"[21, 21, 21, 47, 55, 42, 11, 24, 21, 67, 17, 38, 24, 62, 24]",42.92096341463413
"[21, 21, 21, 47, 55, 42, 11, 24, 21, 67, 17, 38, 24, 62, 24]",53.94127777777774
"[21, 21, 21, 47, 55, 42, 11, 24, 21, 67, 17, 38, 24, 62, 24]",44.89313008130088
"[21, 21, 21, 47, 55, 42, 11, 24, 21, 67, 17, 38, 24, 62, 24]",37.706704607046106
"[21, 21, 21, 47, 55, 42, 11, 24, 21, 67, 17, 38, 24, 62, 24]",46.53710840108402
"[21, 21, 21, 47, 55, 42, 11, 24, 21, 67, 17, 38, 24, 62, 24]",51.494609756097596
"[21, 21, 21, 47, 55, 42, 11, 24, 21, 67, 17, 38, 24, 62, 24]",48.274081300813044
"[21, 21, 21, 47, 55, 42, 11, 24, 21, 67, 17, 38, 24, 62, 24]",50.25863821138201
"[21, 21, 21, 47, 55, 42, 11, 24, 21, 67, 17, 38, 24, 62, 24]",44.875514905149046
"[21, 21, 21, 47, 55, 42, 11, 24, 21, 67, 17, 38, 24, 62, 24]",46.70914092140918
"[21, 21, 21, 47, 55, 42, 11, 24, 21, 67, 17, 38, 24, 62, 24]",47.604039295392994
"[21, 21, 21, 47, 55, 42, 11, 24, 21, 67, 17, 38, 24, 62, 24]",43.84517208672093
"[21, 21, 21, 47, 55, 42, 11, 24, 21, 67, 17, 38, 24, 62, 24]",43.89910162601633
"[21, 21, 21, 47, 55, 42, 11, 24, 21, 67, 17, 38, 24, 62, 24]",41.79794986449861
"[21, 21, 21, 47, 55, 42, 11, 24, 21, 67, 17, 38, 24, 62, 24]",51.04901490514908
"[21, 21, 21, 47, 55, 42, 11, 24, 21, 67, 17, 38, 24, 62, 24]",38.98600406504072
"[21, 21, 21, 47, 55, 42, 11, 24, 21, 67, 17, 38, 24, 62, 24]",45.90849593495942
"[21, 21, 21, 47, 55, 42, 11, 24, 21, 67, 17, 38, 24, 62, 24]",53.87600406504065
"[21, 21, 21, 47, 55, 42, 11, 24, 21, 67, 17, 38, 24, 62, 24]",49.75257723577236
"[21, 21, 21, 47, 55, 42, 11, 24, 21, 67, 17, 38, 24, 62, 24]",43.43128861788616
"[21, 21, 21, 47, 55, 42, 11, 24, 21, 67, 17, 38, 24, 62, 24]",42.251418699187106
"[21, 21, 21, 47, 55, 42, 11, 24, 21, 67, 17, 38, 24, 62, 24]",59.534200542005344
"[21, 21, 21, 47, 55, 42, 11, 24, 21, 67, 17, 38, 24, 62, 24]",50.47518021680222
"[21, 21, 21, 47, 55, 42, 11, 24, 21, 67, 17, 38, 24, 62, 24]",50.708617886178786
"[21, 21, 21, 47, 55, 42, 11, 24, 21, 67, 17, 38, 24, 62, 24]",51.73479403794037
"[21, 21, 21, 47, 55, 42, 11, 24, 21, 67, 17, 38, 24, 62, 24]",36.48268157181572
"[21, 21, 21, 47, 55, 42, 11, 24, 21, 67, 17, 38, 24, 62, 24]",52.34879810298092
"[21, 21, 21, 47, 55, 42, 11, 24, 21, 67, 17, 38, 24, 62, 24]",37.87848915989161
"[21, 21, 21, 47, 55, 42, 11, 24, 21, 67, 17, 38, 24, 62, 24]",44.39927371273714
"[21, 21, 21, 47, 55, 42, 11, 24, 21, 67, 17, 38, 24, 62, 24]",47.924930894308986
"[21, 21, 21, 47, 55, 42, 11, 24, 21, 67, 17, 38, 24, 62, 24]",47.664922764227576
"[21, 21, 21, 47, 55, 42, 11, 24, 21, 67, 17, 38, 24, 62, 24]",41.057535230352336
"[21, 21, 21, 47, 55, 42, 11, 24, 21, 67, 17, 38, 24, 62, 24]",43.350055555555514
"[21, 21, 21, 47, 55, 42, 11, 24, 21, 67, 17, 38, 24, 62, 24]",45.69235772357728
"[21, 21, 21, 47, 55, 42, 11, 24, 21, 67, 17, 38, 24, 62, 24]",47.79766124661248
"[21, 21, 21, 47, 55, 42, 11, 24, 21, 67, 17, 38, 24, 62, 24]",39.53704471544724
"[21, 21, 21, 47, 55, 42, 11, 24, 21, 67, 17, 38, 24, 62, 24]",46.064999999999856
"[21, 21, 21, 47, 55, 42, 11, 24, 21, 67, 17, 38, 24, 62, 24]",44.59465718157179
"[21, 21, 21, 47, 55, 42, 11, 24, 21, 67, 17, 38, 24, 62, 24]",47.548170731707366
"[21, 21, 21, 47, 55, 42, 11, 24, 21, 67, 17, 38, 24, 62, 24]",46.526230352303536
"[21, 21, 21, 47, 55, 42, 11, 24, 21, 67, 17, 38, 24, 62, 24]",37.78929945799465
"[21, 21, 21, 47, 55, 42, 11, 24, 21, 67, 17, 38, 24, 62, 24]",56.2645582655825
"[21, 21, 21, 47, 55, 42, 11, 24, 21, 67, 17, 38, 24, 62, 24]",39.67644715447155
"[21, 21, 21, 47, 55, 42, 11, 24, 21, 67, 17, 38, 24, 62, 24]",48.44639024390242
"[21, 21, 21, 47, 55, 42, 11, 24, 21, 67, 17, 38, 24, 62, 24]",43.461528455284665
"[21, 21, 21, 47, 55, 42, 11, 24, 21, 67, 17, 38, 24, 62, 24]",53.34421951219512
"[21, 21, 21, 47, 55, 42, 11, 24, 21, 67, 17, 38, 24, 62, 24]",37.88936178861784
"[21, 21, 21, 47, 55, 42, 11, 24, 21, 67, 17, 38, 24, 62, 24]",48.609386178861804
"[21, 21, 21, 47, 55, 42, 11, 24, 21, 67, 17, 38, 24, 62, 24]",50.79384281842825
"[21, 21, 21, 47, 55, 42, 11, 24, 21, 67, 17, 38, 24, 62, 24]",40.39655826558266
"[21, 21, 21, 47, 55, 42, 11, 24, 21, 67, 17, 38, 24, 62, 24]",42.58922222222228
"[21, 21, 21, 47, 55, 42, 11, 24, 21, 67, 17, 38, 24, 62, 24]",43.892228997289955
"[21, 21, 21, 47, 55, 42, 11, 24, 21, 67, 17, 38, 24, 62, 24]",48.88465176151765
"[21, 21, 21, 47, 55, 42, 11, 24, 21, 67, 17, 38, 24, 62, 24]",43.89834823848238
"[21, 21, 21, 47, 55, 42, 11, 24, 21, 67, 17, 38, 24, 62, 24]",51.83147831978323
"[21, 21, 21, 47, 55, 42, 11, 24, 21, 67, 17, 38, 24, 62, 24]",40.794313008130054
"[21, 21, 21, 47, 55, 42, 11, 24, 21, 67, 17, 38, 24, 62, 24]",46.79290243902443
"[21, 21, 21, 47, 55, 42, 11, 24, 21, 67, 17, 38, 24, 62, 24]",52.717616531165255
"[21, 21, 21, 47, 55, 42, 11, 24, 21, 67, 17, 38, 24, 62, 24]",39.63524254742539
"[21, 21, 21, 47, 55, 42, 11, 24, 21, 67, 17, 38, 24, 62, 24]",47.14474254742542
"[21, 21, 21, 47, 55, 42, 11, 24, 21, 67, 17, 38, 24, 62, 24]",49.34282520325205
"[21, 21, 21, 47, 55, 42, 11, 24, 21, 67, 17, 38, 24, 62, 24]",52.99492818428171
"[21, 21, 21, 47, 55, 42, 11, 24, 21, 67, 17, 38, 24, 62, 24]",53.169002710027094
"[21, 21, 21, 47, 55, 42, 11, 24, 21, 67, 17, 38, 24, 62, 24]",38.27521002710021
"[21, 21, 21, 47, 55, 42, 11, 24, 21, 67, 17, 38, 24, 62, 24]",52.238818428184246
"[21, 21, 21, 47, 55, 42, 11, 24, 21, 67, 17, 38, 24, 62, 24]",48.59136178861789
"[21, 21, 21, 47, 55, 42, 11, 24, 21, 67, 17, 38, 24, 62, 24]",45.03972086720863
"[21, 21, 21, 47, 55, 42, 11, 24, 21, 67, 17, 38, 24, 62, 24]",43.88252710027101
"[21, 21, 21, 47, 55, 42, 11, 24, 21, 67, 17, 38, 24, 62, 24]",41.67168563685628
"[21, 21, 21, 47, 55, 42, 11, 24, 21, 67, 17, 38, 24, 62, 24]",42.272605691056974
"[21, 21, 21, 47, 55, 42, 11, 24, 21, 67, 17, 38, 24, 62, 24]",41.36830894308939
"[21, 21, 21, 47, 55, 42, 11, 24, 21, 67, 17, 38, 24, 62, 24]",46.843462059620585
"[21, 21, 21, 47, 55, 42, 11, 24, 21, 67, 17, 38, 24, 62, 24]",45.485978319783214
"[21, 21, 21, 47, 55, 42, 11, 24, 21, 67, 17, 38, 24, 62, 24]",46.24566124661243
"[21, 21, 21, 47, 55, 42, 11, 24, 21, 67, 17, 38, 24, 62, 24]",52.386081300812926
"[21, 21, 21, 47, 55, 42, 11, 24, 21, 67, 17, 38, 24, 62, 24]",50.351439024390224
"[21, 21, 21, 47, 55, 42, 11, 24, 21, 67, 17, 38, 24, 62, 24]",42.001448509485094
"[21, 21, 21, 47, 55, 42, 11, 24, 21, 67, 17, 38, 24, 62, 24]",49.63785501355022
"[21, 21, 21, 47, 55, 42, 11, 24, 21, 67, 17, 38, 24, 62, 24]",43.44248644986444
"[21, 21, 21, 47, 55, 42, 11, 24, 21, 67, 17, 38, 24, 62, 24]",38.20876016260163
"[21, 21, 21, 47, 55, 42, 11, 24, 21, 67, 17, 38, 24, 62, 24]",45.858147696476955
"[21, 21, 21, 47, 55, 42, 11, 24, 21, 67, 17, 38, 24, 62, 24]",49.98384281842813
"[21, 21, 21, 47, 55, 42, 11, 24, 21, 67, 17, 38, 24, 62, 24]",37.669245257452516
"[21, 21, 21, 47, 55, 42, 11, 24, 21, 67, 17, 38, 24, 62, 24]",48.67877777777782
"[21, 21, 21, 47, 55, 42, 11, 24, 21, 67, 17, 38, 24, 62, 24]",50.25930758807578
"[21, 21, 21, 47, 55, 42, 11, 24, 21, 67, 17, 38, 24, 62, 24]",55.83559078590779
"[21, 21, 21, 47, 55, 42, 11, 24, 21, 67, 17, 38, 24, 62, 24]",46.725418699187
"[21, 21, 21, 47, 55, 42, 11, 24, 21, 67, 17, 38, 24, 62, 24]",38.02753116531159
"[21, 21, 21, 47, 55, 42, 11, 24, 21, 67, 17, 38, 24, 62, 24]",50.017704607046035
"[21, 21, 21, 47, 55, 42, 11, 24, 21, 67, 17, 38, 24, 62, 24]",55.001054200541994
"[21, 21, 21, 47, 55, 42, 11, 24, 21, 67, 17, 38, 24, 62, 24]",48.32580216802168
"[21, 21, 21, 47, 55, 42, 11, 24, 21, 67, 17, 38, 24, 62, 24]",37.64944444444454
"[21, 21, 21, 47, 55, 42, 11, 24, 21, 67, 17, 38, 24, 62, 24]",40.17550406504062
"[21, 21, 21, 47, 55, 42, 11, 24, 21, 67, 17, 38, 24, 62, 24]",42.41813414634147
"[21, 21, 21, 47, 55, 42, 11, 24, 21, 67, 17, 38, 24, 62, 24]",40.569249322493135
"[21, 21, 21, 47, 55, 42, 11, 24, 21, 67, 17, 38, 24, 62, 24]",51.56645121951217
"[21, 21, 21, 47, 55, 42, 11, 24, 21, 67, 17, 38, 24, 62, 24]",42.913115176151706
"[21, 21, 21, 47, 55, 42, 11, 24, 21, 67, 17, 38, 24, 62, 24]",51.167705962059735
"[21, 21, 21, 47, 55, 42, 11, 24, 21, 67, 17, 38, 24, 62, 24]",49.56401219512192
"[21, 21, 21, 47, 55, 42, 11, 24, 21, 67, 17, 38, 24, 62, 24]",46.2634349593496
"[21, 21, 21, 47, 55, 42, 11, 24, 21, 67, 17, 38, 24, 62, 24]",45.282052845528455
"[21, 21, 21, 47, 55, 42, 11, 24, 21, 67, 17, 38, 24, 62, 24]",43.04120325203253
"[21, 21, 21, 47, 55, 42, 11, 24, 21, 67, 17, 38, 24, 62, 24]",51.51141463414633
"[21, 21, 21, 47, 55, 42, 11, 24, 21, 67, 17, 38, 24, 62, 24]",42.22457046070461
"[21, 21, 21, 47, 55, 42, 11, 24, 21, 67, 17, 38, 24, 62, 24]",52.69453794037944
"[21, 21, 21, 47, 55, 42, 11, 24, 21, 67, 17, 38, 24, 62, 24]",48.63045799457989
"[21, 21, 21, 47, 55, 42, 11, 24, 21, 67, 17, 38, 24, 62, 24]",37.94788211382109
"[21, 21, 21, 47, 55, 42, 11, 24, 21, 67, 17, 38, 24, 62, 24]",36.95748509485095
"[21, 21, 21, 47, 55, 42, 11, 24, 21, 67, 17, 38, 24, 62, 24]",44.65850813008129
"[21, 21, 21, 47, 55, 42, 11, 24, 21, 67, 17, 38, 24, 62, 24]",49.06588211382121
"[21, 21, 21, 47, 55, 42, 11, 24, 21, 67, 17, 38, 24, 62, 24]",52.514651761517634
"[21, 21, 21, 47, 55, 42, 11, 24, 21, 67, 17, 38, 24, 62, 24]",53.64169512195136
"[21, 21, 21, 47, 55, 42, 11, 24, 21, 67, 17, 38, 24, 62, 24]",46.16361924119239
"[21, 21, 21, 47, 55, 42, 11, 24, 21, 67, 17, 38, 24, 62, 24]",41.445631436314336
"[21, 21, 21, 47, 55, 42, 11, 24, 21, 67, 17, 38, 24, 62, 24]",46.490375338753346
"[21, 21, 21, 47, 55, 42, 11, 24, 21, 67, 17, 38, 24, 62, 24]",51.95172628726272
"[21, 21, 21, 47, 55, 42, 11, 24, 21, 67, 17, 38, 24, 62, 24]",53.89549593495928
"[21, 21, 21, 47, 55, 42, 11, 24, 21, 67, 17, 38, 24, 62, 24]",37.910556910569085
"[21, 21, 21, 47, 55, 42, 11, 24, 21, 67, 17, 38, 24, 62, 24]",54.75702574525753
"[21, 21, 21, 47, 55, 42, 11, 24, 21, 67, 17, 38, 24, 62, 24]",43.72963550135511
"[21, 21, 21, 47, 55, 42, 11, 24, 21, 67, 17, 38, 24, 62, 24]",46.32115718157189
"[21, 21, 21, 47, 55, 42, 11, 24, 21, 67, 17, 38, 24, 62, 24]",43.209672086720836
"[21, 21, 21, 47, 55, 42, 11, 24, 21, 67, 17, 38, 24, 62, 24]",44.2545054200542
"[21, 21, 21, 47, 55, 42, 11, 24, 21, 67, 17, 38, 24, 62, 24]",43.50246205962068
"[21, 21, 21, 47, 55, 42, 11, 24, 21, 67, 17, 38, 24, 62, 24]",47.105433604336014
"[21, 21, 21, 47, 55, 42, 11, 24, 21, 67, 17, 38, 24, 62, 24]",40.810914634146414
"[21, 21, 21, 47, 55, 42, 11, 24, 21, 67, 17, 38, 24, 62, 24]",45.83030758807587
"[21, 21, 21, 47, 55, 42, 11, 24, 21, 67, 17, 38, 24, 62, 24]",46.37638346883472
"[21, 21, 21, 47, 55, 42, 11, 24, 21, 67, 17, 38, 24, 62, 24]",37.87247154471544
"[21, 21, 21, 47, 55, 42, 11, 24, 21, 67, 17, 38, 24, 62, 24]",39.584455284552895
"[21, 21, 21, 47, 55, 42, 11, 24, 21, 67, 17, 38, 24, 62, 24]",46.05873712737125
"[21, 21, 21, 47, 55, 42, 11, 24, 21, 67, 17, 38, 24, 62, 24]",39.192951219512196
"[21, 21, 21, 47, 55, 42, 11, 24, 21, 67, 17, 38, 24, 62, 24]",45.726231707317034
"[21, 21, 21, 47, 55, 42, 11, 24, 21, 67, 17, 38, 24, 62, 24]",51.490188346883464
"[21, 21, 21, 47, 55, 42, 11, 24, 21, 67, 17, 38, 24, 62, 24]",38.35055013550136
"[21, 21, 21, 47, 55, 42, 11, 24, 21, 67, 17, 38, 24, 62, 24]",41.12725474254747
"[21, 21, 21, 47, 55, 42, 11, 24, 21, 67, 17, 38, 24, 62, 24]",35.48561788617886
"[21, 21, 21, 47, 55, 42, 11, 24, 21, 67, 17, 38, 24, 62, 24]",40.53347289972897
"[21, 21, 21, 47, 55, 42, 11, 24, 21, 67, 17, 38, 24, 62, 24]",52.085120596205826
"[21, 21, 21, 47, 55, 42, 11, 24, 21, 67, 17, 38, 24, 62, 24]",54.63700677506782
"[21, 21, 21, 47, 55, 42, 11, 24, 21, 67, 17, 38, 24, 62, 24]",36.16371544715446
"[21, 21, 21, 47, 55, 42, 11, 24, 21, 67, 17, 38, 24, 62, 24]",42.36162737127373
"[21, 21, 21, 47, 55, 42, 11, 24, 21, 67, 17, 38, 24, 62, 24]",49.063387533875314
"[21, 21, 21, 47, 55, 42, 11, 24, 21, 67, 17, 38, 24, 62, 24]",49.72739430894317
"[21, 21, 21, 47, 55, 42, 11, 24, 21, 67, 17, 38, 24, 62, 24]",45.45451355013546
"[21, 21, 21, 47, 55, 42, 11, 24, 21, 67, 17, 38, 24, 62, 24]",48.811273712737155
"[21, 21, 21, 47, 55, 42, 11, 24, 21, 67, 17, 38, 24, 62, 24]",42.149304878048774
"[21, 21, 21, 47, 55, 42, 11, 24, 21, 67, 17, 38, 24, 62, 24]",40.37963956639566
"[21, 21, 21, 47, 55, 42, 11, 24, 21, 67, 17, 38, 24, 62, 24]",50.96381707317081
"[21, 21, 21, 47, 55, 42, 11, 24, 21, 67, 17, 38, 24, 62, 24]",49.16562872628733
"[21, 21, 21, 47, 55, 42, 11, 24, 21, 67, 17, 38, 24, 62, 24]",46.303913279132914
"[21, 21, 21, 47, 55, 42, 11, 24, 21, 67, 17, 38, 24, 62, 24]",39.77825203252036
"[21, 21, 21, 47, 55, 42, 11, 24, 21, 67, 17, 38, 24, 62, 24]",39.320311653116576
"[21, 21, 21, 47, 55, 42, 11, 24, 21, 67, 17, 38, 24, 62, 24]",54.01062059620596
"[21, 21, 21, 47, 55, 42, 11, 24, 21, 67, 17, 38, 24, 62, 24]",36.98126693766935
"[21, 21, 21, 47, 55, 42, 11, 24, 21, 67, 17, 38, 24, 62, 24]",45.21428184281838
"[21, 21, 21, 47, 55, 42, 11, 24, 21, 67, 17, 38, 24, 62, 24]",48.86921138211386
"[21, 21, 21, 47, 55, 42, 11, 24, 21, 67, 17, 38, 24, 62, 24]",49.86682655826557
"[21, 21, 21, 47, 55, 42, 11, 24, 21, 67, 17, 38, 24, 62, 24]",57.96056910569105
"[21, 21, 21, 47, 55, 42, 11, 24, 21, 67, 17, 38, 24, 62, 24]",37.72989295392954
"[21, 21, 21, 47, 55, 42, 11, 24, 21, 67, 17, 38, 24, 62, 24]",36.736260162601646
"[21, 21, 21, 47, 55, 42, 11, 24, 21, 67, 17, 38, 24, 62, 24]",49.90371409214094
"[21, 21, 21, 47, 55, 42, 11, 24, 21, 67, 17, 38, 24, 62, 24]",43.96027642276418
"[21, 21, 21, 47, 55, 42, 11, 24, 21, 67, 17, 38, 24, 62, 24]",41.04760298102976
"[21, 21, 21, 47, 55, 42, 11, 24, 21, 67, 17, 38, 24, 62, 24]",36.67651219512194
"[21, 21, 21, 47, 55, 42, 11, 24, 21, 67, 17, 38, 24, 62, 24]",50.70434281842824
"[21, 21, 21, 47, 55, 42, 11, 24, 21, 67, 17, 38, 24, 62, 24]",53.465200542005455
"[21, 21, 21, 47, 55, 42, 11, 24, 21, 67, 17, 38, 24, 62, 24]",53.61989295392944
"[21, 21, 21, 47, 55, 42, 11, 24, 21, 67, 17, 38, 24, 62, 24]",53.55416395663952
"[21, 21, 21, 47, 55, 42, 11, 24, 21, 67, 17, 38, 24, 62, 24]",44.46852439024389
"[21, 21, 21, 47, 55, 42, 11, 24, 21, 67, 17, 38, 24, 62, 24]",36.994060975609784
"[21, 21, 21, 47, 55, 42, 11, 24, 21, 67, 17, 38, 24, 62, 24]",52.64565853658536
"[21, 21, 21, 47, 55, 42, 11, 24, 21, 67, 17, 38, 24, 62, 24]",46.85436585365859
"[21, 21, 21, 47, 55, 42, 11, 24, 21, 67, 17, 38, 24, 62, 24]",40.20457317073171
"[21, 21, 21, 47, 55, 42, 11, 24, 21, 67, 17, 38, 24, 62, 24]",47.87460433604335
"[21, 21, 21, 47, 55, 42, 11, 24, 21, 67, 17, 38, 24, 62, 24]",51.19596883468831
"[21, 21, 21, 47, 55, 42, 11, 24, 21, 67, 17, 38, 24, 62, 24]",46.459791327913265
"[21, 21, 21, 47, 55, 42, 11, 24, 21, 67, 17, 38, 24, 62, 24]",34.54749322493231
"[21, 21, 21, 47, 55, 42, 11, 24, 21, 67, 17, 38, 24, 62, 24]",46.74328184281849
"[21, 21, 21, 47, 55, 42, 11, 24, 21, 67, 17, 38, 24, 62, 24]",52.73704471544722
"[21, 21, 21, 47, 55, 42, 11, 24, 21, 67, 17, 38, 24, 62, 24]",49.398686991869944
"[21, 21, 21, 47, 55, 42, 11, 24, 21, 67, 17, 38, 24, 62, 24]",46.18570731707317
"[21, 21, 21, 47, 55, 42, 11, 24, 21, 67, 17, 38, 24, 62, 24]",34.83744579945794
"[21, 21, 21, 47, 55, 42, 11, 24, 21, 67, 17, 38, 24, 62, 24]",39.43786314363145
"[21, 21, 21, 47, 55, 42, 11, 24, 21, 67, 17, 38, 24, 62, 24]",49.00808807588076
"[21, 21, 21, 47, 55, 42, 11, 24, 21, 67, 17, 38, 24, 62, 24]",46.21721951219515
"[21, 21, 21, 47, 55, 42, 11, 24, 21, 67, 17, 38, 24, 62, 24]",49.39462330623307
"[21, 21, 21, 47, 55, 42, 11, 24, 21, 67, 17, 38, 24, 62, 24]",54.66068970189702
"[21, 21, 21, 47, 55, 42, 11, 24, 21, 67, 17, 38, 24, 62, 24]",52.8676436314363
"[21, 21, 21, 47, 55, 42, 11, 24, 21, 67, 17, 38, 24, 62, 24]",36.92680487804875
"[21, 21, 21, 47, 55, 42, 11, 24, 21, 67, 17, 38, 24, 62, 24]",55.391989159891644
"[21, 21, 21, 47, 55, 42, 11, 24, 21, 67, 17, 38, 24, 62, 24]",54.12696070460703
"[21, 21, 21, 47, 55, 42, 11, 24, 21, 67, 17, 38, 24, 62, 24]",48.49741734417348
"[21, 21, 21, 47, 55, 42, 11, 24, 21, 67, 17, 38, 24, 62, 24]",47.11979268292679
"[21, 21, 21, 47, 55, 42, 11, 24, 21, 67, 17, 38, 24, 62, 24]",43.881974254742545
"[21, 21, 21, 47, 55, 42, 11, 24, 21, 67, 17, 38, 24, 62, 24]",35.53167344173444
"[21, 21, 21, 47, 55, 42, 11, 24, 21, 67, 17, 38, 24, 62, 24]",42.3072344173442
"[21, 21, 21, 47, 55, 42, 11, 24, 21, 67, 17, 38, 24, 62, 24]",50.73023577235775
"[21, 21, 21, 47, 55, 42, 11, 24, 21, 67, 17, 38, 24, 62, 24]",47.60241598915993
"[21, 21, 21, 47, 55, 42, 11, 24, 21, 67, 17, 38, 24, 62, 24]",49.3671978319783
"[21, 21, 21, 47, 55, 42, 11, 24, 21, 67, 17, 38, 24, 62, 24]",37.53622086720877
"[21, 21, 21, 47, 55, 42, 11, 24, 21, 67, 17, 38, 24, 62, 24]",46.716113821138165
"[21, 21, 21, 47, 55, 42, 11, 24, 21, 67, 17, 38, 24, 62, 24]",37.307696476964736
"[21, 21, 21, 47, 55, 42, 11, 24, 21, 67, 17, 38, 24, 62, 24]",55.54769105691064
"[21, 21, 21, 47, 55, 42, 11, 24, 21, 67, 17, 38, 24, 62, 24]",49.13266531165311
"[21, 21, 21, 47, 55, 42, 11, 24, 21, 67, 17, 38, 24, 62, 24]",40.048684281842796
"[21, 21, 21, 47, 55, 42, 11, 24, 21, 67, 17, 38, 24, 62, 24]",39.92689159891602
"[21, 21, 21, 47, 55, 42, 11, 24, 21, 67, 17, 38, 24, 62, 24]",43.735730352303435
"[21, 21, 21, 47, 55, 42, 11, 24, 21, 67, 17, 38, 24, 62, 24]",49.681150406504045
"[21, 21, 21, 47, 55, 42, 11, 24, 21, 67, 17, 38, 24, 62, 24]",47.22593224932254
"[21, 21, 21, 47, 55, 42, 11, 24, 21, 67, 17, 38, 24, 62, 24]",48.9091476964768
"[21, 21, 21, 47, 55, 42, 11, 24, 21, 67, 17, 38, 24, 62, 24]",38.09254336043358
"[21, 21, 21, 47, 55, 42, 11, 24, 21, 67, 17, 38, 24, 62, 24]",42.6492655826558
"[21, 21, 21, 47, 55, 42, 11, 24, 21, 67, 17, 38, 24, 62, 24]",47.429903794037955
"[21, 21, 21, 47, 55, 42, 11, 24, 21, 67, 17, 38, 24, 62, 24]",36.184817073170684
"[21, 21, 21, 47, 55, 42, 11, 24, 21, 67, 17, 38, 24, 62, 24]",47.79853387533872
"[21, 21, 21, 47, 55, 42, 11, 24, 21, 67, 17, 38, 24, 62, 24]",53.39106775067746
"[21, 21, 21, 47, 55, 42, 11, 24, 21, 67, 17, 38, 24, 62, 24]",37.95952574525748
"[21, 21, 21, 47, 55, 42, 11, 24, 21, 67, 17, 38, 24, 62, 24]",50.32170731707311
"[21, 21, 21, 47, 55, 42, 11, 24, 21, 67, 17, 38, 24, 62, 24]",62.04789837398377
"[21, 21, 21, 47, 55, 42, 11, 24, 21, 67, 17, 38, 24, 62, 24]",47.22177371273703
"[21, 21, 21, 47, 55, 42, 11, 24, 21, 67, 17, 38, 24, 62, 24]",39.53333468834689
"[21, 21, 21, 47, 55, 42, 11, 24, 21, 67, 17, 38, 24, 62, 24]",43.88085501355019
"[21, 21, 21, 47, 55, 42, 11, 24, 21, 67, 17, 38, 24, 62, 24]",46.5773468834688
"[21, 21, 21, 47, 55, 42, 11, 24, 21, 67, 17, 38, 24, 62, 24]",61.24002439024395
"[21, 21, 21, 47, 55, 42, 11, 24, 21, 67, 17, 38, 24, 62, 24]",42.54500948509489
"[21, 21, 21, 47, 55, 42, 11, 24, 21, 67, 17, 38, 24, 62, 24]",52.310314363143554
"[21, 21, 21, 47, 55, 42, 11, 24, 21, 67, 17, 38, 24, 62, 24]",39.696803523035264
"[21, 21, 21, 47, 55, 42, 11, 24, 21, 67, 17, 38, 24, 62, 24]",46.805181571815716
"[21, 21, 21, 47, 55, 42, 11, 24, 21, 67, 17, 38, 24, 62, 24]",41.73694986449868
"[21, 21, 21, 47, 55, 42, 11, 24, 21, 67, 17, 38, 24, 62, 24]",50.10982384823851
"[21, 21, 21, 47, 55, 42, 11, 24, 21, 67, 17, 38, 24, 62, 24]",50.09238346883468
"[21, 21, 21, 47, 55, 42, 11, 24, 21, 67, 17, 38, 24, 62, 24]",48.78674661246604
"[21, 21, 21, 47, 55, 42, 11, 24, 21, 67, 17, 38, 24, 62, 24]",43.769023035230326
"[21, 21, 21, 47, 55, 42, 11, 24, 21, 67, 17, 38, 24, 62, 24]",45.9650907859078
"[21, 21, 21, 47, 55, 42, 11, 24, 21, 67, 17, 38, 24, 62, 24]",43.06955826558265
"[21, 21, 21, 47, 55, 42, 11, 24, 21, 67, 17, 38, 24, 62, 24]",37.34177642276428
"[21, 21, 21, 47, 55, 42, 11, 24, 21, 67, 17, 38, 24, 62, 24]",45.80109756097559
"[21, 21, 21, 47, 55, 42, 11, 24, 21, 67, 17, 38, 24, 62, 24]",40.7062669376693
"[21, 21, 21, 47, 55, 42, 11, 24, 21, 67, 17, 38, 24, 62, 24]",50.69838482384817
"[21, 21, 21, 47, 55, 42, 11, 24, 21, 67, 17, 38, 24, 62, 24]",38.54415582655828
"[21, 21, 21, 47, 55, 42, 11, 24, 21, 67, 17, 38, 24, 62, 24]",41.67150813008129
"[21, 21, 21, 47, 55, 42, 11, 24, 21, 67, 17, 38, 24, 62, 24]",50.000001355013424
"[21, 21, 21, 47, 55, 42, 11, 24, 21, 67, 17, 38, 24, 62, 24]",42.89469376693763
"[21, 21, 21, 47, 55, 42, 11, 24, 21, 67, 17, 38, 24, 62, 24]",47.82565447154477
"[21, 21, 21, 47, 55, 42, 11, 24, 21, 67, 17, 38, 24, 62, 24]",54.062090785907834
"[21, 21, 21, 47, 55, 42, 11, 24, 21, 67, 17, 38, 24, 62, 24]",48.776659891598854
"[21, 21, 21, 47, 55, 42, 11, 24, 21, 67, 17, 38, 24, 62, 24]",44.10931978319794
"[21, 21, 21, 47, 55, 42, 11, 24, 21, 67, 17, 38, 24, 62, 24]",41.13598915989163
"[21, 21, 21, 47, 55, 42, 11, 24, 21, 67, 17, 38, 24, 62, 24]",51.50516260162601
"[21, 21, 21, 47, 55, 42, 11, 24, 21, 67, 17, 38, 24, 62, 24]",39.423479674796724
"[21, 21, 21, 47, 55, 42, 11, 24, 21, 67, 17, 38, 24, 62, 24]",57.1178387533875
"[21, 21, 21, 47, 55, 42, 11, 24, 21, 67, 17, 38, 24, 62, 24]",49.78924661246608
"[21, 21, 21, 47, 55, 42, 11, 24, 21, 67, 17, 38, 24, 62, 24]",40.182705962059536
"[21, 21, 21, 47, 55, 42, 11, 24, 21, 67, 17, 38, 24, 62, 24]",52.321815718157154
"[21, 21, 21, 47, 55, 42, 11, 24, 21, 67, 17, 38, 24, 62, 24]",52.22215311653113
"[21, 21, 21, 47, 55, 42, 11, 24, 21, 67, 17, 38, 24, 62, 24]",57.30705013550125
"[21, 21, 21, 47, 55, 42, 11, 24, 21, 67, 17, 38, 24, 62, 24]",58.2667154471545
"[21, 21, 21, 47, 55, 42, 11, 24, 21, 67, 17, 38, 24, 62, 24]",49.23639295392951
"[21, 21, 21, 47, 55, 42, 11, 24, 21, 67, 17, 38, 24, 62, 24]",40.156501355013596
"[21, 21, 21, 47, 55, 42, 11, 24, 21, 67, 17, 38, 24, 62, 24]",41.356765582655775
"[21, 21, 21, 47, 55, 42, 11, 24, 21, 67, 17, 38, 24, 62, 24]",44.65164363143625
"[21, 21, 21, 47, 55, 42, 11, 24, 21, 67, 17, 38, 24, 62, 24]",34.32057588075879
"[21, 21, 21, 47, 55, 42, 11, 24, 21, 67, 17, 38, 24, 62, 24]",46.16075609756095
"[21, 21, 21, 47, 55, 42, 11, 24, 21, 67, 17, 38, 24, 62, 24]",44.36984281842821
"[21, 21, 21, 47, 55, 42, 11, 24, 21, 67, 17, 38, 24, 62, 24]",49.725914634146314
"[21, 21, 21, 47, 55, 42, 11, 24, 21, 67, 17, 38, 24, 62, 24]",54.17988753387541
"[21, 21, 21, 47, 55, 42, 11, 24, 21, 67, 17, 38, 24, 62, 24]",48.18536991869908
"[21, 21, 21, 47, 55, 42, 11, 24, 21, 67, 17, 38, 24, 62, 24]",39.79709485094847
"[21, 21, 21, 47, 55, 42, 11, 24, 21, 67, 17, 38, 24, 62, 24]",34.427089430894284
"[21, 21, 21, 47, 55, 42, 11, 24, 21, 67, 17, 38, 24, 62, 24]",47.055966124661325
"[21, 21, 21, 47, 55, 42, 11, 24, 21, 67, 17, 38, 24, 62, 24]",44.95331707317078
"[21, 21, 21, 47, 55, 42, 11, 24, 21, 67, 17, 38, 24, 62, 24]",36.91166124661252
"[21, 21, 21, 47, 55, 42, 11, 24, 21, 67, 17, 38, 24, 62, 24]",58.457031165311626
"[21, 21, 21, 47, 55, 42, 11, 24, 21, 67, 17, 38, 24, 62, 24]",47.90390379403797
"[21, 21, 21, 47, 55, 42, 11, 24, 21, 67, 17, 38, 24, 62, 24]",48.02331978319778
"[21, 21, 21, 47, 55, 42, 11, 24, 21, 67, 17, 38, 24, 62, 24]",56.501268292683
"[21, 21, 21, 47, 55, 42, 11, 24, 21, 67, 17, 38, 24, 62, 24]",33.73937533875336
"[21, 21, 21, 47, 55, 42, 11, 24, 21, 67, 17, 38, 24, 62, 24]",44.17453252032529
"[21, 21, 21, 47, 55, 42, 11, 24, 21, 67, 17, 38, 24, 62, 24]",52.844144986449884
"[21, 21, 21, 47, 55, 42, 11, 24, 21, 67, 17, 38, 24, 62, 24]",54.90513956639574
"[21, 21, 21, 47, 55, 42, 11, 24, 21, 67, 17, 38, 24, 62, 24]",53.89390243902434
"[21, 21, 21, 47, 55, 42, 11, 24, 21, 67, 17, 38, 24, 62, 24]",57.01424932249314
"[21, 21, 21, 47, 55, 42, 11, 24, 21, 67, 17, 38, 24, 62, 24]",51.064111111111075
"[21, 21, 21, 47, 55, 42, 11, 24, 21, 67, 17, 38, 24, 62, 24]",44.849292682926865
"[21, 21, 21, 47, 55, 42, 11, 24, 21, 67, 17, 38, 24, 62, 24]",45.58525067750686
"[21, 21, 21, 47, 55, 42, 11, 24, 21, 67, 17, 38, 24, 62, 24]",44.30820325203252
"[21, 21, 21, 47, 55, 42, 11, 24, 21, 67, 17, 38, 24, 62, 24]",46.48896883468836
"[21, 21, 21, 47, 55, 42, 11, 24, 21, 67, 17, 38, 24, 62, 24]",46.56503523035232
"[21, 21, 21, 47, 55, 42, 11, 24, 21, 67, 17, 38, 24, 62, 24]",54.894822493224865
"[21, 21, 21, 47, 55, 42, 11, 24, 21, 67, 17, 38, 24, 62, 24]",46.811466124661216
"[21, 21, 21, 47, 55, 42, 11, 24, 21, 67, 17, 38, 24, 62, 24]",46.88544579945793
"[21, 21, 21, 47, 55, 42, 11, 24, 21, 67, 17, 38, 24, 62, 24]",41.953203252032445
"[21, 21, 21, 47, 55, 42, 11, 24, 21, 67, 17, 38, 24, 62, 24]",46.61797154471546
"[21, 21, 21, 47, 55, 42, 11, 24, 21, 67, 17, 38, 24, 62, 24]",52.20298102981032
"[21, 21, 21, 47, 55, 42, 11, 24, 21, 67, 17, 38, 24, 62, 24]",47.23995257452571
"[21, 21, 21, 47, 55, 42, 11, 24, 21, 67, 17, 38, 24, 62, 24]",43.81690650406506
"[21, 21, 21, 47, 55, 42, 11, 24, 21, 67, 17, 38, 24, 62, 24]",53.38393766937674
"[21, 21, 21, 47, 55, 42, 11, 24, 21, 67, 17, 38, 24, 62, 24]",45.911178861788635
"[21, 21, 21, 47, 55, 42, 11, 24, 21, 67, 17, 38, 24, 62, 24]",44.95512601626016
"[21, 21, 21, 47, 55, 42, 11, 24, 21, 67, 17, 38, 24, 62, 24]",39.35549186991873
"[21, 21, 21, 47, 55, 42, 11, 24, 21, 67, 17, 38, 24, 62, 24]",52.146417344173564
"[21, 21, 21, 47, 55, 42, 11, 24, 21, 67, 17, 38, 24, 62, 24]",54.97789972899731
"[21, 21, 21, 47, 55, 42, 11, 24, 21, 67, 17, 38, 24, 62, 24]",49.55047154471545
"[21, 21, 21, 47, 55, 42, 11, 24, 21, 67, 17, 38, 24, 62, 24]",49.00607046070458
"[21, 21, 21, 47, 55, 42, 11, 24, 21, 67, 17, 38, 24, 62, 24]",41.589556910569115
"[21, 21, 21, 47, 55, 42, 11, 24, 21, 67, 17, 38, 24, 62, 24]",41.48643766937671
"[21, 21, 21, 47, 55, 42, 11, 24, 21, 67, 17, 38, 24, 62, 24]",45.26647289972908
"[21, 21, 21, 47, 55, 42, 11, 24, 21, 67, 17, 38, 24, 62, 24]",45.052975609756075
"[21, 21, 21, 47, 55, 42, 11, 24, 21, 67, 17, 38, 24, 62, 24]",37.862512195121894
"[21, 21, 21, 47, 55, 42, 11, 24, 21, 67, 17, 38, 24, 62, 24]",45.5259024390244
"[21, 21, 21, 47, 55, 42, 11, 24, 21, 67, 17, 38, 24, 62, 24]",52.38862466124663
"[21, 21, 21, 47, 55, 42, 11, 24, 21, 67, 17, 38, 24, 62, 24]",37.588262872628675
"[21, 21, 21, 47, 55, 42, 11, 24, 21, 67, 17, 38, 24, 62, 24]",51.118849593495895
"[21, 21, 21, 47, 55, 42, 11, 24, 21, 67, 17, 38, 24, 62, 24]",47.301185636856346
"[21, 21, 21, 47, 55, 42, 11, 24, 21, 67, 17, 38, 24, 62, 24]",47.550337398373955
"[21, 21, 21, 47, 55, 42, 11, 24, 21, 67, 17, 38, 24, 62, 24]",40.88137262872632
"[21, 21, 21, 47, 55, 42, 11, 24, 21, 67, 17, 38, 24, 62, 24]",46.78399728997296
"[21, 21, 21, 47, 55, 42, 11, 24, 21, 67, 17, 38, 24, 62, 24]",50.66978590785915
"[21, 21, 21, 47, 55, 42, 11, 24, 21, 67, 17, 38, 24, 62, 24]",45.35314769647693
"[21, 21, 21, 47, 55, 42, 11, 24, 21, 67, 17, 38, 24, 62, 24]",46.01331978319784
"[21, 21, 21, 47, 55, 42, 11, 24, 21, 67, 17, 38, 24, 62, 24]",44.22897018970189
"[21, 21, 21, 47, 55, 42, 11, 24, 21, 67, 17, 38, 24, 62, 24]",38.350180216802066
"[21, 21, 21, 47, 55, 42, 11, 24, 21, 67, 17, 38, 24, 62, 24]",40.866085365853586
"[21, 21, 21, 47, 55, 42, 11, 24, 21, 67, 17, 38, 24, 62, 24]",47.90636991869924
"[21, 21, 21, 47, 55, 42, 11, 24, 21, 67, 17, 38, 24, 62, 24]",42.56973577235772
"[21, 21, 21, 47, 55, 42, 11, 24, 21, 67, 17, 38, 24, 62, 24]",48.102863143631424
"[21, 21, 21, 47, 55, 42, 11, 24, 21, 67, 17, 38, 24, 62, 24]",54.158283197832006
"[21, 21, 21, 47, 55, 42, 11, 24, 21, 67, 17, 38, 24, 62, 24]",44.9699756097561
"[21, 21, 21, 47, 55, 42, 11, 24, 21, 67, 17, 38, 24, 62, 24]",46.475680216802125
"[21, 21, 21, 47, 55, 42, 11, 24, 21, 67, 17, 38, 24, 62, 24]",46.744428184281794
"[21, 21, 21, 47, 55, 42, 11, 24, 21, 67, 17, 38, 24, 62, 24]",44.846392953929545
"[21, 21, 21, 47, 55, 42, 11, 24, 21, 67, 17, 38, 24, 62, 24]",42.341184281842835
"[21, 21, 21, 47, 55, 42, 11, 24, 21, 67, 17, 38, 24, 62, 24]",52.79924796747957
"[21, 21, 21, 47, 55, 42, 11, 24, 21, 67, 17, 38, 24, 62, 24]",50.829613821138246
"[21, 21, 21, 47, 55, 42, 11, 24, 21, 67, 17, 38, 24, 62, 24]",50.279277777777715
"[21, 21, 21, 47, 55, 42, 11, 24, 21, 67, 17, 38, 24, 62, 24]",39.254747967479666
"[21, 21, 21, 47, 55, 42, 11, 24, 21, 67, 17, 38, 24, 62, 24]",46.657247967479755
"[21, 21, 21, 47, 55, 42, 11, 24, 21, 67, 17, 38, 24, 62, 24]",48.84157181571813
"[21, 21, 21, 47, 55, 42, 11, 24, 21, 67, 17, 38, 24, 62, 24]",49.37599186991869
"[21, 21, 21, 47, 55, 42, 11, 24, 21, 67, 17, 38, 24, 62, 24]",44.154345528455295
"[21, 21, 21, 47, 55, 42, 11, 24, 21, 67, 17, 38, 24, 62, 24]",42.211422764227606
"[21, 21, 21, 47, 55, 42, 11, 24, 21, 67, 17, 38, 24, 62, 24]",50.31423983739838
"[21, 21, 21, 47, 55, 42, 11, 24, 21, 67, 17, 38, 24, 62, 24]",46.88419918699185
"[21, 21, 21, 47, 55, 42, 11, 24, 21, 67, 17, 38, 24, 62, 24]",47.217911924119264
"[21, 21, 21, 47, 55, 42, 11, 24, 21, 67, 17, 38, 24, 62, 24]",38.39290650406507
"[21, 21, 21, 47, 55, 42, 11, 24, 21, 67, 17, 38, 24, 62, 24]",40.00937940379404
"[21, 21, 21, 47, 55, 42, 11, 24, 21, 67, 17, 38, 24, 62, 24]",46.494914634146404
"[21, 21, 21, 47, 55, 42, 11, 24, 21, 67, 17, 38, 24, 62, 24]",38.39210298102978
"[21, 21, 21, 47, 55, 42, 11, 24, 21, 67, 17, 38, 24, 62, 24]",55.20641192411921
"[21, 21, 21, 47, 55, 42, 11, 24, 21, 67, 17, 38, 24, 62, 24]",41.763771002710044
"[21, 21, 21, 47, 55, 42, 11, 24, 21, 67, 17, 38, 24, 62, 24]",38.68228184281836
"[21, 21, 21, 47, 55, 42, 11, 24, 21, 67, 17, 38, 24, 62, 24]",36.29985365853656
"[21, 21, 21, 47, 55, 42, 11, 24, 21, 67, 17, 38, 24, 62, 24]",36.35765176151766
"[21, 21, 21, 47, 55, 42, 11, 24, 21, 67, 17, 38, 24, 62, 24]",41.76155420054203
"[21, 21, 21, 47, 55, 42, 11, 24, 21, 67, 17, 38, 24, 62, 24]",43.197861788617956
"[21, 21, 21, 47, 55, 42, 11, 24, 21, 67, 17, 38, 24, 62, 24]",46.150523035230435
"[21, 21, 21, 47, 55, 42, 11, 24, 21, 67, 17, 38, 24, 62, 24]",55.97783197831984
"[21, 21, 21, 47, 55, 42, 11, 24, 21, 67, 17, 38, 24, 62, 24]",52.686723577235746
"[21, 21, 21, 47, 55, 42, 11, 24, 21, 67, 17, 38, 24, 62, 24]",52.000008130081284
"[21, 21, 21, 47, 55, 42, 11, 24, 21, 67, 17, 38, 24, 62, 24]",41.9297303523035
"[21, 21, 21, 47, 55, 42, 11, 24, 21, 67, 17, 38, 24, 62, 24]",52.76001490514905
"[21, 21, 21, 47, 55, 42, 11, 24, 21, 67, 17, 38, 24, 62, 24]",51.73625067750681
"[21, 21, 21, 47, 55, 42, 11, 24, 21, 67, 17, 38, 24, 62, 24]",41.24724932249325
"[21, 21, 21, 47, 55, 42, 11, 24, 21, 67, 17, 38, 24, 62, 24]",42.594391598916
"[21, 21, 21, 47, 55, 42, 11, 24, 21, 67, 17, 38, 24, 62, 24]",39.62943224932256
"[21, 21, 21, 47, 55, 42, 11, 24, 21, 67, 17, 38, 24, 62, 24]",50.280826558265545
"[21, 21, 21, 47, 55, 42, 11, 24, 21, 67, 17, 38, 24, 62, 24]",40.250680216802174
"[21, 21, 21, 47, 55, 42, 11, 24, 21, 67, 17, 38, 24, 62, 24]",43.32482926829271
"[21, 21, 21, 47, 55, 42, 11, 24, 21, 67, 17, 38, 24, 62, 24]",44.197112466124636
"[21, 21, 21, 47, 55, 42, 11, 24, 21, 67, 17, 38, 24, 62, 24]",53.4655650406504
"[21, 21, 21, 47, 55, 42, 11, 24, 21, 67, 17, 38, 24, 62, 24]",49.396277777777776
"[21, 21, 21, 47, 55, 42, 11, 24, 21, 67, 17, 38, 24, 62, 24]",44.96351355013542
"[21, 21, 21, 47, 55, 42, 11, 24, 21, 67, 17, 38, 24, 62, 24]",49.87727371273713
"[21, 21, 21, 47, 55, 42, 11, 24, 21, 67, 17, 38, 24, 62, 24]",53.75331842818434
"[21, 21, 21, 47, 55, 42, 11, 24, 21, 67, 17, 38, 24, 62, 24]",37.9113726287263
"[21, 21, 21, 47, 55, 42, 11, 24, 21, 67, 17, 38, 24, 62, 24]",43.74926422764223
"[21, 21, 21, 47, 55, 42, 11, 24, 21, 67, 17, 38, 24, 62, 24]",48.79741598915994
"[21, 21, 21, 47, 55, 42, 11, 24, 21, 67, 17, 38, 24, 62, 24]",43.09141327913276
"[21, 21, 21, 47, 55, 42, 11, 24, 21, 67, 17, 38, 24, 62, 24]",37.489811653116504
"[21, 21, 21, 47, 55, 42, 11, 24, 21, 67, 17, 38, 24, 62, 24]",47.818075880758826
"[21, 21, 21, 47, 55, 42, 11, 24, 21, 67, 17, 38, 24, 62, 24]",47.17126016260158
"[21, 21, 21, 47, 55, 42, 11, 24, 21, 67, 17, 38, 24, 62, 24]",48.70281436314367
"[21, 21, 21, 47, 55, 42, 11, 24, 21, 67, 17, 38, 24, 62, 24]",42.383397018970214
"[21, 21, 21, 47, 55, 42, 11, 24, 21, 67, 17, 38, 24, 62, 24]",57.54524661246614
"[21, 21, 21, 47, 55, 42, 11, 24, 21, 67, 17, 38, 24, 62, 24]",52.58676693766943
"[21, 21, 21, 47, 55, 42, 11, 24, 21, 67, 17, 38, 24, 62, 24]",51.15889837398369
"[21, 21, 21, 47, 55, 42, 11, 24, 21, 67, 17, 38, 24, 62, 24]",41.69798102981025
"[21, 21, 21, 47, 55, 42, 11, 24, 21, 67, 17, 38, 24, 62, 24]",52.76248238482374
"[21, 21, 21, 47, 55, 42, 11, 24, 21, 67, 17, 38, 24, 62, 24]",49.98669647696473
"[21, 21, 21, 47, 55, 42, 11, 24, 21, 67, 17, 38, 24, 62, 24]",43.79233739837398
"[21, 21, 21, 47, 55, 42, 11, 24, 21, 67, 17, 38, 24, 62, 24]",36.30971815718154
"[21, 21, 21, 47, 55, 42, 11, 24, 21, 67, 17, 38, 24, 62, 24]",56.91521951219512
"[21, 21, 21, 47, 55, 42, 11, 24, 21, 67, 17, 38, 24, 62, 24]",48.50607859078585
"[21, 21, 21, 47, 55, 42, 11, 24, 21, 67, 17, 38, 24, 62, 24]",45.30378184281846
"[21, 21, 21, 47, 55, 42, 11, 24, 21, 67, 17, 38, 24, 62, 24]",37.99460433604333
"[21, 21, 21, 47, 55, 42, 11, 24, 21, 67, 17, 38, 24, 62, 24]",45.66843631436318
"[21, 21, 21, 47, 55, 42, 11, 24, 21, 67, 17, 38, 24, 62, 24]",37.4172127371274
"[21, 21, 21, 47, 55, 42, 11, 24, 21, 67, 17, 38, 24, 62, 24]",40.42949186991868
"[21, 21, 21, 47, 55, 42, 11, 24, 21, 67, 17, 38, 24, 62, 24]",51.27321544715452
"[21, 21, 21, 47, 55, 42, 11, 24, 21, 67, 17, 38, 24, 62, 24]",45.831197831978386
"[21, 21, 21, 47, 55, 42, 11, 24, 21, 67, 17, 38, 24, 62, 24]",45.928051490514925
"[21, 21, 21, 47, 55, 42, 11, 24, 21, 67, 17, 38, 24, 62, 24]",37.40973848238475
"[21, 21, 21, 47, 55, 42, 11, 24, 21, 67, 17, 38, 24, 62, 24]",51.32018428184282
"[21, 21, 21, 47, 55, 42, 11, 24, 21, 67, 17, 38, 24, 62, 24]",47.477650406504075
"[21, 21, 21, 47, 55, 42, 11, 24, 21, 67, 17, 38, 24, 62, 24]",37.21345663956638
"[21, 21, 21, 47, 55, 42, 11, 24, 21, 67, 17, 38, 24, 62, 24]",42.65663414634146
"[21, 21, 21, 47, 55, 42, 11, 24, 21, 67, 17, 38, 24, 62, 24]",46.45622222222217
"[21, 21, 21, 47, 55, 42, 11, 24, 21, 67, 17, 38, 24, 62, 24]",39.507684281842785
"[21, 21, 21, 47, 55, 42, 11, 24, 21, 67, 17, 38, 24, 62, 24]",55.454090785907844
"[21, 21, 21, 47, 55, 42, 11, 24, 21, 67, 17, 38, 24, 62, 24]",43.18344037940376
"[21, 21, 21, 47, 55, 42, 11, 24, 21, 67, 17, 38, 24, 62, 24]",47.3517195121952
"[21, 21, 21, 47, 55, 42, 11, 24, 21, 67, 17, 38, 24, 62, 24]",55.841825203252036
"[21, 21, 21, 47, 55, 42, 11, 24, 21, 67, 17, 38, 24, 62, 24]",53.65726016260168
"[21, 21, 21, 47, 55, 42, 11, 24, 21, 67, 17, 38, 24, 62, 24]",40.913184281842746
"[21, 21, 21, 47, 55, 42, 11, 24, 21, 67, 17, 38, 24, 62, 24]",36.36599322493227
"[21, 21, 21, 47, 55, 42, 11, 24, 21, 67, 17, 38, 24, 62, 24]",50.446254742547445
"[21, 21, 21, 47, 55, 42, 11, 24, 21, 67, 17, 38, 24, 62, 24]",46.11328048780497
"[21, 21, 21, 47, 55, 42, 11, 24, 21, 67, 17, 38, 24, 62, 24]",36.8908590785908
"[21, 21, 21, 47, 55, 42, 11, 24, 21, 67, 17, 38, 24, 62, 24]",49.529757452574465
"[21, 21, 21, 47, 55, 42, 11, 24, 21, 67, 17, 38, 24, 62, 24]",58.81761246612462
"[21, 21, 21, 47, 55, 42, 11, 24, 21, 67, 17, 38, 24, 62, 24]",40.15972628726296
"[21, 21, 21, 47, 55, 42, 11, 24, 21, 67, 17, 38, 24, 62, 24]",40.491841463414595
"[21, 21, 21, 47, 55, 42, 11, 24, 21, 67, 17, 38, 24, 62, 24]",62.99501084010827
"[21, 21, 21, 47, 55, 42, 11, 24, 21, 67, 17, 38, 24, 62, 24]",49.63414227642282
"[21, 21, 21, 47, 55, 42, 11, 24, 21, 67, 17, 38, 24, 62, 24]",46.195939024390235
"[21, 21, 21, 47, 55, 42, 11, 24, 21, 67, 17, 38, 24, 62, 24]",45.194092140921434
"[21, 21, 21, 47, 55, 42, 11, 24, 21, 67, 17, 38, 24, 62, 24]",59.12307181571822
"[21, 21, 21, 47, 55, 42, 11, 24, 21, 67, 17, 38, 24, 62, 24]",44.1171680216802
"[21, 21, 21, 47, 55, 42, 11, 24, 21, 67, 17, 38, 24, 62, 24]",44.49330623306239
"[21, 21, 21, 47, 55, 42, 11, 24, 21, 67, 17, 38, 24, 62, 24]",52.1083807588077
"[21, 21, 21, 47, 55, 42, 11, 24, 21, 67, 17, 38, 24, 62, 24]",38.00940379403797
"[21, 21, 21, 47, 55, 42, 11, 24, 21, 67, 17, 38, 24, 62, 24]",40.736415989159816
"[21, 21, 21, 47, 55, 42, 11, 24, 21, 67, 17, 38, 24, 62, 24]",38.93691056910576
"[21, 21, 21, 47, 55, 42, 11, 24, 21, 67, 17, 38, 24, 62, 24]",46.63504065040645
"[21, 21, 21, 47, 55, 42, 11, 24, 21, 67, 17, 38, 24, 62, 24]",44.892658536585216
"[21, 21, 21, 47, 55, 42, 11, 24, 21, 67, 17, 38, 24, 62, 24]",44.572279132791415
"[21, 21, 21, 47, 55, 42, 11, 24, 21, 67, 17, 38, 24, 62, 24]",47.87125609756109
"[21, 21, 21, 47, 55, 42, 11, 24, 21, 67, 17, 38, 24, 62, 24]",41.987668021680186
"[21, 21, 21, 47, 55, 42, 11, 24, 21, 67, 17, 38, 24, 62, 24]",40.14946341463409
"[21, 21, 21, 47, 55, 42, 11, 24, 21, 67, 17, 38, 24, 62, 24]",53.29081842818433
"[21, 21, 21, 47, 55, 42, 11, 24, 21, 67, 17, 38, 24, 62, 24]",40.88843902439028
"[21, 21, 21, 47, 55, 42, 11, 24, 21, 67, 17, 38, 24, 62, 24]",46.67710975609761
"[21, 21, 21, 47, 55, 42, 11, 24, 21, 67, 17, 38, 24, 62, 24]",45.94603658536598
"[21, 21, 21, 47, 55, 42, 11, 24, 21, 67, 17, 38, 24, 62, 24]",51.69651084010835
"[21, 21, 21, 47, 55, 42, 11, 24, 21, 67, 17, 38, 24, 62, 24]",41.78213685636854
"[21, 21, 21, 47, 55, 42, 11, 24, 21, 67, 17, 38, 24, 62, 24]",44.958010840108464
"[21, 21, 21, 47, 55, 42, 11, 24, 21, 67, 17, 38, 24, 62, 24]",42.47866260162599
"[21, 21, 21, 47, 55, 42, 11, 24, 21, 67, 17, 38, 24, 62, 24]",41.2784051490515
"[21, 21, 21, 47, 55, 42, 11, 24, 21, 67, 17, 38, 24, 62, 24]",39.52695934959345
"[21, 21, 21, 47, 55, 42, 11, 24, 21, 67, 17, 38, 24, 62, 24]",53.26727506775072
"[21, 21, 21, 47, 55, 42, 11, 24, 21, 67, 17, 38, 24, 62, 24]",46.10306910569103
"[21, 21, 21, 47, 55, 42, 11, 24, 21, 67, 17, 38, 24, 62, 24]",53.880831978319776
"[21, 21, 21, 47, 55, 42, 11, 24, 21, 67, 17, 38, 24, 62, 24]",37.76603252032521
"[21, 21, 21, 47, 55, 42, 11, 24, 21, 67, 17, 38, 24, 62, 24]",37.15817479674796
"[21, 21, 21, 47, 55, 42, 11, 24, 21, 67, 17, 38, 24, 62, 24]",48.49823577235781
"[21, 21, 21, 47, 55, 42, 11, 24, 21, 67, 17, 38, 24, 62, 24]",39.73310704607045
"[21, 21, 21, 47, 55, 42, 11, 24, 21, 67, 17, 38, 24, 62, 24]",50.43819376693771
"[21, 21, 21, 47, 55, 42, 11, 24, 21, 67, 17, 38, 24, 62, 24]",34.03996612466127
"[21, 21, 21, 47, 55, 42, 11, 24, 21, 67, 17, 38, 24, 62, 24]",41.82382384823851
"[21, 21, 21, 47, 55, 42, 11, 24, 21, 67, 17, 38, 24, 62, 24]",37.486823848238515
"[21, 21, 21, 47, 55, 42, 11, 24, 21, 67, 17, 38, 24, 62, 24]",42.984963414634144
"[21, 21, 21, 47, 55, 42, 11, 24, 21, 67, 17, 38, 24, 62, 24]",50.916197831978415
"[21, 21, 21, 47, 55, 42, 11, 24, 21, 67, 17, 38, 24, 62, 24]",47.624760162601646
"[21, 21, 21, 47, 55, 42, 11, 24, 21, 67, 17, 38, 24, 62, 24]",43.45691056910568
"[21, 21, 21, 47, 55, 42, 11, 24, 21, 67, 17, 38, 24, 62, 24]",44.59914227642274
"[21, 21, 21, 47, 55, 42, 11, 24, 21, 67, 17, 38, 24, 62, 24]",47.134089430894264
"[21, 21, 21, 47, 55, 42, 11, 24, 21, 67, 17, 38, 24, 62, 24]",34.85536449864507
"[21, 21, 21, 47, 55, 42, 11, 24, 21, 67, 17, 38, 24, 62, 24]",36.78765989159896
"[21, 21, 21, 47, 55, 42, 11, 24, 21, 67, 17, 38, 24, 62, 24]",49.76492005420046
"[21, 21, 21, 47, 55, 42, 11, 24, 21, 67, 17, 38, 24, 62, 24]",37.146205962059696
"[21, 21, 21, 47, 55, 42, 11, 24, 21, 67, 17, 38, 24, 62, 24]",45.37641463414643
"[21, 21, 21, 47, 55, 42, 11, 24, 21, 67, 17, 38, 24, 62, 24]",44.82079945799459
"[21, 21, 21, 47, 55, 42, 11, 24, 21, 67, 17, 38, 24, 62, 24]",46.66108943089437
"[21, 21, 21, 47, 55, 42, 11, 24, 21, 67, 17, 38, 24, 62, 24]",53.07171138211392
"[21, 21, 21, 47, 55, 42, 11, 24, 21, 67, 17, 38, 24, 62, 24]",47.06420867208665
"[21, 21, 21, 47, 55, 42, 11, 24, 21, 67, 17, 38, 24, 62, 24]",44.363967479674756
"[21, 21, 21, 47, 55, 42, 11, 24, 21, 67, 17, 38, 24, 62, 24]",34.26519783197828
"[21, 21, 21, 47, 55, 42, 11, 24, 21, 67, 17, 38, 24, 62, 24]",38.53286585365861
"[21, 21, 21, 47, 55, 42, 11, 24, 21, 67, 17, 38, 24, 62, 24]",68.88264227642284
"[21, 21, 21, 47, 55, 42, 11, 24, 21, 67, 17, 38, 24, 62, 24]",47.38255149051482
"[21, 21, 21, 47, 55, 42, 11, 24, 21, 67, 17, 38, 24, 62, 24]",60.87602439024396
"[21, 21, 21, 47, 55, 42, 11, 24, 21, 67, 17, 38, 24, 62, 24]",45.09496341463415
"[21, 21, 21, 47, 55, 42, 11, 24, 21, 67, 17, 38, 24, 62, 24]",51.13099864498647
"[21, 21, 21, 47, 55, 42, 11, 24, 21, 67, 17, 38, 24, 62, 24]",45.71579403794039
"[21, 21, 21, 47, 55, 42, 11, 24, 21, 67, 17, 38, 24, 62, 24]",50.74994444444451
"[21, 21, 21, 47, 55, 42, 11, 24, 21, 67, 17, 38, 24, 62, 24]",52.363497289973
"[21, 21, 21, 47, 55, 42, 11, 24, 21, 67, 17, 38, 24, 62, 24]",42.786527100270945
"[21, 21, 21, 47, 55, 42, 11, 24, 21, 67, 17, 38, 24, 62, 24]",47.403765582655836
"[21, 21, 21, 47, 55, 42, 11, 24, 21, 67, 17, 38, 24, 62, 24]",50.48519241192415
"[21, 21, 21, 47, 55, 42, 11, 24, 21, 67, 17, 38, 24, 62, 24]",52.33871002710037
"[21, 21, 21, 47, 55, 42, 11, 24, 21, 67, 17, 38, 24, 62, 24]",41.81906368563692
"[21, 21, 21, 47, 55, 42, 11, 24, 21, 67, 17, 38, 24, 62, 24]",52.59311111111115
"[21, 21, 21, 47, 55, 42, 11, 24, 21, 67, 17, 38, 24, 62, 24]",40.054909214092156
"[21, 21, 21, 47, 55, 42, 11, 24, 21, 67, 17, 38, 24, 62, 24]",44.686158536585374
"[21, 21, 21, 47, 55, 42, 11, 24, 21, 67, 17, 38, 24, 62, 24]",47.51955284552846
"[21, 21, 21, 47, 55, 42, 11, 24, 21, 67, 17, 38, 24, 62, 24]",50.00007317073172
"[21, 21, 21, 47, 55, 42, 11, 24, 21, 67, 17, 38, 24, 62, 24]",45.63583875338755
"[21, 21, 21, 47, 55, 42, 11, 24, 21, 67, 17, 38, 24, 62, 24]",49.39594444444442
"[21, 21, 21, 47, 55, 42, 11, 24, 21, 67, 17, 38, 24, 62, 24]",41.43368292682927
"[21, 21, 21, 47, 55, 42, 11, 24, 21, 67, 17, 38, 24, 62, 24]",53.47171409214099
"[21, 21, 21, 47, 55, 42, 11, 24, 21, 67, 17, 38, 24, 62, 24]",37.42582249322493
"[21, 21, 21, 47, 55, 42, 11, 24, 21, 67, 17, 38, 24, 62, 24]",44.23147560975613
"[21, 21, 21, 47, 55, 42, 11, 24, 21, 67, 17, 38, 24, 62, 24]",44.223180216802206
"[21, 21, 21, 47, 55, 42, 11, 24, 21, 67, 17, 38, 24, 62, 24]",38.04058265582659
"[21, 21, 21, 47, 55, 42, 11, 24, 21, 67, 17, 38, 24, 62, 24]",48.35536178861796
"[21, 21, 21, 47, 55, 42, 11, 24, 21, 67, 17, 38, 24, 62, 24]",41.46431029810297
"[21, 21, 21, 47, 55, 42, 11, 24, 21, 67, 17, 38, 24, 62, 24]",58.776695121951164
"[21, 21, 21, 47, 55, 42, 11, 24, 21, 67, 17, 38, 24, 62, 24]",49.10798644986454
"[21, 21, 21, 47, 55, 42, 11, 24, 21, 67, 17, 38, 24, 62, 24]",56.27963008130082
"[21, 21, 21, 47, 55, 42, 11, 24, 21, 67, 17, 38, 24, 62, 24]",47.27623441734409
"[21, 21, 21, 47, 55, 42, 11, 24, 21, 67, 17, 38, 24, 62, 24]",41.31573035230357
"[21, 21, 21, 47, 55, 42, 11, 24, 21, 67, 17, 38, 24, 62, 24]",49.852039295392906
"[21, 21, 21, 47, 55, 42, 11, 24, 21, 67, 17, 38, 24, 62, 24]",41.06140921409214
"[21, 21, 21, 47, 55, 42, 11, 24, 21, 67, 17, 38, 24, 62, 24]",48.90294308943105
"[21, 21, 21, 47, 55, 42, 11, 24, 21, 67, 17, 38, 24, 62, 24]",36.9509444444444
"[21, 21, 21, 47, 55, 42, 11, 24, 21, 67, 17, 38, 24, 62, 24]",49.68990243902433
"[21, 21, 21, 47, 55, 42, 11, 24, 21, 67, 17, 38, 24, 62, 24]",49.343823848238486
"[21, 21, 21, 47, 55, 42, 11, 24, 21, 67, 17, 38, 24, 62, 24]",46.57510433604336
"[21, 21, 21, 47, 55, 42, 11, 24, 21, 67, 17, 38, 24, 62, 24]",46.41129268292687
"[21, 21, 21, 47, 55, 42, 11, 24, 21, 67, 17, 38, 24, 62, 24]",45.95117886178858
"[21, 21, 21, 47, 55, 42, 11, 24, 21, 67, 17, 38, 24, 62, 24]",45.97837533875334
"[21, 21, 21, 47, 55, 42, 11, 24, 21, 67, 17, 38, 24, 62, 24]",57.84738888888892
"[21, 21, 21, 47, 55, 42, 11, 24, 21, 67, 17, 38, 24, 62, 24]",35.94284146341463
"[21, 21, 21, 47, 55, 42, 11, 24, 21, 67, 17, 38, 24, 62, 24]",49.87913956639577
"[21, 21, 21, 47, 55, 42, 11, 24, 21, 67, 17, 38, 24, 62, 24]",54.99781029810294
"[21, 21, 21, 47, 55, 42, 11, 24, 21, 67, 17, 38, 24, 62, 24]",45.24070189701899
"[21, 21, 21, 47, 55, 42, 11, 24, 21, 67, 17, 38, 24, 62, 24]",34.83286585365857
"[21, 21, 21, 47, 55, 42, 11, 24, 21, 67, 17, 38, 24, 62, 24]",38.11950000000005
"[21, 21, 21, 47, 55, 42, 11, 24, 21, 67, 17, 38, 24, 62, 24]",45.174783197832035
"[21, 21, 21, 47, 55, 42, 11, 24, 21, 67, 17, 38, 24, 62, 24]",34.783453929539334
"[21, 21, 21, 47, 55, 42, 11, 24, 21, 67, 17, 38, 24, 62, 24]",43.07093224932257
"[21, 21, 21, 47, 55, 42, 11, 24, 21, 67, 17, 38, 24, 62, 24]",54.00951897018965
"[21, 21, 21, 47, 55, 42, 11, 24, 21, 67, 17, 38, 24, 62, 24]",59.80373441734424
"[21, 21, 21, 47, 55, 42, 11, 24, 21, 67, 17, 38, 24, 62, 24]",49.13035365853662
"[21, 21, 21, 47, 55, 42, 11, 24, 21, 67, 17, 38, 24, 62, 24]",37.62518021680213
"[21, 21, 21, 47, 55, 42, 11, 24, 21, 67, 17, 38, 24, 62, 24]",41.346558265582686
"[21, 21, 21, 47, 55, 42, 11, 24, 21, 67, 17, 38, 24, 62, 24]",51.97281842818423
"[21, 21, 21, 47, 55, 42, 11, 24, 21, 67, 17, 38, 24, 62, 24]",41.26848644986447
"[21, 21, 21, 47, 55, 42, 11, 24, 21, 67, 17, 38, 24, 62, 24]",37.34088346883465
"[21, 21, 21, 47, 55, 42, 11, 24, 21, 67, 17, 38, 24, 62, 24]",48.31779945799452
"[21, 21, 21, 47, 55, 42, 11, 24, 21, 67, 17, 38, 24, 62, 24]",48.435959349593475
"[21, 21, 21, 47, 55, 42, 11, 24, 21, 67, 17, 38, 24, 62, 24]",43.133897018970174
"[21, 21, 21, 47, 55, 42, 11, 24, 21, 67, 17, 38, 24, 62, 24]",52.81456504065041
"[21, 21, 21, 47, 55, 42, 11, 24, 21, 67, 17, 38, 24, 62, 24]",47.91326151761525
"[21, 21, 21, 47, 55, 42, 11, 24, 21, 67, 17, 38, 24, 62, 24]",48.314668021680156
"[21, 21, 21, 47, 55, 42, 11, 24, 21, 67, 17, 38, 24, 62, 24]",36.4646761517615
"[21, 21, 21, 47, 55, 42, 11, 24, 21, 67, 17, 38, 24, 62, 24]",36.24580487804877
"[21, 21, 21, 47, 55, 42, 11, 24, 21, 67, 17, 38, 24, 62, 24]",40.13747289972894
"[21, 21, 21, 47, 55, 42, 11, 24, 21, 67, 17, 38, 24, 62, 24]",40.04270325203246
"[21, 21, 21, 47, 55, 42, 11, 24, 21, 67, 17, 38, 24, 62, 24]",40.31636720867201
"[21, 21, 21, 47, 55, 42, 11, 24, 21, 67, 17, 38, 24, 62, 24]",49.98620054200535
"[21, 21, 21, 47, 55, 42, 11, 24, 21, 67, 17, 38, 24, 62, 24]",36.38830758807591
"[21, 21, 21, 47, 55, 42, 11, 24, 21, 67, 17, 38, 24, 62, 24]",43.9170487804877
"[21, 21, 21, 47, 55, 42, 11, 24, 21, 67, 17, 38, 24, 62, 24]",36.976482384823825
"[21, 21, 21, 47, 55, 42, 11, 24, 21, 67, 17, 38, 24, 62, 24]",49.25413956639564
"[21, 21, 21, 47, 55, 42, 11, 24, 21, 67, 17, 38, 24, 62, 24]",46.85004336043361
"[21, 21, 21, 47, 55, 42, 11, 24, 21, 67, 17, 38, 24, 62, 24]",53.93650677506786
"[21, 21, 21, 47, 55, 42, 11, 24, 21, 67, 17, 38, 24, 62, 24]",43.603031165311606
"[21, 21, 21, 47, 55, 42, 11, 24, 21, 67, 17, 38, 24, 62, 24]",41.36925474254749
"[21, 21, 21, 47, 55, 42, 11, 24, 21, 67, 17, 38, 24, 62, 24]",45.93258401084016
"[21, 21, 21, 47, 55, 42, 11, 24, 21, 67, 17, 38, 24, 62, 24]",39.80392953929546
"[21, 21, 21, 47, 55, 42, 11, 24, 21, 67, 17, 38, 24, 62, 24]",46.65305555555558
"[21, 21, 21, 47, 55, 42, 11, 24, 21, 67, 17, 38, 24, 62, 24]",50.40606233062334
"[21, 21, 21, 47, 55, 42, 11, 24, 21, 67, 17, 38, 24, 62, 24]",37.15764905149055
"[21, 21, 21, 47, 55, 42, 11, 24, 21, 67, 17, 38, 24, 62, 24]",50.05433739837404
"[21, 21, 21, 47, 55, 42, 11, 24, 21, 67, 17, 38, 24, 62, 24]",49.472242547425466
"[21, 21, 21, 47, 55, 42, 11, 24, 21, 67, 17, 38, 24, 62, 24]",44.712705962059545
"[21, 21, 21, 47, 55, 42, 11, 24, 21, 67, 17, 38, 24, 62, 24]",38.11676422764223
"[21, 21, 21, 47, 55, 42, 11, 24, 21, 67, 17, 38, 24, 62, 24]",45.711285907859136
"[21, 21, 21, 47, 55, 42, 11, 24, 21, 67, 17, 38, 24, 62, 24]",52.25672357723566
"[21, 21, 21, 47, 55, 42, 11, 24, 21, 67, 17, 38, 24, 62, 24]",48.78385636856372
"[21, 21, 21, 47, 55, 42, 11, 24, 21, 67, 17, 38, 24, 62, 24]",40.00689566395663
"[21, 21, 21, 47, 55, 42, 11, 24, 21, 67, 17, 38, 24, 62, 24]",45.60225203252026
"[21, 21, 21, 47, 55, 42, 11, 24, 21, 67, 17, 38, 24, 62, 24]",52.6519647696478
"[21, 21, 21, 47, 55, 42, 11, 24, 21, 67, 17, 38, 24, 62, 24]",42.16844308943087
"[21, 21, 21, 47, 55, 42, 11, 24, 21, 67, 17, 38, 24, 62, 24]",45.76935772357728
"[21, 21, 21, 47, 55, 42, 11, 24, 21, 67, 17, 38, 24, 62, 24]",41.006677506775084
"[21, 21, 21, 47, 55, 42, 11, 24, 21, 67, 17, 38, 24, 62, 24]",44.60859349593502
"[21, 21, 21, 47, 55, 42, 11, 24, 21, 67, 17, 38, 24, 62, 24]",42.209498644986546
"[21, 21, 21, 47, 55, 42, 11, 24, 21, 67, 17, 38, 24, 62, 24]",48.15587940379402
"[21, 21, 21, 47, 55, 42, 11, 24, 21, 67, 17, 38, 24, 62, 24]",41.63673441734426
"[21, 21, 21, 47, 55, 42, 11, 24, 21, 67, 17, 38, 24, 62, 24]",48.46429539295401
"[21, 21, 21, 47, 55, 42, 11, 24, 21, 67, 17, 38, 24, 62, 24]",38.2722940379404
"[21, 21, 21, 47, 55, 42, 11, 24, 21, 67, 17, 38, 24, 62, 24]",35.7018780487805
"[21, 21, 21, 47, 55, 42, 11, 24, 21, 67, 17, 38, 24, 62, 24]",46.80122222222227
"[21, 21, 21, 47, 55, 42, 11, 24, 21, 67, 17, 38, 24, 62, 24]",52.74804471544714
"[21, 21, 21, 47, 55, 42, 11, 24, 21, 67, 17, 38, 24, 62, 24]",49.29615040650402
"[21, 21, 21, 47, 55, 42, 11, 24, 21, 67, 17, 38, 24, 62, 24]",54.62932384823839
"[21, 21, 21, 47, 55, 42, 11, 24, 21, 67, 17, 38, 24, 62, 24]",46.25062737127372
"[21, 21, 21, 47, 55, 42, 11, 24, 21, 67, 17, 38, 24, 62, 24]",42.180554200541934
"[21, 21, 21, 47, 55, 42, 11, 24, 21, 67, 17, 38, 24, 62, 24]",44.77807181571815
