"[26, 16, 32, 48, 43, 43, 13, 18, 40, 51, 55, 21, 1, 24, 64]",68.32302168021677
"[26, 16, 32, 48, 43, 43, 13, 18, 40, 51, 55, 21, 1, 24, 64]",55.253120596206024
"[26, 16, 32, 48, 43, 43, 13, 18, 40, 51, 56, 21, 1, 24, 63]",49.753429539295354
"[26, 16, 32, 48, 43, 43, 13, 18, 40, 51, 55, 21, 1, 24, 64]",69.5476707317073
"[26, 16, 32, 48, 43, 43, 13, 18, 40, 51, 55, 21, 1, 24, 64]",51.51207181571806
"[26, 16, 32, 48, 43, 43, 13, 18, 40, 51, 56, 21, 1, 24, 63]",45.89199593495931
"[26, 16, 32, 48, 43, 43, 13, 18, 40, 51, 55, 21, 1, 24, 64]",65.43124661246632
"[26, 16, 32, 48, 43, 43, 13, 18, 40, 51, 56, 21, 1, 24, 63]",56.52634552845537
"[26, 16, 32, 48, 43, 43, 13, 18, 40, 51, 55, 21, 1, 24, 64]",40.821769647696456
"[26, 16, 32, 48, 43, 43, 13, 18, 40, 51, 56, 21, 1, 24, 63]",48.0554268292684
"[26, 16, 32, 48, 43, 43, 13, 18, 40, 51, 55, 21, 1, 24, 64]",72.56503116531177
"[26, 16, 32, 48, 43, 43, 13, 18, 40, 51, 55, 21, 1, 24, 64]",61.71317615176145
"[26, 16, 32, 48, 43, 43, 13, 18, 40, 51, 56, 21, 1, 24, 63]",66.64568834688347
"[27, 16, 32, 47, 43, 43, 13, 18, 40, 51, 55, 21, 1, 24, 64]",68.66632384823855
"[26, 16, 32, 48, 43, 43, 13, 18, 40, 51, 56, 21, 1, 24, 63]",65.59037127371275
"[26, 16, 32, 48, 43, 43, 13, 18, 40, 51, 55, 21, 1, 24, 64]",45.66713143631433
"[26, 16, 32, 48, 43, 43, 13, 18, 40, 51, 56, 21, 1, 24, 63]",58.955685636856344
"[26, 16, 32, 48, 43, 43, 13, 18, 40, 51, 56, 21, 1, 24, 63]",54.4484891598916
"[26, 16, 32, 48, 43, 43, 13, 18, 40, 51, 56, 21, 1, 24, 63]",50.629892953929634
"[26, 16, 32, 48, 43, 43, 13, 18, 40, 51, 55, 21, 1, 24, 64]",54.829726287262766
"[26, 16, 32, 48, 43, 43, 13, 18, 40, 51, 55, 21, 1, 24, 64]",52.909960704607045
"[26, 16, 32, 48, 43, 43, 13, 18, 40, 51, 55, 21, 1, 24, 64]",47.13487533875338
"[26, 16, 32, 48, 43, 43, 13, 18, 40, 51, 56, 21, 1, 24, 63]",51.66801490514908
"[26, 16, 32, 48, 43, 43, 13, 18, 40, 51, 55, 21, 1, 24, 64]",37.551987804878074
"[26, 16, 32, 48, 43, 43, 13, 18, 40, 51, 55, 21, 1, 24, 64]",50.627868563685574
"[26, 16, 32, 48, 43, 43, 13, 18, 40, 51, 56, 21, 1, 24, 63]",34.942976964769656
"[26, 16, 32, 48, 43, 43, 13, 18, 40, 51, 55, 21, 1, 24, 64]",51.83131165311645
"[26, 16, 32, 48, 43, 43, 13, 18, 40, 51, 56, 21, 1, 24, 63]",53.965731707317026
"[26, 16, 32, 48, 43, 43, 13, 18, 40, 51, 55, 21, 1, 24, 64]",43.804575880758776
"[26, 16, 32, 48, 43, 43, 13, 18, 40, 51, 56, 21, 1, 24, 63]",37.7889119241192
"[26, 16, 32, 48, 43, 43, 13, 18, 40, 51, 55, 21, 1, 24, 64]",71.92883062330614
"[26, 16, 32, 48, 43, 43, 13, 18, 40, 51, 55, 21, 1, 24, 64]",487.3722452574528
"[26, 16, 32, 48, 43, 43, 13, 18, 40, 51, 56, 21, 1, 24, 63]",45.70090108401085
"[27, 16, 32, 47, 43, 43, 13, 18, 40, 51, 55, 21, 1, 24, 64]",489.2976924119243
"[26, 16, 32, 48, 43, 43, 13, 18, 40, 51, 56, 21, 1, 24, 63]",47.18328590785911
"[26, 16, 32, 48, 43, 43, 13, 18, 40, 51, 55, 21, 1, 24, 64]",43.67411382113816
"[26, 16, 32, 48, 43, 43, 13, 18, 40, 51, 56, 21, 1, 24, 63]",37.83015040650403
"[26, 16, 32, 48, 43, 43, 13, 18, 40, 51, 56, 21, 1, 24, 63]",45.26270189701894
"[26, 16, 32, 48, 43, 43, 13, 18, 40, 51, 56, 21, 1, 24, 63]",64.25406097560966
"[26, 16, 32, 48, 43, 43, 13, 18, 40, 51, 55, 21, 1, 24, 64]",35.67229403794042
"[26, 16, 32, 48, 43, 43, 13, 18, 40, 51, 55, 21, 1, 24, 64]",38.0301937669377
"[26, 16, 32, 48, 43, 43, 13, 18, 40, 51, 55, 21, 1, 24, 64]",32.9535826558266
"[26, 16, 32, 48, 43, 43, 13, 18, 40, 51, 56, 21, 1, 24, 63]",37.71295663956638
"[26, 16, 32, 48, 43, 43, 13, 18, 40, 51, 55, 21, 1, 24, 64]",43.9009552845529
"[26, 16, 32, 48, 43, 43, 13, 18, 40, 51, 55, 21, 1, 24, 64]",39.818119241192505
"[26, 16, 32, 48, 43, 43, 13, 18, 40, 51, 56, 21, 1, 24, 63]",34.60824390243903
"[26, 16, 32, 48, 43, 43, 13, 18, 40, 51, 55, 21, 1, 24, 64]",51.01284281842806
"[26, 16, 32, 48, 43, 43, 13, 18, 40, 51, 56, 21, 1, 24, 63]",46.583085365853655
"[26, 16, 32, 48, 43, 43, 13, 18, 40, 51, 55, 21, 1, 24, 64]",43.17868428184285
"[26, 16, 32, 48, 43, 43, 13, 18, 40, 51, 56, 21, 1, 24, 63]",37.81844308943089
"[26, 16, 32, 48, 43, 43, 13, 18, 40, 51, 55, 21, 1, 24, 64]",44.434575880758835
"[26, 16, 32, 48, 43, 43, 13, 18, 40, 51, 55, 21, 1, 24, 64]",44.20793902439025
"[26, 16, 32, 48, 43, 43, 13, 18, 40, 51, 56, 21, 1, 24, 63]",36.42147560975613
"[27, 16, 32, 47, 43, 43, 13, 18, 40, 51, 55, 21, 1, 24, 64]",483.8313848238488
"[26, 16, 32, 48, 43, 43, 13, 18, 40, 51, 56, 21, 1, 24, 63]",40.99746070460701
"[26, 16, 32, 48, 43, 43, 13, 18, 40, 51, 55, 21, 1, 24, 64]",42.63608130081295
"[26, 16, 32, 48, 43, 43, 13, 18, 40, 51, 56, 21, 1, 24, 63]",36.053284552845504
"[26, 16, 32, 48, 43, 43, 13, 18, 40, 51, 56, 21, 1, 24, 63]",52.8810040650407
"[26, 16, 32, 48, 43, 43, 13, 18, 40, 51, 56, 21, 1, 24, 63]",54.46135636856376
"[26, 16, 32, 48, 43, 43, 13, 18, 40, 51, 55, 21, 1, 24, 64]",34.653867208672125
"[26, 16, 32, 48, 43, 43, 13, 18, 40, 51, 55, 21, 1, 24, 64]",41.609331978319766
"[26, 16, 32, 48, 43, 43, 13, 18, 40, 51, 55, 21, 1, 24, 64]",46.83163821138209
"[26, 16, 32, 48, 43, 43, 13, 18, 40, 51, 56, 21, 1, 24, 63]",31.33627642276423
"[26, 16, 32, 48, 43, 43, 13, 18, 40, 51, 55, 21, 1, 24, 64]",40.83808130081294
"[26, 16, 32, 48, 43, 43, 13, 18, 40, 51, 55, 21, 1, 24, 64]",36.635219512195086
"[26, 16, 32, 48, 43, 43, 13, 18, 40, 51, 56, 21, 1, 24, 63]",38.611074525745245
"[26, 16, 32, 48, 43, 43, 13, 18, 40, 51, 55, 21, 1, 24, 64]",41.317275067750735
"[26, 16, 32, 48, 43, 43, 13, 18, 40, 51, 56, 21, 1, 24, 63]",37.45836856368567
"[26, 16, 32, 48, 43, 43, 13, 18, 40, 51, 55, 21, 1, 24, 64]",38.63102574525749
"[26, 16, 32, 48, 43, 43, 13, 18, 40, 51, 56, 21, 1, 24, 63]",36.5996300813008
"[26, 16, 32, 48, 43, 43, 13, 18, 40, 51, 55, 21, 1, 24, 64]",44.29194037940375
"[26, 16, 32, 48, 43, 43, 13, 18, 40, 51, 55, 21, 1, 24, 64]",40.63624796747964
"[26, 16, 32, 48, 43, 43, 13, 18, 40, 51, 56, 21, 1, 24, 63]",41.3208956639566
"[27, 16, 32, 47, 43, 43, 13, 18, 40, 51, 55, 21, 1, 24, 64]",509.73280487804857
"[26, 16, 32, 48, 43, 43, 13, 18, 40, 51, 56, 21, 1, 24, 63]",35.14339566395662
"[26, 16, 32, 48, 43, 43, 13, 18, 40, 51, 55, 21, 1, 24, 64]",42.9239864498645
"[26, 16, 32, 48, 43, 43, 13, 18, 40, 51, 56, 21, 1, 24, 63]",39.17797154471541
"[26, 16, 32, 48, 43, 43, 13, 18, 40, 51, 56, 21, 1, 24, 63]",46.52783197831981
"[26, 16, 32, 48, 43, 43, 13, 18, 40, 51, 56, 21, 1, 24, 63]",40.76223577235773
"[26, 16, 32, 48, 43, 43, 13, 18, 40, 51, 55, 21, 1, 24, 64]",35.23906775067756
"[26, 16, 32, 48, 43, 43, 13, 18, 40, 51, 55, 21, 1, 24, 64]",46.849662601625965
"[26, 16, 32, 48, 43, 43, 13, 18, 40, 51, 55, 21, 1, 24, 64]",35.41705284552854
"[26, 16, 32, 48, 43, 43, 13, 18, 40, 51, 56, 21, 1, 24, 63]",35.29583062330628
"[26, 16, 32, 48, 43, 43, 13, 18, 40, 51, 55, 21, 1, 24, 64]",35.96228997289974
"[26, 16, 32, 48, 43, 43, 13, 18, 40, 51, 55, 21, 1, 24, 64]",44.78370731707318
"[26, 16, 32, 48, 43, 43, 13, 18, 40, 51, 56, 21, 1, 24, 63]",489.03269376693845
"[26, 16, 32, 48, 43, 43, 13, 18, 40, 51, 55, 21, 1, 24, 64]",39.976901084010834
"[26, 16, 32, 48, 43, 43, 13, 18, 40, 51, 56, 21, 1, 24, 63]",31.98736314363144
"[26, 16, 32, 48, 43, 43, 13, 18, 40, 51, 55, 21, 1, 24, 64]",35.38022222222222
"[26, 16, 32, 48, 43, 43, 13, 18, 40, 51, 56, 21, 1, 24, 63]",45.51420867208658
"[26, 16, 32, 48, 43, 43, 13, 18, 40, 51, 55, 21, 1, 24, 64]",37.907203252032545
"[26, 16, 32, 48, 43, 43, 13, 18, 40, 51, 55, 21, 1, 24, 64]",37.29584959349595
"[26, 16, 32, 48, 43, 43, 13, 18, 40, 51, 56, 21, 1, 24, 63]",39.67740108401079
"[27, 16, 32, 47, 43, 43, 13, 18, 40, 51, 55, 21, 1, 24, 64]",32.98134552845528
"[26, 16, 32, 48, 43, 43, 13, 18, 40, 51, 56, 21, 1, 24, 63]",34.03581707317079
"[26, 16, 32, 48, 43, 43, 13, 18, 40, 51, 55, 21, 1, 24, 64]",36.28613956639567
"[26, 16, 32, 48, 43, 43, 13, 18, 40, 51, 56, 21, 1, 24, 63]",39.45803116531169
"[26, 16, 32, 48, 43, 43, 13, 18, 40, 51, 56, 21, 1, 24, 63]",38.27982791327911
"[26, 16, 32, 48, 43, 43, 13, 18, 40, 51, 56, 21, 1, 24, 63]",32.919792682926825
"[26, 16, 32, 48, 43, 43, 13, 18, 40, 51, 55, 21, 1, 24, 64]",39.52044444444451
"[26, 16, 32, 48, 43, 43, 13, 18, 40, 51, 55, 21, 1, 24, 64]",35.578915989159874
"[26, 16, 32, 48, 43, 43, 13, 18, 40, 51, 55, 21, 1, 24, 64]",36.526823848238486
"[26, 16, 32, 48, 43, 43, 13, 18, 40, 51, 56, 21, 1, 24, 63]",30.126140921409224
"[26, 16, 32, 48, 43, 43, 13, 18, 40, 51, 55, 21, 1, 24, 64]",36.0117886178862
"[26, 16, 32, 48, 43, 43, 13, 18, 40, 51, 55, 21, 1, 24, 64]",480.5463821138208
"[26, 16, 32, 48, 43, 43, 13, 18, 40, 51, 56, 21, 1, 24, 63]",506.5517981029807
"[26, 16, 32, 48, 43, 43, 13, 18, 40, 51, 55, 21, 1, 24, 64]",472.49643089430936
"[26, 16, 32, 48, 43, 43, 13, 18, 40, 51, 56, 21, 1, 24, 63]",482.23806910569095
"[26, 16, 32, 48, 43, 43, 13, 18, 40, 51, 55, 21, 1, 24, 64]",36.72328590785904
"[26, 16, 32, 48, 43, 43, 13, 18, 40, 51, 56, 21, 1, 24, 63]",479.5739119241188
"[26, 16, 32, 48, 43, 43, 13, 18, 40, 51, 55, 21, 1, 24, 64]",42.139326558265665
"[26, 16, 32, 48, 43, 43, 13, 18, 40, 51, 55, 21, 1, 24, 64]",33.18667208672088
"[26, 16, 32, 48, 43, 43, 13, 18, 40, 51, 56, 21, 1, 24, 63]",43.0419891598916
"[27, 16, 32, 47, 43, 43, 13, 18, 40, 51, 55, 21, 1, 24, 64]",43.0676002710027
"[26, 16, 32, 48, 43, 43, 13, 18, 40, 51, 56, 21, 1, 24, 63]",40.469406504065134
"[26, 16, 32, 48, 43, 43, 13, 18, 40, 51, 55, 21, 1, 24, 64]",502.5310325203258
"[26, 16, 32, 48, 43, 43, 13, 18, 40, 51, 56, 21, 1, 24, 63]",30.875233062330647
"[26, 16, 32, 48, 43, 43, 13, 18, 40, 51, 56, 21, 1, 24, 63]",481.6710799457984
"[26, 16, 32, 48, 43, 43, 13, 18, 40, 51, 56, 21, 1, 24, 63]",41.22782113821143
"[26, 16, 32, 48, 43, 43, 13, 18, 40, 51, 55, 21, 1, 24, 64]",34.9585731707317
"[26, 16, 32, 48, 43, 43, 13, 18, 40, 51, 55, 21, 1, 24, 64]",36.91256639566387
"[26, 16, 32, 48, 43, 43, 13, 18, 40, 51, 55, 21, 1, 24, 64]",476.74649999999946
"[26, 16, 32, 48, 43, 43, 13, 18, 40, 51, 56, 21, 1, 24, 63]",37.955987804878106
"[26, 16, 32, 48, 43, 43, 13, 18, 40, 51, 55, 21, 1, 24, 64]",34.731300813008154
"[26, 16, 32, 48, 43, 43, 13, 18, 40, 51, 55, 21, 1, 24, 64]",482.7957804878046
"[26, 16, 32, 48, 43, 43, 13, 18, 40, 51, 56, 21, 1, 24, 63]",38.253192411924125
"[26, 16, 32, 48, 43, 43, 13, 18, 40, 51, 55, 21, 1, 24, 64]",496.16260569105714
"[26, 16, 32, 48, 43, 43, 13, 18, 40, 51, 56, 21, 1, 24, 63]",33.414092140921376
"[26, 16, 32, 48, 43, 43, 13, 18, 40, 51, 55, 21, 1, 24, 64]",31.574352303523018
"[26, 16, 32, 48, 43, 43, 13, 18, 40, 51, 56, 21, 1, 24, 63]",489.2131151761513
"[26, 16, 32, 48, 43, 43, 13, 18, 40, 51, 55, 21, 1, 24, 64]",44.40476829268293
"[26, 16, 32, 48, 43, 43, 13, 18, 40, 51, 55, 21, 1, 24, 64]",485.72619918699235
"[26, 16, 32, 48, 43, 43, 13, 18, 40, 51, 56, 21, 1, 24, 63]",40.633966124661285
"[27, 16, 32, 47, 43, 43, 13, 18, 40, 51, 55, 21, 1, 24, 64]",39.634531165311635
"[26, 16, 32, 48, 43, 43, 13, 18, 40, 51, 56, 21, 1, 24, 63]",31.81068428184287
"[26, 16, 32, 48, 43, 43, 13, 18, 40, 51, 55, 21, 1, 24, 64]",470.14625203252115
"[26, 16, 32, 48, 43, 43, 13, 18, 40, 51, 56, 21, 1, 24, 63]",34.38223983739843
"[26, 16, 32, 48, 43, 43, 13, 18, 40, 51, 56, 21, 1, 24, 63]",475.46662059620627
"[26, 16, 32, 48, 43, 43, 13, 18, 40, 51, 56, 21, 1, 24, 63]",41.04697289972895
"[26, 16, 32, 48, 43, 43, 13, 18, 40, 51, 55, 21, 1, 24, 64]",35.84551084010836
"[26, 16, 32, 48, 43, 43, 13, 18, 40, 51, 55, 21, 1, 24, 64]",29.96378861788626
"[26, 16, 32, 48, 43, 43, 13, 18, 40, 51, 55, 21, 1, 24, 64]",486.35254336043397
"[26, 16, 32, 48, 43, 43, 13, 18, 40, 51, 56, 21, 1, 24, 63]",34.32151084010841
"[26, 16, 32, 48, 43, 43, 13, 18, 40, 51, 55, 21, 1, 24, 64]",30.492415989159895
"[26, 16, 32, 48, 43, 43, 13, 18, 40, 51, 55, 21, 1, 24, 64]",483.1858401084012
"[26, 16, 32, 48, 43, 43, 13, 18, 40, 51, 56, 21, 1, 24, 63]",32.524182926829276
"[26, 16, 32, 48, 43, 43, 13, 18, 40, 51, 55, 21, 1, 24, 64]",469.8907737127364
"[26, 16, 32, 48, 43, 43, 13, 18, 40, 51, 56, 21, 1, 24, 63]",39.640601626016256
"[26, 16, 32, 48, 43, 43, 13, 18, 40, 51, 55, 21, 1, 24, 64]",37.19630623306235
"[26, 16, 32, 48, 43, 43, 13, 18, 40, 51, 56, 21, 1, 24, 63]",458.27152981029826
"[26, 16, 32, 48, 43, 43, 13, 18, 40, 51, 55, 21, 1, 24, 64]",38.85077642276419
"[26, 16, 32, 48, 43, 43, 13, 18, 40, 51, 55, 21, 1, 24, 64]",480.60434823848163
"[26, 16, 32, 48, 43, 43, 13, 18, 40, 51, 56, 21, 1, 24, 63]",36.51199999999999
"[27, 16, 32, 47, 43, 43, 13, 18, 40, 51, 55, 21, 1, 24, 64]",37.35499728997293
"[26, 16, 32, 48, 43, 43, 13, 18, 40, 51, 56, 21, 1, 24, 63]",41.05103387533871
"[26, 16, 32, 48, 43, 43, 13, 18, 40, 51, 55, 21, 1, 24, 64]",38.71595257452573
"[26, 16, 32, 48, 43, 43, 13, 18, 40, 51, 56, 21, 1, 24, 63]",35.8528130081301
"[26, 16, 32, 48, 43, 43, 13, 18, 40, 51, 56, 21, 1, 24, 63]",37.591891598915986
"[26, 16, 32, 48, 43, 43, 13, 18, 40, 51, 56, 21, 1, 24, 63]",44.785211382113886
"[26, 16, 32, 48, 43, 43, 13, 18, 40, 51, 55, 21, 1, 24, 64]",39.91242140921401
"[26, 16, 32, 48, 43, 43, 13, 18, 40, 51, 55, 21, 1, 24, 64]",31.67600542005421
"[26, 16, 32, 48, 43, 43, 13, 18, 40, 51, 55, 21, 1, 24, 64]",476.69161246612515
"[26, 16, 32, 48, 43, 43, 13, 18, 40, 51, 56, 21, 1, 24, 63]",34.72813143631437
"[26, 16, 32, 48, 43, 43, 13, 18, 40, 51, 55, 21, 1, 24, 64]",33.4597073170732
"[26, 16, 32, 48, 43, 43, 13, 18, 40, 51, 55, 21, 1, 24, 64]",490.9735542005426
"[26, 16, 32, 48, 43, 43, 13, 18, 40, 51, 56, 21, 1, 24, 63]",34.345581300813045
"[26, 16, 32, 48, 43, 43, 13, 18, 40, 51, 55, 21, 1, 24, 64]",484.61906368563683
"[26, 16, 32, 48, 43, 43, 13, 18, 40, 51, 56, 21, 1, 24, 63]",44.28732791327909
"[26, 16, 32, 48, 43, 43, 13, 18, 40, 51, 55, 21, 1, 24, 64]",39.57804607046072
"[26, 16, 32, 48, 43, 43, 13, 18, 40, 51, 56, 21, 1, 24, 63]",34.92539566395665
"[26, 16, 32, 48, 43, 43, 13, 18, 40, 51, 55, 21, 1, 24, 64]",477.56792140921493
"[26, 16, 32, 48, 43, 43, 13, 18, 40, 51, 55, 21, 1, 24, 64]",513.938868563685
"[26, 16, 32, 48, 43, 43, 13, 18, 40, 51, 56, 21, 1, 24, 63]",31.38396612466124
"[27, 16, 32, 47, 43, 43, 13, 18, 40, 51, 55, 21, 1, 24, 64]",45.63058672086719
"[26, 16, 32, 48, 43, 43, 13, 18, 40, 51, 56, 21, 1, 24, 63]",32.48185365853658
"[26, 16, 32, 48, 43, 43, 13, 18, 40, 51, 55, 21, 1, 24, 64]",38.8409132791329
"[26, 16, 32, 48, 43, 43, 13, 18, 40, 51, 56, 21, 1, 24, 63]",31.765796747967514
"[26, 16, 32, 48, 43, 43, 13, 18, 40, 51, 56, 21, 1, 24, 63]",34.93943360433607
"[26, 16, 32, 48, 43, 43, 13, 18, 40, 51, 56, 21, 1, 24, 63]",30.815304878048746
"[26, 16, 32, 48, 43, 43, 13, 18, 40, 51, 55, 21, 1, 24, 64]",37.49099728997292
"[26, 16, 32, 48, 43, 43, 13, 18, 40, 51, 55, 21, 1, 24, 64]",35.88876287262881
"[26, 16, 32, 48, 43, 43, 13, 18, 40, 51, 55, 21, 1, 24, 64]",32.97111653116532
"[26, 16, 32, 48, 43, 43, 13, 18, 40, 51, 56, 21, 1, 24, 63]",37.30660704607044
"[26, 16, 32, 48, 43, 43, 13, 18, 40, 51, 55, 21, 1, 24, 64]",39.86438888888885
"[26, 16, 32, 48, 43, 43, 13, 18, 40, 51, 55, 21, 1, 24, 64]",36.93718292682918
"[26, 16, 32, 48, 43, 43, 13, 18, 40, 51, 56, 21, 1, 24, 63]",30.771271002709998
"[26, 16, 32, 48, 43, 43, 13, 18, 40, 51, 55, 21, 1, 24, 64]",34.73196747967479
"[26, 16, 32, 48, 43, 43, 13, 18, 40, 51, 56, 21, 1, 24, 63]",36.98272764227642
"[26, 16, 32, 48, 43, 43, 13, 18, 40, 51, 55, 21, 1, 24, 64]",34.86589430894309
"[26, 16, 32, 48, 43, 43, 13, 18, 40, 51, 56, 21, 1, 24, 63]",41.02668563685628
"[26, 16, 32, 48, 43, 43, 13, 18, 40, 51, 55, 21, 1, 24, 64]",29.594146341463347
"[26, 16, 32, 48, 43, 43, 13, 18, 40, 51, 55, 21, 1, 24, 64]",35.2157276422764
"[26, 16, 32, 48, 43, 43, 13, 18, 40, 51, 56, 21, 1, 24, 63]",33.34505420054198
"[27, 16, 32, 47, 43, 43, 13, 18, 40, 51, 55, 21, 1, 24, 64]",496.14444850948547
"[26, 16, 32, 48, 43, 43, 13, 18, 40, 51, 56, 21, 1, 24, 63]",32.314501355013554
"[26, 16, 32, 48, 43, 43, 13, 18, 40, 51, 55, 21, 1, 24, 64]",41.23428861788619
"[26, 16, 32, 48, 43, 43, 13, 18, 40, 51, 56, 21, 1, 24, 63]",36.15670596205963
"[26, 16, 32, 48, 43, 43, 13, 18, 40, 51, 56, 21, 1, 24, 63]",41.41762737127366
"[26, 16, 32, 48, 43, 43, 13, 18, 40, 51, 56, 21, 1, 24, 63]",494.07477506775064
"[26, 16, 32, 48, 43, 43, 13, 18, 40, 51, 55, 21, 1, 24, 64]",34.941220867208656
"[26, 16, 32, 48, 43, 43, 13, 18, 40, 51, 55, 21, 1, 24, 64]",34.092368563685646
"[26, 16, 32, 48, 43, 43, 13, 18, 40, 51, 55, 21, 1, 24, 64]",35.39332520325202
"[26, 16, 32, 48, 43, 43, 13, 18, 40, 51, 56, 21, 1, 24, 63]",35.3630447154472
"[26, 16, 32, 48, 43, 43, 13, 18, 40, 51, 55, 21, 1, 24, 64]",31.512273712737105
"[26, 16, 32, 48, 43, 43, 13, 18, 40, 51, 55, 21, 1, 24, 64]",38.23876016260163
"[26, 16, 32, 48, 43, 43, 13, 18, 40, 51, 56, 21, 1, 24, 63]",42.05622222222223
"[26, 16, 32, 48, 43, 43, 13, 18, 40, 51, 55, 21, 1, 24, 64]",31.752855013550143
"[26, 16, 32, 48, 43, 43, 13, 18, 40, 51, 56, 21, 1, 24, 63]",30.767993224932226
"[26, 16, 32, 48, 43, 43, 13, 18, 40, 51, 55, 21, 1, 24, 64]",31.352662601625987
"[26, 16, 32, 48, 43, 43, 13, 18, 40, 51, 56, 21, 1, 24, 63]",46.497325203252046
"[26, 16, 32, 48, 43, 43, 13, 18, 40, 51, 55, 21, 1, 24, 64]",31.39398780487799
"[26, 16, 32, 48, 43, 43, 13, 18, 40, 51, 55, 21, 1, 24, 64]",40.39614227642272
"[26, 16, 32, 48, 43, 43, 13, 18, 40, 51, 56, 21, 1, 24, 63]",40.80059891598914
"[27, 16, 32, 47, 43, 43, 13, 18, 40, 51, 55, 21, 1, 24, 64]",463.89280487804837
"[26, 16, 32, 48, 43, 43, 13, 18, 40, 51, 56, 21, 1, 24, 63]",36.265201897018905
"[26, 16, 32, 48, 43, 43, 13, 18, 40, 51, 55, 21, 1, 24, 64]",38.3164146341464
"[26, 16, 32, 48, 43, 43, 13, 18, 40, 51, 56, 21, 1, 24, 63]",31.974189701897046
"[26, 16, 32, 48, 43, 43, 13, 18, 40, 51, 56, 21, 1, 24, 63]",32.958071815718206
"[26, 16, 32, 48, 43, 43, 13, 18, 40, 51, 56, 21, 1, 24, 63]",502.1910460704597
"[26, 16, 32, 48, 43, 43, 13, 18, 40, 51, 55, 21, 1, 24, 64]",35.15146070460704
"[26, 16, 32, 48, 43, 43, 13, 18, 40, 51, 55, 21, 1, 24, 64]",35.29519512195119
"[26, 16, 32, 48, 43, 43, 13, 18, 40, 51, 55, 21, 1, 24, 64]",35.828920054200566
"[26, 16, 32, 48, 43, 43, 13, 18, 40, 51, 56, 21, 1, 24, 63]",478.4860298102983
"[26, 16, 32, 48, 43, 43, 13, 18, 40, 51, 55, 21, 1, 24, 64]",38.970699186991894
"[26, 16, 32, 48, 43, 43, 13, 18, 40, 51, 55, 21, 1, 24, 64]",36.96246883468836
"[26, 16, 32, 48, 43, 43, 13, 18, 40, 51, 56, 21, 1, 24, 63]",38.42333062330622
"[26, 16, 32, 48, 43, 43, 13, 18, 40, 51, 55, 21, 1, 24, 64]",41.0701368563685
"[26, 16, 32, 48, 43, 43, 13, 18, 40, 51, 56, 21, 1, 24, 63]",31.273771002710017
"[26, 16, 32, 48, 43, 43, 13, 18, 40, 51, 55, 21, 1, 24, 64]",30.940310298103014
"[26, 16, 32, 48, 43, 43, 13, 18, 40, 51, 56, 21, 1, 24, 63]",35.66565853658534
"[26, 16, 32, 48, 43, 43, 13, 18, 40, 51, 55, 21, 1, 24, 64]",35.473188346883425
"[26, 16, 32, 48, 43, 43, 13, 18, 40, 51, 55, 21, 1, 24, 64]",36.74457317073172
"[26, 16, 32, 48, 43, 43, 13, 18, 40, 51, 56, 21, 1, 24, 63]",494.971002710027
"[27, 16, 32, 47, 43, 43, 13, 18, 40, 51, 55, 21, 1, 24, 64]",466.36225338753457
"[26, 16, 32, 48, 43, 43, 13, 18, 40, 51, 56, 21, 1, 24, 63]",33.32677371273714
"[26, 16, 32, 48, 43, 43, 13, 18, 40, 51, 55, 21, 1, 24, 64]",31.73162872628727
"[26, 16, 32, 48, 43, 43, 13, 18, 40, 51, 56, 21, 1, 24, 63]",36.44013550135499
"[26, 16, 32, 48, 43, 43, 13, 18, 40, 51, 56, 21, 1, 24, 63]",33.028776422764196
"[26, 16, 32, 48, 43, 43, 13, 18, 40, 51, 56, 21, 1, 24, 63]",457.3669566395659
"[26, 16, 32, 48, 43, 43, 13, 18, 40, 51, 55, 21, 1, 24, 64]",28.230212737127424
"[26, 16, 32, 48, 43, 43, 13, 18, 40, 51, 55, 21, 1, 24, 64]",33.52961653116529
"[26, 16, 32, 48, 43, 43, 13, 18, 40, 51, 55, 21, 1, 24, 64]",33.5420758807588
"[26, 16, 32, 48, 43, 43, 13, 18, 40, 51, 56, 21, 1, 24, 63]",497.8106314363146
"[26, 16, 32, 48, 43, 43, 13, 18, 40, 51, 55, 21, 1, 24, 64]",37.295506775067714
"[26, 16, 32, 48, 43, 43, 13, 18, 40, 51, 55, 21, 1, 24, 64]",35.778323848238394
"[26, 16, 32, 48, 43, 43, 13, 18, 40, 51, 56, 21, 1, 24, 63]",31.78995392953925
"[26, 16, 32, 48, 43, 43, 13, 18, 40, 51, 55, 21, 1, 24, 64]",42.0595609756098
"[26, 16, 32, 48, 43, 43, 13, 18, 40, 51, 56, 21, 1, 24, 63]",34.37113821138211
"[26, 16, 32, 48, 43, 43, 13, 18, 40, 51, 55, 21, 1, 24, 64]",37.31019376693768
"[26, 16, 32, 48, 43, 43, 13, 18, 40, 51, 56, 21, 1, 24, 63]",36.79819783197831
"[26, 16, 32, 48, 43, 43, 13, 18, 40, 51, 55, 21, 1, 24, 64]",39.1408848238482
"[26, 16, 32, 48, 43, 43, 13, 18, 40, 51, 55, 21, 1, 24, 64]",38.84318292682931
"[26, 16, 32, 48, 43, 43, 13, 18, 40, 51, 56, 21, 1, 24, 63]",32.84870867208679
"[27, 16, 32, 47, 43, 43, 13, 18, 40, 51, 55, 21, 1, 24, 64]",36.36820596205962
"[26, 16, 32, 48, 43, 43, 13, 18, 40, 51, 56, 21, 1, 24, 63]",35.60357181571812
"[26, 16, 32, 48, 43, 43, 13, 18, 40, 51, 55, 21, 1, 24, 64]",36.016457994579916
"[26, 16, 32, 48, 43, 43, 13, 18, 40, 51, 56, 21, 1, 24, 63]",32.97990514905152
"[26, 16, 32, 48, 43, 43, 13, 18, 40, 51, 56, 21, 1, 24, 63]",510.07914498644885
"[26, 16, 32, 48, 43, 43, 13, 18, 40, 51, 56, 21, 1, 24, 63]",32.11577235772356
"[26, 16, 32, 48, 43, 43, 13, 18, 40, 51, 55, 21, 1, 24, 64]",36.47179132791329
"[26, 16, 32, 48, 43, 43, 13, 18, 40, 51, 55, 21, 1, 24, 64]",40.14203794037939
"[26, 16, 32, 48, 43, 43, 13, 18, 40, 51, 55, 21, 1, 24, 64]",473.27756775067684
"[26, 16, 32, 48, 43, 43, 13, 18, 40, 51, 56, 21, 1, 24, 63]",464.78399322493107
"[26, 16, 32, 48, 43, 43, 13, 18, 40, 51, 55, 21, 1, 24, 64]",31.985621951219468
"[26, 16, 32, 48, 43, 43, 13, 18, 40, 51, 55, 21, 1, 24, 64]",31.83374796747971
"[26, 16, 32, 48, 43, 43, 13, 18, 40, 51, 56, 21, 1, 24, 63]",41.06504878048788
"[26, 16, 32, 48, 43, 43, 13, 18, 40, 51, 55, 21, 1, 24, 64]",38.327849593495934
"[26, 16, 32, 48, 43, 43, 13, 18, 40, 51, 56, 21, 1, 24, 63]",32.3161978319783
"[26, 16, 32, 48, 43, 43, 13, 18, 40, 51, 55, 21, 1, 24, 64]",32.732159891598876
"[26, 16, 32, 48, 43, 43, 13, 18, 40, 51, 56, 21, 1, 24, 63]",46.19755691056918
"[26, 16, 32, 48, 43, 43, 13, 18, 40, 51, 55, 21, 1, 24, 64]",42.4773184281843
"[26, 16, 32, 48, 43, 43, 13, 18, 40, 51, 55, 21, 1, 24, 64]",479.6563184281848
"[26, 16, 32, 48, 43, 43, 13, 18, 40, 51, 56, 21, 1, 24, 63]",32.26132791327914
"[27, 16, 32, 47, 43, 43, 13, 18, 40, 51, 55, 21, 1, 24, 64]",36.89857994579947
"[26, 16, 32, 48, 43, 43, 13, 18, 40, 51, 56, 21, 1, 24, 63]",39.727197831978295
"[26, 16, 32, 48, 43, 43, 13, 18, 40, 51, 55, 21, 1, 24, 64]",37.222285907859096
"[26, 16, 32, 48, 43, 43, 13, 18, 40, 51, 56, 21, 1, 24, 63]",33.19250677506776
"[26, 16, 32, 48, 43, 43, 13, 18, 40, 51, 56, 21, 1, 24, 63]",497.24957452574455
"[26, 16, 32, 48, 43, 43, 13, 18, 40, 51, 56, 21, 1, 24, 63]",37.68323712737122
"[26, 16, 32, 48, 43, 43, 13, 18, 40, 51, 55, 21, 1, 24, 64]",30.68685501355014
"[26, 16, 32, 48, 43, 43, 13, 18, 40, 51, 55, 21, 1, 24, 64]",33.95536314363142
"[26, 16, 32, 48, 43, 43, 13, 18, 40, 51, 55, 21, 1, 24, 64]",469.5712127371264
"[26, 16, 32, 48, 43, 43, 13, 18, 40, 51, 56, 21, 1, 24, 63]",39.7733590785908
"[26, 16, 32, 48, 43, 43, 13, 18, 40, 51, 55, 21, 1, 24, 64]",37.113994579945846
"[26, 16, 32, 48, 43, 43, 13, 18, 40, 51, 55, 21, 1, 24, 64]",32.94219783197835
"[26, 16, 32, 48, 43, 43, 13, 18, 40, 51, 56, 21, 1, 24, 63]",38.46240243902442
"[26, 16, 32, 48, 43, 43, 13, 18, 40, 51, 55, 21, 1, 24, 64]",34.53909485094862
"[26, 16, 32, 48, 43, 43, 13, 18, 40, 51, 56, 21, 1, 24, 63]",30.888231707317093
"[26, 16, 32, 48, 43, 43, 13, 18, 40, 51, 55, 21, 1, 24, 64]",34.72878455284557
"[26, 16, 32, 48, 43, 43, 13, 18, 40, 51, 56, 21, 1, 24, 63]",41.19726422764226
"[26, 16, 32, 48, 43, 43, 13, 18, 40, 51, 55, 21, 1, 24, 64]",32.59294444444448
"[26, 16, 32, 48, 43, 43, 13, 18, 40, 51, 55, 21, 1, 24, 64]",489.3511002710033
"[26, 16, 32, 48, 43, 43, 13, 18, 40, 51, 56, 21, 1, 24, 63]",34.2064254742547
"[27, 16, 32, 47, 43, 43, 13, 18, 40, 51, 55, 21, 1, 24, 64]",36.53692411924114
"[26, 16, 32, 48, 43, 43, 13, 18, 40, 51, 56, 21, 1, 24, 63]",34.29986585365852
"[26, 16, 32, 48, 43, 43, 13, 18, 40, 51, 55, 21, 1, 24, 64]",32.850788617886145
"[26, 16, 32, 48, 43, 43, 13, 18, 40, 51, 56, 21, 1, 24, 63]",36.923495934959426
"[26, 16, 32, 48, 43, 43, 13, 18, 40, 51, 56, 21, 1, 24, 63]",476.24169376693783
"[26, 16, 32, 48, 43, 43, 13, 18, 40, 51, 56, 21, 1, 24, 63]",36.52420189701893
"[26, 16, 32, 48, 43, 43, 13, 18, 40, 51, 55, 21, 1, 24, 64]",31.686246612466107
"[26, 16, 32, 48, 43, 43, 13, 18, 40, 51, 55, 21, 1, 24, 64]",35.33937940379401
"[26, 16, 32, 48, 43, 43, 13, 18, 40, 51, 55, 21, 1, 24, 64]",500.369417344174
"[26, 16, 32, 48, 43, 43, 13, 18, 40, 51, 56, 21, 1, 24, 63]",43.33754878048781
"[26, 16, 32, 48, 43, 43, 13, 18, 40, 51, 55, 21, 1, 24, 64]",31.85826287262876
"[26, 16, 32, 48, 43, 43, 13, 18, 40, 51, 55, 21, 1, 24, 64]",465.1504769647694
"[26, 16, 32, 48, 43, 43, 13, 18, 40, 51, 56, 21, 1, 24, 63]",32.594281842818425
"[26, 16, 32, 48, 43, 43, 13, 18, 40, 51, 55, 21, 1, 24, 64]",36.23024661246607
"[26, 16, 32, 48, 43, 43, 13, 18, 40, 51, 56, 21, 1, 24, 63]",38.12641192411912
"[26, 16, 32, 48, 43, 43, 13, 18, 40, 51, 55, 21, 1, 24, 64]",31.365215447154497
"[26, 16, 32, 48, 43, 43, 13, 18, 40, 51, 56, 21, 1, 24, 63]",38.49222086720864
"[26, 16, 32, 48, 43, 43, 13, 18, 40, 51, 55, 21, 1, 24, 64]",38.33907859078586
"[26, 16, 32, 48, 43, 43, 13, 18, 40, 51, 55, 21, 1, 24, 64]",36.23580487804877
"[26, 16, 32, 48, 43, 43, 13, 18, 40, 51, 56, 21, 1, 24, 63]",34.17234552845532
"[27, 16, 32, 47, 43, 43, 13, 18, 40, 51, 55, 21, 1, 24, 64]",39.11288617886181
"[26, 16, 32, 48, 43, 43, 13, 18, 40, 51, 56, 21, 1, 24, 63]",35.00263279132789
"[26, 16, 32, 48, 43, 43, 13, 18, 40, 51, 55, 21, 1, 24, 64]",34.66842005420048
"[26, 16, 32, 48, 43, 43, 13, 18, 40, 51, 56, 21, 1, 24, 63]",36.38155149051499
"[26, 16, 32, 48, 43, 43, 13, 18, 40, 51, 56, 21, 1, 24, 63]",41.791313008130075
"[26, 16, 32, 48, 43, 43, 13, 18, 40, 51, 56, 21, 1, 24, 63]",32.04989701897024
"[26, 16, 32, 48, 43, 43, 13, 18, 40, 51, 55, 21, 1, 24, 64]",40.38541327913281
"[26, 16, 32, 48, 43, 43, 13, 18, 40, 51, 55, 21, 1, 24, 64]",29.797577235772337
"[26, 16, 32, 48, 43, 43, 13, 18, 40, 51, 55, 21, 1, 24, 64]",37.91269376693761
"[26, 16, 32, 48, 43, 43, 13, 18, 40, 51, 56, 21, 1, 24, 63]",42.590947154471586
"[26, 16, 32, 48, 43, 43, 13, 18, 40, 51, 55, 21, 1, 24, 64]",37.7408319783198
"[26, 16, 32, 48, 43, 43, 13, 18, 40, 51, 55, 21, 1, 24, 64]",34.3351124661247
"[26, 16, 32, 48, 43, 43, 13, 18, 40, 51, 56, 21, 1, 24, 63]",36.98164634146339
"[26, 16, 32, 48, 43, 43, 13, 18, 40, 51, 55, 21, 1, 24, 64]",45.251397018970245
"[26, 16, 32, 48, 43, 43, 13, 18, 40, 51, 56, 21, 1, 24, 63]",34.50973306233064
"[26, 16, 32, 48, 43, 43, 13, 18, 40, 51, 55, 21, 1, 24, 64]",37.54426558265578
"[26, 16, 32, 48, 43, 43, 13, 18, 40, 51, 56, 21, 1, 24, 63]",39.3795758807588
"[26, 16, 32, 48, 43, 43, 13, 18, 40, 51, 55, 21, 1, 24, 64]",34.662995934959305
"[26, 16, 32, 48, 43, 43, 13, 18, 40, 51, 55, 21, 1, 24, 64]",33.17407994579943
"[26, 16, 32, 48, 43, 43, 13, 18, 40, 51, 56, 21, 1, 24, 63]",34.21178184281845
"[27, 16, 32, 47, 43, 43, 13, 18, 40, 51, 55, 21, 1, 24, 64]",34.183848238482355
"[26, 16, 32, 48, 43, 43, 13, 18, 40, 51, 56, 21, 1, 24, 63]",34.01972764227645
"[26, 16, 32, 48, 43, 43, 13, 18, 40, 51, 55, 21, 1, 24, 64]",41.584303523035246
"[26, 16, 32, 48, 43, 43, 13, 18, 40, 51, 56, 21, 1, 24, 63]",41.604728997289996
"[26, 16, 32, 48, 43, 43, 13, 18, 40, 51, 56, 21, 1, 24, 63]",37.38182791327911
"[26, 16, 32, 48, 43, 43, 13, 18, 40, 51, 56, 21, 1, 24, 63]",33.59937127371272
"[26, 16, 32, 48, 43, 43, 13, 18, 40, 51, 55, 21, 1, 24, 64]",535.0857967479676
"[26, 16, 32, 48, 43, 43, 13, 18, 40, 51, 55, 21, 1, 24, 64]",36.65108130081302
"[26, 16, 32, 48, 43, 43, 13, 18, 40, 51, 55, 21, 1, 24, 64]",41.62285365853661
"[26, 16, 32, 48, 43, 43, 13, 18, 40, 51, 56, 21, 1, 24, 63]",35.77856910569103
"[26, 16, 32, 48, 43, 43, 13, 18, 40, 51, 55, 21, 1, 24, 64]",29.73686314363143
"[26, 16, 32, 48, 43, 43, 13, 18, 40, 51, 55, 21, 1, 24, 64]",41.231554200542035
"[26, 16, 32, 48, 43, 43, 13, 18, 40, 51, 56, 21, 1, 24, 63]",37.399714092140954
"[26, 16, 32, 48, 43, 43, 13, 18, 40, 51, 55, 21, 1, 24, 64]",34.76830623306239
"[26, 16, 32, 48, 43, 43, 13, 18, 40, 51, 56, 21, 1, 24, 63]",39.702288617886175
"[26, 16, 32, 48, 43, 43, 13, 18, 40, 51, 55, 21, 1, 24, 64]",35.614391598915994
"[26, 16, 32, 48, 43, 43, 13, 18, 40, 51, 56, 21, 1, 24, 63]",39.264398373983745
"[26, 16, 32, 48, 43, 43, 13, 18, 40, 51, 55, 21, 1, 24, 64]",35.79843766937672
"[26, 16, 32, 48, 43, 43, 13, 18, 40, 51, 55, 21, 1, 24, 64]",33.447466124661226
"[26, 16, 32, 48, 43, 43, 13, 18, 40, 51, 56, 21, 1, 24, 63]",40.26496205962069
"[27, 16, 32, 47, 43, 43, 13, 18, 40, 51, 55, 21, 1, 24, 64]",36.138947154471516
"[26, 16, 32, 48, 43, 43, 13, 18, 40, 51, 56, 21, 1, 24, 63]",37.119033875338765
"[26, 16, 32, 48, 43, 43, 13, 18, 40, 51, 55, 21, 1, 24, 64]",37.323525745257456
"[26, 16, 32, 48, 43, 43, 13, 18, 40, 51, 56, 21, 1, 24, 63]",477.82730623306264
"[26, 16, 32, 48, 43, 43, 13, 18, 40, 51, 56, 21, 1, 24, 63]",45.077978319783234
"[26, 16, 32, 48, 43, 43, 13, 18, 40, 51, 56, 21, 1, 24, 63]",33.733604336043406
"[26, 16, 32, 48, 43, 43, 13, 18, 40, 51, 55, 21, 1, 24, 64]",41.87454065040647
"[26, 16, 32, 48, 43, 43, 13, 18, 40, 51, 55, 21, 1, 24, 64]",28.27154200542002
"[26, 16, 32, 48, 43, 43, 13, 18, 40, 51, 55, 21, 1, 24, 64]",38.13970731707318
"[26, 16, 32, 48, 43, 43, 13, 18, 40, 51, 56, 21, 1, 24, 63]",31.62312601626012
"[26, 16, 32, 48, 43, 43, 13, 18, 40, 51, 55, 21, 1, 24, 64]",32.8123021680217
"[26, 16, 32, 48, 43, 43, 13, 18, 40, 51, 55, 21, 1, 24, 64]",36.919592140921374
"[26, 16, 32, 48, 43, 43, 13, 18, 40, 51, 56, 21, 1, 24, 63]",39.80163685636849
"[26, 16, 32, 48, 43, 43, 13, 18, 40, 51, 55, 21, 1, 24, 64]",28.324271002710017
"[26, 16, 32, 48, 43, 43, 13, 18, 40, 51, 56, 21, 1, 24, 63]",37.98919376693758
"[26, 16, 32, 48, 43, 43, 13, 18, 40, 51, 55, 21, 1, 24, 64]",32.38179268292688
"[26, 16, 32, 48, 43, 43, 13, 18, 40, 51, 56, 21, 1, 24, 63]",30.96915582655823
"[26, 16, 32, 48, 43, 43, 13, 18, 40, 51, 55, 21, 1, 24, 64]",34.02910298102978
"[26, 16, 32, 48, 43, 43, 13, 18, 40, 51, 55, 21, 1, 24, 64]",32.76823983739843
"[26, 16, 32, 48, 43, 43, 13, 18, 40, 51, 56, 21, 1, 24, 63]",30.395256097560985
"[27, 16, 32, 47, 43, 43, 13, 18, 40, 51, 55, 21, 1, 24, 64]",35.43842547425471
"[26, 16, 32, 48, 43, 43, 13, 18, 40, 51, 56, 21, 1, 24, 63]",35.76570189701897
"[26, 16, 32, 48, 43, 43, 13, 18, 40, 51, 55, 21, 1, 24, 64]",35.569574525745246
"[26, 16, 32, 48, 43, 43, 13, 18, 40, 51, 56, 21, 1, 24, 63]",33.22661382113821
"[26, 16, 32, 48, 43, 43, 13, 18, 40, 51, 56, 21, 1, 24, 63]",29.874162601626015
"[26, 16, 32, 48, 43, 43, 13, 18, 40, 51, 56, 21, 1, 24, 63]",36.24427506775065
"[26, 16, 32, 48, 43, 43, 13, 18, 40, 51, 55, 21, 1, 24, 64]",497.0754281842818
"[26, 16, 32, 48, 43, 43, 13, 18, 40, 51, 55, 21, 1, 24, 64]",34.35618834688351
"[26, 16, 32, 48, 43, 43, 13, 18, 40, 51, 55, 21, 1, 24, 64]",37.50483062330627
"[26, 16, 32, 48, 43, 43, 13, 18, 40, 51, 56, 21, 1, 24, 63]",39.07937262872622
"[26, 16, 32, 48, 43, 43, 13, 18, 40, 51, 55, 21, 1, 24, 64]",39.134058265582695
"[26, 16, 32, 48, 43, 43, 13, 18, 40, 51, 55, 21, 1, 24, 64]",40.53245121951221
"[26, 16, 32, 48, 43, 43, 13, 18, 40, 51, 56, 21, 1, 24, 63]",32.8530311653117
"[26, 16, 32, 48, 43, 43, 13, 18, 40, 51, 55, 21, 1, 24, 64]",34.53552574525743
"[26, 16, 32, 48, 43, 43, 13, 18, 40, 51, 56, 21, 1, 24, 63]",37.065131436314395
"[26, 16, 32, 48, 43, 43, 13, 18, 40, 51, 55, 21, 1, 24, 64]",37.98178590785904
"[26, 16, 32, 48, 43, 43, 13, 18, 40, 51, 56, 21, 1, 24, 63]",32.93916260162602
"[26, 16, 32, 48, 43, 43, 13, 18, 40, 51, 55, 21, 1, 24, 64]",38.71633739837407
"[26, 16, 32, 48, 43, 43, 13, 18, 40, 51, 55, 21, 1, 24, 64]",42.02986585365853
"[26, 16, 32, 48, 43, 43, 13, 18, 40, 51, 56, 21, 1, 24, 63]",32.4878888888889
"[27, 16, 32, 47, 43, 43, 13, 18, 40, 51, 55, 21, 1, 24, 64]",28.25154200542005
"[26, 16, 32, 48, 43, 43, 13, 18, 40, 51, 56, 21, 1, 24, 63]",36.654586720867194
"[26, 16, 32, 48, 43, 43, 13, 18, 40, 51, 55, 21, 1, 24, 64]",38.72020731707323
"[26, 16, 32, 48, 43, 43, 13, 18, 40, 51, 56, 21, 1, 24, 63]",33.074719512195166
"[26, 16, 32, 48, 43, 43, 13, 18, 40, 51, 56, 21, 1, 24, 63]",32.809086720867164
"[26, 16, 32, 48, 43, 43, 13, 18, 40, 51, 56, 21, 1, 24, 63]",41.30225067750685
"[26, 16, 32, 48, 43, 43, 13, 18, 40, 51, 55, 21, 1, 24, 64]",37.84034010840108
"[26, 16, 32, 48, 43, 43, 13, 18, 40, 51, 55, 21, 1, 24, 64]",30.51797696476969
"[26, 16, 32, 48, 43, 43, 13, 18, 40, 51, 55, 21, 1, 24, 64]",34.5517669376694
"[26, 16, 32, 48, 43, 43, 13, 18, 40, 51, 56, 21, 1, 24, 63]",35.81588617886181
"[26, 16, 32, 48, 43, 43, 13, 18, 40, 51, 55, 21, 1, 24, 64]",35.758436314363124
"[26, 16, 32, 48, 43, 43, 13, 18, 40, 51, 55, 21, 1, 24, 64]",467.5736382113822
"[26, 16, 32, 48, 43, 43, 13, 18, 40, 51, 56, 21, 1, 24, 63]",39.389676151761485
"[26, 16, 32, 48, 43, 43, 13, 18, 40, 51, 55, 21, 1, 24, 64]",36.881554200541956
"[26, 16, 32, 48, 43, 43, 13, 18, 40, 51, 56, 21, 1, 24, 63]",34.084150406504065
"[26, 16, 32, 48, 43, 43, 13, 18, 40, 51, 55, 21, 1, 24, 64]",30.071609756097576
"[26, 16, 32, 48, 43, 43, 13, 18, 40, 51, 56, 21, 1, 24, 63]",34.62763008130085
"[26, 16, 32, 48, 43, 43, 13, 18, 40, 51, 55, 21, 1, 24, 64]",37.34067615176148
"[26, 16, 32, 48, 43, 43, 13, 18, 40, 51, 55, 21, 1, 24, 64]",38.87755420054199
"[26, 16, 32, 48, 43, 43, 13, 18, 40, 51, 56, 21, 1, 24, 63]",39.38765176151762
"[27, 16, 32, 47, 43, 43, 13, 18, 40, 51, 55, 21, 1, 24, 64]",32.31444986449861
"[26, 16, 32, 48, 43, 43, 13, 18, 40, 51, 56, 21, 1, 24, 63]",38.28029539295386
"[26, 16, 32, 48, 43, 43, 13, 18, 40, 51, 55, 21, 1, 24, 64]",35.371386178861805
"[26, 16, 32, 48, 43, 43, 13, 18, 40, 51, 56, 21, 1, 24, 63]",34.277013550135536
"[26, 16, 32, 48, 43, 43, 13, 18, 40, 51, 56, 21, 1, 24, 63]",35.45082926829276
"[26, 16, 32, 48, 43, 43, 13, 18, 40, 51, 56, 21, 1, 24, 63]",32.623383468834604
"[26, 16, 32, 48, 43, 43, 13, 18, 40, 51, 55, 21, 1, 24, 64]",35.753972899729014
"[26, 16, 32, 48, 43, 43, 13, 18, 40, 51, 55, 21, 1, 24, 64]",33.31506368563682
"[26, 16, 32, 48, 43, 43, 13, 18, 40, 51, 55, 21, 1, 24, 64]",33.03970731707316
"[26, 16, 32, 48, 43, 43, 13, 18, 40, 51, 56, 21, 1, 24, 63]",42.55737533875334
"[26, 16, 32, 48, 43, 43, 13, 18, 40, 51, 55, 21, 1, 24, 64]",37.85395799457998
"[26, 16, 32, 48, 43, 43, 13, 18, 40, 51, 55, 21, 1, 24, 64]",29.593813008130052
"[26, 16, 32, 48, 43, 43, 13, 18, 40, 51, 56, 21, 1, 24, 63]",45.52993089430903
"[26, 16, 32, 48, 43, 43, 13, 18, 40, 51, 55, 21, 1, 24, 64]",34.78315040650405
"[26, 16, 32, 48, 43, 43, 13, 18, 40, 51, 56, 21, 1, 24, 63]",38.035495934959364
"[26, 16, 32, 48, 43, 43, 13, 18, 40, 51, 55, 21, 1, 24, 64]",32.81461517615176
"[26, 16, 32, 48, 43, 43, 13, 18, 40, 51, 56, 21, 1, 24, 63]",33.236569105691
"[26, 16, 32, 48, 43, 43, 13, 18, 40, 51, 55, 21, 1, 24, 64]",35.30996476964768
"[26, 16, 32, 48, 43, 43, 13, 18, 40, 51, 55, 21, 1, 24, 64]",36.548936314363175
"[26, 16, 32, 48, 43, 43, 13, 18, 40, 51, 56, 21, 1, 24, 63]",35.56642276422767
"[27, 16, 32, 47, 43, 43, 13, 18, 40, 51, 55, 21, 1, 24, 64]",40.72178455284555
"[26, 16, 32, 48, 43, 43, 13, 18, 40, 51, 56, 21, 1, 24, 63]",40.64003387533871
"[26, 16, 32, 48, 43, 43, 13, 18, 40, 51, 55, 21, 1, 24, 64]",39.43815311653108
"[26, 16, 32, 48, 43, 43, 13, 18, 40, 51, 56, 21, 1, 24, 63]",35.87958130081295
"[26, 16, 32, 48, 43, 43, 13, 18, 40, 51, 56, 21, 1, 24, 63]",34.28133604336038
"[26, 16, 32, 48, 43, 43, 13, 18, 40, 51, 56, 21, 1, 24, 63]",33.28925203252032
"[26, 16, 32, 48, 43, 43, 13, 18, 40, 51, 55, 21, 1, 24, 64]",39.45421002710031
"[26, 16, 32, 48, 43, 43, 13, 18, 40, 51, 55, 21, 1, 24, 64]",32.67466395663963
"[26, 16, 32, 48, 43, 43, 13, 18, 40, 51, 55, 21, 1, 24, 64]",30.408670731707343
"[26, 16, 32, 48, 43, 43, 13, 18, 40, 51, 56, 21, 1, 24, 63]",33.03326422764229
"[26, 16, 32, 48, 43, 43, 13, 18, 40, 51, 55, 21, 1, 24, 64]",37.262863143631506
"[26, 16, 32, 48, 43, 43, 13, 18, 40, 51, 55, 21, 1, 24, 64]",38.34879268292687
"[26, 16, 32, 48, 43, 43, 13, 18, 40, 51, 56, 21, 1, 24, 63]",31.835803523035196
"[26, 16, 32, 48, 43, 43, 13, 18, 40, 51, 55, 21, 1, 24, 64]",34.641922764227665
"[26, 16, 32, 48, 43, 43, 13, 18, 40, 51, 56, 21, 1, 24, 63]",38.96300948509485
"[26, 16, 32, 48, 43, 43, 13, 18, 40, 51, 55, 21, 1, 24, 64]",34.663956639566365
"[26, 16, 32, 48, 43, 43, 13, 18, 40, 51, 56, 21, 1, 24, 63]",37.54749999999997
"[26, 16, 32, 48, 43, 43, 13, 18, 40, 51, 55, 21, 1, 24, 64]",41.20172628726287
"[26, 16, 32, 48, 43, 43, 13, 18, 40, 51, 55, 21, 1, 24, 64]",36.190601626016225
"[26, 16, 32, 48, 43, 43, 13, 18, 40, 51, 56, 21, 1, 24, 63]",31.982813008130037
"[27, 16, 32, 47, 43, 43, 13, 18, 40, 51, 55, 21, 1, 24, 64]",39.94373712737135
"[26, 16, 32, 48, 43, 43, 13, 18, 40, 51, 56, 21, 1, 24, 63]",35.7972574525745
"[26, 16, 32, 48, 43, 43, 13, 18, 40, 51, 55, 21, 1, 24, 64]",34.59960569105688
"[26, 16, 32, 48, 43, 43, 13, 18, 40, 51, 56, 21, 1, 24, 63]",31.46111653116526
"[26, 16, 32, 48, 43, 43, 13, 18, 40, 51, 56, 21, 1, 24, 63]",31.357379403794052
"[26, 16, 32, 48, 43, 43, 13, 18, 40, 51, 56, 21, 1, 24, 63]",35.58786449864496
"[26, 16, 32, 48, 43, 43, 13, 18, 40, 51, 55, 21, 1, 24, 64]",35.024094850948515
"[26, 16, 32, 48, 43, 43, 13, 18, 40, 51, 55, 21, 1, 24, 64]",31.740287262872616
"[26, 16, 32, 48, 43, 43, 13, 18, 40, 51, 55, 21, 1, 24, 64]",36.94492005420047
"[26, 16, 32, 48, 43, 43, 13, 18, 40, 51, 56, 21, 1, 24, 63]",42.09506639566398
"[26, 16, 32, 48, 43, 43, 13, 18, 40, 51, 55, 21, 1, 24, 64]",33.145116531165286
"[26, 16, 32, 48, 43, 43, 13, 18, 40, 51, 55, 21, 1, 24, 64]",32.77605691056913
"[26, 16, 32, 48, 43, 43, 13, 18, 40, 51, 56, 21, 1, 24, 63]",32.706906504065024
"[26, 16, 32, 48, 43, 43, 13, 18, 40, 51, 55, 21, 1, 24, 64]",33.09900135501354
"[26, 16, 32, 48, 43, 43, 13, 18, 40, 51, 56, 21, 1, 24, 63]",32.36912330623305
"[26, 16, 32, 48, 43, 43, 13, 18, 40, 51, 55, 21, 1, 24, 64]",31.282349593495937
"[26, 16, 32, 48, 43, 43, 13, 18, 40, 51, 56, 21, 1, 24, 63]",39.91302032520323
"[26, 16, 32, 48, 43, 43, 13, 18, 40, 51, 55, 21, 1, 24, 64]",38.62227642276418
"[26, 16, 32, 48, 43, 43, 13, 18, 40, 51, 55, 21, 1, 24, 64]",32.05089837398372
"[26, 16, 32, 48, 43, 43, 13, 18, 40, 51, 56, 21, 1, 24, 63]",42.06303658536587
"[27, 16, 32, 47, 43, 43, 13, 18, 40, 51, 55, 21, 1, 24, 64]",35.86359078590786
"[26, 16, 32, 48, 43, 43, 13, 18, 40, 51, 56, 21, 1, 24, 63]",39.565674796747984
"[26, 16, 32, 48, 43, 43, 13, 18, 40, 51, 55, 21, 1, 24, 64]",34.75244308943091
"[26, 16, 32, 48, 43, 43, 13, 18, 40, 51, 56, 21, 1, 24, 63]",36.78334417344171
"[26, 16, 32, 48, 43, 43, 13, 18, 40, 51, 56, 21, 1, 24, 63]",34.06878590785908
"[26, 16, 32, 48, 43, 43, 13, 18, 40, 51, 56, 21, 1, 24, 63]",44.34713821138211
"[26, 16, 32, 48, 43, 43, 13, 18, 40, 51, 55, 21, 1, 24, 64]",37.82215176151763
"[26, 16, 32, 48, 43, 43, 13, 18, 40, 51, 55, 21, 1, 24, 64]",38.047420054200565
"[26, 16, 32, 48, 43, 43, 13, 18, 40, 51, 55, 21, 1, 24, 64]",36.044863143631474
"[26, 16, 32, 48, 43, 43, 13, 18, 40, 51, 56, 21, 1, 24, 63]",34.23491463414634
"[26, 16, 32, 48, 43, 43, 13, 18, 40, 51, 55, 21, 1, 24, 64]",33.36998780487809
"[26, 16, 32, 48, 43, 43, 13, 18, 40, 51, 55, 21, 1, 24, 64]",34.79715311653115
"[26, 16, 32, 48, 43, 43, 13, 18, 40, 51, 56, 21, 1, 24, 63]",33.67093089430895
"[26, 16, 32, 48, 43, 43, 13, 18, 40, 51, 55, 21, 1, 24, 64]",36.050390243902356
"[26, 16, 32, 48, 43, 43, 13, 18, 40, 51, 56, 21, 1, 24, 63]",34.102108401084
"[26, 16, 32, 48, 43, 43, 13, 18, 40, 51, 55, 21, 1, 24, 64]",31.44677371273717
"[26, 16, 32, 48, 43, 43, 13, 18, 40, 51, 56, 21, 1, 24, 63]",36.227600271002665
"[26, 16, 32, 48, 43, 43, 13, 18, 40, 51, 55, 21, 1, 24, 64]",38.043760162601636
"[26, 16, 32, 48, 43, 43, 13, 18, 40, 51, 55, 21, 1, 24, 64]",34.818094850948526
"[26, 16, 32, 48, 43, 43, 13, 18, 40, 51, 56, 21, 1, 24, 63]",35.039166666666674
"[27, 16, 32, 47, 43, 43, 13, 18, 40, 51, 55, 21, 1, 24, 64]",32.85017344173441
"[26, 16, 32, 48, 43, 43, 13, 18, 40, 51, 56, 21, 1, 24, 63]",36.87690108401083
"[26, 16, 32, 48, 43, 43, 13, 18, 40, 51, 55, 21, 1, 24, 64]",34.94365176151758
"[26, 16, 32, 48, 43, 43, 13, 18, 40, 51, 56, 21, 1, 24, 63]",33.362298102981015
"[26, 16, 32, 48, 43, 43, 13, 18, 40, 51, 56, 21, 1, 24, 63]",42.508153116531155
"[26, 16, 32, 48, 43, 43, 13, 18, 40, 51, 56, 21, 1, 24, 63]",37.6604891598916
"[26, 16, 32, 48, 43, 43, 13, 18, 40, 51, 55, 21, 1, 24, 64]",41.00498238482379
"[26, 16, 32, 48, 43, 43, 13, 18, 40, 51, 55, 21, 1, 24, 64]",41.60365447154464
"[26, 16, 32, 48, 43, 43, 13, 18, 40, 51, 55, 21, 1, 24, 64]",37.718415989159865
"[26, 16, 32, 48, 43, 43, 13, 18, 40, 51, 56, 21, 1, 24, 63]",29.26454065040648
"[26, 16, 32, 48, 43, 43, 13, 18, 40, 51, 55, 21, 1, 24, 64]",33.02478184281844
"[26, 16, 32, 48, 43, 43, 13, 18, 40, 51, 55, 21, 1, 24, 64]",36.47544715447153
"[26, 16, 32, 48, 43, 43, 13, 18, 40, 51, 56, 21, 1, 24, 63]",36.62536856368564
"[26, 16, 32, 48, 43, 43, 13, 18, 40, 51, 55, 21, 1, 24, 64]",35.42909891598919
"[26, 16, 32, 48, 43, 43, 13, 18, 40, 51, 56, 21, 1, 24, 63]",32.03452032520323
"[26, 16, 32, 48, 43, 43, 13, 18, 40, 51, 55, 21, 1, 24, 64]",37.48639159891596
"[26, 16, 32, 48, 43, 43, 13, 18, 40, 51, 56, 21, 1, 24, 63]",36.82047831978325
"[26, 16, 32, 48, 43, 43, 13, 18, 40, 51, 55, 21, 1, 24, 64]",37.55850135501354
"[26, 16, 32, 48, 43, 43, 13, 18, 40, 51, 55, 21, 1, 24, 64]",34.855481029810335
"[26, 16, 32, 48, 43, 43, 13, 18, 40, 51, 56, 21, 1, 24, 63]",30.354791327913308
"[27, 16, 32, 47, 43, 43, 13, 18, 40, 51, 55, 21, 1, 24, 64]",30.210649051490517
"[26, 16, 32, 48, 43, 43, 13, 18, 40, 51, 56, 21, 1, 24, 63]",43.37919376693772
"[26, 16, 32, 48, 43, 43, 13, 18, 40, 51, 55, 21, 1, 24, 64]",36.68980623306234
"[26, 16, 32, 48, 43, 43, 13, 18, 40, 51, 56, 21, 1, 24, 63]",33.96319783197832
"[26, 16, 32, 48, 43, 43, 13, 18, 40, 51, 56, 21, 1, 24, 63]",36.19636720867208
"[26, 16, 32, 48, 43, 43, 13, 18, 40, 51, 56, 21, 1, 24, 63]",34.15360569105691
"[26, 16, 32, 48, 43, 43, 13, 18, 40, 51, 55, 21, 1, 24, 64]",37.57532113821141
"[26, 16, 32, 48, 43, 43, 13, 18, 40, 51, 55, 21, 1, 24, 64]",35.430811653116535
"[26, 16, 32, 48, 43, 43, 13, 18, 40, 51, 55, 21, 1, 24, 64]",32.73006368563684
"[26, 16, 32, 48, 43, 43, 13, 18, 40, 51, 56, 21, 1, 24, 63]",35.946498644986434
"[26, 16, 32, 48, 43, 43, 13, 18, 40, 51, 55, 21, 1, 24, 64]",33.831112466124694
"[26, 16, 32, 48, 43, 43, 13, 18, 40, 51, 55, 21, 1, 24, 64]",44.54747425474267
"[26, 16, 32, 48, 43, 43, 13, 18, 40, 51, 56, 21, 1, 24, 63]",36.99660840108405
"[26, 16, 32, 48, 43, 43, 13, 18, 40, 51, 55, 21, 1, 24, 64]",33.2046382113821
"[26, 16, 32, 48, 43, 43, 13, 18, 40, 51, 56, 21, 1, 24, 63]",29.768630081300813
"[26, 16, 32, 48, 43, 43, 13, 18, 40, 51, 55, 21, 1, 24, 64]",36.05831978319784
"[26, 16, 32, 48, 43, 43, 13, 18, 40, 51, 56, 21, 1, 24, 63]",34.388661246612465
"[26, 16, 32, 48, 43, 43, 13, 18, 40, 51, 55, 21, 1, 24, 64]",39.76583739837396
"[26, 16, 32, 48, 43, 43, 13, 18, 40, 51, 55, 21, 1, 24, 64]",33.50647425474249
"[26, 16, 32, 48, 43, 43, 13, 18, 40, 51, 56, 21, 1, 24, 63]",30.36779132791326
"[27, 16, 32, 47, 43, 43, 13, 18, 40, 51, 55, 21, 1, 24, 64]",33.59888075880758
"[26, 16, 32, 48, 43, 43, 13, 18, 40, 51, 56, 21, 1, 24, 63]",34.56648915989161
"[26, 16, 32, 48, 43, 43, 13, 18, 40, 51, 55, 21, 1, 24, 64]",37.35244579945798
"[26, 16, 32, 48, 43, 43, 13, 18, 40, 51, 56, 21, 1, 24, 63]",34.857429539295374
"[26, 16, 32, 48, 43, 43, 13, 18, 40, 51, 56, 21, 1, 24, 63]",33.76461924119242
"[26, 16, 32, 48, 43, 43, 13, 18, 40, 51, 56, 21, 1, 24, 63]",41.58262737127372
"[26, 16, 32, 48, 43, 43, 13, 18, 40, 51, 55, 21, 1, 24, 64]",33.586124661246615
"[26, 16, 32, 48, 43, 43, 13, 18, 40, 51, 55, 21, 1, 24, 64]",29.661162601626007
"[26, 16, 32, 48, 43, 43, 13, 18, 40, 51, 55, 21, 1, 24, 64]",37.75051626016261
"[26, 16, 32, 48, 43, 43, 13, 18, 40, 51, 56, 21, 1, 24, 63]",39.936857723577255
"[26, 16, 32, 48, 43, 43, 13, 18, 40, 51, 55, 21, 1, 24, 64]",30.797673441734382
"[26, 16, 32, 48, 43, 43, 13, 18, 40, 51, 55, 21, 1, 24, 64]",33.84378590785905
"[26, 16, 32, 48, 43, 43, 13, 18, 40, 51, 56, 21, 1, 24, 63]",34.86077371273715
"[26, 16, 32, 48, 43, 43, 13, 18, 40, 51, 55, 21, 1, 24, 64]",32.21451761517613
"[26, 16, 32, 48, 43, 43, 13, 18, 40, 51, 56, 21, 1, 24, 63]",37.044811653116426
"[26, 16, 32, 48, 43, 43, 13, 18, 40, 51, 55, 21, 1, 24, 64]",33.78013956639569
"[26, 16, 32, 48, 43, 43, 13, 18, 40, 51, 56, 21, 1, 24, 63]",39.041032520325246
"[26, 16, 32, 48, 43, 43, 13, 18, 40, 51, 55, 21, 1, 24, 64]",37.75312737127378
"[26, 16, 32, 48, 43, 43, 13, 18, 40, 51, 55, 21, 1, 24, 64]",30.589510840108446
"[26, 16, 32, 48, 43, 43, 13, 18, 40, 51, 56, 21, 1, 24, 63]",34.08725067750674
"[27, 16, 32, 47, 43, 43, 13, 18, 40, 51, 55, 21, 1, 24, 64]",37.019616531165276
"[26, 16, 32, 48, 43, 43, 13, 18, 40, 51, 56, 21, 1, 24, 63]",36.24406504065045
"[26, 16, 32, 48, 43, 43, 13, 18, 40, 51, 55, 21, 1, 24, 64]",31.622609756097567
"[26, 16, 32, 48, 43, 43, 13, 18, 40, 51, 56, 21, 1, 24, 63]",34.11299728997293
"[26, 16, 32, 48, 43, 43, 13, 18, 40, 51, 56, 21, 1, 24, 63]",34.744577235772326
"[26, 16, 32, 48, 43, 43, 13, 18, 40, 51, 56, 21, 1, 24, 63]",28.476855013550143
"[26, 16, 32, 48, 43, 43, 13, 18, 40, 51, 55, 21, 1, 24, 64]",29.68652439024392
"[26, 16, 32, 48, 43, 43, 13, 18, 40, 51, 55, 21, 1, 24, 64]",34.9260501355014
"[26, 16, 32, 48, 43, 43, 13, 18, 40, 51, 55, 21, 1, 24, 64]",34.13933739837403
"[26, 16, 32, 48, 43, 43, 13, 18, 40, 51, 56, 21, 1, 24, 63]",47.736941734417435
"[26, 16, 32, 48, 43, 43, 13, 18, 40, 51, 55, 21, 1, 24, 64]",31.203581300813006
"[26, 16, 32, 48, 43, 43, 13, 18, 40, 51, 55, 21, 1, 24, 64]",33.69347967479674
"[26, 16, 32, 48, 43, 43, 13, 18, 40, 51, 56, 21, 1, 24, 63]",38.49704471544713
"[26, 16, 32, 48, 43, 43, 13, 18, 40, 51, 55, 21, 1, 24, 64]",34.60756504065044
"[26, 16, 32, 48, 43, 43, 13, 18, 40, 51, 56, 21, 1, 24, 63]",30.176536585365888
"[26, 16, 32, 48, 43, 43, 13, 18, 40, 51, 55, 21, 1, 24, 64]",39.19672899728996
"[26, 16, 32, 48, 43, 43, 13, 18, 40, 51, 56, 21, 1, 24, 63]",38.43238617886185
"[26, 16, 32, 48, 43, 43, 13, 18, 40, 51, 55, 21, 1, 24, 64]",32.10518699186995
"[26, 16, 32, 48, 43, 43, 13, 18, 40, 51, 55, 21, 1, 24, 64]",33.68280216802173
"[26, 16, 32, 48, 43, 43, 13, 18, 40, 51, 56, 21, 1, 24, 63]",36.48379945799451
"[27, 16, 32, 47, 43, 43, 13, 18, 40, 51, 55, 21, 1, 24, 64]",35.036476964769676
"[26, 16, 32, 48, 43, 43, 13, 18, 40, 51, 56, 21, 1, 24, 63]",31.31506368563685
"[26, 16, 32, 48, 43, 43, 13, 18, 40, 51, 55, 21, 1, 24, 64]",32.16802574525747
"[26, 16, 32, 48, 43, 43, 13, 18, 40, 51, 56, 21, 1, 24, 63]",34.3192669376694
"[26, 16, 32, 48, 43, 43, 13, 18, 40, 51, 56, 21, 1, 24, 63]",36.62687262872627
"[26, 16, 32, 48, 43, 43, 13, 18, 40, 51, 56, 21, 1, 24, 63]",36.79808401084014
"[26, 16, 32, 48, 43, 43, 13, 18, 40, 51, 55, 21, 1, 24, 64]",37.644212737127404
"[26, 16, 32, 48, 43, 43, 13, 18, 40, 51, 55, 21, 1, 24, 64]",42.572924119241115
"[26, 16, 32, 48, 43, 43, 13, 18, 40, 51, 55, 21, 1, 24, 64]",41.74675067750679
"[26, 16, 32, 48, 43, 43, 13, 18, 40, 51, 56, 21, 1, 24, 63]",35.43097018970193
"[26, 16, 32, 48, 43, 43, 13, 18, 40, 51, 55, 21, 1, 24, 64]",34.18042547425468
"[26, 16, 32, 48, 43, 43, 13, 18, 40, 51, 55, 21, 1, 24, 64]",37.445130081300846
"[26, 16, 32, 48, 43, 43, 13, 18, 40, 51, 56, 21, 1, 24, 63]",37.14814363143638
"[26, 16, 32, 48, 43, 43, 13, 18, 40, 51, 55, 21, 1, 24, 64]",36.114665311653134
"[26, 16, 32, 48, 43, 43, 13, 18, 40, 51, 56, 21, 1, 24, 63]",38.43382926829267
"[26, 16, 32, 48, 43, 43, 13, 18, 40, 51, 55, 21, 1, 24, 64]",29.7056978319783
"[26, 16, 32, 48, 43, 43, 13, 18, 40, 51, 56, 21, 1, 24, 63]",48.08430623306233
"[26, 16, 32, 48, 43, 43, 13, 18, 40, 51, 55, 21, 1, 24, 64]",32.303085365853605
"[26, 16, 32, 48, 43, 43, 13, 18, 40, 51, 55, 21, 1, 24, 64]",33.892718157181655
"[26, 16, 32, 48, 43, 43, 13, 18, 40, 51, 56, 21, 1, 24, 63]",35.84743224932257
"[27, 16, 32, 47, 43, 43, 13, 18, 40, 51, 55, 21, 1, 24, 64]",31.255246612466152
"[26, 16, 32, 48, 43, 43, 13, 18, 40, 51, 56, 21, 1, 24, 63]",38.14586856368567
"[26, 16, 32, 48, 43, 43, 13, 18, 40, 51, 55, 21, 1, 24, 64]",46.967869918699044
"[26, 16, 32, 48, 43, 43, 13, 18, 40, 51, 56, 21, 1, 24, 63]",32.57109214092139
"[26, 16, 32, 48, 43, 43, 13, 18, 40, 51, 56, 21, 1, 24, 63]",36.6750989159891
"[26, 16, 32, 48, 43, 43, 13, 18, 40, 51, 56, 21, 1, 24, 63]",34.6384783197832
"[26, 16, 32, 48, 43, 43, 13, 18, 40, 51, 55, 21, 1, 24, 64]",35.76287262872627
"[26, 16, 32, 48, 43, 43, 13, 18, 40, 51, 55, 21, 1, 24, 64]",34.52117344173443
"[26, 16, 32, 48, 43, 43, 13, 18, 40, 51, 55, 21, 1, 24, 64]",37.335191056910475
"[26, 16, 32, 48, 43, 43, 13, 18, 40, 51, 56, 21, 1, 24, 63]",35.004956639566394
"[26, 16, 32, 48, 43, 43, 13, 18, 40, 51, 55, 21, 1, 24, 64]",41.308024390243936
"[26, 16, 32, 48, 43, 43, 13, 18, 40, 51, 55, 21, 1, 24, 64]",34.07291734417339
"[26, 16, 32, 48, 43, 43, 13, 18, 40, 51, 56, 21, 1, 24, 63]",36.80223848238486
"[26, 16, 32, 48, 43, 43, 13, 18, 40, 51, 55, 21, 1, 24, 64]",39.43407859078594
"[26, 16, 32, 48, 43, 43, 13, 18, 40, 51, 56, 21, 1, 24, 63]",33.26831300813016
"[26, 16, 32, 48, 43, 43, 13, 18, 40, 51, 55, 21, 1, 24, 64]",35.293485094850915
"[26, 16, 32, 48, 43, 43, 13, 18, 40, 51, 56, 21, 1, 24, 63]",37.25140243902438
"[26, 16, 32, 48, 43, 43, 13, 18, 40, 51, 55, 21, 1, 24, 64]",41.11429810298104
"[26, 16, 32, 48, 43, 43, 13, 18, 40, 51, 55, 21, 1, 24, 64]",33.36974796747969
"[26, 16, 32, 48, 43, 43, 13, 18, 40, 51, 56, 21, 1, 24, 63]",33.57250948509488
"[27, 16, 32, 47, 43, 43, 13, 18, 40, 51, 55, 21, 1, 24, 64]",40.314306233062304
"[26, 16, 32, 48, 43, 43, 13, 18, 40, 51, 56, 21, 1, 24, 63]",45.139077235772355
"[26, 16, 32, 48, 43, 43, 13, 18, 40, 51, 55, 21, 1, 24, 64]",33.40967208672087
"[26, 16, 32, 48, 43, 43, 13, 18, 40, 51, 56, 21, 1, 24, 63]",37.516161246612455
"[26, 16, 32, 48, 43, 43, 13, 18, 40, 51, 56, 21, 1, 24, 63]",31.317527100271008
"[26, 16, 32, 48, 43, 43, 13, 18, 40, 51, 56, 21, 1, 24, 63]",34.82466937669381
"[26, 16, 32, 48, 43, 43, 13, 18, 40, 51, 55, 21, 1, 24, 64]",31.284327913279107
"[26, 16, 32, 48, 43, 43, 13, 18, 40, 51, 55, 21, 1, 24, 64]",45.99676693766938
"[26, 16, 32, 48, 43, 43, 13, 18, 40, 51, 55, 21, 1, 24, 64]",31.924991869918685
"[26, 16, 32, 48, 43, 43, 13, 18, 40, 51, 56, 21, 1, 24, 63]",39.2217859078591
"[26, 16, 32, 48, 43, 43, 13, 18, 40, 51, 55, 21, 1, 24, 64]",34.184951219512236
"[26, 16, 32, 48, 43, 43, 13, 18, 40, 51, 55, 21, 1, 24, 64]",35.4761124661246
"[26, 16, 32, 48, 43, 43, 13, 18, 40, 51, 56, 21, 1, 24, 63]",41.30908401084007
"[26, 16, 32, 48, 43, 43, 13, 18, 40, 51, 55, 21, 1, 24, 64]",31.099518970189678
"[26, 16, 32, 48, 43, 43, 13, 18, 40, 51, 56, 21, 1, 24, 63]",35.73455691056909
"[26, 16, 32, 48, 43, 43, 13, 18, 40, 51, 55, 21, 1, 24, 64]",34.92531571815719
"[26, 16, 32, 48, 43, 43, 13, 18, 40, 51, 56, 21, 1, 24, 63]",37.29445528455279
"[26, 16, 32, 48, 43, 43, 13, 18, 40, 51, 55, 21, 1, 24, 64]",30.52565311653117
"[26, 16, 32, 48, 43, 43, 13, 18, 40, 51, 55, 21, 1, 24, 64]",36.53039701897013
"[26, 16, 32, 48, 43, 43, 13, 18, 40, 51, 56, 21, 1, 24, 63]",28.821094850948533
"[27, 16, 32, 47, 43, 43, 13, 18, 40, 51, 55, 21, 1, 24, 64]",33.67757181571817
"[26, 16, 32, 48, 43, 43, 13, 18, 40, 51, 56, 21, 1, 24, 63]",36.15319918699184
"[26, 16, 32, 48, 43, 43, 13, 18, 40, 51, 55, 21, 1, 24, 64]",41.23638075880759
"[26, 16, 32, 48, 43, 43, 13, 18, 40, 51, 56, 21, 1, 24, 63]",30.823405149051517
"[26, 16, 32, 48, 43, 43, 13, 18, 40, 51, 56, 21, 1, 24, 63]",43.9622195121952
"[26, 16, 32, 48, 43, 43, 13, 18, 40, 51, 56, 21, 1, 24, 63]",28.711089430894333
"[26, 16, 32, 48, 43, 43, 13, 18, 40, 51, 55, 21, 1, 24, 64]",36.914208672086744
"[26, 16, 32, 48, 43, 43, 13, 18, 40, 51, 55, 21, 1, 24, 64]",41.88344308943089
"[26, 16, 32, 48, 43, 43, 13, 18, 40, 51, 55, 21, 1, 24, 64]",32.30735772357728
"[26, 16, 32, 48, 43, 43, 13, 18, 40, 51, 56, 21, 1, 24, 63]",32.77092818428183
"[26, 16, 32, 48, 43, 43, 13, 18, 40, 51, 55, 21, 1, 24, 64]",33.472997289972895
"[26, 16, 32, 48, 43, 43, 13, 18, 40, 51, 55, 21, 1, 24, 64]",31.823517615176183
"[26, 16, 32, 48, 43, 43, 13, 18, 40, 51, 56, 21, 1, 24, 63]",35.04527100271001
"[26, 16, 32, 48, 43, 43, 13, 18, 40, 51, 55, 21, 1, 24, 64]",30.557401084010767
"[26, 16, 32, 48, 43, 43, 13, 18, 40, 51, 56, 21, 1, 24, 63]",34.03787940379402
"[26, 16, 32, 48, 43, 43, 13, 18, 40, 51, 55, 21, 1, 24, 64]",32.6489756097561
"[26, 16, 32, 48, 43, 43, 13, 18, 40, 51, 56, 21, 1, 24, 63]",37.20444850948513
"[26, 16, 32, 48, 43, 43, 13, 18, 40, 51, 55, 21, 1, 24, 64]",35.16818292682929
"[26, 16, 32, 48, 43, 43, 13, 18, 40, 51, 55, 21, 1, 24, 64]",36.21900677506776
"[26, 16, 32, 48, 43, 43, 13, 18, 40, 51, 56, 21, 1, 24, 63]",34.82352710027106
"[27, 16, 32, 47, 43, 43, 13, 18, 40, 51, 55, 21, 1, 24, 64]",38.81828455284565
"[26, 16, 32, 48, 43, 43, 13, 18, 40, 51, 56, 21, 1, 24, 63]",31.568089430894275
"[26, 16, 32, 48, 43, 43, 13, 18, 40, 51, 55, 21, 1, 24, 64]",34.82914634146338
"[26, 16, 32, 48, 43, 43, 13, 18, 40, 51, 56, 21, 1, 24, 63]",34.04169647696475
"[26, 16, 32, 48, 43, 43, 13, 18, 40, 51, 56, 21, 1, 24, 63]",33.54116802168022
"[26, 16, 32, 48, 43, 43, 13, 18, 40, 51, 56, 21, 1, 24, 63]",31.721307588075884
"[26, 16, 32, 48, 43, 43, 13, 18, 40, 51, 55, 21, 1, 24, 64]",37.5039268292683
"[26, 16, 32, 48, 43, 43, 13, 18, 40, 51, 55, 21, 1, 24, 64]",35.25032655826554
"[26, 16, 32, 48, 43, 43, 13, 18, 40, 51, 55, 21, 1, 24, 64]",35.30321409214093
"[26, 16, 32, 48, 43, 43, 13, 18, 40, 51, 56, 21, 1, 24, 63]",31.199394308943102
"[26, 16, 32, 48, 43, 43, 13, 18, 40, 51, 55, 21, 1, 24, 64]",31.596884823848256
"[26, 16, 32, 48, 43, 43, 13, 18, 40, 51, 55, 21, 1, 24, 64]",40.360550135501335
"[26, 16, 32, 48, 43, 43, 13, 18, 40, 51, 56, 21, 1, 24, 63]",42.1901869918699
"[26, 16, 32, 48, 43, 43, 13, 18, 40, 51, 55, 21, 1, 24, 64]",35.633363143631406
"[26, 16, 32, 48, 43, 43, 13, 18, 40, 51, 56, 21, 1, 24, 63]",34.85441869918699
"[26, 16, 32, 48, 43, 43, 13, 18, 40, 51, 55, 21, 1, 24, 64]",31.293579945799454
"[26, 16, 32, 48, 43, 43, 13, 18, 40, 51, 56, 21, 1, 24, 63]",30.97790785907865
"[26, 16, 32, 48, 43, 43, 13, 18, 40, 51, 55, 21, 1, 24, 64]",34.56103523035232
"[26, 16, 32, 48, 43, 43, 13, 18, 40, 51, 55, 21, 1, 24, 64]",32.87730352303522
"[26, 16, 32, 48, 43, 43, 13, 18, 40, 51, 56, 21, 1, 24, 63]",39.04239430894308
"[27, 16, 32, 47, 43, 43, 13, 18, 40, 51, 55, 21, 1, 24, 64]",35.2014783197832
"[26, 16, 32, 48, 43, 43, 13, 18, 40, 51, 56, 21, 1, 24, 63]",33.43488617886177
"[26, 16, 32, 48, 43, 43, 13, 18, 40, 51, 55, 21, 1, 24, 64]",35.126859078590805
"[26, 16, 32, 48, 43, 43, 13, 18, 40, 51, 56, 21, 1, 24, 63]",32.209708672086705
"[26, 16, 32, 48, 43, 43, 13, 18, 40, 51, 56, 21, 1, 24, 63]",32.01409485094849
"[26, 16, 32, 48, 43, 43, 13, 18, 40, 51, 56, 21, 1, 24, 63]",31.666195121951194
"[26, 16, 32, 48, 43, 43, 13, 18, 40, 51, 55, 21, 1, 24, 64]",41.57417208672086
"[26, 16, 32, 48, 43, 43, 13, 18, 40, 51, 55, 21, 1, 24, 64]",34.38612059620592
"[26, 16, 32, 48, 43, 43, 13, 18, 40, 51, 55, 21, 1, 24, 64]",37.912448509485046
"[26, 16, 32, 48, 43, 43, 13, 18, 40, 51, 56, 21, 1, 24, 63]",39.262556910569074
"[26, 16, 32, 48, 43, 43, 13, 18, 40, 51, 55, 21, 1, 24, 64]",36.669066395663904
"[26, 16, 32, 48, 43, 43, 13, 18, 40, 51, 55, 21, 1, 24, 64]",30.478613821138197
"[26, 16, 32, 48, 43, 43, 13, 18, 40, 51, 56, 21, 1, 24, 63]",44.58535636856376
"[26, 16, 32, 48, 43, 43, 13, 18, 40, 51, 55, 21, 1, 24, 64]",37.70507046070463
"[26, 16, 32, 48, 43, 43, 13, 18, 40, 51, 56, 21, 1, 24, 63]",34.81649051490516
"[26, 16, 32, 48, 43, 43, 13, 18, 40, 51, 55, 21, 1, 24, 64]",36.50248644986452
"[26, 16, 32, 48, 43, 43, 13, 18, 40, 51, 56, 21, 1, 24, 63]",37.788636856368484
"[26, 16, 32, 48, 43, 43, 13, 18, 40, 51, 55, 21, 1, 24, 64]",31.644098915989186
"[26, 16, 32, 48, 43, 43, 13, 18, 40, 51, 55, 21, 1, 24, 64]",35.73483197831978
"[26, 16, 32, 48, 43, 43, 13, 18, 40, 51, 56, 21, 1, 24, 63]",34.54318563685638
"[27, 16, 32, 47, 43, 43, 13, 18, 40, 51, 55, 21, 1, 24, 64]",36.030970189701904
"[26, 16, 32, 48, 43, 43, 13, 18, 40, 51, 56, 21, 1, 24, 63]",37.70828590785914
"[26, 16, 32, 48, 43, 43, 13, 18, 40, 51, 55, 21, 1, 24, 64]",36.25144037940381
"[26, 16, 32, 48, 43, 43, 13, 18, 40, 51, 56, 21, 1, 24, 63]",27.993911924119217
"[26, 16, 32, 48, 43, 43, 13, 18, 40, 51, 56, 21, 1, 24, 63]",29.229666666666656
"[26, 16, 32, 48, 43, 43, 13, 18, 40, 51, 56, 21, 1, 24, 63]",38.821658536585375
"[26, 16, 32, 48, 43, 43, 13, 18, 40, 51, 55, 21, 1, 24, 64]",36.62874661246607
"[26, 16, 32, 48, 43, 43, 13, 18, 40, 51, 55, 21, 1, 24, 64]",34.391810298103024
"[26, 16, 32, 48, 43, 43, 13, 18, 40, 51, 55, 21, 1, 24, 64]",37.1227249322493
"[26, 16, 32, 48, 43, 43, 13, 18, 40, 51, 56, 21, 1, 24, 63]",34.824783197832
"[26, 16, 32, 48, 43, 43, 13, 18, 40, 51, 55, 21, 1, 24, 64]",42.16790243902432
"[26, 16, 32, 48, 43, 43, 13, 18, 40, 51, 55, 21, 1, 24, 64]",36.83628048780482
"[26, 16, 32, 48, 43, 43, 13, 18, 40, 51, 56, 21, 1, 24, 63]",35.45368699186989
"[26, 16, 32, 48, 43, 43, 13, 18, 40, 51, 55, 21, 1, 24, 64]",34.106754742547416
"[26, 16, 32, 48, 43, 43, 13, 18, 40, 51, 56, 21, 1, 24, 63]",39.51632384823848
"[26, 16, 32, 48, 43, 43, 13, 18, 40, 51, 55, 21, 1, 24, 64]",33.9813211382114
"[26, 16, 32, 48, 43, 43, 13, 18, 40, 51, 56, 21, 1, 24, 63]",34.31399051490514
"[26, 16, 32, 48, 43, 43, 13, 18, 40, 51, 55, 21, 1, 24, 64]",31.89509214092138
"[26, 16, 32, 48, 43, 43, 13, 18, 40, 51, 55, 21, 1, 24, 64]",36.9291517615176
"[26, 16, 32, 48, 43, 43, 13, 18, 40, 51, 56, 21, 1, 24, 63]",39.064176151761515
"[27, 16, 32, 47, 43, 43, 13, 18, 40, 51, 55, 21, 1, 24, 64]",35.25507994579951
"[26, 16, 32, 48, 43, 43, 13, 18, 40, 51, 56, 21, 1, 24, 63]",35.56666260162607
"[26, 16, 32, 48, 43, 43, 13, 18, 40, 51, 55, 21, 1, 24, 64]",34.332032520325214
"[26, 16, 32, 48, 43, 43, 13, 18, 40, 51, 56, 21, 1, 24, 63]",33.42000135501353
"[26, 16, 32, 48, 43, 43, 13, 18, 40, 51, 56, 21, 1, 24, 63]",33.44148102981034
"[26, 16, 32, 48, 43, 43, 13, 18, 40, 51, 56, 21, 1, 24, 63]",43.40904471544726
"[26, 16, 32, 48, 43, 43, 13, 18, 40, 51, 55, 21, 1, 24, 64]",36.84682791327917
"[26, 16, 32, 48, 43, 43, 13, 18, 40, 51, 55, 21, 1, 24, 64]",31.889752032520338
"[26, 16, 32, 48, 43, 43, 13, 18, 40, 51, 55, 21, 1, 24, 64]",41.27992818428192
"[26, 16, 32, 48, 43, 43, 13, 18, 40, 51, 56, 21, 1, 24, 63]",36.620753387533895
"[26, 16, 32, 48, 43, 43, 13, 18, 40, 51, 55, 21, 1, 24, 64]",33.34824661246607
"[26, 16, 32, 48, 43, 43, 13, 18, 40, 51, 55, 21, 1, 24, 64]",39.58820460704607
"[26, 16, 32, 48, 43, 43, 13, 18, 40, 51, 56, 21, 1, 24, 63]",40.489273712737216
"[26, 16, 32, 48, 43, 43, 13, 18, 40, 51, 55, 21, 1, 24, 64]",37.08786043360434
"[26, 16, 32, 48, 43, 43, 13, 18, 40, 51, 56, 21, 1, 24, 63]",31.10486178861793
"[26, 16, 32, 48, 43, 43, 13, 18, 40, 51, 55, 21, 1, 24, 64]",35.63983739837397
"[26, 16, 32, 48, 43, 43, 13, 18, 40, 51, 56, 21, 1, 24, 63]",34.85455826558263
"[26, 16, 32, 48, 43, 43, 13, 18, 40, 51, 55, 21, 1, 24, 64]",37.24476151761523
"[26, 16, 32, 48, 43, 43, 13, 18, 40, 51, 55, 21, 1, 24, 64]",37.404444444444444
"[26, 16, 32, 48, 43, 43, 13, 18, 40, 51, 56, 21, 1, 24, 63]",35.02583197831983
"[27, 16, 32, 47, 43, 43, 13, 18, 40, 51, 55, 21, 1, 24, 64]",33.021056910569094
"[26, 16, 32, 48, 43, 43, 13, 18, 40, 51, 56, 21, 1, 24, 63]",42.611006775067736
"[26, 16, 32, 48, 43, 43, 13, 18, 40, 51, 55, 21, 1, 24, 64]",34.25773983739842
"[26, 16, 32, 48, 43, 43, 13, 18, 40, 51, 56, 21, 1, 24, 63]",37.30057452574528
"[26, 16, 32, 48, 43, 43, 13, 18, 40, 51, 56, 21, 1, 24, 63]",38.36276287262877
"[26, 16, 32, 48, 43, 43, 13, 18, 40, 51, 56, 21, 1, 24, 63]",36.40878861788619
"[26, 16, 32, 48, 43, 43, 13, 18, 40, 51, 55, 21, 1, 24, 64]",40.22090785907859
"[26, 16, 32, 48, 43, 43, 13, 18, 40, 51, 55, 21, 1, 24, 64]",34.639722222222325
"[26, 16, 32, 48, 43, 43, 13, 18, 40, 51, 55, 21, 1, 24, 64]",32.564486449864546
"[26, 16, 32, 48, 43, 43, 13, 18, 40, 51, 56, 21, 1, 24, 63]",38.66187127371268
"[26, 16, 32, 48, 43, 43, 13, 18, 40, 51, 55, 21, 1, 24, 64]",38.77534281842813
"[26, 16, 32, 48, 43, 43, 13, 18, 40, 51, 55, 21, 1, 24, 64]",33.05998915989157
"[26, 16, 32, 48, 43, 43, 13, 18, 40, 51, 56, 21, 1, 24, 63]",37.10085094850947
"[26, 16, 32, 48, 43, 43, 13, 18, 40, 51, 55, 21, 1, 24, 64]",33.44743360433602
"[26, 16, 32, 48, 43, 43, 13, 18, 40, 51, 56, 21, 1, 24, 63]",38.35800542005423
"[26, 16, 32, 48, 43, 43, 13, 18, 40, 51, 55, 21, 1, 24, 64]",34.9328807588076
"[26, 16, 32, 48, 43, 43, 13, 18, 40, 51, 56, 21, 1, 24, 63]",33.59380081300807
"[26, 16, 32, 48, 43, 43, 13, 18, 40, 51, 55, 21, 1, 24, 64]",31.253124661246535
"[26, 16, 32, 48, 43, 43, 13, 18, 40, 51, 55, 21, 1, 24, 64]",36.193077235772314
"[26, 16, 32, 48, 43, 43, 13, 18, 40, 51, 56, 21, 1, 24, 63]",32.017924119241165
"[27, 16, 32, 47, 43, 43, 13, 18, 40, 51, 55, 21, 1, 24, 64]",39.718643631436336
"[26, 16, 32, 48, 43, 43, 13, 18, 40, 51, 56, 21, 1, 24, 63]",36.31565176151761
"[26, 16, 32, 48, 43, 43, 13, 18, 40, 51, 55, 21, 1, 24, 64]",36.203224932249306
"[26, 16, 32, 48, 43, 43, 13, 18, 40, 51, 56, 21, 1, 24, 63]",36.33622222222228
"[26, 16, 32, 48, 43, 43, 13, 18, 40, 51, 56, 21, 1, 24, 63]",30.906089430894276
"[26, 16, 32, 48, 43, 43, 13, 18, 40, 51, 56, 21, 1, 24, 63]",34.142806233062345
"[26, 16, 32, 48, 43, 43, 13, 18, 40, 51, 55, 21, 1, 24, 64]",30.741666666666653
"[26, 16, 32, 48, 43, 43, 13, 18, 40, 51, 55, 21, 1, 24, 64]",32.44475745257454
"[26, 16, 32, 48, 43, 43, 13, 18, 40, 51, 55, 21, 1, 24, 64]",34.82972357723578
"[26, 16, 32, 48, 43, 43, 13, 18, 40, 51, 56, 21, 1, 24, 63]",35.09588888888885
"[26, 16, 32, 48, 43, 43, 13, 18, 40, 51, 55, 21, 1, 24, 64]",33.476116531165296
"[26, 16, 32, 48, 43, 43, 13, 18, 40, 51, 55, 21, 1, 24, 64]",37.580348238482486
"[26, 16, 32, 48, 43, 43, 13, 18, 40, 51, 56, 21, 1, 24, 63]",40.33005420054206
"[26, 16, 32, 48, 43, 43, 13, 18, 40, 51, 55, 21, 1, 24, 64]",41.382051490514826
"[26, 16, 32, 48, 43, 43, 13, 18, 40, 51, 56, 21, 1, 24, 63]",29.879437669376703
"[26, 16, 32, 48, 43, 43, 13, 18, 40, 51, 55, 21, 1, 24, 64]",37.73686856368567
"[26, 16, 32, 48, 43, 43, 13, 18, 40, 51, 56, 21, 1, 24, 63]",32.199140921409224
"[26, 16, 32, 48, 43, 43, 13, 18, 40, 51, 55, 21, 1, 24, 64]",31.96549322493223
"[26, 16, 32, 48, 43, 43, 13, 18, 40, 51, 55, 21, 1, 24, 64]",34.63494173441735
"[26, 16, 32, 48, 43, 43, 13, 18, 40, 51, 56, 21, 1, 24, 63]",35.67814769647695
"[27, 16, 32, 47, 43, 43, 13, 18, 40, 51, 55, 21, 1, 24, 64]",38.58854878048786
"[26, 16, 32, 48, 43, 43, 13, 18, 40, 51, 56, 21, 1, 24, 63]",36.052336043360356
"[26, 16, 32, 48, 43, 43, 13, 18, 40, 51, 55, 21, 1, 24, 64]",37.483817073170755
"[26, 16, 32, 48, 43, 43, 13, 18, 40, 51, 56, 21, 1, 24, 63]",42.97831842818434
"[26, 16, 32, 48, 43, 43, 13, 18, 40, 51, 56, 21, 1, 24, 63]",35.055192411924104
"[26, 16, 32, 48, 43, 43, 13, 18, 40, 51, 56, 21, 1, 24, 63]",33.72149593495933
"[26, 16, 32, 48, 43, 43, 13, 18, 40, 51, 55, 21, 1, 24, 64]",39.56718428184282
"[26, 16, 32, 48, 43, 43, 13, 18, 40, 51, 55, 21, 1, 24, 64]",32.80612737127369
"[26, 16, 32, 48, 43, 43, 13, 18, 40, 51, 55, 21, 1, 24, 64]",54.50324796747966
"[26, 16, 32, 48, 43, 43, 13, 18, 40, 51, 56, 21, 1, 24, 63]",32.204304878048724
"[26, 16, 32, 48, 43, 43, 13, 18, 40, 51, 55, 21, 1, 24, 64]",38.38815853658537
"[26, 16, 32, 48, 43, 43, 13, 18, 40, 51, 55, 21, 1, 24, 64]",35.97569783197829
"[26, 16, 32, 48, 43, 43, 13, 18, 40, 51, 56, 21, 1, 24, 63]",32.2439715447154
"[26, 16, 32, 48, 43, 43, 13, 18, 40, 51, 55, 21, 1, 24, 64]",36.42797289972899
"[26, 16, 32, 48, 43, 43, 13, 18, 40, 51, 56, 21, 1, 24, 63]",31.413460704607015
"[26, 16, 32, 48, 43, 43, 13, 18, 40, 51, 55, 21, 1, 24, 64]",40.83450542005418
"[26, 16, 32, 48, 43, 43, 13, 18, 40, 51, 56, 21, 1, 24, 63]",42.12337127371281
"[26, 16, 32, 48, 43, 43, 13, 18, 40, 51, 55, 21, 1, 24, 64]",35.75674932249319
"[26, 16, 32, 48, 43, 43, 13, 18, 40, 51, 55, 21, 1, 24, 64]",36.73497425474253
"[26, 16, 32, 48, 43, 43, 13, 18, 40, 51, 56, 21, 1, 24, 63]",29.130147696477025
"[27, 16, 32, 47, 43, 43, 13, 18, 40, 51, 55, 21, 1, 24, 64]",35.463510840108405
"[26, 16, 32, 48, 43, 43, 13, 18, 40, 51, 56, 21, 1, 24, 63]",30.221999999999966
"[26, 16, 32, 48, 43, 43, 13, 18, 40, 51, 55, 21, 1, 24, 64]",39.469172086720846
"[26, 16, 32, 48, 43, 43, 13, 18, 40, 51, 56, 21, 1, 24, 63]",40.22710975609749
"[26, 16, 32, 48, 43, 43, 13, 18, 40, 51, 56, 21, 1, 24, 63]",39.485611111111105
"[26, 16, 32, 48, 43, 43, 13, 18, 40, 51, 56, 21, 1, 24, 63]",33.32270731707314
"[26, 16, 32, 48, 43, 43, 13, 18, 40, 51, 55, 21, 1, 24, 64]",37.36113550135497
"[26, 16, 32, 48, 43, 43, 13, 18, 40, 51, 55, 21, 1, 24, 64]",35.44156775067749
"[26, 16, 32, 48, 43, 43, 13, 18, 40, 51, 55, 21, 1, 24, 64]",38.936825203252035
"[26, 16, 32, 48, 43, 43, 13, 18, 40, 51, 56, 21, 1, 24, 63]",33.76999864498645
"[26, 16, 32, 48, 43, 43, 13, 18, 40, 51, 55, 21, 1, 24, 64]",30.95710840108398
"[26, 16, 32, 48, 43, 43, 13, 18, 40, 51, 55, 21, 1, 24, 64]",36.342281842818416
"[26, 16, 32, 48, 43, 43, 13, 18, 40, 51, 56, 21, 1, 24, 63]",30.046425474254757
"[26, 16, 32, 48, 43, 43, 13, 18, 40, 51, 55, 21, 1, 24, 64]",31.926279132791343
"[26, 16, 32, 48, 43, 43, 13, 18, 40, 51, 56, 21, 1, 24, 63]",40.76367344173441
"[26, 16, 32, 48, 43, 43, 13, 18, 40, 51, 55, 21, 1, 24, 64]",43.48000000000002
"[26, 16, 32, 48, 43, 43, 13, 18, 40, 51, 56, 21, 1, 24, 63]",35.0063102981029
"[26, 16, 32, 48, 43, 43, 13, 18, 40, 51, 55, 21, 1, 24, 64]",32.701250677506835
"[26, 16, 32, 48, 43, 43, 13, 18, 40, 51, 55, 21, 1, 24, 64]",33.83748780487808
"[26, 16, 32, 48, 43, 43, 13, 18, 40, 51, 56, 21, 1, 24, 63]",34.530630081300785
"[27, 16, 32, 47, 43, 43, 13, 18, 40, 51, 55, 21, 1, 24, 64]",32.501378048780516
"[26, 16, 32, 48, 43, 43, 13, 18, 40, 51, 56, 21, 1, 24, 63]",32.773082655826585
"[26, 16, 32, 48, 43, 43, 13, 18, 40, 51, 55, 21, 1, 24, 64]",36.741176151761536
"[26, 16, 32, 48, 43, 43, 13, 18, 40, 51, 56, 21, 1, 24, 63]",29.599375338753436
"[26, 16, 32, 48, 43, 43, 13, 18, 40, 51, 56, 21, 1, 24, 63]",34.111806233062374
"[26, 16, 32, 48, 43, 43, 13, 18, 40, 51, 56, 21, 1, 24, 63]",41.71249593495945
"[26, 16, 32, 48, 43, 43, 13, 18, 40, 51, 55, 21, 1, 24, 64]",31.812792682926847
"[26, 16, 32, 48, 43, 43, 13, 18, 40, 51, 55, 21, 1, 24, 64]",34.99860975609754
"[26, 16, 32, 48, 43, 43, 13, 18, 40, 51, 55, 21, 1, 24, 64]",33.28404878048782
"[26, 16, 32, 48, 43, 43, 13, 18, 40, 51, 56, 21, 1, 24, 63]",33.96535772357721
"[26, 16, 32, 48, 43, 43, 13, 18, 40, 51, 55, 21, 1, 24, 64]",34.0143699186992
"[26, 16, 32, 48, 43, 43, 13, 18, 40, 51, 55, 21, 1, 24, 64]",28.950783197831942
"[26, 16, 32, 48, 43, 43, 13, 18, 40, 51, 56, 21, 1, 24, 63]",34.83145257452578
"[26, 16, 32, 48, 43, 43, 13, 18, 40, 51, 55, 21, 1, 24, 64]",43.507894308943136
"[26, 16, 32, 48, 43, 43, 13, 18, 40, 51, 56, 21, 1, 24, 63]",31.725371273712735
"[26, 16, 32, 48, 43, 43, 13, 18, 40, 51, 55, 21, 1, 24, 64]",34.78075880758808
"[26, 16, 32, 48, 43, 43, 13, 18, 40, 51, 56, 21, 1, 24, 63]",40.28585365853663
"[26, 16, 32, 48, 43, 43, 13, 18, 40, 51, 55, 21, 1, 24, 64]",37.29380081300814
"[26, 16, 32, 48, 43, 43, 13, 18, 40, 51, 55, 21, 1, 24, 64]",36.76072764227641
"[26, 16, 32, 48, 43, 43, 13, 18, 40, 51, 56, 21, 1, 24, 63]",32.18809756097563
"[27, 16, 32, 47, 43, 43, 13, 18, 40, 51, 55, 21, 1, 24, 64]",36.64191327913281
"[26, 16, 32, 48, 43, 43, 13, 18, 40, 51, 56, 21, 1, 24, 63]",37.51964905149059
"[26, 16, 32, 48, 43, 43, 13, 18, 40, 51, 55, 21, 1, 24, 64]",33.26389566395663
"[26, 16, 32, 48, 43, 43, 13, 18, 40, 51, 56, 21, 1, 24, 63]",36.13492411924123
"[26, 16, 32, 48, 43, 43, 13, 18, 40, 51, 56, 21, 1, 24, 63]",32.7990501355014
"[26, 16, 32, 48, 43, 43, 13, 18, 40, 51, 56, 21, 1, 24, 63]",34.07263685636857
"[26, 16, 32, 48, 43, 43, 13, 18, 40, 51, 55, 21, 1, 24, 64]",35.56399457994576
"[26, 16, 32, 48, 43, 43, 13, 18, 40, 51, 55, 21, 1, 24, 64]",32.8846097560976
"[26, 16, 32, 48, 43, 43, 13, 18, 40, 51, 55, 21, 1, 24, 64]",35.55330758807589
"[26, 16, 32, 48, 43, 43, 13, 18, 40, 51, 56, 21, 1, 24, 63]",39.30674525745258
"[26, 16, 32, 48, 43, 43, 13, 18, 40, 51, 55, 21, 1, 24, 64]",30.435921409214167
"[26, 16, 32, 48, 43, 43, 13, 18, 40, 51, 55, 21, 1, 24, 64]",31.22011111111108
"[26, 16, 32, 48, 43, 43, 13, 18, 40, 51, 56, 21, 1, 24, 63]",40.60034146341462
"[26, 16, 32, 48, 43, 43, 13, 18, 40, 51, 55, 21, 1, 24, 64]",32.35228184281842
"[26, 16, 32, 48, 43, 43, 13, 18, 40, 51, 56, 21, 1, 24, 63]",32.08455962059626
"[26, 16, 32, 48, 43, 43, 13, 18, 40, 51, 55, 21, 1, 24, 64]",32.42108265582661
"[26, 16, 32, 48, 43, 43, 13, 18, 40, 51, 56, 21, 1, 24, 63]",31.105506775067703
"[26, 16, 32, 48, 43, 43, 13, 18, 40, 51, 55, 21, 1, 24, 64]",40.62605826558271
"[26, 16, 32, 48, 43, 43, 13, 18, 40, 51, 55, 21, 1, 24, 64]",32.39123035230351
"[26, 16, 32, 48, 43, 43, 13, 18, 40, 51, 56, 21, 1, 24, 63]",36.612405149051426
"[27, 16, 32, 47, 43, 43, 13, 18, 40, 51, 55, 21, 1, 24, 64]",37.4115365853659
"[26, 16, 32, 48, 43, 43, 13, 18, 40, 51, 56, 21, 1, 24, 63]",42.14235772357723
"[26, 16, 32, 48, 43, 43, 13, 18, 40, 51, 55, 21, 1, 24, 64]",36.83383875338747
"[26, 16, 32, 48, 43, 43, 13, 18, 40, 51, 56, 21, 1, 24, 63]",30.865074525745268
"[26, 16, 32, 48, 43, 43, 13, 18, 40, 51, 56, 21, 1, 24, 63]",35.30720460704611
"[26, 16, 32, 48, 43, 43, 13, 18, 40, 51, 56, 21, 1, 24, 63]",41.51398373983737
"[26, 16, 32, 48, 43, 43, 13, 18, 40, 51, 55, 21, 1, 24, 64]",31.207884823848275
"[26, 16, 32, 48, 43, 43, 13, 18, 40, 51, 55, 21, 1, 24, 64]",41.054102981029786
"[26, 16, 32, 48, 43, 43, 13, 18, 40, 51, 55, 21, 1, 24, 64]",40.78056368563682
"[26, 16, 32, 48, 43, 43, 13, 18, 40, 51, 56, 21, 1, 24, 63]",36.01920054200541
"[26, 16, 32, 48, 43, 43, 13, 18, 40, 51, 55, 21, 1, 24, 64]",33.83730352303523
"[26, 16, 32, 48, 43, 43, 13, 18, 40, 51, 55, 21, 1, 24, 64]",29.644250677506776
"[26, 16, 32, 48, 43, 43, 13, 18, 40, 51, 56, 21, 1, 24, 63]",36.42403929539295
"[26, 16, 32, 48, 43, 43, 13, 18, 40, 51, 55, 21, 1, 24, 64]",33.5283888888889
"[26, 16, 32, 48, 43, 43, 13, 18, 40, 51, 56, 21, 1, 24, 63]",39.61032113821138
"[26, 16, 32, 48, 43, 43, 13, 18, 40, 51, 55, 21, 1, 24, 64]",34.803047425474155
"[26, 16, 32, 48, 43, 43, 13, 18, 40, 51, 56, 21, 1, 24, 63]",35.81478455284549
"[26, 16, 32, 48, 43, 43, 13, 18, 40, 51, 55, 21, 1, 24, 64]",39.182842818428064
"[26, 16, 32, 48, 43, 43, 13, 18, 40, 51, 55, 21, 1, 24, 64]",37.35811924119238
"[26, 16, 32, 48, 43, 43, 13, 18, 40, 51, 56, 21, 1, 24, 63]",38.681738482384816
"[27, 16, 32, 47, 43, 43, 13, 18, 40, 51, 55, 21, 1, 24, 64]",38.08288617886185
"[26, 16, 32, 48, 43, 43, 13, 18, 40, 51, 56, 21, 1, 24, 63]",35.209136856368566
"[26, 16, 32, 48, 43, 43, 13, 18, 40, 51, 55, 21, 1, 24, 64]",37.809581300813065
"[26, 16, 32, 48, 43, 43, 13, 18, 40, 51, 56, 21, 1, 24, 63]",34.2811124661246
"[26, 16, 32, 48, 43, 43, 13, 18, 40, 51, 56, 21, 1, 24, 63]",31.71409756097559
"[26, 16, 32, 48, 43, 43, 13, 18, 40, 51, 56, 21, 1, 24, 63]",33.04801355013548
"[26, 16, 32, 48, 43, 43, 13, 18, 40, 51, 55, 21, 1, 24, 64]",43.38930487804878
"[26, 16, 32, 48, 43, 43, 13, 18, 40, 51, 55, 21, 1, 24, 64]",31.34639701897019
"[26, 16, 32, 48, 43, 43, 13, 18, 40, 51, 55, 21, 1, 24, 64]",30.127090785907832
"[26, 16, 32, 48, 43, 43, 13, 18, 40, 51, 56, 21, 1, 24, 63]",38.99317750677507
"[26, 16, 32, 48, 43, 43, 13, 18, 40, 51, 55, 21, 1, 24, 64]",32.441543360433585
"[26, 16, 32, 48, 43, 43, 13, 18, 40, 51, 55, 21, 1, 24, 64]",36.9613902439024
"[26, 16, 32, 48, 43, 43, 13, 18, 40, 51, 56, 21, 1, 24, 63]",32.03036178861792
"[26, 16, 32, 48, 43, 43, 13, 18, 40, 51, 55, 21, 1, 24, 64]",34.24962059620591
"[26, 16, 32, 48, 43, 43, 13, 18, 40, 51, 56, 21, 1, 24, 63]",36.49116802168027
"[26, 16, 32, 48, 43, 43, 13, 18, 40, 51, 55, 21, 1, 24, 64]",37.53036178861785
"[26, 16, 32, 48, 43, 43, 13, 18, 40, 51, 56, 21, 1, 24, 63]",35.14695934959348
"[26, 16, 32, 48, 43, 43, 13, 18, 40, 51, 55, 21, 1, 24, 64]",39.28925338753383
"[26, 16, 32, 48, 43, 43, 13, 18, 40, 51, 55, 21, 1, 24, 64]",30.33119241192411
"[26, 16, 32, 48, 43, 43, 13, 18, 40, 51, 56, 21, 1, 24, 63]",32.65954878048781
"[27, 16, 32, 47, 43, 43, 13, 18, 40, 51, 55, 21, 1, 24, 64]",32.992600271002736
"[26, 16, 32, 48, 43, 43, 13, 18, 40, 51, 56, 21, 1, 24, 63]",40.09506775067752
"[26, 16, 32, 48, 43, 43, 13, 18, 40, 51, 55, 21, 1, 24, 64]",32.878677506775134
"[26, 16, 32, 48, 43, 43, 13, 18, 40, 51, 56, 21, 1, 24, 63]",36.47604742547428
"[26, 16, 32, 48, 43, 43, 13, 18, 40, 51, 56, 21, 1, 24, 63]",32.1367655826558
"[26, 16, 32, 48, 43, 43, 13, 18, 40, 51, 56, 21, 1, 24, 63]",34.41839295392952
"[26, 16, 32, 48, 43, 43, 13, 18, 40, 51, 55, 21, 1, 24, 64]",32.457970189701896
"[26, 16, 32, 48, 43, 43, 13, 18, 40, 51, 55, 21, 1, 24, 64]",33.48170596205966
"[26, 16, 32, 48, 43, 43, 13, 18, 40, 51, 55, 21, 1, 24, 64]",32.42832384823858
"[26, 16, 32, 48, 43, 43, 13, 18, 40, 51, 56, 21, 1, 24, 63]",36.06637804878042
"[26, 16, 32, 48, 43, 43, 13, 18, 40, 51, 55, 21, 1, 24, 64]",38.03732113821141
"[26, 16, 32, 48, 43, 43, 13, 18, 40, 51, 55, 21, 1, 24, 64]",33.61193089430897
"[26, 16, 32, 48, 43, 43, 13, 18, 40, 51, 56, 21, 1, 24, 63]",29.142661246612427
"[26, 16, 32, 48, 43, 43, 13, 18, 40, 51, 55, 21, 1, 24, 64]",31.53145257452577
"[26, 16, 32, 48, 43, 43, 13, 18, 40, 51, 56, 21, 1, 24, 63]",41.642498644986404
"[26, 16, 32, 48, 43, 43, 13, 18, 40, 51, 55, 21, 1, 24, 64]",33.438485094850954
"[26, 16, 32, 48, 43, 43, 13, 18, 40, 51, 56, 21, 1, 24, 63]",36.16086720867205
"[26, 16, 32, 48, 43, 43, 13, 18, 40, 51, 55, 21, 1, 24, 64]",33.37151219512193
"[26, 16, 32, 48, 43, 43, 13, 18, 40, 51, 55, 21, 1, 24, 64]",38.46167750677505
"[26, 16, 32, 48, 43, 43, 13, 18, 40, 51, 56, 21, 1, 24, 63]",32.97751219512188
"[27, 16, 32, 47, 43, 43, 13, 18, 40, 51, 55, 21, 1, 24, 64]",31.40286314363142
"[26, 16, 32, 48, 43, 43, 13, 18, 40, 51, 56, 21, 1, 24, 63]",30.66650677506778
"[26, 16, 32, 48, 43, 43, 13, 18, 40, 51, 55, 21, 1, 24, 64]",30.411540650406526
"[26, 16, 32, 48, 43, 43, 13, 18, 40, 51, 56, 21, 1, 24, 63]",34.59346883468836
"[26, 16, 32, 48, 43, 43, 13, 18, 40, 51, 56, 21, 1, 24, 63]",33.96397154471546
"[26, 16, 32, 48, 43, 43, 13, 18, 40, 51, 56, 21, 1, 24, 63]",40.91724390243901
"[26, 16, 32, 48, 43, 43, 13, 18, 40, 51, 55, 21, 1, 24, 64]",36.510130081300794
"[26, 16, 32, 48, 43, 43, 13, 18, 40, 51, 55, 21, 1, 24, 64]",41.19189972899725
"[26, 16, 32, 48, 43, 43, 13, 18, 40, 51, 55, 21, 1, 24, 64]",32.2445298102981
"[26, 16, 32, 48, 43, 43, 13, 18, 40, 51, 56, 21, 1, 24, 63]",34.86481707317071
"[26, 16, 32, 48, 43, 43, 13, 18, 40, 51, 55, 21, 1, 24, 64]",31.55727371273712
"[26, 16, 32, 48, 43, 43, 13, 18, 40, 51, 55, 21, 1, 24, 64]",36.131621951219564
"[26, 16, 32, 48, 43, 43, 13, 18, 40, 51, 56, 21, 1, 24, 63]",33.12797154471544
"[26, 16, 32, 48, 43, 43, 13, 18, 40, 51, 55, 21, 1, 24, 64]",34.62329674796743
"[26, 16, 32, 48, 43, 43, 13, 18, 40, 51, 56, 21, 1, 24, 63]",40.9398726287263
"[26, 16, 32, 48, 43, 43, 13, 18, 40, 51, 55, 21, 1, 24, 64]",32.42467073170732
"[26, 16, 32, 48, 43, 43, 13, 18, 40, 51, 56, 21, 1, 24, 63]",32.73250813008139
"[26, 16, 32, 48, 43, 43, 13, 18, 40, 51, 55, 21, 1, 24, 64]",33.08771951219518
"[26, 16, 32, 48, 43, 43, 13, 18, 40, 51, 55, 21, 1, 24, 64]",30.826612466124704
"[26, 16, 32, 48, 43, 43, 13, 18, 40, 51, 56, 21, 1, 24, 63]",39.003827913279174
"[27, 16, 32, 47, 43, 43, 13, 18, 40, 51, 55, 21, 1, 24, 64]",30.95703252032522
"[26, 16, 32, 48, 43, 43, 13, 18, 40, 51, 56, 21, 1, 24, 63]",38.47309891598921
"[26, 16, 32, 48, 43, 43, 13, 18, 40, 51, 55, 21, 1, 24, 64]",28.598502710027105
"[26, 16, 32, 48, 43, 43, 13, 18, 40, 51, 56, 21, 1, 24, 63]",35.73192276422767
"[26, 16, 32, 48, 43, 43, 13, 18, 40, 51, 56, 21, 1, 24, 63]",38.42279403794043
"[26, 16, 32, 48, 43, 43, 13, 18, 40, 51, 56, 21, 1, 24, 63]",36.87880487804877
"[26, 16, 32, 48, 43, 43, 13, 18, 40, 51, 55, 21, 1, 24, 64]",28.964789972899716
"[26, 16, 32, 48, 43, 43, 13, 18, 40, 51, 55, 21, 1, 24, 64]",38.751762872628774
"[26, 16, 32, 48, 43, 43, 13, 18, 40, 51, 55, 21, 1, 24, 64]",38.13300135501355
"[26, 16, 32, 48, 43, 43, 13, 18, 40, 51, 56, 21, 1, 24, 63]",45.56452574525748
"[26, 16, 32, 48, 43, 43, 13, 18, 40, 51, 55, 21, 1, 24, 64]",36.997132791327914
"[26, 16, 32, 48, 43, 43, 13, 18, 40, 51, 55, 21, 1, 24, 64]",32.95450000000001
"[26, 16, 32, 48, 43, 43, 13, 18, 40, 51, 56, 21, 1, 24, 63]",31.944636856368593
"[26, 16, 32, 48, 43, 43, 13, 18, 40, 51, 55, 21, 1, 24, 64]",37.63619512195124
"[26, 16, 32, 48, 43, 43, 13, 18, 40, 51, 56, 21, 1, 24, 63]",37.17555691056907
"[26, 16, 32, 48, 43, 43, 13, 18, 40, 51, 55, 21, 1, 24, 64]",40.10147560975601
"[26, 16, 32, 48, 43, 43, 13, 18, 40, 51, 56, 21, 1, 24, 63]",34.02780758807586
"[26, 16, 32, 48, 43, 43, 13, 18, 40, 51, 55, 21, 1, 24, 64]",39.41464905149054
"[26, 16, 32, 48, 43, 43, 13, 18, 40, 51, 55, 21, 1, 24, 64]",35.880475609756125
"[26, 16, 32, 48, 43, 43, 13, 18, 40, 51, 56, 21, 1, 24, 63]",32.881602981029786
"[27, 16, 32, 47, 43, 43, 13, 18, 40, 51, 55, 21, 1, 24, 64]",36.49755826558264
"[26, 16, 32, 48, 43, 43, 13, 18, 40, 51, 56, 21, 1, 24, 63]",37.9583617886179
"[26, 16, 32, 48, 43, 43, 13, 18, 40, 51, 55, 21, 1, 24, 64]",40.49110569105692
"[26, 16, 32, 48, 43, 43, 13, 18, 40, 51, 56, 21, 1, 24, 63]",33.43449457994579
"[26, 16, 32, 48, 43, 43, 13, 18, 40, 51, 56, 21, 1, 24, 63]",34.66924254742548
"[26, 16, 32, 48, 43, 43, 13, 18, 40, 51, 56, 21, 1, 24, 63]",33.19855420054202
"[26, 16, 32, 48, 43, 43, 13, 18, 40, 51, 55, 21, 1, 24, 64]",27.245303523035254
"[26, 16, 32, 48, 43, 43, 13, 18, 40, 51, 55, 21, 1, 24, 64]",32.23578319783199
"[26, 16, 32, 48, 43, 43, 13, 18, 40, 51, 55, 21, 1, 24, 64]",41.1070392953929
"[26, 16, 32, 48, 43, 43, 13, 18, 40, 51, 56, 21, 1, 24, 63]",32.905644986449865
"[26, 16, 32, 48, 43, 43, 13, 18, 40, 51, 55, 21, 1, 24, 64]",31.1237140921409
"[26, 16, 32, 48, 43, 43, 13, 18, 40, 51, 55, 21, 1, 24, 64]",40.672387533875366
"[26, 16, 32, 48, 43, 43, 13, 18, 40, 51, 56, 21, 1, 24, 63]",40.24529403794039
"[26, 16, 32, 48, 43, 43, 13, 18, 40, 51, 55, 21, 1, 24, 64]",36.443779132791285
"[26, 16, 32, 48, 43, 43, 13, 18, 40, 51, 56, 21, 1, 24, 63]",29.838563685636817
"[26, 16, 32, 48, 43, 43, 13, 18, 40, 51, 55, 21, 1, 24, 64]",33.49823983739836
"[26, 16, 32, 48, 43, 43, 13, 18, 40, 51, 56, 21, 1, 24, 63]",36.777445799457986
"[26, 16, 32, 48, 43, 43, 13, 18, 40, 51, 55, 21, 1, 24, 64]",32.82734146341456
"[26, 16, 32, 48, 43, 43, 13, 18, 40, 51, 55, 21, 1, 24, 64]",42.09389159891603
"[26, 16, 32, 48, 43, 43, 13, 18, 40, 51, 56, 21, 1, 24, 63]",38.750119241192344
"[27, 16, 32, 47, 43, 43, 13, 18, 40, 51, 55, 21, 1, 24, 64]",34.07310569105688
"[26, 16, 32, 48, 43, 43, 13, 18, 40, 51, 56, 21, 1, 24, 63]",32.07233197831981
"[26, 16, 32, 48, 43, 43, 13, 18, 40, 51, 55, 21, 1, 24, 64]",36.24664634146342
"[26, 16, 32, 48, 43, 43, 13, 18, 40, 51, 56, 21, 1, 24, 63]",39.64443902439028
"[26, 16, 32, 48, 43, 43, 13, 18, 40, 51, 56, 21, 1, 24, 63]",37.032678861788646
"[26, 16, 32, 48, 43, 43, 13, 18, 40, 51, 56, 21, 1, 24, 63]",34.374047425474245
"[26, 16, 32, 48, 43, 43, 13, 18, 40, 51, 55, 21, 1, 24, 64]",39.43405284552846
"[26, 16, 32, 48, 43, 43, 13, 18, 40, 51, 55, 21, 1, 24, 64]",33.63644715447152
"[26, 16, 32, 48, 43, 43, 13, 18, 40, 51, 55, 21, 1, 24, 64]",35.61147967479673
"[26, 16, 32, 48, 43, 43, 13, 18, 40, 51, 56, 21, 1, 24, 63]",37.3238563685637
"[26, 16, 32, 48, 43, 43, 13, 18, 40, 51, 55, 21, 1, 24, 64]",37.53784823848238
"[26, 16, 32, 48, 43, 43, 13, 18, 40, 51, 55, 21, 1, 24, 64]",37.24216260162609
"[26, 16, 32, 48, 43, 43, 13, 18, 40, 51, 56, 21, 1, 24, 63]",36.13285365853658
"[26, 16, 32, 48, 43, 43, 13, 18, 40, 51, 55, 21, 1, 24, 64]",37.55705013550137
"[26, 16, 32, 48, 43, 43, 13, 18, 40, 51, 56, 21, 1, 24, 63]",38.17052710027101
"[26, 16, 32, 48, 43, 43, 13, 18, 40, 51, 55, 21, 1, 24, 64]",34.760540650406504
"[26, 16, 32, 48, 43, 43, 13, 18, 40, 51, 56, 21, 1, 24, 63]",37.92548373983736
"[26, 16, 32, 48, 43, 43, 13, 18, 40, 51, 55, 21, 1, 24, 64]",31.009405149051528
"[26, 16, 32, 48, 43, 43, 13, 18, 40, 51, 55, 21, 1, 24, 64]",41.33754336043358
"[26, 16, 32, 48, 43, 43, 13, 18, 40, 51, 56, 21, 1, 24, 63]",33.77715040650403
"[27, 16, 32, 47, 43, 43, 13, 18, 40, 51, 55, 21, 1, 24, 64]",33.72197425474259
"[26, 16, 32, 48, 43, 43, 13, 18, 40, 51, 56, 21, 1, 24, 63]",32.14973848238485
"[26, 16, 32, 48, 43, 43, 13, 18, 40, 51, 55, 21, 1, 24, 64]",31.686247967479794
"[26, 16, 32, 48, 43, 43, 13, 18, 40, 51, 56, 21, 1, 24, 63]",34.70306775067749
"[26, 16, 32, 48, 43, 43, 13, 18, 40, 51, 56, 21, 1, 24, 63]",35.50121273712732
"[26, 16, 32, 48, 43, 43, 13, 18, 40, 51, 56, 21, 1, 24, 63]",36.963845528455266
"[26, 16, 32, 48, 43, 43, 13, 18, 40, 51, 55, 21, 1, 24, 64]",35.318359078590774
"[26, 16, 32, 48, 43, 43, 13, 18, 40, 51, 55, 21, 1, 24, 64]",29.77058401084011
"[26, 16, 32, 48, 43, 43, 13, 18, 40, 51, 55, 21, 1, 24, 64]",37.10363685636864
"[26, 16, 32, 48, 43, 43, 13, 18, 40, 51, 56, 21, 1, 24, 63]",31.691647696476927
"[26, 16, 32, 48, 43, 43, 13, 18, 40, 51, 55, 21, 1, 24, 64]",40.98514634146339
"[26, 16, 32, 48, 43, 43, 13, 18, 40, 51, 55, 21, 1, 24, 64]",37.04643766937668
"[26, 16, 32, 48, 43, 43, 13, 18, 40, 51, 56, 21, 1, 24, 63]",37.10544850948517
"[26, 16, 32, 48, 43, 43, 13, 18, 40, 51, 55, 21, 1, 24, 64]",28.76030352303525
"[26, 16, 32, 48, 43, 43, 13, 18, 40, 51, 56, 21, 1, 24, 63]",34.735585365853694
"[26, 16, 32, 48, 43, 43, 13, 18, 40, 51, 55, 21, 1, 24, 64]",31.804772357723547
"[26, 16, 32, 48, 43, 43, 13, 18, 40, 51, 56, 21, 1, 24, 63]",40.098894308943045
"[26, 16, 32, 48, 43, 43, 13, 18, 40, 51, 55, 21, 1, 24, 64]",38.515414634146346
"[26, 16, 32, 48, 43, 43, 13, 18, 40, 51, 55, 21, 1, 24, 64]",35.214424119241194
"[26, 16, 32, 48, 43, 43, 13, 18, 40, 51, 56, 21, 1, 24, 63]",41.22363008130078
"[27, 16, 32, 47, 43, 43, 13, 18, 40, 51, 55, 21, 1, 24, 64]",34.61419105691057
"[26, 16, 32, 48, 43, 43, 13, 18, 40, 51, 56, 21, 1, 24, 63]",30.836850948509447
"[26, 16, 32, 48, 43, 43, 13, 18, 40, 51, 55, 21, 1, 24, 64]",32.43483468834683
"[26, 16, 32, 48, 43, 43, 13, 18, 40, 51, 56, 21, 1, 24, 63]",37.18702303523036
"[26, 16, 32, 48, 43, 43, 13, 18, 40, 51, 56, 21, 1, 24, 63]",33.53510569105695
"[26, 16, 32, 48, 43, 43, 13, 18, 40, 51, 56, 21, 1, 24, 63]",28.61713821138208
"[26, 16, 32, 48, 43, 43, 13, 18, 40, 51, 55, 21, 1, 24, 64]",35.453341463414624
"[26, 16, 32, 48, 43, 43, 13, 18, 40, 51, 55, 21, 1, 24, 64]",43.89907317073172
"[26, 16, 32, 48, 43, 43, 13, 18, 40, 51, 55, 21, 1, 24, 64]",37.01275338753388
"[26, 16, 32, 48, 43, 43, 13, 18, 40, 51, 56, 21, 1, 24, 63]",34.733502710027075
"[26, 16, 32, 48, 43, 43, 13, 18, 40, 51, 55, 21, 1, 24, 64]",41.68320460704598
"[26, 16, 32, 48, 43, 43, 13, 18, 40, 51, 55, 21, 1, 24, 64]",35.58322357723573
"[26, 16, 32, 48, 43, 43, 13, 18, 40, 51, 56, 21, 1, 24, 63]",36.573676151761504
"[26, 16, 32, 48, 43, 43, 13, 18, 40, 51, 55, 21, 1, 24, 64]",29.72534823848239
"[26, 16, 32, 48, 43, 43, 13, 18, 40, 51, 56, 21, 1, 24, 63]",35.39086043360435
"[26, 16, 32, 48, 43, 43, 13, 18, 40, 51, 55, 21, 1, 24, 64]",34.77245799457995
"[26, 16, 32, 48, 43, 43, 13, 18, 40, 51, 56, 21, 1, 24, 63]",34.61820460704598
"[26, 16, 32, 48, 43, 43, 13, 18, 40, 51, 55, 21, 1, 24, 64]",39.34086314363147
"[26, 16, 32, 48, 43, 43, 13, 18, 40, 51, 55, 21, 1, 24, 64]",32.72630623306231
"[26, 16, 32, 48, 43, 43, 13, 18, 40, 51, 56, 21, 1, 24, 63]",30.655657181571865
"[27, 16, 32, 47, 43, 43, 13, 18, 40, 51, 55, 21, 1, 24, 64]",40.30924661246608
"[26, 16, 32, 48, 43, 43, 13, 18, 40, 51, 56, 21, 1, 24, 63]",35.407344173441764
"[26, 16, 32, 48, 43, 43, 13, 18, 40, 51, 55, 21, 1, 24, 64]",31.45379403794037
"[26, 16, 32, 48, 43, 43, 13, 18, 40, 51, 56, 21, 1, 24, 63]",41.84211517615173
"[26, 16, 32, 48, 43, 43, 13, 18, 40, 51, 56, 21, 1, 24, 63]",34.57855013550135
"[26, 16, 32, 48, 43, 43, 13, 18, 40, 51, 56, 21, 1, 24, 63]",38.22700677506785
"[26, 16, 32, 48, 43, 43, 13, 18, 40, 51, 55, 21, 1, 24, 64]",40.8036964769648
"[26, 16, 32, 48, 43, 43, 13, 18, 40, 51, 55, 21, 1, 24, 64]",34.83196070460706
"[26, 16, 32, 48, 43, 43, 13, 18, 40, 51, 55, 21, 1, 24, 64]",35.71467750677503
"[26, 16, 32, 48, 43, 43, 13, 18, 40, 51, 56, 21, 1, 24, 63]",35.31499457994572
"[26, 16, 32, 48, 43, 43, 13, 18, 40, 51, 55, 21, 1, 24, 64]",39.54796883468837
"[26, 16, 32, 48, 43, 43, 13, 18, 40, 51, 55, 21, 1, 24, 64]",41.49365582655835
"[26, 16, 32, 48, 43, 43, 13, 18, 40, 51, 56, 21, 1, 24, 63]",35.44312195121958
"[26, 16, 32, 48, 43, 43, 13, 18, 40, 51, 55, 21, 1, 24, 64]",37.5649227642277
"[26, 16, 32, 48, 43, 43, 13, 18, 40, 51, 56, 21, 1, 24, 63]",32.52520189701898
"[26, 16, 32, 48, 43, 43, 13, 18, 40, 51, 55, 21, 1, 24, 64]",34.052517615176114
"[26, 16, 32, 48, 43, 43, 13, 18, 40, 51, 56, 21, 1, 24, 63]",41.4567208672086
"[26, 16, 32, 48, 43, 43, 13, 18, 40, 51, 55, 21, 1, 24, 64]",31.62564634146345
"[26, 16, 32, 48, 43, 43, 13, 18, 40, 51, 55, 21, 1, 24, 64]",34.24461111111111
"[26, 16, 32, 48, 43, 43, 13, 18, 40, 51, 56, 21, 1, 24, 63]",29.704215447154475
"[27, 16, 32, 47, 43, 43, 13, 18, 40, 51, 55, 21, 1, 24, 64]",42.94418834688343
"[26, 16, 32, 48, 43, 43, 13, 18, 40, 51, 56, 21, 1, 24, 63]",39.1934756097561
"[26, 16, 32, 48, 43, 43, 13, 18, 40, 51, 55, 21, 1, 24, 64]",32.94421273712732
"[26, 16, 32, 48, 43, 43, 13, 18, 40, 51, 56, 21, 1, 24, 63]",38.331948509485116
"[26, 16, 32, 48, 43, 43, 13, 18, 40, 51, 56, 21, 1, 24, 63]",33.764934959349624
"[26, 16, 32, 48, 43, 43, 13, 18, 40, 51, 56, 21, 1, 24, 63]",33.18561517615178
"[26, 16, 32, 48, 43, 43, 13, 18, 40, 51, 55, 21, 1, 24, 64]",35.25388888888889
"[26, 16, 32, 48, 43, 43, 13, 18, 40, 51, 55, 21, 1, 24, 64]",30.569042005420034
"[26, 16, 32, 48, 43, 43, 13, 18, 40, 51, 55, 21, 1, 24, 64]",36.327012195121995
"[26, 16, 32, 48, 43, 43, 13, 18, 40, 51, 56, 21, 1, 24, 63]",32.55026422764224
"[26, 16, 32, 48, 43, 43, 13, 18, 40, 51, 55, 21, 1, 24, 64]",39.7870447154472
"[26, 16, 32, 48, 43, 43, 13, 18, 40, 51, 55, 21, 1, 24, 64]",33.53913143631438
"[26, 16, 32, 48, 43, 43, 13, 18, 40, 51, 56, 21, 1, 24, 63]",36.936627371273666
"[26, 16, 32, 48, 43, 43, 13, 18, 40, 51, 55, 21, 1, 24, 64]",33.83968834688341
"[26, 16, 32, 48, 43, 43, 13, 18, 40, 51, 56, 21, 1, 24, 63]",36.49403794037938
"[26, 16, 32, 48, 43, 43, 13, 18, 40, 51, 55, 21, 1, 24, 64]",37.823086720867224
"[26, 16, 32, 48, 43, 43, 13, 18, 40, 51, 56, 21, 1, 24, 63]",39.579052845528466
"[26, 16, 32, 48, 43, 43, 13, 18, 40, 51, 55, 21, 1, 24, 64]",30.650710027100278
"[26, 16, 32, 48, 43, 43, 13, 18, 40, 51, 55, 21, 1, 24, 64]",39.632825203252025
"[26, 16, 32, 48, 43, 43, 13, 18, 40, 51, 56, 21, 1, 24, 63]",32.62430081300813
"[27, 16, 32, 47, 43, 43, 13, 18, 40, 51, 55, 21, 1, 24, 64]",36.232044715447174
"[26, 16, 32, 48, 43, 43, 13, 18, 40, 51, 56, 21, 1, 24, 63]",40.3156937669377
"[26, 16, 32, 48, 43, 43, 13, 18, 40, 51, 55, 21, 1, 24, 64]",29.26373170731705
"[26, 16, 32, 48, 43, 43, 13, 18, 40, 51, 56, 21, 1, 24, 63]",36.083479674796806
"[26, 16, 32, 48, 43, 43, 13, 18, 40, 51, 56, 21, 1, 24, 63]",35.1310623306233
"[26, 16, 32, 48, 43, 43, 13, 18, 40, 51, 56, 21, 1, 24, 63]",35.20915989159894
"[26, 16, 32, 48, 43, 43, 13, 18, 40, 51, 55, 21, 1, 24, 64]",33.602915989159925
"[26, 16, 32, 48, 43, 43, 13, 18, 40, 51, 55, 21, 1, 24, 64]",35.371728997289935
"[26, 16, 32, 48, 43, 43, 13, 18, 40, 51, 55, 21, 1, 24, 64]",36.01784552845529
"[26, 16, 32, 48, 43, 43, 13, 18, 40, 51, 56, 21, 1, 24, 63]",35.75030758807586
"[26, 16, 32, 48, 43, 43, 13, 18, 40, 51, 55, 21, 1, 24, 64]",30.98674119241197
"[26, 16, 32, 48, 43, 43, 13, 18, 40, 51, 55, 21, 1, 24, 64]",30.105018970189686
"[26, 16, 32, 48, 43, 43, 13, 18, 40, 51, 56, 21, 1, 24, 63]",36.56845934959348
"[26, 16, 32, 48, 43, 43, 13, 18, 40, 51, 55, 21, 1, 24, 64]",30.927615176151733
"[26, 16, 32, 48, 43, 43, 13, 18, 40, 51, 56, 21, 1, 24, 63]",35.69735907859075
"[26, 16, 32, 48, 43, 43, 13, 18, 40, 51, 55, 21, 1, 24, 64]",30.20681842818427
"[26, 16, 32, 48, 43, 43, 13, 18, 40, 51, 56, 21, 1, 24, 63]",33.40984823848241
"[26, 16, 32, 48, 43, 43, 13, 18, 40, 51, 55, 21, 1, 24, 64]",33.05139972899733
"[26, 16, 32, 48, 43, 43, 13, 18, 40, 51, 55, 21, 1, 24, 64]",35.802105691056845
"[26, 16, 32, 48, 43, 43, 13, 18, 40, 51, 56, 21, 1, 24, 63]",34.65528997289973
"[27, 16, 32, 47, 43, 43, 13, 18, 40, 51, 55, 21, 1, 24, 64]",44.81930216802171
"[26, 16, 32, 48, 43, 43, 13, 18, 40, 51, 56, 21, 1, 24, 63]",34.06919105691058
"[26, 16, 32, 48, 43, 43, 13, 18, 40, 51, 55, 21, 1, 24, 64]",30.803635501355
"[26, 16, 32, 48, 43, 43, 13, 18, 40, 51, 56, 21, 1, 24, 63]",37.94007317073169
"[26, 16, 32, 48, 43, 43, 13, 18, 40, 51, 56, 21, 1, 24, 63]",39.954380758807595
"[26, 16, 32, 48, 43, 43, 13, 18, 40, 51, 56, 21, 1, 24, 63]",30.501234417344158
"[26, 16, 32, 48, 43, 43, 13, 18, 40, 51, 55, 21, 1, 24, 64]",31.91288753387533
"[26, 16, 32, 48, 43, 43, 13, 18, 40, 51, 55, 21, 1, 24, 64]",34.53631436314369
"[26, 16, 32, 48, 43, 43, 13, 18, 40, 51, 55, 21, 1, 24, 64]",36.404769647696405
"[26, 16, 32, 48, 43, 43, 13, 18, 40, 51, 56, 21, 1, 24, 63]",34.57588753387537
"[26, 16, 32, 48, 43, 43, 13, 18, 40, 51, 55, 21, 1, 24, 64]",32.50254065040652
"[26, 16, 32, 48, 43, 43, 13, 18, 40, 51, 55, 21, 1, 24, 64]",33.027607046070464
"[26, 16, 32, 48, 43, 43, 13, 18, 40, 51, 56, 21, 1, 24, 63]",28.238888888888894
"[26, 16, 32, 48, 43, 43, 13, 18, 40, 51, 55, 21, 1, 24, 64]",35.1805257452575
"[26, 16, 32, 48, 43, 43, 13, 18, 40, 51, 56, 21, 1, 24, 63]",32.694834688346816
"[26, 16, 32, 48, 43, 43, 13, 18, 40, 51, 55, 21, 1, 24, 64]",30.98545663956641
"[26, 16, 32, 48, 43, 43, 13, 18, 40, 51, 56, 21, 1, 24, 63]",39.187062330623206
"[26, 16, 32, 48, 43, 43, 13, 18, 40, 51, 55, 21, 1, 24, 64]",34.66503794037942
"[26, 16, 32, 48, 43, 43, 13, 18, 40, 51, 55, 21, 1, 24, 64]",43.55848238482377
"[26, 16, 32, 48, 43, 43, 13, 18, 40, 51, 56, 21, 1, 24, 63]",35.279550135501346
"[27, 16, 32, 47, 43, 43, 13, 18, 40, 51, 55, 21, 1, 24, 64]",32.97922086720866
"[26, 16, 32, 48, 43, 43, 13, 18, 40, 51, 56, 21, 1, 24, 63]",35.50428184281845
"[26, 16, 32, 48, 43, 43, 13, 18, 40, 51, 55, 21, 1, 24, 64]",33.65293902439024
"[26, 16, 32, 48, 43, 43, 13, 18, 40, 51, 56, 21, 1, 24, 63]",32.063401084010884
"[26, 16, 32, 48, 43, 43, 13, 18, 40, 51, 56, 21, 1, 24, 63]",35.17489701897017
"[26, 16, 32, 48, 43, 43, 13, 18, 40, 51, 56, 21, 1, 24, 63]",39.11083197831989
"[26, 16, 32, 48, 43, 43, 13, 18, 40, 51, 55, 21, 1, 24, 64]",29.612948509485093
"[26, 16, 32, 48, 43, 43, 13, 18, 40, 51, 55, 21, 1, 24, 64]",32.89884010840105
"[26, 16, 32, 48, 43, 43, 13, 18, 40, 51, 55, 21, 1, 24, 64]",31.96407723577243
"[26, 16, 32, 48, 43, 43, 13, 18, 40, 51, 56, 21, 1, 24, 63]",34.356464769647665
"[26, 16, 32, 48, 43, 43, 13, 18, 40, 51, 55, 21, 1, 24, 64]",41.85671002710028
"[26, 16, 32, 48, 43, 43, 13, 18, 40, 51, 55, 21, 1, 24, 64]",39.0936680216802
"[26, 16, 32, 48, 43, 43, 13, 18, 40, 51, 56, 21, 1, 24, 63]",38.096065040650444
"[26, 16, 32, 48, 43, 43, 13, 18, 40, 51, 55, 21, 1, 24, 64]",43.23189295392953
"[26, 16, 32, 48, 43, 43, 13, 18, 40, 51, 56, 21, 1, 24, 63]",37.340630081300766
"[26, 16, 32, 48, 43, 43, 13, 18, 40, 51, 55, 21, 1, 24, 64]",31.771250677506803
"[26, 16, 32, 48, 43, 43, 13, 18, 40, 51, 56, 21, 1, 24, 63]",33.69263550135499
"[26, 16, 32, 48, 43, 43, 13, 18, 40, 51, 55, 21, 1, 24, 64]",34.4525081300812
"[26, 16, 32, 48, 43, 43, 13, 18, 40, 51, 55, 21, 1, 24, 64]",35.706796747967466
"[26, 16, 32, 48, 43, 43, 13, 18, 40, 51, 56, 21, 1, 24, 63]",37.562384823848284
"[27, 16, 32, 47, 43, 43, 13, 18, 40, 51, 55, 21, 1, 24, 64]",36.43255826558267
"[26, 16, 32, 48, 43, 43, 13, 18, 40, 51, 56, 21, 1, 24, 63]",29.952169376693753
"[26, 16, 32, 48, 43, 43, 13, 18, 40, 51, 55, 21, 1, 24, 64]",46.40551897018974
"[26, 16, 32, 48, 43, 43, 13, 18, 40, 51, 56, 21, 1, 24, 63]",34.67724390243897
"[26, 16, 32, 48, 43, 43, 13, 18, 40, 51, 56, 21, 1, 24, 63]",34.417479674796766
"[26, 16, 32, 48, 43, 43, 13, 18, 40, 51, 56, 21, 1, 24, 63]",39.76947154471545
"[26, 16, 32, 48, 43, 43, 13, 18, 40, 51, 55, 21, 1, 24, 64]",36.82113685636854
"[26, 16, 32, 48, 43, 43, 13, 18, 40, 51, 55, 21, 1, 24, 64]",34.11483062330627
"[26, 16, 32, 48, 43, 43, 13, 18, 40, 51, 55, 21, 1, 24, 64]",37.08100135501359
"[26, 16, 32, 48, 43, 43, 13, 18, 40, 51, 56, 21, 1, 24, 63]",41.5375216802168
"[26, 16, 32, 48, 43, 43, 13, 18, 40, 51, 55, 21, 1, 24, 64]",33.9999010840108
"[26, 16, 32, 48, 43, 43, 13, 18, 40, 51, 55, 21, 1, 24, 64]",38.7939146341464
"[26, 16, 32, 48, 43, 43, 13, 18, 40, 51, 56, 21, 1, 24, 63]",35.25275474254741
"[26, 16, 32, 48, 43, 43, 13, 18, 40, 51, 55, 21, 1, 24, 64]",31.129588075880694
"[26, 16, 32, 48, 43, 43, 13, 18, 40, 51, 56, 21, 1, 24, 63]",36.13511111111114
"[26, 16, 32, 48, 43, 43, 13, 18, 40, 51, 55, 21, 1, 24, 64]",35.59053794037942
"[26, 16, 32, 48, 43, 43, 13, 18, 40, 51, 56, 21, 1, 24, 63]",33.24263956639566
"[26, 16, 32, 48, 43, 43, 13, 18, 40, 51, 55, 21, 1, 24, 64]",36.74214634146346
"[26, 16, 32, 48, 43, 43, 13, 18, 40, 51, 55, 21, 1, 24, 64]",28.77896205962058
"[26, 16, 32, 48, 43, 43, 13, 18, 40, 51, 56, 21, 1, 24, 63]",35.72366666666662
"[27, 16, 32, 47, 43, 43, 13, 18, 40, 51, 55, 21, 1, 24, 64]",35.697571815718106
"[26, 16, 32, 48, 43, 43, 13, 18, 40, 51, 56, 21, 1, 24, 63]",35.181195121951234
"[26, 16, 32, 48, 43, 43, 13, 18, 40, 51, 55, 21, 1, 24, 64]",34.30970460704614
"[26, 16, 32, 48, 43, 43, 13, 18, 40, 51, 56, 21, 1, 24, 63]",37.207512195121986
"[26, 16, 32, 48, 43, 43, 13, 18, 40, 51, 56, 21, 1, 24, 63]",33.25435907859081
"[26, 16, 32, 48, 43, 43, 13, 18, 40, 51, 56, 21, 1, 24, 63]",37.76388753387536
"[26, 16, 32, 48, 43, 43, 13, 18, 40, 51, 55, 21, 1, 24, 64]",35.908918699187026
"[26, 16, 32, 48, 43, 43, 13, 18, 40, 51, 55, 21, 1, 24, 64]",41.4262886178862
"[26, 16, 32, 48, 43, 43, 13, 18, 40, 51, 55, 21, 1, 24, 64]",34.05357046070464
"[26, 16, 32, 48, 43, 43, 13, 18, 40, 51, 56, 21, 1, 24, 63]",31.535210027100245
"[26, 16, 32, 48, 43, 43, 13, 18, 40, 51, 55, 21, 1, 24, 64]",30.81474661246609
"[26, 16, 32, 48, 43, 43, 13, 18, 40, 51, 55, 21, 1, 24, 64]",38.87609349593501
"[26, 16, 32, 48, 43, 43, 13, 18, 40, 51, 56, 21, 1, 24, 63]",32.88055013550134
"[26, 16, 32, 48, 43, 43, 13, 18, 40, 51, 55, 21, 1, 24, 64]",35.81744986449862
"[26, 16, 32, 48, 43, 43, 13, 18, 40, 51, 56, 21, 1, 24, 63]",41.24692818428186
"[26, 16, 32, 48, 43, 43, 13, 18, 40, 51, 55, 21, 1, 24, 64]",36.826934959349614
"[26, 16, 32, 48, 43, 43, 13, 18, 40, 51, 56, 21, 1, 24, 63]",31.03255826558266
"[26, 16, 32, 48, 43, 43, 13, 18, 40, 51, 55, 21, 1, 24, 64]",36.113883468834686
"[26, 16, 32, 48, 43, 43, 13, 18, 40, 51, 55, 21, 1, 24, 64]",34.67061382113823
"[26, 16, 32, 48, 43, 43, 13, 18, 40, 51, 56, 21, 1, 24, 63]",34.61950542005419
"[27, 16, 32, 47, 43, 43, 13, 18, 40, 51, 55, 21, 1, 24, 64]",43.85307859078596
"[26, 16, 32, 48, 43, 43, 13, 18, 40, 51, 56, 21, 1, 24, 63]",30.98612601626018
"[26, 16, 32, 48, 43, 43, 13, 18, 40, 51, 55, 21, 1, 24, 64]",35.00583739837397
"[26, 16, 32, 48, 43, 43, 13, 18, 40, 51, 56, 21, 1, 24, 63]",31.53575745257455
"[26, 16, 32, 48, 43, 43, 13, 18, 40, 51, 56, 21, 1, 24, 63]",33.445886178861784
"[26, 16, 32, 48, 43, 43, 13, 18, 40, 51, 56, 21, 1, 24, 63]",40.20720189701899
"[26, 16, 32, 48, 43, 43, 13, 18, 40, 51, 55, 21, 1, 24, 64]",33.269705962059604
"[26, 16, 32, 48, 43, 43, 13, 18, 40, 51, 55, 21, 1, 24, 64]",36.70511653116533
"[26, 16, 32, 48, 43, 43, 13, 18, 40, 51, 55, 21, 1, 24, 64]",32.88020325203251
"[26, 16, 32, 48, 43, 43, 13, 18, 40, 51, 56, 21, 1, 24, 63]",38.000837398373946
"[26, 16, 32, 48, 43, 43, 13, 18, 40, 51, 55, 21, 1, 24, 64]",39.29746205962065
"[26, 16, 32, 48, 43, 43, 13, 18, 40, 51, 55, 21, 1, 24, 64]",33.263144986449824
"[26, 16, 32, 48, 43, 43, 13, 18, 40, 51, 56, 21, 1, 24, 63]",43.48416531165298
"[26, 16, 32, 48, 43, 43, 13, 18, 40, 51, 55, 21, 1, 24, 64]",35.41154471544716
"[26, 16, 32, 48, 43, 43, 13, 18, 40, 51, 56, 21, 1, 24, 63]",40.697025745257406
"[26, 16, 32, 48, 43, 43, 13, 18, 40, 51, 55, 21, 1, 24, 64]",31.358346883468823
"[26, 16, 32, 48, 43, 43, 13, 18, 40, 51, 56, 21, 1, 24, 63]",33.16453387533876
"[26, 16, 32, 48, 43, 43, 13, 18, 40, 51, 55, 21, 1, 24, 64]",29.6554295392954
"[26, 16, 32, 48, 43, 43, 13, 18, 40, 51, 55, 21, 1, 24, 64]",34.23010704607041
"[26, 16, 32, 48, 43, 43, 13, 18, 40, 51, 56, 21, 1, 24, 63]",34.11347289972901
"[27, 16, 32, 47, 43, 43, 13, 18, 40, 51, 55, 21, 1, 24, 64]",33.65073712737128
"[26, 16, 32, 48, 43, 43, 13, 18, 40, 51, 56, 21, 1, 24, 63]",42.231693766937696
"[26, 16, 32, 48, 43, 43, 13, 18, 40, 51, 55, 21, 1, 24, 64]",37.08719241192413
"[26, 16, 32, 48, 43, 43, 13, 18, 40, 51, 56, 21, 1, 24, 63]",30.663349593495898
"[26, 16, 32, 48, 43, 43, 13, 18, 40, 51, 56, 21, 1, 24, 63]",36.22072086720869
"[26, 16, 32, 48, 43, 43, 13, 18, 40, 51, 56, 21, 1, 24, 63]",37.8948252032521
"[26, 16, 32, 48, 43, 43, 13, 18, 40, 51, 55, 21, 1, 24, 64]",34.73512466124664
"[26, 16, 32, 48, 43, 43, 13, 18, 40, 51, 55, 21, 1, 24, 64]",31.647058265582686
"[26, 16, 32, 48, 43, 43, 13, 18, 40, 51, 55, 21, 1, 24, 64]",36.23193495934962
"[26, 16, 32, 48, 43, 43, 13, 18, 40, 51, 56, 21, 1, 24, 63]",32.99675338753385
"[26, 16, 32, 48, 43, 43, 13, 18, 40, 51, 55, 21, 1, 24, 64]",30.5487750677507
"[26, 16, 32, 48, 43, 43, 13, 18, 40, 51, 55, 21, 1, 24, 64]",32.155966124661184
"[26, 16, 32, 48, 43, 43, 13, 18, 40, 51, 56, 21, 1, 24, 63]",35.78741598915992
"[26, 16, 32, 48, 43, 43, 13, 18, 40, 51, 55, 21, 1, 24, 64]",35.2969620596206
"[26, 16, 32, 48, 43, 43, 13, 18, 40, 51, 56, 21, 1, 24, 63]",34.19006504065041
"[26, 16, 32, 48, 43, 43, 13, 18, 40, 51, 55, 21, 1, 24, 64]",31.724120596205985
"[26, 16, 32, 48, 43, 43, 13, 18, 40, 51, 56, 21, 1, 24, 63]",36.93109756097558
"[26, 16, 32, 48, 43, 43, 13, 18, 40, 51, 55, 21, 1, 24, 64]",36.64679674796747
"[26, 16, 32, 48, 43, 43, 13, 18, 40, 51, 55, 21, 1, 24, 64]",48.366220867208646
"[26, 16, 32, 48, 43, 43, 13, 18, 40, 51, 56, 21, 1, 24, 63]",34.52077642276419
"[27, 16, 32, 47, 43, 43, 13, 18, 40, 51, 55, 21, 1, 24, 64]",37.068635501355025
"[26, 16, 32, 48, 43, 43, 13, 18, 40, 51, 56, 21, 1, 24, 63]",33.079493224932214
"[26, 16, 32, 48, 43, 43, 13, 18, 40, 51, 55, 21, 1, 24, 64]",32.24968428184285
"[26, 16, 32, 48, 43, 43, 13, 18, 40, 51, 56, 21, 1, 24, 63]",36.31534959349601
"[26, 16, 32, 48, 43, 43, 13, 18, 40, 51, 56, 21, 1, 24, 63]",30.196792682926823
"[26, 16, 32, 48, 43, 43, 13, 18, 40, 51, 56, 21, 1, 24, 63]",33.364498644986455
"[26, 16, 32, 48, 43, 43, 13, 18, 40, 51, 55, 21, 1, 24, 64]",33.86323577235774
"[26, 16, 32, 48, 43, 43, 13, 18, 40, 51, 55, 21, 1, 24, 64]",34.41081571815718
"[26, 16, 32, 48, 43, 43, 13, 18, 40, 51, 55, 21, 1, 24, 64]",44.15864769647693
"[26, 16, 32, 48, 43, 43, 13, 18, 40, 51, 56, 21, 1, 24, 63]",31.020540650406538
"[26, 16, 32, 48, 43, 43, 13, 18, 40, 51, 55, 21, 1, 24, 64]",40.1929471544715
"[26, 16, 32, 48, 43, 43, 13, 18, 40, 51, 55, 21, 1, 24, 64]",31.478983739837357
"[26, 16, 32, 48, 43, 43, 13, 18, 40, 51, 56, 21, 1, 24, 63]",32.83134959349596
"[26, 16, 32, 48, 43, 43, 13, 18, 40, 51, 55, 21, 1, 24, 64]",35.795668021680264
"[26, 16, 32, 48, 43, 43, 13, 18, 40, 51, 56, 21, 1, 24, 63]",34.78948644986451
"[26, 16, 32, 48, 43, 43, 13, 18, 40, 51, 55, 21, 1, 24, 64]",34.31739566395662
"[26, 16, 32, 48, 43, 43, 13, 18, 40, 51, 56, 21, 1, 24, 63]",31.366105691056816
"[26, 16, 32, 48, 43, 43, 13, 18, 40, 51, 55, 21, 1, 24, 64]",31.51489701897022
"[26, 16, 32, 48, 43, 43, 13, 18, 40, 51, 55, 21, 1, 24, 64]",33.64399864498639
"[26, 16, 32, 48, 43, 43, 13, 18, 40, 51, 56, 21, 1, 24, 63]",35.242654471544675
"[27, 16, 32, 47, 43, 43, 13, 18, 40, 51, 55, 21, 1, 24, 64]",35.25957859078591
"[26, 16, 32, 48, 43, 43, 13, 18, 40, 51, 56, 21, 1, 24, 63]",34.08655284552841
"[26, 16, 32, 48, 43, 43, 13, 18, 40, 51, 55, 21, 1, 24, 64]",37.98813821138205
"[26, 16, 32, 48, 43, 43, 13, 18, 40, 51, 56, 21, 1, 24, 63]",33.844365853658566
"[26, 16, 32, 48, 43, 43, 13, 18, 40, 51, 56, 21, 1, 24, 63]",32.1913699186992
"[26, 16, 32, 48, 43, 43, 13, 18, 40, 51, 56, 21, 1, 24, 63]",40.15198102981026
"[26, 16, 32, 48, 43, 43, 13, 18, 40, 51, 55, 21, 1, 24, 64]",42.13883739837399
"[26, 16, 32, 48, 43, 43, 13, 18, 40, 51, 55, 21, 1, 24, 64]",30.192153116531173
"[26, 16, 32, 48, 43, 43, 13, 18, 40, 51, 55, 21, 1, 24, 64]",35.751605691056845
"[26, 16, 32, 48, 43, 43, 13, 18, 40, 51, 56, 21, 1, 24, 63]",34.828025745257435
"[26, 16, 32, 48, 43, 43, 13, 18, 40, 51, 55, 21, 1, 24, 64]",35.29013143631433
"[26, 16, 32, 48, 43, 43, 13, 18, 40, 51, 55, 21, 1, 24, 64]",34.49522628726285
"[26, 16, 32, 48, 43, 43, 13, 18, 40, 51, 56, 21, 1, 24, 63]",30.925644986449925
"[26, 16, 32, 48, 43, 43, 13, 18, 40, 51, 55, 21, 1, 24, 64]",31.84857588075882
"[26, 16, 32, 48, 43, 43, 13, 18, 40, 51, 56, 21, 1, 24, 63]",33.90844579945799
"[26, 16, 32, 48, 43, 43, 13, 18, 40, 51, 55, 21, 1, 24, 64]",37.08571002710028
"[26, 16, 32, 48, 43, 43, 13, 18, 40, 51, 56, 21, 1, 24, 63]",38.03111382113824
"[26, 16, 32, 48, 43, 43, 13, 18, 40, 51, 55, 21, 1, 24, 64]",42.16989837398378
"[26, 16, 32, 48, 43, 43, 13, 18, 40, 51, 55, 21, 1, 24, 64]",37.002070460704644
"[26, 16, 32, 48, 43, 43, 13, 18, 40, 51, 56, 21, 1, 24, 63]",33.94598238482379
"[27, 16, 32, 47, 43, 43, 13, 18, 40, 51, 55, 21, 1, 24, 64]",37.00116260162598
"[26, 16, 32, 48, 43, 43, 13, 18, 40, 51, 56, 21, 1, 24, 63]",31.7599471544716
"[26, 16, 32, 48, 43, 43, 13, 18, 40, 51, 55, 21, 1, 24, 64]",38.65305826558263
"[26, 16, 32, 48, 43, 43, 13, 18, 40, 51, 56, 21, 1, 24, 63]",37.36258401084015
"[26, 16, 32, 48, 43, 43, 13, 18, 40, 51, 56, 21, 1, 24, 63]",37.78673306233054
"[26, 16, 32, 48, 43, 43, 13, 18, 40, 51, 56, 21, 1, 24, 63]",40.295052845528446
"[26, 16, 32, 48, 43, 43, 13, 18, 40, 51, 55, 21, 1, 24, 64]",41.57781707317072
"[26, 16, 32, 48, 43, 43, 13, 18, 40, 51, 55, 21, 1, 24, 64]",35.10792276422768
"[26, 16, 32, 48, 43, 43, 13, 18, 40, 51, 55, 21, 1, 24, 64]",36.58943631436313
"[26, 16, 32, 48, 43, 43, 13, 18, 40, 51, 56, 21, 1, 24, 63]",33.393548780487826
"[26, 16, 32, 48, 43, 43, 13, 18, 40, 51, 55, 21, 1, 24, 64]",32.03635094850956
"[26, 16, 32, 48, 43, 43, 13, 18, 40, 51, 55, 21, 1, 24, 64]",32.53269918699183
"[26, 16, 32, 48, 43, 43, 13, 18, 40, 51, 56, 21, 1, 24, 63]",31.647261517615156
"[26, 16, 32, 48, 43, 43, 13, 18, 40, 51, 55, 21, 1, 24, 64]",31.394258807588066
"[26, 16, 32, 48, 43, 43, 13, 18, 40, 51, 56, 21, 1, 24, 63]",34.7506205962059
"[26, 16, 32, 48, 43, 43, 13, 18, 40, 51, 55, 21, 1, 24, 64]",36.32567073170732
"[26, 16, 32, 48, 43, 43, 13, 18, 40, 51, 56, 21, 1, 24, 63]",36.168073170731695
"[26, 16, 32, 48, 43, 43, 13, 18, 40, 51, 55, 21, 1, 24, 64]",38.26316531165304
"[26, 16, 32, 48, 43, 43, 13, 18, 40, 51, 55, 21, 1, 24, 64]",39.889852303523014
"[26, 16, 32, 48, 43, 43, 13, 18, 40, 51, 56, 21, 1, 24, 63]",40.83415582655832
"[27, 16, 32, 47, 43, 43, 13, 18, 40, 51, 55, 21, 1, 24, 64]",36.65016124661242
"[26, 16, 32, 48, 43, 43, 13, 18, 40, 51, 56, 21, 1, 24, 63]",33.45253658536584
"[26, 16, 32, 48, 43, 43, 13, 18, 40, 51, 55, 21, 1, 24, 64]",33.975161246612394
"[26, 16, 32, 48, 43, 43, 13, 18, 40, 51, 56, 21, 1, 24, 63]",39.69784688346885
"[26, 16, 32, 48, 43, 43, 13, 18, 40, 51, 56, 21, 1, 24, 63]",31.540075880758916
"[26, 16, 32, 48, 43, 43, 13, 18, 40, 51, 56, 21, 1, 24, 63]",30.829745257452558
"[26, 16, 32, 48, 43, 43, 13, 18, 40, 51, 55, 21, 1, 24, 64]",38.307863143631444
"[26, 16, 32, 48, 43, 43, 13, 18, 40, 51, 55, 21, 1, 24, 64]",41.5087655826559
"[26, 16, 32, 48, 43, 43, 13, 18, 40, 51, 55, 21, 1, 24, 64]",33.89799186991872
"[26, 16, 32, 48, 43, 43, 13, 18, 40, 51, 56, 21, 1, 24, 63]",39.85694579945795
"[26, 16, 32, 48, 43, 43, 13, 18, 40, 51, 55, 21, 1, 24, 64]",37.33389159891599
"[26, 16, 32, 48, 43, 43, 13, 18, 40, 51, 55, 21, 1, 24, 64]",41.89193766937674
"[26, 16, 32, 48, 43, 43, 13, 18, 40, 51, 56, 21, 1, 24, 63]",35.35119376693766
"[26, 16, 32, 48, 43, 43, 13, 18, 40, 51, 55, 21, 1, 24, 64]",35.15338482384818
"[26, 16, 32, 48, 43, 43, 13, 18, 40, 51, 56, 21, 1, 24, 63]",30.106189701896962
"[26, 16, 32, 48, 43, 43, 13, 18, 40, 51, 55, 21, 1, 24, 64]",39.104256097560956
"[26, 16, 32, 48, 43, 43, 13, 18, 40, 51, 56, 21, 1, 24, 63]",33.920189701897044
"[26, 16, 32, 48, 43, 43, 13, 18, 40, 51, 55, 21, 1, 24, 64]",31.5146639566396
"[26, 16, 32, 48, 43, 43, 13, 18, 40, 51, 55, 21, 1, 24, 64]",37.78856910569112
"[26, 16, 32, 48, 43, 43, 13, 18, 40, 51, 56, 21, 1, 24, 63]",43.57133875338748
"[27, 16, 32, 47, 43, 43, 13, 18, 40, 51, 55, 21, 1, 24, 64]",41.18716124661249
"[26, 16, 32, 48, 43, 43, 13, 18, 40, 51, 56, 21, 1, 24, 63]",36.34047560975607
"[26, 16, 32, 48, 43, 43, 13, 18, 40, 51, 55, 21, 1, 24, 64]",34.668425474254725
"[26, 16, 32, 48, 43, 43, 13, 18, 40, 51, 56, 21, 1, 24, 63]",30.93705555555553
"[26, 16, 32, 48, 43, 43, 13, 18, 40, 51, 56, 21, 1, 24, 63]",32.300615176151766
"[26, 16, 32, 48, 43, 43, 13, 18, 40, 51, 56, 21, 1, 24, 63]",39.76138753387534
"[26, 16, 32, 48, 43, 43, 13, 18, 40, 51, 55, 21, 1, 24, 64]",34.81456504065039
"[26, 16, 32, 48, 43, 43, 13, 18, 40, 51, 55, 21, 1, 24, 64]",37.91298780487804
"[26, 16, 32, 48, 43, 43, 13, 18, 40, 51, 55, 21, 1, 24, 64]",35.37710975609757
"[26, 16, 32, 48, 43, 43, 13, 18, 40, 51, 56, 21, 1, 24, 63]",32.52122493224933
"[26, 16, 32, 48, 43, 43, 13, 18, 40, 51, 55, 21, 1, 24, 64]",35.767235772357765
"[26, 16, 32, 48, 43, 43, 13, 18, 40, 51, 55, 21, 1, 24, 64]",33.409348238482345
"[26, 16, 32, 48, 43, 43, 13, 18, 40, 51, 56, 21, 1, 24, 63]",35.078631436314375
"[26, 16, 32, 48, 43, 43, 13, 18, 40, 51, 55, 21, 1, 24, 64]",40.50691056910573
"[26, 16, 32, 48, 43, 43, 13, 18, 40, 51, 56, 21, 1, 24, 63]",44.844163956639505
"[26, 16, 32, 48, 43, 43, 13, 18, 40, 51, 55, 21, 1, 24, 64]",31.265336043360403
"[26, 16, 32, 48, 43, 43, 13, 18, 40, 51, 56, 21, 1, 24, 63]",39.19979268292682
"[26, 16, 32, 48, 43, 43, 13, 18, 40, 51, 55, 21, 1, 24, 64]",37.35346883468835
"[26, 16, 32, 48, 43, 43, 13, 18, 40, 51, 55, 21, 1, 24, 64]",35.814494579945716
"[26, 16, 32, 48, 43, 43, 13, 18, 40, 51, 56, 21, 1, 24, 63]",39.05930352303525
"[27, 16, 32, 47, 43, 43, 13, 18, 40, 51, 55, 21, 1, 24, 64]",37.51004878048777
"[26, 16, 32, 48, 43, 43, 13, 18, 40, 51, 56, 21, 1, 24, 63]",39.204323848238474
"[26, 16, 32, 48, 43, 43, 13, 18, 40, 51, 55, 21, 1, 24, 64]",34.5724715447154
"[26, 16, 32, 48, 43, 43, 13, 18, 40, 51, 56, 21, 1, 24, 63]",36.88380758807586
"[26, 16, 32, 48, 43, 43, 13, 18, 40, 51, 56, 21, 1, 24, 63]",31.73004200542012
"[26, 16, 32, 48, 43, 43, 13, 18, 40, 51, 56, 21, 1, 24, 63]",35.47325338753394
"[26, 16, 32, 48, 43, 43, 13, 18, 40, 51, 55, 21, 1, 24, 64]",31.703556910569105
"[26, 16, 32, 48, 43, 43, 13, 18, 40, 51, 55, 21, 1, 24, 64]",33.23727506775076
"[26, 16, 32, 48, 43, 43, 13, 18, 40, 51, 55, 21, 1, 24, 64]",38.234987804878045
"[26, 16, 32, 48, 43, 43, 13, 18, 40, 51, 56, 21, 1, 24, 63]",29.023918699186964
"[26, 16, 32, 48, 43, 43, 13, 18, 40, 51, 55, 21, 1, 24, 64]",34.837936314363155
"[26, 16, 32, 48, 43, 43, 13, 18, 40, 51, 55, 21, 1, 24, 64]",35.364172086720885
"[26, 16, 32, 48, 43, 43, 13, 18, 40, 51, 56, 21, 1, 24, 63]",29.90842005420054
"[26, 16, 32, 48, 43, 43, 13, 18, 40, 51, 55, 21, 1, 24, 64]",34.0831639566396
"[26, 16, 32, 48, 43, 43, 13, 18, 40, 51, 56, 21, 1, 24, 63]",37.39679810298103
"[26, 16, 32, 48, 43, 43, 13, 18, 40, 51, 55, 21, 1, 24, 64]",42.357429539295445
"[26, 16, 32, 48, 43, 43, 13, 18, 40, 51, 56, 21, 1, 24, 63]",41.72014227642277
"[26, 16, 32, 48, 43, 43, 13, 18, 40, 51, 55, 21, 1, 24, 64]",38.722058265582724
"[26, 16, 32, 48, 43, 43, 13, 18, 40, 51, 55, 21, 1, 24, 64]",35.417673441734394
"[26, 16, 32, 48, 43, 43, 13, 18, 40, 51, 56, 21, 1, 24, 63]",35.58479403794038
"[27, 16, 32, 47, 43, 43, 13, 18, 40, 51, 55, 21, 1, 24, 64]",29.865962059620557
"[26, 16, 32, 48, 43, 43, 13, 18, 40, 51, 56, 21, 1, 24, 63]",35.024636856368566
"[26, 16, 32, 48, 43, 43, 13, 18, 40, 51, 55, 21, 1, 24, 64]",37.447126016260135
"[26, 16, 32, 48, 43, 43, 13, 18, 40, 51, 56, 21, 1, 24, 63]",35.69782791327909
"[26, 16, 32, 48, 43, 43, 13, 18, 40, 51, 56, 21, 1, 24, 63]",33.966163956639605
"[26, 16, 32, 48, 43, 43, 13, 18, 40, 51, 56, 21, 1, 24, 63]",33.71642276422765
"[26, 16, 32, 48, 43, 43, 13, 18, 40, 51, 55, 21, 1, 24, 64]",38.4332249322493
"[26, 16, 32, 48, 43, 43, 13, 18, 40, 51, 55, 21, 1, 24, 64]",34.328525745257515
"[26, 16, 32, 48, 43, 43, 13, 18, 40, 51, 55, 21, 1, 24, 64]",40.97103929539293
"[26, 16, 32, 48, 43, 43, 13, 18, 40, 51, 56, 21, 1, 24, 63]",31.40964498644979
"[26, 16, 32, 48, 43, 43, 13, 18, 40, 51, 55, 21, 1, 24, 64]",30.75683333333331
"[26, 16, 32, 48, 43, 43, 13, 18, 40, 51, 55, 21, 1, 24, 64]",33.61607588075879
"[26, 16, 32, 48, 43, 43, 13, 18, 40, 51, 56, 21, 1, 24, 63]",39.08925609756093
"[26, 16, 32, 48, 43, 43, 13, 18, 40, 51, 55, 21, 1, 24, 64]",39.81222086720859
"[26, 16, 32, 48, 43, 43, 13, 18, 40, 51, 56, 21, 1, 24, 63]",29.80845799457996
"[26, 16, 32, 48, 43, 43, 13, 18, 40, 51, 55, 21, 1, 24, 64]",39.29186991869912
"[26, 16, 32, 48, 43, 43, 13, 18, 40, 51, 56, 21, 1, 24, 63]",35.90030894308949
"[26, 16, 32, 48, 43, 43, 13, 18, 40, 51, 55, 21, 1, 24, 64]",35.02196476964769
"[26, 16, 32, 48, 43, 43, 13, 18, 40, 51, 55, 21, 1, 24, 64]",39.74069647696472
"[26, 16, 32, 48, 43, 43, 13, 18, 40, 51, 56, 21, 1, 24, 63]",33.99812059620594
"[27, 16, 32, 47, 43, 43, 13, 18, 40, 51, 55, 21, 1, 24, 64]",38.31089430894314
"[26, 16, 32, 48, 43, 43, 13, 18, 40, 51, 56, 21, 1, 24, 63]",37.66766124661244
"[26, 16, 32, 48, 43, 43, 13, 18, 40, 51, 55, 21, 1, 24, 64]",35.34426558265584
"[26, 16, 32, 48, 43, 43, 13, 18, 40, 51, 56, 21, 1, 24, 63]",34.67395392953925
"[26, 16, 32, 48, 43, 43, 13, 18, 40, 51, 56, 21, 1, 24, 63]",37.19315311653118
"[26, 16, 32, 48, 43, 43, 13, 18, 40, 51, 56, 21, 1, 24, 63]",35.12050677506781
"[26, 16, 32, 48, 43, 43, 13, 18, 40, 51, 55, 21, 1, 24, 64]",33.716398373983694
"[26, 16, 32, 48, 43, 43, 13, 18, 40, 51, 55, 21, 1, 24, 64]",42.5631300813008
"[26, 16, 32, 48, 43, 43, 13, 18, 40, 51, 55, 21, 1, 24, 64]",33.82649457994579
"[26, 16, 32, 48, 43, 43, 13, 18, 40, 51, 56, 21, 1, 24, 63]",41.675850948509364
"[26, 16, 32, 48, 43, 43, 13, 18, 40, 51, 55, 21, 1, 24, 64]",38.7930149051491
"[26, 16, 32, 48, 43, 43, 13, 18, 40, 51, 55, 21, 1, 24, 64]",35.83635230352299
"[26, 16, 32, 48, 43, 43, 13, 18, 40, 51, 56, 21, 1, 24, 63]",31.29869918699189
"[26, 16, 32, 48, 43, 43, 13, 18, 40, 51, 55, 21, 1, 24, 64]",34.433115176151766
"[26, 16, 32, 48, 43, 43, 13, 18, 40, 51, 56, 21, 1, 24, 63]",34.195231707316964
"[26, 16, 32, 48, 43, 43, 13, 18, 40, 51, 55, 21, 1, 24, 64]",48.50761246612461
"[26, 16, 32, 48, 43, 43, 13, 18, 40, 51, 56, 21, 1, 24, 63]",31.23046883468834
"[26, 16, 32, 48, 43, 43, 13, 18, 40, 51, 55, 21, 1, 24, 64]",48.94355962059623
"[26, 16, 32, 48, 43, 43, 13, 18, 40, 51, 55, 21, 1, 24, 64]",29.851333333333393
"[26, 16, 32, 48, 43, 43, 13, 18, 40, 51, 56, 21, 1, 24, 63]",34.615249322493256
"[27, 16, 32, 47, 43, 43, 13, 18, 40, 51, 55, 21, 1, 24, 64]",34.62057994579949
"[26, 16, 32, 48, 43, 43, 13, 18, 40, 51, 56, 21, 1, 24, 63]",35.82802981029814
"[26, 16, 32, 48, 43, 43, 13, 18, 40, 51, 55, 21, 1, 24, 64]",34.63512737127374
"[26, 16, 32, 48, 43, 43, 13, 18, 40, 51, 56, 21, 1, 24, 63]",42.45697831978318
"[26, 16, 32, 48, 43, 43, 13, 18, 40, 51, 56, 21, 1, 24, 63]",35.64349457994586
"[26, 16, 32, 48, 43, 43, 13, 18, 40, 51, 56, 21, 1, 24, 63]",33.65397560975609
"[26, 16, 32, 48, 43, 43, 13, 18, 40, 51, 55, 21, 1, 24, 64]",34.03340650406503
"[26, 16, 32, 48, 43, 43, 13, 18, 40, 51, 55, 21, 1, 24, 64]",29.570825203252067
"[26, 16, 32, 48, 43, 43, 13, 18, 40, 51, 55, 21, 1, 24, 64]",33.115467479674805
"[26, 16, 32, 48, 43, 43, 13, 18, 40, 51, 56, 21, 1, 24, 63]",41.03651490514909
"[26, 16, 32, 48, 43, 43, 13, 18, 40, 51, 55, 21, 1, 24, 64]",32.529109756097576
"[26, 16, 32, 48, 43, 43, 13, 18, 40, 51, 55, 21, 1, 24, 64]",31.185467479674784
"[26, 16, 32, 48, 43, 43, 13, 18, 40, 51, 56, 21, 1, 24, 63]",35.43414769647699
"[26, 16, 32, 48, 43, 43, 13, 18, 40, 51, 55, 21, 1, 24, 64]",34.21916666666668
"[26, 16, 32, 48, 43, 43, 13, 18, 40, 51, 56, 21, 1, 24, 63]",33.56257859078593
"[26, 16, 32, 48, 43, 43, 13, 18, 40, 51, 55, 21, 1, 24, 64]",31.583781842818443
"[26, 16, 32, 48, 43, 43, 13, 18, 40, 51, 56, 21, 1, 24, 63]",35.158149051490504
"[26, 16, 32, 48, 43, 43, 13, 18, 40, 51, 55, 21, 1, 24, 64]",47.96247154471542
"[26, 16, 32, 48, 43, 43, 13, 18, 40, 51, 55, 21, 1, 24, 64]",36.966130081300804
"[26, 16, 32, 48, 43, 43, 13, 18, 40, 51, 56, 21, 1, 24, 63]",34.5835162601626
"[27, 16, 32, 47, 43, 43, 13, 18, 40, 51, 55, 21, 1, 24, 64]",38.700337398373954
"[26, 16, 32, 48, 43, 43, 13, 18, 40, 51, 56, 21, 1, 24, 63]",34.7491720867208
"[26, 16, 32, 48, 43, 43, 13, 18, 40, 51, 55, 21, 1, 24, 64]",32.384319783197896
"[26, 16, 32, 48, 43, 43, 13, 18, 40, 51, 56, 21, 1, 24, 63]",32.931558265582666
"[26, 16, 32, 48, 43, 43, 13, 18, 40, 51, 56, 21, 1, 24, 63]",35.34408265582655
"[26, 16, 32, 48, 43, 43, 13, 18, 40, 51, 56, 21, 1, 24, 63]",34.9618821138211
"[26, 16, 32, 48, 43, 43, 13, 18, 40, 51, 55, 21, 1, 24, 64]",37.58928861788615
"[26, 16, 32, 48, 43, 43, 13, 18, 40, 51, 55, 21, 1, 24, 64]",29.715387533875376
"[26, 16, 32, 48, 43, 43, 13, 18, 40, 51, 55, 21, 1, 24, 64]",43.907344173441636
"[26, 16, 32, 48, 43, 43, 13, 18, 40, 51, 56, 21, 1, 24, 63]",36.42247696476966
"[26, 16, 32, 48, 43, 43, 13, 18, 40, 51, 55, 21, 1, 24, 64]",34.95618157181571
"[26, 16, 32, 48, 43, 43, 13, 18, 40, 51, 55, 21, 1, 24, 64]",33.14948644986453
"[26, 16, 32, 48, 43, 43, 13, 18, 40, 51, 56, 21, 1, 24, 63]",43.23009756097562
"[26, 16, 32, 48, 43, 43, 13, 18, 40, 51, 55, 21, 1, 24, 64]",40.7209607046071
"[26, 16, 32, 48, 43, 43, 13, 18, 40, 51, 56, 21, 1, 24, 63]",36.50747831978319
"[26, 16, 32, 48, 43, 43, 13, 18, 40, 51, 55, 21, 1, 24, 64]",32.44844308943097
"[26, 16, 32, 48, 43, 43, 13, 18, 40, 51, 56, 21, 1, 24, 63]",40.79481842818424
"[26, 16, 32, 48, 43, 43, 13, 18, 40, 51, 55, 21, 1, 24, 64]",36.22148238482381
"[26, 16, 32, 48, 43, 43, 13, 18, 40, 51, 55, 21, 1, 24, 64]",36.408602981029745
"[26, 16, 32, 48, 43, 43, 13, 18, 40, 51, 56, 21, 1, 24, 63]",41.62903523035237
"[27, 16, 32, 47, 43, 43, 13, 18, 40, 51, 55, 21, 1, 24, 64]",46.26726422764229
"[26, 16, 32, 48, 43, 43, 13, 18, 40, 51, 56, 21, 1, 24, 63]",34.18230216802166
"[26, 16, 32, 48, 43, 43, 13, 18, 40, 51, 55, 21, 1, 24, 64]",43.707474254742586
"[26, 16, 32, 48, 43, 43, 13, 18, 40, 51, 56, 21, 1, 24, 63]",37.243730352303515
"[26, 16, 32, 48, 43, 43, 13, 18, 40, 51, 56, 21, 1, 24, 63]",33.28432113821141
"[26, 16, 32, 48, 43, 43, 13, 18, 40, 51, 56, 21, 1, 24, 63]",31.479028455284606
"[26, 16, 32, 48, 43, 43, 13, 18, 40, 51, 55, 21, 1, 24, 64]",37.857831978319794
"[26, 16, 32, 48, 43, 43, 13, 18, 40, 51, 55, 21, 1, 24, 64]",34.130078590785885
"[26, 16, 32, 48, 43, 43, 13, 18, 40, 51, 55, 21, 1, 24, 64]",44.45450406504056
"[26, 16, 32, 48, 43, 43, 13, 18, 40, 51, 56, 21, 1, 24, 63]",39.11534281842821
"[26, 16, 32, 48, 43, 43, 13, 18, 40, 51, 55, 21, 1, 24, 64]",44.30721544715453
"[26, 16, 32, 48, 43, 43, 13, 18, 40, 51, 55, 21, 1, 24, 64]",33.6824945799458
"[26, 16, 32, 48, 43, 43, 13, 18, 40, 51, 56, 21, 1, 24, 63]",36.65819105691057
"[26, 16, 32, 48, 43, 43, 13, 18, 40, 51, 55, 21, 1, 24, 64]",34.514046070460715
"[26, 16, 32, 48, 43, 43, 13, 18, 40, 51, 56, 21, 1, 24, 63]",31.434086720867178
"[26, 16, 32, 48, 43, 43, 13, 18, 40, 51, 55, 21, 1, 24, 64]",33.621246612466145
"[26, 16, 32, 48, 43, 43, 13, 18, 40, 51, 56, 21, 1, 24, 63]",28.23086856368562
"[26, 16, 32, 48, 43, 43, 13, 18, 40, 51, 55, 21, 1, 24, 64]",34.517315718157235
"[26, 16, 32, 48, 43, 43, 13, 18, 40, 51, 55, 21, 1, 24, 64]",41.21418834688336
"[26, 16, 32, 48, 43, 43, 13, 18, 40, 51, 56, 21, 1, 24, 63]",40.480018970189725
"[27, 16, 32, 47, 43, 43, 13, 18, 40, 51, 55, 21, 1, 24, 64]",40.449027100271046
"[26, 16, 32, 48, 43, 43, 13, 18, 40, 51, 56, 21, 1, 24, 63]",36.37995799457996
"[26, 16, 32, 48, 43, 43, 13, 18, 40, 51, 55, 21, 1, 24, 64]",35.139201897018964
"[26, 16, 32, 48, 43, 43, 13, 18, 40, 51, 56, 21, 1, 24, 63]",37.80203794037941
"[26, 16, 32, 48, 43, 43, 13, 18, 40, 51, 56, 21, 1, 24, 63]",41.436468834688355
"[26, 16, 32, 48, 43, 43, 13, 18, 40, 51, 56, 21, 1, 24, 63]",39.58782926829271
"[26, 16, 32, 48, 43, 43, 13, 18, 40, 51, 55, 21, 1, 24, 64]",32.95872899728993
"[26, 16, 32, 48, 43, 43, 13, 18, 40, 51, 55, 21, 1, 24, 64]",46.940079945799525
"[26, 16, 32, 48, 43, 43, 13, 18, 40, 51, 55, 21, 1, 24, 64]",33.8459024390244
"[26, 16, 32, 48, 43, 43, 13, 18, 40, 51, 56, 21, 1, 24, 63]",34.91949593495938
"[26, 16, 32, 48, 43, 43, 13, 18, 40, 51, 55, 21, 1, 24, 64]",37.52491327913278
"[26, 16, 32, 48, 43, 43, 13, 18, 40, 51, 55, 21, 1, 24, 64]",33.91586043360433
"[26, 16, 32, 48, 43, 43, 13, 18, 40, 51, 56, 21, 1, 24, 63]",43.786012195121984
"[26, 16, 32, 48, 43, 43, 13, 18, 40, 51, 55, 21, 1, 24, 64]",32.673025745257426
"[26, 16, 32, 48, 43, 43, 13, 18, 40, 51, 56, 21, 1, 24, 63]",33.70921138211379
"[26, 16, 32, 48, 43, 43, 13, 18, 40, 51, 55, 21, 1, 24, 64]",38.46047018970185
"[26, 16, 32, 48, 43, 43, 13, 18, 40, 51, 56, 21, 1, 24, 63]",35.46131029810294
"[26, 16, 32, 48, 43, 43, 13, 18, 40, 51, 55, 21, 1, 24, 64]",33.98463821138207
"[26, 16, 32, 48, 43, 43, 13, 18, 40, 51, 55, 21, 1, 24, 64]",35.39624119241196
"[26, 16, 32, 48, 43, 43, 13, 18, 40, 51, 56, 21, 1, 24, 63]",39.79113414634142
"[27, 16, 32, 47, 43, 43, 13, 18, 40, 51, 55, 21, 1, 24, 64]",38.575802168021745
"[26, 16, 32, 48, 43, 43, 13, 18, 40, 51, 56, 21, 1, 24, 63]",37.792321138211385
"[26, 16, 32, 48, 43, 43, 13, 18, 40, 51, 55, 21, 1, 24, 64]",36.51256504065035
"[26, 16, 32, 48, 43, 43, 13, 18, 40, 51, 56, 21, 1, 24, 63]",39.353363143631356
"[26, 16, 32, 48, 43, 43, 13, 18, 40, 51, 56, 21, 1, 24, 63]",33.4714105691057
"[26, 16, 32, 48, 43, 43, 13, 18, 40, 51, 56, 21, 1, 24, 63]",36.514971544715436
"[26, 16, 32, 48, 43, 43, 13, 18, 40, 51, 55, 21, 1, 24, 64]",32.7551300813008
"[26, 16, 32, 48, 43, 43, 13, 18, 40, 51, 55, 21, 1, 24, 64]",34.09423577235771
"[26, 16, 32, 48, 43, 43, 13, 18, 40, 51, 55, 21, 1, 24, 64]",34.022991869918705
"[26, 16, 32, 48, 43, 43, 13, 18, 40, 51, 56, 21, 1, 24, 63]",34.831247967479634
"[26, 16, 32, 48, 43, 43, 13, 18, 40, 51, 55, 21, 1, 24, 64]",37.88553252032525
"[26, 16, 32, 48, 43, 43, 13, 18, 40, 51, 55, 21, 1, 24, 64]",35.17354471544714
"[26, 16, 32, 48, 43, 43, 13, 18, 40, 51, 56, 21, 1, 24, 63]",32.630565040650396
"[26, 16, 32, 48, 43, 43, 13, 18, 40, 51, 55, 21, 1, 24, 64]",39.491914634146355
"[26, 16, 32, 48, 43, 43, 13, 18, 40, 51, 56, 21, 1, 24, 63]",32.132619241192444
"[26, 16, 32, 48, 43, 43, 13, 18, 40, 51, 55, 21, 1, 24, 64]",42.06586720867209
"[26, 16, 32, 48, 43, 43, 13, 18, 40, 51, 56, 21, 1, 24, 63]",34.06179674796747
"[26, 16, 32, 48, 43, 43, 13, 18, 40, 51, 55, 21, 1, 24, 64]",32.460204607046045
"[26, 16, 32, 48, 43, 43, 13, 18, 40, 51, 55, 21, 1, 24, 64]",28.670981029810306
"[26, 16, 32, 48, 43, 43, 13, 18, 40, 51, 56, 21, 1, 24, 63]",34.159135501355024
"[27, 16, 32, 47, 43, 43, 13, 18, 40, 51, 55, 21, 1, 24, 64]",34.66433197831976
"[26, 16, 32, 48, 43, 43, 13, 18, 40, 51, 56, 21, 1, 24, 63]",31.6656070460705
"[26, 16, 32, 48, 43, 43, 13, 18, 40, 51, 55, 21, 1, 24, 64]",35.66446070460711
"[26, 16, 32, 48, 43, 43, 13, 18, 40, 51, 56, 21, 1, 24, 63]",35.89445392953927
"[26, 16, 32, 48, 43, 43, 13, 18, 40, 51, 56, 21, 1, 24, 63]",38.25563821138206
"[26, 16, 32, 48, 43, 43, 13, 18, 40, 51, 56, 21, 1, 24, 63]",37.192456639566444
"[26, 16, 32, 48, 43, 43, 13, 18, 40, 51, 55, 21, 1, 24, 64]",34.007002710027166
"[26, 16, 32, 48, 43, 43, 13, 18, 40, 51, 55, 21, 1, 24, 64]",38.290860433604266
"[26, 16, 32, 48, 43, 43, 13, 18, 40, 51, 55, 21, 1, 24, 64]",35.69476964769653
"[26, 16, 32, 48, 43, 43, 13, 18, 40, 51, 56, 21, 1, 24, 63]",36.358193766937674
"[26, 16, 32, 48, 43, 43, 13, 18, 40, 51, 55, 21, 1, 24, 64]",31.45375203252033
"[26, 16, 32, 48, 43, 43, 13, 18, 40, 51, 55, 21, 1, 24, 64]",36.33210433604336
"[26, 16, 32, 48, 43, 43, 13, 18, 40, 51, 56, 21, 1, 24, 63]",43.240082655826534
"[26, 16, 32, 48, 43, 43, 13, 18, 40, 51, 55, 21, 1, 24, 64]",36.366901084010806
"[26, 16, 32, 48, 43, 43, 13, 18, 40, 51, 56, 21, 1, 24, 63]",41.76908130081303
"[26, 16, 32, 48, 43, 43, 13, 18, 40, 51, 55, 21, 1, 24, 64]",27.75501490514914
"[26, 16, 32, 48, 43, 43, 13, 18, 40, 51, 56, 21, 1, 24, 63]",42.18083468834688
"[26, 16, 32, 48, 43, 43, 13, 18, 40, 51, 55, 21, 1, 24, 64]",36.34025745257454
"[26, 16, 32, 48, 43, 43, 13, 18, 40, 51, 55, 21, 1, 24, 64]",33.941612466124724
"[26, 16, 32, 48, 43, 43, 13, 18, 40, 51, 56, 21, 1, 24, 63]",33.10261246612469
"[27, 16, 32, 47, 43, 43, 13, 18, 40, 51, 55, 21, 1, 24, 64]",39.19128048780484
"[26, 16, 32, 48, 43, 43, 13, 18, 40, 51, 56, 21, 1, 24, 63]",35.0420691056911
"[26, 16, 32, 48, 43, 43, 13, 18, 40, 51, 55, 21, 1, 24, 64]",33.543791327913304
"[26, 16, 32, 48, 43, 43, 13, 18, 40, 51, 56, 21, 1, 24, 63]",38.89714634146344
"[26, 16, 32, 48, 43, 43, 13, 18, 40, 51, 56, 21, 1, 24, 63]",34.54807994579946
"[26, 16, 32, 48, 43, 43, 13, 18, 40, 51, 56, 21, 1, 24, 63]",37.030463414634085
"[26, 16, 32, 48, 43, 43, 13, 18, 40, 51, 55, 21, 1, 24, 64]",30.94728590785906
"[26, 16, 32, 48, 43, 43, 13, 18, 40, 51, 55, 21, 1, 24, 64]",30.469655826558267
"[26, 16, 32, 48, 43, 43, 13, 18, 40, 51, 55, 21, 1, 24, 64]",37.66489295392956
"[26, 16, 32, 48, 43, 43, 13, 18, 40, 51, 56, 21, 1, 24, 63]",34.69360162601627
"[26, 16, 32, 48, 43, 43, 13, 18, 40, 51, 55, 21, 1, 24, 64]",31.322701897018987
"[26, 16, 32, 48, 43, 43, 13, 18, 40, 51, 55, 21, 1, 24, 64]",47.98356504065047
"[26, 16, 32, 48, 43, 43, 13, 18, 40, 51, 56, 21, 1, 24, 63]",45.94783062330621
"[26, 16, 32, 48, 43, 43, 13, 18, 40, 51, 55, 21, 1, 24, 64]",31.617666666666693
"[26, 16, 32, 48, 43, 43, 13, 18, 40, 51, 56, 21, 1, 24, 63]",33.83993766937671
"[26, 16, 32, 48, 43, 43, 13, 18, 40, 51, 55, 21, 1, 24, 64]",29.629082655826554
"[26, 16, 32, 48, 43, 43, 13, 18, 40, 51, 56, 21, 1, 24, 63]",31.761928184281853
"[26, 16, 32, 48, 43, 43, 13, 18, 40, 51, 55, 21, 1, 24, 64]",39.114269647696446
"[26, 16, 32, 48, 43, 43, 13, 18, 40, 51, 55, 21, 1, 24, 64]",32.98705826558268
"[26, 16, 32, 48, 43, 43, 13, 18, 40, 51, 56, 21, 1, 24, 63]",32.79578319783196
"[27, 16, 32, 47, 43, 43, 13, 18, 40, 51, 55, 21, 1, 24, 64]",33.322871273712785
"[26, 16, 32, 48, 43, 43, 13, 18, 40, 51, 56, 21, 1, 24, 63]",31.080140921409164
"[26, 16, 32, 48, 43, 43, 13, 18, 40, 51, 55, 21, 1, 24, 64]",37.35387533875343
"[26, 16, 32, 48, 43, 43, 13, 18, 40, 51, 56, 21, 1, 24, 63]",34.555455284552835
"[26, 16, 32, 48, 43, 43, 13, 18, 40, 51, 56, 21, 1, 24, 63]",39.63791192411925
"[26, 16, 32, 48, 43, 43, 13, 18, 40, 51, 56, 21, 1, 24, 63]",31.80986178861784
"[26, 16, 32, 48, 43, 43, 13, 18, 40, 51, 55, 21, 1, 24, 64]",30.776359078590755
"[26, 16, 32, 48, 43, 43, 13, 18, 40, 51, 55, 21, 1, 24, 64]",29.366043360433572
"[26, 16, 32, 48, 43, 43, 13, 18, 40, 51, 55, 21, 1, 24, 64]",33.57872222222223
"[26, 16, 32, 48, 43, 43, 13, 18, 40, 51, 56, 21, 1, 24, 63]",37.585703252032545
"[26, 16, 32, 48, 43, 43, 13, 18, 40, 51, 55, 21, 1, 24, 64]",40.94855013550131
"[26, 16, 32, 48, 43, 43, 13, 18, 40, 51, 55, 21, 1, 24, 64]",36.70371815718154
"[26, 16, 32, 48, 43, 43, 13, 18, 40, 51, 56, 21, 1, 24, 63]",42.25715040650408
"[26, 16, 32, 48, 43, 43, 13, 18, 40, 51, 55, 21, 1, 24, 64]",29.347680216802207
"[26, 16, 32, 48, 43, 43, 13, 18, 40, 51, 56, 21, 1, 24, 63]",33.654701897018946
"[26, 16, 32, 48, 43, 43, 13, 18, 40, 51, 55, 21, 1, 24, 64]",39.31144715447156
"[26, 16, 32, 48, 43, 43, 13, 18, 40, 51, 56, 21, 1, 24, 63]",35.60959078590782
"[26, 16, 32, 48, 43, 43, 13, 18, 40, 51, 55, 21, 1, 24, 64]",31.624483739837434
"[26, 16, 32, 48, 43, 43, 13, 18, 40, 51, 55, 21, 1, 24, 64]",39.92330081300814
"[26, 16, 32, 48, 43, 43, 13, 18, 40, 51, 56, 21, 1, 24, 63]",33.400922764227666
"[27, 16, 32, 47, 43, 43, 13, 18, 40, 51, 55, 21, 1, 24, 64]",42.31509891598914
"[26, 16, 32, 48, 43, 43, 13, 18, 40, 51, 56, 21, 1, 24, 63]",36.27688753387536
"[26, 16, 32, 48, 43, 43, 13, 18, 40, 51, 55, 21, 1, 24, 64]",42.13619647696479
"[26, 16, 32, 48, 43, 43, 13, 18, 40, 51, 56, 21, 1, 24, 63]",35.13797425474254
"[26, 16, 32, 48, 43, 43, 13, 18, 40, 51, 56, 21, 1, 24, 63]",34.1045650406504
"[26, 16, 32, 48, 43, 43, 13, 18, 40, 51, 56, 21, 1, 24, 63]",38.343808943089414
"[26, 16, 32, 48, 43, 43, 13, 18, 40, 51, 55, 21, 1, 24, 64]",33.52385365853659
"[26, 16, 32, 48, 43, 43, 13, 18, 40, 51, 55, 21, 1, 24, 64]",30.214753387533904
"[26, 16, 32, 48, 43, 43, 13, 18, 40, 51, 55, 21, 1, 24, 64]",40.10385636856367
"[26, 16, 32, 48, 43, 43, 13, 18, 40, 51, 56, 21, 1, 24, 63]",33.8727249322494
"[26, 16, 32, 48, 43, 43, 13, 18, 40, 51, 55, 21, 1, 24, 64]",37.07013008130085
"[26, 16, 32, 48, 43, 43, 13, 18, 40, 51, 55, 21, 1, 24, 64]",36.184126016260194
"[26, 16, 32, 48, 43, 43, 13, 18, 40, 51, 56, 21, 1, 24, 63]",34.57508943089428
"[26, 16, 32, 48, 43, 43, 13, 18, 40, 51, 55, 21, 1, 24, 64]",36.577318428184235
"[26, 16, 32, 48, 43, 43, 13, 18, 40, 51, 56, 21, 1, 24, 63]",36.44196341463417
"[26, 16, 32, 48, 43, 43, 13, 18, 40, 51, 55, 21, 1, 24, 64]",35.59123983739842
"[26, 16, 32, 48, 43, 43, 13, 18, 40, 51, 56, 21, 1, 24, 63]",32.18634417344166
"[26, 16, 32, 48, 43, 43, 13, 18, 40, 51, 55, 21, 1, 24, 64]",40.029716802167975
"[26, 16, 32, 48, 43, 43, 13, 18, 40, 51, 55, 21, 1, 24, 64]",32.20853794037943
"[26, 16, 32, 48, 43, 43, 13, 18, 40, 51, 56, 21, 1, 24, 63]",36.255406504065114
"[27, 16, 32, 47, 43, 43, 13, 18, 40, 51, 55, 21, 1, 24, 64]",35.77321544715446
"[26, 16, 32, 48, 43, 43, 13, 18, 40, 51, 56, 21, 1, 24, 63]",30.320990514905162
"[26, 16, 32, 48, 43, 43, 13, 18, 40, 51, 55, 21, 1, 24, 64]",38.65603116531174
"[26, 16, 32, 48, 43, 43, 13, 18, 40, 51, 56, 21, 1, 24, 63]",33.29084552845525
"[26, 16, 32, 48, 43, 43, 13, 18, 40, 51, 56, 21, 1, 24, 63]",30.409079945799466
"[26, 16, 32, 48, 43, 43, 13, 18, 40, 51, 56, 21, 1, 24, 63]",37.19575609756096
"[26, 16, 32, 48, 43, 43, 13, 18, 40, 51, 55, 21, 1, 24, 64]",33.373971544715424
"[26, 16, 32, 48, 43, 43, 13, 18, 40, 51, 55, 21, 1, 24, 64]",35.45223983739835
"[26, 16, 32, 48, 43, 43, 13, 18, 40, 51, 55, 21, 1, 24, 64]",36.650933604336025
"[26, 16, 32, 48, 43, 43, 13, 18, 40, 51, 56, 21, 1, 24, 63]",40.43762466124661
"[26, 16, 32, 48, 43, 43, 13, 18, 40, 51, 55, 21, 1, 24, 64]",31.253539295392958
"[26, 16, 32, 48, 43, 43, 13, 18, 40, 51, 55, 21, 1, 24, 64]",34.15613550135499
"[26, 16, 32, 48, 43, 43, 13, 18, 40, 51, 56, 21, 1, 24, 63]",38.969401084010734
"[26, 16, 32, 48, 43, 43, 13, 18, 40, 51, 55, 21, 1, 24, 64]",36.45640514905154
"[26, 16, 32, 48, 43, 43, 13, 18, 40, 51, 56, 21, 1, 24, 63]",31.708933604336124
"[26, 16, 32, 48, 43, 43, 13, 18, 40, 51, 55, 21, 1, 24, 64]",35.35958943089433
"[26, 16, 32, 48, 43, 43, 13, 18, 40, 51, 56, 21, 1, 24, 63]",36.200108401084
"[26, 16, 32, 48, 43, 43, 13, 18, 40, 51, 55, 21, 1, 24, 64]",30.787433604336066
"[26, 16, 32, 48, 43, 43, 13, 18, 40, 51, 55, 21, 1, 24, 64]",29.741029810298137
"[26, 16, 32, 48, 43, 43, 13, 18, 40, 51, 56, 21, 1, 24, 63]",38.63478048780487
"[27, 16, 32, 47, 43, 43, 13, 18, 40, 51, 55, 21, 1, 24, 64]",32.608533875338765
"[26, 16, 32, 48, 43, 43, 13, 18, 40, 51, 56, 21, 1, 24, 63]",35.31550948509483
"[26, 16, 32, 48, 43, 43, 13, 18, 40, 51, 55, 21, 1, 24, 64]",37.70814769647691
"[26, 16, 32, 48, 43, 43, 13, 18, 40, 51, 56, 21, 1, 24, 63]",37.59241192411924
"[26, 16, 32, 48, 43, 43, 13, 18, 40, 51, 56, 21, 1, 24, 63]",37.002178861788636
"[26, 16, 32, 48, 43, 43, 13, 18, 40, 51, 56, 21, 1, 24, 63]",37.906565040650456
"[26, 16, 32, 48, 43, 43, 13, 18, 40, 51, 55, 21, 1, 24, 64]",30.549474254742503
"[26, 16, 32, 48, 43, 43, 13, 18, 40, 51, 55, 21, 1, 24, 64]",31.278608401084007
"[26, 16, 32, 48, 43, 43, 13, 18, 40, 51, 55, 21, 1, 24, 64]",41.93225474254748
"[26, 16, 32, 48, 43, 43, 13, 18, 40, 51, 56, 21, 1, 24, 63]",33.952174796748
"[26, 16, 32, 48, 43, 43, 13, 18, 40, 51, 55, 21, 1, 24, 64]",33.327742547425515
"[26, 16, 32, 48, 43, 43, 13, 18, 40, 51, 55, 21, 1, 24, 64]",37.14597425474256
"[26, 16, 32, 48, 43, 43, 13, 18, 40, 51, 56, 21, 1, 24, 63]",32.87955826558261
"[26, 16, 32, 48, 43, 43, 13, 18, 40, 51, 55, 21, 1, 24, 64]",33.77711517615177
"[26, 16, 32, 48, 43, 43, 13, 18, 40, 51, 56, 21, 1, 24, 63]",31.152678861788573
"[26, 16, 32, 48, 43, 43, 13, 18, 40, 51, 55, 21, 1, 24, 64]",30.222976964769636
"[26, 16, 32, 48, 43, 43, 13, 18, 40, 51, 56, 21, 1, 24, 63]",37.872752032520324
"[26, 16, 32, 48, 43, 43, 13, 18, 40, 51, 55, 21, 1, 24, 64]",36.64415853658544
"[26, 16, 32, 48, 43, 43, 13, 18, 40, 51, 55, 21, 1, 24, 64]",34.96294037940377
"[26, 16, 32, 48, 43, 43, 13, 18, 40, 51, 56, 21, 1, 24, 63]",36.627046070460736
"[27, 16, 32, 47, 43, 43, 13, 18, 40, 51, 55, 21, 1, 24, 64]",28.380334688346874
"[26, 16, 32, 48, 43, 43, 13, 18, 40, 51, 56, 21, 1, 24, 63]",31.465319783197817
"[26, 16, 32, 48, 43, 43, 13, 18, 40, 51, 55, 21, 1, 24, 64]",33.362529810298085
"[26, 16, 32, 48, 43, 43, 13, 18, 40, 51, 56, 21, 1, 24, 63]",32.686598915989116
"[26, 16, 32, 48, 43, 43, 13, 18, 40, 51, 56, 21, 1, 24, 63]",32.81837533875339
"[26, 16, 32, 48, 43, 43, 13, 18, 40, 51, 56, 21, 1, 24, 63]",32.19404065040644
"[26, 16, 32, 48, 43, 43, 13, 18, 40, 51, 55, 21, 1, 24, 64]",31.283795392953934
"[26, 16, 32, 48, 43, 43, 13, 18, 40, 51, 55, 21, 1, 24, 64]",34.17820731707319
"[26, 16, 32, 48, 43, 43, 13, 18, 40, 51, 55, 21, 1, 24, 64]",32.37286178861791
"[26, 16, 32, 48, 43, 43, 13, 18, 40, 51, 56, 21, 1, 24, 63]",34.05652303523031
"[26, 16, 32, 48, 43, 43, 13, 18, 40, 51, 55, 21, 1, 24, 64]",35.36384146341466
"[26, 16, 32, 48, 43, 43, 13, 18, 40, 51, 55, 21, 1, 24, 64]",35.156371273712715
"[26, 16, 32, 48, 43, 43, 13, 18, 40, 51, 56, 21, 1, 24, 63]",40.82436449864502
"[26, 16, 32, 48, 43, 43, 13, 18, 40, 51, 55, 21, 1, 24, 64]",32.981726287262866
"[26, 16, 32, 48, 43, 43, 13, 18, 40, 51, 56, 21, 1, 24, 63]",34.99431300813008
"[26, 16, 32, 48, 43, 43, 13, 18, 40, 51, 55, 21, 1, 24, 64]",38.21542953929536
"[26, 16, 32, 48, 43, 43, 13, 18, 40, 51, 56, 21, 1, 24, 63]",36.23008401084012
"[26, 16, 32, 48, 43, 43, 13, 18, 40, 51, 55, 21, 1, 24, 64]",32.27628455284552
"[26, 16, 32, 48, 43, 43, 13, 18, 40, 51, 55, 21, 1, 24, 64]",33.61209485094847
"[26, 16, 32, 48, 43, 43, 13, 18, 40, 51, 56, 21, 1, 24, 63]",29.530120596205936
"[27, 16, 32, 47, 43, 43, 13, 18, 40, 51, 55, 21, 1, 24, 64]",37.15318970189704
"[26, 16, 32, 48, 43, 43, 13, 18, 40, 51, 56, 21, 1, 24, 63]",31.262846883468846
"[26, 16, 32, 48, 43, 43, 13, 18, 40, 51, 55, 21, 1, 24, 64]",39.735546070460714
"[26, 16, 32, 48, 43, 43, 13, 18, 40, 51, 56, 21, 1, 24, 63]",36.30201490514908
"[26, 16, 32, 48, 43, 43, 13, 18, 40, 51, 56, 21, 1, 24, 63]",29.74423170731708
"[26, 16, 32, 48, 43, 43, 13, 18, 40, 51, 56, 21, 1, 24, 63]",34.47536856368564
"[26, 16, 32, 48, 43, 43, 13, 18, 40, 51, 55, 21, 1, 24, 64]",38.596470189701925
"[26, 16, 32, 48, 43, 43, 13, 18, 40, 51, 55, 21, 1, 24, 64]",35.19589024390246
"[26, 16, 32, 48, 43, 43, 13, 18, 40, 51, 55, 21, 1, 24, 64]",41.38222086720873
"[26, 16, 32, 48, 43, 43, 13, 18, 40, 51, 56, 21, 1, 24, 63]",36.21667886178857
"[26, 16, 32, 48, 43, 43, 13, 18, 40, 51, 55, 21, 1, 24, 64]",36.14681300813013
"[26, 16, 32, 48, 43, 43, 13, 18, 40, 51, 55, 21, 1, 24, 64]",33.55952981029807
"[26, 16, 32, 48, 43, 43, 13, 18, 40, 51, 56, 21, 1, 24, 63]",37.555117886178834
"[26, 16, 32, 48, 43, 43, 13, 18, 40, 51, 55, 21, 1, 24, 64]",35.07953252032523
"[26, 16, 32, 48, 43, 43, 13, 18, 40, 51, 56, 21, 1, 24, 63]",40.88124661246612
"[26, 16, 32, 48, 43, 43, 13, 18, 40, 51, 55, 21, 1, 24, 64]",35.697182926829285
"[26, 16, 32, 48, 43, 43, 13, 18, 40, 51, 56, 21, 1, 24, 63]",35.86515582655826
"[26, 16, 32, 48, 43, 43, 13, 18, 40, 51, 55, 21, 1, 24, 64]",47.56597560975605
"[26, 16, 32, 48, 43, 43, 13, 18, 40, 51, 55, 21, 1, 24, 64]",35.53998373983741
"[26, 16, 32, 48, 43, 43, 13, 18, 40, 51, 56, 21, 1, 24, 63]",34.19379674796746
"[27, 16, 32, 47, 43, 43, 13, 18, 40, 51, 55, 21, 1, 24, 64]",34.8913861788618
"[26, 16, 32, 48, 43, 43, 13, 18, 40, 51, 56, 21, 1, 24, 63]",36.51564227642279
"[26, 16, 32, 48, 43, 43, 13, 18, 40, 51, 55, 21, 1, 24, 64]",31.9266720867209
"[26, 16, 32, 48, 43, 43, 13, 18, 40, 51, 56, 21, 1, 24, 63]",37.98275474254747
"[26, 16, 32, 48, 43, 43, 13, 18, 40, 51, 56, 21, 1, 24, 63]",31.300776422764212
"[26, 16, 32, 48, 43, 43, 13, 18, 40, 51, 56, 21, 1, 24, 63]",41.995978319783156
"[26, 16, 32, 48, 43, 43, 13, 18, 40, 51, 55, 21, 1, 24, 64]",32.45048102981025
"[26, 16, 32, 48, 43, 43, 13, 18, 40, 51, 55, 21, 1, 24, 64]",37.10473848238479
"[26, 16, 32, 48, 43, 43, 13, 18, 40, 51, 55, 21, 1, 24, 64]",31.91998238482392
"[26, 16, 32, 48, 43, 43, 13, 18, 40, 51, 56, 21, 1, 24, 63]",30.05505555555555
"[26, 16, 32, 48, 43, 43, 13, 18, 40, 51, 55, 21, 1, 24, 64]",27.890962059620612
"[26, 16, 32, 48, 43, 43, 13, 18, 40, 51, 55, 21, 1, 24, 64]",30.762794037940342
"[26, 16, 32, 48, 43, 43, 13, 18, 40, 51, 56, 21, 1, 24, 63]",38.87075745257448
"[26, 16, 32, 48, 43, 43, 13, 18, 40, 51, 55, 21, 1, 24, 64]",34.122398373983756
"[26, 16, 32, 48, 43, 43, 13, 18, 40, 51, 56, 21, 1, 24, 63]",28.944678861788606
"[26, 16, 32, 48, 43, 43, 13, 18, 40, 51, 55, 21, 1, 24, 64]",40.19016666666672
"[26, 16, 32, 48, 43, 43, 13, 18, 40, 51, 56, 21, 1, 24, 63]",32.819153116531105
"[26, 16, 32, 48, 43, 43, 13, 18, 40, 51, 55, 21, 1, 24, 64]",31.501982384823908
"[26, 16, 32, 48, 43, 43, 13, 18, 40, 51, 55, 21, 1, 24, 64]",39.976379403794034
"[26, 16, 32, 48, 43, 43, 13, 18, 40, 51, 56, 21, 1, 24, 63]",33.40419105691058
"[27, 16, 32, 47, 43, 43, 13, 18, 40, 51, 55, 21, 1, 24, 64]",34.35999457994584
"[26, 16, 32, 48, 43, 43, 13, 18, 40, 51, 56, 21, 1, 24, 63]",35.455752032520365
"[26, 16, 32, 48, 43, 43, 13, 18, 40, 51, 55, 21, 1, 24, 64]",34.75588075880754
"[26, 16, 32, 48, 43, 43, 13, 18, 40, 51, 56, 21, 1, 24, 63]",33.18846070460708
"[26, 16, 32, 48, 43, 43, 13, 18, 40, 51, 56, 21, 1, 24, 63]",36.82879403794037
"[26, 16, 32, 48, 43, 43, 13, 18, 40, 51, 56, 21, 1, 24, 63]",39.2183902439024
"[26, 16, 32, 48, 43, 43, 13, 18, 40, 51, 55, 21, 1, 24, 64]",31.7389268292683
"[26, 16, 32, 48, 43, 43, 13, 18, 40, 51, 55, 21, 1, 24, 64]",34.148632791327906
"[26, 16, 32, 48, 43, 43, 13, 18, 40, 51, 55, 21, 1, 24, 64]",44.06325067750674
"[26, 16, 32, 48, 43, 43, 13, 18, 40, 51, 56, 21, 1, 24, 63]",37.935650406504074
"[26, 16, 32, 48, 43, 43, 13, 18, 40, 51, 55, 21, 1, 24, 64]",31.208974254742532
"[26, 16, 32, 48, 43, 43, 13, 18, 40, 51, 55, 21, 1, 24, 64]",29.84811653116533
"[26, 16, 32, 48, 43, 43, 13, 18, 40, 51, 56, 21, 1, 24, 63]",33.783344173441684
"[26, 16, 32, 48, 43, 43, 13, 18, 40, 51, 55, 21, 1, 24, 64]",30.785090785907887
"[26, 16, 32, 48, 43, 43, 13, 18, 40, 51, 56, 21, 1, 24, 63]",33.029021680216786
"[26, 16, 32, 48, 43, 43, 13, 18, 40, 51, 55, 21, 1, 24, 64]",34.00783062330624
"[26, 16, 32, 48, 43, 43, 13, 18, 40, 51, 56, 21, 1, 24, 63]",31.730418699186952
"[26, 16, 32, 48, 43, 43, 13, 18, 40, 51, 55, 21, 1, 24, 64]",30.137074525745213
"[26, 16, 32, 48, 43, 43, 13, 18, 40, 51, 55, 21, 1, 24, 64]",36.221321138211366
"[26, 16, 32, 48, 43, 43, 13, 18, 40, 51, 56, 21, 1, 24, 63]",30.7166273712737
"[27, 16, 32, 47, 43, 43, 13, 18, 40, 51, 55, 21, 1, 24, 64]",32.4347086720867
"[26, 16, 32, 48, 43, 43, 13, 18, 40, 51, 56, 21, 1, 24, 63]",36.262441734417386
"[26, 16, 32, 48, 43, 43, 13, 18, 40, 51, 55, 21, 1, 24, 64]",33.415378048780475
"[26, 16, 32, 48, 43, 43, 13, 18, 40, 51, 56, 21, 1, 24, 63]",39.535177506775135
"[26, 16, 32, 48, 43, 43, 13, 18, 40, 51, 56, 21, 1, 24, 63]",30.4160975609756
"[26, 16, 32, 48, 43, 43, 13, 18, 40, 51, 56, 21, 1, 24, 63]",38.69000271002708
"[26, 16, 32, 48, 43, 43, 13, 18, 40, 51, 55, 21, 1, 24, 64]",29.994863143631413
"[26, 16, 32, 48, 43, 43, 13, 18, 40, 51, 55, 21, 1, 24, 64]",42.25353523035237
"[26, 16, 32, 48, 43, 43, 13, 18, 40, 51, 55, 21, 1, 24, 64]",31.67282113821137
"[26, 16, 32, 48, 43, 43, 13, 18, 40, 51, 56, 21, 1, 24, 63]",35.69412195121958
"[26, 16, 32, 48, 43, 43, 13, 18, 40, 51, 55, 21, 1, 24, 64]",28.760102981029824
"[26, 16, 32, 48, 43, 43, 13, 18, 40, 51, 55, 21, 1, 24, 64]",33.87381165311647
"[26, 16, 32, 48, 43, 43, 13, 18, 40, 51, 56, 21, 1, 24, 63]",34.804405149051455
"[26, 16, 32, 48, 43, 43, 13, 18, 40, 51, 55, 21, 1, 24, 64]",29.835009485094908
"[26, 16, 32, 48, 43, 43, 13, 18, 40, 51, 56, 21, 1, 24, 63]",34.746846883468784
"[26, 16, 32, 48, 43, 43, 13, 18, 40, 51, 55, 21, 1, 24, 64]",28.30581165311653
"[26, 16, 32, 48, 43, 43, 13, 18, 40, 51, 56, 21, 1, 24, 63]",31.331027100270976
"[26, 16, 32, 48, 43, 43, 13, 18, 40, 51, 55, 21, 1, 24, 64]",38.03437127371275
"[26, 16, 32, 48, 43, 43, 13, 18, 40, 51, 55, 21, 1, 24, 64]",34.70377506775069
"[26, 16, 32, 48, 43, 43, 13, 18, 40, 51, 56, 21, 1, 24, 63]",34.854609756097524
"[27, 16, 32, 47, 43, 43, 13, 18, 40, 51, 55, 21, 1, 24, 64]",33.64309891598916
"[26, 16, 32, 48, 43, 43, 13, 18, 40, 51, 56, 21, 1, 24, 63]",31.77522222222224
"[26, 16, 32, 48, 43, 43, 13, 18, 40, 51, 55, 21, 1, 24, 64]",36.61211246612464
"[26, 16, 32, 48, 43, 43, 13, 18, 40, 51, 56, 21, 1, 24, 63]",34.23420596205963
"[26, 16, 32, 48, 43, 43, 13, 18, 40, 51, 56, 21, 1, 24, 63]",40.49105149051494
"[26, 16, 32, 48, 43, 43, 13, 18, 40, 51, 56, 21, 1, 24, 63]",40.47658536585362
"[26, 16, 32, 48, 43, 43, 13, 18, 40, 51, 55, 21, 1, 24, 64]",32.63174254742548
"[26, 16, 32, 48, 43, 43, 13, 18, 40, 51, 55, 21, 1, 24, 64]",37.586596205962046
"[26, 16, 32, 48, 43, 43, 13, 18, 40, 51, 55, 21, 1, 24, 64]",32.35970460704608
"[26, 16, 32, 48, 43, 43, 13, 18, 40, 51, 56, 21, 1, 24, 63]",33.53490108401087
"[26, 16, 32, 48, 43, 43, 13, 18, 40, 51, 55, 21, 1, 24, 64]",36.49503658536583
"[26, 16, 32, 48, 43, 43, 13, 18, 40, 51, 55, 21, 1, 24, 64]",33.682699186991854
"[26, 16, 32, 48, 43, 43, 13, 18, 40, 51, 56, 21, 1, 24, 63]",34.60833062330624
"[26, 16, 32, 48, 43, 43, 13, 18, 40, 51, 55, 21, 1, 24, 64]",35.56197831978316
"[26, 16, 32, 48, 43, 43, 13, 18, 40, 51, 56, 21, 1, 24, 63]",33.886730352303495
"[26, 16, 32, 48, 43, 43, 13, 18, 40, 51, 55, 21, 1, 24, 64]",33.16284552845529
"[26, 16, 32, 48, 43, 43, 13, 18, 40, 51, 56, 21, 1, 24, 63]",32.83055962059622
"[26, 16, 32, 48, 43, 43, 13, 18, 40, 51, 55, 21, 1, 24, 64]",36.502880758807606
"[26, 16, 32, 48, 43, 43, 13, 18, 40, 51, 55, 21, 1, 24, 64]",40.067726287262836
"[26, 16, 32, 48, 43, 43, 13, 18, 40, 51, 56, 21, 1, 24, 63]",31.474257452574548
"[27, 16, 32, 47, 43, 43, 13, 18, 40, 51, 55, 21, 1, 24, 64]",39.01126693766939
"[26, 16, 32, 48, 43, 43, 13, 18, 40, 51, 56, 21, 1, 24, 63]",31.44140921409214
"[26, 16, 32, 48, 43, 43, 13, 18, 40, 51, 55, 21, 1, 24, 64]",31.50805555555552
"[26, 16, 32, 48, 43, 43, 13, 18, 40, 51, 56, 21, 1, 24, 63]",37.47129132791335
"[26, 16, 32, 48, 43, 43, 13, 18, 40, 51, 56, 21, 1, 24, 63]",38.43254878048776
"[26, 16, 32, 48, 43, 43, 13, 18, 40, 51, 56, 21, 1, 24, 63]",35.63291463414638
"[26, 16, 32, 48, 43, 43, 13, 18, 40, 51, 55, 21, 1, 24, 64]",29.226173441734435
"[26, 16, 32, 48, 43, 43, 13, 18, 40, 51, 55, 21, 1, 24, 64]",32.8607777777778
"[26, 16, 32, 48, 43, 43, 13, 18, 40, 51, 55, 21, 1, 24, 64]",30.448859078590814
"[26, 16, 32, 48, 43, 43, 13, 18, 40, 51, 56, 21, 1, 24, 63]",41.74837804878049
"[26, 16, 32, 48, 43, 43, 13, 18, 40, 51, 55, 21, 1, 24, 64]",29.40592818428186
"[26, 16, 32, 48, 43, 43, 13, 18, 40, 51, 55, 21, 1, 24, 64]",40.398831978319755
"[26, 16, 32, 48, 43, 43, 13, 18, 40, 51, 56, 21, 1, 24, 63]",38.61428455284557
"[26, 16, 32, 48, 43, 43, 13, 18, 40, 51, 55, 21, 1, 24, 64]",32.637401084010804
"[26, 16, 32, 48, 43, 43, 13, 18, 40, 51, 56, 21, 1, 24, 63]",33.91136449864496
"[26, 16, 32, 48, 43, 43, 13, 18, 40, 51, 55, 21, 1, 24, 64]",36.32797560975608
"[26, 16, 32, 48, 43, 43, 13, 18, 40, 51, 56, 21, 1, 24, 63]",36.28156504065039
"[26, 16, 32, 48, 43, 43, 13, 18, 40, 51, 55, 21, 1, 24, 64]",39.50256775067752
"[26, 16, 32, 48, 43, 43, 13, 18, 40, 51, 55, 21, 1, 24, 64]",32.69553794037939
"[26, 16, 32, 48, 43, 43, 13, 18, 40, 51, 56, 21, 1, 24, 63]",38.98598238482384
"[27, 16, 32, 47, 43, 43, 13, 18, 40, 51, 55, 21, 1, 24, 64]",39.1913468834689
"[26, 16, 32, 48, 43, 43, 13, 18, 40, 51, 56, 21, 1, 24, 63]",38.23194715447155
"[26, 16, 32, 48, 43, 43, 13, 18, 40, 51, 55, 21, 1, 24, 64]",31.279397018970172
"[26, 16, 32, 48, 43, 43, 13, 18, 40, 51, 56, 21, 1, 24, 63]",36.92778319783192
"[26, 16, 32, 48, 43, 43, 13, 18, 40, 51, 56, 21, 1, 24, 63]",42.82002574525746
"[26, 16, 32, 48, 43, 43, 13, 18, 40, 51, 56, 21, 1, 24, 63]",29.14422493224931
"[26, 16, 32, 48, 43, 43, 13, 18, 40, 51, 55, 21, 1, 24, 64]",39.09737940379403
"[26, 16, 32, 48, 43, 43, 13, 18, 40, 51, 55, 21, 1, 24, 64]",37.52616124661243
"[26, 16, 32, 48, 43, 43, 13, 18, 40, 51, 55, 21, 1, 24, 64]",39.40257181571818
"[26, 16, 32, 48, 43, 43, 13, 18, 40, 51, 56, 21, 1, 24, 63]",33.217242547425435
"[26, 16, 32, 48, 43, 43, 13, 18, 40, 51, 55, 21, 1, 24, 64]",30.753176151761544
"[26, 16, 32, 48, 43, 43, 13, 18, 40, 51, 55, 21, 1, 24, 64]",31.572754742547488
"[26, 16, 32, 48, 43, 43, 13, 18, 40, 51, 56, 21, 1, 24, 63]",34.30505962059619
"[26, 16, 32, 48, 43, 43, 13, 18, 40, 51, 55, 21, 1, 24, 64]",36.90008401084015
"[26, 16, 32, 48, 43, 43, 13, 18, 40, 51, 56, 21, 1, 24, 63]",43.744945799457966
"[26, 16, 32, 48, 43, 43, 13, 18, 40, 51, 55, 21, 1, 24, 64]",38.206012195121964
"[26, 16, 32, 48, 43, 43, 13, 18, 40, 51, 56, 21, 1, 24, 63]",37.08696612466126
"[26, 16, 32, 48, 43, 43, 13, 18, 40, 51, 55, 21, 1, 24, 64]",33.132997289972884
"[26, 16, 32, 48, 43, 43, 13, 18, 40, 51, 55, 21, 1, 24, 64]",30.90416260162607
"[26, 16, 32, 48, 43, 43, 13, 18, 40, 51, 56, 21, 1, 24, 63]",34.26810840108399
"[27, 16, 32, 47, 43, 43, 13, 18, 40, 51, 55, 21, 1, 24, 64]",33.0186788617886
"[26, 16, 32, 48, 43, 43, 13, 18, 40, 51, 56, 21, 1, 24, 63]",35.794558265582666
"[26, 16, 32, 48, 43, 43, 13, 18, 40, 51, 55, 21, 1, 24, 64]",41.45383062330627
"[26, 16, 32, 48, 43, 43, 13, 18, 40, 51, 56, 21, 1, 24, 63]",38.40025474254744
"[26, 16, 32, 48, 43, 43, 13, 18, 40, 51, 56, 21, 1, 24, 63]",33.021191056910574
"[26, 16, 32, 48, 43, 43, 13, 18, 40, 51, 56, 21, 1, 24, 63]",33.25917750677504
"[26, 16, 32, 48, 43, 43, 13, 18, 40, 51, 55, 21, 1, 24, 64]",33.657608401083934
"[26, 16, 32, 48, 43, 43, 13, 18, 40, 51, 55, 21, 1, 24, 64]",33.69907452574525
"[26, 16, 32, 48, 43, 43, 13, 18, 40, 51, 55, 21, 1, 24, 64]",36.35523035230355
"[26, 16, 32, 48, 43, 43, 13, 18, 40, 51, 56, 21, 1, 24, 63]",32.741922764227624
"[26, 16, 32, 48, 43, 43, 13, 18, 40, 51, 55, 21, 1, 24, 64]",33.301340108401085
"[26, 16, 32, 48, 43, 43, 13, 18, 40, 51, 55, 21, 1, 24, 64]",33.18014363143632
"[26, 16, 32, 48, 43, 43, 13, 18, 40, 51, 56, 21, 1, 24, 63]",33.41186449864494
"[26, 16, 32, 48, 43, 43, 13, 18, 40, 51, 55, 21, 1, 24, 64]",47.40770731707319
"[26, 16, 32, 48, 43, 43, 13, 18, 40, 51, 56, 21, 1, 24, 63]",35.45040108401083
"[26, 16, 32, 48, 43, 43, 13, 18, 40, 51, 55, 21, 1, 24, 64]",37.47898238482385
"[26, 16, 32, 48, 43, 43, 13, 18, 40, 51, 56, 21, 1, 24, 63]",34.88056639566396
"[26, 16, 32, 48, 43, 43, 13, 18, 40, 51, 55, 21, 1, 24, 64]",33.9346382113821
"[26, 16, 32, 48, 43, 43, 13, 18, 40, 51, 55, 21, 1, 24, 64]",34.77956639566394
"[26, 16, 32, 48, 43, 43, 13, 18, 40, 51, 56, 21, 1, 24, 63]",34.86202032520322
"[27, 16, 32, 47, 43, 43, 13, 18, 40, 51, 55, 21, 1, 24, 64]",33.34217479674798
"[26, 16, 32, 48, 43, 43, 13, 18, 40, 51, 56, 21, 1, 24, 63]",34.501042005420025
"[26, 16, 32, 48, 43, 43, 13, 18, 40, 51, 55, 21, 1, 24, 64]",33.620743902438996
"[26, 16, 32, 48, 43, 43, 13, 18, 40, 51, 56, 21, 1, 24, 63]",32.124271002709996
"[26, 16, 32, 48, 43, 43, 13, 18, 40, 51, 56, 21, 1, 24, 63]",41.23364769647693
"[26, 16, 32, 48, 43, 43, 13, 18, 40, 51, 56, 21, 1, 24, 63]",38.36663143631432
"[26, 16, 32, 48, 43, 43, 13, 18, 40, 51, 55, 21, 1, 24, 64]",33.14898102981027
"[26, 16, 32, 48, 43, 43, 13, 18, 40, 51, 55, 21, 1, 24, 64]",37.16826964769649
"[26, 16, 32, 48, 43, 43, 13, 18, 40, 51, 55, 21, 1, 24, 64]",29.727364498644995
"[26, 16, 32, 48, 43, 43, 13, 18, 40, 51, 56, 21, 1, 24, 63]",29.37611246612469
"[26, 16, 32, 48, 43, 43, 13, 18, 40, 51, 55, 21, 1, 24, 64]",42.060642276422755
"[26, 16, 32, 48, 43, 43, 13, 18, 40, 51, 55, 21, 1, 24, 64]",35.83511246612471
"[26, 16, 32, 48, 43, 43, 13, 18, 40, 51, 56, 21, 1, 24, 63]",39.09300813008127
"[26, 16, 32, 48, 43, 43, 13, 18, 40, 51, 55, 21, 1, 24, 64]",40.7582100271002
"[26, 16, 32, 48, 43, 43, 13, 18, 40, 51, 56, 21, 1, 24, 63]",35.60492818428185
"[26, 16, 32, 48, 43, 43, 13, 18, 40, 51, 55, 21, 1, 24, 64]",35.16606639566396
"[26, 16, 32, 48, 43, 43, 13, 18, 40, 51, 56, 21, 1, 24, 63]",33.657696476964766
"[26, 16, 32, 48, 43, 43, 13, 18, 40, 51, 55, 21, 1, 24, 64]",31.010555555555523
"[26, 16, 32, 48, 43, 43, 13, 18, 40, 51, 55, 21, 1, 24, 64]",34.381273712737034
"[26, 16, 32, 48, 43, 43, 13, 18, 40, 51, 56, 21, 1, 24, 63]",30.752342818428254
"[27, 16, 32, 47, 43, 43, 13, 18, 40, 51, 55, 21, 1, 24, 64]",34.72196476964773
"[26, 16, 32, 48, 43, 43, 13, 18, 40, 51, 56, 21, 1, 24, 63]",34.96340921409214
"[26, 16, 32, 48, 43, 43, 13, 18, 40, 51, 55, 21, 1, 24, 64]",31.27627506775068
"[26, 16, 32, 48, 43, 43, 13, 18, 40, 51, 56, 21, 1, 24, 63]",32.997949864498636
"[26, 16, 32, 48, 43, 43, 13, 18, 40, 51, 56, 21, 1, 24, 63]",34.483264227642245
"[26, 16, 32, 48, 43, 43, 13, 18, 40, 51, 56, 21, 1, 24, 63]",31.05728048780486
"[26, 16, 32, 48, 43, 43, 13, 18, 40, 51, 55, 21, 1, 24, 64]",42.44173306233058
"[26, 16, 32, 48, 43, 43, 13, 18, 40, 51, 55, 21, 1, 24, 64]",40.01700000000011
"[26, 16, 32, 48, 43, 43, 13, 18, 40, 51, 55, 21, 1, 24, 64]",35.668073170731724
"[26, 16, 32, 48, 43, 43, 13, 18, 40, 51, 56, 21, 1, 24, 63]",30.721686991869912
"[26, 16, 32, 48, 43, 43, 13, 18, 40, 51, 55, 21, 1, 24, 64]",37.5625731707317
"[26, 16, 32, 48, 43, 43, 13, 18, 40, 51, 55, 21, 1, 24, 64]",34.198433604336046
"[26, 16, 32, 48, 43, 43, 13, 18, 40, 51, 56, 21, 1, 24, 63]",36.43581300813009
"[26, 16, 32, 48, 43, 43, 13, 18, 40, 51, 55, 21, 1, 24, 64]",34.56617073170734
"[26, 16, 32, 48, 43, 43, 13, 18, 40, 51, 56, 21, 1, 24, 63]",36.10737533875333
"[26, 16, 32, 48, 43, 43, 13, 18, 40, 51, 55, 21, 1, 24, 64]",45.71101490514905
"[26, 16, 32, 48, 43, 43, 13, 18, 40, 51, 56, 21, 1, 24, 63]",33.423193766937636
"[26, 16, 32, 48, 43, 43, 13, 18, 40, 51, 55, 21, 1, 24, 64]",31.2338536585366
"[26, 16, 32, 48, 43, 43, 13, 18, 40, 51, 55, 21, 1, 24, 64]",33.541795392953944
"[26, 16, 32, 48, 43, 43, 13, 18, 40, 51, 56, 21, 1, 24, 63]",35.58904742547424
"[27, 16, 32, 47, 43, 43, 13, 18, 40, 51, 55, 21, 1, 24, 64]",32.43749186991864
"[26, 16, 32, 48, 43, 43, 13, 18, 40, 51, 56, 21, 1, 24, 63]",33.189280487804865
"[26, 16, 32, 48, 43, 43, 13, 18, 40, 51, 55, 21, 1, 24, 64]",31.531121951219465
"[26, 16, 32, 48, 43, 43, 13, 18, 40, 51, 56, 21, 1, 24, 63]",30.312082655826504
"[26, 16, 32, 48, 43, 43, 13, 18, 40, 51, 56, 21, 1, 24, 63]",33.18774661246614
"[26, 16, 32, 48, 43, 43, 13, 18, 40, 51, 56, 21, 1, 24, 63]",33.302036585365904
"[26, 16, 32, 48, 43, 43, 13, 18, 40, 51, 55, 21, 1, 24, 64]",30.177387533875383
"[26, 16, 32, 48, 43, 43, 13, 18, 40, 51, 55, 21, 1, 24, 64]",27.272552845528452
"[26, 16, 32, 48, 43, 43, 13, 18, 40, 51, 55, 21, 1, 24, 64]",38.79301490514903
"[26, 16, 32, 48, 43, 43, 13, 18, 40, 51, 56, 21, 1, 24, 63]",36.74841598915989
"[26, 16, 32, 48, 43, 43, 13, 18, 40, 51, 55, 21, 1, 24, 64]",43.22078455284547
"[26, 16, 32, 48, 43, 43, 13, 18, 40, 51, 55, 21, 1, 24, 64]",33.382311653116524
"[26, 16, 32, 48, 43, 43, 13, 18, 40, 51, 56, 21, 1, 24, 63]",35.104920054200555
"[26, 16, 32, 48, 43, 43, 13, 18, 40, 51, 55, 21, 1, 24, 64]",32.611363143631436
"[26, 16, 32, 48, 43, 43, 13, 18, 40, 51, 56, 21, 1, 24, 63]",44.54750948509489
"[26, 16, 32, 48, 43, 43, 13, 18, 40, 51, 55, 21, 1, 24, 64]",31.951825203252028
"[26, 16, 32, 48, 43, 43, 13, 18, 40, 51, 56, 21, 1, 24, 63]",37.44984417344165
"[26, 16, 32, 48, 43, 43, 13, 18, 40, 51, 55, 21, 1, 24, 64]",30.013956639566423
"[26, 16, 32, 48, 43, 43, 13, 18, 40, 51, 55, 21, 1, 24, 64]",34.01919376693765
"[26, 16, 32, 48, 43, 43, 13, 18, 40, 51, 56, 21, 1, 24, 63]",36.528486449864594
"[27, 16, 32, 47, 43, 43, 13, 18, 40, 51, 55, 21, 1, 24, 64]",32.3571788617886
"[26, 16, 32, 48, 43, 43, 13, 18, 40, 51, 56, 21, 1, 24, 63]",36.75731436314357
"[26, 16, 32, 48, 43, 43, 13, 18, 40, 51, 55, 21, 1, 24, 64]",31.35736449864495
"[26, 16, 32, 48, 43, 43, 13, 18, 40, 51, 56, 21, 1, 24, 63]",36.381566395664
"[26, 16, 32, 48, 43, 43, 13, 18, 40, 51, 56, 21, 1, 24, 63]",29.412957994579987
"[26, 16, 32, 48, 43, 43, 13, 18, 40, 51, 56, 21, 1, 24, 63]",28.491265582655842
"[26, 16, 32, 48, 43, 43, 13, 18, 40, 51, 55, 21, 1, 24, 64]",36.19983739837402
"[26, 16, 32, 48, 43, 43, 13, 18, 40, 51, 55, 21, 1, 24, 64]",29.80331165311655
"[26, 16, 32, 48, 43, 43, 13, 18, 40, 51, 55, 21, 1, 24, 64]",34.67739024390244
"[26, 16, 32, 48, 43, 43, 13, 18, 40, 51, 56, 21, 1, 24, 63]",31.911861788617895
"[26, 16, 32, 48, 43, 43, 13, 18, 40, 51, 55, 21, 1, 24, 64]",45.99105826558265
"[26, 16, 32, 48, 43, 43, 13, 18, 40, 51, 55, 21, 1, 24, 64]",34.05965040650406
"[26, 16, 32, 48, 43, 43, 13, 18, 40, 51, 56, 21, 1, 24, 63]",33.33721273712735
"[26, 16, 32, 48, 43, 43, 13, 18, 40, 51, 55, 21, 1, 24, 64]",34.51366124661241
"[26, 16, 32, 48, 43, 43, 13, 18, 40, 51, 56, 21, 1, 24, 63]",33.236779132791334
"[26, 16, 32, 48, 43, 43, 13, 18, 40, 51, 55, 21, 1, 24, 64]",31.942878048780507
"[26, 16, 32, 48, 43, 43, 13, 18, 40, 51, 56, 21, 1, 24, 63]",36.69863143631437
"[26, 16, 32, 48, 43, 43, 13, 18, 40, 51, 55, 21, 1, 24, 64]",34.359403794037895
"[26, 16, 32, 48, 43, 43, 13, 18, 40, 51, 55, 21, 1, 24, 64]",31.943650406504023
"[26, 16, 32, 48, 43, 43, 13, 18, 40, 51, 56, 21, 1, 24, 63]",35.795163956639534
"[27, 16, 32, 47, 43, 43, 13, 18, 40, 51, 55, 21, 1, 24, 64]",40.84555149051491
"[26, 16, 32, 48, 43, 43, 13, 18, 40, 51, 56, 21, 1, 24, 63]",35.127928184281885
"[26, 16, 32, 48, 43, 43, 13, 18, 40, 51, 55, 21, 1, 24, 64]",28.186716802167993
"[26, 16, 32, 48, 43, 43, 13, 18, 40, 51, 56, 21, 1, 24, 63]",34.24195663956636
"[26, 16, 32, 48, 43, 43, 13, 18, 40, 51, 56, 21, 1, 24, 63]",37.67787127371279
"[26, 16, 32, 48, 43, 43, 13, 18, 40, 51, 56, 21, 1, 24, 63]",30.56383604336045
"[26, 16, 32, 48, 43, 43, 13, 18, 40, 51, 55, 21, 1, 24, 64]",41.9976504065041
"[26, 16, 32, 48, 43, 43, 13, 18, 40, 51, 55, 21, 1, 24, 64]",30.76415311653117
"[26, 16, 32, 48, 43, 43, 13, 18, 40, 51, 55, 21, 1, 24, 64]",32.51345528455286
"[26, 16, 32, 48, 43, 43, 13, 18, 40, 51, 56, 21, 1, 24, 63]",40.02428997289972
"[26, 16, 32, 48, 43, 43, 13, 18, 40, 51, 55, 21, 1, 24, 64]",36.55201897018976
"[26, 16, 32, 48, 43, 43, 13, 18, 40, 51, 55, 21, 1, 24, 64]",32.86735365853663
"[26, 16, 32, 48, 43, 43, 13, 18, 40, 51, 56, 21, 1, 24, 63]",45.88283604336042
"[26, 16, 32, 48, 43, 43, 13, 18, 40, 51, 55, 21, 1, 24, 64]",34.775929539295404
"[26, 16, 32, 48, 43, 43, 13, 18, 40, 51, 56, 21, 1, 24, 63]",35.98922764227638
"[26, 16, 32, 48, 43, 43, 13, 18, 40, 51, 55, 21, 1, 24, 64]",32.68809485094853
"[26, 16, 32, 48, 43, 43, 13, 18, 40, 51, 56, 21, 1, 24, 63]",39.92814769647695
"[26, 16, 32, 48, 43, 43, 13, 18, 40, 51, 55, 21, 1, 24, 64]",37.57518563685645
"[26, 16, 32, 48, 43, 43, 13, 18, 40, 51, 55, 21, 1, 24, 64]",34.80268021680216
"[26, 16, 32, 48, 43, 43, 13, 18, 40, 51, 56, 21, 1, 24, 63]",32.34889972899734
"[27, 16, 32, 47, 43, 43, 13, 18, 40, 51, 55, 21, 1, 24, 64]",34.689284552845486
"[26, 16, 32, 48, 43, 43, 13, 18, 40, 51, 56, 21, 1, 24, 63]",35.25492411924121
"[26, 16, 32, 48, 43, 43, 13, 18, 40, 51, 55, 21, 1, 24, 64]",36.74070867208672
"[26, 16, 32, 48, 43, 43, 13, 18, 40, 51, 56, 21, 1, 24, 63]",33.46031978319785
"[26, 16, 32, 48, 43, 43, 13, 18, 40, 51, 56, 21, 1, 24, 63]",33.1705311653116
"[26, 16, 32, 48, 43, 43, 13, 18, 40, 51, 56, 21, 1, 24, 63]",32.97618699186989
"[26, 16, 32, 48, 43, 43, 13, 18, 40, 51, 55, 21, 1, 24, 64]",30.992968834688355
"[26, 16, 32, 48, 43, 43, 13, 18, 40, 51, 55, 21, 1, 24, 64]",32.20642818428187
"[26, 16, 32, 48, 43, 43, 13, 18, 40, 51, 55, 21, 1, 24, 64]",39.06575609756095
"[26, 16, 32, 48, 43, 43, 13, 18, 40, 51, 56, 21, 1, 24, 63]",47.970566395664
"[26, 16, 32, 48, 43, 43, 13, 18, 40, 51, 55, 21, 1, 24, 64]",33.78787940379403
"[26, 16, 32, 48, 43, 43, 13, 18, 40, 51, 55, 21, 1, 24, 64]",38.44082113821139
"[26, 16, 32, 48, 43, 43, 13, 18, 40, 51, 56, 21, 1, 24, 63]",34.40126016260164
"[26, 16, 32, 48, 43, 43, 13, 18, 40, 51, 55, 21, 1, 24, 64]",40.38348780487804
"[26, 16, 32, 48, 43, 43, 13, 18, 40, 51, 56, 21, 1, 24, 63]",32.33069105691056
"[26, 16, 32, 48, 43, 43, 13, 18, 40, 51, 55, 21, 1, 24, 64]",37.017651761517634
"[26, 16, 32, 48, 43, 43, 13, 18, 40, 51, 56, 21, 1, 24, 63]",35.78269647696477
"[26, 16, 32, 48, 43, 43, 13, 18, 40, 51, 55, 21, 1, 24, 64]",35.22549186991868
"[26, 16, 32, 48, 43, 43, 13, 18, 40, 51, 55, 21, 1, 24, 64]",32.12545257452578
"[26, 16, 32, 48, 43, 43, 13, 18, 40, 51, 56, 21, 1, 24, 63]",31.86323577235773
"[27, 16, 32, 47, 43, 43, 13, 18, 40, 51, 55, 21, 1, 24, 64]",36.479082655826566
"[26, 16, 32, 48, 43, 43, 13, 18, 40, 51, 56, 21, 1, 24, 63]",43.57670731707324
"[26, 16, 32, 48, 43, 43, 13, 18, 40, 51, 55, 21, 1, 24, 64]",32.25255284552847
"[26, 16, 32, 48, 43, 43, 13, 18, 40, 51, 56, 21, 1, 24, 63]",30.97599457994579
"[26, 16, 32, 48, 43, 43, 13, 18, 40, 51, 56, 21, 1, 24, 63]",34.23899728997295
"[26, 16, 32, 48, 43, 43, 13, 18, 40, 51, 56, 21, 1, 24, 63]",35.779039295392884
"[26, 16, 32, 48, 43, 43, 13, 18, 40, 51, 55, 21, 1, 24, 64]",33.35497425474254
"[26, 16, 32, 48, 43, 43, 13, 18, 40, 51, 55, 21, 1, 24, 64]",34.7894241192412
"[26, 16, 32, 48, 43, 43, 13, 18, 40, 51, 55, 21, 1, 24, 64]",37.041623306233106
"[26, 16, 32, 48, 43, 43, 13, 18, 40, 51, 56, 21, 1, 24, 63]",39.147566395663965
"[26, 16, 32, 48, 43, 43, 13, 18, 40, 51, 55, 21, 1, 24, 64]",35.78892411924129
"[26, 16, 32, 48, 43, 43, 13, 18, 40, 51, 55, 21, 1, 24, 64]",38.160135501354986
"[26, 16, 32, 48, 43, 43, 13, 18, 40, 51, 56, 21, 1, 24, 63]",35.39873170731707
"[26, 16, 32, 48, 43, 43, 13, 18, 40, 51, 55, 21, 1, 24, 64]",42.10564769647692
"[26, 16, 32, 48, 43, 43, 13, 18, 40, 51, 56, 21, 1, 24, 63]",41.138195121951256
"[26, 16, 32, 48, 43, 43, 13, 18, 40, 51, 55, 21, 1, 24, 64]",34.64748644986446
"[26, 16, 32, 48, 43, 43, 13, 18, 40, 51, 56, 21, 1, 24, 63]",37.32700813008135
"[26, 16, 32, 48, 43, 43, 13, 18, 40, 51, 55, 21, 1, 24, 64]",38.57375203252033
"[26, 16, 32, 48, 43, 43, 13, 18, 40, 51, 55, 21, 1, 24, 64]",37.249505420054206
"[26, 16, 32, 48, 43, 43, 13, 18, 40, 51, 56, 21, 1, 24, 63]",33.87673170731703
"[27, 16, 32, 47, 43, 43, 13, 18, 40, 51, 55, 21, 1, 24, 64]",38.22854200541999
"[26, 16, 32, 48, 43, 43, 13, 18, 40, 51, 56, 21, 1, 24, 63]",42.57221273712735
"[26, 16, 32, 48, 43, 43, 13, 18, 40, 51, 55, 21, 1, 24, 64]",31.399601626016185
"[26, 16, 32, 48, 43, 43, 13, 18, 40, 51, 56, 21, 1, 24, 63]",34.93928048780487
"[26, 16, 32, 48, 43, 43, 13, 18, 40, 51, 56, 21, 1, 24, 63]",37.492901084010825
"[26, 16, 32, 48, 43, 43, 13, 18, 40, 51, 56, 21, 1, 24, 63]",40.04280352303517
"[26, 16, 32, 48, 43, 43, 13, 18, 40, 51, 55, 21, 1, 24, 64]",37.072294037940416
"[26, 16, 32, 48, 43, 43, 13, 18, 40, 51, 55, 21, 1, 24, 64]",33.768417344173464
"[26, 16, 32, 48, 43, 43, 13, 18, 40, 51, 55, 21, 1, 24, 64]",34.710665311653145
"[26, 16, 32, 48, 43, 43, 13, 18, 40, 51, 56, 21, 1, 24, 63]",33.20792005420054
"[26, 16, 32, 48, 43, 43, 13, 18, 40, 51, 55, 21, 1, 24, 64]",34.00261788617886
"[26, 16, 32, 48, 43, 43, 13, 18, 40, 51, 55, 21, 1, 24, 64]",43.29022764227645
"[26, 16, 32, 48, 43, 43, 13, 18, 40, 51, 56, 21, 1, 24, 63]",31.51930758807596
"[26, 16, 32, 48, 43, 43, 13, 18, 40, 51, 55, 21, 1, 24, 64]",37.481700542005406
"[26, 16, 32, 48, 43, 43, 13, 18, 40, 51, 56, 21, 1, 24, 63]",37.93154065040653
"[26, 16, 32, 48, 43, 43, 13, 18, 40, 51, 55, 21, 1, 24, 64]",35.0516260162602
"[26, 16, 32, 48, 43, 43, 13, 18, 40, 51, 56, 21, 1, 24, 63]",33.74187533875338
"[26, 16, 32, 48, 43, 43, 13, 18, 40, 51, 55, 21, 1, 24, 64]",39.65750542005421
"[26, 16, 32, 48, 43, 43, 13, 18, 40, 51, 55, 21, 1, 24, 64]",36.174586720867275
"[26, 16, 32, 48, 43, 43, 13, 18, 40, 51, 56, 21, 1, 24, 63]",34.631452574525774
"[27, 16, 32, 47, 43, 43, 13, 18, 40, 51, 55, 21, 1, 24, 64]",33.09608401084009
"[26, 16, 32, 48, 43, 43, 13, 18, 40, 51, 56, 21, 1, 24, 63]",32.40154336043359
"[26, 16, 32, 48, 43, 43, 13, 18, 40, 51, 55, 21, 1, 24, 64]",43.634219512195045
"[26, 16, 32, 48, 43, 43, 13, 18, 40, 51, 56, 21, 1, 24, 63]",34.719855013550145
"[26, 16, 32, 48, 43, 43, 13, 18, 40, 51, 56, 21, 1, 24, 63]",34.36077100271005
"[26, 16, 32, 48, 43, 43, 13, 18, 40, 51, 56, 21, 1, 24, 63]",37.828731707317054
"[26, 16, 32, 48, 43, 43, 13, 18, 40, 51, 55, 21, 1, 24, 64]",40.27586720867209
"[26, 16, 32, 48, 43, 43, 13, 18, 40, 51, 55, 21, 1, 24, 64]",38.420840108401045
"[26, 16, 32, 48, 43, 43, 13, 18, 40, 51, 55, 21, 1, 24, 64]",30.678210027100246
"[26, 16, 32, 48, 43, 43, 13, 18, 40, 51, 56, 21, 1, 24, 63]",33.96694173441735
"[26, 16, 32, 48, 43, 43, 13, 18, 40, 51, 55, 21, 1, 24, 64]",35.031443089430894
"[26, 16, 32, 48, 43, 43, 13, 18, 40, 51, 55, 21, 1, 24, 64]",33.69191192411926
"[26, 16, 32, 48, 43, 43, 13, 18, 40, 51, 56, 21, 1, 24, 63]",35.490949864498646
"[26, 16, 32, 48, 43, 43, 13, 18, 40, 51, 55, 21, 1, 24, 64]",36.6438482384824
"[26, 16, 32, 48, 43, 43, 13, 18, 40, 51, 56, 21, 1, 24, 63]",37.957799457994625
"[26, 16, 32, 48, 43, 43, 13, 18, 40, 51, 55, 21, 1, 24, 64]",34.864842818428166
"[26, 16, 32, 48, 43, 43, 13, 18, 40, 51, 56, 21, 1, 24, 63]",37.72771409214091
"[26, 16, 32, 48, 43, 43, 13, 18, 40, 51, 55, 21, 1, 24, 64]",29.664601626016246
"[26, 16, 32, 48, 43, 43, 13, 18, 40, 51, 55, 21, 1, 24, 64]",38.3745907859079
"[26, 16, 32, 48, 43, 43, 13, 18, 40, 51, 56, 21, 1, 24, 63]",32.21822086720862
"[27, 16, 32, 47, 43, 43, 13, 18, 40, 51, 55, 21, 1, 24, 64]",30.458482384823874
"[26, 16, 32, 48, 43, 43, 13, 18, 40, 51, 56, 21, 1, 24, 63]",30.157219512195134
"[26, 16, 32, 48, 43, 43, 13, 18, 40, 51, 55, 21, 1, 24, 64]",33.66816937669377
"[26, 16, 32, 48, 43, 43, 13, 18, 40, 51, 56, 21, 1, 24, 63]",36.84518157181571
"[26, 16, 32, 48, 43, 43, 13, 18, 40, 51, 56, 21, 1, 24, 63]",39.04921544715447
"[26, 16, 32, 48, 43, 43, 13, 18, 40, 51, 56, 21, 1, 24, 63]",34.54499051490515
"[26, 16, 32, 48, 43, 43, 13, 18, 40, 51, 55, 21, 1, 24, 64]",34.26558807588078
"[26, 16, 32, 48, 43, 43, 13, 18, 40, 51, 55, 21, 1, 24, 64]",28.97105962059622
"[26, 16, 32, 48, 43, 43, 13, 18, 40, 51, 55, 21, 1, 24, 64]",32.68741327913277
"[26, 16, 32, 48, 43, 43, 13, 18, 40, 51, 56, 21, 1, 24, 63]",41.437457994580015
"[26, 16, 32, 48, 43, 43, 13, 18, 40, 51, 55, 21, 1, 24, 64]",35.50033468834691
"[26, 16, 32, 48, 43, 43, 13, 18, 40, 51, 55, 21, 1, 24, 64]",33.139864498645
"[26, 16, 32, 48, 43, 43, 13, 18, 40, 51, 56, 21, 1, 24, 63]",36.3818617886179
"[26, 16, 32, 48, 43, 43, 13, 18, 40, 51, 55, 21, 1, 24, 64]",34.3437588075881
"[26, 16, 32, 48, 43, 43, 13, 18, 40, 51, 56, 21, 1, 24, 63]",31.59233604336047
"[26, 16, 32, 48, 43, 43, 13, 18, 40, 51, 55, 21, 1, 24, 64]",35.34684281842821
"[26, 16, 32, 48, 43, 43, 13, 18, 40, 51, 56, 21, 1, 24, 63]",32.44846205962053
"[26, 16, 32, 48, 43, 43, 13, 18, 40, 51, 55, 21, 1, 24, 64]",38.73774525745252
"[26, 16, 32, 48, 43, 43, 13, 18, 40, 51, 55, 21, 1, 24, 64]",41.14605962059615
"[26, 16, 32, 48, 43, 43, 13, 18, 40, 51, 56, 21, 1, 24, 63]",40.46584823848241
"[27, 16, 32, 47, 43, 43, 13, 18, 40, 51, 55, 21, 1, 24, 64]",39.14680081300814
"[26, 16, 32, 48, 43, 43, 13, 18, 40, 51, 56, 21, 1, 24, 63]",38.41824390243899
"[26, 16, 32, 48, 43, 43, 13, 18, 40, 51, 55, 21, 1, 24, 64]",39.486710027100244
"[26, 16, 32, 48, 43, 43, 13, 18, 40, 51, 56, 21, 1, 24, 63]",41.31496476964771
"[26, 16, 32, 48, 43, 43, 13, 18, 40, 51, 56, 21, 1, 24, 63]",30.19670054200539
"[26, 16, 32, 48, 43, 43, 13, 18, 40, 51, 56, 21, 1, 24, 63]",38.55352439024391
"[26, 16, 32, 48, 43, 43, 13, 18, 40, 51, 55, 21, 1, 24, 64]",33.71119512195123
"[26, 16, 32, 48, 43, 43, 13, 18, 40, 51, 55, 21, 1, 24, 64]",37.21791327913279
"[26, 16, 32, 48, 43, 43, 13, 18, 40, 51, 55, 21, 1, 24, 64]",39.470250677506776
"[26, 16, 32, 48, 43, 43, 13, 18, 40, 51, 56, 21, 1, 24, 63]",41.3703983739838
"[26, 16, 32, 48, 43, 43, 13, 18, 40, 51, 55, 21, 1, 24, 64]",32.66980081300811
"[26, 16, 32, 48, 43, 43, 13, 18, 40, 51, 55, 21, 1, 24, 64]",38.72378455284554
"[26, 16, 32, 48, 43, 43, 13, 18, 40, 51, 56, 21, 1, 24, 63]",33.74711924119238
"[26, 16, 32, 48, 43, 43, 13, 18, 40, 51, 55, 21, 1, 24, 64]",33.13029132791337
"[26, 16, 32, 48, 43, 43, 13, 18, 40, 51, 56, 21, 1, 24, 63]",33.2533509485095
"[26, 16, 32, 48, 43, 43, 13, 18, 40, 51, 55, 21, 1, 24, 64]",36.60390650406502
"[26, 16, 32, 48, 43, 43, 13, 18, 40, 51, 56, 21, 1, 24, 63]",37.294789972899714
"[26, 16, 32, 48, 43, 43, 13, 18, 40, 51, 55, 21, 1, 24, 64]",37.05768428184281
"[26, 16, 32, 48, 43, 43, 13, 18, 40, 51, 55, 21, 1, 24, 64]",33.16106775067747
"[26, 16, 32, 48, 43, 43, 13, 18, 40, 51, 56, 21, 1, 24, 63]",36.113107046070425
"[27, 16, 32, 47, 43, 43, 13, 18, 40, 51, 55, 21, 1, 24, 64]",32.88327913279134
"[26, 16, 32, 48, 43, 43, 13, 18, 40, 51, 56, 21, 1, 24, 63]",46.06819512195115
"[26, 16, 32, 48, 43, 43, 13, 18, 40, 51, 55, 21, 1, 24, 64]",37.815331978319776
"[26, 16, 32, 48, 43, 43, 13, 18, 40, 51, 56, 21, 1, 24, 63]",32.83809620596205
"[26, 16, 32, 48, 43, 43, 13, 18, 40, 51, 56, 21, 1, 24, 63]",30.16159214092149
"[26, 16, 32, 48, 43, 43, 13, 18, 40, 51, 56, 21, 1, 24, 63]",39.44196070460701
"[26, 16, 32, 48, 43, 43, 13, 18, 40, 51, 55, 21, 1, 24, 64]",32.58997154471538
